method_a,method_b
0036d1bc6c879f086f1aa07bc80503b1,6ae106e0569f344a8839ab11c6a6111b
0036d1bc6c879f086f1aa07bc80503b1,9eaa473b25525c86c47453b920ed0ec1
0038317ba4c648a11c70b4047b400316,bbd66bea90ace52679c5f5f97c404487
0044f157f9ed4f298a6e7d3652a351a9,0831d9f72a0980b681ef49cb86e983c3
0044f157f9ed4f298a6e7d3652a351a9,665e994136738144ed0ff21acc69e955
0044f157f9ed4f298a6e7d3652a351a9,6e89812240827f6c459883c6014805f8
0044f157f9ed4f298a6e7d3652a351a9,73dc77fe998b45dd279a9600a53d79ca
0044f157f9ed4f298a6e7d3652a351a9,9685b75cccefdf53bfda8b69da7b5558
0044f157f9ed4f298a6e7d3652a351a9,f833b28ae5d3ed27dbd67f2be29233f0
0052d25f6a4e27317cb441e31b14b449,1d5f21c620a4283afde6577466a30b43
0055ba669caba6b1615e10b3ab7b0a5a,95dbe51a9a174078d325c86318cd1e59
005b83a12cd07f15a91472231d41b30d,4b0d16683d2e5fc340174c7950642e74
005b83a12cd07f15a91472231d41b30d,56fdeba66d708320d3ffd54db7e08b26
005b83a12cd07f15a91472231d41b30d,e5527074841b1d498f14f948b3dffec7
005b83a12cd07f15a91472231d41b30d,ee151dac760875e8a820a90c69cedfae
005d23f586ab59caf73d4ab3291341d8,52e40dfd82df0e90f1366cd7fd8d6b78
00604167811f70d56128b28180335149,22e130b30d9d1a68af81bc65ffa99d23
00604167811f70d56128b28180335149,4ee475ede42cee02c3c5075d2e6340ac
00604167811f70d56128b28180335149,ffe535651d2f213222ed3629cd8f5e47
007174f792a59501c2f5b4fefba01729,e25a7c31882d14190b33f208838c0efe
007f148de0239136fcd096642395b1d9,38d0f7a3d7c7c7ad35997a6b0f9dadf8
0080ae8279baf7bf81bc880dc5b70eee,791cde27f2e3bc78b811fbdafe62755c
0080ae8279baf7bf81bc880dc5b70eee,bdaa310ae249ad80cff995cc537e1ea6
009246da6b97470c959428ed382520a8,4111654ff2cc9fb09f1b246eeb2d34f2
009246da6b97470c959428ed382520a8,4a57f908a7304a17725c10bed38b56e7
009246da6b97470c959428ed382520a8,64be616c12163440b0b15836c7ef6f58
0092ab8ce28bdeaec822c0922ec9c7c5,1c614e7ab1bf12468802d819e12fbad8
0092ab8ce28bdeaec822c0922ec9c7c5,3614e25d098eb384525296bff6a62912
0092ab8ce28bdeaec822c0922ec9c7c5,754155aa758a99e78a526d2ef860bc9a
0092ab8ce28bdeaec822c0922ec9c7c5,87f2170faaae0a550680aef2604c8d5e
0092ab8ce28bdeaec822c0922ec9c7c5,ba900506bb0b80cdd41a31088e439a29
0099847a5382091d81eadef92364cff8,f02178d0569fd0709ac48045456eb435
0099f215ab75eb244df06317ba4ca785,018efa9071b234ce3fd220949d376304
0099f215ab75eb244df06317ba4ca785,03bdadfd64bad7fadb9e728824d03726
0099f215ab75eb244df06317ba4ca785,0b69d58c6f5b14cb374264ca5bf061c8
0099f215ab75eb244df06317ba4ca785,0d784eeae7bfd5e10b9e04e879658b53
0099f215ab75eb244df06317ba4ca785,0f76e1b93552a65c385550c8a0f7dc34
0099f215ab75eb244df06317ba4ca785,11aa39c1890aab1617757828f761cf7a
0099f215ab75eb244df06317ba4ca785,2c78681e56a6dbabd273c6922350711c
0099f215ab75eb244df06317ba4ca785,3ad30b03b3d23ac6b5f5d57906353375
0099f215ab75eb244df06317ba4ca785,3d45174a13d1be4bf23ca8d7ca10e8f3
0099f215ab75eb244df06317ba4ca785,5fbb3dde9fb1caa89a23771f5f9a9b1c
0099f215ab75eb244df06317ba4ca785,617a9cf79697c0a24bb2960fa00587b1
0099f215ab75eb244df06317ba4ca785,62e01423cfc59329b6acb874696c0590
0099f215ab75eb244df06317ba4ca785,63cf86aa8f00483221555d97e8c6ccbf
0099f215ab75eb244df06317ba4ca785,6a7f5ff621d20a43a9d19340bef3db1a
0099f215ab75eb244df06317ba4ca785,6ac048a47fe6abf40205dd46d4bfad09
0099f215ab75eb244df06317ba4ca785,732086653f776c9992a99cb87038458d
0099f215ab75eb244df06317ba4ca785,81b4d775b96c465bff5c607f9b8c2a3d
0099f215ab75eb244df06317ba4ca785,89f40506bdbb16ebd103b12766758db7
0099f215ab75eb244df06317ba4ca785,9618897eccacf463c5528d3d095ce177
0099f215ab75eb244df06317ba4ca785,a02cf644bc5118e5e473829862bc5886
0099f215ab75eb244df06317ba4ca785,a7a4b5bf23cb560d08106ef75e1c73f8
0099f215ab75eb244df06317ba4ca785,af42bed76f614419d588eb3c65769f97
0099f215ab75eb244df06317ba4ca785,c23d5f76ef396a0f520ca6c677dccc1f
0099f215ab75eb244df06317ba4ca785,cfe1ac5b7858b370c320c67133b10c14
0099f215ab75eb244df06317ba4ca785,da2ae411a236d52fa1e62a224bb1e88a
0099f215ab75eb244df06317ba4ca785,dd720a31ae01f8066abe782818b59699
0099f215ab75eb244df06317ba4ca785,efe94917387a9794795e7fc79557dffa
0099f215ab75eb244df06317ba4ca785,fabd6966abaabe52f19e44a088986cda
00ad506e9472d7553b6bf89055f06cf2,609d8dbc7a8d8ef7d2f1bf1950da4c15
00ad506e9472d7553b6bf89055f06cf2,80df9c24bda642a43e2be121b1a7ce33
00b2b5c8e3332143c398b32697312ccc,458769b6f4afc834ab13ceb62c80b8da
00b6bbaa3d61c48ca8115683ecd6782f,00b6bbaa3d61c48ca8115683ecd6782f
00b6bbaa3d61c48ca8115683ecd6782f,889e8b3e61a15c6aef64011f20df64d7
00b6bbaa3d61c48ca8115683ecd6782f,e83210742d03a55da9e823810ab1846c
00c8266f26f8d18543b1f771a1150ebb,5a7b57b5469c5da321ace8a7621a673d
00c8266f26f8d18543b1f771a1150ebb,a233f96d49eea9a90bb67831ef826fef
00c8266f26f8d18543b1f771a1150ebb,c024943b5d158e87fca15bbd801df9f1
00db7aa02e31f1522888b36b8253ce57,8fc718381c1e1aeb178c22809dc32c91
00e9cdf365a350654b1dede7deb22df9,6d4678ff0400ffe3bd76763d6fc3d30c
00f85198a4334ea9425970400c6268ee,fc90a9af7d09e027fc1c9947f9d72bc3
00fc35231ee6c04b3676b290e0683c43,0158a0a6fa119bbf00cee3b8cc034b7e
00fc35231ee6c04b3676b290e0683c43,9f4caac1e496e1d46e79793c1b81cd4e
00fc35231ee6c04b3676b290e0683c43,c53102c1707c089a2bafe636bc2a33c7
00fc35231ee6c04b3676b290e0683c43,c9261afaa9f149e9d9ee0e42f8c8f811
00fc35231ee6c04b3676b290e0683c43,d5d1ac3a738c071caab8382e87312851
01091df04546cd5f37eb38bf807a3c9b,2f1c42f7eb0e5b2c833bc6133b769f6c
01091df04546cd5f37eb38bf807a3c9b,38cf4f0617fa4778f1991de19ad9546d
01091df04546cd5f37eb38bf807a3c9b,a498f7109fabb08d45d48fde8f97515d
01091df04546cd5f37eb38bf807a3c9b,ee9587c01f7c6fe9e24c47a988a10d8f
010aa5d5b13e13e4cbf1356cdcb49467,515180ead550683dda7c53863bf3f43c
010aa5d5b13e13e4cbf1356cdcb49467,5dd9d0f20fa053478d336fcee3ee973d
0110181e24a5faedc074b20b51523381,0b483043a9573d304a213e5ef32dbf39
0110181e24a5faedc074b20b51523381,1588d3e4854fc254ede7251c5df74f45
0110181e24a5faedc074b20b51523381,1742e6d56629f1703d9aecf214cc7ee4
0110181e24a5faedc074b20b51523381,6ce3500860006ed85b98840fa233fe9d
0110181e24a5faedc074b20b51523381,dd0108386e6e4ecbff8f9ecc467fd6e7
0110181e24a5faedc074b20b51523381,ea6965ca77aaae53cce744eb20749166
0110181e24a5faedc074b20b51523381,f1fb7742a7eafe8073459ed92686b9c1
011d47deeb94a8fe1d650dcacb88ead6,0a9f3a2319c6edf4e1fe3612eb5179bc
011d47deeb94a8fe1d650dcacb88ead6,be0b1935cc7c9ca4536d4eab0fb35d68
01365268b37b3ff18be1a5bce108647c,49179d9346ae1cb54541e037ff5b3969
013e782408f18a26e51b50126dfcda17,3c614ae745f226da0fcb3c14e1183ab3
014194ee314aa379651d1a7854bc68ff,3f3000bc4c852a0844abe8fa8e73bd42
0158a0a6fa119bbf00cee3b8cc034b7e,12528cf90f4cbf7fcfb0ca7193019bcf
0158a0a6fa119bbf00cee3b8cc034b7e,22f5aa27293069b704c5c46c81448efd
0158a0a6fa119bbf00cee3b8cc034b7e,9f4caac1e496e1d46e79793c1b81cd4e
0158a0a6fa119bbf00cee3b8cc034b7e,c53102c1707c089a2bafe636bc2a33c7
0158a0a6fa119bbf00cee3b8cc034b7e,c9261afaa9f149e9d9ee0e42f8c8f811
0158a0a6fa119bbf00cee3b8cc034b7e,d5d1ac3a738c071caab8382e87312851
015a0f0454d84af6fad4015fe56a1502,12ba989cf19b45069e98f68249c6bfb6
0169ea74fae51e7cfa62b281e4c2ee69,18ecad9bdb803428010f456c808cdd40
01810a7fd42c5fdbe874e0d04e8679bd,d828bef5ba8ff085291ffa2d36bc594d
0187cb8df3529e131ba9d57baa4147ee,056e2750d47d1bfd271cfe254bed4c05
0187cb8df3529e131ba9d57baa4147ee,50effd668b361eaf026e669a7dfe6d13
0187cb8df3529e131ba9d57baa4147ee,6b41ae306cd72288919afcc850f5fc78
0187cb8df3529e131ba9d57baa4147ee,acd41a14043477e17fd60d2e0771845a
0187cb8df3529e131ba9d57baa4147ee,bc66beb31b66294b9c3e337a7e091bc4
018e61667dd40130b35cd3a5814266f7,0efbf14c5ddaaa7c9ee17b6dea944bf7
018e77ae9d53d3b95223702cd34ff0de,5b8798a29d8499300b42a9b173bb3631
018e77ae9d53d3b95223702cd34ff0de,695ac57defc3a36ce9a9e7fae460485b
018efa9071b234ce3fd220949d376304,0d784eeae7bfd5e10b9e04e879658b53
018efa9071b234ce3fd220949d376304,0f76e1b93552a65c385550c8a0f7dc34
018efa9071b234ce3fd220949d376304,11aa39c1890aab1617757828f761cf7a
018efa9071b234ce3fd220949d376304,28f6b21c0ce59f203fb2092ad47e0f5c
018efa9071b234ce3fd220949d376304,2d8c0ef830128a67a0a12356d985fac5
018efa9071b234ce3fd220949d376304,3b7f7686fa74da7033f77038411fc007
018efa9071b234ce3fd220949d376304,5fbb3dde9fb1caa89a23771f5f9a9b1c
018efa9071b234ce3fd220949d376304,62e01423cfc59329b6acb874696c0590
018efa9071b234ce3fd220949d376304,6ac048a47fe6abf40205dd46d4bfad09
018efa9071b234ce3fd220949d376304,7db14dc3058cc6ca81295011b4745b92
018efa9071b234ce3fd220949d376304,81b4d775b96c465bff5c607f9b8c2a3d
018efa9071b234ce3fd220949d376304,87cc0c8ec6896e79343c115fd584d429
018efa9071b234ce3fd220949d376304,a02cf644bc5118e5e473829862bc5886
018efa9071b234ce3fd220949d376304,c23d5f76ef396a0f520ca6c677dccc1f
018efa9071b234ce3fd220949d376304,cdf07468d9c693794f1da0b9ba549c15
018efa9071b234ce3fd220949d376304,da2ae411a236d52fa1e62a224bb1e88a
018efa9071b234ce3fd220949d376304,dd720a31ae01f8066abe782818b59699
018efa9071b234ce3fd220949d376304,ebc1919f45f9da5db0d468ce62cfdf50
018efa9071b234ce3fd220949d376304,efe94917387a9794795e7fc79557dffa
018efa9071b234ce3fd220949d376304,fabd6966abaabe52f19e44a088986cda
019072c87deb08fd31aead1a5820cd4e,1874d04965cb06f216c021b790b43ba8
019072c87deb08fd31aead1a5820cd4e,24bc83fa9404cc2713a0ef51cacb2279
019072c87deb08fd31aead1a5820cd4e,41891f6ad8b3a85f8273beda3d29c2c6
019072c87deb08fd31aead1a5820cd4e,56014da055e3dcb886b61c4f76d62c2d
019072c87deb08fd31aead1a5820cd4e,84c45a71b83b550acc444f41bedc62d3
019072c87deb08fd31aead1a5820cd4e,aaae7a7f70066143d50e9c6a4a4a9cfd
019072c87deb08fd31aead1a5820cd4e,ad999ee7df648e78a172cd108c9b6b8b
019072c87deb08fd31aead1a5820cd4e,be0718b8be64533d732274d0ee2f21ba
019072c87deb08fd31aead1a5820cd4e,f62a7583d3feddd4a43e616f74cf29c5
019072c87deb08fd31aead1a5820cd4e,fe0bac08f92aef9b78691fc7780dbedd
01a1cf282780019d58a5d4779b9b837b,1ca7516f82e4b165253beb32e553c199
01b985df12d4e9a85620857350d1a521,4a3da9c4bf0a6e043ab46633b0c5f444
01becc06bfdc8262a84109f7f5850555,d2e95208c66ddec817cd6df65a3fb23f
01cd1dc726135738d10cec3c199d6064,0bd3e2e12fbf8edf2e80393720137617
01cd1dc726135738d10cec3c199d6064,6d6a12251fa4fb4eef4bd27623b72d0b
01cd49630ea15c44ab25bd89c656a8ab,b09f7c836a5871424826d10790a8553c
01d3177767b4b634894f6b907b3392f0,27daa767e95dfa50415627f43d8ed626
01d3177767b4b634894f6b907b3392f0,36da4727f003d0be83b2eff75a3210a6
01d3177767b4b634894f6b907b3392f0,7b38aa81bc4d0eb014025b332afafe3c
01db7094f0d5c325928756a0f57aac76,05b6acbc4c5ca00d297b99bcae912c3e
01db7094f0d5c325928756a0f57aac76,132028a0b127e3e9338bb537ba946ad2
01db7094f0d5c325928756a0f57aac76,57487105410f3683d8326c396418f991
01db7094f0d5c325928756a0f57aac76,81e9896d1e6de4e11861b1e30faf6b3a
01db7094f0d5c325928756a0f57aac76,85d3e19bf9f199b2a4e73eaa62c07411
01db7094f0d5c325928756a0f57aac76,891fb442c8e8876e4ec3b7ba52964a24
01db7094f0d5c325928756a0f57aac76,a1aaf8d25b84246347b03f848a8fa26e
01db7094f0d5c325928756a0f57aac76,abbeffc3baf966cf10403b0e2bd69647
01db7094f0d5c325928756a0f57aac76,b55f8e0cda82c9f4b45ba65e1a40de78
01db7094f0d5c325928756a0f57aac76,bab042b01a04115aed7099ba84c9cc23
01db7094f0d5c325928756a0f57aac76,c7d597a76aaec5786f39c9c330fd75f2
01db7094f0d5c325928756a0f57aac76,cf2b3be2acc2bc2bf15a5730adf154bb
01decc475f4dc51fbef55cbdb7f2b42f,149d04f07f474143d2b7e2e1a49f85f9
01decc475f4dc51fbef55cbdb7f2b42f,1fee47a23402548d0383cea42c7dccfb
01decc475f4dc51fbef55cbdb7f2b42f,59485580efc0f528daaff00b95970c33
01decc475f4dc51fbef55cbdb7f2b42f,a912b50298580e88abda56999c54f9bf
01decc475f4dc51fbef55cbdb7f2b42f,afbd380da5e88c1c70964bb2764c930a
01decc475f4dc51fbef55cbdb7f2b42f,dc6c1bdb6de35d310eed4e79dfab7ea6
01decc475f4dc51fbef55cbdb7f2b42f,ef7d9791d731721fc678eed00a03c8b4
01decc475f4dc51fbef55cbdb7f2b42f,f559ddd9259b3e250f046d45173cb60f
01decc475f4dc51fbef55cbdb7f2b42f,fb47311c6a0c2bb9462c81e0e5a0baf0
01e8b3225ed2751fe19421a82b4ffdb6,162a6822abc97a688f2afa0ef67d2a3a
01f2f57c83a4b1eb8c61d22f4d321c8e,e667badb1e5b87a74f101919c79aa04a
01ff3e90f63835ed459e2383246a80ce,3cb69376ff26dce559ecbb390f2f574c
020137d15653a00b91d52b4deb9aa71a,8db2a1596117a3f1335ce273b5e886ac
020137d15653a00b91d52b4deb9aa71a,b746cbeb2549ea57c86a0901461676f5
020237b615bf19d9f5acffa670ee8a32,512f40f6d0c7da1087035e4757affe41
020237b615bf19d9f5acffa670ee8a32,b12d1e8ebbecb654477d41ed517689bf
020ea1b44cbaa344543a60a4d31473f7,1ba1a98ef664cf9ec922545e4e2159ff
020f90f9740164a91fbadf7c0ad5e3d2,22e8d2bbad455a0d022d3dfae64f98ac
020f90f9740164a91fbadf7c0ad5e3d2,5d04bcfc557d3f1979e9e3eff106ffac
020f90f9740164a91fbadf7c0ad5e3d2,841782ffaec7c84b641c0a0607bdb7b2
020f90f9740164a91fbadf7c0ad5e3d2,a442a1793e15a7cf87253d41c88447a6
020f90f9740164a91fbadf7c0ad5e3d2,fdc3fa6a1f7153889891c11e0d340ae2
0212e0396a2bfa9e2022d3ca3960b6a1,478a9c49b65200ecc890d398310a9f80
021d1e50479f902df8684a85ebc6e0fb,892c432945f77c44dfc15e3fe0188d4d
022b7f753a247232283eb5ef0c788446,c62bab9bef4e2cf4bda35188520f79c5
023591f9d59f619816e365b6c2d0e897,8fde20818914f83ef2476a2f6eb66210
023ad3bea8aaf751e6c5a3c655b88ea4,7bf5a053264dcee3e5b4630609ea6b99
023fc1ee31895babcda38a792721f27d,ce4c6f22987c26d49ac1f98a2f36ceec
024f058ab02acea3a38632c736df49f2,f9bfa456b5cfcf259f191622ab04d5f3
025c98ae3ec479ca5fcd85a93e553282,64cb3bf2b6cad0f69417fc747aa0c5c9
025e4695592dc2e9895a733342aaeecf,926a902055d446569f06300f61f8a611
0260fe9e7f601b9b1906447975c6ded6,ec36b28ea16bb6938f5c3ae6f91c07e5
02623d79a61fa3664b70976c87170712,6d37956b5a18b25348404f9544ac25d3
02689bf8a64a6cb9ec118fdc14444b5a,0a661f6b38661a99e1d218998a8aecfc
02689bf8a64a6cb9ec118fdc14444b5a,149d04f07f474143d2b7e2e1a49f85f9
0284feed0d413a588f5f7990fb9ce37f,07d7e57499bc367895e4d24663737274
0284feed0d413a588f5f7990fb9ce37f,fa80b65f57adc72e1b657f53a89dc7f3
028b9703e7ea0ac46b60d65c6b426091,c81ee1906b111276630ba0c09b055ff3
02924c2befbf9b8915a56e204ca26fd2,06fe5c0871214d9001027140cd091fba
02924c2befbf9b8915a56e204ca26fd2,19c6a0436ebd0b01dbebd5085ea582ab
02924c2befbf9b8915a56e204ca26fd2,429ab6d0029e9e7920eb8ec07b45e742
02924c2befbf9b8915a56e204ca26fd2,552d814403cdf35addf316d5cf82d34a
02924c2befbf9b8915a56e204ca26fd2,667c8ff96fb7b9c7581fcd35491228f6
02924c2befbf9b8915a56e204ca26fd2,8a9e1ddd7f481627385bf97a201479d7
02924c2befbf9b8915a56e204ca26fd2,a7853e132243e68f89f9e3f5ad1a7b98
02924c2befbf9b8915a56e204ca26fd2,f9a3009b8f3fe034e0c3b11f045b5b98
02a3231622d3493bae415e080c6fbb12,b884972470269827d2ddf918cf073398
02d6c5337bcd3ba6dd71ed930d8912f6,2253f863fa0d0235aae13093b68153fc
02d6c5337bcd3ba6dd71ed930d8912f6,62f34ff20217f3728d82ca1617c62c48
02d6c5337bcd3ba6dd71ed930d8912f6,93ff2268fe6dd09c397756c4ed65cb1d
02d6c5337bcd3ba6dd71ed930d8912f6,b1bcd7e4ee4ba033e536cd5756c6837f
02d6c5337bcd3ba6dd71ed930d8912f6,cf0a0bf86d48836b829c1e9f00294821
02d6c5337bcd3ba6dd71ed930d8912f6,d00148036f5d147da3e7682940eed5ba
02da456eea1f621756a2a63dd043941b,c6c40bacc1e238998afd68d17e5a3a61
02e1fc57c9abadc9b2d21b1fc7dc056f,a4bd916c377d8b79b2b6104e3ad262c8
02e49e7fb59001c1712a91e847235973,1a4a8ea8f3b7b0ea998b402ce7e8e097
03011500377a6968f24b835c5364fc95,7ca5d2ee885037b6240e641aee88654b
03011500377a6968f24b835c5364fc95,a6641e0454806c3e267f382f29963b3c
03037c1707aba4b03f20587c2506aafb,79acecb3ba11c9d6a5d02ac47fa14eca
0305a9d2decaf1111c8e8f1351d4572c,2eaefc1e4f5e613f5ce1be5b36bd5ccd
0305a9d2decaf1111c8e8f1351d4572c,535a70aa098661f295e80a95c4dfbd07
0305a9d2decaf1111c8e8f1351d4572c,a4976aa2368323a1e0b93f987d074f76
030b6664b283fdeac1ef5893e1da2291,2cdb884c98a71671dfe4c5930811a302
03218a9f0eaca9772699b98dd918a804,25f88ecaf5198ba7a239f0224f4b5138
0334ee1d1bc1686ef33ead6b33d06fc9,4c925a933c16a20e20be7b8d181a2e0a
0334ee1d1bc1686ef33ead6b33d06fc9,db395e67bab61112b43171f2a3adf214
033f62beda90e1272bce3a9e20d3fa0c,2f653db09b8a66fab46e43b17b2f0e16
033f62beda90e1272bce3a9e20d3fa0c,53a9d52f3df637d7e56ffe2454022fe4
033f62beda90e1272bce3a9e20d3fa0c,850f62beaf67818389de892eb0c4c4a8
033f62beda90e1272bce3a9e20d3fa0c,aaf20efb4e625e63fe2ea93abc7b5f2d
033f62beda90e1272bce3a9e20d3fa0c,d838203a9aa3ec7d77132d3bdbc0805c
033f62beda90e1272bce3a9e20d3fa0c,e0bc445137c4097325344a9fbf641b24
033f62beda90e1272bce3a9e20d3fa0c,fb3d4d6a1a3ddde48b4b933327eac52e
034427f4f322f18fa67a7fb421c5bced,b3bac46ca463cbf0734f8e5666889a93
034a4aaf421e6566a4598408d6b4b84d,6b69eeeb30e658c11b0c3d896e77ba51
034bbe2093da93eda4e00070ff902e38,6ed6705a2348a7fdfc15dc931db0bbd9
034bda936373cd7eab1651250b683ec8,81672201249f5b5b438394cd4fe275f9
034e7dfc8e8726d6e002ed4527a49646,9da0ab6ae22c9181fa3f2f8e3ffbaf5d
0358f3964f1d1e25a30ef133d09ebfb6,8134cba16c666405d6fd3c7ffe226439
035f0bb38655c3174a1c9046e0e37642,ecd7a93ea432e262e84a106502fb2791
0368820d59f40272b275e5c0b9aad18a,b9d7123e42f59c54e02148a408bbe0fb
036d1bb626d7bb380a58d747caa7de53,75c8d68e13c4591905d34b822c85d743
036d1bb626d7bb380a58d747caa7de53,930a9aea88b7dc0340c3e68930aa8a54
036d1bb626d7bb380a58d747caa7de53,a8b7deaea229639f100b43ab224cb10f
036d1bb626d7bb380a58d747caa7de53,d94fa88e494e1d82c5df818537e7ebf4
036d1bb626d7bb380a58d747caa7de53,def0912b5f1c659fda8f276d54ed282d
0376d09a1b4a8bbd0dc3da8c0fb6cb2f,a21314968d6ebf95a0c49e851f03bccb
0383483a94364f6f775db9655a92cb26,52c4145281d64ac744727795a55dc54b
0383483a94364f6f775db9655a92cb26,91d1782a00f3d48f903a575628a26805
0383483a94364f6f775db9655a92cb26,d569c3755af328c7ec85ded60d46275a
0385b77f523fb91ec5884d48f02765c3,42e5988434782e9271c62d9dad9d10c5
0391b4e2957ef80989b06f1271d2b66f,a72ca475c0afe49f935d39903fe50c10
0391b4e2957ef80989b06f1271d2b66f,c0e58f477f3fdabeb135f70dfaac213a
03a00e6c69565fbf0643a3d4414b9127,811241e51c4d38c16d453aa529c8e6b6
03a00e6c69565fbf0643a3d4414b9127,b48d6e225e7f826be28dd2ff360bbd8c
03ae77bbc67ea4c3fd007e96bd906e02,5ab14d0d2d62829eccb5e17f70cbb273
03bdadfd64bad7fadb9e728824d03726,0f76e1b93552a65c385550c8a0f7dc34
03bdadfd64bad7fadb9e728824d03726,11aa39c1890aab1617757828f761cf7a
03bdadfd64bad7fadb9e728824d03726,1840985d6ab00dfea9ba8427b966ecbf
03bdadfd64bad7fadb9e728824d03726,28f6b21c0ce59f203fb2092ad47e0f5c
03bdadfd64bad7fadb9e728824d03726,291e8f177d306f383548e2ef05a5a579
03bdadfd64bad7fadb9e728824d03726,36d03126287f5e810431292497fdc753
03bdadfd64bad7fadb9e728824d03726,3ad30b03b3d23ac6b5f5d57906353375
03bdadfd64bad7fadb9e728824d03726,3cc6dfa5f8ed1b7a649a0d12a5d083cf
03bdadfd64bad7fadb9e728824d03726,41ff03bc49eb32b517a08a4962ab3764
03bdadfd64bad7fadb9e728824d03726,62e01423cfc59329b6acb874696c0590
03bdadfd64bad7fadb9e728824d03726,63cf86aa8f00483221555d97e8c6ccbf
03bdadfd64bad7fadb9e728824d03726,6a7f5ff621d20a43a9d19340bef3db1a
03bdadfd64bad7fadb9e728824d03726,7db14dc3058cc6ca81295011b4745b92
03bdadfd64bad7fadb9e728824d03726,c23d5f76ef396a0f520ca6c677dccc1f
03bdadfd64bad7fadb9e728824d03726,cdf07468d9c693794f1da0b9ba549c15
03bdadfd64bad7fadb9e728824d03726,d44df7668f75c8f084cdada0a7a1aae0
03cb245105571421358ce8ac950c7efb,11ad3d0a096eaee22fbef08232edab47
03cb245105571421358ce8ac950c7efb,75c3a36384eb4ee9b18d4414dd7da463
03cb245105571421358ce8ac950c7efb,94521db7ac820db4f0874d5d80d45e37
03cb245105571421358ce8ac950c7efb,a12c650bc09882907167c9a468c819d4
03d38a1481ac756e552e119649f81924,120baf9fbc6daca04b7027d9d7a4da93
03d38a1481ac756e552e119649f81924,407d4c674c80ac193d593ee18df7f7d7
03d38a1481ac756e552e119649f81924,a5a8b78b23ad7ca0237d4ed91a7abcd4
03d557ee88ec0f5c689bd79201c6f043,2a5df58fa157eb0e98c7fe2a3ec1b3d4
03d557ee88ec0f5c689bd79201c6f043,a74b96cce75e60ca753cf373403bad4b
03d557ee88ec0f5c689bd79201c6f043,cb6edb231f0bf9dd5308a2e8ae2dad90
03d557ee88ec0f5c689bd79201c6f043,d3d0e6f2788054c6cee2f708e45bbe3b
03d99d47dd4de8442b722e0f619ed368,348c619df33456e52875d4df148791d4
03d99d47dd4de8442b722e0f619ed368,c07407125a7e94f931165848da6087ff
03f18b910e033d59ba8fb8e9c3f2007a,1f5dcdc3ea333d0f81f3eab8dd4fa134
03f18b910e033d59ba8fb8e9c3f2007a,244808435a9d7d545e0e0def375b8c0d
03f18b910e033d59ba8fb8e9c3f2007a,6b2204839735cb7bf1081d46e8739da7
03f18b910e033d59ba8fb8e9c3f2007a,75e84b8cc9f3ba23d8dc8d8b591140ba
03f18b910e033d59ba8fb8e9c3f2007a,9e415cd3fd1b02da273146b6a9968264
03f18b910e033d59ba8fb8e9c3f2007a,a81e226fd81222d5633bc72eb6c5fc22
03f18b910e033d59ba8fb8e9c3f2007a,bbcaaa9d2e93ed884c4f6d98f5eb59b0
03f3017173db7acb6795d5803ddd57ec,dbbc60bc4ea90a4a7d445f6f2020c0c2
03fc6309413afdd69b654406e7c0334c,5e9011c4dca2b154162288edbfe27a9e
0401bc0f6ff89ef096aa309d4b7b379a,e20797c37bf165f785af576c05eb2bc9
04090ae0278692e1822884c0f27265cb,0cafbcb40fc4a8a32f0184448213bdd5
04090ae0278692e1822884c0f27265cb,107b6610829cb184614d94d876050e49
04090ae0278692e1822884c0f27265cb,13e98d0577717d8f73dfb1b8d614714b
04090ae0278692e1822884c0f27265cb,326685d2ae785823b1c39b5fa8fd6594
04090ae0278692e1822884c0f27265cb,4798ec0f64fd7957c6c40082345eabbd
04090ae0278692e1822884c0f27265cb,592b98c01ef440d9ef1bee213d42636f
04090ae0278692e1822884c0f27265cb,5eeeea0412729fa989d3a4b32a1564fa
04090ae0278692e1822884c0f27265cb,71ea073239258408e8b0cf6c88bd57b4
04090ae0278692e1822884c0f27265cb,fe56e48d1143f9afe2334ba5c10ec147
040e29521b17b0a6c00fd6ca45634eb2,eca246a973ca3a52f5aef33fec63585b
042df1ea5d2cbdf4f4b23f08606a8566,29a66a61a7a100e00aac7610d540a063
042df1ea5d2cbdf4f4b23f08606a8566,37b57d5b77284d2a240d68d329c05e46
0432d7a9481c92c697030519ac438705,2006a2a854c1d1d77f4bc6187a8e9b68
0432d7a9481c92c697030519ac438705,66de0f82cf796bb5de3fb2a3e695d976
0432d7a9481c92c697030519ac438705,a47bc4cf6eaecdeb49e0438c316c33f5
0432d7a9481c92c697030519ac438705,aad4623d796282d9df97d8ed60f35472
045395116620d085b947f1ac6b307556,c12c32a5b04fe6981cf1ce9204c33dce
04704cb448d844a27a03852b0b4fa17f,7570833a41bd40db24838c3784e76bec
0472befab7034cff2e557d1299389062,4896af90d16e398fa5e9aa8c1818b04b
0472befab7034cff2e557d1299389062,9948f914dfd21819145be0f6088c9a6d
0472cfd202318da81823389beb71d961,5f2945ce66f30e505afea9397a12a17d
0472cfd202318da81823389beb71d961,6b9e9367d08076cce7becea16846b057
0472cfd202318da81823389beb71d961,bb1fff9517465e697f26d3b2da83689c
0472cfd202318da81823389beb71d961,bc35b46dbf468b3dd7ae13582acec3d9
0472cfd202318da81823389beb71d961,f6ae051ea509b49908458b6867fbc95a
047662c5a07c72b090729b6f6370c99a,50effd668b361eaf026e669a7dfe6d13
047662c5a07c72b090729b6f6370c99a,f4b076b7088125bcb9a71a9a70c93d0d
0479dc19ec4595b3ba85227113d40c92,f50400c5a2b028e984c0441776acc802
0480f6785d341b429cd077afa1d00e4d,f723dda377805fe219e5d0e7bb42a32f
049608de27313514800bcf8603b9f760,aebf973a11f9bd8ecb760fc1c30ee81d
049f00772bf241d3d5a2003119b7dd82,70013b3624815aa91343bea9bbf760ef
04da19f5e98b24dd552b99d3f324ac81,04da19f5e98b24dd552b99d3f324ac81
04e7ca5624aa23e4ab92dce326a3e334,1614026743e4ca2c233a29ea37ba46bf
04e7ca5624aa23e4ab92dce326a3e334,3d29bdc5567a693e60a0bd3be1fecf0f
04e7ca5624aa23e4ab92dce326a3e334,4e556912d978744472823f6239d08639
04e7ca5624aa23e4ab92dce326a3e334,51282e74d6171fef4eaf505b4c2819e1
04e7ca5624aa23e4ab92dce326a3e334,605c78069f7db8126571b96d98d05a2b
04e7ca5624aa23e4ab92dce326a3e334,6b6c43cc9c47dc8fe372bd05e5252da0
04e7ca5624aa23e4ab92dce326a3e334,a04f4a09bc2b544ded1c72448acab83d
04e7ca5624aa23e4ab92dce326a3e334,ac30501be6d236a299f34f3cf954b7f6
04e7ca5624aa23e4ab92dce326a3e334,b28ecd267a8b6f7bac5bc4959c66be49
04e7ca5624aa23e4ab92dce326a3e334,ca4d41b8d403af7db6136532ab8c32bf
04ef79a18b24260b32cd4e0358d48b82,24fc58b4fa04af6f0e8d3d3b94aaa18e
04fbb52cd96abcff7f3c498f909ebf83,709d13f709fe9f071ccabb5141eb9c1d
04fd134e4d7599cc0d168a12006b0852,8c205c17759f154956e5738c2cd7df3a
04fd134e4d7599cc0d168a12006b0852,906eb161e5842c71b49d43f6af100f8b
050adf2b0d695f242fe2ad61a3357e1e,07950e9e916980eed6e267ebd73b6a2c
050adf2b0d695f242fe2ad61a3357e1e,287b20b931c9da4850db8d6057da4a88
050adf2b0d695f242fe2ad61a3357e1e,28e06a2bbac22d0aedfacf58ffeaaacb
050adf2b0d695f242fe2ad61a3357e1e,44ab8157f639534d8e7a4291a155af03
050adf2b0d695f242fe2ad61a3357e1e,4705dba082f62446c8bf05f797def82f
050adf2b0d695f242fe2ad61a3357e1e,78ba978b28538788f99cbe041d6bb3d7
050adf2b0d695f242fe2ad61a3357e1e,b6a0aba18d1298924eb6ef5e020f1c2e
050adf2b0d695f242fe2ad61a3357e1e,bf99bb3ec69434a13170bc725aa24146
050defb18b7121a14ce1c4e743bc8761,07d68ceb839d7f2db5ba05dfc9b62f89
050defb18b7121a14ce1c4e743bc8761,58889047a9558d27a8efc6d76f76a5bb
050eeada1043ae28e5fec959246f276f,10cb5c81467502a55163acd42013267e
05187cdec64eb692c266cbbe1f21ced5,78af3dcf23a2865ed71c43da8306b467
05187cdec64eb692c266cbbe1f21ced5,82df97cddba895e29506838a8d4e5954
05187cdec64eb692c266cbbe1f21ced5,86677a5b7d07df62dd09d31ba48a0dad
05187cdec64eb692c266cbbe1f21ced5,8a1217870f9c867611b7cfaf42bf301b
05187cdec64eb692c266cbbe1f21ced5,d3d7747bc38da6a6f016857617139edb
051a304784dae001f1981423e37888d9,2c8d2a6cdf64b84f425e9dbbf3f2fe51
0522120bf8ed360950d265dea89bdd0e,052eb2efcbe35a67ae3fda317a4ff248
0522120bf8ed360950d265dea89bdd0e,55019d559db13e6561d0f907fc5650d7
0522120bf8ed360950d265dea89bdd0e,59ae608cab1e67ca2136e0eb6df60a07
0522120bf8ed360950d265dea89bdd0e,6e1c24eb887a494c1173abac5c0e6faf
0522120bf8ed360950d265dea89bdd0e,d4be5c7e46fc15161bde8af350a4397f
0528588ec023298a024327ee835a55e8,b5681bea0a91ddd7ef948cfb0e32e4b5
0528588ec023298a024327ee835a55e8,bf1aba105216c55ed7714c9dc4f4d13b
052dc3a7c367b2a12da783471374baa6,26111cab0e7af1beb4ef978878fa63cb
052dc3a7c367b2a12da783471374baa6,9d28686312f4fb09e5935896c826a507
052dc3a7c367b2a12da783471374baa6,d92338c6200b400005140260da514ef6
052dc3a7c367b2a12da783471374baa6,f70b6b0d66b009ec1d523baaed4cb983
052eb2efcbe35a67ae3fda317a4ff248,55019d559db13e6561d0f907fc5650d7
052eb2efcbe35a67ae3fda317a4ff248,59ae608cab1e67ca2136e0eb6df60a07
052eb2efcbe35a67ae3fda317a4ff248,6e1c24eb887a494c1173abac5c0e6faf
052eb2efcbe35a67ae3fda317a4ff248,d4be5c7e46fc15161bde8af350a4397f
052fad5878ecefd005c3d821ad6d11a2,40c52af4b0a1f836b378a9878fce1320
052fad5878ecefd005c3d821ad6d11a2,504cc5207d0fded89819455248ff92f0
052fad5878ecefd005c3d821ad6d11a2,bb7b63854248fce948c515b147c5961f
053507fb4a3c4deecdc28eded4b5f4e3,17be643d0b9ead14c296a934bc8cbd94
053507fb4a3c4deecdc28eded4b5f4e3,2fbdd77a448c9f91cd31df1efb48c240
053507fb4a3c4deecdc28eded4b5f4e3,400274c14855139e3fbfef0dc71d81a0
053507fb4a3c4deecdc28eded4b5f4e3,49d73461184a80f161ba9402cc314d38
053507fb4a3c4deecdc28eded4b5f4e3,5b3c2746039e3bed6a5263057b43a744
0547b04b4e3f255500fcf2088618d4ef,0bb472b39a868206c58084b688eb2a31
0547b04b4e3f255500fcf2088618d4ef,19c90f65c278c6f1731a672d87a27726
0547b04b4e3f255500fcf2088618d4ef,dbb3b8b970501e8885b8da2594c58c3f
054c9af5373e52a4365ec5815822d93c,0bd3e2e12fbf8edf2e80393720137617
054c9af5373e52a4365ec5815822d93c,162c6e3dbb146c31a000e6a22615d48d
054c9af5373e52a4365ec5815822d93c,4e9c33a42bf2db6cc0aff402f7ef7bab
054c9af5373e52a4365ec5815822d93c,8c205c17759f154956e5738c2cd7df3a
054c9af5373e52a4365ec5815822d93c,906eb161e5842c71b49d43f6af100f8b
055a788cb68bdceda428d55694ed0168,6d55a79d168b3b816ec72d2b282fdab6
05632f1cb8f144bd0c03b9dd0cf2f68f,0d4e79f64af36ab8e76846e23105daac
05632f1cb8f144bd0c03b9dd0cf2f68f,0f5777f9c028492caf73d312498ceca2
05668ad8ad034656b497f7bbff30b729,087487efca7d8bc6c4bd71bd7e81e4ea
05668ad8ad034656b497f7bbff30b729,c46cbd0d2e0e96fca2b74b079c4a2461
05668ad8ad034656b497f7bbff30b729,c87fbad444d0acd58506149116f95cbe
056ba0e85f31b2868d02144d9997a172,745fc730ec6da50073b08a9b533a71c9
056bf7dd8ac10eb378692c0e78c9bbe0,3c403e75b132315c7eb08592d5cd23a2
056e2750d47d1bfd271cfe254bed4c05,4ddc6d271a9670dac20ac91c075f0537
056e2750d47d1bfd271cfe254bed4c05,4e0ae32b54afbf1fd2718afda9a25178
056e2750d47d1bfd271cfe254bed4c05,50effd668b361eaf026e669a7dfe6d13
056e2750d47d1bfd271cfe254bed4c05,5c01befe3a779e98cd582457119b12dd
056e2750d47d1bfd271cfe254bed4c05,6a45b8c78da3254e325c1f2aafb52ba1
056e2750d47d1bfd271cfe254bed4c05,a829e8b48aa1a25922e65543220695d9
056e2750d47d1bfd271cfe254bed4c05,acd41a14043477e17fd60d2e0771845a
056e2750d47d1bfd271cfe254bed4c05,bc66beb31b66294b9c3e337a7e091bc4
056e2750d47d1bfd271cfe254bed4c05,bec905a68bd661e23d9f8e50562ff627
057342c490320491fa0c76b5e8bd6f9b,f656f808d8790e1c2389afc21e587991
0573719942e358b48a29719a1e2dea25,1989d2b63e74eaef0d701df4ac030e76
0573719942e358b48a29719a1e2dea25,70379bf57d7eb4ad7a9d7c5cfad5244d
0573719942e358b48a29719a1e2dea25,88db18c4fe3fb8d742b009ed124814df
0573719942e358b48a29719a1e2dea25,a82b84c238f1a479678e1bd644e2dd9a
0573719942e358b48a29719a1e2dea25,c0dcd81f36e89fab09890ac5ce60fe10
0573719942e358b48a29719a1e2dea25,e9497c13fa24ade6845f9f2af96c493d
0573c5989a53ed734b01859045c0f51e,2337f1bf42fb559bb6dcc3a23e13d672
0573c5989a53ed734b01859045c0f51e,6047d430b471b5c0e4c0fe1aff704376
0573c5989a53ed734b01859045c0f51e,9390fc2cffb79bd4cacccebf8d5fdad1
0573c5989a53ed734b01859045c0f51e,ef9d06523d87e12d22e0cb6b4df8a1ab
0578c0cb52efaa55ddb6143984f85e7a,0b2bcb622a45b6d42b699013aa4d7280
05821cec8c9240b862b79d63627bd70b,94db0a22b054371ff4110c04abe0d5ad
05821cec8c9240b862b79d63627bd70b,a19f35397ae413008f8645e3df947725
0589dee71bfb766bb730a560137f8d87,1ca7516f82e4b165253beb32e553c199
0589dee71bfb766bb730a560137f8d87,7b756f8a893f3b85e135c8e94a41619d
0589dee71bfb766bb730a560137f8d87,bfceba30f2d9225c71f527ea79ad5e14
0589dee71bfb766bb730a560137f8d87,c5dff5750b32738480c11c03f93d67e2
0589dee71bfb766bb730a560137f8d87,f426bc0d6c6df6fc306a1afd12806757
058c0b13be69c31bf00c05233e89e230,48db25a01b01cd4549792a6f2468c38f
05b6acbc4c5ca00d297b99bcae912c3e,78802862e8f978d67c89c110337331f6
05b6acbc4c5ca00d297b99bcae912c3e,cf2b3be2acc2bc2bf15a5730adf154bb
05bc1c62407042aaa098d16ae74ae84d,5ab455e39e6b295f2d3471037e787aa4
05d6199f4d7b786691a53eb645a77e2c,17dd8ba20e04f09480c193ec7c5dca28
05d6199f4d7b786691a53eb645a77e2c,f72aff0cda1d153926bb1b0d8492b7d8
05d68679618f548d1b434842bfe24ece,ccf410503278d14b128d9646c995f6eb
05e9937046216e10834f4416b651f990,b63350c4840af5283696699db545435c
05e9937046216e10834f4416b651f990,b6bcc4c2b4f1fdb91642be3ffb1dbd42
05ee6ce148533aa19efc266bfaaafe0a,81702f62fc2ca6101421a06ce9bb0bf2
05f22ce1e0249ca55f4629a92a08e988,0e15bb25721f8c7bbad571af64c228b3
05f22ce1e0249ca55f4629a92a08e988,69fc87a12dfef633087fb0ae3ce66354
061d82d2669fdff945a47c379c5a4fdd,5e5bb93c8b94ed11d2fec3ce6fa6f810
061d82d2669fdff945a47c379c5a4fdd,7ea978073a598955379ced2b6290fd61
061d82d2669fdff945a47c379c5a4fdd,8f2cf65f282276f69c3532fd0b017238
061d82d2669fdff945a47c379c5a4fdd,9f008cc6dd29b2dcc533f9eb3e742e7b
061d82d2669fdff945a47c379c5a4fdd,ae6dd1eeb84f5af2e7f9ff4e4b497df5
061ff282c95022439b8254d074445f4a,4598f5d12677b685075b2cadb3bc7d09
062b5c873cd54c0173fe8be80e4fd786,ac94c993ad327a0e5b7656d52b0b4bdd
062fd704cfd2740756253175c6f52ce0,4647d68b5fd8da77181d5d8e890f5898
062fd704cfd2740756253175c6f52ce0,62f516ac3dc5a4648f3d6f0b833929eb
062fd704cfd2740756253175c6f52ce0,c2e41a3c14178bf81869dbaaa49dd800
062fd704cfd2740756253175c6f52ce0,daec177f075eccd21a48e87eeb325ae0
0636d5cb819e5c0fc3a38e23b55ad609,6d4916fd1d5ccaf61cd7d5faa81f9f61
0636d5cb819e5c0fc3a38e23b55ad609,940ce391018cdb31392d9271541807fd
064102457748fe25d715a8338b6d96fc,95d03127b122a84d5ea3b9f6803813e7
0650c6ea0bd033ca988404f8ef148397,6c249b25da231d7b127d58d7ff75777c
0650c6ea0bd033ca988404f8ef148397,8633da9614c309e13b452d9b6b58e6f2
0650c6ea0bd033ca988404f8ef148397,fddacd6cccfe690d97f75d7315b9cb40
06512b8d5b2a13affd94e291b19ffa48,e45dce3d48f1d9e735ea1d823b010472
065f8511fcbbf872de7ebea314a10da9,15f06e755a0ea9cb58c6d2a43d53b61c
065f8511fcbbf872de7ebea314a10da9,1e59be9cf04e77aa9cd5aea26a768c81
065f8511fcbbf872de7ebea314a10da9,560c08b305da886c11d1e5d3d9880b7d
065f8511fcbbf872de7ebea314a10da9,6079f3cccd43400977dcb85e1cbe5b77
065f8511fcbbf872de7ebea314a10da9,7f5f04b941cdb1027e4aa38354af0311
065f8511fcbbf872de7ebea314a10da9,962a77b8e32fbffc7bb751e32a2840f5
065f8511fcbbf872de7ebea314a10da9,c5a72a318ac0c190d3fe9d3b97f5ba62
065f8511fcbbf872de7ebea314a10da9,d6d6c0810cbd7f94127b32aa11b18fdc
065f8511fcbbf872de7ebea314a10da9,edda894e130693e415f4972f242567ad
065f8511fcbbf872de7ebea314a10da9,f32651105c9bfb2580594981576891e0
065f8511fcbbf872de7ebea314a10da9,f3c0fd4636069bae3b69420bdd84f6cb
0665e7ce3ad39fa54e9629a8fb93ee2c,40c6b9962f33cb66f7861e6af6d64c86
0665e7ce3ad39fa54e9629a8fb93ee2c,dc405154486a159b16830929965d9352
0665e7ce3ad39fa54e9629a8fb93ee2c,f16fff6e730a56733cd8c5d8dc5985f6
066e12f2511565cb872f580fb3dab84a,4e300156f426565abdedf889f96f2166
06755d5cbc09c9cf158e41dc7eb59f5e,707d80991eb05c2fbb7b8614bd71349e
06755d5cbc09c9cf158e41dc7eb59f5e,b096405376b84c6ad0968f0a3472e518
06755d5cbc09c9cf158e41dc7eb59f5e,e0d99544566b56a49cc74ffc6abc5e8a
0679a51f530d9e3b60d7d758c46beb7d,18fd95dfba8171569662e899de9a8c15
0679a51f530d9e3b60d7d758c46beb7d,a3e1afa20beea2bd5a033b243d63f2de
0679a51f530d9e3b60d7d758c46beb7d,a63804afa14c6e68b3f247de4c98f294
0679a51f530d9e3b60d7d758c46beb7d,d11e247a53890ee2e5ed0562d9be49c1
0679a51f530d9e3b60d7d758c46beb7d,e912add67c4ef1e51cb1d71f86138ec3
067fb84255196b28a3b2c1d54880ad63,b77f20f0e889e37dbc1eceb21d43915e
06935b2d1be5b56e812e2c029854aef9,3111522765ae5f4f315ba58145d5c8d3
06935b2d1be5b56e812e2c029854aef9,591874f6bdf60469c09aae1d63e96abe
06935b2d1be5b56e812e2c029854aef9,e2619ecda78c451c565654482e271ce8
0696fe00284698a6219340cb9f6469c4,1f96da3edb9635117ad9e0b7da6e92f0
0696fe00284698a6219340cb9f6469c4,d3c63d1c97da930ce2bdbff9e4dbb692
06a196a4bb441f373a592f5d846c61aa,1d4db93c977aeed0ca3b524536368f14
06a196a4bb441f373a592f5d846c61aa,5722f15b36824c9710ddf00fb49d64f3
06a21af05d13af52c8c033e38f6b12d8,7366075a2521e92dc46423f38b06302c
06a21af05d13af52c8c033e38f6b12d8,82e686f73939c8fb05441625ee8766ce
06c014a8c661f76a567f0d92782413f7,0a9f3a2319c6edf4e1fe3612eb5179bc
06c014a8c661f76a567f0d92782413f7,7a35417752d112bd88754ce46dab3b0d
06c014a8c661f76a567f0d92782413f7,8f378ae772a650110864e3d4028f59e4
06c014a8c661f76a567f0d92782413f7,be0b1935cc7c9ca4536d4eab0fb35d68
06c2214eb8cf4bb78dff9b0a6986dcf0,9196b268a57127fccfbde42495457526
06cac0734e9d48d52671afb72946882b,1a878ed049e3f67233830cd1fad50225
06cac0734e9d48d52671afb72946882b,b194f7386b21c4e380e37b95b4b31987
06ce9dfd4249299646866961b441b9d0,be3b0353b2d44fd7ca8edc2bc0e844a5
06f1bd13f58728d278e70a311c79f8f0,1a04627a3ca49f0316c52e95a8641be6
06f1bd13f58728d278e70a311c79f8f0,35485b686403e7c3896a87dbca7461cc
06f1bd13f58728d278e70a311c79f8f0,9383ab44a4cf255ac84539f457d8dcbb
06fbaabb01d5aadd0b0e4533cd70760e,c7e3d8c4a857a57ed563d1ecadd91495
06fbaabb01d5aadd0b0e4533cd70760e,f6e396a15c1fc2c03eb9c7726a346ecb
06fbaabb01d5aadd0b0e4533cd70760e,faa06996789147227ae5213301a3eace
06fe5c0871214d9001027140cd091fba,075a76575075b1dd949f265bad096efe
06fe5c0871214d9001027140cd091fba,429ab6d0029e9e7920eb8ec07b45e742
06fe5c0871214d9001027140cd091fba,552d814403cdf35addf316d5cf82d34a
06fe5c0871214d9001027140cd091fba,667c8ff96fb7b9c7581fcd35491228f6
06fe5c0871214d9001027140cd091fba,8a9e1ddd7f481627385bf97a201479d7
06fe5c0871214d9001027140cd091fba,a7853e132243e68f89f9e3f5ad1a7b98
06fe5c0871214d9001027140cd091fba,f9a3009b8f3fe034e0c3b11f045b5b98
071369aa5bfb43428dee8aec706cf8cb,1c64fc9673c4fe8ac2ef4965ecb5d9f7
071369aa5bfb43428dee8aec706cf8cb,2437cb3e372bab28e1417c316b338018
071369aa5bfb43428dee8aec706cf8cb,d1a9c9298c337d6f22350e7ccfb46253
072061f492f8b5b6db4e7e023fd9ea7e,4e4ee4bce4377f63a375a29cbc3bf887
072061f492f8b5b6db4e7e023fd9ea7e,664c689e288086d19a17b39caf7e2393
072061f492f8b5b6db4e7e023fd9ea7e,7c926f1048ffe4c4ecaec3380d4b860c
072061f492f8b5b6db4e7e023fd9ea7e,89c919a7ffa937e9d338c61c1a8ece1b
072061f492f8b5b6db4e7e023fd9ea7e,94171d1df85f5aa8f642e73e845ceb28
072061f492f8b5b6db4e7e023fd9ea7e,a5f14368b8713c3c300cb59a0610e7d8
072061f492f8b5b6db4e7e023fd9ea7e,c1e92aaddf9cd0e83cf7634ff962b6a9
072793129c8af26d46b388b1c773313b,0dc5ae5f5584e06cc66e1e1c922c21f5
072793129c8af26d46b388b1c773313b,723713c6a52f103866426f05cd2765d9
072793129c8af26d46b388b1c773313b,d33bae3b0c51ca96921a3874ae57652e
07473022195ec2e09b0d85c2d1592ad2,4683fe4f2778a3d032d4971f3919bc7d
07473022195ec2e09b0d85c2d1592ad2,877a3aa3de66f0a79d0a6e302dca0e5e
07473022195ec2e09b0d85c2d1592ad2,8afe1e28a7dd08b77031e17612da86d7
07473022195ec2e09b0d85c2d1592ad2,b90544a45383e3a8595788c8c9e6e036
0757f3aa711cabbff2190b6f0d5ea075,4bcb7d82f5e7e34e2f4ef09d9b3dfb1c
0757f3aa711cabbff2190b6f0d5ea075,6c5c0ffd9de0c310c657a7c704463000
0757f3aa711cabbff2190b6f0d5ea075,86ae1707b7701aec2ed778ae6a97085f
0759d051266c069e177a494be99ee1ed,104dcd90b881ebd2c29838f161de5ed2
075a76575075b1dd949f265bad096efe,552d814403cdf35addf316d5cf82d34a
075a76575075b1dd949f265bad096efe,8a9e1ddd7f481627385bf97a201479d7
075a76575075b1dd949f265bad096efe,be91b1f915b4d7ced914e29a7f20ae22
07776ea2aaa9ab0d8dfc108e79fc9921,a51a36d4f4166a5a48d36253371b6acc
078b400f447c3334a6f6baf1a847b659,69c53cce956eef6c4ceb5ce96e74503e
078b400f447c3334a6f6baf1a847b659,d582cd6bb59124390d294110cc973a15
078ec55306f0be1860f3a716405c159b,49fa6055f1b366e3a3f60650a120c33c
07950e9e916980eed6e267ebd73b6a2c,277035b46e8d33423ee4e3bbc0ef9de8
07950e9e916980eed6e267ebd73b6a2c,28e06a2bbac22d0aedfacf58ffeaaacb
07950e9e916980eed6e267ebd73b6a2c,44ab8157f639534d8e7a4291a155af03
07950e9e916980eed6e267ebd73b6a2c,4705dba082f62446c8bf05f797def82f
07950e9e916980eed6e267ebd73b6a2c,78ba978b28538788f99cbe041d6bb3d7
0799855feee8dd58bac4f750b65f1a8f,12f509d1fc282a102399d0d5e5292159
079c86f4115754e09e508c3b14cfaad2,e0f00cc169e3b1d282be833bcc0d9153
07a531f5dcf568871359792a9a7cd1b8,1fee47a23402548d0383cea42c7dccfb
07a531f5dcf568871359792a9a7cd1b8,42bc270940480bda026406c4e32b6fc1
07a531f5dcf568871359792a9a7cd1b8,658b5f9d4b4e9c5d0c59748b8811ef4f
07a531f5dcf568871359792a9a7cd1b8,6e57f50bf9c121eba8fe44895fc0b2e7
07a531f5dcf568871359792a9a7cd1b8,a3839811480baeaa381ce9fa93b8aaa6
07a531f5dcf568871359792a9a7cd1b8,c95bac74d204931d77f800edccaf6973
07a531f5dcf568871359792a9a7cd1b8,d4d3c2a6c0b7aab64bffd0ef3395e3d4
07a531f5dcf568871359792a9a7cd1b8,dc6c1bdb6de35d310eed4e79dfab7ea6
07a531f5dcf568871359792a9a7cd1b8,ec5c1f39fb64eb9a03be159e20859bcd
07a531f5dcf568871359792a9a7cd1b8,ef7d9791d731721fc678eed00a03c8b4
07b5cc7f40441cd5b3194ee6529ed958,36b3a482846facdaf50e60276ae16731
07b80dd188960ad4846afc2c2fd86692,5ff258ab00f0b4e768a40f80b6bc549b
07b80dd188960ad4846afc2c2fd86692,60ebbbd382f3d5374dc00d8741d69da2
07b80dd188960ad4846afc2c2fd86692,f58f008f6e09bce7b890963406e74347
07be12bb98af73be28d68b22287509d3,4fdbccd17200edff30aab8d6686ac9a2
07be12bb98af73be28d68b22287509d3,c62b538be47ecddad5c4cca30b640671
07d5709bfe214801ab7bc06104a57377,0da8feebd2fe2b2c459db0ecfa5da2bf
07d5709bfe214801ab7bc06104a57377,2273ebd638fe925bc34daac1a266d32b
07d5709bfe214801ab7bc06104a57377,41a19bf90abef992b428553f077c979f
07d5709bfe214801ab7bc06104a57377,781d2bf0d1c1e4c85e3e174c1d479cf3
07d5709bfe214801ab7bc06104a57377,7da6357cb4ca1da6da00bd5719381fb8
07d5709bfe214801ab7bc06104a57377,9f1b75dccb1a238f4a8ae0d565f890a9
07d5709bfe214801ab7bc06104a57377,b8ce43fd290a2cafdc4dc4c8325f4d50
07d5709bfe214801ab7bc06104a57377,bbd09e3b3ff37766ae55b524ffc61a98
07d5709bfe214801ab7bc06104a57377,dcb6021ebbfc2a397f46b09e664fdc2f
07d5709bfe214801ab7bc06104a57377,f652cacc70fd4b73d0018133549690c7
07d68ceb839d7f2db5ba05dfc9b62f89,58889047a9558d27a8efc6d76f76a5bb
07d7e57499bc367895e4d24663737274,6ad3b942cdda594f5cc6cf36606f141b
07d7e57499bc367895e4d24663737274,fa80b65f57adc72e1b657f53a89dc7f3
07d9dfa021cf499b782e9ba8a6612eb2,72e2e4e1b5e601c34072dc3ec0dfd3f4
07d9dfa021cf499b782e9ba8a6612eb2,9d28686312f4fb09e5935896c826a507
07d9dfa021cf499b782e9ba8a6612eb2,d92338c6200b400005140260da514ef6
07dbb009e98e96d1a12c0ef3948b46bb,407634bf55e3835e6a88bc58df3faa99
07e2ba6c2051ee77ff43b15111f008f8,2dee2c764a611dd8d0174175f2dd8e04
07e2ba6c2051ee77ff43b15111f008f8,30fbb3366185f8680e6325bfedf05a8c
07e2ba6c2051ee77ff43b15111f008f8,e6bde0997de34dbf185103f8c7baf23b
07e4423f0f195099bb99689637a26a50,27ef246defd1caf8affaef9b81a14a23
07e4423f0f195099bb99689637a26a50,dd924c9b4e330ce1d29f0de701629fb9
07e4423f0f195099bb99689637a26a50,e4ff47fe280c0112528e7edc1c9a6bdd
07e9f3809739ab6200c2f08a0efa676d,f3dacc9c31fe582f87fead686e80367f
07e9f3809739ab6200c2f08a0efa676d,faa78c952f37d3bedfe5ac3c31ffb508
080592c1452d451f28c155c52705cded,25579d6dd0d1590a6523672bd6777f98
080592c1452d451f28c155c52705cded,5328f0a858cf8c025a97f2736241a2ee
080592c1452d451f28c155c52705cded,64b228285c921fc6cb9cbf57f601da39
080592c1452d451f28c155c52705cded,689e452af5c0387c729287ea98da2458
080592c1452d451f28c155c52705cded,70b494d103d3562216cd9af66f565600
080592c1452d451f28c155c52705cded,7173a14dba8cb10113d60debc78062c9
080592c1452d451f28c155c52705cded,824ff5f8c494f43817f2b090358bbf5e
080592c1452d451f28c155c52705cded,a245ea86c0ac17130134fc4b7d7928eb
080592c1452d451f28c155c52705cded,ad8351e8017890639d5334d8f6346c09
080592c1452d451f28c155c52705cded,f396f827714989d48670d6064817d0a2
0817270f2ac1697463a95b45c6f0269a,5918a6c5178b9e1f93819c34ba81df77
082b6aa23d00bd93a7cd4879344497e0,1f09d69aa6f1d359869037b250aa76c5
082b6aa23d00bd93a7cd4879344497e0,3a4c7c77b03af6f7e08db441416031af
082b6aa23d00bd93a7cd4879344497e0,a7f4490262a276e25fb03fffaade1ca4
0831d9f72a0980b681ef49cb86e983c3,665e994136738144ed0ff21acc69e955
0831d9f72a0980b681ef49cb86e983c3,9685b75cccefdf53bfda8b69da7b5558
0831d9f72a0980b681ef49cb86e983c3,ec8c3c2655b68929e7a1878a268fccaa
0831d9f72a0980b681ef49cb86e983c3,f833b28ae5d3ed27dbd67f2be29233f0
084b8a6635d6e63c015b8c99300171b2,374a39aa622be32fd6afaedf7dd321ca
084b8a6635d6e63c015b8c99300171b2,53767cb5c88efa2f8e02cfb52a28058d
084b8a6635d6e63c015b8c99300171b2,bdf2b42baeea4c2eaa6f74dc9af1a786
08519b1c60142ebf0de906c05fc1de52,d5f4dbfb4360ca96353b32272559f44a
085aece72dee4f806581da3141bee439,2dbc302df10a011d1983d8ba9922e3fa
085aece72dee4f806581da3141bee439,b2e4a6ebe913825c3d12f13941ba7dd2
086afb3fa23a7342118355ca51b00e77,2de5df216c1039d59690c57ebaf9feb2
086afb3fa23a7342118355ca51b00e77,4bb37ec81ba59590925f92c580f01909
087487efca7d8bc6c4bd71bd7e81e4ea,c46cbd0d2e0e96fca2b74b079c4a2461
087487efca7d8bc6c4bd71bd7e81e4ea,c87fbad444d0acd58506149116f95cbe
08784e6daf3070098b7b726041e902c6,105d3ba84be831bb336141c0628e84bf
08784e6daf3070098b7b726041e902c6,c57c9508789f5b7b467def43858971df
08828d6b0c1f8f734fd3bea35358a47a,bb7adb5f30d9a5c850e2ca23526fb9e9
0885a8178d2cfb3218ca4940c3d22096,f2ef9556b95e4bafb6c092f9c1269c28
0889c8563c5945835116073e27e123f9,465b0f63f9338b37574759dbfd0e99c1
0889c8563c5945835116073e27e123f9,67bfe36f68573019965b1978c22e28dd
088d7019394c2f1269f7cfdb6647f4b9,90cd79ea15399b8ed7a53b0309d726de
088d7019394c2f1269f7cfdb6647f4b9,b1122bb066ecc90bf353eff5b79ba2e6
08a05da0712e9bed3d7777797861d7fc,9e3d024a880e19bbc065b79a27838e1e
08a05da0712e9bed3d7777797861d7fc,faba12d316dc88b6b604a8c14a81cb6a
08ab8462daffb0a642c288b07ed3ac47,15713b4344116262aa612dd652d1e15d
08ab8462daffb0a642c288b07ed3ac47,6825dcbd15940ed51a6b651201b0b881
08ab8462daffb0a642c288b07ed3ac47,77849c12adeed19f69558909bc09d735
08ab8462daffb0a642c288b07ed3ac47,7a0a529a21b6b77e67a07995bdbe3c61
08ad5f3a05e80285376685ad0f076696,7b77eefda0feb53c488f474fbf70c3e6
08ad5f3a05e80285376685ad0f076696,daffa6893d6a05ffffa53019d5220b46
08ada1acc1bf7a13adbc18903ca5b2a1,c4a799d446d79caa9057bb1d19f6c18b
08ada1acc1bf7a13adbc18903ca5b2a1,e396dc66db588f732e2de544880586b4
08b1b4966d73f90c72aa13f0c80e9c58,790db9f6fb24c137260dc3c4561826fc
08b1b4966d73f90c72aa13f0c80e9c58,ee685b2d458f2182222af875c9fcc275
08bd605d0cd749456b248a8619efe856,ef450b5dc9a7acc8d11e8bcdcca050aa
08c2ae3442c8db87b72db0885b8a07e2,2ab498b49cf29acf15380ab7cb06385e
08c4ebbc290e1da4752b999d60442243,cbb3b06a677bbea63a97984d97b8e0a0
08d08931970964e059243cf82851f206,24ec56da422431d8e67f565c4af1edac
08d08931970964e059243cf82851f206,51ce1d6028c47543a7ec7fd69e74e940
08e2118ceef566a89e70fdb1cd708139,8daef91dfe44ad643f577661156d9b34
08e2c8a9dbf549b9a5a951eb49473320,57f56bc834432b0d83323b9e73595aac
08ee0c7f097fbed030755815084cfab2,0e39768adbc96cb443700670bdebf784
08ee0c7f097fbed030755815084cfab2,1cb659cd1824d4c126efe6f4a9a52d8f
09033f8c2769ba9edb126e176585e681,19c6a0436ebd0b01dbebd5085ea582ab
09033f8c2769ba9edb126e176585e681,421765f9f12e9096da2e5f39e0cdaf2a
09033f8c2769ba9edb126e176585e681,48873c48cb1029ec4a31e46207225e25
09033f8c2769ba9edb126e176585e681,5e07766d91191c218ab9bd9f697846ad
09033f8c2769ba9edb126e176585e681,6ae317eed2e7e71ce28eae4569a6cf6c
09033f8c2769ba9edb126e176585e681,6df0286035aaae77202ac84fa514b224
09033f8c2769ba9edb126e176585e681,8eb07d4a0953d94bd7bc5eb16fb6cec3
09033f8c2769ba9edb126e176585e681,91567517fd302f0ba3147b11748e1f7d
09033f8c2769ba9edb126e176585e681,a7853e132243e68f89f9e3f5ad1a7b98
09033f8c2769ba9edb126e176585e681,b3e926048cd435bca6873dbf96473813
09033f8c2769ba9edb126e176585e681,e20838a869a95a8e38684d08af9a9917
0911cc9542576d3b0fe2d75a0b146228,29348907e577ed64799938a616d4aad4
0911cc9542576d3b0fe2d75a0b146228,4821a1879c97391e0d4f4c9bcd296fcc
0911cc9542576d3b0fe2d75a0b146228,5c954163a01ba1ab8cd91a053d8c3239
0911cc9542576d3b0fe2d75a0b146228,8fa0b631f6c012830e1940b44d8c4a4e
0911cc9542576d3b0fe2d75a0b146228,de3c6a7f77318c8eebfb9a33e8b6f628
0911cc9542576d3b0fe2d75a0b146228,fd382d816525e3046ce4e2d4d3f83f43
091bbded0fb9f58fe2856f7216077b82,4793ce41599cbab2c98e162f569c6b60
0923618a4d6accd5e96760b364b2fdff,cf83ea0cd19fa7b01554ac801cdfe92c
0923618a4d6accd5e96760b364b2fdff,d5d4292b3e20c214fb38d93ffb93d285
092bdea7830e24c0499fd8c33afb7af0,0eed2d3ddfd61721cb3024b0fad146e3
092bdea7830e24c0499fd8c33afb7af0,6b2204839735cb7bf1081d46e8739da7
092bdea7830e24c0499fd8c33afb7af0,a81e226fd81222d5633bc72eb6c5fc22
09427d32569a305a85a7ae3b927843ba,a100fef0cfaad4b304121792aac06d40
09427d32569a305a85a7ae3b927843ba,ffae1c84cf198c77d727b06f633f8ba4
0943ac4b88499bdbfb157e121dd89389,21c7907a441f5fa287ed01b5e80ccce3
0943ac4b88499bdbfb157e121dd89389,dc28ddf68944bf8231d3768948ca0d1f
094c431da88d58414c93590175b3b375,1222eb936822d45dd9973a2d94d9c7d3
094c431da88d58414c93590175b3b375,2984f7b990b0a2198197b6a946a44b8d
094c431da88d58414c93590175b3b375,de3be9f27ad6b236585f95d8f3a86c57
094ed31f4bed35e1fdc4cb2b3164a2f6,133ad23b29e51bf39a3f6f493f50c050
095644f50ebcd9d4c5a6c3664cecf1ae,61a5c02ac0131600c3b02f5ff586a1b2
095644f50ebcd9d4c5a6c3664cecf1ae,b44c0964b8599c4b999ca6bbdba68738
0961b23215b73505f92b5b7527b9b110,38e8dcdf66da02bc174897bf34e78d44
0977bc2f2d58d68a7fbe7edf63ed92f3,872100ff5f2fe0e67c5e6f05e1a0537c
0977bc2f2d58d68a7fbe7edf63ed92f3,8ae2bbb3d7409e15853eb61aa5c248c7
097a173375e75caa39cfc1aa7867f70d,1e997b2291a89ba965e701bad232bd99
097a173375e75caa39cfc1aa7867f70d,375677b05ba5ede85117f4b57f74ae13
097a173375e75caa39cfc1aa7867f70d,7a2926bffcff0118c669d30a211ec786
097a173375e75caa39cfc1aa7867f70d,92c909e785d259e96ab720d5315a8e9c
0998029648fa7369d0de2961e41266c7,1d30a32c5644ce791174f427d9f7c586
0998029648fa7369d0de2961e41266c7,23ba3259eddf1c7d570d812de8fd4cbf
0998029648fa7369d0de2961e41266c7,322f30a71d914332da2706a746aa3b03
0998029648fa7369d0de2961e41266c7,779f88de628defa5011fa7209f351e6e
0998029648fa7369d0de2961e41266c7,9365ff70f52e7dc6e266ba91974d7fe2
0998029648fa7369d0de2961e41266c7,9e525b37574d76dcde2f47fc6a52f03f
0998029648fa7369d0de2961e41266c7,cfef82f1013185ddfb7fca9fea7532dd
0998029648fa7369d0de2961e41266c7,ea921ceab67192c220ae194089cd5d18
0998029648fa7369d0de2961e41266c7,ecabab77248a428d3fd07dfbad19d7bd
09b4774c9c8d06f16cbe811ae058d966,1f3635758862fbe63721eef4a27a023e
09b4774c9c8d06f16cbe811ae058d966,2e16ee159701f9652b02111c6ee63cee
09b4774c9c8d06f16cbe811ae058d966,3d75365194e111d6452e1cfbba1ec517
09b4774c9c8d06f16cbe811ae058d966,48c815ba11b3f2a51647d643dbeb3a8a
09b4774c9c8d06f16cbe811ae058d966,54194686aeb06081c56967bb06dbc2cd
09b4774c9c8d06f16cbe811ae058d966,5a2a9af0ba867007eeb036313e4cd2bd
09b4774c9c8d06f16cbe811ae058d966,5ee282624bf52741d7a502c9dbbbdf66
09b4774c9c8d06f16cbe811ae058d966,8ce9f71a4f493829da5e5c003b477e49
09b4774c9c8d06f16cbe811ae058d966,98ad59bde2196075d90a480ef830baaa
09b4774c9c8d06f16cbe811ae058d966,fa5b411a6c12ec488f06e21e148a52e1
09d6602c65b76e8f4157a06f5638c874,f10b1294a16d33eed59799877cd9e844
09d80c6172cb4ff223ed0dc82ad91fcf,4da2b241a0136525402008303149677a
09e134ec6e3ef843436450a86598fc07,d193fb591ab4c04d984e019b74178192
09faca30d4b39590d97fd08c827454e5,1ee44dc85e8991e183b47336a53b38f1
09faca30d4b39590d97fd08c827454e5,24ca37c9f314eb38ab2b6a7e2a802702
09faca30d4b39590d97fd08c827454e5,70ef1d398381723a38550e197abdc28f
09faca30d4b39590d97fd08c827454e5,aa3627720e7ef96ca5b444025e5aa267
09faca30d4b39590d97fd08c827454e5,f73ff2cf14e1f66eec643d3f1bfe386b
0a033e3e5499946b9ab133f51e71d2c1,de6d6d5c074c1c37caacf6f0a5023168
0a1ea72abc7ec2c189be9100cb5b6e24,79bf1e2f699567d21949e381680fbff2
0a1ea72abc7ec2c189be9100cb5b6e24,8f7b1097ac3725ee9ce2e0b36b332f7a
0a4c9df335e65e36dfa3e2b5d64ca8c2,3a0c6dd1d11b094a3ffe0cd3081b29dd
0a4ca3d54d39b767d2369f2e87e96d0a,6b41ae306cd72288919afcc850f5fc78
0a4ca3d54d39b767d2369f2e87e96d0a,8c7607c814ae05bf5225b07dcaf78fcf
0a4ca3d54d39b767d2369f2e87e96d0a,f1fb7742a7eafe8073459ed92686b9c1
0a4ca3d54d39b767d2369f2e87e96d0a,fd9804c6312c4fc79191bd76611f8756
0a4e18e8a2af439ddfd19d8592e0a566,bbb03f034fe6a0f3d829188cc98051c0
0a5f45e4738b0a6e2fa31050f8602336,fc115d3b3ab3a5d1db07d372e9c65d2c
0a661f6b38661a99e1d218998a8aecfc,149d04f07f474143d2b7e2e1a49f85f9
0a661f6b38661a99e1d218998a8aecfc,50effd668b361eaf026e669a7dfe6d13
0a661f6b38661a99e1d218998a8aecfc,d0632f8dcaaabdcf4fceff0b8cf44d80
0a6fca51178ee087ff504631247f423c,cffe60f976453b9d2d8d8ef099be54b1
0a6ff83b99013b1fd4a30111fd7cb058,1e929b09b0e2fb882de78801ad749db5
0a99bcf97e27e37a22817e517de88edb,1263cf383c740f53b87de0ad6ec3307a
0a99bcf97e27e37a22817e517de88edb,220e8a6aaea6383bba38499958521c50
0a99bcf97e27e37a22817e517de88edb,84a2bd102fc46de8dc94cfe9b032dcc5
0a99bcf97e27e37a22817e517de88edb,a2d721542ed1ddff3b3fe61ef2f020e6
0a9f3a2319c6edf4e1fe3612eb5179bc,7a35417752d112bd88754ce46dab3b0d
0a9f3a2319c6edf4e1fe3612eb5179bc,8f378ae772a650110864e3d4028f59e4
0a9f3a2319c6edf4e1fe3612eb5179bc,be0b1935cc7c9ca4536d4eab0fb35d68
0ab4a0bd313af6fc2f357bb3ae15dae8,10e3b7112064d6e29a2c783b8c9db1da
0ab4c7f320a968c463c2d7ae87a881f9,a69ba9b4000a219c899fda3d94c8b0dd
0ac97e80ed016a17eed3afebb2d60185,0d9892ef962680ad53d49b888eb81434
0ac97e80ed016a17eed3afebb2d60185,113d78f38584b26745358b5f67ffd9f7
0ad0441b06616fa9c86f72213cedd7e7,3fc99228dffc6e76c3b18a021127637e
0ad0441b06616fa9c86f72213cedd7e7,bec0dea03171ed323387651850e99a3d
0ad0441b06616fa9c86f72213cedd7e7,f35f51fefcbab1c0cd35b678a3e8bede
0ad128249365b1f4fbcda5574c9fdb52,a6cfd5ad580d7ea3fa1db5fd01b2f80e
0ad128249365b1f4fbcda5574c9fdb52,b1d992d3452bd1038b5aa4ac13ca2315
0ad453d9fdfabd8511aa1fd451510302,178e4f1fa834b1480da79144cec7b0e9
0ad453d9fdfabd8511aa1fd451510302,1999bf5c2202c37130aad8a64319e1a6
0ad453d9fdfabd8511aa1fd451510302,4ff6683967b272b79965981315d31cfe
0ad453d9fdfabd8511aa1fd451510302,7fbfdd63e08dec218cc2226195919196
0ad453d9fdfabd8511aa1fd451510302,b7dab1119a91eaacda5c343f0bc93273
0ad453d9fdfabd8511aa1fd451510302,ed8e56a288e8ac2a9460c67792480644
0ae895b9b3929c19b2d93efd0d6bbf2f,a412555899ae4b170857e9ebaeaf2078
0ae895b9b3929c19b2d93efd0d6bbf2f,d6b3e2218aa9aa2d899bde7c3d5a8077
0af1d7e865fbb27b8c5fac4910d93625,4626c7a512a3089dd92d11e06e769453
0af71cdd03c70df26070254a1f931c16,25f88ecaf5198ba7a239f0224f4b5138
0af71cdd03c70df26070254a1f931c16,50a8943ee3284ce3b0f7ae5705e9685b
0af7e95057071632753d3785d6cd52b3,c5c6160ccb5da3a230e906cbf7e5c5ae
0aff5d7ceceacd6fb390bbc247eba98b,28125f15a6e88c22d5d6b09a8c50fe4d
0aff5d7ceceacd6fb390bbc247eba98b,327fa6f85b908a17df3cd48aeac3d08c
0aff5d7ceceacd6fb390bbc247eba98b,4214f2e7a6a7609c2eb5ca7246cc7f57
0b0a625f7f93c358861da6ed91aa2477,25289b71acf3a00813fc9e2de5c01dc5
0b0db1106d3d59cf56e3f21b1b62b97b,204d441a8c677afdaf8520c144fd194f
0b126ec05ec40dd6df0e379af9c4cad3,fa84f1e39deb52704c166d0f30a1fc30
0b2bcb622a45b6d42b699013aa4d7280,116273dcfe8a763eac1893aad866c3d3
0b3237b1163cab7317a9a3a5960365f3,b556bfc542f9832244a3dd28c412c324
0b36f07d31d1e71a59d7a745734bd4f2,958a65036fc80f27f9fcae81fe7f7e40
0b3b0af13982859a3e07e9d3825e3786,7e8755f9968d3181c68e8669c5afbab0
0b483043a9573d304a213e5ef32dbf39,14c07827991ff03e4b6c23c04c0ad5c7
0b483043a9573d304a213e5ef32dbf39,1588d3e4854fc254ede7251c5df74f45
0b483043a9573d304a213e5ef32dbf39,1742e6d56629f1703d9aecf214cc7ee4
0b483043a9573d304a213e5ef32dbf39,6ce3500860006ed85b98840fa233fe9d
0b483043a9573d304a213e5ef32dbf39,dd0108386e6e4ecbff8f9ecc467fd6e7
0b483043a9573d304a213e5ef32dbf39,ea6965ca77aaae53cce744eb20749166
0b483043a9573d304a213e5ef32dbf39,f1fb7742a7eafe8073459ed92686b9c1
0b4a9dd28129a6470e701f5690b7245b,3d6c008ec5a489f17f9c2d2948886efd
0b4a9dd28129a6470e701f5690b7245b,55e2444f4587a61194f24649109c7ce9
0b4f9b3e46c7aef8201018a27682b29b,13658e9aa473fc1892b8a6fa30ed61d6
0b4f9b3e46c7aef8201018a27682b29b,dbf8caedc8e32655bfa28a6b23555f4e
0b4f9b3e46c7aef8201018a27682b29b,f0b140c7d8c3b5cd84714d85008e5fc3
0b68f67fd89f4a15230d365d08e29326,67373ba7e861b58f0cc9c73d64634d6b
0b68f67fd89f4a15230d365d08e29326,71ef06b9da200200801a7df5db7ca347
0b69d58c6f5b14cb374264ca5bf061c8,0f76e1b93552a65c385550c8a0f7dc34
0b69d58c6f5b14cb374264ca5bf061c8,3b7f7686fa74da7033f77038411fc007
0b69d58c6f5b14cb374264ca5bf061c8,41ff03bc49eb32b517a08a4962ab3764
0b69d58c6f5b14cb374264ca5bf061c8,62e01423cfc59329b6acb874696c0590
0b69d58c6f5b14cb374264ca5bf061c8,81b4d775b96c465bff5c607f9b8c2a3d
0b69d58c6f5b14cb374264ca5bf061c8,87cc0c8ec6896e79343c115fd584d429
0b69d58c6f5b14cb374264ca5bf061c8,a02cf644bc5118e5e473829862bc5886
0b69d58c6f5b14cb374264ca5bf061c8,cdf07468d9c693794f1da0b9ba549c15
0b69d58c6f5b14cb374264ca5bf061c8,d120c141875b0545696be39e3d176d4e
0b69d58c6f5b14cb374264ca5bf061c8,d44df7668f75c8f084cdada0a7a1aae0
0b69d58c6f5b14cb374264ca5bf061c8,da2ae411a236d52fa1e62a224bb1e88a
0b69d58c6f5b14cb374264ca5bf061c8,fabd6966abaabe52f19e44a088986cda
0b6c260f4a7aca263b7a05997ffcaf78,1ca7516f82e4b165253beb32e553c199
0b6c260f4a7aca263b7a05997ffcaf78,1f5dcdc3ea333d0f81f3eab8dd4fa134
0b6c260f4a7aca263b7a05997ffcaf78,78f4b6b4e1b8b3e28309dd5b4c310b54
0b6c260f4a7aca263b7a05997ffcaf78,7fab18138b887ce7d2693012afd2ad95
0b6c260f4a7aca263b7a05997ffcaf78,f9fcc22dfd25b796b1c6c685ee3c20fb
0b76d841ad0c61457d16864a2e94eaa9,78c238cb39f9ad607115285f867271f2
0b76d841ad0c61457d16864a2e94eaa9,80c99181ae4100defc93e53e5dc536bf
0b76d841ad0c61457d16864a2e94eaa9,89baea1d1f994dd15309edfaf4894a96
0b7ebbbcd39c1f7085fbf3e861f52c99,dc0ff6019072a549f032144fff0c62a4
0b92616a08d93ffc262d954b2323145e,6a5b7eaa5db649b91b028a5546de44cd
0b92616a08d93ffc262d954b2323145e,8633318e594315c44846a27f15717b51
0b92616a08d93ffc262d954b2323145e,8773f78b3d4bd8a6147229123f01c4da
0b92616a08d93ffc262d954b2323145e,be3b0353b2d44fd7ca8edc2bc0e844a5
0bae8bd030eabc8296663172d28ec989,32d41d32fc5f0779f5d94775ab118c29
0bae8bd030eabc8296663172d28ec989,6a02cd76e9d28b99e067f37714afe810
0bb0976288edd4152dd3e35aee11e958,8e172cb357cde5f6f1a6de802b5019cf
0bb0976288edd4152dd3e35aee11e958,bcd9bcef2853467f810110a25b0d3395
0bb2a54c678a72eb1360ac99a37b5f0b,2e39ffb99350d9d7a91883d1302186b7
0bb2a54c678a72eb1360ac99a37b5f0b,2e3af3efaddb7d88e3fd157bce96f1d6
0bb472b39a868206c58084b688eb2a31,dbb3b8b970501e8885b8da2594c58c3f
0bbee366ae06c89757de24eb985ce784,10b1ee7468e754fa67fcef15e07a8197
0bd3e2e12fbf8edf2e80393720137617,159f755aeea90c4f11bd433ebcaf481f
0bd3e2e12fbf8edf2e80393720137617,162c6e3dbb146c31a000e6a22615d48d
0bd3e2e12fbf8edf2e80393720137617,255eb84289a24ff364baf0a4db0bdf07
0bd3e2e12fbf8edf2e80393720137617,2d8a07ba2aca9136fa85c861e858d293
0bd3e2e12fbf8edf2e80393720137617,4292f6d34990543d85daa699184d0306
0bd3e2e12fbf8edf2e80393720137617,541d614206b7497f51d66fd980e2e6d1
0bd3e2e12fbf8edf2e80393720137617,75c8d68e13c4591905d34b822c85d743
0bd3e2e12fbf8edf2e80393720137617,9db73077759a156ade7f316655a69448
0bd3e2e12fbf8edf2e80393720137617,a103ba868b42da9848c95c1f0b93ab30
0bd3e2e12fbf8edf2e80393720137617,c20ae2e6575f264469cd662d3f99c8bb
0bd3e2e12fbf8edf2e80393720137617,d71230694f7572941cb75360c62a2395
0bd3e2e12fbf8edf2e80393720137617,ee2401fb49c256d8f92e50dbf3a4d160
0bd3e2e12fbf8edf2e80393720137617,eec4367d52f8bab8828c697d29f022f8
0be14ec998848e713050bd58f4053bd3,18b946f9445d8c3ad64431ee8d2f468d
0bf5cf0896109b5839f2da4e82cfd3bf,3e9152f964d15c00f2c3d2408c3063c9
0bfc933766af9450841dfc5a8008015f,40bfcd64ab2f95488f1587a1a4f276c8
0bfc933766af9450841dfc5a8008015f,589cd986754991ffd667dfd4d2650d85
0bfc933766af9450841dfc5a8008015f,5a7b57b5469c5da321ace8a7621a673d
0bfc933766af9450841dfc5a8008015f,6b2204839735cb7bf1081d46e8739da7
0bfc933766af9450841dfc5a8008015f,a81e226fd81222d5633bc72eb6c5fc22
0bfc933766af9450841dfc5a8008015f,dc191bbec37fc53a5a0fec0e7edd4eba
0c4a714adb49ff1f6deefab4c8bbb55f,bf9e98d10991d2172222ca672def8408
0c4aadd0fbc59ae940bb97bc93601fe2,8bc97ffc6901f163c8d69225919a61e7
0c4c9307ac96e0a8c96fe0033bc0a918,7a5fb214ea72d85b09d53a052f0ba2d6
0c58783a1138491c01096ee07d655736,14618c705bafdfd003af162412e65ef4
0c5f05f0e8dcccb81c5bed471ab00ee3,27e4a2a5b16d397a495168257cd3daa7
0c5f05f0e8dcccb81c5bed471ab00ee3,4f89acfa9ecfb1c0f752ba83397d307a
0c5f05f0e8dcccb81c5bed471ab00ee3,56030728dbbeb8518bcaf693264d4422
0c730bfdb2b17606944e6f2c1b659dcc,367f257b3c42bb3bd4311acf91d8daed
0c9f529819566776f4695d4c508c42fd,be17e38985335d857a195d39024291eb
0ca18bb9f2c15d6fb694be86c473a9d2,2d2f0196385e3e01f7c8c056f31b6bdc
0ca18bb9f2c15d6fb694be86c473a9d2,d9a931aad87cbce86e679ac4b9fbda0d
0cafbcb40fc4a8a32f0184448213bdd5,107b6610829cb184614d94d876050e49
0cafbcb40fc4a8a32f0184448213bdd5,13e98d0577717d8f73dfb1b8d614714b
0cafbcb40fc4a8a32f0184448213bdd5,15428aea3a5596cd96fa87c882133378
0cafbcb40fc4a8a32f0184448213bdd5,326685d2ae785823b1c39b5fa8fd6594
0cafbcb40fc4a8a32f0184448213bdd5,4798ec0f64fd7957c6c40082345eabbd
0cafbcb40fc4a8a32f0184448213bdd5,592b98c01ef440d9ef1bee213d42636f
0cafbcb40fc4a8a32f0184448213bdd5,5eeeea0412729fa989d3a4b32a1564fa
0cafbcb40fc4a8a32f0184448213bdd5,fe56e48d1143f9afe2334ba5c10ec147
0ccb80420d60fcfde8503c948f136c48,c999f41a9a90ebc2a1cd87da7457c586
0ccb80420d60fcfde8503c948f136c48,ef31bf4dd1289f6c9b6bf4b98f55a3c9
0cce5bac3d565f0b90aa17d3497e9a97,6f4607c3d3f389e3ff308e34685e305e
0cce5bac3d565f0b90aa17d3497e9a97,8191c778f2235edd3f412d79084e0eb5
0cce5bac3d565f0b90aa17d3497e9a97,b713fba008fd920122cd33e23f9ac11f
0cce5bac3d565f0b90aa17d3497e9a97,c6aa4eaa991e19fd16cf2d0c4d1ba304
0cce5bac3d565f0b90aa17d3497e9a97,ce607380b620a5a0223f5ff6ae2d2609
0cce5bac3d565f0b90aa17d3497e9a97,d768a8e09bcc94d291061cadab0f58ec
0cce5bac3d565f0b90aa17d3497e9a97,e59220d22a745e04ac4e3f4d11ca50ca
0cf2adbf4353a6c35396179ae6d00661,85b792bf2cb8b45ab8b31584c80e5857
0cf3df6ff676d869e177e79730088a1e,37e12b57dbc159bf8cb8ba8986c52b2c
0cfc4b50c37e9f3ddb23e2c79d6fc85a,5b4fe0410a8a642aeeae019da01ca78e
0cfe212c710da6955fa998629b40318d,3f80a6699010940fec7bdd4654e59f7e
0cfe212c710da6955fa998629b40318d,436e9a8155321ead4ea9eedfc5fc8468
0cfe212c710da6955fa998629b40318d,83d9425780cb7121b249f5be3dd1d450
0cfe212c710da6955fa998629b40318d,bf1aba105216c55ed7714c9dc4f4d13b
0d0263d771e0b07683eec414380241c4,b14ffcc2124d3b80f90ac8d49c49a771
0d0952f2726c714e4e71057af878c4f5,10e9f7c7b79013b9f72e76ac684c4c64
0d0af612f92e3abf4ffcec6e836698d4,1b4befa8e53727e4695b324afba99d02
0d25bcde749dc984cdc3d05729c516d1,16f006eae338042c277a8cda423295cd
0d25bcde749dc984cdc3d05729c516d1,1b0bb29bec33f4a02c1ff0a1601b2fec
0d25bcde749dc984cdc3d05729c516d1,fda1d2492169a08640185ce1247a770b
0d342e86e656a5530a54623a21793899,19ce33d4c2982ce596519391615864ac
0d342e86e656a5530a54623a21793899,e754d29b2dbd6a74a7a696ec8298153d
0d40377d5627df14347edf931f50c133,2ddc164f7b45d5aa8519a6f9f9935e29
0d40377d5627df14347edf931f50c133,bda2f1e03dc1ac93dcbddc1608658cac
0d4d9c79400afc923becb310985dcd15,2f9b7e0bef80ff7cb513b1bcc75336e0
0d4e79f64af36ab8e76846e23105daac,0f5777f9c028492caf73d312498ceca2
0d5719b5c451f81bb33c374258a5f29f,31c2894c1c2027c4a8c48ce104ebefbc
0d65cf21a2b9b786056e2a4c14dde655,9d1a2448b86bf228c25abd7cbde79225
0d65cf21a2b9b786056e2a4c14dde655,b34c1c93d977c97e5d33b2a0398c88b8
0d65cf21a2b9b786056e2a4c14dde655,d9c61ce1f05773419eecb364617df84d
0d784eeae7bfd5e10b9e04e879658b53,0f76e1b93552a65c385550c8a0f7dc34
0d784eeae7bfd5e10b9e04e879658b53,11aa39c1890aab1617757828f761cf7a
0d784eeae7bfd5e10b9e04e879658b53,28f6b21c0ce59f203fb2092ad47e0f5c
0d784eeae7bfd5e10b9e04e879658b53,291e8f177d306f383548e2ef05a5a579
0d784eeae7bfd5e10b9e04e879658b53,2d8c0ef830128a67a0a12356d985fac5
0d784eeae7bfd5e10b9e04e879658b53,3b7f7686fa74da7033f77038411fc007
0d784eeae7bfd5e10b9e04e879658b53,41ff03bc49eb32b517a08a4962ab3764
0d784eeae7bfd5e10b9e04e879658b53,5fbb3dde9fb1caa89a23771f5f9a9b1c
0d784eeae7bfd5e10b9e04e879658b53,617a9cf79697c0a24bb2960fa00587b1
0d784eeae7bfd5e10b9e04e879658b53,62e01423cfc59329b6acb874696c0590
0d784eeae7bfd5e10b9e04e879658b53,6ac048a47fe6abf40205dd46d4bfad09
0d784eeae7bfd5e10b9e04e879658b53,7db14dc3058cc6ca81295011b4745b92
0d784eeae7bfd5e10b9e04e879658b53,81b4d775b96c465bff5c607f9b8c2a3d
0d784eeae7bfd5e10b9e04e879658b53,87cc0c8ec6896e79343c115fd584d429
0d784eeae7bfd5e10b9e04e879658b53,a02cf644bc5118e5e473829862bc5886
0d784eeae7bfd5e10b9e04e879658b53,a7a4b5bf23cb560d08106ef75e1c73f8
0d784eeae7bfd5e10b9e04e879658b53,c23d5f76ef396a0f520ca6c677dccc1f
0d784eeae7bfd5e10b9e04e879658b53,cdf07468d9c693794f1da0b9ba549c15
0d784eeae7bfd5e10b9e04e879658b53,d44df7668f75c8f084cdada0a7a1aae0
0d784eeae7bfd5e10b9e04e879658b53,d6feeaed5bb9195ac670b5692ba10104
0d784eeae7bfd5e10b9e04e879658b53,da2ae411a236d52fa1e62a224bb1e88a
0d784eeae7bfd5e10b9e04e879658b53,dd720a31ae01f8066abe782818b59699
0d784eeae7bfd5e10b9e04e879658b53,ebc1919f45f9da5db0d468ce62cfdf50
0d784eeae7bfd5e10b9e04e879658b53,efe94917387a9794795e7fc79557dffa
0d784eeae7bfd5e10b9e04e879658b53,fabd6966abaabe52f19e44a088986cda
0d861771bcc95157117465f4e6a1d3e6,45a2598d8234e0ac86444cd6d1a7ed90
0d861771bcc95157117465f4e6a1d3e6,92804a0ccf98a292b8114bcdc0e4042c
0d861771bcc95157117465f4e6a1d3e6,b4aaace5115ff10030196dacca018917
0d88dcf70fe3037c65d3cd343b2eff03,3e4ca97526351c46dee3cb54c49fdb9b
0d88dcf70fe3037c65d3cd343b2eff03,3ffef572db15fe29ebb0922e929cee23
0d88dcf70fe3037c65d3cd343b2eff03,6877c399e63dac241e880a6ffad2ca3d
0d88dcf70fe3037c65d3cd343b2eff03,95ff32769e3b6643e3398395c8626037
0d926d01a4e7fadfe18533497808a581,ed5e5aaa7c4d044048b6a60064a08174
0d92b158637d997f8e65f52538d7ae25,fbe8d761e85c14a281114dd08b762871
0d97177f611af3df7302be612a573ab8,2557d21bffd868cb3fa0cc1d5df2e8a6
0d9892ef962680ad53d49b888eb81434,113d78f38584b26745358b5f67ffd9f7
0da8feebd2fe2b2c459db0ecfa5da2bf,2273ebd638fe925bc34daac1a266d32b
0da8feebd2fe2b2c459db0ecfa5da2bf,41a19bf90abef992b428553f077c979f
0da8feebd2fe2b2c459db0ecfa5da2bf,781d2bf0d1c1e4c85e3e174c1d479cf3
0da8feebd2fe2b2c459db0ecfa5da2bf,7da6357cb4ca1da6da00bd5719381fb8
0da8feebd2fe2b2c459db0ecfa5da2bf,8bb345b50e49226bc3330847c381787a
0da8feebd2fe2b2c459db0ecfa5da2bf,9f1b75dccb1a238f4a8ae0d565f890a9
0da8feebd2fe2b2c459db0ecfa5da2bf,b8ce43fd290a2cafdc4dc4c8325f4d50
0da8feebd2fe2b2c459db0ecfa5da2bf,bbd09e3b3ff37766ae55b524ffc61a98
0da8feebd2fe2b2c459db0ecfa5da2bf,dcb6021ebbfc2a397f46b09e664fdc2f
0db2846f8d519535f0e007b5bb3a3bee,328ef28da3cad9654f7dc1dc272cc4c8
0dbdd6c323bcf26f564ae80522a0898f,625b1fad33d7afce4f6acf3272ebfade
0dc5ae5f5584e06cc66e1e1c922c21f5,723713c6a52f103866426f05cd2765d9
0dc5ae5f5584e06cc66e1e1c922c21f5,d33bae3b0c51ca96921a3874ae57652e
0dc5ae5f5584e06cc66e1e1c922c21f5,fd396f341df6b2df793ecdf8c79cc0d4
0dcc1b249e44503efc73c25bb6af186b,345973f07434e51a5d318caaf4db31a4
0dcc1b249e44503efc73c25bb6af186b,ab9e3f64aa0717410aa2af28f4b41da5
0dcc1b249e44503efc73c25bb6af186b,cd81ff8a648d4c074c160143376a0f81
0dcc1b249e44503efc73c25bb6af186b,d1f19a7fecf7284a8ab1b10aea49d5ec
0dcea454efccaeee59b66544c7b773ed,18b946f9445d8c3ad64431ee8d2f468d
0dcea454efccaeee59b66544c7b773ed,6b1e5fa83c3ed7c24bad2084eaf2118e
0dcea454efccaeee59b66544c7b773ed,8aebcfcc30e09fd59b7e401d88e697c9
0dcea454efccaeee59b66544c7b773ed,8d4c019cae4e889b20628528175e00f3
0dcea454efccaeee59b66544c7b773ed,a98eb3646de7ab27334b38a776707fa2
0dcea454efccaeee59b66544c7b773ed,aafc9d91689b59a72bb41242a2a6cbe5
0dcea454efccaeee59b66544c7b773ed,feebdf60026f2c578a9fc6f99bd5440d
0dd38a5bb86b7b4e4cae8eba2cb5d9ca,14777ff1a792b13bcc727aecc287022a
0dd38a5bb86b7b4e4cae8eba2cb5d9ca,6bab80552dbbcc1d4e296726a8cea35e
0de321d5278c59b728bf5a1abb9b41b3,d1b62d77d43a6d2e5a40ed2138193b55
0de321d5278c59b728bf5a1abb9b41b3,dcfeee7469220a57e8cb783c47b4a1f6
0de321d5278c59b728bf5a1abb9b41b3,e06d8d1aadf11230288677f9517debbe
0df7e580cbe0c679102f4a03563d6624,3c94c13994c665655aa8bc8b3b18811e
0df7e580cbe0c679102f4a03563d6624,47460d51d6d1e31dd3385750981f38b7
0df7e580cbe0c679102f4a03563d6624,add2eb9d32cdfbba9162790643a5c455
0df7e580cbe0c679102f4a03563d6624,d8994e1cb94f0da41819c189fc5f3918
0dfb7fd0f985037ae4cb50bf635e35a3,16b807e09ade79f3aeceb53e3f83b83a
0dfb7fd0f985037ae4cb50bf635e35a3,73006099b0a99eb2aa9e8f6c46be1dcd
0dfb7fd0f985037ae4cb50bf635e35a3,add2eb9d32cdfbba9162790643a5c455
0dfb7fd0f985037ae4cb50bf635e35a3,d8994e1cb94f0da41819c189fc5f3918
0dfdc4e4a052a228b5c6962d8a597500,19a946be5cb20025069e7ef376834961
0dfdc4e4a052a228b5c6962d8a597500,66e627ff333cc58a3cb1615cab253eb0
0e00dd350e11dab758f9400c123e7750,18e46f61272c41f6e552f961b5658f6b
0e00dd350e11dab758f9400c123e7750,d179cb7046146ddb40749a6b5f57938b
0e0949956075c977a1ea1507eea3908f,4f425997646472d4c51d001ae7e84283
0e0949956075c977a1ea1507eea3908f,65e9094bd94a539c94c5183f7e1ebceb
0e15bb25721f8c7bbad571af64c228b3,69fc87a12dfef633087fb0ae3ce66354
0e1d45b0354deba0a585359e10c15d62,8fffd2f065233268ef4ed03d80c49c8e
0e1d45b0354deba0a585359e10c15d62,ecc551075811b0df37fe23254bd23bd0
0e22cd020d6621e5a5e885efa7322ada,49c76b4fc088e3941b80c568d65238b1
0e277ddbc2d8ab48be260883b8476f79,28d9229e2ff243f368e356b9e266dcc4
0e277ddbc2d8ab48be260883b8476f79,2d66b8eb25dd729ed643a81c1b7865de
0e322cbbb25c5ef658d5e6e41ffa9931,dd3aa7e842d508204109f99fc04510aa
0e403565f3d8e12cfc50bd77005b33c5,20c96e8cba9d7388b99df234427b1b7b
0e403565f3d8e12cfc50bd77005b33c5,2166905be578ddef4031fc641323b912
0e403565f3d8e12cfc50bd77005b33c5,5862b39c871876f729d08e0ecd866475
0e403565f3d8e12cfc50bd77005b33c5,fa098024490f58aa9efd7118bb6ef908
0e42a10dbf0e23e010b2770a7694ad21,2da97f60fa061a145e155b1914bd0c99
0e53ec428b356b532bf42e10139258eb,6764ed0df8e7dbdab1c89ccf923044a5
0e60d8d54df5a476711b6386ba3317e3,1cf50ffccd227d713d1015553eda1a9b
0e60d8d54df5a476711b6386ba3317e3,4368afb712137ca96f2ccaca324e6445
0e60d8d54df5a476711b6386ba3317e3,9244dbb626961aa8c8786debebad0c65
0e6c61f58ff13f08d852a57e0d7c5034,a96f4cadd1f2eeaf89946850e7ae0308
0e6e8d0569993c044a2248c12a8753ce,57243625dde90cafdf826e3bf6590410
0e6e8d0569993c044a2248c12a8753ce,6af40e0150a26f3a823716e98d9c7cdb
0e88e72fc1aa9b8128f9f056ced10319,fb4f895c29903ae5ee8fca1247e6049c
0e9a4f94788eed034eca6e38532e1c20,33df79499d568ca239082a9c78b659ea
0e9ca8d47a06c931deaaf3379c2e0fd1,1c4a737e543f239a6dd182a4c8eaa9b7
0e9ca8d47a06c931deaaf3379c2e0fd1,1fb88feef3a8ea62abe721723ec3f32b
0e9ca8d47a06c931deaaf3379c2e0fd1,ca7d9c31ea380350dfffe67f5af5d3d1
0ea9d36fd88ba5dcde5607596ad0e0a3,6a31ec9b1c78cd60e8eb23957fba70e5
0ea9d36fd88ba5dcde5607596ad0e0a3,7a45b1a4323523868e7439718d6dfc93
0ea9d36fd88ba5dcde5607596ad0e0a3,9ee6ced51fc51f285d174fde7fb2e783
0ea9d36fd88ba5dcde5607596ad0e0a3,ef8e863afda0721b7e4f4fe9c92dab3b
0eb859ef9820ee6851476cc48ed68348,17a7ceeced85005e397a62525deff04d
0eb859ef9820ee6851476cc48ed68348,4a3aa07aa63e94e6b09913ae162e9280
0eb859ef9820ee6851476cc48ed68348,50abfa302e57a49179dfef70e94eb2f3
0eb859ef9820ee6851476cc48ed68348,5115ebcee145799818126decbf32f577
0ebdd312d469b64fbc29465b2b5d7382,513bbf55fb41260b330d4c84e0d1fd8d
0ebdd312d469b64fbc29465b2b5d7382,abb849ab076d28a1d751641a7f57797b
0ec5b5d9de9b45f14fc6981aa5ecb5d3,da956d5efd67c7d897d3fbc3ba956dec
0ec5b5d9de9b45f14fc6981aa5ecb5d3,dc4a6dce6dbe8d652da9b9a3d1719f25
0ec5d4243f179de4d6aa5089673f4389,e7418bc1fef56e204a1a342f668cfb5a
0ecbec58b55d044c5a555b4c1cbeb7aa,45ed4750b826625ef1248bb619c40992
0ecbec58b55d044c5a555b4c1cbeb7aa,5d261694975098722069816d0f8a7bc1
0ed15f078c58ef272f6cc18b5be23b79,1f49a5e634157a7fe9cf0068aa3a2042
0edc669318cedbe5e4352e34b1570a44,af28f3ef5f97e62f5389ebcdb0de02db
0eed2d3ddfd61721cb3024b0fad146e3,244808435a9d7d545e0e0def375b8c0d
0eed2d3ddfd61721cb3024b0fad146e3,545491ea04d47dca59b5f40367d66627
0eed2d3ddfd61721cb3024b0fad146e3,6b2204839735cb7bf1081d46e8739da7
0eed2d3ddfd61721cb3024b0fad146e3,987af5e91dc062d3718546b08e9da919
0eed2d3ddfd61721cb3024b0fad146e3,a81e226fd81222d5633bc72eb6c5fc22
0eed2d3ddfd61721cb3024b0fad146e3,bbcaaa9d2e93ed884c4f6d98f5eb59b0
0eed2d3ddfd61721cb3024b0fad146e3,c476dac76ec39e90e277df25af0314d5
0eed2d3ddfd61721cb3024b0fad146e3,d71230694f7572941cb75360c62a2395
0f0649093dae5d09968a360dea1d8d46,3911146919340c7c55871532b84a02da
0f0649093dae5d09968a360dea1d8d46,3f80a6699010940fec7bdd4654e59f7e
0f0649093dae5d09968a360dea1d8d46,436e9a8155321ead4ea9eedfc5fc8468
0f0649093dae5d09968a360dea1d8d46,579a580bce11bcd1d1ec3fea6911a4ad
0f0649093dae5d09968a360dea1d8d46,652799a7ea760b9da43546710b4a91c9
0f0649093dae5d09968a360dea1d8d46,83d9425780cb7121b249f5be3dd1d450
0f0649093dae5d09968a360dea1d8d46,a163e814e3b752fe2193a809bbd31ff0
0f0649093dae5d09968a360dea1d8d46,ac5baedada70df463383868d3ab9d22f
0f0649093dae5d09968a360dea1d8d46,d48957e2e5bbef3743f68fce2931931c
0f0649093dae5d09968a360dea1d8d46,fa5c020aad3a9dd727d5a75ee03e8841
0f102eb475e82f7416acb968d0971042,28927c4cd150bb70234e536cc1c6af9e
0f102eb475e82f7416acb968d0971042,30fcb3997650c948c62025bb6b4e6924
0f102eb475e82f7416acb968d0971042,9a58f15dde64984b71d8fa0c56c2a835
0f102eb475e82f7416acb968d0971042,a83707c10e4bec50d83300de642539b6
0f102eb475e82f7416acb968d0971042,bfb6e3b4d1a2c9170ace41ed6d62abda
0f2b66db6077b6d59618915bfa5d9cdd,67e34d53a68031a3bcddcd635e280017
0f30b5c2068c37839f3ec814944e0899,e028542044ca5ee5f07429a02ea209fe
0f34e6229f01e8964828bc6a3e9873c8,635c2e9ba0f172902cf8beedf6123d9b
0f34e6229f01e8964828bc6a3e9873c8,8b7ab8fd18f75ef5f9e72b0195c8df98
0f3b2af57eb244a17d026bed56af9514,5e8d0e9bc74cc00bac96ad7759d2da48
0f3b2af57eb244a17d026bed56af9514,9ac1e9832b6722e601d1f15962b89641
0f3b2af57eb244a17d026bed56af9514,baedd7684b1818904e648dc8eee4c857
0f3b2af57eb244a17d026bed56af9514,f0f4badff8e3e4b723521ebb9ae1b146
0f4f786671411e78fec589570e68d35c,dbbeca557fbb164562a7b6d649561bbd
0f62e77fd374566ebd651ccca81b4462,4958f661415d3e870f0f90cdaf92a705
0f685fd90f577bc6d5c85a8f219ddba2,5c1abc09baae6b0e1802ccbabbf8035f
0f685fd90f577bc6d5c85a8f219ddba2,9ad4284c3d0a59f84f20bc58543b7aaf
0f6cc127bbad6fad6f9163046ba256ba,b762035e24a7f034e36ecc8ccc1fa672
0f712a828d13f82e364f1adc30071edf,7b5c823d06843b98cd8b7a43677fd2e2
0f712a828d13f82e364f1adc30071edf,8a5b6113f6bc63c89a2369ae912efa20
0f712a828d13f82e364f1adc30071edf,ed64cc654b16706044d253a7e102a819
0f76e1b93552a65c385550c8a0f7dc34,11aa39c1890aab1617757828f761cf7a
0f76e1b93552a65c385550c8a0f7dc34,1840985d6ab00dfea9ba8427b966ecbf
0f76e1b93552a65c385550c8a0f7dc34,1864bdc0f40ddb310724bf4923f9019e
0f76e1b93552a65c385550c8a0f7dc34,28f6b21c0ce59f203fb2092ad47e0f5c
0f76e1b93552a65c385550c8a0f7dc34,291e8f177d306f383548e2ef05a5a579
0f76e1b93552a65c385550c8a0f7dc34,2a39de8506e0db45ad7082ed6d7c4a75
0f76e1b93552a65c385550c8a0f7dc34,2d8c0ef830128a67a0a12356d985fac5
0f76e1b93552a65c385550c8a0f7dc34,3896933da33e267c13bb2429913052fa
0f76e1b93552a65c385550c8a0f7dc34,3ad30b03b3d23ac6b5f5d57906353375
0f76e1b93552a65c385550c8a0f7dc34,3b7f7686fa74da7033f77038411fc007
0f76e1b93552a65c385550c8a0f7dc34,3cc6dfa5f8ed1b7a649a0d12a5d083cf
0f76e1b93552a65c385550c8a0f7dc34,41ff03bc49eb32b517a08a4962ab3764
0f76e1b93552a65c385550c8a0f7dc34,4bc16d233782b9653f50ee4419dde3d8
0f76e1b93552a65c385550c8a0f7dc34,5fbb3dde9fb1caa89a23771f5f9a9b1c
0f76e1b93552a65c385550c8a0f7dc34,617a9cf79697c0a24bb2960fa00587b1
0f76e1b93552a65c385550c8a0f7dc34,62e01423cfc59329b6acb874696c0590
0f76e1b93552a65c385550c8a0f7dc34,63cf86aa8f00483221555d97e8c6ccbf
0f76e1b93552a65c385550c8a0f7dc34,6a7f5ff621d20a43a9d19340bef3db1a
0f76e1b93552a65c385550c8a0f7dc34,6ac048a47fe6abf40205dd46d4bfad09
0f76e1b93552a65c385550c8a0f7dc34,7db14dc3058cc6ca81295011b4745b92
0f76e1b93552a65c385550c8a0f7dc34,81b4d775b96c465bff5c607f9b8c2a3d
0f76e1b93552a65c385550c8a0f7dc34,87cc0c8ec6896e79343c115fd584d429
0f76e1b93552a65c385550c8a0f7dc34,a02cf644bc5118e5e473829862bc5886
0f76e1b93552a65c385550c8a0f7dc34,a7a4b5bf23cb560d08106ef75e1c73f8
0f76e1b93552a65c385550c8a0f7dc34,c23d5f76ef396a0f520ca6c677dccc1f
0f76e1b93552a65c385550c8a0f7dc34,cdf07468d9c693794f1da0b9ba549c15
0f76e1b93552a65c385550c8a0f7dc34,d44df7668f75c8f084cdada0a7a1aae0
0f76e1b93552a65c385550c8a0f7dc34,d6feeaed5bb9195ac670b5692ba10104
0f76e1b93552a65c385550c8a0f7dc34,da2ae411a236d52fa1e62a224bb1e88a
0f76e1b93552a65c385550c8a0f7dc34,dd720a31ae01f8066abe782818b59699
0f76e1b93552a65c385550c8a0f7dc34,dde720eb1ac8795643511897700c8aad
0f76e1b93552a65c385550c8a0f7dc34,e4750dcc3268ebba356557f444761f9c
0f76e1b93552a65c385550c8a0f7dc34,ea15834188cc4aa85b0056af93164277
0f76e1b93552a65c385550c8a0f7dc34,ebc1919f45f9da5db0d468ce62cfdf50
0f76e1b93552a65c385550c8a0f7dc34,efe94917387a9794795e7fc79557dffa
0f76e1b93552a65c385550c8a0f7dc34,fabd6966abaabe52f19e44a088986cda
0f76f98e97cd7125869a23d668e978b0,b096405376b84c6ad0968f0a3472e518
0f76f98e97cd7125869a23d668e978b0,db47086e01eced72b594794c49ff38f2
0f76f98e97cd7125869a23d668e978b0,e0d99544566b56a49cc74ffc6abc5e8a
0f76f98e97cd7125869a23d668e978b0,e14556235dfad5570e44bb1db0b7d956
0f77233e9ba985c7906f06cd905b7a1d,31aa3fb53d61e7d67e2fa8786f84d5b3
0f77233e9ba985c7906f06cd905b7a1d,5cdb88a80c4c0049970c84e563a977a3
0f77233e9ba985c7906f06cd905b7a1d,c891b464bcbc3f6347ad3d2497dc131c
0f79fb77a5a7b5464acbc3aec7703c05,1222eb936822d45dd9973a2d94d9c7d3
0f800bfaad7af2d75ba6c1f7f5cec97d,3114aba9d713849c8e8f58c8ff3f63e7
0f800bfaad7af2d75ba6c1f7f5cec97d,e5d0312e39ee0b783ec6fc67763f0912
0f89104c7cb499bb19b3b579a4fd575f,120baf9fbc6daca04b7027d9d7a4da93
0f89104c7cb499bb19b3b579a4fd575f,2e3390e39c09560c45b5e9cfd8bdcab6
0f89104c7cb499bb19b3b579a4fd575f,ec5fde3eb4dedc1bcce7a035da6b55ac
0f8d5e0717e278fcae078f33e4413396,e83269c86d331b6f3cc0018b22c53fbc
0f96673b9647d517bc9ce86dedacde56,be1afaf5de2ae624fda5265a94012ce4
0f96673b9647d517bc9ce86dedacde56,fb5a8793926011249e897ddfaee648a7
0fb45c400105f1fb603cca9f7a2743c9,78a2eeb782024bd3fb4ef6f516b560fe
0fb73f6f4b346e3898112baa6976c411,7dc613b703e923be47f1814791eb4d35
0fd58a39580d8b4d1c82d86abf728a4a,91d1782a00f3d48f903a575628a26805
0fd58a39580d8b4d1c82d86abf728a4a,d569c3755af328c7ec85ded60d46275a
0fe46f965f1d31b3ce3fdbcf1661e21c,28bdfd117d73a8d5cb379bc664318265
0fe46f965f1d31b3ce3fdbcf1661e21c,30e37b8001363af124273e9aafeb4cd1
0fe46f965f1d31b3ce3fdbcf1661e21c,c816066c2f831c5aa4bfd372ccb47f85
0fead8257936bfd755ce2ac31eb4a4fa,b715ef61e4488dd30e9cf2ca098bc6f6
0fecec2f52b4dab4b810054d945228f8,8cbb5222677e97e55196bed277afff7b
0fed5afa4d202fbd644d049d6175883f,4c8e90509ff5320336fde5c7ccf32da2
0fed5afa4d202fbd644d049d6175883f,7f822de0449bd3eff60cc80e7e8cba2d
0ff0304787a468d1d75a3746a9098ec2,61a152bf21de94c77730be8c8aa7e639
1016c59f850bab3dde6c8264f7c2c88a,b653a6aefc99a50b0e832fabbc8edbfb
1017522b3fd527458b59ca72707808cd,28f6b21c0ce59f203fb2092ad47e0f5c
1017522b3fd527458b59ca72707808cd,2a39de8506e0db45ad7082ed6d7c4a75
1017522b3fd527458b59ca72707808cd,3965ece3cfbb68109d5aafebb17e29a9
1017522b3fd527458b59ca72707808cd,3b7f7686fa74da7033f77038411fc007
1017522b3fd527458b59ca72707808cd,41ff03bc49eb32b517a08a4962ab3764
101ad04f3d057cb6092132cdce3738d1,43f18e1813f243e051c5b8573b2c1373
101ad04f3d057cb6092132cdce3738d1,7e162258cb38de94e958cce05410bbef
101ad04f3d057cb6092132cdce3738d1,8be3dbf88e9b0b17bef9349ca8326e4b
101ad04f3d057cb6092132cdce3738d1,e09ab87ebbce3f3598f67290e5012ed1
101ad04f3d057cb6092132cdce3738d1,eef7ab58691ad89d2b3d2b048f07a54b
101d148e2adad662c5708f7507cc9c13,4c618d19c45c2969e9ea4933e5022005
101d148e2adad662c5708f7507cc9c13,6665f3f01f5edba334dc7cbdc6bef2ee
101d148e2adad662c5708f7507cc9c13,7198a1fb4cae2d686712cf1f477735c7
101d148e2adad662c5708f7507cc9c13,94db46c05c66619dde2db6072ee33677
101d148e2adad662c5708f7507cc9c13,a1aec7d396971270ba267a0081129643
1025ab1bf6c264b0c67a48a2e159e8c0,2b76383e00a575907888eb55a0f82e11
1025ab1bf6c264b0c67a48a2e159e8c0,56c8162495bd8df0b72e4adf4c8288a2
1025ab1bf6c264b0c67a48a2e159e8c0,d1cd5a89e6af815edbd2b1c3acec6491
1025ab1bf6c264b0c67a48a2e159e8c0,ebfb63beebfe52279ac94abb427050cc
1040d1be853de16316349198066b0ca5,430c1607311cfbccfe514143de145ef0
1040d1be853de16316349198066b0ca5,4564a4564c9a8345dd450674e4d91c05
1040d1be853de16316349198066b0ca5,54c6713680514582570007bc3ae73c11
1040d1be853de16316349198066b0ca5,7e280e256c28bae9a9bde07997812cd6
1040d1be853de16316349198066b0ca5,86403cc36244ba5c2aef22684e9b1d04
1040d1be853de16316349198066b0ca5,86f24fd09684c0fb0323feed1cc1b600
1040d1be853de16316349198066b0ca5,aec8524612a4b6ba0a13a4faf5f19507
1040d1be853de16316349198066b0ca5,b0a468a48f3b2c19fbf4ed31a54779b3
1040d1be853de16316349198066b0ca5,b0e47d4fe154c15228b34e9e800de5c4
1040d1be853de16316349198066b0ca5,b298035e3b84c091154a65785f4b7ea1
1040d1be853de16316349198066b0ca5,f2933e10b3594019fdadb9b46c80b371
1040d1be853de16316349198066b0ca5,fa3c8ab7e0077dd9c0b644ed56c9f3c5
104ce407ff5f28e9dbaac460188025f8,ccf410503278d14b128d9646c995f6eb
104da759de9b4a36a98ec023799dcb4e,fee7a8ec336267595f4c2348910af1ec
104dcd90b881ebd2c29838f161de5ed2,7237dba8b89b936625030e2f211c0f1a
104e4d91e99bfe6624476b4d3525b979,8539b532b6c66336ff350aca7f56b94d
1055852ca2b40d8dfdd337bb55dc41bc,af530c12f761bfb7223bcbc60fb48d6b
10586c7a8a95a34889884b736b634b00,436dc8a8592f85418518396ed4394064
105d3ba84be831bb336141c0628e84bf,271c19d618956b3d7642b1260e80b3d7
105d3ba84be831bb336141c0628e84bf,b06fc1cde9eedc0fe86101fbb7d586d8
105d3ba84be831bb336141c0628e84bf,c57c9508789f5b7b467def43858971df
105d3ba84be831bb336141c0628e84bf,d4d1c614ab55658b6e26ecf353ba3409
105d3ba84be831bb336141c0628e84bf,fd85218cc8d7bc3d72f1408d0dda1b6a
106969a1df7422d160a3655d9c33fb42,833826090b8db5e3af2e6293150e8f1d
107b6610829cb184614d94d876050e49,13e98d0577717d8f73dfb1b8d614714b
107b6610829cb184614d94d876050e49,15428aea3a5596cd96fa87c882133378
107b6610829cb184614d94d876050e49,4798ec0f64fd7957c6c40082345eabbd
107b6610829cb184614d94d876050e49,592b98c01ef440d9ef1bee213d42636f
107b6610829cb184614d94d876050e49,5eeeea0412729fa989d3a4b32a1564fa
107b6610829cb184614d94d876050e49,fe56e48d1143f9afe2334ba5c10ec147
1089432a1c7bc1a0b25afd966eb08fc7,57eb197fdac6d457cf3e66c1a8429f05
1089432a1c7bc1a0b25afd966eb08fc7,660160d7692d277987721e8863ece4e8
1089432a1c7bc1a0b25afd966eb08fc7,7a45b1a4323523868e7439718d6dfc93
109068bac11c3e2dd0d2c55fe10117d6,c476dac76ec39e90e277df25af0314d5
1096e48499769f20a2c596a18fb96457,226a3205a745a8bef27b5c63d8b9fe00
1096e48499769f20a2c596a18fb96457,679411e94c704593acf3b39a717f9959
1096e48499769f20a2c596a18fb96457,7d23c8eeb1f66c6103308df099e1853c
1096e48499769f20a2c596a18fb96457,8c91ccbe5acddb533e345cba432a520c
1096e48499769f20a2c596a18fb96457,d033a65766f0b6f4b39c31bd0f823f60
10a3c61a527110ec022265c83d271e12,8ec62c6dd085d00af85b8ef33ad6bff8
10ac3943261f6e7e69eec9d356f0665a,c082e54ac8db7d92740e897cab6e6620
10c87674564a66b896ec8053e29e5a48,4d1198a84e0f90e6375cb361da875e54
10d65fbe5e4b8bec08cd570e7a263222,e609652a61e9dfb27ed54ef6b381adb9
10e20d3e915f1931d26fdb9c4618fd5b,2e532ef3f781a3551207a51a8c094bc1
10e20d3e915f1931d26fdb9c4618fd5b,56f127b8061d75dbf28a4a1af787bf7f
10e20d3e915f1931d26fdb9c4618fd5b,6ad0ff7c63316924027238919638af49
10e3b7112064d6e29a2c783b8c9db1da,1bf334be544e382dc83e5785e1264fc2
10e3b7112064d6e29a2c783b8c9db1da,48ede01b117374d217f14cf49299192d
10e3b7112064d6e29a2c783b8c9db1da,4ea35d956560bca9bfc58d86c68dc91e
10e3b7112064d6e29a2c783b8c9db1da,57664b91d7837158f44aaea6036874f1
10e3b7112064d6e29a2c783b8c9db1da,7c530b3e13c3abb5fac664c9ec21ca1d
10e3b7112064d6e29a2c783b8c9db1da,a5371a05eac5e6d8bea61810a7e060e8
10e3b7112064d6e29a2c783b8c9db1da,a741b4ff5d81ff3fb5b2668865e8f7c5
10e3b7112064d6e29a2c783b8c9db1da,bbb03f034fe6a0f3d829188cc98051c0
10e3b7112064d6e29a2c783b8c9db1da,e9526deac156f2fa53be1ec8077b6e96
10e3b7112064d6e29a2c783b8c9db1da,f38136c67e1c22359fbc7fcb9f5b0603
10e7f45ff498e2523116ac16617e8aa9,5f83d1ba9c7ff5d2495c93c4d16c52b9
10e806954fe574904a4d72adedbb9cd9,11e5b30f3f10ed90de397dcf2ffcb634
10e806954fe574904a4d72adedbb9cd9,e50d56ed497ca54497ca5bee7ff79735
10e9f7c7b79013b9f72e76ac684c4c64,62a0b8da26e2853cd51601444f0e4637
10e9f7c7b79013b9f72e76ac684c4c64,8193e12e2397eeba22cbafb310ad7f5c
10e9f7c7b79013b9f72e76ac684c4c64,d606ce786f0aac539ac6fd74456a57fc
10f004304b4e7e4cdae5986b504b3aad,b5ce36f4f28945d9d134e0718d64c85c
10f23eb0cb18d8cc1fb4e9b3f42dd082,a7717c2d7f0a1c7a0a34c752f87cb848
10f9a1ff17441dab688344f1d8298a74,cd7ccb4d2ab072ec7af8b86885594bde
10f9a1ff17441dab688344f1d8298a74,e0d99544566b56a49cc74ffc6abc5e8a
10fddd6908e854f03211bd8b30d7f2d8,19f8f82944732a763240cb0b2f22ddce
10fddd6908e854f03211bd8b30d7f2d8,20527513d54d45dab8a9110652febb7a
10fdf8831bc27232dd886856445386b7,21fbf9d6cd9165611da0947c2b7e53c8
1101d61b23f5b49a1ab1677fb20eb8d5,461b463324fdfdbac1c4ba2470e449b1
1101d61b23f5b49a1ab1677fb20eb8d5,636cea541c1389dddfe99c1608ca4de2
1101d61b23f5b49a1ab1677fb20eb8d5,76122b95e27995bceedaab1ab1a63715
110893fe1bcac38582cbccda9f2460ab,ca70da4121393031b2c07205a085921e
1117f477aaffa052b2f5d892ba9c5765,33df79499d568ca239082a9c78b659ea
1117f477aaffa052b2f5d892ba9c5765,c60b041770ff7109fb7d9003409fae38
111af281d2bd89b643b8ccff075114a7,a5e79ad5ae4cf75f7aa0acc3e74a89d4
111af281d2bd89b643b8ccff075114a7,d945a41ebd4ba0a9d6697e8d614bbd08
111af281d2bd89b643b8ccff075114a7,dc0ff6019072a549f032144fff0c62a4
111af281d2bd89b643b8ccff075114a7,e4a2b54db0e9882156fb9365d28763c9
111af281d2bd89b643b8ccff075114a7,e51bb4e4cad0dd3449f2fed7b9878068
112099375782956b91d19ab63e73ea6f,23a1cf12bc3c41128c242fcce460109c
113d78f38584b26745358b5f67ffd9f7,21004ca6ce2f3b85f2d0022dab04e094
11476fa531c5c7bde87e9f4f07db1098,6f1a70c3075213c94d16150f58d48c35
11476fa531c5c7bde87e9f4f07db1098,a0f4ad6445a658ee56e81fae6cc43b90
11476fa531c5c7bde87e9f4f07db1098,ad4adb98442547bedda170941f0a1d15
114ade23468ab2cb4946a5b9935d25c2,1ca7516f82e4b165253beb32e553c199
116273dcfe8a763eac1893aad866c3d3,908f3b845002d7ac4121a88472cca91b
116d2f5339f7b5ff9254fde6e64560ee,2f445f90e4beff239d6a87300366da91
116d2f5339f7b5ff9254fde6e64560ee,57db92f1b857d8677be7222ef01672fc
116d2f5339f7b5ff9254fde6e64560ee,75258d485f50fa0515111b55be9d632f
116d2f5339f7b5ff9254fde6e64560ee,7baf6f8a1051ff358befc4886c7183a4
116d2f5339f7b5ff9254fde6e64560ee,9876f0f04c02a4a793357228545febf6
117f3a3df47b3214376c98056d4abe0f,b33aec4ae7965125c6905fa49c5e88a1
117f3a3df47b3214376c98056d4abe0f,ba24db758e8e5c9db15786a5284f009b
118c2b614400aaa7ac604d66af1ea934,b7a0eea1cbf526db42837a9ce468b057
118c2b614400aaa7ac604d66af1ea934,bd5c38f45b8fd000bce69f737a8dc5ca
118f9f29a39150e6ab1786b1e6ffe206,60899d54dd0b59e291cff1ba2d311187
118f9f29a39150e6ab1786b1e6ffe206,9d28686312f4fb09e5935896c826a507
11a32840a692f61620a4dbf5ffd666d7,4598f5d12677b685075b2cadb3bc7d09
11a7d3af85912b64c3b3bcad576b74e1,2e2f3baaf6868e701fbf182d6b0a46af
11a7d3af85912b64c3b3bcad576b74e1,ccf43e1dd6cdcb041c8f7a1e6dd8332d
11a7d3af85912b64c3b3bcad576b74e1,daffa6893d6a05ffffa53019d5220b46
11aa39c1890aab1617757828f761cf7a,1840985d6ab00dfea9ba8427b966ecbf
11aa39c1890aab1617757828f761cf7a,28f6b21c0ce59f203fb2092ad47e0f5c
11aa39c1890aab1617757828f761cf7a,291e8f177d306f383548e2ef05a5a579
11aa39c1890aab1617757828f761cf7a,2d8c0ef830128a67a0a12356d985fac5
11aa39c1890aab1617757828f761cf7a,3ad30b03b3d23ac6b5f5d57906353375
11aa39c1890aab1617757828f761cf7a,3b7f7686fa74da7033f77038411fc007
11aa39c1890aab1617757828f761cf7a,41ff03bc49eb32b517a08a4962ab3764
11aa39c1890aab1617757828f761cf7a,5fbb3dde9fb1caa89a23771f5f9a9b1c
11aa39c1890aab1617757828f761cf7a,62e01423cfc59329b6acb874696c0590
11aa39c1890aab1617757828f761cf7a,7db14dc3058cc6ca81295011b4745b92
11aa39c1890aab1617757828f761cf7a,81b4d775b96c465bff5c607f9b8c2a3d
11aa39c1890aab1617757828f761cf7a,87cc0c8ec6896e79343c115fd584d429
11aa39c1890aab1617757828f761cf7a,a02cf644bc5118e5e473829862bc5886
11aa39c1890aab1617757828f761cf7a,c23d5f76ef396a0f520ca6c677dccc1f
11aa39c1890aab1617757828f761cf7a,cdf07468d9c693794f1da0b9ba549c15
11aa39c1890aab1617757828f761cf7a,d120c141875b0545696be39e3d176d4e
11aa39c1890aab1617757828f761cf7a,d44df7668f75c8f084cdada0a7a1aae0
11aa39c1890aab1617757828f761cf7a,d6feeaed5bb9195ac670b5692ba10104
11aa39c1890aab1617757828f761cf7a,da2ae411a236d52fa1e62a224bb1e88a
11aa39c1890aab1617757828f761cf7a,dd720a31ae01f8066abe782818b59699
11aa39c1890aab1617757828f761cf7a,ebc1919f45f9da5db0d468ce62cfdf50
11aa39c1890aab1617757828f761cf7a,fabd6966abaabe52f19e44a088986cda
11b6badfc7067bab0b94943dcac54cd3,1ca7516f82e4b165253beb32e553c199
11b6badfc7067bab0b94943dcac54cd3,363d8399f754d23b020550d3ed4e40b4
11b6badfc7067bab0b94943dcac54cd3,79ca87e47cf8c39bdae40eec96ff0bc5
11b6badfc7067bab0b94943dcac54cd3,7b756f8a893f3b85e135c8e94a41619d
11b6badfc7067bab0b94943dcac54cd3,f426bc0d6c6df6fc306a1afd12806757
11c4857f5029dca3cc8d9ab4d768092d,16b807e09ade79f3aeceb53e3f83b83a
11c4857f5029dca3cc8d9ab4d768092d,47460d51d6d1e31dd3385750981f38b7
11c4857f5029dca3cc8d9ab4d768092d,73006099b0a99eb2aa9e8f6c46be1dcd
11c4857f5029dca3cc8d9ab4d768092d,a6e647fb14d01b1c924ee4503f5af10d
11c4857f5029dca3cc8d9ab4d768092d,add2eb9d32cdfbba9162790643a5c455
11c4857f5029dca3cc8d9ab4d768092d,d8994e1cb94f0da41819c189fc5f3918
11c4857f5029dca3cc8d9ab4d768092d,d8a134675ed03cba6eff4453b77a1aef
11c4e4d305519a0a61ff5022e9901748,e053347f2aa2a5c0ff631ba26964ca1e
11c4e4d305519a0a61ff5022e9901748,f8db4e9df5fdf80ad46051800281faa4
11c8ec313932795a21b76fb3a9674c6c,9136f9143558c8d08c331e794ba4acf9
11c8ec313932795a21b76fb3a9674c6c,a0798d5c9f0a877a9cfb1122e845cfde
11e5b30f3f10ed90de397dcf2ffcb634,12d807d79b8d810817ebfb74cdbf232c
120b6b83b60aac07ee46016ad3a972af,3a7b2e03cf8cc2290e2a9a6f256bd472
120baf9fbc6daca04b7027d9d7a4da93,2e3390e39c09560c45b5e9cfd8bdcab6
12172e66a6b6c15b6043fbc9f37b99c5,154aadf162d229a85037c1aa2dc81103
12172e66a6b6c15b6043fbc9f37b99c5,3ffef572db15fe29ebb0922e929cee23
12172e66a6b6c15b6043fbc9f37b99c5,520020af6f73cd44599cbc3146ea8e38
12172e66a6b6c15b6043fbc9f37b99c5,5ff4b713bd9bfa220ebc9013152287c6
12172e66a6b6c15b6043fbc9f37b99c5,6877c399e63dac241e880a6ffad2ca3d
12172e66a6b6c15b6043fbc9f37b99c5,704a17ad5a940c5a86ecb202e612dd12
12172e66a6b6c15b6043fbc9f37b99c5,76dbe028e7ff780cf7c44cdd35391805
12172e66a6b6c15b6043fbc9f37b99c5,95ff32769e3b6643e3398395c8626037
12172e66a6b6c15b6043fbc9f37b99c5,c6d609e5755122be73006e3d1b12befa
12172e66a6b6c15b6043fbc9f37b99c5,d09fa69c6d5615c26aac2f825b8e7328
121f4646e08c271a5290456980f9360d,1846bb3d1fa19d41a0e4994096faa538
121f4646e08c271a5290456980f9360d,43f18e1813f243e051c5b8573b2c1373
121f4646e08c271a5290456980f9360d,984ebdcb3f568d9389b22851aad490de
121f4646e08c271a5290456980f9360d,eef7ab58691ad89d2b3d2b048f07a54b
1222eb936822d45dd9973a2d94d9c7d3,2984f7b990b0a2198197b6a946a44b8d
1222eb936822d45dd9973a2d94d9c7d3,4bca80be85449b4de75dba0a14afc20a
1222eb936822d45dd9973a2d94d9c7d3,de3be9f27ad6b236585f95d8f3a86c57
1222eb936822d45dd9973a2d94d9c7d3,ea8b366777e16ee32ba92077ec150b23
1236863dc83c35960cce36f00d263eb3,bedf0c0a2c1d1d58c1ea64b75b45a7da
1237447f547319fe18e2379ed864d4d0,561f36f0e52178fe09988f30a2c5d772
12528cf90f4cbf7fcfb0ca7193019bcf,371409efa158c8ba9bbfd4fd42639d49
12528cf90f4cbf7fcfb0ca7193019bcf,919427635102729d72c16e666c43b2ba
12528cf90f4cbf7fcfb0ca7193019bcf,c53102c1707c089a2bafe636bc2a33c7
12528cf90f4cbf7fcfb0ca7193019bcf,f7738d04ed15f28d0cb5f615612f3865
1255688b25f899181378ea419a30fae7,2d88aaca36459e0f32f6a98ef069f335
1255688b25f899181378ea419a30fae7,ca03be750993312a74fa826e6baeedf4
1255688b25f899181378ea419a30fae7,f2d4cd727f450eb1b31e966617dd3ce7
1263cf383c740f53b87de0ad6ec3307a,84a2bd102fc46de8dc94cfe9b032dcc5
1263cf383c740f53b87de0ad6ec3307a,a2d721542ed1ddff3b3fe61ef2f020e6
127071b4e986ed1c4eefcfd0da4d7959,62047ce733ae27f307575251eef5383e
127fc99443c5fa46a29b39b82e7791e3,3a52455cf90decca4f01e410d2a17887
12904b51a9fa00b8f051d11373d07fae,6b0b2d5a7732de42fe432984289e73f6
12a3c62b8082e770aa098c8ad1745505,e71b7717e30965afe664983f41fb0324
12ae017ee0410ec99f64dee7f1c9ec56,c4056f16e8edec4c7b2862eeb705cb1e
12ba989cf19b45069e98f68249c6bfb6,1bea64d7fb7409b91a7a5c5b908ea0b0
12cbbddb785707e9ad8b1970bf7131ac,52cf7ad53f583f421f572b4a5732998f
12cbbddb785707e9ad8b1970bf7131ac,d0079cf12bf44e45645d95e6d91170ca
12ce30397b3dd32ba0a5eac670b4eeaa,24c23ba118330e170fd2443c315633cc
12d2e901fd36c5a1ed1a4656ebc01364,e3beb0d05030275736747e9a40e73513
12d4e107d4bf8716ff8ed08d5b7b441f,5265b1926c963f3ce6e0d453e1c53c28
12d4e107d4bf8716ff8ed08d5b7b441f,e9fcc0083760042f3b8e863f527f4f07
12d807d79b8d810817ebfb74cdbf232c,e50d56ed497ca54497ca5bee7ff79735
12f74b65d1d65f2c22738cc528d286a3,e95d161749077fec696e90961bb070eb
12fc46fda274937e2c37d7f6b95fb80b,ea09f8ff89fb456aa4e3cd9af489cde2
12fe40126396387884fe0ac17a2611ae,91cd1e2cdee57ce50a5d8943221e5ab9
12fe40126396387884fe0ac17a2611ae,94f27f00ad7d2659e5d5761458e44e46
13063da9a700ba29afb494f09d9bde3b,5ca73a6096ea3a44dff9f9a70460e6f2
130a9bcb2e787b61d663c1dad2d46d2a,8341bf7bb3899561b21756d3743ed0ff
130a9bcb2e787b61d663c1dad2d46d2a,fb97ef155bc0d5d1ca72e427d573a584
130fe0866824a308a2d5434ce2f50e57,2337f1bf42fb559bb6dcc3a23e13d672
130fe0866824a308a2d5434ce2f50e57,6047d430b471b5c0e4c0fe1aff704376
130fe0866824a308a2d5434ce2f50e57,9390fc2cffb79bd4cacccebf8d5fdad1
130fe0866824a308a2d5434ce2f50e57,c790f25dca42ba6d9c0802f5e446c27f
130fe0866824a308a2d5434ce2f50e57,ef9d06523d87e12d22e0cb6b4df8a1ab
131efbb1b2069259ebc2e7fc6ccc1719,4fba01a8771de1e1d3b5930def7c6f5e
132028a0b127e3e9338bb537ba946ad2,39d31186c1652a558501b7799b14ca68
132028a0b127e3e9338bb537ba946ad2,b55f8e0cda82c9f4b45ba65e1a40de78
132028a0b127e3e9338bb537ba946ad2,cf2b3be2acc2bc2bf15a5730adf154bb
13235209a347a5e988361f709b62b36e,86f86904fdcffe9b232256de42a96ef9
133ad23b29e51bf39a3f6f493f50c050,45ad23ca2c6422198372c21e84ed9b94
133ad23b29e51bf39a3f6f493f50c050,a75a31928c3ddcb5e2c3794f443eed1c
13489c8691553e17837a07ce9c637bb0,9c524e5e104fb0777f685345727ef140
1350c32eda037b0ec6dd9b19d8c084ee,42cab4b0f92a094ade8d57f291b10325
1350c32eda037b0ec6dd9b19d8c084ee,c5a0c4a282b45973632984e3328776a9
13658e9aa473fc1892b8a6fa30ed61d6,dbf8caedc8e32655bfa28a6b23555f4e
13658e9aa473fc1892b8a6fa30ed61d6,f0b140c7d8c3b5cd84714d85008e5fc3
1368197b8f0c2d7da267e1ba3c9e4e15,944d60b0a8c253d19fe7a5b4e896ff96
1371bd5263cfffbd1aa1cc9ada4bff3d,4139740f84de5fa03aeb144f592f2d5a
1371bd5263cfffbd1aa1cc9ada4bff3d,8367f00a522578a7111beb0c6e9538c4
1371bd5263cfffbd1aa1cc9ada4bff3d,f39e9f0e445739caa22fcde0e89956ac
13728d9cb875478942e6a133e1a7117a,99643c65471fa2f59270f8d2d40d61b8
13728d9cb875478942e6a133e1a7117a,b9c0fcc244b69452ce824c703319487d
137dce2e87854087986604d539d4bbcc,5412ed8d0075d3b3e943ffd40005fe5c
137dce2e87854087986604d539d4bbcc,80da6078e42b19ae26a227bdd381bc84
137dce2e87854087986604d539d4bbcc,9d56ab4172c82b077fd198859a28c067
13907fb7a6c7858a5cad2b3a364edc00,c470b1cb3ea4c591c46c541a86a6176d
13a37064221e76a1a902c7c5345ec357,b70bc1aeebd8dd27773ae8ab866f9f19
13c6588e1d096c9ddf3db0dcc19f05a9,927b403bec1374ee04d58b7c613a2fdc
13c89aca91c09c6dacecc4078b423603,4a3ac4483e2b15bf5497874671a5a0f0
13d6afbef77453453fd26bd7b0f027bf,a71ac0414dc0b73a630d4442cec668fd
13df51f18168af29b0b408fc3764c77f,925c8e589ad64a3233123fb1adf9edfb
13e98d0577717d8f73dfb1b8d614714b,15428aea3a5596cd96fa87c882133378
13e98d0577717d8f73dfb1b8d614714b,3491b4265deb2239e0c2d6fb93772c98
13e98d0577717d8f73dfb1b8d614714b,592b98c01ef440d9ef1bee213d42636f
13e98d0577717d8f73dfb1b8d614714b,5eeeea0412729fa989d3a4b32a1564fa
13e98d0577717d8f73dfb1b8d614714b,71ea073239258408e8b0cf6c88bd57b4
13e98d0577717d8f73dfb1b8d614714b,fe56e48d1143f9afe2334ba5c10ec147
13ea4bf354eb3bbcc475d4afb147cab9,41105722f531f58b2cfec2549adf1aea
13ea4bf354eb3bbcc475d4afb147cab9,721c4a3b310642a78151309efc8544f7
13ea4bf354eb3bbcc475d4afb147cab9,81d381542d6a865183828760d3cf4b82
13ea4bf354eb3bbcc475d4afb147cab9,929bf9bae6be91ab859c08caacf8cd9e
13ec6bb6811510aa8a8bc82d56e9344d,2ab05c84c72e3d3fdaa684c93ebaf157
13ec6bb6811510aa8a8bc82d56e9344d,dd0c67127ba63491167b99b7d422efca
1405455289e56ce74279b736a795b478,8dcce173ffea45f4b0c5c13149c03538
1405455289e56ce74279b736a795b478,e735981d99dc64711814b7f11358db8c
14341d4436d2cec86e6c5ffba71b386f,b0cc3deed0a1d0fce8c1fc1a834ff532
1434d5f2ccdec1f1389aaa6da136c63d,181fbb94ed028757e9873f6b58a343a2
1434d5f2ccdec1f1389aaa6da136c63d,4bca80be85449b4de75dba0a14afc20a
1434d5f2ccdec1f1389aaa6da136c63d,ea8b366777e16ee32ba92077ec150b23
1439a2c79a4a3b6b438380e92ff7ccfd,1ec568f4149fc84fc3e0422e16b4a3ce
1439a2c79a4a3b6b438380e92ff7ccfd,d48b14ef60b2cb2131d43d8d2db62b7e
145069604ca0185c0514ec65c7a135b4,9203410de1c041d9cb8bd76db6076ff5
14534024fc2cb589b791e167d0ee7458,6fd70b63efd30234160a6dbc0986ecc4
14583961ce5cfd9fe12d25702eba3f0e,774bb32932a7607a1c094fb2bf175a35
145b0f67cf90b635bb14eb2209d112a0,e874853f62463cf5a2f6d6c86892eb38
1462b668ae868024090396d3e73b1297,28f6b21c0ce59f203fb2092ad47e0f5c
146a0888a65600d34529f280d99ba894,389c498cc8c6a86d6b3b0d794c42fe98
146a0888a65600d34529f280d99ba894,f4f7c9312c313a17aca6cc9ee48d43e3
14702f1c342a49bf1ed56cfeaaecfebf,4585d4012678db376ef77e2ca22c5bc4
1472d1d51559cde06531412516a288a4,17ab52df1e132b64aa8c2448ba49c85e
14777ff1a792b13bcc727aecc287022a,51a73ef0916db953ac39faee4ca856db
14777ff1a792b13bcc727aecc287022a,6bab80552dbbcc1d4e296726a8cea35e
149d04f07f474143d2b7e2e1a49f85f9,50effd668b361eaf026e669a7dfe6d13
149d04f07f474143d2b7e2e1a49f85f9,5408cb8514b85920b44db0999f1b9ad6
149d04f07f474143d2b7e2e1a49f85f9,59485580efc0f528daaff00b95970c33
149d04f07f474143d2b7e2e1a49f85f9,60f237e3bce17f22df8045da918ca904
149d04f07f474143d2b7e2e1a49f85f9,a912b50298580e88abda56999c54f9bf
149d04f07f474143d2b7e2e1a49f85f9,afbd380da5e88c1c70964bb2764c930a
149d04f07f474143d2b7e2e1a49f85f9,bec905a68bd661e23d9f8e50562ff627
149d04f07f474143d2b7e2e1a49f85f9,dc6c1bdb6de35d310eed4e79dfab7ea6
149d04f07f474143d2b7e2e1a49f85f9,f559ddd9259b3e250f046d45173cb60f
149d04f07f474143d2b7e2e1a49f85f9,fb47311c6a0c2bb9462c81e0e5a0baf0
14a8c4d33b4324ff25d327e842c15fe5,df4e6683480dcd3a7610fdb276a9d26b
14a8c4d33b4324ff25d327e842c15fe5,f33d1fae8d87daae3f0f8b567f5885c3
14b1628c7764ddfbfe0043c0769102ec,9937d3250a95183b6db83841015b43d4
14b45ef2f2e46a9b9a69290ebe5a35b7,59552c82441ed11d93a7de880234cbd7
14b45ef2f2e46a9b9a69290ebe5a35b7,9eb690850e2cd7b97de21331ff0be95e
14b45ef2f2e46a9b9a69290ebe5a35b7,c01d0733296945417a4bea3a20297221
14c07827991ff03e4b6c23c04c0ad5c7,1588d3e4854fc254ede7251c5df74f45
14c07827991ff03e4b6c23c04c0ad5c7,1742e6d56629f1703d9aecf214cc7ee4
14c07827991ff03e4b6c23c04c0ad5c7,1e957ff2b0248001be0b1cf01207b943
14c07827991ff03e4b6c23c04c0ad5c7,2302871ffee6e15620ea6517e24e81cd
14c07827991ff03e4b6c23c04c0ad5c7,6ce3500860006ed85b98840fa233fe9d
14c07827991ff03e4b6c23c04c0ad5c7,dd0108386e6e4ecbff8f9ecc467fd6e7
14c07827991ff03e4b6c23c04c0ad5c7,ea6965ca77aaae53cce744eb20749166
14c07827991ff03e4b6c23c04c0ad5c7,f1fb7742a7eafe8073459ed92686b9c1
14c824692c734a149f7d238ba88d604f,1d98d922f8836f9ee15aed6289ff273d
14c824692c734a149f7d238ba88d604f,51ce1d6028c47543a7ec7fd69e74e940
14f5511d1c43ed300d2e233431c41f17,2906db9cf00d71517445bcba80adf182
14f5511d1c43ed300d2e233431c41f17,6baff615c5e4a1c900ffb812ebfd8ac5
14f5511d1c43ed300d2e233431c41f17,a73d18a2d029f7a976ed5a5e6f005e7d
14f55f1fe689f616ea7d5e1e0866e167,22ab57b34c9c7655a7c3c940598b61a3
14f55f1fe689f616ea7d5e1e0866e167,ad9835184a4ac03d1922640b8aa31ce7
14fa901f7f6f9f6114580c9ca7027942,2599c716d50378f5520a3afe4d038d41
14fffa3e41fcef3ae9766f9f96a1ceab,54e35cb673134abb1a63adc720730d15
14fffa3e41fcef3ae9766f9f96a1ceab,98590034bff43f3ab47b18a0e3679e33
150e9fc5dad137fc43aa6a8b4c65b504,61c6c8d64a6195475533b16566535afe
150e9fc5dad137fc43aa6a8b4c65b504,9f20768fcc2fb59feb5249559080f99b
150e9fc5dad137fc43aa6a8b4c65b504,c78c178884138c3e2ad755fca52537cc
15123fa66510e805fc8c4953b8b7a6df,88a6de3218afe21dafbfbedfdc18efce
15123fa66510e805fc8c4953b8b7a6df,d026b7aa27efd65551d209d4e4038224
151d03ace2ba0c151200b5b3662709de,28f6b21c0ce59f203fb2092ad47e0f5c
151d03ace2ba0c151200b5b3662709de,bfb02ff8b18730492fad3af276bbd63b
1524e9e12fde74993e699b4f2b03e123,ec809678b267c0a5172866e2388d706e
15270daeec4bea371f519910d8132ebc,6bdf64446b651806163883ef75af7d20
152c8d7a2ed2b5c9e3b54dc1f6361e4c,9a4891a3f97c7a2414af54c625f1c093
152ffcde2b4d35a2b2f66e5d4625581b,5d0415fe8b21f267bc804b51d0e7a738
153034964c661c3b23ce8dc432280ebd,1aff7e6e4fe830dd543ba0318b010a99
153bfacf31573551d1e8bdb01a2f1974,47045908c02ee2b5dd503959f34e347f
15428aea3a5596cd96fa87c882133378,4798ec0f64fd7957c6c40082345eabbd
15428aea3a5596cd96fa87c882133378,592b98c01ef440d9ef1bee213d42636f
15428aea3a5596cd96fa87c882133378,5eeeea0412729fa989d3a4b32a1564fa
15428aea3a5596cd96fa87c882133378,fe56e48d1143f9afe2334ba5c10ec147
1546e3e953f16d6488e3aee6957a45a1,b006037c02a04e3d09530b385ad98a3a
1547691c1caed5ae5c4fff473677df70,f627bb5b7b329ee1263086f680d59490
1549ccfc62772afaf0c6f03a21e3ca06,6b2204839735cb7bf1081d46e8739da7
1549ccfc62772afaf0c6f03a21e3ca06,a81e226fd81222d5633bc72eb6c5fc22
154aadf162d229a85037c1aa2dc81103,3ffef572db15fe29ebb0922e929cee23
154aadf162d229a85037c1aa2dc81103,520020af6f73cd44599cbc3146ea8e38
154aadf162d229a85037c1aa2dc81103,5ff4b713bd9bfa220ebc9013152287c6
154aadf162d229a85037c1aa2dc81103,6877c399e63dac241e880a6ffad2ca3d
154aadf162d229a85037c1aa2dc81103,704a17ad5a940c5a86ecb202e612dd12
154aadf162d229a85037c1aa2dc81103,76dbe028e7ff780cf7c44cdd35391805
154aadf162d229a85037c1aa2dc81103,95ff32769e3b6643e3398395c8626037
154aadf162d229a85037c1aa2dc81103,c6d609e5755122be73006e3d1b12befa
154aadf162d229a85037c1aa2dc81103,d09fa69c6d5615c26aac2f825b8e7328
154ec7ec04480234d996c7206ccef746,3d6c008ec5a489f17f9c2d2948886efd
154ec7ec04480234d996c7206ccef746,60899d54dd0b59e291cff1ba2d311187
154ec7ec04480234d996c7206ccef746,9c1e12ea24b59e2ac4c33f4db157b671
154ec7ec04480234d996c7206ccef746,9d28686312f4fb09e5935896c826a507
154ec7ec04480234d996c7206ccef746,a5b1f854e8dda30ec015e923b4a83597
154ec7ec04480234d996c7206ccef746,e90c30c355bad4006cc6adcbc1d926c2
155af2abad0807ae96b6c20de707a11d,fcf70a636a8f8f0e15a56499416e4222
155de95ac38b1da66ac539cc5a152b60,db1dc2429dc126dea53fcaaafd092c66
156a1bafe6f1b79058c9e6245d08c737,d09dad9a606079f2635b040cfc593843
156f90f5d312b5e915399757af79db01,f2d6236606db5b957650444c518504ac
15713b4344116262aa612dd652d1e15d,6825dcbd15940ed51a6b651201b0b881
15713b4344116262aa612dd652d1e15d,77849c12adeed19f69558909bc09d735
157f07c2cfe1f6f13c4802ff44a12b6d,301a7d411485bc9cf1a68e5a7d450bd7
157f07c2cfe1f6f13c4802ff44a12b6d,5915a5d8bae2aef88b74d52a5ee6654d
1588d3e4854fc254ede7251c5df74f45,1742e6d56629f1703d9aecf214cc7ee4
1588d3e4854fc254ede7251c5df74f45,6ce3500860006ed85b98840fa233fe9d
1588d3e4854fc254ede7251c5df74f45,dd0108386e6e4ecbff8f9ecc467fd6e7
1588d3e4854fc254ede7251c5df74f45,ea6965ca77aaae53cce744eb20749166
1588d3e4854fc254ede7251c5df74f45,f1fb7742a7eafe8073459ed92686b9c1
1596df8268f973e23a8545ff8d7ca212,9548abaf9f8c0cb72d9428dc49003f57
1596df8268f973e23a8545ff8d7ca212,ad1fb6e50f810f52af1fcc92fb5f289c
159f755aeea90c4f11bd433ebcaf481f,3043d31895986f09d11e1921bee65b1d
159f755aeea90c4f11bd433ebcaf481f,6d6a12251fa4fb4eef4bd27623b72d0b
15a55528441955187e503c5a8e511b3c,5c7669052278ca400e9e36fea01734af
15b552f9d542e5d5273d52b95582c620,441670d9d173de5976e419888093c640
15b552f9d542e5d5273d52b95582c620,519b0aab856d7bccf88555eb680b7cc1
15b552f9d542e5d5273d52b95582c620,5e10b693ddd519a525ae4cd8708ca1db
15b552f9d542e5d5273d52b95582c620,62f2c321d66572624ee47dfb5de3d4db
15b552f9d542e5d5273d52b95582c620,ba5b6630ebf3d621bb1cbab9d5a49088
15b552f9d542e5d5273d52b95582c620,be97c3fbcbae9d4771fb148a3bb3b2d3
15b552f9d542e5d5273d52b95582c620,c76776d03545c7c17c217acbd683ae18
15b552f9d542e5d5273d52b95582c620,c7f8c98bf998d172993590869127fc4e
15b552f9d542e5d5273d52b95582c620,cb81261a476e11f5249afc71bdc870bd
15b552f9d542e5d5273d52b95582c620,eb3d0dcae584730cb5eccec1f5c00542
15b97dbb59f7e9e32df4fd74654e8bf2,25dba10b298f0f38190c3095e0c20190
15b97dbb59f7e9e32df4fd74654e8bf2,3b3088e35f054c195ba194702d212c8c
15d88df3a538a8ff3963962ff6955ef9,1b5a03d53d91f823c38bf959d51b582d
15e4efab7e251f090764ac7adb74e0b4,ddc120877522ab25dcb2699e185dd389
15e590bbbe68f6703669605ba870553f,38b23693710258bdf646be5ab0482969
15e590bbbe68f6703669605ba870553f,89bdb09d5599019339288b01a0272a19
15ea30f7befce29c4622356e866c2e0c,45a2598d8234e0ac86444cd6d1a7ed90
15f06e755a0ea9cb58c6d2a43d53b61c,1e59be9cf04e77aa9cd5aea26a768c81
15f06e755a0ea9cb58c6d2a43d53b61c,560c08b305da886c11d1e5d3d9880b7d
15f06e755a0ea9cb58c6d2a43d53b61c,6079f3cccd43400977dcb85e1cbe5b77
15f06e755a0ea9cb58c6d2a43d53b61c,962a77b8e32fbffc7bb751e32a2840f5
15f06e755a0ea9cb58c6d2a43d53b61c,980c35da95e84668d8fc5594bed10306
15f06e755a0ea9cb58c6d2a43d53b61c,b59438032b3575852431520b323cfd22
15f06e755a0ea9cb58c6d2a43d53b61c,c5a72a318ac0c190d3fe9d3b97f5ba62
15f06e755a0ea9cb58c6d2a43d53b61c,d6d6c0810cbd7f94127b32aa11b18fdc
15f06e755a0ea9cb58c6d2a43d53b61c,edda894e130693e415f4972f242567ad
15f06e755a0ea9cb58c6d2a43d53b61c,f32651105c9bfb2580594981576891e0
15f7e30b61aa46562933b1993147b3a7,28f6b21c0ce59f203fb2092ad47e0f5c
15f7e30b61aa46562933b1993147b3a7,3d45174a13d1be4bf23ca8d7ca10e8f3
15f7e30b61aa46562933b1993147b3a7,87cc0c8ec6896e79343c115fd584d429
15f7e30b61aa46562933b1993147b3a7,c06f3f926cc18b45ba350495c59c0093
1604c07f1dc87db10daf2e813a342ddc,277fe32223090e64357a3726e8326a6c
1614026743e4ca2c233a29ea37ba46bf,3d29bdc5567a693e60a0bd3be1fecf0f
1614026743e4ca2c233a29ea37ba46bf,4e556912d978744472823f6239d08639
1614026743e4ca2c233a29ea37ba46bf,51282e74d6171fef4eaf505b4c2819e1
1614026743e4ca2c233a29ea37ba46bf,605c78069f7db8126571b96d98d05a2b
1614026743e4ca2c233a29ea37ba46bf,a04f4a09bc2b544ded1c72448acab83d
1614026743e4ca2c233a29ea37ba46bf,ac30501be6d236a299f34f3cf954b7f6
1614026743e4ca2c233a29ea37ba46bf,b28ecd267a8b6f7bac5bc4959c66be49
1614026743e4ca2c233a29ea37ba46bf,ca4d41b8d403af7db6136532ab8c32bf
1614026743e4ca2c233a29ea37ba46bf,e9ac334c6703864c1b910215877cdea8
1617551db816d830b32a4f1cb87d94ae,3da8d37d5806145e0c62ee423a1054a3
1617551db816d830b32a4f1cb87d94ae,514bf91316ce3a445b1a354d9d3e8b5e
162c6e3dbb146c31a000e6a22615d48d,4e9c33a42bf2db6cc0aff402f7ef7bab
162c6e3dbb146c31a000e6a22615d48d,8c205c17759f154956e5738c2cd7df3a
16426e0774d86eb541c89d7f5ce61c40,1c6a2ce35aa41bccdee7169117c33eb4
16426e0774d86eb541c89d7f5ce61c40,d9c15f9cefe2039fa8e330591bee225f
1657a04c71c990073aced2d3c48a301c,2baf905afff4d326cee22abab19709fd
1657a04c71c990073aced2d3c48a301c,37af42b22d16b36766001d4cf987c1c8
1657a04c71c990073aced2d3c48a301c,446d57fe6871c2ac1de8104dbf77072f
1657a04c71c990073aced2d3c48a301c,511a597080d39f64b56a96aab06169fb
1657a04c71c990073aced2d3c48a301c,814cdb8eb25787f45a08090f44c93def
1657a04c71c990073aced2d3c48a301c,90cf8ca9603e73d7878f11f6769a307b
1657a04c71c990073aced2d3c48a301c,d66152331d59e32a42bacb79860d5270
1657a04c71c990073aced2d3c48a301c,f4be5dc0d14a05bd79eb483034ee620b
166cbb21977d6eec82d39dcbef016381,265e1e07d978fd039aab026395419a44
166cbb21977d6eec82d39dcbef016381,5e7ed41b54f46f066885cd07459bd17c
166cbb21977d6eec82d39dcbef016381,aae07d530ba210e5dd0b00e45ee54d19
167014b86b272b2b44a1bd2c0c4823fb,71829b8ad6c2e3bd87d5e15aeacaa2de
1672c9f645c1ef4710ca0006a749415d,a0dc4dd0bd2bd5c9deec0320de26f25f
1672c9f645c1ef4710ca0006a749415d,bbce95e332d0576404dc3feac54f80ea
16739f4e1add5cddc7fa4c41baeb46f0,c6bce9fb2d54580e2ac2dcac6d256549
169550cff8ba0e70c92bf37e8720037f,5c223742557ef778ecfc7e6dee44571d
169550cff8ba0e70c92bf37e8720037f,b850c984d7fdbbab3e579eb023e2701d
16b807e09ade79f3aeceb53e3f83b83a,2c34efc56077e0eb48a9d4ff804c9fb1
16b807e09ade79f3aeceb53e3f83b83a,47460d51d6d1e31dd3385750981f38b7
16b807e09ade79f3aeceb53e3f83b83a,71ccd4cd27e112333b59a4437cbce33c
16b807e09ade79f3aeceb53e3f83b83a,73006099b0a99eb2aa9e8f6c46be1dcd
16b807e09ade79f3aeceb53e3f83b83a,7cfdce786453cd7935af476cf190b703
16b807e09ade79f3aeceb53e3f83b83a,827ce232042b96ac9e62ad3e2ff6453b
16b807e09ade79f3aeceb53e3f83b83a,8d6e9993574cdeddf75f36cbe7f2a69e
16b807e09ade79f3aeceb53e3f83b83a,9e41b035e684a3afcf789e4f16d3ff5d
16b807e09ade79f3aeceb53e3f83b83a,a6e647fb14d01b1c924ee4503f5af10d
16b807e09ade79f3aeceb53e3f83b83a,add2eb9d32cdfbba9162790643a5c455
16b807e09ade79f3aeceb53e3f83b83a,af54dffa8468b90ce10fea588c303b2d
16b807e09ade79f3aeceb53e3f83b83a,cc5c387a552e83b6f59fac73684406af
16b807e09ade79f3aeceb53e3f83b83a,d8994e1cb94f0da41819c189fc5f3918
16b807e09ade79f3aeceb53e3f83b83a,d8a134675ed03cba6eff4453b77a1aef
16b807e09ade79f3aeceb53e3f83b83a,dae58ccf0fdb5feb005e91d5af157d7f
16b807e09ade79f3aeceb53e3f83b83a,e5ee4f4bcc280b421302f07e79241039
16b807e09ade79f3aeceb53e3f83b83a,f70b6b0d66b009ec1d523baaed4cb983
16b807e09ade79f3aeceb53e3f83b83a,fc3a10f48843831aa74bc1a8ff610df6
16c407ad3877f730d3c1bbe3c48e2942,201a67c1be7940efea89d2dc4387ea7c
16c407ad3877f730d3c1bbe3c48e2942,23762f0631b2e14cdedd28df40cde269
16c407ad3877f730d3c1bbe3c48e2942,3bc2129cf375f5ce0a18650fdbff696c
16c407ad3877f730d3c1bbe3c48e2942,7d1fb9640c4d3c842678ac097611635b
16c407ad3877f730d3c1bbe3c48e2942,9b10b0540de1f7f03c8f3c09ab331795
16c407ad3877f730d3c1bbe3c48e2942,9dfc1a9cd546edf6aaf0407a11a734c4
16c407ad3877f730d3c1bbe3c48e2942,b49414acaab784de001dad791a500ae4
16c407ad3877f730d3c1bbe3c48e2942,b660893da5418542f202105861155f86
16c407ad3877f730d3c1bbe3c48e2942,c0c3d3b625d1b2c931ea03584c7e5302
16c407ad3877f730d3c1bbe3c48e2942,c6b759eb39dcd70130772327e479581f
16c407ad3877f730d3c1bbe3c48e2942,d584de7e13ec98af5c5537eee21af767
16c407ad3877f730d3c1bbe3c48e2942,e36b19cba75c879762974ad7aa41b811
16c407ad3877f730d3c1bbe3c48e2942,e4ddb079f99d4a2d6c6ecb2c19e0fab1
16c533b4a8836430836860d9e3255e2a,1999bf5c2202c37130aad8a64319e1a6
16c533b4a8836430836860d9e3255e2a,43dec2a44a3350cd0542abc177fd8055
16c533b4a8836430836860d9e3255e2a,b5320ec3eca903e46aad32f779aa5c47
16c533b4a8836430836860d9e3255e2a,d2c0947b90819eb39fbf3e2968d1e99e
16c533b4a8836430836860d9e3255e2a,edc24d07afdc0e3a4794b18350b91f2e
16cc600d404b7624437f578b0591b2ba,7e0172098b5a8ad54f1711cda93289bc
16cc600d404b7624437f578b0591b2ba,d87e591fcf26c0c1b965fa1d054d359b
16cf87c4f9cc18e1b1e7508503f98bc6,9b4d5ca000f3a586c521db84a24f23d4
16cf87c4f9cc18e1b1e7508503f98bc6,e174e9add3175598b92fd30a4bb51903
16d8b1c820426acc118e50947a4b96d8,5d5fdd8c79eb9f96b53fb92d9cc55684
16d8b1c820426acc118e50947a4b96d8,b82d3c946bf607a39f4010f1517b88c5
16d8ed12cbf782b874ac56a8e518acf3,28f6b21c0ce59f203fb2092ad47e0f5c
16d8ed12cbf782b874ac56a8e518acf3,87cc0c8ec6896e79343c115fd584d429
16d8ed12cbf782b874ac56a8e518acf3,af42bed76f614419d588eb3c65769f97
16f006eae338042c277a8cda423295cd,1b0bb29bec33f4a02c1ff0a1601b2fec
16f006eae338042c277a8cda423295cd,24ec2c8ec53e9c38dfad31f5b95cb956
16f006eae338042c277a8cda423295cd,27c389d52b709bd6410902f4064d4b7e
16f006eae338042c277a8cda423295cd,2f1c42f7eb0e5b2c833bc6133b769f6c
16f006eae338042c277a8cda423295cd,6bfda613379edd38c4595d0bbb083eca
16f006eae338042c277a8cda423295cd,fda1d2492169a08640185ce1247a770b
17024adcb81241c46042aea4302063b7,34d27732a1ca93934785acfcba47f814
17024adcb81241c46042aea4302063b7,a6544901375e90ac97e3105295fc5cfc
17024adcb81241c46042aea4302063b7,c54ea69274906c6b098cff5360f11113
17024adcb81241c46042aea4302063b7,ea96bc8b7f79e9e2ce54c3211e41a1b0
170af2e203fcad607e0a2f713380185d,28f6b21c0ce59f203fb2092ad47e0f5c
170af2e203fcad607e0a2f713380185d,291e8f177d306f383548e2ef05a5a579
170af2e203fcad607e0a2f713380185d,2d8c0ef830128a67a0a12356d985fac5
170af2e203fcad607e0a2f713380185d,3b7f7686fa74da7033f77038411fc007
170af2e203fcad607e0a2f713380185d,41ff03bc49eb32b517a08a4962ab3764
170af2e203fcad607e0a2f713380185d,550239efd6079199c8404f5dcdb8c724
170af2e203fcad607e0a2f713380185d,5dd56ea25902fdec54f1dfd28914f072
170af2e203fcad607e0a2f713380185d,7db14dc3058cc6ca81295011b4745b92
170af2e203fcad607e0a2f713380185d,aa7d4045e8d65f2e3db4551ee75de2c4
171fb478f503f7cda8aa9f7101f16554,171fb478f503f7cda8aa9f7101f16554
171fb478f503f7cda8aa9f7101f16554,5a4be2291dd0befc0a2cc0ba6e42048f
171fb478f503f7cda8aa9f7101f16554,7f7767bf259ce7f4cfd832ee440862ba
17289db2c875a1702f128a4ed14774c5,d8916db3164a118226139d05a471d613
1740fb38a316d52fc308e10ad1d2e88c,e623d5be23a1a797a5b52295854cf47a
1742e6d56629f1703d9aecf214cc7ee4,6ce3500860006ed85b98840fa233fe9d
1742e6d56629f1703d9aecf214cc7ee4,dd0108386e6e4ecbff8f9ecc467fd6e7
1742e6d56629f1703d9aecf214cc7ee4,ea6965ca77aaae53cce744eb20749166
1742e6d56629f1703d9aecf214cc7ee4,f1fb7742a7eafe8073459ed92686b9c1
17621b4a1bce679ec5e27e3df89e3ac6,820b37fae7a9cf598b54bb4de9c8d4b8
17621b4a1bce679ec5e27e3df89e3ac6,8dcbd6746288dafd04777731f8ba3f98
1767c1b00c90d55e8f4f83dcb049d772,1a619500f4d9b6cb2baa57c5e6e7043f
1767c1b00c90d55e8f4f83dcb049d772,ef79cafc6690601cf97469a0bbef7f27
176834823ccd90c56b6755cf95764698,474589ab6d6557383b68723e9d291ce8
176834823ccd90c56b6755cf95764698,73ed932e6d7910fd516cd24c548724b3
17899b880f7a6344dd1fc3046cf87c44,a912b50298580e88abda56999c54f9bf
17899b880f7a6344dd1fc3046cf87c44,b9d6b13ee87a1d44676fe477e0d1c229
17899b880f7a6344dd1fc3046cf87c44,c1257124fd5c3f4f9a9ed7144a567bcd
17899b880f7a6344dd1fc3046cf87c44,c95bac74d204931d77f800edccaf6973
17899b880f7a6344dd1fc3046cf87c44,dc6c1bdb6de35d310eed4e79dfab7ea6
17899b880f7a6344dd1fc3046cf87c44,ec5c1f39fb64eb9a03be159e20859bcd
17899b880f7a6344dd1fc3046cf87c44,ef7d9791d731721fc678eed00a03c8b4
178e4f1fa834b1480da79144cec7b0e9,1999bf5c2202c37130aad8a64319e1a6
178e4f1fa834b1480da79144cec7b0e9,4ff6683967b272b79965981315d31cfe
178e4f1fa834b1480da79144cec7b0e9,5eb7fc8b28b62f5383ae201094dc3def
178e4f1fa834b1480da79144cec7b0e9,ed8e56a288e8ac2a9460c67792480644
1795e03acb26b396576fd57758371e3a,a47603b9b89c5ba6312a2742e9001c62
17b635799b8c94a06a1aa0703a604fb5,2a2893184283011d4b659fd8ece53aa9
17b635799b8c94a06a1aa0703a604fb5,909f395f58d1d62cbf384c6051011a24
17c5534c8e2b691b0a877e810f04eee8,c66e4ff419ec8c69168df6c777209a65
17cf2446d09ad137965a706ebd7df2d7,b979013f50cadadaede9e22ed4d254aa
17d6c93071a6fa01026db46048969ab4,c8cc6b1ea65b699fddc055349b8818fe
17d899607c0f350082bfafe2edeca6d5,87a28a9b80e225ed38080e8e2dae0103
17d899607c0f350082bfafe2edeca6d5,b467f5c2b942c2338bcb2169b2057b24
17d899607c0f350082bfafe2edeca6d5,daf9b579eab6d24a27208ef4e2185764
17d899607c0f350082bfafe2edeca6d5,de8a9922fbf7bdbd0714bab197b5da61
17d899607c0f350082bfafe2edeca6d5,f66e899c717d2b3402e3a93313005092
17dd8ba20e04f09480c193ec7c5dca28,3ac83ee1672a790434aa07e37a0870a5
17dd8ba20e04f09480c193ec7c5dca28,584f4a21d010a42ea18120c90b891505
17dd8ba20e04f09480c193ec7c5dca28,7eded270999ffeace686c5c876943bac
17dd8ba20e04f09480c193ec7c5dca28,7ee700518db64f7ccc88e5bc40bfbc2a
17dd8ba20e04f09480c193ec7c5dca28,8660ecc56e17baf0a75f65d8bc10f43a
17dd8ba20e04f09480c193ec7c5dca28,8a8d2e891b24fa25a243942cbe283c6d
17dd8ba20e04f09480c193ec7c5dca28,ecd0701f2bfcb15c2119eac5f478e8b2
17dd8ba20e04f09480c193ec7c5dca28,f72aff0cda1d153926bb1b0d8492b7d8
17eab72c307f4e9b566580c78d0bbf07,dc1e4a53706c49f1f9e882ab415ca790
17f0fd275d24a28be1a3455f7b62245f,e0d99544566b56a49cc74ffc6abc5e8a
17feea5d90575d6b92e8f582e0890e49,2e8131cef639d19bab851d44c0465961
180047cca855cbfcaec4441a5d361e54,a94397dadb54375fe5fd6bf07ccb9850
180f5fef6fa95d0107e5fdd09fc6672f,81d381542d6a865183828760d3cf4b82
181eec5a5ff378abaae565a9ac19c910,c3da465ef546e9509ee1a5a7ba7f41d7
181fbb94ed028757e9873f6b58a343a2,33df79499d568ca239082a9c78b659ea
181fbb94ed028757e9873f6b58a343a2,dbe736e78fed3b0f4703c4ce05472b7e
18237130130618e199488cf0ed2398bb,18f4d2199c2a520e26d6655f5412c2ba
18262d8f6e3b8d4e86241ea14cbbc3f6,426a922d2d75f6e1bcbcb274c7701011
18262d8f6e3b8d4e86241ea14cbbc3f6,6b2204839735cb7bf1081d46e8739da7
18262d8f6e3b8d4e86241ea14cbbc3f6,a81e226fd81222d5633bc72eb6c5fc22
182738e58fc3a4a5ea732db03ea2747f,326338f657f50ad7f778ed38343e0e0e
182738e58fc3a4a5ea732db03ea2747f,5f2945ce66f30e505afea9397a12a17d
182738e58fc3a4a5ea732db03ea2747f,bb1fff9517465e697f26d3b2da83689c
182738e58fc3a4a5ea732db03ea2747f,ea8199565b57d879c3fb705cb9deb359
182743db878435d07dc45503f5ec6f7d,1f5dcdc3ea333d0f81f3eab8dd4fa134
18297bf9e005a2fb2cfbf00403e168ed,ecb9d398bef780c854e8aa9b7a8916e7
182bd29a3d651b3a55b051499002aa80,182bd29a3d651b3a55b051499002aa80
1840985d6ab00dfea9ba8427b966ecbf,1864bdc0f40ddb310724bf4923f9019e
1840985d6ab00dfea9ba8427b966ecbf,291e8f177d306f383548e2ef05a5a579
1840985d6ab00dfea9ba8427b966ecbf,2c78681e56a6dbabd273c6922350711c
1840985d6ab00dfea9ba8427b966ecbf,3ad30b03b3d23ac6b5f5d57906353375
1840985d6ab00dfea9ba8427b966ecbf,41ff03bc49eb32b517a08a4962ab3764
1840985d6ab00dfea9ba8427b966ecbf,617a9cf79697c0a24bb2960fa00587b1
1840985d6ab00dfea9ba8427b966ecbf,62e01423cfc59329b6acb874696c0590
1840985d6ab00dfea9ba8427b966ecbf,63cf86aa8f00483221555d97e8c6ccbf
1840985d6ab00dfea9ba8427b966ecbf,6a7f5ff621d20a43a9d19340bef3db1a
1840985d6ab00dfea9ba8427b966ecbf,7db14dc3058cc6ca81295011b4745b92
1840985d6ab00dfea9ba8427b966ecbf,a7a4b5bf23cb560d08106ef75e1c73f8
1840985d6ab00dfea9ba8427b966ecbf,c23d5f76ef396a0f520ca6c677dccc1f
1840985d6ab00dfea9ba8427b966ecbf,cdf07468d9c693794f1da0b9ba549c15
1840985d6ab00dfea9ba8427b966ecbf,d44df7668f75c8f084cdada0a7a1aae0
1840985d6ab00dfea9ba8427b966ecbf,da2ae411a236d52fa1e62a224bb1e88a
18422d25c2bb85dfc709b230fa2fbaec,f3abe9bc04009d49aec436459cdbc982
18437bed257e8075a570c866be178be2,b71b44271e330e747b334e6417d1fda7
18508ca640dd1ccf3da74623a70201eb,3791ce60b2e454d1b1795b3b959a9807
18508ca640dd1ccf3da74623a70201eb,5b164a207c8d8301bea235e3843d8946
18508ca640dd1ccf3da74623a70201eb,99b79dd49c090f417d7d09346051d1d4
18508ca640dd1ccf3da74623a70201eb,eb6c822dc18bf45c8d6c43a1b9facf73
18508ca640dd1ccf3da74623a70201eb,f8e49644403485fbb994158e859d9a0f
1864bdc0f40ddb310724bf4923f9019e,28f6b21c0ce59f203fb2092ad47e0f5c
1864bdc0f40ddb310724bf4923f9019e,291e8f177d306f383548e2ef05a5a579
1864bdc0f40ddb310724bf4923f9019e,2c78681e56a6dbabd273c6922350711c
1864bdc0f40ddb310724bf4923f9019e,3b7f7686fa74da7033f77038411fc007
1864bdc0f40ddb310724bf4923f9019e,41ff03bc49eb32b517a08a4962ab3764
1864bdc0f40ddb310724bf4923f9019e,5dd56ea25902fdec54f1dfd28914f072
1864bdc0f40ddb310724bf4923f9019e,617a9cf79697c0a24bb2960fa00587b1
1864bdc0f40ddb310724bf4923f9019e,62e01423cfc59329b6acb874696c0590
1864bdc0f40ddb310724bf4923f9019e,6ac048a47fe6abf40205dd46d4bfad09
1864bdc0f40ddb310724bf4923f9019e,7db14dc3058cc6ca81295011b4745b92
1864bdc0f40ddb310724bf4923f9019e,81b4d775b96c465bff5c607f9b8c2a3d
1864bdc0f40ddb310724bf4923f9019e,a7a4b5bf23cb560d08106ef75e1c73f8
1864bdc0f40ddb310724bf4923f9019e,aa7d4045e8d65f2e3db4551ee75de2c4
1864bdc0f40ddb310724bf4923f9019e,c23d5f76ef396a0f520ca6c677dccc1f
1864bdc0f40ddb310724bf4923f9019e,cdf07468d9c693794f1da0b9ba549c15
1864bdc0f40ddb310724bf4923f9019e,d44df7668f75c8f084cdada0a7a1aae0
1864bdc0f40ddb310724bf4923f9019e,da2ae411a236d52fa1e62a224bb1e88a
1864bdc0f40ddb310724bf4923f9019e,dd720a31ae01f8066abe782818b59699
1864bdc0f40ddb310724bf4923f9019e,e4750dcc3268ebba356557f444761f9c
1874d04965cb06f216c021b790b43ba8,24bc83fa9404cc2713a0ef51cacb2279
1874d04965cb06f216c021b790b43ba8,41891f6ad8b3a85f8273beda3d29c2c6
1874d04965cb06f216c021b790b43ba8,56014da055e3dcb886b61c4f76d62c2d
1874d04965cb06f216c021b790b43ba8,752424bf44aa868c6589e37cf2ed1e3a
1874d04965cb06f216c021b790b43ba8,84c45a71b83b550acc444f41bedc62d3
1874d04965cb06f216c021b790b43ba8,aaae7a7f70066143d50e9c6a4a4a9cfd
1874d04965cb06f216c021b790b43ba8,ad999ee7df648e78a172cd108c9b6b8b
1874d04965cb06f216c021b790b43ba8,b600cf5913d8d1313665a84c05671176
1874d04965cb06f216c021b790b43ba8,be0718b8be64533d732274d0ee2f21ba
1874d04965cb06f216c021b790b43ba8,deced0987baaf024bf721895125c72c2
1874d04965cb06f216c021b790b43ba8,f62a7583d3feddd4a43e616f74cf29c5
1874d04965cb06f216c021b790b43ba8,fe0bac08f92aef9b78691fc7780dbedd
189296ddc2daf714e5dd7b774e1e9030,4657d471cf9c8033fd6dff77a0915786
18b946f9445d8c3ad64431ee8d2f468d,ae269db2dc353f1eb28e81ed94b9d021
18b946f9445d8c3ad64431ee8d2f468d,f0932ff19f4f7f0beb5a3cd08d7aa799
18c1252a1f25a815c317306637b5ff75,8dce35d6e6c1dfc2d10fca0f286874b2
18c1252a1f25a815c317306637b5ff75,b06a0be8297d4ea735c365719fa709aa
18c1252a1f25a815c317306637b5ff75,f442f5c6d15cb5a9b30a7851ccdf9b00
18c19e6793a75f83e5aae0b26af8f0f4,edc52bd0a889776fd8684cdfb60c4879
18c30b4a779868b7e1056aabd4b0304b,2d94994f2553a1c57c25aa8815c23dfb
18c30b4a779868b7e1056aabd4b0304b,5f1cd7f54fc4fd597dcd51a397ec53bd
18d82eb04cd4f4aac537fc5d6f6b8b30,18eaf440ae1a41d10077650e4dc7daf5
18d82eb04cd4f4aac537fc5d6f6b8b30,49adfaa820e0925a44dbc38434f400fd
18d82eb04cd4f4aac537fc5d6f6b8b30,53d6b84f96962c7aaec497993419ef90
18d82eb04cd4f4aac537fc5d6f6b8b30,8ffca15cef0e61e285735e7cf1e49b6b
18eaf440ae1a41d10077650e4dc7daf5,49adfaa820e0925a44dbc38434f400fd
18eaf440ae1a41d10077650e4dc7daf5,8ffca15cef0e61e285735e7cf1e49b6b
18eaf440ae1a41d10077650e4dc7daf5,b2680efed9c0659d9aaf6d754d29915e
18fd95dfba8171569662e899de9a8c15,a3e1afa20beea2bd5a033b243d63f2de
18fd95dfba8171569662e899de9a8c15,a63804afa14c6e68b3f247de4c98f294
18fd95dfba8171569662e899de9a8c15,d11e247a53890ee2e5ed0562d9be49c1
18fd95dfba8171569662e899de9a8c15,e912add67c4ef1e51cb1d71f86138ec3
19132f7ee3f854e1ee30180c4a6bdcce,2efb90b0c107229ffb10ce61f65b302d
19132f7ee3f854e1ee30180c4a6bdcce,3a3ae61efd54d04cb30d83f261b7fcd5
19132f7ee3f854e1ee30180c4a6bdcce,7549b7439d64e162f43ff897ff267427
19160372a2faff4e6c2a7fb12a97690e,9cf3fbc487cc537933d32e502067117b
1916e4d067a17ddef746704e17613b8e,5fb5900ed132f95d5976bd12ca4eedc9
191cb8d28917ac2fb497654d9226f199,4dcc95757531865a212b2a89e5c4e63a
1933802f4a6a1f65541505abea4a83b9,94dbd43cdc43704334d3e3778af69f9d
1935a2e19b623a629d65fe020f073ebd,f512e576a3ef83ae0823f7afc2b21b13
194002d9a0fc4f5266c4d242d68d8e80,1ca7516f82e4b165253beb32e553c199
194002d9a0fc4f5266c4d242d68d8e80,eb014d7a40032280dae4e02dfcfd908a
19564c2fbfe401a6e221bc19641d90b2,314a1509cf620f1435080c2a8d14a639
195f8b654be380a9a9180561c3d118bb,b75f23af339329993e37ce668b6a5673
1968ab8f635f7ebdeb82173bfd980364,ba51e846aad9e35df2d1caf9d8eaca9b
196a2754c45a72427548cb37b7c3d70b,656ba143ea761771a0e4da2435304f42
19795ab21f7ed943e3139581a1d4780c,ffab1629642c473a210b500c7870a41f
19856695c4a7e2f1563f068654e05c00,4e0ddd255e3aea8bfe08079200fbab3a
19856695c4a7e2f1563f068654e05c00,bc7da13756993ba4ac01eb09c0dc7e02
19893983cf68c252f4422c8eb92aacad,40a66ce1fff9859012a2bebb589b5e29
1989d2b63e74eaef0d701df4ac030e76,53eaaa6e5048918ba6a2beb5d16f0af5
1989d2b63e74eaef0d701df4ac030e76,70379bf57d7eb4ad7a9d7c5cfad5244d
1989d2b63e74eaef0d701df4ac030e76,88db18c4fe3fb8d742b009ed124814df
1989d2b63e74eaef0d701df4ac030e76,a074673b02953b09c357cc5914bfb151
1989d2b63e74eaef0d701df4ac030e76,a29f8ec621122bf5beab36a13a8e9626
1989d2b63e74eaef0d701df4ac030e76,a82b84c238f1a479678e1bd644e2dd9a
1989d2b63e74eaef0d701df4ac030e76,c0dcd81f36e89fab09890ac5ce60fe10
1989d2b63e74eaef0d701df4ac030e76,c58ccb658c4519f493938cfff5ab721f
1989d2b63e74eaef0d701df4ac030e76,ca122a196e7915c33b0d647a70f3b534
1989d2b63e74eaef0d701df4ac030e76,e9497c13fa24ade6845f9f2af96c493d
1991ff56cb477d637dbd81c4ee50b507,49cf124c491350f15c0df8afd7881974
1997110b966c9e7e4e6f1b024e3c2540,4139740f84de5fa03aeb144f592f2d5a
1997110b966c9e7e4e6f1b024e3c2540,dc044a0d65c0244281f84411193e2361
1999bf5c2202c37130aad8a64319e1a6,4ff6683967b272b79965981315d31cfe
1999bf5c2202c37130aad8a64319e1a6,5eb7fc8b28b62f5383ae201094dc3def
1999bf5c2202c37130aad8a64319e1a6,7fbfdd63e08dec218cc2226195919196
1999bf5c2202c37130aad8a64319e1a6,b7dab1119a91eaacda5c343f0bc93273
1999bf5c2202c37130aad8a64319e1a6,ed8e56a288e8ac2a9460c67792480644
199acfbbe48daf35e794cdb5f9024252,2696df784b2731560e298f299dc1adcf
19a946be5cb20025069e7ef376834961,66e627ff333cc58a3cb1615cab253eb0
19c6a0436ebd0b01dbebd5085ea582ab,421765f9f12e9096da2e5f39e0cdaf2a
19c6a0436ebd0b01dbebd5085ea582ab,48873c48cb1029ec4a31e46207225e25
19c6a0436ebd0b01dbebd5085ea582ab,5e07766d91191c218ab9bd9f697846ad
19c6a0436ebd0b01dbebd5085ea582ab,667c8ff96fb7b9c7581fcd35491228f6
19c6a0436ebd0b01dbebd5085ea582ab,6ae317eed2e7e71ce28eae4569a6cf6c
19c6a0436ebd0b01dbebd5085ea582ab,6df0286035aaae77202ac84fa514b224
19c6a0436ebd0b01dbebd5085ea582ab,8eb07d4a0953d94bd7bc5eb16fb6cec3
19c6a0436ebd0b01dbebd5085ea582ab,91567517fd302f0ba3147b11748e1f7d
19c6a0436ebd0b01dbebd5085ea582ab,a7853e132243e68f89f9e3f5ad1a7b98
19c6a0436ebd0b01dbebd5085ea582ab,b3e926048cd435bca6873dbf96473813
19c6a0436ebd0b01dbebd5085ea582ab,e20838a869a95a8e38684d08af9a9917
19c90f65c278c6f1731a672d87a27726,dbb3b8b970501e8885b8da2594c58c3f
19ce33d4c2982ce596519391615864ac,e754d29b2dbd6a74a7a696ec8298153d
19d0baa8f38df0be383870038a82dfac,4898773c22a81a960c7e31a5024e2746
19dc261b1dc73a6fb008123085f7f701,512243026c89515929bb4970f2cdff80
19dc261b1dc73a6fb008123085f7f701,538c74eed3de7e67eff2b5dd4190e4ce
19dc261b1dc73a6fb008123085f7f701,94cdf72e1d6e13398b43ccc08170a966
19df1a96600bfab156aabd0741c77944,2288fe7c1ca3e4a6448581888737a00d
19e97c35b11fb5a5e53dd393445c1298,62dd346e66ed42a0b94669a72776d93b
19e97c35b11fb5a5e53dd393445c1298,85911ddb9b1e96551de17cbeb7ee9360
19e97c35b11fb5a5e53dd393445c1298,e76f3f729ed60b699de98d2925cfeea4
19e97c35b11fb5a5e53dd393445c1298,effb5a71a3fcb8048829d8edae58f1eb
19e97c35b11fb5a5e53dd393445c1298,f4275370bcd350e410dcab1cf308d929
19f1cddd065700207d9f3eed0aeef6b0,5cb30b4074aef1fdca5fb8f020035a9e
19f1cddd065700207d9f3eed0aeef6b0,aa997f533377326b23f6380fdb09e5eb
19f59790d04134b48f0f00cbad8472f9,29f0172e5d75d3eef6d5a996ce43668e
19f59790d04134b48f0f00cbad8472f9,5412ed8d0075d3b3e943ffd40005fe5c
19f59790d04134b48f0f00cbad8472f9,79c4d5cb0376708a323ba94319db4b81
19f59790d04134b48f0f00cbad8472f9,9d56ab4172c82b077fd198859a28c067
19f62550e0c39f778d661caf8548beeb,8caf24a5c25057e46633e824e45e06ab
19f8f82944732a763240cb0b2f22ddce,eb580a8d9aa3bca319c154b753ff6424
1a0d8843a14fdc91274b25cdf8d7601d,3a1399a6fa9e92f2f1f60798bccfc7df
1a0d8843a14fdc91274b25cdf8d7601d,3a7b2e03cf8cc2290e2a9a6f256bd472
1a18593e77545a0a39bc4e95654cd014,3fd0f7435ab3fa1dc961d6f19a240f41
1a2ee70df442ad4ded841cfc6356f2bd,61829644b1251818745035135b3b4c97
1a2ee70df442ad4ded841cfc6356f2bd,ceb47edf06121eb315de879e1bbd0d02
1a4bc3aa18134cbf532cbfe0c8420a24,919995253374f86f3205c323ccc6728b
1a605332f8e524e31e6d775eda7dc2d9,9896e748e87b3ebc09477ad6e8b34e03
1a605332f8e524e31e6d775eda7dc2d9,9b2cb5945f241b78c1fdbf131608dafe
1a605332f8e524e31e6d775eda7dc2d9,ce80fe6c6637a76c031578a656e94381
1a688550f4ae865320e88aea8f29e9d0,7b756f8a893f3b85e135c8e94a41619d
1a762745d4b868668ebf00df68fc1bf6,6b2204839735cb7bf1081d46e8739da7
1a762745d4b868668ebf00df68fc1bf6,7347006bef23608ecb88a568491077fc
1a762745d4b868668ebf00df68fc1bf6,d6403b1d29c47ba679809d3685f37a40
1a762745d4b868668ebf00df68fc1bf6,e06d8d1aadf11230288677f9517debbe
1a7cc46bc3bf1ad40ace884ac068a555,b34260fd8b5124669543a3f3b9ed04d1
1a7f24c0f17f84c9832885d4a7fc966d,28bcf15ef47b36990021316f77e3af33
1a7f24c0f17f84c9832885d4a7fc966d,5670b6cf747a72c189998a08530d76dc
1a7f24c0f17f84c9832885d4a7fc966d,902a35829ee3f701ba306a518d4cd0bc
1a878ed049e3f67233830cd1fad50225,881098a73a6848afa98245d34bbc7d48
1a878ed049e3f67233830cd1fad50225,ed847f120f5f053af1c7499bbec7fb46
1a8900646b30e14ff7f9ee5406b79428,1ca7516f82e4b165253beb32e553c199
1a8900646b30e14ff7f9ee5406b79428,3c6a731d119bbddf9577c45f90d03239
1a8900646b30e14ff7f9ee5406b79428,7b756f8a893f3b85e135c8e94a41619d
1a9963f743e69ef1328bea2ca0f0a51b,8193e12e2397eeba22cbafb310ad7f5c
1aa8e7bfd158f637a7cc689768fa9358,98d0938d9a053b1dcef149f1eff68c82
1aa8e7bfd158f637a7cc689768fa9358,c84d5f86d9b7ec70ac4ad6dd9d9c70c7
1ab0e805f72f9caab2a31087513a7db1,a90f6b9c7bd6fb54a5958e53bf27aa4e
1ab329669bfb6c0c062c01b726deaf19,5a5c86225dc48d8af75abd73f3c318d1
1ae1a53e6266809e4947457d9a042dad,49adfaa820e0925a44dbc38434f400fd
1ae1a53e6266809e4947457d9a042dad,7177d560bc2ffebe61387797507288a0
1ae2f24f1be1867f09ab190d02b9097e,563af7c03815f581e65f49abfde99ea8
1ae2f24f1be1867f09ab190d02b9097e,76e231f950588128cc2ba3123459d1df
1ae2f24f1be1867f09ab190d02b9097e,a0e664a7eb8858c75afbaf165d680048
1ae2f24f1be1867f09ab190d02b9097e,d7994d56d87a0ce0f8ea3dd3b98b6795
1ae2f24f1be1867f09ab190d02b9097e,f8da5aed9cd452f260eb4201da3d4e73
1ae6bd10d445482c3cf0f3f9a7555066,453d836555fa3c6e834eb7faa31e0e5e
1aea352af5d8f1e6b532fe1c19985181,4f3fe9bd5c39ce1a6a09cc6a1d2c0ebe
1b0a8a2e0d7d438339c3d6250d30ef79,b6a0aba18d1298924eb6ef5e020f1c2e
1b0a8a2e0d7d438339c3d6250d30ef79,bf99bb3ec69434a13170bc725aa24146
1b0bb29bec33f4a02c1ff0a1601b2fec,54ba25a7324d1ccb22428c840041e04d
1b0bb29bec33f4a02c1ff0a1601b2fec,d7e31ff091f8f1b81ce299366e5a90cf
1b0f637d17d26fc63c9ad8de3cc9018b,213cca27aa9907f07c722eea5859bda8
1b0f637d17d26fc63c9ad8de3cc9018b,c07d948bed611f6144628d5913f8f908
1b29e39e71e0ee09c2f7d2abba157fe9,216c2c78cd7cee52b630c23f52f04ecb
1b29e39e71e0ee09c2f7d2abba157fe9,c7701672ea8c43d9af425d127a4ba133
1b4f29257bb5acf562851ca04a3cf9f5,df90fba04339f9626c22f4377a8028cd
1b5634ba31b63084b60f9df25946b782,b7f99a13465fa041338692f47cfe3d2b
1b5a03d53d91f823c38bf959d51b582d,1ca7516f82e4b165253beb32e553c199
1b5a03d53d91f823c38bf959d51b582d,7b756f8a893f3b85e135c8e94a41619d
1b5a03d53d91f823c38bf959d51b582d,f426bc0d6c6df6fc306a1afd12806757
1b677163c1e2ae3cf4c984f849195fa7,40bfcd64ab2f95488f1587a1a4f276c8
1b677163c1e2ae3cf4c984f849195fa7,589cd986754991ffd667dfd4d2650d85
1b677163c1e2ae3cf4c984f849195fa7,5a7b57b5469c5da321ace8a7621a673d
1b677163c1e2ae3cf4c984f849195fa7,6b2204839735cb7bf1081d46e8739da7
1b677163c1e2ae3cf4c984f849195fa7,a81e226fd81222d5633bc72eb6c5fc22
1b677163c1e2ae3cf4c984f849195fa7,bbcaaa9d2e93ed884c4f6d98f5eb59b0
1b677163c1e2ae3cf4c984f849195fa7,dc191bbec37fc53a5a0fec0e7edd4eba
1b778083f31566948ff0f14af6f88ec3,4912a58a3dfc217ff8c5905b16b1e5e3
1b778083f31566948ff0f14af6f88ec3,8771aaf9a0abd967b2635f7df8dd8dbf
1b778083f31566948ff0f14af6f88ec3,8ed1c8fb21425205a6e8518e92b2fe45
1b778083f31566948ff0f14af6f88ec3,e11a7378fa03400a6d214f18fc22fefd
1b97ed84cb1e02da5425ef1966ce85eb,f459dc328c8047e2504454f49953d195
1b9c25d59bc229342eb8cb8c89cd2368,e6fdfeea577a2885ddca53016436a782
1ba21061e2799939936422beeac69913,2c84a18abd087a52b45cca17c15931d4
1ba21061e2799939936422beeac69913,8e73c6ddc3b63f1b31eb8574cfd2affd
1ba21061e2799939936422beeac69913,f728b38d9232cc593019d23c4af7c8b8
1babcffce8242d03e503388df0bc2fdd,227a57fb2d95f0daad0053674caee0ef
1bb344d667b3609d6d2ab04dbcd45418,8c5bd111d1964982e622beb4727ff6fe
1bb344d667b3609d6d2ab04dbcd45418,b2195df5b848cfdfe613892d0abb22b2
1bb344d667b3609d6d2ab04dbcd45418,de44a278a756e3f8a8686eb71b5a046a
1bb344d667b3609d6d2ab04dbcd45418,e76d597439c4885da6a1580e787569fa
1bb344d667b3609d6d2ab04dbcd45418,f3aca37773a1e10d5ee75e7c93ab034a
1bb539481527c836c34c9af00d124313,6c849e5e345c607ce1eb250cf1ff7efe
1bb539481527c836c34c9af00d124313,731ec8e18239ffbbc9db1015d4ae66c1
1bb539481527c836c34c9af00d124313,8efb4958da36233be182e9ce33729211
1bbc738a7ebd0f3f4b3d4cab76bd6454,273a1ca7f38f9a7d3c00f62ff6cbf685
1bbc738a7ebd0f3f4b3d4cab76bd6454,3244053058e664f0ee25f6669d93e220
1bbc738a7ebd0f3f4b3d4cab76bd6454,3a4739a3cfbc5ffd99e33dbb5e736ba2
1bbc738a7ebd0f3f4b3d4cab76bd6454,5571023fedf0091ecab9fea7c0275a5d
1bbc738a7ebd0f3f4b3d4cab76bd6454,6d03abfd93cfba76141861d654e1a94d
1bbc738a7ebd0f3f4b3d4cab76bd6454,8e7b5480156d5b27f3f962cf7231f1e3
1bbc738a7ebd0f3f4b3d4cab76bd6454,9b401b716387fb6b8d9bf46c2882e696
1bbc738a7ebd0f3f4b3d4cab76bd6454,a87850097693c4f5048a6e5bdc1e2b31
1bbc738a7ebd0f3f4b3d4cab76bd6454,a9af2700ef761e22e334b9c172cedee5
1bbc738a7ebd0f3f4b3d4cab76bd6454,a9dc942a9fcb1b2215cd6b339c76848d
1bbc738a7ebd0f3f4b3d4cab76bd6454,c6ec25b24256f6e1f902a29416ab964e
1bbc738a7ebd0f3f4b3d4cab76bd6454,e8d14b09b08840dcdfaf1d3983d6df51
1bbc738a7ebd0f3f4b3d4cab76bd6454,f0a7454555d52a667c6df22dc8a28bcc
1bbc738a7ebd0f3f4b3d4cab76bd6454,f1c0e8776928a9cf507eea55f424076d
1bbc738a7ebd0f3f4b3d4cab76bd6454,fb5643b20582ba68d8da8a8dca24c4fa
1bbc738a7ebd0f3f4b3d4cab76bd6454,fefa98da8db666ce806d4af04be8e6fa
1bbf7a1c0ca86a9c23639f68c0b8da97,ea96bc8b7f79e9e2ce54c3211e41a1b0
1bced4ec7f7f42b1c45e69fca83aba77,d1f2d01fd5164616931ca1fd8d86487a
1bcf8a63324e44f4a97196462cb7d703,2901dbc388abb6881acb3d7d9fa826cd
1bcf8a63324e44f4a97196462cb7d703,7780ee0b536dc68f132b0f21232eb5fa
1bcf8a63324e44f4a97196462cb7d703,851a4ddd6a24ee4d009d3917011752c0
1bcf8a63324e44f4a97196462cb7d703,bd517908f72ccb1deec295bd70b84898
1bcf8a63324e44f4a97196462cb7d703,c57fd4711b2a4b4afce8dc744bb7a4e3
1bcf8a63324e44f4a97196462cb7d703,fc4955ae07d5fe38a4198ea26dbf5f50
1bd95b39bc2111d9eb3b60fe026e5d84,b2795d93765a095620cf29d49465e598
1be57b8c8bf2e2a3910a6e78d529c3cf,36b43e065b874071f6c420807ed7d076
1bf334be544e382dc83e5785e1264fc2,7c530b3e13c3abb5fac664c9ec21ca1d
1bfdb8297fa8e356ff02259f18050d55,92270de7e42b2ea195a358ca42733275
1c0019284c6429bcb4a43af97c7d0fe0,1fd1d463a99e4ece20fec06dc7bf2037
1c049a80591dc401dc91bd28bc475c01,2af3172afa4dd4a0bb5b0c8434f36a70
1c049a80591dc401dc91bd28bc475c01,2f7e89e06a257b2d2ccb815acf6d27c4
1c049a80591dc401dc91bd28bc475c01,d104f6201be7f438dc51774ae3ad0647
1c049a80591dc401dc91bd28bc475c01,f8953c0ed40c32177b1ebcd411cb9975
1c11b60f542e0ba00fee6d2766e555f9,8cf5b24fd4bdbe54c87f15a0ef203ce9
1c11b60f542e0ba00fee6d2766e555f9,d86e536df9847a9e7366e5b3f6800fd8
1c4a737e543f239a6dd182a4c8eaa9b7,478bba3627e622d2a337569297087ae8
1c4a737e543f239a6dd182a4c8eaa9b7,690ac08399bd33c58bdefb0da2cc2cd1
1c4a737e543f239a6dd182a4c8eaa9b7,ca7d9c31ea380350dfffe67f5af5d3d1
1c4e91b914b4041fc9ff4fa2a8225cb0,25c407f7f1993e93d4621d6d9352a4d0
1c5c55fddb8f6fa680ceb7d4f2a9cf3c,82d9e4f177f10b1d89c9b73ab9a18cc4
1c614e7ab1bf12468802d819e12fbad8,3614e25d098eb384525296bff6a62912
1c614e7ab1bf12468802d819e12fbad8,754155aa758a99e78a526d2ef860bc9a
1c614e7ab1bf12468802d819e12fbad8,87f2170faaae0a550680aef2604c8d5e
1c614e7ab1bf12468802d819e12fbad8,ba900506bb0b80cdd41a31088e439a29
1c6a2ce35aa41bccdee7169117c33eb4,6a62937fe9d99e40958ee074b3361b84
1c6a2ce35aa41bccdee7169117c33eb4,adec226a5b4a7252506b1f79a1f93b5d
1c6a2ce35aa41bccdee7169117c33eb4,d9c15f9cefe2039fa8e330591bee225f
1c6c9000abd9f71eb9a5729546ee2177,21b744996957be9a490feb16e227ac34
1c6c9000abd9f71eb9a5729546ee2177,421dc56f897f05a1f423852b2172af04
1c6c9000abd9f71eb9a5729546ee2177,c7ce66e0d9cb21855861fe5b65510a24
1ca7516f82e4b165253beb32e553c199,1e9272b833b7a84fd5334b5a6d0aea96
1ca7516f82e4b165253beb32e553c199,224031cc25b005c9fc59e739af926437
1ca7516f82e4b165253beb32e553c199,26bf47a44db256e498cc81c1fd8ddfd6
1ca7516f82e4b165253beb32e553c199,363d8399f754d23b020550d3ed4e40b4
1ca7516f82e4b165253beb32e553c199,39063a1659e2de979fc0180799d65dc6
1ca7516f82e4b165253beb32e553c199,4441d22cf2974eeb293b5cab48b992da
1ca7516f82e4b165253beb32e553c199,4d9f595c505a0c3ebb4f89e41722428b
1ca7516f82e4b165253beb32e553c199,5b76161c7acfe2c6733e41dce3f85351
1ca7516f82e4b165253beb32e553c199,638e2b458a7501298a6a1ed9c6e75991
1ca7516f82e4b165253beb32e553c199,6feaddf5365191dc0afed411105b2da2
1ca7516f82e4b165253beb32e553c199,75e84b8cc9f3ba23d8dc8d8b591140ba
1ca7516f82e4b165253beb32e553c199,78f4b6b4e1b8b3e28309dd5b4c310b54
1ca7516f82e4b165253beb32e553c199,79ca87e47cf8c39bdae40eec96ff0bc5
1ca7516f82e4b165253beb32e553c199,89bdb09d5599019339288b01a0272a19
1ca7516f82e4b165253beb32e553c199,89e302d2b9fabfd1d9fd62fce606be3c
1ca7516f82e4b165253beb32e553c199,91427d7994e6341c50c7b1dc68e0b25a
1ca7516f82e4b165253beb32e553c199,926d89b53600a0f1e4a48e2260850407
1ca7516f82e4b165253beb32e553c199,97c58da5f8e92c33566e7295f219666f
1ca7516f82e4b165253beb32e553c199,9e415cd3fd1b02da273146b6a9968264
1ca7516f82e4b165253beb32e553c199,b63ccaefc8a51c769ecde2bc5f3e5de8
1ca7516f82e4b165253beb32e553c199,baed6ecbf410e0733d971dd391506679
1ca7516f82e4b165253beb32e553c199,bc37d6b5739c780b26752d5448237bb8
1ca7516f82e4b165253beb32e553c199,bda1af29723f36cd6472fd02e27858aa
1ca7516f82e4b165253beb32e553c199,cb0e2651531f279da04eb486bb8d1eb6
1ca7516f82e4b165253beb32e553c199,d94f7083efd44bf5a23d79e0e02c616b
1ca7516f82e4b165253beb32e553c199,efcdfee5a00d4f9d4bfa1e187e32cd0a
1ca7516f82e4b165253beb32e553c199,f8e49644403485fbb994158e859d9a0f
1ca7516f82e4b165253beb32e553c199,f982d1adff1e61f8f04c2d0d196e8633
1ccc7194c98d973b61e9584fac32bb5b,33390a1f6873e1616e1d1cd79083757a
1ccc7194c98d973b61e9584fac32bb5b,b63bcbbcfcac98a31f47a885a59f5d7f
1cdc1cf69adc3c8dc0e278051c6e12aa,33a8115bf414092f9a36c3904d277bb1
1cdc1cf69adc3c8dc0e278051c6e12aa,905dc2141a3e5c2b05425bf89b53124c
1ce0812b9ff92f3775542a7d3a9c5a07,4f4eeac791e7724584ca95931e1ae54f
1ce0812b9ff92f3775542a7d3a9c5a07,e9136314cae5c479f7b038fabe9f64dc
1ce6f58d8bb9f878e88045ed59f7d1b1,6f7207c60d6ea70a924353e4c5007124
1ced9a2c673ffb1e91311b17fa413881,23666b59d90167b9fdd0ee28170ca19b
1cef35799475f766ee4814cfff93b125,845aaf08f1e25c3597c71298d5fb5550
1cf50ffccd227d713d1015553eda1a9b,9244dbb626961aa8c8786debebad0c65
1d0ddb80052011938d31e092914ed836,bbaa529d49713d56280ec3e97610670f
1d0ddb80052011938d31e092914ed836,cc711a1ce3205e172016d9caa22e8a62
1d1b322e0112e2dc6b6971bfcdd11340,7f9c5d3b1f5d3594089af3f68e0a5d78
1d1b322e0112e2dc6b6971bfcdd11340,abb5c87b5e80d3980d041972a0fde583
1d1b322e0112e2dc6b6971bfcdd11340,ddb14232c61544c9923728d7de8d11fc
1d21bb88894fc11cdb52c14d71b38f37,678c41ac3156891d8744bbbbb4de5ef1
1d21bb88894fc11cdb52c14d71b38f37,8d3b332741de4dae5c99d05f6dca358a
1d21bb88894fc11cdb52c14d71b38f37,a4995f7e4dd52e018d7b6792a6b6a325
1d24413b5212baa992e08001f8e3b66a,5ade044c59d8f43a7af21952854cfcd3
1d24413b5212baa992e08001f8e3b66a,dddde4da82ba0ee2ecb44b34a97770d7
1d2a47a0f15f1104de531891d9044cc8,380730a0699b373d4574b4176aa6acb8
1d2a47a0f15f1104de531891d9044cc8,40f985498cfd18bb1de17e4c2450aa38
1d2a71cbf24fd75de42a9e7a87eb2a02,f3dc9b0c3b436509a2f5394ef0c8d614
1d30a32c5644ce791174f427d9f7c586,23ba3259eddf1c7d570d812de8fd4cbf
1d30a32c5644ce791174f427d9f7c586,322f30a71d914332da2706a746aa3b03
1d30a32c5644ce791174f427d9f7c586,779f88de628defa5011fa7209f351e6e
1d30a32c5644ce791174f427d9f7c586,9365ff70f52e7dc6e266ba91974d7fe2
1d30a32c5644ce791174f427d9f7c586,9e525b37574d76dcde2f47fc6a52f03f
1d30a32c5644ce791174f427d9f7c586,cfef82f1013185ddfb7fca9fea7532dd
1d30a32c5644ce791174f427d9f7c586,ea921ceab67192c220ae194089cd5d18
1d30a32c5644ce791174f427d9f7c586,ecabab77248a428d3fd07dfbad19d7bd
1d406f6966f6339c9a4dd08c6d99cb7f,68537c30d2147b1c7da483ed4affef70
1d4db93c977aeed0ca3b524536368f14,5722f15b36824c9710ddf00fb49d64f3
1d52a2a72f596b3d55b78ef3323da977,abb849ab076d28a1d751641a7f57797b
1d58e647f206d6c759123cbd7f5ad358,2d56161670e8edb015b109f2dd791469
1d5e64c03a7d8242ad0f6ad9c571836a,9478e45ef8cabb422b6f3216a4a2563a
1d76d1d586efc557652fbbc37fcde537,1d76d1d586efc557652fbbc37fcde537
1d76d1d586efc557652fbbc37fcde537,db480975b2dde816764431bd5ad4d4a2
1d95ca5d3e140e3732d06cd0f7ff1234,7f7663502fce8c7175800854f5f5cc31
1d98d922f8836f9ee15aed6289ff273d,51ce1d6028c47543a7ec7fd69e74e940
1d9c7a3e9f3def91597c75de7bc38d4a,60f237e3bce17f22df8045da918ca904
1d9c7a3e9f3def91597c75de7bc38d4a,b785db4e3b33c8a21f704e466cd81245
1d9e80086c792a70b9c05f15a09e50f3,3c6435f4a32fd6c30290d3ecb8605f70
1da321510b08d975b37c500b0f180df8,e2115f768a2276e2066552ffaf320850
1dbba36d9062980273a1c4be922bbe7d,c84f7ac8003d4659789c2effc11a284d
1dcc58df7a34cf03e830ab46f5c1ae39,d7f9e88602e39e8fb137b5ebd80b9a97
1dd374dacfd456aa22920345cf0395f4,80815ba3c17cac6b786400d728f2c0e2
1dd374dacfd456aa22920345cf0395f4,b3b61982f79ae94d467d851a6efa7981
1dd374dacfd456aa22920345cf0395f4,cb94770d33f15027cf579cac1ecb51ea
1dd7d55fd799cce47a9cb408015a7af4,7b9eede6e35b116c7dfd0b15b2f074c3
1dd7d55fd799cce47a9cb408015a7af4,d16b699cad191c561ed9ff3a44b02bd0
1dd7d55fd799cce47a9cb408015a7af4,e3e28b8d935f9ac58631cd03b6b2423d
1dde971f70eb54963f5f84b65fcb5297,e140dee69c2991bf0acf9e7aca474414
1e24199bded12baf137260fdf0f0fd14,a58de53e691d283dcd1549043a41c10a
1e2898568e49140cb0aed542936e11ad,89cb21bc5e7fb70bb94c39dae6691281
1e2e2948630606912502691d39e1c282,268c3f7f0ed419bb241f33ea93011ee5
1e2e2948630606912502691d39e1c282,59aa351598679a44020c0b88ea5ce12a
1e2e2948630606912502691d39e1c282,8af37f5618fb1fd7da834d4cedbca6ff
1e2e2948630606912502691d39e1c282,bc29617aac27456f2b1879d346ec6fe6
1e2e2948630606912502691d39e1c282,da3d9717247fdfd57f6431db8cef985d
1e59be9cf04e77aa9cd5aea26a768c81,560c08b305da886c11d1e5d3d9880b7d
1e59be9cf04e77aa9cd5aea26a768c81,7f5f04b941cdb1027e4aa38354af0311
1e59be9cf04e77aa9cd5aea26a768c81,962a77b8e32fbffc7bb751e32a2840f5
1e59be9cf04e77aa9cd5aea26a768c81,980c35da95e84668d8fc5594bed10306
1e59be9cf04e77aa9cd5aea26a768c81,b59438032b3575852431520b323cfd22
1e59be9cf04e77aa9cd5aea26a768c81,c5a72a318ac0c190d3fe9d3b97f5ba62
1e59be9cf04e77aa9cd5aea26a768c81,d6d6c0810cbd7f94127b32aa11b18fdc
1e59be9cf04e77aa9cd5aea26a768c81,edda894e130693e415f4972f242567ad
1e59be9cf04e77aa9cd5aea26a768c81,f32651105c9bfb2580594981576891e0
1e6e72cb38c4ca1088b1545e32c4dfa9,d90e43fb08122f86d44f2b6600919746
1e738faeffdae13ddb5943424424c7e4,996edd0f6492770137a7ec0a8eff2604
1e738faeffdae13ddb5943424424c7e4,d83e1b3b099898a6416e420fc29e9319
1e84dc0f599c60b211eaee400e59649a,2002e80efa9fcc3d419f1e7439633b7a
1e84dc0f599c60b211eaee400e59649a,36c24f0aa9e92d3c4df0445324221874
1e84dc0f599c60b211eaee400e59649a,6df45efaf7162a8048012bb8a3e89f2b
1e84dc0f599c60b211eaee400e59649a,900c2a5c0f66b2a19fafb5fe53bfa04b
1e84dc0f599c60b211eaee400e59649a,f3710d84c6dfe78a789deae694bd1e9e
1e9070cedabc53d2e45185e8baae1830,d1c45a9a9abd81ba3fc9d5250a989976
1e9272b833b7a84fd5334b5a6d0aea96,5b76161c7acfe2c6733e41dce3f85351
1e9272b833b7a84fd5334b5a6d0aea96,ad06a4e56e82de266a9731daa3df6596
1e957ff2b0248001be0b1cf01207b943,2302871ffee6e15620ea6517e24e81cd
1e957ff2b0248001be0b1cf01207b943,44653c4d3ca0cccb8cf2d7e8c48157d7
1e957ff2b0248001be0b1cf01207b943,50744d616243e157f5ecb83e3887e819
1e957ff2b0248001be0b1cf01207b943,6ce3500860006ed85b98840fa233fe9d
1e957ff2b0248001be0b1cf01207b943,fc24fdca326c0beee562f6904aeac56d
1e997b2291a89ba965e701bad232bd99,375677b05ba5ede85117f4b57f74ae13
1e997b2291a89ba965e701bad232bd99,39d179dee6d2b94a5392dd753b872b0e
1e997b2291a89ba965e701bad232bd99,e45f4eee0d1154ce571c0c5126d87009
1ea3338b51592f7afa879b9fbffafed1,84396fe26168a3928b821ef617102c21
1ea3338b51592f7afa879b9fbffafed1,caf1494d7c5469cc1eba882b48a4a039
1eb244f43dc3604cdb1e87233fc8076f,fd98089db47593f26e88c74331d8d35f
1ec9aacc91a419677e9df53d00e9489f,7352d982d66f42dfb72e359bd614ff86
1ee44dc85e8991e183b47336a53b38f1,24ca37c9f314eb38ab2b6a7e2a802702
1ee44dc85e8991e183b47336a53b38f1,70ef1d398381723a38550e197abdc28f
1ee44dc85e8991e183b47336a53b38f1,aa3627720e7ef96ca5b444025e5aa267
1ee44dc85e8991e183b47336a53b38f1,f73ff2cf14e1f66eec643d3f1bfe386b
1effe8ec3485b6b8446f5ffb91e8c5c3,4d0536c1fbf81559256dec6d96efe9b9
1effe8ec3485b6b8446f5ffb91e8c5c3,535a70aa098661f295e80a95c4dfbd07
1effe8ec3485b6b8446f5ffb91e8c5c3,869be278053a87e804389c017aadfe2b
1effe8ec3485b6b8446f5ffb91e8c5c3,a4976aa2368323a1e0b93f987d074f76
1effe8ec3485b6b8446f5ffb91e8c5c3,e4d7e231d0af5097c65eb255f50b6786
1f00a1e8569cb07974035185de417580,1f50356ff637877a91bd631596fdfebc
1f00a1e8569cb07974035185de417580,43dc844e2bf4f4a592e2d74c17441335
1f00a1e8569cb07974035185de417580,b53e470154bcab64c3732470e965a76a
1f09d69aa6f1d359869037b250aa76c5,3a4c7c77b03af6f7e08db441416031af
1f1abe3f4378698999bd75634bc9c0e8,e6fec0d73d95211be51d2f2dfb415ab6
1f1abe3f4378698999bd75634bc9c0e8,fd3d41b1f02155367ca29f2526216db3
1f1ba9e8665fba455b129677fd091890,43fc39a45a359018cb1e972fb0bc43d3
1f280ac644e0a09bd65c6965452072b1,854981f31ed8700764f5782f3ea3bd75
1f313e1d4f22f6fc1627da19a6d752f2,7df51426c672e7cf213b65106082ffdc
1f3635758862fbe63721eef4a27a023e,5a2a9af0ba867007eeb036313e4cd2bd
1f3635758862fbe63721eef4a27a023e,8ce9f71a4f493829da5e5c003b477e49
1f3635758862fbe63721eef4a27a023e,fa5b411a6c12ec488f06e21e148a52e1
1f4d44772f8c6c0c8bc070d674b77404,a85df1aa04e9c0fd63d21413832c714a
1f50356ff637877a91bd631596fdfebc,43dc844e2bf4f4a592e2d74c17441335
1f50356ff637877a91bd631596fdfebc,b53e470154bcab64c3732470e965a76a
1f50356ff637877a91bd631596fdfebc,bd36de69c206091e8eb096a357ce3d9c
1f5204d34921847a99fcb2de60ca8f02,4139740f84de5fa03aeb144f592f2d5a
1f5204d34921847a99fcb2de60ca8f02,82e0d1ebc34562869700c8f71dd5a160
1f5dcdc3ea333d0f81f3eab8dd4fa134,244808435a9d7d545e0e0def375b8c0d
1f5dcdc3ea333d0f81f3eab8dd4fa134,3f09f9cf0210badc4521dea133d335f2
1f5dcdc3ea333d0f81f3eab8dd4fa134,75e84b8cc9f3ba23d8dc8d8b591140ba
1f5dcdc3ea333d0f81f3eab8dd4fa134,9e415cd3fd1b02da273146b6a9968264
1f5dcdc3ea333d0f81f3eab8dd4fa134,bda1af29723f36cd6472fd02e27858aa
1f5dcdc3ea333d0f81f3eab8dd4fa134,d48b14ef60b2cb2131d43d8d2db62b7e
1f5dcdc3ea333d0f81f3eab8dd4fa134,d94f7083efd44bf5a23d79e0e02c616b
1f7192cb6873074b89fea234b9175685,347a44868cdb18b7ec504a1168e01316
1f7192cb6873074b89fea234b9175685,e4a1fef7808b0445588df9db1403161f
1f7192cb6873074b89fea234b9175685,ec8c3c2655b68929e7a1878a268fccaa
1f7192cb6873074b89fea234b9175685,f833b28ae5d3ed27dbd67f2be29233f0
1f763912dbb0f05f5487bad717e3484d,21393134c41696d1aab02ad079f2fa8a
1f795c55c21f70eece283a4556f71c1f,ced581cf3131de88eade5a1db13f1c65
1f7b3bb6050ff00d29ecfa3145b2f2c4,3b45dc3bee87c32e74804546da7311a0
1f7f239b8784f8dbbc10e9b8e24458f3,6b9d9f98f0746c2318f108a328730927
1f8229aa4af836eb826d58394fe51045,8b02e2bd31b7436d6389aee87cff032d
1f8229aa4af836eb826d58394fe51045,a15089398240e34311d0be2407fa969e
1f8e29c8745bd78c27a2c2ae60df292a,69d69ba2aaeadf3d645f7621377fca3d
1f96da3edb9635117ad9e0b7da6e92f0,d3c63d1c97da930ce2bdbff9e4dbb692
1f986365c340e9f21d43b9132136352a,c11056030d1c015942c9a469b5ad67f0
1f9e84819b12658007fee2d21afe2349,5720b6e39fea1f783f9be7a5105d80d7
1f9e84819b12658007fee2d21afe2349,7b3632666ed752692265d2cbe3030fa0
1f9e84819b12658007fee2d21afe2349,9ae89785dbc5af7fa6977fdb5d86c6f4
1f9e84819b12658007fee2d21afe2349,d86e536df9847a9e7366e5b3f6800fd8
1f9e84819b12658007fee2d21afe2349,ee330415b10b76ad5fc46ab08e9032cf
1faf46076affe539fbd3fc7fa11353b9,6616259e53771ef46403c3f15b715e79
1faf46076affe539fbd3fc7fa11353b9,8b964665e7e58b757d302e254e2c2ecc
1fb84271e9fb829fb6f3a3c4e3e033a1,4e386419d8c68089166f85750e6238d5
1fb88feef3a8ea62abe721723ec3f32b,478bba3627e622d2a337569297087ae8
1fc2b97466827aa110b949d74caed725,f3a6669712f1c5aefde40e984ce40040
1fc2b97466827aa110b949d74caed725,ff7a05ce4292c3ed4dc9818d5354b498
1febc35577f1def9e8423e8460c01a64,42b08d8af13a61a4b768b822299052ec
1fee47a23402548d0383cea42c7dccfb,42bc270940480bda026406c4e32b6fc1
1fee47a23402548d0383cea42c7dccfb,a912b50298580e88abda56999c54f9bf
1fee47a23402548d0383cea42c7dccfb,ef7d9791d731721fc678eed00a03c8b4
2002e80efa9fcc3d419f1e7439633b7a,36c24f0aa9e92d3c4df0445324221874
2002e80efa9fcc3d419f1e7439633b7a,4ab91e013bb8e43721661265a5f26876
2002e80efa9fcc3d419f1e7439633b7a,6df45efaf7162a8048012bb8a3e89f2b
2002e80efa9fcc3d419f1e7439633b7a,900c2a5c0f66b2a19fafb5fe53bfa04b
2006a2a854c1d1d77f4bc6187a8e9b68,66de0f82cf796bb5de3fb2a3e695d976
2006a2a854c1d1d77f4bc6187a8e9b68,a47bc4cf6eaecdeb49e0438c316c33f5
2006a2a854c1d1d77f4bc6187a8e9b68,aad4623d796282d9df97d8ed60f35472
2007e49a7c5eb1a7c41db85144b7d077,8e29f4ee172cad99b1f8504afb5f3220
2007f869983e433861d9b6e87c71a227,d1e14db911f83bd0b60d35b2a1af86e9
201a67c1be7940efea89d2dc4387ea7c,23762f0631b2e14cdedd28df40cde269
201a67c1be7940efea89d2dc4387ea7c,3bc2129cf375f5ce0a18650fdbff696c
201a67c1be7940efea89d2dc4387ea7c,7d1fb9640c4d3c842678ac097611635b
201a67c1be7940efea89d2dc4387ea7c,9b10b0540de1f7f03c8f3c09ab331795
201a67c1be7940efea89d2dc4387ea7c,9dfc1a9cd546edf6aaf0407a11a734c4
201a67c1be7940efea89d2dc4387ea7c,b49414acaab784de001dad791a500ae4
201a67c1be7940efea89d2dc4387ea7c,b660893da5418542f202105861155f86
201a67c1be7940efea89d2dc4387ea7c,c0c3d3b625d1b2c931ea03584c7e5302
201a67c1be7940efea89d2dc4387ea7c,c6b759eb39dcd70130772327e479581f
201a67c1be7940efea89d2dc4387ea7c,d584de7e13ec98af5c5537eee21af767
201a67c1be7940efea89d2dc4387ea7c,e36b19cba75c879762974ad7aa41b811
201a67c1be7940efea89d2dc4387ea7c,e4ddb079f99d4a2d6c6ecb2c19e0fab1
201d90542f147ba800eabf2a8f5b7ae6,7186b296725bcc98a95e90e06765f853
201dc1b248ab3d84018b01ce6d9dfe64,a98334f948d3deaa1d4ef97952bddd93
20262009220f4ed07e7d2e973e8de1f8,f04a48ba635c46ede69e488d976f0acb
202b2e025ce165aa71a25ed5fa3d520a,202b2e025ce165aa71a25ed5fa3d520a
202b2e025ce165aa71a25ed5fa3d520a,20ce5bc58a0f424aa02c59c4b81162c0
202feda29e08bc8d1f4730694fb2b94c,3f6a9e439fc5a25bacbd30f7da304c07
2048b1e8ff28ce404453e7deb1fcf36a,742c0d1a1d3035f45a411c910a88fb23
2048b1e8ff28ce404453e7deb1fcf36a,bf6145cd8811b6417f83d4d7d25c1c73
204d441a8c677afdaf8520c144fd194f,9a2295396d61923b42a7e17b2ed32b76
205f2185c87ba865c5dbdf89636dca8f,8d0918bec8999a1873ce19328757f9e0
2067cf46dcf529c1c8e01405632c9900,2d376f70dfada3f4f3a4a05150c6f15b
2067cf46dcf529c1c8e01405632c9900,30cf998bf5259a34b90b90c3fefe58b9
2067cf46dcf529c1c8e01405632c9900,4e14693713ceab7bc616fd1212870b2e
207285fb7c7f19f90f15639b2445f14d,a8da311de043854450d604810930bf3e
2086b3aa0aa6c3089a748bf97f4f8ae8,f75e02d1787420e5d1aaaa17cce6fcd1
20a94d5ed8e7d2de418596d9f9798c0e,2486d725e650a0eafec3bb6b650055e0
20a94d5ed8e7d2de418596d9f9798c0e,7c966379ceffc0094423605dd76ecfae
20b20844de42214c9ae59351928850cc,2df8995d6c777c4090b3fd47b4e39831
20b670a2702fe000e38dfe0f5171ca8f,7d0feb8376fcd7b28bfc88c8b9d8d7cb
20ba653917c7adb7114fe4f137b90b4f,95ed76cac7d076ac792eb6fa5358f624
20c96e8cba9d7388b99df234427b1b7b,2166905be578ddef4031fc641323b912
20c96e8cba9d7388b99df234427b1b7b,5862b39c871876f729d08e0ecd866475
20c96e8cba9d7388b99df234427b1b7b,fa098024490f58aa9efd7118bb6ef908
20ce17c98abc5b10c8c4fc2db50f3903,9c28c0ade77fe174b3f18f92be40e1dc
20ce17c98abc5b10c8c4fc2db50f3903,a1f3ebd19de385ee18d44af27d7747c9
20ce17c98abc5b10c8c4fc2db50f3903,ba16086eac2d76d355ce69065be45290
20d9f285989a58db2440f8873256a173,2ae48954979ce1558d93bd6a3f3cb988
20f48d1c19ed217e515ad08098f70053,61275161198b52298ff4fd632618d8fb
210ead38f26bbce685d6ecee596acdfd,ea8b366777e16ee32ba92077ec150b23
21142c22e6b94963564a78fac12a6280,75c1689ae2d2b13bfa8502354b30c914
2120583ada7b03e181294a12a029837d,63bd3bff9193c2a205dc75d5b4acc53f
2120583ada7b03e181294a12a029837d,6fa6a73528abef056b2f5b243bf65454
212ef4baf74020b81de9d9e40370a795,e5e2ee5e173190f7ff552c24036c3078
21393134c41696d1aab02ad079f2fa8a,8f2b5d874008bad0eb435e7d85795424
21393134c41696d1aab02ad079f2fa8a,95b476a70ccda7c7911a09a4fc640a71
213cc2cdff0520e4b1866b4a85b9c03d,e14556235dfad5570e44bb1db0b7d956
213cca27aa9907f07c722eea5859bda8,4c8d837812703619f607271bd2ff81dc
213cca27aa9907f07c722eea5859bda8,57fd5360134efee1e9fcb4cf38c8fbcb
213cca27aa9907f07c722eea5859bda8,c07d948bed611f6144628d5913f8f908
2140477d8202507bb8a14fbd7311f1ef,313b36837cc0b7611420b74406214f14
2140477d8202507bb8a14fbd7311f1ef,9d99acb4444ae4af56a218bac07eb237
2140477d8202507bb8a14fbd7311f1ef,9e7e5ff6fc382b510afc2cff0655c5a1
2140477d8202507bb8a14fbd7311f1ef,d544d601a12b7205ab63827546ab31ba
214cda7863393cacce48808a60516385,93434889dbf9a3c95678aa32e67507ad
2158602085c336d518da81f4f2847190,436dc8a8592f85418518396ed4394064
2158602085c336d518da81f4f2847190,b54a6279f0a1e04d542ad1fa64571e1f
21634536e454a3df8f63aa5836147da3,9ee4a4770f33614afa0ad4b3160bfd4c
216399e718719635a273944d23be9e2a,d07c75b40349c949443cd7354468f02e
2164f4201769b76f3e399992c5c12d08,fc3474782a65cdaba41e4bed261090bc
2166905be578ddef4031fc641323b912,5862b39c871876f729d08e0ecd866475
2166905be578ddef4031fc641323b912,fa098024490f58aa9efd7118bb6ef908
21740ec90abd5fd24396158afb59f3e4,591d98261350b2fe8733c958daa4a979
21788568019b89256d93a5a36f70738f,ec57ee5acd579000029870f90d866a32
21804188f538272542ba9423a05335f7,8758226040fd794efcefffc4231f3952
2195f617b8d96818bd19e2f11aa49099,53089e82ae07dacc77786bfa78e5fdff
219ae6e3bce3c20abe91e84261ef79f1,ffb41049e271b6d7657b1d24166bd700
219af45eb5d123550391d986403a1479,611546332b2dad4e14477d5c4da7d5d1
219af45eb5d123550391d986403a1479,e8a63e8fd49984e307ce243b4e6eca92
21b744996957be9a490feb16e227ac34,421dc56f897f05a1f423852b2172af04
21b744996957be9a490feb16e227ac34,c7ce66e0d9cb21855861fe5b65510a24
21c2ceab6c069fca3ac7467ba571ebeb,e99f299fb9fbbe94f7f3d7361ca45ac1
21c7907a441f5fa287ed01b5e80ccce3,dc28ddf68944bf8231d3768948ca0d1f
21cb53aabcc54d9cb1a8a75e9ec36953,6164e87069d14bc418c63b22761fc017
21cb53aabcc54d9cb1a8a75e9ec36953,b957e245a187308a084be8822824f672
21daea05a48d908d24f27dfb216857ed,5d82da78f08faae4ba2b8b34f29bac05
21ded4a29f4dd26668ced9e44a87694d,343abc47be06a73e74ad8e4a5ba62dc5
21e7472f8eaaa4a71b62ddfcfad882f0,6fccc58ba46e73ca537b0186e9c7bc81
21e7aa169c88d9676cbc4ae575e734b1,b5d0fd4d5c40892b3a334a7cd0e219f4
21f34db60b8061127c6243721674013e,c7a329bfd8c712dc74a189f6d082c763
21f34db60b8061127c6243721674013e,fa07d861876dcf2e9848ef574668bc58
2204a62d19e387a08519b7eb1f3790ef,3a01bc694c3fbb9329fac1792abe339d
2204a62d19e387a08519b7eb1f3790ef,faad62ee21fdb96639ed993b176df9e3
220e8a6aaea6383bba38499958521c50,a2d721542ed1ddff3b3fe61ef2f020e6
220f64031097230290b94de964fd46af,f111a716f04ce8ff42b9ba636a17eb23
221032f597ffe158cbe8767cf80e302b,22b083369ca0e08f301941c578e26973
221032f597ffe158cbe8767cf80e302b,53668784014611d9976c92ad5d6a4830
221032f597ffe158cbe8767cf80e302b,58cc4384e99a47db07cadc2c9051513e
222270be33040d33646ff3b43e44e039,7710303f2a0090633ddbce1a97eda649
222270be33040d33646ff3b43e44e039,af29f3b80a0f6cafdaff07d61d9d90e6
222d971ef793d90ae1986f5ba001967e,48c999545624be54077c17c39a52edfc
222d971ef793d90ae1986f5ba001967e,88908f86ecac5dd74a9853fe780525dc
2230972f5914c936080bbca080b00bad,8e172cb357cde5f6f1a6de802b5019cf
2230972f5914c936080bbca080b00bad,bcd9bcef2853467f810110a25b0d3395
224031cc25b005c9fc59e739af926437,a81e226fd81222d5633bc72eb6c5fc22
2249b54009149b4b5183294582aefb52,339d9305d6fc9b057bfd55954fe27a8b
2249b54009149b4b5183294582aefb52,5e0bb9f20f691a44dd5b96b4f1b96335
2253f863fa0d0235aae13093b68153fc,62f34ff20217f3728d82ca1617c62c48
2253f863fa0d0235aae13093b68153fc,93ff2268fe6dd09c397756c4ed65cb1d
2253f863fa0d0235aae13093b68153fc,b1bcd7e4ee4ba033e536cd5756c6837f
2253f863fa0d0235aae13093b68153fc,cf0a0bf86d48836b829c1e9f00294821
2253f863fa0d0235aae13093b68153fc,d00148036f5d147da3e7682940eed5ba
22558e08d69c0241aa2cb72cd5ce4ba2,46b05a237006ae6a1017ca2ffa3b546c
22558e08d69c0241aa2cb72cd5ce4ba2,e5daeba28c608b75ebf619d672deffaf
225c561adda9324e2e99164c523a1b12,5eaa7ab476962ddd578eefc72aebf1c6
225e74d0fec8c9e1fe81e19a7e738071,4d14bbb5914b4224c439e3f17e71f668
225e74d0fec8c9e1fe81e19a7e738071,a508f7dd5cafa20f7dd4eac9bcdb36f8
226a3205a745a8bef27b5c63d8b9fe00,7d23c8eeb1f66c6103308df099e1853c
226a3205a745a8bef27b5c63d8b9fe00,d033a65766f0b6f4b39c31bd0f823f60
226b68b29ffb12594e8f016141c99ba3,45614755d69af1a1c9de2293799a602a
22738081fce28d0a5cf0017cfd07b1dd,d47c590dcca1b83d2c925b3b9964f9fe
2273ebd638fe925bc34daac1a266d32b,41a19bf90abef992b428553f077c979f
2273ebd638fe925bc34daac1a266d32b,781d2bf0d1c1e4c85e3e174c1d479cf3
2273ebd638fe925bc34daac1a266d32b,7da6357cb4ca1da6da00bd5719381fb8
2273ebd638fe925bc34daac1a266d32b,9f1b75dccb1a238f4a8ae0d565f890a9
2273ebd638fe925bc34daac1a266d32b,b8ce43fd290a2cafdc4dc4c8325f4d50
2273ebd638fe925bc34daac1a266d32b,bbd09e3b3ff37766ae55b524ffc61a98
2273ebd638fe925bc34daac1a266d32b,dcb6021ebbfc2a397f46b09e664fdc2f
227a67ca92545587980cd07ffc8217aa,de6dc89abe84aff58ce699b45064a63b
228850b0d5ac224e8007bbf854782545,c56b88cf4c393a66f762e97945253859
22ab57b34c9c7655a7c3c940598b61a3,7fafc9ebcba53059f2817a7ef97d2a92
22ab57b34c9c7655a7c3c940598b61a3,ad9835184a4ac03d1922640b8aa31ce7
22b083369ca0e08f301941c578e26973,53668784014611d9976c92ad5d6a4830
22b083369ca0e08f301941c578e26973,58cc4384e99a47db07cadc2c9051513e
22b092d9171d24847a100825f27807db,9c3482c7b742ff184ff2504ea4471808
22b0e7af0c8fdf2de62af1731ab23f85,2445137b2a9708a3734bf3f1d185ef72
22b0e7af0c8fdf2de62af1731ab23f85,643f7a51750640fb5784a4abf74932af
22bd9ed9b539b469c08f6580d7e18677,3f0e69be63641cec66108567351c7357
22bd9ed9b539b469c08f6580d7e18677,e9477c5b2e8016d2fac53eb142a68045
22c6d3988d93be1d8e5d5a88b4d0d22b,66d9096c76b98c58c7e2cf201d9fc9e8
22c9d133e90983ecde2136047ffc791d,3956430667da91712b80001bde6b8af8
22c9d133e90983ecde2136047ffc791d,7a63fa6b77758dcec8fc80254c2b0ebc
22c9d133e90983ecde2136047ffc791d,d04dda5de1a0fc3e3b8e9fdc6e065b7d
22d3bd777102c19fd25c7bab86d3640e,a5ea5c1765a40f2dcc37a1ecbff62f44
22e130b30d9d1a68af81bc65ffa99d23,979026da9bd104f63ae96c03497cc4c7
22e8d2bbad455a0d022d3dfae64f98ac,5d04bcfc557d3f1979e9e3eff106ffac
22e8d2bbad455a0d022d3dfae64f98ac,841782ffaec7c84b641c0a0607bdb7b2
22e8d2bbad455a0d022d3dfae64f98ac,a442a1793e15a7cf87253d41c88447a6
22e8d2bbad455a0d022d3dfae64f98ac,fdc3fa6a1f7153889891c11e0d340ae2
22f4ebb165b1700bbd4a67894ca7149a,892a1331eca526d24454760216047398
22f5aa27293069b704c5c46c81448efd,c53102c1707c089a2bafe636bc2a33c7
22f5aa27293069b704c5c46c81448efd,d5d1ac3a738c071caab8382e87312851
22f81427192052a9d7eeb190b4028485,325b502aeb2ea0741ecf0831b6da312b
22f81427192052a9d7eeb190b4028485,ad6f74cd29746cf540556daae98e6eef
22f81427192052a9d7eeb190b4028485,cde75703e6421ff674082e5617963d7c
22fdfcdd986fbf053b302758478d8959,28d9229e2ff243f368e356b9e266dcc4
22fdfcdd986fbf053b302758478d8959,9303efeaf1c37cce408dbee0df129cb0
22fdfcdd986fbf053b302758478d8959,9f414c3b1e920339c4d4157af3b5aca6
2302871ffee6e15620ea6517e24e81cd,44653c4d3ca0cccb8cf2d7e8c48157d7
2302871ffee6e15620ea6517e24e81cd,50744d616243e157f5ecb83e3887e819
2302871ffee6e15620ea6517e24e81cd,6ce3500860006ed85b98840fa233fe9d
2302871ffee6e15620ea6517e24e81cd,fc24fdca326c0beee562f6904aeac56d
230f430db2d51d3c1c8c7c94c7f936cf,252d83b33cf9dd2f6a89254d045ba6e3
230f430db2d51d3c1c8c7c94c7f936cf,4046270223ffbba0445a9472fd2e1724
230f430db2d51d3c1c8c7c94c7f936cf,9e3fc5fbfe848c4281eaa0fd2aaa636d
2337f1bf42fb559bb6dcc3a23e13d672,9390fc2cffb79bd4cacccebf8d5fdad1
2337f1bf42fb559bb6dcc3a23e13d672,c77c7c0af57efe4c160cf1412a93fd50
2337f1bf42fb559bb6dcc3a23e13d672,ef9d06523d87e12d22e0cb6b4df8a1ab
233d3355e357d359a4aadbda0a9382bb,5d2e01c4bc4e860d7bea5c0bf2194a37
2354d165affb0df79865190bd22ba8ae,637ed942acadd3b3d2c73d5e651e941e
2358278e548f2d72d7b2daa042e09df6,6db56524d971e1099a29851b24b9743f
2358278e548f2d72d7b2daa042e09df6,bba138ce77530517e9b7ad6f0f882358
2358278e548f2d72d7b2daa042e09df6,ebd956c708ca3964639be74f97a5baf3
2358278e548f2d72d7b2daa042e09df6,fd0d9390729d7fe2d7dae1c7b2792401
23666b59d90167b9fdd0ee28170ca19b,4162cc7c5484764fbf56c45b89da453a
2372175bdef1750435e3e6b9b89b440f,426c131bcd16ec86c4e14544e877575c
23762f0631b2e14cdedd28df40cde269,3bc2129cf375f5ce0a18650fdbff696c
23762f0631b2e14cdedd28df40cde269,7d1fb9640c4d3c842678ac097611635b
23762f0631b2e14cdedd28df40cde269,9b10b0540de1f7f03c8f3c09ab331795
23762f0631b2e14cdedd28df40cde269,9dfc1a9cd546edf6aaf0407a11a734c4
23762f0631b2e14cdedd28df40cde269,b49414acaab784de001dad791a500ae4
23762f0631b2e14cdedd28df40cde269,b660893da5418542f202105861155f86
23762f0631b2e14cdedd28df40cde269,c0c3d3b625d1b2c931ea03584c7e5302
23762f0631b2e14cdedd28df40cde269,c6b759eb39dcd70130772327e479581f
23762f0631b2e14cdedd28df40cde269,d584de7e13ec98af5c5537eee21af767
23762f0631b2e14cdedd28df40cde269,e36b19cba75c879762974ad7aa41b811
23762f0631b2e14cdedd28df40cde269,e4ddb079f99d4a2d6c6ecb2c19e0fab1
237d3bbf80b8f2058652d2d0938c1c9c,65c6e749eb9eea4ab93ab38c7d4985aa
237d3bbf80b8f2058652d2d0938c1c9c,f2a9f282d96c7a0e721c5930c0158f8f
2380cfb11d5af659a6fcf873fe17f20e,f0c2d183325c450a1960421ee4adb0fd
2380cfb11d5af659a6fcf873fe17f20e,fc115d3b3ab3a5d1db07d372e9c65d2c
238300534623326660964a1d248c4fe7,2b34a06b753a3a496ef6813ed7696a42
23a1cf12bc3c41128c242fcce460109c,4f593d96e67157394588b52a9b46abd5
23ba3259eddf1c7d570d812de8fd4cbf,322f30a71d914332da2706a746aa3b03
23ba3259eddf1c7d570d812de8fd4cbf,779f88de628defa5011fa7209f351e6e
23ba3259eddf1c7d570d812de8fd4cbf,9365ff70f52e7dc6e266ba91974d7fe2
23ba3259eddf1c7d570d812de8fd4cbf,9e525b37574d76dcde2f47fc6a52f03f
23ba3259eddf1c7d570d812de8fd4cbf,cfef82f1013185ddfb7fca9fea7532dd
23ba3259eddf1c7d570d812de8fd4cbf,ea921ceab67192c220ae194089cd5d18
23ba3259eddf1c7d570d812de8fd4cbf,ecabab77248a428d3fd07dfbad19d7bd
23bd2baddb1b2c410fa522f29cec5efb,783f9404451dcaeafff1ff2f0f5a095b
23d3ad4870ab430f279c52b4d59a45f1,47fc9063ce92cd2534e57235c05d5d88
23def6961d7bd7488beedfbcf9e2933c,364f97549d54c18634bb7d9b719ae0ab
23def6961d7bd7488beedfbcf9e2933c,edd75641859c0844ab930797bbb364b5
23f1760e6d5f7ec5d85b8e0f10ef9d92,5fe71d75af34fa64a7b2dec2778afcf0
23f1d0ef5ae9b9a3cd9996289f8aa94e,32fd90d85efd950847deea7d10d74b8d
2426d403598c55c2eea6f3259fdc6876,2e357bff860de7fb6bfcc11eca012af5
2426d403598c55c2eea6f3259fdc6876,cc9273f8006d117d7b170ef57286d654
2426d403598c55c2eea6f3259fdc6876,f0f0127595734b9895e115ce34f5653d
2426d403598c55c2eea6f3259fdc6876,fda1d2492169a08640185ce1247a770b
242d04a0338f3a4845083d700a20b028,9701b5f1423cb857434df64ecdc454e2
24322104ca5ba4c72ac626c932ea53ea,24884fc12110168f645726903d573088
24322104ca5ba4c72ac626c932ea53ea,2c5d0ebf7d1a1decf36dd6f49fbaf660
24322104ca5ba4c72ac626c932ea53ea,810ea8dc4b798e8de3b3ca8afaf0b240
2437cb3e372bab28e1417c316b338018,d1a9c9298c337d6f22350e7ccfb46253
2442112d7c5696aaa2527515f77bb3de,26c6e86f59e828058fcec4031845f990
2445137b2a9708a3734bf3f1d185ef72,fcaf944b704620c0d045d1223ec21ad2
244808435a9d7d545e0e0def375b8c0d,6b2204839735cb7bf1081d46e8739da7
244808435a9d7d545e0e0def375b8c0d,a81e226fd81222d5633bc72eb6c5fc22
244808435a9d7d545e0e0def375b8c0d,bbcaaa9d2e93ed884c4f6d98f5eb59b0
244808435a9d7d545e0e0def375b8c0d,edc59ff5613962afeaebdd9373d11e0c
244cd33b5ee2d8f6244f2d70402a1c37,ac4ac1eb5b198eba378b61d65633c0b3
245e2fd9fcd3d842c1aa11d605f2451b,39d3bbc7e669d1d813e484dec9110595
245e2fd9fcd3d842c1aa11d605f2451b,41b4c6c3c6b1d2b13bd5d2c07646b860
2485615b3f284186e76e7e926b2fb045,2586419f695a45118e24a15cea213801
2485615b3f284186e76e7e926b2fb045,83340d0c319d8b9a51467e617678169d
2485615b3f284186e76e7e926b2fb045,ef8e3e85b276e02e0ed1bcdd119ddfe9
2485615b3f284186e76e7e926b2fb045,f02e637d332f3a3543d9af06ba1c77cb
2486d725e650a0eafec3bb6b650055e0,7c966379ceffc0094423605dd76ecfae
24884fc12110168f645726903d573088,2bd96f592aa94e50790b18f09593ad07
24884fc12110168f645726903d573088,2c5d0ebf7d1a1decf36dd6f49fbaf660
24884fc12110168f645726903d573088,810ea8dc4b798e8de3b3ca8afaf0b240
248c0ef4aa25bd42e21fcd3b82bca31d,9b66a42755d463a7afb613819aa824af
248c0ef4aa25bd42e21fcd3b82bca31d,d427a577302c58fc3d34969989b864eb
2492d19a934993a88029099244a36530,2770fcd9aa016a219dc1aab77fc2cfe5
24bc83fa9404cc2713a0ef51cacb2279,41891f6ad8b3a85f8273beda3d29c2c6
24bc83fa9404cc2713a0ef51cacb2279,56014da055e3dcb886b61c4f76d62c2d
24bc83fa9404cc2713a0ef51cacb2279,63b0ecf3a4103521f3fd50206bdecacb
24bc83fa9404cc2713a0ef51cacb2279,752424bf44aa868c6589e37cf2ed1e3a
24bc83fa9404cc2713a0ef51cacb2279,820ebb65bb87c50488f322a22f547b8a
24bc83fa9404cc2713a0ef51cacb2279,84c45a71b83b550acc444f41bedc62d3
24bc83fa9404cc2713a0ef51cacb2279,aaae7a7f70066143d50e9c6a4a4a9cfd
24bc83fa9404cc2713a0ef51cacb2279,ad999ee7df648e78a172cd108c9b6b8b
24bc83fa9404cc2713a0ef51cacb2279,be0718b8be64533d732274d0ee2f21ba
24bc83fa9404cc2713a0ef51cacb2279,deced0987baaf024bf721895125c72c2
24bc83fa9404cc2713a0ef51cacb2279,f62a7583d3feddd4a43e616f74cf29c5
24bc83fa9404cc2713a0ef51cacb2279,fe0bac08f92aef9b78691fc7780dbedd
24c23ba118330e170fd2443c315633cc,9c00a0f07db96beaa92a39c7f67eaf10
24c41b7097a98842e0e03547b3469d8f,9fde875654bd34837ee966fe26aaca14
24ca37c9f314eb38ab2b6a7e2a802702,70ef1d398381723a38550e197abdc28f
24ca37c9f314eb38ab2b6a7e2a802702,aa3627720e7ef96ca5b444025e5aa267
24ca37c9f314eb38ab2b6a7e2a802702,e14556235dfad5570e44bb1db0b7d956
24ca37c9f314eb38ab2b6a7e2a802702,f73ff2cf14e1f66eec643d3f1bfe386b
24d42127c7b7bd7a70c19a3ba30613c1,f7cb54144b2d68b0c6daf63e9b1b6bda
24d4ba864840c9ee0bc944a8c158be1c,b3b81f9e3119bda8df0bdbaf33912bf5
24dc9b485125ed1ad9d1880357631a53,eb5a2197453b96251c8653cd9982c2d5
24e2f357230fd0363f43abed25ecc185,8229da128861742e7b24397207cbde63
24ec2c8ec53e9c38dfad31f5b95cb956,27c389d52b709bd6410902f4064d4b7e
24ec2c8ec53e9c38dfad31f5b95cb956,fda1d2492169a08640185ce1247a770b
24ec56da422431d8e67f565c4af1edac,415df96675dbf801e4765d346a5145ce
24fc58b4fa04af6f0e8d3d3b94aaa18e,6f53740d687acef22719fc25614d41ab
25119568384e5bd6190dcd9b41f7496b,b34ad146b4ab0caba24d3a6ac9f79776
251b0e8b6aab49062789223d1139d813,e889263f5dc4663a5a01e13873411402
251b0e8b6aab49062789223d1139d813,fdef680b1bf7bd33ce1a1860ad62d7d3
252d83b33cf9dd2f6a89254d045ba6e3,4046270223ffbba0445a9472fd2e1724
252d83b33cf9dd2f6a89254d045ba6e3,9e3fc5fbfe848c4281eaa0fd2aaa636d
252d83b33cf9dd2f6a89254d045ba6e3,9fa0e18f1c9a6f191a11f4cea2018844
252d83b33cf9dd2f6a89254d045ba6e3,c9c00fc7796cfb0d00417a553c16557d
25579d6dd0d1590a6523672bd6777f98,3f51f56713865a8078c4532c483d4d79
25579d6dd0d1590a6523672bd6777f98,64b228285c921fc6cb9cbf57f601da39
25579d6dd0d1590a6523672bd6777f98,7035d70c9eae06251bb49a0b2c9a51c8
255eb84289a24ff364baf0a4db0bdf07,4e9c33a42bf2db6cc0aff402f7ef7bab
256c5a66ad8e590a3a55b5197735a63b,86a9025f79871063fa7dc0f1db489871
256c5a66ad8e590a3a55b5197735a63b,cd3c022da7475cdc37422514b209eb2d
2577217adfc6ecd105917b67afd8e0d1,95fcd9024214aa9192fec9124635846c
2577217adfc6ecd105917b67afd8e0d1,db033987a66427787cd9d35359779749
257f57eaa5b9fd33227b73917e06cce4,5b01eeac7b811489ea6601feb9e231a0
257f57eaa5b9fd33227b73917e06cce4,a9a35427136fc66844e613f6578d75cd
257f57eaa5b9fd33227b73917e06cce4,af42bed76f614419d588eb3c65769f97
258570f40d0d665e8ec6554d2348c62c,7a097d21f10b953290e17f15ad5ff11a
2586419f695a45118e24a15cea213801,83340d0c319d8b9a51467e617678169d
2586419f695a45118e24a15cea213801,ef8e3e85b276e02e0ed1bcdd119ddfe9
2586419f695a45118e24a15cea213801,f02e637d332f3a3543d9af06ba1c77cb
258846f4e6f403e8f5e80051382e45c2,8eef32220b3da4fcfab5e613a30c1be0
258e8d904c4ca72baef81468ff807c2f,4db0031a6ee89fbfa9c6d58cd09b5e22
259469e327b6c12f4f30caaa0516a4ee,6398b08d8b3ba798313f6c605db56025
25976d02a69d1e553f2ec2fa90bc19f8,991719d8d91b7009d1c73a392bc467c6
259e86d655a6ecbce2fd072a5f947139,bb9a9668745e7074efefcb98fe51625f
25a3dc3222fbf014c77f982f4000d3c1,62bbc0ae3f9958121854619320f14c6f
25a3dc3222fbf014c77f982f4000d3c1,7e9a5ea68da16a776820b29dbf4c00ef
25a3dc3222fbf014c77f982f4000d3c1,fb8cf5fa63631e51d8fad9af43d3552d
25a904324dc147d4b0f736b268430191,df1787050a4fb107ea2645046b29359e
25b5335441d937a4e83b9ab337f302cb,7471d9b9b16a24cbfe81f6c209ce366c
25c586682849f4f35068e3d5b9ee1263,45026911132bd6229d33fa4563950da5
25c586682849f4f35068e3d5b9ee1263,faa98278a984771268fbeab6f5b7f2d9
25c5eb2968b3e1f03af3127fb4ecf434,42f9ba717e11be60180db88b16e45911
25d329e1bbf55db00dc17a8fe18f3cb5,a70c0e98c319b8289aa3bdb25b8c45c4
25db5eb0944405c667499816bab06e6c,6339b07c6f7a6198ded884e43ebe8383
25db5eb0944405c667499816bab06e6c,a6be11db3da1d0c579fe2281d18481c0
25dba10b298f0f38190c3095e0c20190,f96e76be2731df04f40b8962790d2170
25dc64c5608a5cc14b648694edc0af69,c5b387877698b95adbd2faff4557f279
25dc64c5608a5cc14b648694edc0af69,e96e9702db87c221c805a705a5db7ec8
25dc64c5608a5cc14b648694edc0af69,f95e525fb7a00ea68401698b63b0278d
25dcac82f41505b96b1da28558ef8abf,7f9c5d3b1f5d3594089af3f68e0a5d78
25dcac82f41505b96b1da28558ef8abf,abb5c87b5e80d3980d041972a0fde583
25e321b483271fd52e0e4543356dff91,e754ed37e1ff2d4999d51a9ae2007b02
25e41467e0296eee92ae2c317153964e,ef450b5dc9a7acc8d11e8bcdcca050aa
25e5e4def7638539a57bd03bcbcaa5b3,f753c87fc844aad1ce8e21c28d49cb33
25e5f41957668f5f3f1241331dcbd7c4,f4b076b7088125bcb9a71a9a70c93d0d
25f133830123adb4cf2b170620656d52,64a644ad78449bb96199c39a4e96b7f4
25f133830123adb4cf2b170620656d52,b096405376b84c6ad0968f0a3472e518
25f845c9f09ed100153443c3120ee000,28d9229e2ff243f368e356b9e266dcc4
25f845c9f09ed100153443c3120ee000,2d66b8eb25dd729ed643a81c1b7865de
25f845c9f09ed100153443c3120ee000,30a4fd57e678fa83e300d79bea858fa3
25f845c9f09ed100153443c3120ee000,4e5bc798202bf88024d5a8524e186c81
25f845c9f09ed100153443c3120ee000,fda1d2492169a08640185ce1247a770b
25f88ecaf5198ba7a239f0224f4b5138,50a8943ee3284ce3b0f7ae5705e9685b
2605c2ac5bdd8b49fbcadd12153e27b8,cb6e9388a7823307a1827325f4da0821
26111cab0e7af1beb4ef978878fa63cb,9c1e12ea24b59e2ac4c33f4db157b671
26111cab0e7af1beb4ef978878fa63cb,9d28686312f4fb09e5935896c826a507
26111cab0e7af1beb4ef978878fa63cb,a5b1f854e8dda30ec015e923b4a83597
26114044de334c481e6aeeb75994d99e,28f6b21c0ce59f203fb2092ad47e0f5c
26114044de334c481e6aeeb75994d99e,c06f3f926cc18b45ba350495c59c0093
26114044de334c481e6aeeb75994d99e,dbe736e78fed3b0f4703c4ce05472b7e
261402abe9daf4415171d2e09a6adc2b,6b3f6e7de28b5a535ef4f3f5a4131b36
261706ae0082431549b3b1d481ab8b42,fbe4238db71e4e6e122ef216c1575700
2627bffd11613714bfdd75244a7f277c,96a28b3b71969a7299be90f237c24fe4
2627bffd11613714bfdd75244a7f277c,c1e33909ca4e1d7aff1590948fad9e31
26295737e2e361d28717bfe318c7d3a2,8d78bf5f25413643f80363e7a79b82b6
264eea594225194c4d6d927834cbc4d3,6a924dca7ac6ff763635c0e8a8cd9e87
264f8d943246cd798e04df702583415f,4e26d440d160285d9042e1464101bbd2
264f8d943246cd798e04df702583415f,a336b5c9f3a48e40993bae8018f4d1da
26530343901fd5a60133538bcdbce6bb,309ea305680bb17c8491b39f6e91150f
26530343901fd5a60133538bcdbce6bb,4b91540d0446736583a73489cf144990
26530343901fd5a60133538bcdbce6bb,6e852ee4dfd4c4046f17e851a94eb17a
26530343901fd5a60133538bcdbce6bb,9f35d3943d1515e97d6a7edda2f98f65
26543308282d7c127270f8af221b63e9,42b08d8af13a61a4b768b822299052ec
26543308282d7c127270f8af221b63e9,8fa59ada0460a42061fafef5d662d584
26543308282d7c127270f8af221b63e9,bd5c38f45b8fd000bce69f737a8dc5ca
265e1e07d978fd039aab026395419a44,5e7ed41b54f46f066885cd07459bd17c
265e1e07d978fd039aab026395419a44,aae07d530ba210e5dd0b00e45ee54d19
26620515c64b138d04aa9865ec3a0a08,3e94966c0d4002f7c0e2056c83e1ceb1
266fc287db7bf46dabb9403a0092d278,34848508ea17e9966f9f4683593fa2fc
266fc287db7bf46dabb9403a0092d278,e75f1905f8ea892ec5bb580f489c3ba8
2677d3de81804481306d4d23bd73ac5b,af9200a22da9dd3e2925bdfb2a2fba19
2677d3de81804481306d4d23bd73ac5b,b1081fa13cbeeb6a812ba4fa28c84ac7
267f53072f67da519a4c59bcdf368266,a7357c8634b274c5244b65e4b8a49e1c
268b4a6f99d080dde02ebcd55ad92e54,94a5f0283485dd767de6e5db5d95c3f5
268c3f7f0ed419bb241f33ea93011ee5,59aa351598679a44020c0b88ea5ce12a
268c3f7f0ed419bb241f33ea93011ee5,59e40bc8c41de1fbd0678fb0bab83c6a
268c3f7f0ed419bb241f33ea93011ee5,67126b78c48426c1a5060acd8f9217b8
268c3f7f0ed419bb241f33ea93011ee5,75f13ebee96ab8962c7410a911bc46a1
268c3f7f0ed419bb241f33ea93011ee5,8af37f5618fb1fd7da834d4cedbca6ff
268c3f7f0ed419bb241f33ea93011ee5,bc29617aac27456f2b1879d346ec6fe6
268c3f7f0ed419bb241f33ea93011ee5,da3d9717247fdfd57f6431db8cef985d
268d747ba9ea2e7830fd64a71dec1827,9ea37de9fa3daa8c33755ace016743ab
2697432d7e71110db35220d6f8efc882,5c4f05ab62133a4a2232f207e804d86f
2697432d7e71110db35220d6f8efc882,9e75a35b48bf6c2c78c1d05148b4af34
2697432d7e71110db35220d6f8efc882,c092ed362ba6ad8e7d5cbc0530b659cb
2697432d7e71110db35220d6f8efc882,d039f768dd43b73a571268ab9d49f649
2697432d7e71110db35220d6f8efc882,f8a7fe1d0848c0bbc5a2e92fe82a0b9e
269f2dc75808eeb1a7dcdb2f2643a734,c826724960d8047a762f1cdd0d291bec
26a8f0766101b9ff8d1162c74f6f28cc,7097cefe2614931cfd4de52376feff44
26a8f0766101b9ff8d1162c74f6f28cc,a71e959ab779e6e5e84f22204e625d62
26ac1ada01f231ce5cad645d895f0d1a,a0aaf9c0f0db6f4ec50ebc21f29f4031
26ac1ada01f231ce5cad645d895f0d1a,d3d06266891a1b2d807e65b6d1b085df
26b1bb0d75bb7ebd1ee0abfded185de3,b965126db095e7a5d660614c04b6b33f
26d65b442c9e410ddd6ed829000f90bf,4500d2db3204c8629eaebef9628344a3
26d65b442c9e410ddd6ed829000f90bf,8a024384500c20ac640f118e4810fed7
26d65b442c9e410ddd6ed829000f90bf,aa7cc1104e79c00090f89d2add1b76c8
26d65b442c9e410ddd6ed829000f90bf,b654649e59293ead74c1948366d50653
26d65b442c9e410ddd6ed829000f90bf,c67f4433c04f8bb14619ed583073dcc4
26d65f3bb744aa9c536b986cd903f32e,9d85e9507d1127776a812600b4581c60
26d65f3bb744aa9c536b986cd903f32e,f659476cd0d65a68dfa7f08797b5249b
26db12c76c22909d4270d033a5447ac6,7a0fd84a832a7de28b02624fd285f9a8
26e1f9c130238a1dd70340a42c02b981,f4a65e0531a93be93b4f44044a40a9dd
26e2402b8649f34c1aa6b8d8d84ea387,d90d5d8d0ebce84f7e7c4d4a1eea0c26
26f4e9fd12a32956668b4bab77f9ee4b,87a28a9b80e225ed38080e8e2dae0103
26f4e9fd12a32956668b4bab77f9ee4b,b467f5c2b942c2338bcb2169b2057b24
26f4e9fd12a32956668b4bab77f9ee4b,daf9b579eab6d24a27208ef4e2185764
26f4e9fd12a32956668b4bab77f9ee4b,f66e899c717d2b3402e3a93313005092
26fd71779431122a1ffb30357c6061b3,aaabc6c48bc8e4e079bdc48eaa935edd
2708cd75354707c17f8196e4502d5130,3fc75282b4af4eecc42b4bc7aa2466a4
2708cd75354707c17f8196e4502d5130,59fb1768b555e34eb75e4f16cf2c2db7
271c19d618956b3d7642b1260e80b3d7,3d427c2ae093a49319915e531f94a19f
271c19d618956b3d7642b1260e80b3d7,d4d1c614ab55658b6e26ecf353ba3409
271f76e6e92baf627d03e6fffa87fa35,45ab8920bb3f85adf4717a2ebdb56ec8
271f76e6e92baf627d03e6fffa87fa35,979fa07a5b7c05bb4454e63eeb2017ac
271f76e6e92baf627d03e6fffa87fa35,9c53eaef8f7066fbb7981140f9f0c162
27207091d8c5a50224384f864a58fbf9,71cb36a623e566ec9e3d50b09c02290d
273962c3ebe887bda6b0fbf72cb40927,5e6fd9eb6197a461ce5206e102ea5091
273962c3ebe887bda6b0fbf72cb40927,69d9a6131a0b122719cf80c501e045ee
273a1ca7f38f9a7d3c00f62ff6cbf685,3244053058e664f0ee25f6669d93e220
273a1ca7f38f9a7d3c00f62ff6cbf685,3a4739a3cfbc5ffd99e33dbb5e736ba2
273a1ca7f38f9a7d3c00f62ff6cbf685,5571023fedf0091ecab9fea7c0275a5d
273a1ca7f38f9a7d3c00f62ff6cbf685,6d03abfd93cfba76141861d654e1a94d
273a1ca7f38f9a7d3c00f62ff6cbf685,76dbe028e7ff780cf7c44cdd35391805
273a1ca7f38f9a7d3c00f62ff6cbf685,8e7b5480156d5b27f3f962cf7231f1e3
273a1ca7f38f9a7d3c00f62ff6cbf685,9b401b716387fb6b8d9bf46c2882e696
273a1ca7f38f9a7d3c00f62ff6cbf685,a87850097693c4f5048a6e5bdc1e2b31
273a1ca7f38f9a7d3c00f62ff6cbf685,a9af2700ef761e22e334b9c172cedee5
273a1ca7f38f9a7d3c00f62ff6cbf685,a9dc942a9fcb1b2215cd6b339c76848d
273a1ca7f38f9a7d3c00f62ff6cbf685,c1e5d0cbb42f4975410d72f4c181a246
273a1ca7f38f9a7d3c00f62ff6cbf685,c5546998015953f631b2e9e116939a2c
273a1ca7f38f9a7d3c00f62ff6cbf685,c6ec25b24256f6e1f902a29416ab964e
273a1ca7f38f9a7d3c00f62ff6cbf685,e8d14b09b08840dcdfaf1d3983d6df51
273a1ca7f38f9a7d3c00f62ff6cbf685,f0a7454555d52a667c6df22dc8a28bcc
273a1ca7f38f9a7d3c00f62ff6cbf685,f1c0e8776928a9cf507eea55f424076d
273a1ca7f38f9a7d3c00f62ff6cbf685,fb5643b20582ba68d8da8a8dca24c4fa
273a1ca7f38f9a7d3c00f62ff6cbf685,fefa98da8db666ce806d4af04be8e6fa
2755a57c5b560c1a7c7531420d0df789,a8cb1038c0b7233f43f54ae318eb28b9
2757afb6915be0f4db63a43ef27f27ef,833aaacd9b4997528ca7ff2a98703f37
275e1923849fb59fc933e11f6c31b5a5,2df8995d6c777c4090b3fd47b4e39831
275e1923849fb59fc933e11f6c31b5a5,506033aa068bb9162b367d07c7da5455
275e1923849fb59fc933e11f6c31b5a5,bd6e6c665d6c25ff7e19bd48db7ceeb2
27693123aabd55610e73137f64b52aa1,551fa1a83e0d1999829c2d2a33dd1ecf
276cda6bc3aba3b27c79b2b2bde1996d,68c142373ec2c1d81da974bf72887cce
276e2eb72ac1f541ea048c658d3c6104,adbe4ab1a77d5841d1ca4c53ea4826e0
277035b46e8d33423ee4e3bbc0ef9de8,28e06a2bbac22d0aedfacf58ffeaaacb
277035b46e8d33423ee4e3bbc0ef9de8,44ab8157f639534d8e7a4291a155af03
277035b46e8d33423ee4e3bbc0ef9de8,4705dba082f62446c8bf05f797def82f
277035b46e8d33423ee4e3bbc0ef9de8,78ba978b28538788f99cbe041d6bb3d7
27986c6f9e2195463a8fe67cd0f53054,7526bc993e917deb6c85bc1f157c3025
27986c6f9e2195463a8fe67cd0f53054,ed99733c79b18e33b9497f8c23a5aace
27b44a028b3ff16239b810a4e3954cea,3bb6033ee97c0aae25cae81fe4fb7a63
27c389d52b709bd6410902f4064d4b7e,2e357bff860de7fb6bfcc11eca012af5
27c389d52b709bd6410902f4064d4b7e,6bfda613379edd38c4595d0bbb083eca
27c389d52b709bd6410902f4064d4b7e,cc9273f8006d117d7b170ef57286d654
27c389d52b709bd6410902f4064d4b7e,ce97dfb66e6f4b7076164454bee42a54
27c389d52b709bd6410902f4064d4b7e,fda1d2492169a08640185ce1247a770b
27c5a045ddf81de6857ffd45166ed368,a93a0228ea53fc70080eeb5fbef6f42c
27cf79cfadda3f7d673c58fad90811f1,ea7dfc2c59f2300c53d1740d44afc78b
27e4a2a5b16d397a495168257cd3daa7,4f89acfa9ecfb1c0f752ba83397d307a
27e4a2a5b16d397a495168257cd3daa7,56030728dbbeb8518bcaf693264d4422
27ead100a21e29f34e058384249ef506,c17c174141caebbc1587ae723dca6baf
27ec5055c0beca13af7d575fc91e50ca,5957b31722f1124597ebd45c0f562824
27efc4b32ea99e1b208392166b044d9e,2f653db09b8a66fab46e43b17b2f0e16
27efc4b32ea99e1b208392166b044d9e,3badaf318df81a92b6f175db756838bc
27efc4b32ea99e1b208392166b044d9e,48cafc1347b24f050804810ee3cec1eb
27efc4b32ea99e1b208392166b044d9e,53a9d52f3df637d7e56ffe2454022fe4
27efc4b32ea99e1b208392166b044d9e,78e1353f17ec9d6a714394aa60ff6735
27efc4b32ea99e1b208392166b044d9e,7e8ef76c1368e3804a180bf9ddbc71a8
27efc4b32ea99e1b208392166b044d9e,85a8451316d527b2542d5b4784c21f73
27efc4b32ea99e1b208392166b044d9e,912356a679ba499e4a5d11eaa1849567
27efc4b32ea99e1b208392166b044d9e,92601e2d3548a477033dec636d4cd843
27efc4b32ea99e1b208392166b044d9e,a7669d6fc8f46d263cc895a3e955cfe8
27efc4b32ea99e1b208392166b044d9e,a95bf7744fe6cd8c8c1cf61da46db3c8
27efc4b32ea99e1b208392166b044d9e,bbcccdbd0ae0458cf52a8077ec2e0f42
27efc4b32ea99e1b208392166b044d9e,d4fe2c0b8d29ae7dcea508d05fcad947
27efc4b32ea99e1b208392166b044d9e,d838203a9aa3ec7d77132d3bdbc0805c
27efc4b32ea99e1b208392166b044d9e,d947e045407dd3f82ef6a90b4ea053ff
27efc4b32ea99e1b208392166b044d9e,dfceed03a74e93db23209672b08ab262
27efc4b32ea99e1b208392166b044d9e,e79f617a9123f418b3a73d51c9ae7f83
27efc4b32ea99e1b208392166b044d9e,f84fdcf165aa220c2668e7460dd9ee12
27ff2e19edf094f5897ddb33f163da6d,bedac2f74b0b7fc069dba485e0a49a02
27ff8b5144f82cb938cc5f07c2ddd1ef,4fe16b47642de759f9515c494be65d54
280dd3a2ab73f3f7b348726359e0550e,29f4b4d5bc193774f63b41b9e7eac8e1
280dd3a2ab73f3f7b348726359e0550e,cea92dcdcce5030bf78b8cef2d667862
280dd3a2ab73f3f7b348726359e0550e,fc452cfb10dca99ae13f1026bc6c5c89
28125f15a6e88c22d5d6b09a8c50fe4d,327fa6f85b908a17df3cd48aeac3d08c
2826d2f06b2a4d6b9d6b680a2ec165aa,65f84ad5e7f5a6338928ddc46c431381
28392ea5821542149f8bcd0396e295e1,66ea2dc576aebb1b62e61220c115f425
283f8cff7fea23ec1fa0da6a944981c1,81222283f935bf2261985705d5ae03f8
283f8cff7fea23ec1fa0da6a944981c1,92f279e5694d605efc356e4915048988
2840c1e5edb18cfae115017ee9a05052,8aff4e6a4f144159a11a1ca02d6d7889
285f766c62160db8e59f4cc9fd0bd85b,335b1d5fe0406550433047053cccbdf0
2879bfd642b75c1abb42f1dbb423dd7c,3f7abff881860589f22431e97bc7acad
28927c4cd150bb70234e536cc1c6af9e,30fcb3997650c948c62025bb6b4e6924
28927c4cd150bb70234e536cc1c6af9e,9a58f15dde64984b71d8fa0c56c2a835
28927c4cd150bb70234e536cc1c6af9e,a83707c10e4bec50d83300de642539b6
28927c4cd150bb70234e536cc1c6af9e,bfb6e3b4d1a2c9170ace41ed6d62abda
2895243c11a57980706291a1140e979f,6c7b723c49dcafa908babc48df7e43fb
2895243c11a57980706291a1140e979f,e5757767ed01148b66c773f5a8b892a7
28b89acc7e441eec5066146db8b32be5,33b6aee738774f6ec8ac2ab87fa94127
28b89acc7e441eec5066146db8b32be5,78490f9b817a482466e196e88c1ad578
28bcf15ef47b36990021316f77e3af33,fbd21e77e197e6e9f8709d91dc0ecbee
28bdfd117d73a8d5cb379bc664318265,30e37b8001363af124273e9aafeb4cd1
28d459b66f0e36961a1ab1498618a2fe,7471352e30fdddb268d6219831852ca8
28d59fba340c7e4cf90ab3096577c996,53038e71235c22bee41ff498c0d802a5
28d9229e2ff243f368e356b9e266dcc4,4e5bc798202bf88024d5a8524e186c81
28d9229e2ff243f368e356b9e266dcc4,5a159732558be3eded28b1aae70058a6
28d9229e2ff243f368e356b9e266dcc4,6c427e2dbb0f25967c6f1cd47b0b07f3
28d9229e2ff243f368e356b9e266dcc4,bcb40c75c241d44382cafeab4751fa6f
28d9229e2ff243f368e356b9e266dcc4,f23c5f27a7041422b54844302fcbb70c
28e06a2bbac22d0aedfacf58ffeaaacb,44ab8157f639534d8e7a4291a155af03
28e06a2bbac22d0aedfacf58ffeaaacb,4705dba082f62446c8bf05f797def82f
28e06a2bbac22d0aedfacf58ffeaaacb,78ba978b28538788f99cbe041d6bb3d7
28ed9ca88935924ec0ef374b7f97548f,764aeb7f1083401367075e130120e4e8
28ed9ca88935924ec0ef374b7f97548f,92d2b0f4cfdaf5204d0d62e2dfcb985b
28ed9ca88935924ec0ef374b7f97548f,bc8a7317caa3335783c9bdc81875693c
28ed9ca88935924ec0ef374b7f97548f,ddf6cdf3569af4d328c9740a86e73c28
28ed9ca88935924ec0ef374b7f97548f,fab3d75e3eab49a188c4b8f838983a9b
28f6b21c0ce59f203fb2092ad47e0f5c,2a39de8506e0db45ad7082ed6d7c4a75
28f6b21c0ce59f203fb2092ad47e0f5c,2c423811643faf1cc5e5a56c9e2b6b17
28f6b21c0ce59f203fb2092ad47e0f5c,2d8c0ef830128a67a0a12356d985fac5
28f6b21c0ce59f203fb2092ad47e0f5c,328850033de12d7a7ee998bcc9fcb2e0
28f6b21c0ce59f203fb2092ad47e0f5c,36d03126287f5e810431292497fdc753
28f6b21c0ce59f203fb2092ad47e0f5c,3896933da33e267c13bb2429913052fa
28f6b21c0ce59f203fb2092ad47e0f5c,3ad30b03b3d23ac6b5f5d57906353375
28f6b21c0ce59f203fb2092ad47e0f5c,3b7f7686fa74da7033f77038411fc007
28f6b21c0ce59f203fb2092ad47e0f5c,3bbd03b7eaf6260f4c3ec3be4d39ac11
28f6b21c0ce59f203fb2092ad47e0f5c,3cc6dfa5f8ed1b7a649a0d12a5d083cf
28f6b21c0ce59f203fb2092ad47e0f5c,3cffcae69c521e628e8a8fabdf176c32
28f6b21c0ce59f203fb2092ad47e0f5c,3d45174a13d1be4bf23ca8d7ca10e8f3
28f6b21c0ce59f203fb2092ad47e0f5c,3f30d5dc5635f32f073857a785b9f648
28f6b21c0ce59f203fb2092ad47e0f5c,41ff03bc49eb32b517a08a4962ab3764
28f6b21c0ce59f203fb2092ad47e0f5c,4bc16d233782b9653f50ee4419dde3d8
28f6b21c0ce59f203fb2092ad47e0f5c,5fbb3dde9fb1caa89a23771f5f9a9b1c
28f6b21c0ce59f203fb2092ad47e0f5c,617a9cf79697c0a24bb2960fa00587b1
28f6b21c0ce59f203fb2092ad47e0f5c,62e01423cfc59329b6acb874696c0590
28f6b21c0ce59f203fb2092ad47e0f5c,63cf86aa8f00483221555d97e8c6ccbf
28f6b21c0ce59f203fb2092ad47e0f5c,6a7f5ff621d20a43a9d19340bef3db1a
28f6b21c0ce59f203fb2092ad47e0f5c,6ac048a47fe6abf40205dd46d4bfad09
28f6b21c0ce59f203fb2092ad47e0f5c,80a0fc761c3c3555f81b5b60e23200da
28f6b21c0ce59f203fb2092ad47e0f5c,816a9f1810b0a25352778c8aac2ac25a
28f6b21c0ce59f203fb2092ad47e0f5c,8937aeb2041b3c9258d0e235ed9ee678
28f6b21c0ce59f203fb2092ad47e0f5c,89f40506bdbb16ebd103b12766758db7
28f6b21c0ce59f203fb2092ad47e0f5c,9618897eccacf463c5528d3d095ce177
28f6b21c0ce59f203fb2092ad47e0f5c,96e3b0f7d342e961f1ee5f5f7c5acdd0
28f6b21c0ce59f203fb2092ad47e0f5c,9b83d6647115de3a094bf4cc5fc2f88b
28f6b21c0ce59f203fb2092ad47e0f5c,a02cf644bc5118e5e473829862bc5886
28f6b21c0ce59f203fb2092ad47e0f5c,a5f2a2567a350dca1ff4ab5d9c2414c0
28f6b21c0ce59f203fb2092ad47e0f5c,a7a4b5bf23cb560d08106ef75e1c73f8
28f6b21c0ce59f203fb2092ad47e0f5c,bfb02ff8b18730492fad3af276bbd63b
28f6b21c0ce59f203fb2092ad47e0f5c,c23d5f76ef396a0f520ca6c677dccc1f
28f6b21c0ce59f203fb2092ad47e0f5c,cfe1ac5b7858b370c320c67133b10c14
28f6b21c0ce59f203fb2092ad47e0f5c,da2ae411a236d52fa1e62a224bb1e88a
28f6b21c0ce59f203fb2092ad47e0f5c,dd720a31ae01f8066abe782818b59699
28f6b21c0ce59f203fb2092ad47e0f5c,dde720eb1ac8795643511897700c8aad
28f6b21c0ce59f203fb2092ad47e0f5c,e34ebe4961f2d932813005433a74b012
28f6b21c0ce59f203fb2092ad47e0f5c,e4750dcc3268ebba356557f444761f9c
28f6b21c0ce59f203fb2092ad47e0f5c,e70105d7788a5d736ae6805a7f230521
28f6b21c0ce59f203fb2092ad47e0f5c,ea15834188cc4aa85b0056af93164277
28f6b21c0ce59f203fb2092ad47e0f5c,ebc1919f45f9da5db0d468ce62cfdf50
28f6b21c0ce59f203fb2092ad47e0f5c,ecb3e4db5de817f87972b63a999006b3
28f6b21c0ce59f203fb2092ad47e0f5c,efe94917387a9794795e7fc79557dffa
28f6b21c0ce59f203fb2092ad47e0f5c,fabd6966abaabe52f19e44a088986cda
2900579eac31b62719bac6a79e6d2370,4fbceee305666e82ee071099c1e49b8a
2900579eac31b62719bac6a79e6d2370,87120e05fe2d17eb8ed4108361be8083
2900579eac31b62719bac6a79e6d2370,9c0f92af2eadaa83af08ebb8bbad1f56
2900579eac31b62719bac6a79e6d2370,a527bdf8b2adf0e93349398a841d4764
2900579eac31b62719bac6a79e6d2370,efb27db69d41551b6f38e30d37578fc3
2901dbc388abb6881acb3d7d9fa826cd,7780ee0b536dc68f132b0f21232eb5fa
2901dbc388abb6881acb3d7d9fa826cd,851a4ddd6a24ee4d009d3917011752c0
2901dbc388abb6881acb3d7d9fa826cd,c57fd4711b2a4b4afce8dc744bb7a4e3
2901dbc388abb6881acb3d7d9fa826cd,f2a9f282d96c7a0e721c5930c0158f8f
2901dbc388abb6881acb3d7d9fa826cd,fc4955ae07d5fe38a4198ea26dbf5f50
2906db9cf00d71517445bcba80adf182,2a273b58f5b3c15c94af02b77b24ae71
290d8da41f81c27213a79cc26830183b,5d0f5c7be6d061ef0d7b3847b294a6d8
290d8da41f81c27213a79cc26830183b,68458a6b30ec3d402863f77770acb018
290d8da41f81c27213a79cc26830183b,74671fb64b7fe0d4c99bd88698bbece0
290d8da41f81c27213a79cc26830183b,d83c47bfaf015ce0e369200d56af1313
290d8da41f81c27213a79cc26830183b,f54a5f4b0a5bfd7511e0029de61778a3
290e7757d2c0da5919a5f5cf21ba6626,fc648b4c7be941db58aead0c6d860209
29155bf93be85a317bc9032876bffbe8,bfc59520572ceeb70be45e40c68dc51c
291e8f177d306f383548e2ef05a5a579,3ad30b03b3d23ac6b5f5d57906353375
291e8f177d306f383548e2ef05a5a579,3b7f7686fa74da7033f77038411fc007
291e8f177d306f383548e2ef05a5a579,3bbd03b7eaf6260f4c3ec3be4d39ac11
291e8f177d306f383548e2ef05a5a579,3cc6dfa5f8ed1b7a649a0d12a5d083cf
291e8f177d306f383548e2ef05a5a579,41ff03bc49eb32b517a08a4962ab3764
291e8f177d306f383548e2ef05a5a579,4bc16d233782b9653f50ee4419dde3d8
291e8f177d306f383548e2ef05a5a579,617a9cf79697c0a24bb2960fa00587b1
291e8f177d306f383548e2ef05a5a579,62e01423cfc59329b6acb874696c0590
291e8f177d306f383548e2ef05a5a579,63cf86aa8f00483221555d97e8c6ccbf
291e8f177d306f383548e2ef05a5a579,6a7f5ff621d20a43a9d19340bef3db1a
291e8f177d306f383548e2ef05a5a579,7db14dc3058cc6ca81295011b4745b92
291e8f177d306f383548e2ef05a5a579,816a9f1810b0a25352778c8aac2ac25a
291e8f177d306f383548e2ef05a5a579,a02cf644bc5118e5e473829862bc5886
291e8f177d306f383548e2ef05a5a579,a7a4b5bf23cb560d08106ef75e1c73f8
291e8f177d306f383548e2ef05a5a579,c23d5f76ef396a0f520ca6c677dccc1f
291e8f177d306f383548e2ef05a5a579,dd720a31ae01f8066abe782818b59699
291e8f177d306f383548e2ef05a5a579,e70105d7788a5d736ae6805a7f230521
291e8f177d306f383548e2ef05a5a579,ebc1919f45f9da5db0d468ce62cfdf50
291e8f177d306f383548e2ef05a5a579,ecb3e4db5de817f87972b63a999006b3
291e8f177d306f383548e2ef05a5a579,edc7130a58c4d69e727b611dabad3c42
291f57788bedda73d9633b79c229a468,5ed758db6715738065d0f8f32558bd57
2929c7f01d1b34e79ad62024785b918e,52b53234706e4a1c6a0f1d0da92b04f3
2929c7f01d1b34e79ad62024785b918e,a506d0b7e1209cbcd0a2c9287dc5f5f3
292d6e394eac300918ec35f90b37cc18,896edfc7f6cda1e1946b214c11dc120e
292d6e394eac300918ec35f90b37cc18,c7c69ca4365b37d2ca026dc3f7508c36
292d6e394eac300918ec35f90b37cc18,e2115f768a2276e2066552ffaf320850
292edf0b0ef9dc77069ea1397d39777d,354d09c8a5461f366a2521d526fd7fac
29348907e577ed64799938a616d4aad4,4821a1879c97391e0d4f4c9bcd296fcc
29348907e577ed64799938a616d4aad4,546a2d013c5442e8994b96e45798cfb3
29348907e577ed64799938a616d4aad4,5c954163a01ba1ab8cd91a053d8c3239
29348907e577ed64799938a616d4aad4,8fa0b631f6c012830e1940b44d8c4a4e
29348907e577ed64799938a616d4aad4,de3c6a7f77318c8eebfb9a33e8b6f628
293c4dcdb1b49afc0b336071af38f6ad,302c5ef380d44b12179f68cb1e5b13e4
293c4dcdb1b49afc0b336071af38f6ad,42ab544077cb438db2209cf284ff2c1d
293c4dcdb1b49afc0b336071af38f6ad,af231f02fce3de02b0d6ef1e63db1c93
29471bac51200be29892f1d2097826cc,b1cb7b7fdcb0f13d7d7a65ba83becae9
294eb98c3a299a67210be5a287baf504,f2202abafe8bd0e5d4cca7e0454e4f13
2962be83308c6f2b277aea40dcddf92b,c9887f14389e8e662539d9420b0583d0
2966c23d193089e7c03129e65a79ee9a,b04f5a4e50765d0d36ec27b90e71637a
2984f7b990b0a2198197b6a946a44b8d,de3be9f27ad6b236585f95d8f3a86c57
29886210e3488f2c09668fd0f8128a3e,a23648ae02e692dd025733549ecb5ed5
298bf2ddef7e6aa98c60db1a3f84a352,53af43b3b8bba54c2c1ec346941a1226
298bf2ddef7e6aa98c60db1a3f84a352,e699a9a32a7064375825b7e9e91c76b2
29a66a61a7a100e00aac7610d540a063,37b57d5b77284d2a240d68d329c05e46
29d070bce6cefd6a05ecc233309aa6b8,9f1b3a0093049338a4bf0b8ea71c715d
29d0877ff63c363a181a67093034b4c2,2f611ff7408658723ddd2ae7235e90a6
29e0060fcffcd971cde7b1dec2e7855b,54335d6203285796b3b6cf6dfc02db89
29e0060fcffcd971cde7b1dec2e7855b,85805e059ec3be60a15a02b26486cb3c
29e0060fcffcd971cde7b1dec2e7855b,a4f74b58b8c2a8f9ee6f52d5b838df8c
29eb6ec8976d7404283124d77140279c,678c41ac3156891d8744bbbbb4de5ef1
29eb6ec8976d7404283124d77140279c,9a7587a55059a367e2eff1bdf57a010b
29f0172e5d75d3eef6d5a996ce43668e,79c4d5cb0376708a323ba94319db4b81
29f0172e5d75d3eef6d5a996ce43668e,80da6078e42b19ae26a227bdd381bc84
29f0172e5d75d3eef6d5a996ce43668e,9d56ab4172c82b077fd198859a28c067
29f4b4d5bc193774f63b41b9e7eac8e1,6a403840d069d75a1c43b5a042d939d6
29f4b4d5bc193774f63b41b9e7eac8e1,c5211d715afbc305725a6e81a8d8fee6
29f9685e2dd0064499261cf702015ece,95c6a692c163558d2b8a917f52df1774
2a273b58f5b3c15c94af02b77b24ae71,faa98278a984771268fbeab6f5b7f2d9
2a2893184283011d4b659fd8ece53aa9,909f395f58d1d62cbf384c6051011a24
2a39de8506e0db45ad7082ed6d7c4a75,2d8c0ef830128a67a0a12356d985fac5
2a39de8506e0db45ad7082ed6d7c4a75,3965ece3cfbb68109d5aafebb17e29a9
2a39de8506e0db45ad7082ed6d7c4a75,3b7f7686fa74da7033f77038411fc007
2a39de8506e0db45ad7082ed6d7c4a75,41ff03bc49eb32b517a08a4962ab3764
2a39de8506e0db45ad7082ed6d7c4a75,794832937efec8d6df766701283ac05d
2a39de8506e0db45ad7082ed6d7c4a75,96e3b0f7d342e961f1ee5f5f7c5acdd0
2a39de8506e0db45ad7082ed6d7c4a75,d44df7668f75c8f084cdada0a7a1aae0
2a39de8506e0db45ad7082ed6d7c4a75,dec66205497760f896cb9edb679f488d
2a39de8506e0db45ad7082ed6d7c4a75,e4750dcc3268ebba356557f444761f9c
2a3b11f88321c348a454aaacb79f62f2,2a63273053d67e43aa56c0705a8674ec
2a3decd736987a69abc8730a90dff524,615a5edbeeb47b556261af7bce72cbc2
2a413f655d1228784c1d41235af07936,b59e667cf3ce841924ba8e78573efc74
2a413f655d1228784c1d41235af07936,fbcd7aa596dfc176474a5999dcb0f1bb
2a5df58fa157eb0e98c7fe2a3ec1b3d4,731fa783fb3b32b0e3aeaf90ff255ac3
2a5df58fa157eb0e98c7fe2a3ec1b3d4,cb6edb231f0bf9dd5308a2e8ae2dad90
2a5df58fa157eb0e98c7fe2a3ec1b3d4,d3d0e6f2788054c6cee2f708e45bbe3b
2a67db98b7d683625534f2ac43f20bc9,33df79499d568ca239082a9c78b659ea
2a67db98b7d683625534f2ac43f20bc9,b096405376b84c6ad0968f0a3472e518
2a6917844feb4100253fab4b3b38843d,e6de7e95b0df93492b1e15c99192b7e5
2a69fe39584e605434f548cb54fa6c83,577ca2557102a54b3c3676878ca166c9
2a69fe39584e605434f548cb54fa6c83,e82adbf4b8d15737b822bd8603143f54
2a6e57813491995ac906aefb93301ba1,e92f0dfacb37bbf093dd993c88b31dc3
2a6e591bf21ccc96fc31ed93f7698c48,6eee1f2420271d60e3f05c7a5bd4b964
2a6e591bf21ccc96fc31ed93f7698c48,965536100563a29046d1766c752dd0f7
2a71de43249339bc87681c6a524a1f34,c13de91534a5c143e72897d0a16ccc65
2a93c7ae8d8f44884e88ade315a3e2a1,f1655bfcf9eded63a0599ad681465d8d
2aaf202180c32e85a786a74cb16ca5b3,cdc64013e8fc2e91738049619b704220
2ab05c84c72e3d3fdaa684c93ebaf157,dd0c67127ba63491167b99b7d422efca
2ab35bbda63c0715e3b3fe05563c35ef,558c7d80a4748c5c247e805626d54b03
2ab35bbda63c0715e3b3fe05563c35ef,6672ff6fc840d3dbef0947c374bf7460
2ab506483c02361c26aa46b311d2993c,deeaebb6ac77c6f2b9a76f25885f0065
2ab8a1101894bf9097b0fd8daf0955d2,4bb205f2f2855da3ebf9a1e71042b3ca
2ab8a1101894bf9097b0fd8daf0955d2,996edd0f6492770137a7ec0a8eff2604
2abdf526ba8f57c75dac081ebfccf248,3b64d2596d2b4601a8a5ddb2d25e7cbb
2abdf526ba8f57c75dac081ebfccf248,40361e74323eccdec890f87d7faa9060
2abdf526ba8f57c75dac081ebfccf248,8ec5fadb6ab5ae799ba678ec3b57f9cd
2adc145a172d559c6b4075cd46aa352f,dbea69acf0971922936a3af41fa8c3dd
2ae48954979ce1558d93bd6a3f3cb988,3b8a5570b2354effa0cf062ff28481cc
2ae48954979ce1558d93bd6a3f3cb988,6164e87069d14bc418c63b22761fc017
2ae48954979ce1558d93bd6a3f3cb988,78cfafe46539035c9c07cde1d366dbfa
2af3172afa4dd4a0bb5b0c8434f36a70,2f7e89e06a257b2d2ccb815acf6d27c4
2af3172afa4dd4a0bb5b0c8434f36a70,d104f6201be7f438dc51774ae3ad0647
2af3172afa4dd4a0bb5b0c8434f36a70,f8953c0ed40c32177b1ebcd411cb9975
2b14e0013700eec9f400f233dbb541a5,bfdbf32802599d560fd701ecc48ca19d
2b22a4d07d0f6e77904303217bf13dd6,54dac1b81b4c44e794490c75634f156d
2b4010d9ba4407c573b768918274703b,bb17acfe5981004828a0284302605a3b
2b5e308937435fcd09f9d42d4db7c2c9,2f639b6da650b381edd6bfe4a10ce524
2b636669c08318a9ca4fe66a458f3d18,2dee2c764a611dd8d0174175f2dd8e04
2b636669c08318a9ca4fe66a458f3d18,30fbb3366185f8680e6325bfedf05a8c
2b636669c08318a9ca4fe66a458f3d18,7211472a7eed702c90d92cf8da31d7bf
2b6fa5b558a28925a02514815ad23139,c025c4e8203eb09bc1fcb0bf892f3e20
2b6fdb54c2ece4ab13cfc30ef9f032f0,cf7bd2343b36b66710f10338c0b9c282
2b7102020774ace96c871432f6c4bdc9,9f812f0731df6aa00b1f1bee73e1781e
2b76383e00a575907888eb55a0f82e11,56c8162495bd8df0b72e4adf4c8288a2
2b76383e00a575907888eb55a0f82e11,7c9795f96e4745302042fa2971e6c745
2b76383e00a575907888eb55a0f82e11,d1cd5a89e6af815edbd2b1c3acec6491
2b7e93be6e8638445af8867f56857184,583524897b6cc4c256cf66d0ed5ebd11
2bab975f8c9c9626cad998819526afed,2d88aaca36459e0f32f6a98ef069f335
2bab975f8c9c9626cad998819526afed,4186723c571d9cb4ecb0531fb9f392a6
2bab975f8c9c9626cad998819526afed,7ac9f9da83916c57defd14d706a030fb
2baf905afff4d326cee22abab19709fd,9e3958b0575537f6529414db474bd8d9
2bb34f6bcd862538f9b48190f1469204,5ae719d6191fac24dc5eb4cf08a7c87a
2bc02491b71be09c000c759b592a99f2,df27579fc9d13e32510c513150739edd
2bc237fce4e4f3a9c69fff56bcf338f1,525bccde88b029036a47976a802385ab
2bd382cdf579d459aa94e3b5d44554cb,3a04a2ef4660fc42cb033187c71255d4
2bd5426adc62088351e8ec9049a1c390,4691728863a26dc536772207d5232b11
2bd96f592aa94e50790b18f09593ad07,2c5d0ebf7d1a1decf36dd6f49fbaf660
2bd96f592aa94e50790b18f09593ad07,810ea8dc4b798e8de3b3ca8afaf0b240
2bfadc014e92c3fd6785137c52ace4e3,2f568b5423efa0c83d8535659029ab18
2bfadc014e92c3fd6785137c52ace4e3,446f42cf67ad096b65df63b6616ba069
2bfadc014e92c3fd6785137c52ace4e3,77c674042ba1f8075a46d0772337a33b
2bfadc014e92c3fd6785137c52ace4e3,bff152e2eb21b7499d2f93da066029e7
2bfadc014e92c3fd6785137c52ace4e3,e6e26290c935d2b459b36a2b8ba564e8
2c09e2ee4d60a879547e55312264e489,6f6331ea783b16f4ad2d69b5d8d82e76
2c181b789c598072702950274b0d6c05,33048fdbe9d4825510ed572235f8e41b
2c2766a4383730ab82d4bbc7b473bd73,7e42c2d2149570c358a52eea08b1681d
2c29c506bf44a1a626b6534875abd641,50c67e85d9557fdaaa69612ab98bf769
2c34efc56077e0eb48a9d4ff804c9fb1,47460d51d6d1e31dd3385750981f38b7
2c34efc56077e0eb48a9d4ff804c9fb1,73006099b0a99eb2aa9e8f6c46be1dcd
2c34efc56077e0eb48a9d4ff804c9fb1,9055dea4c3b78f754b822f247314773f
2c34efc56077e0eb48a9d4ff804c9fb1,a6e647fb14d01b1c924ee4503f5af10d
2c34efc56077e0eb48a9d4ff804c9fb1,add2eb9d32cdfbba9162790643a5c455
2c34efc56077e0eb48a9d4ff804c9fb1,d8994e1cb94f0da41819c189fc5f3918
2c4550a8692695949fd0a98a42bb41f6,5e389b1874dc263660a5e090e43f7de7
2c4550a8692695949fd0a98a42bb41f6,67d49d356522979335dc61fc33cd69c5
2c4e3abd65ff2171210215b0b5adc3be,65cfe8b21f910423b0dafa8eac80f7ea
2c4fdf9ea2c1dd805262b340e7053d58,4f9d78c648562e8576749797db75ec60
2c50b9b9eeab26f3af5bc4c217b8c398,68552b41099df703c708dbaab64d3f8f
2c50b9b9eeab26f3af5bc4c217b8c398,8d48db1c54941f9369a10683a6c1f51f
2c50b9b9eeab26f3af5bc4c217b8c398,b672e51de2951608fceaededef64c0d4
2c53f0e339fc370b99e821e172fc4127,9592a5c869d84a49c6616f70ffc12c4c
2c53f0e339fc370b99e821e172fc4127,f3ecbbfb095e5b36d611b2f4a1937253
2c5a18c64c61b01254f2284e44d4e035,e07f561b871813990d051ed37c9fbb15
2c5a4897a4a4a56efbe2b3e725eb3384,b6f35c2f61143f459c7325a76e5f2a81
2c5d0ebf7d1a1decf36dd6f49fbaf660,810ea8dc4b798e8de3b3ca8afaf0b240
2c624d1c490efec117082d729d5ac696,46aab602da3576e87bc6ae62339b665f
2c78681e56a6dbabd273c6922350711c,5dd56ea25902fdec54f1dfd28914f072
2c78681e56a6dbabd273c6922350711c,6ac048a47fe6abf40205dd46d4bfad09
2c78681e56a6dbabd273c6922350711c,7db14dc3058cc6ca81295011b4745b92
2c78681e56a6dbabd273c6922350711c,81b4d775b96c465bff5c607f9b8c2a3d
2c78681e56a6dbabd273c6922350711c,87cc0c8ec6896e79343c115fd584d429
2c78681e56a6dbabd273c6922350711c,a7a4b5bf23cb560d08106ef75e1c73f8
2c78681e56a6dbabd273c6922350711c,aa7d4045e8d65f2e3db4551ee75de2c4
2c78681e56a6dbabd273c6922350711c,c06f3f926cc18b45ba350495c59c0093
2c78681e56a6dbabd273c6922350711c,c23d5f76ef396a0f520ca6c677dccc1f
2c78681e56a6dbabd273c6922350711c,cdf07468d9c693794f1da0b9ba549c15
2c78681e56a6dbabd273c6922350711c,d6feeaed5bb9195ac670b5692ba10104
2c84a18abd087a52b45cca17c15931d4,8e73c6ddc3b63f1b31eb8574cfd2affd
2c84a18abd087a52b45cca17c15931d4,f728b38d9232cc593019d23c4af7c8b8
2c8d2a6cdf64b84f425e9dbbf3f2fe51,cad9a2d2b306141cdd886c4a447ba196
2c8edda253ebedfe33fcd6b617003580,e55d0636ba9974a560cef2ebc7ec0797
2c940a4883e7af9618ac37acae9e9392,b8b2559ccbeefce5a8e7d7d0ccb81b81
2cb46ef9d5cd0a01627767750376d4f6,3e591b5cd622cb2abbfe90d204995e09
2cb46ef9d5cd0a01627767750376d4f6,4255b057f9c8ca0c888bea9c43c9a828
2cb46ef9d5cd0a01627767750376d4f6,abb724118f29965452622a192f6a54eb
2cb46ef9d5cd0a01627767750376d4f6,e1486f03e6c8140927d34b4e25f1ed41
2cb53c8b2ea547c28340f42f86d85d56,5b7bc9baecfbbbef7b2e22add48bfa92
2cb96276f614852cb32534ff88ee1604,d39a5569897df35095b521039b126f3a
2cccdec82a8f3a5972bac165e6e9aac9,d713aaedba99859c1fcdb6c3f77477c3
2cded43add66f3058856fc86563c01fa,7ca5d2ee885037b6240e641aee88654b
2cded43add66f3058856fc86563c01fa,a6641e0454806c3e267f382f29963b3c
2d015843f7cdebdf1b8dfbea5be3cf3a,52a2d950642c2e25e02721bf81465984
2d0eecb00610d63709b72db3b2d4eb27,48642f7d38d9032e1ef1c67099729cdc
2d0eecb00610d63709b72db3b2d4eb27,c43d6098e4e9521aa79b49fff78402fa
2d1f9b6a3561131c2b70d861ba938430,4e0f10caddec96e686ed5292e12b0b8c
2d1f9b6a3561131c2b70d861ba938430,c6ead139925f80ca5bea18f96302b2d9
2d289c8026861cb564ccff2057f2678f,cdb7714108d402baab6cfbfddee42895
2d376f70dfada3f4f3a4a05150c6f15b,4e14693713ceab7bc616fd1212870b2e
2d376f70dfada3f4f3a4a05150c6f15b,a07f62f88f7986536ad48427361e9ee0
2d4c183a825d89a4e1b786e7f68c9d49,34d9401e8184f5d0d07488d8b05255ae
2d4c183a825d89a4e1b786e7f68c9d49,445cffea1ccd925b862479de793bdcb1
2d4c183a825d89a4e1b786e7f68c9d49,a0a019646a53c3698b310e08af61d35e
2d4c183a825d89a4e1b786e7f68c9d49,a45d0bb0f6b8ef11a0fcf9be9e9fcbd7
2d4c183a825d89a4e1b786e7f68c9d49,e1c231516fb595fad01b118898653428
2d55988e0b1d9afc11a07abb4fec7514,4743bbd23b3c1af634b548be4a15b4f2
2d5a4c56b3d438aaccbf0d8c4e44048f,3034e1cec7b411606e768cc31b8ec6a6
2d5a4c56b3d438aaccbf0d8c4e44048f,8f18516928906703977f4c3ff4cdbd17
2d5cc7ffeb37bdf56760d3bff023a028,3fcbd916eb5e11a3749d68c38ff1fd0b
2d5cc7ffeb37bdf56760d3bff023a028,dd78d346fd3b529d044883e4af94172c
2d66b8eb25dd729ed643a81c1b7865de,3a7b2e03cf8cc2290e2a9a6f256bd472
2d6c4889ece4f0fa4b1d5342a282c2b5,8faf6884c0b2cdc9f5262a73f1ba9722
2d78565ce98e523ba6078eaace0cf143,577ca2557102a54b3c3676878ca166c9
2d78565ce98e523ba6078eaace0cf143,7aaf626bd71f4016eab49a709acf7f80
2d78565ce98e523ba6078eaace0cf143,fb5a8793926011249e897ddfaee648a7
2d7edb1cca8fe55afe48081cdcfd7f03,8a3b54c09bd64734761c01ea8b411a37
2d7edb1cca8fe55afe48081cdcfd7f03,f04890da38fc25820f00766d7a9a1a12
2d7edb1cca8fe55afe48081cdcfd7f03,fe18d31ee780d7a9ae1b5ff6517091cd
2d88437a73e116e83784bf41e7f098b7,aef4b36000eea3d688918aef7b0bcfbf
2d88437a73e116e83784bf41e7f098b7,e2154af3a9c4405a9808c11bcb1aeb2b
2d88aaca36459e0f32f6a98ef069f335,4186723c571d9cb4ecb0531fb9f392a6
2d88aaca36459e0f32f6a98ef069f335,7ac9f9da83916c57defd14d706a030fb
2d88aaca36459e0f32f6a98ef069f335,ca03be750993312a74fa826e6baeedf4
2d88aaca36459e0f32f6a98ef069f335,f87e5a7c356404543af4e87034b3f8ba
2d8b5e4dcde2b71c44ab815a20c08010,a6362daf365776068c8736d3ba4b76ff
2d8c0ef830128a67a0a12356d985fac5,2f2c238d21247af05fe55fded7637afa
2d8c0ef830128a67a0a12356d985fac5,30307560ecbf1ee78aafa87c7299b941
2d8c0ef830128a67a0a12356d985fac5,3896933da33e267c13bb2429913052fa
2d8c0ef830128a67a0a12356d985fac5,3b7f7686fa74da7033f77038411fc007
2d8c0ef830128a67a0a12356d985fac5,41ff03bc49eb32b517a08a4962ab3764
2d8c0ef830128a67a0a12356d985fac5,5fbb3dde9fb1caa89a23771f5f9a9b1c
2d8c0ef830128a67a0a12356d985fac5,62e01423cfc59329b6acb874696c0590
2d8c0ef830128a67a0a12356d985fac5,6ac048a47fe6abf40205dd46d4bfad09
2d8c0ef830128a67a0a12356d985fac5,81b4d775b96c465bff5c607f9b8c2a3d
2d8c0ef830128a67a0a12356d985fac5,a02cf644bc5118e5e473829862bc5886
2d8c0ef830128a67a0a12356d985fac5,a7a4b5bf23cb560d08106ef75e1c73f8
2d8c0ef830128a67a0a12356d985fac5,a9aa5eca579ca73231fa30303b1e4831
2d8c0ef830128a67a0a12356d985fac5,b7c847d7adcf107a10c3039d6bcaa8f2
2d8c0ef830128a67a0a12356d985fac5,c23d5f76ef396a0f520ca6c677dccc1f
2d8c0ef830128a67a0a12356d985fac5,da2ae411a236d52fa1e62a224bb1e88a
2d8c0ef830128a67a0a12356d985fac5,dd720a31ae01f8066abe782818b59699
2d8c0ef830128a67a0a12356d985fac5,e4750dcc3268ebba356557f444761f9c
2d8c0ef830128a67a0a12356d985fac5,efe94917387a9794795e7fc79557dffa
2d8c0ef830128a67a0a12356d985fac5,fabd6966abaabe52f19e44a088986cda
2d94994f2553a1c57c25aa8815c23dfb,5f1cd7f54fc4fd597dcd51a397ec53bd
2d94994f2553a1c57c25aa8815c23dfb,bc24c62e31d3f2a7e41c2265ec5a8de3
2d9f6491dddaeb3b6bd0c3b903660a55,32424c3e5c45cc5314db7fd80d19c1b0
2db9dc3c1a7a7c8fafedb1e957b1b65c,32bf60f74cb051ddbedb68337cec6222
2db9dc3c1a7a7c8fafedb1e957b1b65c,64cac86245e9e532fa0212080c31d693
2db9dc3c1a7a7c8fafedb1e957b1b65c,9295b4212327ff6097a50e28972ec9db
2db9dc3c1a7a7c8fafedb1e957b1b65c,a6d6875c2500a67b579c9609611de769
2db9dc3c1a7a7c8fafedb1e957b1b65c,b93ff050bc8cc544f875174d6c64d51a
2db9dc3c1a7a7c8fafedb1e957b1b65c,d8bd409a61eed0290d225be07489b42c
2db9dc3c1a7a7c8fafedb1e957b1b65c,ec2b16be29a1fce84d9787a5dff47794
2dd800312a97e382305dc0a8182725fe,433266b0f0aef1d5054881e75de7bed9
2dd800312a97e382305dc0a8182725fe,6f08e066cc70e8007e076a92762af97d
2dd800312a97e382305dc0a8182725fe,a5e2345a7bb4edcfe2cacee140c6eadc
2ddc164f7b45d5aa8519a6f9f9935e29,81981651ad6b85ef579f59c4dabe32a7
2ddc164f7b45d5aa8519a6f9f9935e29,bc6a577953a79260d95398a1f16ec9ab
2de5df216c1039d59690c57ebaf9feb2,4bb37ec81ba59590925f92c580f01909
2de5df216c1039d59690c57ebaf9feb2,61273bd429d27b0184d09fa137329075
2de5df216c1039d59690c57ebaf9feb2,ae2ad1475ddc39e33ca4ba188f39be8e
2de5df216c1039d59690c57ebaf9feb2,e8b8f1a7a5455727e0556610731d3bad
2dee2c764a611dd8d0174175f2dd8e04,30fbb3366185f8680e6325bfedf05a8c
2dee2c764a611dd8d0174175f2dd8e04,7211472a7eed702c90d92cf8da31d7bf
2dee2c764a611dd8d0174175f2dd8e04,e6bde0997de34dbf185103f8c7baf23b
2df8995d6c777c4090b3fd47b4e39831,506033aa068bb9162b367d07c7da5455
2e1335ab73012510a760714ac71d7f65,9921ec79716e920b406c86c210879c75
2e1335ab73012510a760714ac71d7f65,b48f66588615e082390cd535a289c400
2e1335ab73012510a760714ac71d7f65,e2bb3bc80b5cf1371506471d84fed5ca
2e13765f99f03824bac39887c87aa91f,fc27f49403c4a743ab7205bcae57fa6c
2e16ee159701f9652b02111c6ee63cee,54194686aeb06081c56967bb06dbc2cd
2e16ee159701f9652b02111c6ee63cee,98ad59bde2196075d90a480ef830baaa
2e231089fc682f08cedf7b5b4debbc41,f85467be5627a2ff09552632b323f7fd
2e2dfd99daff92a529bb23a91410d45e,5240f0ecc4c380e071fe87fb62f5b232
2e2dfd99daff92a529bb23a91410d45e,a524479bc30273f9157edd3988a5a8d7
2e357bff860de7fb6bfcc11eca012af5,6bfda613379edd38c4595d0bbb083eca
2e357bff860de7fb6bfcc11eca012af5,cc9273f8006d117d7b170ef57286d654
2e357bff860de7fb6bfcc11eca012af5,ce97dfb66e6f4b7076164454bee42a54
2e357bff860de7fb6bfcc11eca012af5,f0f0127595734b9895e115ce34f5653d
2e357bff860de7fb6bfcc11eca012af5,fda1d2492169a08640185ce1247a770b
2e39bd1589f95574211234c74b8fb5fe,fb76f7e8bbd2895e6e96c735c76138bf
2e4f78b7581d0bab81b6bc1f133aa69b,8f9d18371600b6674735b1346fe3e489
2e532ef3f781a3551207a51a8c094bc1,56f127b8061d75dbf28a4a1af787bf7f
2e532ef3f781a3551207a51a8c094bc1,ab702e7e0b62f5516bd2a6de6ad928fd
2e5e24e67e3dd0062a32d3701fc472d4,46dceb4f3d66fe74604b14fd2721a59d
2e5e24e67e3dd0062a32d3701fc472d4,7679bb8b03d60f08be3bf3e391aa0aa4
2e5e24e67e3dd0062a32d3701fc472d4,8c5bee983382072f09485c65f7a7cc1c
2e5e24e67e3dd0062a32d3701fc472d4,ddb7416d3080bc32a7ff6bb4ca1796fe
2e7a324e39a9a48febdfd358bb6f5a65,9eeb98c1c6969682090c2002cd43e25d
2e7a324e39a9a48febdfd358bb6f5a65,c655d568e9a06e1c2521f2efd931af99
2e7eb8cfcdd04d05df356d2316588a63,7fcf12f2566fba6e68a82702eeddfb6d
2e8131cef639d19bab851d44c0465961,77943a60dcb8a3250c23dc9c5b0f1dec
2e8131cef639d19bab851d44c0465961,7ee700518db64f7ccc88e5bc40bfbc2a
2e8131cef639d19bab851d44c0465961,8a8d2e891b24fa25a243942cbe283c6d
2e8131cef639d19bab851d44c0465961,e82645abac777c3ebbe0ea5d5352c1a9
2e9d64a8d6c7dcde3f5b405f52e35f35,b8521fc77c6e021daaa54386e2820c52
2eaefc1e4f5e613f5ce1be5b36bd5ccd,a4976aa2368323a1e0b93f987d074f76
2eb19a046faedd43bea0698ef30e9c40,3947ef6dc0925bb60cfdbc264d6aec1b
2eb19a046faedd43bea0698ef30e9c40,52db13845c439e4308f4d06cabd38413
2eb19a046faedd43bea0698ef30e9c40,59d1eafaa2e931333edc3633a71068fb
2eb19a046faedd43bea0698ef30e9c40,feec86d9323af0674a4e3df60ff22bf7
2ec464bfb218ca8e85371641086a6e43,2fdf27d066e784ca5280200fe3c59d3f
2ed3015413a25910e1f76ea14cd17a83,32fd90d85efd950847deea7d10d74b8d
2ed3015413a25910e1f76ea14cd17a83,c50f3b41c32211d5dc6c291a0704717a
2eea32b60c31ee978d95f901b65024fe,80677e7ff701330fd77e2cd6c84ec122
2ef5625d9eeb72c9953807a069ef5f70,4dcc95757531865a212b2a89e5c4e63a
2ef807a040d5872f4877e14b2d1f4348,d9f3a32c4150105d3be70b27388006bf
2efb90b0c107229ffb10ce61f65b302d,ce01e96194b8d3c7ded061aaf5256e9c
2f1c42f7eb0e5b2c833bc6133b769f6c,67beed8f2eece46c879ff230bddaddd1
2f1c42f7eb0e5b2c833bc6133b769f6c,6e47051f5142cead8552c310e3233a11
2f1d53cb9cc7d060795b24b2f7d3c7c1,eed05e3a88b4b1c2cb3d5f9179ff7911
2f2c238d21247af05fe55fded7637afa,87cc0c8ec6896e79343c115fd584d429
2f2c238d21247af05fe55fded7637afa,a9aa5eca579ca73231fa30303b1e4831
2f2c238d21247af05fe55fded7637afa,da2ae411a236d52fa1e62a224bb1e88a
2f2c238d21247af05fe55fded7637afa,dde720eb1ac8795643511897700c8aad
2f301ca06f5fd63ec02e31e0dcca4ea1,6c0ae3e02d1d2e2052e08c6362b80d97
2f3035ef4f3ee798a9d759426decd35f,85277b9d7c412849fdda7f00689037ad
2f3035ef4f3ee798a9d759426decd35f,d0c3e2e6e7d9f8c8cc71f9531d4603d4
2f445f90e4beff239d6a87300366da91,57db92f1b857d8677be7222ef01672fc
2f445f90e4beff239d6a87300366da91,75258d485f50fa0515111b55be9d632f
2f445f90e4beff239d6a87300366da91,7baf6f8a1051ff358befc4886c7183a4
2f445f90e4beff239d6a87300366da91,9876f0f04c02a4a793357228545febf6
2f47519f1ac60442e2a93e61053f3a5e,7d94c4254058da31f1282c3341eb4037
2f568b5423efa0c83d8535659029ab18,446f42cf67ad096b65df63b6616ba069
2f568b5423efa0c83d8535659029ab18,77c674042ba1f8075a46d0772337a33b
2f568b5423efa0c83d8535659029ab18,bff152e2eb21b7499d2f93da066029e7
2f568b5423efa0c83d8535659029ab18,e6e26290c935d2b459b36a2b8ba564e8
2f5851ba7d9d40dad76155546344c0f1,7c8b3fe8b31870907454f55bffe23a4a
2f653db09b8a66fab46e43b17b2f0e16,3154df2ff37134f526c13660a2cccd11
2f653db09b8a66fab46e43b17b2f0e16,3badaf318df81a92b6f175db756838bc
2f653db09b8a66fab46e43b17b2f0e16,3d944e6a6d4f26aa59ed88026de24d5d
2f653db09b8a66fab46e43b17b2f0e16,44be0a5311e3015355c8ab4a09e2a2ec
2f653db09b8a66fab46e43b17b2f0e16,4721a3b9da1f47b98904755e3256dffa
2f653db09b8a66fab46e43b17b2f0e16,48cafc1347b24f050804810ee3cec1eb
2f653db09b8a66fab46e43b17b2f0e16,53a9d52f3df637d7e56ffe2454022fe4
2f653db09b8a66fab46e43b17b2f0e16,78e1353f17ec9d6a714394aa60ff6735
2f653db09b8a66fab46e43b17b2f0e16,7b9406cc24e40a8233d1672486b0b581
2f653db09b8a66fab46e43b17b2f0e16,7e8ef76c1368e3804a180bf9ddbc71a8
2f653db09b8a66fab46e43b17b2f0e16,850f62beaf67818389de892eb0c4c4a8
2f653db09b8a66fab46e43b17b2f0e16,85a8451316d527b2542d5b4784c21f73
2f653db09b8a66fab46e43b17b2f0e16,92601e2d3548a477033dec636d4cd843
2f653db09b8a66fab46e43b17b2f0e16,a1e95a7e2a033fb15b6e8ac9896fc065
2f653db09b8a66fab46e43b17b2f0e16,a7669d6fc8f46d263cc895a3e955cfe8
2f653db09b8a66fab46e43b17b2f0e16,aaf20efb4e625e63fe2ea93abc7b5f2d
2f653db09b8a66fab46e43b17b2f0e16,b325abfefc80a5abb7a8d27334f7e4f5
2f653db09b8a66fab46e43b17b2f0e16,bbcccdbd0ae0458cf52a8077ec2e0f42
2f653db09b8a66fab46e43b17b2f0e16,c67ee8fde1439f842583d4e5a0361dcd
2f653db09b8a66fab46e43b17b2f0e16,d4fe2c0b8d29ae7dcea508d05fcad947
2f653db09b8a66fab46e43b17b2f0e16,d838203a9aa3ec7d77132d3bdbc0805c
2f653db09b8a66fab46e43b17b2f0e16,d947e045407dd3f82ef6a90b4ea053ff
2f653db09b8a66fab46e43b17b2f0e16,dfceed03a74e93db23209672b08ab262
2f653db09b8a66fab46e43b17b2f0e16,e0bc445137c4097325344a9fbf641b24
2f653db09b8a66fab46e43b17b2f0e16,e79f617a9123f418b3a73d51c9ae7f83
2f653db09b8a66fab46e43b17b2f0e16,f84fdcf165aa220c2668e7460dd9ee12
2f653db09b8a66fab46e43b17b2f0e16,fb3d4d6a1a3ddde48b4b933327eac52e
2f696547bd815257f52deffe1d783de6,dbe9da2a773ed3aebd22b8935c15ffd8
2f696547bd815257f52deffe1d783de6,e33db316b68b69ad31ff340a49343a74
2f6aa2f13ca35d445e3d69465fc725e9,4292f6d34990543d85daa699184d0306
2f6aa2f13ca35d445e3d69465fc725e9,4c8d837812703619f607271bd2ff81dc
2f6aa2f13ca35d445e3d69465fc725e9,517d1d3fc205c66223c8d34f1edeed31
2f6aa2f13ca35d445e3d69465fc725e9,5245532e97a483c0b0295d453147dd48
2f6aa2f13ca35d445e3d69465fc725e9,545491ea04d47dca59b5f40367d66627
2f6aa2f13ca35d445e3d69465fc725e9,6164e87069d14bc418c63b22761fc017
2f6aa2f13ca35d445e3d69465fc725e9,66c479e5810ec786cf233f69a4021a33
2f6aa2f13ca35d445e3d69465fc725e9,903ef161be74ad92df91514a388c9d18
2f6aa2f13ca35d445e3d69465fc725e9,bbb280544717fc558cb8a4eff9bb5e5e
2f6aa2f13ca35d445e3d69465fc725e9,c80ed6e4aa1f251f35952653b7c9ca8e
2f6aa2f13ca35d445e3d69465fc725e9,d71230694f7572941cb75360c62a2395
2f6aa2f13ca35d445e3d69465fc725e9,df74ad4adb9037e787a272d134a9cd78
2f6aa2f13ca35d445e3d69465fc725e9,e115bc70ebb7c5ebcd6ff4726ba24cee
2f77143bacd0d0d964515671f0c29751,8ed30939d7483128b7eab43b5574a02a
2f7ba3bb038599d535069b51d6703e85,731fa783fb3b32b0e3aeaf90ff255ac3
2f7ba3bb038599d535069b51d6703e85,a74b96cce75e60ca753cf373403bad4b
2f7ba3bb038599d535069b51d6703e85,d3d0e6f2788054c6cee2f708e45bbe3b
2f7e89e06a257b2d2ccb815acf6d27c4,d104f6201be7f438dc51774ae3ad0647
2f7e89e06a257b2d2ccb815acf6d27c4,f8953c0ed40c32177b1ebcd411cb9975
2f7fee7e2569896f14c48d79ab84dbf4,643dfaa6ba895d51090a42d703dada46
2f7fee7e2569896f14c48d79ab84dbf4,bac27b5100655d3cbcb3b720dac39fa8
2f9b7e0bef80ff7cb513b1bcc75336e0,4d7fb284ff6b7a53c881357534ac4a68
2f9b7e0bef80ff7cb513b1bcc75336e0,84869f07cc36a7dd1bab34bc6daf96b0
2f9b7e0bef80ff7cb513b1bcc75336e0,8d6d0e76c331d287eb9e3a6243dbf6d6
2f9b7e0bef80ff7cb513b1bcc75336e0,abb5c87b5e80d3980d041972a0fde583
2f9b7e0bef80ff7cb513b1bcc75336e0,bf669fc0c2747076a44f34f88bdb4492
2f9b7e0bef80ff7cb513b1bcc75336e0,ddb14232c61544c9923728d7de8d11fc
2faa62d427a576824965f7099470a549,3baefd57ae723bdb0c52cb9aa4b24cb8
2faa62d427a576824965f7099470a549,b0cfce7ea8bebb1ab3412ab5c1780901
2faa62d427a576824965f7099470a549,f44028d4a1ebb32fc3807dfe4c56506a
2faaf5f9828b8079e10e58f676283da0,30da430104312fcce6d5dce3f1c9cd83
2faaf5f9828b8079e10e58f676283da0,8b46b276c2241b188cad16a3ea9edbfd
2fb254d2502a192d1a7fc6d234eae82b,3c44225f2f68769e460634334f469534
2fb254d2502a192d1a7fc6d234eae82b,c8b801c8f480625e507e98111455c7c2
2fb4d402a1e69c47c8ee58a62c3713b9,9f12cb33e02e7b099b806c1512fd06cd
2fb4d402a1e69c47c8ee58a62c3713b9,d427684b958f155ac344c029e182aeb2
2fb8f895fe6694d9a4727ac75c1d3bf3,8df001f8fb3ee7f2c770872bbb3de9af
2fbdd77a448c9f91cd31df1efb48c240,400274c14855139e3fbfef0dc71d81a0
2fbdd77a448c9f91cd31df1efb48c240,6e7576e05a8d8b33a6e25e9e9bb78d3b
2fdf27d066e784ca5280200fe3c59d3f,c9887f14389e8e662539d9420b0583d0
2ff3a5940def4c2fbb70adad43549ea7,3e667c3ced6a005f09c5fbd1a7c5fe04
2ff3a5940def4c2fbb70adad43549ea7,b94278fe135308a082dc68898a4735f7
2ff3a5940def4c2fbb70adad43549ea7,ee9c2ef133ef6b2821b38844fdbfe805
2ffe70466ad14e32d61528f9a6e43366,817539b777807bf0d5f8737cf601be5b
301190b67ba6b334ae8459fff7cfebbb,6e89812240827f6c459883c6014805f8
301190b67ba6b334ae8459fff7cfebbb,73dc77fe998b45dd279a9600a53d79ca
301190b67ba6b334ae8459fff7cfebbb,9685b75cccefdf53bfda8b69da7b5558
3016265122ed4e1c8829118a66270eaa,a75a31928c3ddcb5e2c3794f443eed1c
301a7d411485bc9cf1a68e5a7d450bd7,5915a5d8bae2aef88b74d52a5ee6654d
302e23ffa62ceb695c02cfb22cc626f7,d30699709caa702e329087c015ace411
30307560ecbf1ee78aafa87c7299b941,3896933da33e267c13bb2429913052fa
30307560ecbf1ee78aafa87c7299b941,3b7f7686fa74da7033f77038411fc007
30307560ecbf1ee78aafa87c7299b941,81b4d775b96c465bff5c607f9b8c2a3d
30307560ecbf1ee78aafa87c7299b941,a02cf644bc5118e5e473829862bc5886
30307560ecbf1ee78aafa87c7299b941,da2ae411a236d52fa1e62a224bb1e88a
30307560ecbf1ee78aafa87c7299b941,ebc1919f45f9da5db0d468ce62cfdf50
3034e1cec7b411606e768cc31b8ec6a6,acf4d78ea5f507e8fe28d2f1a2812000
3034e1cec7b411606e768cc31b8ec6a6,d2c3e33da47810811e7a6f960cbb8718
30390784a688c3e3b4671a14ef02eecc,b096405376b84c6ad0968f0a3472e518
3043d31895986f09d11e1921bee65b1d,4ac3052529ad9ccbbf3739ae3117aac3
30781828b99327ec66dc44598d0cc76e,878608454149454f738caf7af2b265a4
3089e28e9a5ebdabe67b8f11011721e7,82e458fab82f17417eb11a19c84ed3f5
308d1b79a4fbaf623c494dd9f1e9d7c4,adf2f6a8c5fcc8c63dc2051c70dd10b7
308db8757097606fdc57fb11a4cd0184,9c90bb7a0804aedc3688b24f7fb2ebaa
3095c0f91acbdc0119af96ef2102c14b,6db56524d971e1099a29851b24b9743f
3095c0f91acbdc0119af96ef2102c14b,b693878035f34516d7d8a0b8d3cc2439
3095c0f91acbdc0119af96ef2102c14b,bba138ce77530517e9b7ad6f0f882358
3095c0f91acbdc0119af96ef2102c14b,d7b59130b16968900ae93d26e51a21da
3095c0f91acbdc0119af96ef2102c14b,ebd956c708ca3964639be74f97a5baf3
309ea305680bb17c8491b39f6e91150f,40eb58e165d93de8f35f31b69e26448e
309ea305680bb17c8491b39f6e91150f,4b91540d0446736583a73489cf144990
30a4fd57e678fa83e300d79bea858fa3,fda1d2492169a08640185ce1247a770b
30b92157f4bd87d4d04ab8e8d795b6aa,9e0dc519adc2aec23e259c7ef3eca7ec
30b92157f4bd87d4d04ab8e8d795b6aa,e82c730b17bf8cd92ca4e3f58ca824bb
30cf998bf5259a34b90b90c3fefe58b9,4e14693713ceab7bc616fd1212870b2e
30da430104312fcce6d5dce3f1c9cd83,8b46b276c2241b188cad16a3ea9edbfd
30f81807e1f670e65061a6d1f2e16cdd,e2ff8a74fce4346e0068b34d519de9a5
30fbb3366185f8680e6325bfedf05a8c,7211472a7eed702c90d92cf8da31d7bf
30fbb3366185f8680e6325bfedf05a8c,e6bde0997de34dbf185103f8c7baf23b
30fcb3997650c948c62025bb6b4e6924,9a58f15dde64984b71d8fa0c56c2a835
30fcb3997650c948c62025bb6b4e6924,a83707c10e4bec50d83300de642539b6
30fcb3997650c948c62025bb6b4e6924,bfb6e3b4d1a2c9170ace41ed6d62abda
310142c7efae28f1f7a257e30e938a4e,7611fa4345eedb81d42241fb7abf9852
310370e2c09b2065b48604829e0e9220,7811c342ada45a1c8b89f3724b4b918d
3111522765ae5f4f315ba58145d5c8d3,591874f6bdf60469c09aae1d63e96abe
3111522765ae5f4f315ba58145d5c8d3,e2619ecda78c451c565654482e271ce8
3114aba9d713849c8e8f58c8ff3f63e7,e5d0312e39ee0b783ec6fc67763f0912
311e5cb65e50c42679cda47f4673223f,8899473e837d00359c8ea992c3e77d31
3124b4a732d4e1dbc8cc9967ab77d0ce,cc56a206bfcc57d98e3b708233680f7f
31360b4fed37cbc1cb2a13c5413cb24a,41f181b0dcbaf80d9ad52f0327583f96
31360b4fed37cbc1cb2a13c5413cb24a,639defaf2023886418e5ca1ed92fd674
31360b4fed37cbc1cb2a13c5413cb24a,7325821c315648f995ea4a13c7fd6d3c
31360b4fed37cbc1cb2a13c5413cb24a,e65a21c370aaac5540ac84a49e6358ff
313968bfd4c83fd7081626b9bc21aafb,6bd4eebe8e7f917fcbb6e18d6748a7a2
313b36837cc0b7611420b74406214f14,d544d601a12b7205ab63827546ab31ba
313c1e0b539d4e13faa19a497c8ad6e5,5c9a820db82486583be0867e50e677dd
314a1509cf620f1435080c2a8d14a639,4162cc7c5484764fbf56c45b89da453a
314a1509cf620f1435080c2a8d14a639,519a9a465c7da19668b11e2a11171fd6
3154df2ff37134f526c13660a2cccd11,aaf20efb4e625e63fe2ea93abc7b5f2d
3154df2ff37134f526c13660a2cccd11,b325abfefc80a5abb7a8d27334f7e4f5
3154df2ff37134f526c13660a2cccd11,e0bc445137c4097325344a9fbf641b24
315773b1fb6e6540978d7bad9572622a,ddd58bcacf061c6ad0c1531e81c241d6
316f0191976e0b536a517d126efcc9de,385ec05945b217b160378799a3d8e0bf
316f0191976e0b536a517d126efcc9de,5219df0881e664b675f67baddcc18397
316f0191976e0b536a517d126efcc9de,5b9e556d324065d0209ae31f6c773dcb
316f0191976e0b536a517d126efcc9de,68396dbb5558caeed5af6a01f590195d
316f0191976e0b536a517d126efcc9de,7a2cb772f41833c2c71948af402ae493
316f0191976e0b536a517d126efcc9de,7b847f4e54a71b0f4f6bac967284fd46
3173dca6d5d10f22e0efc58c20af3f5b,5bbf4633d30c4456a128a1f044b6fd84
31783f53bc42a3d05eaf5ca3541ef6b4,71a9b4a726e853d0a572ecbc9cc5a4a5
31783f53bc42a3d05eaf5ca3541ef6b4,78a9e1b3a0fc3f3a18bb94a27587b147
31783f53bc42a3d05eaf5ca3541ef6b4,7b0f962c79a73027d9781d9a961a91d7
31783f53bc42a3d05eaf5ca3541ef6b4,bc94858259eb423f10a37da22d37ec8c
3184216826930b8e4b42584b703bee1c,4806df5b4a0649b87757c0093573383e
3194668eab174e9f2cce667b6d39e01d,5858df996561eba94af34482808c8aab
3194668eab174e9f2cce667b6d39e01d,69f7cd2ac1a91f19c0a660bb486ee86b
3194668eab174e9f2cce667b6d39e01d,9b49c9052ac5a26468967291dea8f9b3
319ce02327f2ca421b8c1e4de0b9472b,968213de38d32d7aab37e2c822a2d534
319ce02327f2ca421b8c1e4de0b9472b,a78a596e2f582d8abc5f30bc7ab40a7b
319ce02327f2ca421b8c1e4de0b9472b,b4d3cad4a315d2f61cacbc81c5925e91
31a63c4ce10d5eaa1c67d6e195e5ae83,373b276e0b61e74f5ab506ad091256f5
31a63c4ce10d5eaa1c67d6e195e5ae83,6b2204839735cb7bf1081d46e8739da7
31a63c4ce10d5eaa1c67d6e195e5ae83,918b3e567b6844c4ee8004a61965916f
31a63c4ce10d5eaa1c67d6e195e5ae83,a42b5986ef7e1112d007e16f9ed93295
31a63c4ce10d5eaa1c67d6e195e5ae83,a81e226fd81222d5633bc72eb6c5fc22
31a63c4ce10d5eaa1c67d6e195e5ae83,c2403a22fe6a59c1d0c946350d3b6389
31a63c4ce10d5eaa1c67d6e195e5ae83,c25a3427fa7f8bea5ae163b3326d0276
31a63c4ce10d5eaa1c67d6e195e5ae83,c74ce6ff5fb728ca0f8f15d5bf4148f7
31a63c4ce10d5eaa1c67d6e195e5ae83,d71230694f7572941cb75360c62a2395
31a63c4ce10d5eaa1c67d6e195e5ae83,e0308b5162a19719881c4e1fbfdd9bdc
31a63c4ce10d5eaa1c67d6e195e5ae83,f8e49644403485fbb994158e859d9a0f
31aa3fb53d61e7d67e2fa8786f84d5b3,5cdb88a80c4c0049970c84e563a977a3
31aa3fb53d61e7d67e2fa8786f84d5b3,c891b464bcbc3f6347ad3d2497dc131c
31b050c01dd7f89d9d37339f2310454f,dbe736e78fed3b0f4703c4ce05472b7e
31bf5c44a7fa5b7405e4c15d9c480c23,386b901105b670e2cf3a84ee673934ac
31c0b0c72bae4a7a93e53d17f45e131c,e549709be76bce2d356b6c167fd11aaf
31c3ae0241e39da5843eb3347d0d3600,8fcf9ad733ccdb9f12d85910801479c2
31c3ae0241e39da5843eb3347d0d3600,b4defaee46792b984817475b07e401b7
31c75399418abe23ca0ff369b3449bd8,ccf410503278d14b128d9646c995f6eb
31d9418703f214568b6626c0a48a7b98,3da2a3944585c7405de9f4ae39c799db
31eb8bf80a14ff27fc1bf10b7b188e0d,ae676562dd961dd747ddace55f24483a
31eb8bf80a14ff27fc1bf10b7b188e0d,f3b4f9c5bb6cf432a8a4bfdd3ad7c255
31f866e9e0a718ae5a93352ef82f27d6,4c657f9d8571aee8f22013e32212df2a
320009cf21c36e2f138020ef04b52ee6,ea3a9f1fb26c92d353ef89a70fc6eac5
3212a54036965ddc27c80841641db2b5,93f03c64ad38c8dded8499f3e7338749
3212ba6be23ac8debf67332019d1b917,36d592a320dbe1ccb7b28ec549192415
322332bfb5ceeb0925f7bad77d80da98,ad731bc5fd72f5b5dd37d4171ad09637
3223b11f28a152bc3eee486d96478e8d,ca2bb950e783b723c0104aa3287541fe
322f30a71d914332da2706a746aa3b03,779f88de628defa5011fa7209f351e6e
322f30a71d914332da2706a746aa3b03,9365ff70f52e7dc6e266ba91974d7fe2
322f30a71d914332da2706a746aa3b03,9e525b37574d76dcde2f47fc6a52f03f
322f30a71d914332da2706a746aa3b03,cfef82f1013185ddfb7fca9fea7532dd
322f30a71d914332da2706a746aa3b03,ea921ceab67192c220ae194089cd5d18
322f30a71d914332da2706a746aa3b03,ecabab77248a428d3fd07dfbad19d7bd
3237073854784c1c1b1234108b691134,6b2204839735cb7bf1081d46e8739da7
3237073854784c1c1b1234108b691134,a233f96d49eea9a90bb67831ef826fef
3237073854784c1c1b1234108b691134,a81e226fd81222d5633bc72eb6c5fc22
3237073854784c1c1b1234108b691134,bbcaaa9d2e93ed884c4f6d98f5eb59b0
3237073854784c1c1b1234108b691134,e4a7b1cd19891609a0c8a2b6d77918e4
3237073854784c1c1b1234108b691134,e561d76bd22a7b7d3445a90984e86796
3244053058e664f0ee25f6669d93e220,3a4739a3cfbc5ffd99e33dbb5e736ba2
3244053058e664f0ee25f6669d93e220,520020af6f73cd44599cbc3146ea8e38
3244053058e664f0ee25f6669d93e220,5571023fedf0091ecab9fea7c0275a5d
3244053058e664f0ee25f6669d93e220,6d03abfd93cfba76141861d654e1a94d
3244053058e664f0ee25f6669d93e220,8e7b5480156d5b27f3f962cf7231f1e3
3244053058e664f0ee25f6669d93e220,9b401b716387fb6b8d9bf46c2882e696
3244053058e664f0ee25f6669d93e220,a87850097693c4f5048a6e5bdc1e2b31
3244053058e664f0ee25f6669d93e220,a9af2700ef761e22e334b9c172cedee5
3244053058e664f0ee25f6669d93e220,a9dc942a9fcb1b2215cd6b339c76848d
3244053058e664f0ee25f6669d93e220,c6ec25b24256f6e1f902a29416ab964e
3244053058e664f0ee25f6669d93e220,d09fa69c6d5615c26aac2f825b8e7328
3244053058e664f0ee25f6669d93e220,e8d14b09b08840dcdfaf1d3983d6df51
3244053058e664f0ee25f6669d93e220,f0a7454555d52a667c6df22dc8a28bcc
3244053058e664f0ee25f6669d93e220,f1c0e8776928a9cf507eea55f424076d
3244053058e664f0ee25f6669d93e220,fb5643b20582ba68d8da8a8dca24c4fa
3244053058e664f0ee25f6669d93e220,fefa98da8db666ce806d4af04be8e6fa
325b502aeb2ea0741ecf0831b6da312b,d04bd1ac31555459f65678930fdbcd1c
325b502aeb2ea0741ecf0831b6da312b,d1a771089428c0505fa8322358600c21
325beb0fa6b112b507e3a9ef977d6caf,402b60f92203ced7411f1bd986ef5595
325c9a8f72a5ed5938d36ff412a8ba48,92647a866cfdea281d7d437260f38cc2
32604b241eb2d3ac7a0907bdad58d00c,4b5251e8c5d329088fa36fe17bfab487
326338f657f50ad7f778ed38343e0e0e,5f2945ce66f30e505afea9397a12a17d
326338f657f50ad7f778ed38343e0e0e,bb1fff9517465e697f26d3b2da83689c
326338f657f50ad7f778ed38343e0e0e,ea8199565b57d879c3fb705cb9deb359
326685d2ae785823b1c39b5fa8fd6594,592b98c01ef440d9ef1bee213d42636f
326685d2ae785823b1c39b5fa8fd6594,5eeeea0412729fa989d3a4b32a1564fa
326685d2ae785823b1c39b5fa8fd6594,fe56e48d1143f9afe2334ba5c10ec147
326f2e916e1d46d5caf13fae48944787,e14556235dfad5570e44bb1db0b7d956
327fa6f85b908a17df3cd48aeac3d08c,4214f2e7a6a7609c2eb5ca7246cc7f57
327fa6f85b908a17df3cd48aeac3d08c,a9f8abc79fb4c1dca58e9e7abf8a6912
328025827c1a3f8d48c3aa53df4acca5,d4ab9244a02da1ac738328e21d74cd1f
328025827c1a3f8d48c3aa53df4acca5,dcfed68c889c1ed9d5bf9c4e63b0e7b6
328850033de12d7a7ee998bcc9fcb2e0,4bc16d233782b9653f50ee4419dde3d8
328850033de12d7a7ee998bcc9fcb2e0,96e3b0f7d342e961f1ee5f5f7c5acdd0
32a80c8df7c2400d04219252a03156a2,6d6a12251fa4fb4eef4bd27623b72d0b
32b3ba17cb61d3b46f8ae682b3af2adc,a6992f2318c05911791f3798ae164079
32b709c8d4967d9b1f43c3d757a1076b,37203765360e7f36243617da47ccb855
32bf60f74cb051ddbedb68337cec6222,4a7c1fe3e19e972999c4b7046896f548
32bf60f74cb051ddbedb68337cec6222,6768f12554431b021f7db3122ceea09a
32bf60f74cb051ddbedb68337cec6222,74a07aa7b04c57b6badf72480f14c3b2
32bf60f74cb051ddbedb68337cec6222,9bbf4523ecad08d49ddd383516a94b42
32bf60f74cb051ddbedb68337cec6222,b71721e0f5f505a49762d762e814fcf2
32d020f294f9b29f9a07445a0a03936a,440207ae176607cfa1615b228ad9fec9
32d41d32fc5f0779f5d94775ab118c29,6a02cd76e9d28b99e067f37714afe810
32dd4b0d354e1258231359158aabaaaa,3a6bc1bd3af9d59702e90b07b6b6b016
32dd4b0d354e1258231359158aabaaaa,6a6a82e53ce45acb2475e8cfd225742a
32dd4b0d354e1258231359158aabaaaa,95ff32769e3b6643e3398395c8626037
32dd4b0d354e1258231359158aabaaaa,a87850097693c4f5048a6e5bdc1e2b31
32dd4b0d354e1258231359158aabaaaa,a9dc942a9fcb1b2215cd6b339c76848d
32dd4b0d354e1258231359158aabaaaa,c1e5d0cbb42f4975410d72f4c181a246
32dd4b0d354e1258231359158aabaaaa,c5546998015953f631b2e9e116939a2c
32dd4b0d354e1258231359158aabaaaa,f0a7454555d52a667c6df22dc8a28bcc
32de37ef74e84a30d6d49baa99913012,bdf09348fe8af7d21d28db96b36df592
32fd90d85efd950847deea7d10d74b8d,c50f3b41c32211d5dc6c291a0704717a
330190ea6457ccdbe07622dc26118a6a,f639ccd62f672d00f6e4096b2e1bd732
33024fa343d506edbc205b840fb41e68,39d3bbc7e669d1d813e484dec9110595
3303d2d04b40fdb2afac50654608c138,eff3e79d163f7ece7108b8d069106805
331ab787884ff3e114b493514c5558d1,91ced04a53942b03105eab52ab48e772
33390a1f6873e1616e1d1cd79083757a,550bf18e7bae684da0a27ccc4d41bfa1
333b2d320105caeb2a38932d35a4aa29,dda898edec6837383b0043229ddbebc5
333b2d320105caeb2a38932d35a4aa29,ef0d7d25c2ed60ee7dca1b6d4b4f17b2
333f29a4c17c38bf71186b25155d3545,505fb9fa5dee7cf7ab7b10ef661c73c9
333f29a4c17c38bf71186b25155d3545,54f6536133fed638bc0a15e3537853ca
3376d32fac26713f8beebe9acac4265a,4fa8ea3258014eeed2e8f39854a077c5
3376d32fac26713f8beebe9acac4265a,94256bcee58851bb13723cb0366708a8
3376d32fac26713f8beebe9acac4265a,c381525f583f18be07510aa70dd14a43
3376d32fac26713f8beebe9acac4265a,c4ce02691b4ec7022e6e41a6aa59efde
3376d32fac26713f8beebe9acac4265a,dfe2765af8b28f171d8a1d9d3cf221d2
3376d32fac26713f8beebe9acac4265a,f1c37528f255c8537731521bbb16b87f
337d42a2002f0bcbdf89bc042559ac46,637ed942acadd3b3d2c73d5e651e941e
337e8c683c67866e8c4ef0cdcff567ae,b77bc46836cb5bef0da25f114ece8d87
337fc8de3c99938df7b6501f6b02779d,6d940767f53b0d6f00de824bb1fe67d7
33888be626962fde624a6d12550245a0,9e5f6bfcea17ad2f57a690ad04d7c870
33888be626962fde624a6d12550245a0,e23b0827be60d9992f88a4dbbc2fb76a
338acf3c89db9930733fb4ade1a8ae90,b0cdecba5eb75d695e4c50de2295b30e
338acf3c89db9930733fb4ade1a8ae90,c680d17e80a532ac58161ce987b7413b
338e5aab5cf7385c3edc2ccdf62af034,de1bc1ce13a63f62b5906dcf1a294fdf
33900e095d734c1c153a34387da92678,6e47051f5142cead8552c310e3233a11
33900e095d734c1c153a34387da92678,a90700b34cd3b37f8133fe3d2b8550e9
33900e095d734c1c153a34387da92678,c43827a1e4e0b5036ed0d7608d296b06
339d9305d6fc9b057bfd55954fe27a8b,5e0bb9f20f691a44dd5b96b4f1b96335
33a8115bf414092f9a36c3904d277bb1,905dc2141a3e5c2b05425bf89b53124c
33b6aee738774f6ec8ac2ab87fa94127,bf0a4170ed81393bed07006b44f42c0b
33b6b693e81f26712160be7160993f79,5c44d6a1a8d8352fc19d1d4da2f63e88
33b6b693e81f26712160be7160993f79,68f4f7204f0f048b523546d56889c287
33b6b693e81f26712160be7160993f79,e267da9c40f04c6f83e38a775b01117a
33df1a7e2198a4cfee4ff7a771334825,530cb8820e81ea43cbe1c7549062a216
33df79499d568ca239082a9c78b659ea,39063a1659e2de979fc0180799d65dc6
33df79499d568ca239082a9c78b659ea,556dd50d5bde2bd2b13e1a04c54db18b
33df79499d568ca239082a9c78b659ea,5ec8fb19fbd6b8b82ffd911605cafe91
33df79499d568ca239082a9c78b659ea,6164e87069d14bc418c63b22761fc017
33df79499d568ca239082a9c78b659ea,65257e6942e2f0b3dc505a9f354453e6
33df79499d568ca239082a9c78b659ea,6752c532b9eeeb6c5d2bc48bab41602c
33df79499d568ca239082a9c78b659ea,78d9827457e20bb441a620bca88384a7
33df79499d568ca239082a9c78b659ea,c60b041770ff7109fb7d9003409fae38
33df79499d568ca239082a9c78b659ea,d466203dba9e5bd08110fc141d87008d
33df79499d568ca239082a9c78b659ea,fa269c4edbe8f08278339e1e5da079e9
33eb2f7e9a347a17222dbb607bafd891,8c81bde8b033d09307f3725cf23c1c0f
343aa9d30020ead87c9f88a6dec26a8a,6a25e7e04d840af0d9053d8a0f7edb23
343aa9d30020ead87c9f88a6dec26a8a,965b27b8b26a3f208b2e4793f88745cd
343aa9d30020ead87c9f88a6dec26a8a,b1d71ab69b76625fbc45f24bedc20e9d
345973f07434e51a5d318caaf4db31a4,6d6a12251fa4fb4eef4bd27623b72d0b
345973f07434e51a5d318caaf4db31a4,ab9e3f64aa0717410aa2af28f4b41da5
347508875dde9ecb0565b4b36d4f9d3f,9e7d198212e484e7c16622c699da540c
347a44868cdb18b7ec504a1168e01316,e4a1fef7808b0445588df9db1403161f
347a44868cdb18b7ec504a1168e01316,ec8c3c2655b68929e7a1878a268fccaa
34848508ea17e9966f9f4683593fa2fc,e75f1905f8ea892ec5bb580f489c3ba8
348c619df33456e52875d4df148791d4,c07407125a7e94f931165848da6087ff
3491b4265deb2239e0c2d6fb93772c98,4798ec0f64fd7957c6c40082345eabbd
3491b4265deb2239e0c2d6fb93772c98,71ea073239258408e8b0cf6c88bd57b4
3491b4265deb2239e0c2d6fb93772c98,fe56e48d1143f9afe2334ba5c10ec147
3496a8ab78847012e0a79b967712216b,85142abe132f0678e7a6fa2d970628a1
3496a8ab78847012e0a79b967712216b,856a396cfff4e8535e0e2bd3e4d96e7a
3496a8ab78847012e0a79b967712216b,f977c2a6d14f45f80c3456e1a0a93828
34cb9ec599472b85666fa9e38fd6655e,436732ec571201b516b1f587d663b451
34cb9ec599472b85666fa9e38fd6655e,f457098a21713ecaa9d7b460d9e376fc
34d27732a1ca93934785acfcba47f814,92afcb3664085be24afa75e0e0810248
34d27732a1ca93934785acfcba47f814,a201ee6d3b7a6220d68cc47530c24620
34d27732a1ca93934785acfcba47f814,a6544901375e90ac97e3105295fc5cfc
34d27732a1ca93934785acfcba47f814,c54ea69274906c6b098cff5360f11113
34d27732a1ca93934785acfcba47f814,ea96bc8b7f79e9e2ce54c3211e41a1b0
34d9401e8184f5d0d07488d8b05255ae,445cffea1ccd925b862479de793bdcb1
34d9401e8184f5d0d07488d8b05255ae,7c3450a279ddeb48c10ca019dae8c6f7
34d9401e8184f5d0d07488d8b05255ae,a0a019646a53c3698b310e08af61d35e
34d9401e8184f5d0d07488d8b05255ae,a45d0bb0f6b8ef11a0fcf9be9e9fcbd7
34d9401e8184f5d0d07488d8b05255ae,e1c231516fb595fad01b118898653428
34d9401e8184f5d0d07488d8b05255ae,ea3d058b2ddd8345a3daaa9b1287046d
34d9401e8184f5d0d07488d8b05255ae,f72fdb2d54eaaa64c3aae45398cf3024
34e582bdb267a29dd28d2849da493ea7,6efef51d7e999d5159536db1d0a8061f
34e582bdb267a29dd28d2849da493ea7,e54c8a6b18994cdaa9cc07b35e3cf7e7
34e605c94a23669b008db218f0b4fdbc,4139740f84de5fa03aeb144f592f2d5a
34e7f0f17d92d714a0326c190c5c6b96,5f22b5f2fa3bf84a57a4b2b328e59c45
34e7f0f17d92d714a0326c190c5c6b96,d1688de770ee23f858186b331f753007
350bfcc033df774b6e41bc657faaa489,aa929b1df82494ea4813a44698d72848
3511c9dda6240fb084cbf0b1b6473f4f,7b857ab6901c379cc434d41801f89535
3511c9dda6240fb084cbf0b1b6473f4f,daf692390472c452ad881ae5ceb98414
3511c9dda6240fb084cbf0b1b6473f4f,db0bd07766b8a65a90f0f22c0d5d188c
352bcd96136e7f278fa772980e06e2b7,8122c91b6734e400a6ccd48433560580
352e61b3b5303e2c9a391459d413b3c0,8ed8b81c340d1a9bf2aa33043395b728
352e61b3b5303e2c9a391459d413b3c0,eb08656a54baf31a83a50ea76716140e
352e61b3b5303e2c9a391459d413b3c0,ec9e59dffbff05e7d9657ba074f07f3b
352e61b3b5303e2c9a391459d413b3c0,fb8687aa7ac63355c4dc78be7f9fb598
35485b686403e7c3896a87dbca7461cc,9383ab44a4cf255ac84539f457d8dcbb
35807c998e27cbe1774b0fa2e04846a9,507268920a5bb842b07ff55d47058be6
35840877062c3449d4fa2fc582cb80f5,fd9b65588a6af492227fb2c446a7b21b
359f6921db163052b739cf6392286e8c,87a47d94226af824aa88e651bc95e558
35a8b53f4043d62e73bcafbab42db479,558598a427c99260cd820f32cb517b0e
35b5893067f72f2d5867a91d4440d340,5797e66f3980ac5b917074c4a90fa1b8
35b73fd3811076168098ef1eddc233eb,93eae7c30bf99ea0961848c4b342f6b3
35b73fd3811076168098ef1eddc233eb,aa2019976583b18fd0f32a389033c81b
35b73fd3811076168098ef1eddc233eb,adfd0445a9c510dd73478cec23a9e3cb
35b73fd3811076168098ef1eddc233eb,c30700dcf1e4ef69f8300d6d0dd4580c
35b73fd3811076168098ef1eddc233eb,e08602b98e628f6c6ebc444387368782
35d37dfb8048fd093ab2163066f00dab,55d90a3706ce22e21a9d34d21bf0de18
35d37dfb8048fd093ab2163066f00dab,c8b12c73c977595b227d2fa0188521ba
35d37dfb8048fd093ab2163066f00dab,e06a29400a2db094bd2d84be15580d86
35dd8b2eb6fd97858a46c62bba730729,4b5efe210196011f1b75afb973acc953
3602fee48cb9148fbb81f7900b6accca,6d6a12251fa4fb4eef4bd27623b72d0b
3602fee48cb9148fbb81f7900b6accca,a90700b34cd3b37f8133fe3d2b8550e9
3614e25d098eb384525296bff6a62912,87f2170faaae0a550680aef2604c8d5e
3614e25d098eb384525296bff6a62912,ba900506bb0b80cdd41a31088e439a29
362c4d741986ed58730ab91992682f83,4f899f562c55fb766e0d0b5de8fef923
362c4d741986ed58730ab91992682f83,895254321d0003186b35e6d95362fd38
362c4d741986ed58730ab91992682f83,ab9b5d46d3779163b2a5d54f5a8f489e
363d8399f754d23b020550d3ed4e40b4,79ca87e47cf8c39bdae40eec96ff0bc5
363d8399f754d23b020550d3ed4e40b4,7b756f8a893f3b85e135c8e94a41619d
363d8399f754d23b020550d3ed4e40b4,f426bc0d6c6df6fc306a1afd12806757
363db0bb8d98e4370d359cbc64d96d30,5591ebd3d4e8f3e278558ee033ac74e8
363db0bb8d98e4370d359cbc64d96d30,8eb0b4430ecf4404792693c839fda19d
364b7ab196bb495393380686caf3667d,74167cbfb1946afbf111f05a898caa78
364f97549d54c18634bb7d9b719ae0ab,edd75641859c0844ab930797bbb364b5
366ceb715cf563ead293cabdb7c8d28f,374cbc1a44e4f735c49a6da43f923f37
366ceb715cf563ead293cabdb7c8d28f,4dcc95757531865a212b2a89e5c4e63a
366ceb715cf563ead293cabdb7c8d28f,5193b66cd44b68ff573f221273abda35
366ceb715cf563ead293cabdb7c8d28f,611709544ee25f4802028abf1d6ae903
366ceb715cf563ead293cabdb7c8d28f,afd7a6f7e472a06d53797178481495d8
366ceb715cf563ead293cabdb7c8d28f,d94ed59415fb7f6d27aec0f08fc64a00
368596219494f31536b74ea184d9ed50,52b53234706e4a1c6a0f1d0da92b04f3
368620376d08609cc5d9a1d37baa378c,c315703d6b81a4d1aa948a4f8a0ec10b
369ab7cb13f31b52ed6439f7c0ad101e,4321f4e249c0591b7e3b552106d80d7d
369ab7cb13f31b52ed6439f7c0ad101e,ecbfbd409350be0e8ac423f9a712cec5
369e815df19869a39aaaa6100779eca0,9472ea8ee7021943543c0fdc91cc4e27
36a11a68ba3bc023dec8e963d5d058ba,bca1258b2acda39b3e6c0b0a1edc0cb7
36a9a7845c68c2d08f8fc72be2a94532,5925b254367bdb62af31ac9a9fb62675
36a9a7845c68c2d08f8fc72be2a94532,dd9f5522ac2d0eb6971062c501bb1540
36af4bc7fd3200ea8c6e1bb638765cf7,3a32f393efc10b632f59c944e7478ebd
36af4bc7fd3200ea8c6e1bb638765cf7,d807f4a397fdaf582331322f42b9342b
36b0988a2f588c97476645886ae8272d,4e300156f426565abdedf889f96f2166
36c24f0aa9e92d3c4df0445324221874,47a7a722eef3b56d73fdbd914e397872
36c24f0aa9e92d3c4df0445324221874,4ab91e013bb8e43721661265a5f26876
36c24f0aa9e92d3c4df0445324221874,6df45efaf7162a8048012bb8a3e89f2b
36c24f0aa9e92d3c4df0445324221874,f4f05ee29c76de672ab5b361222c19fa
36ccc7a0b292a1bce303630881da2b93,acb1675369decbd9f2d7bef2f5d4157e
36d03126287f5e810431292497fdc753,3ad30b03b3d23ac6b5f5d57906353375
36d03126287f5e810431292497fdc753,3cc6dfa5f8ed1b7a649a0d12a5d083cf
36d03126287f5e810431292497fdc753,63cf86aa8f00483221555d97e8c6ccbf
36d03126287f5e810431292497fdc753,6a7f5ff621d20a43a9d19340bef3db1a
36d03126287f5e810431292497fdc753,c23d5f76ef396a0f520ca6c677dccc1f
36d03126287f5e810431292497fdc753,d44df7668f75c8f084cdada0a7a1aae0
36d0d39d8bd7f5d375347b89975b8747,8ebba2f9180cc8ce136dd913385ace74
36d0d39d8bd7f5d375347b89975b8747,c7d48c341a5353daff42adf3dbc3fa24
36da4727f003d0be83b2eff75a3210a6,66b0eb76a23e1f8b4cb77a77572607f8
36da4727f003d0be83b2eff75a3210a6,7b38aa81bc4d0eb014025b332afafe3c
36e4d9c7f3a530faea533736fc6c04ec,816b0709aab69e95fdba1c2c23c1c242
36e8f70c424bda41383561b26c3e3b82,7542676a90b7a06fe0023b5202b1b180
370cf9a5ad0a8f7a583fb2bb1e9382ee,7ccbed12d373952b055df4053b55a8b1
371409efa158c8ba9bbfd4fd42639d49,4d0536c1fbf81559256dec6d96efe9b9
371409efa158c8ba9bbfd4fd42639d49,752b39cd66d6c5fba9c2aae705945a09
371409efa158c8ba9bbfd4fd42639d49,c12c32a5b04fe6981cf1ce9204c33dce
371409efa158c8ba9bbfd4fd42639d49,f7738d04ed15f28d0cb5f615612f3865
37205f205089b6e3840af242729550f2,e4ff47fe280c0112528e7edc1c9a6bdd
37283477dd53d2d1297519c640c31638,9598d91be2f48456395546a8bd685fc7
37283477dd53d2d1297519c640c31638,b44ce5edc1f0b1257ad0e003faf756ef
373769f01209f2c250ae5e542755ad75,8e93482eb79727e8fbc81739aefc2031
373b276e0b61e74f5ab506ad091256f5,6b2204839735cb7bf1081d46e8739da7
373b276e0b61e74f5ab506ad091256f5,a81e226fd81222d5633bc72eb6c5fc22
373b276e0b61e74f5ab506ad091256f5,bbcaaa9d2e93ed884c4f6d98f5eb59b0
3741766dd9cad4c090a7f8823dc1f7d4,b5621b5d70fbb6c52890865357dc157e
3749131a5f4d7a2c71faef764ef3f3ac,a2270bc80f0b2debbd50c34034a984c0
374a39aa622be32fd6afaedf7dd321ca,53767cb5c88efa2f8e02cfb52a28058d
374a39aa622be32fd6afaedf7dd321ca,bdf2b42baeea4c2eaa6f74dc9af1a786
374cbc1a44e4f735c49a6da43f923f37,4dcc95757531865a212b2a89e5c4e63a
374cbc1a44e4f735c49a6da43f923f37,5193b66cd44b68ff573f221273abda35
375151e5daab53f33ab7e511928430cc,df0b820fa29c68af697bd585edc7fb90
3754429ebc6e83cef3661ac26e699f98,70318409b284941bb46ac2cc6c707a0c
3754429ebc6e83cef3661ac26e699f98,8b18e91dba95c3e6640dfbec565acf52
375677b05ba5ede85117f4b57f74ae13,39d179dee6d2b94a5392dd753b872b0e
375677b05ba5ede85117f4b57f74ae13,7a2926bffcff0118c669d30a211ec786
375677b05ba5ede85117f4b57f74ae13,a81e226fd81222d5633bc72eb6c5fc22
3767d2a0f2bb3ff36c85e908dd3da633,6b1d6728a4480b0e8adb1ea93478029d
3767d2a0f2bb3ff36c85e908dd3da633,804d80c65414cafaa0cd45850c448ece
3767d2a0f2bb3ff36c85e908dd3da633,81758dea0eca899bf08ac9ff379f0f30
3767d2a0f2bb3ff36c85e908dd3da633,909f395f58d1d62cbf384c6051011a24
377e6eadd13265dade40b33b66096a43,85fd57f4e761f5f2f87f41a594daa81c
377e6eadd13265dade40b33b66096a43,c3bd9aaf90df50a69ccf544b8ff40297
377e6eadd13265dade40b33b66096a43,f6433766f8060282161aee2a9f0f5376
3791ce60b2e454d1b1795b3b959a9807,5b164a207c8d8301bea235e3843d8946
3791ce60b2e454d1b1795b3b959a9807,7b756f8a893f3b85e135c8e94a41619d
3791ce60b2e454d1b1795b3b959a9807,99b79dd49c090f417d7d09346051d1d4
3791ce60b2e454d1b1795b3b959a9807,a1703a55e1cedae0c733cff9ce9a5d49
3791ce60b2e454d1b1795b3b959a9807,eb6c822dc18bf45c8d6c43a1b9facf73
379626e11cb00693c3865c6e4d3da1f2,39099ebe1e79cdf5ec29d5b75085900f
379626e11cb00693c3865c6e4d3da1f2,bd3fe890d926472299c34f98b759966c
379626e11cb00693c3865c6e4d3da1f2,fb5a8793926011249e897ddfaee648a7
379949ad2b07d3fd66077dd4c7b07d1a,8c9ae9173042c30680e96e78177682ba
37af42b22d16b36766001d4cf987c1c8,9e3958b0575537f6529414db474bd8d9
37b2d15634f7758da062d406cd6c0e8a,57883aa874cbfd636785ac4233b69b2d
37c425b408784daf1e45098d4d023f03,9e11fd1a5c76f986e12fd6e77041a25a
37c425b408784daf1e45098d4d023f03,a5faae2d49fbb68ed98c3bf0a0b664bf
380eff508315ee76358c1fd57d3ee41d,8292c1b2c8f7eba8697c729692a8f7ae
3814277bcb3f0bde95ad90829f76c97b,4db8682dd081f12a3b98b1571c486e6c
3843a15eec89553081e22c57c3752f49,72aad330a0987c1fc0a83766dd4bcad5
384e8f71e0118bf949f6b87033ddbd5d,6a3513c5a1b568a83d0e97792a66a83b
385f47f74e09b0005bacfc2ba01e4ba6,8db7ad064ab77f4e2cd1502dedb5dc3f
386b901105b670e2cf3a84ee673934ac,4fe16b47642de759f9515c494be65d54
386b901105b670e2cf3a84ee673934ac,6baff615c5e4a1c900ffb812ebfd8ac5
386b901105b670e2cf3a84ee673934ac,d5e06f21e92e900f8266d485f6207fbc
3872c1d389a8a6ba88f363f5566908f8,3872c1d389a8a6ba88f363f5566908f8
3872c1d389a8a6ba88f363f5566908f8,7118b93e7be16ef9a8be061e0d8b994c
38765029017ccd6394786e4e67dad362,cc176048325431e836fb9ab835ef34a5
38765029017ccd6394786e4e67dad362,f8782cf524a1b54b45da0c5ec96cecf7
38884aeb3144a3c0682e99f55fb70756,bbc8438430dd30b3da2a6cba4311bcb7
3890d06becaaff1e8ea2e805d3a736c8,e212e101d5942462f438e3f445a570a5
3896933da33e267c13bb2429913052fa,3b7f7686fa74da7033f77038411fc007
3896933da33e267c13bb2429913052fa,41ff03bc49eb32b517a08a4962ab3764
3896933da33e267c13bb2429913052fa,81b4d775b96c465bff5c607f9b8c2a3d
3896933da33e267c13bb2429913052fa,a02cf644bc5118e5e473829862bc5886
3896933da33e267c13bb2429913052fa,da2ae411a236d52fa1e62a224bb1e88a
389900f0ac3f3946b408e07479934609,d8d86fccf7fb082440f3c6ba5180a652
389c498cc8c6a86d6b3b0d794c42fe98,f4f7c9312c313a17aca6cc9ee48d43e3
38b10e9a0456ce4587dd059b7ac13a53,457bdfe7c89cced792ea673b6b6e28e6
38b23693710258bdf646be5ab0482969,d54d15d5d4543c4ea2b36f4657e9518d
38cdcc912b35e7429662536efb52dc3a,4a094ac989cf624094496f16e5818bae
38cdcc912b35e7429662536efb52dc3a,da13eb7d8ade067650abfce924106b9a
38fe8335b0147c28dbfac0315c755ef0,3b3956eb653227fe0af1f5d6344d9181
39063a1659e2de979fc0180799d65dc6,4441d22cf2974eeb293b5cab48b992da
39063a1659e2de979fc0180799d65dc6,638e2b458a7501298a6a1ed9c6e75991
39063a1659e2de979fc0180799d65dc6,f426bc0d6c6df6fc306a1afd12806757
390aedcba0b778766fb4ae537632f8e1,e0d91a2e91de38572deaf89a7b621353
3911146919340c7c55871532b84a02da,3f80a6699010940fec7bdd4654e59f7e
3911146919340c7c55871532b84a02da,436e9a8155321ead4ea9eedfc5fc8468
3911146919340c7c55871532b84a02da,579a580bce11bcd1d1ec3fea6911a4ad
3911146919340c7c55871532b84a02da,652799a7ea760b9da43546710b4a91c9
3911146919340c7c55871532b84a02da,83d9425780cb7121b249f5be3dd1d450
3911146919340c7c55871532b84a02da,a163e814e3b752fe2193a809bbd31ff0
3911146919340c7c55871532b84a02da,ac5baedada70df463383868d3ab9d22f
3911146919340c7c55871532b84a02da,d48957e2e5bbef3743f68fce2931931c
3911146919340c7c55871532b84a02da,fa5c020aad3a9dd727d5a75ee03e8841
3917a556d943b3dff81a3665249efb4e,d575751092c67724aa3ca69a10373ba1
3921ace4f94e7871d14ec91bee767f9d,d86ef1485b86d2fa0a7abf0fc049a044
3926bc94e91b720c5a3194ad18b307c7,607cd6bb90227b1b1fb3aebdf3128c29
3936daad92bbede4236b0db15ae9e622,41b4c6c3c6b1d2b13bd5d2c07646b860
3936daad92bbede4236b0db15ae9e622,62b6daed869fc5de6ebc48ee4062c6d0
3936daad92bbede4236b0db15ae9e622,7c5c593811687180825206d8d0ca5ce0
3936daad92bbede4236b0db15ae9e622,99d9620d5a3044e6cf8468bf4fc045ec
393d188d85ca010129a591e1f3ec6132,909f395f58d1d62cbf384c6051011a24
3947ef6dc0925bb60cfdbc264d6aec1b,52db13845c439e4308f4d06cabd38413
3947ef6dc0925bb60cfdbc264d6aec1b,59d1eafaa2e931333edc3633a71068fb
3947ef6dc0925bb60cfdbc264d6aec1b,feec86d9323af0674a4e3df60ff22bf7
394a2a3e8af8e2181a9e4ea68e9cc294,ed9b2747bbf1e28749cd04c391941940
3956430667da91712b80001bde6b8af8,7a63fa6b77758dcec8fc80254c2b0ebc
395caf6ad4dd1030fe4d8a1669fde53f,9844ebeb7bc2f585b88b842ef38ff754
395caf6ad4dd1030fe4d8a1669fde53f,bb2bd9f40a2aa28a136bae09b03e17bb
395feccf183155cefc413c5902ed005c,b46768594c2a720a1102399d9065b9fe
3966d893b78e9791df7ff619867870a4,3a691b75adf93cbc5e5f9fbe6dcc2a25
39731e8a10e876a22d503bb56b86edb9,f403752433f0a3fbe9bb94d6e191382f
39944fad97eddbd6191f1b2eb1d34752,4f8f9564ad0d8aff81c214d17389a118
39944fad97eddbd6191f1b2eb1d34752,a6c1ec9eb9ec3bad42db83206b7b2d83
39944fad97eddbd6191f1b2eb1d34752,fac30c3bbbed892117412a86926636d8
39cb447ab06566b4969639caa960ca97,4e3c02ce24a2d14b92f521b17eddb45a
39ce4eee62732320e6e70e2d2b9afc5a,5f8368c0956fea74d4f16015e01ea50e
39ce4eee62732320e6e70e2d2b9afc5a,75eb6c7b69fa0f7c0d21c834bc3c96f6
39ce4eee62732320e6e70e2d2b9afc5a,97c58da5f8e92c33566e7295f219666f
39ce4eee62732320e6e70e2d2b9afc5a,ea5196bc0fbccf3eaf48451a024db989
39d179dee6d2b94a5392dd753b872b0e,7a2926bffcff0118c669d30a211ec786
39d179dee6d2b94a5392dd753b872b0e,a81e226fd81222d5633bc72eb6c5fc22
39d179dee6d2b94a5392dd753b872b0e,e45f4eee0d1154ce571c0c5126d87009
39d31186c1652a558501b7799b14ca68,85d3e19bf9f199b2a4e73eaa62c07411
39d31186c1652a558501b7799b14ca68,b55f8e0cda82c9f4b45ba65e1a40de78
39d31186c1652a558501b7799b14ca68,cf2b3be2acc2bc2bf15a5730adf154bb
39d3bbc7e669d1d813e484dec9110595,41b4c6c3c6b1d2b13bd5d2c07646b860
39d3bbc7e669d1d813e484dec9110595,62b6daed869fc5de6ebc48ee4062c6d0
39d3bbc7e669d1d813e484dec9110595,63562d9a214cbfc16b31abfaa5e68e63
39ed57f906597ee545b0312d2e34db96,94db0a22b054371ff4110c04abe0d5ad
39ed57f906597ee545b0312d2e34db96,a19f35397ae413008f8645e3df947725
39ed57f906597ee545b0312d2e34db96,e754d29b2dbd6a74a7a696ec8298153d
3a0223ecc7cdf7299f8e6d841d9d573d,83701a44399ba096f0632a9bb8f991d6
3a0223ecc7cdf7299f8e6d841d9d573d,c5f672ad2e9ba3514528f4998282e5c4
3a0223ecc7cdf7299f8e6d841d9d573d,cdabc4c54af6c1d02d5a4e52f9013b7d
3a0c6dd1d11b094a3ffe0cd3081b29dd,afd63bb0dc22b760e1fea00147665c09
3a12b0925d232361e7a14c77d7982968,ce8478661dc4c69533927942b84042da
3a30309e7e8d250b03916df60cf365f5,64911e6b28244510eaa098f47fdac812
3a30309e7e8d250b03916df60cf365f5,e537df830b8da63df27ea26b0601b214
3a32f393efc10b632f59c944e7478ebd,d807f4a397fdaf582331322f42b9342b
3a4739a3cfbc5ffd99e33dbb5e736ba2,5571023fedf0091ecab9fea7c0275a5d
3a4739a3cfbc5ffd99e33dbb5e736ba2,6d03abfd93cfba76141861d654e1a94d
3a4739a3cfbc5ffd99e33dbb5e736ba2,8e7b5480156d5b27f3f962cf7231f1e3
3a4739a3cfbc5ffd99e33dbb5e736ba2,9b401b716387fb6b8d9bf46c2882e696
3a4739a3cfbc5ffd99e33dbb5e736ba2,a87850097693c4f5048a6e5bdc1e2b31
3a4739a3cfbc5ffd99e33dbb5e736ba2,a9af2700ef761e22e334b9c172cedee5
3a4739a3cfbc5ffd99e33dbb5e736ba2,a9dc942a9fcb1b2215cd6b339c76848d
3a4739a3cfbc5ffd99e33dbb5e736ba2,c6ec25b24256f6e1f902a29416ab964e
3a4739a3cfbc5ffd99e33dbb5e736ba2,e8d14b09b08840dcdfaf1d3983d6df51
3a4739a3cfbc5ffd99e33dbb5e736ba2,f0a7454555d52a667c6df22dc8a28bcc
3a4739a3cfbc5ffd99e33dbb5e736ba2,f1c0e8776928a9cf507eea55f424076d
3a4739a3cfbc5ffd99e33dbb5e736ba2,fb5643b20582ba68d8da8a8dca24c4fa
3a4739a3cfbc5ffd99e33dbb5e736ba2,fefa98da8db666ce806d4af04be8e6fa
3a4c7c77b03af6f7e08db441416031af,a7f4490262a276e25fb03fffaade1ca4
3a5f3582f200e3e6eda475b87ab2e425,9de6f923c9089ebf2be07dcde7539d54
3a6bc1bd3af9d59702e90b07b6b6b016,6877c399e63dac241e880a6ffad2ca3d
3a6bc1bd3af9d59702e90b07b6b6b016,6a6a82e53ce45acb2475e8cfd225742a
3a6bc1bd3af9d59702e90b07b6b6b016,a87850097693c4f5048a6e5bdc1e2b31
3a6bc1bd3af9d59702e90b07b6b6b016,a9dc942a9fcb1b2215cd6b339c76848d
3a6bc1bd3af9d59702e90b07b6b6b016,c1e5d0cbb42f4975410d72f4c181a246
3a6bc1bd3af9d59702e90b07b6b6b016,c5546998015953f631b2e9e116939a2c
3a6bc1bd3af9d59702e90b07b6b6b016,f0a7454555d52a667c6df22dc8a28bcc
3a6d2e462b736f8b2d76df370746eda9,aaea05faf147715bf59ed1b0cc11c3ae
3a740ad4e62cc471c9785a27dbb92034,534f517cd66ae19c1c1d431f52826253
3a740ad4e62cc471c9785a27dbb92034,783001f47fac0b50136f2a12c7568379
3a7b2e03cf8cc2290e2a9a6f256bd472,3bfd16cf263f1862325ba4c9cadb9350
3a7b2e03cf8cc2290e2a9a6f256bd472,494ac73c1f965f34fbe5201602c14866
3a7b2e03cf8cc2290e2a9a6f256bd472,551890ef9c626892e3e57f6df6e67331
3a7b2e03cf8cc2290e2a9a6f256bd472,583acf26cbb4478629f73deb9447b225
3a7b2e03cf8cc2290e2a9a6f256bd472,6d01d72f9fb806ed364518b3925bc587
3a7b2e03cf8cc2290e2a9a6f256bd472,769d47056b214dd8199881761bd36a06
3a7b2e03cf8cc2290e2a9a6f256bd472,78cfafe46539035c9c07cde1d366dbfa
3a7b2e03cf8cc2290e2a9a6f256bd472,7e10b75cd7a2b57c474d673794acfdd7
3a7b2e03cf8cc2290e2a9a6f256bd472,7f7366754d76157a1ac5cdd5777afdf1
3a7b2e03cf8cc2290e2a9a6f256bd472,881098a73a6848afa98245d34bbc7d48
3a7b2e03cf8cc2290e2a9a6f256bd472,a574ab5606fbb13ec16c75ed7bde0628
3a7b2e03cf8cc2290e2a9a6f256bd472,c87cc1206c1384438cfea97ff6a86136
3a7b2e03cf8cc2290e2a9a6f256bd472,ca96c6b9be8c6f0a7e48b92adfa33d49
3a7b2e03cf8cc2290e2a9a6f256bd472,d3d7747bc38da6a6f016857617139edb
3a7b2e03cf8cc2290e2a9a6f256bd472,d5692969ff2208ee8275d443c0a15af8
3a7b2e03cf8cc2290e2a9a6f256bd472,d8b09f1d40b55a4bc37d7f4dccfbea4b
3a7b2e03cf8cc2290e2a9a6f256bd472,dcf788217e59d0694628c4f29744dcf1
3a7b2e03cf8cc2290e2a9a6f256bd472,ece31ca566eb1d144d93011966e3a34a
3a7b2e03cf8cc2290e2a9a6f256bd472,eebf977f7f4da4c0a2f8518ab0f54809
3aab245fad8cc3c72afd10a41ac21422,3bc42b835b9fad941d4b03b6527a6c57
3ab07a5c7f9be8d761673e6c1885ee10,ca163638ed8aea29da5f1c0a09adee20
3ac83ee1672a790434aa07e37a0870a5,f72aff0cda1d153926bb1b0d8492b7d8
3ad0e1da7f63589335a5d9145b6eb8c0,7549b7439d64e162f43ff897ff267427
3ad30b03b3d23ac6b5f5d57906353375,3cc6dfa5f8ed1b7a649a0d12a5d083cf
3ad30b03b3d23ac6b5f5d57906353375,41ff03bc49eb32b517a08a4962ab3764
3ad30b03b3d23ac6b5f5d57906353375,62e01423cfc59329b6acb874696c0590
3ad30b03b3d23ac6b5f5d57906353375,63cf86aa8f00483221555d97e8c6ccbf
3ad30b03b3d23ac6b5f5d57906353375,6a7f5ff621d20a43a9d19340bef3db1a
3ad30b03b3d23ac6b5f5d57906353375,7db14dc3058cc6ca81295011b4745b92
3ad30b03b3d23ac6b5f5d57906353375,c23d5f76ef396a0f520ca6c677dccc1f
3ad30b03b3d23ac6b5f5d57906353375,cdf07468d9c693794f1da0b9ba549c15
3ad30b03b3d23ac6b5f5d57906353375,d44df7668f75c8f084cdada0a7a1aae0
3ae08ca5129fb5fe3ff9bd8c168d9d65,48cafc1347b24f050804810ee3cec1eb
3ae08ca5129fb5fe3ff9bd8c168d9d65,5a52cd355510bd925fad87bd3f419161
3ae08ca5129fb5fe3ff9bd8c168d9d65,78e1353f17ec9d6a714394aa60ff6735
3ae08ca5129fb5fe3ff9bd8c168d9d65,7e8ef76c1368e3804a180bf9ddbc71a8
3ae08ca5129fb5fe3ff9bd8c168d9d65,85a8451316d527b2542d5b4784c21f73
3ae08ca5129fb5fe3ff9bd8c168d9d65,92601e2d3548a477033dec636d4cd843
3ae08ca5129fb5fe3ff9bd8c168d9d65,a7669d6fc8f46d263cc895a3e955cfe8
3ae08ca5129fb5fe3ff9bd8c168d9d65,bbcccdbd0ae0458cf52a8077ec2e0f42
3ae08ca5129fb5fe3ff9bd8c168d9d65,d947e045407dd3f82ef6a90b4ea053ff
3ae08ca5129fb5fe3ff9bd8c168d9d65,e0bc445137c4097325344a9fbf641b24
3ae08ca5129fb5fe3ff9bd8c168d9d65,e79f617a9123f418b3a73d51c9ae7f83
3ae08ca5129fb5fe3ff9bd8c168d9d65,f84fdcf165aa220c2668e7460dd9ee12
3ae65afe486d3f969baa93a2d91f0a50,7ceab1d8c5c9e94e482b6719f82fc092
3ae65afe486d3f969baa93a2d91f0a50,a0aaf9c0f0db6f4ec50ebc21f29f4031
3aeb532fbf2d7a8dbcbb3a52aec4f31c,41d5c7a9a2c7abf6012d625ac15cabab
3aec22b6157d35853155e1a546bd3c48,60a3eb1171f05763da100225e09ca84d
3b018b573c49fbd16df560cec9c0ad44,e164855f3401f082775414b9158b1de1
3b0df643ab36a3a19a607f00e6aee1d8,c9581c3b7c262e18289e74b1692a3960
3b0df643ab36a3a19a607f00e6aee1d8,d062d5e5685ce91765dddaaa8c5219ab
3b2bbd96f638cb0cd3a1f1c1b9afd23b,e1a7e9ac2a7b5c7e340fe94864ead361
3b3088e35f054c195ba194702d212c8c,f96e76be2731df04f40b8962790d2170
3b3431f3392807aba0f707122ccb7e47,666f3d5af4ea4f8906d92ed5da074c46
3b4e4b29165f8de033d5070a405d0184,92afcb3664085be24afa75e0e0810248
3b64d2596d2b4601a8a5ddb2d25e7cbb,8ec5fadb6ab5ae799ba678ec3b57f9cd
3b7f7686fa74da7033f77038411fc007,3cc6dfa5f8ed1b7a649a0d12a5d083cf
3b7f7686fa74da7033f77038411fc007,41ff03bc49eb32b517a08a4962ab3764
3b7f7686fa74da7033f77038411fc007,4bc16d233782b9653f50ee4419dde3d8
3b7f7686fa74da7033f77038411fc007,5dd56ea25902fdec54f1dfd28914f072
3b7f7686fa74da7033f77038411fc007,5fbb3dde9fb1caa89a23771f5f9a9b1c
3b7f7686fa74da7033f77038411fc007,617a9cf79697c0a24bb2960fa00587b1
3b7f7686fa74da7033f77038411fc007,62e01423cfc59329b6acb874696c0590
3b7f7686fa74da7033f77038411fc007,6ac048a47fe6abf40205dd46d4bfad09
3b7f7686fa74da7033f77038411fc007,794832937efec8d6df766701283ac05d
3b7f7686fa74da7033f77038411fc007,80a0fc761c3c3555f81b5b60e23200da
3b7f7686fa74da7033f77038411fc007,81b4d775b96c465bff5c607f9b8c2a3d
3b7f7686fa74da7033f77038411fc007,89f40506bdbb16ebd103b12766758db7
3b7f7686fa74da7033f77038411fc007,9618897eccacf463c5528d3d095ce177
3b7f7686fa74da7033f77038411fc007,a02cf644bc5118e5e473829862bc5886
3b7f7686fa74da7033f77038411fc007,a7a4b5bf23cb560d08106ef75e1c73f8
3b7f7686fa74da7033f77038411fc007,b7c847d7adcf107a10c3039d6bcaa8f2
3b7f7686fa74da7033f77038411fc007,c23d5f76ef396a0f520ca6c677dccc1f
3b7f7686fa74da7033f77038411fc007,cdf07468d9c693794f1da0b9ba549c15
3b7f7686fa74da7033f77038411fc007,cfe1ac5b7858b370c320c67133b10c14
3b7f7686fa74da7033f77038411fc007,d6feeaed5bb9195ac670b5692ba10104
3b7f7686fa74da7033f77038411fc007,da2ae411a236d52fa1e62a224bb1e88a
3b7f7686fa74da7033f77038411fc007,dd720a31ae01f8066abe782818b59699
3b7f7686fa74da7033f77038411fc007,dde720eb1ac8795643511897700c8aad
3b7f7686fa74da7033f77038411fc007,e34ebe4961f2d932813005433a74b012
3b7f7686fa74da7033f77038411fc007,e4750dcc3268ebba356557f444761f9c
3b7f7686fa74da7033f77038411fc007,e70105d7788a5d736ae6805a7f230521
3b7f7686fa74da7033f77038411fc007,ea15834188cc4aa85b0056af93164277
3b7f7686fa74da7033f77038411fc007,ebc1919f45f9da5db0d468ce62cfdf50
3b7f7686fa74da7033f77038411fc007,efe94917387a9794795e7fc79557dffa
3b7f7686fa74da7033f77038411fc007,fabd6966abaabe52f19e44a088986cda
3b976b9d3a79fe326d17661da57029a3,89d3f4a1da742429628e154a603dd1a9
3b976b9d3a79fe326d17661da57029a3,95981adc487a55b74808439f5977fd9d
3ba341b527dc4257a149e90d9b29d9de,883044362bca2479a4befd6fb492c183
3ba341b527dc4257a149e90d9b29d9de,d54d15d5d4543c4ea2b36f4657e9518d
3badaf318df81a92b6f175db756838bc,5378fe8fbcad417a8744ff944b17eb57
3badaf318df81a92b6f175db756838bc,53a9d52f3df637d7e56ffe2454022fe4
3badaf318df81a92b6f175db756838bc,7b9406cc24e40a8233d1672486b0b581
3badaf318df81a92b6f175db756838bc,d4fe2c0b8d29ae7dcea508d05fcad947
3badaf318df81a92b6f175db756838bc,d838203a9aa3ec7d77132d3bdbc0805c
3badaf318df81a92b6f175db756838bc,dfceed03a74e93db23209672b08ab262
3badaf318df81a92b6f175db756838bc,e0bc445137c4097325344a9fbf641b24
3baefd57ae723bdb0c52cb9aa4b24cb8,b0cfce7ea8bebb1ab3412ab5c1780901
3baefd57ae723bdb0c52cb9aa4b24cb8,f44028d4a1ebb32fc3807dfe4c56506a
3bbd03b7eaf6260f4c3ec3be4d39ac11,41ff03bc49eb32b517a08a4962ab3764
3bbd03b7eaf6260f4c3ec3be4d39ac11,4bc16d233782b9653f50ee4419dde3d8
3bbd03b7eaf6260f4c3ec3be4d39ac11,617a9cf79697c0a24bb2960fa00587b1
3bbd03b7eaf6260f4c3ec3be4d39ac11,a7a4b5bf23cb560d08106ef75e1c73f8
3bbd03b7eaf6260f4c3ec3be4d39ac11,ecb3e4db5de817f87972b63a999006b3
3bc0e41a632640302249be4f473b49ec,737519deac20c7ef758fc2be9796150d
3bc2129cf375f5ce0a18650fdbff696c,7d1fb9640c4d3c842678ac097611635b
3bc2129cf375f5ce0a18650fdbff696c,9b10b0540de1f7f03c8f3c09ab331795
3bc2129cf375f5ce0a18650fdbff696c,9dfc1a9cd546edf6aaf0407a11a734c4
3bc2129cf375f5ce0a18650fdbff696c,b49414acaab784de001dad791a500ae4
3bc2129cf375f5ce0a18650fdbff696c,b660893da5418542f202105861155f86
3bc2129cf375f5ce0a18650fdbff696c,c0c3d3b625d1b2c931ea03584c7e5302
3bc2129cf375f5ce0a18650fdbff696c,c6b759eb39dcd70130772327e479581f
3bc2129cf375f5ce0a18650fdbff696c,d584de7e13ec98af5c5537eee21af767
3bc2129cf375f5ce0a18650fdbff696c,e36b19cba75c879762974ad7aa41b811
3bc2129cf375f5ce0a18650fdbff696c,e4ddb079f99d4a2d6c6ecb2c19e0fab1
3bdb09c2e9209a98b959847fa661555d,43ba4d06b364cbd90874ff598f3a4d67
3bdb09c2e9209a98b959847fa661555d,ee8e04e2a1d5a234225836bd1e5f4079
3bdfbbde0aea716f3ba6588a8e4e0f53,60c797def855d0296f9c165f9f1ee5a0
3bdfbbde0aea716f3ba6588a8e4e0f53,aa76bdd23e55a32692c3205f3983ada8
3bdfbbde0aea716f3ba6588a8e4e0f53,d64d31ae5fbfd3690a48256d35c8d74b
3be7fb23d5f91f1f13024ccf913a5226,66cddc0d55518a2b2c4208e7b0b8643a
3bf3e2a6a4f217704e053db4ec72c107,abeca7aa88867c328ffc24bb137c608c
3bfb0e940313741af156a2834f60b0ab,58d6bb062175b749ec0176f3325256ee
3bfd16cf263f1862325ba4c9cadb9350,676d8d30bfd42a0c6131090df6b1e258
3bfd16cf263f1862325ba4c9cadb9350,707c2c7c28485ec474fe430348336c20
3bfd16cf263f1862325ba4c9cadb9350,c87cc1206c1384438cfea97ff6a86136
3bfd16cf263f1862325ba4c9cadb9350,cc41089ea542ae3844fb021ee7ac2115
3bfd16cf263f1862325ba4c9cadb9350,ece31ca566eb1d144d93011966e3a34a
3bfe9ae4c52e2f28f56003f10d0669bc,3f9ecd987d9f40f660c8f9fc04bd2657
3bfe9ae4c52e2f28f56003f10d0669bc,e4b506a6844acb7705474d9787488abf
3c1ce69bf47b77a7c7602c5c9247713a,449d79b77a344730961192ac096346b6
3c1ce69bf47b77a7c7602c5c9247713a,552d4c4faec04cc5b67882f461a4d51b
3c1ce69bf47b77a7c7602c5c9247713a,9bb1374cb416561b43e0349dd18d3509
3c2eef0b6150428f9a0e31cbd025319a,6374c06706d5eec087dcf87872470e17
3c2eef0b6150428f9a0e31cbd025319a,790616874b04859ab18651b7f9f05a0c
3c2eef0b6150428f9a0e31cbd025319a,a9506bf795861476243d99a8726f717b
3c2eef0b6150428f9a0e31cbd025319a,e5bd2be0d39268d017e306ba127353d5
3c3283c3f93800cb8a8671ef8039ed35,5765c6b6e77b14474a79d4c07d806ba0
3c3283c3f93800cb8a8671ef8039ed35,6b8f0e379a57872c348b253221de54be
3c3283c3f93800cb8a8671ef8039ed35,afad97e691ced4bfab2183b11fd5b506
3c3283c3f93800cb8a8671ef8039ed35,f6036e428aad83d50c7c8a0d6ec7299e
3c3bd92bec75dec81b706dbbff0ac969,74ee930ca75cc6eefa06b6a8fb4d1789
3c44225f2f68769e460634334f469534,9bf8343dab76b34757d4ef4eeae4ad44
3c44225f2f68769e460634334f469534,c8b801c8f480625e507e98111455c7c2
3c4a8da2491765e9afe78a5bfe3115d8,4207c6144cc66412813a18a8efa6524d
3c4b5c93c767be8d05d732836a2b267c,8cb14a9fbdd93730b1369b5168363949
3c506f3566ddcae722c0717743110ea7,66ecf7e118d4a3e883884f61f845e097
3c506f3566ddcae722c0717743110ea7,c8c0f0ad1ed316e3cb1a678b920a041e
3c614ae745f226da0fcb3c14e1183ab3,5582bfe17e2817cfd811a1e08070c57b
3c6bed71ddb332d0d4310cceb1aab601,a61e30b75d2e2288e9a900a4f094609e
3c94c13994c665655aa8bc8b3b18811e,af54dffa8468b90ce10fea588c303b2d
3c94c13994c665655aa8bc8b3b18811e,f8f9ff19a81abeab23cbf31e139c0150
3c9767cbb199367d6db491aa18e7738d,8abb487779c903fa4b17a1ad7db4f200
3ca3e79493fa77313f51590aea73ca9f,48ac6b2ed70ee4cd88362530a94dafd6
3cb69376ff26dce559ecbb390f2f574c,ba842d57bd2f8fcce25e4e099c596b33
3cc6dfa5f8ed1b7a649a0d12a5d083cf,41ff03bc49eb32b517a08a4962ab3764
3cc6dfa5f8ed1b7a649a0d12a5d083cf,62e01423cfc59329b6acb874696c0590
3cc6dfa5f8ed1b7a649a0d12a5d083cf,63cf86aa8f00483221555d97e8c6ccbf
3cc6dfa5f8ed1b7a649a0d12a5d083cf,6a7f5ff621d20a43a9d19340bef3db1a
3cc6dfa5f8ed1b7a649a0d12a5d083cf,7db14dc3058cc6ca81295011b4745b92
3cc6dfa5f8ed1b7a649a0d12a5d083cf,c23d5f76ef396a0f520ca6c677dccc1f
3cc6dfa5f8ed1b7a649a0d12a5d083cf,cdf07468d9c693794f1da0b9ba549c15
3cc6dfa5f8ed1b7a649a0d12a5d083cf,d44df7668f75c8f084cdada0a7a1aae0
3cc6dfa5f8ed1b7a649a0d12a5d083cf,da2ae411a236d52fa1e62a224bb1e88a
3cc6dfa5f8ed1b7a649a0d12a5d083cf,dd720a31ae01f8066abe782818b59699
3cc8b349a438736c405466b13f5a3aa7,d215876ed8befd6e0e9ae62206c9938c
3d030837e11ed46a3cc1e3a22e9fdf13,f11539d2b550ddfa93d495d99fffdc4c
3d13d79f9a164c772994a4efbb6fb730,692ae9f0de5851263f5390ff1a371963
3d13d79f9a164c772994a4efbb6fb730,f2933e10b3594019fdadb9b46c80b371
3d244b43721f8125f12540fa766d7903,e6018f18bfa692f111c3670beffc8ad0
3d29bdc5567a693e60a0bd3be1fecf0f,4e556912d978744472823f6239d08639
3d29bdc5567a693e60a0bd3be1fecf0f,51282e74d6171fef4eaf505b4c2819e1
3d29bdc5567a693e60a0bd3be1fecf0f,605c78069f7db8126571b96d98d05a2b
3d29bdc5567a693e60a0bd3be1fecf0f,6b6c43cc9c47dc8fe372bd05e5252da0
3d29bdc5567a693e60a0bd3be1fecf0f,a04f4a09bc2b544ded1c72448acab83d
3d29bdc5567a693e60a0bd3be1fecf0f,ac30501be6d236a299f34f3cf954b7f6
3d29bdc5567a693e60a0bd3be1fecf0f,b28ecd267a8b6f7bac5bc4959c66be49
3d29bdc5567a693e60a0bd3be1fecf0f,ca4d41b8d403af7db6136532ab8c32bf
3d3b555ba14bc875747a1871586ba3f5,df8f3094dbc00f757729485106ee0d14
3d427c2ae093a49319915e531f94a19f,4108f65f79ebe7f2d0551f0bf6780f97
3d427c2ae093a49319915e531f94a19f,79ca87e47cf8c39bdae40eec96ff0bc5
3d45174a13d1be4bf23ca8d7ca10e8f3,41ff03bc49eb32b517a08a4962ab3764
3d45174a13d1be4bf23ca8d7ca10e8f3,87cc0c8ec6896e79343c115fd584d429
3d45174a13d1be4bf23ca8d7ca10e8f3,c06f3f926cc18b45ba350495c59c0093
3d45174a13d1be4bf23ca8d7ca10e8f3,cdf07468d9c693794f1da0b9ba549c15
3d533e5d932eabea9b9ad3238b388be9,4253995b881b4c612c600fe11e5dec65
3d533e5d932eabea9b9ad3238b388be9,5102679065ee96c2b2fb32aa15e89ccc
3d6c008ec5a489f17f9c2d2948886efd,55e2444f4587a61194f24649109c7ce9
3d6c008ec5a489f17f9c2d2948886efd,6863e56c5133c06fb76dc339c84e459f
3d6c008ec5a489f17f9c2d2948886efd,9c1e12ea24b59e2ac4c33f4db157b671
3d6c008ec5a489f17f9c2d2948886efd,9d28686312f4fb09e5935896c826a507
3d6c008ec5a489f17f9c2d2948886efd,a5b1f854e8dda30ec015e923b4a83597
3d8b944c523c7fccee672d8dca5ba64f,e06e0ee60dadd2bef960edc7f60b6dff
3d8e5e30ce163b3adc85b38f04cceda4,5e33532d3248bfd95c6b4415a2c85e66
3d944e6a6d4f26aa59ed88026de24d5d,7b9406cc24e40a8233d1672486b0b581
3d944e6a6d4f26aa59ed88026de24d5d,a1e95a7e2a033fb15b6e8ac9896fc065
3d944e6a6d4f26aa59ed88026de24d5d,d4fe2c0b8d29ae7dcea508d05fcad947
3d944e6a6d4f26aa59ed88026de24d5d,d838203a9aa3ec7d77132d3bdbc0805c
3d944e6a6d4f26aa59ed88026de24d5d,e0bc445137c4097325344a9fbf641b24
3da8d37d5806145e0c62ee423a1054a3,4c2a894e5bb1904607f0e23246110093
3da8d37d5806145e0c62ee423a1054a3,514bf91316ce3a445b1a354d9d3e8b5e
3db9e14095afeb210a6749ea43c25054,b10c29e5cae6045d60826d725d8158d7
3dc613ca459a0e170b0e1a374fba3892,77d4adc6c5fe8a55fae0feff15dfb078
3dc89257d6d43d654f37bee8861d56ca,b351423670972a125364804b4e2cf85e
3dc89257d6d43d654f37bee8861d56ca,e61662f18ac4a291194f10ed90c82801
3ddd176a848585fab8b0c901132846d0,cfbdd38aee26fbe818b08fd68236358d
3e03ee681073d53f8e429b4e5c165ef9,77686676714cf37ae814485122714117
3e03ee681073d53f8e429b4e5c165ef9,bb06c2d514fdc26f8e2d79667383ce3e
3e0624d75e5238f23cc59c9f6ad919be,ecdb4af0d3e878e09db1801f58047704
3e0b74a1a7df2e3e69496182a9b332be,ad203abfafa8f57680b5ecf0b753fe55
3e0b74a1a7df2e3e69496182a9b332be,c28ea574620c1e2fe038975ca0c6efc0
3e4ca97526351c46dee3cb54c49fdb9b,478d9aa07b70534e2924c7bb79ecbaf9
3e4ca97526351c46dee3cb54c49fdb9b,520020af6f73cd44599cbc3146ea8e38
3e4ca97526351c46dee3cb54c49fdb9b,5ff4b713bd9bfa220ebc9013152287c6
3e4ca97526351c46dee3cb54c49fdb9b,76dbe028e7ff780cf7c44cdd35391805
3e4ca97526351c46dee3cb54c49fdb9b,d09fa69c6d5615c26aac2f825b8e7328
3e591b5cd622cb2abbfe90d204995e09,4255b057f9c8ca0c888bea9c43c9a828
3e591b5cd622cb2abbfe90d204995e09,e1486f03e6c8140927d34b4e25f1ed41
3e667c3ced6a005f09c5fbd1a7c5fe04,b94278fe135308a082dc68898a4735f7
3e667c3ced6a005f09c5fbd1a7c5fe04,ee9c2ef133ef6b2821b38844fdbfe805
3e7f02eb33213f70c04cc6ce82bcf1ba,ec7f48b786e58da7afb7eec39b485d03
3e82c11a14af5b4248c46fc534896c7e,8ce72d0cabfe4aeefaefcd0ffbf877cd
3eac75142c9a58db1071cf4ea80882fc,6b2204839735cb7bf1081d46e8739da7
3ebf2701685f40aaf1d7b01f0a29375a,cc56a206bfcc57d98e3b708233680f7f
3ec7c3dbf4dc862e70115e1749edf94f,4697100266d2acc6e2d4d29383ed3595
3ed8659c5eb538f1f9af43a9f7a1e800,a4f588f71822146784d6cae85a69d126
3edc7d962d94bef57e77213657337151,d3f184e995ed8990b942f5f50e4e3265
3ee6e6c35c123d5de5b3bc1d9d6698d5,c3253de974cc8fdb7b7f0d79bdefe6f3
3f0177946d05578a15815b97567a5e0d,c7058d25eaac9d5685ec174679d5404f
3f08c2db5c72f52d98109b56ddda2b11,a6cfd5ad580d7ea3fa1db5fd01b2f80e
3f08c2db5c72f52d98109b56ddda2b11,b1d992d3452bd1038b5aa4ac13ca2315
3f0f0b4fef84efac660bb54046e4882e,dd78d346fd3b529d044883e4af94172c
3f28c9e1813d9c2f67fccefdbf8611f6,5e601b0f677b787fafbdeba0ec81a4d2
3f2fed4fa384f669c62607aa9a1af50d,b7688d7baf5b31d0d35c3e65645232c2
3f30d5dc5635f32f073857a785b9f648,4a4d55cd3b5ae053fbfbfdf7aa2df9f1
3f3ee4285ce3b501db0f388f7c3b092d,42f3e5101b61176e3585f1d61524c675
3f4b7639b8ce1a20857807aa22764a85,fffba011c79837de67f7c8fe7d777fe0
3f51f56713865a8078c4532c483d4d79,a7b3fa6517f0f1e5c75212e1d7d89e5f
3f51f56713865a8078c4532c483d4d79,e174f85d95547cb22d73af74b301be22
3f6253dbcb7f685ecd517161f9f358d7,7ea978073a598955379ced2b6290fd61
3f6253dbcb7f685ecd517161f9f358d7,d9a04c09924901ea1017af38dd14bb7f
3f6253dbcb7f685ecd517161f9f358d7,f92527eaece6db8b40f49cb8f2439a11
3f7036e66678543ca1a66a101c01b704,4269bd53abcd3866395466416289b325
3f7036e66678543ca1a66a101c01b704,7e25c06dc7729eb1d4532b5bbda58fa3
3f80a6699010940fec7bdd4654e59f7e,436e9a8155321ead4ea9eedfc5fc8468
3f80a6699010940fec7bdd4654e59f7e,579a580bce11bcd1d1ec3fea6911a4ad
3f80a6699010940fec7bdd4654e59f7e,652799a7ea760b9da43546710b4a91c9
3f80a6699010940fec7bdd4654e59f7e,83d9425780cb7121b249f5be3dd1d450
3f80a6699010940fec7bdd4654e59f7e,a163e814e3b752fe2193a809bbd31ff0
3f80a6699010940fec7bdd4654e59f7e,ac5baedada70df463383868d3ab9d22f
3f80a6699010940fec7bdd4654e59f7e,d48957e2e5bbef3743f68fce2931931c
3f80a6699010940fec7bdd4654e59f7e,fa5c020aad3a9dd727d5a75ee03e8841
3f9ecd987d9f40f660c8f9fc04bd2657,e4b506a6844acb7705474d9787488abf
3fb71898e423dfe0932fb11c65635d21,fcda28c3725f3a062198ca5398f78a67
3fc75282b4af4eecc42b4bc7aa2466a4,59fb1768b555e34eb75e4f16cf2c2db7
3fc99228dffc6e76c3b18a021127637e,bec0dea03171ed323387651850e99a3d
3fc99228dffc6e76c3b18a021127637e,f35f51fefcbab1c0cd35b678a3e8bede
3fcb56cacd32ddaeb1009f2a7b072b54,bdaa310ae249ad80cff995cc537e1ea6
3fcbd916eb5e11a3749d68c38ff1fd0b,aff4cd5b195621bbd815209da334149d
3fd19b6f9d1dbf040447eb3879c68616,4aff92d92d892b24869223ffcecd50e2
3fd19b6f9d1dbf040447eb3879c68616,9f812f0731df6aa00b1f1bee73e1781e
3fd3b86f28c45280450846b4843cc392,dddcad2b79d401dbaeab9fe6f2282a62
3fe68722e68043b3823d3a8655a4bd60,4025001d9d73802479cc43e1c9b3bd52
3fe68722e68043b3823d3a8655a4bd60,d2de92b588aa4bb9c89d766299856cd2
3fe68722e68043b3823d3a8655a4bd60,faf3b64d601b78fee756f4f6f7ea4248
3fecd6529adb41779a2a21800b5da871,6bf9eb8ae86f956322cd8bc742b1a116
3ffedc7c80ebdd82c939b50b489517a0,b5bfb2fa6a0ab84a3cb8f028e722812d
3ffef572db15fe29ebb0922e929cee23,520020af6f73cd44599cbc3146ea8e38
3ffef572db15fe29ebb0922e929cee23,5ff4b713bd9bfa220ebc9013152287c6
3ffef572db15fe29ebb0922e929cee23,6877c399e63dac241e880a6ffad2ca3d
3ffef572db15fe29ebb0922e929cee23,6a6a82e53ce45acb2475e8cfd225742a
3ffef572db15fe29ebb0922e929cee23,704a17ad5a940c5a86ecb202e612dd12
3ffef572db15fe29ebb0922e929cee23,76dbe028e7ff780cf7c44cdd35391805
3ffef572db15fe29ebb0922e929cee23,95ff32769e3b6643e3398395c8626037
3ffef572db15fe29ebb0922e929cee23,c6d609e5755122be73006e3d1b12befa
3ffef572db15fe29ebb0922e929cee23,d09fa69c6d5615c26aac2f825b8e7328
400274c14855139e3fbfef0dc71d81a0,49d73461184a80f161ba9402cc314d38
401ccbb321f8b8c7daef6828a9825698,92b85ba5b82b7805b219a9332ece26ba
401ccbb321f8b8c7daef6828a9825698,e15fbaa4f821c7e9a06e14b619d08ed8
4020ca7580f21ff5d512d6942ffbefff,cacb460213bf7934aed2e64f79e10d55
4025001d9d73802479cc43e1c9b3bd52,d2de92b588aa4bb9c89d766299856cd2
4025001d9d73802479cc43e1c9b3bd52,faf3b64d601b78fee756f4f6f7ea4248
402b60f92203ced7411f1bd986ef5595,b751d2d713a7fc98a69a33bc4f871e47
40361e74323eccdec890f87d7faa9060,8ec5fadb6ab5ae799ba678ec3b57f9cd
40372d7c1b24862abc87df3bfc0d60d8,5c4ff80e3d496c95bc5da0a256b46250
403d6b2d26580db33e422f4f66e8f0e1,5a7b57b5469c5da321ace8a7621a673d
403d6b2d26580db33e422f4f66e8f0e1,a233f96d49eea9a90bb67831ef826fef
403e3abb6f99abb59fa7ae5c557b4a6f,5eb3729bd9866ba77b4db9feccd50d9f
4046270223ffbba0445a9472fd2e1724,9e3fc5fbfe848c4281eaa0fd2aaa636d
4046270223ffbba0445a9472fd2e1724,9fa0e18f1c9a6f191a11f4cea2018844
4046270223ffbba0445a9472fd2e1724,c9c00fc7796cfb0d00417a553c16557d
404f39122892b5615279b41f05ccf605,8a3b54c09bd64734761c01ea8b411a37
40546a03f4aad9d7af6befee6b3e4470,bbe553700b6aba138755abc72517689c
405eea93d120a8afbd02161d9ec11cf9,50701dcf1ac8c45f953f08af5db5ba42
405eea93d120a8afbd02161d9ec11cf9,8f1c66c7bc2e7240e76f6a4160686bd0
406bdb5631019500fe4c5960a7375315,b07b935a7d0838b2694d229d625f080c
407810a7a29ea7bf0ea2b04f67c98ef8,bbe553700b6aba138755abc72517689c
407be186847c2a64c0003a3f3e46aec0,5a79d3eab72d33c99d07d7eaf04f841f
409a84d19bcf339e80f09af9d662e8f0,7abdd613ebd6a3ce8c384d3613ad9559
409bce19db0c9b16ea444823ffb5b665,a82361167e9a5fba29b05f8fd3c353cf
40ae52e6d35202500f53676a85d1f5f5,938b2e65bfca77057ef49b7929976b81
40ae52e6d35202500f53676a85d1f5f5,d8644503babd66f9e7498260189bd9cd
40bfcd64ab2f95488f1587a1a4f276c8,545491ea04d47dca59b5f40367d66627
40bfcd64ab2f95488f1587a1a4f276c8,589cd986754991ffd667dfd4d2650d85
40bfcd64ab2f95488f1587a1a4f276c8,5a7b57b5469c5da321ace8a7621a673d
40bfcd64ab2f95488f1587a1a4f276c8,5fd8694e77fef859533eb2ec59f209c8
40bfcd64ab2f95488f1587a1a4f276c8,6b2204839735cb7bf1081d46e8739da7
40bfcd64ab2f95488f1587a1a4f276c8,a42b5986ef7e1112d007e16f9ed93295
40bfcd64ab2f95488f1587a1a4f276c8,a81e226fd81222d5633bc72eb6c5fc22
40bfcd64ab2f95488f1587a1a4f276c8,bda1af29723f36cd6472fd02e27858aa
40bfcd64ab2f95488f1587a1a4f276c8,dc191bbec37fc53a5a0fec0e7edd4eba
40c1928ec0e5df9ecd79ff9d01292d88,d7f5eb4e3da5c4b3dc0f6e17fe271a98
40c52af4b0a1f836b378a9878fce1320,504cc5207d0fded89819455248ff92f0
40c52af4b0a1f836b378a9878fce1320,bb7b63854248fce948c515b147c5961f
40c6b9962f33cb66f7861e6af6d64c86,dc405154486a159b16830929965d9352
40c6b9962f33cb66f7861e6af6d64c86,f16fff6e730a56733cd8c5d8dc5985f6
40cb92b9f32e9eec63f192b51c4741f8,a3cf2f3a94a6fad2c48c55af545cb600
40db460f2c5ff94fc2331e0ae6004bf8,9195b04b9884d16cc369f71e904d9a40
40eb58e165d93de8f35f31b69e26448e,a077677d118171bc0d13e018c3efdb85
4106d3628f7427c99a50f14cbafedd1e,57dde5e9906bbfbb15618c854859ff5f
4106d3628f7427c99a50f14cbafedd1e,586e12fd2f61190fa58f097e3bed4c24
41105722f531f58b2cfec2549adf1aea,721c4a3b310642a78151309efc8544f7
41105722f531f58b2cfec2549adf1aea,929bf9bae6be91ab859c08caacf8cd9e
4111654ff2cc9fb09f1b246eeb2d34f2,4bc8a2737b806847242b2ed36d9b7ea7
4111654ff2cc9fb09f1b246eeb2d34f2,ffdc623fb2fd16e36d26c739a68fedb1
4111ca00200123b3e16cb14ced9f09bf,a262ce82ce9aad7f63e74f3716701abe
4111ca00200123b3e16cb14ced9f09bf,f4c35f057ade148da31f42e38e694083
4139740f84de5fa03aeb144f592f2d5a,7af5ed27c185c78417461d0ca71f946c
4139740f84de5fa03aeb144f592f2d5a,82e0d1ebc34562869700c8f71dd5a160
4139740f84de5fa03aeb144f592f2d5a,96ce69de16906d7b6bd3bbd9aa938c3e
4139740f84de5fa03aeb144f592f2d5a,d45ed8e308890382615c07d77eeafcf0
4139740f84de5fa03aeb144f592f2d5a,dc044a0d65c0244281f84411193e2361
414b01e8a5791156ab736ef22e849110,70b90e7849f311edf04f87be9ffa0f25
414b01e8a5791156ab736ef22e849110,c9bf3cf5e4a22b4a5cf7403c7c149d62
414b01e8a5791156ab736ef22e849110,ef9c3f098025264ce0182b23246c3086
4156138968eecb3fc412a7d2537c06a2,6a924dca7ac6ff763635c0e8a8cd9e87
4159d92113e99ffcac74dc791d9df8c9,a409f1e0702ddc60c3b81cb58e71ff11
4159d92113e99ffcac74dc791d9df8c9,adfc409a6e8c966033f7de3fc340af44
415c9321e9812a9b62a208afc71130aa,a7b3fa6517f0f1e5c75212e1d7d89e5f
415df96675dbf801e4765d346a5145ce,6c949c040560b755ab2fdeb0eca54d1c
415ea7c805737a2d1e0053c3ec21a0ed,e43aa10d02de1a45d3bba962223c0ec0
41733e8390953cb064e5e79a54c8089e,7a20290e452d9e748e693b2cebd637b0
4186723c571d9cb4ecb0531fb9f392a6,7ac9f9da83916c57defd14d706a030fb
4186723c571d9cb4ecb0531fb9f392a6,ca03be750993312a74fa826e6baeedf4
4186723c571d9cb4ecb0531fb9f392a6,f87e5a7c356404543af4e87034b3f8ba
41891f6ad8b3a85f8273beda3d29c2c6,56014da055e3dcb886b61c4f76d62c2d
41891f6ad8b3a85f8273beda3d29c2c6,84c45a71b83b550acc444f41bedc62d3
41891f6ad8b3a85f8273beda3d29c2c6,aaae7a7f70066143d50e9c6a4a4a9cfd
41891f6ad8b3a85f8273beda3d29c2c6,ad999ee7df648e78a172cd108c9b6b8b
41891f6ad8b3a85f8273beda3d29c2c6,f62a7583d3feddd4a43e616f74cf29c5
41891f6ad8b3a85f8273beda3d29c2c6,fe0bac08f92aef9b78691fc7780dbedd
419d7575d80766f7060e3edc2446bce2,8aae4cc9e81bcf893bcc67d94909a23f
41a19bf90abef992b428553f077c979f,781d2bf0d1c1e4c85e3e174c1d479cf3
41a19bf90abef992b428553f077c979f,7da6357cb4ca1da6da00bd5719381fb8
41a19bf90abef992b428553f077c979f,8bb345b50e49226bc3330847c381787a
41a19bf90abef992b428553f077c979f,9f1b75dccb1a238f4a8ae0d565f890a9
41a19bf90abef992b428553f077c979f,b8ce43fd290a2cafdc4dc4c8325f4d50
41a19bf90abef992b428553f077c979f,bbd09e3b3ff37766ae55b524ffc61a98
41a19bf90abef992b428553f077c979f,dcb6021ebbfc2a397f46b09e664fdc2f
41a3424c60db2dc2663d6592df0e54c7,e8f1ab78f0246f788ffd632044dd2263
41b4c6c3c6b1d2b13bd5d2c07646b860,47a8bfe8e65f31770cc9cc08cd716dd5
41b4c6c3c6b1d2b13bd5d2c07646b860,62b6daed869fc5de6ebc48ee4062c6d0
41b4c6c3c6b1d2b13bd5d2c07646b860,63562d9a214cbfc16b31abfaa5e68e63
41b4c6c3c6b1d2b13bd5d2c07646b860,7c5c593811687180825206d8d0ca5ce0
41b4c6c3c6b1d2b13bd5d2c07646b860,99d9620d5a3044e6cf8468bf4fc045ec
41b4c6c3c6b1d2b13bd5d2c07646b860,c6946df695b0a4b570b0695602f04920
41b4c6c3c6b1d2b13bd5d2c07646b860,da48369b25c26e8532ac104e493aa3d2
41b4c6c3c6b1d2b13bd5d2c07646b860,ed07f672f0cca9cab8437c1084e03a26
41bd12b73f3a4d5973fcd88a17437b68,90dc9b87ed6fcd1101a013418c494dd0
41c7d11505979d9ce19084156af98b87,64110d5a12f3d052332de664c0c7e72a
41c7d11505979d9ce19084156af98b87,df0e4f3513bd76b4669a00648d144d7f
41ca292d6be345c122f20b9289fa937d,492b8ff978b8c8aadfe2538e23754cc8
41ca292d6be345c122f20b9289fa937d,d539eaf4f308d62c52a7c3e1e4f3a785
41dc4b7ef9bd24b370e2bf70bdc54e02,cb31d73333b39e5adcafd2907dd0873e
41e005777b3ee9005feb89ef87c7774a,bd9a4e3ba70805728ddf01b7ec49b757
41f181b0dcbaf80d9ad52f0327583f96,639defaf2023886418e5ca1ed92fd674
41f181b0dcbaf80d9ad52f0327583f96,7325821c315648f995ea4a13c7fd6d3c
41f181b0dcbaf80d9ad52f0327583f96,e65a21c370aaac5540ac84a49e6358ff
41f9516a1eb4b0931b5582872b26db79,7d1f53c9b03de6b67035d0db88c93b2a
41ff03bc49eb32b517a08a4962ab3764,4bc16d233782b9653f50ee4419dde3d8
41ff03bc49eb32b517a08a4962ab3764,5fbb3dde9fb1caa89a23771f5f9a9b1c
41ff03bc49eb32b517a08a4962ab3764,617a9cf79697c0a24bb2960fa00587b1
41ff03bc49eb32b517a08a4962ab3764,62e01423cfc59329b6acb874696c0590
41ff03bc49eb32b517a08a4962ab3764,63cf86aa8f00483221555d97e8c6ccbf
41ff03bc49eb32b517a08a4962ab3764,6a7f5ff621d20a43a9d19340bef3db1a
41ff03bc49eb32b517a08a4962ab3764,816a9f1810b0a25352778c8aac2ac25a
41ff03bc49eb32b517a08a4962ab3764,a02cf644bc5118e5e473829862bc5886
41ff03bc49eb32b517a08a4962ab3764,a7a4b5bf23cb560d08106ef75e1c73f8
41ff03bc49eb32b517a08a4962ab3764,c23d5f76ef396a0f520ca6c677dccc1f
41ff03bc49eb32b517a08a4962ab3764,cdf07468d9c693794f1da0b9ba549c15
41ff03bc49eb32b517a08a4962ab3764,dd720a31ae01f8066abe782818b59699
41ff03bc49eb32b517a08a4962ab3764,e34ebe4961f2d932813005433a74b012
41ff03bc49eb32b517a08a4962ab3764,e70105d7788a5d736ae6805a7f230521
41ff03bc49eb32b517a08a4962ab3764,ebc1919f45f9da5db0d468ce62cfdf50
41ff03bc49eb32b517a08a4962ab3764,efe94917387a9794795e7fc79557dffa
4207c6144cc66412813a18a8efa6524d,4598f5d12677b685075b2cadb3bc7d09
4207c6144cc66412813a18a8efa6524d,786db100297aa15c3dc3ac125b48e92f
4207c6144cc66412813a18a8efa6524d,c95af6a39af67df7970a9775c4a7fdea
4207c6144cc66412813a18a8efa6524d,d064f3d7bb5c57cd667baa81a2471f29
4211c0753a21f7dc7d4bebba31476f61,dd686118d5aadf4ba3a88dc537aaccc5
4211c0753a21f7dc7d4bebba31476f61,f457098a21713ecaa9d7b460d9e376fc
4214f2e7a6a7609c2eb5ca7246cc7f57,a9f8abc79fb4c1dca58e9e7abf8a6912
421765f9f12e9096da2e5f39e0cdaf2a,48873c48cb1029ec4a31e46207225e25
421765f9f12e9096da2e5f39e0cdaf2a,5e07766d91191c218ab9bd9f697846ad
421765f9f12e9096da2e5f39e0cdaf2a,6ae317eed2e7e71ce28eae4569a6cf6c
421765f9f12e9096da2e5f39e0cdaf2a,6df0286035aaae77202ac84fa514b224
421765f9f12e9096da2e5f39e0cdaf2a,8eb07d4a0953d94bd7bc5eb16fb6cec3
421765f9f12e9096da2e5f39e0cdaf2a,91567517fd302f0ba3147b11748e1f7d
421765f9f12e9096da2e5f39e0cdaf2a,a7853e132243e68f89f9e3f5ad1a7b98
421765f9f12e9096da2e5f39e0cdaf2a,b3e926048cd435bca6873dbf96473813
421765f9f12e9096da2e5f39e0cdaf2a,e20838a869a95a8e38684d08af9a9917
421dc56f897f05a1f423852b2172af04,c7ce66e0d9cb21855861fe5b65510a24
42201080fadcd78d8e6bbc62413ac2a1,5626c5aad0a09f5e22b529b15a1806aa
42201080fadcd78d8e6bbc62413ac2a1,b63ccaefc8a51c769ecde2bc5f3e5de8
4247e8a6ff349ad0178190c1fdb8ae0f,a63bd3fa6ecf0220f89cde9fd06b4ed8
4251ae1c4de60f0648e6b3b93dbd4f0e,a53ec9ef4d517af8276b64df0601fa06
4253995b881b4c612c600fe11e5dec65,5102679065ee96c2b2fb32aa15e89ccc
4253995b881b4c612c600fe11e5dec65,81583a4595ed738e7691ecf8368b6ee9
4255b057f9c8ca0c888bea9c43c9a828,abb724118f29965452622a192f6a54eb
4255b057f9c8ca0c888bea9c43c9a828,e1486f03e6c8140927d34b4e25f1ed41
4269bd53abcd3866395466416289b325,73a08f8e9001d2f4d24a30cb6f943e4f
4269bd53abcd3866395466416289b325,7e25c06dc7729eb1d4532b5bbda58fa3
426e9a1c4b14e6c51c8c35efd65a82f6,9896e748e87b3ebc09477ad6e8b34e03
4282296271501e91d66b88127f9ecbbd,6e7df8afed1f30f2bb9e338c050b6336
4282296271501e91d66b88127f9ecbbd,7a0131d8f540c8e898e6872fff7ce2f6
4282296271501e91d66b88127f9ecbbd,fa05a214b2ba3bbc44d68393952161c6
4282296271501e91d66b88127f9ecbbd,fcf60865beaacdd1d880648233618fe8
429161c1e9f8fb88a60f520f68c34bdd,bc8cbb4739b4d8749a4b984c30c01548
4292f6d34990543d85daa699184d0306,834e7e317216466c049216087778a479
4292f6d34990543d85daa699184d0306,a103ba868b42da9848c95c1f0b93ab30
4292f6d34990543d85daa699184d0306,f9e984f7434b99dfcc29e684703cce49
429339621975d7bcd7a517c1026f8648,89749a4a3869a3771e4b1cb30e691f44
429ab6d0029e9e7920eb8ec07b45e742,552d814403cdf35addf316d5cf82d34a
429ab6d0029e9e7920eb8ec07b45e742,667c8ff96fb7b9c7581fcd35491228f6
429ab6d0029e9e7920eb8ec07b45e742,8a9e1ddd7f481627385bf97a201479d7
429ab6d0029e9e7920eb8ec07b45e742,a7853e132243e68f89f9e3f5ad1a7b98
429ab6d0029e9e7920eb8ec07b45e742,f9a3009b8f3fe034e0c3b11f045b5b98
42b21a56e951c943abd87a0312130175,4dc201b0f51995e4a75d3130c15f8ef2
42bc270940480bda026406c4e32b6fc1,658b5f9d4b4e9c5d0c59748b8811ef4f
42bc270940480bda026406c4e32b6fc1,93ac3786acae5d6fc3eb9ae69ca9bc59
42bc270940480bda026406c4e32b6fc1,c95bac74d204931d77f800edccaf6973
42bc270940480bda026406c4e32b6fc1,cc559dfddc4ab5140c16ba6d62336c9b
42bc270940480bda026406c4e32b6fc1,d4d3c2a6c0b7aab64bffd0ef3395e3d4
42bc270940480bda026406c4e32b6fc1,dc6c1bdb6de35d310eed4e79dfab7ea6
42bc270940480bda026406c4e32b6fc1,ec5c1f39fb64eb9a03be159e20859bcd
42bc270940480bda026406c4e32b6fc1,ef7d9791d731721fc678eed00a03c8b4
42c06db69053ba31af57caea16b2d520,91f20837d4d3c4d6cee3a26246393567
42c39974cf49610e5d3b3ced84158242,aeb81e343c147c1a544cbbf1592b255e
42cab4b0f92a094ade8d57f291b10325,c5a0c4a282b45973632984e3328776a9
42cab4b0f92a094ade8d57f291b10325,e3df2fc4060737ac4aa109ce1bfa55b8
42e151eb6719edfecbe791150b56bdc8,5335eb361ba3460e490b4de4b97b8bf4
42e151eb6719edfecbe791150b56bdc8,f06345769a299881270fb7e00db3bf1f
42f1c19ad887b1a53ede3fdc1f5346b4,b8615ce427c0554c224c4f5639f791e4
42f56922156c4dc7fce2b79e602f060b,95b5fdc045907bd29abb941c9bdb4cd9
42f56922156c4dc7fce2b79e602f060b,f0c63c7dcbb6ed9c15ca3c7e27464bdf
4301b45fcba9fff854958dd879bfa2e2,752a2f6a8e94747d6b9c54e399391dd8
430c1607311cfbccfe514143de145ef0,54c6713680514582570007bc3ae73c11
430c1607311cfbccfe514143de145ef0,7e280e256c28bae9a9bde07997812cd6
430c1607311cfbccfe514143de145ef0,86403cc36244ba5c2aef22684e9b1d04
430c1607311cfbccfe514143de145ef0,b0a468a48f3b2c19fbf4ed31a54779b3
430c1607311cfbccfe514143de145ef0,fa3c8ab7e0077dd9c0b644ed56c9f3c5
4313c4b9967058b1345113daff9f021f,655f2e31b288872966e8a4edce315c7c
4321f4e249c0591b7e3b552106d80d7d,ecbfbd409350be0e8ac423f9a712cec5
4331d245debe31bba48f890242923687,b3be53cc868ab0bbe4ae937ef9720cce
433266b0f0aef1d5054881e75de7bed9,a5e2345a7bb4edcfe2cacee140c6eadc
4336f7672758db27dac889365251d37f,e550447efeb24fd8ac3d6d17e83e958c
434472602fbea810ce960551d8cea226,cacae716df1ca743be20e96e77e5060e
4346f8094f7f7c95e6ee9872b297bfca,5e339cbf8e851d353c7f0d05bf37879b
43520ff52fca00bb3548f1d258d32713,94562c537ddfbafa699124adfbaa6ae6
43520ff52fca00bb3548f1d258d32713,a887c5a65f813d149083d82f86b520bd
435c754e1fcae9763a8d48480e5553f8,98c854cec0bf7881a16bc89a423abcdc
436732ec571201b516b1f587d663b451,f457098a21713ecaa9d7b460d9e376fc
436e9a8155321ead4ea9eedfc5fc8468,579a580bce11bcd1d1ec3fea6911a4ad
436e9a8155321ead4ea9eedfc5fc8468,652799a7ea760b9da43546710b4a91c9
436e9a8155321ead4ea9eedfc5fc8468,83d9425780cb7121b249f5be3dd1d450
436e9a8155321ead4ea9eedfc5fc8468,a163e814e3b752fe2193a809bbd31ff0
436e9a8155321ead4ea9eedfc5fc8468,ac5baedada70df463383868d3ab9d22f
436e9a8155321ead4ea9eedfc5fc8468,d48957e2e5bbef3743f68fce2931931c
436e9a8155321ead4ea9eedfc5fc8468,fa5c020aad3a9dd727d5a75ee03e8841
437c5d1d02ecc82a8cb5ddda1b916acd,6b2204839735cb7bf1081d46e8739da7
437c5d1d02ecc82a8cb5ddda1b916acd,bbcaaa9d2e93ed884c4f6d98f5eb59b0
43ba4d06b364cbd90874ff598f3a4d67,b1664f87d4cb624e791169f7ed4cc9cc
43ba4d06b364cbd90874ff598f3a4d67,ee8e04e2a1d5a234225836bd1e5f4079
43c51c19ad5732158e23c415d051769e,844795be0a2e112193e73b5a7e1af466
43c51c19ad5732158e23c415d051769e,92122e5448c9b5359ef735609bdfc9e2
43d848f6691ae00537156060aac3dd91,bf13c9bbcda9c4c823510706115a8b52
43da1acab2993fa75d08322255b4f2e1,4c8a83ba25d4125b3d027085c71d15d3
43dc844e2bf4f4a592e2d74c17441335,b53e470154bcab64c3732470e965a76a
43dec2a44a3350cd0542abc177fd8055,d2c0947b90819eb39fbf3e2968d1e99e
43df5b63040af7b2c309e9a1cdd0087c,b3d1294c37c7ecba68e8c3597239a4f2
43f18e1813f243e051c5b8573b2c1373,7e162258cb38de94e958cce05410bbef
43f18e1813f243e051c5b8573b2c1373,8be3dbf88e9b0b17bef9349ca8326e4b
43f18e1813f243e051c5b8573b2c1373,95403e18f9e45cd56b7a4aed546f855c
43f18e1813f243e051c5b8573b2c1373,984ebdcb3f568d9389b22851aad490de
43f18e1813f243e051c5b8573b2c1373,eef7ab58691ad89d2b3d2b048f07a54b
43f89b17c66806dd7b06421c3dbe6ab6,fae53f80e315c2cf330794d1f04b00e6
440114b36e8f9cb76897f10246f8cbde,e735981d99dc64711814b7f11358db8c
44063e4150bdebaf670a3032cc2c5d34,e429d5af6f8b4153654a43d4cc21c7e6
44063e4150bdebaf670a3032cc2c5d34,f33cfdc9b5235b8d203a2e18c78a19dd
44114f9a9ec887b683c83e46129d84f7,fae4ad35181d4f3d9d6e732326641c3f
441429170878bb7bf37f93a13c1e73d4,97fa723b0187baf0faa9460e802c9a88
441429170878bb7bf37f93a13c1e73d4,af68421a0c0207c1468b8864889d4eaf
441670d9d173de5976e419888093c640,519b0aab856d7bccf88555eb680b7cc1
441670d9d173de5976e419888093c640,5e10b693ddd519a525ae4cd8708ca1db
441670d9d173de5976e419888093c640,62f2c321d66572624ee47dfb5de3d4db
441670d9d173de5976e419888093c640,ba5b6630ebf3d621bb1cbab9d5a49088
441670d9d173de5976e419888093c640,be97c3fbcbae9d4771fb148a3bb3b2d3
441670d9d173de5976e419888093c640,c76776d03545c7c17c217acbd683ae18
441670d9d173de5976e419888093c640,c7f8c98bf998d172993590869127fc4e
441670d9d173de5976e419888093c640,cb81261a476e11f5249afc71bdc870bd
441670d9d173de5976e419888093c640,eb3d0dcae584730cb5eccec1f5c00542
441ca608029be59e7433a9362725d541,627378d4a003f193d97b42c7690bb976
442a43a1ea0260f5323d0b69f450999b,74b2896364ad8d791db52e7235e41bf9
442a43a1ea0260f5323d0b69f450999b,81391e2f09e6d9eff628b680e6cf2cba
443cc5eefd2082e43497907fedc8f9a2,4598f5d12677b685075b2cadb3bc7d09
443d20445d3c600b040741de64e3ec6b,b5ad097b0b6ec5c201406c33fbf627fe
4441d22cf2974eeb293b5cab48b992da,50a4121aba3191d33fa417d9a17b9800
4441d22cf2974eeb293b5cab48b992da,79ca87e47cf8c39bdae40eec96ff0bc5
4441d22cf2974eeb293b5cab48b992da,7b756f8a893f3b85e135c8e94a41619d
4441d22cf2974eeb293b5cab48b992da,c57c9508789f5b7b467def43858971df
44490dbeca3aa368529c667a080e862f,95288efc79835ba8958c1166c290ac2a
445cffea1ccd925b862479de793bdcb1,7c3450a279ddeb48c10ca019dae8c6f7
445cffea1ccd925b862479de793bdcb1,a0a019646a53c3698b310e08af61d35e
445cffea1ccd925b862479de793bdcb1,a45d0bb0f6b8ef11a0fcf9be9e9fcbd7
445cffea1ccd925b862479de793bdcb1,e1c231516fb595fad01b118898653428
445cffea1ccd925b862479de793bdcb1,ea3d058b2ddd8345a3daaa9b1287046d
445cffea1ccd925b862479de793bdcb1,f72fdb2d54eaaa64c3aae45398cf3024
44653c4d3ca0cccb8cf2d7e8c48157d7,50744d616243e157f5ecb83e3887e819
44653c4d3ca0cccb8cf2d7e8c48157d7,fc24fdca326c0beee562f6904aeac56d
446d57fe6871c2ac1de8104dbf77072f,9352ea8e3d6b6dd9882945dfe10d4e90
446d57fe6871c2ac1de8104dbf77072f,ed4fd4b5391ccfbc985a96b9bc5c2170
446f42cf67ad096b65df63b6616ba069,77c674042ba1f8075a46d0772337a33b
446f42cf67ad096b65df63b6616ba069,bff152e2eb21b7499d2f93da066029e7
446f42cf67ad096b65df63b6616ba069,e6e26290c935d2b459b36a2b8ba564e8
44707ab0e9a0d814619f25bea379c416,6abf1e5181f7cea63f01be7d9b5650e2
44707ab0e9a0d814619f25bea379c416,e65d0f73720bca4e659e8dcff9cbbd24
44805dd3c8b165025bcc9844fddd1d83,60383a141899c84ff962ee3f3549962b
448630b115f120af3a6595692bb3c3f2,661501898e2114de3098dd4411a40d0d
448630b115f120af3a6595692bb3c3f2,9e7c020eac6293971d159d762b08e8e2
448630b115f120af3a6595692bb3c3f2,cb9022a941d398f7720ddd662811460b
448b36c283d1d9c3fd9e07f9fb5ebeeb,7352d982d66f42dfb72e359bd614ff86
449d79b77a344730961192ac096346b6,9bb1374cb416561b43e0349dd18d3509
449d79b77a344730961192ac096346b6,dd5bb6ce4c7e146c71073f84b681368c
44ab8157f639534d8e7a4291a155af03,4705dba082f62446c8bf05f797def82f
44ab8157f639534d8e7a4291a155af03,78ba978b28538788f99cbe041d6bb3d7
44be0a5311e3015355c8ab4a09e2a2ec,4721a3b9da1f47b98904755e3256dffa
44be0a5311e3015355c8ab4a09e2a2ec,53a9d52f3df637d7e56ffe2454022fe4
44be0a5311e3015355c8ab4a09e2a2ec,ba5cd35fb6d6177377bf38f9218105a5
44be0a5311e3015355c8ab4a09e2a2ec,c67ee8fde1439f842583d4e5a0361dcd
44be0a5311e3015355c8ab4a09e2a2ec,e0bc445137c4097325344a9fbf641b24
44be0a5311e3015355c8ab4a09e2a2ec,e43ffd52090d7dde20756830ae78932f
44be0a5311e3015355c8ab4a09e2a2ec,fa235eb3d19f25182b39935c1240baa8
44cb224e0990df070383a1d019f6903c,ad358f156b7745ea3a856846df061a2e
44cb224e0990df070383a1d019f6903c,d94ed59415fb7f6d27aec0f08fc64a00
44fe52956d8169204aeaaad444b12460,ebdda07553f256a75ee0eb253a19a8bd
4500d2db3204c8629eaebef9628344a3,8a024384500c20ac640f118e4810fed7
4500d2db3204c8629eaebef9628344a3,aa7cc1104e79c00090f89d2add1b76c8
4500d2db3204c8629eaebef9628344a3,b654649e59293ead74c1948366d50653
4500d2db3204c8629eaebef9628344a3,c67f4433c04f8bb14619ed583073dcc4
45026911132bd6229d33fa4563950da5,d5e06f21e92e900f8266d485f6207fbc
450d69fd4bc99e487aa109ff51a8e731,bd28c2b944cf0e2701c0a39287cde2aa
450d69fd4bc99e487aa109ff51a8e731,d248622e6258f8ad04a486b019920901
454269ccfcebb428551b62cac51cccd0,b5ad097b0b6ec5c201406c33fbf627fe
454bc667d6f197912cee99848f867ae0,daffa6893d6a05ffffa53019d5220b46
4564a4564c9a8345dd450674e4d91c05,54c6713680514582570007bc3ae73c11
4564a4564c9a8345dd450674e4d91c05,692ae9f0de5851263f5390ff1a371963
4564a4564c9a8345dd450674e4d91c05,7e280e256c28bae9a9bde07997812cd6
4564a4564c9a8345dd450674e4d91c05,86f24fd09684c0fb0323feed1cc1b600
4564a4564c9a8345dd450674e4d91c05,aec8524612a4b6ba0a13a4faf5f19507
4564a4564c9a8345dd450674e4d91c05,b298035e3b84c091154a65785f4b7ea1
4564a4564c9a8345dd450674e4d91c05,f2933e10b3594019fdadb9b46c80b371
4564a4564c9a8345dd450674e4d91c05,fa3c8ab7e0077dd9c0b644ed56c9f3c5
4568fe0bb89810f901f65100b4b7ba42,74d854e77b0ba8cdff0a2feeebe2574e
458807d4e08cd7ad3cbc17417084849a,458807d4e08cd7ad3cbc17417084849a
45888e632ecefabd5479b735f1e7fa26,516baa7a4a7946ddbc966f8fc1424fd5
458bbdeb69b4ab071321e1f6b487eb8a,5a9b15826c9b7cd648dd356caa6024f4
45929789a90d89acc74c767de4809bce,8a68f38c25793306a9c8acc32952a232
45929789a90d89acc74c767de4809bce,9d9a7ebada56fb4bc263de70786e93ef
45983498f310dbf6a5ef52663532b4dd,5b7eeb9ed00a1ba774ee00daa2d15463
4598f5d12677b685075b2cadb3bc7d09,786db100297aa15c3dc3ac125b48e92f
45a157324f618d0e38dcac753a52e1de,779dc8047dbe5209a77ea0f12011e5f9
45a2598d8234e0ac86444cd6d1a7ed90,92804a0ccf98a292b8114bcdc0e4042c
45a2598d8234e0ac86444cd6d1a7ed90,b4aaace5115ff10030196dacca018917
45ab8920bb3f85adf4717a2ebdb56ec8,9c53eaef8f7066fbb7981140f9f0c162
45ad23ca2c6422198372c21e84ed9b94,9a8ecc78e5986133c1325db0617a9cde
45b53f7a8ac6f0dd8dace6208fd180d7,695f30bbd49e3dff658bb7bfe9490f54
45b53f7a8ac6f0dd8dace6208fd180d7,eca390e5fff684d7929cfc8f7d704577
45c7fdf7ebdcfc8b91b72d4030976fb4,d072f03d3778aa59389498c934b8de05
45ed4750b826625ef1248bb619c40992,5d261694975098722069816d0f8a7bc1
45f04a3c8953c25647ec141903e0e51b,57bf302a72a56dccd77092e08dea00d3
45f04a3c8953c25647ec141903e0e51b,8341bf7bb3899561b21756d3743ed0ff
45f04a3c8953c25647ec141903e0e51b,fb97ef155bc0d5d1ca72e427d573a584
461b463324fdfdbac1c4ba2470e449b1,76122b95e27995bceedaab1ab1a63715
4623432b2df699663de3be67dbcb2e2b,74eaf09a38ff7425694441c34dc7baa5
46348179af38a76186c663f7ad6e0019,c644696716ef970d53733f603c713e11
46348179af38a76186c663f7ad6e0019,c7f9c86f92f82b202698478355b769de
4647d68b5fd8da77181d5d8e890f5898,56bcf6485cac352c657945e2e32117c1
4647d68b5fd8da77181d5d8e890f5898,62f516ac3dc5a4648f3d6f0b833929eb
4647d68b5fd8da77181d5d8e890f5898,c2e41a3c14178bf81869dbaaa49dd800
4647d68b5fd8da77181d5d8e890f5898,daec177f075eccd21a48e87eeb325ae0
4647d68b5fd8da77181d5d8e890f5898,e702f8f10bfaf76981000dded1e8578b
4654ec0d935c095948a03a6cb0b8ea62,626675a4f2679b6934880c9d8c9f32af
465b0f63f9338b37574759dbfd0e99c1,67bfe36f68573019965b1978c22e28dd
4677c3daaa4ee35ff8ddcf04de01e448,7f7366754d76157a1ac5cdd5777afdf1
4677c3daaa4ee35ff8ddcf04de01e448,d65d9693353097a7f2ef69f9d4d58f1d
4677c3daaa4ee35ff8ddcf04de01e448,d8b09f1d40b55a4bc37d7f4dccfbea4b
4683fe4f2778a3d032d4971f3919bc7d,877a3aa3de66f0a79d0a6e302dca0e5e
4683fe4f2778a3d032d4971f3919bc7d,8afe1e28a7dd08b77031e17612da86d7
4683fe4f2778a3d032d4971f3919bc7d,b90544a45383e3a8595788c8c9e6e036
469fadc28c2d8d68c068370ffff504b1,52755258ef01484b49b8e90d0c39bb0d
46a8b6dfd81a9fb5a29d061df536814d,799c32d0208ca998fe2d8f3e63855adb
46a8b6dfd81a9fb5a29d061df536814d,a51795ba616250d296a1d3cfaf181733
46a8b6dfd81a9fb5a29d061df536814d,db7af9eb15d1c40b323d8b79827d6925
46abe15c646650c29dcbe5e424bd6bfd,ff0aea113f776434785d72d5f953baf0
46b05a237006ae6a1017ca2ffa3b546c,58faa01830e262b4468b343ce9e919a9
46b05a237006ae6a1017ca2ffa3b546c,e5daeba28c608b75ebf619d672deffaf
46b62b63e4d72e5b9f4a90a04cff96f3,e028542044ca5ee5f07429a02ea209fe
46bbe3b7e2c507a895e031bc8853e4fe,66f6ebc01fc92d08a89a23bacabd51d4
46c83187131ec374fd87643f9354efbc,57a69f30d6f540636f56aec23c7f890c
46ca739e25f3f597c25215429790620c,6d5e0d5ddb4af94ef680c4333e93d165
46dceb4f3d66fe74604b14fd2721a59d,7679bb8b03d60f08be3bf3e391aa0aa4
46dceb4f3d66fe74604b14fd2721a59d,8c5bee983382072f09485c65f7a7cc1c
46dceb4f3d66fe74604b14fd2721a59d,ddb7416d3080bc32a7ff6bb4ca1796fe
46f792b2639e4c301baf5628ff1383ac,8a96273aedb4ddfd398b1f51e769ea68
46fc369f0048c951ddd23242488312df,844bb8d3dfdbd7e00292132bf641be1d
46fc369f0048c951ddd23242488312df,c82f4b568d9545d7bb3b51279572ee86
4705dba082f62446c8bf05f797def82f,78ba978b28538788f99cbe041d6bb3d7
47067ab41031a1daaf9846418cbd84b3,6e87994e6df3d57f1eaafd3d9b4fa4fa
47067ab41031a1daaf9846418cbd84b3,e4041aea71ad612597db29ec6fff956b
4706f5406b319b83150fa73879510e65,7e28aeff7d154136ae248c900d1a42ae
4706f5406b319b83150fa73879510e65,d7a5e259f20c5290ab408e9d016d457e
47092c127176c121c17b0dedc918e138,6ab5d624eef51dc2c1f4d8da9dff80a2
47092c127176c121c17b0dedc918e138,8f61417ac1bc5eef30b9124944d331b1
4709c23b055c1c22d51948057dd726e5,8bdfc98c0c84e959c2f6cea48e74ff72
4721a3b9da1f47b98904755e3256dffa,53a9d52f3df637d7e56ffe2454022fe4
4721a3b9da1f47b98904755e3256dffa,c67ee8fde1439f842583d4e5a0361dcd
4721a3b9da1f47b98904755e3256dffa,e0bc445137c4097325344a9fbf641b24
4728d086b782a23af1957feca666bd9c,d3d2ea4a14d39f919a40e82540d42d86
4730f22156ffb32c1ff6b1e8b2526f5a,c4b323b51b1f2605d90664208f70c8b0
4730f22156ffb32c1ff6b1e8b2526f5a,cda4a424bc35840856c3c33d1733229d
4731c47f9d51f2dc99b1aa15a0797f78,58d0447858eb3eebec543e80dc0325d2
473e5380060ac7cd64f79eb301ceb4fd,6848826a0f86de13450a0ce8caf8878d
474589ab6d6557383b68723e9d291ce8,73ed932e6d7910fd516cd24c548724b3
47460d51d6d1e31dd3385750981f38b7,71ccd4cd27e112333b59a4437cbce33c
47460d51d6d1e31dd3385750981f38b7,73006099b0a99eb2aa9e8f6c46be1dcd
47460d51d6d1e31dd3385750981f38b7,7852446015754e1c7677c282d20577d2
47460d51d6d1e31dd3385750981f38b7,7cfdce786453cd7935af476cf190b703
47460d51d6d1e31dd3385750981f38b7,827ce232042b96ac9e62ad3e2ff6453b
47460d51d6d1e31dd3385750981f38b7,8d6e9993574cdeddf75f36cbe7f2a69e
47460d51d6d1e31dd3385750981f38b7,9e41b035e684a3afcf789e4f16d3ff5d
47460d51d6d1e31dd3385750981f38b7,a6e647fb14d01b1c924ee4503f5af10d
47460d51d6d1e31dd3385750981f38b7,add2eb9d32cdfbba9162790643a5c455
47460d51d6d1e31dd3385750981f38b7,af54dffa8468b90ce10fea588c303b2d
47460d51d6d1e31dd3385750981f38b7,c6cf48b70770ea3f1d5bd1614cb13c63
47460d51d6d1e31dd3385750981f38b7,cd2be4151b9b8ad2e415e5465659cca1
47460d51d6d1e31dd3385750981f38b7,d8994e1cb94f0da41819c189fc5f3918
47460d51d6d1e31dd3385750981f38b7,d8a134675ed03cba6eff4453b77a1aef
47460d51d6d1e31dd3385750981f38b7,dae58ccf0fdb5feb005e91d5af157d7f
47460d51d6d1e31dd3385750981f38b7,e5ee4f4bcc280b421302f07e79241039
475c2d0d9658cbc48b7febe9fefb4a34,78283a27a28cac36b7b01a28518ff291
475c2d0d9658cbc48b7febe9fefb4a34,aadbde3efa2522d0258c803c715cc686
478b8396263c4d70ab6ddc786e88e768,e0fae8493b0ccdb52e1a9264a02b009e
478bba3627e622d2a337569297087ae8,690ac08399bd33c58bdefb0da2cc2cd1
478bba3627e622d2a337569297087ae8,ca7d9c31ea380350dfffe67f5af5d3d1
478d9aa07b70534e2924c7bb79ecbaf9,520020af6f73cd44599cbc3146ea8e38
478d9aa07b70534e2924c7bb79ecbaf9,d09fa69c6d5615c26aac2f825b8e7328
4798ec0f64fd7957c6c40082345eabbd,592b98c01ef440d9ef1bee213d42636f
4798ec0f64fd7957c6c40082345eabbd,5eeeea0412729fa989d3a4b32a1564fa
4798ec0f64fd7957c6c40082345eabbd,71ea073239258408e8b0cf6c88bd57b4
4798ec0f64fd7957c6c40082345eabbd,fe56e48d1143f9afe2334ba5c10ec147
4798ec4e8b116ef65aaa2beb7822df02,49179d9346ae1cb54541e037ff5b3969
479b5700d84232f377f725c63ae662aa,efa883c8386d91071449a0b27e447984
47a7a722eef3b56d73fdbd914e397872,4ab91e013bb8e43721661265a5f26876
47a7a722eef3b56d73fdbd914e397872,5afd4259f69879bfa45918de1c3190c4
47a7a722eef3b56d73fdbd914e397872,62a0b8da26e2853cd51601444f0e4637
47a7a722eef3b56d73fdbd914e397872,9b4d5ca000f3a586c521db84a24f23d4
47a7a722eef3b56d73fdbd914e397872,ae3230aa417a7af3e76db220d113b5f6
47a7a722eef3b56d73fdbd914e397872,c52295d0dcf07f7db5e5a3562e3d207c
47a7a722eef3b56d73fdbd914e397872,cb94770d33f15027cf579cac1ecb51ea
47ef9d061d51b5130d78c6b0bd102a31,ec08f16b1c2d769929a065110686c39d
47fa6cfc1bd3ba1410ea3fe71c1f8206,6ff14e6dc24ff3fc9706d0d9b8df98b1
47fa6cfc1bd3ba1410ea3fe71c1f8206,8eb6e1a342be9a2f07d6047fd1670f78
48090829aee2f991140a657725d0ea57,8b2b06cb06275e2552457e7427c7312e
480cebf13b30142e79fb2ee57014578a,caf1494d7c5469cc1eba882b48a4a039
4821a1879c97391e0d4f4c9bcd296fcc,546a2d013c5442e8994b96e45798cfb3
4821a1879c97391e0d4f4c9bcd296fcc,5c954163a01ba1ab8cd91a053d8c3239
4821a1879c97391e0d4f4c9bcd296fcc,8fa0b631f6c012830e1940b44d8c4a4e
4821a1879c97391e0d4f4c9bcd296fcc,de3c6a7f77318c8eebfb9a33e8b6f628
4822db5739e026cd04d8d6601722339d,8536f2d390fa4316a8c1a48c67681075
4822db5739e026cd04d8d6601722339d,ca8c2246881cac98ef5c9c73afe83457
4827d23decdd60fd88409912064bcf0e,b06fc1cde9eedc0fe86101fbb7d586d8
4827d23decdd60fd88409912064bcf0e,b133de5702dc72b4ec8754189ecce190
4827d23decdd60fd88409912064bcf0e,f8d97182c3e1f4a4f8d2e442720ac21d
4827d23decdd60fd88409912064bcf0e,fd85218cc8d7bc3d72f1408d0dda1b6a
483387c268af8ee56c65f4a007f1be5b,b7e063cf26850f9ac0b8d3dfcbbe9c5d
4834ade63558ec0617b30297dd6aebee,8aee7297b7507092fcaebb4b218eea4c
48365b46d17f09c46e09eeb5df3f7cbc,e0d337ea5f839bf2f6b467d85bd535d8
4850fd49154a18be36a4d36852f6f84d,a34b12d4ab29ccbca5aaf7b67b9ee0a9
48513402f9fb9978d415e96c8b668ce1,b7ce328c52c3a1f6036ce4f26023ed00
48642f7d38d9032e1ef1c67099729cdc,c43d6098e4e9521aa79b49fff78402fa
4867be8f278c61c4e776707bbbadb59b,9bd40c1c38a130542685cdd2f901b0ec
4870bd36620c92cc24c14aa31e6052db,655c17847d6e62f6d9baf4162a8aadfb
4870bd36620c92cc24c14aa31e6052db,9a6e18a29056381ffea10fe4f515de47
48873c48cb1029ec4a31e46207225e25,5e07766d91191c218ab9bd9f697846ad
48873c48cb1029ec4a31e46207225e25,6ae317eed2e7e71ce28eae4569a6cf6c
48873c48cb1029ec4a31e46207225e25,6df0286035aaae77202ac84fa514b224
48873c48cb1029ec4a31e46207225e25,8eb07d4a0953d94bd7bc5eb16fb6cec3
48873c48cb1029ec4a31e46207225e25,91567517fd302f0ba3147b11748e1f7d
48873c48cb1029ec4a31e46207225e25,a7853e132243e68f89f9e3f5ad1a7b98
48873c48cb1029ec4a31e46207225e25,b3e926048cd435bca6873dbf96473813
48873c48cb1029ec4a31e46207225e25,e20838a869a95a8e38684d08af9a9917
488c659d0d1cc50f240f5d4656e3556b,a833932ec4ec789d8f9793f1339ce0cc
488c659d0d1cc50f240f5d4656e3556b,e50a0fe209c20e011973f6b72c666764
4890c983265c8d47911d1e1db632f46e,8f4b46455dedfc2da089d8e98d62be76
4896af90d16e398fa5e9aa8c1818b04b,9948f914dfd21819145be0f6088c9a6d
489e2354a20b842c094020154ba79469,5bd4eb91df9d37eb25732c8bdb810590
48c61d4032b5947e708bef428ee636a1,c5f6fa83faba1274682e4147abc841cf
48c815ba11b3f2a51647d643dbeb3a8a,54194686aeb06081c56967bb06dbc2cd
48c815ba11b3f2a51647d643dbeb3a8a,5a2a9af0ba867007eeb036313e4cd2bd
48c815ba11b3f2a51647d643dbeb3a8a,5ee282624bf52741d7a502c9dbbbdf66
48c999545624be54077c17c39a52edfc,88908f86ecac5dd74a9853fe780525dc
48cafc1347b24f050804810ee3cec1eb,78e1353f17ec9d6a714394aa60ff6735
48cafc1347b24f050804810ee3cec1eb,7b9406cc24e40a8233d1672486b0b581
48cafc1347b24f050804810ee3cec1eb,7e8ef76c1368e3804a180bf9ddbc71a8
48cafc1347b24f050804810ee3cec1eb,85a8451316d527b2542d5b4784c21f73
48cafc1347b24f050804810ee3cec1eb,912356a679ba499e4a5d11eaa1849567
48cafc1347b24f050804810ee3cec1eb,92601e2d3548a477033dec636d4cd843
48cafc1347b24f050804810ee3cec1eb,a7669d6fc8f46d263cc895a3e955cfe8
48cafc1347b24f050804810ee3cec1eb,a95bf7744fe6cd8c8c1cf61da46db3c8
48cafc1347b24f050804810ee3cec1eb,bbcccdbd0ae0458cf52a8077ec2e0f42
48cafc1347b24f050804810ee3cec1eb,d4fe2c0b8d29ae7dcea508d05fcad947
48cafc1347b24f050804810ee3cec1eb,d947e045407dd3f82ef6a90b4ea053ff
48cafc1347b24f050804810ee3cec1eb,dfceed03a74e93db23209672b08ab262
48cafc1347b24f050804810ee3cec1eb,e0bc445137c4097325344a9fbf641b24
48cafc1347b24f050804810ee3cec1eb,e79f617a9123f418b3a73d51c9ae7f83
48cafc1347b24f050804810ee3cec1eb,f84fdcf165aa220c2668e7460dd9ee12
48d802f25435bae14e0540407795f528,74e07a6361c0319a0251bef9b0c1a63b
48e19a6dcbabaa0ef31e8393ef628af2,69ae859d2e541b3d8068045db3de6929
48e19a6dcbabaa0ef31e8393ef628af2,ae3230aa417a7af3e76db220d113b5f6
48e19a6dcbabaa0ef31e8393ef628af2,ed88a8abaef751e196e5d6ffff10411f
48e19a6dcbabaa0ef31e8393ef628af2,ffe535651d2f213222ed3629cd8f5e47
48e3d5a1fd4fa8055f592ab95b512ecf,aaabc6c48bc8e4e079bdc48eaa935edd
48ede01b117374d217f14cf49299192d,6a8c7bc19f636f976ac52b10107ab523
48ede01b117374d217f14cf49299192d,7c530b3e13c3abb5fac664c9ec21ca1d
48ede01b117374d217f14cf49299192d,a5371a05eac5e6d8bea61810a7e060e8
48ede01b117374d217f14cf49299192d,a741b4ff5d81ff3fb5b2668865e8f7c5
48ede01b117374d217f14cf49299192d,bbb03f034fe6a0f3d829188cc98051c0
48ede01b117374d217f14cf49299192d,e429d5af6f8b4153654a43d4cc21c7e6
48ede01b117374d217f14cf49299192d,e9526deac156f2fa53be1ec8077b6e96
48ede01b117374d217f14cf49299192d,f38136c67e1c22359fbc7fcb9f5b0603
48ede01b117374d217f14cf49299192d,fc0099a6d059f2b79269e9028a6a967d
48f2aca5a841c656da3ab35a9349a157,7c64efb78df6c3a80eed13c3d737ba3c
48f2aca5a841c656da3ab35a9349a157,b7b786331f1ea41a9357879138365276
490a7d167d0541e843682eccbc1a7cf8,de3736013ff9c23e6d77b3c2f578c305
4912a58a3dfc217ff8c5905b16b1e5e3,8771aaf9a0abd967b2635f7df8dd8dbf
4912a58a3dfc217ff8c5905b16b1e5e3,8ed1c8fb21425205a6e8518e92b2fe45
4912a58a3dfc217ff8c5905b16b1e5e3,e11a7378fa03400a6d214f18fc22fefd
49179d9346ae1cb54541e037ff5b3969,64a644ad78449bb96199c39a4e96b7f4
49179d9346ae1cb54541e037ff5b3969,7d762f4986ba0c803931c0f6d89e17e6
49179d9346ae1cb54541e037ff5b3969,afba3bddc8df1aeb5f3bd295b10ac0e4
4926e5086955f32efcd9f67f9b07a796,f1b186198d59c4a26e1f5ab48ff76ce1
492b8ff978b8c8aadfe2538e23754cc8,d539eaf4f308d62c52a7c3e1e4f3a785
4938cb7469c59eb8b3996b77b76ae82f,c06f2f248bcdb7374bf8d68484ce27fd
4945bb811e88eb7b70a3a9f13dbe2209,d74cf8c4fd171918e82d380d9a56dfef
494ac73c1f965f34fbe5201602c14866,6d01d72f9fb806ed364518b3925bc587
494ac73c1f965f34fbe5201602c14866,ebfc2ef447d515ec3e00aa5d67e4fc34
49649874d3fe5909e3d385a7ae3b87ca,81c3f508309c4d7d38a641ebbed40cd7
49649874d3fe5909e3d385a7ae3b87ca,c092ed362ba6ad8e7d5cbc0530b659cb
4978919ed819229ef80f6225bc1e366b,f29ff0d43f792160c66a2dfa7535a675
497a6e2f09bb53df7f9cb35c3078c29c,4abdc41eff78b0675d983f96773b19af
497a6e2f09bb53df7f9cb35c3078c29c,500357b3e919956036526e2690194b13
497a6e2f09bb53df7f9cb35c3078c29c,6356e505a5549030c372e0966c4ae141
497a6e2f09bb53df7f9cb35c3078c29c,99995b8d44ce7f4b5aef0225c39277ad
497a6e2f09bb53df7f9cb35c3078c29c,a3b1fa4efb2566ab4ee7c9c7a48a2605
497a6e2f09bb53df7f9cb35c3078c29c,d6f8e28a9c73bfa99d927bd33dcf95b3
497a6e2f09bb53df7f9cb35c3078c29c,e28dbac997b9be4c66fd6a6a38095e80
499ae498464e28bc2eeb1f3dad50d98f,af231f02fce3de02b0d6ef1e63db1c93
49a0d062af0f9f669c242d396a898d38,603487df18a012ecd02faf410ec9e921
49a0d062af0f9f669c242d396a898d38,d543a835c59a7226dff09b9daec63e37
49aa2a2a70eec183c504eb9810d913e8,a6202fa75844d49082bcdf9412c2816d
49adfaa820e0925a44dbc38434f400fd,b2680efed9c0659d9aaf6d754d29915e
49b023d0553ee53457c2e9be5ec5a949,78efd3a1f46e345c9bea996ab2311e11
49c76b4fc088e3941b80c568d65238b1,4ea060389df0d0cd75c3f11ab6651b21
49ccdc69cead28313dc858db7ab1127b,7ce6289325c76a31e2268384cae73d3e
49ccdc69cead28313dc858db7ab1127b,e0f5f3c58cef003ad1dcb0d2bd78013a
49d4c1806766d53532b5dbddae076c1f,ba2f68f402dc12ef6fa1cb01a661dc62
49e87c8dd8fafbe0dbe5debdfa2faf14,7e54d55139672d6ed4c9faf42a9f8516
49ed1069916c551e35343947b17dc0be,91790c85a22cbea261e0855bf5bd0beb
4a3004520b76a18226f3bd7d22960f9c,cdea686c1cacf724b8e23228790aa4fb
4a34178d6e678b5d4a027b5fab28d375,fdd01b7feb025243e49f1de25e65e066
4a3ac4483e2b15bf5497874671a5a0f0,5847d01ce461e23757b4c481986c7610
4a44b5add253344b4f084fa48519639f,59484b6da4c2f859968b5164102c98eb
4a4503f506945668848ffae2c58ec89f,66699a90a9cc90893b01c7e2157702e9
4a4e2c3f2698f077f2198a55937c3d90,6451c9eab59d1680b0de779440a00d0c
4a57f908a7304a17725c10bed38b56e7,64be616c12163440b0b15836c7ef6f58
4a6358a9e095abf0b9b8f222fd4637d3,82b1644c791a10d7f15a237e96efc05d
4a6358a9e095abf0b9b8f222fd4637d3,d7a10ee30bc2755527a354fd2dcd4a1c
4a74f96f67f6653a2e41e59497c03c39,6b735895d191d108d3a52db3bdfbea06
4a74f96f67f6653a2e41e59497c03c39,a81e226fd81222d5633bc72eb6c5fc22
4a74f96f67f6653a2e41e59497c03c39,b2b75252e1a50bf2bf2d5b2f77db098b
4a74f96f67f6653a2e41e59497c03c39,b7ddfa2a4ff23acd8383acf1d022754e
4a74f96f67f6653a2e41e59497c03c39,f982d1adff1e61f8f04c2d0d196e8633
4a76ff0b3ef61422fd3d33ffa1ed416b,9c899994ba1536a46816dd5715c69db1
4a76ff0b3ef61422fd3d33ffa1ed416b,fe08e59e3511bc183f07baf67799c645
4a7c1fe3e19e972999c4b7046896f548,6768f12554431b021f7db3122ceea09a
4a7c1fe3e19e972999c4b7046896f548,74a07aa7b04c57b6badf72480f14c3b2
4a7c1fe3e19e972999c4b7046896f548,9bbf4523ecad08d49ddd383516a94b42
4a7c1fe3e19e972999c4b7046896f548,b71721e0f5f505a49762d762e814fcf2
4a8eb1aba4bd7f65d877ebc2788442d5,4a8eb1aba4bd7f65d877ebc2788442d5
4a8eb1aba4bd7f65d877ebc2788442d5,7acc86de4ef4193cc6941395fa408711
4aa880d283de54e792a375f494efbac3,5cda7ef1f7233d2006a052af6eab75c6
4aabebae8e863630afa669765b3d317b,6e47051f5142cead8552c310e3233a11
4aabebae8e863630afa669765b3d317b,a90700b34cd3b37f8133fe3d2b8550e9
4aabebae8e863630afa669765b3d317b,c43827a1e4e0b5036ed0d7608d296b06
4ab0b48fb15f26c4d0cb91516f729b5b,50ba2c9b5afe19360838a774cd22f1b1
4ab0b48fb15f26c4d0cb91516f729b5b,b224b648ad47adce9f7087f1c2f79bc9
4ab91e013bb8e43721661265a5f26876,900c2a5c0f66b2a19fafb5fe53bfa04b
4abdc41eff78b0675d983f96773b19af,500357b3e919956036526e2690194b13
4abdc41eff78b0675d983f96773b19af,6356e505a5549030c372e0966c4ae141
4abdc41eff78b0675d983f96773b19af,99995b8d44ce7f4b5aef0225c39277ad
4abdc41eff78b0675d983f96773b19af,a3b1fa4efb2566ab4ee7c9c7a48a2605
4abdc41eff78b0675d983f96773b19af,d6f8e28a9c73bfa99d927bd33dcf95b3
4abdc41eff78b0675d983f96773b19af,e28dbac997b9be4c66fd6a6a38095e80
4abde440107d1df937e2b4ee6690b9bf,75968c1bf845c7e10bc1e9b9a10d7bcb
4abde440107d1df937e2b4ee6690b9bf,e345f7de0a861bc022233c780f67ac3a
4abde440107d1df937e2b4ee6690b9bf,e8f1ab78f0246f788ffd632044dd2263
4ac3052529ad9ccbbf3739ae3117aac3,5b2c71a59da0aa7354b3de0a43705a5f
4acd66fb20ac77b7b3199e9a4c936a1c,50109589da1ad7863e108ef3534f6dc9
4acfc336059cbe16b072c1f50e5aab72,a103ba868b42da9848c95c1f0b93ab30
4acfc336059cbe16b072c1f50e5aab72,a81e226fd81222d5633bc72eb6c5fc22
4ad01c1660a4c661d76f1c9290e13193,c37ff0c15d818119bdcaa784ec21ed63
4addf80b4d03375f7ac7aaca6124a19c,dc78ad4738200bd33ae51b7a17655d95
4afd39b0b8bb5471af723a18817e249b,d41aba1a6a04a4f2f9d46df5f9c707d7
4b06cf1480358bd7c1835f6a6ed5343d,55441f4fdf82358d95d85240a193e537
4b06cf1480358bd7c1835f6a6ed5343d,63d9ffae204bbe333df5a221799e2cc6
4b06cf1480358bd7c1835f6a6ed5343d,968bac117b81f824cfca6bb3bea37d74
4b06cf1480358bd7c1835f6a6ed5343d,ef79cafc6690601cf97469a0bbef7f27
4b0d16683d2e5fc340174c7950642e74,56fdeba66d708320d3ffd54db7e08b26
4b0d16683d2e5fc340174c7950642e74,e5527074841b1d498f14f948b3dffec7
4b0d16683d2e5fc340174c7950642e74,ee151dac760875e8a820a90c69cedfae
4b0d16683d2e5fc340174c7950642e74,f1fb7742a7eafe8073459ed92686b9c1
4b298163f4142472155d23d545cf5ded,b2bc974ef17ddff83a18bd516a393140
4b2dd428c077993ccbc715b6564a094d,ae3230aa417a7af3e76db220d113b5f6
4b53016b449522f40a0425b016b87ada,f73d27340b8034a814405597c165a735
4b6b71bf5f1e060b5954793aeb9a3712,5c469dfbc728c26fa853062ec47baea6
4b6b71bf5f1e060b5954793aeb9a3712,6f4046201af8cdc445b433477dc894ae
4b6b71bf5f1e060b5954793aeb9a3712,8dbb5408c6034c52712cd78d0e71da84
4b6b71bf5f1e060b5954793aeb9a3712,9a8d3ec11c64bd400502e5c70dda9669
4b6b71bf5f1e060b5954793aeb9a3712,a55c4e08640b0b024f4faf5db6180772
4b6b71bf5f1e060b5954793aeb9a3712,a7f00119e662bce8b1567e76bd5203d5
4b6b71bf5f1e060b5954793aeb9a3712,b761baa9125211e788bef2bba644dc6a
4b8becc1b232153420929e3e38a7c2c3,fc53f94bcdd8b30b16f711d6335d6861
4b91540d0446736583a73489cf144990,6e852ee4dfd4c4046f17e851a94eb17a
4b91540d0446736583a73489cf144990,9f35d3943d1515e97d6a7edda2f98f65
4b99e2d2bb14810a5e40362fba106d46,f381eb2a040ed42f720bd9a3df2a5191
4bc16d233782b9653f50ee4419dde3d8,5dd56ea25902fdec54f1dfd28914f072
4bc16d233782b9653f50ee4419dde3d8,6bfe99c3e40cba6a01ca90ff24a38e3c
4bc16d233782b9653f50ee4419dde3d8,7db14dc3058cc6ca81295011b4745b92
4bc16d233782b9653f50ee4419dde3d8,89f40506bdbb16ebd103b12766758db7
4bc16d233782b9653f50ee4419dde3d8,9618897eccacf463c5528d3d095ce177
4bc16d233782b9653f50ee4419dde3d8,aa7d4045e8d65f2e3db4551ee75de2c4
4bc16d233782b9653f50ee4419dde3d8,c06f3f926cc18b45ba350495c59c0093
4bc16d233782b9653f50ee4419dde3d8,c23d5f76ef396a0f520ca6c677dccc1f
4bc16d233782b9653f50ee4419dde3d8,cdf07468d9c693794f1da0b9ba549c15
4bc16d233782b9653f50ee4419dde3d8,cfe1ac5b7858b370c320c67133b10c14
4bc16d233782b9653f50ee4419dde3d8,d44df7668f75c8f084cdada0a7a1aae0
4bc86374c729a04998dbe46a760ac6b1,5c2a61da7e44cfc71df358cf0c8af663
4bc8a2737b806847242b2ed36d9b7ea7,ffdc623fb2fd16e36d26c739a68fedb1
4bca80be85449b4de75dba0a14afc20a,5bd11da68810cebf1c5db26fd3e7c378
4bca80be85449b4de75dba0a14afc20a,da472509d52bb963eaa14e655c889603
4bca80be85449b4de75dba0a14afc20a,ea8b366777e16ee32ba92077ec150b23
4bcb7d82f5e7e34e2f4ef09d9b3dfb1c,6c5c0ffd9de0c310c657a7c704463000
4bcb7d82f5e7e34e2f4ef09d9b3dfb1c,86ae1707b7701aec2ed778ae6a97085f
4bd6382b1eb74af5b5b5307a5e823062,7b77eefda0feb53c488f474fbf70c3e6
4bd6382b1eb74af5b5b5307a5e823062,daffa6893d6a05ffffa53019d5220b46
4bd8dd4c095f10b0dd61c2eefefc1f1a,97aabd26cd3956b8d1adf97d370b5903
4bd8dd4c095f10b0dd61c2eefefc1f1a,af3b88ef54b71ed1f2df90ade71ecac4
4be9eee7c6cccb30535f51c61c8b1525,9f96ab0a30df047773427e78504c0c95
4bf827c2f282ab9d991bcfcd24d487e7,ae00b7f0325699ff4933c7b7280b1051
4bf827c2f282ab9d991bcfcd24d487e7,b7f8f8aedf9c9319b754309a05f33b88
4c041d940cf27b08bcc62fb89011670d,e228cd5155f2eaf1a084c611ef5d3ce7
4c20fe37756b6d48f2c14b4e73c7ffef,8c5930a13d69513d3d28d202189d8a5f
4c2a894e5bb1904607f0e23246110093,514bf91316ce3a445b1a354d9d3e8b5e
4c41dd8e5c465c716e240e4e4214a85e,ac27718bc307dd06bcdc0f7f28fe942f
4c431b2c4c1dcdcb3042121cfc2d02c3,c586d54c39f15afc192e4c3588ada2c5
4c4f80b0f195eadb0207b11d51f62091,c867a83011f384bcf7aa8608e26b4c4f
4c5b5b4e25f5bbb8ab3065c7bd3b0026,75650ae38edf6e5c0bb268415d244e92
4c5b5b4e25f5bbb8ab3065c7bd3b0026,b8fca73f474adfa7492c2a0dc3395f71
4c618d19c45c2969e9ea4933e5022005,6665f3f01f5edba334dc7cbdc6bef2ee
4c618d19c45c2969e9ea4933e5022005,7198a1fb4cae2d686712cf1f477735c7
4c618d19c45c2969e9ea4933e5022005,94db46c05c66619dde2db6072ee33677
4c618d19c45c2969e9ea4933e5022005,a1aec7d396971270ba267a0081129643
4c7de97f0915743f1c9b29a331ac3ad2,b00a0cd63434f21bb7d953bfdf1a4e58
4c7de97f0915743f1c9b29a331ac3ad2,ef9e0c5631efc4a67957064b59941f36
4c885389b2709be4d5eb2269e8bd59a5,ac886ddb6190158f2fcd373b3d9ea83e
4c8a83ba25d4125b3d027085c71d15d3,78cb06a1676a5edd9bfb516d20590e78
4c8a83ba25d4125b3d027085c71d15d3,e0a7ae87e313b02ab17b78aff4f9f7b4
4c8d837812703619f607271bd2ff81dc,a103ba868b42da9848c95c1f0b93ab30
4c8d837812703619f607271bd2ff81dc,c07d948bed611f6144628d5913f8f908
4c8d837812703619f607271bd2ff81dc,c80ed6e4aa1f251f35952653b7c9ca8e
4c8e90509ff5320336fde5c7ccf32da2,7f822de0449bd3eff60cc80e7e8cba2d
4c93f56c2c7a313e0326aed9cb9a5217,f4754c85b0bf4a83a8ee9829b04ae90b
4cba05c77c4899bb0f5a2d40b709c183,a4e6bccbe1e8ec3e4d9a17cc690dc5c3
4cba05c77c4899bb0f5a2d40b709c183,cabb82530457fa4340e3f5886da5ab81
4cba05c77c4899bb0f5a2d40b709c183,ddb14232c61544c9923728d7de8d11fc
4cc2705b2d8c0bb1b8ea8b16914af0e5,4eb1093f198538e6873157611a4eec15
4cc2705b2d8c0bb1b8ea8b16914af0e5,b02ca5e2a41fffccf13ac1e57e0217ca
4cd3ad42cdf4ad220c108821651ecdc9,8367f00a522578a7111beb0c6e9538c4
4ce7a752a813c03cb1cf759acfa5b075,7cc38cc52986017227ecef0a73194558
4ce7a752a813c03cb1cf759acfa5b075,931fc8352c9041b205270a087ba486c8
4ce7a752a813c03cb1cf759acfa5b075,bf9d11833da053a5759560e3ebcce830
4ce7a752a813c03cb1cf759acfa5b075,e2235f123e9d134e064707e85848f013
4ce9f7069a2bddc59aa01791f2a7a9e2,5f43ed0f702118f87e290d135d79f2e5
4ce9f7069a2bddc59aa01791f2a7a9e2,f9e984f7434b99dfcc29e684703cce49
4d0536c1fbf81559256dec6d96efe9b9,f7738d04ed15f28d0cb5f615612f3865
4d08c3bb65b8abb012c9a49a9db2cbd6,714e018bf2621a7e9aea3100205853f3
4d0a82745513332a68a5713ef76faa7e,6664a2e3b1b7db80933258270636a025
4d0bcead819a7dca524ea70632d3f4d9,e804a5419ea889c67511f3f2fcc7f6e5
4d1edd65e52a086d1c21a9ed335670f5,877ff1d3b5b9ad81999f77130e7a8b64
4d216ec8b08828ce44d12c6c19d51e38,f1abe20b5f6bf0c4c794b2ff9e548ddf
4d28949bb383db5cafa2052804918112,5efa65c0f58b5e132730ac26d2aefb36
4d312565034072f9ff148d54106c7806,b37aa4bc0d0e3edddf23b3b1517e8098
4d34c51a2d1f1723d422936d7355cb6e,b8c08bc49f73dac4dedb816366557d93
4d3b1e88799ec79aeb475a22a2502aef,6fed26fcb4cfaca552a41b2eaa2c7466
4d4ec4853a7b8e00f05c7058e9ca4c9c,62bbc0ae3f9958121854619320f14c6f
4d4ec4853a7b8e00f05c7058e9ca4c9c,9281aeb0059292328f7828bfc453a3c0
4d4ec4853a7b8e00f05c7058e9ca4c9c,e96b2f936a3a8374c4603bf51007cdeb
4d94ca209911785c183307c372b6949b,934311660ebdc19760b800c044a9297b
4d9f595c505a0c3ebb4f89e41722428b,58c734e41803e638218aeb9a322d3073
4d9f595c505a0c3ebb4f89e41722428b,ba568219a3c3c6b6dde0513b113f6154
4d9f595c505a0c3ebb4f89e41722428b,c5dff5750b32738480c11c03f93d67e2
4d9f595c505a0c3ebb4f89e41722428b,f426bc0d6c6df6fc306a1afd12806757
4daac5f6b4021f469b53107b3bc04cb5,994db3ca823877ae81dbabdddc7d05dc
4dcc95757531865a212b2a89e5c4e63a,5193b66cd44b68ff573f221273abda35
4dcc95757531865a212b2a89e5c4e63a,611709544ee25f4802028abf1d6ae903
4dcc95757531865a212b2a89e5c4e63a,71052a743f4392606268f1b0f97ec161
4dcc95757531865a212b2a89e5c4e63a,afd7a6f7e472a06d53797178481495d8
4dcc95757531865a212b2a89e5c4e63a,c74880cfaf12a79aab642e9194fcea6e
4dcc95757531865a212b2a89e5c4e63a,d94ed59415fb7f6d27aec0f08fc64a00
4dcc95757531865a212b2a89e5c4e63a,e54d9f788be3537ca85695d44b13e8ac
4dd1204cbd52dfb40b0f2e418d0593f4,a8fcdd71cc5534266b2452573f003def
4dd158cdc27f9dec1efb25146b675793,81b96d99447b4925a6329a539123aad3
4ddc6d271a9670dac20ac91c075f0537,6a45b8c78da3254e325c1f2aafb52ba1
4ddc6d271a9670dac20ac91c075f0537,6b41ae306cd72288919afcc850f5fc78
4ddc6d271a9670dac20ac91c075f0537,a829e8b48aa1a25922e65543220695d9
4e03821f2fba19b3d46e58c38c3492c8,e3506d567849d8d64b8cc3f02b60472a
4e03821f2fba19b3d46e58c38c3492c8,e4af4147433615bf8a69f6ef17c2d415
4e03821f2fba19b3d46e58c38c3492c8,fed5ecd7da7b8694ba5bdf5846057f36
4e03d04eb332e59681e2df0a5851fae9,50a99e637d2d0376029687cdac9de12d
4e03d04eb332e59681e2df0a5851fae9,5b9e556d324065d0209ae31f6c773dcb
4e03d04eb332e59681e2df0a5851fae9,9591c1cf45cb82c31df43b101317dc69
4e03d04eb332e59681e2df0a5851fae9,c957bda0530390bf3570a37d4cd83d27
4e03d04eb332e59681e2df0a5851fae9,cae7fa18e6aa67706d467fe72539b253
4e083fb00fbf0f6cf55d4daef2934fdc,4e083fb00fbf0f6cf55d4daef2934fdc
4e0ae32b54afbf1fd2718afda9a25178,5c01befe3a779e98cd582457119b12dd
4e0ae32b54afbf1fd2718afda9a25178,6b41ae306cd72288919afcc850f5fc78
4e0ae32b54afbf1fd2718afda9a25178,8a5b6113f6bc63c89a2369ae912efa20
4e0ddd255e3aea8bfe08079200fbab3a,bc7da13756993ba4ac01eb09c0dc7e02
4e13094f96c97d9235d4345075abd4f4,6a62937fe9d99e40958ee074b3361b84
4e1d2ea2a48d00f35f3dfe28c0a3fedb,51f013952c02968af50394514bde90da
4e1d2ea2a48d00f35f3dfe28c0a3fedb,607e7f15d15dedbf7e231835286d5df0
4e1f8cd41ccd92a3cb72ad60940842ec,511932b699b61e58e1c4fbd6c1437f44
4e1f8cd41ccd92a3cb72ad60940842ec,b471cf4402f5f3b650d71ee1338edead
4e25a5014b4179b90637b04f9902ac31,6326351c2faefbf3895126069a8130cf
4e25a5014b4179b90637b04f9902ac31,b10e31a5723840ed8b75a8cd0fae682c
4e25a5014b4179b90637b04f9902ac31,b1686544dccebfb75846317e63cdabc8
4e25a5014b4179b90637b04f9902ac31,d6106c1ab720e9d333d591c19d863bd4
4e25a5014b4179b90637b04f9902ac31,dd8e185515c310737b7e1f66521ca253
4e25a5014b4179b90637b04f9902ac31,f7005edb014ecf40183e2d25db48f457
4e300156f426565abdedf889f96f2166,f4754c85b0bf4a83a8ee9829b04ae90b
4e37bc9d1d2b2f8ca4dcf552c3fab1a5,5a350c2213fdbce2beb8be6c350d5633
4e37bc9d1d2b2f8ca4dcf552c3fab1a5,d83e1b3b099898a6416e420fc29e9319
4e4ee4bce4377f63a375a29cbc3bf887,664c689e288086d19a17b39caf7e2393
4e4ee4bce4377f63a375a29cbc3bf887,7c926f1048ffe4c4ecaec3380d4b860c
4e4ee4bce4377f63a375a29cbc3bf887,94171d1df85f5aa8f642e73e845ceb28
4e4ee4bce4377f63a375a29cbc3bf887,a5f14368b8713c3c300cb59a0610e7d8
4e4ee4bce4377f63a375a29cbc3bf887,c1e92aaddf9cd0e83cf7634ff962b6a9
4e53665c827df92f4bbb364ea5711123,7b8fb4a27d5982a896aebd149c95b6f5
4e556912d978744472823f6239d08639,51282e74d6171fef4eaf505b4c2819e1
4e556912d978744472823f6239d08639,605c78069f7db8126571b96d98d05a2b
4e556912d978744472823f6239d08639,6b6c43cc9c47dc8fe372bd05e5252da0
4e556912d978744472823f6239d08639,a04f4a09bc2b544ded1c72448acab83d
4e556912d978744472823f6239d08639,ac30501be6d236a299f34f3cf954b7f6
4e556912d978744472823f6239d08639,b28ecd267a8b6f7bac5bc4959c66be49
4e556912d978744472823f6239d08639,ca4d41b8d403af7db6136532ab8c32bf
4e5bc798202bf88024d5a8524e186c81,5a159732558be3eded28b1aae70058a6
4e5bc798202bf88024d5a8524e186c81,6c427e2dbb0f25967c6f1cd47b0b07f3
4e66b93c4d90a3001e7a4ad978baa860,6c8c2f7ed9283d859cc37da1410b2f60
4e66b93c4d90a3001e7a4ad978baa860,e74ae8ab7ed6219ead7ffbdf12cd7f95
4e66b93c4d90a3001e7a4ad978baa860,eeaa5aa3550d60ab50add10930bd4e5b
4e6c251780998b48df576df0e5102276,6bca326b68daf68a2f150920b39d03c5
4e6e94310b8b5ee07c7ed976a4220e2c,537f84c92c84f27450bc8fa1f8d67034
4e6e94310b8b5ee07c7ed976a4220e2c,5ae5a280f7743e77b5c6fca35f50ee80
4e6e94310b8b5ee07c7ed976a4220e2c,5fc8a7e61c1d6463fa342f25bf7706b9
4e6e94310b8b5ee07c7ed976a4220e2c,64cac86245e9e532fa0212080c31d693
4e6e94310b8b5ee07c7ed976a4220e2c,75c8d68e13c4591905d34b822c85d743
4e6e94310b8b5ee07c7ed976a4220e2c,82494615163bf2f25446be77dc319420
4e6e94310b8b5ee07c7ed976a4220e2c,9295b4212327ff6097a50e28972ec9db
4e6e94310b8b5ee07c7ed976a4220e2c,a6d6875c2500a67b579c9609611de769
4e6e94310b8b5ee07c7ed976a4220e2c,b93ff050bc8cc544f875174d6c64d51a
4e6e94310b8b5ee07c7ed976a4220e2c,d8bd409a61eed0290d225be07489b42c
4e6e94310b8b5ee07c7ed976a4220e2c,ec2b16be29a1fce84d9787a5dff47794
4e6e94310b8b5ee07c7ed976a4220e2c,ee2401fb49c256d8f92e50dbf3a4d160
4e91bd59b72d021b08f7f67079da1398,cc0a2854cefa88734bae9b197006e182
4e9c33a42bf2db6cc0aff402f7ef7bab,818b58ada12fd1296d243b17891ad4a6
4e9ea303859b764d3f8fcddd87689543,737016be884cc0f14aeaecd08b440551
4ea060389df0d0cd75c3f11ab6651b21,a5fd8e44adc5dad15ac2974ca246d076
4ea35d956560bca9bfc58d86c68dc91e,64110d5a12f3d052332de664c0c7e72a
4ea35d956560bca9bfc58d86c68dc91e,6cc004d9bd057af613600f014272a5c4
4ea35d956560bca9bfc58d86c68dc91e,7c530b3e13c3abb5fac664c9ec21ca1d
4ea35d956560bca9bfc58d86c68dc91e,d5a2b771e9accc54452cddc2320cb8b5
4eb1093f198538e6873157611a4eec15,b02ca5e2a41fffccf13ac1e57e0217ca
4edfa81586dd02ee0e982728ddc17ec1,8b0a5933d2175a9b0248981edfe6dab5
4ee475ede42cee02c3c5075d2e6340ac,74dfec7ffb0beae07af947004b7fcb26
4ee475ede42cee02c3c5075d2e6340ac,8dd2b3d03c91e7c0193e6994b542603c
4ee475ede42cee02c3c5075d2e6340ac,904f412d655ed3b90fa3b9f7a18a57a1
4ee475ede42cee02c3c5075d2e6340ac,a924ec5b595491c306cfef0495d06f16
4eebfc802908c24b159cfcf410eec4eb,89bdb09d5599019339288b01a0272a19
4f0bec83afb14c60aeff7e5a262a1b91,d039f768dd43b73a571268ab9d49f649
4f313dca244c63ae98ad9adb008fd81a,8c9ae9173042c30680e96e78177682ba
4f41093676d87a30f6e7e09d1dad9831,f302bbf0bf52ae9d6a9ab02c30b8b83a
4f425997646472d4c51d001ae7e84283,65e9094bd94a539c94c5183f7e1ebceb
4f427e5e2af9196679fd0f6a801357d6,6b51c0605403675e95931de8e3e2282e
4f4eeac791e7724584ca95931e1ae54f,e9136314cae5c479f7b038fabe9f64dc
4f51618daf9679f85b029dc3f8c26e4c,550239efd6079199c8404f5dcdb8c724
4f51618daf9679f85b029dc3f8c26e4c,dec66205497760f896cb9edb679f488d
4f5552017cd3a54de01ac5bfea155a1f,b3961a36c0ebff2a6d6cc66c2c46afdf
4f55fec884ef9f49cd0cccde24377761,bf82170b297690212297379ad8f05376
4f55fec884ef9f49cd0cccde24377761,de146c59c93b90c7f199805daccef839
4f76e0db88deb47605a65280cfc5c569,77d7329ed5147d01195129a4d907cc62
4f76e0db88deb47605a65280cfc5c569,90f89bb967b0fec49e4f87f2048da886
4f899f562c55fb766e0d0b5de8fef923,895254321d0003186b35e6d95362fd38
4f899f562c55fb766e0d0b5de8fef923,ab9b5d46d3779163b2a5d54f5a8f489e
4f89acfa9ecfb1c0f752ba83397d307a,56030728dbbeb8518bcaf693264d4422
4f8e66ecb7362d712b1c8013a477c2e1,8623c241b97bb6118cd5b35edec6f326
4f8f9564ad0d8aff81c214d17389a118,a6c1ec9eb9ec3bad42db83206b7b2d83
4fa8ea3258014eeed2e8f39854a077c5,866cc13cdbeb94378a5087bde3a439db
4fa8ea3258014eeed2e8f39854a077c5,94256bcee58851bb13723cb0366708a8
4fa8ea3258014eeed2e8f39854a077c5,c381525f583f18be07510aa70dd14a43
4fa8ea3258014eeed2e8f39854a077c5,c4ce02691b4ec7022e6e41a6aa59efde
4fa8ea3258014eeed2e8f39854a077c5,dfe2765af8b28f171d8a1d9d3cf221d2
4fa8ea3258014eeed2e8f39854a077c5,f1c37528f255c8537731521bbb16b87f
4fd90080d8e3fc5b71f0ca16af67f669,aa61d43be378b7c8bd7fa0561653380f
4fe51bb4d4f84a7750ad1ff53177ba9f,6871a4e65489e07d55772dd24cc41a64
4ff4bb0a725d33c73bdfe1a1a58440ed,5c829140c22702caa850766d9bb81997
4ff6683967b272b79965981315d31cfe,7fbfdd63e08dec218cc2226195919196
4ff6683967b272b79965981315d31cfe,b7dab1119a91eaacda5c343f0bc93273
500357b3e919956036526e2690194b13,6356e505a5549030c372e0966c4ae141
500357b3e919956036526e2690194b13,99995b8d44ce7f4b5aef0225c39277ad
500357b3e919956036526e2690194b13,a3b1fa4efb2566ab4ee7c9c7a48a2605
500357b3e919956036526e2690194b13,d6f8e28a9c73bfa99d927bd33dcf95b3
500357b3e919956036526e2690194b13,e28dbac997b9be4c66fd6a6a38095e80
503888257468810ee6f5411aa8eacdef,8367f00a522578a7111beb0c6e9538c4
504cc5207d0fded89819455248ff92f0,bb7b63854248fce948c515b147c5961f
504e481682107fb13361cb852abf65ad,54c0f85adffb868fa3a963bf3c2f4fd5
504e481682107fb13361cb852abf65ad,57c182f6eeb99b80cb98f6176e997ae7
504e481682107fb13361cb852abf65ad,de0eef553f65a6299ffd935329f9a573
505fb9fa5dee7cf7ab7b10ef661c73c9,54f6536133fed638bc0a15e3537853ca
506033aa068bb9162b367d07c7da5455,bd6e6c665d6c25ff7e19bd48db7ceeb2
50701dcf1ac8c45f953f08af5db5ba42,8f1c66c7bc2e7240e76f6a4160686bd0
50744d616243e157f5ecb83e3887e819,fc24fdca326c0beee562f6904aeac56d
5086cf66570af0e972b21b4e56eba75d,f1f29d58edc2e133fae008705b447681
5099ff443e1949920e0df7f13869be34,d67e209f857dd20d1932f06ee7c047c8
50a74ea7893fc4de8de3f9c5fdc9ad71,66b77d9115f7443de897ab23e91592f8
50a74ea7893fc4de8de3f9c5fdc9ad71,b75b298fd62afd5ef0af43c3af1d4321
50a8943ee3284ce3b0f7ae5705e9685b,a24f96647eaa8bb138784e70b0edd4cb
50a99e637d2d0376029687cdac9de12d,cae7fa18e6aa67706d467fe72539b253
50abfa302e57a49179dfef70e94eb2f3,5115ebcee145799818126decbf32f577
50ad010a6aa9e9da0da1c098fa44d653,f05ddca65db78d1880e16a770fdf959d
50c67e85d9557fdaaa69612ab98bf769,daffa6893d6a05ffffa53019d5220b46
50c8c20ea4a5b96db9dc08bc37039ce6,5cb30b4074aef1fdca5fb8f020035a9e
50c8c20ea4a5b96db9dc08bc37039ce6,8d62e55d1bbf8e6b1205e3903b3dda50
50c8c20ea4a5b96db9dc08bc37039ce6,8fbd3bfcc63961434db53ee3f4b14d39
50c8c20ea4a5b96db9dc08bc37039ce6,e54d9f788be3537ca85695d44b13e8ac
50c94be65ee4730b622512de2b9d08a4,57e8653d37933f4de67cd8e460674701
50dac50770b98af4ed11ec90a5accc10,c48df99c18fc422b32706976490b4a38
50dac50770b98af4ed11ec90a5accc10,fb8cf5fa63631e51d8fad9af43d3552d
50e935f2d1f6db431a59bdb5714729ce,8c0ced532655da21e1774a223583590c
50e935f2d1f6db431a59bdb5714729ce,b13c63fda02de2f386e73fb71ae60e25
50e935f2d1f6db431a59bdb5714729ce,cacb460213bf7934aed2e64f79e10d55
50e935f2d1f6db431a59bdb5714729ce,db833052d47ab303dee1be3b58b498c8
50effd668b361eaf026e669a7dfe6d13,6b41ae306cd72288919afcc850f5fc78
50effd668b361eaf026e669a7dfe6d13,acd41a14043477e17fd60d2e0771845a
50effd668b361eaf026e669a7dfe6d13,bbb03f034fe6a0f3d829188cc98051c0
50effd668b361eaf026e669a7dfe6d13,bc66beb31b66294b9c3e337a7e091bc4
50effd668b361eaf026e669a7dfe6d13,bec905a68bd661e23d9f8e50562ff627
510a41b424e7815ece805fdc70f863dc,fa8dda159605d0c1eb6f0755c84d9065
511932b699b61e58e1c4fbd6c1437f44,b471cf4402f5f3b650d71ee1338edead
512243026c89515929bb4970f2cdff80,538c74eed3de7e67eff2b5dd4190e4ce
512243026c89515929bb4970f2cdff80,94cdf72e1d6e13398b43ccc08170a966
51282e74d6171fef4eaf505b4c2819e1,605c78069f7db8126571b96d98d05a2b
51282e74d6171fef4eaf505b4c2819e1,6b6c43cc9c47dc8fe372bd05e5252da0
51282e74d6171fef4eaf505b4c2819e1,a04f4a09bc2b544ded1c72448acab83d
51282e74d6171fef4eaf505b4c2819e1,ac30501be6d236a299f34f3cf954b7f6
51282e74d6171fef4eaf505b4c2819e1,b28ecd267a8b6f7bac5bc4959c66be49
51282e74d6171fef4eaf505b4c2819e1,ca4d41b8d403af7db6136532ab8c32bf
51282e74d6171fef4eaf505b4c2819e1,e9ac334c6703864c1b910215877cdea8
512f40f6d0c7da1087035e4757affe41,512f40f6d0c7da1087035e4757affe41
512f40f6d0c7da1087035e4757affe41,615a5edbeeb47b556261af7bce72cbc2
512f40f6d0c7da1087035e4757affe41,b12d1e8ebbecb654477d41ed517689bf
512f40f6d0c7da1087035e4757affe41,cdb38486a7da3bf823fbc824ec0273c3
513b0d8488c385cd6c5d48deb04b5726,e79b1c64e371de3fb0c60399e066ff32
513bbf55fb41260b330d4c84e0d1fd8d,abb849ab076d28a1d751641a7f57797b
515180ead550683dda7c53863bf3f43c,9e0574b64f60d8f1600c5af749592769
515526d2ad2efcbd38d78df8e768007d,6712be4582572d316e34c3189850972c
516a66e60a04e1bc87c752d43aa62b34,c2e4878956c29c140652b818bd69403e
517188bb1dd4aa040fff79450afff1fb,85c8f63b0805e1aa05f5baf6f971b0f6
517188bb1dd4aa040fff79450afff1fb,c77f0243c095bed7bada85058778e38b
51865383cb7cdcd4a4533021f1d544f8,896edfc7f6cda1e1946b214c11dc120e
51946fe7935701150b3ec6bc7cd93803,d36d64f8d55e97a42a89f47b13647d47
519a9a465c7da19668b11e2a11171fd6,773302925975f7aff35a56c0823d0f2f
519b0aab856d7bccf88555eb680b7cc1,5e10b693ddd519a525ae4cd8708ca1db
519b0aab856d7bccf88555eb680b7cc1,62f2c321d66572624ee47dfb5de3d4db
519b0aab856d7bccf88555eb680b7cc1,ba5b6630ebf3d621bb1cbab9d5a49088
519b0aab856d7bccf88555eb680b7cc1,be97c3fbcbae9d4771fb148a3bb3b2d3
519b0aab856d7bccf88555eb680b7cc1,c76776d03545c7c17c217acbd683ae18
519b0aab856d7bccf88555eb680b7cc1,c7f8c98bf998d172993590869127fc4e
519b0aab856d7bccf88555eb680b7cc1,cb81261a476e11f5249afc71bdc870bd
519b0aab856d7bccf88555eb680b7cc1,eb3d0dcae584730cb5eccec1f5c00542
51a0248e1f34021a1ef4efd4d74a598c,c637f4a0fc82b793324b60f9fcf3d4e7
51a73ef0916db953ac39faee4ca856db,6bab80552dbbcc1d4e296726a8cea35e
51c0f7f201e161c0a4e3c658c8474620,89565551d855cba30bd548b01507ef74
51c0f7f201e161c0a4e3c658c8474620,e889263f5dc4663a5a01e13873411402
51c0f7f201e161c0a4e3c658c8474620,fdef680b1bf7bd33ce1a1860ad62d7d3
51d7480c39cc330d0beda58b5dc078c6,f8e51279cbea2c1f3d4e23874dd3285f
51f013952c02968af50394514bde90da,607e7f15d15dedbf7e231835286d5df0
51f149321aa59f465a91a088ea22be25,6848826a0f86de13450a0ce8caf8878d
51f149321aa59f465a91a088ea22be25,b096405376b84c6ad0968f0a3472e518
51f1f72ee3b555b7b8cbe7ecb0a78269,6a01b1eb40244a7b594579f9b75adc4d
520020af6f73cd44599cbc3146ea8e38,5571023fedf0091ecab9fea7c0275a5d
520020af6f73cd44599cbc3146ea8e38,5ff4b713bd9bfa220ebc9013152287c6
520020af6f73cd44599cbc3146ea8e38,6877c399e63dac241e880a6ffad2ca3d
520020af6f73cd44599cbc3146ea8e38,704a17ad5a940c5a86ecb202e612dd12
520020af6f73cd44599cbc3146ea8e38,76dbe028e7ff780cf7c44cdd35391805
520020af6f73cd44599cbc3146ea8e38,95ff32769e3b6643e3398395c8626037
520020af6f73cd44599cbc3146ea8e38,a9af2700ef761e22e334b9c172cedee5
520020af6f73cd44599cbc3146ea8e38,c6d609e5755122be73006e3d1b12befa
520020af6f73cd44599cbc3146ea8e38,c6ec25b24256f6e1f902a29416ab964e
520020af6f73cd44599cbc3146ea8e38,d09fa69c6d5615c26aac2f825b8e7328
520020af6f73cd44599cbc3146ea8e38,f1c0e8776928a9cf507eea55f424076d
520020af6f73cd44599cbc3146ea8e38,fefa98da8db666ce806d4af04be8e6fa
5208acdf8f6dd072e854e7e8e0541b42,9e3958b0575537f6529414db474bd8d9
520c356cdd2b467573ee9890f906da3e,c760bdf159a341cde16c01da03bf9946
5219df0881e664b675f67baddcc18397,6521e896a54d9ccdd3d3e63636f786a2
5219df0881e664b675f67baddcc18397,654b128b41238fdab12f596d3d3919b4
5219df0881e664b675f67baddcc18397,686ff61c48a67d7c7ba2334575ab2234
5219df0881e664b675f67baddcc18397,e858c1f793b70dced2e9dfb871a5bb77
521b7253390f646357b3b9be9360773e,6a7f5cfd3a7e1c9765fd32a6b3ca7681
522edefce5beb511eab9b36e16a4cd20,a510396852afd39aac33f61129b9236b
522edefce5beb511eab9b36e16a4cd20,be39e0b5502018790f28f4d01b5f2d8f
52302bd39f31af0ea8968dfa992e780a,ea2af5aa57138325cbdc7d582c812152
5240f0ecc4c380e071fe87fb62f5b232,a524479bc30273f9157edd3988a5a8d7
5245532e97a483c0b0295d453147dd48,8e402037bae5976b80809bf5d9682b40
5245532e97a483c0b0295d453147dd48,907054fa4eeb07edf3ac8f9cd84dcf52
52571407ccd22e8fdb2e6678269d7029,f0d17dd166223af3754e90af07924101
5265b1926c963f3ce6e0d453e1c53c28,e9fcc0083760042f3b8e863f527f4f07
527c153638f281ede532896cfa264106,e115bc70ebb7c5ebcd6ff4726ba24cee
5282835a12dfc9eace316970ece33e77,b95f79d70bfc9fd65786eb211d358c5e
5287e5dbf9f22414a4123f6f7f27f4b8,b7936e7c3343c41972d7d1a808d2a902
528ba1151133d8f78c29d4b676fdfc8b,ceceb99e84f5ba9f108af23e4fd2eb54
5296176a20ea81673cbc47dcc7d1584c,5f86fa4f01bd8685683e58dd86cc8f8f
5299fb25f23be65df84752229a100af3,6e7c0b9338e02e8d5c08c787fde91d34
5299fb25f23be65df84752229a100af3,89d89960ecccc6e605f07d2461689e87
5299fb25f23be65df84752229a100af3,de1d32db5aaf424ac65ac0ea5cc20400
52b21db374a0799542e05eac9a18fac6,818f48302f6295f36c946be5e3a5145c
52b21db374a0799542e05eac9a18fac6,e5439f53f8cd2b8950ebd6b79b7630fc
52b54a8dda3ffed8a9188eb842b0f26b,da3300aa0f439fb5e2f9e9f1ea5a54ca
52baa78cb4dcdd4f5da5558e15071164,732086653f776c9992a99cb87038458d
52baa78cb4dcdd4f5da5558e15071164,a9a35427136fc66844e613f6578d75cd
52baa78cb4dcdd4f5da5558e15071164,af42bed76f614419d588eb3c65769f97
52baf86110e269be1457f58d03fd7bbf,6f21a52706d2170fb21ad0f07b8d667f
52c4145281d64ac744727795a55dc54b,91d1782a00f3d48f903a575628a26805
52c4145281d64ac744727795a55dc54b,d569c3755af328c7ec85ded60d46275a
52c951323a12aca8b16bd789e986798f,98ac904abcce1f4a9786e8a263d0ace8
52cf7ad53f583f421f572b4a5732998f,d0079cf12bf44e45645d95e6d91170ca
52d46386570b187be771192b2fde06d0,633b51cdd247fabc9e15ffdad8b7beaa
52db13845c439e4308f4d06cabd38413,59d1eafaa2e931333edc3633a71068fb
52db13845c439e4308f4d06cabd38413,feec86d9323af0674a4e3df60ff22bf7
52e341dcb6183004645b71a4f9753bd7,9bbc67768d2de88978a8577e97d4061c
52e591088d3cd85d05f1d38075fd2339,9a4c23b2f2d1773c3761adc7da037667
52e591088d3cd85d05f1d38075fd2339,e923b6f177ef8df7626d8edfc3c19be1
52f10ee31f819154a31c7288c37220f1,723782dd6ec8aa6cb69b41b9deb00868
52f10ee31f819154a31c7288c37220f1,c05e1ed0acd7a80391969764dd43e66b
52f70cceb5d850ce01d77f62cad9e3f1,fe7196684b3eb2eb98e8b262e0752807
530ee4b812e69781e4bcfed392195f19,6677481748a8ccf7868f41ef2694586c
530ee4b812e69781e4bcfed392195f19,920bf7278fae992f3494a8e781a718d8
53325cf0015d039e95ee5417ae63e639,97c67c209af8caf2373e946d641eeff0
5343655bbc6aacaa67620e6ca73a52f3,7ff7164567fd160d068d4307d4138c82
534f517cd66ae19c1c1d431f52826253,783001f47fac0b50136f2a12c7568379
534f517cd66ae19c1c1d431f52826253,a233f96d49eea9a90bb67831ef826fef
535a70aa098661f295e80a95c4dfbd07,a4976aa2368323a1e0b93f987d074f76
535a70aa098661f295e80a95c4dfbd07,e4d7e231d0af5097c65eb255f50b6786
53668784014611d9976c92ad5d6a4830,58cc4384e99a47db07cadc2c9051513e
53767cb5c88efa2f8e02cfb52a28058d,bdf2b42baeea4c2eaa6f74dc9af1a786
537c2f3da5fce5ad4c8e92a619a234cb,6677481748a8ccf7868f41ef2694586c
537c2f3da5fce5ad4c8e92a619a234cb,920bf7278fae992f3494a8e781a718d8
537c2f3da5fce5ad4c8e92a619a234cb,b8a5bdc378d2f25d90c42df932bd600a
537f84c92c84f27450bc8fa1f8d67034,5ae5a280f7743e77b5c6fca35f50ee80
537f84c92c84f27450bc8fa1f8d67034,5fc8a7e61c1d6463fa342f25bf7706b9
537f84c92c84f27450bc8fa1f8d67034,64cac86245e9e532fa0212080c31d693
537f84c92c84f27450bc8fa1f8d67034,9295b4212327ff6097a50e28972ec9db
537f84c92c84f27450bc8fa1f8d67034,d8bd409a61eed0290d225be07489b42c
537f84c92c84f27450bc8fa1f8d67034,ec2b16be29a1fce84d9787a5dff47794
538c74eed3de7e67eff2b5dd4190e4ce,94cdf72e1d6e13398b43ccc08170a966
5399a5fe49f5a9e11381f4508489a07b,5b2d8c04c3f0674012c3286f07686f11
53a4cb154ba271a1311c97195b5d99ec,e8954967ade60aea3ba408af9f85ad6e
53a8584059a8f673b698c7e011ab11bf,657350452dc32573ff4528b174561822
53a9d52f3df637d7e56ffe2454022fe4,79275ffa38ed0720abf909530752afd0
53a9d52f3df637d7e56ffe2454022fe4,850f62beaf67818389de892eb0c4c4a8
53a9d52f3df637d7e56ffe2454022fe4,912356a679ba499e4a5d11eaa1849567
53a9d52f3df637d7e56ffe2454022fe4,a95bf7744fe6cd8c8c1cf61da46db3c8
53a9d52f3df637d7e56ffe2454022fe4,c67ee8fde1439f842583d4e5a0361dcd
53a9d52f3df637d7e56ffe2454022fe4,d838203a9aa3ec7d77132d3bdbc0805c
53a9d52f3df637d7e56ffe2454022fe4,dfceed03a74e93db23209672b08ab262
53a9d52f3df637d7e56ffe2454022fe4,e0bc445137c4097325344a9fbf641b24
53a9d52f3df637d7e56ffe2454022fe4,fb3d4d6a1a3ddde48b4b933327eac52e
53af43b3b8bba54c2c1ec346941a1226,e699a9a32a7064375825b7e9e91c76b2
53b94eb44b02e24deb7d84a156ee9df3,b3566f93e81af3e67d22b6c172c4313e
53caddfaba6fcef484275ddfd4aee266,9f10a67a19bc74a140525652d0efedb5
53caddfaba6fcef484275ddfd4aee266,eba804dbc3813a9fe6c0488de00b4d8e
53d1d11294b26e49d735e27ea12ec90b,856fa7934b2b9f6968893003ca7a688b
53d3094af9a8f3004d80ec05b21e32d6,b096405376b84c6ad0968f0a3472e518
53d3094af9a8f3004d80ec05b21e32d6,e0d99544566b56a49cc74ffc6abc5e8a
53d6b84f96962c7aaec497993419ef90,8ffca15cef0e61e285735e7cf1e49b6b
53db524990260f35d481dd07783735fa,e754d29b2dbd6a74a7a696ec8298153d
53eaaa6e5048918ba6a2beb5d16f0af5,70379bf57d7eb4ad7a9d7c5cfad5244d
53eaaa6e5048918ba6a2beb5d16f0af5,a074673b02953b09c357cc5914bfb151
53eaaa6e5048918ba6a2beb5d16f0af5,a29f8ec621122bf5beab36a13a8e9626
53eaaa6e5048918ba6a2beb5d16f0af5,a82b84c238f1a479678e1bd644e2dd9a
53eaaa6e5048918ba6a2beb5d16f0af5,c0dcd81f36e89fab09890ac5ce60fe10
53eaaa6e5048918ba6a2beb5d16f0af5,c58ccb658c4519f493938cfff5ab721f
53eaaa6e5048918ba6a2beb5d16f0af5,ca122a196e7915c33b0d647a70f3b534
53eaaa6e5048918ba6a2beb5d16f0af5,e9497c13fa24ade6845f9f2af96c493d
54055f2ef65e62a19ec93a94cf05fcf5,b35b1fcf705cb73f924940a7f1278ba3
54055f2ef65e62a19ec93a94cf05fcf5,ef18a181da7b70f4e19255dcb86d63b1
5408cb8514b85920b44db0999f1b9ad6,a8606646d690c7d4be710cee875b24cd
5408cb8514b85920b44db0999f1b9ad6,e3a6beaac46b007f92126609d340fd2e
5408cb8514b85920b44db0999f1b9ad6,f84b0d71a4c5ae1244a556beb46d3f2f
540c38609729b099e8a532a341e132d2,a43694fa7db34fee7589c6702d787410
5412ed8d0075d3b3e943ffd40005fe5c,80da6078e42b19ae26a227bdd381bc84
5412ed8d0075d3b3e943ffd40005fe5c,9d56ab4172c82b077fd198859a28c067
54335d6203285796b3b6cf6dfc02db89,95c22985bd66f5996a1ca74d4b2096b1
5446234bdc5eb3e565d5429b62187f2e,711307c78015c16ebc52cb2659601498
5446234bdc5eb3e565d5429b62187f2e,7a79dbb9b47c832a08d3eae2eae7569a
5446234bdc5eb3e565d5429b62187f2e,c35488c2af86442edda26e746e87c008
5446234bdc5eb3e565d5429b62187f2e,ccd76075d310c92dc52a8b1882b38a6f
545491ea04d47dca59b5f40367d66627,589cd986754991ffd667dfd4d2650d85
545491ea04d47dca59b5f40367d66627,5a7b57b5469c5da321ace8a7621a673d
545491ea04d47dca59b5f40367d66627,6b2204839735cb7bf1081d46e8739da7
545491ea04d47dca59b5f40367d66627,a81e226fd81222d5633bc72eb6c5fc22
545491ea04d47dca59b5f40367d66627,bbcaaa9d2e93ed884c4f6d98f5eb59b0
545491ea04d47dca59b5f40367d66627,dc191bbec37fc53a5a0fec0e7edd4eba
545f88de1fcf3d85a487514d58b33798,eabd8046517b16d24b49d0a3499c6f25
546a2d013c5442e8994b96e45798cfb3,5c954163a01ba1ab8cd91a053d8c3239
546a2d013c5442e8994b96e45798cfb3,8fa0b631f6c012830e1940b44d8c4a4e
546a2d013c5442e8994b96e45798cfb3,de3c6a7f77318c8eebfb9a33e8b6f628
546adee5d66619b5e13ddeb9620d1ec0,dd8f4cd8729be2b998186bd8e715a8ca
546b4254868bdec37fc980ecad2a0a18,f212316d264cc94afcb024aa0f5e2dad
5482fcf1c2a5afa49f67f2ea50cb1193,e1ec29abffa3cf03c11a81168a7a1274
5490cd001dfef1185a1e206d9cadcc86,ccef77a9ada5ff4b6074aefa2cef6575
549739ddf37c9c4bf43c0ff911f75cd9,62eba28c75e2218585cb43cdaa77b09d
54a76fc0f4f30db2b03277b867621bf1,fa802a66f8b10e0bd8ea3edf3d853dad
54ab9d3bbcc72f9bd4dceeb900647ed6,b224b648ad47adce9f7087f1c2f79bc9
54ad37dd28addb0070a10e9a9ddc0cf4,5af8c44dc390ce357523b0be074a9b8a
54ad37dd28addb0070a10e9a9ddc0cf4,7cc96e4aec0b1074374d5902b1c396df
54c0f85adffb868fa3a963bf3c2f4fd5,9c8423f8ff2666896e04757b6b0e0746
54c6713680514582570007bc3ae73c11,692ae9f0de5851263f5390ff1a371963
54c6713680514582570007bc3ae73c11,7e280e256c28bae9a9bde07997812cd6
54c6713680514582570007bc3ae73c11,86403cc36244ba5c2aef22684e9b1d04
54c6713680514582570007bc3ae73c11,86f24fd09684c0fb0323feed1cc1b600
54c6713680514582570007bc3ae73c11,aec8524612a4b6ba0a13a4faf5f19507
54c6713680514582570007bc3ae73c11,fa3c8ab7e0077dd9c0b644ed56c9f3c5
54c780125e95b8fca27efa61c769c012,ebed222fce814d4927efba768e4e1418
54d87fc2802578bb7be9b27e4113f81d,ebd9c08056e0c8f383dc13e86f19e369
54dac1b81b4c44e794490c75634f156d,837e9f66dc414df6b616a79de61a0b59
54dac1b81b4c44e794490c75634f156d,c1eefd06d1abd25a909d61d8b2c82018
54e35cb673134abb1a63adc720730d15,98590034bff43f3ab47b18a0e3679e33
54f882fef39e7fda682adef01aa66787,7d925451d4c43f5be99808d5dc588a7e
54f882fef39e7fda682adef01aa66787,c1d64f0550331a75f225738d27fe6d6c
55019d559db13e6561d0f907fc5650d7,59ae608cab1e67ca2136e0eb6df60a07
55019d559db13e6561d0f907fc5650d7,6e1c24eb887a494c1173abac5c0e6faf
55019d559db13e6561d0f907fc5650d7,d4be5c7e46fc15161bde8af350a4397f
550239efd6079199c8404f5dcdb8c724,afeb944593329f72592034a38087b202
550239efd6079199c8404f5dcdb8c724,dec66205497760f896cb9edb679f488d
551701467cc50614ff72e6abf32e3d72,89b318dfd7167d1d8aee8a49597b9a0c
551701467cc50614ff72e6abf32e3d72,effd03cb26aa9b3c3a93255c02342afa
5518bd7b8aefacef4cb5f430e3b17798,c48df99c18fc422b32706976490b4a38
552d4c4faec04cc5b67882f461a4d51b,786260f5d2f8580598d983c80f0ec6d4
552d814403cdf35addf316d5cf82d34a,667c8ff96fb7b9c7581fcd35491228f6
552d814403cdf35addf316d5cf82d34a,8a9e1ddd7f481627385bf97a201479d7
552d814403cdf35addf316d5cf82d34a,a7853e132243e68f89f9e3f5ad1a7b98
552d814403cdf35addf316d5cf82d34a,be91b1f915b4d7ced914e29a7f20ae22
552d814403cdf35addf316d5cf82d34a,f9a3009b8f3fe034e0c3b11f045b5b98
5532315d174957c4d766c153f97659c0,68d1c354891b27779ea8bc210c1969a8
55441f4fdf82358d95d85240a193e537,63d9ffae204bbe333df5a221799e2cc6
55441f4fdf82358d95d85240a193e537,ef79cafc6690601cf97469a0bbef7f27
5550ad990f0615a0e2a4736a3669eadf,c5504c22cc1c51866d9379955f2714be
5569388fb4295a8333c8891e78bd3060,c4e331f2fdb3cd6aa8f82c70b0beb00a
5571023fedf0091ecab9fea7c0275a5d,6d03abfd93cfba76141861d654e1a94d
5571023fedf0091ecab9fea7c0275a5d,8e7b5480156d5b27f3f962cf7231f1e3
5571023fedf0091ecab9fea7c0275a5d,9b401b716387fb6b8d9bf46c2882e696
5571023fedf0091ecab9fea7c0275a5d,a87850097693c4f5048a6e5bdc1e2b31
5571023fedf0091ecab9fea7c0275a5d,a9af2700ef761e22e334b9c172cedee5
5571023fedf0091ecab9fea7c0275a5d,a9dc942a9fcb1b2215cd6b339c76848d
5571023fedf0091ecab9fea7c0275a5d,c6ec25b24256f6e1f902a29416ab964e
5571023fedf0091ecab9fea7c0275a5d,d09fa69c6d5615c26aac2f825b8e7328
5571023fedf0091ecab9fea7c0275a5d,e8d14b09b08840dcdfaf1d3983d6df51
5571023fedf0091ecab9fea7c0275a5d,f0a7454555d52a667c6df22dc8a28bcc
5571023fedf0091ecab9fea7c0275a5d,f1c0e8776928a9cf507eea55f424076d
5571023fedf0091ecab9fea7c0275a5d,fb5643b20582ba68d8da8a8dca24c4fa
5571023fedf0091ecab9fea7c0275a5d,fefa98da8db666ce806d4af04be8e6fa
558887fd83b54651a704f6f9f1cfc84f,f7565c64441deea608bd801f9f9815f0
558c7d80a4748c5c247e805626d54b03,6672ff6fc840d3dbef0947c374bf7460
5591ebd3d4e8f3e278558ee033ac74e8,8eb0b4430ecf4404792693c839fda19d
55af0f33e6d7dc3a9b46848a7159ebbd,c5dbec057f8f2235deb2d02499acdb43
55d04d5dc3da30dde5468c299d4a0b48,bc8ecbff20897f58422ebc5ef0d5799e
55d90a3706ce22e21a9d34d21bf0de18,c8b12c73c977595b227d2fa0188521ba
55d90a3706ce22e21a9d34d21bf0de18,e06a29400a2db094bd2d84be15580d86
55d90a3706ce22e21a9d34d21bf0de18,ea56ba008209154893e9b145074b6da0
55e0119b5382f4a61ce4b364862a0a41,bc7da13756993ba4ac01eb09c0dc7e02
55e341e98efc097d60f0a7a821bbd3af,cf705f5678a46c612b5808e5b02507c6
55fc8e3b9d0cd8769cb5fbd7172fd1d7,7cab75a45fbd37fe5dabff7bbc5aaa55
56014da055e3dcb886b61c4f76d62c2d,752424bf44aa868c6589e37cf2ed1e3a
56014da055e3dcb886b61c4f76d62c2d,75aae03d09a921ba157006dd0b16310e
56014da055e3dcb886b61c4f76d62c2d,820ebb65bb87c50488f322a22f547b8a
56014da055e3dcb886b61c4f76d62c2d,84c45a71b83b550acc444f41bedc62d3
56014da055e3dcb886b61c4f76d62c2d,aaae7a7f70066143d50e9c6a4a4a9cfd
56014da055e3dcb886b61c4f76d62c2d,ad999ee7df648e78a172cd108c9b6b8b
56014da055e3dcb886b61c4f76d62c2d,deced0987baaf024bf721895125c72c2
56014da055e3dcb886b61c4f76d62c2d,f62a7583d3feddd4a43e616f74cf29c5
56014da055e3dcb886b61c4f76d62c2d,fe0bac08f92aef9b78691fc7780dbedd
560ad78cf21b5acda97bae701bcdd384,877ff1d3b5b9ad81999f77130e7a8b64
560c08b305da886c11d1e5d3d9880b7d,6079f3cccd43400977dcb85e1cbe5b77
560c08b305da886c11d1e5d3d9880b7d,7f5f04b941cdb1027e4aa38354af0311
560c08b305da886c11d1e5d3d9880b7d,8b49516de2dabf5d47e6433c95821c3e
560c08b305da886c11d1e5d3d9880b7d,980c35da95e84668d8fc5594bed10306
560c08b305da886c11d1e5d3d9880b7d,b59438032b3575852431520b323cfd22
560c08b305da886c11d1e5d3d9880b7d,f32651105c9bfb2580594981576891e0
560c08b305da886c11d1e5d3d9880b7d,fab3e8b068451de4f9a0f34e4d978210
561cb62b0c2c538806a46b6fe1fbfd53,8d748a87e22b709a2b7f189a4630a3a7
561cb62b0c2c538806a46b6fe1fbfd53,e8064cb969c5b5383317e59cc57fb6a8
5626c5aad0a09f5e22b529b15a1806aa,b63ccaefc8a51c769ecde2bc5f3e5de8
563af7c03815f581e65f49abfde99ea8,6664c21f4b36d7b06aa58f4c87bd0419
563af7c03815f581e65f49abfde99ea8,76e231f950588128cc2ba3123459d1df
563af7c03815f581e65f49abfde99ea8,78488a8979e8bc301fc04e7ddd341b12
563af7c03815f581e65f49abfde99ea8,e2b4effc1257acf0b713c4a66df8c2b3
563af7c03815f581e65f49abfde99ea8,ee9ec69594d4b8be625e70e84c8981fd
563af7c03815f581e65f49abfde99ea8,f8da5aed9cd452f260eb4201da3d4e73
565372561567d73ce90b70ac91f1b3c0,87cc0c8ec6896e79343c115fd584d429
565372561567d73ce90b70ac91f1b3c0,a5f2a2567a350dca1ff4ab5d9c2414c0
565372561567d73ce90b70ac91f1b3c0,cd16b502ff8f817867abb7159822feed
5670b6cf747a72c189998a08530d76dc,902a35829ee3f701ba306a518d4cd0bc
5671e1979e62ab847e4ada6899c60153,b193f1dca282317eaa5abcad713afe90
56bcf6485cac352c657945e2e32117c1,62f516ac3dc5a4648f3d6f0b833929eb
56bcf6485cac352c657945e2e32117c1,c2e41a3c14178bf81869dbaaa49dd800
56bcf6485cac352c657945e2e32117c1,daec177f075eccd21a48e87eeb325ae0
56c8162495bd8df0b72e4adf4c8288a2,7c9795f96e4745302042fa2971e6c745
56c8162495bd8df0b72e4adf4c8288a2,d1cd5a89e6af815edbd2b1c3acec6491
56c8162495bd8df0b72e4adf4c8288a2,ebfb63beebfe52279ac94abb427050cc
56d2e05bcbe129763019f79881ad2478,6ad8d754a32f5ad8fc13451c5c683aaa
56f127b8061d75dbf28a4a1af787bf7f,ab702e7e0b62f5516bd2a6de6ad928fd
56fdeba66d708320d3ffd54db7e08b26,e5527074841b1d498f14f948b3dffec7
56fdeba66d708320d3ffd54db7e08b26,ee151dac760875e8a820a90c69cedfae
5720b6e39fea1f783f9be7a5105d80d7,9ae89785dbc5af7fa6977fdb5d86c6f4
5720b6e39fea1f783f9be7a5105d80d7,c8c87bd8808b29b1f02c1b80702facf3
5720b6e39fea1f783f9be7a5105d80d7,ee330415b10b76ad5fc46ab08e9032cf
573b5e180b170c93233fb330edf6caf1,e14556235dfad5570e44bb1db0b7d956
57421f7d09c9bbe1c5ea617148969b55,81c0101a35b73b95203022f24f24c4e1
57487105410f3683d8326c396418f991,891fb442c8e8876e4ec3b7ba52964a24
57487105410f3683d8326c396418f991,c7d597a76aaec5786f39c9c330fd75f2
57487105410f3683d8326c396418f991,cf2b3be2acc2bc2bf15a5730adf154bb
5750f2f0e27d4e5599463c793afaa849,89fa885ef810b86770b6a8b0a53e199f
5750f2f0e27d4e5599463c793afaa849,a2ac9c5027279789afcc1cca2e83e29b
576447901e66a22f6455ecfd372aa94f,b1f65a3f1a0e505f51cde80ab28bde5c
576447901e66a22f6455ecfd372aa94f,c784df54f8b88c212d43631dd0fc7b21
576447901e66a22f6455ecfd372aa94f,cec21d70207cd70445c6ef0e62f8d27a
5765c6b6e77b14474a79d4c07d806ba0,6b8f0e379a57872c348b253221de54be
5765c6b6e77b14474a79d4c07d806ba0,afad97e691ced4bfab2183b11fd5b506
57664b91d7837158f44aaea6036874f1,7c530b3e13c3abb5fac664c9ec21ca1d
577052b67ca635a5d7ed6ea0d6b09b7b,f8d542d2b3b7be77ba993e5b07ca3a05
577b2c46e9c6eb7474a11230726c915a,82beabf07742e892c8bdc2e6e4f1adf8
577ca2557102a54b3c3676878ca166c9,7aaf626bd71f4016eab49a709acf7f80
577ca2557102a54b3c3676878ca166c9,e82adbf4b8d15737b822bd8603143f54
577ca2557102a54b3c3676878ca166c9,fb5a8793926011249e897ddfaee648a7
578c893b521bb72c4dfd6d68c16a5557,e2e1957601d92fed90777adc63bf9452
578dcf2d6e2c39182a5110e1d706a318,e8e948a15c10e908faf34b98e260a40f
5797e66f3980ac5b917074c4a90fa1b8,8fda3f94c9911123d3c480508616f91d
579a580bce11bcd1d1ec3fea6911a4ad,652799a7ea760b9da43546710b4a91c9
579a580bce11bcd1d1ec3fea6911a4ad,6848826a0f86de13450a0ce8caf8878d
579a580bce11bcd1d1ec3fea6911a4ad,83d9425780cb7121b249f5be3dd1d450
579a580bce11bcd1d1ec3fea6911a4ad,a163e814e3b752fe2193a809bbd31ff0
579a580bce11bcd1d1ec3fea6911a4ad,ac5baedada70df463383868d3ab9d22f
579a580bce11bcd1d1ec3fea6911a4ad,b096405376b84c6ad0968f0a3472e518
579a580bce11bcd1d1ec3fea6911a4ad,d48957e2e5bbef3743f68fce2931931c
579a580bce11bcd1d1ec3fea6911a4ad,fa5c020aad3a9dd727d5a75ee03e8841
579a922fc64c8325a51caa1c340c40f1,f6de1e5be5626e879b26411894b9cbf7
57a2cc9e0b26f857ae21ba297dc3ca4c,fa70ce95d008ab944a42dbd99149c72f
57af15381ef27c41c58afa8e1ffa2d4a,6cf645d6787bf9b6e600145a798cb5b6
57bc18f1b429f690648663e5b35d9a80,97d76de5a2d0f35835a3bfb4e71e53d3
57bc18f1b429f690648663e5b35d9a80,ff465f595801cf0e9e6153d535599412
57bf302a72a56dccd77092e08dea00d3,853fd58735cd066cab5ff523d1e2a06c
57c182f6eeb99b80cb98f6176e997ae7,581aae1671523d7c9258beac3b1331dc
57db92f1b857d8677be7222ef01672fc,75258d485f50fa0515111b55be9d632f
57db92f1b857d8677be7222ef01672fc,9876f0f04c02a4a793357228545febf6
57e5a02df57303485d2f5b206d9214c0,c04d47b403644e817de9920784a46812
57e8653d37933f4de67cd8e460674701,a3ec8db8cc321bae76c725af6e78354a
57eb197fdac6d457cf3e66c1a8429f05,660160d7692d277987721e8863ece4e8
57eb197fdac6d457cf3e66c1a8429f05,82bebdb97ecc630266f41481833ca793
57eb197fdac6d457cf3e66c1a8429f05,8ff6fb2aa420f892c0c187a875252661
57f60d34b8c3594824dbdba9409088fe,82ccc000741ea53905781f67ab4a3f17
57fd5360134efee1e9fcb4cf38c8fbcb,c07d948bed611f6144628d5913f8f908
5803c0d098364d3fbe642345f4f1772f,5cf202f14c62dddded520454bf9753e3
5803c0d098364d3fbe642345f4f1772f,bde6f770ab03d9a378e53c3a65162090
5812203a716f9ed31ea4d4e90d29e787,72741d902298defddfe418c40b6ebd1c
5812203a716f9ed31ea4d4e90d29e787,94880d83d86cfce757188d62fec0c982
5812203a716f9ed31ea4d4e90d29e787,9c2470997d4205cde25a0f392d8bf289
5812203a716f9ed31ea4d4e90d29e787,e943f3603e74322b7a6535d099325b35
581a2f200d1094403f0f3b64591f1ecc,8daa4cad47fee5a34b73685a01329c40
584f4a21d010a42ea18120c90b891505,7eded270999ffeace686c5c876943bac
584f4a21d010a42ea18120c90b891505,7ee700518db64f7ccc88e5bc40bfbc2a
584f4a21d010a42ea18120c90b891505,8660ecc56e17baf0a75f65d8bc10f43a
584f4a21d010a42ea18120c90b891505,ecd0701f2bfcb15c2119eac5f478e8b2
584f4a21d010a42ea18120c90b891505,f72aff0cda1d153926bb1b0d8492b7d8
5858df996561eba94af34482808c8aab,69f7cd2ac1a91f19c0a660bb486ee86b
5858df996561eba94af34482808c8aab,8521a9e3597313e95ee42b88f9ea6bfb
5858df996561eba94af34482808c8aab,9b49c9052ac5a26468967291dea8f9b3
5862b39c871876f729d08e0ecd866475,fa098024490f58aa9efd7118bb6ef908
58726ea0de270e9cbc3bc1c75ea1f162,a244f0a72fdd6fdb4ff62ccf8c777b79
5874d68d1f5e5db9cb582bb4a7c0b73c,8d52051dac839a53359326d3d9ca3db1
587ed52f3f5afceeeb9edf4373c1e29c,6226adde30188251e5c15c6044b83384
588946cfadeedee80e3d041f0f4a9a11,af8c843006a941c4e919ab02931966de
58975a48b850b70096ce337a3ad47bd1,f0176b843e32004e871f51f640bd04e4
5898eb36788578dab3217be49d66d83f,710778e3f280ed8e0835bb47132e228b
589cd986754991ffd667dfd4d2650d85,5a7b57b5469c5da321ace8a7621a673d
589cd986754991ffd667dfd4d2650d85,5fd8694e77fef859533eb2ec59f209c8
589cd986754991ffd667dfd4d2650d85,6b2204839735cb7bf1081d46e8739da7
589cd986754991ffd667dfd4d2650d85,a42b5986ef7e1112d007e16f9ed93295
589cd986754991ffd667dfd4d2650d85,a81e226fd81222d5633bc72eb6c5fc22
589cd986754991ffd667dfd4d2650d85,bda1af29723f36cd6472fd02e27858aa
589cd986754991ffd667dfd4d2650d85,dc191bbec37fc53a5a0fec0e7edd4eba
58b54102714cc05a407dbc2836624461,67a9fa2c5dd55cf9cc54c551a1bdd837
58c734e41803e638218aeb9a322d3073,89bdb09d5599019339288b01a0272a19
58c734e41803e638218aeb9a322d3073,baed6ecbf410e0733d971dd391506679
58c734e41803e638218aeb9a322d3073,d19fddd6a19ded449605c8a3c83bc37c
58db1ca65102891550a9de1e4bfbd7e9,f4e3d1467abbc5320de55e5c36f21b46
58ea34f715dbaec12775f5933ce51e99,7ceab1d8c5c9e94e482b6719f82fc092
58ea34f715dbaec12775f5933ce51e99,a0aaf9c0f0db6f4ec50ebc21f29f4031
58faa01830e262b4468b343ce9e919a9,e5daeba28c608b75ebf619d672deffaf
58fef81fa5e52f999bf28d8fd29f7079,9d1dbebd9928f36b8dd76d1390555951
591460a1d4b3f9044059caaf0fcabe23,72e3555793616286f65b27a6d92dabe4
5915a5d8bae2aef88b74d52a5ee6654d,d863942171867fda00e1f9cc87088273
591874f6bdf60469c09aae1d63e96abe,e2619ecda78c451c565654482e271ce8
5925b254367bdb62af31ac9a9fb62675,dd9f5522ac2d0eb6971062c501bb1540
592b98c01ef440d9ef1bee213d42636f,5eeeea0412729fa989d3a4b32a1564fa
592b98c01ef440d9ef1bee213d42636f,fe56e48d1143f9afe2334ba5c10ec147
5943d7f2a2349561b8db2034f4ee171e,9c145bff9bd46ca668407b9645d71efd
5943d7f2a2349561b8db2034f4ee171e,ccf410503278d14b128d9646c995f6eb
5943d7f2a2349561b8db2034f4ee171e,dc31fa90806b252c34eea3bf0f2d6f0a
5943d7f2a2349561b8db2034f4ee171e,e0d99544566b56a49cc74ffc6abc5e8a
59485580efc0f528daaff00b95970c33,a912b50298580e88abda56999c54f9bf
59485580efc0f528daaff00b95970c33,afbd380da5e88c1c70964bb2764c930a
59485580efc0f528daaff00b95970c33,dc6c1bdb6de35d310eed4e79dfab7ea6
59485580efc0f528daaff00b95970c33,f559ddd9259b3e250f046d45173cb60f
59485580efc0f528daaff00b95970c33,fb47311c6a0c2bb9462c81e0e5a0baf0
594d5836e3f2275fd2521b0ac90e9ace,8b7b2b83ec72a1bd2c6af9da34598a03
594d5836e3f2275fd2521b0ac90e9ace,aacea3f8a494a322426182a998321352
59507ef9793b7d6bd8f47ac73630005b,e6415800563475383ac2c3cd34de34ba
59507ef9793b7d6bd8f47ac73630005b,ea90bdd64def585161f2d588074906e4
595127f1e4d972e102f051d8652122c0,750bdbd5d9bf252e15066387d389a439
59552c82441ed11d93a7de880234cbd7,9eb690850e2cd7b97de21331ff0be95e
59552c82441ed11d93a7de880234cbd7,c01d0733296945417a4bea3a20297221
595d5582d53b14edc6383ebc6027b919,d1d13364695e88194b78930d170adfa6
595d5582d53b14edc6383ebc6027b919,e8b0a64968564fa65412caf0fbc4c508
5962f82dd890b298421fd40f90aea857,745feabf5bebb5bc7b4d47019649f206
5962f82dd890b298421fd40f90aea857,81210d60db135d208df7d314f3edb52f
5962f82dd890b298421fd40f90aea857,c470b1cb3ea4c591c46c541a86a6176d
596dfed243df88e9f80b272f4d55374f,8686a5982f4587589564cf71e284a51f
5999e91d4ab648466d30d3506e59d5d1,6a924dca7ac6ff763635c0e8a8cd9e87
599bd287301db3bdfdf72dc121f275ed,b78f93ab835fce99990bc7da7a8ac81f
59a487417544132e9c36725e2012239a,cf3a1db66112a9b249d01718f843cdc1
59aa351598679a44020c0b88ea5ce12a,59e40bc8c41de1fbd0678fb0bab83c6a
59aa351598679a44020c0b88ea5ce12a,67126b78c48426c1a5060acd8f9217b8
59aa351598679a44020c0b88ea5ce12a,75f13ebee96ab8962c7410a911bc46a1
59aa351598679a44020c0b88ea5ce12a,8af37f5618fb1fd7da834d4cedbca6ff
59aa351598679a44020c0b88ea5ce12a,bc29617aac27456f2b1879d346ec6fe6
59aa351598679a44020c0b88ea5ce12a,da3d9717247fdfd57f6431db8cef985d
59ae608cab1e67ca2136e0eb6df60a07,6e1c24eb887a494c1173abac5c0e6faf
59ae608cab1e67ca2136e0eb6df60a07,d4be5c7e46fc15161bde8af350a4397f
59b261e4c3edf17a3c33d4e783b59046,b6bb9cb36453dcf46bbb24f4d32cfcf0
59bbbcebb287a2f1be07e8c6a690989b,dc2040f51e4de2314bb5af560c2a3091
59ca6cc4a0c742f1a056d81cec508294,abe04133de45a759bbe9cff1fcfcfc3f
59d1eafaa2e931333edc3633a71068fb,feec86d9323af0674a4e3df60ff22bf7
59e40bc8c41de1fbd0678fb0bab83c6a,75f13ebee96ab8962c7410a911bc46a1
59e40bc8c41de1fbd0678fb0bab83c6a,8af37f5618fb1fd7da834d4cedbca6ff
59e40bc8c41de1fbd0678fb0bab83c6a,bc29617aac27456f2b1879d346ec6fe6
59e40bc8c41de1fbd0678fb0bab83c6a,da3d9717247fdfd57f6431db8cef985d
5a0539f6284f1da9fcca1cbc8bd6a7d1,84291ba2051658a4d2a122d1480cda3a
5a18a40d3fbffe090d12abd76f7eba37,b8f047932da5d6c177d0f31de5d74f1f
5a18a40d3fbffe090d12abd76f7eba37,f556a25ccf447a533c52b2d9896a7c6b
5a2a9af0ba867007eeb036313e4cd2bd,5ee282624bf52741d7a502c9dbbbdf66
5a2a9af0ba867007eeb036313e4cd2bd,8ce9f71a4f493829da5e5c003b477e49
5a3205f7ce9ed5fd2a6880a998fd0142,827a46cc7f02df6ff43489b56ac4417b
5a3205f7ce9ed5fd2a6880a998fd0142,9d42c7f5c0507fee205f69c3664fb23d
5a327ef593be809c6be558a04d825ef0,bdbff3f0c2dcd315bb995d95c1c18d10
5a327ef593be809c6be558a04d825ef0,d0a39c2e060ffecf5f0784693025bc94
5a407485a5d34311e731ee4a3ff2787e,e38a433d4adeaeedd42227ac91c7dc44
5a45db12ca0bbd7fafb2cb12c938e1a5,5f81b9e11de9eafdf732577167adb347
5a4be2291dd0befc0a2cc0ba6e42048f,7f7767bf259ce7f4cfd832ee440862ba
5a4cafcd36738548d1cb2810b4dd0a38,9e04a2209f453b8c6f5bf29e3816d770
5a52cd355510bd925fad87bd3f419161,78e1353f17ec9d6a714394aa60ff6735
5a52cd355510bd925fad87bd3f419161,92601e2d3548a477033dec636d4cd843
5a52cd355510bd925fad87bd3f419161,a7669d6fc8f46d263cc895a3e955cfe8
5a52cd355510bd925fad87bd3f419161,bbcccdbd0ae0458cf52a8077ec2e0f42
5a52cd355510bd925fad87bd3f419161,d947e045407dd3f82ef6a90b4ea053ff
5a52cd355510bd925fad87bd3f419161,e0bc445137c4097325344a9fbf641b24
5a52cd355510bd925fad87bd3f419161,e79f617a9123f418b3a73d51c9ae7f83
5a74e31c670742fadeed2ac3c0860d02,a31b6be5a8a071a0e9ef7ca8cdf6a24b
5a7b57b5469c5da321ace8a7621a673d,5fd8694e77fef859533eb2ec59f209c8
5a7b57b5469c5da321ace8a7621a673d,987af5e91dc062d3718546b08e9da919
5a7b57b5469c5da321ace8a7621a673d,a233f96d49eea9a90bb67831ef826fef
5a7b57b5469c5da321ace8a7621a673d,a42b5986ef7e1112d007e16f9ed93295
5a7b57b5469c5da321ace8a7621a673d,bc37d6b5739c780b26752d5448237bb8
5a7b57b5469c5da321ace8a7621a673d,bda1af29723f36cd6472fd02e27858aa
5a7b57b5469c5da321ace8a7621a673d,c024943b5d158e87fca15bbd801df9f1
5a7b57b5469c5da321ace8a7621a673d,ca96c6b9be8c6f0a7e48b92adfa33d49
5a7b57b5469c5da321ace8a7621a673d,ce80fe6c6637a76c031578a656e94381
5a7b57b5469c5da321ace8a7621a673d,d71230694f7572941cb75360c62a2395
5a7b57b5469c5da321ace8a7621a673d,dc191bbec37fc53a5a0fec0e7edd4eba
5a7b57b5469c5da321ace8a7621a673d,e06d8d1aadf11230288677f9517debbe
5a7b57b5469c5da321ace8a7621a673d,f8e49644403485fbb994158e859d9a0f
5a81918baed3ff762296f334529f6253,eb2d2dafe1d3cd566c896495edebf4ed
5ab96306adebbf35df37c0671561a613,c07cb56fd8343a922adf51ad946c9d31
5ab96306adebbf35df37c0671561a613,e47f6d148413a9815f4dd963ae28d92f
5ad3df43815c9f8898f9578793d0f07f,d69fe97c08bb5156605035e686f8345c
5ad4159c98a4e5f338cee4af00d799dd,ef0d7d25c2ed60ee7dca1b6d4b4f17b2
5ade044c59d8f43a7af21952854cfcd3,a96833ae66e5d873dfecfd6e7c53bfe8
5ade044c59d8f43a7af21952854cfcd3,dddde4da82ba0ee2ecb44b34a97770d7
5ae5a280f7743e77b5c6fca35f50ee80,5fc8a7e61c1d6463fa342f25bf7706b9
5ae5a280f7743e77b5c6fca35f50ee80,64cac86245e9e532fa0212080c31d693
5ae5a280f7743e77b5c6fca35f50ee80,75c8d68e13c4591905d34b822c85d743
5ae5a280f7743e77b5c6fca35f50ee80,9295b4212327ff6097a50e28972ec9db
5ae5a280f7743e77b5c6fca35f50ee80,a6d6875c2500a67b579c9609611de769
5ae5a280f7743e77b5c6fca35f50ee80,b93ff050bc8cc544f875174d6c64d51a
5ae5a280f7743e77b5c6fca35f50ee80,d8bd409a61eed0290d225be07489b42c
5ae5a280f7743e77b5c6fca35f50ee80,ec2b16be29a1fce84d9787a5dff47794
5aeaac1f7c58fe4587d865591ab7aacc,b03ebe01d5459557d0547fa6493c8478
5af8c44dc390ce357523b0be074a9b8a,7cc96e4aec0b1074374d5902b1c396df
5b01eeac7b811489ea6601feb9e231a0,731e0c2a7057554fdad6e54ca7081c4f
5b01eeac7b811489ea6601feb9e231a0,84c3cecb4ddf7dd6441ce197c960f31a
5b01eeac7b811489ea6601feb9e231a0,b784ee884837d6f8a8dd033ab71583da
5b025a6ce100fe4569a1a910b286b797,6dd7ffed0cde7b260ee26685b524c5db
5b0f10289fb3b62e8b338b8a8655fd4d,ed80c0f3cf8213855883378b95077183
5b164a207c8d8301bea235e3843d8946,99b79dd49c090f417d7d09346051d1d4
5b164a207c8d8301bea235e3843d8946,eb6c822dc18bf45c8d6c43a1b9facf73
5b3c2746039e3bed6a5263057b43a744,6b2204839735cb7bf1081d46e8739da7
5b3c2746039e3bed6a5263057b43a744,9e0574b64f60d8f1600c5af749592769
5b3c2746039e3bed6a5263057b43a744,a103ba868b42da9848c95c1f0b93ab30
5b3c2746039e3bed6a5263057b43a744,a81e226fd81222d5633bc72eb6c5fc22
5b3c2746039e3bed6a5263057b43a744,abd5061f0b79729f57fc97be4b321b7b
5b3c2746039e3bed6a5263057b43a744,bbcaaa9d2e93ed884c4f6d98f5eb59b0
5b3c2746039e3bed6a5263057b43a744,c654df1d425134a14c3d66e3be371e26
5b478fe36c2b0aee8bc5ae1b58deaccd,b399fdd047d00192d387f67e204c3461
5b5c0dcd889f942deeff858f24570038,d205a4ea65ae48caa63933e50e86a423
5b5c0dcd889f942deeff858f24570038,e542adbc31b66be706ea71a80dc04389
5b72111df9ad3d1f56a495932e40e452,90815989106e832e895de3f2dfd03e54
5b76161c7acfe2c6733e41dce3f85351,7b756f8a893f3b85e135c8e94a41619d
5b76161c7acfe2c6733e41dce3f85351,ad06a4e56e82de266a9731daa3df6596
5b76161c7acfe2c6733e41dce3f85351,bf29269963aad76eea9e8c7facfd4798
5b7eeb9ed00a1ba774ee00daa2d15463,b9917e6044829bf8fb11ed303a85b131
5b7eeb9ed00a1ba774ee00daa2d15463,fa6f28dde56b5de48d8c2cf1aebad5b9
5b84b229e251b34fefc79ceb1a0114f4,f6d1645468ef50fb0accb2d38d2bfd1e
5b8798a29d8499300b42a9b173bb3631,7d762f4986ba0c803931c0f6d89e17e6
5b8798a29d8499300b42a9b173bb3631,c0f5a6e5da7dfef7c5b95c025c208b40
5b8798a29d8499300b42a9b173bb3631,c27bac1f9f539df3b9ffaf26fa9457f6
5b8c5f5c2f6458cccbdfff506ae708bd,e7b1b0d0c0f8ec7ce3901db0be09d40b
5b9e556d324065d0209ae31f6c773dcb,71a878b3781034052c6c3e2a9b326de5
5b9e556d324065d0209ae31f6c773dcb,9591c1cf45cb82c31df43b101317dc69
5b9e556d324065d0209ae31f6c773dcb,c957bda0530390bf3570a37d4cd83d27
5b9e556d324065d0209ae31f6c773dcb,cae7fa18e6aa67706d467fe72539b253
5bd11da68810cebf1c5db26fd3e7c378,bb7adb5f30d9a5c850e2ca23526fb9e9
5bd11da68810cebf1c5db26fd3e7c378,d68427136e0848633321f4e02966ad27
5bd4eb91df9d37eb25732c8bdb810590,609364fe0b5c84ca79ded2e3a73bb720
5bed926a22053f3b12e3385ab5daca31,dd331b3bec858638e14182f6baf014c1
5bf607fdd9f45cd7735bf15b43d4dc05,ecd7a93ea432e262e84a106502fb2791
5bf860c106504fac69a1028d59ab813a,972ced227aac695f2977cd391f38289f
5bf87072631237135ed695ca26845678,7dad95d677e21ff41520583cfd06a494
5bf87072631237135ed695ca26845678,dfd5d5a25c589892e10e34c111f61f43
5bf87072631237135ed695ca26845678,ef9e0c5631efc4a67957064b59941f36
5c01befe3a779e98cd582457119b12dd,6b41ae306cd72288919afcc850f5fc78
5c01befe3a779e98cd582457119b12dd,7b5c823d06843b98cd8b7a43677fd2e2
5c01befe3a779e98cd582457119b12dd,8a5b6113f6bc63c89a2369ae912efa20
5c198291ceb61ff14f168d75c5418dbc,91125ef8a50133abf4e1de872f1ab084
5c198291ceb61ff14f168d75c5418dbc,93307239ad5cd3bd338e61241720be84
5c198291ceb61ff14f168d75c5418dbc,a104f15d16bfe3e445b8c2dd30a7cf39
5c198291ceb61ff14f168d75c5418dbc,aab645d619894dad04c5fbed862181a1
5c198291ceb61ff14f168d75c5418dbc,ee2401fb49c256d8f92e50dbf3a4d160
5c1fd6e1b15b3c07ac548f671c04f8d0,ed07f672f0cca9cab8437c1084e03a26
5c223742557ef778ecfc7e6dee44571d,b850c984d7fdbbab3e579eb023e2701d
5c2f1193aa4b959ba8c3247728b3ffb7,b2d8b3cf47016f0d0a62da1301244500
5c2f1193aa4b959ba8c3247728b3ffb7,f457098a21713ecaa9d7b460d9e376fc
5c2f1193aa4b959ba8c3247728b3ffb7,f8e0231249b9eff1e10adc978f42883a
5c3d677ed8b2176d2a0808633298c467,d68427136e0848633321f4e02966ad27
5c44d6a1a8d8352fc19d1d4da2f63e88,68f4f7204f0f048b523546d56889c287
5c44d6a1a8d8352fc19d1d4da2f63e88,b4254bd552389c90cf311dac17dbe636
5c44d6a1a8d8352fc19d1d4da2f63e88,e267da9c40f04c6f83e38a775b01117a
5c469dfbc728c26fa853062ec47baea6,6f4046201af8cdc445b433477dc894ae
5c469dfbc728c26fa853062ec47baea6,8dbb5408c6034c52712cd78d0e71da84
5c469dfbc728c26fa853062ec47baea6,e0bc445137c4097325344a9fbf641b24
5c4a5ee78af20342045aae0b35cfde13,dd1e4d7f119f774125d6ac19576ada39
5c4dff908232e4efcd55d236dd440086,9ec343cc11c8938c58796778328b5f57
5c60fc69445ce3129b48e1553b9d10a8,bf508c5ed2b8b9a39df7147f2172a517
5c6b6555b26dc66a0b3a1d8d489b49ea,7f652bc3a2f5766dd5f657574c590952
5c6b6555b26dc66a0b3a1d8d489b49ea,cf6e83fca3f0551e23aba70718268f41
5c829140c22702caa850766d9bb81997,cc7bcd946cd86e4d80d1993b819ac858
5c954163a01ba1ab8cd91a053d8c3239,8fa0b631f6c012830e1940b44d8c4a4e
5c954163a01ba1ab8cd91a053d8c3239,de3c6a7f77318c8eebfb9a33e8b6f628
5ca6fa318cc7ed0b3dc7459b43dbe22b,9cba45d6262ae07eee464b459e911e6d
5cae6626ecc98d0785e708e2e1de9e57,e514d941049d012fc434c3ca40368144
5cb30b4074aef1fdca5fb8f020035a9e,7f6443f95b014549a006a9f829b67c67
5cb30b4074aef1fdca5fb8f020035a9e,aa997f533377326b23f6380fdb09e5eb
5cec0d7c552ecd15de3e924fd42302c3,975b808bd7650e50cbd02f4085905bb6
5cf1ae9d427c9960f79c354021e534ee,979026da9bd104f63ae96c03497cc4c7
5cf202f14c62dddded520454bf9753e3,bde6f770ab03d9a378e53c3a65162090
5cfa094d9f8494831504d068e8fd5615,70e1ca5e21e3a0bd1115afc16e597fc6
5cfa094d9f8494831504d068e8fd5615,e0d99544566b56a49cc74ffc6abc5e8a
5d0415fe8b21f267bc804b51d0e7a738,9258cbb509a40b903386ff67568dfe67
5d04bcfc557d3f1979e9e3eff106ffac,841782ffaec7c84b641c0a0607bdb7b2
5d04bcfc557d3f1979e9e3eff106ffac,a442a1793e15a7cf87253d41c88447a6
5d04bcfc557d3f1979e9e3eff106ffac,fdc3fa6a1f7153889891c11e0d340ae2
5d0f5c7be6d061ef0d7b3847b294a6d8,68458a6b30ec3d402863f77770acb018
5d0f5c7be6d061ef0d7b3847b294a6d8,74671fb64b7fe0d4c99bd88698bbece0
5d0f5c7be6d061ef0d7b3847b294a6d8,d83c47bfaf015ce0e369200d56af1313
5d0f5c7be6d061ef0d7b3847b294a6d8,f54a5f4b0a5bfd7511e0029de61778a3
5d0ff0bb5b5d137a6011eadb665616b2,e6402c09e9afc8c458758509149e0eb4
5d176b75d6bba27c6b9bb47a59c2d61b,8cb14a9fbdd93730b1369b5168363949
5d17c0762b81806102414922f2a40a28,bca6c52036f00230cf7acbfe2cbe108d
5d2e01c4bc4e860d7bea5c0bf2194a37,a835cdcfffd5ee8fc242c025ffa28a9c
5d4a91dd71bee08ee2ba67a0ef5a4fce,a82335616c47564e1a5f906a7952e8a2
5d50c269e29a6699a5eb190f605d1220,d71230694f7572941cb75360c62a2395
5d5fdd8c79eb9f96b53fb92d9cc55684,b82d3c946bf607a39f4010f1517b88c5
5d6c387c4ded9a5e5054c37c88f73947,9592a5c869d84a49c6616f70ffc12c4c
5d8eb81de2fb7f1b127409646fb18a37,6e145febd40b0d569426d5654ae42975
5d8eb81de2fb7f1b127409646fb18a37,a48e2b1d13225ea13e661e4c72207da9
5d9524b434d456af7c72a1b49cb62ade,c87e258c04e0c6e4063f9474e67b26c1
5db447b96abc25b540db563614ab5ae5,b1c56322e6f00020ee5089873b559e8d
5db70861a765947e5005346feec988b6,6f4220e71f525cbe9e2e2436088f5006
5dd56ea25902fdec54f1dfd28914f072,617a9cf79697c0a24bb2960fa00587b1
5dd56ea25902fdec54f1dfd28914f072,6ac048a47fe6abf40205dd46d4bfad09
5dd56ea25902fdec54f1dfd28914f072,80a0fc761c3c3555f81b5b60e23200da
5dd56ea25902fdec54f1dfd28914f072,89f40506bdbb16ebd103b12766758db7
5dd56ea25902fdec54f1dfd28914f072,9618897eccacf463c5528d3d095ce177
5dd56ea25902fdec54f1dfd28914f072,a7a4b5bf23cb560d08106ef75e1c73f8
5dd56ea25902fdec54f1dfd28914f072,aa7d4045e8d65f2e3db4551ee75de2c4
5dd56ea25902fdec54f1dfd28914f072,b7c847d7adcf107a10c3039d6bcaa8f2
5dd56ea25902fdec54f1dfd28914f072,cfe1ac5b7858b370c320c67133b10c14
5dd56ea25902fdec54f1dfd28914f072,e34ebe4961f2d932813005433a74b012
5ddfe9d5a1f44297ae74207058c762ba,a70a395cacc41c23c2f773c0d121c8fa
5ddfe9d5a1f44297ae74207058c762ba,e12bd21def3884f5dbd480396b164db0
5ddfe9d5a1f44297ae74207058c762ba,f7e30e04dc0b84d3078b6852d88bc7e6
5ddff614723249af2aea09f5da1a2fd2,6641c8e86634ed3fc8b2d267fc04d330
5e052bb1d8c9b49a4567ba4679952743,d76a9fbbafdab3a9790dca49e646452d
5e07766d91191c218ab9bd9f697846ad,6ae317eed2e7e71ce28eae4569a6cf6c
5e07766d91191c218ab9bd9f697846ad,6df0286035aaae77202ac84fa514b224
5e07766d91191c218ab9bd9f697846ad,8eb07d4a0953d94bd7bc5eb16fb6cec3
5e07766d91191c218ab9bd9f697846ad,91567517fd302f0ba3147b11748e1f7d
5e07766d91191c218ab9bd9f697846ad,a7853e132243e68f89f9e3f5ad1a7b98
5e07766d91191c218ab9bd9f697846ad,b3e926048cd435bca6873dbf96473813
5e07766d91191c218ab9bd9f697846ad,e20838a869a95a8e38684d08af9a9917
5e10b693ddd519a525ae4cd8708ca1db,62f2c321d66572624ee47dfb5de3d4db
5e10b693ddd519a525ae4cd8708ca1db,ba5b6630ebf3d621bb1cbab9d5a49088
5e10b693ddd519a525ae4cd8708ca1db,be97c3fbcbae9d4771fb148a3bb3b2d3
5e10b693ddd519a525ae4cd8708ca1db,c76776d03545c7c17c217acbd683ae18
5e10b693ddd519a525ae4cd8708ca1db,c7f8c98bf998d172993590869127fc4e
5e10b693ddd519a525ae4cd8708ca1db,cb81261a476e11f5249afc71bdc870bd
5e10b693ddd519a525ae4cd8708ca1db,eb3d0dcae584730cb5eccec1f5c00542
5e1a45d56c6827a2895ddd2891978be2,8f6cac597480b164d1d8fb2ddd87bb39
5e389b1874dc263660a5e090e43f7de7,67d49d356522979335dc61fc33cd69c5
5e4596d6a6958fd0e1f87090d84e79de,748770ae277d16cd8b8fffeb88eb6a90
5e5bb93c8b94ed11d2fec3ce6fa6f810,8f2cf65f282276f69c3532fd0b017238
5e5bb93c8b94ed11d2fec3ce6fa6f810,9f008cc6dd29b2dcc533f9eb3e742e7b
5e5bb93c8b94ed11d2fec3ce6fa6f810,ae6dd1eeb84f5af2e7f9ff4e4b497df5
5e6fd9eb6197a461ce5206e102ea5091,69d9a6131a0b122719cf80c501e045ee
5e6fd9eb6197a461ce5206e102ea5091,ce6f3fa4a600821938339584305c32e6
5e7ed41b54f46f066885cd07459bd17c,aae07d530ba210e5dd0b00e45ee54d19
5e8d0e9bc74cc00bac96ad7759d2da48,baedd7684b1818904e648dc8eee4c857
5e8d0e9bc74cc00bac96ad7759d2da48,e7e873026241c836f0c4229cab68c8fd
5e8d0e9bc74cc00bac96ad7759d2da48,f0f4badff8e3e4b723521ebb9ae1b146
5e928b93b90d1e469638236dbb183e85,5f22b5f2fa3bf84a57a4b2b328e59c45
5ea353d114831a5e389c19567ea5ede5,e4583e21ea6ce3b361cb9edfe7b81617
5eb153df087e55214d7eaf7f650352b7,66aef2c48787a54aaeee99db1b03e3eb
5eb7fc8b28b62f5383ae201094dc3def,d2c0947b90819eb39fbf3e2968d1e99e
5eb7fc8b28b62f5383ae201094dc3def,ed8e56a288e8ac2a9460c67792480644
5eda1a28bb186a2dc62940dd82c6cbbf,72f0b4a989815a3a9b79a2b606854fd1
5ee3ae2d8a808b0de1d9ef4e932fb420,802f283c358c7f5a556fb38d64584048
5eecb7b38ef2cd75fcf7c1f2a4f44c47,842a092c21472692ca3f047f504ec5a5
5eeeea0412729fa989d3a4b32a1564fa,fe56e48d1143f9afe2334ba5c10ec147
5ef270ff848d580fbd70e914e479d376,f06a69da2a7378f95511c1b83e7572ce
5ef2d713af4cf53b60d5b36d6ce3cbee,a79504ec8538eebd6aecc6a40b7d685b
5f05b751e5924d8eea7e12099d304193,aa997f533377326b23f6380fdb09e5eb
5f0f74476ec04d68309c19bad842927f,6f4607c3d3f389e3ff308e34685e305e
5f0f74476ec04d68309c19bad842927f,8191c778f2235edd3f412d79084e0eb5
5f0f74476ec04d68309c19bad842927f,93d6b0e9f1a0c89052e63caea85ee273
5f0f74476ec04d68309c19bad842927f,b713fba008fd920122cd33e23f9ac11f
5f0f74476ec04d68309c19bad842927f,c6aa4eaa991e19fd16cf2d0c4d1ba304
5f0f74476ec04d68309c19bad842927f,ce607380b620a5a0223f5ff6ae2d2609
5f0f74476ec04d68309c19bad842927f,d768a8e09bcc94d291061cadab0f58ec
5f0f74476ec04d68309c19bad842927f,e59220d22a745e04ac4e3f4d11ca50ca
5f1cd7f54fc4fd597dcd51a397ec53bd,b884972470269827d2ddf918cf073398
5f1cd7f54fc4fd597dcd51a397ec53bd,bc24c62e31d3f2a7e41c2265ec5a8de3
5f22b5f2fa3bf84a57a4b2b328e59c45,691c0a5868cbedd19a173cb28e442909
5f2945ce66f30e505afea9397a12a17d,6b9e9367d08076cce7becea16846b057
5f2945ce66f30e505afea9397a12a17d,a1f9e3124f18f8e11be9b89f403d2766
5f2945ce66f30e505afea9397a12a17d,bb1fff9517465e697f26d3b2da83689c
5f2945ce66f30e505afea9397a12a17d,bc35b46dbf468b3dd7ae13582acec3d9
5f2945ce66f30e505afea9397a12a17d,ea8199565b57d879c3fb705cb9deb359
5f2945ce66f30e505afea9397a12a17d,f6ae051ea509b49908458b6867fbc95a
5f43ed0f702118f87e290d135d79f2e5,f9e984f7434b99dfcc29e684703cce49
5f537c1f0c0e939c7de2a423a2d7371b,f8d542d2b3b7be77ba993e5b07ca3a05
5f66f82e469a3d098acf1e28cb390f31,a1d687d291972ea560d2bad80758b620
5f6fb88cca9bebf973e4a7567ced1c32,8d6d0e76c331d287eb9e3a6243dbf6d6
5f774e5a104874bc5eacb9d505ceb013,88ff578d01ddaae4eedbfbabdf9afd3a
5f774e5a104874bc5eacb9d505ceb013,a170228cbfd6ea1643e51e37e6c13462
5f8368c0956fea74d4f16015e01ea50e,97c58da5f8e92c33566e7295f219666f
5f8368c0956fea74d4f16015e01ea50e,ea5196bc0fbccf3eaf48451a024db989
5f86fa4f01bd8685683e58dd86cc8f8f,711de06c1625aa2af7599d7e73ac3a42
5f8e6eff965f911ab9d58254457d4c6e,caf5aa4672e843ee3a1fc9d917fd579a
5f9d207d50566e0f531e7edd9a141711,6cf061ac29b611b7d592621689817282
5fb91a41da725a194234c31e5df95820,d2f805315a0ac17d15a28d13250bc1a5
5fbb3dde9fb1caa89a23771f5f9a9b1c,62e01423cfc59329b6acb874696c0590
5fbb3dde9fb1caa89a23771f5f9a9b1c,73281c08bb37ca0fa6cf380ce1c74fc2
5fbb3dde9fb1caa89a23771f5f9a9b1c,7db14dc3058cc6ca81295011b4745b92
5fbb3dde9fb1caa89a23771f5f9a9b1c,81b4d775b96c465bff5c607f9b8c2a3d
5fbb3dde9fb1caa89a23771f5f9a9b1c,87cc0c8ec6896e79343c115fd584d429
5fbb3dde9fb1caa89a23771f5f9a9b1c,a02cf644bc5118e5e473829862bc5886
5fbb3dde9fb1caa89a23771f5f9a9b1c,c23d5f76ef396a0f520ca6c677dccc1f
5fbb3dde9fb1caa89a23771f5f9a9b1c,cdf07468d9c693794f1da0b9ba549c15
5fbb3dde9fb1caa89a23771f5f9a9b1c,d44df7668f75c8f084cdada0a7a1aae0
5fbb3dde9fb1caa89a23771f5f9a9b1c,d6feeaed5bb9195ac670b5692ba10104
5fbb3dde9fb1caa89a23771f5f9a9b1c,da2ae411a236d52fa1e62a224bb1e88a
5fbb3dde9fb1caa89a23771f5f9a9b1c,dd720a31ae01f8066abe782818b59699
5fbb3dde9fb1caa89a23771f5f9a9b1c,ebc1919f45f9da5db0d468ce62cfdf50
5fbb3dde9fb1caa89a23771f5f9a9b1c,ee9f66c1958398f123dc975ab15c8334
5fbb3dde9fb1caa89a23771f5f9a9b1c,efe94917387a9794795e7fc79557dffa
5fbb3dde9fb1caa89a23771f5f9a9b1c,fabd6966abaabe52f19e44a088986cda
5fc8a7e61c1d6463fa342f25bf7706b9,64cac86245e9e532fa0212080c31d693
5fc8a7e61c1d6463fa342f25bf7706b9,75c8d68e13c4591905d34b822c85d743
5fc8a7e61c1d6463fa342f25bf7706b9,82494615163bf2f25446be77dc319420
5fc8a7e61c1d6463fa342f25bf7706b9,9295b4212327ff6097a50e28972ec9db
5fc8a7e61c1d6463fa342f25bf7706b9,a6d6875c2500a67b579c9609611de769
5fc8a7e61c1d6463fa342f25bf7706b9,b93ff050bc8cc544f875174d6c64d51a
5fc8a7e61c1d6463fa342f25bf7706b9,d8bd409a61eed0290d225be07489b42c
5fc8a7e61c1d6463fa342f25bf7706b9,def0912b5f1c659fda8f276d54ed282d
5fc8a7e61c1d6463fa342f25bf7706b9,ec2b16be29a1fce84d9787a5dff47794
5fc8a7e61c1d6463fa342f25bf7706b9,ee2401fb49c256d8f92e50dbf3a4d160
5fd8694e77fef859533eb2ec59f209c8,6b2204839735cb7bf1081d46e8739da7
5fd8694e77fef859533eb2ec59f209c8,a81e226fd81222d5633bc72eb6c5fc22
5fd8694e77fef859533eb2ec59f209c8,dc191bbec37fc53a5a0fec0e7edd4eba
5fe71d75af34fa64a7b2dec2778afcf0,6a924dca7ac6ff763635c0e8a8cd9e87
5ff258ab00f0b4e768a40f80b6bc549b,60ebbbd382f3d5374dc00d8741d69da2
5ff258ab00f0b4e768a40f80b6bc549b,f58f008f6e09bce7b890963406e74347
5ff4b713bd9bfa220ebc9013152287c6,6877c399e63dac241e880a6ffad2ca3d
5ff4b713bd9bfa220ebc9013152287c6,704a17ad5a940c5a86ecb202e612dd12
5ff4b713bd9bfa220ebc9013152287c6,76dbe028e7ff780cf7c44cdd35391805
5ff4b713bd9bfa220ebc9013152287c6,95ff32769e3b6643e3398395c8626037
5ff4b713bd9bfa220ebc9013152287c6,c1e5d0cbb42f4975410d72f4c181a246
5ff4b713bd9bfa220ebc9013152287c6,c5546998015953f631b2e9e116939a2c
5ff4b713bd9bfa220ebc9013152287c6,c6d609e5755122be73006e3d1b12befa
5ff4b713bd9bfa220ebc9013152287c6,d09fa69c6d5615c26aac2f825b8e7328
5ff4b713bd9bfa220ebc9013152287c6,fb5643b20582ba68d8da8a8dca24c4fa
5ff8b2c93b359d6c771b643ce4b5cbdc,a1901d232d19d0d69e6908648e6d5f8e
602431df375815c16ab291d42da178b1,de8254d65ded7944b921dda74ed736bc
602431df375815c16ab291d42da178b1,ea448ec6d9b9a4e090d263a34c35ec1c
6028e9ae4f8cc3d8c02e48fbc4cbe07f,97fa723b0187baf0faa9460e802c9a88
603dd4195db57db48f648f11838b158b,967433e64c39769d8b9ec0585a1b89dc
603dd4195db57db48f648f11838b158b,fb5ba9702347f1cfdb7a0e5033327fa7
6047bbe978e270433e2259bb1d7cae30,8d645262d9ec8212a06827ffd9727b27
6047d430b471b5c0e4c0fe1aff704376,c790f25dca42ba6d9c0802f5e446c27f
604ef74a5453beefae900801511a91c2,c613ec989102196e9a525043615c1b9a
6056aa9628e4996acd5f34f577922ba0,d9968d8325421a4cdcf09425750ad7ef
605c78069f7db8126571b96d98d05a2b,6b6c43cc9c47dc8fe372bd05e5252da0
605c78069f7db8126571b96d98d05a2b,a04f4a09bc2b544ded1c72448acab83d
605c78069f7db8126571b96d98d05a2b,ac30501be6d236a299f34f3cf954b7f6
605c78069f7db8126571b96d98d05a2b,b28ecd267a8b6f7bac5bc4959c66be49
605c78069f7db8126571b96d98d05a2b,ca4d41b8d403af7db6136532ab8c32bf
605c78069f7db8126571b96d98d05a2b,e9ac334c6703864c1b910215877cdea8
6062154ecda08afafcb4a926f0c13e38,a971846fe85f34732df17e0757cf3366
60763d7a697378a18c4f4d6f7bc22135,8b6ab8135f1c77450b2b66f69d8699af
60763d7a697378a18c4f4d6f7bc22135,a982cf5729dad8ecb71c5cb3e4e6491b
60763d7a697378a18c4f4d6f7bc22135,d1478fac271e465d959cceab8695722c
60763d7a697378a18c4f4d6f7bc22135,dcb7727aa1792a84abc8b7efc124a0d0
60763d7a697378a18c4f4d6f7bc22135,f0c47a51445908e133447f491ae07f09
6079f3cccd43400977dcb85e1cbe5b77,7f5f04b941cdb1027e4aa38354af0311
6079f3cccd43400977dcb85e1cbe5b77,8b49516de2dabf5d47e6433c95821c3e
6079f3cccd43400977dcb85e1cbe5b77,980c35da95e84668d8fc5594bed10306
6079f3cccd43400977dcb85e1cbe5b77,b59438032b3575852431520b323cfd22
6079f3cccd43400977dcb85e1cbe5b77,d6d6c0810cbd7f94127b32aa11b18fdc
6079f3cccd43400977dcb85e1cbe5b77,f3c0fd4636069bae3b69420bdd84f6cb
6079f3cccd43400977dcb85e1cbe5b77,fab3e8b068451de4f9a0f34e4d978210
607cd6bb90227b1b1fb3aebdf3128c29,e2dba04c10369ffac9b5b86d578c7aa9
607fe483ec5f9bec9b9d978b529483b7,aff25d496599510eb569b87674002a2e
6086159d04ce42b9c06034ef8b5d58f6,c6b748c1215bf44dec34bd187e7af95d
60899d54dd0b59e291cff1ba2d311187,9c1e12ea24b59e2ac4c33f4db157b671
60899d54dd0b59e291cff1ba2d311187,9d28686312f4fb09e5935896c826a507
60899d54dd0b59e291cff1ba2d311187,a5b1f854e8dda30ec015e923b4a83597
60899d54dd0b59e291cff1ba2d311187,e90c30c355bad4006cc6adcbc1d926c2
609bea5588d62879e0b3712174d1b762,df42c14650ecb342ce22d1e00d7c0cde
60bd794e94c3e72aa4bef470e40ffc64,9905563e8c676a9f8fb4683f5dd12dbb
60c797def855d0296f9c165f9f1ee5a0,aa76bdd23e55a32692c3205f3983ada8
60c797def855d0296f9c165f9f1ee5a0,d64d31ae5fbfd3690a48256d35c8d74b
60db2b7ffc11df805a8277029cdd492d,9081197cb7fa9af40c09a05ecb732a92
60db2b7ffc11df805a8277029cdd492d,994634fc638c0e23497bfed086374633
60db2b7ffc11df805a8277029cdd492d,ef3227dfcbdf5c2f70b38184aabed858
60ebbbd382f3d5374dc00d8741d69da2,f58f008f6e09bce7b890963406e74347
610ed887d4ba2b457429b17b92a3de0d,6a924dca7ac6ff763635c0e8a8cd9e87
611546332b2dad4e14477d5c4da7d5d1,e8a63e8fd49984e307ce243b4e6eca92
612e3c46a327d05cc44851a8b81a3b6d,8a203ac8741495dae599b859a39f37af
6136a3e965a022cb162b1ea28d3fb276,c1cd41c961c67a495324d2fef70147ea
614bf9f64422c04b5e63f7ac6da73050,f4d42e19bdacb2574b89147de9334377
615a5edbeeb47b556261af7bce72cbc2,b12d1e8ebbecb654477d41ed517689bf
6164e87069d14bc418c63b22761fc017,8aff4e6a4f144159a11a1ca02d6d7889
6164e87069d14bc418c63b22761fc017,a103ba868b42da9848c95c1f0b93ab30
6164e87069d14bc418c63b22761fc017,c80ed6e4aa1f251f35952653b7c9ca8e
6164e87069d14bc418c63b22761fc017,d2bbc96491a614fcccfd25e8a5544e6f
6164e87069d14bc418c63b22761fc017,d5aa1c3dde8465994d80048e30bf684a
617a9cf79697c0a24bb2960fa00587b1,62e01423cfc59329b6acb874696c0590
617a9cf79697c0a24bb2960fa00587b1,7db14dc3058cc6ca81295011b4745b92
617a9cf79697c0a24bb2960fa00587b1,81b4d775b96c465bff5c607f9b8c2a3d
617a9cf79697c0a24bb2960fa00587b1,87cc0c8ec6896e79343c115fd584d429
617a9cf79697c0a24bb2960fa00587b1,a02cf644bc5118e5e473829862bc5886
617a9cf79697c0a24bb2960fa00587b1,a7a4b5bf23cb560d08106ef75e1c73f8
617a9cf79697c0a24bb2960fa00587b1,aa7d4045e8d65f2e3db4551ee75de2c4
617a9cf79697c0a24bb2960fa00587b1,c23d5f76ef396a0f520ca6c677dccc1f
617a9cf79697c0a24bb2960fa00587b1,cdf07468d9c693794f1da0b9ba549c15
617a9cf79697c0a24bb2960fa00587b1,d6feeaed5bb9195ac670b5692ba10104
617a9cf79697c0a24bb2960fa00587b1,da2ae411a236d52fa1e62a224bb1e88a
617a9cf79697c0a24bb2960fa00587b1,ebc1919f45f9da5db0d468ce62cfdf50
61829644b1251818745035135b3b4c97,ceb47edf06121eb315de879e1bbd0d02
61a5c02ac0131600c3b02f5ff586a1b2,b44c0964b8599c4b999ca6bbdba68738
61c229ebe9000da0ed8833890e441129,6cbc11b19d3ab8c4cfee1ea49bf8ad60
61c46431690b1f58466236c851de4d19,f92527eaece6db8b40f49cb8f2439a11
61c820b8c2f253baed9b57de52a51e5e,889c6b0167cc4c2adfa5e7957436e2c3
61ce24ac78f9dc785985bb6e3802ed4e,fa9e6b8758248ca7ae158b80a7306a52
6219c5f1d0162dd92ea8910ad23e53ef,c445f5abc6e0f7214022fd16dab3bd27
6226adde30188251e5c15c6044b83384,d2883790b6ec734fecb818b7f5c42704
626733cacb31db17deebd444f02abbfb,e4b3bb9a220b302b87a5d589316aa799
627ed6e7439a003c63aae80f52f78edd,c6b3df7bf3ca375fe71a3b1a224a21bd
62805244d573a8ebf4083fea10a0ef89,804782828f28170af8fe0400542beca4
6285f5a6e6b61e254443aeb3b3596d97,dfdc98eabbfa9c126832160b0d9f2f3a
62a0b8da26e2853cd51601444f0e4637,8193e12e2397eeba22cbafb310ad7f5c
62a0b8da26e2853cd51601444f0e4637,cb94770d33f15027cf579cac1ecb51ea
62a0b8da26e2853cd51601444f0e4637,d606ce786f0aac539ac6fd74456a57fc
62a0b8da26e2853cd51601444f0e4637,ffe535651d2f213222ed3629cd8f5e47
62a86941d2042140fd83f617f4f9f1e7,f4ff67196bcf5e15ecb72cdf5fa85111
62b6daed869fc5de6ebc48ee4062c6d0,7c5c593811687180825206d8d0ca5ce0
62b6daed869fc5de6ebc48ee4062c6d0,99d9620d5a3044e6cf8468bf4fc045ec
62b6daed869fc5de6ebc48ee4062c6d0,da48369b25c26e8532ac104e493aa3d2
62b9ce21a8df8df1a77a865a5008239e,7526bc993e917deb6c85bc1f157c3025
62b9ce21a8df8df1a77a865a5008239e,cf95b9e051c032dbf7a7889c61c3f61f
62bbc0ae3f9958121854619320f14c6f,fb8cf5fa63631e51d8fad9af43d3552d
62c7cfcb7ed716bb70a7082459d5becd,86a0505e0b0ea2f18716c471b2b1bf0c
62c7cfcb7ed716bb70a7082459d5becd,f2efbdf6ecfaf1c0aca77d905f1f0c39
62c80abe0b862c10c54dd3640af08f67,6591d453c15c2530214553a841007e01
62dd346e66ed42a0b94669a72776d93b,732415fabf975040d7caad3473735a29
62dd346e66ed42a0b94669a72776d93b,85911ddb9b1e96551de17cbeb7ee9360
62dd346e66ed42a0b94669a72776d93b,e76f3f729ed60b699de98d2925cfeea4
62dd346e66ed42a0b94669a72776d93b,effb5a71a3fcb8048829d8edae58f1eb
62dd346e66ed42a0b94669a72776d93b,f4275370bcd350e410dcab1cf308d929
62e01423cfc59329b6acb874696c0590,63cf86aa8f00483221555d97e8c6ccbf
62e01423cfc59329b6acb874696c0590,6a7f5ff621d20a43a9d19340bef3db1a
62e01423cfc59329b6acb874696c0590,6ac048a47fe6abf40205dd46d4bfad09
62e01423cfc59329b6acb874696c0590,7db14dc3058cc6ca81295011b4745b92
62e01423cfc59329b6acb874696c0590,81b4d775b96c465bff5c607f9b8c2a3d
62e01423cfc59329b6acb874696c0590,87cc0c8ec6896e79343c115fd584d429
62e01423cfc59329b6acb874696c0590,a02cf644bc5118e5e473829862bc5886
62e01423cfc59329b6acb874696c0590,a7a4b5bf23cb560d08106ef75e1c73f8
62e01423cfc59329b6acb874696c0590,c23d5f76ef396a0f520ca6c677dccc1f
62e01423cfc59329b6acb874696c0590,cdf07468d9c693794f1da0b9ba549c15
62e01423cfc59329b6acb874696c0590,d120c141875b0545696be39e3d176d4e
62e01423cfc59329b6acb874696c0590,d44df7668f75c8f084cdada0a7a1aae0
62e01423cfc59329b6acb874696c0590,d6feeaed5bb9195ac670b5692ba10104
62e01423cfc59329b6acb874696c0590,da2ae411a236d52fa1e62a224bb1e88a
62e01423cfc59329b6acb874696c0590,dd720a31ae01f8066abe782818b59699
62e01423cfc59329b6acb874696c0590,ebc1919f45f9da5db0d468ce62cfdf50
62e01423cfc59329b6acb874696c0590,efe94917387a9794795e7fc79557dffa
62e01423cfc59329b6acb874696c0590,fabd6966abaabe52f19e44a088986cda
62f2c321d66572624ee47dfb5de3d4db,ba5b6630ebf3d621bb1cbab9d5a49088
62f2c321d66572624ee47dfb5de3d4db,be97c3fbcbae9d4771fb148a3bb3b2d3
62f2c321d66572624ee47dfb5de3d4db,c76776d03545c7c17c217acbd683ae18
62f2c321d66572624ee47dfb5de3d4db,c7f8c98bf998d172993590869127fc4e
62f2c321d66572624ee47dfb5de3d4db,cb81261a476e11f5249afc71bdc870bd
62f2c321d66572624ee47dfb5de3d4db,eb3d0dcae584730cb5eccec1f5c00542
62f34ff20217f3728d82ca1617c62c48,b1bcd7e4ee4ba033e536cd5756c6837f
62f34ff20217f3728d82ca1617c62c48,d00148036f5d147da3e7682940eed5ba
62f516ac3dc5a4648f3d6f0b833929eb,c2e41a3c14178bf81869dbaaa49dd800
62f516ac3dc5a4648f3d6f0b833929eb,daec177f075eccd21a48e87eeb325ae0
62f516ac3dc5a4648f3d6f0b833929eb,e702f8f10bfaf76981000dded1e8578b
6326351c2faefbf3895126069a8130cf,b1686544dccebfb75846317e63cdabc8
6326351c2faefbf3895126069a8130cf,d6106c1ab720e9d333d591c19d863bd4
6326351c2faefbf3895126069a8130cf,dd8e185515c310737b7e1f66521ca253
6326351c2faefbf3895126069a8130cf,f7005edb014ecf40183e2d25db48f457
632910da6bc43b4a729ba386531839dc,aaad59806586f5c529d4dc7923128508
632910da6bc43b4a729ba386531839dc,c972ceb32494193b5666c00e8af2fd5c
632f0c877773cdf566da609d3881da5d,6dd78c95d897e43a44b745fc2815d8ce
632f0c877773cdf566da609d3881da5d,da15f5e3442074ecd7398aec6025b146
632f0c877773cdf566da609d3881da5d,ee34c620c14d7cfd46884238fbf330f9
632f421dfd5b3f8fc2131cbbac217956,b6f5f3b471f9b99402dca6a3ba3f269f
632f421dfd5b3f8fc2131cbbac217956,fbdfb8d727ffca53a7960a2daebcd356
63373b6274923ad2e4ee54a8ce99ce81,71fe57cfbcf37c1cc7a72d53574319e2
63373b6274923ad2e4ee54a8ce99ce81,99e913f9d64d69d00a099227c76ea741
6339b07c6f7a6198ded884e43ebe8383,a6be11db3da1d0c579fe2281d18481c0
633d76eba2568c0261a7132ee9492c28,dbe736e78fed3b0f4703c4ce05472b7e
634f93a2318993c9b2a8cadd30e2ebc6,b84d26b4a6edae003fdb57d5adba1dcc
634f93a2318993c9b2a8cadd30e2ebc6,e265bf59eaaa9933130eeb557bbbf3ca
63562d9a214cbfc16b31abfaa5e68e63,750212dca2efed40db3f37153d658373
63562d9a214cbfc16b31abfaa5e68e63,c6946df695b0a4b570b0695602f04920
6356e505a5549030c372e0966c4ae141,99995b8d44ce7f4b5aef0225c39277ad
6356e505a5549030c372e0966c4ae141,a3b1fa4efb2566ab4ee7c9c7a48a2605
6356e505a5549030c372e0966c4ae141,d6f8e28a9c73bfa99d927bd33dcf95b3
6356e505a5549030c372e0966c4ae141,e28dbac997b9be4c66fd6a6a38095e80
635c2e9ba0f172902cf8beedf6123d9b,e0fa60e42a13965271fc4276302d73bd
636cea541c1389dddfe99c1608ca4de2,76122b95e27995bceedaab1ab1a63715
6374c06706d5eec087dcf87872470e17,750b0315cf2ca2473fa00e2ca0f56e1b
6374c06706d5eec087dcf87872470e17,790616874b04859ab18651b7f9f05a0c
6374c06706d5eec087dcf87872470e17,a3b3a215df31f13d4e945e4a05ab1779
6374c06706d5eec087dcf87872470e17,a9506bf795861476243d99a8726f717b
6380f7a62a07b3c1cf8dfbd6e6494850,dfdc98eabbfa9c126832160b0d9f2f3a
638ba2a337978c4e3a2534305b152f04,9f812f0731df6aa00b1f1bee73e1781e
638ba2a337978c4e3a2534305b152f04,e06e0ee60dadd2bef960edc7f60b6dff
638e2b458a7501298a6a1ed9c6e75991,79ca87e47cf8c39bdae40eec96ff0bc5
638e2b458a7501298a6a1ed9c6e75991,7b756f8a893f3b85e135c8e94a41619d
638e2b458a7501298a6a1ed9c6e75991,baed6ecbf410e0733d971dd391506679
6398b08d8b3ba798313f6c605db56025,a73a99879b5277e05ec31394784b7426
639defaf2023886418e5ca1ed92fd674,7325821c315648f995ea4a13c7fd6d3c
639defaf2023886418e5ca1ed92fd674,e65a21c370aaac5540ac84a49e6358ff
63ac75f5b6d220949c31baa778735962,a0b41166b1bfeae35941160c08f8d12e
63b0ecf3a4103521f3fd50206bdecacb,75aae03d09a921ba157006dd0b16310e
63b0ecf3a4103521f3fd50206bdecacb,be0718b8be64533d732274d0ee2f21ba
63b61071d9b8dbb02d10e48544832fbe,fc286a5d7e80d082ef8659d6f5dd1ec4
63baef3c8a296683dee8c5c7a824911c,e0c4b924dc538c81d854043a686d4101
63bd3bff9193c2a205dc75d5b4acc53f,e20e232c8d6a46574970ab137264b04e
63cf86aa8f00483221555d97e8c6ccbf,6a7f5ff621d20a43a9d19340bef3db1a
63cf86aa8f00483221555d97e8c6ccbf,7db14dc3058cc6ca81295011b4745b92
63cf86aa8f00483221555d97e8c6ccbf,87cc0c8ec6896e79343c115fd584d429
63cf86aa8f00483221555d97e8c6ccbf,b4ec47b839192abe0a258ae47dde4ef8
63cf86aa8f00483221555d97e8c6ccbf,c23d5f76ef396a0f520ca6c677dccc1f
63cf86aa8f00483221555d97e8c6ccbf,d44df7668f75c8f084cdada0a7a1aae0
63d9ffae204bbe333df5a221799e2cc6,968bac117b81f824cfca6bb3bea37d74
63d9ffae204bbe333df5a221799e2cc6,ef79cafc6690601cf97469a0bbef7f27
6400f1ead467a2c57aa2de7fc8caf0b2,6848826a0f86de13450a0ce8caf8878d
64110d5a12f3d052332de664c0c7e72a,6cc004d9bd057af613600f014272a5c4
64110d5a12f3d052332de664c0c7e72a,d5a2b771e9accc54452cddc2320cb8b5
642f5eb3d5dea55a8a299045e458cd17,75072f36ed07384e44083b0e8a57278f
642f5eb3d5dea55a8a299045e458cd17,88d5a8c000423193c0c2b81cc6f06a24
643dfaa6ba895d51090a42d703dada46,bac27b5100655d3cbcb3b720dac39fa8
643dfaa6ba895d51090a42d703dada46,d8902ed5aadef28e9350000496cfb05a
643f7a51750640fb5784a4abf74932af,fcaf944b704620c0d045d1223ec21ad2
647463483593f9e8afdd2c5f20c8c32f,edc69dd0467e29cde6c19d57b360ec7d
64911e6b28244510eaa098f47fdac812,e537df830b8da63df27ea26b0601b214
64a06ffdbe7bae01c41f8fa7a56cd452,b1c56322e6f00020ee5089873b559e8d
64a06ffdbe7bae01c41f8fa7a56cd452,b2795d93765a095620cf29d49465e598
64a06ffdbe7bae01c41f8fa7a56cd452,b5dbeeb6dfa2f4af1c54a1dae10242eb
64cac86245e9e532fa0212080c31d693,75c8d68e13c4591905d34b822c85d743
64cac86245e9e532fa0212080c31d693,9295b4212327ff6097a50e28972ec9db
64cac86245e9e532fa0212080c31d693,a6d6875c2500a67b579c9609611de769
64cac86245e9e532fa0212080c31d693,b93ff050bc8cc544f875174d6c64d51a
64cac86245e9e532fa0212080c31d693,d8bd409a61eed0290d225be07489b42c
64cac86245e9e532fa0212080c31d693,ec2b16be29a1fce84d9787a5dff47794
64cac86245e9e532fa0212080c31d693,ee2401fb49c256d8f92e50dbf3a4d160
64d90b3948fd1db210cdb8dff8b2eb30,87cf4e97bcc31a285ddba25120bf140e
64db043f2c2814b23bf4ab270d314c48,a9fe74c84c6a29f3f86f1e4bda4ad7d4
64f148cdf7ba36c6107544e19a90fa0a,86bbddc93e463b8e0b20bd538ece6557
64f148cdf7ba36c6107544e19a90fa0a,ca0bda98342e725adce4feaaf294212a
64fe49807386b931ed51eb4bcef3d10c,6a4138d7e92a836eb7f0113f1ef2b38e
6506079f65c1d1d7d885c2e342e0ebdb,a7075c7d4b750f6839e3df7fb9d57dda
650a660cebdd881c9b33c28268e25acc,7903a31a443b6d24e8108326ff439ecb
650c0deebbbe8348f85ad827c87b51a3,dd064413ec19d34f4757b00c304e6a77
650f65386728bf749d5e69ecf298e179,a635d3da5d8e75bb173a86a93b3da27f
6516fe8a5ed07cfd37e25e8f7002c231,e858c1f793b70dced2e9dfb871a5bb77
65178f4d273c91549cb904540ec47e36,cc9273f8006d117d7b170ef57286d654
65178f4d273c91549cb904540ec47e36,fda1d2492169a08640185ce1247a770b
6521e896a54d9ccdd3d3e63636f786a2,654b128b41238fdab12f596d3d3919b4
6521e896a54d9ccdd3d3e63636f786a2,686ff61c48a67d7c7ba2334575ab2234
6521e896a54d9ccdd3d3e63636f786a2,e858c1f793b70dced2e9dfb871a5bb77
65257e6942e2f0b3dc505a9f354453e6,c5dff5750b32738480c11c03f93d67e2
65257e6942e2f0b3dc505a9f354453e6,f426bc0d6c6df6fc306a1afd12806757
652799a7ea760b9da43546710b4a91c9,83d9425780cb7121b249f5be3dd1d450
652799a7ea760b9da43546710b4a91c9,a163e814e3b752fe2193a809bbd31ff0
652799a7ea760b9da43546710b4a91c9,ac5baedada70df463383868d3ab9d22f
652799a7ea760b9da43546710b4a91c9,d48957e2e5bbef3743f68fce2931931c
652799a7ea760b9da43546710b4a91c9,fa5c020aad3a9dd727d5a75ee03e8841
655c17847d6e62f6d9baf4162a8aadfb,ef30a95b532ac2e96f74783d1494b50b
657350452dc32573ff4528b174561822,daffa6893d6a05ffffa53019d5220b46
657c9e1edcab0b071e0a90e817c309b0,707c2c7c28485ec474fe430348336c20
65874df14a29c790f693656ef64591b9,acefabe82bf515ac4a4189646da79bed
658b5f9d4b4e9c5d0c59748b8811ef4f,93ac3786acae5d6fc3eb9ae69ca9bc59
658b5f9d4b4e9c5d0c59748b8811ef4f,a3839811480baeaa381ce9fa93b8aaa6
658b5f9d4b4e9c5d0c59748b8811ef4f,c95bac74d204931d77f800edccaf6973
658b5f9d4b4e9c5d0c59748b8811ef4f,cc559dfddc4ab5140c16ba6d62336c9b
658b5f9d4b4e9c5d0c59748b8811ef4f,d4d3c2a6c0b7aab64bffd0ef3395e3d4
658b5f9d4b4e9c5d0c59748b8811ef4f,dc6c1bdb6de35d310eed4e79dfab7ea6
658b5f9d4b4e9c5d0c59748b8811ef4f,ec5c1f39fb64eb9a03be159e20859bcd
658b5f9d4b4e9c5d0c59748b8811ef4f,ef7d9791d731721fc678eed00a03c8b4
6591d453c15c2530214553a841007e01,ed49292f223f0a13f48dcc177619f60a
659f6cfc1ac00257e492026b9426f972,9465d6d1b3c7a25082697e224b6102fc
65adba58ac54d767b95d7e6054d7c1c3,96bbdb864d69565936887c39557fe458
65c5bd2e88fd9a2da98d0de46c1d9850,ee4df786c17b6a576c5045c8a4aeb2ef
65c6e749eb9eea4ab93ab38c7d4985aa,f2a9f282d96c7a0e721c5930c0158f8f
65d27fed70ca94c68b516ae42900b092,abab661282b24cdd1ce00199cabcf9eb
65fe18dd87aff8b8d6e21a29e96fafe3,7a78f20f7059cf755d69ffdbfc1e01eb
660160d7692d277987721e8863ece4e8,8ff6fb2aa420f892c0c187a875252661
660160d7692d277987721e8863ece4e8,9f0f0c5dd609b57f8a8109c8919bebd8
660160d7692d277987721e8863ece4e8,d52a12e5e9593aaa140bb174c5bf24ad
66087039a8a2002649e3ecef771b50d5,d79e2943afa8300b55736662220f339b
66087039a8a2002649e3ecef771b50d5,e96e9702db87c221c805a705a5db7ec8
66087039a8a2002649e3ecef771b50d5,f95e525fb7a00ea68401698b63b0278d
660d13e76df5cc9fa13c043870500e19,dab6491535e37c8aa91311ad3e7b4767
660d13e76df5cc9fa13c043870500e19,dc6c1bdb6de35d310eed4e79dfab7ea6
66127c1721464cd58d05a199ced013c6,d0f9d7f243ae625def545d3b94eaeabe
661501898e2114de3098dd4411a40d0d,9e7c020eac6293971d159d762b08e8e2
661501898e2114de3098dd4411a40d0d,a938a015d9656aa4de64f7020522e1bb
661501898e2114de3098dd4411a40d0d,cb9022a941d398f7720ddd662811460b
662c2e9d105e82dc111388f20c90a527,bf4144bb793dfbeb47d688dd63dd5174
6632bc355add2e7ac13ebba53bca17af,832589301b46a0a9028acff8afa12c32
663d13db5c18353f671cbeb3b891e550,961832130e578cdc180308d4a548d4c9
663d13db5c18353f671cbeb3b891e550,ae62455fe0118810d96cc1dfb6b12484
663e432d0c53112714e0d4378aa48a79,a8fc261dea9f5166c6a9e954d5f64e00
66425263701939bff0a4f2956f3b8957,70a8bc2ecd59715b15559f9bb5b49c59
664c689e288086d19a17b39caf7e2393,7c926f1048ffe4c4ecaec3380d4b860c
664c689e288086d19a17b39caf7e2393,94171d1df85f5aa8f642e73e845ceb28
664c689e288086d19a17b39caf7e2393,a5f14368b8713c3c300cb59a0610e7d8
664c689e288086d19a17b39caf7e2393,c1e92aaddf9cd0e83cf7634ff962b6a9
665e994136738144ed0ff21acc69e955,7700be37b55625bfc2515b120541dd0f
665e994136738144ed0ff21acc69e955,9685b75cccefdf53bfda8b69da7b5558
665e994136738144ed0ff21acc69e955,f833b28ae5d3ed27dbd67f2be29233f0
6664a2e3b1b7db80933258270636a025,baaa92840ed422cc62c6acc5d0c232ba
6664c21f4b36d7b06aa58f4c87bd0419,78488a8979e8bc301fc04e7ddd341b12
6664c21f4b36d7b06aa58f4c87bd0419,e2b4effc1257acf0b713c4a66df8c2b3
6664c21f4b36d7b06aa58f4c87bd0419,ee9ec69594d4b8be625e70e84c8981fd
6664c21f4b36d7b06aa58f4c87bd0419,f8da5aed9cd452f260eb4201da3d4e73
6665f3f01f5edba334dc7cbdc6bef2ee,7198a1fb4cae2d686712cf1f477735c7
6665f3f01f5edba334dc7cbdc6bef2ee,94db46c05c66619dde2db6072ee33677
6665f3f01f5edba334dc7cbdc6bef2ee,a1aec7d396971270ba267a0081129643
6677481748a8ccf7868f41ef2694586c,920bf7278fae992f3494a8e781a718d8
6677481748a8ccf7868f41ef2694586c,b8a5bdc378d2f25d90c42df932bd600a
667c8ff96fb7b9c7581fcd35491228f6,8a9e1ddd7f481627385bf97a201479d7
667c8ff96fb7b9c7581fcd35491228f6,a7853e132243e68f89f9e3f5ad1a7b98
667c8ff96fb7b9c7581fcd35491228f6,f9a3009b8f3fe034e0c3b11f045b5b98
66b0eb76a23e1f8b4cb77a77572607f8,7b38aa81bc4d0eb014025b332afafe3c
66b77d9115f7443de897ab23e91592f8,b75b298fd62afd5ef0af43c3af1d4321
66bc630504961cb341500e6bca5b9343,afd391694a3794948c54f7477b4a27db
66c479e5810ec786cf233f69a4021a33,6d6a12251fa4fb4eef4bd27623b72d0b
66c92bbb7432c0713b25ec00460e3900,6ddab823bb325598d88915438bce6f5a
66de0f82cf796bb5de3fb2a3e695d976,a47bc4cf6eaecdeb49e0438c316c33f5
66de0f82cf796bb5de3fb2a3e695d976,aad4623d796282d9df97d8ed60f35472
66e627ff333cc58a3cb1615cab253eb0,9805bf3695566755ea48a9b33e87a081
67006b3bab55be585a000e4617eb62b6,6954a4195be9968e4115e69000405516
67006b3bab55be585a000e4617eb62b6,ecf08e86ed430c3bc89bf74c75025396
67126b78c48426c1a5060acd8f9217b8,8af37f5618fb1fd7da834d4cedbca6ff
67148d559cb3a07a674efa30e9913866,7d7e5ba9ada8b45ae316b23492c108cd
67373ba7e861b58f0cc9c73d64634d6b,71ef06b9da200200801a7df5db7ca347
674b3d54aca9610a877152bdfe386cfd,e02ae97c7daebc86fd182699d91cd159
674b96907e806fe0d14fd3aa6962e687,d19761449a3b35ca5b266d810a568bce
674b96907e806fe0d14fd3aa6962e687,dd0c67127ba63491167b99b7d422efca
6768f12554431b021f7db3122ceea09a,74a07aa7b04c57b6badf72480f14c3b2
6768f12554431b021f7db3122ceea09a,9bbf4523ecad08d49ddd383516a94b42
6768f12554431b021f7db3122ceea09a,b71721e0f5f505a49762d762e814fcf2
676d8d30bfd42a0c6131090df6b1e258,c87cc1206c1384438cfea97ff6a86136
676d8d30bfd42a0c6131090df6b1e258,cc41089ea542ae3844fb021ee7ac2115
676d8d30bfd42a0c6131090df6b1e258,ece31ca566eb1d144d93011966e3a34a
678a16471d06bfdd35ce66a4e5a54a8c,b096405376b84c6ad0968f0a3472e518
679411e94c704593acf3b39a717f9959,8c91ccbe5acddb533e345cba432a520c
679411e94c704593acf3b39a717f9959,d033a65766f0b6f4b39c31bd0f823f60
67a9fa2c5dd55cf9cc54c551a1bdd837,a97d8899c3d1ca7947db7f6ea23e8826
67beed8f2eece46c879ff230bddaddd1,90f783f3e23ad129d6998a54ddc7c078
67beed8f2eece46c879ff230bddaddd1,e0b6dd50669691af21565784fd74f01b
67c7862dcf08faedd88e2aec85d463e7,7549b7439d64e162f43ff897ff267427
67ca342310ec14b8800b9199943d3b3a,6b2204839735cb7bf1081d46e8739da7
67ca342310ec14b8800b9199943d3b3a,a81e226fd81222d5633bc72eb6c5fc22
67ca342310ec14b8800b9199943d3b3a,bbcaaa9d2e93ed884c4f6d98f5eb59b0
67d9f57a073f56c00180f708619ab242,b307c071de27993306d0e89c141d3569
67db254274eaefb5b29eb94c6852e831,773dadfd06ac8bd2232d87d8733a4822
67f6872bbc38930dbfc68e3174a884db,6c11407f85e173d575fce251ca896826
67f6872bbc38930dbfc68e3174a884db,ba2fa0194dfd78ad4673738176553f62
67fea4773501ca4be8a1db1267f095fa,7f3e9b13382d842f077a72a55da067fe
67fea4773501ca4be8a1db1267f095fa,d13bed0d8720d314d888d3d4bc947338
6825dcbd15940ed51a6b651201b0b881,77849c12adeed19f69558909bc09d735
68396dbb5558caeed5af6a01f590195d,71a878b3781034052c6c3e2a9b326de5
68396dbb5558caeed5af6a01f590195d,c957bda0530390bf3570a37d4cd83d27
68458a6b30ec3d402863f77770acb018,74671fb64b7fe0d4c99bd88698bbece0
68458a6b30ec3d402863f77770acb018,d83c47bfaf015ce0e369200d56af1313
68458a6b30ec3d402863f77770acb018,f54a5f4b0a5bfd7511e0029de61778a3
6848826a0f86de13450a0ce8caf8878d,75eb6c7b69fa0f7c0d21c834bc3c96f6
6848826a0f86de13450a0ce8caf8878d,7decdf25ba6ccd1eb6e03872f4750ba8
6848826a0f86de13450a0ce8caf8878d,879bd4a5c00517b281b2d34a6449ec77
6848826a0f86de13450a0ce8caf8878d,9ef19c1ae522aec8a0c2d0484aaf7a02
6848826a0f86de13450a0ce8caf8878d,b096405376b84c6ad0968f0a3472e518
6848826a0f86de13450a0ce8caf8878d,b423d86ec7a9e11c671d08457eff7b7f
6848826a0f86de13450a0ce8caf8878d,b89f460595b07802372c72bd3b0a10e7
6848826a0f86de13450a0ce8caf8878d,bd0ed42cdc1816ae579dca0b344afef7
6848826a0f86de13450a0ce8caf8878d,c08eab8f5592b55a14025317c246a4ac
6848826a0f86de13450a0ce8caf8878d,df1af58d2919009bbb912b3dd34fc487
6848826a0f86de13450a0ce8caf8878d,f76fab5e5c775c75752cb28087683b5e
6848826a0f86de13450a0ce8caf8878d,fa269c4edbe8f08278339e1e5da079e9
684d8bf67c77a21b4b98f0ae29a0f8ca,8349f15ca9550d68aa10858c6399600c
684d8bf67c77a21b4b98f0ae29a0f8ca,8546eb75534eb92b1abb929c19c0e26f
68552b41099df703c708dbaab64d3f8f,8d48db1c54941f9369a10683a6c1f51f
68552b41099df703c708dbaab64d3f8f,aafa25d08c755a42e7bc379524653272
68552b41099df703c708dbaab64d3f8f,b672e51de2951608fceaededef64c0d4
68552b41099df703c708dbaab64d3f8f,ef1467b8676e931377d329e4f21b116a
685f7dd13c473b2b2c1cbcf858aff200,93eae7c30bf99ea0961848c4b342f6b3
685f7dd13c473b2b2c1cbcf858aff200,f40620875edc07e50139eac977a9bbfc
686ff61c48a67d7c7ba2334575ab2234,816b0709aab69e95fdba1c2c23c1c242
6877c399e63dac241e880a6ffad2ca3d,704a17ad5a940c5a86ecb202e612dd12
6877c399e63dac241e880a6ffad2ca3d,76dbe028e7ff780cf7c44cdd35391805
6877c399e63dac241e880a6ffad2ca3d,95ff32769e3b6643e3398395c8626037
6877c399e63dac241e880a6ffad2ca3d,c6d609e5755122be73006e3d1b12befa
6877c399e63dac241e880a6ffad2ca3d,d09fa69c6d5615c26aac2f825b8e7328
689e452af5c0387c729287ea98da2458,79e8ff79e3fc4a05ab6781d6cd2ffdde
68bdad0b4ea845955d262d6903a58e0b,e858c1f793b70dced2e9dfb871a5bb77
68c07d89f5ef058f6ef158ea9361940a,ed94f612b1b4a6377279a9323329b84c
68f4f7204f0f048b523546d56889c287,b4254bd552389c90cf311dac17dbe636
690ac08399bd33c58bdefb0da2cc2cd1,ca7d9c31ea380350dfffe67f5af5d3d1
690ac08399bd33c58bdefb0da2cc2cd1,ceceb99e84f5ba9f108af23e4fd2eb54
691c0a5868cbedd19a173cb28e442909,d1688de770ee23f858186b331f753007
692ae9f0de5851263f5390ff1a371963,86f24fd09684c0fb0323feed1cc1b600
692ae9f0de5851263f5390ff1a371963,b298035e3b84c091154a65785f4b7ea1
692ae9f0de5851263f5390ff1a371963,f2933e10b3594019fdadb9b46c80b371
692ae9f0de5851263f5390ff1a371963,fa3c8ab7e0077dd9c0b644ed56c9f3c5
6954a4195be9968e4115e69000405516,ecf08e86ed430c3bc89bf74c75025396
695f30bbd49e3dff658bb7bfe9490f54,eca390e5fff684d7929cfc8f7d704577
6962487ef3d7234e80b70e5a6f44c785,ab50bdc41ece620a5d29df3b54e4faa1
6972ef91296468f9df7cf22eb025cd7f,ee50dd654352e02ed8ea56aba896fb30
6975a5372a829149d72f8cfb440e2df4,c4ee48ad42ccdba8ede584a4b6f7be1b
69a7de4a14b1447840f24193c4ce48d0,c182a4ea213671336a9bd8a9812525f1
69ae859d2e541b3d8068045db3de6929,ae3230aa417a7af3e76db220d113b5f6
69ae859d2e541b3d8068045db3de6929,ffe535651d2f213222ed3629cd8f5e47
69af00e0a10a63c16573786ef8fb3333,9f4aa7ed6511856ed94cc46136c193fe
69c06784c533fad39815f464f11d1e14,d1c312b2b202bc91a17812185810eb8b
69c53cce956eef6c4ceb5ce96e74503e,d582cd6bb59124390d294110cc973a15
69d9a6131a0b122719cf80c501e045ee,ce6f3fa4a600821938339584305c32e6
69e56836cf0e6449a6132f8b2ed5bc9a,9bf4bf1d6d1a02dea0f6e37532cb83f5
69eab62ab9ea07efbb2c29cded64ffd3,d1b62d77d43a6d2e5a40ed2138193b55
69eab62ab9ea07efbb2c29cded64ffd3,d6403b1d29c47ba679809d3685f37a40
69eab62ab9ea07efbb2c29cded64ffd3,dcfeee7469220a57e8cb783c47b4a1f6
69eab62ab9ea07efbb2c29cded64ffd3,e06d8d1aadf11230288677f9517debbe
69f7cd2ac1a91f19c0a660bb486ee86b,8521a9e3597313e95ee42b88f9ea6bfb
69f7cd2ac1a91f19c0a660bb486ee86b,9b49c9052ac5a26468967291dea8f9b3
69f9124176353d8b82bdd1c99d8fb6e0,b8aacec1fe8a7e08a6ac7dbb53e9fcee
69fc511e44cf652a57dd5fa8e8976a4b,e9617aeba238a8e58179b7843aa85e5e
6a25e7e04d840af0d9053d8a0f7edb23,965b27b8b26a3f208b2e4793f88745cd
6a25e7e04d840af0d9053d8a0f7edb23,b1d71ab69b76625fbc45f24bedc20e9d
6a45b8c78da3254e325c1f2aafb52ba1,6b41ae306cd72288919afcc850f5fc78
6a45b8c78da3254e325c1f2aafb52ba1,a829e8b48aa1a25922e65543220695d9
6a4bad925ddb46a66ab22a13c1b66a42,84d23b8da3ced3c5b9eb3a0150462ff9
6a5b7eaa5db649b91b028a5546de44cd,8633318e594315c44846a27f15717b51
6a5b7eaa5db649b91b028a5546de44cd,8773f78b3d4bd8a6147229123f01c4da
6a5b7eaa5db649b91b028a5546de44cd,be3b0353b2d44fd7ca8edc2bc0e844a5
6a62937fe9d99e40958ee074b3361b84,adec226a5b4a7252506b1f79a1f93b5d
6a6a82e53ce45acb2475e8cfd225742a,a87850097693c4f5048a6e5bdc1e2b31
6a6a82e53ce45acb2475e8cfd225742a,a9dc942a9fcb1b2215cd6b339c76848d
6a6a82e53ce45acb2475e8cfd225742a,c1e5d0cbb42f4975410d72f4c181a246
6a6a82e53ce45acb2475e8cfd225742a,c5546998015953f631b2e9e116939a2c
6a6a82e53ce45acb2475e8cfd225742a,f0a7454555d52a667c6df22dc8a28bcc
6a7f5ff621d20a43a9d19340bef3db1a,7db14dc3058cc6ca81295011b4745b92
6a7f5ff621d20a43a9d19340bef3db1a,c23d5f76ef396a0f520ca6c677dccc1f
6a7f5ff621d20a43a9d19340bef3db1a,cdf07468d9c693794f1da0b9ba549c15
6a7f5ff621d20a43a9d19340bef3db1a,d44df7668f75c8f084cdada0a7a1aae0
6a8c7bc19f636f976ac52b10107ab523,bf602973156a9427a4b88f65eced58e6
6a8d3d3ab6930426e85da0aead56522a,7e55f3236897212fd518ccf28d83fc5c
6a924dca7ac6ff763635c0e8a8cd9e87,6fd70b63efd30234160a6dbc0986ecc4
6a924dca7ac6ff763635c0e8a8cd9e87,851a4ddd6a24ee4d009d3917011752c0
6a924dca7ac6ff763635c0e8a8cd9e87,8d676bc28b90c95e479e3c67fe86bdf2
6a924dca7ac6ff763635c0e8a8cd9e87,f1b038ffe94e51c73ace941b4b9f424d
6aa15d3e798155d92a0b818f8f454d87,7c36473502d7d9bdbf324f9926b99622
6ab5d624eef51dc2c1f4d8da9dff80a2,8f61417ac1bc5eef30b9124944d331b1
6abf1e5181f7cea63f01be7d9b5650e2,e65d0f73720bca4e659e8dcff9cbbd24
6ac048a47fe6abf40205dd46d4bfad09,7db14dc3058cc6ca81295011b4745b92
6ac048a47fe6abf40205dd46d4bfad09,81b4d775b96c465bff5c607f9b8c2a3d
6ac048a47fe6abf40205dd46d4bfad09,87cc0c8ec6896e79343c115fd584d429
6ac048a47fe6abf40205dd46d4bfad09,a02cf644bc5118e5e473829862bc5886
6ac048a47fe6abf40205dd46d4bfad09,a7a4b5bf23cb560d08106ef75e1c73f8
6ac048a47fe6abf40205dd46d4bfad09,aa7d4045e8d65f2e3db4551ee75de2c4
6ac048a47fe6abf40205dd46d4bfad09,c23d5f76ef396a0f520ca6c677dccc1f
6ac048a47fe6abf40205dd46d4bfad09,cdf07468d9c693794f1da0b9ba549c15
6ac048a47fe6abf40205dd46d4bfad09,d6feeaed5bb9195ac670b5692ba10104
6ac048a47fe6abf40205dd46d4bfad09,da2ae411a236d52fa1e62a224bb1e88a
6ac048a47fe6abf40205dd46d4bfad09,e4750dcc3268ebba356557f444761f9c
6ac048a47fe6abf40205dd46d4bfad09,ebc1919f45f9da5db0d468ce62cfdf50
6ac048a47fe6abf40205dd46d4bfad09,fabd6966abaabe52f19e44a088986cda
6acefa3103877a128d0b37c818efecd9,eebd7f9e9088870ea30fd3937d0b708d
6ad3b942cdda594f5cc6cf36606f141b,fa80b65f57adc72e1b657f53a89dc7f3
6ae106e0569f344a8839ab11c6a6111b,9eaa473b25525c86c47453b920ed0ec1
6ae317eed2e7e71ce28eae4569a6cf6c,6df0286035aaae77202ac84fa514b224
6ae317eed2e7e71ce28eae4569a6cf6c,8eb07d4a0953d94bd7bc5eb16fb6cec3
6ae317eed2e7e71ce28eae4569a6cf6c,91567517fd302f0ba3147b11748e1f7d
6ae317eed2e7e71ce28eae4569a6cf6c,a7853e132243e68f89f9e3f5ad1a7b98
6ae317eed2e7e71ce28eae4569a6cf6c,b3e926048cd435bca6873dbf96473813
6ae317eed2e7e71ce28eae4569a6cf6c,e20838a869a95a8e38684d08af9a9917
6aea2d0036007c7130b1bb521d1ded3c,cfadf7cffa2d344774d93d50b2374842
6afc30d00d5337eee773eed69af9f5d9,6afc30d00d5337eee773eed69af9f5d9
6afdc2b799d25ef6ea07bbd8a85f5405,f825c1b6f413fbd8cd2bf87b1b399130
6b09985e505959bea830f1e4cf4a5bd1,a83707c10e4bec50d83300de642539b6
6b09985e505959bea830f1e4cf4a5bd1,bfb6e3b4d1a2c9170ace41ed6d62abda
6b0e40840ba1974c7fbc9d1c6d3f2425,b862d21b21ea0abc1936cfd959209e84
6b1cd6862288f4a2c76934ee14c0159f,e5e43abfbbb05741b5b7b055b4054b77
6b1d6728a4480b0e8adb1ea93478029d,909f395f58d1d62cbf384c6051011a24
6b1d828cacd9a9833b94008ef9707fd7,abb5c87b5e80d3980d041972a0fde583
6b1d828cacd9a9833b94008ef9707fd7,ddb14232c61544c9923728d7de8d11fc
6b1e5fa83c3ed7c24bad2084eaf2118e,8d4c019cae4e889b20628528175e00f3
6b2204839735cb7bf1081d46e8739da7,6dcc8aa4af2134ce7044828c87f27adb
6b2204839735cb7bf1081d46e8739da7,7347006bef23608ecb88a568491077fc
6b2204839735cb7bf1081d46e8739da7,81583a4595ed738e7691ecf8368b6ee9
6b2204839735cb7bf1081d46e8739da7,88db18c4fe3fb8d742b009ed124814df
6b2204839735cb7bf1081d46e8739da7,903ef161be74ad92df91514a388c9d18
6b2204839735cb7bf1081d46e8739da7,96cb83561e6fc064114e01d8e61409ba
6b2204839735cb7bf1081d46e8739da7,987af5e91dc062d3718546b08e9da919
6b2204839735cb7bf1081d46e8739da7,9e0574b64f60d8f1600c5af749592769
6b2204839735cb7bf1081d46e8739da7,a42b5986ef7e1112d007e16f9ed93295
6b2204839735cb7bf1081d46e8739da7,a5a8b78b23ad7ca0237d4ed91a7abcd4
6b2204839735cb7bf1081d46e8739da7,a81e226fd81222d5633bc72eb6c5fc22
6b2204839735cb7bf1081d46e8739da7,a8606646d690c7d4be710cee875b24cd
6b2204839735cb7bf1081d46e8739da7,abd5061f0b79729f57fc97be4b321b7b
6b2204839735cb7bf1081d46e8739da7,bbcaaa9d2e93ed884c4f6d98f5eb59b0
6b2204839735cb7bf1081d46e8739da7,bda1af29723f36cd6472fd02e27858aa
6b2204839735cb7bf1081d46e8739da7,c0f67c4bb20a81ffcc0eb7d661dd7952
6b2204839735cb7bf1081d46e8739da7,c124b59f8b2fdb589666da86e331774a
6b2204839735cb7bf1081d46e8739da7,c2403a22fe6a59c1d0c946350d3b6389
6b2204839735cb7bf1081d46e8739da7,c25a3427fa7f8bea5ae163b3326d0276
6b2204839735cb7bf1081d46e8739da7,c476dac76ec39e90e277df25af0314d5
6b2204839735cb7bf1081d46e8739da7,c74ce6ff5fb728ca0f8f15d5bf4148f7
6b2204839735cb7bf1081d46e8739da7,caf5d6b688b058490025c2a8770c3ac0
6b2204839735cb7bf1081d46e8739da7,cb0e2651531f279da04eb486bb8d1eb6
6b2204839735cb7bf1081d46e8739da7,d57e17732051e1759e8f2a5423bdedd2
6b2204839735cb7bf1081d46e8739da7,d71230694f7572941cb75360c62a2395
6b2204839735cb7bf1081d46e8739da7,dcdf7ece5d1014e61891ddce19a2abaa
6b2204839735cb7bf1081d46e8739da7,e0308b5162a19719881c4e1fbfdd9bdc
6b2204839735cb7bf1081d46e8739da7,e561d76bd22a7b7d3445a90984e86796
6b2204839735cb7bf1081d46e8739da7,e735981d99dc64711814b7f11358db8c
6b2204839735cb7bf1081d46e8739da7,f8e49644403485fbb994158e859d9a0f
6b2204839735cb7bf1081d46e8739da7,fbdafc2bee82325846848ec68e13cd74
6b296b5221e9d5360aaa0a005a7c1a43,8dce35d6e6c1dfc2d10fca0f286874b2
6b296b5221e9d5360aaa0a005a7c1a43,df5e774c5cc0b10664d0fe7a28bc8041
6b41ae306cd72288919afcc850f5fc78,a829e8b48aa1a25922e65543220695d9
6b41ae306cd72288919afcc850f5fc78,acd41a14043477e17fd60d2e0771845a
6b41ae306cd72288919afcc850f5fc78,bc66beb31b66294b9c3e337a7e091bc4
6b41ae306cd72288919afcc850f5fc78,f1fb7742a7eafe8073459ed92686b9c1
6b6c43cc9c47dc8fe372bd05e5252da0,a04f4a09bc2b544ded1c72448acab83d
6b6c43cc9c47dc8fe372bd05e5252da0,ac30501be6d236a299f34f3cf954b7f6
6b6c43cc9c47dc8fe372bd05e5252da0,b28ecd267a8b6f7bac5bc4959c66be49
6b6c43cc9c47dc8fe372bd05e5252da0,ca4d41b8d403af7db6136532ab8c32bf
6b735895d191d108d3a52db3bdfbea06,a81e226fd81222d5633bc72eb6c5fc22
6b735895d191d108d3a52db3bdfbea06,b2b75252e1a50bf2bf2d5b2f77db098b
6b735895d191d108d3a52db3bdfbea06,b7ddfa2a4ff23acd8383acf1d022754e
6b7b2030e3627f54c06dde5d18005a36,a31fccfa52e8d675404391c09c66785d
6b8f0e379a57872c348b253221de54be,afad97e691ced4bfab2183b11fd5b506
6b9e9367d08076cce7becea16846b057,bc35b46dbf468b3dd7ae13582acec3d9
6b9e9367d08076cce7becea16846b057,f6ae051ea509b49908458b6867fbc95a
6baff615c5e4a1c900ffb812ebfd8ac5,d5e06f21e92e900f8266d485f6207fbc
6bf0707aed51ac3b9237aa1539b339ca,d719ef4b0e9ad84aa0594fa94215d2ff
6bfda613379edd38c4595d0bbb083eca,ce97dfb66e6f4b7076164454bee42a54
6bfda613379edd38c4595d0bbb083eca,fda1d2492169a08640185ce1247a770b
6bfe99c3e40cba6a01ca90ff24a38e3c,96e3b0f7d342e961f1ee5f5f7c5acdd0
6c04d81986e2e67603646a80c81ea1d4,b3874525798c6314ed6799db15614185
6c0cd4db7966b6cc16e8a880da4328e1,bb6126b09ffed022edf8dd07efdbb333
6c11407f85e173d575fce251ca896826,ba2fa0194dfd78ad4673738176553f62
6c1fd231728de966470f989a3190745a,bcd53bce5ce711a86beb51d143c4018e
6c249b25da231d7b127d58d7ff75777c,8633da9614c309e13b452d9b6b58e6f2
6c249b25da231d7b127d58d7ff75777c,fddacd6cccfe690d97f75d7315b9cb40
6c427e2dbb0f25967c6f1cd47b0b07f3,bcb40c75c241d44382cafeab4751fa6f
6c427e2dbb0f25967c6f1cd47b0b07f3,f23c5f27a7041422b54844302fcbb70c
6c4c28835ff3a9a9b4da43c0f2fd6b76,89fd5af843107367fe78cc0f4824b297
6c5c0ffd9de0c310c657a7c704463000,86ae1707b7701aec2ed778ae6a97085f
6c7b723c49dcafa908babc48df7e43fb,c07407125a7e94f931165848da6087ff
6c849e5e345c607ce1eb250cf1ff7efe,731ec8e18239ffbbc9db1015d4ae66c1
6c849e5e345c607ce1eb250cf1ff7efe,8efb4958da36233be182e9ce33729211
6c8c2f7ed9283d859cc37da1410b2f60,e74ae8ab7ed6219ead7ffbdf12cd7f95
6c8c2f7ed9283d859cc37da1410b2f60,eeaa5aa3550d60ab50add10930bd4e5b
6c8f8375c93cc3d14648042a813b36ba,bddd23e531ad03a8676eb587fd08ceaa
6c93ace2bef747168db689ee2308a3fb,773dadfd06ac8bd2232d87d8733a4822
6c93ace2bef747168db689ee2308a3fb,84e4b00ad39e0f4eb1849438c99c36a2
6c9b31c125f7104ef3fa488f6dd4d50f,af8b102e29eb563082b60b7909252eec
6ca2da07ccb1b9b8f100d6fda305db1d,bdc0b3824db495eebb4dabf6dea3c9c9
6ca2da07ccb1b9b8f100d6fda305db1d,d032125cd17b2775a23521942a7c76ab
6cb6c1f388f9c404e0f100dbcf69c536,f736c24e8d532389bbd5489d8c79aae4
6cbc11b19d3ab8c4cfee1ea49bf8ad60,c6b748c1215bf44dec34bd187e7af95d
6cc004d9bd057af613600f014272a5c4,d5a2b771e9accc54452cddc2320cb8b5
6cc4ba78f1462b5510b3c780c4fb4678,99e913f9d64d69d00a099227c76ea741
6ce3500860006ed85b98840fa233fe9d,dd0108386e6e4ecbff8f9ecc467fd6e7
6ce3500860006ed85b98840fa233fe9d,ea6965ca77aaae53cce744eb20749166
6ce3500860006ed85b98840fa233fe9d,f1fb7742a7eafe8073459ed92686b9c1
6cf061ac29b611b7d592621689817282,c060322fa6ab23dae97130cc5d949e76
6d01d72f9fb806ed364518b3925bc587,a574ab5606fbb13ec16c75ed7bde0628
6d01d72f9fb806ed364518b3925bc587,dcf788217e59d0694628c4f29744dcf1
6d01d72f9fb806ed364518b3925bc587,fa269c4edbe8f08278339e1e5da079e9
6d03abfd93cfba76141861d654e1a94d,8e7b5480156d5b27f3f962cf7231f1e3
6d03abfd93cfba76141861d654e1a94d,9b401b716387fb6b8d9bf46c2882e696
6d03abfd93cfba76141861d654e1a94d,a87850097693c4f5048a6e5bdc1e2b31
6d03abfd93cfba76141861d654e1a94d,a9af2700ef761e22e334b9c172cedee5
6d03abfd93cfba76141861d654e1a94d,a9dc942a9fcb1b2215cd6b339c76848d
6d03abfd93cfba76141861d654e1a94d,c6ec25b24256f6e1f902a29416ab964e
6d03abfd93cfba76141861d654e1a94d,e8d14b09b08840dcdfaf1d3983d6df51
6d03abfd93cfba76141861d654e1a94d,f0a7454555d52a667c6df22dc8a28bcc
6d03abfd93cfba76141861d654e1a94d,f1c0e8776928a9cf507eea55f424076d
6d03abfd93cfba76141861d654e1a94d,fb5643b20582ba68d8da8a8dca24c4fa
6d03abfd93cfba76141861d654e1a94d,fefa98da8db666ce806d4af04be8e6fa
6d074909bd6068f1d0943335e3f1d297,c2c745df2080ca10e2dd52e9a7a6f408
6d0e7510529b6461ac14a7abd26ef823,f70a1a5b31e46f411b3e52bd8ff6d156
6d4bdfe75f3d20d8f698ad18af7eb3aa,f172522f8d78a9114f5b9aa7aecc95de
6d65e9884cc8ba18b26a107c43b4826a,9093c9f0385ffc476777fb03235b8669
6d6a12251fa4fb4eef4bd27623b72d0b,78cfafe46539035c9c07cde1d366dbfa
6d6a12251fa4fb4eef4bd27623b72d0b,b0f1758d5977c434fcda344528e16078
6d6a12251fa4fb4eef4bd27623b72d0b,d04a96fd90320cb13f882592b7004909
6d6a12251fa4fb4eef4bd27623b72d0b,e228cd5155f2eaf1a084c611ef5d3ce7
6d6a12251fa4fb4eef4bd27623b72d0b,e56eb26720a66bda0db4e7709adeaab4
6d88b0a984c9cfd3209dec391e3cb484,e23b0827be60d9992f88a4dbbc2fb76a
6d8fcf7c342950df2ff53571e4c5ad8c,f3b631e0e5352156923366830f6d5c67
6db56524d971e1099a29851b24b9743f,b693878035f34516d7d8a0b8d3cc2439
6db56524d971e1099a29851b24b9743f,bba138ce77530517e9b7ad6f0f882358
6db56524d971e1099a29851b24b9743f,d7b59130b16968900ae93d26e51a21da
6db56524d971e1099a29851b24b9743f,ebd956c708ca3964639be74f97a5baf3
6dcc8aa4af2134ce7044828c87f27adb,a81e226fd81222d5633bc72eb6c5fc22
6dcc8aa4af2134ce7044828c87f27adb,bbcaaa9d2e93ed884c4f6d98f5eb59b0
6dcc8aa4af2134ce7044828c87f27adb,c0f67c4bb20a81ffcc0eb7d661dd7952
6dd3e877ab4c0a573cccd00c33e9d7c3,b071f07acc09b5a5b86427fcffa8dc58
6dd62c9f7f3eb6430b7f5974704de67e,75968c1bf845c7e10bc1e9b9a10d7bcb
6dd62c9f7f3eb6430b7f5974704de67e,ffe535651d2f213222ed3629cd8f5e47
6dd78c95d897e43a44b745fc2815d8ce,da15f5e3442074ecd7398aec6025b146
6dd78c95d897e43a44b745fc2815d8ce,ee34c620c14d7cfd46884238fbf330f9
6dd97c785e262e995fc4f1f54b267ad7,7814adfdd0c6e64c2ece8058825bd6f8
6dd97c785e262e995fc4f1f54b267ad7,b72df5aefeccc1a7018726a21574aa8b
6dd97c785e262e995fc4f1f54b267ad7,c18fc475698eccb48bb3ce1d6c91db25
6ddd02f14607e8fbc9a9f68b9ec3a025,c7253773bb0b3dba563d818076400178
6de821562fe4d7aaafb765f126522713,92c80e34247a472d0779e539324b42a9
6df0286035aaae77202ac84fa514b224,8eb07d4a0953d94bd7bc5eb16fb6cec3
6df0286035aaae77202ac84fa514b224,91567517fd302f0ba3147b11748e1f7d
6df0286035aaae77202ac84fa514b224,a7853e132243e68f89f9e3f5ad1a7b98
6df0286035aaae77202ac84fa514b224,b3e926048cd435bca6873dbf96473813
6df0286035aaae77202ac84fa514b224,e20838a869a95a8e38684d08af9a9917
6df45efaf7162a8048012bb8a3e89f2b,900c2a5c0f66b2a19fafb5fe53bfa04b
6df45efaf7162a8048012bb8a3e89f2b,f3710d84c6dfe78a789deae694bd1e9e
6e145febd40b0d569426d5654ae42975,a48e2b1d13225ea13e661e4c72207da9
6e1c24eb887a494c1173abac5c0e6faf,d4be5c7e46fc15161bde8af350a4397f
6e47051f5142cead8552c310e3233a11,a90700b34cd3b37f8133fe3d2b8550e9
6e47051f5142cead8552c310e3233a11,c43827a1e4e0b5036ed0d7608d296b06
6e57f50bf9c121eba8fe44895fc0b2e7,a3839811480baeaa381ce9fa93b8aaa6
6e57f50bf9c121eba8fe44895fc0b2e7,c95bac74d204931d77f800edccaf6973
6e57f50bf9c121eba8fe44895fc0b2e7,cc559dfddc4ab5140c16ba6d62336c9b
6e57f50bf9c121eba8fe44895fc0b2e7,cf4f6abcd6efb7ec010cb93a042f9f74
6e57f50bf9c121eba8fe44895fc0b2e7,d4d3c2a6c0b7aab64bffd0ef3395e3d4
6e57f50bf9c121eba8fe44895fc0b2e7,e8b8f1a7a5455727e0556610731d3bad
6e6c05b7545f74bc0aa65d003a8bb8dc,dd4d48c4ddcbb72361dccb3613a2b3ad
6e6e7eabd3a46313879854c6cf697738,884afad1ae344aad2e86ff53183fc455
6e6e7eabd3a46313879854c6cf697738,ec7265b2cc9cb902d9da3e36b30e7ab9
6e73bd57ab51103f73c12283b91671ea,ae0bd686897f4ecd8189afefd7641d20
6e7c0b9338e02e8d5c08c787fde91d34,89d89960ecccc6e605f07d2461689e87
6e7c0b9338e02e8d5c08c787fde91d34,de1d32db5aaf424ac65ac0ea5cc20400
6e7df8afed1f30f2bb9e338c050b6336,7a0131d8f540c8e898e6872fff7ce2f6
6e7df8afed1f30f2bb9e338c050b6336,fa05a214b2ba3bbc44d68393952161c6
6e7df8afed1f30f2bb9e338c050b6336,fcf60865beaacdd1d880648233618fe8
6e852ee4dfd4c4046f17e851a94eb17a,b696a8445fde8558c5ecbb3aa7500ad1
6e89812240827f6c459883c6014805f8,73dc77fe998b45dd279a9600a53d79ca
6e89812240827f6c459883c6014805f8,9685b75cccefdf53bfda8b69da7b5558
6e8cd142d6836de2f7866476615e9dd0,a70362c182fd7ac5836979c4fa76ffe0
6eb8e5bb9032bdc4de442c5b8e7be82e,7c12b3331e3b92c412f53dfd9f6ab4bd
6ebe3c94bf5a966dd0b9164234ca2e14,846ef7921281863cd964c39c405dc4e6
6ed6705a2348a7fdfc15dc931db0bbd9,a245ea86c0ac17130134fc4b7d7928eb
6eeb08c59a2765e53093fac0de908212,c169a0dd25c68f093f815a364f605945
6eee1f2420271d60e3f05c7a5bd4b964,eaa05ea65a07b353e5199efdc43c150c
6efef51d7e999d5159536db1d0a8061f,e54c8a6b18994cdaa9cc07b35e3cf7e7
6f08e066cc70e8007e076a92762af97d,a5e2345a7bb4edcfe2cacee140c6eadc
6f1a70c3075213c94d16150f58d48c35,a0f4ad6445a658ee56e81fae6cc43b90
6f1a70c3075213c94d16150f58d48c35,ad4adb98442547bedda170941f0a1d15
6f1be1af45e5512b10752cae258ffccd,e0394d4beb8b7701b865d3f15284d49c
6f1c8d845295baf5e0fd3e78d91b4d6a,bc37d6b5739c780b26752d5448237bb8
6f21a52706d2170fb21ad0f07b8d667f,b23a329251cf5f4a847cd7c227058e2f
6f2e52134192608f060340abfc31a0bf,df06ced1fc85698eb3836e9a7fa4d495
6f4046201af8cdc445b433477dc894ae,e0bc445137c4097325344a9fbf641b24
6f42b60c3f9acecff0c307e5dd1abecf,8a2201148a2afddc746890b87045bf93
6f42b60c3f9acecff0c307e5dd1abecf,bde5fec4da8fea2ef48165b2ef38afdc
6f4607c3d3f389e3ff308e34685e305e,8191c778f2235edd3f412d79084e0eb5
6f4607c3d3f389e3ff308e34685e305e,b713fba008fd920122cd33e23f9ac11f
6f4607c3d3f389e3ff308e34685e305e,c6aa4eaa991e19fd16cf2d0c4d1ba304
6f4607c3d3f389e3ff308e34685e305e,ce607380b620a5a0223f5ff6ae2d2609
6f4607c3d3f389e3ff308e34685e305e,d768a8e09bcc94d291061cadab0f58ec
6f4607c3d3f389e3ff308e34685e305e,e59220d22a745e04ac4e3f4d11ca50ca
6f53740d687acef22719fc25614d41ab,b3f9436ff6b19a49532fc17c7da91d02
6f63455dce0953c00f1de6b4d963e6ae,7cc1202554e1c58bc4210a5e372268dc
6f98a135dd9a3808399cd40512d5d128,d3a804fdd586ed711be09bf73614877b
6fa99aaaf286a0948abf592ca8409da4,edd7fbcae3c1edb5d2cfce52ae005472
6fab3a5e0ea7d69076f4691da69f29d8,83362ecf7dce06ef7a54b33f1ce1b267
6fab3a5e0ea7d69076f4691da69f29d8,a5336ece7cffb84a73a42cebd1fcba08
6fb89e40b1a687cd53a8a6de466e9e42,907e0b6e48fa4272a201ea805eb5f45b
6fba60424da412c45cbbe7db0e0e214f,9e78645ed7e2be4f5caa916b80605696
6fba60424da412c45cbbe7db0e0e214f,e823b9b6f7635e1dde9e1cf327c004e3
6feaddf5365191dc0afed411105b2da2,89e302d2b9fabfd1d9fd62fce606be3c
6fef38ed391f087141236ef154744ab4,d013415cf5abfde786a6f466edd1ac0b
6ff14e6dc24ff3fc9706d0d9b8df98b1,8eb6e1a342be9a2f07d6047fd1670f78
6ff7a2169e984d2def27ef399ae87ce0,9174b85737ef2225178e3b724ff32b77
702e6a38dbbc50b1cb6d255a8db50e87,b8790671c8e232546d53ccfed6590be1
70318409b284941bb46ac2cc6c707a0c,8b18e91dba95c3e6640dfbec565acf52
70318409b284941bb46ac2cc6c707a0c,da25f670e8f880bd60ea8a3c40163e0f
70379bf57d7eb4ad7a9d7c5cfad5244d,88db18c4fe3fb8d742b009ed124814df
70379bf57d7eb4ad7a9d7c5cfad5244d,a074673b02953b09c357cc5914bfb151
70379bf57d7eb4ad7a9d7c5cfad5244d,a29f8ec621122bf5beab36a13a8e9626
70379bf57d7eb4ad7a9d7c5cfad5244d,a82b84c238f1a479678e1bd644e2dd9a
70379bf57d7eb4ad7a9d7c5cfad5244d,c0dcd81f36e89fab09890ac5ce60fe10
70379bf57d7eb4ad7a9d7c5cfad5244d,c58ccb658c4519f493938cfff5ab721f
70379bf57d7eb4ad7a9d7c5cfad5244d,ca122a196e7915c33b0d647a70f3b534
70379bf57d7eb4ad7a9d7c5cfad5244d,e9497c13fa24ade6845f9f2af96c493d
704a17ad5a940c5a86ecb202e612dd12,76dbe028e7ff780cf7c44cdd35391805
704a17ad5a940c5a86ecb202e612dd12,95ff32769e3b6643e3398395c8626037
704a17ad5a940c5a86ecb202e612dd12,c6d609e5755122be73006e3d1b12befa
704a17ad5a940c5a86ecb202e612dd12,d09fa69c6d5615c26aac2f825b8e7328
707d80991eb05c2fbb7b8614bd71349e,e0d99544566b56a49cc74ffc6abc5e8a
7089d37be3aea7b1d6efea5d3d846707,9d3d19167e9d629bc57c7609bc736f12
70b7fb3f8d9312acd50e682334e92cc2,feb2fd753037a96eb66fc8efffda5230
70c556af3ca4c3b8b74690c07ff57250,9b32079edb99a8893dcd8de3dd0b6592
70d01c99dd5dd902d12520a070eca93e,7a5c1740fb398eab6114b503f744f05e
70d01c99dd5dd902d12520a070eca93e,9f05ee219f35e0b185c450793d6f2831
70e1ca5e21e3a0bd1115afc16e597fc6,e0d99544566b56a49cc74ffc6abc5e8a
70ef1d398381723a38550e197abdc28f,aa3627720e7ef96ca5b444025e5aa267
70ef1d398381723a38550e197abdc28f,f73ff2cf14e1f66eec643d3f1bfe386b
71018f655e5dc71f59a6a3f03601e4a0,fae4ad35181d4f3d9d6e732326641c3f
7118b93e7be16ef9a8be061e0d8b994c,7118b93e7be16ef9a8be061e0d8b994c
712ee6c6c8fea662d99138de193ec990,ebdf4a21f83a17ff6af0335e967271e6
714869fc82a9ae37e2acc4cfff326f7f,881098a73a6848afa98245d34bbc7d48
714869fc82a9ae37e2acc4cfff326f7f,d36d64f8d55e97a42a89f47b13647d47
714869fc82a9ae37e2acc4cfff326f7f,dd9f5522ac2d0eb6971062c501bb1540
71623449141570fa4f2421b75e835119,778b5dd32d1e00e2fd6a8e77bef3cfbc
71623449141570fa4f2421b75e835119,ac070a8ff0d455ad75a97754906dc66a
7177d560bc2ffebe61387797507288a0,c86b64a5debbce8580af2ecfc1b38faf
718c92c20be998989840e342568bade8,cca85321f73708373cf3e99bbe88166f
718e28ddaa679e4738610524403ab4de,936090b487118653e3c30ae8e61b231f
7198a1fb4cae2d686712cf1f477735c7,94db46c05c66619dde2db6072ee33677
7198a1fb4cae2d686712cf1f477735c7,a1aec7d396971270ba267a0081129643
719a10676e802bb756657a5fec860bda,85805e059ec3be60a15a02b26486cb3c
71a878b3781034052c6c3e2a9b326de5,90a21d08c783904fce1a94a3d0d97e65
71a878b3781034052c6c3e2a9b326de5,959caeeb834444b7e766e397b39287a1
71a878b3781034052c6c3e2a9b326de5,d5a4f0800cd1c0c3e1773006521dba88
71a9b4a726e853d0a572ecbc9cc5a4a5,78a9e1b3a0fc3f3a18bb94a27587b147
71a9b4a726e853d0a572ecbc9cc5a4a5,7b0f962c79a73027d9781d9a961a91d7
71a9b4a726e853d0a572ecbc9cc5a4a5,f21ccf8b9b8dcd7c01b3cd50b0523340
71bb0dd7e5d89c760bcd2827f600d149,ab881782c88831fea578d4ded4d205c9
71ccd4cd27e112333b59a4437cbce33c,73006099b0a99eb2aa9e8f6c46be1dcd
71ccd4cd27e112333b59a4437cbce33c,a6e647fb14d01b1c924ee4503f5af10d
71ccd4cd27e112333b59a4437cbce33c,add2eb9d32cdfbba9162790643a5c455
71ccd4cd27e112333b59a4437cbce33c,d8994e1cb94f0da41819c189fc5f3918
71d9dfec4ea0ef9fbc6ecfbb699487fa,fcd241dbced3090b39ea68604cca5586
71ea073239258408e8b0cf6c88bd57b4,fe56e48d1143f9afe2334ba5c10ec147
7211472a7eed702c90d92cf8da31d7bf,e6bde0997de34dbf185103f8c7baf23b
721be4a9ed6b76f7f600e94a0148a647,d64607c0522628b4c665c17cd16d0a56
721be4a9ed6b76f7f600e94a0148a647,e0d99544566b56a49cc74ffc6abc5e8a
721be4a9ed6b76f7f600e94a0148a647,e5757767ed01148b66c773f5a8b892a7
721c4a3b310642a78151309efc8544f7,81d381542d6a865183828760d3cf4b82
721c4a3b310642a78151309efc8544f7,929bf9bae6be91ab859c08caacf8cd9e
72204ddbd5df6290b236a7a2171b94df,7b87c8eafc63a15acd915525234c2cf8
723713c6a52f103866426f05cd2765d9,d33bae3b0c51ca96921a3874ae57652e
723713c6a52f103866426f05cd2765d9,fd396f341df6b2df793ecdf8c79cc0d4
723782dd6ec8aa6cb69b41b9deb00868,c05e1ed0acd7a80391969764dd43e66b
7257243e6458e2dff4e0695ab94d0a34,73eadd8349d1b807e33ef87e27f0c743
72594714bd273859f9ff01e3e1dd1592,aa2d369247db3118866c3985bc34b61e
72a7b2cd501dbd937b1a370527d25b0b,913caf25c5dccceca869f76d6995912b
72b1065256f5bbec20bb226d9c03541d,7519f18f0fc45c4fb2eed9c6fc734433
72b693118c807e102dc9c4b5b9491324,7a8bed26051335705ba38347c1487a6d
72b693118c807e102dc9c4b5b9491324,91e6b4583ceff8993883b7dc26b31921
72b693118c807e102dc9c4b5b9491324,c34e13fe02a8126687f5f19da029760c
72c807f5a04ad29b97f5dc1e2b776ad8,8f4a216c8f8cb9cf1ed8b2ae8afd693c
72c807f5a04ad29b97f5dc1e2b776ad8,90d2adaf51f7d679d11f062070472790
72d684dc74ead3afaa38a79f7f97c3c2,ac5bc2af31ef94712f413849147f6d5b
72d684dc74ead3afaa38a79f7f97c3c2,d2feb62aef46e32262240278e7003972
72e2e4e1b5e601c34072dc3ec0dfd3f4,9d28686312f4fb09e5935896c826a507
72e2e4e1b5e601c34072dc3ec0dfd3f4,d92338c6200b400005140260da514ef6
73006099b0a99eb2aa9e8f6c46be1dcd,7cfdce786453cd7935af476cf190b703
73006099b0a99eb2aa9e8f6c46be1dcd,827ce232042b96ac9e62ad3e2ff6453b
73006099b0a99eb2aa9e8f6c46be1dcd,8d6e9993574cdeddf75f36cbe7f2a69e
73006099b0a99eb2aa9e8f6c46be1dcd,9e41b035e684a3afcf789e4f16d3ff5d
73006099b0a99eb2aa9e8f6c46be1dcd,a6e647fb14d01b1c924ee4503f5af10d
73006099b0a99eb2aa9e8f6c46be1dcd,add2eb9d32cdfbba9162790643a5c455
73006099b0a99eb2aa9e8f6c46be1dcd,af54dffa8468b90ce10fea588c303b2d
73006099b0a99eb2aa9e8f6c46be1dcd,cc5c387a552e83b6f59fac73684406af
73006099b0a99eb2aa9e8f6c46be1dcd,d8994e1cb94f0da41819c189fc5f3918
73006099b0a99eb2aa9e8f6c46be1dcd,d8a134675ed03cba6eff4453b77a1aef
73006099b0a99eb2aa9e8f6c46be1dcd,dae58ccf0fdb5feb005e91d5af157d7f
73006099b0a99eb2aa9e8f6c46be1dcd,e5ee4f4bcc280b421302f07e79241039
73006099b0a99eb2aa9e8f6c46be1dcd,f70b6b0d66b009ec1d523baaed4cb983
73006099b0a99eb2aa9e8f6c46be1dcd,fc3a10f48843831aa74bc1a8ff610df6
731a2ae3dd1ace0238c37be03ee0140b,bfd02b7ad03355958593cad44112b2e5
731e0c2a7057554fdad6e54ca7081c4f,84c3cecb4ddf7dd6441ce197c960f31a
731e0c2a7057554fdad6e54ca7081c4f,b784ee884837d6f8a8dd033ab71583da
731ec8e18239ffbbc9db1015d4ae66c1,8efb4958da36233be182e9ce33729211
731fa783fb3b32b0e3aeaf90ff255ac3,a74b96cce75e60ca753cf373403bad4b
731fa783fb3b32b0e3aeaf90ff255ac3,cb6edb231f0bf9dd5308a2e8ae2dad90
732086653f776c9992a99cb87038458d,af42bed76f614419d588eb3c65769f97
7323e57f4c3aa6bc6ca3e624e034ba9c,c727041f7d7dea096e27b061dde5594a
732415fabf975040d7caad3473735a29,e76f3f729ed60b699de98d2925cfeea4
732415fabf975040d7caad3473735a29,effb5a71a3fcb8048829d8edae58f1eb
732415fabf975040d7caad3473735a29,f4275370bcd350e410dcab1cf308d929
7325821c315648f995ea4a13c7fd6d3c,e65a21c370aaac5540ac84a49e6358ff
73281c08bb37ca0fa6cf380ce1c74fc2,cdf07468d9c693794f1da0b9ba549c15
7347006bef23608ecb88a568491077fc,a81e226fd81222d5633bc72eb6c5fc22
7347006bef23608ecb88a568491077fc,bbcaaa9d2e93ed884c4f6d98f5eb59b0
7352d982d66f42dfb72e359bd614ff86,b071f07acc09b5a5b86427fcffa8dc58
7352d982d66f42dfb72e359bd614ff86,ed443b9bb3dc1f219596b07cec53827d
7357bf348690335179df27f4b5f1da60,e0d99544566b56a49cc74ffc6abc5e8a
736b7ed1182e70dfc645702b2ee32ce1,e7c2a6f3bb671d0a596a1cfc7808923e
737455788d812d8f32fed1ac95f1fbc5,928b1c575fa6019e734deb3aa2a32147
738ea33ec6d5bf82d0b3912dceecd96c,831121b20c1d8f6d8b76376e9d9e1f5f
738ea33ec6d5bf82d0b3912dceecd96c,bfbfaad1a40ecbb183ddef3b9890e1fd
739dcd5af9cc51b815c81a4583b39a42,c2a15eeb2c95d6cab304b18ae1e99bb2
73a8c920dc6050b44c96e67f385fa147,b746cbeb2549ea57c86a0901461676f5
73a8c920dc6050b44c96e67f385fa147,f4b076b7088125bcb9a71a9a70c93d0d
73c9af7130ce28b9e1618696dc28aaf8,73c9af7130ce28b9e1618696dc28aaf8
73c9af7130ce28b9e1618696dc28aaf8,92d316d91bff778a3ce6ce14e78006fd
73c9af7130ce28b9e1618696dc28aaf8,934c22ac03dca120d37f25e8933b6922
73c9af7130ce28b9e1618696dc28aaf8,a567088a9a7e93263bf6fca37574c887
73cec25f6c0dec434bdc1cc1378932af,cee4b1a4f960ad09d7630d68f268c1f3
73dc77fe998b45dd279a9600a53d79ca,9685b75cccefdf53bfda8b69da7b5558
73e11f5cab9db02844dbf1c9c18b4ae6,774df337ba55553095756ec61294b031
73e11f5cab9db02844dbf1c9c18b4ae6,c9890e4e2c3870549cd32c99b39f8b01
73e11f5cab9db02844dbf1c9c18b4ae6,dd686118d5aadf4ba3a88dc537aaccc5
73eadd8349d1b807e33ef87e27f0c743,8fa42f25a3cbaae8ed739f176e425d31
7420afd9d5fea286202eaf92ba575958,fc8eec931d6350d3667fb6db63fb65b6
742c0d1a1d3035f45a411c910a88fb23,bf6145cd8811b6417f83d4d7d25c1c73
744f5ac7a90ad9e1e17478dc55fa1f84,744f5ac7a90ad9e1e17478dc55fa1f84
745feabf5bebb5bc7b4d47019649f206,81210d60db135d208df7d314f3edb52f
745feabf5bebb5bc7b4d47019649f206,c470b1cb3ea4c591c46c541a86a6176d
74661d4b4d26215a0f76bc7380eab462,841782ffaec7c84b641c0a0607bdb7b2
74671fb64b7fe0d4c99bd88698bbece0,d83c47bfaf015ce0e369200d56af1313
74671fb64b7fe0d4c99bd88698bbece0,f54a5f4b0a5bfd7511e0029de61778a3
74a07aa7b04c57b6badf72480f14c3b2,9bbf4523ecad08d49ddd383516a94b42
74a07aa7b04c57b6badf72480f14c3b2,b71721e0f5f505a49762d762e814fcf2
74b2896364ad8d791db52e7235e41bf9,81391e2f09e6d9eff628b680e6cf2cba
74ca9177ed3dd6b6ef53ca7354bad7d6,76a0ca795e814ec88ce97635136ef1dd
74ca9177ed3dd6b6ef53ca7354bad7d6,a9de332d1117a9ce4dbde57ede1a0da2
74ca9177ed3dd6b6ef53ca7354bad7d6,f10b1294a16d33eed59799877cd9e844
74dfec7ffb0beae07af947004b7fcb26,930659bbccb79567549c6c762a1422c2
74dfec7ffb0beae07af947004b7fcb26,98f1f017f8695e00e050c10a73bbb947
74dfec7ffb0beae07af947004b7fcb26,f445295d3a26f1d4f554e18d641a982e
74e07a6361c0319a0251bef9b0c1a63b,82e686f73939c8fb05441625ee8766ce
74e37bbbe7b2168fb1be6ed81b9ddb9c,ebed222fce814d4927efba768e4e1418
74eb6eb21c642ac3d8b217b8f1a2c882,77d7329ed5147d01195129a4d907cc62
74eb6eb21c642ac3d8b217b8f1a2c882,90f89bb967b0fec49e4f87f2048da886
74eb6eb21c642ac3d8b217b8f1a2c882,eebd7f9e9088870ea30fd3937d0b708d
7502479ddd5e444648cc386b3e96a2dc,7e694360c6f90bd2c9eae4b153d73e26
75071bea36d755bea912dd72b8e775ba,adb62d5464b98a367fcc3fb7b9196d81
75072f36ed07384e44083b0e8a57278f,88d5a8c000423193c0c2b81cc6f06a24
75072f36ed07384e44083b0e8a57278f,9b91eb24d6cf5cca62e14b6190091437
750b0315cf2ca2473fa00e2ca0f56e1b,a3b3a215df31f13d4e945e4a05ab1779
750e877acf05acf51751630ef0389a45,a81e226fd81222d5633bc72eb6c5fc22
752424bf44aa868c6589e37cf2ed1e3a,84c45a71b83b550acc444f41bedc62d3
752424bf44aa868c6589e37cf2ed1e3a,aaae7a7f70066143d50e9c6a4a4a9cfd
752424bf44aa868c6589e37cf2ed1e3a,ad999ee7df648e78a172cd108c9b6b8b
752424bf44aa868c6589e37cf2ed1e3a,be0718b8be64533d732274d0ee2f21ba
752424bf44aa868c6589e37cf2ed1e3a,deced0987baaf024bf721895125c72c2
752424bf44aa868c6589e37cf2ed1e3a,f62a7583d3feddd4a43e616f74cf29c5
752424bf44aa868c6589e37cf2ed1e3a,fe0bac08f92aef9b78691fc7780dbedd
75258d485f50fa0515111b55be9d632f,9876f0f04c02a4a793357228545febf6
7526bc993e917deb6c85bc1f157c3025,cf95b9e051c032dbf7a7889c61c3f61f
7526bc993e917deb6c85bc1f157c3025,ed99733c79b18e33b9497f8c23a5aace
7526bc993e917deb6c85bc1f157c3025,f02e9b352f48a365743a62d8c45e957d
752a2f6a8e94747d6b9c54e399391dd8,b6e78c57b5ee25ea891db8558552acd9
752a2f6a8e94747d6b9c54e399391dd8,fe2fd330b5cfee237f4e43366112404b
752b39cd66d6c5fba9c2aae705945a09,c12c32a5b04fe6981cf1ce9204c33dce
752b39cd66d6c5fba9c2aae705945a09,f7738d04ed15f28d0cb5f615612f3865
754155aa758a99e78a526d2ef860bc9a,87f2170faaae0a550680aef2604c8d5e
754155aa758a99e78a526d2ef860bc9a,ba900506bb0b80cdd41a31088e439a29
75480b158d8596f4ac22c642182c99bd,83e489d0b8e05abb65c05f6e6ae8f3e0
7549b7439d64e162f43ff897ff267427,cdb7714108d402baab6cfbfddee42895
75602e62c3373d25f992ccfeccd0212f,d81db5bb287c444517c1284bfc4d7a01
75968c1bf845c7e10bc1e9b9a10d7bcb,e345f7de0a861bc022233c780f67ac3a
75968c1bf845c7e10bc1e9b9a10d7bcb,e8f1ab78f0246f788ffd632044dd2263
759903f5ed025451f56dcc35e5480fe8,ee23e8199fa5558304d5fe670c566a79
75b8f4f359ddfd91585f5c3e4c6a2fc5,c4352fa43ffa5e1335e1dd64258f8969
75ba2fadf1e2da106e9888aecf9dd402,e1b46dac40e0024c3e75ce041155f7a1
75bf43cee51f0a9432930e3c3ce88e18,828546919a50bc03b6606e8b818d1505
75bf43cee51f0a9432930e3c3ce88e18,a287ca113e90bd5dd710278979549c2a
75c3a36384eb4ee9b18d4414dd7da463,8915cd7ce19d0cf1e4008f6d4d695c85
75c3a36384eb4ee9b18d4414dd7da463,e69901144ab62793342c9d1a1fae6eb5
75c8d68e13c4591905d34b822c85d743,9295b4212327ff6097a50e28972ec9db
75c8d68e13c4591905d34b822c85d743,930a9aea88b7dc0340c3e68930aa8a54
75c8d68e13c4591905d34b822c85d743,a6d6875c2500a67b579c9609611de769
75c8d68e13c4591905d34b822c85d743,a8b7deaea229639f100b43ab224cb10f
75c8d68e13c4591905d34b822c85d743,b93ff050bc8cc544f875174d6c64d51a
75c8d68e13c4591905d34b822c85d743,d8bd409a61eed0290d225be07489b42c
75c8d68e13c4591905d34b822c85d743,d94fa88e494e1d82c5df818537e7ebf4
75c8d68e13c4591905d34b822c85d743,def0912b5f1c659fda8f276d54ed282d
75c8d68e13c4591905d34b822c85d743,ec2b16be29a1fce84d9787a5dff47794
75c8d68e13c4591905d34b822c85d743,ee2401fb49c256d8f92e50dbf3a4d160
75e804448e116f675c71d1ef55f34139,838f6fff15a99363c682ae6b06cc5832
75e84b8cc9f3ba23d8dc8d8b591140ba,7b756f8a893f3b85e135c8e94a41619d
75e84b8cc9f3ba23d8dc8d8b591140ba,9c7734c469874858b6d46e57c949e25d
75e84b8cc9f3ba23d8dc8d8b591140ba,9e415cd3fd1b02da273146b6a9968264
75e84b8cc9f3ba23d8dc8d8b591140ba,f1bf1446f7d2ce23c54a8606d8cab366
75eb6c7b69fa0f7c0d21c834bc3c96f6,97c58da5f8e92c33566e7295f219666f
75eb6c7b69fa0f7c0d21c834bc3c96f6,b096405376b84c6ad0968f0a3472e518
75eb6c7b69fa0f7c0d21c834bc3c96f6,ea5196bc0fbccf3eaf48451a024db989
75f13ebee96ab8962c7410a911bc46a1,8af37f5618fb1fd7da834d4cedbca6ff
75f13ebee96ab8962c7410a911bc46a1,bc29617aac27456f2b1879d346ec6fe6
75f13ebee96ab8962c7410a911bc46a1,da3d9717247fdfd57f6431db8cef985d
764602e2620deefbe34dbc296b8cd24f,e8904dbc2213dc51f89aaa36f610edff
764602e2620deefbe34dbc296b8cd24f,f661ea1880a15845935177323a617d82
7649352df6b54c3b0b21b182a96dc6b1,c65508332c15fcc2c7f7a072379d54f5
764aeb7f1083401367075e130120e4e8,92d2b0f4cfdaf5204d0d62e2dfcb985b
764aeb7f1083401367075e130120e4e8,bc8a7317caa3335783c9bdc81875693c
764aeb7f1083401367075e130120e4e8,ddf6cdf3569af4d328c9740a86e73c28
764aeb7f1083401367075e130120e4e8,fab3d75e3eab49a188c4b8f838983a9b
76589898e89520d1463f550930b39bae,cd0aa57dde9f300f51a940c20271ecba
76589898e89520d1463f550930b39bae,fd0d9390729d7fe2d7dae1c7b2792401
765c646e6c6ddbacd622329895ae4542,b15229634594351d21db17c07dad06af
765c646e6c6ddbacd622329895ae4542,d8d5db7e1210be9b4d499ef1249a4889
765d74d7ccfda6ff83159ea0cbc6c0f0,a5557e8568a2491a7f2880d90e6655df
767022acb2fc3b5a9502216580b9cd7e,bee6247383798a15bc629a4a620bc5f0
7679bb8b03d60f08be3bf3e391aa0aa4,8c5bee983382072f09485c65f7a7cc1c
7679bb8b03d60f08be3bf3e391aa0aa4,ddb7416d3080bc32a7ff6bb4ca1796fe
767ab51879581339a1eec77c79b55ac9,a89de0a3281cdf47bbbc3f2e55be9599
76a0ca795e814ec88ce97635136ef1dd,bbc8438430dd30b3da2a6cba4311bcb7
76be71b9f7000bab060407e8404b76e1,cb6b5c776a4aa399624b4fcc336fce39
76dbe028e7ff780cf7c44cdd35391805,95ff32769e3b6643e3398395c8626037
76dbe028e7ff780cf7c44cdd35391805,c1e5d0cbb42f4975410d72f4c181a246
76dbe028e7ff780cf7c44cdd35391805,c5546998015953f631b2e9e116939a2c
76dbe028e7ff780cf7c44cdd35391805,c6d609e5755122be73006e3d1b12befa
76dbe028e7ff780cf7c44cdd35391805,d09fa69c6d5615c26aac2f825b8e7328
76e231f950588128cc2ba3123459d1df,a0e664a7eb8858c75afbaf165d680048
76e231f950588128cc2ba3123459d1df,d7994d56d87a0ce0f8ea3dd3b98b6795
76e231f950588128cc2ba3123459d1df,f8da5aed9cd452f260eb4201da3d4e73
76fa2b6d23e5da8244516b025a63269a,7d770336f170ce3c605cd5a97c1080bf
7700be37b55625bfc2515b120541dd0f,9685b75cccefdf53bfda8b69da7b5558
77077b93a7d5644e3814e068f8597ed3,fae4ad35181d4f3d9d6e732326641c3f
773dadfd06ac8bd2232d87d8733a4822,84e4b00ad39e0f4eb1849438c99c36a2
774df337ba55553095756ec61294b031,b01f14f1eef610973b57d066aea7a323
774df337ba55553095756ec61294b031,b096405376b84c6ad0968f0a3472e518
774df337ba55553095756ec61294b031,cc18f108b1a774d0b2458c949fe3da4c
774df337ba55553095756ec61294b031,f87e352d8f1f9d945483edb3ee36bbcc
77686676714cf37ae814485122714117,bb06c2d514fdc26f8e2d79667383ce3e
7780ee0b536dc68f132b0f21232eb5fa,851a4ddd6a24ee4d009d3917011752c0
7780ee0b536dc68f132b0f21232eb5fa,c57fd4711b2a4b4afce8dc744bb7a4e3
7780ee0b536dc68f132b0f21232eb5fa,fc4955ae07d5fe38a4198ea26dbf5f50
779dc8047dbe5209a77ea0f12011e5f9,b64fca484fc8c4677e361b6fd4724d82
779dc8047dbe5209a77ea0f12011e5f9,f79dba7e0497196a5e02c1684fd12b38
779f88de628defa5011fa7209f351e6e,9365ff70f52e7dc6e266ba91974d7fe2
779f88de628defa5011fa7209f351e6e,9e525b37574d76dcde2f47fc6a52f03f
779f88de628defa5011fa7209f351e6e,cfef82f1013185ddfb7fca9fea7532dd
779f88de628defa5011fa7209f351e6e,ea921ceab67192c220ae194089cd5d18
779f88de628defa5011fa7209f351e6e,ecabab77248a428d3fd07dfbad19d7bd
77aecee62c45ef7f3e1e575ee65c890d,db87c5a3871e58af641e793332f86a98
77c674042ba1f8075a46d0772337a33b,bff152e2eb21b7499d2f93da066029e7
77c674042ba1f8075a46d0772337a33b,e6e26290c935d2b459b36a2b8ba564e8
77d7329ed5147d01195129a4d907cc62,90f89bb967b0fec49e4f87f2048da886
77d7329ed5147d01195129a4d907cc62,e38f5edc747a8b11180a01e57eef3d9f
77ed074f31829bdb57a5785d51f3984c,adec226a5b4a7252506b1f79a1f93b5d
780c84a5eb6267b5f7711f87fffd92be,b023d247f46c87880e90b894fb14037e
781d2bf0d1c1e4c85e3e174c1d479cf3,7da6357cb4ca1da6da00bd5719381fb8
781d2bf0d1c1e4c85e3e174c1d479cf3,8bb345b50e49226bc3330847c381787a
781d2bf0d1c1e4c85e3e174c1d479cf3,9f1b75dccb1a238f4a8ae0d565f890a9
781d2bf0d1c1e4c85e3e174c1d479cf3,b8ce43fd290a2cafdc4dc4c8325f4d50
781d2bf0d1c1e4c85e3e174c1d479cf3,bbd09e3b3ff37766ae55b524ffc61a98
781d2bf0d1c1e4c85e3e174c1d479cf3,dcb6021ebbfc2a397f46b09e664fdc2f
781d2bf0d1c1e4c85e3e174c1d479cf3,f652cacc70fd4b73d0018133549690c7
78283a27a28cac36b7b01a28518ff291,aadbde3efa2522d0258c803c715cc686
783001f47fac0b50136f2a12c7568379,783001f47fac0b50136f2a12c7568379
78488a8979e8bc301fc04e7ddd341b12,e2b4effc1257acf0b713c4a66df8c2b3
78488a8979e8bc301fc04e7ddd341b12,ee9ec69594d4b8be625e70e84c8981fd
78488a8979e8bc301fc04e7ddd341b12,f8da5aed9cd452f260eb4201da3d4e73
78490f9b817a482466e196e88c1ad578,bf0a4170ed81393bed07006b44f42c0b
7852446015754e1c7677c282d20577d2,add2eb9d32cdfbba9162790643a5c455
7852446015754e1c7677c282d20577d2,c6cf48b70770ea3f1d5bd1614cb13c63
7852446015754e1c7677c282d20577d2,d8994e1cb94f0da41819c189fc5f3918
78552a1ce617f0823c7f2c0079a3d82b,9b203bcfc03f055d7b441b66cf484631
786260f5d2f8580598d983c80f0ec6d4,f942084c00c298b9c84fafeed8a367fe
787807b75474793262300268ba886b23,7f2ef911e0d7435e5fe634202c89d4ed
78a9e1b3a0fc3f3a18bb94a27587b147,bc94858259eb423f10a37da22d37ec8c
78adbf9930263cecfa7bfeef52d96558,d2feb62aef46e32262240278e7003972
78af3dcf23a2865ed71c43da8306b467,82df97cddba895e29506838a8d4e5954
78af3dcf23a2865ed71c43da8306b467,86677a5b7d07df62dd09d31ba48a0dad
78af3dcf23a2865ed71c43da8306b467,8a1217870f9c867611b7cfaf42bf301b
78af3dcf23a2865ed71c43da8306b467,d3d7747bc38da6a6f016857617139edb
78c238cb39f9ad607115285f867271f2,80c99181ae4100defc93e53e5dc536bf
78c238cb39f9ad607115285f867271f2,89baea1d1f994dd15309edfaf4894a96
78d9827457e20bb441a620bca88384a7,b096405376b84c6ad0968f0a3472e518
78da84ff140662df50c61cc020b264db,e174e9add3175598b92fd30a4bb51903
78e1353f17ec9d6a714394aa60ff6735,7e8ef76c1368e3804a180bf9ddbc71a8
78e1353f17ec9d6a714394aa60ff6735,85a8451316d527b2542d5b4784c21f73
78e1353f17ec9d6a714394aa60ff6735,912356a679ba499e4a5d11eaa1849567
78e1353f17ec9d6a714394aa60ff6735,92601e2d3548a477033dec636d4cd843
78e1353f17ec9d6a714394aa60ff6735,a7669d6fc8f46d263cc895a3e955cfe8
78e1353f17ec9d6a714394aa60ff6735,a95bf7744fe6cd8c8c1cf61da46db3c8
78e1353f17ec9d6a714394aa60ff6735,bbcccdbd0ae0458cf52a8077ec2e0f42
78e1353f17ec9d6a714394aa60ff6735,d947e045407dd3f82ef6a90b4ea053ff
78e1353f17ec9d6a714394aa60ff6735,dfceed03a74e93db23209672b08ab262
78e1353f17ec9d6a714394aa60ff6735,e0bc445137c4097325344a9fbf641b24
78e1353f17ec9d6a714394aa60ff6735,e79f617a9123f418b3a73d51c9ae7f83
78e1353f17ec9d6a714394aa60ff6735,f84fdcf165aa220c2668e7460dd9ee12
78efd3a1f46e345c9bea996ab2311e11,da29ce17cce1623248ab3f7308137880
78f093109425bdd7462d8e7a5d26eb79,ce585fde1d28dffa2a516fc28d5c5a95
78f4b6b4e1b8b3e28309dd5b4c310b54,f3b90a6938e9f27112a0413c74a3663e
78f4b6b4e1b8b3e28309dd5b4c310b54,f426bc0d6c6df6fc306a1afd12806757
79030a595c486659db6240d0d7aee7d8,869be278053a87e804389c017aadfe2b
790616874b04859ab18651b7f9f05a0c,a9506bf795861476243d99a8726f717b
790db9f6fb24c137260dc3c4561826fc,ee685b2d458f2182222af875c9fcc275
79106e01bbb60bbf828cc857ad814634,9c9716656bdc63bc8d0cbc104b887be4
79275ffa38ed0720abf909530752afd0,7d663d903b3f706a498b5c1c5c259998
79275ffa38ed0720abf909530752afd0,e0bc445137c4097325344a9fbf641b24
794832937efec8d6df766701283ac05d,80a0fc761c3c3555f81b5b60e23200da
794832937efec8d6df766701283ac05d,8dd2b3d03c91e7c0193e6994b542603c
794832937efec8d6df766701283ac05d,c21e50f9fd1148952f63c89880751b13
794832937efec8d6df766701283ac05d,e70105d7788a5d736ae6805a7f230521
7967c9588afb91454f80b72ef8362e21,c2342fb8f6ee140aa300c8bf82f4c76c
79980f3da6bc9bce11aaedf02917a9bb,ef5fb9528061bb83b314e149f6a8e146
799c32d0208ca998fe2d8f3e63855adb,a51795ba616250d296a1d3cfaf181733
79b7bf00f2a017254009a5a80a589d41,8192d14f6a450bed4f817643efa072b4
79baa117fc5c8bc2a239bf40552d4a34,cbd2fce9315eb4b218d8d2f0181baceb
79bf1e2f699567d21949e381680fbff2,8f7b1097ac3725ee9ce2e0b36b332f7a
79c4d5cb0376708a323ba94319db4b81,9d56ab4172c82b077fd198859a28c067
79ca87e47cf8c39bdae40eec96ff0bc5,7b756f8a893f3b85e135c8e94a41619d
79ca87e47cf8c39bdae40eec96ff0bc5,ad06a4e56e82de266a9731daa3df6596
79ca87e47cf8c39bdae40eec96ff0bc5,f426bc0d6c6df6fc306a1afd12806757
79ca87e47cf8c39bdae40eec96ff0bc5,f982d1adff1e61f8f04c2d0d196e8633
79d51a62135a822084eebf33d8cb9f78,a04ccaf5c5b8b62a5d1f38dd93425039
79d9cf5d96c6a25c8caba9f3ba9541a2,80022811da1c49d03b1d2774f572ce2d
79dd24aec300ce31c640d7a2748134d1,a23afefcc58fab4091c71fd63cf868e5
79df9ea4d76446a38178a1f0189f6aa0,80a827a3b5dc3148d98193ac49c29d63
7a0131d8f540c8e898e6872fff7ce2f6,fa05a214b2ba3bbc44d68393952161c6
7a0131d8f540c8e898e6872fff7ce2f6,fcf60865beaacdd1d880648233618fe8
7a02d1cdd5d544455d1f9eb96d6bd1e9,fdbbde291c897cdbe6c2ff1fc43cada9
7a097d21f10b953290e17f15ad5ff11a,b8faa13603b72f54a57a016db1c58375
7a287c268232826b52d12ac566f12990,7d7be23b2a86c727bc0708a481d68991
7a2926bffcff0118c669d30a211ec786,a81e226fd81222d5633bc72eb6c5fc22
7a2926bffcff0118c669d30a211ec786,bbcaaa9d2e93ed884c4f6d98f5eb59b0
7a2926bffcff0118c669d30a211ec786,be7094eea2cd8da5a9eb5b309b537aa8
7a2cb772f41833c2c71948af402ae493,c18fc475698eccb48bb3ce1d6c91db25
7a3343c6bee437af4c1d5420328fc083,858be7e5e5479c9af49636cd58d0e4a7
7a3343c6bee437af4c1d5420328fc083,f21bed3cd1821772b30e440cc4be0917
7a45b1a4323523868e7439718d6dfc93,c9de702776b70bcae5549b7fd7339e9b
7a45b1a4323523868e7439718d6dfc93,d52a12e5e9593aaa140bb174c5bf24ad
7a45b1a4323523868e7439718d6dfc93,ef8e863afda0721b7e4f4fe9c92dab3b
7a5c1740fb398eab6114b503f744f05e,9f05ee219f35e0b185c450793d6f2831
7a63fa6b77758dcec8fc80254c2b0ebc,d04dda5de1a0fc3e3b8e9fdc6e065b7d
7a6e416263fce9a51661c232ebbcad44,b20c4cc096928661540abf393a64ed7b
7a79dbb9b47c832a08d3eae2eae7569a,c35488c2af86442edda26e746e87c008
7a8454644b0fded29be496fa33efcd1a,8dadf628d3c1f0993229af709f22069e
7a8454644b0fded29be496fa33efcd1a,915a7d2ee3e4e5fe9142544114f0d936
7a8454644b0fded29be496fa33efcd1a,cbddf3fcada90b0e0382e43c872af1f6
7a8454644b0fded29be496fa33efcd1a,d861c5d33e7bf1cea5887ce5b709ea79
7a8bed26051335705ba38347c1487a6d,91e6b4583ceff8993883b7dc26b31921
7a8bed26051335705ba38347c1487a6d,c34e13fe02a8126687f5f19da029760c
7aaf626bd71f4016eab49a709acf7f80,fb5a8793926011249e897ddfaee648a7
7ab75fec3dbb294caa781fc7b2564031,f3811f5fd15d25fea677979027cf749d
7ac9f9da83916c57defd14d706a030fb,ca03be750993312a74fa826e6baeedf4
7ac9f9da83916c57defd14d706a030fb,f87e5a7c356404543af4e87034b3f8ba
7af5ed27c185c78417461d0ca71f946c,96ce69de16906d7b6bd3bbd9aa938c3e
7af5ed27c185c78417461d0ca71f946c,d45ed8e308890382615c07d77eeafcf0
7b2099e36778d9b074b0878819930e5f,a8fc261dea9f5166c6a9e954d5f64e00
7b3632666ed752692265d2cbe3030fa0,7da14324d5b1eb89657cf43344ddc5b8
7b3632666ed752692265d2cbe3030fa0,8cf5b24fd4bdbe54c87f15a0ef203ce9
7b3632666ed752692265d2cbe3030fa0,9ae89785dbc5af7fa6977fdb5d86c6f4
7b3632666ed752692265d2cbe3030fa0,d86e536df9847a9e7366e5b3f6800fd8
7b3632666ed752692265d2cbe3030fa0,ee330415b10b76ad5fc46ab08e9032cf
7b3f235a3e6c009dc6932aa08850bfca,ac69efd04c360222631df134bbfabec5
7b5c823d06843b98cd8b7a43677fd2e2,8a5b6113f6bc63c89a2369ae912efa20
7b5c823d06843b98cd8b7a43677fd2e2,ed64cc654b16706044d253a7e102a819
7b756f8a893f3b85e135c8e94a41619d,91427d7994e6341c50c7b1dc68e0b25a
7b756f8a893f3b85e135c8e94a41619d,926d89b53600a0f1e4a48e2260850407
7b756f8a893f3b85e135c8e94a41619d,9e415cd3fd1b02da273146b6a9968264
7b756f8a893f3b85e135c8e94a41619d,baed6ecbf410e0733d971dd391506679
7b756f8a893f3b85e135c8e94a41619d,efcdfee5a00d4f9d4bfa1e187e32cd0a
7b756f8a893f3b85e135c8e94a41619d,f8e49644403485fbb994158e859d9a0f
7b77eefda0feb53c488f474fbf70c3e6,93593738bbf8cabbda5a70df81032f32
7b77eefda0feb53c488f474fbf70c3e6,bf7cf4d325634eba01e37448d9d3be99
7b77eefda0feb53c488f474fbf70c3e6,fa269c4edbe8f08278339e1e5da079e9
7b847f4e54a71b0f4f6bac967284fd46,7ceab1d8c5c9e94e482b6719f82fc092
7b847f4e54a71b0f4f6bac967284fd46,9e04a2209f453b8c6f5bf29e3816d770
7b847f4e54a71b0f4f6bac967284fd46,a0aaf9c0f0db6f4ec50ebc21f29f4031
7b847f4e54a71b0f4f6bac967284fd46,fabb3273d11be554bc31d1b8ae0409e6
7b857ab6901c379cc434d41801f89535,daf692390472c452ad881ae5ceb98414
7b857ab6901c379cc434d41801f89535,db0bd07766b8a65a90f0f22c0d5d188c
7b857ab6901c379cc434d41801f89535,f76746e78c7e82f50ec3ae82a469273c
7b9406cc24e40a8233d1672486b0b581,7e8ef76c1368e3804a180bf9ddbc71a8
7b9406cc24e40a8233d1672486b0b581,850f62beaf67818389de892eb0c4c4a8
7b9406cc24e40a8233d1672486b0b581,85a8451316d527b2542d5b4784c21f73
7b9406cc24e40a8233d1672486b0b581,912356a679ba499e4a5d11eaa1849567
7b9406cc24e40a8233d1672486b0b581,a1e95a7e2a033fb15b6e8ac9896fc065
7b9406cc24e40a8233d1672486b0b581,a95bf7744fe6cd8c8c1cf61da46db3c8
7b9406cc24e40a8233d1672486b0b581,aaf20efb4e625e63fe2ea93abc7b5f2d
7b9406cc24e40a8233d1672486b0b581,b325abfefc80a5abb7a8d27334f7e4f5
7b9406cc24e40a8233d1672486b0b581,d4fe2c0b8d29ae7dcea508d05fcad947
7b9406cc24e40a8233d1672486b0b581,d838203a9aa3ec7d77132d3bdbc0805c
7b9406cc24e40a8233d1672486b0b581,e0bc445137c4097325344a9fbf641b24
7b9406cc24e40a8233d1672486b0b581,f84fdcf165aa220c2668e7460dd9ee12
7b9eede6e35b116c7dfd0b15b2f074c3,d16b699cad191c561ed9ff3a44b02bd0
7b9eede6e35b116c7dfd0b15b2f074c3,e3e28b8d935f9ac58631cd03b6b2423d
7ba3d3197fabccfebba19d2c510b1765,b4b1bf424703a4f4ce5ed100619e90c9
7bae8461d5f1ccd3fe892ea8fd12b109,7e59bb5efb56faa1c173048f5e0726ff
7bae8461d5f1ccd3fe892ea8fd12b109,f118605c396c86673832a8bbc65a7d8e
7baf6f8a1051ff358befc4886c7183a4,9876f0f04c02a4a793357228545febf6
7bb2b923fd48f322f1c96477b9af9bdd,c5b26fffc2f65780005a672388a656c5
7bf717c723032dae086344aed2b07719,dbdb34405ff21339aa771387b895644c
7c0c3707e53f236e5a51761fadb2c864,fe15115a1f6322755c88591b460d84bc
7c27253e96880baf61cda093335a5641,b9cc1d237c663c6ed4a5a7ce1e65ffae
7c3450a279ddeb48c10ca019dae8c6f7,a45d0bb0f6b8ef11a0fcf9be9e9fcbd7
7c530b3e13c3abb5fac664c9ec21ca1d,86008b0952b81094dcb78becd3794da1
7c530b3e13c3abb5fac664c9ec21ca1d,a5371a05eac5e6d8bea61810a7e060e8
7c530b3e13c3abb5fac664c9ec21ca1d,a741b4ff5d81ff3fb5b2668865e8f7c5
7c530b3e13c3abb5fac664c9ec21ca1d,bbb03f034fe6a0f3d829188cc98051c0
7c530b3e13c3abb5fac664c9ec21ca1d,e9526deac156f2fa53be1ec8077b6e96
7c530b3e13c3abb5fac664c9ec21ca1d,f38136c67e1c22359fbc7fcb9f5b0603
7c5462f0308b96294b9bec56626b3326,c1cfeefc277b3e17b18f93772be6889a
7c5c41544614cce536958e9f4ae4dee5,e441a1d164439f682dc40b707d913514
7c5c41544614cce536958e9f4ae4dee5,e93a2bc2e0ed048a5a9699a064a4b7d1
7c5c593811687180825206d8d0ca5ce0,99d9620d5a3044e6cf8468bf4fc045ec
7c5c593811687180825206d8d0ca5ce0,da48369b25c26e8532ac104e493aa3d2
7c64efb78df6c3a80eed13c3d737ba3c,b7b786331f1ea41a9357879138365276
7c7c1a3f524e86e887400722ff422c72,e3919335406f87b55404d2d97605371d
7c7e0ec460e766660d07cea38aca8b62,c754d0dbb6fd6dd331f8517158acbb3e
7c89f0f5f23ce09d7b46cff7b465dc7f,c6b3df7bf3ca375fe71a3b1a224a21bd
7c926f1048ffe4c4ecaec3380d4b860c,89c919a7ffa937e9d338c61c1a8ece1b
7c926f1048ffe4c4ecaec3380d4b860c,94171d1df85f5aa8f642e73e845ceb28
7c926f1048ffe4c4ecaec3380d4b860c,a5f14368b8713c3c300cb59a0610e7d8
7c926f1048ffe4c4ecaec3380d4b860c,c1e92aaddf9cd0e83cf7634ff962b6a9
7c9650984fd513a94e1b39310aa51f80,94767b8910afec20f6cabeb5ff03fbfd
7c9650984fd513a94e1b39310aa51f80,c63360c51f673347d31310d05d5ddd80
7c9795f96e4745302042fa2971e6c745,d1cd5a89e6af815edbd2b1c3acec6491
7c9795f96e4745302042fa2971e6c745,ebfb63beebfe52279ac94abb427050cc
7c99a523ab8a9e012ec5e1ed61fb1da1,e5dc3bba16f8a6001b287e1ebe2fcb0b
7ca5d2ee885037b6240e641aee88654b,a6641e0454806c3e267f382f29963b3c
7cafbd1a0d26853d44651f4aa8c7d869,8b64e934896810b06d7c1318d4985058
7cb9a798c51ee027ac2b35129cfa2a08,9f812f0731df6aa00b1f1bee73e1781e
7cb9a798c51ee027ac2b35129cfa2a08,e06e0ee60dadd2bef960edc7f60b6dff
7cc08efc392f615a7b3013470eb7c1c3,f38d45660d881e036f68ca94d300804c
7cc38cc52986017227ecef0a73194558,931fc8352c9041b205270a087ba486c8
7cc38cc52986017227ecef0a73194558,bf9d11833da053a5759560e3ebcce830
7cc38cc52986017227ecef0a73194558,e2235f123e9d134e064707e85848f013
7ceab1d8c5c9e94e482b6719f82fc092,9b427aa900fa8c136d673fdc0ecbe11d
7ceab1d8c5c9e94e482b6719f82fc092,9cba45d6262ae07eee464b459e911e6d
7ceab1d8c5c9e94e482b6719f82fc092,a0aaf9c0f0db6f4ec50ebc21f29f4031
7ceab1d8c5c9e94e482b6719f82fc092,a0f19b403cc9d881c124895eb7917b0b
7ceab1d8c5c9e94e482b6719f82fc092,d3d06266891a1b2d807e65b6d1b085df
7ced6ffe2caf812def3f08024bc7ad73,86b59338dfc4a83cfc532ef60f84b726
7cf153f524d5ee01e2624d322eaa0f49,7da14324d5b1eb89657cf43344ddc5b8
7cfdce786453cd7935af476cf190b703,a6e647fb14d01b1c924ee4503f5af10d
7cfdce786453cd7935af476cf190b703,add2eb9d32cdfbba9162790643a5c455
7cfdce786453cd7935af476cf190b703,d8994e1cb94f0da41819c189fc5f3918
7d0d57ce8562fae1ee8cb223bf889ef9,8aefac10c8f6546a3de709bfc721f4e9
7d0feb8376fcd7b28bfc88c8b9d8d7cb,af42bed76f614419d588eb3c65769f97
7d1fb9640c4d3c842678ac097611635b,9b10b0540de1f7f03c8f3c09ab331795
7d1fb9640c4d3c842678ac097611635b,9dfc1a9cd546edf6aaf0407a11a734c4
7d1fb9640c4d3c842678ac097611635b,b49414acaab784de001dad791a500ae4
7d1fb9640c4d3c842678ac097611635b,b660893da5418542f202105861155f86
7d1fb9640c4d3c842678ac097611635b,c0c3d3b625d1b2c931ea03584c7e5302
7d1fb9640c4d3c842678ac097611635b,c6b759eb39dcd70130772327e479581f
7d1fb9640c4d3c842678ac097611635b,d584de7e13ec98af5c5537eee21af767
7d1fb9640c4d3c842678ac097611635b,e36b19cba75c879762974ad7aa41b811
7d1fb9640c4d3c842678ac097611635b,e4ddb079f99d4a2d6c6ecb2c19e0fab1
7d23c8eeb1f66c6103308df099e1853c,d033a65766f0b6f4b39c31bd0f823f60
7d71ce976446fd71b27b3b5123465547,967433e64c39769d8b9ec0585a1b89dc
7d762f4986ba0c803931c0f6d89e17e6,c0f5a6e5da7dfef7c5b95c025c208b40
7d77475979b65d4202f4c160b461c33e,8e93482eb79727e8fbc81739aefc2031
7d925451d4c43f5be99808d5dc588a7e,c1d64f0550331a75f225738d27fe6d6c
7d94c4254058da31f1282c3341eb4037,d1a9c9298c337d6f22350e7ccfb46253
7d94c4254058da31f1282c3341eb4037,e1d6fef21ddf0cf0a7bd8578f8aac63c
7da6357cb4ca1da6da00bd5719381fb8,8bb345b50e49226bc3330847c381787a
7da6357cb4ca1da6da00bd5719381fb8,9f1b75dccb1a238f4a8ae0d565f890a9
7da6357cb4ca1da6da00bd5719381fb8,b8ce43fd290a2cafdc4dc4c8325f4d50
7da6357cb4ca1da6da00bd5719381fb8,bbd09e3b3ff37766ae55b524ffc61a98
7da6357cb4ca1da6da00bd5719381fb8,dcb6021ebbfc2a397f46b09e664fdc2f
7db14dc3058cc6ca81295011b4745b92,816a9f1810b0a25352778c8aac2ac25a
7db14dc3058cc6ca81295011b4745b92,81b4d775b96c465bff5c607f9b8c2a3d
7db14dc3058cc6ca81295011b4745b92,a02cf644bc5118e5e473829862bc5886
7db14dc3058cc6ca81295011b4745b92,a7a4b5bf23cb560d08106ef75e1c73f8
7db14dc3058cc6ca81295011b4745b92,aa7d4045e8d65f2e3db4551ee75de2c4
7db14dc3058cc6ca81295011b4745b92,c23d5f76ef396a0f520ca6c677dccc1f
7db14dc3058cc6ca81295011b4745b92,cdf07468d9c693794f1da0b9ba549c15
7db14dc3058cc6ca81295011b4745b92,d44df7668f75c8f084cdada0a7a1aae0
7db14dc3058cc6ca81295011b4745b92,da2ae411a236d52fa1e62a224bb1e88a
7db14dc3058cc6ca81295011b4745b92,dd720a31ae01f8066abe782818b59699
7db14dc3058cc6ca81295011b4745b92,e34ebe4961f2d932813005433a74b012
7db14dc3058cc6ca81295011b4745b92,ebc1919f45f9da5db0d468ce62cfdf50
7db14dc3058cc6ca81295011b4745b92,efe94917387a9794795e7fc79557dffa
7db14dc3058cc6ca81295011b4745b92,fabd6966abaabe52f19e44a088986cda
7db899db4488dd9f941c3b6927c604a4,b93ff050bc8cc544f875174d6c64d51a
7dca555c7fafaa0df3a8c9aba26d4b06,fa395d9e18e564eb9f6d62f8839e463b
7df2f5ca35c5241e83ebf162e43dc249,ada4ec31b1cf9f9d3c20b78a7cfd361d
7dfb7a7d81f0ce48e5829eaf024dae9f,a8d3c1a24040c596827e1ee1be996e03
7e162258cb38de94e958cce05410bbef,8be3dbf88e9b0b17bef9349ca8326e4b
7e162258cb38de94e958cce05410bbef,95403e18f9e45cd56b7a4aed546f855c
7e162258cb38de94e958cce05410bbef,984ebdcb3f568d9389b22851aad490de
7e162258cb38de94e958cce05410bbef,e09ab87ebbce3f3598f67290e5012ed1
7e162258cb38de94e958cce05410bbef,eef7ab58691ad89d2b3d2b048f07a54b
7e280e256c28bae9a9bde07997812cd6,86403cc36244ba5c2aef22684e9b1d04
7e280e256c28bae9a9bde07997812cd6,86f24fd09684c0fb0323feed1cc1b600
7e280e256c28bae9a9bde07997812cd6,aec8524612a4b6ba0a13a4faf5f19507
7e280e256c28bae9a9bde07997812cd6,b0a468a48f3b2c19fbf4ed31a54779b3
7e280e256c28bae9a9bde07997812cd6,b0e47d4fe154c15228b34e9e800de5c4
7e280e256c28bae9a9bde07997812cd6,b298035e3b84c091154a65785f4b7ea1
7e280e256c28bae9a9bde07997812cd6,f2933e10b3594019fdadb9b46c80b371
7e280e256c28bae9a9bde07997812cd6,fa3c8ab7e0077dd9c0b644ed56c9f3c5
7e28aeff7d154136ae248c900d1a42ae,d7a5e259f20c5290ab408e9d016d457e
7e59bb5efb56faa1c173048f5e0726ff,f118605c396c86673832a8bbc65a7d8e
7e8ef76c1368e3804a180bf9ddbc71a8,85a8451316d527b2542d5b4784c21f73
7e8ef76c1368e3804a180bf9ddbc71a8,912356a679ba499e4a5d11eaa1849567
7e8ef76c1368e3804a180bf9ddbc71a8,92601e2d3548a477033dec636d4cd843
7e8ef76c1368e3804a180bf9ddbc71a8,a7669d6fc8f46d263cc895a3e955cfe8
7e8ef76c1368e3804a180bf9ddbc71a8,a95bf7744fe6cd8c8c1cf61da46db3c8
7e8ef76c1368e3804a180bf9ddbc71a8,bbcccdbd0ae0458cf52a8077ec2e0f42
7e8ef76c1368e3804a180bf9ddbc71a8,d4fe2c0b8d29ae7dcea508d05fcad947
7e8ef76c1368e3804a180bf9ddbc71a8,d947e045407dd3f82ef6a90b4ea053ff
7e8ef76c1368e3804a180bf9ddbc71a8,dfceed03a74e93db23209672b08ab262
7e8ef76c1368e3804a180bf9ddbc71a8,e0bc445137c4097325344a9fbf641b24
7e8ef76c1368e3804a180bf9ddbc71a8,e79f617a9123f418b3a73d51c9ae7f83
7e8ef76c1368e3804a180bf9ddbc71a8,f84fdcf165aa220c2668e7460dd9ee12
7e9a5ea68da16a776820b29dbf4c00ef,bb2bd9f40a2aa28a136bae09b03e17bb
7ea978073a598955379ced2b6290fd61,d9a04c09924901ea1017af38dd14bb7f
7ea978073a598955379ced2b6290fd61,f92527eaece6db8b40f49cb8f2439a11
7eb8b9e816b36b180667afef6eacd1b8,b4a2840a4a022f9f666291898ac7ec50
7eb8b9e816b36b180667afef6eacd1b8,bbb1a7460819e9cc8e123f1e60895826
7ebdc40416dc808acc330c08a99673f4,8df1e58a3615be860fa98b0c45547da3
7ed9c7b1ea8cd067792c07aa03ebffd5,c0d6e593f71a8ee95f274d67096f0d62
7eded270999ffeace686c5c876943bac,7ee700518db64f7ccc88e5bc40bfbc2a
7eded270999ffeace686c5c876943bac,8660ecc56e17baf0a75f65d8bc10f43a
7eded270999ffeace686c5c876943bac,8a8d2e891b24fa25a243942cbe283c6d
7eded270999ffeace686c5c876943bac,ecd0701f2bfcb15c2119eac5f478e8b2
7eded270999ffeace686c5c876943bac,f72aff0cda1d153926bb1b0d8492b7d8
7ee700518db64f7ccc88e5bc40bfbc2a,8660ecc56e17baf0a75f65d8bc10f43a
7ee700518db64f7ccc88e5bc40bfbc2a,8a8d2e891b24fa25a243942cbe283c6d
7ee700518db64f7ccc88e5bc40bfbc2a,ecd0701f2bfcb15c2119eac5f478e8b2
7ee700518db64f7ccc88e5bc40bfbc2a,f72aff0cda1d153926bb1b0d8492b7d8
7ef53693e68a3c323490476143f76a1e,bcb00835bd923956080f27f10666722c
7ef53693e68a3c323490476143f76a1e,f6288f92c830954dbfd7a0e85014d612
7f198a46fe83b8ab8c08a3f7e9f60651,a16290d7c278252df6fabcfa90ce3e96
7f198a46fe83b8ab8c08a3f7e9f60651,eec01adf16a0120811db63f396d47283
7f257896a4b1af7c63e9e865f947eeb2,c53e569af3612e27d80f48e932950b62
7f5f04b941cdb1027e4aa38354af0311,8b49516de2dabf5d47e6433c95821c3e
7f5f04b941cdb1027e4aa38354af0311,980c35da95e84668d8fc5594bed10306
7f5f04b941cdb1027e4aa38354af0311,b59438032b3575852431520b323cfd22
7f5f04b941cdb1027e4aa38354af0311,d6d6c0810cbd7f94127b32aa11b18fdc
7f5f04b941cdb1027e4aa38354af0311,f32651105c9bfb2580594981576891e0
7f5f04b941cdb1027e4aa38354af0311,f3c0fd4636069bae3b69420bdd84f6cb
7f5f04b941cdb1027e4aa38354af0311,fab3e8b068451de4f9a0f34e4d978210
7f6443f95b014549a006a9f829b67c67,8d62e55d1bbf8e6b1205e3903b3dda50
7f652bc3a2f5766dd5f657574c590952,cf6e83fca3f0551e23aba70718268f41
7f7366754d76157a1ac5cdd5777afdf1,d8b09f1d40b55a4bc37d7f4dccfbea4b
7f9c5d3b1f5d3594089af3f68e0a5d78,8d6d0e76c331d287eb9e3a6243dbf6d6
7f9c5d3b1f5d3594089af3f68e0a5d78,abb5c87b5e80d3980d041972a0fde583
7f9c5d3b1f5d3594089af3f68e0a5d78,cabb82530457fa4340e3f5886da5ab81
7f9c5d3b1f5d3594089af3f68e0a5d78,ddb14232c61544c9923728d7de8d11fc
7f9cc4e8b4e3bfb57f7ea2bb9f6245d3,cd638a40e8addcb55430bc2c596b6fdf
7fbfdd63e08dec218cc2226195919196,b7dab1119a91eaacda5c343f0bc93273
7fbfdd63e08dec218cc2226195919196,ed8e56a288e8ac2a9460c67792480644
7fc2b382a79b7768e56bb58b42afa76c,c8c0f0ad1ed316e3cb1a678b920a041e
7fc9865771b3e923183dcb4932b079d1,ca22eb1833519c5c11b2e90485e8606b
7fd6828e97e785593e8bb7b6148e8e58,8b3583c4be2ea903592f008776c3cd14
7ff25e8500dbfc25787a41e4b0f23e72,b1a682c9f7a410b2d17b8cd60939c8d0
7ffb0630b358a59de79127ffb5cfefcc,f5315ba41d723680c706a07d381f1fd2
801c14ab76e74ce6875c564e1bbdef54,e174e9add3175598b92fd30a4bb51903
8028394ca98640b887b33554b39ba1f3,83b403eaf518c37f0a2b74716b81483f
804d80c65414cafaa0cd45850c448ece,81758dea0eca899bf08ac9ff379f0f30
804d80c65414cafaa0cd45850c448ece,9dd5a3de5e46e49541b729e4f601e0c9
80677e7ff701330fd77e2cd6c84ec122,b75b298fd62afd5ef0af43c3af1d4321
80730f6255341783d54b5f0c23bb7a4d,bedac488122e52f7f0a4eb03f598ac9a
807efd2e63ce3237193dc1321e98e0a4,b3a77e2013cad1a2914ac700fc0b97f2
807efd2e63ce3237193dc1321e98e0a4,be7cfdb29666bf68fd6ce2ebd3d469a3
80815ba3c17cac6b786400d728f2c0e2,ac52dfc8e1b5b4558cf3e39c1c7210e1
80815ba3c17cac6b786400d728f2c0e2,b3b61982f79ae94d467d851a6efa7981
80815ba3c17cac6b786400d728f2c0e2,cb94770d33f15027cf579cac1ecb51ea
8094c2d679734892471ed76029f8e377,d7320ae1178b2bd0d7a8b76c382eaeb2
80986c4c7797d09d35abddb979ece922,cf1ccc0aede31318f9717da69807cee1
80a0fc761c3c3555f81b5b60e23200da,87cc0c8ec6896e79343c115fd584d429
80a0fc761c3c3555f81b5b60e23200da,91fea2e7c48116b85ea91d40da551f59
80a0fc761c3c3555f81b5b60e23200da,9b83d6647115de3a094bf4cc5fc2f88b
80a0fc761c3c3555f81b5b60e23200da,aa7d4045e8d65f2e3db4551ee75de2c4
80a0fc761c3c3555f81b5b60e23200da,d44df7668f75c8f084cdada0a7a1aae0
80a0fc761c3c3555f81b5b60e23200da,db243f5365ffda2f10fadb749fcdcc02
80a0fc761c3c3555f81b5b60e23200da,ee960ccdb8f984f84427cde5432aabe3
80ac82ac6cd22e586243998d7611377e,fbf43732a420cb4e738dca00ebec10d5
80c99181ae4100defc93e53e5dc536bf,89baea1d1f994dd15309edfaf4894a96
80d874a8f40b60e98c01fa7c861fbb12,cbddf3fcada90b0e0382e43c872af1f6
811241e51c4d38c16d453aa529c8e6b6,b48d6e225e7f826be28dd2ff360bbd8c
81210d60db135d208df7d314f3edb52f,c470b1cb3ea4c591c46c541a86a6176d
81222283f935bf2261985705d5ae03f8,92f279e5694d605efc356e4915048988
8140d056d1a823684dcdbf7c99895af2,f87b8df9c3840232d354bd969cd73025
8141ee1f762d5bc24decb4d667974751,c877e103f4ed48f618efbea821be09b9
81583a4595ed738e7691ecf8368b6ee9,a81e226fd81222d5633bc72eb6c5fc22
81583a4595ed738e7691ecf8368b6ee9,bbcaaa9d2e93ed884c4f6d98f5eb59b0
816a9f1810b0a25352778c8aac2ac25a,d44df7668f75c8f084cdada0a7a1aae0
816b0709aab69e95fdba1c2c23c1c242,b72df5aefeccc1a7018726a21574aa8b
816e5d550edcd2d72f828f44d23d8562,8e172cb357cde5f6f1a6de802b5019cf
816ea49b6bc108e57414e2233dcbeb59,bd6ea6703c5bc8f83ea8ac69d39da502
81758dea0eca899bf08ac9ff379f0f30,9dd5a3de5e46e49541b729e4f601e0c9
818936b2672b388e0ae56114b870350e,c1808302c8a4bbaf596ac95539ba3563
818f48302f6295f36c946be5e3a5145c,e5439f53f8cd2b8950ebd6b79b7630fc
8191c778f2235edd3f412d79084e0eb5,93d6b0e9f1a0c89052e63caea85ee273
8191c778f2235edd3f412d79084e0eb5,b713fba008fd920122cd33e23f9ac11f
8191c778f2235edd3f412d79084e0eb5,c6aa4eaa991e19fd16cf2d0c4d1ba304
8191c778f2235edd3f412d79084e0eb5,ce607380b620a5a0223f5ff6ae2d2609
8191c778f2235edd3f412d79084e0eb5,d768a8e09bcc94d291061cadab0f58ec
8191c778f2235edd3f412d79084e0eb5,e59220d22a745e04ac4e3f4d11ca50ca
8193e12e2397eeba22cbafb310ad7f5c,d606ce786f0aac539ac6fd74456a57fc
81981651ad6b85ef579f59c4dabe32a7,bc6a577953a79260d95398a1f16ec9ab
81981651ad6b85ef579f59c4dabe32a7,d0a39c2e060ffecf5f0784693025bc94
81b17a7dd146f94fa79867f4b142dca8,aa444593bb2072f1a944d20ac5140480
81b4d775b96c465bff5c607f9b8c2a3d,87cc0c8ec6896e79343c115fd584d429
81b4d775b96c465bff5c607f9b8c2a3d,a02cf644bc5118e5e473829862bc5886
81b4d775b96c465bff5c607f9b8c2a3d,a7a4b5bf23cb560d08106ef75e1c73f8
81b4d775b96c465bff5c607f9b8c2a3d,b7c847d7adcf107a10c3039d6bcaa8f2
81b4d775b96c465bff5c607f9b8c2a3d,c21e50f9fd1148952f63c89880751b13
81b4d775b96c465bff5c607f9b8c2a3d,c23d5f76ef396a0f520ca6c677dccc1f
81b4d775b96c465bff5c607f9b8c2a3d,cdf07468d9c693794f1da0b9ba549c15
81b4d775b96c465bff5c607f9b8c2a3d,d6feeaed5bb9195ac670b5692ba10104
81b4d775b96c465bff5c607f9b8c2a3d,da2ae411a236d52fa1e62a224bb1e88a
81b4d775b96c465bff5c607f9b8c2a3d,dd720a31ae01f8066abe782818b59699
81b4d775b96c465bff5c607f9b8c2a3d,ebc1919f45f9da5db0d468ce62cfdf50
81b4d775b96c465bff5c607f9b8c2a3d,efe94917387a9794795e7fc79557dffa
81b4d775b96c465bff5c607f9b8c2a3d,fabd6966abaabe52f19e44a088986cda
81bf141d5dfc9c6cfec381450ed4f294,c62b538be47ecddad5c4cca30b640671
81bf141d5dfc9c6cfec381450ed4f294,eb014d7a40032280dae4e02dfcfd908a
81c3f508309c4d7d38a641ebbed40cd7,c092ed362ba6ad8e7d5cbc0530b659cb
81c3f508309c4d7d38a641ebbed40cd7,d863942171867fda00e1f9cc87088273
81d381542d6a865183828760d3cf4b82,929bf9bae6be91ab859c08caacf8cd9e
81e9896d1e6de4e11861b1e30faf6b3a,cf2b3be2acc2bc2bf15a5730adf154bb
820b37fae7a9cf598b54bb4de9c8d4b8,8d4c019cae4e889b20628528175e00f3
820b37fae7a9cf598b54bb4de9c8d4b8,8dcbd6746288dafd04777731f8ba3f98
8219a8e888bae4c7ae3c7f2596431d59,a687d5aff03326617c5375c358bbcf57
822ec41f6bb3a74d7bbaad8cd0397d69,91bafb912cab060f609555f057cae3bc
822ec41f6bb3a74d7bbaad8cd0397d69,a3eb1ebfff3844d5538061bfe816902c
82494615163bf2f25446be77dc319420,a6d6875c2500a67b579c9609611de769
82494615163bf2f25446be77dc319420,ee2401fb49c256d8f92e50dbf3a4d160
824c38cbf8962c87d31dd538fb5c4280,c44d771963b31b8594686f0e01a5b2f4
824fcf3e35291693ebd62687ad9ce76e,9a7f8afc7714521b41100d45f34fdd7d
824fcf3e35291693ebd62687ad9ce76e,c51bbd87749b79c028e10dab2397c828
824fcf3e35291693ebd62687ad9ce76e,e1ddbaf77400520c35295452c5b0d802
827ce232042b96ac9e62ad3e2ff6453b,9055dea4c3b78f754b822f247314773f
827ce232042b96ac9e62ad3e2ff6453b,9e41b035e684a3afcf789e4f16d3ff5d
827ce232042b96ac9e62ad3e2ff6453b,a6e647fb14d01b1c924ee4503f5af10d
827ce232042b96ac9e62ad3e2ff6453b,add2eb9d32cdfbba9162790643a5c455
827ce232042b96ac9e62ad3e2ff6453b,d8994e1cb94f0da41819c189fc5f3918
827ce232042b96ac9e62ad3e2ff6453b,dae58ccf0fdb5feb005e91d5af157d7f
827ce232042b96ac9e62ad3e2ff6453b,fc3a10f48843831aa74bc1a8ff610df6
8280e4e20ee002b601b23abb2e25b130,ca38f2780f52c19c38ca64fbd7247203
82846bf3f588bff44b6024214adb116e,f7ffbc40f6ec3bc4c899d72e519ddae9
828546919a50bc03b6606e8b818d1505,a287ca113e90bd5dd710278979549c2a
82b1644c791a10d7f15a237e96efc05d,d7a10ee30bc2755527a354fd2dcd4a1c
82b1644c791a10d7f15a237e96efc05d,e623d5be23a1a797a5b52295854cf47a
82beabf07742e892c8bdc2e6e4f1adf8,a60f5356eee85c957b15eb2cdf83a269
82bebdb97ecc630266f41481833ca793,8ff6fb2aa420f892c0c187a875252661
82ccc000741ea53905781f67ab4a3f17,ebc1919f45f9da5db0d468ce62cfdf50
82dda9e4521dcd920626ab4b6c7a21bb,894fd5dc1a9243dd66d1c37094d91824
82dda9e4521dcd920626ab4b6c7a21bb,9ec8539dca80c22923c4153a49937d99
82df97cddba895e29506838a8d4e5954,86677a5b7d07df62dd09d31ba48a0dad
82df97cddba895e29506838a8d4e5954,8a1217870f9c867611b7cfaf42bf301b
82df97cddba895e29506838a8d4e5954,d3d7747bc38da6a6f016857617139edb
82f05c0a7e2d50f23b291c39851e9a7e,921bcb670514c0b6a8568b7e76a6783c
82f05c0a7e2d50f23b291c39851e9a7e,dfde0768e6b8b4c0dd9eb9d593e54f03
8308428a0c069ca4a384b71b3112a33f,f87e5a7c356404543af4e87034b3f8ba
831121b20c1d8f6d8b76376e9d9e1f5f,bfbfaad1a40ecbb183ddef3b9890e1fd
83340d0c319d8b9a51467e617678169d,ef8e3e85b276e02e0ed1bcdd119ddfe9
83340d0c319d8b9a51467e617678169d,f02e637d332f3a3543d9af06ba1c77cb
83362ecf7dce06ef7a54b33f1ce1b267,8f3773b13cfe1d86dcb0154ff9001b2f
8341bf7bb3899561b21756d3743ed0ff,853fd58735cd066cab5ff523d1e2a06c
8349f15ca9550d68aa10858c6399600c,8546eb75534eb92b1abb929c19c0e26f
834fdd8f5aa69f83fc5319dfcf3effdc,a262ce82ce9aad7f63e74f3716701abe
834fdd8f5aa69f83fc5319dfcf3effdc,dd7c3a91fa84f2a267d51f9ece5cf41d
834fdd8f5aa69f83fc5319dfcf3effdc,f09ac0fbae5ea3dcc18c441522cd7d1d
834fdd8f5aa69f83fc5319dfcf3effdc,f4c35f057ade148da31f42e38e694083
8367f00a522578a7111beb0c6e9538c4,8367f00a522578a7111beb0c6e9538c4
8367f00a522578a7111beb0c6e9538c4,b5438a531464e043b507895da0f99c50
8367f00a522578a7111beb0c6e9538c4,b73a6788c6e3ca5540a0dead93740196
8367f00a522578a7111beb0c6e9538c4,f39e9f0e445739caa22fcde0e89956ac
8367f00a522578a7111beb0c6e9538c4,fdee0579d3a8b8cafb8d10943518d460
83701a44399ba096f0632a9bb8f991d6,cdabc4c54af6c1d02d5a4e52f9013b7d
837910cc8e4b5196a72dca408c71463a,e681251e32b3e2c3898f09148a182863
837e9f66dc414df6b616a79de61a0b59,c1eefd06d1abd25a909d61d8b2c82018
838f6fff15a99363c682ae6b06cc5832,cf81c5ffb41013ac9ebf817190b68ea7
83935005d64f4fe1e99fb3ce168acb88,e4583e21ea6ce3b361cb9edfe7b81617
83b403eaf518c37f0a2b74716b81483f,c080a4db38535a765f521a89e3184aa0
83b403eaf518c37f0a2b74716b81483f,d97a1c396b5c9f39945a0721f6bdf7b4
83c68741eed32b1ca9a2cc0415ddf58e,bc40d1dde337de1e688d87cd16581aed
83d9425780cb7121b249f5be3dd1d450,a163e814e3b752fe2193a809bbd31ff0
83d9425780cb7121b249f5be3dd1d450,ac5baedada70df463383868d3ab9d22f
83d9425780cb7121b249f5be3dd1d450,d48957e2e5bbef3743f68fce2931931c
83d9425780cb7121b249f5be3dd1d450,fa5c020aad3a9dd727d5a75ee03e8841
841782ffaec7c84b641c0a0607bdb7b2,fdc3fa6a1f7153889891c11e0d340ae2
84215e7306e0a5558dc571a44b5e4e92,8d45c78a75cdbbc089305453c3e4ac7f
84215e7306e0a5558dc571a44b5e4e92,bbbabad02cea5c1203c55d481cbf122c
84396fe26168a3928b821ef617102c21,caf1494d7c5469cc1eba882b48a4a039
844795be0a2e112193e73b5a7e1af466,ea7dcc28decb641f80803c085d269f6c
844bb8d3dfdbd7e00292132bf641be1d,c82f4b568d9545d7bb3b51279572ee86
84511eba042b501a2945b2ea76ce784d,95c226b4af9bc21ba063e57dee1b6224
84869f07cc36a7dd1bab34bc6daf96b0,abb5c87b5e80d3980d041972a0fde583
84a084223161f58925e78ea52a69a116,94d8477d49631cce8b3c90dce41b32a3
84a084223161f58925e78ea52a69a116,d0881792b32ee527e0d7e0188485dce4
84a2bd102fc46de8dc94cfe9b032dcc5,a2d721542ed1ddff3b3fe61ef2f020e6
84c3cecb4ddf7dd6441ce197c960f31a,b784ee884837d6f8a8dd033ab71583da
84c45a71b83b550acc444f41bedc62d3,aaae7a7f70066143d50e9c6a4a4a9cfd
84c45a71b83b550acc444f41bedc62d3,ad999ee7df648e78a172cd108c9b6b8b
84c45a71b83b550acc444f41bedc62d3,be0718b8be64533d732274d0ee2f21ba
84c45a71b83b550acc444f41bedc62d3,deced0987baaf024bf721895125c72c2
84c45a71b83b550acc444f41bedc62d3,f62a7583d3feddd4a43e616f74cf29c5
84c45a71b83b550acc444f41bedc62d3,fe0bac08f92aef9b78691fc7780dbedd
84db685367b510bdbb12c619fff5986c,a3e72e5050bbe92a58fcd54578167602
84dd18d4f7472e7eafb696030d7c7e50,f91453e02d253ced46143eaa26cb4240
850f62beaf67818389de892eb0c4c4a8,aaf20efb4e625e63fe2ea93abc7b5f2d
850f62beaf67818389de892eb0c4c4a8,d4fe2c0b8d29ae7dcea508d05fcad947
850f62beaf67818389de892eb0c4c4a8,d838203a9aa3ec7d77132d3bdbc0805c
850f62beaf67818389de892eb0c4c4a8,fb3d4d6a1a3ddde48b4b933327eac52e
85142abe132f0678e7a6fa2d970628a1,856a396cfff4e8535e0e2bd3e4d96e7a
85142abe132f0678e7a6fa2d970628a1,f977c2a6d14f45f80c3456e1a0a93828
851a4ddd6a24ee4d009d3917011752c0,bd517908f72ccb1deec295bd70b84898
851a4ddd6a24ee4d009d3917011752c0,c57fd4711b2a4b4afce8dc744bb7a4e3
851a4ddd6a24ee4d009d3917011752c0,d130d829383fd98e92080451686a146b
851a4ddd6a24ee4d009d3917011752c0,fc4955ae07d5fe38a4198ea26dbf5f50
851e439e91dd00a1ae765f327944e106,f676e48c2d308dddfa962658229a07c7
8521a9e3597313e95ee42b88f9ea6bfb,9b49c9052ac5a26468967291dea8f9b3
8522566ef9a1f934c10af446e97cc6d1,c73f3e6c830750bfb7a79028f904ca8d
85277b9d7c412849fdda7f00689037ad,d0c3e2e6e7d9f8c8cc71f9531d4603d4
853043ec5f93755594d093d814102365,88d2a9b909ccd5e92fc3cf694d1fb678
856a396cfff4e8535e0e2bd3e4d96e7a,f977c2a6d14f45f80c3456e1a0a93828
85911ddb9b1e96551de17cbeb7ee9360,e76f3f729ed60b699de98d2925cfeea4
85911ddb9b1e96551de17cbeb7ee9360,effb5a71a3fcb8048829d8edae58f1eb
85911ddb9b1e96551de17cbeb7ee9360,f4275370bcd350e410dcab1cf308d929
859394ff6da9144ba658172fe42bd99b,879bd4a5c00517b281b2d34a6449ec77
85a8451316d527b2542d5b4784c21f73,912356a679ba499e4a5d11eaa1849567
85a8451316d527b2542d5b4784c21f73,92601e2d3548a477033dec636d4cd843
85a8451316d527b2542d5b4784c21f73,a7669d6fc8f46d263cc895a3e955cfe8
85a8451316d527b2542d5b4784c21f73,a95bf7744fe6cd8c8c1cf61da46db3c8
85a8451316d527b2542d5b4784c21f73,bbcccdbd0ae0458cf52a8077ec2e0f42
85a8451316d527b2542d5b4784c21f73,d4fe2c0b8d29ae7dcea508d05fcad947
85a8451316d527b2542d5b4784c21f73,d947e045407dd3f82ef6a90b4ea053ff
85a8451316d527b2542d5b4784c21f73,dfceed03a74e93db23209672b08ab262
85a8451316d527b2542d5b4784c21f73,e0bc445137c4097325344a9fbf641b24
85a8451316d527b2542d5b4784c21f73,e79f617a9123f418b3a73d51c9ae7f83
85a8451316d527b2542d5b4784c21f73,f84fdcf165aa220c2668e7460dd9ee12
85c8f63b0805e1aa05f5baf6f971b0f6,cb18c8560d98871d42e90866e528844f
85d3e19bf9f199b2a4e73eaa62c07411,b55f8e0cda82c9f4b45ba65e1a40de78
85d3e19bf9f199b2a4e73eaa62c07411,cf2b3be2acc2bc2bf15a5730adf154bb
85d6f1b91c1091a1f573c1842be38489,fd3d41b1f02155367ca29f2526216db3
85e5c1a7cea2e7d4538c8bf1cfcfc98b,91ec15f8b090348f11024013dbc67c3f
85e5c1a7cea2e7d4538c8bf1cfcfc98b,9ef1ecce967783e7d5d72bc6d5305932
85fd57f4e761f5f2f87f41a594daa81c,aa934fc8194807936078be6d1d9c33bd
85fd57f4e761f5f2f87f41a594daa81c,f6433766f8060282161aee2a9f0f5376
86008b0952b81094dcb78becd3794da1,ae269db2dc353f1eb28e81ed94b9d021
86008b0952b81094dcb78becd3794da1,dc7e6f73244097207ede5ca3a4eb5d07
86008b0952b81094dcb78becd3794da1,f0932ff19f4f7f0beb5a3cd08d7aa799
8633318e594315c44846a27f15717b51,8773f78b3d4bd8a6147229123f01c4da
8633318e594315c44846a27f15717b51,be3b0353b2d44fd7ca8edc2bc0e844a5
8633da9614c309e13b452d9b6b58e6f2,fddacd6cccfe690d97f75d7315b9cb40
8637680ebbb401b81c9301e2a945aa54,c8e22addd14129a144c50889ff0424cd
86403cc36244ba5c2aef22684e9b1d04,b0e47d4fe154c15228b34e9e800de5c4
86403cc36244ba5c2aef22684e9b1d04,fa3c8ab7e0077dd9c0b644ed56c9f3c5
8651764b2c86f9cab9e1a4e9d966f062,a70362c182fd7ac5836979c4fa76ffe0
8660ecc56e17baf0a75f65d8bc10f43a,8a8d2e891b24fa25a243942cbe283c6d
8660ecc56e17baf0a75f65d8bc10f43a,ecd0701f2bfcb15c2119eac5f478e8b2
8660ecc56e17baf0a75f65d8bc10f43a,f72aff0cda1d153926bb1b0d8492b7d8
86677a5b7d07df62dd09d31ba48a0dad,8a1217870f9c867611b7cfaf42bf301b
86677a5b7d07df62dd09d31ba48a0dad,d3d7747bc38da6a6f016857617139edb
866cc13cdbeb94378a5087bde3a439db,94256bcee58851bb13723cb0366708a8
866cc13cdbeb94378a5087bde3a439db,b3e73b4a4801b537924a95c9cba2683a
866cc13cdbeb94378a5087bde3a439db,c381525f583f18be07510aa70dd14a43
866cc13cdbeb94378a5087bde3a439db,c4ce02691b4ec7022e6e41a6aa59efde
866cc13cdbeb94378a5087bde3a439db,dfe2765af8b28f171d8a1d9d3cf221d2
8686a5982f4587589564cf71e284a51f,bd688ab6eea4d7abf2f6cd2638dea6ca
869be278053a87e804389c017aadfe2b,a4976aa2368323a1e0b93f987d074f76
869be278053a87e804389c017aadfe2b,d039f768dd43b73a571268ab9d49f649
869be278053a87e804389c017aadfe2b,e4d7e231d0af5097c65eb255f50b6786
86a0505e0b0ea2f18716c471b2b1bf0c,f2efbdf6ecfaf1c0aca77d905f1f0c39
86a9025f79871063fa7dc0f1db489871,b184c19237a4b2e6d83d2a6ec4173a00
86abd289a7ee11219802d0ff0f9f0800,cdd1769f923c59ffb3f829ed3748e9f5
86afb483a0b3f673ee2878a4d3beb913,d606e98b09cb26ff1be94975e5e861d9
86b987ee85495323153f9049bb143389,a5db625e9535f86d3700f87ac9c1609b
86bbddc93e463b8e0b20bd538ece6557,ca0bda98342e725adce4feaaf294212a
86bbddc93e463b8e0b20bd538ece6557,cedc56becaba9c975a95c38dc4024124
86bbddc93e463b8e0b20bd538ece6557,d516c1b5473abbf532379571738b1f73
86e0b0fb810d1f93f9f3c6623fbd99f1,dbcfe0a7241ac91c4e9a5370869809e8
86f24fd09684c0fb0323feed1cc1b600,aec8524612a4b6ba0a13a4faf5f19507
86f24fd09684c0fb0323feed1cc1b600,fa3c8ab7e0077dd9c0b644ed56c9f3c5
87120e05fe2d17eb8ed4108361be8083,9c0f92af2eadaa83af08ebb8bbad1f56
87120e05fe2d17eb8ed4108361be8083,a527bdf8b2adf0e93349398a841d4764
87120e05fe2d17eb8ed4108361be8083,efb27db69d41551b6f38e30d37578fc3
87120e05fe2d17eb8ed4108361be8083,fdafdd7fe5d83aaf35e8bf2cc2080f4a
871316a76ffb1ef5c0097eaa6fc7d6f2,bff422ae8764928768b4570b272956de
872100ff5f2fe0e67c5e6f05e1a0537c,8ae2bbb3d7409e15853eb61aa5c248c7
87313aadc795841417c95860595008b0,89db6379ab8076c819148737dab738ae
87313aadc795841417c95860595008b0,ec0547a51c5265bad1f2a5f8d9b7043a
8758226040fd794efcefffc4231f3952,c07d948bed611f6144628d5913f8f908
8771aaf9a0abd967b2635f7df8dd8dbf,8ed1c8fb21425205a6e8518e92b2fe45
8771aaf9a0abd967b2635f7df8dd8dbf,e11a7378fa03400a6d214f18fc22fefd
8773f78b3d4bd8a6147229123f01c4da,be3b0353b2d44fd7ca8edc2bc0e844a5
877a3aa3de66f0a79d0a6e302dca0e5e,8afe1e28a7dd08b77031e17612da86d7
877a3aa3de66f0a79d0a6e302dca0e5e,b90544a45383e3a8595788c8c9e6e036
87801ae8dcf481076e7d82ee3df4105a,87801ae8dcf481076e7d82ee3df4105a
879bd4a5c00517b281b2d34a6449ec77,a163e814e3b752fe2193a809bbd31ff0
879bd4a5c00517b281b2d34a6449ec77,b096405376b84c6ad0968f0a3472e518
87a28a9b80e225ed38080e8e2dae0103,b467f5c2b942c2338bcb2169b2057b24
87a28a9b80e225ed38080e8e2dae0103,daf9b579eab6d24a27208ef4e2185764
87a28a9b80e225ed38080e8e2dae0103,de8a9922fbf7bdbd0714bab197b5da61
87a4d34f7f2f07c133ba0b1c1e1f1ecc,a9e970874f28a699d1b3e5c211326750
87a4d34f7f2f07c133ba0b1c1e1f1ecc,becf5f6d2f214f7fc5f24318cb4bf482
87a4d34f7f2f07c133ba0b1c1e1f1ecc,ed6f7185ab72a0941c6017ebe0536d36
87bf8772cf5fbad8a91d6c4014bfd7a9,ddd4948c40b3695a536d5e0305ae61bc
87cc0c8ec6896e79343c115fd584d429,89f40506bdbb16ebd103b12766758db7
87cc0c8ec6896e79343c115fd584d429,a02cf644bc5118e5e473829862bc5886
87cc0c8ec6896e79343c115fd584d429,a7a4b5bf23cb560d08106ef75e1c73f8
87cc0c8ec6896e79343c115fd584d429,c23d5f76ef396a0f520ca6c677dccc1f
87cc0c8ec6896e79343c115fd584d429,c61017c4c119e60ed67e58f8f698f3d1
87cc0c8ec6896e79343c115fd584d429,cfe1ac5b7858b370c320c67133b10c14
87cc0c8ec6896e79343c115fd584d429,da2ae411a236d52fa1e62a224bb1e88a
87cc0c8ec6896e79343c115fd584d429,dd720a31ae01f8066abe782818b59699
87cc0c8ec6896e79343c115fd584d429,ebc1919f45f9da5db0d468ce62cfdf50
87cc0c8ec6896e79343c115fd584d429,efe94917387a9794795e7fc79557dffa
87cc0c8ec6896e79343c115fd584d429,fabd6966abaabe52f19e44a088986cda
87db03b943236e14ffe0c85092187b47,db49cde5bbee10e1c1e24a8d4cf1464b
881098a73a6848afa98245d34bbc7d48,9f812f0731df6aa00b1f1bee73e1781e
881098a73a6848afa98245d34bbc7d48,e06e0ee60dadd2bef960edc7f60b6dff
881098a73a6848afa98245d34bbc7d48,efe6da342e847c9043700787e1a99a19
8811cfd00710fbe40c5e57315f9574e3,e743a97a75989c44258196a7e610df80
8825f29b7ac22512aa3fde84b64457bd,fda1d2492169a08640185ce1247a770b
883044362bca2479a4befd6fb492c183,d54d15d5d4543c4ea2b36f4657e9518d
884afad1ae344aad2e86ff53183fc455,ec7265b2cc9cb902d9da3e36b30e7ab9
88638997b9372300f3f09e01ecd07485,9deb0af8d6221233f4203ff3e97579c0
8865b975b4238f7c3475f00cfbf6c8ff,aa66d48bcd461f91f1bd8c543a72ceff
88db18c4fe3fb8d742b009ed124814df,a233f96d49eea9a90bb67831ef826fef
88db18c4fe3fb8d742b009ed124814df,a81e226fd81222d5633bc72eb6c5fc22
88db18c4fe3fb8d742b009ed124814df,c0dcd81f36e89fab09890ac5ce60fe10
88db18c4fe3fb8d742b009ed124814df,e9497c13fa24ade6845f9f2af96c493d
88e0c7ab3b988cf0f1b1a9d92467e1b8,b3bee657e514fa949ff89881724eb811
88ff578d01ddaae4eedbfbabdf9afd3a,a170228cbfd6ea1643e51e37e6c13462
8915cd7ce19d0cf1e4008f6d4d695c85,e69901144ab62793342c9d1a1fae6eb5
891c3ebd502388ac84e978b98bbeeb3b,97aabd26cd3956b8d1adf97d370b5903
891c3ebd502388ac84e978b98bbeeb3b,af3b88ef54b71ed1f2df90ade71ecac4
891fb442c8e8876e4ec3b7ba52964a24,abbeffc3baf966cf10403b0e2bd69647
891fb442c8e8876e4ec3b7ba52964a24,c7d597a76aaec5786f39c9c330fd75f2
891fb442c8e8876e4ec3b7ba52964a24,cf2b3be2acc2bc2bf15a5730adf154bb
894fd5dc1a9243dd66d1c37094d91824,9ec8539dca80c22923c4153a49937d99
895254321d0003186b35e6d95362fd38,ab9b5d46d3779163b2a5d54f5a8f489e
89678ad9eb6adc24ed3a37eb827d27fd,ac4cbd48cb7c185709cb6185f9e158aa
896edfc7f6cda1e1946b214c11dc120e,c7c69ca4365b37d2ca026dc3f7508c36
897c754d5fd565ac671cebc8921ab064,df2a04701c2989614faa1ea57e71a068
897c754d5fd565ac671cebc8921ab064,dfa8ddad7670ff6be7db0c60828a7733
89b318dfd7167d1d8aee8a49597b9a0c,effd03cb26aa9b3c3a93255c02342afa
89c919a7ffa937e9d338c61c1a8ece1b,c1e92aaddf9cd0e83cf7634ff962b6a9
89d89960ecccc6e605f07d2461689e87,de1d32db5aaf424ac65ac0ea5cc20400
89db6379ab8076c819148737dab738ae,ec0547a51c5265bad1f2a5f8d9b7043a
89e54ed0da7bad142a89a3d3852d2204,dda32c99206ece1f158c18e4c1a0ea4e
89f40506bdbb16ebd103b12766758db7,9618897eccacf463c5528d3d095ce177
89f40506bdbb16ebd103b12766758db7,a7a4b5bf23cb560d08106ef75e1c73f8
89f40506bdbb16ebd103b12766758db7,aa7d4045e8d65f2e3db4551ee75de2c4
89f40506bdbb16ebd103b12766758db7,c06f3f926cc18b45ba350495c59c0093
89f40506bdbb16ebd103b12766758db7,cdf07468d9c693794f1da0b9ba549c15
89f40506bdbb16ebd103b12766758db7,cfe1ac5b7858b370c320c67133b10c14
89ffc2ccbba036fdfa589954c1267cad,d3cb6711557f4717b4ef3a717cf2b38e
8a024384500c20ac640f118e4810fed7,aa7cc1104e79c00090f89d2add1b76c8
8a024384500c20ac640f118e4810fed7,b654649e59293ead74c1948366d50653
8a024384500c20ac640f118e4810fed7,c67f4433c04f8bb14619ed583073dcc4
8a1217870f9c867611b7cfaf42bf301b,d3d7747bc38da6a6f016857617139edb
8a1eb71f38df07510e53b2c356c82516,edd7fbcae3c1edb5d2cfce52ae005472
8a2201148a2afddc746890b87045bf93,bde5fec4da8fea2ef48165b2ef38afdc
8a3b54c09bd64734761c01ea8b411a37,f04890da38fc25820f00766d7a9a1a12
8a3b54c09bd64734761c01ea8b411a37,fe18d31ee780d7a9ae1b5ff6517091cd
8a5b6113f6bc63c89a2369ae912efa20,ed64cc654b16706044d253a7e102a819
8a68f38c25793306a9c8acc32952a232,9d9a7ebada56fb4bc263de70786e93ef
8a79174b44782e4d2ffd2e1a73ee6dfb,a81e226fd81222d5633bc72eb6c5fc22
8a79174b44782e4d2ffd2e1a73ee6dfb,bbcaaa9d2e93ed884c4f6d98f5eb59b0
8a7dd7c2084da371c0ae883bd7653584,908b9ee866f28566abbd5e421a2351c6
8a8d2e891b24fa25a243942cbe283c6d,ecd0701f2bfcb15c2119eac5f478e8b2
8a8d2e891b24fa25a243942cbe283c6d,f72aff0cda1d153926bb1b0d8492b7d8
8a957c994638a987bc1bf854746bfabe,d0dde88f24c8764449aff238039cc78d
8a9e1ddd7f481627385bf97a201479d7,a7853e132243e68f89f9e3f5ad1a7b98
8a9e1ddd7f481627385bf97a201479d7,be91b1f915b4d7ced914e29a7f20ae22
8a9e1ddd7f481627385bf97a201479d7,f9a3009b8f3fe034e0c3b11f045b5b98
8aae4cc9e81bcf893bcc67d94909a23f,efe4d07c041dae5cb13a02b9b0ad9273
8abfc46ec477f96cf6ad7288558c6ace,e6ec5a6906851bef18b78d310b40fc9a
8ac00983ed29a32bd430866584bf05ed,d254fef2c7970b73f83ba3151716aca1
8ac00983ed29a32bd430866584bf05ed,d78ac0a5ba1f954984837d52d5db168b
8aebcfcc30e09fd59b7e401d88e697c9,8d4c019cae4e889b20628528175e00f3
8aeffebb22e810203549523366fac1f4,c8f5da09c1162e0a248edc1db2d170e8
8aeffebb22e810203549523366fac1f4,dbe736e78fed3b0f4703c4ce05472b7e
8af37f5618fb1fd7da834d4cedbca6ff,bc29617aac27456f2b1879d346ec6fe6
8af37f5618fb1fd7da834d4cedbca6ff,da3d9717247fdfd57f6431db8cef985d
8afe1e28a7dd08b77031e17612da86d7,b90544a45383e3a8595788c8c9e6e036
8aff4e6a4f144159a11a1ca02d6d7889,f42e1203f63303a68073588168d972fd
8aff4e6a4f144159a11a1ca02d6d7889,f5cb4b0f4cd3acfe1956a650241dada1
8b02e2bd31b7436d6389aee87cff032d,a15089398240e34311d0be2407fa969e
8b02e2bd31b7436d6389aee87cff032d,f2410612ee43efeccc4605c57a966fbf
8b046f34f76e612b12d253cc1763255e,93bd5de705e712bffd402a7bd9f565cc
8b179d82bb4881f73ee266a8b9ae9905,f42e1203f63303a68073588168d972fd
8b179d82bb4881f73ee266a8b9ae9905,f5cb4b0f4cd3acfe1956a650241dada1
8b18e91dba95c3e6640dfbec565acf52,da25f670e8f880bd60ea8a3c40163e0f
8b2e91eabc9c54c6510b5a266352fe8e,cdf0219e4e79884cb7f876b815ad19e9
8b2e91eabc9c54c6510b5a266352fe8e,e18559894f9e96fe5562f83ac72e5d12
8b46b276c2241b188cad16a3ea9edbfd,940ff5d63f015efdd0ba2ccb4f8ef5fa
8b49516de2dabf5d47e6433c95821c3e,980c35da95e84668d8fc5594bed10306
8b49516de2dabf5d47e6433c95821c3e,b59438032b3575852431520b323cfd22
8b49516de2dabf5d47e6433c95821c3e,c5a72a318ac0c190d3fe9d3b97f5ba62
8b49516de2dabf5d47e6433c95821c3e,edda894e130693e415f4972f242567ad
8b49516de2dabf5d47e6433c95821c3e,fab3e8b068451de4f9a0f34e4d978210
8b5425ed211e2196f503efbdd4e8e42e,de42def3fcd6ab7864260601798b6e12
8b6ab8135f1c77450b2b66f69d8699af,d1478fac271e465d959cceab8695722c
8b6ab8135f1c77450b2b66f69d8699af,dcb7727aa1792a84abc8b7efc124a0d0
8b6ab8135f1c77450b2b66f69d8699af,f0c47a51445908e133447f491ae07f09
8b81162765599335a271983e7a615e03,f3b78e5b03915141f4b534bbcaac504f
8b90c8b6b3bae79659d2d138526d447a,a94d6fcc4fc8a4987fa086f125fb1527
8b90c8b6b3bae79659d2d138526d447a,ea7dcc28decb641f80803c085d269f6c
8baebce27a34c4a6cace9e3de9bd095c,b39508a315d5f71e6e7a4ed6ab489256
8bb345b50e49226bc3330847c381787a,bbd09e3b3ff37766ae55b524ffc61a98
8bb345b50e49226bc3330847c381787a,dcb6021ebbfc2a397f46b09e664fdc2f
8be3dbf88e9b0b17bef9349ca8326e4b,95403e18f9e45cd56b7a4aed546f855c
8be3dbf88e9b0b17bef9349ca8326e4b,984ebdcb3f568d9389b22851aad490de
8be3dbf88e9b0b17bef9349ca8326e4b,e09ab87ebbce3f3598f67290e5012ed1
8be3dbf88e9b0b17bef9349ca8326e4b,eef7ab58691ad89d2b3d2b048f07a54b
8c205c17759f154956e5738c2cd7df3a,906eb161e5842c71b49d43f6af100f8b
8c3c7259f57eb47151bed8355bdeabf8,da48369b25c26e8532ac104e493aa3d2
8c5bd111d1964982e622beb4727ff6fe,b2195df5b848cfdfe613892d0abb22b2
8c5bee983382072f09485c65f7a7cc1c,ddb7416d3080bc32a7ff6bb4ca1796fe
8c7607c814ae05bf5225b07dcaf78fcf,a70362c182fd7ac5836979c4fa76ffe0
8c7607c814ae05bf5225b07dcaf78fcf,f1fb7742a7eafe8073459ed92686b9c1
8c7607c814ae05bf5225b07dcaf78fcf,fd9804c6312c4fc79191bd76611f8756
8c91ccbe5acddb533e345cba432a520c,d033a65766f0b6f4b39c31bd0f823f60
8c9ae9173042c30680e96e78177682ba,99b4405c99d3567f77df7a00d8685809
8c9ae9173042c30680e96e78177682ba,abb724118f29965452622a192f6a54eb
8c9ae9173042c30680e96e78177682ba,cdfd038669ab67fd0f06f1cedc5bec6a
8cb14a9fbdd93730b1369b5168363949,a45ebc7dd01bcc2f9b7291d3e66aec45
8ccc531f3b114536e17d7faeb29f3b7b,edb1e7c2b34194e728cda8deeb192bd3
8ce9f71a4f493829da5e5c003b477e49,fa5b411a6c12ec488f06e21e148a52e1
8ced334f0487f9ca9440f62c1bd8c68b,d7a049d93893a4f49db17dc9965cb683
8cfbad85872bf0fe546d0ef71d032ce7,bcb00835bd923956080f27f10666722c
8cfbad85872bf0fe546d0ef71d032ce7,cbd031175982141770e3b43b3cccaa52
8d0918bec8999a1873ce19328757f9e0,9ca090316e47335d6bcc8ffc4743a293
8d0918bec8999a1873ce19328757f9e0,e1917404db09a592101477d90ca52bfd
8d3b332741de4dae5c99d05f6dca358a,a4995f7e4dd52e018d7b6792a6b6a325
8d45c78a75cdbbc089305453c3e4ac7f,bbbabad02cea5c1203c55d481cbf122c
8d48db1c54941f9369a10683a6c1f51f,aafa25d08c755a42e7bc379524653272
8d48db1c54941f9369a10683a6c1f51f,b672e51de2951608fceaededef64c0d4
8d48db1c54941f9369a10683a6c1f51f,ef1467b8676e931377d329e4f21b116a
8d4c019cae4e889b20628528175e00f3,aafc9d91689b59a72bb41242a2a6cbe5
8d676bc28b90c95e479e3c67fe86bdf2,bb7adb5f30d9a5c850e2ca23526fb9e9
8d6d0e76c331d287eb9e3a6243dbf6d6,a4e6bccbe1e8ec3e4d9a17cc690dc5c3
8d6d0e76c331d287eb9e3a6243dbf6d6,c20dc55cff86e36532792212d49a8d43
8d6d0e76c331d287eb9e3a6243dbf6d6,cabb82530457fa4340e3f5886da5ab81
8d6d0e76c331d287eb9e3a6243dbf6d6,ddb14232c61544c9923728d7de8d11fc
8d6d29d24155ed9c0815a0d22c7351c2,94880d83d86cfce757188d62fec0c982
8d6e9993574cdeddf75f36cbe7f2a69e,9055dea4c3b78f754b822f247314773f
8d6e9993574cdeddf75f36cbe7f2a69e,a6e647fb14d01b1c924ee4503f5af10d
8d6e9993574cdeddf75f36cbe7f2a69e,add2eb9d32cdfbba9162790643a5c455
8d6e9993574cdeddf75f36cbe7f2a69e,d8994e1cb94f0da41819c189fc5f3918
8d748a87e22b709a2b7f189a4630a3a7,e8064cb969c5b5383317e59cc57fb6a8
8dadf628d3c1f0993229af709f22069e,915a7d2ee3e4e5fe9142544114f0d936
8dadf628d3c1f0993229af709f22069e,cbddf3fcada90b0e0382e43c872af1f6
8dadf628d3c1f0993229af709f22069e,d861c5d33e7bf1cea5887ce5b709ea79
8dbb5408c6034c52712cd78d0e71da84,9a8d3ec11c64bd400502e5c70dda9669
8dbb5408c6034c52712cd78d0e71da84,a55c4e08640b0b024f4faf5db6180772
8dbb5408c6034c52712cd78d0e71da84,a7f00119e662bce8b1567e76bd5203d5
8dbb5408c6034c52712cd78d0e71da84,b761baa9125211e788bef2bba644dc6a
8dce35d6e6c1dfc2d10fca0f286874b2,b06a0be8297d4ea735c365719fa709aa
8dce35d6e6c1dfc2d10fca0f286874b2,df5e774c5cc0b10664d0fe7a28bc8041
8dce35d6e6c1dfc2d10fca0f286874b2,f442f5c6d15cb5a9b30a7851ccdf9b00
8dd0a6974566660840be3ccfa1844259,d5bf1cce1e7d3f94b0edf67fff2be7ff
8de2b2bfe22e89313b69530f367e6f1d,9153fafceb15005c21d1f015b641ae1f
8deba28dd00f2dd083b0141a3860fec3,982d06fa6c0e5904406fdfa7d4f575b1
8e172cb357cde5f6f1a6de802b5019cf,bcd9bcef2853467f810110a25b0d3395
8e29f4ee172cad99b1f8504afb5f3220,c7e3d8c4a857a57ed563d1ecadd91495
8e29f4ee172cad99b1f8504afb5f3220,f6e396a15c1fc2c03eb9c7726a346ecb
8e2c3481da3f9f43556f3d1d6487807e,ac00f1bd5232dd7ccd99b6bb6cafb687
8e402037bae5976b80809bf5d9682b40,907054fa4eeb07edf3ac8f9cd84dcf52
8e402037bae5976b80809bf5d9682b40,a98b685e7dae7a92147fb73036651458
8e73c6ddc3b63f1b31eb8574cfd2affd,f728b38d9232cc593019d23c4af7c8b8
8e7b5480156d5b27f3f962cf7231f1e3,9b401b716387fb6b8d9bf46c2882e696
8e7b5480156d5b27f3f962cf7231f1e3,a87850097693c4f5048a6e5bdc1e2b31
8e7b5480156d5b27f3f962cf7231f1e3,a9af2700ef761e22e334b9c172cedee5
8e7b5480156d5b27f3f962cf7231f1e3,a9dc942a9fcb1b2215cd6b339c76848d
8e7b5480156d5b27f3f962cf7231f1e3,c6ec25b24256f6e1f902a29416ab964e
8e7b5480156d5b27f3f962cf7231f1e3,e8d14b09b08840dcdfaf1d3983d6df51
8e7b5480156d5b27f3f962cf7231f1e3,f0a7454555d52a667c6df22dc8a28bcc
8e7b5480156d5b27f3f962cf7231f1e3,f1c0e8776928a9cf507eea55f424076d
8e7b5480156d5b27f3f962cf7231f1e3,fb5643b20582ba68d8da8a8dca24c4fa
8e7b5480156d5b27f3f962cf7231f1e3,fefa98da8db666ce806d4af04be8e6fa
8eb07d4a0953d94bd7bc5eb16fb6cec3,91567517fd302f0ba3147b11748e1f7d
8eb07d4a0953d94bd7bc5eb16fb6cec3,a7853e132243e68f89f9e3f5ad1a7b98
8eb07d4a0953d94bd7bc5eb16fb6cec3,b3e926048cd435bca6873dbf96473813
8eb07d4a0953d94bd7bc5eb16fb6cec3,e20838a869a95a8e38684d08af9a9917
8eb0b4430ecf4404792693c839fda19d,a6d6875c2500a67b579c9609611de769
8eba7b124b9fe457b92ccbd822ded47d,e7ca4ca3bc9256449ffb69b91922c0d9
8ebba2f9180cc8ce136dd913385ace74,c7d48c341a5353daff42adf3dbc3fa24
8ece18cf79ec56e18fca1ac5e0a585d3,cb1bfadd8fb7c690e1ad62eac13a9d31
8ed1c8fb21425205a6e8518e92b2fe45,e11a7378fa03400a6d214f18fc22fefd
8ed81925cc70ab7ab093529dd537c021,b105bbbcd616eb65f7a2126273e3b5ef
8ed8b81c340d1a9bf2aa33043395b728,eb08656a54baf31a83a50ea76716140e
8ed8b81c340d1a9bf2aa33043395b728,ec9e59dffbff05e7d9657ba074f07f3b
8ed8b81c340d1a9bf2aa33043395b728,fb8687aa7ac63355c4dc78be7f9fb598
8ee8e8ac25ff51b83a53ffc9aa7a92c6,bf7cf4d325634eba01e37448d9d3be99
8ee9070f7f30ebea36d53a4aac752baf,c723779618e878183e6bf2563dc41d4f
8ef2b06fe095dd6840142695154d5fff,9706ed4d10a27eef3eaa3994935cbcea
8f2b5d874008bad0eb435e7d85795424,95b476a70ccda7c7911a09a4fc640a71
8f2b5d874008bad0eb435e7d85795424,f341b071e841754be3fa32329cf3de25
8f2cf65f282276f69c3532fd0b017238,9f008cc6dd29b2dcc533f9eb3e742e7b
8f321c0cd5013f92c0f20ddbde46d6d8,9a7ae6a9ebec329db22e6f40d3c08947
8f378ae772a650110864e3d4028f59e4,a105d5894a485b945b22ba543b32e3c9
8f378ae772a650110864e3d4028f59e4,dec66205497760f896cb9edb679f488d
8f38580f439d30325533e140b53d7155,e4b05aa47ef037333d091ec60214e5b3
8f4a216c8f8cb9cf1ed8b2ae8afd693c,90d2adaf51f7d679d11f062070472790
8f4a216c8f8cb9cf1ed8b2ae8afd693c,d552e2521b1e154e4530b18950d32230
8f4fc9f4035b6aa2fffaa78fb8ea88af,ef1ec1407f274e428db1b453c50b1deb
8f6cac597480b164d1d8fb2ddd87bb39,92f3855d7ff28b98f100ef064a6589f0
8f6ff8b691b857cfee290c355a981437,9a8d53e7ee27d2e212b287d81e348b50
8fa0b631f6c012830e1940b44d8c4a4e,de3c6a7f77318c8eebfb9a33e8b6f628
8fae441e8232c53ac5b3c3e913da5124,ff3fdcad790d37e64e813bbb6e0f59ee
8fafd81d655bf5d8482eeeaf4d4883e8,db1199794f6021da833a789973484e7c
8fbd76cb2d4a26edcc0bfeffc402d424,d1be8a243074ececa276a59998c8b2c8
8fc41c8df81137e4493dfeb3c93075bb,928a008fab435bde96ba4f7d27f08785
8fc41c8df81137e4493dfeb3c93075bb,d71b0c835a25bd2aae0aaee547070b3d
8fcf9ad733ccdb9f12d85910801479c2,b4defaee46792b984817475b07e401b7
8fcf9ad733ccdb9f12d85910801479c2,dee587abced4e22d68a8910aa2c77b7a
8fcf9ad733ccdb9f12d85910801479c2,dfc5bc30c248a59906b84e41113c38ab
8fcf9ad733ccdb9f12d85910801479c2,e743a97a75989c44258196a7e610df80
8fda3f94c9911123d3c480508616f91d,a5b43f1d019b90970be68ce28498db7c
8fda3f94c9911123d3c480508616f91d,e4b3bb9a220b302b87a5d589316aa799
8fedf9a8b74eb513c2d4cef3fbe6ff31,95897a319a475447ab1a13f7396a5334
8fee4309bc0cace63646225f43bb9c4a,9e9d367a325a4f30896bc1c50fb8da3f
8ffca15cef0e61e285735e7cf1e49b6b,b2680efed9c0659d9aaf6d754d29915e
900c2a5c0f66b2a19fafb5fe53bfa04b,f3710d84c6dfe78a789deae694bd1e9e
90193f7be859ab74851a160024675509,dbbd3c080e2c7f2fdac4167c18b71ebc
90193f7be859ab74851a160024675509,dda2dfefaeba02120db5fa591431b0d9
9024e5be880604d69d3933cab99ea6b2,c48df99c18fc422b32706976490b4a38
903ef161be74ad92df91514a388c9d18,a81e226fd81222d5633bc72eb6c5fc22
9055dea4c3b78f754b822f247314773f,9e41b035e684a3afcf789e4f16d3ff5d
9055dea4c3b78f754b822f247314773f,a6e647fb14d01b1c924ee4503f5af10d
9055dea4c3b78f754b822f247314773f,af54dffa8468b90ce10fea588c303b2d
9055dea4c3b78f754b822f247314773f,dae58ccf0fdb5feb005e91d5af157d7f
9055dea4c3b78f754b822f247314773f,fc3a10f48843831aa74bc1a8ff610df6
9059e18a9ebf23fba96411ea9eb1ea8f,90e7898b68732eb422f35a2b680a2c46
907054fa4eeb07edf3ac8f9cd84dcf52,a98b685e7dae7a92147fb73036651458
907054fa4eeb07edf3ac8f9cd84dcf52,e55bf4e24f5376a68b400bc073b712b2
9081197cb7fa9af40c09a05ecb732a92,994634fc638c0e23497bfed086374633
9081197cb7fa9af40c09a05ecb732a92,ef3227dfcbdf5c2f70b38184aabed858
908f3b845002d7ac4121a88472cca91b,d1be8a243074ececa276a59998c8b2c8
90a21d08c783904fce1a94a3d0d97e65,d5a4f0800cd1c0c3e1773006521dba88
90b0b719f06be121822b3e0ad973b2ab,b7ec057560a4374e120e620b03e20c42
90bcf06df6113d24f6b045b0f408ffbe,aafa25d08c755a42e7bc379524653272
90bcf06df6113d24f6b045b0f408ffbe,c45bbfe8e85574fcc5ad6c8884301589
90bcf06df6113d24f6b045b0f408ffbe,da6b143cca7e9823175f93bb6d3d61d7
90bcf06df6113d24f6b045b0f408ffbe,ef1467b8676e931377d329e4f21b116a
90cf8ca9603e73d7878f11f6769a307b,ed4fd4b5391ccfbc985a96b9bc5c2170
90d2adaf51f7d679d11f062070472790,d552e2521b1e154e4530b18950d32230
90dc9b87ed6fcd1101a013418c494dd0,ee696c2779101329b507ee65dd79e551
90f783f3e23ad129d6998a54ddc7c078,e0b6dd50669691af21565784fd74f01b
90f89bb967b0fec49e4f87f2048da886,e38f5edc747a8b11180a01e57eef3d9f
912356a679ba499e4a5d11eaa1849567,92601e2d3548a477033dec636d4cd843
912356a679ba499e4a5d11eaa1849567,a7669d6fc8f46d263cc895a3e955cfe8
912356a679ba499e4a5d11eaa1849567,a95bf7744fe6cd8c8c1cf61da46db3c8
912356a679ba499e4a5d11eaa1849567,bbcccdbd0ae0458cf52a8077ec2e0f42
912356a679ba499e4a5d11eaa1849567,d838203a9aa3ec7d77132d3bdbc0805c
912356a679ba499e4a5d11eaa1849567,d947e045407dd3f82ef6a90b4ea053ff
912356a679ba499e4a5d11eaa1849567,dfceed03a74e93db23209672b08ab262
912356a679ba499e4a5d11eaa1849567,e79f617a9123f418b3a73d51c9ae7f83
912356a679ba499e4a5d11eaa1849567,f84fdcf165aa220c2668e7460dd9ee12
91427d7994e6341c50c7b1dc68e0b25a,f426bc0d6c6df6fc306a1afd12806757
91567517fd302f0ba3147b11748e1f7d,a7853e132243e68f89f9e3f5ad1a7b98
91567517fd302f0ba3147b11748e1f7d,b3e926048cd435bca6873dbf96473813
91567517fd302f0ba3147b11748e1f7d,e20838a869a95a8e38684d08af9a9917
915a7d2ee3e4e5fe9142544114f0d936,cbddf3fcada90b0e0382e43c872af1f6
915a7d2ee3e4e5fe9142544114f0d936,d861c5d33e7bf1cea5887ce5b709ea79
9164a8fa64186529d7b81ef42fbe609b,b061438bb92f7e1044c08450796c6d97
9164a8fa64186529d7b81ef42fbe609b,b8978178e025a10d8a6816d6550a6f01
9164a8fa64186529d7b81ef42fbe609b,e3a6beaac46b007f92126609d340fd2e
9164a8fa64186529d7b81ef42fbe609b,e7d3a8728dfec9a8fad4b49662798159
917b31b3976cf246d9171dbf64871c79,9540f2f1ef5c0e23048d2edffa07e8f5
917b31b3976cf246d9171dbf64871c79,c81ee1906b111276630ba0c09b055ff3
917b55ebc7b44f2aa404006522d53be2,b7f99a13465fa041338692f47cfe3d2b
91a6bb67c560211726652d2999b02755,c3da465ef546e9509ee1a5a7ba7f41d7
91bafb912cab060f609555f057cae3bc,a3eb1ebfff3844d5538061bfe816902c
91d59c3ddd12d2187a930d7ee4f06f61,bc991a32f5980ce587de20e8bc35def5
91db55039383bec873e00fc6a6bb8196,92182414f692714b419138985cafcbf1
91e6b4583ceff8993883b7dc26b31921,c34e13fe02a8126687f5f19da029760c
91ec15f8b090348f11024013dbc67c3f,9ef1ecce967783e7d5d72bc6d5305932
91fea2e7c48116b85ea91d40da551f59,9b83d6647115de3a094bf4cc5fc2f88b
91fea2e7c48116b85ea91d40da551f59,db243f5365ffda2f10fadb749fcdcc02
91fea2e7c48116b85ea91d40da551f59,ee960ccdb8f984f84427cde5432aabe3
9201126070f22bcc882445170ecd0d2f,b8e0fe4d78287a7693ed8f72364fab23
92063ed926a76cd7513b58b9f1684f81,e685866f0c6e100bab262446388f71ee
920bf7278fae992f3494a8e781a718d8,b8a5bdc378d2f25d90c42df932bd600a
920e731c2eba12211c5e968a9d4afb42,c3b9f4462c2fc87782a7b31ca2161cf5
92122e5448c9b5359ef735609bdfc9e2,fe208cbebd2c3a2d529cf8465d16e14b
921bcb670514c0b6a8568b7e76a6783c,cacb460213bf7934aed2e64f79e10d55
924866873ccf6146f7f11ecf92013830,ca26a80258fd900a88e8698b81056ae4
92601e2d3548a477033dec636d4cd843,a7669d6fc8f46d263cc895a3e955cfe8
92601e2d3548a477033dec636d4cd843,a95bf7744fe6cd8c8c1cf61da46db3c8
92601e2d3548a477033dec636d4cd843,bbcccdbd0ae0458cf52a8077ec2e0f42
92601e2d3548a477033dec636d4cd843,d947e045407dd3f82ef6a90b4ea053ff
92601e2d3548a477033dec636d4cd843,dfceed03a74e93db23209672b08ab262
92601e2d3548a477033dec636d4cd843,e0bc445137c4097325344a9fbf641b24
92601e2d3548a477033dec636d4cd843,e79f617a9123f418b3a73d51c9ae7f83
92601e2d3548a477033dec636d4cd843,f84fdcf165aa220c2668e7460dd9ee12
9267869f81ffd99813170f262480ca37,f00ed5587cc672dc2c545689baabaab2
927b403bec1374ee04d58b7c613a2fdc,bb6126b09ffed022edf8dd07efdbb333
92804a0ccf98a292b8114bcdc0e4042c,b4aaace5115ff10030196dacca018917
9281aeb0059292328f7828bfc453a3c0,e96b2f936a3a8374c4603bf51007cdeb
9285f44298477765bcd2d19c747f4dcf,9eb2414da5c84367f40d013d8e651651
928a008fab435bde96ba4f7d27f08785,d71b0c835a25bd2aae0aaee547070b3d
9295b4212327ff6097a50e28972ec9db,a6d6875c2500a67b579c9609611de769
9295b4212327ff6097a50e28972ec9db,b93ff050bc8cc544f875174d6c64d51a
9295b4212327ff6097a50e28972ec9db,d8bd409a61eed0290d225be07489b42c
9295b4212327ff6097a50e28972ec9db,ec2b16be29a1fce84d9787a5dff47794
9295b4212327ff6097a50e28972ec9db,ee2401fb49c256d8f92e50dbf3a4d160
92afcb3664085be24afa75e0e0810248,a6544901375e90ac97e3105295fc5cfc
92afcb3664085be24afa75e0e0810248,c54ea69274906c6b098cff5360f11113
92b85ba5b82b7805b219a9332ece26ba,e15fbaa4f821c7e9a06e14b619d08ed8
92c892d5c311131ff69c9a961adc06b8,b9cc57f610665f0103033110a78062a6
92c892d5c311131ff69c9a961adc06b8,bb80c13cd3881888300c2f6d2cd293eb
92c909e785d259e96ab720d5315a8e9c,be7094eea2cd8da5a9eb5b309b537aa8
92c9b8c8356ba6bfcf580bc86e22280f,a103f7e553aefb036cc6bc6c9cd29520
92c9b8c8356ba6bfcf580bc86e22280f,d3dda5053e078651749e29aefd5f0398
92d2b0f4cfdaf5204d0d62e2dfcb985b,bc8a7317caa3335783c9bdc81875693c
92d2b0f4cfdaf5204d0d62e2dfcb985b,ddf6cdf3569af4d328c9740a86e73c28
92d2b0f4cfdaf5204d0d62e2dfcb985b,fab3d75e3eab49a188c4b8f838983a9b
92d316d91bff778a3ce6ce14e78006fd,934c22ac03dca120d37f25e8933b6922
92d316d91bff778a3ce6ce14e78006fd,a567088a9a7e93263bf6fca37574c887
92db08f64131c920de7441a610f1dbfe,9adef2604ade49ea0a6e82c1f55cff72
9303efeaf1c37cce408dbee0df129cb0,9f414c3b1e920339c4d4157af3b5aca6
930659bbccb79567549c6c762a1422c2,98f1f017f8695e00e050c10a73bbb947
930659bbccb79567549c6c762a1422c2,f445295d3a26f1d4f554e18d641a982e
930a9aea88b7dc0340c3e68930aa8a54,a8b7deaea229639f100b43ab224cb10f
930a9aea88b7dc0340c3e68930aa8a54,def0912b5f1c659fda8f276d54ed282d
931fc8352c9041b205270a087ba486c8,bf9d11833da053a5759560e3ebcce830
931fc8352c9041b205270a087ba486c8,e2235f123e9d134e064707e85848f013
93307239ad5cd3bd338e61241720be84,a104f15d16bfe3e445b8c2dd30a7cf39
934c22ac03dca120d37f25e8933b6922,a567088a9a7e93263bf6fca37574c887
9352ea8e3d6b6dd9882945dfe10d4e90,9e3958b0575537f6529414db474bd8d9
93593738bbf8cabbda5a70df81032f32,daffa6893d6a05ffffa53019d5220b46
93593738bbf8cabbda5a70df81032f32,e0d99544566b56a49cc74ffc6abc5e8a
9365ff70f52e7dc6e266ba91974d7fe2,9e525b37574d76dcde2f47fc6a52f03f
9365ff70f52e7dc6e266ba91974d7fe2,cfef82f1013185ddfb7fca9fea7532dd
9365ff70f52e7dc6e266ba91974d7fe2,ea921ceab67192c220ae194089cd5d18
9365ff70f52e7dc6e266ba91974d7fe2,ecabab77248a428d3fd07dfbad19d7bd
93711529c694ee5bae448c900df22848,d4d1c614ab55658b6e26ecf353ba3409
938b2e65bfca77057ef49b7929976b81,dfdc10d2c2c25c03bdae92e658113544
9390fc2cffb79bd4cacccebf8d5fdad1,ef9d06523d87e12d22e0cb6b4df8a1ab
939dd58427d480dd1902e55aa13d5774,f219697e2da743ab7e07602801bf1069
939dfdcdf9e80f5fd83ee11006bce133,fe69e7835cb7b170daecbed214243bfc
93ab179de2c83b4bcf441902ea392dab,9b83d6647115de3a094bf4cc5fc2f88b
93ab179de2c83b4bcf441902ea392dab,dec66205497760f896cb9edb679f488d
93ab179de2c83b4bcf441902ea392dab,ee960ccdb8f984f84427cde5432aabe3
93ac3786acae5d6fc3eb9ae69ca9bc59,a3839811480baeaa381ce9fa93b8aaa6
93ac3786acae5d6fc3eb9ae69ca9bc59,cc559dfddc4ab5140c16ba6d62336c9b
93ac3786acae5d6fc3eb9ae69ca9bc59,d4d3c2a6c0b7aab64bffd0ef3395e3d4
93ac3786acae5d6fc3eb9ae69ca9bc59,dc6c1bdb6de35d310eed4e79dfab7ea6
93ac3786acae5d6fc3eb9ae69ca9bc59,ec5c1f39fb64eb9a03be159e20859bcd
93bfe890926bc27576dbee4eb3feea80,efdf1d696730e2b046cd8bf9be23fca7
93c331163fb30a25a438b82a8d5c49ff,e82c730b17bf8cd92ca4e3f58ca824bb
93d6b0e9f1a0c89052e63caea85ee273,b713fba008fd920122cd33e23f9ac11f
93d6b0e9f1a0c89052e63caea85ee273,c6aa4eaa991e19fd16cf2d0c4d1ba304
93d6b0e9f1a0c89052e63caea85ee273,ce607380b620a5a0223f5ff6ae2d2609
93d6b0e9f1a0c89052e63caea85ee273,e59220d22a745e04ac4e3f4d11ca50ca
93d75af933304ffa28e56ce56acda585,c51bbd87749b79c028e10dab2397c828
93eae7c30bf99ea0961848c4b342f6b3,c30700dcf1e4ef69f8300d6d0dd4580c
93eae7c30bf99ea0961848c4b342f6b3,e08602b98e628f6c6ebc444387368782
93ff2268fe6dd09c397756c4ed65cb1d,cf0a0bf86d48836b829c1e9f00294821
93ff2268fe6dd09c397756c4ed65cb1d,d00148036f5d147da3e7682940eed5ba
94171d1df85f5aa8f642e73e845ceb28,a5f14368b8713c3c300cb59a0610e7d8
94171d1df85f5aa8f642e73e845ceb28,c1e92aaddf9cd0e83cf7634ff962b6a9
941c43700fc6c08d85047dffe92a4a04,ccf410503278d14b128d9646c995f6eb
94256bcee58851bb13723cb0366708a8,b3e73b4a4801b537924a95c9cba2683a
94256bcee58851bb13723cb0366708a8,c381525f583f18be07510aa70dd14a43
94256bcee58851bb13723cb0366708a8,c4ce02691b4ec7022e6e41a6aa59efde
94256bcee58851bb13723cb0366708a8,dfe2765af8b28f171d8a1d9d3cf221d2
94256bcee58851bb13723cb0366708a8,f1c37528f255c8537731521bbb16b87f
94328758a117e1a65de81b264477f61b,ee12bc3c83413e7a6123151a14786ba5
9438493d7967c39a118b6ea4c7a5ee35,a6641e0454806c3e267f382f29963b3c
94562c537ddfbafa699124adfbaa6ae6,a887c5a65f813d149083d82f86b520bd
946b4059c3b8119ebbfaf9fe11bf83cb,95981adc487a55b74808439f5977fd9d
94767b8910afec20f6cabeb5ff03fbfd,c63360c51f673347d31310d05d5ddd80
94a5f0283485dd767de6e5db5d95c3f5,e228cd5155f2eaf1a084c611ef5d3ce7
94d8477d49631cce8b3c90dce41b32a3,bd46fd6ae2dabb0d09f29a76bb363eff
94db0a22b054371ff4110c04abe0d5ad,a19f35397ae413008f8645e3df947725
94db46c05c66619dde2db6072ee33677,a1aec7d396971270ba267a0081129643
94f1344a9850fb0cb7f7e40f7bba57f4,a64bf96ed8a99a13f8a3602b93a9eaa6
94f1344a9850fb0cb7f7e40f7bba57f4,aa4e28243564790b15acda8e50637294
94f1344a9850fb0cb7f7e40f7bba57f4,c8398ebacf5cf536daa2353b4e34a373
94f27f00ad7d2659e5d5761458e44e46,c3ee7611d58d841d3e3573ee4420ed73
94f3cb8e64810d49de50d75cc3db2a76,cb8655617ef15d6f02c20840567f20ae
9528bc323c2f2feebc45573b7bf9cfc0,a103f7e553aefb036cc6bc6c9cd29520
9528bc323c2f2feebc45573b7bf9cfc0,d3dda5053e078651749e29aefd5f0398
952d0760c0ad5d49daad1742690f0df7,b72df5aefeccc1a7018726a21574aa8b
95403e18f9e45cd56b7a4aed546f855c,984ebdcb3f568d9389b22851aad490de
95403e18f9e45cd56b7a4aed546f855c,e09ab87ebbce3f3598f67290e5012ed1
95403e18f9e45cd56b7a4aed546f855c,eef7ab58691ad89d2b3d2b048f07a54b
9540f2f1ef5c0e23048d2edffa07e8f5,c81ee1906b111276630ba0c09b055ff3
9548abaf9f8c0cb72d9428dc49003f57,ad1fb6e50f810f52af1fcc92fb5f289c
954ae04cd3fef5b7674cf72ea5905c03,b7f1aa98d8e371952c2c9a6e27c960b0
95685bdfd24b0341b851d436ef749085,e228cd5155f2eaf1a084c611ef5d3ce7
956c2e715c1c56f923491fecbd20137c,a5e79ad5ae4cf75f7aa0acc3e74a89d4
956c2e715c1c56f923491fecbd20137c,d945a41ebd4ba0a9d6697e8d614bbd08
956c2e715c1c56f923491fecbd20137c,dc0ff6019072a549f032144fff0c62a4
956c2e715c1c56f923491fecbd20137c,e4a2b54db0e9882156fb9365d28763c9
956c2e715c1c56f923491fecbd20137c,e51bb4e4cad0dd3449f2fed7b9878068
956fafd33fef702675b685c9db9ca0b2,aad80c08d41a4fb3832d1cb93eeea2b9
958344967631ab86d11d479eb2d212d8,b3b90cdfe0c5ddbde2d9c835004917cc
9591c1cf45cb82c31df43b101317dc69,cae7fa18e6aa67706d467fe72539b253
9598d91be2f48456395546a8bd685fc7,b44ce5edc1f0b1257ad0e003faf756ef
9598d91be2f48456395546a8bd685fc7,cb05e5d38158bea7b958d907a30db427
95b5fdc045907bd29abb941c9bdb4cd9,f0c63c7dcbb6ed9c15ca3c7e27464bdf
95c6c6729a73c4ffb0c70ebba5f29c91,e5f4f8fc4431a47d1e3e5a52649a4b75
95ed76cac7d076ac792eb6fa5358f624,cbd6bd8f52a452f03a0796f1cba721bf
95ff32769e3b6643e3398395c8626037,c6d609e5755122be73006e3d1b12befa
95ff32769e3b6643e3398395c8626037,d09fa69c6d5615c26aac2f825b8e7328
961201232f3747e62632980212e35227,c08eab8f5592b55a14025317c246a4ac
961832130e578cdc180308d4a548d4c9,ae62455fe0118810d96cc1dfb6b12484
9618897eccacf463c5528d3d095ce177,aa7d4045e8d65f2e3db4551ee75de2c4
9618897eccacf463c5528d3d095ce177,c06f3f926cc18b45ba350495c59c0093
9618897eccacf463c5528d3d095ce177,cdf07468d9c693794f1da0b9ba549c15
9618897eccacf463c5528d3d095ce177,cfe1ac5b7858b370c320c67133b10c14
9619acac4e8757949517cd73e7326f94,d6e5ef985449cb5f734298c323c2cfc3
962a77b8e32fbffc7bb751e32a2840f5,c5a72a318ac0c190d3fe9d3b97f5ba62
962a77b8e32fbffc7bb751e32a2840f5,d6d6c0810cbd7f94127b32aa11b18fdc
962a77b8e32fbffc7bb751e32a2840f5,edda894e130693e415f4972f242567ad
962a77b8e32fbffc7bb751e32a2840f5,f32651105c9bfb2580594981576891e0
962a77b8e32fbffc7bb751e32a2840f5,fab3e8b068451de4f9a0f34e4d978210
965536100563a29046d1766c752dd0f7,a43694fa7db34fee7589c6702d787410
965536100563a29046d1766c752dd0f7,d32c098098cff78aadff936cc481091a
965b27b8b26a3f208b2e4793f88745cd,b1d71ab69b76625fbc45f24bedc20e9d
965c1b8f7909d3f70bcf483eab708530,f122f1cdbd74fd8b35865246d8453d19
965ed2d95495d9f5a5d958013e0aefbe,bb2176295b6742e7622d3aa9786d5352
9670e7c65eccadf1f983219b8617321e,b16542021a6ee67dcd2bc5c36e3ff732
9670e7c65eccadf1f983219b8617321e,cedcf9efc8ad5d323edeca2378e56dd5
967433e64c39769d8b9ec0585a1b89dc,b4704f3bd4b720d2b2a0061e1adeca6f
967433e64c39769d8b9ec0585a1b89dc,ecc81f1406369410d481640b04e9f381
967433e64c39769d8b9ec0585a1b89dc,fb5ba9702347f1cfdb7a0e5033327fa7
967bc8db43ef49daebf9be8d414134d7,b426bac41aa36409976842f5fd218139
967bc8db43ef49daebf9be8d414134d7,d828d22f6619b95572591652d93903e6
967bc8db43ef49daebf9be8d414134d7,e90b2a6e36eddbf7889bcd039c83478d
968213de38d32d7aab37e2c822a2d534,a78a596e2f582d8abc5f30bc7ab40a7b
968bac117b81f824cfca6bb3bea37d74,ef79cafc6690601cf97469a0bbef7f27
96cb83561e6fc064114e01d8e61409ba,a81e226fd81222d5633bc72eb6c5fc22
96cb83561e6fc064114e01d8e61409ba,bbcaaa9d2e93ed884c4f6d98f5eb59b0
96ce69de16906d7b6bd3bbd9aa938c3e,d45ed8e308890382615c07d77eeafcf0
97045a03465a84be30c8a1be086d8e1b,c2d25ab7aa4cfce97530880f2845746c
970640e35b80ca90419b4cdcc46749d1,e42792947e27bde90a37785b4ff24cfa
970fb2175c0bcc78b4d41eec2888582b,ff6a949863f071207fcd526fe1dc74b3
97113299d79dea2f6c699d0ae1c772d3,ef9e0c5631efc4a67957064b59941f36
97233c3a33602c6b9e09d0bdd09ba644,9c2470997d4205cde25a0f392d8bf289
97233c3a33602c6b9e09d0bdd09ba644,d2bbc96491a614fcccfd25e8a5544e6f
9746fbd201417cd648e8eb162799f6fc,b2cecf82aaeced92f0727ee835fb817d
974e6c82cca769f598262d065a019d1c,a508f7dd5cafa20f7dd4eac9bcdb36f8
974e6c82cca769f598262d065a019d1c,ec57ee5acd579000029870f90d866a32
9767dcc4bdc94466edb9c0f6562e04b7,a81e226fd81222d5633bc72eb6c5fc22
976cc69506aeddb1b7cb90ad1543348d,ef9e0c5631efc4a67957064b59941f36
97aabd26cd3956b8d1adf97d370b5903,af3b88ef54b71ed1f2df90ade71ecac4
97d76de5a2d0f35835a3bfb4e71e53d3,ff465f595801cf0e9e6153d535599412
97d7c9540a439f24b9436e457fd29f90,a7213a5dc060e2b6bed925c646ef0278
97e55b2cd30d3c36463e164282cf773b,e520177f672bf7f04441c042d8b26016
980c35da95e84668d8fc5594bed10306,a4389746d0f3d309f9a00e3ce9f1b5cf
980c35da95e84668d8fc5594bed10306,b59438032b3575852431520b323cfd22
980c35da95e84668d8fc5594bed10306,f32651105c9bfb2580594981576891e0
980c35da95e84668d8fc5594bed10306,f3c0fd4636069bae3b69420bdd84f6cb
980c35da95e84668d8fc5594bed10306,fab3e8b068451de4f9a0f34e4d978210
981043f974c1b1111453288c3238ed7c,e498fc7c1012a8af8d1b74af20c074ea
981af5313ae3c4a20d9ddb4573108dac,9952208e7ea24e9d2d5561742db09192
984ebdcb3f568d9389b22851aad490de,eef7ab58691ad89d2b3d2b048f07a54b
984fe1f8988472a5631c504d0c8ef27a,b712a073463840f5dd609ef5edf2f4c0
985627ee0b33168ce0c4e4b7c98c77eb,ed1c650bfdd379f7c870bdcb7c06e2cd
9866f390476f2838926d9199cad734dc,c0c0f4cdb93a22b0bf7aa61e7b058547
9866f390476f2838926d9199cad734dc,ff451a1ee45a245dfd8e79614873ced0
987af5e91dc062d3718546b08e9da919,a81e226fd81222d5633bc72eb6c5fc22
987af5e91dc062d3718546b08e9da919,bbcaaa9d2e93ed884c4f6d98f5eb59b0
987f013e9fc165e769dce3bbd34ca06a,b096405376b84c6ad0968f0a3472e518
987f013e9fc165e769dce3bbd34ca06a,e0d99544566b56a49cc74ffc6abc5e8a
9896e748e87b3ebc09477ad6e8b34e03,9b2cb5945f241b78c1fdbf131608dafe
98980875718dcec78acbae4598bb9a5d,e0a5f27a98d98f730fdfc96a266243de
98ad59bde2196075d90a480ef830baaa,fa5b411a6c12ec488f06e21e148a52e1
98e4fc7d37642ffc5c2a15e32fb4071a,c7f9c86f92f82b202698478355b769de
98f1f017f8695e00e050c10a73bbb947,f445295d3a26f1d4f554e18d641a982e
98f7381e9a158bff791496f44082bef1,c025c4e8203eb09bc1fcb0bf892f3e20
9916eeb3f31394b2610bbf405176d7e8,f809629873dc8eff17545848b83c561f
991f7101af18557aec87dfeb08c4fcdf,b2995e0ef18031e6b799c308f9bb2b89
9921ec79716e920b406c86c210879c75,b48f66588615e082390cd535a289c400
9921ec79716e920b406c86c210879c75,e2bb3bc80b5cf1371506471d84fed5ca
992900a0b0bb15da736d192fd869443e,e3a38024791960c4422d53850d80cb7a
993c92a22c865ae2e0fa279100edc140,a1e1ca875f9984b5448ab81d153e74fa
994634fc638c0e23497bfed086374633,ef3227dfcbdf5c2f70b38184aabed858
9947b0bd8c5924d97969016af3c31cbd,f63c4a7c25930219a68a7037038eaa8d
994db3ca823877ae81dbabdddc7d05dc,e356a7c465d97f1b4f455f33b6972647
9966b4f7b6877bd5eb0dffbe4f4c30bb,cf83ea0cd19fa7b01554ac801cdfe92c
9966b4f7b6877bd5eb0dffbe4f4c30bb,d5d4292b3e20c214fb38d93ffb93d285
99995b8d44ce7f4b5aef0225c39277ad,99995b8d44ce7f4b5aef0225c39277ad
99995b8d44ce7f4b5aef0225c39277ad,a3b1fa4efb2566ab4ee7c9c7a48a2605
99995b8d44ce7f4b5aef0225c39277ad,d6f8e28a9c73bfa99d927bd33dcf95b3
99995b8d44ce7f4b5aef0225c39277ad,e28dbac997b9be4c66fd6a6a38095e80
99b4405c99d3567f77df7a00d8685809,abb724118f29965452622a192f6a54eb
99b79dd49c090f417d7d09346051d1d4,eb6c822dc18bf45c8d6c43a1b9facf73
99b79dd49c090f417d7d09346051d1d4,f8e49644403485fbb994158e859d9a0f
99c59536d8f3362ff0e458632949e101,f3735463449ebf2f0c7a6064c44a4286
99d9620d5a3044e6cf8468bf4fc045ec,da48369b25c26e8532ac104e493aa3d2
99ea5d10368b28824fcb9b10c06a6959,9d67e315dc4718f709bd6f98e074fcd2
9a16275b80c59f5f6a3ff330d76003a9,a414e7e1919785c50fa27c0e72323c23
9a39bdb7cfb9c957735388b211f107f9,c37b9d3f9fc0efad06dd5d0141a2b6cb
9a4091a7f18149cdd9b32f507009817f,b884972470269827d2ddf918cf073398
9a4091a7f18149cdd9b32f507009817f,bb2cb996db28b0814a4eb840b8245b61
9a4c23b2f2d1773c3761adc7da037667,e923b6f177ef8df7626d8edfc3c19be1
9a5f19db7fff380edcc3384ece808387,e69901144ab62793342c9d1a1fae6eb5
9a7f8afc7714521b41100d45f34fdd7d,e1ddbaf77400520c35295452c5b0d802
9a8c07f833b7b4a36aaeb7feb3adeffa,a3973f94934685405eb1ebb6eeb3e45f
9a8c07f833b7b4a36aaeb7feb3adeffa,d34c97d4c8d727f415a81231da2a1c18
9a8d3ec11c64bd400502e5c70dda9669,a55c4e08640b0b024f4faf5db6180772
9a8d3ec11c64bd400502e5c70dda9669,a7f00119e662bce8b1567e76bd5203d5
9a8d3ec11c64bd400502e5c70dda9669,abb849ab076d28a1d751641a7f57797b
9a8d3ec11c64bd400502e5c70dda9669,b761baa9125211e788bef2bba644dc6a
9ac1e9832b6722e601d1f15962b89641,f0f4badff8e3e4b723521ebb9ae1b146
9ad07204a48d1efb577b556f6563b1b4,bb4329bdd7c007677ae6a9fbd47dda90
9ad07204a48d1efb577b556f6563b1b4,ece8a8294fbc8d93244154c49673b733
9ae89785dbc5af7fa6977fdb5d86c6f4,d86e536df9847a9e7366e5b3f6800fd8
9ae89785dbc5af7fa6977fdb5d86c6f4,ee330415b10b76ad5fc46ab08e9032cf
9b10b0540de1f7f03c8f3c09ab331795,9dfc1a9cd546edf6aaf0407a11a734c4
9b10b0540de1f7f03c8f3c09ab331795,b49414acaab784de001dad791a500ae4
9b10b0540de1f7f03c8f3c09ab331795,b660893da5418542f202105861155f86
9b10b0540de1f7f03c8f3c09ab331795,c0c3d3b625d1b2c931ea03584c7e5302
9b10b0540de1f7f03c8f3c09ab331795,c6b759eb39dcd70130772327e479581f
9b10b0540de1f7f03c8f3c09ab331795,d584de7e13ec98af5c5537eee21af767
9b10b0540de1f7f03c8f3c09ab331795,e36b19cba75c879762974ad7aa41b811
9b10b0540de1f7f03c8f3c09ab331795,e4ddb079f99d4a2d6c6ecb2c19e0fab1
9b401b716387fb6b8d9bf46c2882e696,a87850097693c4f5048a6e5bdc1e2b31
9b401b716387fb6b8d9bf46c2882e696,a9af2700ef761e22e334b9c172cedee5
9b401b716387fb6b8d9bf46c2882e696,a9dc942a9fcb1b2215cd6b339c76848d
9b401b716387fb6b8d9bf46c2882e696,c6ec25b24256f6e1f902a29416ab964e
9b401b716387fb6b8d9bf46c2882e696,e8d14b09b08840dcdfaf1d3983d6df51
9b401b716387fb6b8d9bf46c2882e696,f0a7454555d52a667c6df22dc8a28bcc
9b401b716387fb6b8d9bf46c2882e696,f1c0e8776928a9cf507eea55f424076d
9b401b716387fb6b8d9bf46c2882e696,fb5643b20582ba68d8da8a8dca24c4fa
9b401b716387fb6b8d9bf46c2882e696,fefa98da8db666ce806d4af04be8e6fa
9b427aa900fa8c136d673fdc0ecbe11d,a0aaf9c0f0db6f4ec50ebc21f29f4031
9b4d5ca000f3a586c521db84a24f23d4,e174e9add3175598b92fd30a4bb51903
9b51fa36e7bf7cdb1ec9c91071f5c1f6,9c5142e485c7ca9dcbd5cbc81a59d0e5
9b66a42755d463a7afb613819aa824af,d427a577302c58fc3d34969989b864eb
9b83d6647115de3a094bf4cc5fc2f88b,aa7d4045e8d65f2e3db4551ee75de2c4
9b83d6647115de3a094bf4cc5fc2f88b,db243f5365ffda2f10fadb749fcdcc02
9b83d6647115de3a094bf4cc5fc2f88b,ee960ccdb8f984f84427cde5432aabe3
9b97a259a6418791d215a36ebbea0824,f76746e78c7e82f50ec3ae82a469273c
9bae73d4b6ef23213ef1f74a02afaf4a,abd17b2659ae81eac0fa0189253e8f3d
9bb1374cb416561b43e0349dd18d3509,b3d4cd193f1e5b5ab73e78a6426be622
9bb1374cb416561b43e0349dd18d3509,d1a771089428c0505fa8322358600c21
9bbf4523ecad08d49ddd383516a94b42,b71721e0f5f505a49762d762e814fcf2
9bc7dd6f2a2f5fe11e84da920828addd,a88d0ebc29a454052d70cf113ae72640
9bc7dd6f2a2f5fe11e84da920828addd,d8dd54c70575833601360d8b09fda06e
9c088c146a1d63d260cd61efefa51ef4,a52b96ea36f4c1fe4446bd751fe463ba
9c0f92af2eadaa83af08ebb8bbad1f56,a527bdf8b2adf0e93349398a841d4764
9c0f92af2eadaa83af08ebb8bbad1f56,b2511f6417f44a54c21d7b9be48e09e0
9c0f92af2eadaa83af08ebb8bbad1f56,efb27db69d41551b6f38e30d37578fc3
9c0f92af2eadaa83af08ebb8bbad1f56,fdafdd7fe5d83aaf35e8bf2cc2080f4a
9c1e12ea24b59e2ac4c33f4db157b671,9d28686312f4fb09e5935896c826a507
9c1e12ea24b59e2ac4c33f4db157b671,a5b1f854e8dda30ec015e923b4a83597
9c208e4875feecc340657de4d8f02e87,d74b2767bf4c762b15c2141aa4b91b4a
9c2470997d4205cde25a0f392d8bf289,d2bbc96491a614fcccfd25e8a5544e6f
9c2470997d4205cde25a0f392d8bf289,dcf788217e59d0694628c4f29744dcf1
9c282527127d178e8f52e1f47812af2d,b2680efed9c0659d9aaf6d754d29915e
9c28c0ade77fe174b3f18f92be40e1dc,a1f3ebd19de385ee18d44af27d7747c9
9c28c0ade77fe174b3f18f92be40e1dc,ba16086eac2d76d355ce69065be45290
9c28c0ade77fe174b3f18f92be40e1dc,c18fd18d3b3c9e15f4b2fe91a5a4ab35
9c29e7d82db3ad9dbc5d67905475e667,a8606646d690c7d4be710cee875b24cd
9c29e7d82db3ad9dbc5d67905475e667,f84b0d71a4c5ae1244a556beb46d3f2f
9c7734c469874858b6d46e57c949e25d,9e415cd3fd1b02da273146b6a9968264
9c7734c469874858b6d46e57c949e25d,f1bf1446f7d2ce23c54a8606d8cab366
9c899994ba1536a46816dd5715c69db1,fbea0f43931d0a9a3b7cb3ad211a4dca
9c899994ba1536a46816dd5715c69db1,fe08e59e3511bc183f07baf67799c645
9cba45d6262ae07eee464b459e911e6d,a0aaf9c0f0db6f4ec50ebc21f29f4031
9cda1cd9df540c1a320e1e8c90711519,f6be7b4100599a86b61d4cf3f83a3d97
9d1a2448b86bf228c25abd7cbde79225,b34c1c93d977c97e5d33b2a0398c88b8
9d1a2448b86bf228c25abd7cbde79225,d9c61ce1f05773419eecb364617df84d
9d28686312f4fb09e5935896c826a507,a5b1f854e8dda30ec015e923b4a83597
9d28686312f4fb09e5935896c826a507,add2eb9d32cdfbba9162790643a5c455
9d28686312f4fb09e5935896c826a507,d8994e1cb94f0da41819c189fc5f3918
9d28686312f4fb09e5935896c826a507,d92338c6200b400005140260da514ef6
9d28686312f4fb09e5935896c826a507,e90c30c355bad4006cc6adcbc1d926c2
9d28686312f4fb09e5935896c826a507,f70b6b0d66b009ec1d523baaed4cb983
9d7241e320605827c321b79dc3123b2c,b84598340cc31aab3ebf21913fc882c2
9d85e9507d1127776a812600b4581c60,f659476cd0d65a68dfa7f08797b5249b
9dc43a7d6645f35289ed5f717a8afec1,9eedcd002ef6398b704ce7f033f89d3e
9dd028ecfbabda9014fcc768c8198b03,b999852ec6bd850d1042ffd6bc44af20
9dd5a3de5e46e49541b729e4f601e0c9,ab2de1c55d75a26801ad1b574488636b
9ddd6d708d033601f5414a46a98bd254,c69c2d0874f002c9d3088e1fc3d5578a
9dfb3683795648a87b034c3114dc5724,b868d66f4a725a5f3a38d81f96c57e04
9dfc1a9cd546edf6aaf0407a11a734c4,b49414acaab784de001dad791a500ae4
9dfc1a9cd546edf6aaf0407a11a734c4,b660893da5418542f202105861155f86
9dfc1a9cd546edf6aaf0407a11a734c4,c0c3d3b625d1b2c931ea03584c7e5302
9dfc1a9cd546edf6aaf0407a11a734c4,c6b759eb39dcd70130772327e479581f
9dfc1a9cd546edf6aaf0407a11a734c4,d584de7e13ec98af5c5537eee21af767
9dfc1a9cd546edf6aaf0407a11a734c4,e36b19cba75c879762974ad7aa41b811
9dfc1a9cd546edf6aaf0407a11a734c4,e4ddb079f99d4a2d6c6ecb2c19e0fab1
9e02faa1364ea33ae7d33a7092f8a180,cfd3ea0356b97580316a3a135162bc00
9e04a2209f453b8c6f5bf29e3816d770,de20f994f491701cbfbf318cd629487e
9e0574b64f60d8f1600c5af749592769,a81e226fd81222d5633bc72eb6c5fc22
9e0574b64f60d8f1600c5af749592769,bbcaaa9d2e93ed884c4f6d98f5eb59b0
9e0dc519adc2aec23e259c7ef3eca7ec,e82c730b17bf8cd92ca4e3f58ca824bb
9e1b1290ac87007b03b96ac8d5b960e5,ab60da89e4e1e25ba93bbf6eb20d22af
9e3d024a880e19bbc065b79a27838e1e,faba12d316dc88b6b604a8c14a81cb6a
9e3fc5fbfe848c4281eaa0fd2aaa636d,9fa0e18f1c9a6f191a11f4cea2018844
9e3fc5fbfe848c4281eaa0fd2aaa636d,c9c00fc7796cfb0d00417a553c16557d
9e4032a059c77341efee2a4c3b3d497e,e917ea1de72bf167b9bfa6111f050318
9e415cd3fd1b02da273146b6a9968264,f1bf1446f7d2ce23c54a8606d8cab366
9e41b035e684a3afcf789e4f16d3ff5d,a6e647fb14d01b1c924ee4503f5af10d
9e41b035e684a3afcf789e4f16d3ff5d,add2eb9d32cdfbba9162790643a5c455
9e41b035e684a3afcf789e4f16d3ff5d,d8994e1cb94f0da41819c189fc5f3918
9e41b035e684a3afcf789e4f16d3ff5d,dae58ccf0fdb5feb005e91d5af157d7f
9e41b035e684a3afcf789e4f16d3ff5d,fc3a10f48843831aa74bc1a8ff610df6
9e44537b7fdb9183556ee3e4f89778d7,d039f768dd43b73a571268ab9d49f649
9e525b37574d76dcde2f47fc6a52f03f,cfef82f1013185ddfb7fca9fea7532dd
9e525b37574d76dcde2f47fc6a52f03f,ea921ceab67192c220ae194089cd5d18
9e525b37574d76dcde2f47fc6a52f03f,ecabab77248a428d3fd07dfbad19d7bd
9e78645ed7e2be4f5caa916b80605696,e823b9b6f7635e1dde9e1cf327c004e3
9e79dc4136c8a8909b473a51afd4bff0,e245ffacf0292cd7c1eec3900079641b
9e7c020eac6293971d159d762b08e8e2,cb9022a941d398f7720ddd662811460b
9e99d3ab56298d9ccbb2542eba8d48e4,b0185c3347d4796e3fb05d92b3690788
9e99d3ab56298d9ccbb2542eba8d48e4,f2deb2ab573471cfed81f83f63fefb32
9e9b9267c248d7392b328a29c141bea7,c70173fc0cc7f6f776f21d92063aeac2
9e9b9267c248d7392b328a29c141bea7,e83bd4dbf019b66ad936db6d1eceabd3
9ea19fc773c7040db327c10909c820cf,dab6491535e37c8aa91311ad3e7b4767
9ec3ee97d720c6a33f289d5984ea853d,a623593cfdb72b759d5d7ae5f8fc38e1
9eeb98c1c6969682090c2002cd43e25d,c655d568e9a06e1c2521f2efd931af99
9effcda3dddbd189e240c47e4ecbebe2,ed674494a2ccecb057041c40bda76560
9f008cc6dd29b2dcc533f9eb3e742e7b,ae6dd1eeb84f5af2e7f9ff4e4b497df5
9f0ea2e9c7800abbb5ca5760f6919ece,cca7df0cf0aaaad09ac9f75e9636c712
9f10a67a19bc74a140525652d0efedb5,eba804dbc3813a9fe6c0488de00b4d8e
9f12276e0ffaa44d4348132697abceab,deb7bbc5159efc4240b544e02c9a6f1f
9f12cb33e02e7b099b806c1512fd06cd,9f812f0731df6aa00b1f1bee73e1781e
9f1b75dccb1a238f4a8ae0d565f890a9,b8ce43fd290a2cafdc4dc4c8325f4d50
9f1b75dccb1a238f4a8ae0d565f890a9,bbd09e3b3ff37766ae55b524ffc61a98
9f1b75dccb1a238f4a8ae0d565f890a9,dcb6021ebbfc2a397f46b09e664fdc2f
9f1e54ec0df11b909fe0f1d8f0b7bad9,b6f805cdb73f2881e136984f4dd4118a
9f4aa7ed6511856ed94cc46136c193fe,e7a6684e609f9126ebb02c0e75ce503e
9f4caac1e496e1d46e79793c1b81cd4e,c53102c1707c089a2bafe636bc2a33c7
9f4caac1e496e1d46e79793c1b81cd4e,c9261afaa9f149e9d9ee0e42f8c8f811
9f4caac1e496e1d46e79793c1b81cd4e,d5d1ac3a738c071caab8382e87312851
9f51839ed0d8a1df90cacf5d8580e5e0,ffeca5323caff8d0e61ec5d6fe33c69e
9f7b6d9135f0f085b1de9f2a0d769abb,c4d71264a7110b7f1f1a4bc5075ae772
9f812f0731df6aa00b1f1bee73e1781e,d07ff9a826820b08838235b8b7e7c121
9f812f0731df6aa00b1f1bee73e1781e,e06e0ee60dadd2bef960edc7f60b6dff
9f812f0731df6aa00b1f1bee73e1781e,f2f464a17e28572a9ff420a44b043199
9fa0e18f1c9a6f191a11f4cea2018844,c9c00fc7796cfb0d00417a553c16557d
9fecd18a0a2df8d4da9be282402e0fc7,c1257124fd5c3f4f9a9ed7144a567bcd
9fecd18a0a2df8d4da9be282402e0fc7,dc6c1bdb6de35d310eed4e79dfab7ea6
9fecd18a0a2df8d4da9be282402e0fc7,e3bc22b9ac9159acc52356380dc7fa82
9ff4d0609a6add1687f881e434e942b8,e426caeceeed38c27c8cee28d04e8c98
9ff4d0609a6add1687f881e434e942b8,e673fe743f583cb7c12b352d0359bd3d
a00734464a28629aad4e6bcdf48b2a33,e89f82077699acc6096214eb7ca18876
a00b94e75eee7ea8c5e5ee6b49d2a71d,ac274958138b7081df4dc5d386090ef4
a00b94e75eee7ea8c5e5ee6b49d2a71d,b3b61982f79ae94d467d851a6efa7981
a00b94e75eee7ea8c5e5ee6b49d2a71d,d690d6a4e3d295c7fdbf3cb895c8f9f9
a010c160a4e34f8990086c0dc6cb3864,ba8a7ab783f6ce014569d436423f18e4
a02cf644bc5118e5e473829862bc5886,a7a4b5bf23cb560d08106ef75e1c73f8
a02cf644bc5118e5e473829862bc5886,c23d5f76ef396a0f520ca6c677dccc1f
a02cf644bc5118e5e473829862bc5886,c80ed6e4aa1f251f35952653b7c9ca8e
a02cf644bc5118e5e473829862bc5886,cdf07468d9c693794f1da0b9ba549c15
a02cf644bc5118e5e473829862bc5886,d44df7668f75c8f084cdada0a7a1aae0
a02cf644bc5118e5e473829862bc5886,d6feeaed5bb9195ac670b5692ba10104
a02cf644bc5118e5e473829862bc5886,da2ae411a236d52fa1e62a224bb1e88a
a02cf644bc5118e5e473829862bc5886,dd720a31ae01f8066abe782818b59699
a02cf644bc5118e5e473829862bc5886,ebc1919f45f9da5db0d468ce62cfdf50
a02cf644bc5118e5e473829862bc5886,efe94917387a9794795e7fc79557dffa
a02cf644bc5118e5e473829862bc5886,fabd6966abaabe52f19e44a088986cda
a04f4a09bc2b544ded1c72448acab83d,ac30501be6d236a299f34f3cf954b7f6
a04f4a09bc2b544ded1c72448acab83d,b28ecd267a8b6f7bac5bc4959c66be49
a04f4a09bc2b544ded1c72448acab83d,ca4d41b8d403af7db6136532ab8c32bf
a06442d56f73d232a4e338d00262aafa,ae39d9684ac25bb8ff23746d89bd9fdb
a06945b5347874c9674c5504a0a0f755,c5a8d64a3965648f3a232fa594392f65
a074673b02953b09c357cc5914bfb151,a233f96d49eea9a90bb67831ef826fef
a074673b02953b09c357cc5914bfb151,a29f8ec621122bf5beab36a13a8e9626
a074673b02953b09c357cc5914bfb151,a82b84c238f1a479678e1bd644e2dd9a
a074673b02953b09c357cc5914bfb151,c0dcd81f36e89fab09890ac5ce60fe10
a074673b02953b09c357cc5914bfb151,c58ccb658c4519f493938cfff5ab721f
a074673b02953b09c357cc5914bfb151,ca122a196e7915c33b0d647a70f3b534
a074673b02953b09c357cc5914bfb151,e9497c13fa24ade6845f9f2af96c493d
a0a019646a53c3698b310e08af61d35e,a45d0bb0f6b8ef11a0fcf9be9e9fcbd7
a0a019646a53c3698b310e08af61d35e,e1c231516fb595fad01b118898653428
a0a019646a53c3698b310e08af61d35e,ea3d058b2ddd8345a3daaa9b1287046d
a0aaf9c0f0db6f4ec50ebc21f29f4031,a0f19b403cc9d881c124895eb7917b0b
a0aaf9c0f0db6f4ec50ebc21f29f4031,d3d06266891a1b2d807e65b6d1b085df
a0bb0585ae782671012e08ac39fbee3c,fc76a81743eb871f67a345d9e3ba90f9
a0e664a7eb8858c75afbaf165d680048,d7994d56d87a0ce0f8ea3dd3b98b6795
a0eac4572b5548de9140fa4501db9e31,f7385f7282cd3599fe4b1522df15bed7
a0f4ad6445a658ee56e81fae6cc43b90,ad4adb98442547bedda170941f0a1d15
a103ba868b42da9848c95c1f0b93ab30,e115bc70ebb7c5ebcd6ff4726ba24cee
a103f7e553aefb036cc6bc6c9cd29520,d3dda5053e078651749e29aefd5f0398
a105d5894a485b945b22ba543b32e3c9,a9aa5eca579ca73231fa30303b1e4831
a105d5894a485b945b22ba543b32e3c9,dec66205497760f896cb9edb679f488d
a105d5894a485b945b22ba543b32e3c9,e4750dcc3268ebba356557f444761f9c
a105d5894a485b945b22ba543b32e3c9,ea15834188cc4aa85b0056af93164277
a11b0247613a31bc63ab7371ecbff637,e443cfef8fdf10c910f146940a97e4f4
a1297ba84d69eff63487398174d71fd2,b83024a119461595b6c66c190d44aa52
a1297ba84d69eff63487398174d71fd2,baee35f6955675d8b04f36afe80e5f97
a1297ba84d69eff63487398174d71fd2,c5f80874addda07109bbdb5bed5bda40
a16290d7c278252df6fabcfa90ce3e96,eec01adf16a0120811db63f396d47283
a163e814e3b752fe2193a809bbd31ff0,ac5baedada70df463383868d3ab9d22f
a163e814e3b752fe2193a809bbd31ff0,d48957e2e5bbef3743f68fce2931931c
a163e814e3b752fe2193a809bbd31ff0,fa5c020aad3a9dd727d5a75ee03e8841
a1645b434ac1f9c7679b8159f427da0b,a43694fa7db34fee7589c6702d787410
a1645b434ac1f9c7679b8159f427da0b,d32c098098cff78aadff936cc481091a
a16742958c467279609bc0c6221fd92c,b8bc05f0c9af5abdd603a23f1f013bb1
a1901d232d19d0d69e6908648e6d5f8e,b9868bbba272bbada385ed07f2c80488
a193989525188981ce0401a623f65e04,cd3e9b0a4ef87a4e58c66c55acf377e3
a1aaf8d25b84246347b03f848a8fa26e,b55f8e0cda82c9f4b45ba65e1a40de78
a1aaf8d25b84246347b03f848a8fa26e,bab042b01a04115aed7099ba84c9cc23
a1aaf8d25b84246347b03f848a8fa26e,cf2b3be2acc2bc2bf15a5730adf154bb
a1b2ca666d45eb41913c1cea96dd5bd0,c8e09e87ee2f905c9164089557ff6c22
a1d4bb2d350591c9b14ce2ac6e392869,da13eb7d8ade067650abfce924106b9a
a1e95a7e2a033fb15b6e8ac9896fc065,d4fe2c0b8d29ae7dcea508d05fcad947
a1e95a7e2a033fb15b6e8ac9896fc065,d838203a9aa3ec7d77132d3bdbc0805c
a1e95a7e2a033fb15b6e8ac9896fc065,e0bc445137c4097325344a9fbf641b24
a1ef468c3db80ecc646451fa2ada5297,dbf9a7659551afd6e503360bcdd2908d
a1f3ebd19de385ee18d44af27d7747c9,ba16086eac2d76d355ce69065be45290
a201ee6d3b7a6220d68cc47530c24620,a6544901375e90ac97e3105295fc5cfc
a201ee6d3b7a6220d68cc47530c24620,c54ea69274906c6b098cff5360f11113
a201ee6d3b7a6220d68cc47530c24620,cce7aea329c21e096ad1ca041f05d584
a201ee6d3b7a6220d68cc47530c24620,d863942171867fda00e1f9cc87088273
a201ee6d3b7a6220d68cc47530c24620,ea96bc8b7f79e9e2ce54c3211e41a1b0
a201ee6d3b7a6220d68cc47530c24620,f7738d04ed15f28d0cb5f615612f3865
a21881a758012909c20abedd9163f784,a64e335d06d430a2ba7b9eb8958d87ed
a233f96d49eea9a90bb67831ef826fef,a29f8ec621122bf5beab36a13a8e9626
a233f96d49eea9a90bb67831ef826fef,bda1af29723f36cd6472fd02e27858aa
a233f96d49eea9a90bb67831ef826fef,c024943b5d158e87fca15bbd801df9f1
a233f96d49eea9a90bb67831ef826fef,ca122a196e7915c33b0d647a70f3b534
a233f96d49eea9a90bb67831ef826fef,d1b62d77d43a6d2e5a40ed2138193b55
a233f96d49eea9a90bb67831ef826fef,d356777bbffbe96031313d21ab436bf1
a233f96d49eea9a90bb67831ef826fef,e06d8d1aadf11230288677f9517debbe
a233f96d49eea9a90bb67831ef826fef,e561d76bd22a7b7d3445a90984e86796
a233f96d49eea9a90bb67831ef826fef,efcdfee5a00d4f9d4bfa1e187e32cd0a
a233f96d49eea9a90bb67831ef826fef,f2410612ee43efeccc4605c57a966fbf
a262ce82ce9aad7f63e74f3716701abe,dd7c3a91fa84f2a267d51f9ece5cf41d
a262ce82ce9aad7f63e74f3716701abe,f09ac0fbae5ea3dcc18c441522cd7d1d
a262ce82ce9aad7f63e74f3716701abe,f4c35f057ade148da31f42e38e694083
a287ca113e90bd5dd710278979549c2a,d179cb7046146ddb40749a6b5f57938b
a29f8ec621122bf5beab36a13a8e9626,a82b84c238f1a479678e1bd644e2dd9a
a29f8ec621122bf5beab36a13a8e9626,c0dcd81f36e89fab09890ac5ce60fe10
a29f8ec621122bf5beab36a13a8e9626,c58ccb658c4519f493938cfff5ab721f
a29f8ec621122bf5beab36a13a8e9626,ca122a196e7915c33b0d647a70f3b534
a29f8ec621122bf5beab36a13a8e9626,e9497c13fa24ade6845f9f2af96c493d
a2c2a2ae68a66be9d8fa10c5e1f5e819,b6917609fa039c2e745f02690f9417e2
a2d030beee41376d69341299567c3d54,adfda7e62360702f59d6a2876848e9be
a2d030beee41376d69341299567c3d54,d95da4437912e319a6838c3d484be255
a2d030beee41376d69341299567c3d54,fbc994194514e4086a267854853e4465
a3839811480baeaa381ce9fa93b8aaa6,afbd380da5e88c1c70964bb2764c930a
a3839811480baeaa381ce9fa93b8aaa6,c95bac74d204931d77f800edccaf6973
a3839811480baeaa381ce9fa93b8aaa6,d4d3c2a6c0b7aab64bffd0ef3395e3d4
a3839811480baeaa381ce9fa93b8aaa6,dc6c1bdb6de35d310eed4e79dfab7ea6
a38aca1ee518bff0cbd1a546e4f0e07c,bb0228b2b42506bef921b82bda5662e7
a38aca1ee518bff0cbd1a546e4f0e07c,c510256e9671804fe641f7628ee925d0
a38aca1ee518bff0cbd1a546e4f0e07c,c7367f62152acb64962242f58a8aaa6b
a38aca1ee518bff0cbd1a546e4f0e07c,c780ab1dc891384bb510e9a729389c3b
a3973f94934685405eb1ebb6eeb3e45f,d34c97d4c8d727f415a81231da2a1c18
a3a8642b2ebb351aef10150847c23e67,d94e55b69357aa05cfad3d093ec49b62
a3acb5169253deed47f03426b3ee669c,daada69d5941bb7569d1b8c08636d8a8
a3b1fa4efb2566ab4ee7c9c7a48a2605,d6f8e28a9c73bfa99d927bd33dcf95b3
a3b1fa4efb2566ab4ee7c9c7a48a2605,e28dbac997b9be4c66fd6a6a38095e80
a3e1afa20beea2bd5a033b243d63f2de,d11e247a53890ee2e5ed0562d9be49c1
a3e1afa20beea2bd5a033b243d63f2de,e912add67c4ef1e51cb1d71f86138ec3
a409f1e0702ddc60c3b81cb58e71ff11,adfc409a6e8c966033f7de3fc340af44
a40ee361d7513ced9c80f420092d2f53,d90e43fb08122f86d44f2b6600919746
a412555899ae4b170857e9ebaeaf2078,d6b3e2218aa9aa2d899bde7c3d5a8077
a42b5986ef7e1112d007e16f9ed93295,a81e226fd81222d5633bc72eb6c5fc22
a42b5986ef7e1112d007e16f9ed93295,bbcaaa9d2e93ed884c4f6d98f5eb59b0
a42b5986ef7e1112d007e16f9ed93295,dc191bbec37fc53a5a0fec0e7edd4eba
a430db632cea606a2e4de67374777b90,d3cffc53967d09116a39ec271a7e54ad
a4389746d0f3d309f9a00e3ce9f1b5cf,e7c8f6a9114377a1fa8907d13b97c504
a4389746d0f3d309f9a00e3ce9f1b5cf,f3c0fd4636069bae3b69420bdd84f6cb
a442a1793e15a7cf87253d41c88447a6,fdc3fa6a1f7153889891c11e0d340ae2
a45d0bb0f6b8ef11a0fcf9be9e9fcbd7,e1c231516fb595fad01b118898653428
a45d0bb0f6b8ef11a0fcf9be9e9fcbd7,ea3d058b2ddd8345a3daaa9b1287046d
a45d0bb0f6b8ef11a0fcf9be9e9fcbd7,f72fdb2d54eaaa64c3aae45398cf3024
a45ebc7dd01bcc2f9b7291d3e66aec45,ac282d21fa50570d8606637144cc7b34
a46f3f9644ce798321347e39cf6161d9,dec66205497760f896cb9edb679f488d
a47bc4cf6eaecdeb49e0438c316c33f5,aad4623d796282d9df97d8ed60f35472
a4976aa2368323a1e0b93f987d074f76,e4d7e231d0af5097c65eb255f50b6786
a4e6bccbe1e8ec3e4d9a17cc690dc5c3,ddb14232c61544c9923728d7de8d11fc
a4f5c9245a40e14611e296eb6adf686e,f67765f1582483565d65a3b8585645a0
a510396852afd39aac33f61129b9236b,be39e0b5502018790f28f4d01b5f2d8f
a527bdf8b2adf0e93349398a841d4764,efb27db69d41551b6f38e30d37578fc3
a527bdf8b2adf0e93349398a841d4764,fdafdd7fe5d83aaf35e8bf2cc2080f4a
a5336ece7cffb84a73a42cebd1fcba08,d29d3bb02e1b63bba2e57fd4bc718122
a535d2a224057a211962157757f1c37c,ac0dd91472d1867847ace080645ac746
a5371a05eac5e6d8bea61810a7e060e8,bbb03f034fe6a0f3d829188cc98051c0
a5371a05eac5e6d8bea61810a7e060e8,f38136c67e1c22359fbc7fcb9f5b0603
a55c4e08640b0b024f4faf5db6180772,a7f00119e662bce8b1567e76bd5203d5
a55c4e08640b0b024f4faf5db6180772,abb849ab076d28a1d751641a7f57797b
a55c4e08640b0b024f4faf5db6180772,b761baa9125211e788bef2bba644dc6a
a57337d9b77ea058fc2f005a9aeff3b6,bc1be61ed24285833ae1aba309a827c8
a574ab5606fbb13ec16c75ed7bde0628,cb8618e364ecc1e58161fc9ad8c35444
a574ab5606fbb13ec16c75ed7bde0628,dcf788217e59d0694628c4f29744dcf1
a574ab5606fbb13ec16c75ed7bde0628,fa269c4edbe8f08278339e1e5da079e9
a5821828fd88c87eb9f3d5b137516151,b023d247f46c87880e90b894fb14037e
a58de53e691d283dcd1549043a41c10a,edc7130a58c4d69e727b611dabad3c42
a5a8b78b23ad7ca0237d4ed91a7abcd4,a81e226fd81222d5633bc72eb6c5fc22
a5a8b78b23ad7ca0237d4ed91a7abcd4,bbcaaa9d2e93ed884c4f6d98f5eb59b0
a5e79ad5ae4cf75f7aa0acc3e74a89d4,ae6aadd2f869f9ad36499c64a6d548ce
a5e79ad5ae4cf75f7aa0acc3e74a89d4,d945a41ebd4ba0a9d6697e8d614bbd08
a5e79ad5ae4cf75f7aa0acc3e74a89d4,dc0ff6019072a549f032144fff0c62a4
a5e79ad5ae4cf75f7aa0acc3e74a89d4,e4a2b54db0e9882156fb9365d28763c9
a5e79ad5ae4cf75f7aa0acc3e74a89d4,e51bb4e4cad0dd3449f2fed7b9878068
a5f14368b8713c3c300cb59a0610e7d8,c1e92aaddf9cd0e83cf7634ff962b6a9
a5f2a2567a350dca1ff4ab5d9c2414c0,e70105d7788a5d736ae6805a7f230521
a5fd8e44adc5dad15ac2974ca246d076,f4789c435eafffac46e41c8b9c160b04
a6229e7d97a28bcab7232292b67c3787,f4116a0a18d4d65bff92813c187c70e1
a623593cfdb72b759d5d7ae5f8fc38e1,d625f3cd11b62a8c9a7ff150695c7ec0
a6256138050d9596904613efbb4196a4,e41daf769e7fb7fef97638892e129185
a6256138050d9596904613efbb4196a4,f8091d31e4876689a61e9c238f0e60bd
a63804afa14c6e68b3f247de4c98f294,d11e247a53890ee2e5ed0562d9be49c1
a63804afa14c6e68b3f247de4c98f294,e912add67c4ef1e51cb1d71f86138ec3
a64bf96ed8a99a13f8a3602b93a9eaa6,aa4e28243564790b15acda8e50637294
a64bf96ed8a99a13f8a3602b93a9eaa6,c8398ebacf5cf536daa2353b4e34a373
a6544901375e90ac97e3105295fc5cfc,c54ea69274906c6b098cff5360f11113
a6544901375e90ac97e3105295fc5cfc,ea96bc8b7f79e9e2ce54c3211e41a1b0
a679ed2b3698059cef2ba6fe249ff573,c583ffddc2e812d438886361e8b4b353
a67ed61cc26f8af7e781a0d60f7228e8,e21b6fd3db4f429ef0d358ebf21d1f78
a6a28c9f33a0b366df1ef739f844155f,e84080a6bef3ede5f1d1529e27c5e9d6
a6cf17c4381f72f5fe0464fe50d42da4,a6e50362d5b195fb62415a591d97353e
a6cfd5ad580d7ea3fa1db5fd01b2f80e,b1d992d3452bd1038b5aa4ac13ca2315
a6d157c849d65234fa7a4d1f882c43a7,e059442cf1a54929af0e52d38ad1ee5e
a6d6875c2500a67b579c9609611de769,d8bd409a61eed0290d225be07489b42c
a6d6875c2500a67b579c9609611de769,ec2b16be29a1fce84d9787a5dff47794
a6d6875c2500a67b579c9609611de769,ee2401fb49c256d8f92e50dbf3a4d160
a6debccf3ab2141b1a40cacb98c936d1,cb94770d33f15027cf579cac1ecb51ea
a6debccf3ab2141b1a40cacb98c936d1,d162d5c77cb29a7810079f8ef63fe07d
a6debccf3ab2141b1a40cacb98c936d1,e41b19b1963857b965825933754fb101
a6debccf3ab2141b1a40cacb98c936d1,f216872fd769d3dca341c7192b4c5896
a6e647fb14d01b1c924ee4503f5af10d,add2eb9d32cdfbba9162790643a5c455
a6e647fb14d01b1c924ee4503f5af10d,af54dffa8468b90ce10fea588c303b2d
a6e647fb14d01b1c924ee4503f5af10d,cc5c387a552e83b6f59fac73684406af
a6e647fb14d01b1c924ee4503f5af10d,d8994e1cb94f0da41819c189fc5f3918
a6e647fb14d01b1c924ee4503f5af10d,d8a134675ed03cba6eff4453b77a1aef
a6e647fb14d01b1c924ee4503f5af10d,dae58ccf0fdb5feb005e91d5af157d7f
a6e647fb14d01b1c924ee4503f5af10d,e5ee4f4bcc280b421302f07e79241039
a6e647fb14d01b1c924ee4503f5af10d,fc3a10f48843831aa74bc1a8ff610df6
a6f15f514a6b9ac49efded144056e903,ac5bc2af31ef94712f413849147f6d5b
a70362c182fd7ac5836979c4fa76ffe0,fd9804c6312c4fc79191bd76611f8756
a70a395cacc41c23c2f773c0d121c8fa,e12bd21def3884f5dbd480396b164db0
a70a395cacc41c23c2f773c0d121c8fa,f7e30e04dc0b84d3078b6852d88bc7e6
a70f211d9b28d3c038c7a619599cea6b,f3ea521b687cd04b726dce2e4284301f
a72ca475c0afe49f935d39903fe50c10,c0e58f477f3fdabeb135f70dfaac213a
a73d18a2d029f7a976ed5a5e6f005e7d,d5e06f21e92e900f8266d485f6207fbc
a74b96cce75e60ca753cf373403bad4b,cb6edb231f0bf9dd5308a2e8ae2dad90
a75719da3f459a26ae4dbeaff8497432,e58533d330dc9db4707482b8b073d3ed
a7669d6fc8f46d263cc895a3e955cfe8,a95bf7744fe6cd8c8c1cf61da46db3c8
a7669d6fc8f46d263cc895a3e955cfe8,bbcccdbd0ae0458cf52a8077ec2e0f42
a7669d6fc8f46d263cc895a3e955cfe8,d947e045407dd3f82ef6a90b4ea053ff
a7669d6fc8f46d263cc895a3e955cfe8,dfceed03a74e93db23209672b08ab262
a7669d6fc8f46d263cc895a3e955cfe8,e0bc445137c4097325344a9fbf641b24
a7669d6fc8f46d263cc895a3e955cfe8,e79f617a9123f418b3a73d51c9ae7f83
a7669d6fc8f46d263cc895a3e955cfe8,f84fdcf165aa220c2668e7460dd9ee12
a7669d6fc8f46d263cc895a3e955cfe8,fa235eb3d19f25182b39935c1240baa8
a7853e132243e68f89f9e3f5ad1a7b98,b3e926048cd435bca6873dbf96473813
a7853e132243e68f89f9e3f5ad1a7b98,e20838a869a95a8e38684d08af9a9917
a7853e132243e68f89f9e3f5ad1a7b98,f9a3009b8f3fe034e0c3b11f045b5b98
a7a429cd3dc25ddbcb5b8b5e1163c87c,f68217a997310f03184808242f8b121d
a7a4b5bf23cb560d08106ef75e1c73f8,aa7d4045e8d65f2e3db4551ee75de2c4
a7a4b5bf23cb560d08106ef75e1c73f8,c23d5f76ef396a0f520ca6c677dccc1f
a7a4b5bf23cb560d08106ef75e1c73f8,cdf07468d9c693794f1da0b9ba549c15
a7a4b5bf23cb560d08106ef75e1c73f8,cfe1ac5b7858b370c320c67133b10c14
a7a4b5bf23cb560d08106ef75e1c73f8,d44df7668f75c8f084cdada0a7a1aae0
a7a4b5bf23cb560d08106ef75e1c73f8,d6feeaed5bb9195ac670b5692ba10104
a7a4b5bf23cb560d08106ef75e1c73f8,da2ae411a236d52fa1e62a224bb1e88a
a7a4b5bf23cb560d08106ef75e1c73f8,dd720a31ae01f8066abe782818b59699
a7a4b5bf23cb560d08106ef75e1c73f8,ebc1919f45f9da5db0d468ce62cfdf50
a7c39d44577e425996ed9401a4326b76,d610b24de261c92adc7f4599c770dc1a
a7f00119e662bce8b1567e76bd5203d5,abb849ab076d28a1d751641a7f57797b
a7f00119e662bce8b1567e76bd5203d5,b761baa9125211e788bef2bba644dc6a
a7f8a548b8dd698bfeb9195e84240d97,ca543b5b50bfb7fb53377ad4d0d08f85
a81e226fd81222d5633bc72eb6c5fc22,b2b75252e1a50bf2bf2d5b2f77db098b
a81e226fd81222d5633bc72eb6c5fc22,bbcaaa9d2e93ed884c4f6d98f5eb59b0
a81e226fd81222d5633bc72eb6c5fc22,bc37d6b5739c780b26752d5448237bb8
a81e226fd81222d5633bc72eb6c5fc22,bda1af29723f36cd6472fd02e27858aa
a81e226fd81222d5633bc72eb6c5fc22,c0f67c4bb20a81ffcc0eb7d661dd7952
a81e226fd81222d5633bc72eb6c5fc22,c124b59f8b2fdb589666da86e331774a
a81e226fd81222d5633bc72eb6c5fc22,c25a3427fa7f8bea5ae163b3326d0276
a81e226fd81222d5633bc72eb6c5fc22,c476dac76ec39e90e277df25af0314d5
a81e226fd81222d5633bc72eb6c5fc22,ce80fe6c6637a76c031578a656e94381
a81e226fd81222d5633bc72eb6c5fc22,d1110bf91d4f649ceb50b3ce960da4e8
a81e226fd81222d5633bc72eb6c5fc22,d57e17732051e1759e8f2a5423bdedd2
a81e226fd81222d5633bc72eb6c5fc22,d71230694f7572941cb75360c62a2395
a81e226fd81222d5633bc72eb6c5fc22,dc191bbec37fc53a5a0fec0e7edd4eba
a81e226fd81222d5633bc72eb6c5fc22,dcdf7ece5d1014e61891ddce19a2abaa
a81e226fd81222d5633bc72eb6c5fc22,e0308b5162a19719881c4e1fbfdd9bdc
a81e226fd81222d5633bc72eb6c5fc22,e06d8d1aadf11230288677f9517debbe
a81e226fd81222d5633bc72eb6c5fc22,e0e76b5a05874f49ff95c49339c926b0
a81e226fd81222d5633bc72eb6c5fc22,e561d76bd22a7b7d3445a90984e86796
a81e226fd81222d5633bc72eb6c5fc22,e735981d99dc64711814b7f11358db8c
a81e226fd81222d5633bc72eb6c5fc22,f2410612ee43efeccc4605c57a966fbf
a81e226fd81222d5633bc72eb6c5fc22,f8e49644403485fbb994158e859d9a0f
a81e226fd81222d5633bc72eb6c5fc22,fbdafc2bee82325846848ec68e13cd74
a82b84c238f1a479678e1bd644e2dd9a,c0dcd81f36e89fab09890ac5ce60fe10
a82b84c238f1a479678e1bd644e2dd9a,c58ccb658c4519f493938cfff5ab721f
a82b84c238f1a479678e1bd644e2dd9a,ca122a196e7915c33b0d647a70f3b534
a82b84c238f1a479678e1bd644e2dd9a,e9497c13fa24ade6845f9f2af96c493d
a833932ec4ec789d8f9793f1339ce0cc,e50a0fe209c20e011973f6b72c666764
a83707c10e4bec50d83300de642539b6,bfb6e3b4d1a2c9170ace41ed6d62abda
a83bbfd32c7884ee8a2faa68e0d2a778,bc9e5feb4b7ad849e9a8e3e0c3d27197
a84f4da62d12a5730f9946eab8a3015d,c03cdce3460fc2b698373c926fcfbef7
a85b280d9bc32257276527a40e6715a5,de78f20202a884bfb102b34e37aa011a
a8606646d690c7d4be710cee875b24cd,f84b0d71a4c5ae1244a556beb46d3f2f
a87850097693c4f5048a6e5bdc1e2b31,a9af2700ef761e22e334b9c172cedee5
a87850097693c4f5048a6e5bdc1e2b31,a9dc942a9fcb1b2215cd6b339c76848d
a87850097693c4f5048a6e5bdc1e2b31,c6ec25b24256f6e1f902a29416ab964e
a87850097693c4f5048a6e5bdc1e2b31,e8d14b09b08840dcdfaf1d3983d6df51
a87850097693c4f5048a6e5bdc1e2b31,f0a7454555d52a667c6df22dc8a28bcc
a87850097693c4f5048a6e5bdc1e2b31,f1c0e8776928a9cf507eea55f424076d
a87850097693c4f5048a6e5bdc1e2b31,fb5643b20582ba68d8da8a8dca24c4fa
a87850097693c4f5048a6e5bdc1e2b31,fefa98da8db666ce806d4af04be8e6fa
a892e2a953348bad0ba2caaca88a3d8f,e79952cd7c9c254374430c7fdf59c9fc
a8a15ee30f01663f34f6bfde02bb652e,a8a7ff5bfc26d8edb6455262f546ec12
a8a15ee30f01663f34f6bfde02bb652e,acf2538b5e19d6814f0d91be879dc107
a8a7ff5bfc26d8edb6455262f546ec12,acf2538b5e19d6814f0d91be879dc107
a8b7deaea229639f100b43ab224cb10f,def0912b5f1c659fda8f276d54ed282d
a8f2d8dbfbf21e76d6a481bfd5e560cc,e7c78f3b20e39ec786ab6d8cdae838b0
a90700b34cd3b37f8133fe3d2b8550e9,c43827a1e4e0b5036ed0d7608d296b06
a912b50298580e88abda56999c54f9bf,afbd380da5e88c1c70964bb2764c930a
a912b50298580e88abda56999c54f9bf,dc6c1bdb6de35d310eed4e79dfab7ea6
a912b50298580e88abda56999c54f9bf,ef7d9791d731721fc678eed00a03c8b4
a912b50298580e88abda56999c54f9bf,f559ddd9259b3e250f046d45173cb60f
a92872501f79e492484089e0e65e297f,d178d0a3089ce912b2ace451c1cee331
a94109a578d532f864f045028061a438,d3764274d278d4729aa3b5d694f8e0a4
a94397dadb54375fe5fd6bf07ccb9850,decc24fda79579187e2dc1b18a937fb7
a9506bf795861476243d99a8726f717b,e5bd2be0d39268d017e306ba127353d5
a95bf7744fe6cd8c8c1cf61da46db3c8,bbcccdbd0ae0458cf52a8077ec2e0f42
a95bf7744fe6cd8c8c1cf61da46db3c8,d838203a9aa3ec7d77132d3bdbc0805c
a95bf7744fe6cd8c8c1cf61da46db3c8,d947e045407dd3f82ef6a90b4ea053ff
a95bf7744fe6cd8c8c1cf61da46db3c8,dfceed03a74e93db23209672b08ab262
a95bf7744fe6cd8c8c1cf61da46db3c8,e79f617a9123f418b3a73d51c9ae7f83
a95bf7744fe6cd8c8c1cf61da46db3c8,f84fdcf165aa220c2668e7460dd9ee12
a96833ae66e5d873dfecfd6e7c53bfe8,dddde4da82ba0ee2ecb44b34a97770d7
a97d8899c3d1ca7947db7f6ea23e8826,e43d8e30caa743a630c85619f80261dd
a9820e3e5b2a03650525a1af725b32ec,e459eb4b8c35c705cb0485d935a4f8c3
a982cf5729dad8ecb71c5cb3e4e6491b,d1478fac271e465d959cceab8695722c
a982cf5729dad8ecb71c5cb3e4e6491b,dcb7727aa1792a84abc8b7efc124a0d0
a982cf5729dad8ecb71c5cb3e4e6491b,f0c47a51445908e133447f491ae07f09
a98b685e7dae7a92147fb73036651458,e55bf4e24f5376a68b400bc073b712b2
a9a35427136fc66844e613f6578d75cd,af42bed76f614419d588eb3c65769f97
a9aa5eca579ca73231fa30303b1e4831,b7c847d7adcf107a10c3039d6bcaa8f2
a9aa5eca579ca73231fa30303b1e4831,c21e50f9fd1148952f63c89880751b13
a9aa5eca579ca73231fa30303b1e4831,dde720eb1ac8795643511897700c8aad
a9aa5eca579ca73231fa30303b1e4831,e4750dcc3268ebba356557f444761f9c
a9aa5eca579ca73231fa30303b1e4831,ea15834188cc4aa85b0056af93164277
a9af2700ef761e22e334b9c172cedee5,a9dc942a9fcb1b2215cd6b339c76848d
a9af2700ef761e22e334b9c172cedee5,c6ec25b24256f6e1f902a29416ab964e
a9af2700ef761e22e334b9c172cedee5,d09fa69c6d5615c26aac2f825b8e7328
a9af2700ef761e22e334b9c172cedee5,e8d14b09b08840dcdfaf1d3983d6df51
a9af2700ef761e22e334b9c172cedee5,f0a7454555d52a667c6df22dc8a28bcc
a9af2700ef761e22e334b9c172cedee5,f1c0e8776928a9cf507eea55f424076d
a9af2700ef761e22e334b9c172cedee5,fb5643b20582ba68d8da8a8dca24c4fa
a9af2700ef761e22e334b9c172cedee5,fefa98da8db666ce806d4af04be8e6fa
a9dc942a9fcb1b2215cd6b339c76848d,c6ec25b24256f6e1f902a29416ab964e
a9dc942a9fcb1b2215cd6b339c76848d,e8d14b09b08840dcdfaf1d3983d6df51
a9dc942a9fcb1b2215cd6b339c76848d,f0a7454555d52a667c6df22dc8a28bcc
a9dc942a9fcb1b2215cd6b339c76848d,f1c0e8776928a9cf507eea55f424076d
a9dc942a9fcb1b2215cd6b339c76848d,fb5643b20582ba68d8da8a8dca24c4fa
a9dc942a9fcb1b2215cd6b339c76848d,fefa98da8db666ce806d4af04be8e6fa
a9e970874f28a699d1b3e5c211326750,becf5f6d2f214f7fc5f24318cb4bf482
a9e970874f28a699d1b3e5c211326750,ed6f7185ab72a0941c6017ebe0536d36
aa1efa8f79080a5cc481a6cf9de16e0a,d222c6240ef48897cb73ef42e58f04f9
aa2019976583b18fd0f32a389033c81b,adfd0445a9c510dd73478cec23a9e3cb
aa2019976583b18fd0f32a389033c81b,e08602b98e628f6c6ebc444387368782
aa3627720e7ef96ca5b444025e5aa267,f73ff2cf14e1f66eec643d3f1bfe386b
aa4e28243564790b15acda8e50637294,c8398ebacf5cf536daa2353b4e34a373
aa5ea956e1b1ea187dbf1448cb121286,ddaf4482712172b82222e6f8485b470a
aa5ea956e1b1ea187dbf1448cb121286,f47e3a8bb92dae4558bd3c504e9fe654
aa66d48bcd461f91f1bd8c543a72ceff,e3919335406f87b55404d2d97605371d
aa76bdd23e55a32692c3205f3983ada8,d64d31ae5fbfd3690a48256d35c8d74b
aa7cc1104e79c00090f89d2add1b76c8,c67f4433c04f8bb14619ed583073dcc4
aa7d4045e8d65f2e3db4551ee75de2c4,cfe1ac5b7858b370c320c67133b10c14
aa7d4045e8d65f2e3db4551ee75de2c4,e34ebe4961f2d932813005433a74b012
aa934fc8194807936078be6d1d9c33bd,f6433766f8060282161aee2a9f0f5376
aa997f533377326b23f6380fdb09e5eb,ae0a42b52c92850eee1ae052670bc9fa
aa997f533377326b23f6380fdb09e5eb,de8fcaf966afb519b7fab19730dd272d
aaad59806586f5c529d4dc7923128508,c972ceb32494193b5666c00e8af2fd5c
aaae7a7f70066143d50e9c6a4a4a9cfd,ad999ee7df648e78a172cd108c9b6b8b
aaae7a7f70066143d50e9c6a4a4a9cfd,b600cf5913d8d1313665a84c05671176
aaae7a7f70066143d50e9c6a4a4a9cfd,deced0987baaf024bf721895125c72c2
aaae7a7f70066143d50e9c6a4a4a9cfd,f62a7583d3feddd4a43e616f74cf29c5
aaae7a7f70066143d50e9c6a4a4a9cfd,fe0bac08f92aef9b78691fc7780dbedd
aab2c48c7e1bdb97c895c18a097a54b5,c80921ac269bf0571474beb693468f7c
aab2c48c7e1bdb97c895c18a097a54b5,ce0953e7671801aade22637ee20627bd
aab4f3369e2689a0b995af9eecb671cb,d8bb32e22411c43576b1e9e110c506df
aaf20efb4e625e63fe2ea93abc7b5f2d,b325abfefc80a5abb7a8d27334f7e4f5
aaf20efb4e625e63fe2ea93abc7b5f2d,d4fe2c0b8d29ae7dcea508d05fcad947
aaf20efb4e625e63fe2ea93abc7b5f2d,d838203a9aa3ec7d77132d3bdbc0805c
aaf20efb4e625e63fe2ea93abc7b5f2d,e0bc445137c4097325344a9fbf641b24
aaf20efb4e625e63fe2ea93abc7b5f2d,fb3d4d6a1a3ddde48b4b933327eac52e
aafa25d08c755a42e7bc379524653272,ef1467b8676e931377d329e4f21b116a
aafc9d91689b59a72bb41242a2a6cbe5,feebdf60026f2c578a9fc6f99bd5440d
ab1677a6071b979b1c57db9d3fbbaf59,ec25f725555f9f0c9d7ca7f80c1d2250
ab2d5f718b4a174995d16369cb9b403e,ddbb9d9528f16f8442e53c28c40920cf
ab2de1c55d75a26801ad1b574488636b,d87e591fcf26c0c1b965fa1d054d359b
ab3749ddeb1690832781ff2ff0732d5e,af8c843006a941c4e919ab02931966de
ab63e910187b36885a9986bd922eee34,ebc288dab413834cfaa5a989b294e8bc
ab670bc04d9e81bb913e7a875e5005f4,f24e2084f5200a8546515aa30d519499
ab8956c093832e8f7df5480e96e72438,cc9b63d19485111bf81dc12b718ca050
abb210025a397b3ad46e7b2b83587148,fd4492b3da45e68901d675be5ca35ef5
abb5c87b5e80d3980d041972a0fde583,bf669fc0c2747076a44f34f88bdb4492
abb5c87b5e80d3980d041972a0fde583,c20dc55cff86e36532792212d49a8d43
abb5c87b5e80d3980d041972a0fde583,cabb82530457fa4340e3f5886da5ab81
abb849ab076d28a1d751641a7f57797b,b761baa9125211e788bef2bba644dc6a
abbeffc3baf966cf10403b0e2bd69647,b55f8e0cda82c9f4b45ba65e1a40de78
abbeffc3baf966cf10403b0e2bd69647,c7d597a76aaec5786f39c9c330fd75f2
abbeffc3baf966cf10403b0e2bd69647,cf2b3be2acc2bc2bf15a5730adf154bb
abd5061f0b79729f57fc97be4b321b7b,bbcaaa9d2e93ed884c4f6d98f5eb59b0
abd5061f0b79729f57fc97be4b321b7b,c124b59f8b2fdb589666da86e331774a
abd5061f0b79729f57fc97be4b321b7b,c654df1d425134a14c3d66e3be371e26
abffb625bb8aad8a752aefbe16b04a1d,c35488c2af86442edda26e746e87c008
ac30501be6d236a299f34f3cf954b7f6,b28ecd267a8b6f7bac5bc4959c66be49
ac30501be6d236a299f34f3cf954b7f6,ca4d41b8d403af7db6136532ab8c32bf
ac30501be6d236a299f34f3cf954b7f6,e9ac334c6703864c1b910215877cdea8
ac4dd980abbec3c96a71f0fc8e95ff7f,d8902ed5aadef28e9350000496cfb05a
ac52dfc8e1b5b4558cf3e39c1c7210e1,b3b61982f79ae94d467d851a6efa7981
ac52dfc8e1b5b4558cf3e39c1c7210e1,cb94770d33f15027cf579cac1ecb51ea
ac5baedada70df463383868d3ab9d22f,d48957e2e5bbef3743f68fce2931931c
ac5baedada70df463383868d3ab9d22f,fa5c020aad3a9dd727d5a75ee03e8841
ac5bc2af31ef94712f413849147f6d5b,d2feb62aef46e32262240278e7003972
acc57f3d014a84035563a6941bd6ee6e,c0d4f0850d81badfe062c699d8e122de
acd41a14043477e17fd60d2e0771845a,bc66beb31b66294b9c3e337a7e091bc4
ad203abfafa8f57680b5ecf0b753fe55,c28ea574620c1e2fe038975ca0c6efc0
ad2dd7120ace2c7fe890949cb6a5411b,cc56a206bfcc57d98e3b708233680f7f
ad5805d4011baf5944b46687477cc9cb,fa46f0708b2388554207940b3b2e17c1
ad5c99676c51b52db3a9053044679109,adedcad551c96d6f5d04b08cb1156d3f
ad6f74cd29746cf540556daae98e6eef,b3d4cd193f1e5b5ab73e78a6426be622
ad6f74cd29746cf540556daae98e6eef,cde75703e6421ff674082e5617963d7c
ad6f74cd29746cf540556daae98e6eef,d1a771089428c0505fa8322358600c21
ad92e50ad020511f984d46f663d26740,f215b58f6a4da4864851fc49804e8525
ad999ee7df648e78a172cd108c9b6b8b,b600cf5913d8d1313665a84c05671176
ad999ee7df648e78a172cd108c9b6b8b,be0718b8be64533d732274d0ee2f21ba
ad999ee7df648e78a172cd108c9b6b8b,deced0987baaf024bf721895125c72c2
ad999ee7df648e78a172cd108c9b6b8b,f62a7583d3feddd4a43e616f74cf29c5
ad999ee7df648e78a172cd108c9b6b8b,fe0bac08f92aef9b78691fc7780dbedd
adadc78302be1d7e2ce68485d0d4fef4,f2d6236606db5b957650444c518504ac
add2eb9d32cdfbba9162790643a5c455,af54dffa8468b90ce10fea588c303b2d
add2eb9d32cdfbba9162790643a5c455,c6cf48b70770ea3f1d5bd1614cb13c63
add2eb9d32cdfbba9162790643a5c455,cc5c387a552e83b6f59fac73684406af
add2eb9d32cdfbba9162790643a5c455,d8994e1cb94f0da41819c189fc5f3918
add2eb9d32cdfbba9162790643a5c455,d8a134675ed03cba6eff4453b77a1aef
add2eb9d32cdfbba9162790643a5c455,dae58ccf0fdb5feb005e91d5af157d7f
add2eb9d32cdfbba9162790643a5c455,e5ee4f4bcc280b421302f07e79241039
add2eb9d32cdfbba9162790643a5c455,eb2d2dafe1d3cd566c896495edebf4ed
add2eb9d32cdfbba9162790643a5c455,f70b6b0d66b009ec1d523baaed4cb983
adec8b3786fff9c37b8b803379115349,d0a39c2e060ffecf5f0784693025bc94
adfd0445a9c510dd73478cec23a9e3cb,e08602b98e628f6c6ebc444387368782
adfda7e62360702f59d6a2876848e9be,d95da4437912e319a6838c3d484be255
adfda7e62360702f59d6a2876848e9be,fbc994194514e4086a267854853e4465
ae00b7f0325699ff4933c7b7280b1051,d5d92fea111e7968a490553a85334cc7
ae0a42b52c92850eee1ae052670bc9fa,de8fcaf966afb519b7fab19730dd272d
ae0f4498095da83c517a4ec16a824bc8,f6e8dd35e37a21a07c14f52f27164610
ae269db2dc353f1eb28e81ed94b9d021,f0932ff19f4f7f0beb5a3cd08d7aa799
ae3230aa417a7af3e76db220d113b5f6,ffe535651d2f213222ed3629cd8f5e47
ae4648e78172af8efb0e94120fa7c9d3,df550097c2f0f87c9f45af6f6b8c41d9
ae6aadd2f869f9ad36499c64a6d548ce,dc0ff6019072a549f032144fff0c62a4
ae6aadd2f869f9ad36499c64a6d548ce,e4a2b54db0e9882156fb9365d28763c9
ae6aadd2f869f9ad36499c64a6d548ce,e51bb4e4cad0dd3449f2fed7b9878068
ae6dd1eeb84f5af2e7f9ff4e4b497df5,d9a04c09924901ea1017af38dd14bb7f
ae7d8b1dfab8f98dea2c4f1fb4e8ec8c,d0bd3106b1f37ab9ac0d6e5c86699ddf
ae7f71fa090fcbb8dc43395de1d159a9,f39311b04a73941084572de0d351021b
aec8524612a4b6ba0a13a4faf5f19507,b298035e3b84c091154a65785f4b7ea1
aec8524612a4b6ba0a13a4faf5f19507,f2933e10b3594019fdadb9b46c80b371
aec8524612a4b6ba0a13a4faf5f19507,fa3c8ab7e0077dd9c0b644ed56c9f3c5
aed28594430a6353c296db9f26672203,bad9fcc60f3368d35440b749435f0894
aef4b36000eea3d688918aef7b0bcfbf,e2154af3a9c4405a9808c11bcb1aeb2b
af231f02fce3de02b0d6ef1e63db1c93,f2645d28fe04fe738d1640808b4b6352
af245ddd9f6d06905a9229b5ea7f873c,b52a480370536426f3619b455cc2209d
af26fbab5c39975d328328fb22597ed5,db44343dfee547e4a6b96a5fd8f229b3
af3a23a9793a179f2f6ebb1ecdf90c5e,dfc3fddc196acdb2ee257ce485fc50e0
af42bed76f614419d588eb3c65769f97,c5a47732b1ec1c320d9f1a538bf4b7fb
af54dffa8468b90ce10fea588c303b2d,d8994e1cb94f0da41819c189fc5f3918
af8d526dab62d502b8902e839cf81b55,cb61613bd0c27150fae8807b99e569d8
af9200a22da9dd3e2925bdfb2a2fba19,b1081fa13cbeeb6a812ba4fa28c84ac7
afad97e691ced4bfab2183b11fd5b506,f6036e428aad83d50c7c8a0d6ec7299e
afbd380da5e88c1c70964bb2764c930a,dc6c1bdb6de35d310eed4e79dfab7ea6
afbd380da5e88c1c70964bb2764c930a,f559ddd9259b3e250f046d45173cb60f
aff8ab6e2849500bed160956a8eefa3b,f9fcc22dfd25b796b1c6c685ee3c20fb
b00a0cd63434f21bb7d953bfdf1a4e58,ef9e0c5631efc4a67957064b59941f36
b0185c3347d4796e3fb05d92b3690788,f2deb2ab573471cfed81f83f63fefb32
b0185c3347d4796e3fb05d92b3690788,fd2c609c49c31d84acf81e8da639f30d
b01f14f1eef610973b57d066aea7a323,c9890e4e2c3870549cd32c99b39f8b01
b04f5a4e50765d0d36ec27b90e71637a,f02178d0569fd0709ac48045456eb435
b061438bb92f7e1044c08450796c6d97,b8978178e025a10d8a6816d6550a6f01
b061438bb92f7e1044c08450796c6d97,bc90c22791224ddfb4282e10055e2441
b061438bb92f7e1044c08450796c6d97,e3a6beaac46b007f92126609d340fd2e
b061438bb92f7e1044c08450796c6d97,e7d3a8728dfec9a8fad4b49662798159
b066718b98483336df4a11c0b8b76f3a,be06d907a11d0187540ac1b8e6b78489
b06a0be8297d4ea735c365719fa709aa,df5e774c5cc0b10664d0fe7a28bc8041
b06fc1cde9eedc0fe86101fbb7d586d8,b133de5702dc72b4ec8754189ecce190
b06fc1cde9eedc0fe86101fbb7d586d8,f8d97182c3e1f4a4f8d2e442720ac21d
b06fc1cde9eedc0fe86101fbb7d586d8,fd85218cc8d7bc3d72f1408d0dda1b6a
b071f07acc09b5a5b86427fcffa8dc58,ed443b9bb3dc1f219596b07cec53827d
b096405376b84c6ad0968f0a3472e518,b86f4bc92b2e86ae8c174c46ef09bba6
b096405376b84c6ad0968f0a3472e518,cabd147c612ba1d580e423c9bad713c9
b096405376b84c6ad0968f0a3472e518,d116f059ec2fb5845a7ae76433fe2cd5
b096405376b84c6ad0968f0a3472e518,d48957e2e5bbef3743f68fce2931931c
b096405376b84c6ad0968f0a3472e518,df74ad4adb9037e787a272d134a9cd78
b096405376b84c6ad0968f0a3472e518,e14556235dfad5570e44bb1db0b7d956
b096405376b84c6ad0968f0a3472e518,f76fab5e5c775c75752cb28087683b5e
b0a468a48f3b2c19fbf4ed31a54779b3,b0e47d4fe154c15228b34e9e800de5c4
b0a468a48f3b2c19fbf4ed31a54779b3,b298035e3b84c091154a65785f4b7ea1
b0a468a48f3b2c19fbf4ed31a54779b3,f2933e10b3594019fdadb9b46c80b371
b0c62124791fe21b41480b27a8b33b1d,bb7adb5f30d9a5c850e2ca23526fb9e9
b0cf9eac7eaa1a5906bfa08a1d81af31,ca8b146e174eb81a1c3662cc7ed3f2f4
b0cfce7ea8bebb1ab3412ab5c1780901,f44028d4a1ebb32fc3807dfe4c56506a
b0d108ff014c3f74f9197b44e4f0666b,d3a1e152839cd1e8dfee2c9e4d0850d0
b0e47d4fe154c15228b34e9e800de5c4,b298035e3b84c091154a65785f4b7ea1
b0e47d4fe154c15228b34e9e800de5c4,f2933e10b3594019fdadb9b46c80b371
b10c29e5cae6045d60826d725d8158d7,fc42a6f6b04962a4f147a844f7afcf91
b10e31a5723840ed8b75a8cd0fae682c,d6106c1ab720e9d333d591c19d863bd4
b1174008c24acba794f6d40527eb973b,b708082da01905ec111f72471be4d37c
b1174008c24acba794f6d40527eb973b,e83d5e189bbccf9438b9ff41853e92c7
b1174008c24acba794f6d40527eb973b,ff05a319a3aaa1168bc283186b319bf7
b126b1cbc2ab7124f62d6f4192b819c0,cd6ca9969622313cad69863eb2042652
b12d1e8ebbecb654477d41ed517689bf,cdb38486a7da3bf823fbc824ec0273c3
b133de5702dc72b4ec8754189ecce190,f8d97182c3e1f4a4f8d2e442720ac21d
b133de5702dc72b4ec8754189ecce190,fd85218cc8d7bc3d72f1408d0dda1b6a
b15229634594351d21db17c07dad06af,d8d5db7e1210be9b4d499ef1249a4889
b16542021a6ee67dcd2bc5c36e3ff732,cedcf9efc8ad5d323edeca2378e56dd5
b1686544dccebfb75846317e63cdabc8,dd8e185515c310737b7e1f66521ca253
b1686544dccebfb75846317e63cdabc8,f7005edb014ecf40183e2d25db48f457
b17f352bce3f2c2d757c285198f9b34c,e0c43d30d89f5f92015c0624b64b601e
b194f7386b21c4e380e37b95b4b31987,ed847f120f5f053af1c7499bbec7fb46
b1a8cfb206d545b7597679b7222fcc85,eb10ad4ccfe288bdb5a72d2d1cfa867d
b1bcd7e4ee4ba033e536cd5756c6837f,d00148036f5d147da3e7682940eed5ba
b1c56322e6f00020ee5089873b559e8d,b5452575af0ddcbf7b51d54adf86937a
b1cad477e78c1c60a46fb64c57f5496e,e3cc48136eec84b01a127c6c53624a80
b1f65a3f1a0e505f51cde80ab28bde5c,c784df54f8b88c212d43631dd0fc7b21
b1f65a3f1a0e505f51cde80ab28bde5c,cec21d70207cd70445c6ef0e62f8d27a
b1f65a3f1a0e505f51cde80ab28bde5c,dee98e7cff5f467b0fcaf6520f0294c7
b2140209cd259e03cbff9ac6d5b9a6d9,e58533d330dc9db4707482b8b073d3ed
b2195df5b848cfdfe613892d0abb22b2,f3aca37773a1e10d5ee75e7c93ab034a
b21d133202a1ef4bcf46cc038f92d4fa,c63892752d3b3ca2c005fccb28b362a5
b21d79a1392e41f51268815652f4836b,ccfca1bfad8aa0c9c5ff355a8887568b
b242a1d5bc38ccf528cee06988e9a53c,d7d1cbfc07a4832a8f88f2e9eaa0db0e
b2511f6417f44a54c21d7b9be48e09e0,fdafdd7fe5d83aaf35e8bf2cc2080f4a
b25b3e02d9460be5db59e2260870f18f,dd1fe50d4a1a3cc13c06031da62b3eba
b2795d93765a095620cf29d49465e598,b5452575af0ddcbf7b51d54adf86937a
b28ecd267a8b6f7bac5bc4959c66be49,ca4d41b8d403af7db6136532ab8c32bf
b28ecd267a8b6f7bac5bc4959c66be49,e9ac334c6703864c1b910215877cdea8
b298035e3b84c091154a65785f4b7ea1,f2933e10b3594019fdadb9b46c80b371
b2aa79460710836a2ad88b5a32303e7c,bc991a32f5980ce587de20e8bc35def5
b2aa79460710836a2ad88b5a32303e7c,ed5e5aaa7c4d044048b6a60064a08174
b2b75252e1a50bf2bf2d5b2f77db098b,b7ddfa2a4ff23acd8383acf1d022754e
b2b75252e1a50bf2bf2d5b2f77db098b,f982d1adff1e61f8f04c2d0d196e8633
b2d8b3cf47016f0d0a62da1301244500,f8e0231249b9eff1e10adc978f42883a
b2de49d66b3373957b8b30d1b262f05d,de403e661ad34c556d0a739794cd64db
b31cdf1ee7905a2410d36013a9536a98,b5888a09566e5437fcb3e472e9d9a67d
b31cdf1ee7905a2410d36013a9536a98,bda1af29723f36cd6472fd02e27858aa
b325abfefc80a5abb7a8d27334f7e4f5,d4fe2c0b8d29ae7dcea508d05fcad947
b325abfefc80a5abb7a8d27334f7e4f5,d838203a9aa3ec7d77132d3bdbc0805c
b325abfefc80a5abb7a8d27334f7e4f5,e0bc445137c4097325344a9fbf641b24
b34c1c93d977c97e5d33b2a0398c88b8,d9c61ce1f05773419eecb364617df84d
b351423670972a125364804b4e2cf85e,db395e67bab61112b43171f2a3adf214
b3a77e2013cad1a2914ac700fc0b97f2,be7cfdb29666bf68fd6ce2ebd3d469a3
b3a77e2013cad1a2914ac700fc0b97f2,c2e94384d35e3b5835f0e0cb1b3445e9
b3b61982f79ae94d467d851a6efa7981,cb94770d33f15027cf579cac1ecb51ea
b3d4cd193f1e5b5ab73e78a6426be622,d1a771089428c0505fa8322358600c21
b3d4cd193f1e5b5ab73e78a6426be622,dd5bb6ce4c7e146c71073f84b681368c
b3e73b4a4801b537924a95c9cba2683a,c4ce02691b4ec7022e6e41a6aa59efde
b3e73b4a4801b537924a95c9cba2683a,dfe2765af8b28f171d8a1d9d3cf221d2
b3e926048cd435bca6873dbf96473813,e20838a869a95a8e38684d08af9a9917
b423d86ec7a9e11c671d08457eff7b7f,daffa6893d6a05ffffa53019d5220b46
b4254bd552389c90cf311dac17dbe636,e267da9c40f04c6f83e38a775b01117a
b426bac41aa36409976842f5fd218139,d828d22f6619b95572591652d93903e6
b43d30a2030daedaa4cbbec17cdb0fbd,f3464ddfc085d47649e6eb321b37ce47
b4475a3f4dea145a2e4f4c67ef0cb318,d0632f8dcaaabdcf4fceff0b8cf44d80
b44ce5edc1f0b1257ad0e003faf756ef,cb05e5d38158bea7b958d907a30db427
b44ce5edc1f0b1257ad0e003faf756ef,da18a830d8bdf898eb533c686473a53d
b4582fc24253bff900f228392efbecf8,bd85a81ee4fdead909c0e5675f372e2f
b467f5c2b942c2338bcb2169b2057b24,daf9b579eab6d24a27208ef4e2185764
b467f5c2b942c2338bcb2169b2057b24,de8a9922fbf7bdbd0714bab197b5da61
b467f5c2b942c2338bcb2169b2057b24,f66e899c717d2b3402e3a93313005092
b48f66588615e082390cd535a289c400,e2bb3bc80b5cf1371506471d84fed5ca
b490655c4f0b675b795d6c9222ac365b,dce1cd1a1fe351c0b9b3b9946154f77b
b490655c4f0b675b795d6c9222ac365b,f73d27340b8034a814405597c165a735
b490655c4f0b675b795d6c9222ac365b,f8b8161bf4b36728f51b7ca237c4397b
b490655c4f0b675b795d6c9222ac365b,fcb39f4126b0e467a18939bf2e707976
b49414acaab784de001dad791a500ae4,b660893da5418542f202105861155f86
b49414acaab784de001dad791a500ae4,c0c3d3b625d1b2c931ea03584c7e5302
b49414acaab784de001dad791a500ae4,c6b759eb39dcd70130772327e479581f
b49414acaab784de001dad791a500ae4,d584de7e13ec98af5c5537eee21af767
b49414acaab784de001dad791a500ae4,e36b19cba75c879762974ad7aa41b811
b49414acaab784de001dad791a500ae4,e4ddb079f99d4a2d6c6ecb2c19e0fab1
b4a2840a4a022f9f666291898ac7ec50,bbb1a7460819e9cc8e123f1e60895826
b4ec47b839192abe0a258ae47dde4ef8,c61017c4c119e60ed67e58f8f698f3d1
b4ec47b839192abe0a258ae47dde4ef8,d44df7668f75c8f084cdada0a7a1aae0
b50e1b57084091711be2f09b43ead933,ddc835c2e8b13f367e7e988ac523a256
b52a480370536426f3619b455cc2209d,e2e388b5e384b219922de23989dbac4d
b5320ec3eca903e46aad32f779aa5c47,edc24d07afdc0e3a4794b18350b91f2e
b538ca9c7eda72565f84a6d9634c3af8,e8138eabe191e0bd1c16129055010879
b5452575af0ddcbf7b51d54adf86937a,b5dbeeb6dfa2f4af1c54a1dae10242eb
b54f7fa0c8d4ee85c2e9ff642b51f740,c5b26fffc2f65780005a672388a656c5
b553bcdb16ff4c4872086a903df4e16d,c30a097f13f06a939a2774865f1fd0c2
b55f8e0cda82c9f4b45ba65e1a40de78,bab042b01a04115aed7099ba84c9cc23
b55f8e0cda82c9f4b45ba65e1a40de78,c7d597a76aaec5786f39c9c330fd75f2
b55f8e0cda82c9f4b45ba65e1a40de78,cf2b3be2acc2bc2bf15a5730adf154bb
b59438032b3575852431520b323cfd22,d6d6c0810cbd7f94127b32aa11b18fdc
b59438032b3575852431520b323cfd22,f32651105c9bfb2580594981576891e0
b59438032b3575852431520b323cfd22,fab3e8b068451de4f9a0f34e4d978210
b59e667cf3ce841924ba8e78573efc74,daffa6893d6a05ffffa53019d5220b46
b59e667cf3ce841924ba8e78573efc74,fbcd7aa596dfc176474a5999dcb0f1bb
b600cf5913d8d1313665a84c05671176,f62a7583d3feddd4a43e616f74cf29c5
b600cf5913d8d1313665a84c05671176,fe0bac08f92aef9b78691fc7780dbedd
b6068c865d24626743ce4bdfdd0cc11c,fc42a6f6b04962a4f147a844f7afcf91
b63350c4840af5283696699db545435c,b6bcc4c2b4f1fdb91642be3ffb1dbd42
b6347de88699f54f3480dcaf4a6286d4,dcb5b391425ec7ba82106bf8a112309d
b654649e59293ead74c1948366d50653,c67f4433c04f8bb14619ed583073dcc4
b660893da5418542f202105861155f86,c0c3d3b625d1b2c931ea03584c7e5302
b660893da5418542f202105861155f86,c6b759eb39dcd70130772327e479581f
b660893da5418542f202105861155f86,d584de7e13ec98af5c5537eee21af767
b660893da5418542f202105861155f86,e36b19cba75c879762974ad7aa41b811
b660893da5418542f202105861155f86,e4ddb079f99d4a2d6c6ecb2c19e0fab1
b693878035f34516d7d8a0b8d3cc2439,bba138ce77530517e9b7ad6f0f882358
b693878035f34516d7d8a0b8d3cc2439,d7b59130b16968900ae93d26e51a21da
b693878035f34516d7d8a0b8d3cc2439,ebd956c708ca3964639be74f97a5baf3
b696a8445fde8558c5ecbb3aa7500ad1,bca29242640dcd934ac91ea7a3c79567
b6a0aba18d1298924eb6ef5e020f1c2e,bf99bb3ec69434a13170bc725aa24146
b6e8c0ea2088a9f5dc55ff6a25fe0dbb,f78d803fcc741bbc4412558d09b54ba9
b6f5f3b471f9b99402dca6a3ba3f269f,c2bbd5f42d40accd4f5ba86d43342fcd
b702ad5f866499238205bc7f05301cf5,e3194df2119084cd2eb1aa0aade201ea
b708082da01905ec111f72471be4d37c,ff05a319a3aaa1168bc283186b319bf7
b713fba008fd920122cd33e23f9ac11f,c6aa4eaa991e19fd16cf2d0c4d1ba304
b713fba008fd920122cd33e23f9ac11f,ce607380b620a5a0223f5ff6ae2d2609
b713fba008fd920122cd33e23f9ac11f,d768a8e09bcc94d291061cadab0f58ec
b713fba008fd920122cd33e23f9ac11f,e59220d22a745e04ac4e3f4d11ca50ca
b72df5aefeccc1a7018726a21574aa8b,c18fc475698eccb48bb3ce1d6c91db25
b7560b129f85264744ad05677b6bd4cb,fa403bcb800d24a8ce57b53de6c96663
b779fb1bec02a374d3cc756b325b5418,dbbeca557fbb164562a7b6d649561bbd
b7a0eea1cbf526db42837a9ce468b057,d2bd2a581b494ce110f6ebae72701608
b7b6ad14a27f01b7d55a8f8ad02153f9,ca11b1a27fe8e7c9e49dfc57a16716f9
b7c847d7adcf107a10c3039d6bcaa8f2,c21e50f9fd1148952f63c89880751b13
b7c847d7adcf107a10c3039d6bcaa8f2,dde720eb1ac8795643511897700c8aad
b7c847d7adcf107a10c3039d6bcaa8f2,e4750dcc3268ebba356557f444761f9c
b7c847d7adcf107a10c3039d6bcaa8f2,ea15834188cc4aa85b0056af93164277
b7dab1119a91eaacda5c343f0bc93273,ed8e56a288e8ac2a9460c67792480644
b7ddfa2a4ff23acd8383acf1d022754e,f982d1adff1e61f8f04c2d0d196e8633
b7f8f8aedf9c9319b754309a05f33b88,d5d92fea111e7968a490553a85334cc7
b81a8b730163aecbc21d21263bd91338,b94a70bea6cc59ddd6b7fdf5e2c2ed19
b83024a119461595b6c66c190d44aa52,baee35f6955675d8b04f36afe80e5f97
b84d26b4a6edae003fdb57d5adba1dcc,e265bf59eaaa9933130eeb557bbbf3ca
b86f4bc92b2e86ae8c174c46ef09bba6,dc31fa90806b252c34eea3bf0f2d6f0a
b86f4bc92b2e86ae8c174c46ef09bba6,e0d99544566b56a49cc74ffc6abc5e8a
b871574ea4ee37f4501c99311abd17ee,fdfab84e89ff78d7093a524f7eb343cb
b8978178e025a10d8a6816d6550a6f01,e3a6beaac46b007f92126609d340fd2e
b8978178e025a10d8a6816d6550a6f01,e7d3a8728dfec9a8fad4b49662798159
b89be1520b7b8d79b8460e6c6da4a6e8,b89be1520b7b8d79b8460e6c6da4a6e8
b89be1520b7b8d79b8460e6c6da4a6e8,c13e00435ed253e3e456d022121ddb4e
b89be1520b7b8d79b8460e6c6da4a6e8,d65bcc8cd1311027c6768bcc1fbfa356
b8affddee0e987d749cdb78646f1e6be,b8affddee0e987d749cdb78646f1e6be
b8bc05f0c9af5abdd603a23f1f013bb1,c369f7fcce1dd31afbaebeb78ef2caf8
b8ce43fd290a2cafdc4dc4c8325f4d50,bbd09e3b3ff37766ae55b524ffc61a98
b8da39072fb3947aad07a59d4360fae0,daa3fa0ec8a856bf72fb35ce8b5166a1
b8f047932da5d6c177d0f31de5d74f1f,f556a25ccf447a533c52b2d9896a7c6b
b926ba93db3d8740cf34abc32c7355b6,e4a7b1cd19891609a0c8a2b6d77918e4
b93ca9be83f68ab39596c8e68fb48276,c04736c6845ab007c0d725e770b989d1
b93ca9be83f68ab39596c8e68fb48276,ed2df552b34b4c2b258d02160c940c7d
b93ca9be83f68ab39596c8e68fb48276,f3fdf35c22001ab8f40d020e4d13bd87
b93ff050bc8cc544f875174d6c64d51a,c3bd9aaf90df50a69ccf544b8ff40297
b93ff050bc8cc544f875174d6c64d51a,d8bd409a61eed0290d225be07489b42c
b93ff050bc8cc544f875174d6c64d51a,ec2b16be29a1fce84d9787a5dff47794
b93ff050bc8cc544f875174d6c64d51a,ee2401fb49c256d8f92e50dbf3a4d160
b9cc57f610665f0103033110a78062a6,bb80c13cd3881888300c2f6d2cd293eb
b9d6b13ee87a1d44676fe477e0d1c229,c95bac74d204931d77f800edccaf6973
b9d6b13ee87a1d44676fe477e0d1c229,dc6c1bdb6de35d310eed4e79dfab7ea6
b9d6b13ee87a1d44676fe477e0d1c229,ec5c1f39fb64eb9a03be159e20859bcd
b9d6b13ee87a1d44676fe477e0d1c229,ef7d9791d731721fc678eed00a03c8b4
b9fa6e4a940b0498cf1901639e6b8833,f1e0e05f2f728e05ea5f8b8cdbb4b043
ba16086eac2d76d355ce69065be45290,c18fd18d3b3c9e15f4b2fe91a5a4ab35
ba18f4ee696cf548677981e993175108,c7d082a4f033c20ec1adf76b4de2ff36
ba4987cdccdbe6f048ea6e32db521101,efc63482feeadc7bfed821ddd772a7ed
ba5b6630ebf3d621bb1cbab9d5a49088,be97c3fbcbae9d4771fb148a3bb3b2d3
ba5b6630ebf3d621bb1cbab9d5a49088,c76776d03545c7c17c217acbd683ae18
ba5b6630ebf3d621bb1cbab9d5a49088,c7f8c98bf998d172993590869127fc4e
ba5b6630ebf3d621bb1cbab9d5a49088,cb81261a476e11f5249afc71bdc870bd
ba5b6630ebf3d621bb1cbab9d5a49088,eb3d0dcae584730cb5eccec1f5c00542
ba5cd35fb6d6177377bf38f9218105a5,c67ee8fde1439f842583d4e5a0361dcd
ba5cd35fb6d6177377bf38f9218105a5,e0bc445137c4097325344a9fbf641b24
bab042b01a04115aed7099ba84c9cc23,cf2b3be2acc2bc2bf15a5730adf154bb
bab92e23a40678b6aec49625c7618147,f33d1fae8d87daae3f0f8b567f5885c3
bad391fc6979b622be3648e976becbc6,f6288f92c830954dbfd7a0e85014d612
bad9fcc60f3368d35440b749435f0894,e7c8f6a9114377a1fa8907d13b97c504
bae03054cea3dd245fc049cd910634be,d0dde88f24c8764449aff238039cc78d
baed6ecbf410e0733d971dd391506679,bfceba30f2d9225c71f527ea79ad5e14
baed6ecbf410e0733d971dd391506679,c5dff5750b32738480c11c03f93d67e2
baed6ecbf410e0733d971dd391506679,f426bc0d6c6df6fc306a1afd12806757
baedd7684b1818904e648dc8eee4c857,e7e873026241c836f0c4229cab68c8fd
baedd7684b1818904e648dc8eee4c857,f0f4badff8e3e4b723521ebb9ae1b146
baee35f6955675d8b04f36afe80e5f97,c5f80874addda07109bbdb5bed5bda40
bb0228b2b42506bef921b82bda5662e7,c510256e9671804fe641f7628ee925d0
bb0228b2b42506bef921b82bda5662e7,c7367f62152acb64962242f58a8aaa6b
bb0228b2b42506bef921b82bda5662e7,c780ab1dc891384bb510e9a729389c3b
bb1fff9517465e697f26d3b2da83689c,ea8199565b57d879c3fb705cb9deb359
bb4329bdd7c007677ae6a9fbd47dda90,ece8a8294fbc8d93244154c49673b733
bb57d953b5e022526b95ec65061eb96e,c81c4dff157efcc10b9964d4d22be041
bb616333957c19d66767e8cc85d11a51,c5356b8e87e372f12083c8c534062802
bb7adb5f30d9a5c850e2ca23526fb9e9,ea8b366777e16ee32ba92077ec150b23
bb8e8725fc02d996ddd9a1272496a37a,e82e7673cabf554053e1a72554cce115
bba01cefc70d879ca58617c486196c51,f4a92b1a01255ae4cd856ab5872d26c1
bba138ce77530517e9b7ad6f0f882358,d7b59130b16968900ae93d26e51a21da
bbaa529d49713d56280ec3e97610670f,cc711a1ce3205e172016d9caa22e8a62
bbb03f034fe6a0f3d829188cc98051c0,e9526deac156f2fa53be1ec8077b6e96
bbb03f034fe6a0f3d829188cc98051c0,f38136c67e1c22359fbc7fcb9f5b0603
bbb573b20352cb08bfec2b299ecded3c,e769e91a24927aa92b820413f9f2bcc2
bbb80243c46204d574030711fb5e8565,f71af4abac24642318848a5d00dd63cc
bbc8438430dd30b3da2a6cba4311bcb7,f1ae1afdd2f7a0e2487a618af269798e
bbcaaa9d2e93ed884c4f6d98f5eb59b0,c0f67c4bb20a81ffcc0eb7d661dd7952
bbcaaa9d2e93ed884c4f6d98f5eb59b0,c124b59f8b2fdb589666da86e331774a
bbcaaa9d2e93ed884c4f6d98f5eb59b0,cb0e2651531f279da04eb486bb8d1eb6
bbcaaa9d2e93ed884c4f6d98f5eb59b0,ce80fe6c6637a76c031578a656e94381
bbcaaa9d2e93ed884c4f6d98f5eb59b0,d57e17732051e1759e8f2a5423bdedd2
bbcaaa9d2e93ed884c4f6d98f5eb59b0,d71230694f7572941cb75360c62a2395
bbcaaa9d2e93ed884c4f6d98f5eb59b0,e0308b5162a19719881c4e1fbfdd9bdc
bbcaaa9d2e93ed884c4f6d98f5eb59b0,e561d76bd22a7b7d3445a90984e86796
bbcaaa9d2e93ed884c4f6d98f5eb59b0,f8e49644403485fbb994158e859d9a0f
bbcaaa9d2e93ed884c4f6d98f5eb59b0,fbdafc2bee82325846848ec68e13cd74
bbcccdbd0ae0458cf52a8077ec2e0f42,d947e045407dd3f82ef6a90b4ea053ff
bbcccdbd0ae0458cf52a8077ec2e0f42,dfceed03a74e93db23209672b08ab262
bbcccdbd0ae0458cf52a8077ec2e0f42,e0bc445137c4097325344a9fbf641b24
bbcccdbd0ae0458cf52a8077ec2e0f42,e43ffd52090d7dde20756830ae78932f
bbcccdbd0ae0458cf52a8077ec2e0f42,e79f617a9123f418b3a73d51c9ae7f83
bbcccdbd0ae0458cf52a8077ec2e0f42,f84fdcf165aa220c2668e7460dd9ee12
bbd09e3b3ff37766ae55b524ffc61a98,dcb6021ebbfc2a397f46b09e664fdc2f
bbd131c8e0898ed79cd0df33d0608b59,f4f05ee29c76de672ab5b361222c19fa
bbe0ea22284c511a32849ceb75d425c3,bf521f61b887fe6140b4787a8bf533f2
bc20fd7e4d7a2b6be48f787a0a126050,fafbb3bc0666dd8d2bbbb8b1fc35a53b
bc29617aac27456f2b1879d346ec6fe6,da3d9717247fdfd57f6431db8cef985d
bc3365ded9f08e7c1fd2aa51f5ebd40a,d8d86fccf7fb082440f3c6ba5180a652
bc35b46dbf468b3dd7ae13582acec3d9,f6ae051ea509b49908458b6867fbc95a
bc6a577953a79260d95398a1f16ec9ab,d0a39c2e060ffecf5f0784693025bc94
bc6e9ed0a6a5ca80c28c0421ed0e41fc,d863942171867fda00e1f9cc87088273
bc8a7317caa3335783c9bdc81875693c,ddf6cdf3569af4d328c9740a86e73c28
bc8a7317caa3335783c9bdc81875693c,fab3d75e3eab49a188c4b8f838983a9b
bc8ecbff20897f58422ebc5ef0d5799e,d94f7083efd44bf5a23d79e0e02c616b
bc8ecbff20897f58422ebc5ef0d5799e,f8e49644403485fbb994158e859d9a0f
bc9e5feb4b7ad849e9a8e3e0c3d27197,dcdf7ece5d1014e61891ddce19a2abaa
bca6c52036f00230cf7acbfe2cbe108d,bf7b72e6a6f757fbfd48ca88b6e46637
bca6c52036f00230cf7acbfe2cbe108d,d3e8ae252c0272e2b0153a889ddab2e8
bca6c52036f00230cf7acbfe2cbe108d,f65318b4b274c3b3acc08a4e92abfff9
bcb00835bd923956080f27f10666722c,cbd031175982141770e3b43b3cccaa52
bcb40c75c241d44382cafeab4751fa6f,f23c5f27a7041422b54844302fcbb70c
bccfdfcf0231d22d0b3026cd7c9e32f9,ef1ec1407f274e428db1b453c50b1deb
bd28c2b944cf0e2701c0a39287cde2aa,d248622e6258f8ad04a486b019920901
bd517908f72ccb1deec295bd70b84898,c57fd4711b2a4b4afce8dc744bb7a4e3
bd517908f72ccb1deec295bd70b84898,fc4955ae07d5fe38a4198ea26dbf5f50
bd6ea6703c5bc8f83ea8ac69d39da502,d808790dc76ca6137441de9b2cbc4c65
bd917ce061a5e53da2e9ea6f8ee8a70e,c05e1ed0acd7a80391969764dd43e66b
bd992e795419e8b289a093cb88cf8dd8,e1917404db09a592101477d90ca52bfd
bda1af29723f36cd6472fd02e27858aa,dc191bbec37fc53a5a0fec0e7edd4eba
bdc0b3824db495eebb4dabf6dea3c9c9,d032125cd17b2775a23521942a7c76ab
be0718b8be64533d732274d0ee2f21ba,fe0bac08f92aef9b78691fc7780dbedd
be3b0353b2d44fd7ca8edc2bc0e844a5,e8ad0233e1665e65a20f8c2d5f3230d6
be7cfdb29666bf68fd6ce2ebd3d469a3,c2e94384d35e3b5835f0e0cb1b3445e9
be91b1f915b4d7ced914e29a7f20ae22,f9a3009b8f3fe034e0c3b11f045b5b98
be91f4db0a7a894c90d1fc0608da8091,d66ca8b8b140d0e4bc81ac4d00fc2044
be97c3fbcbae9d4771fb148a3bb3b2d3,c76776d03545c7c17c217acbd683ae18
be97c3fbcbae9d4771fb148a3bb3b2d3,c7f8c98bf998d172993590869127fc4e
be97c3fbcbae9d4771fb148a3bb3b2d3,cb81261a476e11f5249afc71bdc870bd
be97c3fbcbae9d4771fb148a3bb3b2d3,eb3d0dcae584730cb5eccec1f5c00542
bebd4918b040b764f6d744b3f14c196c,dc31fa90806b252c34eea3bf0f2d6f0a
bebd4918b040b764f6d744b3f14c196c,e0d99544566b56a49cc74ffc6abc5e8a
bebd4918b040b764f6d744b3f14c196c,e14556235dfad5570e44bb1db0b7d956
bec0dea03171ed323387651850e99a3d,f35f51fefcbab1c0cd35b678a3e8bede
bec905a68bd661e23d9f8e50562ff627,ea7017365e3b38f0b0117028b018693d
becf5f6d2f214f7fc5f24318cb4bf482,ed6f7185ab72a0941c6017ebe0536d36
bf05dde2a34de1cd901b75493c8072f5,d306a7e1f5957eea2ca0e4723a4cf9a1
bf282fbd22f97f5b7b29d7d25e85e5dd,d66beb2b45f67bc953dccd2be8d554c1
bf7b72e6a6f757fbfd48ca88b6e46637,d3e8ae252c0272e2b0153a889ddab2e8
bf82170b297690212297379ad8f05376,de146c59c93b90c7f199805daccef839
bf9d11833da053a5759560e3ebcce830,e2235f123e9d134e064707e85848f013
bfceba30f2d9225c71f527ea79ad5e14,f426bc0d6c6df6fc306a1afd12806757
bfe37cd2ed6dfebaad115a03b811ca9f,d15611b4a63f81ad115a653458d80542
bff152e2eb21b7499d2f93da066029e7,e6e26290c935d2b459b36a2b8ba564e8
bff67a74b873702174c4cc669bb2fd21,da0b9ed58a0b661d707dc9fdf5691a4c
c03652b7baa417d784bdeda18f3d7328,c2a15eeb2c95d6cab304b18ae1e99bb2
c038243f44b98850eba3b9311af18cda,c37ef577e3c70bd4acf2ee76c811afbd
c04736c6845ab007c0d725e770b989d1,ed2df552b34b4c2b258d02160c940c7d
c04736c6845ab007c0d725e770b989d1,f3fdf35c22001ab8f40d020e4d13bd87
c065fa17bb305ddd4617ec283a2dda49,e6b7460485f8c72b34ca8de6b8176687
c065fa17bb305ddd4617ec283a2dda49,edc7130a58c4d69e727b611dabad3c42
c065fa17bb305ddd4617ec283a2dda49,f78ee754cc0e21b441b15060f6891c60
c06f3f926cc18b45ba350495c59c0093,c61017c4c119e60ed67e58f8f698f3d1
c06f3f926cc18b45ba350495c59c0093,cfe1ac5b7858b370c320c67133b10c14
c06f3f926cc18b45ba350495c59c0093,d34c5d0b050c187855a42b0947d43ff9
c06f3f926cc18b45ba350495c59c0093,e34ebe4961f2d932813005433a74b012
c07a59589d4b03468c0a1ed5d08b1fc2,fc0099a6d059f2b79269e9028a6a967d
c07cb56fd8343a922adf51ad946c9d31,e47f6d148413a9815f4dd963ae28d92f
c080a4db38535a765f521a89e3184aa0,d97a1c396b5c9f39945a0721f6bdf7b4
c092ed362ba6ad8e7d5cbc0530b659cb,d863942171867fda00e1f9cc87088273
c092ed362ba6ad8e7d5cbc0530b659cb,f8a7fe1d0848c0bbc5a2e92fe82a0b9e
c09d05817f1fc3ed9cfd6b45c232b43f,d74ea4a976a2c14fff5bffa0669318a2
c0c02e3527daa95a98e86931bc452d5e,fd382d816525e3046ce4e2d4d3f83f43
c0c0f4cdb93a22b0bf7aa61e7b058547,fd736718803e59c4fe7db5a2543a5161
c0c0f4cdb93a22b0bf7aa61e7b058547,ff451a1ee45a245dfd8e79614873ced0
c0c3d3b625d1b2c931ea03584c7e5302,c6b759eb39dcd70130772327e479581f
c0c3d3b625d1b2c931ea03584c7e5302,d584de7e13ec98af5c5537eee21af767
c0c3d3b625d1b2c931ea03584c7e5302,e36b19cba75c879762974ad7aa41b811
c0c3d3b625d1b2c931ea03584c7e5302,e4ddb079f99d4a2d6c6ecb2c19e0fab1
c0c6d63241dd6c48bd43acc6dc61b0ee,cef2d1faa6341eb9d310e67a3ada7948
c0dcd81f36e89fab09890ac5ce60fe10,c58ccb658c4519f493938cfff5ab721f
c0dcd81f36e89fab09890ac5ce60fe10,ca122a196e7915c33b0d647a70f3b534
c0dcd81f36e89fab09890ac5ce60fe10,e9497c13fa24ade6845f9f2af96c493d
c1257124fd5c3f4f9a9ed7144a567bcd,dc6c1bdb6de35d310eed4e79dfab7ea6
c1257124fd5c3f4f9a9ed7144a567bcd,e3bc22b9ac9159acc52356380dc7fa82
c1257124fd5c3f4f9a9ed7144a567bcd,ec5c1f39fb64eb9a03be159e20859bcd
c1257124fd5c3f4f9a9ed7144a567bcd,ef7d9791d731721fc678eed00a03c8b4
c12c32a5b04fe6981cf1ce9204c33dce,cd74f9f475463740b28a47c8f1ee13bf
c12c32a5b04fe6981cf1ce9204c33dce,f7738d04ed15f28d0cb5f615612f3865
c13e00435ed253e3e456d022121ddb4e,c13e00435ed253e3e456d022121ddb4e
c13e00435ed253e3e456d022121ddb4e,d65bcc8cd1311027c6768bcc1fbfa356
c182e9fb1b23ea093d0a294b4fc4910e,f9bb7097d15748cd8c10bee4508e1543
c18fc475698eccb48bb3ce1d6c91db25,e36c7bcba0050bfa9722c7383ed7a80f
c18fc475698eccb48bb3ce1d6c91db25,f1d44d68f8075b7715371a766dac59e9
c1e5d0cbb42f4975410d72f4c181a246,c5546998015953f631b2e9e116939a2c
c1e5d0cbb42f4975410d72f4c181a246,fb5643b20582ba68d8da8a8dca24c4fa
c20ae2e6575f264469cd662d3f99c8bb,c80ed6e4aa1f251f35952653b7c9ca8e
c20dc55cff86e36532792212d49a8d43,cabb82530457fa4340e3f5886da5ab81
c21e50f9fd1148952f63c89880751b13,e4750dcc3268ebba356557f444761f9c
c21e50f9fd1148952f63c89880751b13,ea15834188cc4aa85b0056af93164277
c23d5f76ef396a0f520ca6c677dccc1f,cdf07468d9c693794f1da0b9ba549c15
c23d5f76ef396a0f520ca6c677dccc1f,d120c141875b0545696be39e3d176d4e
c23d5f76ef396a0f520ca6c677dccc1f,d44df7668f75c8f084cdada0a7a1aae0
c23d5f76ef396a0f520ca6c677dccc1f,d6feeaed5bb9195ac670b5692ba10104
c23d5f76ef396a0f520ca6c677dccc1f,da2ae411a236d52fa1e62a224bb1e88a
c23d5f76ef396a0f520ca6c677dccc1f,dd720a31ae01f8066abe782818b59699
c23d5f76ef396a0f520ca6c677dccc1f,ebc1919f45f9da5db0d468ce62cfdf50
c23d5f76ef396a0f520ca6c677dccc1f,efe94917387a9794795e7fc79557dffa
c23d5f76ef396a0f520ca6c677dccc1f,fabd6966abaabe52f19e44a088986cda
c2403a22fe6a59c1d0c946350d3b6389,c74ce6ff5fb728ca0f8f15d5bf4148f7
c2403a22fe6a59c1d0c946350d3b6389,e0308b5162a19719881c4e1fbfdd9bdc
c25a3427fa7f8bea5ae163b3326d0276,e0308b5162a19719881c4e1fbfdd9bdc
c289350f98245b9a3e11163b3eefb1d9,dd6eb1f3fa16997569ca283b6b096a3d
c2cf722bb7d25945903d6d989bcf88bc,e858c1f793b70dced2e9dfb871a5bb77
c2d6955f197312aa21d5b80821ec77ff,eebfd463b76c696a991a806eac5c6497
c2e41a3c14178bf81869dbaaa49dd800,c2e41a3c14178bf81869dbaaa49dd800
c2e41a3c14178bf81869dbaaa49dd800,daec177f075eccd21a48e87eeb325ae0
c2e41a3c14178bf81869dbaaa49dd800,e702f8f10bfaf76981000dded1e8578b
c3002bd10293cacc7d2e8f045509a609,c40ffaaafcc2a0678882486ea32c8fef
c34e4557837cbd4f8e2dc3a96bc771dd,e9477c5b2e8016d2fac53eb142a68045
c35488c2af86442edda26e746e87c008,ccd76075d310c92dc52a8b1882b38a6f
c381525f583f18be07510aa70dd14a43,c4ce02691b4ec7022e6e41a6aa59efde
c381525f583f18be07510aa70dd14a43,dfe2765af8b28f171d8a1d9d3cf221d2
c381525f583f18be07510aa70dd14a43,f1c37528f255c8537731521bbb16b87f
c3a259e28baf228ce51e688f5d9d8b46,e26a5e734c72a73de5fb08e8176f043f
c3b9f4462c2fc87782a7b31ca2161cf5,cf61c3a8c6464b65d596e9789c856ebb
c3bd9aaf90df50a69ccf544b8ff40297,f6433766f8060282161aee2a9f0f5376
c432153162597fb29686c63eb2160854,dba4cb2241f1ce87b2378176c188b66a
c45bbfe8e85574fcc5ad6c8884301589,ef1467b8676e931377d329e4f21b116a
c465d5c055ea55f7f76aad705ce68c91,d2161e4ba481277b3823463679774e6c
c46cbd0d2e0e96fca2b74b079c4a2461,c87fbad444d0acd58506149116f95cbe
c492e65fc135d4660ab259a0f0704d9d,d0bd88044643c136c023bcc1c2d2cc0d
c492e65fc135d4660ab259a0f0704d9d,d8fe2ca7b4093984d72d19c9c0e02b1c
c4a4457fc7c5d4fd8ab1d2bb137a8c3a,fd736718803e59c4fe7db5a2543a5161
c4a799d446d79caa9057bb1d19f6c18b,e396dc66db588f732e2de544880586b4
c4b076dbd1510626c1b317253fb46701,ee2401fb49c256d8f92e50dbf3a4d160
c4b323b51b1f2605d90664208f70c8b0,ca71ad925f1adb7fc3ec99a299bbff6e
c4b323b51b1f2605d90664208f70c8b0,cda4a424bc35840856c3c33d1733229d
c4b323b51b1f2605d90664208f70c8b0,e746bd9096f9829b8502569c5297037b
c4ce02691b4ec7022e6e41a6aa59efde,dfe2765af8b28f171d8a1d9d3cf221d2
c4ce02691b4ec7022e6e41a6aa59efde,f1c37528f255c8537731521bbb16b87f
c50cb249a81c1c69f3b2b7c1dbaa178e,da016ed2f0ba7d7fc79b20a80b509d09
c510256e9671804fe641f7628ee925d0,c7367f62152acb64962242f58a8aaa6b
c510256e9671804fe641f7628ee925d0,c780ab1dc891384bb510e9a729389c3b
c53102c1707c089a2bafe636bc2a33c7,c9261afaa9f149e9d9ee0e42f8c8f811
c53102c1707c089a2bafe636bc2a33c7,d5d1ac3a738c071caab8382e87312851
c5356b8e87e372f12083c8c534062802,f2d679692d801f9f2b34c4a2385dcdc9
c54ea69274906c6b098cff5360f11113,ea96bc8b7f79e9e2ce54c3211e41a1b0
c5546998015953f631b2e9e116939a2c,fb5643b20582ba68d8da8a8dca24c4fa
c5706bd0d1c5b315d81a83f239e1f1bd,dd4c9e9d3a24eb17e29c4f090576206f
c57c9508789f5b7b467def43858971df,d4d1c614ab55658b6e26ecf353ba3409
c57fd4711b2a4b4afce8dc744bb7a4e3,fc4955ae07d5fe38a4198ea26dbf5f50
c58ccb658c4519f493938cfff5ab721f,ca122a196e7915c33b0d647a70f3b534
c58ccb658c4519f493938cfff5ab721f,e9497c13fa24ade6845f9f2af96c493d
c5a72a318ac0c190d3fe9d3b97f5ba62,d6d6c0810cbd7f94127b32aa11b18fdc
c5a72a318ac0c190d3fe9d3b97f5ba62,edda894e130693e415f4972f242567ad
c5a72a318ac0c190d3fe9d3b97f5ba62,f32651105c9bfb2580594981576891e0
c5b387877698b95adbd2faff4557f279,f95e525fb7a00ea68401698b63b0278d
c608861504e22ad4bb0d1f6a8c10efc2,f62fa6cdce66135a4a1fbebfd245c28f
c61017c4c119e60ed67e58f8f698f3d1,d34c5d0b050c187855a42b0947d43ff9
c63892752d3b3ca2c005fccb28b362a5,d8d86fccf7fb082440f3c6ba5180a652
c67ee8fde1439f842583d4e5a0361dcd,e0bc445137c4097325344a9fbf641b24
c67ee8fde1439f842583d4e5a0361dcd,e43ffd52090d7dde20756830ae78932f
c67ee8fde1439f842583d4e5a0361dcd,fa235eb3d19f25182b39935c1240baa8
c680d17e80a532ac58161ce987b7413b,f1c32869bddd8b645f170d8899bc4196
c6946df695b0a4b570b0695602f04920,da48369b25c26e8532ac104e493aa3d2
c6aa4eaa991e19fd16cf2d0c4d1ba304,e59220d22a745e04ac4e3f4d11ca50ca
c6b759eb39dcd70130772327e479581f,d584de7e13ec98af5c5537eee21af767
c6b759eb39dcd70130772327e479581f,e36b19cba75c879762974ad7aa41b811
c6b759eb39dcd70130772327e479581f,e4ddb079f99d4a2d6c6ecb2c19e0fab1
c6c798285b3d6b8e1528f2ad3b3b3236,fbc732c17c6fe2b30995c77cb272ab2f
c6cf48b70770ea3f1d5bd1614cb13c63,d8994e1cb94f0da41819c189fc5f3918
c6d609e5755122be73006e3d1b12befa,d09fa69c6d5615c26aac2f825b8e7328
c6db45e2a99e40e5a77b26232128dc5c,e8c23f056b8a7b506473dcfe074bf022
c6db45e2a99e40e5a77b26232128dc5c,eaa58c9feb5f8f96d595f80135daf20e
c6df2bc9ffe55d8a9fdb7d4fb1b954a9,f75408d95eb669c50bc8ce5dec482387
c6ec25b24256f6e1f902a29416ab964e,d09fa69c6d5615c26aac2f825b8e7328
c6ec25b24256f6e1f902a29416ab964e,e8d14b09b08840dcdfaf1d3983d6df51
c6ec25b24256f6e1f902a29416ab964e,f0a7454555d52a667c6df22dc8a28bcc
c6ec25b24256f6e1f902a29416ab964e,f1c0e8776928a9cf507eea55f424076d
c6ec25b24256f6e1f902a29416ab964e,fb5643b20582ba68d8da8a8dca24c4fa
c6ec25b24256f6e1f902a29416ab964e,fefa98da8db666ce806d4af04be8e6fa
c7367f62152acb64962242f58a8aaa6b,c780ab1dc891384bb510e9a729389c3b
c74ce6ff5fb728ca0f8f15d5bf4148f7,e0308b5162a19719881c4e1fbfdd9bdc
c76776d03545c7c17c217acbd683ae18,c7f8c98bf998d172993590869127fc4e
c76776d03545c7c17c217acbd683ae18,cb81261a476e11f5249afc71bdc870bd
c76776d03545c7c17c217acbd683ae18,eb3d0dcae584730cb5eccec1f5c00542
c772973ef168bbc561c12b30168803fe,d5bf17eb2a145418b37f53cc102dc90d
c77c7c0af57efe4c160cf1412a93fd50,ef9d06523d87e12d22e0cb6b4df8a1ab
c77cfc76f7c2c4132b355571866354c4,e92f0dfacb37bbf093dd993c88b31dc3
c784df54f8b88c212d43631dd0fc7b21,cec21d70207cd70445c6ef0e62f8d27a
c7d597a76aaec5786f39c9c330fd75f2,cf2b3be2acc2bc2bf15a5730adf154bb
c7e3d8c4a857a57ed563d1ecadd91495,f6e396a15c1fc2c03eb9c7726a346ecb
c7f8c98bf998d172993590869127fc4e,cb81261a476e11f5249afc71bdc870bd
c7f8c98bf998d172993590869127fc4e,eb3d0dcae584730cb5eccec1f5c00542
c7f9c86f92f82b202698478355b769de,f1fb7742a7eafe8073459ed92686b9c1
c80921ac269bf0571474beb693468f7c,ce0953e7671801aade22637ee20627bd
c80ed6e4aa1f251f35952653b7c9ca8e,ebc1919f45f9da5db0d468ce62cfdf50
c80ed6e4aa1f251f35952653b7c9ca8e,edc7130a58c4d69e727b611dabad3c42
c81ee1906b111276630ba0c09b055ff3,f4a65e0531a93be93b4f44044a40a9dd
c8668e2e47dd2560e0b306afa77cdf6b,dafabfcb0628253b5065860a50dcf40d
c86e380f71b9643a2f4ce8ad107724fc,e698f6f037fca21279f3237488bacaab
c87cc1206c1384438cfea97ff6a86136,cc41089ea542ae3844fb021ee7ac2115
c87cc1206c1384438cfea97ff6a86136,ece31ca566eb1d144d93011966e3a34a
c88cff6b9be186ca54b963b1e219cc7c,fcdb9746e630b6b788b5e5414c444d57
c8b12c73c977595b227d2fa0188521ba,e06a29400a2db094bd2d84be15580d86
c8b801c8f480625e507e98111455c7c2,e6aadede6e3ed7c4d1bcb77749162f3e
c8cf49502c734be8e356a14b73fa10e6,fbfc74c0532ff5a8eca48841a0fcf652
c8d3cdc9acef17bfa3ae2c6bf850299a,f1b186198d59c4a26e1f5ab48ff76ce1
c8e018c7c3709335cd5ff2ceb46998ce,eb1430def6c64c7b51b0830147cf1af7
c8f86fa8faa367d7ac39d20a081b149c,ce8757944fd81ba6ac9e5998eb61460f
c9261afaa9f149e9d9ee0e42f8c8f811,d5d1ac3a738c071caab8382e87312851
c957bda0530390bf3570a37d4cd83d27,cae7fa18e6aa67706d467fe72539b253
c9581c3b7c262e18289e74b1692a3960,d062d5e5685ce91765dddaaa8c5219ab
c95bac74d204931d77f800edccaf6973,d4d3c2a6c0b7aab64bffd0ef3395e3d4
c95bac74d204931d77f800edccaf6973,dc6c1bdb6de35d310eed4e79dfab7ea6
c95bac74d204931d77f800edccaf6973,ec5c1f39fb64eb9a03be159e20859bcd
c95bac74d204931d77f800edccaf6973,ef7d9791d731721fc678eed00a03c8b4
c9b36c059b43ac34b87c632ac8051282,d0cfc0b06a9368b734445401886e2450
c9bf3cf5e4a22b4a5cf7403c7c149d62,ef9c3f098025264ce0182b23246c3086
c9de702776b70bcae5549b7fd7339e9b,d52a12e5e9593aaa140bb174c5bf24ad
ca03be750993312a74fa826e6baeedf4,f87e5a7c356404543af4e87034b3f8ba
ca0bda98342e725adce4feaaf294212a,d516c1b5473abbf532379571738b1f73
ca122a196e7915c33b0d647a70f3b534,e9497c13fa24ade6845f9f2af96c493d
ca19d88f18a49f7ec21d0474db032735,ccb02c7fdffdc7cc271693f2461f8a53
ca4a206f115f447b9ef114b4d88ef0f0,fb942037d6e168f5afc4eb5391f1d634
ca4d41b8d403af7db6136532ab8c32bf,e9ac334c6703864c1b910215877cdea8
ca71ad925f1adb7fc3ec99a299bbff6e,e746bd9096f9829b8502569c5297037b
ca7d9c31ea380350dfffe67f5af5d3d1,ceceb99e84f5ba9f108af23e4fd2eb54
ca8c2246881cac98ef5c9c73afe83457,ce053ca1e3ec8cb8a13b309101fe3946
caa0a36ce997c02369134761f9a6d2b9,e9de005c89f2a392adedacbf87862964
cabb82530457fa4340e3f5886da5ab81,ddb14232c61544c9923728d7de8d11fc
caf1494d7c5469cc1eba882b48a4a039,ccf410503278d14b128d9646c995f6eb
caf338909e4f8f17916b3ef87381a84a,e358e52f3a811a8e107e5382f7c4bc2b
cb05e5d38158bea7b958d907a30db427,da18a830d8bdf898eb533c686473a53d
cb687b230b429c51b48d8e3cd692bd75,fd2006a180bdae7740b9fda40802402d
cb6edb231f0bf9dd5308a2e8ae2dad90,d3d0e6f2788054c6cee2f708e45bbe3b
cb81261a476e11f5249afc71bdc870bd,eb3d0dcae584730cb5eccec1f5c00542
cb8618e364ecc1e58161fc9ad8c35444,eb014d7a40032280dae4e02dfcfd908a
cbd031175982141770e3b43b3cccaa52,f6288f92c830954dbfd7a0e85014d612
cbddf3fcada90b0e0382e43c872af1f6,d861c5d33e7bf1cea5887ce5b709ea79
cc18f108b1a774d0b2458c949fe3da4c,f87e352d8f1f9d945483edb3ee36bbcc
cc3c5aa4fcc7a2a1411ad8c224082a25,f9136d090a668aea3b5bb69aba9f0150
cc41089ea542ae3844fb021ee7ac2115,ece31ca566eb1d144d93011966e3a34a
cc559dfddc4ab5140c16ba6d62336c9b,cf4f6abcd6efb7ec010cb93a042f9f74
cc559dfddc4ab5140c16ba6d62336c9b,dc6c1bdb6de35d310eed4e79dfab7ea6
cc559dfddc4ab5140c16ba6d62336c9b,e8b8f1a7a5455727e0556610731d3bad
cc559dfddc4ab5140c16ba6d62336c9b,ec5c1f39fb64eb9a03be159e20859bcd
cc5c387a552e83b6f59fac73684406af,d8994e1cb94f0da41819c189fc5f3918
cc9273f8006d117d7b170ef57286d654,fda1d2492169a08640185ce1247a770b
ccda539dfedea19f77a5e21ae3258a2d,ddee9680251a72a2fca9370e32884537
ccf410503278d14b128d9646c995f6eb,fac30c3bbbed892117412a86926636d8
ccf410503278d14b128d9646c995f6eb,fb77badbf1298386f41fbe111895abfe
ccfb9d87e9973998cf90ec2f0bfcc4f5,e60b75e3fa5fc4d1e54efe8add96f42c
cd3c022da7475cdc37422514b209eb2d,ea09f8ff89fb456aa4e3cd9af489cde2
cd6f1d28617e08e8dbb47a2a98e245e7,f28cc0bd2fdd01889391c27bcd640cb2
cd74f9f475463740b28a47c8f1ee13bf,d863942171867fda00e1f9cc87088273
cd74f9f475463740b28a47c8f1ee13bf,e4d7e231d0af5097c65eb255f50b6786
cd7ccb4d2ab072ec7af8b86885594bde,e0d99544566b56a49cc74ffc6abc5e8a
cd81ff8a648d4c074c160143376a0f81,d1f19a7fecf7284a8ab1b10aea49d5ec
cda4a424bc35840856c3c33d1733229d,e746bd9096f9829b8502569c5297037b
cdc7a93ae2238313ead4700d5f6a1eda,cdc7a93ae2238313ead4700d5f6a1eda
cdc81efa6251e6ca6f599e61e52e7a78,eaf32d672334b64937b5465a296f9afd
cdc85d5008a4c50ce6cf5e6e336d739d,eb57ae14918ad2d33755cd34eafaf9c4
cde75703e6421ff674082e5617963d7c,d04bd1ac31555459f65678930fdbcd1c
cdf0219e4e79884cb7f876b815ad19e9,e1fc43832018ad4ac6f2e10410da0b37
cdf07468d9c693794f1da0b9ba549c15,cfe1ac5b7858b370c320c67133b10c14
cdf07468d9c693794f1da0b9ba549c15,d6feeaed5bb9195ac670b5692ba10104
cdf07468d9c693794f1da0b9ba549c15,da2ae411a236d52fa1e62a224bb1e88a
cdf07468d9c693794f1da0b9ba549c15,dd720a31ae01f8066abe782818b59699
cdf07468d9c693794f1da0b9ba549c15,e70105d7788a5d736ae6805a7f230521
cdf07468d9c693794f1da0b9ba549c15,ebc1919f45f9da5db0d468ce62cfdf50
cdf07468d9c693794f1da0b9ba549c15,ecb3e4db5de817f87972b63a999006b3
cdf07468d9c693794f1da0b9ba549c15,efe94917387a9794795e7fc79557dffa
cdf07468d9c693794f1da0b9ba549c15,fabd6966abaabe52f19e44a088986cda
cdf76a41165c8477418bc8a2f9828980,e0b22930bde92e5125eef5ec2d4ec76d
ce01e96194b8d3c7ded061aaf5256e9c,e0d59e1055a4c8e1f9a4c002dbdae3ab
ce1d669439d1fc69803b91fb40b3c974,d4fbe3765efac7a1b4c33e58e22eadf8
ce26fe1aa563502d3a5ded844f85a566,e9d5b0ca02ad6ab337645af48e46d527
ce607380b620a5a0223f5ff6ae2d2609,d768a8e09bcc94d291061cadab0f58ec
ce607380b620a5a0223f5ff6ae2d2609,e59220d22a745e04ac4e3f4d11ca50ca
ce97dfb66e6f4b7076164454bee42a54,fda1d2492169a08640185ce1247a770b
cea92dcdcce5030bf78b8cef2d667862,fc452cfb10dca99ae13f1026bc6c5c89
cedc56becaba9c975a95c38dc4024124,d516c1b5473abbf532379571738b1f73
cf0a0bf86d48836b829c1e9f00294821,d00148036f5d147da3e7682940eed5ba
cf2b3be2acc2bc2bf15a5730adf154bb,f87e5a7c356404543af4e87034b3f8ba
cf452e0f4d80b6d33eb683986b8bfbba,fb5d5931a55a4b5302f246c9dcf9d51c
cf4f6abcd6efb7ec010cb93a042f9f74,dc6c1bdb6de35d310eed4e79dfab7ea6
cf4f6abcd6efb7ec010cb93a042f9f74,e8b8f1a7a5455727e0556610731d3bad
cf4f6abcd6efb7ec010cb93a042f9f74,ef7d9791d731721fc678eed00a03c8b4
cf4f6abcd6efb7ec010cb93a042f9f74,f559ddd9259b3e250f046d45173cb60f
cf83ea0cd19fa7b01554ac801cdfe92c,d5d4292b3e20c214fb38d93ffb93d285
cf915b31ade68e417f53dd14e9c9574c,f504e342d5e0b91b5b17df2da204a617
cfb28850a08bd9460d000e97c302dd84,fea6dca5eb0286150448f5489544e7e5
cfe1ac5b7858b370c320c67133b10c14,e34ebe4961f2d932813005433a74b012
cfef82f1013185ddfb7fca9fea7532dd,ea921ceab67192c220ae194089cd5d18
cfef82f1013185ddfb7fca9fea7532dd,ecabab77248a428d3fd07dfbad19d7bd
d0012c0625623e53a5890f267945d04e,fe208cbebd2c3a2d529cf8465d16e14b
d032a15b172cae15c366fa25808f0792,d9cfda8271244f558205697f47d06387
d04bd1ac31555459f65678930fdbcd1c,d1a771089428c0505fa8322358600c21
d06cf750904b83ea25da1c82e1714b3c,ff2ca0ee9ecabda9f44424ab94872fe2
d06f7c70d4a46a195378f95c116e37e7,f15717e6a6701027f51ca10781473954
d09fa69c6d5615c26aac2f825b8e7328,f1c0e8776928a9cf507eea55f424076d
d09fa69c6d5615c26aac2f825b8e7328,fefa98da8db666ce806d4af04be8e6fa
d104f6201be7f438dc51774ae3ad0647,f8953c0ed40c32177b1ebcd411cb9975
d112888a5a340dfc5de9b98a379b4c51,da735cbc6da031e77349481730336be4
d11e247a53890ee2e5ed0562d9be49c1,e912add67c4ef1e51cb1d71f86138ec3
d140a999b849796117ff6105605ec96b,e1dc403262024b35da0b09c95fc18f25
d1478fac271e465d959cceab8695722c,dcb7727aa1792a84abc8b7efc124a0d0
d1478fac271e465d959cceab8695722c,f0c47a51445908e133447f491ae07f09
d1623c4215f13e892d7c83ac300341f7,e2d3832298c9bd22d0bf1bc71eae5050
d162d5c77cb29a7810079f8ef63fe07d,e41b19b1963857b965825933754fb101
d162d5c77cb29a7810079f8ef63fe07d,f216872fd769d3dca341c7192b4c5896
d16b699cad191c561ed9ff3a44b02bd0,e3e28b8d935f9ac58631cd03b6b2423d
d19fddd6a19ded449605c8a3c83bc37c,ee2cd32fc576e55fd74781661847a354
d19fddd6a19ded449605c8a3c83bc37c,f426bc0d6c6df6fc306a1afd12806757
d1b62d77d43a6d2e5a40ed2138193b55,d6403b1d29c47ba679809d3685f37a40
d1b62d77d43a6d2e5a40ed2138193b55,dcfeee7469220a57e8cb783c47b4a1f6
d1b62d77d43a6d2e5a40ed2138193b55,e06d8d1aadf11230288677f9517debbe
d1be8a243074ececa276a59998c8b2c8,ec127b3826275edd8205f9f7d4989aed
d1c281791b9cf6753e9ca670bc7b3e6b,e24d0517b43f17dc9e8ffa4575206062
d1cd5a89e6af815edbd2b1c3acec6491,ebfb63beebfe52279ac94abb427050cc
d1d13364695e88194b78930d170adfa6,e8b0a64968564fa65412caf0fbc4c508
d2204b4f2de93695f065737ad0b6ad89,e8f1ab78f0246f788ffd632044dd2263
d242c76658e9b454d268499baaef0867,df74ad4adb9037e787a272d134a9cd78
d2bbc96491a614fcccfd25e8a5544e6f,e115bc70ebb7c5ebcd6ff4726ba24cee
d2c0947b90819eb39fbf3e2968d1e99e,edc24d07afdc0e3a4794b18350b91f2e
d2de92b588aa4bb9c89d766299856cd2,faf3b64d601b78fee756f4f6f7ea4248
d33bae3b0c51ca96921a3874ae57652e,fd396f341df6b2df793ecdf8c79cc0d4
d34082229f3a1639f410c0de0a7f51c3,f33ff70627f42579a09e9927c9ee1219
d356777bbffbe96031313d21ab436bf1,dc191bbec37fc53a5a0fec0e7edd4eba
d356777bbffbe96031313d21ab436bf1,f2410612ee43efeccc4605c57a966fbf
d3adf5ffca841601f1638257394fa9e3,f46dccaf0fd4891b4b21a64ae1d8a4d5
d3c93682f2bcbf57d64331f54a0da34b,e1d6fef21ddf0cf0a7bd8578f8aac63c
d3d0616fe8dd84d498eb35fbeae5696e,d93a4df963c51e770fa76d35e4f2f2d4
d44df7668f75c8f084cdada0a7a1aae0,dd720a31ae01f8066abe782818b59699
d44df7668f75c8f084cdada0a7a1aae0,ebc1919f45f9da5db0d468ce62cfdf50
d44df7668f75c8f084cdada0a7a1aae0,efe94917387a9794795e7fc79557dffa
d477af08c4edf8a899aea210b3d56a1e,e0f1de5ed8f41d9225d63f6000e7c80e
d477af08c4edf8a899aea210b3d56a1e,f1cd2e33f1c7877eaec901832159afc0
d477af08c4edf8a899aea210b3d56a1e,f5379c9336ad15118c464fa2b095b65b
d48957e2e5bbef3743f68fce2931931c,fa5c020aad3a9dd727d5a75ee03e8841
d4ab9244a02da1ac738328e21d74cd1f,dcfed68c889c1ed9d5bf9c4e63b0e7b6
d4b21f0b7945f3182655e9164b68c063,f1635a01aad86981f6c448dd23d09989
d4d3c2a6c0b7aab64bffd0ef3395e3d4,dc6c1bdb6de35d310eed4e79dfab7ea6
d4d3c2a6c0b7aab64bffd0ef3395e3d4,ec5c1f39fb64eb9a03be159e20859bcd
d4d3c2a6c0b7aab64bffd0ef3395e3d4,ef7d9791d731721fc678eed00a03c8b4
d4fe2c0b8d29ae7dcea508d05fcad947,d838203a9aa3ec7d77132d3bdbc0805c
d4fe2c0b8d29ae7dcea508d05fcad947,dfceed03a74e93db23209672b08ab262
d4fe2c0b8d29ae7dcea508d05fcad947,e0bc445137c4097325344a9fbf641b24
d4fe2c0b8d29ae7dcea508d05fcad947,f84fdcf165aa220c2668e7460dd9ee12
d543a835c59a7226dff09b9daec63e37,e3fcad0eee158038b289003551605d41
d584de7e13ec98af5c5537eee21af767,e36b19cba75c879762974ad7aa41b811
d584de7e13ec98af5c5537eee21af767,e4ddb079f99d4a2d6c6ecb2c19e0fab1
d58bb7582eab7e6c082e0f4da9c67347,f8512c62fc13792bf4f678b8aca138de
d5a2b771e9accc54452cddc2320cb8b5,df0e4f3513bd76b4669a00648d144d7f
d5aa1c3dde8465994d80048e30bf684a,de22a7ed07fc282f779f3a8f3e4b21b7
d6106c1ab720e9d333d591c19d863bd4,f7005edb014ecf40183e2d25db48f457
d6403b1d29c47ba679809d3685f37a40,dcfeee7469220a57e8cb783c47b4a1f6
d6403b1d29c47ba679809d3685f37a40,e06d8d1aadf11230288677f9517debbe
d65bcc8cd1311027c6768bcc1fbfa356,d65bcc8cd1311027c6768bcc1fbfa356
d66152331d59e32a42bacb79860d5270,f4be5dc0d14a05bd79eb483034ee620b
d69f903ce368dfbc7e295214f5f2d602,f4116a0a18d4d65bff92813c187c70e1
d6d6c0810cbd7f94127b32aa11b18fdc,d6d6c0810cbd7f94127b32aa11b18fdc
d6d6c0810cbd7f94127b32aa11b18fdc,edda894e130693e415f4972f242567ad
d6d6c0810cbd7f94127b32aa11b18fdc,f32651105c9bfb2580594981576891e0
d6d6c0810cbd7f94127b32aa11b18fdc,f3c0fd4636069bae3b69420bdd84f6cb
d6e990d2a80bac1c1f25bb1eac8de3c2,f248adaa9e4bfc481d46ea2908ca1f7f
d6f8e28a9c73bfa99d927bd33dcf95b3,e28dbac997b9be4c66fd6a6a38095e80
d6feeaed5bb9195ac670b5692ba10104,da2ae411a236d52fa1e62a224bb1e88a
d6feeaed5bb9195ac670b5692ba10104,dd720a31ae01f8066abe782818b59699
d6feeaed5bb9195ac670b5692ba10104,ee9f66c1958398f123dc975ab15c8334
d6feeaed5bb9195ac670b5692ba10104,efe94917387a9794795e7fc79557dffa
d6feeaed5bb9195ac670b5692ba10104,fabd6966abaabe52f19e44a088986cda
d71230694f7572941cb75360c62a2395,de513b258d8b779f851efa00ad49866c
d71230694f7572941cb75360c62a2395,e735981d99dc64711814b7f11358db8c
d76312542da20579611ffef17601c138,fefd1d852bb20c5b65594579cc5caea6
d79e2943afa8300b55736662220f339b,e96e9702db87c221c805a705a5db7ec8
d7a049d93893a4f49db17dc9965cb683,fe7d964df823900d1901b68b82362ec6
d7a10ee30bc2755527a354fd2dcd4a1c,e623d5be23a1a797a5b52295854cf47a
d7b59130b16968900ae93d26e51a21da,ebd956c708ca3964639be74f97a5baf3
d7e8598f6e986abc0229d9c456c086d1,dc10816f08b5d4783ce1b3a8e9c7a721
d7f5eb4e3da5c4b3dc0f6e17fe271a98,ea12b50645f480d1ebbc0b306c3a5430
d7f9e88602e39e8fb137b5ebd80b9a97,e0cf70c5f51d22cd9bad1046414c01b2
d81050b575ab7337e90ccab45635c0e4,eea93422a11649e2f0fea0c76cf1f463
d82716954023e65897be7b8af2908812,ed88a8abaef751e196e5d6ffff10411f
d828d22f6619b95572591652d93903e6,e90b2a6e36eddbf7889bcd039c83478d
d838203a9aa3ec7d77132d3bdbc0805c,dfceed03a74e93db23209672b08ab262
d838203a9aa3ec7d77132d3bdbc0805c,e0bc445137c4097325344a9fbf641b24
d838203a9aa3ec7d77132d3bdbc0805c,fb3d4d6a1a3ddde48b4b933327eac52e
d83c47bfaf015ce0e369200d56af1313,f54a5f4b0a5bfd7511e0029de61778a3
d863942171867fda00e1f9cc87088273,f7738d04ed15f28d0cb5f615612f3865
d86e536df9847a9e7366e5b3f6800fd8,ee330415b10b76ad5fc46ab08e9032cf
d8902ed5aadef28e9350000496cfb05a,f24275ecb954f7a4ae89a8906bc9b242
d8994e1cb94f0da41819c189fc5f3918,d8a134675ed03cba6eff4453b77a1aef
d8994e1cb94f0da41819c189fc5f3918,dae58ccf0fdb5feb005e91d5af157d7f
d8994e1cb94f0da41819c189fc5f3918,e5ee4f4bcc280b421302f07e79241039
d8994e1cb94f0da41819c189fc5f3918,eb2d2dafe1d3cd566c896495edebf4ed
d8994e1cb94f0da41819c189fc5f3918,f70b6b0d66b009ec1d523baaed4cb983
d8bd409a61eed0290d225be07489b42c,ec2b16be29a1fce84d9787a5dff47794
d8bd409a61eed0290d225be07489b42c,ee2401fb49c256d8f92e50dbf3a4d160
d8fc9b91f02ecafb47d0778b77ff8028,dad48cf5435aced7368b24427059de05
d9436f466d0dad5c8660e487b04d2bf9,e61afd3878e7c6c870b84e31b4c37bb3
d945a41ebd4ba0a9d6697e8d614bbd08,dc0ff6019072a549f032144fff0c62a4
d945a41ebd4ba0a9d6697e8d614bbd08,e4a2b54db0e9882156fb9365d28763c9
d945a41ebd4ba0a9d6697e8d614bbd08,e51bb4e4cad0dd3449f2fed7b9878068
d947e045407dd3f82ef6a90b4ea053ff,dfceed03a74e93db23209672b08ab262
d947e045407dd3f82ef6a90b4ea053ff,e0bc445137c4097325344a9fbf641b24
d947e045407dd3f82ef6a90b4ea053ff,e79f617a9123f418b3a73d51c9ae7f83
d947e045407dd3f82ef6a90b4ea053ff,f84fdcf165aa220c2668e7460dd9ee12
d94fa88e494e1d82c5df818537e7ebf4,def0912b5f1c659fda8f276d54ed282d
d95da4437912e319a6838c3d484be255,fbc994194514e4086a267854853e4465
d9a04c09924901ea1017af38dd14bb7f,f92527eaece6db8b40f49cb8f2439a11
da15f5e3442074ecd7398aec6025b146,ee34c620c14d7cfd46884238fbf330f9
da2ae411a236d52fa1e62a224bb1e88a,dd720a31ae01f8066abe782818b59699
da2ae411a236d52fa1e62a224bb1e88a,ebc1919f45f9da5db0d468ce62cfdf50
da2ae411a236d52fa1e62a224bb1e88a,efe94917387a9794795e7fc79557dffa
da2ae411a236d52fa1e62a224bb1e88a,fabd6966abaabe52f19e44a088986cda
da371589b228299c9ce18e738def2eb5,eacd666cbc8011bcb91037d544be955f
da472509d52bb963eaa14e655c889603,ea8b366777e16ee32ba92077ec150b23
dae58ccf0fdb5feb005e91d5af157d7f,fc3a10f48843831aa74bc1a8ff610df6
daec177f075eccd21a48e87eeb325ae0,e702f8f10bfaf76981000dded1e8578b
daf692390472c452ad881ae5ceb98414,db0bd07766b8a65a90f0f22c0d5d188c
daf9b579eab6d24a27208ef4e2185764,de8a9922fbf7bdbd0714bab197b5da61
daf9b579eab6d24a27208ef4e2185764,f66e899c717d2b3402e3a93313005092
daffa6893d6a05ffffa53019d5220b46,fa269c4edbe8f08278339e1e5da079e9
db0bd07766b8a65a90f0f22c0d5d188c,f76746e78c7e82f50ec3ae82a469273c
db243f5365ffda2f10fadb749fcdcc02,ee960ccdb8f984f84427cde5432aabe3
db50e1b3c621d74db5e943630cd4727e,e89f82077699acc6096214eb7ca18876
dbb3d041482c1b2fc6b40ca89eb3cc2b,de0662365499fa07e87efee88ab766ea
dbbd3c080e2c7f2fdac4167c18b71ebc,dda2dfefaeba02120db5fa591431b0d9
dbbd3c080e2c7f2fdac4167c18b71ebc,fccb548b077af16b453a1e6c28e1400d
dbd49a5ae2b03781523f1c2cc926ee9f,dbd49a5ae2b03781523f1c2cc926ee9f
dbe736e78fed3b0f4703c4ce05472b7e,e04e373916bae8696c80716433d40926
dbe9da2a773ed3aebd22b8935c15ffd8,e33db316b68b69ad31ff340a49343a74
dbf8caedc8e32655bfa28a6b23555f4e,f0b140c7d8c3b5cd84714d85008e5fc3
dc0ff6019072a549f032144fff0c62a4,e4a2b54db0e9882156fb9365d28763c9
dc0ff6019072a549f032144fff0c62a4,e51bb4e4cad0dd3449f2fed7b9878068
dc191bbec37fc53a5a0fec0e7edd4eba,f2410612ee43efeccc4605c57a966fbf
dc33d0c7a5ed6526373da12689f3f76d,e14f1473ed2b2b395d55d7aed7b3aa9c
dc405154486a159b16830929965d9352,f16fff6e730a56733cd8c5d8dc5985f6
dc4bffd9a8678f0965731c5c84af9918,fe127bc42743191091b91f5b539325ad
dc6c1bdb6de35d310eed4e79dfab7ea6,e3bc22b9ac9159acc52356380dc7fa82
dc6c1bdb6de35d310eed4e79dfab7ea6,ec5c1f39fb64eb9a03be159e20859bcd
dc6c1bdb6de35d310eed4e79dfab7ea6,ef7d9791d731721fc678eed00a03c8b4
dc6c1bdb6de35d310eed4e79dfab7ea6,f559ddd9259b3e250f046d45173cb60f
dc6c1bdb6de35d310eed4e79dfab7ea6,fb47311c6a0c2bb9462c81e0e5a0baf0
dcb7727aa1792a84abc8b7efc124a0d0,f0c47a51445908e133447f491ae07f09
dce1cd1a1fe351c0b9b3b9946154f77b,f73d27340b8034a814405597c165a735
dce1cd1a1fe351c0b9b3b9946154f77b,f8b8161bf4b36728f51b7ca237c4397b
dce1cd1a1fe351c0b9b3b9946154f77b,fcb39f4126b0e467a18939bf2e707976
dd0108386e6e4ecbff8f9ecc467fd6e7,ea6965ca77aaae53cce744eb20749166
dd0108386e6e4ecbff8f9ecc467fd6e7,f1fb7742a7eafe8073459ed92686b9c1
dd720a31ae01f8066abe782818b59699,ebc1919f45f9da5db0d468ce62cfdf50
dd720a31ae01f8066abe782818b59699,efe94917387a9794795e7fc79557dffa
dd720a31ae01f8066abe782818b59699,fabd6966abaabe52f19e44a088986cda
dd78d346fd3b529d044883e4af94172c,f9f72d0e92cfeb19f711e06a2b48ffa0
dd7c3a91fa84f2a267d51f9ece5cf41d,f09ac0fbae5ea3dcc18c441522cd7d1d
dd7c3a91fa84f2a267d51f9ece5cf41d,f4c35f057ade148da31f42e38e694083
dd8e185515c310737b7e1f66521ca253,f7005edb014ecf40183e2d25db48f457
dd924c9b4e330ce1d29f0de701629fb9,e4ff47fe280c0112528e7edc1c9a6bdd
dd9bc454fb62584e61ccdb88e4ec028e,f19ee1ef25d673f15a253f63f8ab31a2
dda32c99206ece1f158c18e4c1a0ea4e,e434df6cd6f48870b20d2fd1aa0ebd9c
dda898edec6837383b0043229ddbebc5,ef0d7d25c2ed60ee7dca1b6d4b4f17b2
dde720eb1ac8795643511897700c8aad,e4750dcc3268ebba356557f444761f9c
dde720eb1ac8795643511897700c8aad,ea15834188cc4aa85b0056af93164277
ddf6cdf3569af4d328c9740a86e73c28,fab3d75e3eab49a188c4b8f838983a9b
de215157b72c1b89dffab841b5ec32b1,e0d99544566b56a49cc74ffc6abc5e8a
de8254d65ded7944b921dda74ed736bc,ea448ec6d9b9a4e090d263a34c35ec1c
de8a9922fbf7bdbd0714bab197b5da61,f66e899c717d2b3402e3a93313005092
deced0987baaf024bf721895125c72c2,f62a7583d3feddd4a43e616f74cf29c5
deced0987baaf024bf721895125c72c2,fe0bac08f92aef9b78691fc7780dbedd
dee587abced4e22d68a8910aa2c77b7a,dfc5bc30c248a59906b84e41113c38ab
dee587abced4e22d68a8910aa2c77b7a,e743a97a75989c44258196a7e610df80
def0912b5f1c659fda8f276d54ed282d,ee2401fb49c256d8f92e50dbf3a4d160
df1af58d2919009bbb912b3dd34fc487,fbdc5f9081f36fb1db83c57f5821d1ed
df2a04701c2989614faa1ea57e71a068,dfa8ddad7670ff6be7db0c60828a7733
df4e6683480dcd3a7610fdb276a9d26b,f33d1fae8d87daae3f0f8b567f5885c3
df74ad4adb9037e787a272d134a9cd78,e0d99544566b56a49cc74ffc6abc5e8a
df971475624ece758c85ab47660fd699,fb5d5931a55a4b5302f246c9dcf9d51c
dfc5bc30c248a59906b84e41113c38ab,e743a97a75989c44258196a7e610df80
dfceed03a74e93db23209672b08ab262,e79f617a9123f418b3a73d51c9ae7f83
dfceed03a74e93db23209672b08ab262,f84fdcf165aa220c2668e7460dd9ee12
dfd5d5a25c589892e10e34c111f61f43,ef9e0c5631efc4a67957064b59941f36
dfe2765af8b28f171d8a1d9d3cf221d2,f1c37528f255c8537731521bbb16b87f
e0308b5162a19719881c4e1fbfdd9bdc,f33cfdc9b5235b8d203a2e18c78a19dd
e053347f2aa2a5c0ff631ba26964ca1e,f8db4e9df5fdf80ad46051800281faa4
e06a29400a2db094bd2d84be15580d86,ea56ba008209154893e9b145074b6da0
e08fd980361d3aca58cbd2dddd6c2134,ef09b000866ac389a1fbb2822c0f3450
e08fd980361d3aca58cbd2dddd6c2134,f0176b843e32004e871f51f640bd04e4
e09ab87ebbce3f3598f67290e5012ed1,eef7ab58691ad89d2b3d2b048f07a54b
e0b6dd50669691af21565784fd74f01b,e56eb26720a66bda0db4e7709adeaab4
e0bc445137c4097325344a9fbf641b24,e43ffd52090d7dde20756830ae78932f
e0bc445137c4097325344a9fbf641b24,e79f617a9123f418b3a73d51c9ae7f83
e0bc445137c4097325344a9fbf641b24,f84fdcf165aa220c2668e7460dd9ee12
e0bc445137c4097325344a9fbf641b24,fa235eb3d19f25182b39935c1240baa8
e0bc445137c4097325344a9fbf641b24,fb3d4d6a1a3ddde48b4b933327eac52e
e0d99544566b56a49cc74ffc6abc5e8a,e14556235dfad5570e44bb1db0b7d956
e0d99544566b56a49cc74ffc6abc5e8a,ed9b2747bbf1e28749cd04c391941940
e0d99544566b56a49cc74ffc6abc5e8a,fa269c4edbe8f08278339e1e5da079e9
e0f1de5ed8f41d9225d63f6000e7c80e,f1cd2e33f1c7877eaec901832159afc0
e17e91be61bec3ca36767c8ab7f61537,f2263841184ac625f1cded50fae99c8b
e18f7967aa52113acd34651985734f7b,edcc2992b4358975c0e637f8fd06c25f
e1a8c9302b8a98f93bbc416f9835db7c,f9f533955439d3aa98c453eac327fd24
e1dbcef45aad87fd0e166ec39e1aac2e,e66103decce8e2fea00bab60e93835a1
e228cd5155f2eaf1a084c611ef5d3ce7,fddf5e7ac5bb9fbd0efbae254ad729af
e23b0827be60d9992f88a4dbbc2fb76a,f37793b3ee913cd85f3018e4f33d4848
e2b4effc1257acf0b713c4a66df8c2b3,ee9ec69594d4b8be625e70e84c8981fd
e2b4effc1257acf0b713c4a66df8c2b3,f8da5aed9cd452f260eb4201da3d4e73
e2d4fef94c1e46b766bb4a6b8a0b7b4c,e8f73e84beb4492c52759d7274c79e99
e2e46cf6a16030f5a984fe34e01068a4,f33377fdbebe0111c33f17d06ccbfd95
e345f7de0a861bc022233c780f67ac3a,e8f1ab78f0246f788ffd632044dd2263
e3506d567849d8d64b8cc3f02b60472a,e4af4147433615bf8a69f6ef17c2d415
e3506d567849d8d64b8cc3f02b60472a,fed5ecd7da7b8694ba5bdf5846057f36
e36b19cba75c879762974ad7aa41b811,e4ddb079f99d4a2d6c6ecb2c19e0fab1
e3a6beaac46b007f92126609d340fd2e,e7d3a8728dfec9a8fad4b49662798159
e3d62c691bf9cb58a43616a4cdb5b41f,e4e65df57b678b19729a0399622dc9de
e3f9df21852e3cf896c228b8a4be5c8e,ea7dbc82e4be983eabeb6d63aca322e4
e41b19b1963857b965825933754fb101,f216872fd769d3dca341c7192b4c5896
e41daf769e7fb7fef97638892e129185,f8091d31e4876689a61e9c238f0e60bd
e429d5af6f8b4153654a43d4cc21c7e6,f33cfdc9b5235b8d203a2e18c78a19dd
e429d5af6f8b4153654a43d4cc21c7e6,fc0099a6d059f2b79269e9028a6a967d
e43ffd52090d7dde20756830ae78932f,fa235eb3d19f25182b39935c1240baa8
e4750dcc3268ebba356557f444761f9c,ea15834188cc4aa85b0056af93164277
e4a1fef7808b0445588df9db1403161f,ec8c3c2655b68929e7a1878a268fccaa
e4a2b54db0e9882156fb9365d28763c9,e51bb4e4cad0dd3449f2fed7b9878068
e4a7b1cd19891609a0c8a2b6d77918e4,e561d76bd22a7b7d3445a90984e86796
e5527074841b1d498f14f948b3dffec7,ee151dac760875e8a820a90c69cedfae
e5a488d9db22fadcd8866505c751f1e7,eec4367d52f8bab8828c697d29f022f8
e5b1a0a5f8e497f209cfba16ba3d30f2,f4f05ee29c76de672ab5b361222c19fa
e5d4e4b66d1a98d6cde217e97b2700ed,e5d4e4b66d1a98d6cde217e97b2700ed
e5ee4f4bcc280b421302f07e79241039,eb2d2dafe1d3cd566c896495edebf4ed
e5f862b3d1b6e800966038d067ec6dc4,eb74924cf3a8a9164164eb85c7d94786
e6415800563475383ac2c3cd34de34ba,ea90bdd64def585161f2d588074906e4
e64abca4d567dffa5911dcbb69639828,f6fb8518cc179504469a0a3d91003b49
e6aadede6e3ed7c4d1bcb77749162f3e,ee88d2bb9e20416854ff632dd179e32b
e6b7460485f8c72b34ca8de6b8176687,edc7130a58c4d69e727b611dabad3c42
e705f01fb54a0873890d599eb2f600d9,e8f1ab78f0246f788ffd632044dd2263
e746bd9096f9829b8502569c5297037b,eb180e519a30a0b614c99ed719036794
e76f3f729ed60b699de98d2925cfeea4,effb5a71a3fcb8048829d8edae58f1eb
e76f3f729ed60b699de98d2925cfeea4,f4275370bcd350e410dcab1cf308d929
e79f617a9123f418b3a73d51c9ae7f83,f84fdcf165aa220c2668e7460dd9ee12
e7fd9c1bedf2d0523f9e64e4d616a4d7,ec7c0a882dbcb65368069b12e39fa23d
e82adbf4b8d15737b822bd8603143f54,fb5a8793926011249e897ddfaee648a7
e83210742d03a55da9e823810ab1846c,e83210742d03a55da9e823810ab1846c
e83d5e189bbccf9438b9ff41853e92c7,ff05a319a3aaa1168bc283186b319bf7
e858c1f793b70dced2e9dfb871a5bb77,f33fa024ef53bded17bed1f57d2d4f07
e889263f5dc4663a5a01e13873411402,fdef680b1bf7bd33ce1a1860ad62d7d3
e8904dbc2213dc51f89aaa36f610edff,f661ea1880a15845935177323a617d82
e89138c0f8fcc684023e8bde0e64b158,faad62ee21fdb96639ed993b176df9e3
e8c23f056b8a7b506473dcfe074bf022,eaa58c9feb5f8f96d595f80135daf20e
e8d14b09b08840dcdfaf1d3983d6df51,f0a7454555d52a667c6df22dc8a28bcc
e8d14b09b08840dcdfaf1d3983d6df51,f1c0e8776928a9cf507eea55f424076d
e8d14b09b08840dcdfaf1d3983d6df51,fb5643b20582ba68d8da8a8dca24c4fa
e8d14b09b08840dcdfaf1d3983d6df51,fefa98da8db666ce806d4af04be8e6fa
e9526deac156f2fa53be1ec8077b6e96,f38136c67e1c22359fbc7fcb9f5b0603
e96e9702db87c221c805a705a5db7ec8,f95e525fb7a00ea68401698b63b0278d
ea6965ca77aaae53cce744eb20749166,f1fb7742a7eafe8073459ed92686b9c1
ea6a2b7d8918320705527e2e8fa62f3a,ef5b1ef13207c0ff5cd21a6fc69a1b0e
ea921ceab67192c220ae194089cd5d18,ecabab77248a428d3fd07dfbad19d7bd
eb014d7a40032280dae4e02dfcfd908a,fa269c4edbe8f08278339e1e5da079e9
eb08656a54baf31a83a50ea76716140e,ec9e59dffbff05e7d9657ba074f07f3b
eb08656a54baf31a83a50ea76716140e,fb8687aa7ac63355c4dc78be7f9fb598
eb1430def6c64c7b51b0830147cf1af7,faaad2f26ad44323c82254b2048cd9b0
eb6c822dc18bf45c8d6c43a1b9facf73,f8e49644403485fbb994158e859d9a0f
eba4c2b1925839b9b791d6a2c94c0bad,f53e44d8879d3d2fffeec583da728874
ebb4c505dfd977acff221ee10def2c49,f10d16d112093f0c0f5f9ebe3e88f63e
ebc1919f45f9da5db0d468ce62cfdf50,efe94917387a9794795e7fc79557dffa
ebc1919f45f9da5db0d468ce62cfdf50,fabd6966abaabe52f19e44a088986cda
ebfc2ef447d515ec3e00aa5d67e4fc34,f42e1203f63303a68073588168d972fd
ec0547a51c5265bad1f2a5f8d9b7043a,f1fb7742a7eafe8073459ed92686b9c1
ec08f16b1c2d769929a065110686c39d,ef9e9d36a01088f43312880bd8f55c30
ec2b16be29a1fce84d9787a5dff47794,ee2401fb49c256d8f92e50dbf3a4d160
ec5c1f39fb64eb9a03be159e20859bcd,ef7d9791d731721fc678eed00a03c8b4
ec9e59dffbff05e7d9657ba074f07f3b,fb8687aa7ac63355c4dc78be7f9fb598
ecc81f1406369410d481640b04e9f381,f6be546363aac1870fdaf4add0933a00
ecd0701f2bfcb15c2119eac5f478e8b2,f72aff0cda1d153926bb1b0d8492b7d8
ed2df552b34b4c2b258d02160c940c7d,f3fdf35c22001ab8f40d020e4d13bd87
edb1e7c2b34194e728cda8deeb192bd3,fd29d994d213235d09da6eeb0ddb9304
edb961986fa2f48ad304b62470553608,f99c699da2a30a5247376b6576f129d2
edc7130a58c4d69e727b611dabad3c42,f78ee754cc0e21b441b15060f6891c60
edda894e130693e415f4972f242567ad,f32651105c9bfb2580594981576891e0
ee9587c01f7c6fe9e24c47a988a10d8f,f9e984f7434b99dfcc29e684703cce49
ee9ec69594d4b8be625e70e84c8981fd,f8da5aed9cd452f260eb4201da3d4e73
ef00ebab9a6eae4f86af4830c9fb9025,f05ddca65db78d1880e16a770fdf959d
ef7d9791d731721fc678eed00a03c8b4,fb47311c6a0c2bb9462c81e0e5a0baf0
ef8e3e85b276e02e0ed1bcdd119ddfe9,f02e637d332f3a3543d9af06ba1c77cb
efb27db69d41551b6f38e30d37578fc3,fdafdd7fe5d83aaf35e8bf2cc2080f4a
efc8412e435a4fdce7016b0b17d93f7d,f0e1aed8ee437a42d3a67af3d4aadd60
efcdfee5a00d4f9d4bfa1e187e32cd0a,f426bc0d6c6df6fc306a1afd12806757
efe94917387a9794795e7fc79557dffa,fabd6966abaabe52f19e44a088986cda
effb5a71a3fcb8048829d8edae58f1eb,f4275370bcd350e410dcab1cf308d929
f02e9b352f48a365743a62d8c45e957d,f0c88ce2cb8006d63e11740c0ea6e533
f04890da38fc25820f00766d7a9a1a12,fe18d31ee780d7a9ae1b5ff6517091cd
f06a69da2a7378f95511c1b83e7572ce,f21ccf8b9b8dcd7c01b3cd50b0523340
f09ac0fbae5ea3dcc18c441522cd7d1d,f4c35f057ade148da31f42e38e694083
f0a7454555d52a667c6df22dc8a28bcc,f1c0e8776928a9cf507eea55f424076d
f0a7454555d52a667c6df22dc8a28bcc,fb5643b20582ba68d8da8a8dca24c4fa
f0a7454555d52a667c6df22dc8a28bcc,fefa98da8db666ce806d4af04be8e6fa
f0c2d183325c450a1960421ee4adb0fd,fc115d3b3ab3a5d1db07d372e9c65d2c
f0f0127595734b9895e115ce34f5653d,fda1d2492169a08640185ce1247a770b
f1c0e8776928a9cf507eea55f424076d,fb5643b20582ba68d8da8a8dca24c4fa
f1c0e8776928a9cf507eea55f424076d,fefa98da8db666ce806d4af04be8e6fa
f1cd2e33f1c7877eaec901832159afc0,f5379c9336ad15118c464fa2b095b65b
f1fb7742a7eafe8073459ed92686b9c1,fd9804c6312c4fc79191bd76611f8756
f24efd0bfea49fd52002ff1cd20c56a9,f652cacc70fd4b73d0018133549690c7
f26db7df0fa9efd3d56158d227b8333d,f383f3ebed4789592999b0f7b444285f
f2a9f282d96c7a0e721c5930c0158f8f,f600881b5337a822e12483b3d1b718c7
f2afadc0d3ab2d74b4354d78e91fc05f,f3dacc9c31fe582f87fead686e80367f
f2afadc0d3ab2d74b4354d78e91fc05f,faa78c952f37d3bedfe5ac3c31ffb508
f2deb2ab573471cfed81f83f63fefb32,fd2c609c49c31d84acf81e8da639f30d
f2e98381c8cf8b0694d52c7de03be977,f73737b4572c5c1dcac0a41f5ba4d690
f370779147e0c04afe45d4549f30561f,fa4516e24c2044b38ac2dab779a456fa
f3a6669712f1c5aefde40e984ce40040,ff7a05ce4292c3ed4dc9818d5354b498
f3c720fcce31bf338e84e74dc1ea7886,f8255ee4e86d115d1384dfecabdb697d
f3d79fd38cb4ff8fabda056f38d1c549,fe3d2134c346fe7d8bc4fdb6b826938e
f3dacc9c31fe582f87fead686e80367f,faa78c952f37d3bedfe5ac3c31ffb508
f559ddd9259b3e250f046d45173cb60f,fb47311c6a0c2bb9462c81e0e5a0baf0
f57355cf45b9a1c8ddef9a2f75aa8794,f5e390efda74158416b75e8e97f8c23c
f62a7583d3feddd4a43e616f74cf29c5,fe0bac08f92aef9b78691fc7780dbedd
f73d27340b8034a814405597c165a735,f8b8161bf4b36728f51b7ca237c4397b
f73d27340b8034a814405597c165a735,fcb39f4126b0e467a18939bf2e707976
f763e8637648db16a1ec57e58496838a,fa4516e24c2044b38ac2dab779a456fa
f763e8637648db16a1ec57e58496838a,fda1d2492169a08640185ce1247a770b
f7fcd9c60ff97125778eab948d715623,fe3d2134c346fe7d8bc4fdb6b826938e
f8b8161bf4b36728f51b7ca237c4397b,fcb39f4126b0e467a18939bf2e707976
f8d97182c3e1f4a4f8d2e442720ac21d,fd85218cc8d7bc3d72f1408d0dda1b6a
f9a5d42cbec3eec86abd2eef565ad7ff,fe69e7835cb7b170daecbed214243bfc
fb5643b20582ba68d8da8a8dca24c4fa,fefa98da8db666ce806d4af04be8e6fa
fc14366d2f38a7a18b0d4000e874c174,fc14366d2f38a7a18b0d4000e874c174
