method_a,method_b
004a5f89fdcb51666bf91cfabc2f5951,3f83c93f80b5ae3e57f504b7a7f8574b
004a5f89fdcb51666bf91cfabc2f5951,6ef8a2621650ea9e9fe272c4954c6575
004a5f89fdcb51666bf91cfabc2f5951,cced121d8de37d8bc5ef49bb99075454
0055ba669caba6b1615e10b3ab7b0a5a,95dbe51a9a174078d325c86318cd1e59
00b6bbaa3d61c48ca8115683ecd6782f,889e8b3e61a15c6aef64011f20df64d7
00c256652eb27b17a408013af001e364,d1e262cad1fb47f4fa7ead7d760b163a
00c256652eb27b17a408013af001e364,fb96735bc730b6e12072e4d70ee5230c
00e9cdf365a350654b1dede7deb22df9,6d4678ff0400ffe3bd76763d6fc3d30c
00eea3235ea93e8a3cbdbb5e72d84c8b,1c420c1b4aa05fd98147701fced3e0d9
00eea3235ea93e8a3cbdbb5e72d84c8b,4203db822f24f9912d6cef19eab4967b
00eea3235ea93e8a3cbdbb5e72d84c8b,58ae79464bfdac7f92fd42d50928aab5
00eea3235ea93e8a3cbdbb5e72d84c8b,7b66166e27d2f03e270e64ff1625c009
00eea3235ea93e8a3cbdbb5e72d84c8b,c7cc9cf1369dd1ce63f57de7ddc7fbcc
00eea3235ea93e8a3cbdbb5e72d84c8b,f1a3b55265667545142e8b72b2a6fdfa
00f443a00734dc3f6e2194b2a2c71354,40fe52e49eea1f5954e2c02c25d93308
0100a23d68180d45c54bfab21e081a7b,63635d3c2583716a4af1b6b8f664435e
01091df04546cd5f37eb38bf807a3c9b,592039845c2a0063a8fcdfde7a9cca37
01091df04546cd5f37eb38bf807a3c9b,988d84e6bc6a71ebc14ebf5781cfe325
01091df04546cd5f37eb38bf807a3c9b,a498f7109fabb08d45d48fde8f97515d
014b24dcf42a5af247e1458707af90af,9fbfc147865cb278b272750c5665d694
014b24dcf42a5af247e1458707af90af,ab0f2ba0426ae676c6036be60873d337
0158a0a6fa119bbf00cee3b8cc034b7e,22f5aa27293069b704c5c46c81448efd
0166881d306edbc022cc74e86759e42b,3d6e5a3b6cff7db7e662e49382da73e6
0171f653a631cdbc599b26070825c74a,61f98e5193b0b5d6ba2c476db97f8fdb
0171f653a631cdbc599b26070825c74a,ec1cf19da896ff1f1db7f4ca68b27027
019e95ccbd7a4a0fadd1a363231575be,8ba6e044a6a98cfb7263faf7baa58200
01a7957d8a78e5acdc6452178d6bf427,abec3ae54c96a7b38e1ef3a3bfa16f62
01b07602208b8b85b334cbef97152a72,89c243441e922bdd8d2dc0a028837b26
01bba91f0aa392150ddd33e2d11c2193,8d42cfb59dc39290d496465d581c862d
01d1c839e6b8e90a1a9a3f15c9a596a7,9539d3d61a186ae467c1de2cc6207da9
01d1c839e6b8e90a1a9a3f15c9a596a7,ded30ff377283c0271057a560e2714c7
01e02c955782abd303e2bc151ee6a53a,ddafe7ce7006523a588819ef434af442
023591f9d59f619816e365b6c2d0e897,8fde20818914f83ef2476a2f6eb66210
023ad3bea8aaf751e6c5a3c655b88ea4,5b5fd3f2cd43103c0a73f12a87773abc
023ad3bea8aaf751e6c5a3c655b88ea4,7bf5a053264dcee3e5b4630609ea6b99
023b318ddc7e5009580d72dd0cad3921,b3874525798c6314ed6799db15614185
02a40c281a10fc9721bd8fa2fb847d06,1dad3d1635d92106fdd2d37e16240610
02a40c281a10fc9721bd8fa2fb847d06,1fe5af68aa7e3169c5a313e394706f80
02a40c281a10fc9721bd8fa2fb847d06,5120bfbccc6c79d08488d21df495dec5
02a40c281a10fc9721bd8fa2fb847d06,74c51855654781f5120ef9d9204795f7
02a40c281a10fc9721bd8fa2fb847d06,7eb3a7768ea011c29d2f624203f89383
02a40c281a10fc9721bd8fa2fb847d06,9e7fe6485991292c3c11fad1425de165
02a40c281a10fc9721bd8fa2fb847d06,dc497069a55b26ece3de5e28375cc44b
02a40c281a10fc9721bd8fa2fb847d06,fc7eb120aaae2768fb1b067555f014a2
02a7a85f9bd3094c08aa547f82ef28dc,bc288f9ca4691955ecb707dfed2eeed6
02a7a85f9bd3094c08aa547f82ef28dc,c92ebd5a9a11a6284fec5f368f5712bb
02a7a85f9bd3094c08aa547f82ef28dc,d4e97dbd2a2e2f23b78ed7169bb51c07
02a7a85f9bd3094c08aa547f82ef28dc,df017bffa4c71fc51bb346a372d3fcc5
02cfdcc48ede5ecf16196fcd9fd63784,4e03821f2fba19b3d46e58c38c3492c8
02cfdcc48ede5ecf16196fcd9fd63784,a8a543e7e866aa47a370f52b09ecfddf
0338709f55698589d91a3748ba047433,4c4602a930a840fc8eb25c705f7cdc15
03497e82ccae9bf7fbf30c3081b81d11,1e6fc40f9d81151367c1eb0576c25292
03497e82ccae9bf7fbf30c3081b81d11,90527e9820d1e0fc40fa33b9b410a416
03497e82ccae9bf7fbf30c3081b81d11,d7bd8d8af2a75fb4ec25809907733abc
034bbe2093da93eda4e00070ff902e38,6ed6705a2348a7fdfc15dc931db0bbd9
034bda936373cd7eab1651250b683ec8,81672201249f5b5b438394cd4fe275f9
0368a0e18253d03b66fd91f851409e11,aa540340edff4cf068fa09397d3fa159
0383483a94364f6f775db9655a92cb26,52c4145281d64ac744727795a55dc54b
0383483a94364f6f775db9655a92cb26,91d1782a00f3d48f903a575628a26805
0383483a94364f6f775db9655a92cb26,9b932c4d6cac5051ed9f171462df9c8e
0383483a94364f6f775db9655a92cb26,d569c3755af328c7ec85ded60d46275a
03cbf05661f2359379a0f6dc69e666cc,34f6abfd0cd58ff37cbb81e7dd869e8a
03cbf05661f2359379a0f6dc69e666cc,48bbf8afaad3f5bf17c203858d93ce9a
03cbf05661f2359379a0f6dc69e666cc,aef58b10937fe72e7326a6ccc78fc20f
03cbf05661f2359379a0f6dc69e666cc,dfa66808ef670e90702f3f0b346e3e86
03e26e74dbcebb6897708352bb639a60,95cac1b9168af3637c1e226a3cb3ae45
03e26e74dbcebb6897708352bb639a60,f2bb36c8ec089d38f258fb84511cbc70
040e29521b17b0a6c00fd6ca45634eb2,6d38755d7ba81cb9c6cc823d28ab7a1e
043222299e39d1a199c766cea636759b,486e0ec5bc8b57a0ee475a5f01b41ffb
043222299e39d1a199c766cea636759b,4ebaa863e85559d586d3d6c02f5f54ec
043222299e39d1a199c766cea636759b,55a366aaac0bbec1449f8b6fbe5254ba
043222299e39d1a199c766cea636759b,6949f748cdb286cce14b733c937fdc29
043222299e39d1a199c766cea636759b,8308a1eebcee2fca8d8cf4de7814f259
043222299e39d1a199c766cea636759b,b12e9e60ea07924a2d7b5aeb77eae6a1
043222299e39d1a199c766cea636759b,d180700d222921a5ef2f4638c2922299
043222299e39d1a199c766cea636759b,d336d46f25f46c528d10bc3b3a14076a
043222299e39d1a199c766cea636759b,e2d6415197d02f36bc0b141ed7c905e0
044afcb14f3160e00bec5dcd2661f3e3,5478e6b349f8a6847f45fe1ebffe32d9
044afcb14f3160e00bec5dcd2661f3e3,6d2bb70899817a5b970ac12ab359f483
044f2ff865d9228fde6c70375e9d55c6,80e1212d71e43f806b5414507a9613a9
0452a06abb14c32b2df02acc1ac26b41,329bc2a1bca7db071d93bc64df3cc5ec
0472cfd202318da81823389beb71d961,5f2945ce66f30e505afea9397a12a17d
0472cfd202318da81823389beb71d961,6b9e9367d08076cce7becea16846b057
0472cfd202318da81823389beb71d961,bb1fff9517465e697f26d3b2da83689c
0472cfd202318da81823389beb71d961,bc35b46dbf468b3dd7ae13582acec3d9
0472cfd202318da81823389beb71d961,f6ae051ea509b49908458b6867fbc95a
04cd8350b75c8e06bf2ffdf255080281,750639803a2757909678bd5ce1885181
04cd8350b75c8e06bf2ffdf255080281,a2168b3b1efd34f26b7537f97db84889
04d53cf9423a7a1c8cbeb1e999c41145,282998bf326bfcbebe518b112574e1ec
04da39abe28463caa1eedbbc16c3d69f,2ec8233f234c461655ba87c1e3a30e4d
04e9fc66b677493ebe3b9bc3c0fbf85e,15b19a8f80b02496dc5c6625ed962032
04ec7a8ce2d88eb4b88ade2f309fd2d9,ce97dfb66e6f4b7076164454bee42a54
04fbb52cd96abcff7f3c498f909ebf83,19533a42bd6e554aac53135481734b6a
04fff162e2fd590e35e3d8f3a3192579,a67ed61cc26f8af7e781a0d60f7228e8
0528588ec023298a024327ee835a55e8,bf1aba105216c55ed7714c9dc4f4d13b
054c285d66c02fee4b98f3f2adc2f360,2c39f74c52a672abf7bd4cf8bef928b6
054c285d66c02fee4b98f3f2adc2f360,a26125ddcd8dd3ac8f1556fb735f815e
054c285d66c02fee4b98f3f2adc2f360,bbb10f4a23f2c9dbe936570571d11fc8
054c285d66c02fee4b98f3f2adc2f360,ea5424f299d585f1d28d1806fabdcfae
054cce0f7b3443445a0e6dbb989c9da2,68194ea54ac08f133958269028f3ce7b
054cce0f7b3443445a0e6dbb989c9da2,db24c690ba604e4c331feed5d92ca7fb
054cce0f7b3443445a0e6dbb989c9da2,fbcc8ae7afc58898ccd49a395a009a85
0570eb2772a98aeb9a96d25abae3afee,98203455dd220342563ed5653033bed4
057342c490320491fa0c76b5e8bd6f9b,f656f808d8790e1c2389afc21e587991
0576391de4189249fa3f3aa8183699fe,3f74e30061a85cb7c79742828f6f3979
057a81b16c3b93568be9d97f508933ef,743b3337c97c8fed6f27304829a18a09
057a81b16c3b93568be9d97f508933ef,9e3958b0575537f6529414db474bd8d9
05e9937046216e10834f4416b651f990,b6bcc4c2b4f1fdb91642be3ffb1dbd42
05e9937046216e10834f4416b651f990,cf37981d7ccf9f935fa23d066312885f
05ef517668037bc17c10907af6d9b94c,b27e027e7cbbf518df8a8bd76324fb48
05ef517668037bc17c10907af6d9b94c,faba12d316dc88b6b604a8c14a81cb6a
05f22ce1e0249ca55f4629a92a08e988,69fc87a12dfef633087fb0ae3ce66354
0605db8fde86824378e67fa68fdf3c29,595172a6e00823214df24df3d8405598
06161aaebcb2297ffa6a3ee2a7a9adee,20c920150ed7d13cab2eee3a0e6697ca
064102457748fe25d715a8338b6d96fc,95d03127b122a84d5ea3b9f6803813e7
065b487f6729bbb06b0044392dec0450,6048604f6dbd0de5a24ccc03e15e88bb
065b487f6729bbb06b0044392dec0450,e4229b0020e70c18deed8846ab31cdac
065bdf3aa255c0ec0318e84c4b037de6,71f7948e43de6527043795efcda80dfd
0696fe00284698a6219340cb9f6469c4,1f96da3edb9635117ad9e0b7da6e92f0
0696fe00284698a6219340cb9f6469c4,b742bc90f6388729a4ac8d197de218d9
0696fe00284698a6219340cb9f6469c4,d3c63d1c97da930ce2bdbff9e4dbb692
06cac0734e9d48d52671afb72946882b,72133e1630af025aeeafb21e60cefe14
06cac0734e9d48d52671afb72946882b,b194f7386b21c4e380e37b95b4b31987
06dc22c4dc7b767205ea08fcfc4f65a1,080b0685cc50ca70f510bee4f54411e2
06dc22c4dc7b767205ea08fcfc4f65a1,388c2d082eda839777f3b643e2629510
06dc22c4dc7b767205ea08fcfc4f65a1,e8a42f0756891f00a9119b2df96fb9d4
07229e25b2e5276dc1a506f2c0c13b49,a5f9cec27bf84086bfd783cdb975845f
073926e284b452cae8ac1f0ff92c29b3,30d2d011f861bf1e93a97fd67f0466fb
073a2f42c08c875e046fd0c536cb14fe,1b84c3c57afe24b535656889e103f561
073a2f42c08c875e046fd0c536cb14fe,5278da2301d9d222c7f3accaee21cb5d
073a2f42c08c875e046fd0c536cb14fe,a69bf989b696036b2f53f48bd34a66fb
073a2f42c08c875e046fd0c536cb14fe,ebaae7843df57cb7d15e75aac3642e1b
078b400f447c3334a6f6baf1a847b659,fbb4f88908237b971d69c1997b41d2c9
0799855feee8dd58bac4f750b65f1a8f,12f509d1fc282a102399d0d5e5292159
07a0576aa77aa6088cb24be5277d4fbb,71d70b39090f7a71180d6cb007f905f3
07d39b99b204ae06726594abbd86b407,b41e8cca09e5208576fa2da20dd79484
07e2ba6c2051ee77ff43b15111f008f8,2dee2c764a611dd8d0174175f2dd8e04
07e2ba6c2051ee77ff43b15111f008f8,4aa93a71b78e61d2a40370ca31416054
07e2ba6c2051ee77ff43b15111f008f8,843a7ec01842200f1604dabcdc06d412
07e2ba6c2051ee77ff43b15111f008f8,bd2c879bf558114ac087ac462bd211a7
07e2ba6c2051ee77ff43b15111f008f8,e72a7bd4b73a45eb56c3a926e8b2aab7
07e53b4a2892ec454ea4333ad115fa9a,c377718bdca0a7dfa92fb1a9fef42f72
07f5a258cdb9db1eb80f4f71601b31ce,55e6425409f3265453f3073092c9c1a4
080592c1452d451f28c155c52705cded,5328f0a858cf8c025a97f2736241a2ee
080592c1452d451f28c155c52705cded,747f01d7aff708066efce29d9c1a36cf
080b0685cc50ca70f510bee4f54411e2,e8a42f0756891f00a9119b2df96fb9d4
080bfdf838f93a38965501c5df97577c,9c3482c7b742ff184ff2504ea4471808
0821c7c6448c327d730e3f1c8741fb6b,533a12e4dec6fb4108f5089a90bf97dc
0821c7c6448c327d730e3f1c8741fb6b,eb33e0cba8a5fd24fa5990db6c386582
084b8a6635d6e63c015b8c99300171b2,27a421942ee688922723b991835de196
084b8a6635d6e63c015b8c99300171b2,df36b624704f784d846344c74ba383e5
086522751522877a1f8395780d88c8a6,3e3b9d76c7d4d9b8628d2d3251d870e6
088d7019394c2f1269f7cfdb6647f4b9,90cd79ea15399b8ed7a53b0309d726de
088d7019394c2f1269f7cfdb6647f4b9,b1122bb066ecc90bf353eff5b79ba2e6
0891544826119e4aa02d8bf5376e3021,4a26e47ee31dd2b08d916496361c3d32
08ad5f3a05e80285376685ad0f076696,7b77eefda0feb53c488f474fbf70c3e6
08ad5f3a05e80285376685ad0f076696,daffa6893d6a05ffffa53019d5220b46
08dce00bd831329841498e0ab213340a,67f6d70cd87addfbef502af1855ae725
08ee0c7f097fbed030755815084cfab2,0e39768adbc96cb443700670bdebf784
08ee0c7f097fbed030755815084cfab2,1cb659cd1824d4c126efe6f4a9a52d8f
0910cfc6439f0fc53c660a29cbd7b376,63635d3c2583716a4af1b6b8f664435e
0911cc9542576d3b0fe2d75a0b146228,29348907e577ed64799938a616d4aad4
0911cc9542576d3b0fe2d75a0b146228,4821a1879c97391e0d4f4c9bcd296fcc
0911cc9542576d3b0fe2d75a0b146228,5c954163a01ba1ab8cd91a053d8c3239
0911cc9542576d3b0fe2d75a0b146228,8fa0b631f6c012830e1940b44d8c4a4e
0911cc9542576d3b0fe2d75a0b146228,de3c6a7f77318c8eebfb9a33e8b6f628
0911cc9542576d3b0fe2d75a0b146228,fd382d816525e3046ce4e2d4d3f83f43
0923a919c2d81b4611f0a3e9598592ce,2505dc9e9b1f0bb473c1ac6ebdd3383d
0923a919c2d81b4611f0a3e9598592ce,963638552aecbaf544648d434b693635
0923a919c2d81b4611f0a3e9598592ce,a982cf5729dad8ecb71c5cb3e4e6491b
0923a919c2d81b4611f0a3e9598592ce,fa8a5ba0de872b75eaafdd42b90fb434
0923a919c2d81b4611f0a3e9598592ce,fb56b8b200a9866d5a5577e16c817de0
0924a8e0cbd6e8926e58be6bde6f0630,a45b92bf36febc14e3d03827b36a99d1
0936c9dcda776ee3d25922efc87009d3,9be33fbf0ade76b9fb4dd137b3770825
094da4d6cc5618017484d8b05b451115,61e86b2a0d3074dea686cb077f13f2e5
09b1dcb3e2e20630d80fc2f72d945230,540a6b050a2ea5d8f3e2dbbc38715bbd
09dddcd94f9933bcd3ea357cd3672da1,c05056ed4bf2edcfe4f4e2848747406b
09e12918b4790eb91e45675c0059ba14,1b1f83ee1a301cac88322359b84dbd05
09e12918b4790eb91e45675c0059ba14,24b79f5723c649848123e31c4eee1735
09e12918b4790eb91e45675c0059ba14,37650d3f6c6156d0e4199e9204a57ac0
09e12918b4790eb91e45675c0059ba14,48067dc4bde5c12c609cd441cdb7ec32
09e12918b4790eb91e45675c0059ba14,9312ad37c6db0283302c10687173889b
09e12918b4790eb91e45675c0059ba14,b73a62f19d04bcbc9111f748cf4462b2
09e12918b4790eb91e45675c0059ba14,c268371bcf45bafae0149f58aa770071
09f06bccb0858b76dd4c3f9daee7a739,e1ddbaf77400520c35295452c5b0d802
0a18c1def9f63395fe31a5ed2c9e1410,29bcab83f66c4fa5a48e93e996371c61
0a18c1def9f63395fe31a5ed2c9e1410,45d0aac8202ef5e67ad6e612b4d554bd
0a18c1def9f63395fe31a5ed2c9e1410,4bd1780cfd62331f5270251e9a4c0142
0a18c1def9f63395fe31a5ed2c9e1410,5c9dfed2a57c4074b76c2bd9f4943cf5
0a18c1def9f63395fe31a5ed2c9e1410,5da51d0751906a9cc581519cc766462d
0a18c1def9f63395fe31a5ed2c9e1410,a8e338b6acf56efddf9403b8bbcc0fde
0a18c1def9f63395fe31a5ed2c9e1410,b2600d634187b75e975ce01afb0ba5e8
0a18c1def9f63395fe31a5ed2c9e1410,b8673c5dbff470f9e1d95f58bd35a17f
0a18c1def9f63395fe31a5ed2c9e1410,d071937ee4278d39507184c6b0d49791
0a1c223f7bc093d1d13de418cee4e4e3,3573343386648b953adc7383fed3a016
0a2a5a8ac1610c7ad7bf2708914c5dc8,281e9aa27b08e8c215f6f54efd7b6ea4
0a2daec0eeb64fc3b7ee385920054bf3,3c22cfea45731a828ee93a1775b04dfd
0a2daec0eeb64fc3b7ee385920054bf3,ec798a6eb72d082c32cbe0a1f72bec5b
0a3397d8dcc227f5728c63664c5d25c8,4d0c48910b8a8885cb55ce52e502bb18
0a3397d8dcc227f5728c63664c5d25c8,f2bbc37e17f7bcc1774583fd03d948b7
0a74cf7a71d0e6fcd599cd440fa5e73b,26f07ad7b0c57749cd0aa9fb4d817fd7
0a824be5491b9883f24f51a9bb6ff2e8,8c9ae9173042c30680e96e78177682ba
0a99f1d755d0046238b67b7bf44385e2,354a2cec954a4002030f08ef305ed432
0aad2b5dddbc9fce412b3c75b2b318d6,2f1cf335da7b2fba9a9b702ca512ce72
0aad2b5dddbc9fce412b3c75b2b318d6,7333d9508a4c5d386793c211ebfa7bf0
0ac8bbfc5b1866841ae02546a5feec4b,187feef07c77ec6036e9ee3238869cb2
0ac97e80ed016a17eed3afebb2d60185,0d9892ef962680ad53d49b888eb81434
0ac97e80ed016a17eed3afebb2d60185,15857df9a855e798526e791a9d8fe66b
0ae895b9b3929c19b2d93efd0d6bbf2f,65dc1976746d1258ee8e9c47097ed473
0aef8494c3c946841d75c9c08aed5f56,707e884b9f1c17edb47483ffd248de6b
0b1a70ce5c02985cfadf901e4e7be115,17d8b076cf76feb681738f1b572a7050
0b1a70ce5c02985cfadf901e4e7be115,41d3fede7a50a6d6f7bf82d8ae19ffc0
0b1a70ce5c02985cfadf901e4e7be115,8c99a7e4581a17ad85d6308925e9b57e
0b21521ee6aeb171d31d7ddc00d50c5c,8319f486f23b9b234c882fd3e765581e
0b2830a9ed2920de43db4fe489298f2c,8ac2b71eb4ece9c898b05571e8dccfcf
0b3237b1163cab7317a9a3a5960365f3,bd66c69062bfb5785904958ec60d9012
0b36f07d31d1e71a59d7a745734bd4f2,aa554fe543e71fadcb0ca933bd2d9f07
0b83736958687a697af2656cf2c97b4a,973f1f6e1f0c4721af85d126fdfd958e
0bd2c771df945da3f1041d50d01c48e5,24d322c26da862d60b0c80465a75a0a7
0bd3e2e12fbf8edf2e80393720137617,159f755aeea90c4f11bd433ebcaf481f
0bd3e2e12fbf8edf2e80393720137617,9db73077759a156ade7f316655a69448
0bd3e2e12fbf8edf2e80393720137617,b07c48f0be05a45c1b7e71f26055fde0
0bd3e2e12fbf8edf2e80393720137617,eec4367d52f8bab8828c697d29f022f8
0bdc86084d45aace48236eecde3c9a79,ac75c27992a5b15d0ba1d9f82ea1230f
0bef0127b26bcf30b9fcf960cd6113d8,49f92223683a325250c221e8ee16af10
0bef0127b26bcf30b9fcf960cd6113d8,9534c7d8569e726d7d2e10425ea9dbba
0bef0127b26bcf30b9fcf960cd6113d8,b619b9c0b77327c121bdec6ddb6b0423
0bef0127b26bcf30b9fcf960cd6113d8,c5f97ca2dea179a621176ae4dff0849f
0c036ce173c9b06a1b05bb7755218782,72c173d4bcaa0b02eb36bba3293e81ea
0c0a6b98cfe123b34ae9b9eb62fdc95d,f7dde5d0aa269fda161b52989003323e
0c1ad84d83f8c2c9d84000b06ef0dfaa,23f11ccd76e69d94dd63090df91b0595
0c1ad84d83f8c2c9d84000b06ef0dfaa,6ca0733cc7ce95ec76a33b236fb64027
0c1ad84d83f8c2c9d84000b06ef0dfaa,a83356b89a1d7803840e448cef7f5cca
0c1ad84d83f8c2c9d84000b06ef0dfaa,d0b5c281854a6c9fbf478bee8ab964e9
0c3508abc868b068473e2158a152358e,883f52f84fe4ae9021d5208114de36c1
0c4fa6f0b6be94e10666b6e21b56fc4b,33c521fca53a01fad30f93749dc3370d
0c5b6f405e6a9df6676c90a1fd521efd,0e069d11e4a0695a494697e983eba49d
0c81ab4b6fb7d800e81ccb6b2b0c136f,9372d51d18de9189bfbb9c0f79424b2e
0ceacfd73d81fc162b47ac1b661c6c31,51d10a83abfd41f79c20e820b780b139
0cf0db7ce88426417e1726ebc784b7f2,6ccd03d3f6ad04453be10b6a9a38b70b
0cf0db7ce88426417e1726ebc784b7f2,9c4dbb6ee39428ca5610d026d2c36aa4
0cf0db7ce88426417e1726ebc784b7f2,bdaa310ae249ad80cff995cc537e1ea6
0cfe212c710da6955fa998629b40318d,3f80a6699010940fec7bdd4654e59f7e
0cfe212c710da6955fa998629b40318d,436e9a8155321ead4ea9eedfc5fc8468
0cfe212c710da6955fa998629b40318d,83d9425780cb7121b249f5be3dd1d450
0cfe212c710da6955fa998629b40318d,bf1aba105216c55ed7714c9dc4f4d13b
0d1c4d47e5d14bfbf2c1bc32b2ce676d,d4453b416b28a1c67c0af474e2958abd
0d1c4d47e5d14bfbf2c1bc32b2ce676d,ff117305b9255f073e7859124b602686
0d202c8a910807982c0e20004fb83b9b,8e172cb357cde5f6f1a6de802b5019cf
0d342e86e656a5530a54623a21793899,54060a00c6c12bd9558e575ed414a99a
0d49edcd789bad9150979a0900d4e918,8fda3f94c9911123d3c480508616f91d
0d4e6ba3254175fe6fd3320e9362278f,5982d24dcc54fb53c77c616640113ebd
0d68317fb7b4d5aa277a5638069793e3,a90da97c78f1d6e7a8deac0553a2685c
0d82bb3307db7b31f0a199ae52eb105b,3ed3fd5c87b6c994ab16f540b928483c
0d86bcbe1c7cde1d50a71fc02cfc81b9,7373ec83e883ce19ac92a3771db5188f
0d94910f0318e6ef9209095cadf6d3ae,933fd7c4d9883e7c91017d2763749fc9
0d94910f0318e6ef9209095cadf6d3ae,b0c482c66a08c06995ee81bf232fc929
0d9892ef962680ad53d49b888eb81434,15857df9a855e798526e791a9d8fe66b
0dcbd8b96b740cf3278a216b71c79a8a,3daabc2a140c6e1b2b99ba73c9093e5e
0dcbd8b96b740cf3278a216b71c79a8a,92efb46f232df63fef3b4bca6e54ecda
0dd1bf7468063d60dbe1de1ac1ad2f4e,e35ff0604149e9e1e49acf4f8d4a42d5
0dd2ddf55f4b8dd0cbb50b6dea6379fa,390aedcba0b778766fb4ae537632f8e1
0dd38a5bb86b7b4e4cae8eba2cb5d9ca,14777ff1a792b13bcc727aecc287022a
0dd38a5bb86b7b4e4cae8eba2cb5d9ca,6bab80552dbbcc1d4e296726a8cea35e
0dd38a5bb86b7b4e4cae8eba2cb5d9ca,a59dfebaf71d61b1015b984d6be41913
0e15bb25721f8c7bbad571af64c228b3,69fc87a12dfef633087fb0ae3ce66354
0e26fa78c628b7044941c6b040d0ee80,7567e3796bfbd4bd593c132a216631fe
0e31c9486096672b022e49abc5cacfd7,39831312f0026cf460eef3108fd4bb69
0e31c9486096672b022e49abc5cacfd7,b50e425c9969d5737005c5502a004403
0e34b0fafd92454fb3b09d5f72993f21,1767c1b00c90d55e8f4f83dcb049d772
0e34b0fafd92454fb3b09d5f72993f21,4268e38e9be3f57e881df1115dcc8054
0e34b0fafd92454fb3b09d5f72993f21,4b06cf1480358bd7c1835f6a6ed5343d
0e34b0fafd92454fb3b09d5f72993f21,55441f4fdf82358d95d85240a193e537
0e34b0fafd92454fb3b09d5f72993f21,63d9ffae204bbe333df5a221799e2cc6
0e34b0fafd92454fb3b09d5f72993f21,926a350dc2e1e69bbd3c2d14220301c0
0e34b0fafd92454fb3b09d5f72993f21,968bac117b81f824cfca6bb3bea37d74
0e34b0fafd92454fb3b09d5f72993f21,c034861083dfaa440521f75aab0a9314
0e34b0fafd92454fb3b09d5f72993f21,ef79cafc6690601cf97469a0bbef7f27
0e60d8d54df5a476711b6386ba3317e3,11413829356ecaff162998788417b7b5
0e60d8d54df5a476711b6386ba3317e3,1cf50ffccd227d713d1015553eda1a9b
0e60d8d54df5a476711b6386ba3317e3,4368afb712137ca96f2ccaca324e6445
0e77e35e66cc7014f36563a3718a4721,3f74e30061a85cb7c79742828f6f3979
0ea1ea5f23eff11b2e0ac594be0913fe,db37d1ec0b819a45a51dfe3e30f399b4
0ea9d36fd88ba5dcde5607596ad0e0a3,990d0b2e7701ffeceebcd8ea3c255360
0ec5b5d9de9b45f14fc6981aa5ecb5d3,da956d5efd67c7d897d3fbc3ba956dec
0ec5b5d9de9b45f14fc6981aa5ecb5d3,dc4a6dce6dbe8d652da9b9a3d1719f25
0ed8ba5932ec6106ac08ac87bedfe49f,e78cd7de7c85bad9cb476ea30618cfce
0efde729ef4cf912e92a3a1aacf9949d,65db85305e63bc9b5e244db3ff192fbc
0f0649093dae5d09968a360dea1d8d46,3911146919340c7c55871532b84a02da
0f0649093dae5d09968a360dea1d8d46,3f80a6699010940fec7bdd4654e59f7e
0f0649093dae5d09968a360dea1d8d46,436e9a8155321ead4ea9eedfc5fc8468
0f0649093dae5d09968a360dea1d8d46,579a580bce11bcd1d1ec3fea6911a4ad
0f0649093dae5d09968a360dea1d8d46,652799a7ea760b9da43546710b4a91c9
0f0649093dae5d09968a360dea1d8d46,83d9425780cb7121b249f5be3dd1d450
0f0649093dae5d09968a360dea1d8d46,a163e814e3b752fe2193a809bbd31ff0
0f0649093dae5d09968a360dea1d8d46,ac5baedada70df463383868d3ab9d22f
0f0649093dae5d09968a360dea1d8d46,d48957e2e5bbef3743f68fce2931931c
0f0649093dae5d09968a360dea1d8d46,fa5c020aad3a9dd727d5a75ee03e8841
0f27fc497999c53991a093e865682a97,24b79f5723c649848123e31c4eee1735
0f2a9590d6aaa5491702515366efc4d3,f5440622cd23223f43f26cba069ac1ce
0f62e77fd374566ebd651ccca81b4462,4958f661415d3e870f0f90cdaf92a705
0f656b7d453520f390ac72b077ac9003,281e9aa27b08e8c215f6f54efd7b6ea4
0f7b853ea61e4af3ee7134a313457788,2da7e46529a86893083e23bce054c78e
0f7b853ea61e4af3ee7134a313457788,4af35f2a46291289eecf7696c188fcb1
0f7b853ea61e4af3ee7134a313457788,63ac437e30889ebdf8d2b2f9b80f3a47
0f8b55d427ffe78344618c64b1a27a7f,5d956cbfb68f8eb8de0934dd4a68d47e
0f8b55d427ffe78344618c64b1a27a7f,f8caf4c7090997e06a582857efeee742
0fa07ed48e3ad03a6a4e4e5da01ada36,3baeb63212b5930da353126721f5ab25
0fb28678b717d63f116e5689bda3d03a,351d0a2921f92c746b8b80a7cf03ac60
0fb28678b717d63f116e5689bda3d03a,48e160855b30c136ea21292870d7a9dd
0fb28678b717d63f116e5689bda3d03a,4cd5768e09def1f2516bd988fd777f69
0fb28678b717d63f116e5689bda3d03a,4fc8d6da73bf4bab3a10a2469ddd7a7e
0fb28678b717d63f116e5689bda3d03a,55a366aaac0bbec1449f8b6fbe5254ba
0fb28678b717d63f116e5689bda3d03a,6c44cfd588f9cff9af983d96ae1c43cf
0fb28678b717d63f116e5689bda3d03a,726b2e94e7b6d353f2c6e354e274efcb
0fb28678b717d63f116e5689bda3d03a,9826fd664df04bcff3c0588fe816c846
0fb28678b717d63f116e5689bda3d03a,a8d2a444b633400feff4daf098100efb
0fb28678b717d63f116e5689bda3d03a,c38331b000991a8d2b69d7747147f69a
0fb28678b717d63f116e5689bda3d03a,e7b4d14e233b5bdb02ec551462a9b7fa
0fb28678b717d63f116e5689bda3d03a,fbea3206ad212b808343de6d4682e075
0fb73f6f4b346e3898112baa6976c411,7dc613b703e923be47f1814791eb4d35
0fb73f6f4b346e3898112baa6976c411,b30997884b6f37f828ef08799f4442df
0fd58a39580d8b4d1c82d86abf728a4a,12cc42b0dee93a09e83a56fc81ab8e1e
0fd58a39580d8b4d1c82d86abf728a4a,91d1782a00f3d48f903a575628a26805
0fd58a39580d8b4d1c82d86abf728a4a,d569c3755af328c7ec85ded60d46275a
0ffceda81300712417534a61a3902495,b7387d43795e07d4ece56f15cb5cf58f
101ad04f3d057cb6092132cdce3738d1,43f18e1813f243e051c5b8573b2c1373
101ad04f3d057cb6092132cdce3738d1,732c92c891ac15a4f62a5632ecdaf4f8
101ad04f3d057cb6092132cdce3738d1,7e162258cb38de94e958cce05410bbef
101ad04f3d057cb6092132cdce3738d1,e09ab87ebbce3f3598f67290e5012ed1
101ad04f3d057cb6092132cdce3738d1,eef7ab58691ad89d2b3d2b048f07a54b
101db8a8c7177044f2842ef31c790227,32cf2db81f99be0d9abf020a433a263c
101db8a8c7177044f2842ef31c790227,44d6c7f10b3acdcc34bae904900e8b58
101db8a8c7177044f2842ef31c790227,990d0b2e7701ffeceebcd8ea3c255360
1033fa9d4a3ed420453a357660dca303,904a79cd1270daf8719916e581b3ed5b
1033fa9d4a3ed420453a357660dca303,d4453b416b28a1c67c0af474e2958abd
1033fa9d4a3ed420453a357660dca303,eff642245681576e7e5c03ef51a2c418
1033fa9d4a3ed420453a357660dca303,ff117305b9255f073e7859124b602686
1040d1be853de16316349198066b0ca5,430c1607311cfbccfe514143de145ef0
1040d1be853de16316349198066b0ca5,4564a4564c9a8345dd450674e4d91c05
1040d1be853de16316349198066b0ca5,54c6713680514582570007bc3ae73c11
1040d1be853de16316349198066b0ca5,7e280e256c28bae9a9bde07997812cd6
1040d1be853de16316349198066b0ca5,86403cc36244ba5c2aef22684e9b1d04
1040d1be853de16316349198066b0ca5,86f24fd09684c0fb0323feed1cc1b600
1040d1be853de16316349198066b0ca5,aec8524612a4b6ba0a13a4faf5f19507
1040d1be853de16316349198066b0ca5,b0a468a48f3b2c19fbf4ed31a54779b3
1040d1be853de16316349198066b0ca5,b0e47d4fe154c15228b34e9e800de5c4
1040d1be853de16316349198066b0ca5,b298035e3b84c091154a65785f4b7ea1
1040d1be853de16316349198066b0ca5,f2933e10b3594019fdadb9b46c80b371
1040d1be853de16316349198066b0ca5,fa3c8ab7e0077dd9c0b644ed56c9f3c5
104ce407ff5f28e9dbaac460188025f8,ccf410503278d14b128d9646c995f6eb
105d3ba84be831bb336141c0628e84bf,271c19d618956b3d7642b1260e80b3d7
107e9c02d95e530afe7372c09fc08702,64ba1ab0af92a31b94c1a1fd9cb6ec54
1089f70b6b32238f0b0676fd25ea90fb,c98bd88ed688a615bdc7e75186888717
10e51bccdfbc14208af9923f93992de1,51e8514172351e20c687c73f118678d6
10f4a9d5f1cfef3d6737b8262bb74737,d08b2e49710fa9f6c0e9580645ad699b
111af281d2bd89b643b8ccff075114a7,a5e79ad5ae4cf75f7aa0acc3e74a89d4
111af281d2bd89b643b8ccff075114a7,d945a41ebd4ba0a9d6697e8d614bbd08
111af281d2bd89b643b8ccff075114a7,dc0ff6019072a549f032144fff0c62a4
111af281d2bd89b643b8ccff075114a7,e4a2b54db0e9882156fb9365d28763c9
111af281d2bd89b643b8ccff075114a7,e51bb4e4cad0dd3449f2fed7b9878068
112eef3d897e89788b92e2acfeecdfaf,95d2fdcc73ba264b54f759bed9a2fc85
113337a93a9f08c56a2abff451f5cbef,6bf0c4834ac292b12490d7e64e304f7c
113337a93a9f08c56a2abff451f5cbef,af46ec946e8c67a34b150aacc40246f4
11413829356ecaff162998788417b7b5,1cf50ffccd227d713d1015553eda1a9b
117e9b7d5415d05cbe46982fbdbb3839,e35ff0604149e9e1e49acf4f8d4a42d5
11801a476145967097e6128260750b52,5d156c9d9ce92088c077a95ad0390bb5
11a13b57b99aa7cdf5fe152fe8130189,fd9b65588a6af492227fb2c446a7b21b
11c7a799bb3a3883dd3dffb1cd2d58a0,1d1c4a01732667d672bc39d515087bc3
11c7a799bb3a3883dd3dffb1cd2d58a0,423bb8307b9988e53a9909c89bb52f79
11c7a799bb3a3883dd3dffb1cd2d58a0,9a952f21a37098983ce11083e9718c0e
11c7a799bb3a3883dd3dffb1cd2d58a0,aaf1af8c95beed5c7c182383ee9ffa9e
11c7a799bb3a3883dd3dffb1cd2d58a0,b80167b485ac9d4eac15ea14f6e03320
11ff514bc135cfb155dabeefb566accf,71f7948e43de6527043795efcda80dfd
11ff514bc135cfb155dabeefb566accf,a7e1572597b75848e08ee6bf8ae4380a
1201d0f43aa9e26441395eb55e3f9616,63635d3c2583716a4af1b6b8f664435e
121f4646e08c271a5290456980f9360d,1846bb3d1fa19d41a0e4994096faa538
121f4646e08c271a5290456980f9360d,43f18e1813f243e051c5b8573b2c1373
121f4646e08c271a5290456980f9360d,eef7ab58691ad89d2b3d2b048f07a54b
12528cf90f4cbf7fcfb0ca7193019bcf,919427635102729d72c16e666c43b2ba
1265387fcaecc68145dfcfc99cd09b15,4d56f7f8acfba1b656f3b9d3739298a6
1265387fcaecc68145dfcfc99cd09b15,504e481682107fb13361cb852abf65ad
1271ed674609079282af3ea8ad85a5a7,b30823a7b0e2b115d070e24555923c3d
1271ed674609079282af3ea8ad85a5a7,bb17c0ed44019a06ad624bfcd7f41f9d
1271ed674609079282af3ea8ad85a5a7,ccd194fdc8a9fbb38cc2ac1b6628729e
1271ed674609079282af3ea8ad85a5a7,e2e4427f14f8a722f6100b1b1196a9e3
1276b0f918d372d2010c81947991bf1c,6e17e19072fef3b51e8fd51fa5c407ae
1276b0f918d372d2010c81947991bf1c,a5fcb5678ddfd1b6846405e9051d01a4
12a3c62b8082e770aa098c8ad1745505,83abc77239f6bd0bfd8224fb4c59156e
12a3c62b8082e770aa098c8ad1745505,b9f4cc4ebd7ebc9107a615126fe0c6b1
12c27ea972d40f60a1ed2b5c9ab3b5e9,d5252db222f9f21b925cbebe11e47710
12cc42b0dee93a09e83a56fc81ab8e1e,91d1782a00f3d48f903a575628a26805
12cc42b0dee93a09e83a56fc81ab8e1e,9b932c4d6cac5051ed9f171462df9c8e
12cfdd107db6bba477ad0e1e171b10ff,6bb356317ebc1d936f2c49239b0ee755
12d4e107d4bf8716ff8ed08d5b7b441f,5265b1926c963f3ce6e0d453e1c53c28
12d4e107d4bf8716ff8ed08d5b7b441f,8e247b76866ed8ad38555c16db080f68
12d4e107d4bf8716ff8ed08d5b7b441f,e9fcc0083760042f3b8e863f527f4f07
1323dd0fe2628ec7e1b995893ecbfd59,d617a2c1795879ad24ba0835798c5d01
1349bc13f49e3db848a4811ed4fb320c,d0d20784a416bc3105a1da4c44e9d581
13e37694785915c99f9c264e8d26362f,6b50361a6d76f1b56b40bfde7339e12d
13e37694785915c99f9c264e8d26362f,6c3154dbe38dc34062dcaf4dfaf62ad3
13e37694785915c99f9c264e8d26362f,90fab06cc01c24f9fc60a2e84cc96651
13e37694785915c99f9c264e8d26362f,c123e54c97cf48e03073d34ce09c1d89
13e37694785915c99f9c264e8d26362f,da4773f42684aa8198635477cf68ddb3
13e37694785915c99f9c264e8d26362f,eec8cdc00955761bde68e6f0dae2700c
14534024fc2cb589b791e167d0ee7458,6fd70b63efd30234160a6dbc0986ecc4
145b0f67cf90b635bb14eb2209d112a0,528f6af9c69c3984139a51a8a3f37d6b
145b4ed998c5f5b459b6c86690daf90b,1ff71ab08db280878e18563b49ea8475
145b4ed998c5f5b459b6c86690daf90b,44b75bd44f66841e8d285c47a74c76c1
145b4ed998c5f5b459b6c86690daf90b,a159c73968ebbc65ed84cbcdb4906a95
14702f1c342a49bf1ed56cfeaaecfebf,4585d4012678db376ef77e2ca22c5bc4
14777ff1a792b13bcc727aecc287022a,51a73ef0916db953ac39faee4ca856db
14777ff1a792b13bcc727aecc287022a,6bab80552dbbcc1d4e296726a8cea35e
14777ff1a792b13bcc727aecc287022a,a59dfebaf71d61b1015b984d6be41913
14859886115c2ded31db55c02f913043,6901531809dc0e341de5db809597b1e3
148fa35b9fd09e65f3ba987842ddc997,320addba0297d2aadf0b37b00b21dc95
149622e4cff5206be74e0730eb4290e7,59460fe3931e231ad009f6fbc8b106ad
14b1628c7764ddfbfe0043c0769102ec,9937d3250a95183b6db83841015b43d4
14d56d8a9d5e4b888b35691b4969f151,6828a0540c2dd2d987252d44d5f5d9db
14dc1af59389c75b32739a77a25dfdff,d4d08efdc1d9c27108568e6575dd9eb3
14f5511d1c43ed300d2e233431c41f17,2906db9cf00d71517445bcba80adf182
14f5511d1c43ed300d2e233431c41f17,6baff615c5e4a1c900ffb812ebfd8ac5
14f5511d1c43ed300d2e233431c41f17,a73d18a2d029f7a976ed5a5e6f005e7d
150e9fc5dad137fc43aa6a8b4c65b504,aa9ee0424bdfec0542665e8e1343b92d
15134f7faa014d586a4816e192ed1b4d,31b67f474b2fab96501e5653aa637273
15134f7faa014d586a4816e192ed1b4d,b2511f6417f44a54c21d7b9be48e09e0
15134f7faa014d586a4816e192ed1b4d,ca9a38d62b07e1978d66523d2b194cfa
15134f7faa014d586a4816e192ed1b4d,efb27db69d41551b6f38e30d37578fc3
15134f7faa014d586a4816e192ed1b4d,f94aa1ec2a5ff5493f80b730da1e56ba
152083295f1d29345c11af8bcd016a81,a5fcb5678ddfd1b6846405e9051d01a4
1528ed50fe57def310113b0d31843d96,1547691c1caed5ae5c4fff473677df70
152c8d7a2ed2b5c9e3b54dc1f6361e4c,9a4891a3f97c7a2414af54c625f1c093
1572bd3ddfc7d8be6ef7aadb613277ca,988d84e6bc6a71ebc14ebf5781cfe325
15753432180fb83a5e4a5da19a5474ce,56711e1b722b2788bfe122a438854e12
15753432180fb83a5e4a5da19a5474ce,a7bee3a35ca3a4eda3372d4ffc66115a
15857df9a855e798526e791a9d8fe66b,be65c8a29498138b6eab01aba69d30bb
159f755aeea90c4f11bd433ebcaf481f,3043d31895986f09d11e1921bee65b1d
159f755aeea90c4f11bd433ebcaf481f,6d6a12251fa4fb4eef4bd27623b72d0b
15ad68508f01e16336c04d1875c76346,973f1f6e1f0c4721af85d126fdfd958e
162fd3ad8d80d785575c5cac987699bc,52faf3d70ef0ad35f7fe5f2c49543722
163c1174c537674d7a03582948eee4c9,672be822e877f9d657919f7e2d8d5254
16ab6a8e7acd98c3b36cb89bed1044cc,43ae700bc5aeb11f531114f79c11eade
16c710adeb8a37588a6721f41da4cd82,85969ffded9b03601d5f3ebc8596810b
16c710adeb8a37588a6721f41da4cd82,b669fda170807fef36d5f7de39742e39
16f006eae338042c277a8cda423295cd,27c389d52b709bd6410902f4064d4b7e
16f006eae338042c277a8cda423295cd,592039845c2a0063a8fcdfde7a9cca37
16f006eae338042c277a8cda423295cd,6bfda613379edd38c4595d0bbb083eca
170121548810a83872efcfd633bd1d8e,190e3e7444bfea6326089f882997e109
17031766707a1834356030b7dbb73fd2,bf03cc0d11f6599be97ca32667bbe8a5
1713a3bcf6cdefc9a9bba776cb3d05c1,4536f8a3686c5242a62e06f76fac47fe
1713a3bcf6cdefc9a9bba776cb3d05c1,f8b768f1e987798968d529e28ab04771
172f1ee5ce3ba1ba30862719e4d72e37,77c3cce4e0009f9c64910ac6cbbb155a
172f1ee5ce3ba1ba30862719e4d72e37,c6d09c3bb2453a5e69778f0e8d922269
173a6a45c742adc28c4fa08f621a42e1,9d063fa66c5eec3248046747f82447e4
1767c1b00c90d55e8f4f83dcb049d772,ef79cafc6690601cf97469a0bbef7f27
17aec3270bfe0f98124981e4419cb360,408a68dd17cb0901953342089f8a6a1e
17cf2446d09ad137965a706ebd7df2d7,b979013f50cadadaede9e22ed4d254aa
17d8b076cf76feb681738f1b572a7050,41d3fede7a50a6d6f7bf82d8ae19ffc0
17d8b076cf76feb681738f1b572a7050,8c99a7e4581a17ad85d6308925e9b57e
17d8b076cf76feb681738f1b572a7050,ef3bcf6504c6bfc6d6f523d22ef03991
17dbf832868154b01bb6e3e726d0afbd,8d8a1b9e8c0982e7573751da356706b2
17e262a9ae09de1e19faaf27a774dbfe,533476f8e85431974081daa23ccfe71a
17e262a9ae09de1e19faaf27a774dbfe,6e1bae5c84afa296fb8926e3f8506368
17e262a9ae09de1e19faaf27a774dbfe,8d4621b1046e55716d81656779da3d23
17e262a9ae09de1e19faaf27a774dbfe,eb41dff292d68f4125bc45e96610e763
17feea5d90575d6b92e8f582e0890e49,7567e3796bfbd4bd593c132a216631fe
182738e58fc3a4a5ea732db03ea2747f,326338f657f50ad7f778ed38343e0e0e
182738e58fc3a4a5ea732db03ea2747f,5f2945ce66f30e505afea9397a12a17d
182738e58fc3a4a5ea732db03ea2747f,bb1fff9517465e697f26d3b2da83689c
182738e58fc3a4a5ea732db03ea2747f,ea8199565b57d879c3fb705cb9deb359
18422d25c2bb85dfc709b230fa2fbaec,f3abe9bc04009d49aec436459cdbc982
184f1b490a200a352319ac0079a36fd8,39f33a62f816f768b1ad4ff012566022
189296ddc2daf714e5dd7b774e1e9030,4657d471cf9c8033fd6dff77a0915786
1892ccf6d2b5e319e255fb7018346787,7f4adbf300752dc9e99a7804fed821cf
18ae5d9b0a191eab7bd3393e7c58b5fb,23c07591de2f8e738842b41e8f9bb73f
18ae5d9b0a191eab7bd3393e7c58b5fb,4bf6374dd32fe7ea6838afd9b968d3db
18ae5d9b0a191eab7bd3393e7c58b5fb,cd0b06817e5361b439ade6f5710f027a
18b3fa76aa2c503a35271ecce7816286,b5b911cf7a3034b2a68c232021051f18
18e50fe52289a10391823c01816745cb,bb2c539f1d84a84f78a78176618a0459
19533a42bd6e554aac53135481734b6a,b577ecc58dacc9ee2e2c353ca43bfb8f
19533a42bd6e554aac53135481734b6a,f7d74a1f3dbe2748a81b547a3e11fcae
198db6df05c8e70c73eb0b583d5274eb,83b403eaf518c37f0a2b74716b81483f
198db6df05c8e70c73eb0b583d5274eb,a66d74a579557d8992d4051eee566316
198ff1581f9605afe1302cdf818e6046,f3970401958523a63d8f0c82c3115a3a
1992a97d728c3750dbda70552d2d8d88,48af0a29e9517d8012711f3fd0145c04
199e252ba44eaafc0fc86409ad19f9bc,78f927e9a30525b27fb254c9c277e3b4
19bf469fb33340beda28522d42ccfa3e,1d10a4937773adc3915be8b4fc1ab961
19bf469fb33340beda28522d42ccfa3e,38b901547f010aa7c18fbfd367e159f2
19bf469fb33340beda28522d42ccfa3e,53cfe800d2fb1f74954c5e92c7353ed7
19bf469fb33340beda28522d42ccfa3e,fa528f8ca959d43b63c4fe52cc31c4b7
19ce33d4c2982ce596519391615864ac,54060a00c6c12bd9558e575ed414a99a
19d6f4fe03c4757ae7f2fd1eb35a062e,4849adf442ae5318601f1b81541946a8
1a11d195f0ca5ba77d6b80dc01bab6a8,6152992e3f18b14aad3013ecf81c178c
1a11d195f0ca5ba77d6b80dc01bab6a8,69f878715d32c81f0d63781edb2912c2
1a11d195f0ca5ba77d6b80dc01bab6a8,80c569c9594cbf986ee993730f920f86
1a11d195f0ca5ba77d6b80dc01bab6a8,d6181d340505785ab63a3d96211f5b7b
1a11d195f0ca5ba77d6b80dc01bab6a8,d7c8d668082e539c68a9752dd1a27b54
1a70c761737c7232feb667d1c45829e6,78d31b104fe0ce9c8f7a8dfeb69092b9
1a87be774c61ae7ec35f982873c663e3,46ec6b184880410f4a70f88cdc28f882
1aa8e7bfd158f637a7cc689768fa9358,250e46bab93b7eebd2b3f659bc277714
1b1f83ee1a301cac88322359b84dbd05,24b79f5723c649848123e31c4eee1735
1b1f83ee1a301cac88322359b84dbd05,48067dc4bde5c12c609cd441cdb7ec32
1b1f83ee1a301cac88322359b84dbd05,a2cb8b6cb369dc3de5d30f217b2a4231
1bb344d667b3609d6d2ab04dbcd45418,23d0881bd4036015b9fd8b1328e39189
1bced4ec7f7f42b1c45e69fca83aba77,c56928f7adfd96097bbd0ec7dc94f228
1bdde65ff03a2ec702aa9227e13d3c02,93bb0454dd6fca97fedd7a0a70c0a2d9
1bdfe2f6773a7201de8ac9b4adca53cd,2f656dd7f8508b07f294eb142e4a6f56
1bfcda46da664a46aaf160264da69e84,472630ab5c1a6393f79f1ffd62c8f50b
1bfcda46da664a46aaf160264da69e84,7188a6782bd0529f91f9aeb190293c75
1bfcda46da664a46aaf160264da69e84,b64fca484fc8c4677e361b6fd4724d82
1bfdb8297fa8e356ff02259f18050d55,92270de7e42b2ea195a358ca42733275
1c0d9e77a0692f673f406d53f78b1afc,c33e4bbbe548d5ce56a610c3e100b060
1c192f2d8919b57b4e34314a44182c85,1cfdbc29e6c7577c8d0f57e1efdf7f9c
1c192f2d8919b57b4e34314a44182c85,a0662f395cb6e30dc3117dfb65c15c25
1c35d30a13bcfbfbb7010262fe6b6123,27fddbfa4546d2d094f90c0a1fd08095
1c420c1b4aa05fd98147701fced3e0d9,4203db822f24f9912d6cef19eab4967b
1c420c1b4aa05fd98147701fced3e0d9,7b66166e27d2f03e270e64ff1625c009
1c420c1b4aa05fd98147701fced3e0d9,c7cc9cf1369dd1ce63f57de7ddc7fbcc
1c420c1b4aa05fd98147701fced3e0d9,f1a3b55265667545142e8b72b2a6fdfa
1c47a80871a0af10de3f8393187b1dad,9174bfe00aa33e02d6a9b92f1f45f9e3
1c47a80871a0af10de3f8393187b1dad,b2b51434467c9c5edf985727cde648c6
1c47a80871a0af10de3f8393187b1dad,d99b5345423aa7f7944219fae87b77b2
1c4d67edb5e86d7c7733e15357d47f37,8fac27e0091b98a336b4ef4da8b6dae7
1c4d67edb5e86d7c7733e15357d47f37,e27c951a2af85d6a001a03ee29384cdc
1c72aa73afebf2e36300c4bf159f2a7e,f75e02d1787420e5d1aaaa17cce6fcd1
1c78a64562cc684408b445713ed226bd,1d7d4955a5f9a6a593ce751bdf587a3b
1d10a4937773adc3915be8b4fc1ab961,38b901547f010aa7c18fbfd367e159f2
1d10a4937773adc3915be8b4fc1ab961,53cfe800d2fb1f74954c5e92c7353ed7
1d10a4937773adc3915be8b4fc1ab961,fa528f8ca959d43b63c4fe52cc31c4b7
1d1877e2f1c4262ad2c0225c875de1c7,ae37984f36c4eed84dc72032f6e43993
1d1877e2f1c4262ad2c0225c875de1c7,b202d00d1e7baaf0d258bc8aac7fcd33
1d1877e2f1c4262ad2c0225c875de1c7,b87c1e4a82a5510113051ed9d5485bcb
1d6bbfaa51c3f61d244fa19f68c6df32,b80167b485ac9d4eac15ea14f6e03320
1d7d4955a5f9a6a593ce751bdf587a3b,6f1c454c6c1fc1ecbb4d6437b6f7a719
1d87afa32d94debb263a1e5405200a94,bd9317df220cc7e64daf75141a28d912
1d8ad3e347002d145a7f4ccbbd4dd7e7,63635d3c2583716a4af1b6b8f664435e
1d9093411ad5b0276ce95c9d17ce88b2,9ed616cfddada7e47c1868ddc4e76e74
1d927bcb212093689fe2d4c587823dff,65449090cb0abb8273c106bc1da5508b
1d927bcb212093689fe2d4c587823dff,9905563e8c676a9f8fb4683f5dd12dbb
1dc21ae8b3d58b510f3fb4d78c3f2bf2,a7bee3a35ca3a4eda3372d4ffc66115a
1dd3bdf962548099df0c51b1cfc3abb6,2cb46ef9d5cd0a01627767750376d4f6
1dd3bdf962548099df0c51b1cfc3abb6,4255b057f9c8ca0c888bea9c43c9a828
1dd3bdf962548099df0c51b1cfc3abb6,668644bd5e3328fc9c0f5f37b281c1d8
1e6e72cb38c4ca1088b1545e32c4dfa9,592fd2b4761cb0a67a5c9cc9f7caf3d0
1e6fc40f9d81151367c1eb0576c25292,259c8fac536d5e2266bbb1e5812dd93f
1e6fc40f9d81151367c1eb0576c25292,90527e9820d1e0fc40fa33b9b410a416
1e6fc40f9d81151367c1eb0576c25292,a34fffb3d71fee60c9935cb02b8c944e
1e6fc40f9d81151367c1eb0576c25292,d7bd8d8af2a75fb4ec25809907733abc
1e6fc40f9d81151367c1eb0576c25292,fffb1ff26c1c718e47f576fdba3bd82b
1e9a4f18a234c3687b6b99daecc2f530,5997cda6c8d724e1ca35d7e840505e61
1ecaf850856ae505a59434eae7e95186,5552ffc584144173ac833bbdabcccf5f
1ecaf850856ae505a59434eae7e95186,8721992e59a224556fb90d5c80d952ee
1ecaf850856ae505a59434eae7e95186,bb91e1330cf4dc732a408894c760d6ef
1ee88fe7e0c087b29e70fbbd663797a4,439af8cf03ca260c75f23cb9462d849f
1f0406409c657820a33d150c82f1ddda,af58f295afd9aee5fb95bbdc41a554fb
1f0406409c657820a33d150c82f1ddda,eaaec12ec3030ac4e4df24951f3c5708
1f1abe3f4378698999bd75634bc9c0e8,e82a559b0743d60df94bb54f7e8bc61c
1f1abe3f4378698999bd75634bc9c0e8,f6ed98114e4cd5e3a6de5ff22b9ba502
1f1abe3f4378698999bd75634bc9c0e8,fd3d41b1f02155367ca29f2526216db3
1f293148b240561d1cc1793c7ba86368,56ad8823e4bab139058a690d6d4883fa
1f4073b05a9997ef2b0e55fb2ca24902,2d9f319145ef1f89b88c89731ee9bcff
1f4073b05a9997ef2b0e55fb2ca24902,fc0588e5eb0f7332a9d2b5c51f684b2e
1f6bc2b2d16d9fa4e76d322b3ba88499,f7055fc9a801de67d9dc5fd373e0572b
1f7f69b30fe7d79710b28b0858f64c9e,8e66dfa404d2f7255f29c9d20e241539
1f8470082859492c0cb0c87ce34d6af5,59460fe3931e231ad009f6fbc8b106ad
1f96da3edb9635117ad9e0b7da6e92f0,b742bc90f6388729a4ac8d197de218d9
1f96da3edb9635117ad9e0b7da6e92f0,d3c63d1c97da930ce2bdbff9e4dbb692
1fbed024f43b656046dec24a6b9fab48,f2d6236606db5b957650444c518504ac
1fc2b97466827aa110b949d74caed725,f3a6669712f1c5aefde40e984ce40040
1fc2b97466827aa110b949d74caed725,ff7a05ce4292c3ed4dc9818d5354b498
1fd1d463a99e4ece20fec06dc7bf2037,8854e606f429f6bbf47f9ac9f5e3b941
1fe5af68aa7e3169c5a313e394706f80,3391c52a655118ac356974ad4f9f3579
1fe5af68aa7e3169c5a313e394706f80,dc497069a55b26ece3de5e28375cc44b
1ff71ab08db280878e18563b49ea8475,44b75bd44f66841e8d285c47a74c76c1
201dbe0a7bbca3b5fb75ef5437c57cd7,8959316d2995e8fbb9e6ef8fa5089a5b
201dbe0a7bbca3b5fb75ef5437c57cd7,9d7cd564488251c19273d1f3a3baac16
201dbe0a7bbca3b5fb75ef5437c57cd7,c92ebd5a9a11a6284fec5f368f5712bb
201dbe0a7bbca3b5fb75ef5437c57cd7,ccf4888da2abc93b54e8952251e7b4d5
201dbe0a7bbca3b5fb75ef5437c57cd7,d461f6ae6d91084e021a6db2dfc6dde3
201dbe0a7bbca3b5fb75ef5437c57cd7,df017bffa4c71fc51bb346a372d3fcc5
201dbe0a7bbca3b5fb75ef5437c57cd7,ec5575f796931ad3eac439b9fe00b9f6
20262009220f4ed07e7d2e973e8de1f8,f04a48ba635c46ede69e488d976f0acb
204c0dbe2d6c468cc560c7fd5d3a13ec,daf692390472c452ad881ae5ceb98414
20527513d54d45dab8a9110652febb7a,e353825ccbbf58ccb1ed923b4461bd8f
207e8f51158aece3f13623f25a554f4b,67c331bd69b2755c2e8e8c4080adcab9
20ac1e5aecf0c294adca2c68aa980cf5,58ae79464bfdac7f92fd42d50928aab5
20ba653917c7adb7114fe4f137b90b4f,6e613ee42816c50e5aa2b11f1020b35b
20ba653917c7adb7114fe4f137b90b4f,95ed76cac7d076ac792eb6fa5358f624
20ce17c98abc5b10c8c4fc2db50f3903,3d12c500227fa8951143fd0080f75307
20ce17c98abc5b10c8c4fc2db50f3903,a1f3ebd19de385ee18d44af27d7747c9
20ce17c98abc5b10c8c4fc2db50f3903,aef85f5cc2be0fc841dcbddad4d0d473
21069cf15d94d1546013e39e271a8a9a,487722b0f5cf2a45a3e9fa850bc80346
21069cf15d94d1546013e39e271a8a9a,4d142136d159645a14305a16c4171185
21069cf15d94d1546013e39e271a8a9a,a63302d8f86afe18a2899fbda9407a36
21069cf15d94d1546013e39e271a8a9a,e2f121bf684fd63fcaf77d623dda266a
21075e0bb8ccea5946e5e020f60828c1,5a8cd96fe8c727f4d342c9832466e58e
21340afb3e1f9d1c1d1eab9590ffcfd3,2a480be21e28c4d811027baf074373b3
21340afb3e1f9d1c1d1eab9590ffcfd3,487722b0f5cf2a45a3e9fa850bc80346
2164f4201769b76f3e399992c5c12d08,fc3474782a65cdaba41e4bed261090bc
21740ec90abd5fd24396158afb59f3e4,55ade58446cd1436020f983803890f72
21a41f88fbb470eab3c50b456ac4d72a,e6fb07c0204da66566b8edfc0fdd05b6
21b1b5708d7595a2dfa3f0d479a2f83f,2caa3d9bca10098af6532f8fe1a7fef6
21c84d80cd4ce8dc8fce1a92a30e70ca,d48d52357f1b6d7e710207534bb60cf0
21e89c7190cd6b370bbff6774bbc815c,63635d3c2583716a4af1b6b8f664435e
21fbf9d6cd9165611da0947c2b7e53c8,c0ef302e1b45ca57fcfd359a901ee70d
22078cd8c82affff9a6e2dbf45932a79,22078cd8c82affff9a6e2dbf45932a79
22078cd8c82affff9a6e2dbf45932a79,3a01bc694c3fbb9329fac1792abe339d
22078cd8c82affff9a6e2dbf45932a79,e37765886052c5aacb9d118572a0098b
221474769e89beaa63579dd2b89201df,350a20fcd2ca78ce6d4a4b00d183ad41
221474769e89beaa63579dd2b89201df,44abdf8bb6d6902ca53ec7665205aca3
221ffcb0eb8957f44f0217e5aacca335,271f76e6e92baf627d03e6fffa87fa35
222270be33040d33646ff3b43e44e039,7710303f2a0090633ddbce1a97eda649
222270be33040d33646ff3b43e44e039,af29f3b80a0f6cafdaff07d61d9d90e6
2230972f5914c936080bbca080b00bad,8e172cb357cde5f6f1a6de802b5019cf
2244845c9e92b64f9664cd94a4f4a8a3,947ef4f358a115ea46b9a374dcf23e2b
2249b54009149b4b5183294582aefb52,5e0bb9f20f691a44dd5b96b4f1b96335
2269dc3c0a85d0cdb88dd731f940ab96,8c9ae9173042c30680e96e78177682ba
22780fea1d72edddd41f56714a78958b,ddeeb0b9a3cd5e8329051ee948d5fbe9
229e2220e27d9e7155ab3141542a398e,7dc2f101fd0058c97ec05ee4f6de3452
229e2220e27d9e7155ab3141542a398e,a6f236c4ba0da7180ed40bbf2761db6b
229e2220e27d9e7155ab3141542a398e,bf4d638b877f436a1c5b4c9a5705b341
229e2220e27d9e7155ab3141542a398e,bf9e77952b3083e1dce956a58eb00d7a
22b0e7af0c8fdf2de62af1731ab23f85,643f7a51750640fb5784a4abf74932af
22baae81451a0fac31e8e6b02d36940d,aa7d0f24ed80cc72f9377926ec6482fa
22bd9ed9b539b469c08f6580d7e18677,3f0e69be63641cec66108567351c7357
22d2a999882d848d8d4ab5529ff4c6a9,f4c3cc8d0b82b501cd9e24559fe968bd
22f5aa27293069b704c5c46c81448efd,c53102c1707c089a2bafe636bc2a33c7
22f5aa27293069b704c5c46c81448efd,d5d1ac3a738c071caab8382e87312851
2375ab08e25604cd3cbd52bd9e825d89,2774042edec4ad80e2763c62b8188eed
2375ab08e25604cd3cbd52bd9e825d89,5e756d88118d0e97d98fea163facbaab
2375ab08e25604cd3cbd52bd9e825d89,61198d22138923e971a98f15e013adfb
2375ab08e25604cd3cbd52bd9e825d89,ad1ebfae89e3b01aa863d3bd954932ae
2375ab08e25604cd3cbd52bd9e825d89,b36bfef6844a678a4a7c52b006a118a0
2375ab08e25604cd3cbd52bd9e825d89,badd783a102cab0f0c4a5e22d2c736c7
2375ab08e25604cd3cbd52bd9e825d89,cce7064d9c9dafd1f13187aeefd8540b
2375ab08e25604cd3cbd52bd9e825d89,ed43aeb087fa91c12ffd413e25f01593
2375ab08e25604cd3cbd52bd9e825d89,fcc0236804bc62ba5f10d7138cab8717
23760825e8b00452b8d7568583f55940,2ea140cbcbb8b8a78943465526e6a17b
23760825e8b00452b8d7568583f55940,666c534c53d59fba7e0739b99cff7b9b
23760825e8b00452b8d7568583f55940,788a1cdded1edb09066831ccfa139b53
23760825e8b00452b8d7568583f55940,9da2c0cd74961a437f521a8dce68c6ae
23760825e8b00452b8d7568583f55940,cb8ce96c2471ad2fe47208c1066bff41
23760825e8b00452b8d7568583f55940,ce8499dfc49169c44a736f8e927b0ee9
238ce06656358b443a2622fcbd6cc823,f1a40e41912262517cebff63236d6c33
23e9f175444038738b065fdfd5f5a6ad,636138fd1b0bcdcc3f4beae2dc6ceedf
23e9f175444038738b065fdfd5f5a6ad,98ce2ccec3761dcf6c603df2cf29b951
23f11ccd76e69d94dd63090df91b0595,6ca0733cc7ce95ec76a33b236fb64027
23f11ccd76e69d94dd63090df91b0595,751ba84d53396c58cd8ca4ce0de0df62
23f11ccd76e69d94dd63090df91b0595,a83356b89a1d7803840e448cef7f5cca
23f11ccd76e69d94dd63090df91b0595,d0b5c281854a6c9fbf478bee8ab964e9
2426d403598c55c2eea6f3259fdc6876,2e357bff860de7fb6bfcc11eca012af5
2426d403598c55c2eea6f3259fdc6876,cc9273f8006d117d7b170ef57286d654
2426d403598c55c2eea6f3259fdc6876,f0f0127595734b9895e115ce34f5653d
2426d403598c55c2eea6f3259fdc6876,fda1d2492169a08640185ce1247a770b
2442112d7c5696aaa2527515f77bb3de,26c6e86f59e828058fcec4031845f990
2445137b2a9708a3734bf3f1d185ef72,fcaf944b704620c0d045d1223ec21ad2
245e2fd9fcd3d842c1aa11d605f2451b,41b4c6c3c6b1d2b13bd5d2c07646b860
246f4412165b321627c2fc7a826e3a40,559c00203fa4bb3f7616b6f09dbf0127
2492d19a934993a88029099244a36530,2770fcd9aa016a219dc1aab77fc2cfe5
24a5d08a0f812d7c9f7f512db30809f3,6daee3b8622de5624cb9202d6da2125e
24a5d08a0f812d7c9f7f512db30809f3,8b251ea7b29e0423895e1352c5b348f5
24a5d08a0f812d7c9f7f512db30809f3,990d0b2e7701ffeceebcd8ea3c255360
24b79f5723c649848123e31c4eee1735,48067dc4bde5c12c609cd441cdb7ec32
24b9b3f2cb7e3798949be0a656780c6f,628ad12e38af6adf284248f68be735ac
24b9b3f2cb7e3798949be0a656780c6f,6cdaf956264731a363d234a854874818
24beb9eec8eac852aa2c499512138893,9df45bd02e251dd134f94d58fabdbf07
24d322c26da862d60b0c80465a75a0a7,4e9ef2207afa4c6357f3403d9bf402dc
24ec2c8ec53e9c38dfad31f5b95cb956,27c389d52b709bd6410902f4064d4b7e
2505dc9e9b1f0bb473c1ac6ebdd3383d,746f42f308b6744a202b338f25022a9b
2505dc9e9b1f0bb473c1ac6ebdd3383d,963638552aecbaf544648d434b693635
2505dc9e9b1f0bb473c1ac6ebdd3383d,fa8a5ba0de872b75eaafdd42b90fb434
2505dc9e9b1f0bb473c1ac6ebdd3383d,fb56b8b200a9866d5a5577e16c817de0
250e46bab93b7eebd2b3f659bc277714,c84d5f86d9b7ec70ac4ad6dd9d9c70c7
25358373131b65f5889d7977a70c99fd,584ea982d268c6d43ca558766d942efd
2540f99de5f5575a9371556300fcef14,63635d3c2583716a4af1b6b8f664435e
2550bda543b12b47ed9cf58c8746861c,3a7b2e03cf8cc2290e2a9a6f256bd472
2550bda543b12b47ed9cf58c8746861c,6cf7f0ad33b5e1f7745a776687939393
2550bda543b12b47ed9cf58c8746861c,93bb0454dd6fca97fedd7a0a70c0a2d9
2550bda543b12b47ed9cf58c8746861c,a103ba868b42da9848c95c1f0b93ab30
2550bda543b12b47ed9cf58c8746861c,e06e0ee60dadd2bef960edc7f60b6dff
2550bda543b12b47ed9cf58c8746861c,e0d002f6b3885552c50e368837b58b50
2550bda543b12b47ed9cf58c8746861c,ec798a6eb72d082c32cbe0a1f72bec5b
2550bda543b12b47ed9cf58c8746861c,f39c410805856970849b9fc0772ae260
2559e4cfe7f8ab443178e52ff656b877,d2a166e9de739361194da3c190d19ae0
256f45b1f5df9f5f36b1cda64532346a,87a408719151304841508d95466cecba
259c8fac536d5e2266bbb1e5812dd93f,90527e9820d1e0fc40fa33b9b410a416
259c8fac536d5e2266bbb1e5812dd93f,9cfa2f3fc47d75c9c7c47e3c6bbebe3b
259c8fac536d5e2266bbb1e5812dd93f,d7bd8d8af2a75fb4ec25809907733abc
259c8fac536d5e2266bbb1e5812dd93f,fffb1ff26c1c718e47f576fdba3bd82b
25a904324dc147d4b0f736b268430191,df1787050a4fb107ea2645046b29359e
25c586682849f4f35068e3d5b9ee1263,38153151295d4459d15e9f8b5e8d979a
25c586682849f4f35068e3d5b9ee1263,45026911132bd6229d33fa4563950da5
25f526813c4f28742a27ce3619101d16,b1d924147f9c57f8469dee6ac42644bf
25f845c9f09ed100153443c3120ee000,93375244209edd24f9b74a1c8363e5fe
2627bffd11613714bfdd75244a7f277c,96a28b3b71969a7299be90f237c24fe4
2627bffd11613714bfdd75244a7f277c,c1e33909ca4e1d7aff1590948fad9e31
264e17c9a04c266b2629ccab91e678c2,40487646a2d6ce45186f20e0dc6eb430
26530343901fd5a60133538bcdbce6bb,5773cb324b91b989104109a175e2b690
2668c9b7ec76c2e1d128df31e527eaf4,f06f0652c77d9c8360aea0dd91ba7d51
267f53072f67da519a4c59bcdf368266,a7357c8634b274c5244b65e4b8a49e1c
26920fca41bf674592bfb8c7c9a2551e,3daabc2a140c6e1b2b99ba73c9093e5e
26d65b442c9e410ddd6ed829000f90bf,8039965da9a28d203f5a8a7e8b827d2c
26d65f3bb744aa9c536b986cd903f32e,9d85e9507d1127776a812600b4581c60
26d65f3bb744aa9c536b986cd903f32e,f659476cd0d65a68dfa7f08797b5249b
26e1f9c130238a1dd70340a42c02b981,b1d924147f9c57f8469dee6ac42644bf
26e75a9eef7cfba8dc8405232b3ee992,904a79cd1270daf8719916e581b3ed5b
26e75a9eef7cfba8dc8405232b3ee992,d4453b416b28a1c67c0af474e2958abd
26e75a9eef7cfba8dc8405232b3ee992,eff642245681576e7e5c03ef51a2c418
26e75a9eef7cfba8dc8405232b3ee992,ff117305b9255f073e7859124b602686
26edcb3ded94b2b25ae9fe536bb7fd01,90527e9820d1e0fc40fa33b9b410a416
26edcb3ded94b2b25ae9fe536bb7fd01,fdc5deda61d6ac41eeb219d3512bc48b
26f07ad7b0c57749cd0aa9fb4d817fd7,9cea019cbf2fa1ffe47a8fdade8775c2
26fd71779431122a1ffb30357c6061b3,aaabc6c48bc8e4e079bdc48eaa935edd
2706b8bc382e9eff9ac9a051ece2d70a,bd66c69062bfb5785904958ec60d9012
270833e97710ef2a2f38f9910b440092,973f1f6e1f0c4721af85d126fdfd958e
2710b68a57ff338ced5bd5340aa82986,5ab81ecfb36c6445588fc4e0e986d7ee
2710b68a57ff338ced5bd5340aa82986,728a37dca8fef9350b51c215fb596363
271c19d618956b3d7642b1260e80b3d7,3d427c2ae093a49319915e531f94a19f
271c19d618956b3d7642b1260e80b3d7,d4d1c614ab55658b6e26ecf353ba3409
271f76e6e92baf627d03e6fffa87fa35,45ab8920bb3f85adf4717a2ebdb56ec8
271f76e6e92baf627d03e6fffa87fa35,9c53eaef8f7066fbb7981140f9f0c162
27266840e39d32f014b47f4bd7bbd41f,ed5fca0a71332285e368613ca8a892b5
27266840e39d32f014b47f4bd7bbd41f,ee1ce9617e84bb95846d7c34dbb5bec7
27693123aabd55610e73137f64b52aa1,a805a84c9a9cfd1ac6104e80bc18a026
277d89e3905181e0fa4aa106e12e6feb,f3735463449ebf2f0c7a6064c44a4286
27a421942ee688922723b991835de196,bdf2b42baeea4c2eaa6f74dc9af1a786
27a421942ee688922723b991835de196,cf5be113c958dc3bfb872a6ace26ec68
27a421942ee688922723b991835de196,df36b624704f784d846344c74ba383e5
27c389d52b709bd6410902f4064d4b7e,2e357bff860de7fb6bfcc11eca012af5
27c389d52b709bd6410902f4064d4b7e,6bfda613379edd38c4595d0bbb083eca
27c389d52b709bd6410902f4064d4b7e,cc9273f8006d117d7b170ef57286d654
27c389d52b709bd6410902f4064d4b7e,ce97dfb66e6f4b7076164454bee42a54
27c389d52b709bd6410902f4064d4b7e,fda1d2492169a08640185ce1247a770b
27cff0a39c716781cc2db929a82ebff6,f20bf53ccdd48f6a40c75cb97498af65
27fddbfa4546d2d094f90c0a1fd08095,34f31a85bdfb8627932292b75fd630da
27fddbfa4546d2d094f90c0a1fd08095,474e1d6e985482cc2d16d1356b728c77
27fddbfa4546d2d094f90c0a1fd08095,8cad7cb2b43210f5d783ccd5c767a2e0
27fddbfa4546d2d094f90c0a1fd08095,bd666cb26ae417d7c92c2824d6b504d6
27ff2e19edf094f5897ddb33f163da6d,bedac2f74b0b7fc069dba485e0a49a02
27ff8b5144f82cb938cc5f07c2ddd1ef,4fe16b47642de759f9515c494be65d54
27ffd71c251113be0084b820df491a1a,bdf9754ef04845f4fb87ce70726cbba7
281e9aa27b08e8c215f6f54efd7b6ea4,9c36b9c350672f79168a07ef91c092f5
281e9aa27b08e8c215f6f54efd7b6ea4,ab0f2ba0426ae676c6036be60873d337
282998bf326bfcbebe518b112574e1ec,b2511f6417f44a54c21d7b9be48e09e0
282998bf326bfcbebe518b112574e1ec,ca9a38d62b07e1978d66523d2b194cfa
282998bf326bfcbebe518b112574e1ec,efb27db69d41551b6f38e30d37578fc3
282cf635c89691a4977261d9f5b3e2ba,296b2d10ff5dad7fa17e784c377f3809
2872a9b47a14887827b4cfe749d86a75,54a523be333cd345ae5831c6e74f05a6
2872a9b47a14887827b4cfe749d86a75,786d3384132fbdab936acc99b59808e8
2872a9b47a14887827b4cfe749d86a75,96211d92c1d2ef20a209423a221e874f
2872a9b47a14887827b4cfe749d86a75,ea8d9aed576beb0e7c8d1703071c1562
2888a634397e04e3a2b9c7df57137702,4f06368130f3315fccccb862375d2f36
2888a634397e04e3a2b9c7df57137702,6d93a19b60be441089db9195740f8873
28bb1703bb4880948766dbd641863013,904a79cd1270daf8719916e581b3ed5b
28bb1703bb4880948766dbd641863013,d4453b416b28a1c67c0af474e2958abd
28bb1703bb4880948766dbd641863013,eff642245681576e7e5c03ef51a2c418
28bb1703bb4880948766dbd641863013,ff117305b9255f073e7859124b602686
28c8bb851957935250364f2c692ac46f,471748ada17390eb6a4bc445d67eff65
28c8bb851957935250364f2c692ac46f,beffbb34540d20e3cba8e9daba738e66
28c8bb851957935250364f2c692ac46f,f49ebce3c57c9a4941b7a4c492f61868
28d9229e2ff243f368e356b9e266dcc4,5a159732558be3eded28b1aae70058a6
2906db9cf00d71517445bcba80adf182,2a273b58f5b3c15c94af02b77b24ae71
290e8eac79c0df40f0833c6503234c94,4bde454e2c50e48a6b0d7d340aaa936e
29348907e577ed64799938a616d4aad4,4821a1879c97391e0d4f4c9bcd296fcc
29348907e577ed64799938a616d4aad4,546a2d013c5442e8994b96e45798cfb3
29348907e577ed64799938a616d4aad4,5c954163a01ba1ab8cd91a053d8c3239
29348907e577ed64799938a616d4aad4,8fa0b631f6c012830e1940b44d8c4a4e
29348907e577ed64799938a616d4aad4,de3c6a7f77318c8eebfb9a33e8b6f628
2956cc552585ae4dec99a18f57058445,329bc2a1bca7db071d93bc64df3cc5ec
299c702a0cdeaa3ef7afd644dbce29a4,33df79499d568ca239082a9c78b659ea
299c702a0cdeaa3ef7afd644dbce29a4,b096405376b84c6ad0968f0a3472e518
299c702a0cdeaa3ef7afd644dbce29a4,dc31fa90806b252c34eea3bf0f2d6f0a
299c702a0cdeaa3ef7afd644dbce29a4,e14556235dfad5570e44bb1db0b7d956
29bcab83f66c4fa5a48e93e996371c61,329bc2a1bca7db071d93bc64df3cc5ec
29bcab83f66c4fa5a48e93e996371c61,a8e338b6acf56efddf9403b8bbcc0fde
2a273b58f5b3c15c94af02b77b24ae71,38153151295d4459d15e9f8b5e8d979a
2a3b11f88321c348a454aaacb79f62f2,2a63273053d67e43aa56c0705a8674ec
2a7b27d4551eae9008b37a243820bbb2,ea13143c2c4235089aaa7aba352b7c7c
2aa98f4591216c836a3cdf8087c74691,904a79cd1270daf8719916e581b3ed5b
2aa98f4591216c836a3cdf8087c74691,d4453b416b28a1c67c0af474e2958abd
2aa98f4591216c836a3cdf8087c74691,eff642245681576e7e5c03ef51a2c418
2aa98f4591216c836a3cdf8087c74691,ff117305b9255f073e7859124b602686
2aab90ca457f7f0acc02734041b0355a,747f01d7aff708066efce29d9c1a36cf
2aaf202180c32e85a786a74cb16ca5b3,cdc64013e8fc2e91738049619b704220
2ab3e83009d0269828b6037d38378b38,329bc2a1bca7db071d93bc64df3cc5ec
2ae27c51edc16f43e9979bf840c11812,ce38a5e3356b083432b6d9e4ba8604e2
2b14e0013700eec9f400f233dbb541a5,bfdbf32802599d560fd701ecc48ca19d
2b594ddfcd8c79aa2f647f60f0e05491,31b67f474b2fab96501e5653aa637273
2b594ddfcd8c79aa2f647f60f0e05491,5be34dadd6c8c8b92aad4a26821f2cb7
2b594ddfcd8c79aa2f647f60f0e05491,ca9a38d62b07e1978d66523d2b194cfa
2b594ddfcd8c79aa2f647f60f0e05491,cb127124392965eed7e985fcb78ae611
2b594ddfcd8c79aa2f647f60f0e05491,efb27db69d41551b6f38e30d37578fc3
2b594ddfcd8c79aa2f647f60f0e05491,f94aa1ec2a5ff5493f80b730da1e56ba
2b6631045e313b797d84027422211bc6,9cb0342a91d0455b4cb5a0ba9a0e2104
2b7340323fdef71360eae8275fe0413a,473d314f066b41dbd565b9aed27cae9f
2beaa6aa5e75610953c8d59d0a17988d,cd4e6ad4c7e03e37b0f9ead96c2c45af
2c39f74c52a672abf7bd4cf8bef928b6,4b1dce48b6ba3af8d9f57a0af68e536f
2c39f74c52a672abf7bd4cf8bef928b6,5b95934a30c88d47527062ed1ebb5f86
2c39f74c52a672abf7bd4cf8bef928b6,a26125ddcd8dd3ac8f1556fb735f815e
2c39f74c52a672abf7bd4cf8bef928b6,bbb10f4a23f2c9dbe936570571d11fc8
2c39f74c52a672abf7bd4cf8bef928b6,dc3d9268a0548f0f7c4b5226c415a359
2c39f74c52a672abf7bd4cf8bef928b6,ea5424f299d585f1d28d1806fabdcfae
2c39f74c52a672abf7bd4cf8bef928b6,ed42c095b4f5f6b25016b55559ba8760
2c4e3abd65ff2171210215b0b5adc3be,65cfe8b21f910423b0dafa8eac80f7ea
2c50b9b9eeab26f3af5bc4c217b8c398,68552b41099df703c708dbaab64d3f8f
2c50b9b9eeab26f3af5bc4c217b8c398,8d48db1c54941f9369a10683a6c1f51f
2c50b9b9eeab26f3af5bc4c217b8c398,b672e51de2951608fceaededef64c0d4
2c8122f3ab79da4502f318b54afef70d,426e67c84d1c8ae5b485e7c0d8e9b1fc
2c8122f3ab79da4502f318b54afef70d,6d6e2ae4e62e70cb89f5af692ae0e268
2c8122f3ab79da4502f318b54afef70d,71623449141570fa4f2421b75e835119
2c8b7bed9b033a53d36dc376ad632f24,5191a946205c08dc863a967bd7dc9ae4
2cb46ef9d5cd0a01627767750376d4f6,4255b057f9c8ca0c888bea9c43c9a828
2cb46ef9d5cd0a01627767750376d4f6,668644bd5e3328fc9c0f5f37b281c1d8
2cb46ef9d5cd0a01627767750376d4f6,77b7f314b27c57ec7972cbcd337f4c39
2cb96276f614852cb32534ff88ee1604,d39a5569897df35095b521039b126f3a
2cd773012a1e9d2015752b0afd59f976,d764eb661532773e3c22f00d0768cd91
2cd773012a1e9d2015752b0afd59f976,ec1b4252a8cba4fa5bb0680e8a758b1c
2cf3124add3cd698b8936a2d4f5e362e,e47dda388a423ef11537b76ff1fff398
2d04946fd908dd306ab7652fb12ce485,cc34617111c1728836ae08cdbadc6ebc
2d16755afd15d6be4a80c65864f18f30,778f108b4c5084d7d957c7ebff6636f1
2d16755afd15d6be4a80c65864f18f30,e50d9a6ce2873731ef0797900d0bf752
2d344771a1c59caac58eadeaa0524207,ddf7901bfbd942326c1a2f57860031aa
2d49d705979ff4dcd81b4f0f3f7af373,87002e16a03f5f155334ad1873320bd2
2d4c183a825d89a4e1b786e7f68c9d49,e1c231516fb595fad01b118898653428
2d82b896827625c34cbfd585eeb45f1c,a49ed780c08611036f36433cd6185bdc
2d94994f2553a1c57c25aa8815c23dfb,bc24c62e31d3f2a7e41c2265ec5a8de3
2dba205620ea84ab92d59514431307de,bff1995f759cc36ec4a27f30a7fe7b26
2dee2c764a611dd8d0174175f2dd8e04,4aa93a71b78e61d2a40370ca31416054
2dee2c764a611dd8d0174175f2dd8e04,843a7ec01842200f1604dabcdc06d412
2dee2c764a611dd8d0174175f2dd8e04,e72a7bd4b73a45eb56c3a926e8b2aab7
2e05939f836c5f661ae9ef4527a4da76,8193e12e2397eeba22cbafb310ad7f5c
2e357bff860de7fb6bfcc11eca012af5,6bfda613379edd38c4595d0bbb083eca
2e357bff860de7fb6bfcc11eca012af5,cc9273f8006d117d7b170ef57286d654
2e357bff860de7fb6bfcc11eca012af5,ce97dfb66e6f4b7076164454bee42a54
2e357bff860de7fb6bfcc11eca012af5,f0f0127595734b9895e115ce34f5653d
2e357bff860de7fb6bfcc11eca012af5,fda1d2492169a08640185ce1247a770b
2e42728a4a7a651b1357b9d176dd001e,72c173d4bcaa0b02eb36bba3293e81ea
2e42728a4a7a651b1357b9d176dd001e,7b93e618e378a61f2666055ef1895f10
2e5b9a687173cc794367eabf132da17e,bd9317df220cc7e64daf75141a28d912
2e7a324e39a9a48febdfd358bb6f5a65,9eeb98c1c6969682090c2002cd43e25d
2e7a324e39a9a48febdfd358bb6f5a65,c655d568e9a06e1c2521f2efd931af99
2ea140cbcbb8b8a78943465526e6a17b,ce8499dfc49169c44a736f8e927b0ee9
2eb19a046faedd43bea0698ef30e9c40,3947ef6dc0925bb60cfdbc264d6aec1b
2eb19a046faedd43bea0698ef30e9c40,52db13845c439e4308f4d06cabd38413
2eb19a046faedd43bea0698ef30e9c40,59d1eafaa2e931333edc3633a71068fb
2eb19a046faedd43bea0698ef30e9c40,feec86d9323af0674a4e3df60ff22bf7
2ebec6cb23aeb2ae4987eaccbe0ec769,7b701cab4dbc63a4334a3fe17eae0c59
2ec8233f234c461655ba87c1e3a30e4d,d1e2ad11629d765988673c0f6723868b
2f47519f1ac60442e2a93e61053f3a5e,7d94c4254058da31f1282c3341eb4037
2f4bc0fa68121bac467e6d42ca36a193,874fe8158bde767cff0d49d209e0b3bb
2f4bc0fa68121bac467e6d42ca36a193,bb2c539f1d84a84f78a78176618a0459
2f59a8ea09ff14f98a7b6abd711e219c,9612d047d219df9ccadf6a936fa20b06
2f7081943d290a88f0ae834dd00efac0,e9f85d11284403adb130924babacc4eb
2f808024141a33217b6fe76f6c71c34d,af58f295afd9aee5fb95bbdc41a554fb
2f808024141a33217b6fe76f6c71c34d,eaaec12ec3030ac4e4df24951f3c5708
2f993488727895b89da3bb29c18f8239,51f1f72ee3b555b7b8cbe7ecb0a78269
2f993488727895b89da3bb29c18f8239,5bab2b801a9ce6b221c1c4d059b62ff6
2f993488727895b89da3bb29c18f8239,64f1571ff1f3eb71e805d61a23c42c47
2f9b7e0bef80ff7cb513b1bcc75336e0,58f70b2656aba520367493966ef31560
2f9b7e0bef80ff7cb513b1bcc75336e0,6b3d4249a121b219cdb429ba577f5ab7
2f9b7e0bef80ff7cb513b1bcc75336e0,84869f07cc36a7dd1bab34bc6daf96b0
2f9b7e0bef80ff7cb513b1bcc75336e0,8d6d0e76c331d287eb9e3a6243dbf6d6
2f9b7e0bef80ff7cb513b1bcc75336e0,ddb14232c61544c9923728d7de8d11fc
2fa19d6f5794a7ca127186fc18023236,3e24060952ee75800227de0d284fcdb2
300e093c0f41c01559edafe41aef5ab2,ba04b7af11925e4ef3bc4134e5f6f820
302e23ffa62ceb695c02cfb22cc626f7,d30699709caa702e329087c015ace411
3043d31895986f09d11e1921bee65b1d,4ac3052529ad9ccbbf3739ae3117aac3
304a4fd17d49ae135d282f345ae149bc,c8d3cdc9acef17bfa3ae2c6bf850299a
304a4fd17d49ae135d282f345ae149bc,f1b186198d59c4a26e1f5ab48ff76ce1
3075d9e6964f7de412c1a97221b15191,8501d032ec29b5122c89a808e0edd542
309c86c51c9184eb9eba7f2b0b91a022,ffbe38e164095c27bb266cc11a0a4f33
30d2d011f861bf1e93a97fd67f0466fb,64a644ad78449bb96199c39a4e96b7f4
30d2d011f861bf1e93a97fd67f0466fb,b096405376b84c6ad0968f0a3472e518
30e27ce76b7308c267f387c5d4322f18,568d7dd2136cad97fc62b46f35fb5928
30e27ce76b7308c267f387c5d4322f18,ed65a5259ebcdf88297d8427fdb83bfc
30e96dc28b821879c63bf9c7e096a6bc,4ebaa863e85559d586d3d6c02f5f54ec
30e96dc28b821879c63bf9c7e096a6bc,55a366aaac0bbec1449f8b6fbe5254ba
31429cc2addbad84c8a4f9fd0ae0cf9f,6dad4e2a472555b2dd02ab06a08de2bd
31429cc2addbad84c8a4f9fd0ae0cf9f,d07c12dedf69029dfeb37ff7ed7b2364
316f0191976e0b536a517d126efcc9de,5b58b0675a936ef90d92013bc5d48ee8
316f0191976e0b536a517d126efcc9de,9b6635a717de289bafc0b330afdb089f
31783f53bc42a3d05eaf5ca3541ef6b4,71a9b4a726e853d0a572ecbc9cc5a4a5
31783f53bc42a3d05eaf5ca3541ef6b4,78a9e1b3a0fc3f3a18bb94a27587b147
31783f53bc42a3d05eaf5ca3541ef6b4,7b0f962c79a73027d9781d9a961a91d7
31783f53bc42a3d05eaf5ca3541ef6b4,bc94858259eb423f10a37da22d37ec8c
3194668eab174e9f2cce667b6d39e01d,5d72db77e48d52821c1f627f04cd2025
3194668eab174e9f2cce667b6d39e01d,9b49c9052ac5a26468967291dea8f9b3
31b67f474b2fab96501e5653aa637273,ca9a38d62b07e1978d66523d2b194cfa
31b67f474b2fab96501e5653aa637273,efb27db69d41551b6f38e30d37578fc3
31b67f474b2fab96501e5653aa637273,f94aa1ec2a5ff5493f80b730da1e56ba
31bf5c44a7fa5b7405e4c15d9c480c23,386b901105b670e2cf3a84ee673934ac
31eb4b0fd4cf5d1543393954743650da,6326941ea18ec1ec06db42cc6c710092
3202476a87667fc0b3849ec9e434d4b6,a5f9cec27bf84086bfd783cdb975845f
320addba0297d2aadf0b37b00b21dc95,c2053c60f9ff8dff6ee4917cac579c43
3212ba6be23ac8debf67332019d1b917,36d592a320dbe1ccb7b28ec549192415
322d6696a681bf82402060f0c86ad1a5,d475eee598a738396f0e6fbfb0a3e14c
32478aeeca1dc5e678f3a7c8f8d0367d,4f52379a8a06b9ea42c411c66ce4a7f3
326338f657f50ad7f778ed38343e0e0e,5f2945ce66f30e505afea9397a12a17d
326338f657f50ad7f778ed38343e0e0e,bb1fff9517465e697f26d3b2da83689c
326338f657f50ad7f778ed38343e0e0e,ea8199565b57d879c3fb705cb9deb359
32731a9663e630a286babcca8e6f4ff4,860426eed0c2484ab6a285a03552da1f
327e293e42ed4bd5f58563e1e9963686,8b1512b7f4762b47513d90e3dd3ad082
3295912fa9cde17b0d9bfd814c18eae6,5385503e3793516a8a7a092804578749
3295912fa9cde17b0d9bfd814c18eae6,f9ed75ed379b17ec652c0267141ad268
329bc2a1bca7db071d93bc64df3cc5ec,523b2643fe7cf6f031aea8a18e7ef357
329bc2a1bca7db071d93bc64df3cc5ec,5a1900c0ad63b50ddc2fe333e6939fa5
329bc2a1bca7db071d93bc64df3cc5ec,b9193aa2fa77b952db6f429fddf1446a
329bc2a1bca7db071d93bc64df3cc5ec,da28359e4adab90694796ba1c9b6547c
329bc2a1bca7db071d93bc64df3cc5ec,e55dedc1d16c8bbfd3e095ff7ec6f485
32a5b5478e85dc3764c6b99d9d588ac6,cc71f7b4ecf908727f06927ab24f5a59
32bf60f74cb051ddbedb68337cec6222,478793a9bf7cca35e4afa74719daa0eb
32cf2db81f99be0d9abf020a433a263c,44d6c7f10b3acdcc34bae904900e8b58
32cf2db81f99be0d9abf020a433a263c,6daee3b8622de5624cb9202d6da2125e
32cf2db81f99be0d9abf020a433a263c,9d3a03ed4ce931911ed7314a3abd7d10
32cf2db81f99be0d9abf020a433a263c,9f0f0c5dd609b57f8a8109c8919bebd8
330050041c2c4cfefcd25e89dc32c9ba,c33e4bbbe548d5ce56a610c3e100b060
3305f1d3a0407db75a3f742347fd9900,532f3f3eda60a8483fde1301110040ac
3321fdabee0caaaffc5653aeda6f4b5c,5bab2b801a9ce6b221c1c4d059b62ff6
335cd223ba57dec2c1be5af20ad88ca3,9251c08c11b6717ef5407ec063112e8b
335cd223ba57dec2c1be5af20ad88ca3,e1ac6bde4d5625a16f324ecb31e24fbf
3375149a0c82a027951651894c858088,49f92223683a325250c221e8ee16af10
33809a22da20cc1efaf2cca5d7c06027,4849adf442ae5318601f1b81541946a8
33888be626962fde624a6d12550245a0,e23b0827be60d9992f88a4dbbc2fb76a
338a9759fc6ab33f9c13459c1b82615c,7f492acc2e4c4622e78b2f06bc68623a
338a9759fc6ab33f9c13459c1b82615c,9fe92e4bea579f521cf0bbe4a1193671
3391c52a655118ac356974ad4f9f3579,9e7fe6485991292c3c11fad1425de165
3391c52a655118ac356974ad4f9f3579,fc7eb120aaae2768fb1b067555f014a2
339d9305d6fc9b057bfd55954fe27a8b,5e0bb9f20f691a44dd5b96b4f1b96335
344d1cd7bbc26268047edcbfb392fb2d,d4453b416b28a1c67c0af474e2958abd
344d1cd7bbc26268047edcbfb392fb2d,ff117305b9255f073e7859124b602686
3481b0ca35b8eb7a2a8fa0c5b47ad69a,67f6d70cd87addfbef502af1855ae725
348f0f14f36bed76511c37b76ba3e5b7,551f25a00b1efaf9b4d745aedbc83919
34a4c4dab721a526fad088051d59be75,9d063fa66c5eec3248046747f82447e4
34a82bfeba3306ef7588355d567a1ff6,5573e85bd4230dd27f5c61acc28426ad
34a82bfeba3306ef7588355d567a1ff6,6ba8c63a439c2f4944dcb8632b9b39be
34a82bfeba3306ef7588355d567a1ff6,7790628068a7fb0afdd99ab2d1fbfc6b
34a82bfeba3306ef7588355d567a1ff6,a02e9be6ec1cb4b6fa52bbfc96cc24bb
34a82bfeba3306ef7588355d567a1ff6,de515e1d1149eaf021867d131841a5fa
34a82bfeba3306ef7588355d567a1ff6,e19a1d89a33dcb77d253a18333240d0b
34b9f78551a748416dfcdad62f2fdf7b,5521ff8f62f8442de784c8f43df5eadb
34d8f7c5876ff6225bafc81cc10f0f55,c86a462a0a5530ed0f6e41ac3fb63955
34d9401e8184f5d0d07488d8b05255ae,e1c231516fb595fad01b118898653428
34d9401e8184f5d0d07488d8b05255ae,f72fdb2d54eaaa64c3aae45398cf3024
34e27b732b4e33b59e43d9c0afee2edb,e9f85d11284403adb130924babacc4eb
34f6abfd0cd58ff37cbb81e7dd869e8a,48bbf8afaad3f5bf17c203858d93ce9a
34f6abfd0cd58ff37cbb81e7dd869e8a,aef58b10937fe72e7326a6ccc78fc20f
34f6abfd0cd58ff37cbb81e7dd869e8a,dfa66808ef670e90702f3f0b346e3e86
350a20fcd2ca78ce6d4a4b00d183ad41,3afa96e8c2381d3406358ba969a4222d
350a20fcd2ca78ce6d4a4b00d183ad41,3afc8107e47c0eef592e7a9e19583465
350a20fcd2ca78ce6d4a4b00d183ad41,44abdf8bb6d6902ca53ec7665205aca3
350a20fcd2ca78ce6d4a4b00d183ad41,49a34245a605055e7ddeed9ce1c4a078
350a20fcd2ca78ce6d4a4b00d183ad41,544a19c23b6ce27a59bd21acc44893fc
350a20fcd2ca78ce6d4a4b00d183ad41,810e59525e5d835a02009bd347186891
350a20fcd2ca78ce6d4a4b00d183ad41,9991cae32cb6107c7ef77c7b6fcde175
350a20fcd2ca78ce6d4a4b00d183ad41,ab56d03c7fcf910e9919b311176f7e69
350a20fcd2ca78ce6d4a4b00d183ad41,dc5df52cb91fc14afec0b7aae13d8cd2
350bfcc033df774b6e41bc657faaa489,a60007f1bd0d5334ecf0589a12989265
350bfcc033df774b6e41bc657faaa489,aa929b1df82494ea4813a44698d72848
3511c9dda6240fb084cbf0b1b6473f4f,7b857ab6901c379cc434d41801f89535
3511c9dda6240fb084cbf0b1b6473f4f,daf692390472c452ad881ae5ceb98414
351d0a2921f92c746b8b80a7cf03ac60,48e160855b30c136ea21292870d7a9dd
351d0a2921f92c746b8b80a7cf03ac60,4cd5768e09def1f2516bd988fd777f69
351d0a2921f92c746b8b80a7cf03ac60,4fc8d6da73bf4bab3a10a2469ddd7a7e
351d0a2921f92c746b8b80a7cf03ac60,55a366aaac0bbec1449f8b6fbe5254ba
351d0a2921f92c746b8b80a7cf03ac60,6c44cfd588f9cff9af983d96ae1c43cf
351d0a2921f92c746b8b80a7cf03ac60,726b2e94e7b6d353f2c6e354e274efcb
351d0a2921f92c746b8b80a7cf03ac60,9826fd664df04bcff3c0588fe816c846
351d0a2921f92c746b8b80a7cf03ac60,c38331b000991a8d2b69d7747147f69a
351d0a2921f92c746b8b80a7cf03ac60,e7b4d14e233b5bdb02ec551462a9b7fa
351d0a2921f92c746b8b80a7cf03ac60,fbea3206ad212b808343de6d4682e075
351e0c8bbe4245360b2029f24e3ee534,695514ed1755e739d8483084943149d5
351e0c8bbe4245360b2029f24e3ee534,b04a47819827ed29a0348cc232bf37fb
351e0c8bbe4245360b2029f24e3ee534,faea10367f121258cb40710a2ab5ce25
352fadd785019232b9788c5553505170,6f21a52706d2170fb21ad0f07b8d667f
354dc01f49c9ba29784f6c5e24e7b973,3afa96e8c2381d3406358ba969a4222d
354dc01f49c9ba29784f6c5e24e7b973,49a34245a605055e7ddeed9ce1c4a078
354dc01f49c9ba29784f6c5e24e7b973,544a19c23b6ce27a59bd21acc44893fc
355e024cf38afacb7fcd5ff69091f1d6,bfc387332a33b2eb9a63aa63885e9402
3573343386648b953adc7383fed3a016,7bbcec46e538ea5c15daae33352498e3
3573343386648b953adc7383fed3a016,fcd11db91df124aca94c399e5133c0a5
35b5893067f72f2d5867a91d4440d340,5797e66f3980ac5b917074c4a90fa1b8
35b73fd3811076168098ef1eddc233eb,8f1e4b8140b84e46d38499d1a62bd4ac
35b73fd3811076168098ef1eddc233eb,a5555ad915ac467e5c4d8303acf4ac3b
35b73fd3811076168098ef1eddc233eb,c23f29072611578b201a787afa412fa8
3600e433b5b7d96b598c4ce2c942382c,d8c0736b8b398cf5b4cf62203aadc221
36167c05f9eb249e5df2396d8cc55a5f,88c513696ea757cf17bd570de1a7ac85
366a7d7f15c3fb986d91a1d6c9766c0d,5c004b624c7b829334be3d6604556d73
366ceb715cf563ead293cabdb7c8d28f,374cbc1a44e4f735c49a6da43f923f37
366ceb715cf563ead293cabdb7c8d28f,4dcc95757531865a212b2a89e5c4e63a
366ceb715cf563ead293cabdb7c8d28f,5193b66cd44b68ff573f221273abda35
366ceb715cf563ead293cabdb7c8d28f,611709544ee25f4802028abf1d6ae903
366ceb715cf563ead293cabdb7c8d28f,afd7a6f7e472a06d53797178481495d8
366ceb715cf563ead293cabdb7c8d28f,d94ed59415fb7f6d27aec0f08fc64a00
367eb1f8650538034a4d33512fdf5693,64d7e71328bebb1dd44a6f50519691e9
368014890dcab5839ee7ce69c361dfa2,779bd19c5486e76e830709c5fedea3c7
368014890dcab5839ee7ce69c361dfa2,c3ff4dc95b356856d825dd665a59470b
368ecc6d8f8abc88afe625a43af58277,91ce620e19783b240dc16d34f0141db4
368fd30cbe52745451f1026a486eda68,712a2add4bef60f475285399695b2b16
36a9a7845c68c2d08f8fc72be2a94532,764683c966a2272aa2c54ea128c60b28
36a9a7845c68c2d08f8fc72be2a94532,a90da97c78f1d6e7a8deac0553a2685c
36af4bc7fd3200ea8c6e1bb638765cf7,3a32f393efc10b632f59c944e7478ebd
36af4bc7fd3200ea8c6e1bb638765cf7,d807f4a397fdaf582331322f42b9342b
36c39816955666947c0eaa6dd234faac,87d65111a3e5da7efc3bfd57d32e04d1
36da4d418ad15e6e470e59d0450aa679,91239846679ffe43a6e6f2723edfba83
36fa0aa6f7773aaea3ac8a61f2aed5da,daffa6893d6a05ffffa53019d5220b46
37344097682f1b5eeb4efaac8a7b3db4,627cb8f4c510b6be81d3dfa2300a4c0d
373e7abcad7d6a8e8af087dc92fadac3,eab2c37febb96330584401b66e6a74b4
373e7abcad7d6a8e8af087dc92fadac3,f4776f41d119c68db8fda811305128eb
3753583a4f1ae27e547787d96c794e24,80a449e9a493484a936971304099cb4b
37650d3f6c6156d0e4199e9204a57ac0,48067dc4bde5c12c609cd441cdb7ec32
37650d3f6c6156d0e4199e9204a57ac0,9312ad37c6db0283302c10687173889b
377e6eadd13265dade40b33b66096a43,c3bd9aaf90df50a69ccf544b8ff40297
37b012e1356848b1bf110a2a18876f60,4af2c4f857660ed05b053795c5a79bb4
37b012e1356848b1bf110a2a18876f60,a5555ad915ac467e5c4d8303acf4ac3b
37b012e1356848b1bf110a2a18876f60,cf5be113c958dc3bfb872a6ace26ec68
37b5e2f3dad2e0726567ef933d85c214,41305cbe4542c523d779698f1c6da596
37c8791ceb205d5dd2fb66e4865c2e09,9cb0342a91d0455b4cb5a0ba9a0e2104
37d29846f05f6a63b0e010f15a5a8354,5a8cd96fe8c727f4d342c9832466e58e
3803e1f5d859aacf545d5182b54ddb4d,6e02547bfd77d7484def75862be5d796
386b901105b670e2cf3a84ee673934ac,4fe16b47642de759f9515c494be65d54
386b901105b670e2cf3a84ee673934ac,6baff615c5e4a1c900ffb812ebfd8ac5
386b901105b670e2cf3a84ee673934ac,d5e06f21e92e900f8266d485f6207fbc
38a72ffffcee71803074da1082a8fc57,a17fdd5514f15c7ff5ee69c29f99e07d
38b901547f010aa7c18fbfd367e159f2,53cfe800d2fb1f74954c5e92c7353ed7
38b901547f010aa7c18fbfd367e159f2,fa528f8ca959d43b63c4fe52cc31c4b7
38ea586d20709f49350de4d4aadba8bd,4f8560872f7b26b31285590691f4c168
38ea586d20709f49350de4d4aadba8bd,ce5c55b978ab4a45f8b176cccb78435f
38ea586d20709f49350de4d4aadba8bd,ede3342a62d624626e780a1f4c7e9e1c
3911146919340c7c55871532b84a02da,3f80a6699010940fec7bdd4654e59f7e
3911146919340c7c55871532b84a02da,436e9a8155321ead4ea9eedfc5fc8468
3911146919340c7c55871532b84a02da,579a580bce11bcd1d1ec3fea6911a4ad
3911146919340c7c55871532b84a02da,652799a7ea760b9da43546710b4a91c9
3911146919340c7c55871532b84a02da,83d9425780cb7121b249f5be3dd1d450
3911146919340c7c55871532b84a02da,a163e814e3b752fe2193a809bbd31ff0
3911146919340c7c55871532b84a02da,ac5baedada70df463383868d3ab9d22f
3911146919340c7c55871532b84a02da,d48957e2e5bbef3743f68fce2931931c
3911146919340c7c55871532b84a02da,fa5c020aad3a9dd727d5a75ee03e8841
39210f4d74b33d0fca40349c16c65536,91ced04a53942b03105eab52ab48e772
3921ace4f94e7871d14ec91bee767f9d,d86ef1485b86d2fa0a7abf0fc049a044
3936daad92bbede4236b0db15ae9e622,41b4c6c3c6b1d2b13bd5d2c07646b860
3936daad92bbede4236b0db15ae9e622,7c5c593811687180825206d8d0ca5ce0
395feccf183155cefc413c5902ed005c,b46768594c2a720a1102399d9065b9fe
39831312f0026cf460eef3108fd4bb69,b50e425c9969d5737005c5502a004403
398b9fd5455cbc2263ad6bc9741ac560,b12d1e8ebbecb654477d41ed517689bf
399bf9c2d498cf17c1a9c87f896396b4,5982d24dcc54fb53c77c616640113ebd
39a9b6f830f61828911a77be4906d10e,de7ed1dc57d6b5e45f394b6284a4028f
39a9b6f830f61828911a77be4906d10e,f49ae446823d6f28913962c4353f84ce
39b0c47dc65ebd668b7f4bd7436a997f,9f780b5ae42d261a11cf8ea8e374ca97
39b0c47dc65ebd668b7f4bd7436a997f,9fc033c86036222bfbe7781ee8181b39
39b0c47dc65ebd668b7f4bd7436a997f,a061e30eaed46dac54dfd9ef89eca074
39b0c47dc65ebd668b7f4bd7436a997f,c2f8e48a867d35c74f6e1e87a66f4000
39b0c47dc65ebd668b7f4bd7436a997f,d47c0e46c8364960c2cb3de9bb37e3a6
39b55b023274818dc52cacc0c4e65bb3,3d12c500227fa8951143fd0080f75307
39b55b023274818dc52cacc0c4e65bb3,aef85f5cc2be0fc841dcbddad4d0d473
39d3bbc7e669d1d813e484dec9110595,41b4c6c3c6b1d2b13bd5d2c07646b860
39ed57f906597ee545b0312d2e34db96,54060a00c6c12bd9558e575ed414a99a
39fce37cf6d94f7248591812dc105989,8e0747b1787bec4d1935e16ea6f6d444
39fce37cf6d94f7248591812dc105989,bd970423a71944ee10a1063351a7add1
39fce37cf6d94f7248591812dc105989,f778f0076a07f5a44f087cb92d069c1b
3a30309e7e8d250b03916df60cf365f5,e537df830b8da63df27ea26b0601b214
3a32f393efc10b632f59c944e7478ebd,d807f4a397fdaf582331322f42b9342b
3a3a1b7924ff63c2317b9de8a39b7a17,6f6941d586fb4fb1b6adc0ab240efd7f
3a3b7600d9e47c041d8de54486d7b85b,9e75a35b48bf6c2c78c1d05148b4af34
3a3b7600d9e47c041d8de54486d7b85b,f8a7fe1d0848c0bbc5a2e92fe82a0b9e
3a7b2e03cf8cc2290e2a9a6f256bd472,68d71993714eebbbd9ddf978b68e2d06
3a7b2e03cf8cc2290e2a9a6f256bd472,de9c7ff5f241ab33aa2ab615fef5de50
3a7b2e03cf8cc2290e2a9a6f256bd472,f39c410805856970849b9fc0772ae260
3aa649eb05cd65234b7d809877cc0c37,5e847f3549b1f0cac46dc6b94ed77655
3aa649eb05cd65234b7d809877cc0c37,79db83c0c9ccd9201f04682a0926cfdd
3ab07a5c7f9be8d761673e6c1885ee10,ca163638ed8aea29da5f1c0a09adee20
3ab206ec364b6d9d843ccec7e708d3b3,d62be4ee55955df47f655a2f85c3d3bd
3abd7d5c643fb02b71a45e0d735c214a,633e6f80d4a33d0735cd7319360bf89b
3abd7d5c643fb02b71a45e0d735c214a,c268371bcf45bafae0149f58aa770071
3aeb2b55cfeeaba9b0895acf31a983b8,aafa25d08c755a42e7bc379524653272
3aeb2b55cfeeaba9b0895acf31a983b8,c45bbfe8e85574fcc5ad6c8884301589
3aeb2b55cfeeaba9b0895acf31a983b8,da6b143cca7e9823175f93bb6d3d61d7
3aeb2b55cfeeaba9b0895acf31a983b8,ef1467b8676e931377d329e4f21b116a
3afa96e8c2381d3406358ba969a4222d,44abdf8bb6d6902ca53ec7665205aca3
3afa96e8c2381d3406358ba969a4222d,49a34245a605055e7ddeed9ce1c4a078
3afa96e8c2381d3406358ba969a4222d,544a19c23b6ce27a59bd21acc44893fc
3afa96e8c2381d3406358ba969a4222d,61895c03307c9c1fd4444cae2c2bf597
3afa96e8c2381d3406358ba969a4222d,810e59525e5d835a02009bd347186891
3afa96e8c2381d3406358ba969a4222d,9991cae32cb6107c7ef77c7b6fcde175
3afa96e8c2381d3406358ba969a4222d,ab56d03c7fcf910e9919b311176f7e69
3afa96e8c2381d3406358ba969a4222d,cbe5fb2c72337dd65d7f24c8e801e3fa
3afa96e8c2381d3406358ba969a4222d,dc5df52cb91fc14afec0b7aae13d8cd2
3afc8107e47c0eef592e7a9e19583465,44abdf8bb6d6902ca53ec7665205aca3
3b976b9d3a79fe326d17661da57029a3,89d3f4a1da742429628e154a603dd1a9
3b976b9d3a79fe326d17661da57029a3,95981adc487a55b74808439f5977fd9d
3ba341b527dc4257a149e90d9b29d9de,883044362bca2479a4befd6fb492c183
3ba341b527dc4257a149e90d9b29d9de,f4c3cc8d0b82b501cd9e24559fe968bd
3c20beedab248b04070fb1a762eaf9e4,4cfb064f9693547e62da8d82e83cf02d
3c20beedab248b04070fb1a762eaf9e4,b49674a29ae7a7bc5c71ce0515d0a770
3c3fc9889245ebfcead43c15b839c2ad,3e5d2a3e00a628e8615ae6ac21393c84
3c3fc9889245ebfcead43c15b839c2ad,a880e25fd9cdc3afdfe88a9baf3f455c
3c3fc9889245ebfcead43c15b839c2ad,ae4e8d746a599607504c8917cbbdcf60
3c3fc9889245ebfcead43c15b839c2ad,b69ee369d98e097067f986c2d7acbf94
3c506f3566ddcae722c0717743110ea7,66ecf7e118d4a3e883884f61f845e097
3c506f3566ddcae722c0717743110ea7,c8c0f0ad1ed316e3cb1a678b920a041e
3c516de8295a4093abbbc9355fda84ec,db8375a250c9c9109f1ce6f1e407a571
3cb60f1d7a1967f68d677fb8b8852880,e53c21b582ba5e7ed5d7439500520ff1
3ccb1dba24575d1b8a884b09299cd612,dd5fe58d4b5c080f254e94d7aee30de7
3d12c500227fa8951143fd0080f75307,a1f3ebd19de385ee18d44af27d7747c9
3d12c500227fa8951143fd0080f75307,aef85f5cc2be0fc841dcbddad4d0d473
3d13d79f9a164c772994a4efbb6fb730,692ae9f0de5851263f5390ff1a371963
3d13d79f9a164c772994a4efbb6fb730,f2933e10b3594019fdadb9b46c80b371
3d1476e378ee3f91b7e30079a67d13ba,93375244209edd24f9b74a1c8363e5fe
3d148aa54203629341e1b4c3637cb739,62a8f1810568759de5c26c01ede5b8e8
3d8a4635219ad21b18d6e0db8b039a56,9410ae8ee8048738f7c9438507334700
3d8a4635219ad21b18d6e0db8b039a56,e19a1d89a33dcb77d253a18333240d0b
3daabc2a140c6e1b2b99ba73c9093e5e,92efb46f232df63fef3b4bca6e54ecda
3daf2154e51a832d2c69bdc312adda40,5b58b0675a936ef90d92013bc5d48ee8
3dd8b423c45e594609a99981f671f7d4,fc90fe7bf6fef060f8c0a450500c5658
3de865cfe55cc4ca2d96de2b55331670,5445e46b58535275faa33f6bee8b7daa
3e16e2506126116a6da0e89d2b579c8b,904a79cd1270daf8719916e581b3ed5b
3e16e2506126116a6da0e89d2b579c8b,d4453b416b28a1c67c0af474e2958abd
3e16e2506126116a6da0e89d2b579c8b,eff642245681576e7e5c03ef51a2c418
3e16e2506126116a6da0e89d2b579c8b,ff117305b9255f073e7859124b602686
3e1a35b9c55d26eeca69a0d50cc5a795,5b6de2b8d2ad9d7910e2ef9d61b9b4f4
3e3b9d76c7d4d9b8628d2d3251d870e6,607245fbfa05d6836a29ad6db1068f88
3e3ba0ced9aeef78793a4d31ac02cb09,7b857ab6901c379cc434d41801f89535
3e3ba0ced9aeef78793a4d31ac02cb09,daf692390472c452ad881ae5ceb98414
3e5d2a3e00a628e8615ae6ac21393c84,ae4e8d746a599607504c8917cbbdcf60
3e5d2a3e00a628e8615ae6ac21393c84,b69ee369d98e097067f986c2d7acbf94
3e60fab859e8a088d2fbac94b5e87637,c0b99daa2eb41c5fff521281c6611720
3e60fab859e8a088d2fbac94b5e87637,d7c05203fc4a84d3cec84d7131aee2c5
3e7f02eb33213f70c04cc6ce82bcf1ba,ec7f48b786e58da7afb7eec39b485d03
3e84aed6792eab926885cc3bf97a0d51,6abb32e4afadb55bfb9c2b1767a75193
3eac2dfbb063be7de190d1a5cce657ce,e0317e2229f83fc4c14d27fe0c9a0914
3eac2dfbb063be7de190d1a5cce657ce,e2e32c64f6e37818fb6fb30747468c27
3ebf2701685f40aaf1d7b01f0a29375a,d96e07209d2d1fa9abad7d71fe1b6f22
3ee322f89eb1d9e2a91006e7ad8ac5f8,ac5a70dd62986163012d6d8007fcade0
3efa2c268487d4e61cd61ea9760bf324,9f0d8defc9e9d0ab5efdc488af1305a2
3efa2c268487d4e61cd61ea9760bf324,cabf7dd413137cc6fece398f2e79f603
3efa2c268487d4e61cd61ea9760bf324,e7fe0f119f3bc1a9ec1d30dd4bb70800
3f47f26f0ea81ea53529ce977970d8e7,904a79cd1270daf8719916e581b3ed5b
3f47f26f0ea81ea53529ce977970d8e7,d4453b416b28a1c67c0af474e2958abd
3f47f26f0ea81ea53529ce977970d8e7,eff642245681576e7e5c03ef51a2c418
3f47f26f0ea81ea53529ce977970d8e7,ff117305b9255f073e7859124b602686
3f56da812a65f57180ebd2332f7ef563,6a261a9c576a5d4fdd7c8d546fd4d368
3f5a64a192ebaa95bf94de21e58704ef,ba8a80baa21d40b6cd5bfa458fbcfde0
3f6a9e439fc5a25bacbd30f7da304c07,9aad7b71389a1cc78d4133a1a2863ba3
3f74e30061a85cb7c79742828f6f3979,4100c3e4f82ec2ae95427f0a99a82c58
3f74e30061a85cb7c79742828f6f3979,45adcbf30ab26f3ba0ac9173b551bed5
3f74e30061a85cb7c79742828f6f3979,46debb830c63aaa9c76042f460447d9e
3f74e30061a85cb7c79742828f6f3979,b3000c85d046d50641e11a0c84935e81
3f74e30061a85cb7c79742828f6f3979,b32435c39c8cc17dc4d0e57ecd8985e6
3f74e30061a85cb7c79742828f6f3979,b374ab7f70160f2d5b154f8794e5a703
3f74e30061a85cb7c79742828f6f3979,b9cfcbca417c2c3844f6d1444d722d39
3f74e30061a85cb7c79742828f6f3979,d3c56511739933153b4616b08586655f
3f80a6699010940fec7bdd4654e59f7e,436e9a8155321ead4ea9eedfc5fc8468
3f80a6699010940fec7bdd4654e59f7e,579a580bce11bcd1d1ec3fea6911a4ad
3f80a6699010940fec7bdd4654e59f7e,652799a7ea760b9da43546710b4a91c9
3f80a6699010940fec7bdd4654e59f7e,83d9425780cb7121b249f5be3dd1d450
3f80a6699010940fec7bdd4654e59f7e,a163e814e3b752fe2193a809bbd31ff0
3f80a6699010940fec7bdd4654e59f7e,ac5baedada70df463383868d3ab9d22f
3f80a6699010940fec7bdd4654e59f7e,d48957e2e5bbef3743f68fce2931931c
3f80a6699010940fec7bdd4654e59f7e,fa5c020aad3a9dd727d5a75ee03e8841
3f83c93f80b5ae3e57f504b7a7f8574b,90acb68461a8faab2400dc6b623e6e2b
3f83c93f80b5ae3e57f504b7a7f8574b,cced121d8de37d8bc5ef49bb99075454
3f83c93f80b5ae3e57f504b7a7f8574b,ced446350b651bdbd9375abffe206760
3fb71898e423dfe0932fb11c65635d21,fcda28c3725f3a062198ca5398f78a67
3fcb56cacd32ddaeb1009f2a7b072b54,41532c114b8bfc91d83f1c282c996ece
3fcb56cacd32ddaeb1009f2a7b072b54,474fa170d750fcd4d8a32668efc3cf28
3fcb56cacd32ddaeb1009f2a7b072b54,bdaa310ae249ad80cff995cc537e1ea6
3fe698648021b532e8a4b7724a715a06,abfd49efdac1a52306d32c474ce59d3e
3fe698648021b532e8a4b7724a715a06,b48e428b832e742f91a0b7b0ffadbd5b
3ffcf9096e15b7e8c85fddf40af747f7,593ecf760b2b62759aed5c5490940e53
3ffcf9096e15b7e8c85fddf40af747f7,ef67746057bebc0e7fa795775d36b281
408386d9a61598d27191f39c627a7585,b2b14a2de2743eaf06f628fddf0008b7
408386d9a61598d27191f39c627a7585,cd6c6d0cf46e337fa8e83cdf6a635721
408386d9a61598d27191f39c627a7585,fd38b064e2aacf0b9209c64b5866c593
408665afba5d1519a7c0ec716773f93f,b83c4a34c34828af389e908e83cac9e7
40b083664ae93655b3a0a45e9ae61363,50eecb75db6f19a686d1122b72263420
40b905e457a5212e545cb491169ab9b1,63635d3c2583716a4af1b6b8f664435e
40b99c05895cbf27c0bbf894088059a1,d552e2521b1e154e4530b18950d32230
40eb58e165d93de8f35f31b69e26448e,a077677d118171bc0d13e018c3efdb85
417b916d9bfc16b0a53676ca9dd080b7,639326b25780d4d0b2089f0809448fe8
418ec42f3e823578bb59e949c42b4d4e,4ac65bb0df44152241a5b14d058a02d9
41a35e9c97d100366dbb1b73179b46e6,6d9c2cdeb387997a0ee77824bd170f11
41b3e504bdd91abe344b27c8467aa1bb,e73d7cd43e297ac62fc355a731bf5709
41b4c6c3c6b1d2b13bd5d2c07646b860,47a8bfe8e65f31770cc9cc08cd716dd5
41b4c6c3c6b1d2b13bd5d2c07646b860,63562d9a214cbfc16b31abfaa5e68e63
41b4c6c3c6b1d2b13bd5d2c07646b860,78ba2132116506efc045c976bf3337f2
41b4c6c3c6b1d2b13bd5d2c07646b860,7c5c593811687180825206d8d0ca5ce0
41b4c6c3c6b1d2b13bd5d2c07646b860,99d9620d5a3044e6cf8468bf4fc045ec
41b4c6c3c6b1d2b13bd5d2c07646b860,a3aa7369a6036dc23348235e810c5fed
41b4c6c3c6b1d2b13bd5d2c07646b860,c6946df695b0a4b570b0695602f04920
41b4c6c3c6b1d2b13bd5d2c07646b860,ed07f672f0cca9cab8437c1084e03a26
41d3fede7a50a6d6f7bf82d8ae19ffc0,8c99a7e4581a17ad85d6308925e9b57e
4203db822f24f9912d6cef19eab4967b,58ae79464bfdac7f92fd42d50928aab5
4203db822f24f9912d6cef19eab4967b,7b66166e27d2f03e270e64ff1625c009
4203db822f24f9912d6cef19eab4967b,f1a3b55265667545142e8b72b2a6fdfa
420d2f2d815d575e3f3c3948bce52c52,6cf5677598a3efbb1d449f06a56eec29
423bb8307b9988e53a9909c89bb52f79,743b3337c97c8fed6f27304829a18a09
423bb8307b9988e53a9909c89bb52f79,b80167b485ac9d4eac15ea14f6e03320
423bb8307b9988e53a9909c89bb52f79,bbbae082eb45f67825a9da9e8003a2b6
4255b057f9c8ca0c888bea9c43c9a828,668644bd5e3328fc9c0f5f37b281c1d8
4255b057f9c8ca0c888bea9c43c9a828,77b7f314b27c57ec7972cbcd337f4c39
4268e38e9be3f57e881df1115dcc8054,5e052bb1d8c9b49a4567ba4679952743
426e67c84d1c8ae5b485e7c0d8e9b1fc,6d6e2ae4e62e70cb89f5af692ae0e268
426e67c84d1c8ae5b485e7c0d8e9b1fc,71623449141570fa4f2421b75e835119
429161c1e9f8fb88a60f520f68c34bdd,bc8cbb4739b4d8749a4b984c30c01548
4292f6d34990543d85daa699184d0306,59460fe3931e231ad009f6fbc8b106ad
429339621975d7bcd7a517c1026f8648,715c96acaf8c1313cab178e373aca2cf
42c39974cf49610e5d3b3ced84158242,aeb81e343c147c1a544cbbf1592b255e
42c5413272e4642bce763e5374469a8b,eff3e79d163f7ece7108b8d069106805
42e8a6e01b60a775bfde1f8e7b1b3fe6,627cb8f4c510b6be81d3dfa2300a4c0d
42f56922156c4dc7fce2b79e602f060b,95b5fdc045907bd29abb941c9bdb4cd9
42f56922156c4dc7fce2b79e602f060b,f0c63c7dcbb6ed9c15ca3c7e27464bdf
430c1607311cfbccfe514143de145ef0,54c6713680514582570007bc3ae73c11
430c1607311cfbccfe514143de145ef0,7e280e256c28bae9a9bde07997812cd6
430c1607311cfbccfe514143de145ef0,86403cc36244ba5c2aef22684e9b1d04
430c1607311cfbccfe514143de145ef0,b0a468a48f3b2c19fbf4ed31a54779b3
430c1607311cfbccfe514143de145ef0,fa3c8ab7e0077dd9c0b644ed56c9f3c5
43238ee60c53d4f57b66eaedb8ff6060,55a32fbdf560d437ef3c5b53971513c0
43238ee60c53d4f57b66eaedb8ff6060,5b3e075d2929e428019149ea19685f7b
43238ee60c53d4f57b66eaedb8ff6060,fa4c28825fc8e8874e477dd78a5c0e3e
4336f7672758db27dac889365251d37f,e550447efeb24fd8ac3d6d17e83e958c
4346f8094f7f7c95e6ee9872b297bfca,5e339cbf8e851d353c7f0d05bf37879b
435f68558ae74ca4f3ca0a6926ffcb15,8c9ae9173042c30680e96e78177682ba
436e9a8155321ead4ea9eedfc5fc8468,579a580bce11bcd1d1ec3fea6911a4ad
436e9a8155321ead4ea9eedfc5fc8468,652799a7ea760b9da43546710b4a91c9
436e9a8155321ead4ea9eedfc5fc8468,83d9425780cb7121b249f5be3dd1d450
436e9a8155321ead4ea9eedfc5fc8468,a163e814e3b752fe2193a809bbd31ff0
436e9a8155321ead4ea9eedfc5fc8468,ac5baedada70df463383868d3ab9d22f
436e9a8155321ead4ea9eedfc5fc8468,d48957e2e5bbef3743f68fce2931931c
436e9a8155321ead4ea9eedfc5fc8468,fa5c020aad3a9dd727d5a75ee03e8841
438574c8368a0172503e654808f5a555,5b659a611939467e2687066e2cc7f294
43ae700bc5aeb11f531114f79c11eade,59dc9fa9ee956b24f04f48c1f2269df0
43f18e1813f243e051c5b8573b2c1373,732c92c891ac15a4f62a5632ecdaf4f8
43f18e1813f243e051c5b8573b2c1373,7e162258cb38de94e958cce05410bbef
43f18e1813f243e051c5b8573b2c1373,95403e18f9e45cd56b7a4aed546f855c
43f18e1813f243e051c5b8573b2c1373,eef7ab58691ad89d2b3d2b048f07a54b
442dc640f60cab6a3ab90e8e24589ad5,4a9f03ec76ffcf32b1f85d99d21bb2dd
442dc640f60cab6a3ab90e8e24589ad5,4ebaa863e85559d586d3d6c02f5f54ec
442dc640f60cab6a3ab90e8e24589ad5,55a366aaac0bbec1449f8b6fbe5254ba
442dc640f60cab6a3ab90e8e24589ad5,60cd47554e91cb5c4f490ab5af2a65e2
442dc640f60cab6a3ab90e8e24589ad5,6949f748cdb286cce14b733c937fdc29
442dc640f60cab6a3ab90e8e24589ad5,6a342d05313a3d8e8c12be85afb31dfb
442dc640f60cab6a3ab90e8e24589ad5,75a036d4e8b5870d45241cb744020511
442dc640f60cab6a3ab90e8e24589ad5,bb00b6937b6e5d43e044e6ebc0110307
442dc640f60cab6a3ab90e8e24589ad5,d336d46f25f46c528d10bc3b3a14076a
442dc640f60cab6a3ab90e8e24589ad5,dd31bfcdfd493f71d7fa188e30f5adb3
445cffea1ccd925b862479de793bdcb1,e1c231516fb595fad01b118898653428
445cffea1ccd925b862479de793bdcb1,f72fdb2d54eaaa64c3aae45398cf3024
448b9a03cae2a9ef89092fd5e0c60692,841b9ca7bb8c44c91f5cc5bc52b3e3ba
44a3635700c383a21ba6e1f73fedc78e,66f84827c4e932499e5ee85f84023dc9
44abdf8bb6d6902ca53ec7665205aca3,49a34245a605055e7ddeed9ce1c4a078
44abdf8bb6d6902ca53ec7665205aca3,544a19c23b6ce27a59bd21acc44893fc
44abdf8bb6d6902ca53ec7665205aca3,810e59525e5d835a02009bd347186891
44abdf8bb6d6902ca53ec7665205aca3,9991cae32cb6107c7ef77c7b6fcde175
44abdf8bb6d6902ca53ec7665205aca3,ab56d03c7fcf910e9919b311176f7e69
44abdf8bb6d6902ca53ec7665205aca3,dc5df52cb91fc14afec0b7aae13d8cd2
44b193051e3c53b0107d9c8c5a1f8830,d0d301f571391e5d575062adbaabd9a3
44b75bd44f66841e8d285c47a74c76c1,a159c73968ebbc65ed84cbcdb4906a95
44d6c7f10b3acdcc34bae904900e8b58,8b251ea7b29e0423895e1352c5b348f5
44d6c7f10b3acdcc34bae904900e8b58,9d3a03ed4ce931911ed7314a3abd7d10
44e17bc0fd8aa65a6ee1647640319a7a,69603e14c71c5c090bc9d316d01c46e2
4500d2db3204c8629eaebef9628344a3,8039965da9a28d203f5a8a7e8b827d2c
45026911132bd6229d33fa4563950da5,d5e06f21e92e900f8266d485f6207fbc
4536f8a3686c5242a62e06f76fac47fe,c23f29072611578b201a787afa412fa8
4536f8a3686c5242a62e06f76fac47fe,f40620875edc07e50139eac977a9bbfc
4536f8a3686c5242a62e06f76fac47fe,f8b768f1e987798968d529e28ab04771
454bc667d6f197912cee99848f867ae0,daffa6893d6a05ffffa53019d5220b46
45614755d69af1a1c9de2293799a602a,78b13ce16df817a4bbbd43cb6a6eaf2f
4564a4564c9a8345dd450674e4d91c05,54c6713680514582570007bc3ae73c11
4564a4564c9a8345dd450674e4d91c05,692ae9f0de5851263f5390ff1a371963
4564a4564c9a8345dd450674e4d91c05,7e280e256c28bae9a9bde07997812cd6
4564a4564c9a8345dd450674e4d91c05,86f24fd09684c0fb0323feed1cc1b600
4564a4564c9a8345dd450674e4d91c05,aec8524612a4b6ba0a13a4faf5f19507
4564a4564c9a8345dd450674e4d91c05,b298035e3b84c091154a65785f4b7ea1
4564a4564c9a8345dd450674e4d91c05,f2933e10b3594019fdadb9b46c80b371
4564a4564c9a8345dd450674e4d91c05,fa3c8ab7e0077dd9c0b644ed56c9f3c5
45ab8920bb3f85adf4717a2ebdb56ec8,9c53eaef8f7066fbb7981140f9f0c162
45d0aac8202ef5e67ad6e612b4d554bd,a8e338b6acf56efddf9403b8bbcc0fde
45ffc32073999a29f0d2af0e9c06c96c,b70859dfee495d4e79da9fb8fa5cacd3
4623432b2df699663de3be67dbcb2e2b,74eaf09a38ff7425694441c34dc7baa5
46a16352bef6b761e12c26c5d4fec42e,fa1a7f8b534e7acb9baec67005b7d242
46b05a237006ae6a1017ca2ffa3b546c,58faa01830e262b4468b343ce9e919a9
46c6e10a2ff098a39b815cb74dcb7b7b,50cd280f91657d5a1b641b8cd92fc181
46c83187131ec374fd87643f9354efbc,c68353bffb8c0019e2664c3a12bc548f
46fb6dda30326e0c34c443a13f2786e1,da2fe746330e68cbc1f7f16698b251a1
471748ada17390eb6a4bc445d67eff65,9ca74da0a3c3b283b6a1decd65d6ddba
471748ada17390eb6a4bc445d67eff65,b0e647b3f8a04a8b2375d475d013cf42
471748ada17390eb6a4bc445d67eff65,beffbb34540d20e3cba8e9daba738e66
471748ada17390eb6a4bc445d67eff65,f49ebce3c57c9a4941b7a4c492f61868
4730f22156ffb32c1ff6b1e8b2526f5a,75101a651888e0d31b9c8f4452e37cdf
4730f22156ffb32c1ff6b1e8b2526f5a,c4b323b51b1f2605d90664208f70c8b0
47367f5cee42e6f2c2ce6ab7d0bc4609,88a6de3218afe21dafbfbedfdc18efce
474fa170d750fcd4d8a32668efc3cf28,bdaa310ae249ad80cff995cc537e1ea6
4750331ae20b10eca1daf303a0a58f36,5a79c45f03d8eb9a68d8fce68de738d0
478793a9bf7cca35e4afa74719daa0eb,4a7c1fe3e19e972999c4b7046896f548
478793a9bf7cca35e4afa74719daa0eb,74a07aa7b04c57b6badf72480f14c3b2
478793a9bf7cca35e4afa74719daa0eb,9bbf4523ecad08d49ddd383516a94b42
478793a9bf7cca35e4afa74719daa0eb,b71721e0f5f505a49762d762e814fcf2
478793a9bf7cca35e4afa74719daa0eb,bcd9efff62a2cf63ea7a3633dee95fb2
47970b2bf3c406bff08f678fcf9aaf1c,a23df198f94b33eb156c2642be309040
479b5700d84232f377f725c63ae662aa,6ac76f65011a4445b0c98624da1da024
479b5700d84232f377f725c63ae662aa,efa883c8386d91071449a0b27e447984
47a4717171d87bfdc3a1fd8cca81f4e1,d7634a674c2427d78b09a3bdd8d6a715
47a63d7ef22f85ff1a260cd984b80a77,61a5c02ac0131600c3b02f5ff586a1b2
47a63d7ef22f85ff1a260cd984b80a77,b44c0964b8599c4b999ca6bbdba68738
47bab9b9d32023a0bb02ab8fb22c24b1,941c43700fc6c08d85047dffe92a4a04
47fa6cfc1bd3ba1410ea3fe71c1f8206,6ff14e6dc24ff3fc9706d0d9b8df98b1
47fa6cfc1bd3ba1410ea3fe71c1f8206,8eb6e1a342be9a2f07d6047fd1670f78
48064f375b0a71aed360a84ac2c9947c,77b399b37b4dddd61af95789f5f50e14
48067dc4bde5c12c609cd441cdb7ec32,9312ad37c6db0283302c10687173889b
48067dc4bde5c12c609cd441cdb7ec32,b73a62f19d04bcbc9111f748cf4462b2
48067dc4bde5c12c609cd441cdb7ec32,c268371bcf45bafae0149f58aa770071
48090829aee2f991140a657725d0ea57,8b2b06cb06275e2552457e7427c7312e
4821a1879c97391e0d4f4c9bcd296fcc,546a2d013c5442e8994b96e45798cfb3
4821a1879c97391e0d4f4c9bcd296fcc,5c954163a01ba1ab8cd91a053d8c3239
4821a1879c97391e0d4f4c9bcd296fcc,8fa0b631f6c012830e1940b44d8c4a4e
4821a1879c97391e0d4f4c9bcd296fcc,de3c6a7f77318c8eebfb9a33e8b6f628
4827d23decdd60fd88409912064bcf0e,b06fc1cde9eedc0fe86101fbb7d586d8
4827d23decdd60fd88409912064bcf0e,b133de5702dc72b4ec8754189ecce190
4827d23decdd60fd88409912064bcf0e,f8d97182c3e1f4a4f8d2e442720ac21d
4827d23decdd60fd88409912064bcf0e,fd85218cc8d7bc3d72f1408d0dda1b6a
4834ee701076e192defe697488b44a4c,7f6443f95b014549a006a9f829b67c67
4849adf442ae5318601f1b81541946a8,48e19a6dcbabaa0ef31e8393ef628af2
4849adf442ae5318601f1b81541946a8,66661f5978f62fa2ab352bec7d3d4b20
4849adf442ae5318601f1b81541946a8,67949c2ab33fc56d7fa3dd18dbdb50c4
4849adf442ae5318601f1b81541946a8,8f45b1ea1b4cf7ccbf25444bbd62deb8
4849adf442ae5318601f1b81541946a8,ffe535651d2f213222ed3629cd8f5e47
486e0ec5bc8b57a0ee475a5f01b41ffb,4ebaa863e85559d586d3d6c02f5f54ec
486e0ec5bc8b57a0ee475a5f01b41ffb,55a366aaac0bbec1449f8b6fbe5254ba
486e0ec5bc8b57a0ee475a5f01b41ffb,6949f748cdb286cce14b733c937fdc29
486e0ec5bc8b57a0ee475a5f01b41ffb,8308a1eebcee2fca8d8cf4de7814f259
486e0ec5bc8b57a0ee475a5f01b41ffb,b12e9e60ea07924a2d7b5aeb77eae6a1
486e0ec5bc8b57a0ee475a5f01b41ffb,d180700d222921a5ef2f4638c2922299
486e0ec5bc8b57a0ee475a5f01b41ffb,d336d46f25f46c528d10bc3b3a14076a
486e0ec5bc8b57a0ee475a5f01b41ffb,e2d6415197d02f36bc0b141ed7c905e0
4870bd36620c92cc24c14aa31e6052db,9a6e18a29056381ffea10fe4f515de47
4870bd36620c92cc24c14aa31e6052db,ff3c017888b43dc976b11da7b7868a6d
487722b0f5cf2a45a3e9fa850bc80346,4d142136d159645a14305a16c4171185
487722b0f5cf2a45a3e9fa850bc80346,a63302d8f86afe18a2899fbda9407a36
487722b0f5cf2a45a3e9fa850bc80346,e2f121bf684fd63fcaf77d623dda266a
488673752859f1c5a93e5f8cc65eadef,dc0ff6019072a549f032144fff0c62a4
488673752859f1c5a93e5f8cc65eadef,e4a2b54db0e9882156fb9365d28763c9
48bbf8afaad3f5bf17c203858d93ce9a,aef58b10937fe72e7326a6ccc78fc20f
48bbf8afaad3f5bf17c203858d93ce9a,dfa66808ef670e90702f3f0b346e3e86
48e160855b30c136ea21292870d7a9dd,4cd5768e09def1f2516bd988fd777f69
48e160855b30c136ea21292870d7a9dd,4fc8d6da73bf4bab3a10a2469ddd7a7e
48e160855b30c136ea21292870d7a9dd,55a366aaac0bbec1449f8b6fbe5254ba
48e160855b30c136ea21292870d7a9dd,6c44cfd588f9cff9af983d96ae1c43cf
48e160855b30c136ea21292870d7a9dd,726b2e94e7b6d353f2c6e354e274efcb
48e160855b30c136ea21292870d7a9dd,9826fd664df04bcff3c0588fe816c846
48e160855b30c136ea21292870d7a9dd,c38331b000991a8d2b69d7747147f69a
48e160855b30c136ea21292870d7a9dd,e7b4d14e233b5bdb02ec551462a9b7fa
48e160855b30c136ea21292870d7a9dd,fbea3206ad212b808343de6d4682e075
48e3d5a1fd4fa8055f592ab95b512ecf,aaabc6c48bc8e4e079bdc48eaa935edd
4926e5086955f32efcd9f67f9b07a796,f1b186198d59c4a26e1f5ab48ff76ce1
4945bb811e88eb7b70a3a9f13dbe2209,d74cf8c4fd171918e82d380d9a56dfef
49a34245a605055e7ddeed9ce1c4a078,544a19c23b6ce27a59bd21acc44893fc
49a34245a605055e7ddeed9ce1c4a078,61895c03307c9c1fd4444cae2c2bf597
49a34245a605055e7ddeed9ce1c4a078,810e59525e5d835a02009bd347186891
49a34245a605055e7ddeed9ce1c4a078,9991cae32cb6107c7ef77c7b6fcde175
49a34245a605055e7ddeed9ce1c4a078,ab56d03c7fcf910e9919b311176f7e69
49a34245a605055e7ddeed9ce1c4a078,cbe5fb2c72337dd65d7f24c8e801e3fa
49a34245a605055e7ddeed9ce1c4a078,dc5df52cb91fc14afec0b7aae13d8cd2
49e1356331051762b31269d6ab571a12,eb3d15819880bdee01deb059f439d79f
49f92223683a325250c221e8ee16af10,9534c7d8569e726d7d2e10425ea9dbba
49f92223683a325250c221e8ee16af10,b619b9c0b77327c121bdec6ddb6b0423
49f92223683a325250c221e8ee16af10,c5f97ca2dea179a621176ae4dff0849f
4a03316ac7c53698597b17f94e222ac8,6b00fac77fe9e13b02ae336c0aa0c73b
4a03316ac7c53698597b17f94e222ac8,6cf7f0ad33b5e1f7745a776687939393
4a03316ac7c53698597b17f94e222ac8,ba568219a3c3c6b6dde0513b113f6154
4a34178d6e678b5d4a027b5fab28d375,dc91aa9835f28627f4e494f314d584cd
4a34178d6e678b5d4a027b5fab28d375,fdd01b7feb025243e49f1de25e65e066
4a692528397f2b000f577410e7298bf0,ae63a4775cf763d332e3bff33d399f7f
4a74053abfc671c439bf6447edc8020f,615dcdf8d677b6ce64c1fcdf158289a5
4a9f03ec76ffcf32b1f85d99d21bb2dd,55a366aaac0bbec1449f8b6fbe5254ba
4a9f03ec76ffcf32b1f85d99d21bb2dd,6a342d05313a3d8e8c12be85afb31dfb
4a9f03ec76ffcf32b1f85d99d21bb2dd,dd31bfcdfd493f71d7fa188e30f5adb3
4aa93a71b78e61d2a40370ca31416054,843a7ec01842200f1604dabcdc06d412
4aa93a71b78e61d2a40370ca31416054,bd2c879bf558114ac087ac462bd211a7
4aa93a71b78e61d2a40370ca31416054,e72a7bd4b73a45eb56c3a926e8b2aab7
4abae4a8202522e9f84ebe2a49186a65,d4bb68ae35592c60c61084aeedf19b95
4ac3052529ad9ccbbf3739ae3117aac3,5b2c71a59da0aa7354b3de0a43705a5f
4ac65bb0df44152241a5b14d058a02d9,75b894b7e342c239c73acc73846cb770
4ac65bb0df44152241a5b14d058a02d9,8d2baccab497dcf6cd1991f87bc92a55
4ae45c3cfc4cac6c9da7898b0f567087,58b3f2aa6b0418a0f4887e0afa433a1c
4af2c4f857660ed05b053795c5a79bb4,8f1e4b8140b84e46d38499d1a62bd4ac
4af2c4f857660ed05b053795c5a79bb4,a5555ad915ac467e5c4d8303acf4ac3b
4af35f2a46291289eecf7696c188fcb1,63ac437e30889ebdf8d2b2f9b80f3a47
4b06cf1480358bd7c1835f6a6ed5343d,55441f4fdf82358d95d85240a193e537
4b06cf1480358bd7c1835f6a6ed5343d,63d9ffae204bbe333df5a221799e2cc6
4b06cf1480358bd7c1835f6a6ed5343d,968bac117b81f824cfca6bb3bea37d74
4b06cf1480358bd7c1835f6a6ed5343d,c034861083dfaa440521f75aab0a9314
4b06cf1480358bd7c1835f6a6ed5343d,ef79cafc6690601cf97469a0bbef7f27
4b1dce48b6ba3af8d9f57a0af68e536f,5b95934a30c88d47527062ed1ebb5f86
4b1dce48b6ba3af8d9f57a0af68e536f,a26125ddcd8dd3ac8f1556fb735f815e
4b1dce48b6ba3af8d9f57a0af68e536f,bbb10f4a23f2c9dbe936570571d11fc8
4b1dce48b6ba3af8d9f57a0af68e536f,dc3d9268a0548f0f7c4b5226c415a359
4b1dce48b6ba3af8d9f57a0af68e536f,ea5424f299d585f1d28d1806fabdcfae
4b5205690482659cb7195c3a8587f073,59460fe3931e231ad009f6fbc8b106ad
4b5ca0457e6e5dc1401530fbf3233d17,d15c1d0afb6a181b855e55e18a7027d1
4b5dfbe5f76af6897474d2ad8ad4f9d2,fbb7187a0a0cf3ee7c119e900d684a86
4b91540d0446736583a73489cf144990,5773cb324b91b989104109a175e2b690
4ba6d25218bc7f47ddfc33aec18f090f,69c1727fdb54f52b997c5280537c3121
4ba6d25218bc7f47ddfc33aec18f090f,da9090a62b6c40f250156f645895f3dd
4bd1780cfd62331f5270251e9a4c0142,5c9dfed2a57c4074b76c2bd9f4943cf5
4bd1780cfd62331f5270251e9a4c0142,a8e338b6acf56efddf9403b8bbcc0fde
4be9eee7c6cccb30535f51c61c8b1525,9115f20488d1d734c802d802bf0bdf9a
4be9eee7c6cccb30535f51c61c8b1525,e7f3eb09fe9301b0d4e69705815bab9d
4c026b21d3e6eadf6db5208fe7537f1d,59460fe3931e231ad009f6fbc8b106ad
4c4dd4d51429b35d71cdaf13ec24189b,63635d3c2583716a4af1b6b8f664435e
4ca9cb9bcd12c36cd236d8aec99c1233,9a61633696f42819aa6abb8fd87ea835
4ca9cb9bcd12c36cd236d8aec99c1233,9b956513aafc7d4053364bf7426cceb3
4ccff5544a64c5537012e391ef1eb8da,e4b90f5d9d1177f7a624b84d039f1e1b
4ccff5544a64c5537012e391ef1eb8da,ec01f46c3821c07f8b0394785b237e59
4cd5768e09def1f2516bd988fd777f69,4fc8d6da73bf4bab3a10a2469ddd7a7e
4cd5768e09def1f2516bd988fd777f69,55a366aaac0bbec1449f8b6fbe5254ba
4cd5768e09def1f2516bd988fd777f69,653aca551ae365c27fab0dfd9fee8f9c
4cd5768e09def1f2516bd988fd777f69,6c44cfd588f9cff9af983d96ae1c43cf
4cd5768e09def1f2516bd988fd777f69,726b2e94e7b6d353f2c6e354e274efcb
4cd5768e09def1f2516bd988fd777f69,9826fd664df04bcff3c0588fe816c846
4cd5768e09def1f2516bd988fd777f69,c38331b000991a8d2b69d7747147f69a
4cd5768e09def1f2516bd988fd777f69,e7b4d14e233b5bdb02ec551462a9b7fa
4cd5768e09def1f2516bd988fd777f69,fbea3206ad212b808343de6d4682e075
4cec513128c688472a89a0ceb0435c87,9ca6d20b452df168bbbdde67fbda8d61
4cf88ffb9c55c59e0e6ccfe192a54ac6,ce30bc25d8b263c82433c431b267912d
4cfb064f9693547e62da8d82e83cf02d,b49674a29ae7a7bc5c71ce0515d0a770
4d0a82745513332a68a5713ef76faa7e,6664a2e3b1b7db80933258270636a025
4d0c48910b8a8885cb55ce52e502bb18,f2bbc37e17f7bcc1774583fd03d948b7
4d142136d159645a14305a16c4171185,a63302d8f86afe18a2899fbda9407a36
4d142136d159645a14305a16c4171185,e2f121bf684fd63fcaf77d623dda266a
4d1edd65e52a086d1c21a9ed335670f5,877ff1d3b5b9ad81999f77130e7a8b64
4d216ec8b08828ce44d12c6c19d51e38,f1abe20b5f6bf0c4c794b2ff9e548ddf
4d9eec7e990bc1cef40143510a4b0166,6a01b1eb40244a7b594579f9b75adc4d
4daac5f6b4021f469b53107b3bc04cb5,994db3ca823877ae81dbabdddc7d05dc
4dcb0ea6d50b12d3c5ac2e73497a57e0,c941eb8462cc07ba60208ccfa9082fa4
4dcc95757531865a212b2a89e5c4e63a,71052a743f4392606268f1b0f97ec161
4dcc95757531865a212b2a89e5c4e63a,9bd46d79633862ad8148530089d30f3f
4dcc95757531865a212b2a89e5c4e63a,afd7a6f7e472a06d53797178481495d8
4dcc95757531865a212b2a89e5c4e63a,e4401e545b2159a8cd886dae595be58e
4e03821f2fba19b3d46e58c38c3492c8,a8a543e7e866aa47a370f52b09ecfddf
4e03821f2fba19b3d46e58c38c3492c8,fed5ecd7da7b8694ba5bdf5846057f36
4e128d328743113ba98348804ae89b6d,51c129e806ea936460361c73a08a2c59
4e219bfeb2214566150f51850d8149a8,bbb9591c46cba824034e6533e28c36ca
4e25a5014b4179b90637b04f9902ac31,b10e31a5723840ed8b75a8cd0fae682c
4e25a5014b4179b90637b04f9902ac31,b1686544dccebfb75846317e63cdabc8
4e25a5014b4179b90637b04f9902ac31,d6106c1ab720e9d333d591c19d863bd4
4e5bc798202bf88024d5a8524e186c81,5a159732558be3eded28b1aae70058a6
4e85da6aa084856a259fa50f61e300cb,be051e510d3f2c631963d3ba824d495f
4e85da6aa084856a259fa50f61e300cb,dcb55fc7c3d3c60562df421bf7fdfccf
4ebaa863e85559d586d3d6c02f5f54ec,55a366aaac0bbec1449f8b6fbe5254ba
4ebaa863e85559d586d3d6c02f5f54ec,6949f748cdb286cce14b733c937fdc29
4ebaa863e85559d586d3d6c02f5f54ec,6a342d05313a3d8e8c12be85afb31dfb
4ebaa863e85559d586d3d6c02f5f54ec,8308a1eebcee2fca8d8cf4de7814f259
4ebaa863e85559d586d3d6c02f5f54ec,d180700d222921a5ef2f4638c2922299
4ebaa863e85559d586d3d6c02f5f54ec,d336d46f25f46c528d10bc3b3a14076a
4ebaa863e85559d586d3d6c02f5f54ec,dd31bfcdfd493f71d7fa188e30f5adb3
4ebaa863e85559d586d3d6c02f5f54ec,f891037b24d6542e97fa551047ce4ba4
4eedce14a8c53d7a31d19292990770ea,d6fdd47f332e57b0a3c90a7570e15152
4f06368130f3315fccccb862375d2f36,bb99694dd141b5e72c4618f2a7e197ff
4f06368130f3315fccccb862375d2f36,c1b42566a3fff77a26763a57f84af85f
4f8560872f7b26b31285590691f4c168,ce5c55b978ab4a45f8b176cccb78435f
4fc8d6da73bf4bab3a10a2469ddd7a7e,55a366aaac0bbec1449f8b6fbe5254ba
4fc8d6da73bf4bab3a10a2469ddd7a7e,6c44cfd588f9cff9af983d96ae1c43cf
4fc8d6da73bf4bab3a10a2469ddd7a7e,726b2e94e7b6d353f2c6e354e274efcb
4fc8d6da73bf4bab3a10a2469ddd7a7e,9826fd664df04bcff3c0588fe816c846
4fc8d6da73bf4bab3a10a2469ddd7a7e,c38331b000991a8d2b69d7747147f69a
4fc8d6da73bf4bab3a10a2469ddd7a7e,e7b4d14e233b5bdb02ec551462a9b7fa
4fc8d6da73bf4bab3a10a2469ddd7a7e,fbea3206ad212b808343de6d4682e075
4fc9f4692988b02668318f391cf7b150,b866ca0c0a493efce6b229efdc54ea0a
4fd800996801b0b3d86ed23120e0dd0d,e0fae8493b0ccdb52e1a9264a02b009e
50209db304b50b26d8427385c8fdf1a8,bd2f769bfaed8e3c3a905884020b9bd2
50209db304b50b26d8427385c8fdf1a8,dbd65d86ccc87fa17b22718310682994
5099ff443e1949920e0df7f13869be34,d75cfad42ea913108451e53241d6d35f
509cf47059a739b98f041f4edbb7481a,e82a559b0743d60df94bb54f7e8bc61c
509cf47059a739b98f041f4edbb7481a,f6ed98114e4cd5e3a6de5ff22b9ba502
509cf47059a739b98f041f4edbb7481a,fd3d41b1f02155367ca29f2526216db3
509f3ef4fac340e6628ce6e613afa426,904a79cd1270daf8719916e581b3ed5b
509f3ef4fac340e6628ce6e613afa426,d4453b416b28a1c67c0af474e2958abd
509f3ef4fac340e6628ce6e613afa426,eff642245681576e7e5c03ef51a2c418
509f3ef4fac340e6628ce6e613afa426,ff117305b9255f073e7859124b602686
50ad010a6aa9e9da0da1c098fa44d653,ed5fca0a71332285e368613ca8a892b5
51172cfb93aaddff49c815799e28fbfd,6ac76f65011a4445b0c98624da1da024
5120bfbccc6c79d08488d21df495dec5,dc497069a55b26ece3de5e28375cc44b
513b0d8488c385cd6c5d48deb04b5726,e79b1c64e371de3fb0c60399e066ff32
5141ecbcefe25b79e6cceb3771dc4e54,6f0234f7dd9a1d9dd73344f2e8435ee4
51614ee33c09b3303fc9b793523cb683,55e85bf56d05ca9f522295e4ae110616
51614ee33c09b3303fc9b793523cb683,8f38e3bf02a65d396d2a43f41c41a6c4
51a0248e1f34021a1ef4efd4d74a598c,735928c372e7011100019c6740cef70e
51a73ef0916db953ac39faee4ca856db,6bab80552dbbcc1d4e296726a8cea35e
51a73ef0916db953ac39faee4ca856db,a59dfebaf71d61b1015b984d6be41913
51d10a83abfd41f79c20e820b780b139,a103ba868b42da9848c95c1f0b93ab30
51d10a83abfd41f79c20e820b780b139,c654df1d425134a14c3d66e3be371e26
51d7480c39cc330d0beda58b5dc078c6,f8e51279cbea2c1f3d4e23874dd3285f
51f1f72ee3b555b7b8cbe7ecb0a78269,6a01b1eb40244a7b594579f9b75adc4d
521b7253390f646357b3b9be9360773e,6a7f5cfd3a7e1c9765fd32a6b3ca7681
522edefce5beb511eab9b36e16a4cd20,72a96ce5babb92728716e64fb6288ed6
52571407ccd22e8fdb2e6678269d7029,f0d17dd166223af3754e90af07924101
5265b1926c963f3ce6e0d453e1c53c28,8e247b76866ed8ad38555c16db080f68
5265b1926c963f3ce6e0d453e1c53c28,e9fcc0083760042f3b8e863f527f4f07
527c153638f281ede532896cfa264106,e115bc70ebb7c5ebcd6ff4726ba24cee
528ba1151133d8f78c29d4b676fdfc8b,570fbcd78a8bb61348a7389f069e6340
5291636a354df8f2a8995ff3cd50320b,a20fdfb2fb8c71cb0cc4c7d7edab056f
529f70b3f5c78398add99763d5574709,8642b4616f078b51c82a82bcea7fc903
52c4145281d64ac744727795a55dc54b,91d1782a00f3d48f903a575628a26805
52c4145281d64ac744727795a55dc54b,9b932c4d6cac5051ed9f171462df9c8e
52c4145281d64ac744727795a55dc54b,d569c3755af328c7ec85ded60d46275a
535aee3e2bb7c28b2252fd58957beb52,dfa8ddad7670ff6be7db0c60828a7733
5385503e3793516a8a7a092804578749,832ebf821ecaa302428bddef700d2b44
5395d2f15099e84a6ceb701840bc885e,e9f85d11284403adb130924babacc4eb
53cf74955142031e03a57712c8fef7eb,f430042104cce5cd0001ec50b768a8bb
53cfe800d2fb1f74954c5e92c7353ed7,fa528f8ca959d43b63c4fe52cc31c4b7
53db524990260f35d481dd07783735fa,54060a00c6c12bd9558e575ed414a99a
53db524990260f35d481dd07783735fa,7aebad460e217188c6bf24fe559367c3
54055f2ef65e62a19ec93a94cf05fcf5,d4a62845e00755574d5d6bb9c441d589
540a6b050a2ea5d8f3e2dbbc38715bbd,e27c951a2af85d6a001a03ee29384cdc
5425ff621b483de28bfa6cabd35284f3,a59dfebaf71d61b1015b984d6be41913
544a19c23b6ce27a59bd21acc44893fc,61895c03307c9c1fd4444cae2c2bf597
544a19c23b6ce27a59bd21acc44893fc,810e59525e5d835a02009bd347186891
544a19c23b6ce27a59bd21acc44893fc,9991cae32cb6107c7ef77c7b6fcde175
544a19c23b6ce27a59bd21acc44893fc,ab56d03c7fcf910e9919b311176f7e69
544a19c23b6ce27a59bd21acc44893fc,cbe5fb2c72337dd65d7f24c8e801e3fa
544a19c23b6ce27a59bd21acc44893fc,dc5df52cb91fc14afec0b7aae13d8cd2
546a2d013c5442e8994b96e45798cfb3,5c954163a01ba1ab8cd91a053d8c3239
546a2d013c5442e8994b96e45798cfb3,8fa0b631f6c012830e1940b44d8c4a4e
546a2d013c5442e8994b96e45798cfb3,de3c6a7f77318c8eebfb9a33e8b6f628
5478c9eb0af996f693ecdf059be6dba0,553d74f2ac89bcec2afcbe37d647b19d
5478e6b349f8a6847f45fe1ebffe32d9,6d2bb70899817a5b970ac12ab359f483
5478e6b349f8a6847f45fe1ebffe32d9,ea2af5aa57138325cbdc7d582c812152
549739ddf37c9c4bf43c0ff911f75cd9,62eba28c75e2218585cb43cdaa77b09d
54a523be333cd345ae5831c6e74f05a6,786d3384132fbdab936acc99b59808e8
54a523be333cd345ae5831c6e74f05a6,96211d92c1d2ef20a209423a221e874f
54a523be333cd345ae5831c6e74f05a6,ea8d9aed576beb0e7c8d1703071c1562
54c6713680514582570007bc3ae73c11,692ae9f0de5851263f5390ff1a371963
54c6713680514582570007bc3ae73c11,7e280e256c28bae9a9bde07997812cd6
54c6713680514582570007bc3ae73c11,86403cc36244ba5c2aef22684e9b1d04
54c6713680514582570007bc3ae73c11,86f24fd09684c0fb0323feed1cc1b600
54c6713680514582570007bc3ae73c11,aec8524612a4b6ba0a13a4faf5f19507
54c6713680514582570007bc3ae73c11,fa3c8ab7e0077dd9c0b644ed56c9f3c5
54ce3e771b5008810cf606851c804916,e75979f03f82a7720090af4ca3b494e3
54e03bc1d7d07feb4c6ea2fea8e028d3,b2bc974ef17ddff83a18bd516a393140
54e34b7944b7da7084d9cdd49e342e02,6f1a70c3075213c94d16150f58d48c35
54e34b7944b7da7084d9cdd49e342e02,ad4adb98442547bedda170941f0a1d15
54f882fef39e7fda682adef01aa66787,7d925451d4c43f5be99808d5dc588a7e
54f882fef39e7fda682adef01aa66787,c1d64f0550331a75f225738d27fe6d6c
54fa9af422a7d1cfda73cc77fd08e161,b6a37e2f29447459970fa8ceb72c7536
55441f4fdf82358d95d85240a193e537,63d9ffae204bbe333df5a221799e2cc6
55441f4fdf82358d95d85240a193e537,c034861083dfaa440521f75aab0a9314
55441f4fdf82358d95d85240a193e537,ef79cafc6690601cf97469a0bbef7f27
5552ffc584144173ac833bbdabcccf5f,8721992e59a224556fb90d5c80d952ee
5552ffc584144173ac833bbdabcccf5f,a219d5728c2d7b30dd1d33a581000cc6
5552ffc584144173ac833bbdabcccf5f,bb91e1330cf4dc732a408894c760d6ef
555842073d928315d71ae254f6e0f5c6,a9453bd0a21a714d0748762306d1dacf
5560c9861cb82bce40fee4097a5268c2,d3f3fa8353274aaac0ce0788fb7ea645
5560c9861cb82bce40fee4097a5268c2,e263b20eec9826e6ff2763c589fae66a
5573e85bd4230dd27f5c61acc28426ad,6ba8c63a439c2f4944dcb8632b9b39be
5573e85bd4230dd27f5c61acc28426ad,7790628068a7fb0afdd99ab2d1fbfc6b
5573e85bd4230dd27f5c61acc28426ad,a02e9be6ec1cb4b6fa52bbfc96cc24bb
55a32fbdf560d437ef3c5b53971513c0,5b3e075d2929e428019149ea19685f7b
55a32fbdf560d437ef3c5b53971513c0,94f6fa0db23125fa3ea668e5a26225b5
55a32fbdf560d437ef3c5b53971513c0,ce5ccccf397c18ecf94b0940afd70daf
55a32fbdf560d437ef3c5b53971513c0,e73d7cd43e297ac62fc355a731bf5709
55a32fbdf560d437ef3c5b53971513c0,fa4c28825fc8e8874e477dd78a5c0e3e
55a366aaac0bbec1449f8b6fbe5254ba,60cd47554e91cb5c4f490ab5af2a65e2
55a366aaac0bbec1449f8b6fbe5254ba,6949f748cdb286cce14b733c937fdc29
55a366aaac0bbec1449f8b6fbe5254ba,6a342d05313a3d8e8c12be85afb31dfb
55a366aaac0bbec1449f8b6fbe5254ba,75a036d4e8b5870d45241cb744020511
55a366aaac0bbec1449f8b6fbe5254ba,8308a1eebcee2fca8d8cf4de7814f259
55a366aaac0bbec1449f8b6fbe5254ba,b12e9e60ea07924a2d7b5aeb77eae6a1
55a366aaac0bbec1449f8b6fbe5254ba,bb00b6937b6e5d43e044e6ebc0110307
55a366aaac0bbec1449f8b6fbe5254ba,c38331b000991a8d2b69d7747147f69a
55a366aaac0bbec1449f8b6fbe5254ba,d180700d222921a5ef2f4638c2922299
55a366aaac0bbec1449f8b6fbe5254ba,d336d46f25f46c528d10bc3b3a14076a
55a366aaac0bbec1449f8b6fbe5254ba,dd31bfcdfd493f71d7fa188e30f5adb3
55a366aaac0bbec1449f8b6fbe5254ba,e2d6415197d02f36bc0b141ed7c905e0
55a366aaac0bbec1449f8b6fbe5254ba,e7b4d14e233b5bdb02ec551462a9b7fa
55a366aaac0bbec1449f8b6fbe5254ba,f891037b24d6542e97fa551047ce4ba4
55bdcfff2df63d791273112c8ab23229,e0889288891f906629a29d52e50524bd
55bdcfff2df63d791273112c8ab23229,edb161b58f3d58a55e610536a75e25a3
55e6425409f3265453f3073092c9c1a4,b354e67ae11a29e6d20e43ee80e1eaf0
55e85bf56d05ca9f522295e4ae110616,8f38e3bf02a65d396d2a43f41c41a6c4
5604c68c35ef59d253ac6c5da82e3e7e,ef7e573bbd1a9e50b054cb6ca31dfcac
560ad78cf21b5acda97bae701bcdd384,6cf5677598a3efbb1d449f06a56eec29
560ad78cf21b5acda97bae701bcdd384,877ff1d3b5b9ad81999f77130e7a8b64
56711e1b722b2788bfe122a438854e12,64d7e71328bebb1dd44a6f50519691e9
56711e1b722b2788bfe122a438854e12,a7bee3a35ca3a4eda3372d4ffc66115a
56774a519875bb53a76d97ef792568a4,e1fc43832018ad4ac6f2e10410da0b37
568794320c508ba6536115508c4aaca3,a7717c2d7f0a1c7a0a34c752f87cb848
56891bfe42f75f07645f6736f344cc58,f90c81e1aebce59526cb47f85e345229
56a1bb7df57f49013937f556041df9cf,a5a2255a08948e87a56f3feaebef5cec
56a1bb7df57f49013937f556041df9cf,d5a6ab3ab1268f4ad0da8020cc112d2d
56a2f6b33ef6dbfcc46d74a1cccab528,9d19aea8334285a9b33383aff2c5fb71
56b6c49b151d90f2a5bb3bec30644ab3,5e0bb9f20f691a44dd5b96b4f1b96335
56d2e05bcbe129763019f79881ad2478,5f25bc30027f10b12d57ea4b93f2619f
56d2e05bcbe129763019f79881ad2478,6ad8d754a32f5ad8fc13451c5c683aaa
56e7f5ca6268481e3917d1803a771e5b,68194ea54ac08f133958269028f3ce7b
56e7f5ca6268481e3917d1803a771e5b,6ca345fc8b0483d454486ec402b49708
56e7f5ca6268481e3917d1803a771e5b,db24c690ba604e4c331feed5d92ca7fb
56e7f5ca6268481e3917d1803a771e5b,fbcc8ae7afc58898ccd49a395a009a85
570fbcd78a8bb61348a7389f069e6340,5da89960a1274df596d7bc84ac9b5786
570fbcd78a8bb61348a7389f069e6340,ceceb99e84f5ba9f108af23e4fd2eb54
5756231d5198ea2b3ab62ae459538237,a10aa422eb769df2613d82475d64ae94
5767c418fbd187c3fd8b3a056f1fbe2b,cbcdf7872107ef3f4ca8649fc7bd2c67
5767c418fbd187c3fd8b3a056f1fbe2b,ffeeae5228ebb2ea252f42368d084e12
5773cb324b91b989104109a175e2b690,b696a8445fde8558c5ecbb3aa7500ad1
57874b67f062e434e1dd7b796ba59729,f2ee55101abcb92dab2b6013cd2f8437
5797e66f3980ac5b917074c4a90fa1b8,8fda3f94c9911123d3c480508616f91d
579a580bce11bcd1d1ec3fea6911a4ad,652799a7ea760b9da43546710b4a91c9
579a580bce11bcd1d1ec3fea6911a4ad,6848826a0f86de13450a0ce8caf8878d
579a580bce11bcd1d1ec3fea6911a4ad,83d9425780cb7121b249f5be3dd1d450
579a580bce11bcd1d1ec3fea6911a4ad,a163e814e3b752fe2193a809bbd31ff0
579a580bce11bcd1d1ec3fea6911a4ad,ac5baedada70df463383868d3ab9d22f
579a580bce11bcd1d1ec3fea6911a4ad,b096405376b84c6ad0968f0a3472e518
579a580bce11bcd1d1ec3fea6911a4ad,d48957e2e5bbef3743f68fce2931931c
579a580bce11bcd1d1ec3fea6911a4ad,fa5c020aad3a9dd727d5a75ee03e8841
579c2474b87903d218c9bb7263ef7c4d,9ed616cfddada7e47c1868ddc4e76e74
57a2cc9e0b26f857ae21ba297dc3ca4c,98608f8aa5ca3659583fc6651412d433
57af15381ef27c41c58afa8e1ffa2d4a,6cf645d6787bf9b6e600145a798cb5b6
57d28957bd2f73ffeb180bdd21169803,fe328c84f6222f81d7853572c641836a
57f0995971befe2099b5e1fe4112b212,6bb356317ebc1d936f2c49239b0ee755
5803c0d098364d3fbe642345f4f1772f,5cf202f14c62dddded520454bf9753e3
5803c0d098364d3fbe642345f4f1772f,bde6f770ab03d9a378e53c3a65162090
5831d5e22ec37d75b706cbbd5323dd5e,803e881faa636490c9b9a7d7990098ef
5832c6e5d49b0de40c189afaaca1695b,7e57f77547bdc9e613ca713e7f439377
5832c6e5d49b0de40c189afaaca1695b,9372d51d18de9189bfbb9c0f79424b2e
587cb0e9f8dffc7b74d201b73af09bde,605d9f57e27f7fd1a5b607ee96c5be8f
587feff6c2a0a09ab26ef296dfd0a6c9,ef06bbbb16531acbc87e821fcc551a51
58ae79464bfdac7f92fd42d50928aab5,c7cc9cf1369dd1ce63f57de7ddc7fbcc
58ae79464bfdac7f92fd42d50928aab5,f1a3b55265667545142e8b72b2a6fdfa
58f70b2656aba520367493966ef31560,6b3d4249a121b219cdb429ba577f5ab7
58faa01830e262b4468b343ce9e919a9,e5daeba28c608b75ebf619d672deffaf
592039845c2a0063a8fcdfde7a9cca37,6e47051f5142cead8552c310e3233a11
592039845c2a0063a8fcdfde7a9cca37,abe08c2061366a80946588335da1ddcb
592308e26139291a7c3e9d595f0f0489,8ba6e044a6a98cfb7263faf7baa58200
592308e26139291a7c3e9d595f0f0489,8e23c01d8790b5cea05e36a00a7ae666
59309a303a5f65a298d7e8adf38b7c0e,fd91b85ef167005a6194c85c2ed3f7e0
59460fe3931e231ad009f6fbc8b106ad,66c479e5810ec786cf233f69a4021a33
59460fe3931e231ad009f6fbc8b106ad,abbdac1c40814724727e49e526958410
59460fe3931e231ad009f6fbc8b106ad,b82f9b338cfdae2ebe58eb373dfdc647
59460fe3931e231ad009f6fbc8b106ad,b9193aa2fa77b952db6f429fddf1446a
59460fe3931e231ad009f6fbc8b106ad,c80ed6e4aa1f251f35952653b7c9ca8e
59460fe3931e231ad009f6fbc8b106ad,d13f2f50ccbac11b54505dcfa7f24b42
59460fe3931e231ad009f6fbc8b106ad,d839077d8878f171d1416185d1ca0403
59460fe3931e231ad009f6fbc8b106ad,df74ad4adb9037e787a272d134a9cd78
59460fe3931e231ad009f6fbc8b106ad,e115bc70ebb7c5ebcd6ff4726ba24cee
59460fe3931e231ad009f6fbc8b106ad,e676ef6ba238243a8a4f1c62f8d64473
59460fe3931e231ad009f6fbc8b106ad,e79b5300069781f4b1062d65b457eb20
59460fe3931e231ad009f6fbc8b106ad,e8f04bfd343f047c0eca593606a11e0b
59460fe3931e231ad009f6fbc8b106ad,f7d267a7b924b951afd9eb7c22e11507
5947703b5f853d5755e76cff8043841a,acab53fff22defbd853a85810d1cbec8
59756c0ad871fd6288e83b886e96422b,7cfc2e2b09b73042bfd31f285ced217a
5982d24dcc54fb53c77c616640113ebd,6ac76f65011a4445b0c98624da1da024
5997cda6c8d724e1ca35d7e840505e61,d13f2f50ccbac11b54505dcfa7f24b42
5997cda6c8d724e1ca35d7e840505e61,e55dedc1d16c8bbfd3e095ff7ec6f485
59f9298e61e2857171ea70c03e11e95a,cfd5231e996695de9c2832962d10890f
5a0539f6284f1da9fcca1cbc8bd6a7d1,84291ba2051658a4d2a122d1480cda3a
5a05875c0eaa65c4b565a4f95d45bda9,8949e757174b41b189d78eb1f8f0b3f2
5a744432073956c05447deca5e8d0baa,9bd7455e4c76d2a94de4c2a239c7290a
5a744432073956c05447deca5e8d0baa,f39c410805856970849b9fc0772ae260
5b0f10289fb3b62e8b338b8a8655fd4d,ed80c0f3cf8213855883378b95077183
5b34e750f157a91ed37ca52040218767,9b932c4d6cac5051ed9f171462df9c8e
5b3e075d2929e428019149ea19685f7b,94f6fa0db23125fa3ea668e5a26225b5
5b3e075d2929e428019149ea19685f7b,ce5ccccf397c18ecf94b0940afd70daf
5b3e075d2929e428019149ea19685f7b,e73d7cd43e297ac62fc355a731bf5709
5b3e075d2929e428019149ea19685f7b,fa4c28825fc8e8874e477dd78a5c0e3e
5b58b0675a936ef90d92013bc5d48ee8,5b9e556d324065d0209ae31f6c773dcb
5b58b0675a936ef90d92013bc5d48ee8,874c4b6ebe079b862aa40db00bc225cd
5b58b0675a936ef90d92013bc5d48ee8,92bd1911c496d80a79230f233526cf52
5b58b0675a936ef90d92013bc5d48ee8,9b6635a717de289bafc0b330afdb089f
5b58b0675a936ef90d92013bc5d48ee8,a9e823471a703fe143a1868b517dd99a
5b58b0675a936ef90d92013bc5d48ee8,ac99a3eef748770637fd310aa6368879
5b58b0675a936ef90d92013bc5d48ee8,c7392a076260250086e15afb38980a57
5b84b229e251b34fefc79ceb1a0114f4,e46dbc07720f50f0f428a4f7ed3326af
5b84b229e251b34fefc79ceb1a0114f4,f6d1645468ef50fb0accb2d38d2bfd1e
5b8508c9a698da860d623a7641f7fdda,f45123b6080c50461e52be3c6b9f323c
5b95934a30c88d47527062ed1ebb5f86,a26125ddcd8dd3ac8f1556fb735f815e
5b95934a30c88d47527062ed1ebb5f86,bbb10f4a23f2c9dbe936570571d11fc8
5b95934a30c88d47527062ed1ebb5f86,dc3d9268a0548f0f7c4b5226c415a359
5b95934a30c88d47527062ed1ebb5f86,ea5424f299d585f1d28d1806fabdcfae
5b9e556d324065d0209ae31f6c773dcb,9b6635a717de289bafc0b330afdb089f
5b9fff95d071c7158c9a2a3d39f2dd24,bd2f769bfaed8e3c3a905884020b9bd2
5b9fff95d071c7158c9a2a3d39f2dd24,dbd65d86ccc87fa17b22718310682994
5bab2b801a9ce6b221c1c4d059b62ff6,64f1571ff1f3eb71e805d61a23c42c47
5bab2b801a9ce6b221c1c4d059b62ff6,e98c66c6ccb8ada369ed62f54ba8f28b
5be34dadd6c8c8b92aad4a26821f2cb7,ca9a38d62b07e1978d66523d2b194cfa
5be34dadd6c8c8b92aad4a26821f2cb7,efb27db69d41551b6f38e30d37578fc3
5be34dadd6c8c8b92aad4a26821f2cb7,f94aa1ec2a5ff5493f80b730da1e56ba
5c18c9529576e5ce3280918af71b1c45,88c97c8a0560bad01e8e7ded312fada8
5c198291ceb61ff14f168d75c5418dbc,a104f15d16bfe3e445b8c2dd30a7cf39
5c954163a01ba1ab8cd91a053d8c3239,8fa0b631f6c012830e1940b44d8c4a4e
5c954163a01ba1ab8cd91a053d8c3239,de3c6a7f77318c8eebfb9a33e8b6f628
5c9dfed2a57c4074b76c2bd9f4943cf5,a8e338b6acf56efddf9403b8bbcc0fde
5ca6fa318cc7ed0b3dc7459b43dbe22b,9cba45d6262ae07eee464b459e911e6d
5cf202f14c62dddded520454bf9753e3,bde6f770ab03d9a378e53c3a65162090
5d06715f2794980a4e7b3d15c1c93261,b8641f5c8ead2ea43cdc533772bed3e6
5d140f5c12f452e944684ac96d052089,63635d3c2583716a4af1b6b8f664435e
5d2050bd6eb2a43e8c7ef7528ca5070d,7373ec83e883ce19ac92a3771db5188f
5d72db77e48d52821c1f627f04cd2025,69f7cd2ac1a91f19c0a660bb486ee86b
5d72db77e48d52821c1f627f04cd2025,8521a9e3597313e95ee42b88f9ea6bfb
5d72db77e48d52821c1f627f04cd2025,9b49c9052ac5a26468967291dea8f9b3
5d956cbfb68f8eb8de0934dd4a68d47e,f8caf4c7090997e06a582857efeee742
5d99660298d1f43b1f756c10578fd789,8732f77a391fc39cf65d74f5dfb78ec2
5d9c5d798c971de1660c68957a995850,bcb5ef673038e849f6efa95a32e1b5cd
5da51d0751906a9cc581519cc766462d,a8e338b6acf56efddf9403b8bbcc0fde
5dd6b9c96139e8f04ccf475bedea7647,759e17531ec296d4432bca0dbb7a24ba
5ddfe9d5a1f44297ae74207058c762ba,a70a395cacc41c23c2f773c0d121c8fa
5ddfe9d5a1f44297ae74207058c762ba,e12bd21def3884f5dbd480396b164db0
5ddfe9d5a1f44297ae74207058c762ba,f7e30e04dc0b84d3078b6852d88bc7e6
5e09dfc1845c6e0b2c7570e080c6410c,9b8f1fcd0162782bf9c064c5ff57b9f3
5e09dfc1845c6e0b2c7570e080c6410c,e32948bd34e4a0ffb07e726038232a82
5e09dfc1845c6e0b2c7570e080c6410c,ebb85264ecc405596bb7110a7f9329f0
5e45fab83d051365e11e8b0107b599b0,6b4038f57361e684461dc4b33dcaeac4
5e6ce5d63a19fbf091bccfa962242d96,904a79cd1270daf8719916e581b3ed5b
5e6ce5d63a19fbf091bccfa962242d96,d4453b416b28a1c67c0af474e2958abd
5e6ce5d63a19fbf091bccfa962242d96,eff642245681576e7e5c03ef51a2c418
5e6ce5d63a19fbf091bccfa962242d96,ff117305b9255f073e7859124b602686
5e6dfca3dd8542572133578cd7979150,63635d3c2583716a4af1b6b8f664435e
5e847f3549b1f0cac46dc6b94ed77655,79db83c0c9ccd9201f04682a0926cfdd
5e8d25b89963f101a2d789365e73618b,803e881faa636490c9b9a7d7990098ef
5e8d25b89963f101a2d789365e73618b,c822565c964dc59e816f1725c6bbb8e1
5f1cd7f54fc4fd597dcd51a397ec53bd,bc24c62e31d3f2a7e41c2265ec5a8de3
5f25bc30027f10b12d57ea4b93f2619f,6ad8d754a32f5ad8fc13451c5c683aaa
5f25bc30027f10b12d57ea4b93f2619f,ded30ff377283c0271057a560e2714c7
5f2945ce66f30e505afea9397a12a17d,6b9e9367d08076cce7becea16846b057
5f2945ce66f30e505afea9397a12a17d,a1f9e3124f18f8e11be9b89f403d2766
5f2945ce66f30e505afea9397a12a17d,bb1fff9517465e697f26d3b2da83689c
5f2945ce66f30e505afea9397a12a17d,bc35b46dbf468b3dd7ae13582acec3d9
5f2945ce66f30e505afea9397a12a17d,ea8199565b57d879c3fb705cb9deb359
5f2945ce66f30e505afea9397a12a17d,f6ae051ea509b49908458b6867fbc95a
5f9d207d50566e0f531e7edd9a141711,6cf061ac29b611b7d592621689817282
5fc0971f37dd7f82cf891bd1c6114c9e,6a3db21c499c9f94bf8e84344c698ff8
5fc31c020c67a57b64923d16833e8211,87002e16a03f5f155334ad1873320bd2
5fc31c020c67a57b64923d16833e8211,ae7ecad52e92dc9add38c0c45aea79d4
5fda9b8c0866d7aa381f60805e849dbb,904a79cd1270daf8719916e581b3ed5b
5fda9b8c0866d7aa381f60805e849dbb,d4453b416b28a1c67c0af474e2958abd
5fda9b8c0866d7aa381f60805e849dbb,eff642245681576e7e5c03ef51a2c418
5fda9b8c0866d7aa381f60805e849dbb,ff117305b9255f073e7859124b602686
6048604f6dbd0de5a24ccc03e15e88bb,7809ba95e40c0f75a16678c85f8e33e2
606a61d0ea4564a70d33076168446017,ed3fa0f1510100ef29e478b0363912a8
6086159d04ce42b9c06034ef8b5d58f6,c6b748c1215bf44dec34bd187e7af95d
60bd794e94c3e72aa4bef470e40ffc64,9905563e8c676a9f8fb4683f5dd12dbb
60bfdae057d05c315c53641b66fad8ad,e1706e7bab99c669a0cb0479b768e0c8
60c0a4c9bfbd80b773f2e3de4791ecc7,66adb7a9d2e729bb202cf778ccd3f308
60cd47554e91cb5c4f490ab5af2a65e2,6a342d05313a3d8e8c12be85afb31dfb
60cd47554e91cb5c4f490ab5af2a65e2,dd31bfcdfd493f71d7fa188e30f5adb3
60e0cedf4abbfa356987d6511f12ae1b,7809ba95e40c0f75a16678c85f8e33e2
60e939b30826c82f63a1c6f520996976,fae486deff4396f922c5d3821bc8ef2e
611709544ee25f4802028abf1d6ae903,e4401e545b2159a8cd886dae595be58e
612e602ccf992f50d916d8589a2d528f,ec798a6eb72d082c32cbe0a1f72bec5b
6152992e3f18b14aad3013ecf81c178c,69f878715d32c81f0d63781edb2912c2
6152992e3f18b14aad3013ecf81c178c,80c569c9594cbf986ee993730f920f86
6152992e3f18b14aad3013ecf81c178c,d6181d340505785ab63a3d96211f5b7b
6152992e3f18b14aad3013ecf81c178c,d7c8d668082e539c68a9752dd1a27b54
61895c03307c9c1fd4444cae2c2bf597,810e59525e5d835a02009bd347186891
61895c03307c9c1fd4444cae2c2bf597,9991cae32cb6107c7ef77c7b6fcde175
61895c03307c9c1fd4444cae2c2bf597,ab56d03c7fcf910e9919b311176f7e69
61895c03307c9c1fd4444cae2c2bf597,dc5df52cb91fc14afec0b7aae13d8cd2
619b64ba7a9fc29554080b8d108b8413,904a79cd1270daf8719916e581b3ed5b
619b64ba7a9fc29554080b8d108b8413,d4453b416b28a1c67c0af474e2958abd
619b64ba7a9fc29554080b8d108b8413,eff642245681576e7e5c03ef51a2c418
619b64ba7a9fc29554080b8d108b8413,ff117305b9255f073e7859124b602686
61a35a28940c4dc64df43f2d89c6ec13,6ac76f65011a4445b0c98624da1da024
61c229ebe9000da0ed8833890e441129,6cbc11b19d3ab8c4cfee1ea49bf8ad60
61c975302fb8ea4a6c11a354690e3856,ba04b7af11925e4ef3bc4134e5f6f820
61dbe230b615d11a18666fe67987a669,b023d247f46c87880e90b894fb14037e
6248d4f9a9a10579c05b1477d506da09,d0c13a514e49efc0f9ac0b64e9394044
624f3f44ecbca670cc3d3eb60814de96,ce3bb0857b59fee6d0a68c8d18bf43c4
627ed6e7439a003c63aae80f52f78edd,c6b3df7bf3ca375fe71a3b1a224a21bd
628ad12e38af6adf284248f68be735ac,6cdaf956264731a363d234a854874818
6326351c2faefbf3895126069a8130cf,b1686544dccebfb75846317e63cdabc8
6326351c2faefbf3895126069a8130cf,d6106c1ab720e9d333d591c19d863bd4
632f421dfd5b3f8fc2131cbbac217956,b6f5f3b471f9b99402dca6a3ba3f269f
632f421dfd5b3f8fc2131cbbac217956,fbdfb8d727ffca53a7960a2daebcd356
633e6f80d4a33d0735cd7319360bf89b,c268371bcf45bafae0149f58aa770071
6348c20bfaaa71c58e242883d455c600,f8cb4ed42ce2742a31be782942a439bb
63635d3c2583716a4af1b6b8f664435e,ac7fb477e8fce82fedd90374326c048f
63635d3c2583716a4af1b6b8f664435e,b372ff2b69e71c7fc0986a70565313f8
63635d3c2583716a4af1b6b8f664435e,b59d00c29011cdb68b9fe4e231bd91cd
63635d3c2583716a4af1b6b8f664435e,c0863e8bd2a974faf49fc58fbc30bd98
63635d3c2583716a4af1b6b8f664435e,dba547fa650158f9b6f8d4a7651fba9e
63ac437e30889ebdf8d2b2f9b80f3a47,a4089dae74a1c594a315d0bab7cc38a0
63ac75f5b6d220949c31baa778735962,84a9c1f83d820387aaefde63a2a4d688
63b20e26f162b140171718f484ecc8c1,f5fbcc33ee887bde2d953e9c51c98e0b
63d9ffae204bbe333df5a221799e2cc6,926a350dc2e1e69bbd3c2d14220301c0
63d9ffae204bbe333df5a221799e2cc6,968bac117b81f824cfca6bb3bea37d74
63d9ffae204bbe333df5a221799e2cc6,c034861083dfaa440521f75aab0a9314
63d9ffae204bbe333df5a221799e2cc6,ef79cafc6690601cf97469a0bbef7f27
63d9ffae204bbe333df5a221799e2cc6,ef994d8a0aa749c57a608e9ebe353fcc
63da99ba2088edae7609b9722c36bcf3,b5601b42e7a8f4a872660eccec14d5a4
6402c5f60b6a764aa85d791d5b1d289f,8f1e7703c9334dd09e8ae58f608a06f9
6402c5f60b6a764aa85d791d5b1d289f,c9a8cee1086484b35f684a1e3e930a57
6402c5f60b6a764aa85d791d5b1d289f,cb4c704aa9dcc5179e2a61663e1d45ad
640c9395d94750fdbfc268db19fa89e2,e3919335406f87b55404d2d97605371d
643f7a51750640fb5784a4abf74932af,fcaf944b704620c0d045d1223ec21ad2
645e561eef575046c1eeac5a26d54e96,7809ba95e40c0f75a16678c85f8e33e2
6477561a89157bc2ae38b68355b004ec,80bd5bad9b1df2517d985ae12e3bb249
64911e6b28244510eaa098f47fdac812,e537df830b8da63df27ea26b0601b214
64ba1ab0af92a31b94c1a1fd9cb6ec54,71d9f288117294c63b9896036cd1c02b
64cbd70defe3a55938cf9a071320a50e,9947b0bd8c5924d97969016af3c31cbd
64ce0b29f3f12754f7a12182dad930af,83da39a504cc6ecf41bc8c9b9ff94a52
64ce0b29f3f12754f7a12182dad930af,9d3a03ed4ce931911ed7314a3abd7d10
64d7e71328bebb1dd44a6f50519691e9,a7bee3a35ca3a4eda3372d4ffc66115a
64eed55ffce0e96e4d2c2813f8263dab,f7272d3953cda916e8b7b0a64376708a
64f148cdf7ba36c6107544e19a90fa0a,86bbddc93e463b8e0b20bd538ece6557
64f148cdf7ba36c6107544e19a90fa0a,ca0bda98342e725adce4feaaf294212a
64f1571ff1f3eb71e805d61a23c42c47,e98c66c6ccb8ada369ed62f54ba8f28b
650f65386728bf749d5e69ecf298e179,a635d3da5d8e75bb173a86a93b3da27f
65145b6e396bd30f2959925786ea5b6b,a64a49953a69428cbc302c84ec29a265
65178f4d273c91549cb904540ec47e36,cc9273f8006d117d7b170ef57286d654
65178f4d273c91549cb904540ec47e36,fda1d2492169a08640185ce1247a770b
652799a7ea760b9da43546710b4a91c9,83d9425780cb7121b249f5be3dd1d450
652799a7ea760b9da43546710b4a91c9,a163e814e3b752fe2193a809bbd31ff0
652799a7ea760b9da43546710b4a91c9,ac5baedada70df463383868d3ab9d22f
652799a7ea760b9da43546710b4a91c9,d48957e2e5bbef3743f68fce2931931c
652799a7ea760b9da43546710b4a91c9,fa5c020aad3a9dd727d5a75ee03e8841
653aca551ae365c27fab0dfd9fee8f9c,6aa977ebcb6c958131854f39bf7d35cd
653aca551ae365c27fab0dfd9fee8f9c,a8d2a444b633400feff4daf098100efb
653aca551ae365c27fab0dfd9fee8f9c,fbea3206ad212b808343de6d4682e075
655235e72a8dd50969949edc665b759f,a1bfaba27f772e62a2c65fc885584db3
655235e72a8dd50969949edc665b759f,a408210dfa21ef9bac42e5792ba79392
657326c3bba22cf8e647f5bfb918dfa5,f430042104cce5cd0001ec50b768a8bb
657359e930bd00e4a2eef5bdac2f7fc7,d30448a8be040097aa496df65e63e047
6591d453c15c2530214553a841007e01,ed49292f223f0a13f48dcc177619f60a
659f89aeaf91b16f683f2fac5aaf20e3,c141f286af5db8d4368447fd6719278b
65b40c60c59121605b24bc06bf6c1b6a,e99f6d65d8c58c2f194112f4c2bd0cf8
65dc1976746d1258ee8e9c47097ed473,d6b3e2218aa9aa2d899bde7c3d5a8077
65e753e3a38206f9c2beaea04c4276e4,90309c7bd1242e234d85978323a4b648
66127c1721464cd58d05a199ced013c6,d0f9d7f243ae625def545d3b94eaeabe
662df0bb1411378bd1e0d96a43dcc4a0,bb53d472610f6dd85e7fe42bd74dc2a5
6664a2e3b1b7db80933258270636a025,baaa92840ed422cc62c6acc5d0c232ba
666c534c53d59fba7e0739b99cff7b9b,ce8499dfc49169c44a736f8e927b0ee9
66adb7a9d2e729bb202cf778ccd3f308,7751f076353dcaad85d6ea3effeab3b8
6724bef652798147cb55a2305b7294ed,b5db3423a237e1d44df07c012c6746c9
674d49202daea2050b8fa64b848a3548,8daa2af486750233baa007f5f8fa0264
674d49202daea2050b8fa64b848a3548,fe8b7f3b81f588228445b83d721b9d65
67b70b773b3e6a4f8f48c127e2d3f510,71a9b4a726e853d0a572ecbc9cc5a4a5
67b70b773b3e6a4f8f48c127e2d3f510,7b0f962c79a73027d9781d9a961a91d7
67b70b773b3e6a4f8f48c127e2d3f510,bc94858259eb423f10a37da22d37ec8c
681120ab0c8c977efe030a528ad68339,c772fdcf38a089d61400f00584008378
68194ea54ac08f133958269028f3ce7b,6ca345fc8b0483d454486ec402b49708
68194ea54ac08f133958269028f3ce7b,db24c690ba604e4c331feed5d92ca7fb
68194ea54ac08f133958269028f3ce7b,fbcc8ae7afc58898ccd49a395a009a85
681f464421b3bd44249bf8bf7e5d9807,9902b7db55db2f04ef004c5f27bdfe9b
6828a0540c2dd2d987252d44d5f5d9db,70da2ba61f8200e7291bbbfa4f2d2c90
6848826a0f86de13450a0ce8caf8878d,932cff75fcf4f335da942e216de358ec
6848826a0f86de13450a0ce8caf8878d,b423d86ec7a9e11c671d08457eff7b7f
68552b41099df703c708dbaab64d3f8f,8d48db1c54941f9369a10683a6c1f51f
68552b41099df703c708dbaab64d3f8f,aafa25d08c755a42e7bc379524653272
68552b41099df703c708dbaab64d3f8f,b672e51de2951608fceaededef64c0d4
68552b41099df703c708dbaab64d3f8f,ef1467b8676e931377d329e4f21b116a
68aafe88a1cace3b37bd2303091dfe99,8ac2b71eb4ece9c898b05571e8dccfcf
68aafe88a1cace3b37bd2303091dfe99,e82a559b0743d60df94bb54f7e8bc61c
68aafe88a1cace3b37bd2303091dfe99,f6ed98114e4cd5e3a6de5ff22b9ba502
68e5b071be2f63fbd875758b613f1316,c8508a2518b9e1bf578751549f5cdb77
68f5348cc7f55a6662a0805819a75de3,7b71a5bf5593c30b25c97d4291357340
6901531809dc0e341de5db809597b1e3,75480b158d8596f4ac22c642182c99bd
6901531809dc0e341de5db809597b1e3,83e489d0b8e05abb65c05f6e6ae8f3e0
692ae9f0de5851263f5390ff1a371963,86f24fd09684c0fb0323feed1cc1b600
692ae9f0de5851263f5390ff1a371963,b298035e3b84c091154a65785f4b7ea1
692ae9f0de5851263f5390ff1a371963,f2933e10b3594019fdadb9b46c80b371
692ae9f0de5851263f5390ff1a371963,fa3c8ab7e0077dd9c0b644ed56c9f3c5
6941e05ca6df4f7a30e6b47f6094cbea,71e318c097b3b1034684a4ead9cf957c
6949f748cdb286cce14b733c937fdc29,6a342d05313a3d8e8c12be85afb31dfb
6949f748cdb286cce14b733c937fdc29,8308a1eebcee2fca8d8cf4de7814f259
6949f748cdb286cce14b733c937fdc29,b12e9e60ea07924a2d7b5aeb77eae6a1
6949f748cdb286cce14b733c937fdc29,d180700d222921a5ef2f4638c2922299
6949f748cdb286cce14b733c937fdc29,dd31bfcdfd493f71d7fa188e30f5adb3
6949f748cdb286cce14b733c937fdc29,e2d6415197d02f36bc0b141ed7c905e0
695514ed1755e739d8483084943149d5,b04a47819827ed29a0348cc232bf37fb
695514ed1755e739d8483084943149d5,faea10367f121258cb40710a2ab5ce25
695830eb96c7ed754d782e2c1b136a7c,ae92c121fb537305175c2ca42e731d35
69a4b57d1518045ba65c9d76c9779af4,a614fba61e574358e6596488653d921f
69c1727fdb54f52b997c5280537c3121,da9090a62b6c40f250156f645895f3dd
69c53cce956eef6c4ceb5ce96e74503e,fbb4f88908237b971d69c1997b41d2c9
69f7cd2ac1a91f19c0a660bb486ee86b,8521a9e3597313e95ee42b88f9ea6bfb
69f7cd2ac1a91f19c0a660bb486ee86b,9b49c9052ac5a26468967291dea8f9b3
69f878715d32c81f0d63781edb2912c2,d6181d340505785ab63a3d96211f5b7b
69f878715d32c81f0d63781edb2912c2,d7c8d668082e539c68a9752dd1a27b54
69f878715d32c81f0d63781edb2912c2,f0808990adae1b29e79676bd685fbf9a
6a0f9c69b238a436d8decb98129e1bce,e753b02ca66888c74989beb0306c9460
6a342d05313a3d8e8c12be85afb31dfb,75a036d4e8b5870d45241cb744020511
6a342d05313a3d8e8c12be85afb31dfb,bb00b6937b6e5d43e044e6ebc0110307
6a342d05313a3d8e8c12be85afb31dfb,d336d46f25f46c528d10bc3b3a14076a
6a342d05313a3d8e8c12be85afb31dfb,dd31bfcdfd493f71d7fa188e30f5adb3
6aa977ebcb6c958131854f39bf7d35cd,6c44cfd588f9cff9af983d96ae1c43cf
6aa977ebcb6c958131854f39bf7d35cd,726b2e94e7b6d353f2c6e354e274efcb
6aa977ebcb6c958131854f39bf7d35cd,9826fd664df04bcff3c0588fe816c846
6aa977ebcb6c958131854f39bf7d35cd,a8d2a444b633400feff4daf098100efb
6aa977ebcb6c958131854f39bf7d35cd,b38848e7de8e93af29fdbb1c72f01992
6ac76f65011a4445b0c98624da1da024,6f8769c3093cb9c81cd54f725112fd7f
6ac76f65011a4445b0c98624da1da024,e20c921b536120112166254e38dd1d3d
6ac76f65011a4445b0c98624da1da024,efa883c8386d91071449a0b27e447984
6ad8d754a32f5ad8fc13451c5c683aaa,9539d3d61a186ae467c1de2cc6207da9
6ad8d754a32f5ad8fc13451c5c683aaa,d738d61904dd6e8f99012ddfe76cc850
6b423be2bd6b369886533b02ccf0976c,746f42f308b6744a202b338f25022a9b
6b4a24c498268ea6c3e3fc7823ee58af,b53d57ea8e666ea88b81293619248fc4
6b50361a6d76f1b56b40bfde7339e12d,6c3154dbe38dc34062dcaf4dfaf62ad3
6b50361a6d76f1b56b40bfde7339e12d,90fab06cc01c24f9fc60a2e84cc96651
6b50361a6d76f1b56b40bfde7339e12d,c123e54c97cf48e03073d34ce09c1d89
6b7b17240770730fb9828d074b103968,766f6b6f55a2656c606f0e82c6f1b23f
6b9e9367d08076cce7becea16846b057,bc35b46dbf468b3dd7ae13582acec3d9
6b9e9367d08076cce7becea16846b057,f6ae051ea509b49908458b6867fbc95a
6ba8c63a439c2f4944dcb8632b9b39be,7790628068a7fb0afdd99ab2d1fbfc6b
6ba8c63a439c2f4944dcb8632b9b39be,a02e9be6ec1cb4b6fa52bbfc96cc24bb
6ba8c63a439c2f4944dcb8632b9b39be,e19a1d89a33dcb77d253a18333240d0b
6bab80552dbbcc1d4e296726a8cea35e,a59dfebaf71d61b1015b984d6be41913
6baff615c5e4a1c900ffb812ebfd8ac5,d5e06f21e92e900f8266d485f6207fbc
6bbad2cd596d4c5af6df475118e1e38b,8daa2af486750233baa007f5f8fa0264
6bbad2cd596d4c5af6df475118e1e38b,fe8b7f3b81f588228445b83d721b9d65
6be7ca6b0c8f71c059097bbcc3d43705,a9caf71158756261dae67e0e32a8e38c
6bf0c4834ac292b12490d7e64e304f7c,af46ec946e8c67a34b150aacc40246f4
6bf40f432c22dcfb9784d9319ce3fa97,e4e283aa140d9e0558bfbd8cacdb1299
6bfda613379edd38c4595d0bbb083eca,ce97dfb66e6f4b7076164454bee42a54
6bfda613379edd38c4595d0bbb083eca,fda1d2492169a08640185ce1247a770b
6c19a06c84ae3482d5c3aca1d67026ef,77632330d8f99c067c72eeb3fae3615b
6c3154dbe38dc34062dcaf4dfaf62ad3,90fab06cc01c24f9fc60a2e84cc96651
6c3154dbe38dc34062dcaf4dfaf62ad3,c123e54c97cf48e03073d34ce09c1d89
6c44cfd588f9cff9af983d96ae1c43cf,726b2e94e7b6d353f2c6e354e274efcb
6c44cfd588f9cff9af983d96ae1c43cf,93adc72bfb45cd8e095709e8035d8e33
6c44cfd588f9cff9af983d96ae1c43cf,9826fd664df04bcff3c0588fe816c846
6c44cfd588f9cff9af983d96ae1c43cf,c38331b000991a8d2b69d7747147f69a
6c44cfd588f9cff9af983d96ae1c43cf,e7b4d14e233b5bdb02ec551462a9b7fa
6c44cfd588f9cff9af983d96ae1c43cf,f52059a888cf94b9f133ba65754b10a6
6c44cfd588f9cff9af983d96ae1c43cf,fbea3206ad212b808343de6d4682e075
6ca0733cc7ce95ec76a33b236fb64027,d0b5c281854a6c9fbf478bee8ab964e9
6ca345fc8b0483d454486ec402b49708,db24c690ba604e4c331feed5d92ca7fb
6ca345fc8b0483d454486ec402b49708,fbcc8ae7afc58898ccd49a395a009a85
6cbc11b19d3ab8c4cfee1ea49bf8ad60,c6b748c1215bf44dec34bd187e7af95d
6cc4ba78f1462b5510b3c780c4fb4678,d5a6ab3ab1268f4ad0da8020cc112d2d
6ccd03d3f6ad04453be10b6a9a38b70b,9c4dbb6ee39428ca5610d026d2c36aa4
6ccd03d3f6ad04453be10b6a9a38b70b,d48d52357f1b6d7e710207534bb60cf0
6cf061ac29b611b7d592621689817282,c060322fa6ab23dae97130cc5d949e76
6cf5677598a3efbb1d449f06a56eec29,877ff1d3b5b9ad81999f77130e7a8b64
6d0e7510529b6461ac14a7abd26ef823,f70a1a5b31e46f411b3e52bd8ff6d156
6d3f2cb2503920b6093096de783d65c2,f8cb4ed42ce2742a31be782942a439bb
6d65e9884cc8ba18b26a107c43b4826a,9093c9f0385ffc476777fb03235b8669
6d6a12251fa4fb4eef4bd27623b72d0b,b07c48f0be05a45c1b7e71f26055fde0
6d6a12251fa4fb4eef4bd27623b72d0b,fc085adf5682516dc3dd4f065097b25e
6d6e2ae4e62e70cb89f5af692ae0e268,ea9c65740c986b1b7bb472137c71a209
6d88b0a984c9cfd3209dec391e3cb484,e23b0827be60d9992f88a4dbbc2fb76a
6d93a19b60be441089db9195740f8873,c1b42566a3fff77a26763a57f84af85f
6dad4e2a472555b2dd02ab06a08de2bd,d07c12dedf69029dfeb37ff7ed7b2364
6daee3b8622de5624cb9202d6da2125e,8b251ea7b29e0423895e1352c5b348f5
6daee3b8622de5624cb9202d6da2125e,990d0b2e7701ffeceebcd8ea3c255360
6e1e15d172b7f2771a7424465d5ad676,c0ab929a802d36097730a1007fd07ef8
6e3e27e5a6318b370a00696d45f53e35,b9595bd3361e5d06d5ae1e3a4dfea5e1
6e7e48c5da9f61d2f6ff0c5271648137,7e444a49bf20cc2ca9d13521d9d424d4
6e7e48c5da9f61d2f6ff0c5271648137,9ac2f5eeec7438ced03008e37730fdb4
6e7e48c5da9f61d2f6ff0c5271648137,b00cb87a00db80b4107f6fa080b95d13
6e7e48c5da9f61d2f6ff0c5271648137,f72c6e6c61021b8bdedc20f7823a65c4
6ed6705a2348a7fdfc15dc931db0bbd9,f5aca7266dec3731b2b5b8da0593a0b1
6ef8a2621650ea9e9fe272c4954c6575,90acb68461a8faab2400dc6b623e6e2b
6ef8a2621650ea9e9fe272c4954c6575,ced446350b651bdbd9375abffe206760
6f1a70c3075213c94d16150f58d48c35,a430301f2470eb263612c94f7936eb9b
6f1a70c3075213c94d16150f58d48c35,ad4adb98442547bedda170941f0a1d15
6f21a52706d2170fb21ad0f07b8d667f,b23a329251cf5f4a847cd7c227058e2f
6f21a52706d2170fb21ad0f07b8d667f,b8ccb4897074e3c9ee6aece2500ecd35
6f21a52706d2170fb21ad0f07b8d667f,c61640335e41b0067a5392b837ef2d9a
6f4fde8ef3888ef6ad7254fb0426e6dd,f2a0655ea45625da59ef9bc7a74be996
6fb89e40b1a687cd53a8a6de466e9e42,907e0b6e48fa4272a201ea805eb5f45b
6fe7880355fb5bc845da11f9a5f7943d,91aa4e2fbfb6f0c7829496fc578aafa2
6fed7e3befcd8c4e51c05ba5ad9a0016,a0f0b5c4a9ebc7a23025ea4299ba9ea6
6ff14e6dc24ff3fc9706d0d9b8df98b1,8eb6e1a342be9a2f07d6047fd1670f78
6ffe86629e7883eca6bd83d16deffc14,988d84e6bc6a71ebc14ebf5781cfe325
7089d37be3aea7b1d6efea5d3d846707,9d3d19167e9d629bc57c7609bc736f12
70c587cead0ba5f05f3e12e5676131be,9b3a2d58c16c262b499433d5881626ae
70d15c7de70e859aa99dea6cb5e4bd09,8b88e0f83c1a9cd1a80104ad9b3c255a
710a941a87fd79d368aa9876f14706cc,732c92c891ac15a4f62a5632ecdaf4f8
7116bc18b7fd7da7988761bbef69572a,e74482ef5435834d6ffdebdcc07525f0
71289269dbb6b118bf0dc0baf25d7e2a,a25ae07cad4a420f7f8ea233618c2073
71289269dbb6b118bf0dc0baf25d7e2a,ce894c9a7f9ecc71f3eea0d930465867
712a2add4bef60f475285399695b2b16,c6e5b4da28458df561db7ab72f0e3537
719501dfa639325f31a03112fabcc434,75b894b7e342c239c73acc73846cb770
719501dfa639325f31a03112fabcc434,a3d310fd13eb3c4b4d923c93b4456372
71a878b3781034052c6c3e2a9b326de5,b354e67ae11a29e6d20e43ee80e1eaf0
71a9b4a726e853d0a572ecbc9cc5a4a5,78a9e1b3a0fc3f3a18bb94a27587b147
71a9b4a726e853d0a572ecbc9cc5a4a5,7b0f962c79a73027d9781d9a961a91d7
71bac6eac25c402ae31d5d113d87f3e6,72c7580dae17362dd6384aadb905e44d
71cb21495307a4f3357cbb0f152dee88,b7387d43795e07d4ece56f15cb5cf58f
71d70b39090f7a71180d6cb007f905f3,93f03c64ad38c8dded8499f3e7338749
71f7948e43de6527043795efcda80dfd,a7e1572597b75848e08ee6bf8ae4380a
726b2e94e7b6d353f2c6e354e274efcb,93adc72bfb45cd8e095709e8035d8e33
726b2e94e7b6d353f2c6e354e274efcb,9826fd664df04bcff3c0588fe816c846
726b2e94e7b6d353f2c6e354e274efcb,c38331b000991a8d2b69d7747147f69a
726b2e94e7b6d353f2c6e354e274efcb,e7b4d14e233b5bdb02ec551462a9b7fa
726b2e94e7b6d353f2c6e354e274efcb,f52059a888cf94b9f133ba65754b10a6
726b2e94e7b6d353f2c6e354e274efcb,fbea3206ad212b808343de6d4682e075
72a96ce5babb92728716e64fb6288ed6,be39e0b5502018790f28f4d01b5f2d8f
72c173d4bcaa0b02eb36bba3293e81ea,7b93e618e378a61f2666055ef1895f10
72cad0886e0b87a87bb466477a50a610,88ab75eb0839ce66a039cb221fc8289b
7303e07d482912d9625697494d0f0eab,7e19256f6508bf89e10c8445f82a5faf
732c92c891ac15a4f62a5632ecdaf4f8,7e162258cb38de94e958cce05410bbef
732c92c891ac15a4f62a5632ecdaf4f8,95403e18f9e45cd56b7a4aed546f855c
732c92c891ac15a4f62a5632ecdaf4f8,e09ab87ebbce3f3598f67290e5012ed1
732c92c891ac15a4f62a5632ecdaf4f8,eef7ab58691ad89d2b3d2b048f07a54b
735928c372e7011100019c6740cef70e,c57c2f5e1166a794a6d02fd81307ccea
738c34d24f3b07802f22b87b4c609174,c6e5b4da28458df561db7ab72f0e3537
73ababeb1aeb89b2d4026c6cf6f72fe2,9830914f72bcd2cff77655a06fd74ad1
73ababeb1aeb89b2d4026c6cf6f72fe2,c0ab929a802d36097730a1007fd07ef8
73d16dc5c73a7f18781abb8925df5206,92e24cec3a2b1da62ab2c749f31b25d3
7420afd9d5fea286202eaf92ba575958,dfc31cf2b6a58e8d10eeecfaa323d796
7420afd9d5fea286202eaf92ba575958,fc8eec931d6350d3667fb6db63fb65b6
7433e79865efd6b0cabb04f9c042429b,a64a49953a69428cbc302c84ec29a265
743b3337c97c8fed6f27304829a18a09,9a952f21a37098983ce11083e9718c0e
743b3337c97c8fed6f27304829a18a09,9e3958b0575537f6529414db474bd8d9
743b3337c97c8fed6f27304829a18a09,c37fea55a18b0bd67fa6952e8e57f88e
743bcc4199a582418bc32c0b9193f524,c95d5849d679d917d537a8c05b217550
745dbfe1fa6dd8804e0e8e5947bb59f0,90ebb4aa5e2f9f5a7d2baaf693b2686e
746f42f308b6744a202b338f25022a9b,963638552aecbaf544648d434b693635
746f42f308b6744a202b338f25022a9b,fa8a5ba0de872b75eaafdd42b90fb434
746f42f308b6744a202b338f25022a9b,fb56b8b200a9866d5a5577e16c817de0
7471d9b9b16a24cbfe81f6c209ce366c,efd7b9ee6a5c0c17a88dd4045ba98621
748535cc9e185b40e7280a5ef6ff25d0,d8c0736b8b398cf5b4cf62203aadc221
74c51855654781f5120ef9d9204795f7,dc497069a55b26ece3de5e28375cc44b
74dfec7ffb0beae07af947004b7fcb26,bd66c69062bfb5785904958ec60d9012
750639803a2757909678bd5ce1885181,a2168b3b1efd34f26b7537f97db84889
75101a651888e0d31b9c8f4452e37cdf,c4b323b51b1f2605d90664208f70c8b0
75101a651888e0d31b9c8f4452e37cdf,ca71ad925f1adb7fc3ec99a299bbff6e
75101a651888e0d31b9c8f4452e37cdf,e746bd9096f9829b8502569c5297037b
751ba84d53396c58cd8ca4ce0de0df62,a83356b89a1d7803840e448cef7f5cca
754701d60b74cc4e663a53d89d42a1f1,a9fe9a85e245a1f55642dc39140343d2
75480b158d8596f4ac22c642182c99bd,83e489d0b8e05abb65c05f6e6ae8f3e0
7567e3796bfbd4bd593c132a216631fe,77943a60dcb8a3250c23dc9c5b0f1dec
7567e3796bfbd4bd593c132a216631fe,8a8d2e891b24fa25a243942cbe283c6d
7567e3796bfbd4bd593c132a216631fe,c3073a044365388de46709e474dc785c
759e17531ec296d4432bca0dbb7a24ba,b742bc90f6388729a4ac8d197de218d9
75a036d4e8b5870d45241cb744020511,dd31bfcdfd493f71d7fa188e30f5adb3
75e1676d0b5b738598dcd54bb2f18738,85abec4e20bade3c82fda070bb10f622
75e27e906c05937e88bd62aeb87db1cf,cf38b59e9afc89a5e1b2b26663df46f6
75e27e906c05937e88bd62aeb87db1cf,de8b728a14ab77634156e07e6c6239e5
7607753b7728f152a005bc12f937f447,ed65a5259ebcdf88297d8427fdb83bfc
764683c966a2272aa2c54ea128c60b28,a90da97c78f1d6e7a8deac0553a2685c
766ee864b972e1f6591edcdc80d262ab,cbb98299838bf769b9f8942863a05406
76abf85acad3ddc4362665c2e78ab79d,7ce42e42aef40730203dad937acda2e9
774f6a35bcc79f2ea1054c4f63a93429,be1cadb45cd9bd2f363e2594c96ab6bc
7782a10ac9c5558d020cb362f5a18dde,bc2e7f63565bc2254fb0c0305e619dde
7782a10ac9c5558d020cb362f5a18dde,c445d2ca74d0fe04a30bed20f73c8280
778f108b4c5084d7d957c7ebff6636f1,e50d9a6ce2873731ef0797900d0bf752
7790628068a7fb0afdd99ab2d1fbfc6b,a02e9be6ec1cb4b6fa52bbfc96cc24bb
7790628068a7fb0afdd99ab2d1fbfc6b,de515e1d1149eaf021867d131841a5fa
7790628068a7fb0afdd99ab2d1fbfc6b,e19a1d89a33dcb77d253a18333240d0b
77b7f314b27c57ec7972cbcd337f4c39,8c9ae9173042c30680e96e78177682ba
77c3cce4e0009f9c64910ac6cbbb155a,c6d09c3bb2453a5e69778f0e8d922269
77fc8303a541df082fbbdad5e7480f06,789f3d664175e2d9c1437e9ae98204c5
77fc8303a541df082fbbdad5e7480f06,fb9f35cf8fb3d4490b51661a4453fbf1
7809ba95e40c0f75a16678c85f8e33e2,e4229b0020e70c18deed8846ab31cdac
78552a1ce617f0823c7f2c0079a3d82b,9b203bcfc03f055d7b441b66cf484631
786d3384132fbdab936acc99b59808e8,96211d92c1d2ef20a209423a221e874f
786d3384132fbdab936acc99b59808e8,ea8d9aed576beb0e7c8d1703071c1562
788a1cdded1edb09066831ccfa139b53,ce8499dfc49169c44a736f8e927b0ee9
789f3d664175e2d9c1437e9ae98204c5,e89599994322febcaafab85db6805449
789f3d664175e2d9c1437e9ae98204c5,fb9f35cf8fb3d4490b51661a4453fbf1
78a9e1b3a0fc3f3a18bb94a27587b147,bc94858259eb423f10a37da22d37ec8c
78ba2132116506efc045c976bf3337f2,7c5c593811687180825206d8d0ca5ce0
78ba2132116506efc045c976bf3337f2,a3aa7369a6036dc23348235e810c5fed
78d31b104fe0ce9c8f7a8dfeb69092b9,bb99694dd141b5e72c4618f2a7e197ff
78d31b104fe0ce9c8f7a8dfeb69092b9,c1b42566a3fff77a26763a57f84af85f
78d667a60ddbbe3bfa5c533e4fda68bc,d7de2c5fd8227d57cbcc12b4c1363802
79030a595c486659db6240d0d7aee7d8,869be278053a87e804389c017aadfe2b
79106e01bbb60bbf828cc857ad814634,9c9716656bdc63bc8d0cbc104b887be4
79128f4fdc3c16911b87a06641cbd7de,d475eee598a738396f0e6fbfb0a3e14c
79e6755ee98cf81c890dcb6186961bfb,97b6ad71c27b49c8ca8de1dc1b4cd12c
7a4612a9d25198296e8708191590b391,f5440622cd23223f43f26cba069ac1ce
7a51b5a6f1480d87c68d8a47cf103a44,d036dc082da63fef20bf78b2a0862eae
7ae444a86ef8d19be2b64867c83cf61a,bd66c69062bfb5785904958ec60d9012
7b2099e36778d9b074b0878819930e5f,a8fc261dea9f5166c6a9e954d5f64e00
7b2f0b6466709724125e5ec4c0e4bcf6,7bd62fe7265a2eb3bc47b85025958e7b
7b3632666ed752692265d2cbe3030fa0,7da14324d5b1eb89657cf43344ddc5b8
7b66166e27d2f03e270e64ff1625c009,c7cc9cf1369dd1ce63f57de7ddc7fbcc
7b66166e27d2f03e270e64ff1625c009,f1a3b55265667545142e8b72b2a6fdfa
7b701cab4dbc63a4334a3fe17eae0c59,b7419b4576db78b19608b548fe57057e
7b857ab6901c379cc434d41801f89535,ccf3a10d30f39ad80b78984a9bd9f563
7b857ab6901c379cc434d41801f89535,daf692390472c452ad881ae5ceb98414
7b857ab6901c379cc434d41801f89535,db0bd07766b8a65a90f0f22c0d5d188c
7b857ab6901c379cc434d41801f89535,f76746e78c7e82f50ec3ae82a469273c
7c1a9439c6a4d2cd812c275191ed5b09,932cff75fcf4f335da942e216de358ec
7c5c593811687180825206d8d0ca5ce0,99d9620d5a3044e6cf8468bf4fc045ec
7c5c593811687180825206d8d0ca5ce0,a3aa7369a6036dc23348235e810c5fed
7c7c1a3f524e86e887400722ff422c72,e3919335406f87b55404d2d97605371d
7cf153f524d5ee01e2624d322eaa0f49,7da14324d5b1eb89657cf43344ddc5b8
7d07085696099f445aa25b6440dadb8e,d5f3c4e5143f854ec74d39c82cd6cb0d
7d1f53c9b03de6b67035d0db88c93b2a,91b6ed19069d0ceb10e6a0f5a05c13d7
7d762f4986ba0c803931c0f6d89e17e6,d475eee598a738396f0e6fbfb0a3e14c
7d94c4254058da31f1282c3341eb4037,d1a9c9298c337d6f22350e7ccfb46253
7d94c4254058da31f1282c3341eb4037,e1d6fef21ddf0cf0a7bd8578f8aac63c
7dc2f101fd0058c97ec05ee4f6de3452,a6f236c4ba0da7180ed40bbf2761db6b
7dc2f101fd0058c97ec05ee4f6de3452,bf4d638b877f436a1c5b4c9a5705b341
7dc2f101fd0058c97ec05ee4f6de3452,bf9e77952b3083e1dce956a58eb00d7a
7e162258cb38de94e958cce05410bbef,95403e18f9e45cd56b7a4aed546f855c
7e162258cb38de94e958cce05410bbef,e09ab87ebbce3f3598f67290e5012ed1
7e162258cb38de94e958cce05410bbef,eef7ab58691ad89d2b3d2b048f07a54b
7e280e256c28bae9a9bde07997812cd6,86403cc36244ba5c2aef22684e9b1d04
7e280e256c28bae9a9bde07997812cd6,86f24fd09684c0fb0323feed1cc1b600
7e280e256c28bae9a9bde07997812cd6,aec8524612a4b6ba0a13a4faf5f19507
7e280e256c28bae9a9bde07997812cd6,b0a468a48f3b2c19fbf4ed31a54779b3
7e280e256c28bae9a9bde07997812cd6,b0e47d4fe154c15228b34e9e800de5c4
7e280e256c28bae9a9bde07997812cd6,b298035e3b84c091154a65785f4b7ea1
7e280e256c28bae9a9bde07997812cd6,f2933e10b3594019fdadb9b46c80b371
7e280e256c28bae9a9bde07997812cd6,fa3c8ab7e0077dd9c0b644ed56c9f3c5
7e444a49bf20cc2ca9d13521d9d424d4,b00cb87a00db80b4107f6fa080b95d13
7eb3a7768ea011c29d2f624203f89383,dc497069a55b26ece3de5e28375cc44b
7ed59a4d7e99690dd66a0fd9e770a04f,e6ef57fa69bb0675f704da4c03b2a65b
7efc958c547bb0e567644d5826c8c299,d4453b416b28a1c67c0af474e2958abd
7efc958c547bb0e567644d5826c8c299,eff642245681576e7e5c03ef51a2c418
7f0fe2b664af25ef3a91646ad91841b5,93b4b63db20e78197dd9de8f07515110
7f198a46fe83b8ab8c08a3f7e9f60651,a16290d7c278252df6fabcfa90ce3e96
7f198a46fe83b8ab8c08a3f7e9f60651,eec01adf16a0120811db63f396d47283
7f4adbf300752dc9e99a7804fed821cf,8fda3f94c9911123d3c480508616f91d
7f4adbf300752dc9e99a7804fed821cf,ccd9271440f7e4b6b9be75a179df280a
7f57e0bec404542026634661bdd73f18,ce5c55b978ab4a45f8b176cccb78435f
7f57e0bec404542026634661bdd73f18,ede3342a62d624626e780a1f4c7e9e1c
7f6443f95b014549a006a9f829b67c67,8d62e55d1bbf8e6b1205e3903b3dda50
7f6443f95b014549a006a9f829b67c67,cc71f7b4ecf908727f06927ab24f5a59
7fbd727f01e78b58973c8559c7c6d914,caf76b3e46975c9712cabd4dfd83e610
7ff25e8500dbfc25787a41e4b0f23e72,b1a682c9f7a410b2d17b8cd60939c8d0
8009978ccff9785ed2237ef19ddc9b00,cf4be6c26e6ba3139afd8be359a09077
8028394ca98640b887b33554b39ba1f3,83b403eaf518c37f0a2b74716b81483f
8039965da9a28d203f5a8a7e8b827d2c,8a024384500c20ac640f118e4810fed7
8039965da9a28d203f5a8a7e8b827d2c,c67f4433c04f8bb14619ed583073dcc4
803e881faa636490c9b9a7d7990098ef,a17fdd5514f15c7ff5ee69c29f99e07d
807246252b5e808f3d97fe3f7e86719d,f91a77afeafb130d3a7e7bb91af012e1
80730f6255341783d54b5f0c23bb7a4d,bedac488122e52f7f0a4eb03f598ac9a
80c569c9594cbf986ee993730f920f86,d6181d340505785ab63a3d96211f5b7b
80d5b411dc0133c95c868e58c7ce7cc1,c52811b8e623e350e23a8fa9a093fba3
80d5b411dc0133c95c868e58c7ce7cc1,dbf7e2541eb50816873f37814e4ba04b
810e59525e5d835a02009bd347186891,9991cae32cb6107c7ef77c7b6fcde175
810e59525e5d835a02009bd347186891,ab56d03c7fcf910e9919b311176f7e69
810e59525e5d835a02009bd347186891,cbe5fb2c72337dd65d7f24c8e801e3fa
810e59525e5d835a02009bd347186891,dc5df52cb91fc14afec0b7aae13d8cd2
811c918816f31a6216600b13f0d816cc,c98020bd3022b871410b89ca02eb9963
81222283f935bf2261985705d5ae03f8,92f279e5694d605efc356e4915048988
81222283f935bf2261985705d5ae03f8,d0a1b9dd21c81e40b8d900274d7045d9
816e5d550edcd2d72f828f44d23d8562,8e172cb357cde5f6f1a6de802b5019cf
824c38cbf8962c87d31dd538fb5c4280,c44d771963b31b8594686f0e01a5b2f4
825edbdc707b51573725e62658f2b56b,9c474d5463810d8a6b1221ef4a1ee9c0
8265b7d5a2e29002a52b65a5f8b14f24,a90da97c78f1d6e7a8deac0553a2685c
82dda9e4521dcd920626ab4b6c7a21bb,894fd5dc1a9243dd66d1c37094d91824
82dda9e4521dcd920626ab4b6c7a21bb,9ec8539dca80c22923c4153a49937d99
8308a1eebcee2fca8d8cf4de7814f259,b12e9e60ea07924a2d7b5aeb77eae6a1
8308a1eebcee2fca8d8cf4de7814f259,d180700d222921a5ef2f4638c2922299
8308a1eebcee2fca8d8cf4de7814f259,d336d46f25f46c528d10bc3b3a14076a
8308a1eebcee2fca8d8cf4de7814f259,e2d6415197d02f36bc0b141ed7c905e0
833110df3b8205105fcfa8bd25df6f96,e17a3ab16a38c87ef84321819b04bc64
834461ffe135df65bf93da473fcf6153,f32b1e793132968e3365832a3985b066
83b403eaf518c37f0a2b74716b81483f,a66d74a579557d8992d4051eee566316
83bf2b676b1112d475a1a44e9abe7704,9b19e04337323393659d91fbf5d4eb06
83d9425780cb7121b249f5be3dd1d450,a163e814e3b752fe2193a809bbd31ff0
83d9425780cb7121b249f5be3dd1d450,ac5baedada70df463383868d3ab9d22f
83d9425780cb7121b249f5be3dd1d450,d48957e2e5bbef3743f68fce2931931c
83d9425780cb7121b249f5be3dd1d450,fa5c020aad3a9dd727d5a75ee03e8841
83da39a504cc6ecf41bc8c9b9ff94a52,9d3a03ed4ce931911ed7314a3abd7d10
83fc9eb604046fdfe27ce065a3d0957d,90527e9820d1e0fc40fa33b9b410a416
841b9ca7bb8c44c91f5cc5bc52b3e3ba,8b43a78dd5424f857028a40d50465081
841b9ca7bb8c44c91f5cc5bc52b3e3ba,e8cff5cd63bf10578d872b23e2c08eb2
843a7ec01842200f1604dabcdc06d412,bd2c879bf558114ac087ac462bd211a7
843a7ec01842200f1604dabcdc06d412,e72a7bd4b73a45eb56c3a926e8b2aab7
84d22e8e490d9d74a588e982edbd4582,a173e6599f2664d8612daee04834481c
84dd18d4f7472e7eafb696030d7c7e50,f91453e02d253ced46143eaa26cb4240
84fa6bb6a32464407f34fcfdc97fe5e9,dc71014b44dd828ef1c01a5c3c468add
8521a9e3597313e95ee42b88f9ea6bfb,9b49c9052ac5a26468967291dea8f9b3
8593729f539d63b6fb7409c3a1fb783f,9ca74da0a3c3b283b6a1decd65d6ddba
85cd36e59c24cb68820a810616af8186,cfb28850a08bd9460d000e97c302dd84
85d6f1b91c1091a1f573c1842be38489,fd3d41b1f02155367ca29f2526216db3
85ddd54abf738a2cfba60e6ed9b41084,df084a9ee876d497b6438f784276b457
86245d15b369fdb5dd60dae54bc17031,8e172cb357cde5f6f1a6de802b5019cf
863d9c2443962624eef758029e534e85,97b6ad71c27b49c8ca8de1dc1b4cd12c
86403cc36244ba5c2aef22684e9b1d04,b0e47d4fe154c15228b34e9e800de5c4
86403cc36244ba5c2aef22684e9b1d04,fa3c8ab7e0077dd9c0b644ed56c9f3c5
86705b016bc9d9506ec6e1f943e83d58,c141f286af5db8d4368447fd6719278b
86705b016bc9d9506ec6e1f943e83d58,f4712a1cdb6dddb0cc2753e60d1350f7
86bbddc93e463b8e0b20bd538ece6557,ca0bda98342e725adce4feaaf294212a
86bbddc93e463b8e0b20bd538ece6557,cedc56becaba9c975a95c38dc4024124
86bbddc93e463b8e0b20bd538ece6557,d516c1b5473abbf532379571738b1f73
86f24fd09684c0fb0323feed1cc1b600,aec8524612a4b6ba0a13a4faf5f19507
86f24fd09684c0fb0323feed1cc1b600,fa3c8ab7e0077dd9c0b644ed56c9f3c5
87002e16a03f5f155334ad1873320bd2,91f052ade9d87295494b3b10da83252f
87002e16a03f5f155334ad1873320bd2,daffa6893d6a05ffffa53019d5220b46
8721992e59a224556fb90d5c80d952ee,a219d5728c2d7b30dd1d33a581000cc6
874c4b6ebe079b862aa40db00bc225cd,9b6635a717de289bafc0b330afdb089f
87801ae8dcf481076e7d82ee3df4105a,87801ae8dcf481076e7d82ee3df4105a
878d419e429240f6b111c205f5df1c9c,d6fdd47f332e57b0a3c90a7570e15152
879bd4a5c00517b281b2d34a6449ec77,a163e814e3b752fe2193a809bbd31ff0
87af8611ee370934a148400e516e3583,fefd1d852bb20c5b65594579cc5caea6
87bf8772cf5fbad8a91d6c4014bfd7a9,ddd4948c40b3695a536d5e0305ae61bc
883044362bca2479a4befd6fb492c183,f4c3cc8d0b82b501cd9e24559fe968bd
889918a68e30a983c240039d5ab5267e,c5f4c2802c2b28d876517d44e64ce78d
88d3a55c462f2ca37550cf02d0447604,d7634a674c2427d78b09a3bdd8d6a715
89072132fc58e8623e65a2272bef0bdb,8a0692e673d5d32bfdb158fefcbd6a08
89072132fc58e8623e65a2272bef0bdb,b9e402731c6cfd64e431ec7bd33552d6
89072132fc58e8623e65a2272bef0bdb,e24ba2e8696ec424ce5d5f3117be0ba9
8943467d10e7407a155bf8d3cb9005cc,cbb98299838bf769b9f8942863a05406
894fd5dc1a9243dd66d1c37094d91824,9ec8539dca80c22923c4153a49937d99
8959316d2995e8fbb9e6ef8fa5089a5b,9d7cd564488251c19273d1f3a3baac16
8959316d2995e8fbb9e6ef8fa5089a5b,bc288f9ca4691955ecb707dfed2eeed6
8959316d2995e8fbb9e6ef8fa5089a5b,c92ebd5a9a11a6284fec5f368f5712bb
8959316d2995e8fbb9e6ef8fa5089a5b,ccf4888da2abc93b54e8952251e7b4d5
8959316d2995e8fbb9e6ef8fa5089a5b,d461f6ae6d91084e021a6db2dfc6dde3
8959316d2995e8fbb9e6ef8fa5089a5b,d4e97dbd2a2e2f23b78ed7169bb51c07
8959316d2995e8fbb9e6ef8fa5089a5b,df017bffa4c71fc51bb346a372d3fcc5
8959316d2995e8fbb9e6ef8fa5089a5b,ec5575f796931ad3eac439b9fe00b9f6
8a0692e673d5d32bfdb158fefcbd6a08,b9e402731c6cfd64e431ec7bd33552d6
8a0692e673d5d32bfdb158fefcbd6a08,e24ba2e8696ec424ce5d5f3117be0ba9
8a26a2c727bcedf3fcb3cae48cc13a62,f3c018bc2d73f8caec21928e12572a78
8a76956c26e0b49c5b5cdf5b263eb399,b9d7123e42f59c54e02148a408bbe0fb
8ab92d561fff72d17c8a8a07c50fd3e8,cbff507411eae42e4d16b85542049e5e
8ac2b71eb4ece9c898b05571e8dccfcf,f6ed98114e4cd5e3a6de5ff22b9ba502
8b0a5933d2175a9b0248981edfe6dab5,bf81fb472abd040760dababb162ae395
8b251ea7b29e0423895e1352c5b348f5,990d0b2e7701ffeceebcd8ea3c255360
8b73500edf8405d3f9f7ffe0d5a57944,a64a49953a69428cbc302c84ec29a265
8b81162765599335a271983e7a615e03,f3b78e5b03915141f4b534bbcaac504f
8ba6e044a6a98cfb7263faf7baa58200,8e23c01d8790b5cea05e36a00a7ae666
8c3c7259f57eb47151bed8355bdeabf8,a3aa7369a6036dc23348235e810c5fed
8ca6325bb3efe5cf05b43f6305c41c08,e3686d086c0b499dca5dd141f424523c
8cec8b8a234163f7e310ad2a6992a149,c133f37822d544449c1ee7899fd904f4
8cf27ac896fe74ffe3ecfeb947593c11,e76fd7302f990f5e7e5ecfc85920ed27
8d0918bec8999a1873ce19328757f9e0,e02e9472386eca9b1d8cb523e01311b4
8d48db1c54941f9369a10683a6c1f51f,aafa25d08c755a42e7bc379524653272
8d48db1c54941f9369a10683a6c1f51f,b672e51de2951608fceaededef64c0d4
8d48db1c54941f9369a10683a6c1f51f,ef1467b8676e931377d329e4f21b116a
8d81f9ef00d34b370de072bb6d8d1475,eaa4f341274e88c367644abebc5d3851
8de2b2bfe22e89313b69530f367e6f1d,9153fafceb15005c21d1f015b641ae1f
8e172cb357cde5f6f1a6de802b5019cf,bcd9bcef2853467f810110a25b0d3395
8e247b76866ed8ad38555c16db080f68,e9fcc0083760042f3b8e863f527f4f07
8e9d1882aa7c821b5c4d05a00f2f12a4,9fd82b2f8b144fdafd211e2593205cb5
8eb0c4cb7229d4889e24ef2059e99980,fe49fb5f2cda47a028fcc0294b561a70
8edbe3102c8e483ab1203d5140c818c1,9fd82b2f8b144fdafd211e2593205cb5
8ee3f6c392ccb1d60179d3b26d097f33,e89f82077699acc6096214eb7ca18876
8f1e4b8140b84e46d38499d1a62bd4ac,a5555ad915ac467e5c4d8303acf4ac3b
8f1e4b8140b84e46d38499d1a62bd4ac,cf5be113c958dc3bfb872a6ace26ec68
8f1e7703c9334dd09e8ae58f608a06f9,cb4c704aa9dcc5179e2a61663e1d45ad
8f45b1ea1b4cf7ccbf25444bbd62deb8,fc90fe7bf6fef060f8c0a450500c5658
8f4fc9f4035b6aa2fffaa78fb8ea88af,ef1ec1407f274e428db1b453c50b1deb
8f5bca755e5e1b8a9b38f7b4589cf2b2,ae00a603a3600330ea34cfe1dba017b9
8f91cd2920636003dd66b6d1ed4266b2,c1e5088e4de452ad45ae80c09a51f61d
8fa0b631f6c012830e1940b44d8c4a4e,de3c6a7f77318c8eebfb9a33e8b6f628
8fda3f94c9911123d3c480508616f91d,a5b43f1d019b90970be68ce28498db7c
8fda3f94c9911123d3c480508616f91d,d9fdebdb652a15d1d5c7c76882d5ed51
8ff98b1bec0867e5bb7a82318f6a8c51,af58f295afd9aee5fb95bbdc41a554fb
8ff98b1bec0867e5bb7a82318f6a8c51,eaaec12ec3030ac4e4df24951f3c5708
904a79cd1270daf8719916e581b3ed5b,9844d6167775a3044a14e1f62f99fe64
904a79cd1270daf8719916e581b3ed5b,9ab0733f3e06f828262ed3a74fbfed54
904a79cd1270daf8719916e581b3ed5b,d4453b416b28a1c67c0af474e2958abd
904a79cd1270daf8719916e581b3ed5b,defb2b0cf46bed99a884d28b85b182b5
904a79cd1270daf8719916e581b3ed5b,df13c7b958e1f0e56a8425eeb85f69bc
904a79cd1270daf8719916e581b3ed5b,ea08da1120f117404e165aaa6b9e0a52
904a79cd1270daf8719916e581b3ed5b,eff642245681576e7e5c03ef51a2c418
904a79cd1270daf8719916e581b3ed5b,f035e44c2af2347de3aeeadd208eaf04
904a79cd1270daf8719916e581b3ed5b,ff117305b9255f073e7859124b602686
90527e9820d1e0fc40fa33b9b410a416,9cfa2f3fc47d75c9c7c47e3c6bbebe3b
90527e9820d1e0fc40fa33b9b410a416,a34fffb3d71fee60c9935cb02b8c944e
90527e9820d1e0fc40fa33b9b410a416,d7bd8d8af2a75fb4ec25809907733abc
90527e9820d1e0fc40fa33b9b410a416,dbccad952dde5e3552e0de1f68b126dd
90527e9820d1e0fc40fa33b9b410a416,de823e4ceeb279bd952167eb36600d0f
90527e9820d1e0fc40fa33b9b410a416,dfe1d9d7829d10c2818d9c6ade37ee25
90527e9820d1e0fc40fa33b9b410a416,fffb1ff26c1c718e47f576fdba3bd82b
9059e18a9ebf23fba96411ea9eb1ea8f,90e7898b68732eb422f35a2b680a2c46
90acb68461a8faab2400dc6b623e6e2b,cced121d8de37d8bc5ef49bb99075454
90acb68461a8faab2400dc6b623e6e2b,ced446350b651bdbd9375abffe206760
90baea0421d044eaa7d6e1280c30fd48,eb906b1f29289f01eac51db2d007f18a
90d2adaf51f7d679d11f062070472790,d552e2521b1e154e4530b18950d32230
90d94c890da09d06736cb8e47f72bbcf,a77f9adf318d00c2798db0c24b121a59
90e7898b68732eb422f35a2b680a2c46,988d84e6bc6a71ebc14ebf5781cfe325
90ebb4aa5e2f9f5a7d2baaf693b2686e,edf180c451a377e2ee4fe61534003b8c
90fab06cc01c24f9fc60a2e84cc96651,c123e54c97cf48e03073d34ce09c1d89
9115f20488d1d734c802d802bf0bdf9a,c457c5a9c2be72c6a94881c2b2645fec
911a08d897280ea9d35a25b9bb912bb1,de9c7ff5f241ab33aa2ab615fef5de50
91239846679ffe43a6e6f2723edfba83,caf76b3e46975c9712cabd4dfd83e610
9174bfe00aa33e02d6a9b92f1f45f9e3,a261753409851a4bb8d5e05b1c41bdb3
91941bf21714329dee338e078f2410fd,dfd702d7a9d543a0f82706ddfaf37834
91b7f09e252c60d619c4ff7caf6be46a,ef0bf768ea7d8bf42bebdf1d4c8a47f5
920e731c2eba12211c5e968a9d4afb42,e753b02ca66888c74989beb0306c9460
9249a66cab0d38e0aeb376134d972ac6,d386e5229f0108aab8ecb5e4c3225548
926a350dc2e1e69bbd3c2d14220301c0,968bac117b81f824cfca6bb3bea37d74
926a350dc2e1e69bbd3c2d14220301c0,c034861083dfaa440521f75aab0a9314
926a350dc2e1e69bbd3c2d14220301c0,ef994d8a0aa749c57a608e9ebe353fcc
92a2b9f98d9b0b99e1a235c863adef29,ee12bc3c83413e7a6123151a14786ba5
92ed9efb6de1fd21414d5adc44e8e51d,bee075e6203946f44337d444dc8efef9
92f279e5694d605efc356e4915048988,d0a1b9dd21c81e40b8d900274d7045d9
9312ad37c6db0283302c10687173889b,b73a62f19d04bcbc9111f748cf4462b2
9312ad37c6db0283302c10687173889b,c44ba97ed27403daf5bb2e2b3f604b1d
9312ad37c6db0283302c10687173889b,c74b2060f032ca14f43898e10fb658db
932cff75fcf4f335da942e216de358ec,b096405376b84c6ad0968f0a3472e518
93307239ad5cd3bd338e61241720be84,a104f15d16bfe3e445b8c2dd30a7cf39
9352ea8e3d6b6dd9882945dfe10d4e90,a5b7a84067a7b92c23803281b5c682ec
939dd58427d480dd1902e55aa13d5774,f219697e2da743ab7e07602801bf1069
93a35b3106222206aeef0108541d089e,9d78f80b1439460c7edb5045d2f67125
93adc72bfb45cd8e095709e8035d8e33,9826fd664df04bcff3c0588fe816c846
93adc72bfb45cd8e095709e8035d8e33,b38848e7de8e93af29fdbb1c72f01992
93adc72bfb45cd8e095709e8035d8e33,f52059a888cf94b9f133ba65754b10a6
93c331163fb30a25a438b82a8d5c49ff,efc935034bb8453f4e1ba58bbf690f55
93c79e68e5fe6394bc4a0e90d979afb8,95304d17b4794f86afa0a5190f4aa6bf
93d7c644f3362638a2c7bafc10e61757,96b965132e56c7906bd57c1d327e3a71
93d7c644f3362638a2c7bafc10e61757,f6be546363aac1870fdaf4add0933a00
941c43700fc6c08d85047dffe92a4a04,ccf410503278d14b128d9646c995f6eb
946b4059c3b8119ebbfaf9fe11bf83cb,95981adc487a55b74808439f5977fd9d
94749e32c9fcf8ac2525ef29d078395d,a59dfebaf71d61b1015b984d6be41913
94f3cb8e64810d49de50d75cc3db2a76,cb8655617ef15d6f02c20840567f20ae
94f6fa0db23125fa3ea668e5a26225b5,fa4c28825fc8e8874e477dd78a5c0e3e
9534c7d8569e726d7d2e10425ea9dbba,b619b9c0b77327c121bdec6ddb6b0423
9534c7d8569e726d7d2e10425ea9dbba,c5f97ca2dea179a621176ae4dff0849f
9539d3d61a186ae467c1de2cc6207da9,ded30ff377283c0271057a560e2714c7
95403e18f9e45cd56b7a4aed546f855c,e09ab87ebbce3f3598f67290e5012ed1
95403e18f9e45cd56b7a4aed546f855c,eef7ab58691ad89d2b3d2b048f07a54b
9553e262ddd4d36303cdf097b48c2232,e6d8140d09b5088fc1dfa01f2e9e6840
956c2e715c1c56f923491fecbd20137c,a5e79ad5ae4cf75f7aa0acc3e74a89d4
956c2e715c1c56f923491fecbd20137c,d945a41ebd4ba0a9d6697e8d614bbd08
956c2e715c1c56f923491fecbd20137c,dc0ff6019072a549f032144fff0c62a4
956c2e715c1c56f923491fecbd20137c,e4a2b54db0e9882156fb9365d28763c9
956c2e715c1c56f923491fecbd20137c,e51bb4e4cad0dd3449f2fed7b9878068
95b1689022380a4f4437eafddfa335ab,ffbe38e164095c27bb266cc11a0a4f33
95b5fdc045907bd29abb941c9bdb4cd9,f0c63c7dcbb6ed9c15ca3c7e27464bdf
95cac1b9168af3637c1e226a3cb3ae45,f2bb36c8ec089d38f258fb84511cbc70
95d0cab63de22a5b028e907e6f0b56be,ed04e0e760aa1c7eb3d03489129de2f2
95e089f181996e44079228344d50006d,962347a884fea398cef63c0d8f42a079
96211d92c1d2ef20a209423a221e874f,ea8d9aed576beb0e7c8d1703071c1562
963638552aecbaf544648d434b693635,a982cf5729dad8ecb71c5cb3e4e6491b
963638552aecbaf544648d434b693635,fa8a5ba0de872b75eaafdd42b90fb434
963638552aecbaf544648d434b693635,fb56b8b200a9866d5a5577e16c817de0
9636557c76da3aa929f149f697b7a3d5,cb4c704aa9dcc5179e2a61663e1d45ad
9670f3b52697607c9f88a9c66dfc452b,c9977b9476e15505ed06ab2267605a36
968bac117b81f824cfca6bb3bea37d74,c034861083dfaa440521f75aab0a9314
968bac117b81f824cfca6bb3bea37d74,ef79cafc6690601cf97469a0bbef7f27
968bac117b81f824cfca6bb3bea37d74,ef994d8a0aa749c57a608e9ebe353fcc
970640e35b80ca90419b4cdcc46749d1,e42792947e27bde90a37785b4ff24cfa
973f1f6e1f0c4721af85d126fdfd958e,a8a7ce0cbe5012382e002a51a952208d
973f1f6e1f0c4721af85d126fdfd958e,d677d77de41dfa91dc967a483bd8a8f0
973f1f6e1f0c4721af85d126fdfd958e,e057ddb71eaa9ca1723921ef97999ef7
973f1f6e1f0c4721af85d126fdfd958e,f7c1e825f4870fadc3f635620a489c5e
976cc69506aeddb1b7cb90ad1543348d,ef9e0c5631efc4a67957064b59941f36
98203455dd220342563ed5653033bed4,ffbe38e164095c27bb266cc11a0a4f33
9826fd664df04bcff3c0588fe816c846,c38331b000991a8d2b69d7747147f69a
9826fd664df04bcff3c0588fe816c846,e7b4d14e233b5bdb02ec551462a9b7fa
9826fd664df04bcff3c0588fe816c846,f52059a888cf94b9f133ba65754b10a6
9826fd664df04bcff3c0588fe816c846,fbea3206ad212b808343de6d4682e075
9830914f72bcd2cff77655a06fd74ad1,bb94334626372efa0797f63d5bf43c37
9830914f72bcd2cff77655a06fd74ad1,c0ab929a802d36097730a1007fd07ef8
9844d6167775a3044a14e1f62f99fe64,d4453b416b28a1c67c0af474e2958abd
9844d6167775a3044a14e1f62f99fe64,eff642245681576e7e5c03ef51a2c418
9844d6167775a3044a14e1f62f99fe64,ff117305b9255f073e7859124b602686
98576012f7f5477fb23c0fa0cddc8b2b,bdfe92ade6ebe362dae1b1a02aabcf98
987f013e9fc165e769dce3bbd34ca06a,b096405376b84c6ad0968f0a3472e518
988d84e6bc6a71ebc14ebf5781cfe325,e233dcb6a6e7550fc7b83f6a7de0e3e8
98ae8153c4723bccadcc56a6301fcdd0,f8cb4ed42ce2742a31be782942a439bb
98e1c3617e76703345bd987e6524c545,e48a6dd23204051c5bbc89526716fe3a
98f1f017f8695e00e050c10a73bbb947,bd66c69062bfb5785904958ec60d9012
98faf6982c56c2a842435d4c66fadd9d,c1bda1b212a86ca7d716899c7e829d80
9930f34006d005b9153ae8f291612593,dd5fe58d4b5c080f254e94d7aee30de7
994db3ca823877ae81dbabdddc7d05dc,e356a7c465d97f1b4f455f33b6972647
9991cae32cb6107c7ef77c7b6fcde175,cbe5fb2c72337dd65d7f24c8e801e3fa
9991cae32cb6107c7ef77c7b6fcde175,dc5df52cb91fc14afec0b7aae13d8cd2
99c59536d8f3362ff0e458632949e101,f3735463449ebf2f0c7a6064c44a4286
99d9620d5a3044e6cf8468bf4fc045ec,a3aa7369a6036dc23348235e810c5fed
99ea5d10368b28824fcb9b10c06a6959,9d67e315dc4718f709bd6f98e074fcd2
9a0f24e3d9a0e86cc9fc4a8a800abde2,ab798a409cb12164a342fea79457be49
9a0f24e3d9a0e86cc9fc4a8a800abde2,b1ad66b4414230d20891fed34f5e4286
9a0f24e3d9a0e86cc9fc4a8a800abde2,f3e9bcb72545c9c2751bc1829660d52a
9a61633696f42819aa6abb8fd87ea835,9b956513aafc7d4053364bf7426cceb3
9a9069f6954b335d83f51739ef204f44,c1b4c93a983170bd2776b6fb77b41a5c
9ab0733f3e06f828262ed3a74fbfed54,d4453b416b28a1c67c0af474e2958abd
9ab0733f3e06f828262ed3a74fbfed54,eff642245681576e7e5c03ef51a2c418
9ab0733f3e06f828262ed3a74fbfed54,ff117305b9255f073e7859124b602686
9ac2f5eeec7438ced03008e37730fdb4,b00cb87a00db80b4107f6fa080b95d13
9ac2f5eeec7438ced03008e37730fdb4,f72c6e6c61021b8bdedc20f7823a65c4
9afcece193d8b28515f52b9f359c6e09,a5e79ad5ae4cf75f7aa0acc3e74a89d4
9afcece193d8b28515f52b9f359c6e09,dc0ff6019072a549f032144fff0c62a4
9afcece193d8b28515f52b9f359c6e09,e4a2b54db0e9882156fb9365d28763c9
9afcece193d8b28515f52b9f359c6e09,e51bb4e4cad0dd3449f2fed7b9878068
9b3fb3417e2a666c582a8f68f196fc05,fe11e940004816a538056f535d6563ae
9b405abe15e6b7b97ba35a20686ab13b,ddc0b777ab0879df3481776c099b1e39
9b6635a717de289bafc0b330afdb089f,a9e823471a703fe143a1868b517dd99a
9b6635a717de289bafc0b330afdb089f,ac99a3eef748770637fd310aa6368879
9b6bb22e528072727c1f063036843aa6,ea8d9aed576beb0e7c8d1703071c1562
9b8f1fcd0162782bf9c064c5ff57b9f3,e32948bd34e4a0ffb07e726038232a82
9b8f1fcd0162782bf9c064c5ff57b9f3,ebb85264ecc405596bb7110a7f9329f0
9c406b9948cda969fb5502413593218e,fd002d35650c8afbb63aee11dd63f588
9ca74da0a3c3b283b6a1decd65d6ddba,beffbb34540d20e3cba8e9daba738e66
9cfa2f3fc47d75c9c7c47e3c6bbebe3b,d7bd8d8af2a75fb4ec25809907733abc
9cfa2f3fc47d75c9c7c47e3c6bbebe3b,de823e4ceeb279bd952167eb36600d0f
9cfa2f3fc47d75c9c7c47e3c6bbebe3b,fffb1ff26c1c718e47f576fdba3bd82b
9d385087783a66a1be987599eb285962,e3886c7e0667f9a7454683503e140f90
9d7241e320605827c321b79dc3123b2c,b84598340cc31aab3ebf21913fc882c2
9d7cd564488251c19273d1f3a3baac16,bc288f9ca4691955ecb707dfed2eeed6
9d7cd564488251c19273d1f3a3baac16,c92ebd5a9a11a6284fec5f368f5712bb
9d7cd564488251c19273d1f3a3baac16,ccf4888da2abc93b54e8952251e7b4d5
9d7cd564488251c19273d1f3a3baac16,d461f6ae6d91084e021a6db2dfc6dde3
9d7cd564488251c19273d1f3a3baac16,d4e97dbd2a2e2f23b78ed7169bb51c07
9d7cd564488251c19273d1f3a3baac16,df017bffa4c71fc51bb346a372d3fcc5
9d7cd564488251c19273d1f3a3baac16,ec5575f796931ad3eac439b9fe00b9f6
9d813decd80fdb5557e9436782333c8f,e3aaefb2cbe5a3ba2d718fe7689bd00f
9d85e9507d1127776a812600b4581c60,f659476cd0d65a68dfa7f08797b5249b
9da2c0cd74961a437f521a8dce68c6ae,ce8499dfc49169c44a736f8e927b0ee9
9dbc11287e9019c3e930a1e55d5b3cf9,dc0ff6019072a549f032144fff0c62a4
9e15ce7a865f965468765414062f3f60,f7c1e825f4870fadc3f635620a489c5e
9e7fe6485991292c3c11fad1425de165,dc497069a55b26ece3de5e28375cc44b
9eeb98c1c6969682090c2002cd43e25d,c655d568e9a06e1c2521f2efd931af99
9f0d8defc9e9d0ab5efdc488af1305a2,cabf7dd413137cc6fece398f2e79f603
9f0d8defc9e9d0ab5efdc488af1305a2,e7fe0f119f3bc1a9ec1d30dd4bb70800
9f812f0731df6aa00b1f1bee73e1781e,de9c7ff5f241ab33aa2ab615fef5de50
9f812f0731df6aa00b1f1bee73e1781e,f2f464a17e28572a9ff420a44b043199
9f812f0731df6aa00b1f1bee73e1781e,f39c410805856970849b9fc0772ae260
9f902df43ed27b914d12b744ef66d10e,a009008fbe6b516a18382b71b1a7afcb
9ff4d0609a6add1687f881e434e942b8,b179139d5637effbf19324f5e2226c60
a02e9be6ec1cb4b6fa52bbfc96cc24bb,e19a1d89a33dcb77d253a18333240d0b
a0a019646a53c3698b310e08af61d35e,e1c231516fb595fad01b118898653428
a0baeb0ec7c9bdaa322cff7dc39e883c,ca693cadec353c507bac65cd2f5eaed1
a0eac4572b5548de9140fa4501db9e31,f7385f7282cd3599fe4b1522df15bed7
a0f4954e4a265aecef65b80c3d97b1c3,a0f4954e4a265aecef65b80c3d97b1c3
a103ba868b42da9848c95c1f0b93ab30,ba42372c5312d60eca5aecfadc11b0bd
a103ba868b42da9848c95c1f0b93ab30,d13f2f50ccbac11b54505dcfa7f24b42
a103ba868b42da9848c95c1f0b93ab30,e115bc70ebb7c5ebcd6ff4726ba24cee
a16290d7c278252df6fabcfa90ce3e96,eec01adf16a0120811db63f396d47283
a163e814e3b752fe2193a809bbd31ff0,ac5baedada70df463383868d3ab9d22f
a163e814e3b752fe2193a809bbd31ff0,d48957e2e5bbef3743f68fce2931931c
a163e814e3b752fe2193a809bbd31ff0,fa5c020aad3a9dd727d5a75ee03e8841
a1bfaba27f772e62a2c65fc885584db3,a408210dfa21ef9bac42e5792ba79392
a1f3ebd19de385ee18d44af27d7747c9,aef85f5cc2be0fc841dcbddad4d0d473
a219d5728c2d7b30dd1d33a581000cc6,bb91e1330cf4dc732a408894c760d6ef
a25ae07cad4a420f7f8ea233618c2073,ce894c9a7f9ecc71f3eea0d930465867
a25ae07cad4a420f7f8ea233618c2073,fece77ba554352fc28884f336770f1e1
a26125ddcd8dd3ac8f1556fb735f815e,bbb10f4a23f2c9dbe936570571d11fc8
a26125ddcd8dd3ac8f1556fb735f815e,dc3d9268a0548f0f7c4b5226c415a359
a26125ddcd8dd3ac8f1556fb735f815e,ea5424f299d585f1d28d1806fabdcfae
a26125ddcd8dd3ac8f1556fb735f815e,ed42c095b4f5f6b25016b55559ba8760
a2ae9df7e01d968b302275b77df51d01,af7c622f0636149845ec321456175c4c
a35040741e3a62e62be8af1d8644b463,f7dde5d0aa269fda161b52989003323e
a3aa7369a6036dc23348235e810c5fed,c6946df695b0a4b570b0695602f04920
a3c5711df98a2028ac1ac46e41faf263,f2f464a17e28572a9ff420a44b043199
a430301f2470eb263612c94f7936eb9b,ad4adb98442547bedda170941f0a1d15
a430db632cea606a2e4de67374777b90,d3cffc53967d09116a39ec271a7e54ad
a5555ad915ac467e5c4d8303acf4ac3b,cf5be113c958dc3bfb872a6ace26ec68
a59dfebaf71d61b1015b984d6be41913,d552e2521b1e154e4530b18950d32230
a5a7d8eb916d0d31d2ae71df72b881bc,f2015202e577dc5a19a968c8ac49430a
a5e79ad5ae4cf75f7aa0acc3e74a89d4,d945a41ebd4ba0a9d6697e8d614bbd08
a5e79ad5ae4cf75f7aa0acc3e74a89d4,dc0ff6019072a549f032144fff0c62a4
a5e79ad5ae4cf75f7aa0acc3e74a89d4,e4a2b54db0e9882156fb9365d28763c9
a5e79ad5ae4cf75f7aa0acc3e74a89d4,e51bb4e4cad0dd3449f2fed7b9878068
a5f9cec27bf84086bfd783cdb975845f,d78a12f22c09612a02ffa044b6190df2
a63302d8f86afe18a2899fbda9407a36,e2f121bf684fd63fcaf77d623dda266a
a64a49953a69428cbc302c84ec29a265,df7d62d25f45ef9105ad8d57d4cec4f5
a64a49953a69428cbc302c84ec29a265,f0eb15b5593078223975cbbd9a67e0e7
a70a395cacc41c23c2f773c0d121c8fa,e12bd21def3884f5dbd480396b164db0
a70a395cacc41c23c2f773c0d121c8fa,f7e30e04dc0b84d3078b6852d88bc7e6
a73d18a2d029f7a976ed5a5e6f005e7d,d5e06f21e92e900f8266d485f6207fbc
a76d183ed8448bcc11e18c183dcb6fbb,bfe9f12b10b7e4bcc3501ada406f2081
a76d183ed8448bcc11e18c183dcb6fbb,ccf3a10d30f39ad80b78984a9bd9f563
a76d183ed8448bcc11e18c183dcb6fbb,d511c950a7b9d4fe0af41db8297e9fdb
a77f9adf318d00c2798db0c24b121a59,aff277b10cf80240133d45ed0d561f3e
a7fa69bcdc00c6d63db8362c8a374aec,a8ffe6dda8eb41ea421ca9cda397be87
a8a543e7e866aa47a370f52b09ecfddf,fed5ecd7da7b8694ba5bdf5846057f36
a8d2a444b633400feff4daf098100efb,e7b4d14e233b5bdb02ec551462a9b7fa
a8e338b6acf56efddf9403b8bbcc0fde,b2600d634187b75e975ce01afb0ba5e8
a8e338b6acf56efddf9403b8bbcc0fde,b8673c5dbff470f9e1d95f58bd35a17f
a8e338b6acf56efddf9403b8bbcc0fde,d071937ee4278d39507184c6b0d49791
a8fc261dea9f5166c6a9e954d5f64e00,c7990ca674b3ca9aba64658ff5e58ce4
a93256ea2d3ed5872d7a17ffd7b4b315,ec0004580eca928e9a9e8107a119617f
a982cf5729dad8ecb71c5cb3e4e6491b,fa8a5ba0de872b75eaafdd42b90fb434
a982cf5729dad8ecb71c5cb3e4e6491b,fb56b8b200a9866d5a5577e16c817de0
a9ac670600485a3846a61b3093ca37f0,afb6100ef779feb0cec7ade31159cb74
a9ac670600485a3846a61b3093ca37f0,b7407e1fe26969263229eed7b98dbba5
aa2f4d1f637f7d4670c744c1a8d6c9d0,c1310cba6e09a29720f41ff0ce543ea1
aafa25d08c755a42e7bc379524653272,ef1467b8676e931377d329e4f21b116a
ab56d03c7fcf910e9919b311176f7e69,cbe5fb2c72337dd65d7f24c8e801e3fa
ab56d03c7fcf910e9919b311176f7e69,dc5df52cb91fc14afec0b7aae13d8cd2
ab798a409cb12164a342fea79457be49,b1ad66b4414230d20891fed34f5e4286
ab798a409cb12164a342fea79457be49,f3e9bcb72545c9c2751bc1829660d52a
abd7d1d22dfdd4861c48a46b07b48074,acab53fff22defbd853a85810d1cbec8
ac1cf02051f56910074ea2ecc464d2d3,bd89a0242140ef4038be123aea839d14
ac37d24fca8ce4acbf92792d87bf8bb7,dd384d159532460b79ad054519ac64d2
ac5baedada70df463383868d3ab9d22f,d48957e2e5bbef3743f68fce2931931c
ac5baedada70df463383868d3ab9d22f,fa5c020aad3a9dd727d5a75ee03e8841
acab53fff22defbd853a85810d1cbec8,ad5d9bbeabc702e0948b599cacc7d543
ad2146efed475089df1f2e48928e1dbd,e45457fcd94fc5df6a04bdd5ee23756e
ad2dd7120ace2c7fe890949cb6a5411b,d96e07209d2d1fa9abad7d71fe1b6f22
ad2dfcb27e363de8f3d1730bc4d1efa2,e3e85a909b50e41a3259321469f7a68f
ad5c99676c51b52db3a9053044679109,adedcad551c96d6f5d04b08cb1156d3f
adbf0bc62edf26b0431023610c270c39,eb166f4892c1b96aec93c97b480578c7
adf2d3ed4bf8e3b77aa1222f75956353,daf692390472c452ad881ae5ceb98414
ae37984f36c4eed84dc72032f6e43993,b202d00d1e7baaf0d258bc8aac7fcd33
ae37984f36c4eed84dc72032f6e43993,b87c1e4a82a5510113051ed9d5485bcb
ae4e8d746a599607504c8917cbbdcf60,b69ee369d98e097067f986c2d7acbf94
ae676562dd961dd747ddace55f24483a,d816351d84faa467a7d38e0691600606
ae6f62ddd72c36c0c364b27d3bd7d125,ebfca03e41665347f909fdd752fb93ef
ae92c121fb537305175c2ca42e731d35,e6ca921d995fade37cee39b0e4a7b3c7
aeacce9d62bda8f8c17cf5708141478d,f9ed75ed379b17ec652c0267141ad268
aeb736f208332a5cd0ceedab5f158459,ccb769b097c249532b101cc980417ea0
aeb736f208332a5cd0ceedab5f158459,e660430b2a9dcf7b67ef557584a7e90e
aec8524612a4b6ba0a13a4faf5f19507,b298035e3b84c091154a65785f4b7ea1
aec8524612a4b6ba0a13a4faf5f19507,f2933e10b3594019fdadb9b46c80b371
aec8524612a4b6ba0a13a4faf5f19507,fa3c8ab7e0077dd9c0b644ed56c9f3c5
aef58b10937fe72e7326a6ccc78fc20f,dfa66808ef670e90702f3f0b346e3e86
af58f295afd9aee5fb95bbdc41a554fb,cfe572f459d82d0f05d93d4250feadcd
af58f295afd9aee5fb95bbdc41a554fb,eaaec12ec3030ac4e4df24951f3c5708
afd7a6f7e472a06d53797178481495d8,e4401e545b2159a8cd886dae595be58e
b00cb87a00db80b4107f6fa080b95d13,f72c6e6c61021b8bdedc20f7823a65c4
b01acd7ac419e1cb18bcdcd3b9f45054,eae53b8438cc0707baf657f7d6f9e573
b096405376b84c6ad0968f0a3472e518,cabd147c612ba1d580e423c9bad713c9
b096405376b84c6ad0968f0a3472e518,d48957e2e5bbef3743f68fce2931931c
b0a468a48f3b2c19fbf4ed31a54779b3,b0e47d4fe154c15228b34e9e800de5c4
b0a468a48f3b2c19fbf4ed31a54779b3,b298035e3b84c091154a65785f4b7ea1
b0a468a48f3b2c19fbf4ed31a54779b3,f2933e10b3594019fdadb9b46c80b371
b0e47d4fe154c15228b34e9e800de5c4,b298035e3b84c091154a65785f4b7ea1
b0e47d4fe154c15228b34e9e800de5c4,f2933e10b3594019fdadb9b46c80b371
b0e647b3f8a04a8b2375d475d013cf42,beffbb34540d20e3cba8e9daba738e66
b0e647b3f8a04a8b2375d475d013cf42,f49ebce3c57c9a4941b7a4c492f61868
b10e31a5723840ed8b75a8cd0fae682c,d6106c1ab720e9d333d591c19d863bd4
b12e9e60ea07924a2d7b5aeb77eae6a1,d180700d222921a5ef2f4638c2922299
b12e9e60ea07924a2d7b5aeb77eae6a1,d336d46f25f46c528d10bc3b3a14076a
b12e9e60ea07924a2d7b5aeb77eae6a1,e2d6415197d02f36bc0b141ed7c905e0
b14e424f64281065a17ae5cdc58b2652,f7dde5d0aa269fda161b52989003323e
b1686544dccebfb75846317e63cdabc8,dd8e185515c310737b7e1f66521ca253
b1686544dccebfb75846317e63cdabc8,f7005edb014ecf40183e2d25db48f457
b195a05b94b69566690e8fa5e7fe698c,bfeea67d03aa3ca7c8f30bfc952a2f52
b195a05b94b69566690e8fa5e7fe698c,e19a1d89a33dcb77d253a18333240d0b
b1ad66b4414230d20891fed34f5e4286,f3e9bcb72545c9c2751bc1829660d52a
b1b6f82477b38f17bfa26acef1e97354,cacae716df1ca743be20e96e77e5060e
b1d924147f9c57f8469dee6ac42644bf,c81ee1906b111276630ba0c09b055ff3
b202d00d1e7baaf0d258bc8aac7fcd33,b87c1e4a82a5510113051ed9d5485bcb
b242a1d5bc38ccf528cee06988e9a53c,d7d1cbfc07a4832a8f88f2e9eaa0db0e
b2511f6417f44a54c21d7b9be48e09e0,f94aa1ec2a5ff5493f80b730da1e56ba
b27e027e7cbbf518df8a8bd76324fb48,faba12d316dc88b6b604a8c14a81cb6a
b298035e3b84c091154a65785f4b7ea1,f2933e10b3594019fdadb9b46c80b371
b2b14a2de2743eaf06f628fddf0008b7,fd38b064e2aacf0b9209c64b5866c593
b2b2b93bb9af2909572360b3fad10eed,f2015202e577dc5a19a968c8ac49430a
b2b4141c2c7cadb280b9f7a09d3c6b69,b7c8d0444b86325713dd09e73537d06b
b30823a7b0e2b115d070e24555923c3d,bb17c0ed44019a06ad624bfcd7f41f9d
b30823a7b0e2b115d070e24555923c3d,ccd194fdc8a9fbb38cc2ac1b6628729e
b30823a7b0e2b115d070e24555923c3d,e2e4427f14f8a722f6100b1b1196a9e3
b38848e7de8e93af29fdbb1c72f01992,f52059a888cf94b9f133ba65754b10a6
b423d86ec7a9e11c671d08457eff7b7f,daffa6893d6a05ffffa53019d5220b46
b424db709b850c66f677e81a7bc967bd,ed65a5259ebcdf88297d8427fdb83bfc
b52a480370536426f3619b455cc2209d,e2e388b5e384b219922de23989dbac4d
b556bfc542f9832244a3dd28c412c324,bd66c69062bfb5785904958ec60d9012
b576087d8b8e702a710808aa610a7b97,d6e66894a55e0147c22aca9613faaf5b
b59d00c29011cdb68b9fe4e231bd91cd,d998b24589763c264e6c5b07c4163b76
b619b9c0b77327c121bdec6ddb6b0423,c5f97ca2dea179a621176ae4dff0849f
b6ac283edf85c612d86eb6a79338fb47,df813f01078d2856fb599aa227d74602
b6ac283edf85c612d86eb6a79338fb47,f05039bf17ffd7fbc6422bdfb437b626
b6bcc4c2b4f1fdb91642be3ffb1dbd42,cf37981d7ccf9f935fa23d066312885f
b742bc90f6388729a4ac8d197de218d9,d3c63d1c97da930ce2bdbff9e4dbb692
b7c818222dc799225d37a617d2cfd4fb,dbccad952dde5e3552e0de1f68b126dd
b7c818222dc799225d37a617d2cfd4fb,dfe1d9d7829d10c2818d9c6ade37ee25
b7c818222dc799225d37a617d2cfd4fb,fdc5deda61d6ac41eeb219d3512bc48b
b80167b485ac9d4eac15ea14f6e03320,bbbae082eb45f67825a9da9e8003a2b6
b80167b485ac9d4eac15ea14f6e03320,c37fea55a18b0bd67fa6952e8e57f88e
b8340ff4c21ed3484dacdabc0bd98148,be536808182e5bb9cc7be97c9340a23f
b8578d85e85cb055475c00560af3f81e,e5100d1549ab7b23e08c12ff0879b1d7
b8624d50568f51e612d07363614123fd,f215b58f6a4da4864851fc49804e8525
b8bc05f0c9af5abdd603a23f1f013bb1,c369f7fcce1dd31afbaebeb78ef2caf8
b9193aa2fa77b952db6f429fddf1446a,de513b258d8b779f851efa00ad49866c
b93ca9be83f68ab39596c8e68fb48276,c04736c6845ab007c0d725e770b989d1
b93ca9be83f68ab39596c8e68fb48276,ed2df552b34b4c2b258d02160c940c7d
b93ca9be83f68ab39596c8e68fb48276,f3fdf35c22001ab8f40d020e4d13bd87
b93ff050bc8cc544f875174d6c64d51a,c3bd9aaf90df50a69ccf544b8ff40297
b9e402731c6cfd64e431ec7bd33552d6,e24ba2e8696ec424ce5d5f3117be0ba9
ba42372c5312d60eca5aecfadc11b0bd,c654df1d425134a14c3d66e3be371e26
bb00b6937b6e5d43e044e6ebc0110307,dd31bfcdfd493f71d7fa188e30f5adb3
bb17c0ed44019a06ad624bfcd7f41f9d,ccd194fdc8a9fbb38cc2ac1b6628729e
bb1fff9517465e697f26d3b2da83689c,ea8199565b57d879c3fb705cb9deb359
bbb10f4a23f2c9dbe936570571d11fc8,dc3d9268a0548f0f7c4b5226c415a359
bbb10f4a23f2c9dbe936570571d11fc8,ea5424f299d585f1d28d1806fabdcfae
bbb10f4a23f2c9dbe936570571d11fc8,ed42c095b4f5f6b25016b55559ba8760
bbbae082eb45f67825a9da9e8003a2b6,c37fea55a18b0bd67fa6952e8e57f88e
bc288f9ca4691955ecb707dfed2eeed6,c92ebd5a9a11a6284fec5f368f5712bb
bc288f9ca4691955ecb707dfed2eeed6,ccf4888da2abc93b54e8952251e7b4d5
bc288f9ca4691955ecb707dfed2eeed6,d4e97dbd2a2e2f23b78ed7169bb51c07
bc288f9ca4691955ecb707dfed2eeed6,df017bffa4c71fc51bb346a372d3fcc5
bc288f9ca4691955ecb707dfed2eeed6,ec5575f796931ad3eac439b9fe00b9f6
bc2e7f63565bc2254fb0c0305e619dde,c445d2ca74d0fe04a30bed20f73c8280
bc35b46dbf468b3dd7ae13582acec3d9,f6ae051ea509b49908458b6867fbc95a
bc8eaea35628fec812c40ba21aea413e,bf03cc0d11f6599be97ca32667bbe8a5
bccfdfcf0231d22d0b3026cd7c9e32f9,ef1ec1407f274e428db1b453c50b1deb
bd2c879bf558114ac087ac462bd211a7,e72a7bd4b73a45eb56c3a926e8b2aab7
bd2f769bfaed8e3c3a905884020b9bd2,dbd65d86ccc87fa17b22718310682994
bd66c69062bfb5785904958ec60d9012,d974db25e8e97e204ced85bfd6305838
bd66c69062bfb5785904958ec60d9012,f445295d3a26f1d4f554e18d641a982e
bdf2b42baeea4c2eaa6f74dc9af1a786,df36b624704f784d846344c74ba383e5
bdfa31a0e9fa6f854b1970479a62c89c,c7c2bc7e3a7cd40b66c3061cd13c205a
bdfe92ade6ebe362dae1b1a02aabcf98,d544d601a12b7205ab63827546ab31ba
be051e510d3f2c631963d3ba824d495f,dcb55fc7c3d3c60562df421bf7fdfccf
beffbb34540d20e3cba8e9daba738e66,f49ebce3c57c9a4941b7a4c492f61868
bf395aa0e4b47956408493b5c24c7db5,cca7df0cf0aaaad09ac9f75e9636c712
bfeea67d03aa3ca7c8f30bfc952a2f52,e19a1d89a33dcb77d253a18333240d0b
c034861083dfaa440521f75aab0a9314,ef79cafc6690601cf97469a0bbef7f27
c034861083dfaa440521f75aab0a9314,ef994d8a0aa749c57a608e9ebe353fcc
c04736c6845ab007c0d725e770b989d1,ed2df552b34b4c2b258d02160c940c7d
c04736c6845ab007c0d725e770b989d1,f3fdf35c22001ab8f40d020e4d13bd87
c092ed362ba6ad8e7d5cbc0530b659cb,f8a7fe1d0848c0bbc5a2e92fe82a0b9e
c0b99daa2eb41c5fff521281c6611720,d7c05203fc4a84d3cec84d7131aee2c5
c0c02e3527daa95a98e86931bc452d5e,fd382d816525e3046ce4e2d4d3f83f43
c0f5a6e5da7dfef7c5b95c025c208b40,d475eee598a738396f0e6fbfb0a3e14c
c23f29072611578b201a787afa412fa8,c30700dcf1e4ef69f8300d6d0dd4580c
c38331b000991a8d2b69d7747147f69a,e7b4d14e233b5bdb02ec551462a9b7fa
c38331b000991a8d2b69d7747147f69a,fbea3206ad212b808343de6d4682e075
c3a458c6bc7b32ff0dcfc9f0bb52fe37,db8375a250c9c9109f1ce6f1e407a571
c3bd9aaf90df50a69ccf544b8ff40297,f6433766f8060282161aee2a9f0f5376
c445d2ca74d0fe04a30bed20f73c8280,e1ddbaf77400520c35295452c5b0d802
c44ba97ed27403daf5bb2e2b3f604b1d,c74b2060f032ca14f43898e10fb658db
c45bbfe8e85574fcc5ad6c8884301589,ef1467b8676e931377d329e4f21b116a
c4b323b51b1f2605d90664208f70c8b0,ca71ad925f1adb7fc3ec99a299bbff6e
c4b323b51b1f2605d90664208f70c8b0,e746bd9096f9829b8502569c5297037b
c59001b55c5bc51598f6cb620b44bd35,fba33318be945c2a137549264926b049
c5dd6b519789a9393211cde022fbb366,ce8a5c72e66914303b692387a6b061d8
c6474ca855f19d11e1de8b8dd96bc0d6,e04d2bb4ee76533837c42a66096a2cb7
c654df1d425134a14c3d66e3be371e26,d13f2f50ccbac11b54505dcfa7f24b42
c654df1d425134a14c3d66e3be371e26,e79b5300069781f4b1062d65b457eb20
c7cc9cf1369dd1ce63f57de7ddc7fbcc,f1a3b55265667545142e8b72b2a6fdfa
c7db0b344948a388822bdde60855ece3,cc9d87a41ba899bd648eb5196289a000
c88ae2bcfba1b7ac607e7f9afcd3ca71,e9f85d11284403adb130924babacc4eb
c8d3cdc9acef17bfa3ae2c6bf850299a,f1b186198d59c4a26e1f5ab48ff76ce1
c92ebd5a9a11a6284fec5f368f5712bb,ccf4888da2abc93b54e8952251e7b4d5
c92ebd5a9a11a6284fec5f368f5712bb,d461f6ae6d91084e021a6db2dfc6dde3
c92ebd5a9a11a6284fec5f368f5712bb,d4e97dbd2a2e2f23b78ed7169bb51c07
c92ebd5a9a11a6284fec5f368f5712bb,df017bffa4c71fc51bb346a372d3fcc5
c92ebd5a9a11a6284fec5f368f5712bb,ec5575f796931ad3eac439b9fe00b9f6
c965fc865cdbbc997c4674f65048cbe5,cc34617111c1728836ae08cdbadc6ebc
c9a8cee1086484b35f684a1e3e930a57,cb4c704aa9dcc5179e2a61663e1d45ad
ca0bda98342e725adce4feaaf294212a,d516c1b5473abbf532379571738b1f73
ca69645627277f9a258fb7a0108b6c8e,ffbe38e164095c27bb266cc11a0a4f33
ca71ad925f1adb7fc3ec99a299bbff6e,e746bd9096f9829b8502569c5297037b
ca9a38d62b07e1978d66523d2b194cfa,efb27db69d41551b6f38e30d37578fc3
ca9a38d62b07e1978d66523d2b194cfa,f94aa1ec2a5ff5493f80b730da1e56ba
cabf7dd413137cc6fece398f2e79f603,e7fe0f119f3bc1a9ec1d30dd4bb70800
cb8ce96c2471ad2fe47208c1066bff41,ce8499dfc49169c44a736f8e927b0ee9
cbcdf7872107ef3f4ca8649fc7bd2c67,ffeeae5228ebb2ea252f42368d084e12
cbe5fb2c72337dd65d7f24c8e801e3fa,dc5df52cb91fc14afec0b7aae13d8cd2
cc7a400c78b69d853dfd3cb39e9468b6,f9ed75ed379b17ec652c0267141ad268
cc9273f8006d117d7b170ef57286d654,fda1d2492169a08640185ce1247a770b
ccb769b097c249532b101cc980417ea0,e660430b2a9dcf7b67ef557584a7e90e
ccb769b097c249532b101cc980417ea0,ec5f63bde8e7644d3e7f62bae235b0c7
ccd194fdc8a9fbb38cc2ac1b6628729e,e2e4427f14f8a722f6100b1b1196a9e3
cced121d8de37d8bc5ef49bb99075454,ced446350b651bdbd9375abffe206760
ccf3a10d30f39ad80b78984a9bd9f563,daf692390472c452ad881ae5ceb98414
ccf4888da2abc93b54e8952251e7b4d5,d461f6ae6d91084e021a6db2dfc6dde3
ccf4888da2abc93b54e8952251e7b4d5,d4e97dbd2a2e2f23b78ed7169bb51c07
ccf4888da2abc93b54e8952251e7b4d5,df017bffa4c71fc51bb346a372d3fcc5
ccf4888da2abc93b54e8952251e7b4d5,ec5575f796931ad3eac439b9fe00b9f6
ccfca1bfad8aa0c9c5ff355a8887568b,de28492c09cbc6c940594a413fac86e9
cd6c6d0cf46e337fa8e83cdf6a635721,fd38b064e2aacf0b9209c64b5866c593
cdd1769f923c59ffb3f829ed3748e9f5,fa676bc0a1e7f645fb8287e6d5252f8e
cdf0219e4e79884cb7f876b815ad19e9,e1fc43832018ad4ac6f2e10410da0b37
ce5c55b978ab4a45f8b176cccb78435f,ede3342a62d624626e780a1f4c7e9e1c
ce894c9a7f9ecc71f3eea0d930465867,fece77ba554352fc28884f336770f1e1
ce97dfb66e6f4b7076164454bee42a54,fda1d2492169a08640185ce1247a770b
cedc56becaba9c975a95c38dc4024124,d516c1b5473abbf532379571738b1f73
cf5be113c958dc3bfb872a6ace26ec68,df36b624704f784d846344c74ba383e5
cfe572f459d82d0f05d93d4250feadcd,eaaec12ec3030ac4e4df24951f3c5708
d0976854f125fc5a082ebb5fa1cded9b,fbb7187a0a0cf3ee7c119e900d684a86
d112888a5a340dfc5de9b98a379b4c51,da735cbc6da031e77349481730336be4
d140a999b849796117ff6105605ec96b,e1dc403262024b35da0b09c95fc18f25
d180700d222921a5ef2f4638c2922299,d336d46f25f46c528d10bc3b3a14076a
d180700d222921a5ef2f4638c2922299,e2d6415197d02f36bc0b141ed7c905e0
d1e262cad1fb47f4fa7ead7d760b163a,f04768b4285dbd38baa31f0c30ec2537
d20350a09d4399dcf2618f6aed5cb31c,fa92e703db6a740bf045037bffb65b31
d2bbc96491a614fcccfd25e8a5544e6f,e115bc70ebb7c5ebcd6ff4726ba24cee
d336d46f25f46c528d10bc3b3a14076a,dd31bfcdfd493f71d7fa188e30f5adb3
d336d46f25f46c528d10bc3b3a14076a,e2d6415197d02f36bc0b141ed7c905e0
d3f3fa8353274aaac0ce0788fb7ea645,e263b20eec9826e6ff2763c589fae66a
d4453b416b28a1c67c0af474e2958abd,defb2b0cf46bed99a884d28b85b182b5
d4453b416b28a1c67c0af474e2958abd,df13c7b958e1f0e56a8425eeb85f69bc
d4453b416b28a1c67c0af474e2958abd,ea08da1120f117404e165aaa6b9e0a52
d4453b416b28a1c67c0af474e2958abd,eff642245681576e7e5c03ef51a2c418
d4453b416b28a1c67c0af474e2958abd,f035e44c2af2347de3aeeadd208eaf04
d4453b416b28a1c67c0af474e2958abd,ff117305b9255f073e7859124b602686
d461f6ae6d91084e021a6db2dfc6dde3,df017bffa4c71fc51bb346a372d3fcc5
d461f6ae6d91084e021a6db2dfc6dde3,ec5575f796931ad3eac439b9fe00b9f6
d48957e2e5bbef3743f68fce2931931c,fa5c020aad3a9dd727d5a75ee03e8841
d4bb68ae35592c60c61084aeedf19b95,ef3f9fb72a6417b9237ba68211500d99
d4e97dbd2a2e2f23b78ed7169bb51c07,df017bffa4c71fc51bb346a372d3fcc5
d4e97dbd2a2e2f23b78ed7169bb51c07,ec5575f796931ad3eac439b9fe00b9f6
d523d5925b4578bb2d044be68ef1242b,e4530fbbc93b680757b1cb6bc1456349
d5aa1c3dde8465994d80048e30bf684a,de22a7ed07fc282f779f3a8f3e4b21b7
d6106c1ab720e9d333d591c19d863bd4,f7005edb014ecf40183e2d25db48f457
d6181d340505785ab63a3d96211f5b7b,d7c8d668082e539c68a9752dd1a27b54
d6fdd47f332e57b0a3c90a7570e15152,fa269c4edbe8f08278339e1e5da079e9
d7bd8d8af2a75fb4ec25809907733abc,fffb1ff26c1c718e47f576fdba3bd82b
d8fc9b91f02ecafb47d0778b77ff8028,dad48cf5435aced7368b24427059de05
d945a41ebd4ba0a9d6697e8d614bbd08,dc0ff6019072a549f032144fff0c62a4
d945a41ebd4ba0a9d6697e8d614bbd08,e4a2b54db0e9882156fb9365d28763c9
d945a41ebd4ba0a9d6697e8d614bbd08,e51bb4e4cad0dd3449f2fed7b9878068
da4773f42684aa8198635477cf68ddb3,eec8cdc00955761bde68e6f0dae2700c
daf692390472c452ad881ae5ceb98414,db0bd07766b8a65a90f0f22c0d5d188c
db24c690ba604e4c331feed5d92ca7fb,fbcc8ae7afc58898ccd49a395a009a85
db50e1b3c621d74db5e943630cd4727e,e89f82077699acc6096214eb7ca18876
dbccad952dde5e3552e0de1f68b126dd,fdc5deda61d6ac41eeb219d3512bc48b
dc01d59c8d9ae614ed3c3337dc61e7d1,f9a906b4324765e7957d3a0626895686
dc0ff6019072a549f032144fff0c62a4,e4a2b54db0e9882156fb9365d28763c9
dc0ff6019072a549f032144fff0c62a4,e51bb4e4cad0dd3449f2fed7b9878068
dc3d9268a0548f0f7c4b5226c415a359,ea5424f299d585f1d28d1806fabdcfae
dc3d9268a0548f0f7c4b5226c415a359,ed42c095b4f5f6b25016b55559ba8760
dc497069a55b26ece3de5e28375cc44b,fc7eb120aaae2768fb1b067555f014a2
dc558418d1e20fa5bd732e361cd8ebce,faad62ee21fdb96639ed993b176df9e3
dc91aa9835f28627f4e494f314d584cd,ebdfea683860f15a4b131ac8f741ec21
dcf788217e59d0694628c4f29744dcf1,f39c410805856970849b9fc0772ae260
de9c7ff5f241ab33aa2ab615fef5de50,e06e0ee60dadd2bef960edc7f60b6dff
de9c7ff5f241ab33aa2ab615fef5de50,f39c410805856970849b9fc0772ae260
defb2b0cf46bed99a884d28b85b182b5,eff642245681576e7e5c03ef51a2c418
defb2b0cf46bed99a884d28b85b182b5,ff117305b9255f073e7859124b602686
df017bffa4c71fc51bb346a372d3fcc5,ec5575f796931ad3eac439b9fe00b9f6
df13c7b958e1f0e56a8425eeb85f69bc,eff642245681576e7e5c03ef51a2c418
df13c7b958e1f0e56a8425eeb85f69bc,ff117305b9255f073e7859124b602686
df813f01078d2856fb599aa227d74602,f05039bf17ffd7fbc6422bdfb437b626
dfc31cf2b6a58e8d10eeecfaa323d796,fc8eec931d6350d3667fb6db63fb65b6
e0317e2229f83fc4c14d27fe0c9a0914,e2e32c64f6e37818fb6fb30747468c27
e09ab87ebbce3f3598f67290e5012ed1,eef7ab58691ad89d2b3d2b048f07a54b
e10e84bf75152c9517a47f0f43d0182d,f9e5f34c13642d1215e8bed04205a4db
e17f63cd52dbd0a2b5274256e63bf98e,f8cb4ed42ce2742a31be782942a439bb
e18f7967aa52113acd34651985734f7b,edcc2992b4358975c0e637f8fd06c25f
e23b0827be60d9992f88a4dbbc2fb76a,f37793b3ee913cd85f3018e4f33d4848
e3194df2119084cd2eb1aa0aade201ea,fd754f79b8de83c1528712362fc82d8a
e32948bd34e4a0ffb07e726038232a82,ebb85264ecc405596bb7110a7f9329f0
e46dbc07720f50f0f428a4f7ed3326af,f6d1645468ef50fb0accb2d38d2bfd1e
e4a2b54db0e9882156fb9365d28763c9,e51bb4e4cad0dd3449f2fed7b9878068
e4b90f5d9d1177f7a624b84d039f1e1b,ec01f46c3821c07f8b0394785b237e59
e5a488d9db22fadcd8866505c751f1e7,eec4367d52f8bab8828c697d29f022f8
e5bd2be0d39268d017e306ba127353d5,f7dde5d0aa269fda161b52989003323e
e6018f18bfa692f111c3670beffc8ad0,ea25f595ef3e71e2ad5565d7f077f23f
e67f4c1803f4951f1537ae02954c577b,f1c8830345e7df76489f4e816fe3dfad
e746bd9096f9829b8502569c5297037b,eb180e519a30a0b614c99ed719036794
e7ac7d20faf0a888b3b4065ca39ee494,edcc105f4ca98a8cb491ae4ca903e9b6
e7b4d14e233b5bdb02ec551462a9b7fa,fbea3206ad212b808343de6d4682e075
e82a559b0743d60df94bb54f7e8bc61c,f6ed98114e4cd5e3a6de5ff22b9ba502
e89599994322febcaafab85db6805449,fb9f35cf8fb3d4490b51661a4453fbf1
e99f6d65d8c58c2f194112f4c2bd0cf8,f3cc62050027665809ecc7e28ab2bfea
ea08da1120f117404e165aaa6b9e0a52,eff642245681576e7e5c03ef51a2c418
ea08da1120f117404e165aaa6b9e0a52,ff117305b9255f073e7859124b602686
ea5424f299d585f1d28d1806fabdcfae,ed42c095b4f5f6b25016b55559ba8760
eab2c37febb96330584401b66e6a74b4,f4776f41d119c68db8fda811305128eb
ed2df552b34b4c2b258d02160c940c7d,f3fdf35c22001ab8f40d020e4d13bd87
ed5fca0a71332285e368613ca8a892b5,ef00ebab9a6eae4f86af4830c9fb9025
ed5fca0a71332285e368613ca8a892b5,f05ddca65db78d1880e16a770fdf959d
edb961986fa2f48ad304b62470553608,f99c699da2a30a5247376b6576f129d2
edf180c451a377e2ee4fe61534003b8c,f3d5e9ac90f66007589d065f05864e6a
efb27db69d41551b6f38e30d37578fc3,f94aa1ec2a5ff5493f80b730da1e56ba
eff642245681576e7e5c03ef51a2c418,f035e44c2af2347de3aeeadd208eaf04
eff642245681576e7e5c03ef51a2c418,ff117305b9255f073e7859124b602686
f035e44c2af2347de3aeeadd208eaf04,ff117305b9255f073e7859124b602686
f0f0127595734b9895e115ce34f5653d,fda1d2492169a08640185ce1247a770b
f118982964bb06d7f23e5a75a364c4de,fc97ca17bd603baa848776a43c226604
f1c8830345e7df76489f4e816fe3dfad,f2debdb78f1836fb2a7265ff6acf408f
f3a6669712f1c5aefde40e984ce40040,ff7a05ce4292c3ed4dc9818d5354b498
f40620875edc07e50139eac977a9bbfc,f8b768f1e987798968d529e28ab04771
f7595b37228e4eb6e0a75c948258316a,fce0e272c00f9b5246e5fb08fd8d5bfe
fa8a5ba0de872b75eaafdd42b90fb434,fb56b8b200a9866d5a5577e16c817de0
