method_a,method_b,change_category,method_a_change_type,method_b_change_type,method_a_similarity,method_b_similarity
001351a73b4588c529f10f40286f9af3,048116c6a00931800548fab5034f088c,both_added,added,added,,
001351a73b4588c529f10f40286f9af3,3041dc96a449741cbd5ae3de3f3d818a,both_added,added,added,,
001351a73b4588c529f10f40286f9af3,4e08b5d05587f1420a3842edea625663,both_added,added,added,,
001351a73b4588c529f10f40286f9af3,541b7e93eaa68d8993be38d1d9aa6047,both_added,added,added,,
001351a73b4588c529f10f40286f9af3,57ffbb0ffa106d9d625ce24380cc6ce8,both_added,added,added,,
001351a73b4588c529f10f40286f9af3,5d20daa53fe1f1773b62f782e72f39fb,both_added,added,added,,
001351a73b4588c529f10f40286f9af3,5e64bc480ca4927adcefb8ea1feeff88,both_added,added,added,,
001351a73b4588c529f10f40286f9af3,621723d94e6dd8c67721ce9bdac533b3,both_added,added,added,,
001351a73b4588c529f10f40286f9af3,6b6696cc5963344f57a6f4b5025c193d,both_added,added,added,,
001351a73b4588c529f10f40286f9af3,7f59b708be03bc11c3abe621a5fb3d30,both_added,added,added,,
001351a73b4588c529f10f40286f9af3,8cf818320ca5ed77c135a2f1a50a66a7,both_added,added,added,,
001351a73b4588c529f10f40286f9af3,98062190bc921063dc069278b6c6ec68,both_added,added,added,,
001351a73b4588c529f10f40286f9af3,a44a2bc3ac19033aec942126cd6e946c,both_added,added,added,,
001351a73b4588c529f10f40286f9af3,af4b5e354263b1fa8ce9ee78b78933bd,both_added,added,added,,
001351a73b4588c529f10f40286f9af3,bbd9f38a8529b1400892ae64a60ccb53,both_added,added,added,,
001351a73b4588c529f10f40286f9af3,bd9430e8a21d0868b94c3e3645ededc8,both_added,added,added,,
001351a73b4588c529f10f40286f9af3,bf4e9fe513e6e8612215b9673cca5c2b,both_added,added,added,,
001351a73b4588c529f10f40286f9af3,cfb1eccb6a0098d66806fb128fe799bf,both_added,added,added,,
001351a73b4588c529f10f40286f9af3,d051badb3ec26d22931f36515ac34081,both_added,added,added,,
001351a73b4588c529f10f40286f9af3,d57844cfca2141f691b6bd239ffdf5c8,both_added,added,added,,
001351a73b4588c529f10f40286f9af3,da7e79277f1ed625300a3db6f5f8a1a4,both_added,added,added,,
001351a73b4588c529f10f40286f9af3,e079a6ef12cd3063c4f72776682cc645,both_added,added,added,,
001351a73b4588c529f10f40286f9af3,e7ff88c357c33e69d8773479aeb0cf0e,both_added,added,added,,
001351a73b4588c529f10f40286f9af3,fb84e80c9418312f2f13b209bc655d52,both_added,added,added,,
001351a73b4588c529f10f40286f9af3,ffcedcb56d0c62d515cd0493970966c0,both_added,added,added,,
0014ebc70440716b6c48cc30891852b0,c47d9813cc8ac3777fa24694d9b954f2,pair_formed_by_refactoring,signature_changed,signature_changed,1.0,1.0
003c2224147ff84df4c6fd09a341330e,1b2cea5ff770335e4ffb65aa9a0fe52b,method_b_added,signature_changed,added,1.0,
003c2224147ff84df4c6fd09a341330e,4abe9980a639f0d25e39ee46da8a2856,method_b_added,signature_changed,added,1.0,
003c2224147ff84df4c6fd09a341330e,86b5641f43e69dbf1c3a3ce26357ccf6,method_b_added,signature_changed,added,1.0,
003c2224147ff84df4c6fd09a341330e,cd23fd7ef27e4717c64fa2e21f555470,pair_formed_by_refactoring,signature_changed,signature_changed,1.0,1.0
003c2224147ff84df4c6fd09a341330e,ef7f945668fbd31e6c4fcf01ddcab38c,method_b_added,signature_changed,added,1.0,
0084fa03e05ce7a9ac34e66d3018e5a3,41c4e09d53759d377052de39ea973a36,both_added,added,added,,
00b7d56bce710bb138d5a07dad19d8ef,dcf322c0e3ca5bdf15dc138082223db1,method_b_added,refactored,added,0.89,
00d5b9791dfe8039b47bcb15d60ad551,f1411ddc4e79d8ac20428f1fd06ee75e,both_added,added,added,,
0103785d050aedab08d3b76187c25980,08edde060fa77d08b68dc10ddcfd7c7e,pair_formed_by_refactoring,signature_changed,signature_changed,0.9,1.0
0103785d050aedab08d3b76187c25980,0e26e1ff4e7fb1cdfefd536063baa06b,pair_formed_by_refactoring,signature_changed,signature_changed,0.9,1.0
0103785d050aedab08d3b76187c25980,46e6806869f332e12a91b9787a2d15a3,pair_formed_by_refactoring,signature_changed,signature_changed,0.9,0.98
0103785d050aedab08d3b76187c25980,4966e376ffaca013f1b818407aa1d1c1,pair_formed_by_refactoring,signature_changed,signature_changed,0.9,0.9
0103785d050aedab08d3b76187c25980,8c624776ab0d89e0ba9149ea3646bf11,pair_formed_by_refactoring,signature_changed,signature_changed,0.9,1.0
0103785d050aedab08d3b76187c25980,95e77056a22e944f314ade351ac0b5c9,pair_formed_by_refactoring,signature_changed,signature_changed,0.9,1.0
0103785d050aedab08d3b76187c25980,ce9296a44b9f8519ce4b624b815a3267,pair_formed_by_refactoring,signature_changed,signature_changed,0.9,1.0
0103785d050aedab08d3b76187c25980,e12d6c9df3e4c266743554920dcb6d91,pair_formed_by_refactoring,signature_changed,signature_changed,0.9,1.0
0103785d050aedab08d3b76187c25980,ffb5c85bf24ef50e36a20364e96b8ca1,pair_formed_by_refactoring,signature_changed,signature_changed,0.9,0.98
011fe6005a0f4d7ee55d14207ee52c36,f23d78af1b1b19706e92c10b9032ef62,pair_formed_by_refactoring,signature_changed,signature_changed,0.98,1.0
012179e31ad44f3502d7161b887302d5,2fe2158842efe53aa8653131326d85a8,pair_formed_by_refactoring,signature_changed,signature_changed,0.93,0.92
012179e31ad44f3502d7161b887302d5,6042c055977891cb755997d6c2ce6417,pair_formed_by_refactoring,signature_changed,signature_changed,0.93,0.95
012179e31ad44f3502d7161b887302d5,83288dfa72d36268bc0471e0b24523fd,pair_formed_by_refactoring,signature_changed,signature_changed,0.93,0.92
012179e31ad44f3502d7161b887302d5,8a3dafd143557d0abd7d8facedab5b17,pair_formed_by_refactoring,signature_changed,signature_changed,0.93,0.93
014ba640171a9a2d7edb5c95c7c9335c,7eda9c1befa48fa24784af89cf96e5a0,pair_formed_by_refactoring,exact,signature_changed,1.0,1.0
01b5257de123589af3668d0cb2b63549,06755d5cbc09c9cf158e41dc7eb59f5e,pair_formed_naturally,exact,exact,1.0,1.0
01b5257de123589af3668d0cb2b63549,0cb6e82fb527f7f86f35ab0f11e66319,pair_formed_naturally,exact,exact,1.0,1.0
01b5257de123589af3668d0cb2b63549,b096405376b84c6ad0968f0a3472e518,pair_formed_naturally,exact,exact,1.0,1.0
01b5257de123589af3668d0cb2b63549,ccf410503278d14b128d9646c995f6eb,pair_formed_naturally,exact,exact,1.0,1.0
01b5257de123589af3668d0cb2b63549,e14556235dfad5570e44bb1db0b7d956,pair_formed_naturally,exact,exact,1.0,1.0
01b5257de123589af3668d0cb2b63549,f7ecbe1a8b94facfb82e52055ab30470,pair_formed_naturally,exact,exact,1.0,1.0
01bba91f0aa392150ddd33e2d11c2193,79bb8865cf05949607776459b6ff637c,pair_formed_naturally,exact,exact,1.0,1.0
01ca6999be8cf60c6b8e3e86e3df42ee,4c972d5da47adf1fb64e9e86a9ac16e0,pair_formed_naturally,exact,exact,1.0,1.0
01ca6999be8cf60c6b8e3e86e3df42ee,d507de6626be9608fd202e50df3c8004,pair_formed_naturally,exact,unknown,1.0,
01da1d5a049aaa579a653a203b64929d,d4cecd0fd24210342bf32bc57053daf9,pair_formed_by_refactoring,signature_changed,signature_changed,1.0,1.0
01e02c955782abd303e2bc151ee6a53a,7caa64953f1d1b317b2a9e1c56aaddfe,pair_formed_naturally,exact,exact,1.0,1.0
01e5edc2d8ad029b18167e49035b0992,09d6602c65b76e8f4157a06f5638c874,pair_formed_naturally,exact,exact,1.0,1.0
01ec3ba83116308c0e5314867798e8ac,043222299e39d1a199c766cea636759b,pair_formed_naturally,exact,exact,1.0,1.0
01ec3ba83116308c0e5314867798e8ac,0fb28678b717d63f116e5689bda3d03a,pair_formed_naturally,exact,exact,1.0,1.0
01ec3ba83116308c0e5314867798e8ac,30e96dc28b821879c63bf9c7e096a6bc,pair_formed_naturally,exact,exact,1.0,1.0
01ec3ba83116308c0e5314867798e8ac,351d0a2921f92c746b8b80a7cf03ac60,pair_formed_naturally,exact,exact,1.0,1.0
01ec3ba83116308c0e5314867798e8ac,442dc640f60cab6a3ab90e8e24589ad5,pair_formed_naturally,exact,exact,1.0,1.0
01ec3ba83116308c0e5314867798e8ac,486e0ec5bc8b57a0ee475a5f01b41ffb,pair_formed_naturally,exact,exact,1.0,1.0
01ec3ba83116308c0e5314867798e8ac,48e160855b30c136ea21292870d7a9dd,pair_formed_naturally,exact,exact,1.0,1.0
01ec3ba83116308c0e5314867798e8ac,4a9f03ec76ffcf32b1f85d99d21bb2dd,pair_formed_naturally,exact,exact,1.0,1.0
01ec3ba83116308c0e5314867798e8ac,4cd5768e09def1f2516bd988fd777f69,pair_formed_naturally,exact,exact,1.0,1.0
01ec3ba83116308c0e5314867798e8ac,4ebaa863e85559d586d3d6c02f5f54ec,pair_formed_naturally,exact,exact,1.0,1.0
01ec3ba83116308c0e5314867798e8ac,4fc8d6da73bf4bab3a10a2469ddd7a7e,pair_formed_naturally,exact,exact,1.0,1.0
01ec3ba83116308c0e5314867798e8ac,60cd47554e91cb5c4f490ab5af2a65e2,pair_formed_naturally,exact,exact,1.0,1.0
01ec3ba83116308c0e5314867798e8ac,6949f748cdb286cce14b733c937fdc29,pair_formed_naturally,exact,exact,1.0,1.0
01ec3ba83116308c0e5314867798e8ac,6a342d05313a3d8e8c12be85afb31dfb,pair_formed_naturally,exact,exact,1.0,1.0
01ec3ba83116308c0e5314867798e8ac,75a036d4e8b5870d45241cb744020511,pair_formed_naturally,exact,exact,1.0,1.0
01ec3ba83116308c0e5314867798e8ac,8308a1eebcee2fca8d8cf4de7814f259,pair_formed_naturally,exact,exact,1.0,1.0
01ec3ba83116308c0e5314867798e8ac,b12e9e60ea07924a2d7b5aeb77eae6a1,pair_formed_naturally,exact,exact,1.0,1.0
01ec3ba83116308c0e5314867798e8ac,bb00b6937b6e5d43e044e6ebc0110307,pair_formed_naturally,exact,exact,1.0,1.0
01ec3ba83116308c0e5314867798e8ac,c38331b000991a8d2b69d7747147f69a,pair_formed_naturally,exact,exact,1.0,1.0
01ec3ba83116308c0e5314867798e8ac,d180700d222921a5ef2f4638c2922299,pair_formed_naturally,exact,exact,1.0,1.0
01ec3ba83116308c0e5314867798e8ac,d336d46f25f46c528d10bc3b3a14076a,pair_formed_naturally,exact,exact,1.0,1.0
01ec3ba83116308c0e5314867798e8ac,dd31bfcdfd493f71d7fa188e30f5adb3,pair_formed_naturally,exact,exact,1.0,1.0
01ec3ba83116308c0e5314867798e8ac,e0c26158f9584cc629546663cde2a904,pair_formed_naturally,exact,exact,1.0,1.0
01ec3ba83116308c0e5314867798e8ac,e2d6415197d02f36bc0b141ed7c905e0,pair_formed_naturally,exact,exact,1.0,1.0
01ec3ba83116308c0e5314867798e8ac,e7b4d14e233b5bdb02ec551462a9b7fa,pair_formed_naturally,exact,exact,1.0,1.0
0212e0396a2bfa9e2022d3ca3960b6a1,478a9c49b65200ecc890d398310a9f80,both_added,added,added,,
02252137c3cbf1d8d99990f30f19b1ab,d3515a3abb59762cf1a81c707a86e31b,pair_formed_naturally,exact,exact,1.0,1.0
02252137c3cbf1d8d99990f30f19b1ab,d8742060b309236290e5fe9202f356a8,pair_formed_naturally,exact,exact,1.0,1.0
02765ea43f627840fca3a042d96d6fb0,a5fd8e44adc5dad15ac2974ca246d076,pair_formed_naturally,exact,exact,1.0,1.0
0284feed0d413a588f5f7990fb9ce37f,07d7e57499bc367895e4d24663737274,pair_formed_by_refactoring,signature_changed,signature_changed,0.98,0.98
0284feed0d413a588f5f7990fb9ce37f,fa80b65f57adc72e1b657f53a89dc7f3,pair_formed_by_refactoring,signature_changed,signature_changed,0.98,0.97
02cb948b400c8f482c44adc7a06b9bc4,be1cadb45cd9bd2f363e2594c96ab6bc,pair_formed_naturally,exact,exact,1.0,1.0
02da456eea1f621756a2a63dd043941b,c6c40bacc1e238998afd68d17e5a3a61,pair_formed_by_refactoring,signature_changed,exact,1.0,1.0
02e655c2010678fd68132b767d67e544,0734a204cb533b06e108c9a5d6fb9dca,method_a_added,added,exact,,1.0
02e655c2010678fd68132b767d67e544,1301da668fcb2d7e540a8415f2eb0c7a,method_a_added,added,exact,,1.0
02e655c2010678fd68132b767d67e544,165986922ca534089d057d3c855a6b5a,method_a_added,added,exact,,1.0
02e655c2010678fd68132b767d67e544,20ebdca6dbb511d5ee5b33e595b6fe80,method_a_added,added,exact,,1.0
02e655c2010678fd68132b767d67e544,32f2120ea3a145e6435c14e050e4f0b3,method_a_added,added,exact,,1.0
02e655c2010678fd68132b767d67e544,37ffe283834d60699fea56432b7d1a13,method_a_added,added,exact,,1.0
02e655c2010678fd68132b767d67e544,40501398eabd52ef635fcbb3b0dad199,method_a_added,added,exact,,1.0
02e655c2010678fd68132b767d67e544,41b71f42384d5d58ea82b855d91331ea,method_a_added,added,exact,,1.0
02e655c2010678fd68132b767d67e544,52232fa19d51c3ab89f9aae4ecd33b5d,method_a_added,added,exact,,1.0
02e655c2010678fd68132b767d67e544,67b5b0ce9a6e08fe5a29568acdbc2c79,method_a_added,added,exact,,1.0
02e655c2010678fd68132b767d67e544,6d0ca04f7c8c190ccbc710b2de2cb60b,method_a_added,added,exact,,1.0
02e655c2010678fd68132b767d67e544,79a8b71ef90a966b6985d7783d215ba2,method_a_added,added,exact,,1.0
02e655c2010678fd68132b767d67e544,81751f409b2e6378427a102bb802f304,method_a_added,added,exact,,1.0
02e655c2010678fd68132b767d67e544,a214e8fc6e9b20b6182164cc74d781e2,method_a_added,added,exact,,1.0
02e655c2010678fd68132b767d67e544,a2f12043b4a94e9a66a0d7eddb2bf42b,method_a_added,added,exact,,1.0
02e655c2010678fd68132b767d67e544,adbdc070c43b3296dfa93b791bf44a6d,method_a_added,added,exact,,1.0
02e655c2010678fd68132b767d67e544,d40e82b504f85d1feca9dd9041a4a1e5,method_a_added,added,exact,,1.0
02e655c2010678fd68132b767d67e544,f886788f2c33f4127a03e21deffe8236,method_a_added,added,exact,,1.0
02f1a9176958b7359d50761e5a8bda3b,a8e2711f8bc4373ae497a4423e24b611,pair_formed_by_refactoring,signature_changed,signature_changed,1.0,1.0
03037c1707aba4b03f20587c2506aafb,b1713fec0f28d1cc2372cd304274d0dd,pair_formed_naturally,exact,exact,1.0,1.0
034f96b3e6087ebda82d58b1af9dbeac,616f6f6545989d882a537d12e1f3236f,method_b_added,signature_changed,added,0.9,
0376d09a1b4a8bbd0dc3da8c0fb6cb2f,dd8d72568adb339af8d38460d54260da,pair_formed_naturally,exact,exact,1.0,1.0
037d14f723e9b5d2dbeb34336724d47c,300e1b44f39c1b39799929334b6f0617,pair_formed_naturally,exact,exact,1.0,1.0
037d14f723e9b5d2dbeb34336724d47c,b706e7d631a74b702bfcf2e83e7386a8,pair_formed_naturally,exact,exact,1.0,1.0
0383bf85d8c8cc74d0e2c9d6beb97903,e612e977281a48b02608490ee7aa7943,pair_formed_naturally,exact,exact,1.0,1.0
039a9ccd05f3e185d5c7bc2c38851daa,c8e09e87ee2f905c9164089557ff6c22,pair_formed_naturally,exact,exact,1.0,1.0
03ef4645e083b70c8d74e8984831b664,9a26b7cd7328505e8019702bb572fd04,pair_formed_by_refactoring,exact,signature_changed,1.0,0.99
03fd0ca4768e87543ca5d769025217d1,291e8f177d306f383548e2ef05a5a579,both_added,added,added,,
03fd0ca4768e87543ca5d769025217d1,fcf93a49c95e9d45ac18786e8e9914ad,both_added,added,added,,
0432d7a9481c92c697030519ac438705,2006a2a854c1d1d77f4bc6187a8e9b68,pair_formed_by_refactoring,signature_changed,signature_changed,1.0,1.0
0432d7a9481c92c697030519ac438705,66de0f82cf796bb5de3fb2a3e695d976,pair_formed_by_refactoring,signature_changed,signature_changed,1.0,1.0
0432d7a9481c92c697030519ac438705,a47bc4cf6eaecdeb49e0438c316c33f5,pair_formed_by_refactoring,signature_changed,signature_changed,1.0,1.0
0432d7a9481c92c697030519ac438705,aad4623d796282d9df97d8ed60f35472,pair_formed_by_refactoring,signature_changed,signature_changed,1.0,1.0
044afcb14f3160e00bec5dcd2661f3e3,3499c8a4ed043d0b752fb52461bc2f61,pair_formed_naturally,exact,exact,1.0,1.0
048116c6a00931800548fab5034f088c,04ecc2b807bbf08021d8e51cc6c24695,both_added,added,added,,
048116c6a00931800548fab5034f088c,074ba372a3932d56213f5db5b104d167,both_added,added,added,,
048116c6a00931800548fab5034f088c,3041dc96a449741cbd5ae3de3f3d818a,both_added,added,added,,
048116c6a00931800548fab5034f088c,35d221fe1c5cb34da09f04b9902227b1,both_added,added,added,,
048116c6a00931800548fab5034f088c,376765a51272f2a415fb56a6034d01dc,both_added,added,added,,
048116c6a00931800548fab5034f088c,4e08b5d05587f1420a3842edea625663,both_added,added,added,,
048116c6a00931800548fab5034f088c,541b7e93eaa68d8993be38d1d9aa6047,both_added,added,added,,
048116c6a00931800548fab5034f088c,57ffbb0ffa106d9d625ce24380cc6ce8,both_added,added,added,,
048116c6a00931800548fab5034f088c,5d20daa53fe1f1773b62f782e72f39fb,both_added,added,added,,
048116c6a00931800548fab5034f088c,5e64bc480ca4927adcefb8ea1feeff88,both_added,added,added,,
048116c6a00931800548fab5034f088c,621723d94e6dd8c67721ce9bdac533b3,both_added,added,added,,
048116c6a00931800548fab5034f088c,645c906bdfb01b8583d15cf9df644ddf,both_added,added,added,,
048116c6a00931800548fab5034f088c,6b6696cc5963344f57a6f4b5025c193d,both_added,added,added,,
048116c6a00931800548fab5034f088c,7f59b708be03bc11c3abe621a5fb3d30,both_added,added,added,,
048116c6a00931800548fab5034f088c,8cf818320ca5ed77c135a2f1a50a66a7,both_added,added,added,,
048116c6a00931800548fab5034f088c,929a29822abed393abd74be01743a2c2,both_added,added,added,,
048116c6a00931800548fab5034f088c,98062190bc921063dc069278b6c6ec68,both_added,added,added,,
048116c6a00931800548fab5034f088c,a44a2bc3ac19033aec942126cd6e946c,both_added,added,added,,
048116c6a00931800548fab5034f088c,af4b5e354263b1fa8ce9ee78b78933bd,both_added,added,added,,
048116c6a00931800548fab5034f088c,bbd9f38a8529b1400892ae64a60ccb53,both_added,added,added,,
048116c6a00931800548fab5034f088c,bd9430e8a21d0868b94c3e3645ededc8,both_added,added,added,,
048116c6a00931800548fab5034f088c,bda0e7d94d52f58b6e5623cdcd10282e,both_added,added,added,,
048116c6a00931800548fab5034f088c,bf4e9fe513e6e8612215b9673cca5c2b,both_added,added,added,,
048116c6a00931800548fab5034f088c,c1848fc42fb66eed0315371ff3e5b1b8,both_added,added,added,,
048116c6a00931800548fab5034f088c,c25052a98d9cf55c9b0ccb0d6d3ff00e,both_added,added,added,,
048116c6a00931800548fab5034f088c,c3af34e7307ac63f1d6b15fbeb29e0ec,both_added,added,added,,
048116c6a00931800548fab5034f088c,cfb1eccb6a0098d66806fb128fe799bf,both_added,added,added,,
048116c6a00931800548fab5034f088c,d051badb3ec26d22931f36515ac34081,both_added,added,added,,
048116c6a00931800548fab5034f088c,d57844cfca2141f691b6bd239ffdf5c8,both_added,added,added,,
048116c6a00931800548fab5034f088c,d6e35a94b47b2006697f25118a40b150,both_added,added,added,,
048116c6a00931800548fab5034f088c,da7e79277f1ed625300a3db6f5f8a1a4,both_added,added,added,,
048116c6a00931800548fab5034f088c,e079a6ef12cd3063c4f72776682cc645,both_added,added,added,,
048116c6a00931800548fab5034f088c,e7ff88c357c33e69d8773479aeb0cf0e,both_added,added,added,,
048116c6a00931800548fab5034f088c,e9bf1396c1a1cd4d9f9b959e94071271,both_added,added,added,,
048116c6a00931800548fab5034f088c,f7ac4ea59a26952f9abae99254116042,both_added,added,added,,
048116c6a00931800548fab5034f088c,fb84e80c9418312f2f13b209bc655d52,both_added,added,added,,
048116c6a00931800548fab5034f088c,fda369cd62d9f205f3d65805e7757216,both_added,added,added,,
048116c6a00931800548fab5034f088c,ffcedcb56d0c62d515cd0493970966c0,both_added,added,added,,
04e674e1c19df43fc628ab4d5a1892c5,1a851427d7b2ae071ee08d646577be22,pair_formed_naturally,exact,exact,1.0,1.0
04e674e1c19df43fc628ab4d5a1892c5,614bd4cbefa7b7f5b6820f613f750755,pair_formed_naturally,exact,exact,1.0,1.0
04e674e1c19df43fc628ab4d5a1892c5,65b622e8e420bed786941561720dfdf0,method_b_added,exact,added,1.0,
04e674e1c19df43fc628ab4d5a1892c5,e233ec95f598bcbb6a3bf6044b3a8ccf,pair_formed_naturally,exact,exact,1.0,1.0
04ec7a8ce2d88eb4b88ade2f309fd2d9,f6e396a15c1fc2c03eb9c7726a346ecb,method_b_added,exact,added,1.0,
04ecc2b807bbf08021d8e51cc6c24695,074ba372a3932d56213f5db5b104d167,both_added,added,added,,
04ecc2b807bbf08021d8e51cc6c24695,197a7b4dde7ebdff7d08d1aa559ad851,both_added,added,added,,
04ecc2b807bbf08021d8e51cc6c24695,1fb163f21df1cde0bd30270202666074,both_added,added,added,,
04ecc2b807bbf08021d8e51cc6c24695,3041dc96a449741cbd5ae3de3f3d818a,both_added,added,added,,
04ecc2b807bbf08021d8e51cc6c24695,35d221fe1c5cb34da09f04b9902227b1,both_added,added,added,,
04ecc2b807bbf08021d8e51cc6c24695,376765a51272f2a415fb56a6034d01dc,both_added,added,added,,
04ecc2b807bbf08021d8e51cc6c24695,4e08b5d05587f1420a3842edea625663,both_added,added,added,,
04ecc2b807bbf08021d8e51cc6c24695,57ffbb0ffa106d9d625ce24380cc6ce8,both_added,added,added,,
04ecc2b807bbf08021d8e51cc6c24695,5d20daa53fe1f1773b62f782e72f39fb,both_added,added,added,,
04ecc2b807bbf08021d8e51cc6c24695,5e64bc480ca4927adcefb8ea1feeff88,both_added,added,added,,
04ecc2b807bbf08021d8e51cc6c24695,645c906bdfb01b8583d15cf9df644ddf,both_added,added,added,,
04ecc2b807bbf08021d8e51cc6c24695,6b6696cc5963344f57a6f4b5025c193d,both_added,added,added,,
04ecc2b807bbf08021d8e51cc6c24695,7f31a4187d8179669ae214b246ae6ee3,both_added,added,added,,
04ecc2b807bbf08021d8e51cc6c24695,7f59b708be03bc11c3abe621a5fb3d30,both_added,added,added,,
04ecc2b807bbf08021d8e51cc6c24695,85297767ba3a994849e195c0a3f00b89,both_added,added,added,,
04ecc2b807bbf08021d8e51cc6c24695,8cf818320ca5ed77c135a2f1a50a66a7,both_added,added,added,,
04ecc2b807bbf08021d8e51cc6c24695,929a29822abed393abd74be01743a2c2,both_added,added,added,,
04ecc2b807bbf08021d8e51cc6c24695,98062190bc921063dc069278b6c6ec68,both_added,added,added,,
04ecc2b807bbf08021d8e51cc6c24695,99261a993fe00156764686e6183e8f64,both_added,added,added,,
04ecc2b807bbf08021d8e51cc6c24695,a44a2bc3ac19033aec942126cd6e946c,both_added,added,added,,
04ecc2b807bbf08021d8e51cc6c24695,bbd9f38a8529b1400892ae64a60ccb53,both_added,added,added,,
04ecc2b807bbf08021d8e51cc6c24695,bd9430e8a21d0868b94c3e3645ededc8,both_added,added,added,,
04ecc2b807bbf08021d8e51cc6c24695,bda0e7d94d52f58b6e5623cdcd10282e,both_added,added,added,,
04ecc2b807bbf08021d8e51cc6c24695,bf4e9fe513e6e8612215b9673cca5c2b,both_added,added,added,,
04ecc2b807bbf08021d8e51cc6c24695,c1848fc42fb66eed0315371ff3e5b1b8,both_added,added,added,,
04ecc2b807bbf08021d8e51cc6c24695,c25052a98d9cf55c9b0ccb0d6d3ff00e,both_added,added,added,,
04ecc2b807bbf08021d8e51cc6c24695,c3af34e7307ac63f1d6b15fbeb29e0ec,both_added,added,added,,
04ecc2b807bbf08021d8e51cc6c24695,cfb1eccb6a0098d66806fb128fe799bf,both_added,added,added,,
04ecc2b807bbf08021d8e51cc6c24695,d57844cfca2141f691b6bd239ffdf5c8,both_added,added,added,,
04ecc2b807bbf08021d8e51cc6c24695,d655310acb9df0b74fa2764cf71ba588,both_added,added,added,,
04ecc2b807bbf08021d8e51cc6c24695,d6e35a94b47b2006697f25118a40b150,both_added,added,added,,
04ecc2b807bbf08021d8e51cc6c24695,da7e79277f1ed625300a3db6f5f8a1a4,both_added,added,added,,
04ecc2b807bbf08021d8e51cc6c24695,e079a6ef12cd3063c4f72776682cc645,both_added,added,added,,
04ecc2b807bbf08021d8e51cc6c24695,e7ff88c357c33e69d8773479aeb0cf0e,both_added,added,added,,
04ecc2b807bbf08021d8e51cc6c24695,e9bf1396c1a1cd4d9f9b959e94071271,both_added,added,added,,
04ecc2b807bbf08021d8e51cc6c24695,f7ac4ea59a26952f9abae99254116042,both_added,added,added,,
04ecc2b807bbf08021d8e51cc6c24695,fda369cd62d9f205f3d65805e7757216,both_added,added,added,,
04f0af3cce05394ebc0f9d60f538358d,d7b1794ec4ecfb0b5e737cbc241c1269,pair_formed_by_refactoring,signature_changed,signature_changed,1.0,1.0
04fa0402039a721955e0d2623bd8aec5,e40b43a227b30af87b5bd0c205fb9342,pair_formed_naturally,exact,unknown,1.0,
050e151a3d18b4b5bd2c27cc13d04c4b,88c40c0c362f441ad130b5e7324ab367,both_added,added,added,,
050e151a3d18b4b5bd2c27cc13d04c4b,f39cb6a4db66099d6c71a9f1a7d92f31,both_added,added,added,,
0517fd1881f4e0d73a92ca1759ce478f,0e9be67d75084769352c3c2c2d94d398,pair_formed_naturally,exact,exact,1.0,1.0
0517fd1881f4e0d73a92ca1759ce478f,46f2b17019bd096ae3e7f8734bab84b6,pair_formed_naturally,exact,exact,1.0,1.0
0517fd1881f4e0d73a92ca1759ce478f,4b1cbb94bbc28c49a566b4fc797a72a1,pair_formed_naturally,exact,exact,1.0,1.0
0517fd1881f4e0d73a92ca1759ce478f,6a7756366feeb14c1172b2b189ba2771,pair_formed_naturally,exact,exact,1.0,1.0
0517fd1881f4e0d73a92ca1759ce478f,737524e5fe5a135a2d85bee2669f1df7,pair_formed_naturally,exact,exact,1.0,1.0
0517fd1881f4e0d73a92ca1759ce478f,8104c1fd33d32f08fb34b45f93885c81,pair_formed_naturally,exact,exact,1.0,1.0
0517fd1881f4e0d73a92ca1759ce478f,de7e97f07df2fc21edbdc76839a0f1e2,pair_formed_naturally,exact,exact,1.0,1.0
0517fd1881f4e0d73a92ca1759ce478f,e448c4cd1a0e7ba210acf8358895e6eb,pair_formed_naturally,exact,exact,1.0,1.0
052bf170fa93688d7238b2504c062dbc,3a41964cd40adcd1da8fa5c13b5f1dbf,pair_formed_naturally,exact,exact,1.0,1.0
052bf170fa93688d7238b2504c062dbc,feba051f7dfade557045d7ac3d2ea9fe,pair_formed_naturally,exact,exact,1.0,1.0
0538fc345867681ecfa740ecbad03eb9,5ef42a9a198c08d8884deb7013b71407,pair_formed_by_refactoring,exact,signature_changed,1.0,1.0
054cce0f7b3443445a0e6dbb989c9da2,1931e7eb430632834eeebab7fd3b5a43,pair_formed_naturally,exact,exact,1.0,1.0
054cce0f7b3443445a0e6dbb989c9da2,c0e09d1201f258d38919ca72257a0bb3,pair_formed_naturally,exact,exact,1.0,1.0
054cce0f7b3443445a0e6dbb989c9da2,def1f63a2c51a396747d5d672805a5f7,pair_formed_naturally,exact,exact,1.0,1.0
0578c0cb52efaa55ddb6143984f85e7a,0b2bcb622a45b6d42b699013aa4d7280,pair_formed_naturally,exact,exact,1.0,1.0
05821cec8c9240b862b79d63627bd70b,94db0a22b054371ff4110c04abe0d5ad,pair_formed_naturally,exact,exact,1.0,1.0
05e1e312cb4df66fe7ea9dcd547d0fef,478503e2fdd9e7c514039c20c408ee1e,pair_formed_naturally,exact,exact,1.0,1.0
061f278538d6232b9f77223e0a780d22,752a2f6a8e94747d6b9c54e399391dd8,pair_formed_by_refactoring,signature_changed,signature_changed,1.0,1.0
062fd704cfd2740756253175c6f52ce0,4647d68b5fd8da77181d5d8e890f5898,pair_formed_naturally,exact,exact,1.0,1.0
062fd704cfd2740756253175c6f52ce0,62f516ac3dc5a4648f3d6f0b833929eb,pair_formed_naturally,exact,unknown,1.0,
062fd704cfd2740756253175c6f52ce0,c2e41a3c14178bf81869dbaaa49dd800,pair_formed_by_refactoring,exact,signature_changed,1.0,1.0
062fd704cfd2740756253175c6f52ce0,daec177f075eccd21a48e87eeb325ae0,pair_formed_by_refactoring,exact,signature_changed,1.0,1.0
0636d5cb819e5c0fc3a38e23b55ad609,6d4916fd1d5ccaf61cd7d5faa81f9f61,both_added,added,added,,
0636d5cb819e5c0fc3a38e23b55ad609,940ce391018cdb31392d9271541807fd,both_added,added,added,,
063d2ba83634e76f8c4905432bf30812,9b9a1813b32e89c5f1cb61dbe5eb57e1,pair_formed_by_refactoring,signature_changed,signature_changed,1.0,1.0
065f8511fcbbf872de7ebea314a10da9,1e59be9cf04e77aa9cd5aea26a768c81,both_added,added,added,,
065f8511fcbbf872de7ebea314a10da9,910c6251cb4ccb0d97154438ffe1ceb5,both_added,added,added,,
065f8511fcbbf872de7ebea314a10da9,c13f2516697c4d7c7c3e5c230a77197e,method_a_added,added,unknown,,
065f8511fcbbf872de7ebea314a10da9,c5a72a318ac0c190d3fe9d3b97f5ba62,method_a_added,added,unknown,,
065f8511fcbbf872de7ebea314a10da9,d6d6c0810cbd7f94127b32aa11b18fdc,both_added,added,added,,
065f8511fcbbf872de7ebea314a10da9,edda894e130693e415f4972f242567ad,method_a_added,added,unknown,,
065f8511fcbbf872de7ebea314a10da9,f32651105c9bfb2580594981576891e0,both_added,added,added,,
0677cc6542532fb084bf2c281aab7837,0e9be67d75084769352c3c2c2d94d398,pair_formed_naturally,exact,exact,1.0,1.0
0677cc6542532fb084bf2c281aab7837,3b05c9ca5ebadebe71c7b1c6f0ac0b91,pair_formed_naturally,exact,exact,1.0,1.0
0677cc6542532fb084bf2c281aab7837,46f2b17019bd096ae3e7f8734bab84b6,pair_formed_naturally,exact,exact,1.0,1.0
0677cc6542532fb084bf2c281aab7837,4b1cbb94bbc28c49a566b4fc797a72a1,pair_formed_naturally,exact,exact,1.0,1.0
0677cc6542532fb084bf2c281aab7837,737524e5fe5a135a2d85bee2669f1df7,pair_formed_naturally,exact,exact,1.0,1.0
0677cc6542532fb084bf2c281aab7837,753e15be26769eea8729c89e32acc48a,pair_formed_naturally,exact,exact,1.0,1.0
0677cc6542532fb084bf2c281aab7837,8104c1fd33d32f08fb34b45f93885c81,pair_formed_naturally,exact,exact,1.0,1.0
0677cc6542532fb084bf2c281aab7837,de7e97f07df2fc21edbdc76839a0f1e2,pair_formed_naturally,exact,exact,1.0,1.0
0677cc6542532fb084bf2c281aab7837,e448c4cd1a0e7ba210acf8358895e6eb,pair_formed_naturally,exact,exact,1.0,1.0
0677cc6542532fb084bf2c281aab7837,e8ba27d37963c50e801a8f61211cbb12,pair_formed_naturally,exact,exact,1.0,1.0
0679a51f530d9e3b60d7d758c46beb7d,18fd95dfba8171569662e899de9a8c15,pair_formed_by_refactoring,unknown,signature_changed,,1.0
0679a51f530d9e3b60d7d758c46beb7d,55e187efb0e00eec8d83c1146ebd5df9,pair_formed_naturally,unknown,unknown,,
0679a51f530d9e3b60d7d758c46beb7d,a3e1afa20beea2bd5a033b243d63f2de,pair_formed_naturally,unknown,unknown,,
0679a51f530d9e3b60d7d758c46beb7d,a63804afa14c6e68b3f247de4c98f294,pair_formed_naturally,unknown,unknown,,
0679a51f530d9e3b60d7d758c46beb7d,d11e247a53890ee2e5ed0562d9be49c1,pair_formed_naturally,unknown,unknown,,
0679a51f530d9e3b60d7d758c46beb7d,e912add67c4ef1e51cb1d71f86138ec3,pair_formed_naturally,unknown,unknown,,
0679a51f530d9e3b60d7d758c46beb7d,fdce1729c2e2e88fefe059a0634e51b6,pair_formed_naturally,unknown,unknown,,
067fdc93908ef29dd09656748ef1bbf5,c8ecc080eaa1022b88f5d5b2695886cc,pair_formed_by_refactoring,signature_changed,signature_changed,0.99,0.98
06ac47f1707f408b1282b554b82da50f,ea7ab4df0b8150da270cbf247002a053,pair_formed_by_refactoring,signature_changed,signature_changed,1.0,1.0
06b9e74260ced3dd15f64e7115aa078f,5ab62be7acabfef43210c3fbdef4c11b,method_b_added,signature_changed,added,0.91,
06b9e74260ced3dd15f64e7115aa078f,616f6f6545989d882a537d12e1f3236f,method_b_added,signature_changed,added,0.91,
06b9e74260ced3dd15f64e7115aa078f,9571ad35dbcfc5b789668989856e534c,pair_formed_by_refactoring,signature_changed,signature_changed,0.91,0.96
06cc1a13d5ec1d871aafb9daaf0b0881,71c4167cfa1de2ae05a7260611cd7d88,pair_formed_by_refactoring,exact,signature_changed,1.0,1.0
06ce1cd8179587ab7a98348c5052c178,9bc7dd6f2a2f5fe11e84da920828addd,pair_formed_naturally,exact,exact,1.0,1.0
0723a4085d20cb56779be1fb08481fdc,198ddfe56ae82466438bd5a285a70ccc,pair_formed_naturally,exact,exact,1.0,1.0
07248c1b30abcbc19897336264e92384,f8255ee4e86d115d1384dfecabdb697d,pair_formed_naturally,unknown,exact,,1.0
073926e284b452cae8ac1f0ff92c29b3,3d40efcd7d617182e44c1c0ff9a630bb,pair_formed_naturally,exact,exact,1.0,1.0
07473022195ec2e09b0d85c2d1592ad2,4683fe4f2778a3d032d4971f3919bc7d,both_added,added,added,,
07473022195ec2e09b0d85c2d1592ad2,877a3aa3de66f0a79d0a6e302dca0e5e,both_added,added,added,,
07473022195ec2e09b0d85c2d1592ad2,8afe1e28a7dd08b77031e17612da86d7,both_added,added,added,,
07473022195ec2e09b0d85c2d1592ad2,b90544a45383e3a8595788c8c9e6e036,both_added,added,added,,
074ba372a3932d56213f5db5b104d167,197a7b4dde7ebdff7d08d1aa559ad851,both_added,added,added,,
074ba372a3932d56213f5db5b104d167,1fb163f21df1cde0bd30270202666074,both_added,added,added,,
074ba372a3932d56213f5db5b104d167,3041dc96a449741cbd5ae3de3f3d818a,both_added,added,added,,
074ba372a3932d56213f5db5b104d167,35d221fe1c5cb34da09f04b9902227b1,both_added,added,added,,
074ba372a3932d56213f5db5b104d167,376765a51272f2a415fb56a6034d01dc,both_added,added,added,,
074ba372a3932d56213f5db5b104d167,4e08b5d05587f1420a3842edea625663,both_added,added,added,,
074ba372a3932d56213f5db5b104d167,57ffbb0ffa106d9d625ce24380cc6ce8,both_added,added,added,,
074ba372a3932d56213f5db5b104d167,5d20daa53fe1f1773b62f782e72f39fb,both_added,added,added,,
074ba372a3932d56213f5db5b104d167,5e64bc480ca4927adcefb8ea1feeff88,both_added,added,added,,
074ba372a3932d56213f5db5b104d167,645c906bdfb01b8583d15cf9df644ddf,both_added,added,added,,
074ba372a3932d56213f5db5b104d167,6b6696cc5963344f57a6f4b5025c193d,both_added,added,added,,
074ba372a3932d56213f5db5b104d167,7f31a4187d8179669ae214b246ae6ee3,both_added,added,added,,
074ba372a3932d56213f5db5b104d167,7f59b708be03bc11c3abe621a5fb3d30,both_added,added,added,,
074ba372a3932d56213f5db5b104d167,85297767ba3a994849e195c0a3f00b89,both_added,added,added,,
074ba372a3932d56213f5db5b104d167,8cf818320ca5ed77c135a2f1a50a66a7,both_added,added,added,,
074ba372a3932d56213f5db5b104d167,929a29822abed393abd74be01743a2c2,both_added,added,added,,
074ba372a3932d56213f5db5b104d167,98062190bc921063dc069278b6c6ec68,both_added,added,added,,
074ba372a3932d56213f5db5b104d167,99261a993fe00156764686e6183e8f64,both_added,added,added,,
074ba372a3932d56213f5db5b104d167,a44a2bc3ac19033aec942126cd6e946c,both_added,added,added,,
074ba372a3932d56213f5db5b104d167,bbd9f38a8529b1400892ae64a60ccb53,both_added,added,added,,
074ba372a3932d56213f5db5b104d167,bd9430e8a21d0868b94c3e3645ededc8,both_added,added,added,,
074ba372a3932d56213f5db5b104d167,bda0e7d94d52f58b6e5623cdcd10282e,both_added,added,added,,
074ba372a3932d56213f5db5b104d167,bf4e9fe513e6e8612215b9673cca5c2b,both_added,added,added,,
074ba372a3932d56213f5db5b104d167,c1848fc42fb66eed0315371ff3e5b1b8,both_added,added,added,,
074ba372a3932d56213f5db5b104d167,c25052a98d9cf55c9b0ccb0d6d3ff00e,both_added,added,added,,
074ba372a3932d56213f5db5b104d167,c3af34e7307ac63f1d6b15fbeb29e0ec,both_added,added,added,,
074ba372a3932d56213f5db5b104d167,cfb1eccb6a0098d66806fb128fe799bf,both_added,added,added,,
074ba372a3932d56213f5db5b104d167,d57844cfca2141f691b6bd239ffdf5c8,both_added,added,added,,
074ba372a3932d56213f5db5b104d167,d655310acb9df0b74fa2764cf71ba588,both_added,added,added,,
074ba372a3932d56213f5db5b104d167,d6e35a94b47b2006697f25118a40b150,both_added,added,added,,
074ba372a3932d56213f5db5b104d167,da7e79277f1ed625300a3db6f5f8a1a4,both_added,added,added,,
074ba372a3932d56213f5db5b104d167,e079a6ef12cd3063c4f72776682cc645,both_added,added,added,,
074ba372a3932d56213f5db5b104d167,e7ff88c357c33e69d8773479aeb0cf0e,both_added,added,added,,
074ba372a3932d56213f5db5b104d167,e9bf1396c1a1cd4d9f9b959e94071271,both_added,added,added,,
074ba372a3932d56213f5db5b104d167,f7ac4ea59a26952f9abae99254116042,both_added,added,added,,
074ba372a3932d56213f5db5b104d167,fda369cd62d9f205f3d65805e7757216,both_added,added,added,,
078d226111712d0e4ae867a7972b490e,a5268eb06acd48a4243994da2737b667,pair_formed_by_refactoring,signature_changed,signature_changed,1.0,0.99
078d226111712d0e4ae867a7972b490e,b78a11916d70d4ae88f19d7d265073a0,pair_formed_by_refactoring,signature_changed,signature_changed,1.0,1.0
07b37b3b1b1c5bb892325d3f3ccc6184,40db8f97f82a17546db61a493ebe2657,method_a_added,added,exact,,1.0
07b37b3b1b1c5bb892325d3f3ccc6184,ac0a1f7c495ff8eab71ceb712eb07b49,method_a_added,added,unknown,,
07b37b3b1b1c5bb892325d3f3ccc6184,f1a8baa343210f188d0ee0cccec50406,both_added,added,added,,
07d7e57499bc367895e4d24663737274,6ad3b942cdda594f5cc6cf36606f141b,pair_formed_by_refactoring,signature_changed,signature_changed,0.98,0.98
07d7e57499bc367895e4d24663737274,fa80b65f57adc72e1b657f53a89dc7f3,pair_formed_by_refactoring,signature_changed,signature_changed,0.98,0.97
07e2ba6c2051ee77ff43b15111f008f8,e6bde0997de34dbf185103f8c7baf23b,pair_formed_by_refactoring,exact,signature_changed,1.0,1.0
080592c1452d451f28c155c52705cded,109cb5cfc831354f0e8909cec1879cb3,pair_formed_naturally,exact,exact,1.0,1.0
080592c1452d451f28c155c52705cded,689e452af5c0387c729287ea98da2458,pair_formed_naturally,exact,exact,1.0,1.0
080592c1452d451f28c155c52705cded,a2e7dfd369c89db3ff9d202c68b2b78c,pair_formed_naturally,exact,exact,1.0,1.0
080d13df4f0ae266aead6374e1b8ebbc,08ae68d41c2656476f20b6c302af5d01,pair_formed_naturally,exact,exact,1.0,1.0
080d13df4f0ae266aead6374e1b8ebbc,2da7e46529a86893083e23bce054c78e,pair_formed_naturally,exact,exact,1.0,1.0
080d13df4f0ae266aead6374e1b8ebbc,56e2bcb643efe8069edc9cdb1a2da7e4,pair_formed_naturally,exact,exact,1.0,1.0
082b6aa23d00bd93a7cd4879344497e0,3a4c7c77b03af6f7e08db441416031af,method_b_added,exact,added,1.0,
082da7d776c2d3f2d3cfafd276054446,cc07ff62f2f824c546f4b49675b7dfb0,pair_formed_by_refactoring,signature_changed,exact,0.84,1.0
083324891005889468dfbd08d4497934,5a6e3eb0b25df288674d0ea0fbe8c4d8,pair_formed_naturally,exact,exact,1.0,1.0
084b8a6635d6e63c015b8c99300171b2,50453ef6dd172784e10717999e70a2c7,pair_formed_by_refactoring,exact,signature_changed,1.0,0.91
084b8a6635d6e63c015b8c99300171b2,8048858f4b92de04710d758da39a0a58,pair_formed_by_refactoring,exact,signature_changed,1.0,0.9
08519b1c60142ebf0de906c05fc1de52,d5f4dbfb4360ca96353b32272559f44a,pair_formed_by_refactoring,exact,signature_changed,1.0,0.71
08532bfa51add643d440b08fddaed344,6a261a9c576a5d4fdd7c8d546fd4d368,pair_formed_naturally,exact,exact,1.0,1.0
08608b9c5ea0e059c31d53b5e5c1f127,f7575e8882da801177f35e977d9bad7f,pair_formed_naturally,exact,exact,1.0,1.0
08608b9c5ea0e059c31d53b5e5c1f127,fff049b1f297e69ab85c58feb2542efb,pair_formed_naturally,exact,exact,1.0,1.0
08896a52fa905693302c237d4e03424d,e4fa69a75219d6cb898442d78f2a6c83,pair_formed_by_refactoring,signature_changed,signature_changed,1.0,1.0
08896a52fa905693302c237d4e03424d,f58f9dd62b5045ad8af0cdf0d25f7adf,pair_formed_by_refactoring,signature_changed,signature_changed,1.0,1.0
0889c8563c5945835116073e27e123f9,465b0f63f9338b37574759dbfd0e99c1,both_added,added,added,,
0889c8563c5945835116073e27e123f9,67bfe36f68573019965b1978c22e28dd,both_added,added,added,,
0891544826119e4aa02d8bf5376e3021,f55009b7e3ad14d0a3fd25bf00804877,pair_formed_by_refactoring,exact,signature_changed,1.0,1.0
089eb7bff8c4c3994a36b937c63b09ef,6dbc826b6707e53b0b501c0376e052fd,pair_formed_naturally,exact,exact,1.0,1.0
089eb7bff8c4c3994a36b937c63b09ef,aacc57d4e2b4af2a95a6549354432421,pair_formed_naturally,exact,exact,1.0,1.0
089eb7bff8c4c3994a36b937c63b09ef,aec8c4af832c5ce01b80b94e95bf67bf,pair_formed_naturally,exact,exact,1.0,1.0
08ae68d41c2656476f20b6c302af5d01,56e2bcb643efe8069edc9cdb1a2da7e4,pair_formed_naturally,exact,exact,1.0,1.0
08ae68d41c2656476f20b6c302af5d01,87bce0158d86e312c5fa6c85b264494b,pair_formed_naturally,exact,exact,1.0,1.0
08dd7301b597a99240a5ea96b0ad30e1,2f624aa363d635dfc896fbd436b9f2a1,pair_formed_naturally,exact,exact,1.0,1.0
08e63883b6d0a7639967f45264d5d220,b314a7cafb4c23c0251990ab5453c2a4,pair_formed_naturally,exact,exact,1.0,1.0
08e63883b6d0a7639967f45264d5d220,bd9e5496016ea6786aab40f6418632db,pair_formed_naturally,exact,exact,1.0,1.0
08edde060fa77d08b68dc10ddcfd7c7e,0e26e1ff4e7fb1cdfefd536063baa06b,pair_formed_by_refactoring,signature_changed,signature_changed,1.0,1.0
08edde060fa77d08b68dc10ddcfd7c7e,2dd1840457174d82624fa254581fe643,pair_formed_by_refactoring,signature_changed,signature_changed,1.0,1.0
08edde060fa77d08b68dc10ddcfd7c7e,46e6806869f332e12a91b9787a2d15a3,pair_formed_by_refactoring,signature_changed,signature_changed,1.0,0.98
08edde060fa77d08b68dc10ddcfd7c7e,4966e376ffaca013f1b818407aa1d1c1,pair_formed_by_refactoring,signature_changed,signature_changed,1.0,0.9
08edde060fa77d08b68dc10ddcfd7c7e,5cb7b4900b8e34e4aab96d6aeba7ff63,pair_formed_by_refactoring,signature_changed,signature_changed,1.0,1.0
08edde060fa77d08b68dc10ddcfd7c7e,653c0d5f14574cfad3136c90e3436996,pair_formed_by_refactoring,signature_changed,signature_changed,1.0,0.97
08edde060fa77d08b68dc10ddcfd7c7e,671d43fc2883f0b346f583f67b7751b8,pair_formed_by_refactoring,signature_changed,signature_changed,1.0,1.0
08edde060fa77d08b68dc10ddcfd7c7e,7bf2d4782daec923aecc8725a3f41795,pair_formed_by_refactoring,signature_changed,signature_changed,1.0,0.98
08edde060fa77d08b68dc10ddcfd7c7e,95e77056a22e944f314ade351ac0b5c9,pair_formed_by_refactoring,signature_changed,signature_changed,1.0,1.0
08edde060fa77d08b68dc10ddcfd7c7e,9ae60a2bd1dd54069ec51b8b1397adc8,pair_formed_by_refactoring,signature_changed,signature_changed,1.0,1.0
08edde060fa77d08b68dc10ddcfd7c7e,a152ffc8ac24c938e1404eb54c2cc801,pair_formed_by_refactoring,signature_changed,signature_changed,1.0,0.98
08edde060fa77d08b68dc10ddcfd7c7e,b7ba8d82fb4e049e643b4af8bb0d8593,pair_formed_by_refactoring,signature_changed,signature_changed,1.0,0.98
08edde060fa77d08b68dc10ddcfd7c7e,c1211e9761ccb2368ba1b6ebfe0edb1c,pair_formed_by_refactoring,signature_changed,signature_changed,1.0,0.97
08edde060fa77d08b68dc10ddcfd7c7e,cd24cdb801df5c63d97374903f9e649d,pair_formed_by_refactoring,signature_changed,signature_changed,1.0,1.0
08edde060fa77d08b68dc10ddcfd7c7e,ce9296a44b9f8519ce4b624b815a3267,pair_formed_by_refactoring,signature_changed,signature_changed,1.0,1.0
08edde060fa77d08b68dc10ddcfd7c7e,f7c41da2c45aa4a5e0d712065cd4cdb7,pair_formed_by_refactoring,signature_changed,signature_changed,1.0,0.97
0923a919c2d81b4611f0a3e9598592ce,59d8bdce9cfe51330697ced5812145a2,pair_formed_naturally,exact,exact,1.0,1.0
0923a919c2d81b4611f0a3e9598592ce,7fe9982e45ece36e7f5f6efc9d97e4f5,pair_formed_naturally,exact,exact,1.0,1.0
09434ab8143c7993600be2ce32e6dc0b,8449b813aaf1ae782dfa432fb8099a75,pair_formed_naturally,exact,exact,1.0,1.0
09434ab8143c7993600be2ce32e6dc0b,c74b1c865a8c63cde42a1d6f3cbb1a52,pair_formed_naturally,exact,exact,1.0,1.0
0950f2645c7d59c52bab76b5c12047ba,7b3c29d6eba0021e5038ad3ed178c137,method_b_added,unknown,added,,
0950f2645c7d59c52bab76b5c12047ba,b39a47864d8842cc62edfb3a79e3b5e4,method_b_added,unknown,added,,
0950f2645c7d59c52bab76b5c12047ba,c48de4086a0154014550c8498f384990,method_b_added,unknown,added,,
0950f2645c7d59c52bab76b5c12047ba,dad058a6f1c36566e5d1cd47802ba723,method_b_added,unknown,added,,
0950f2645c7d59c52bab76b5c12047ba,e3b4be1c8f14fba71e89c0441fea53e9,method_b_added,unknown,added,,
0950f2645c7d59c52bab76b5c12047ba,faa274d4368a2c2792f087b065fc3cce,method_b_added,unknown,added,,
0950f2645c7d59c52bab76b5c12047ba,fb6d73ab9b3faf1dce5760f154e1e45a,pair_formed_by_refactoring,unknown,signature_changed,,1.0
096dd840e7f2372b831d1f491d73d19d,3476dc1bb279c342a3ebf573f4131774,pair_formed_naturally,exact,exact,1.0,1.0
096dd840e7f2372b831d1f491d73d19d,6d38232e336e58eb42f52ebb71e669f9,pair_formed_naturally,exact,exact,1.0,1.0
096dd840e7f2372b831d1f491d73d19d,f6deefebe7968adc49678c7bb7208126,pair_formed_naturally,exact,exact,1.0,1.0
09790652b5918eac42248db323057e41,15b655ab2070a0e859847e4dd396a268,pair_formed_by_refactoring,signature_changed,signature_changed,1.0,1.0
09dc644dc2ee43a1042fcaba69b2859d,15b25f5f56ec45956577c384ca03a073,pair_formed_naturally,exact,unknown,1.0,
09dc644dc2ee43a1042fcaba69b2859d,1e9127db11fb79eedb86506831db3fb9,pair_formed_naturally,exact,unknown,1.0,
09dc644dc2ee43a1042fcaba69b2859d,244b052e5e3b2e7f8b5da57f8036fe29,pair_formed_naturally,exact,exact,1.0,1.0
09dc644dc2ee43a1042fcaba69b2859d,80d53e251b5bf08896b75629ec0a919c,pair_formed_naturally,exact,unknown,1.0,
09dc644dc2ee43a1042fcaba69b2859d,abb849ab076d28a1d751641a7f57797b,pair_formed_naturally,exact,unknown,1.0,
09dc644dc2ee43a1042fcaba69b2859d,eecdbfbdf18397c080054695eec43d80,pair_formed_naturally,exact,exact,1.0,1.0
09f06bccb0858b76dd4c3f9daee7a739,9a7f8afc7714521b41100d45f34fdd7d,method_b_added,exact,added,1.0,
0a02529db87c250de16ac4faa92cf7d9,720b4b164a93c6892d0d36a67e8f110b,pair_formed_by_refactoring,signature_changed,signature_changed,1.0,1.0
0a02529db87c250de16ac4faa92cf7d9,8748f44be7c193036718b2ad3ca6b0fd,pair_formed_by_refactoring,signature_changed,signature_changed,1.0,1.0
0a02529db87c250de16ac4faa92cf7d9,ae648804aeceb4dc86380d289f414b0b,pair_formed_by_refactoring,signature_changed,signature_changed,1.0,1.0
0a18c1def9f63395fe31a5ed2c9e1410,a09aae53f2b35a0e34b09757abca4668,pair_formed_naturally,exact,exact,1.0,1.0
0a1c223f7bc093d1d13de418cee4e4e3,861de8a254c3432d1cb3f5a046e11ce5,pair_formed_naturally,exact,exact,1.0,1.0
0a285de2fd1512f042254512ce9eeb24,206cab937b101d639f936657ae2f1117,method_b_added,signature_changed,added,0.9,
0a2a5a8ac1610c7ad7bf2708914c5dc8,111a5903b5b0875d5bd8403f1ab517e7,pair_formed_naturally,exact,exact,1.0,1.0
0a2a5a8ac1610c7ad7bf2708914c5dc8,48c3dbd373b363691fe81c62ca02b28e,pair_formed_by_refactoring,exact,signature_changed,1.0,1.0
0a2a5a8ac1610c7ad7bf2708914c5dc8,dc2c80f4da8e0943b841f07924b92ca7,pair_formed_naturally,exact,exact,1.0,1.0
0a344bac88ba74b84604961cfb8773a5,1e48fbc6f48fd14b1ddbcc47248a72b9,pair_formed_by_refactoring,exact,signature_changed,1.0,0.89
0a65bfbb868ee32c5f37905610618db5,70f455c7df4c5df5fa5d2748f3d93ecd,pair_formed_by_refactoring,signature_changed,signature_changed,0.99,1.0
0a99bcf97e27e37a22817e517de88edb,1263cf383c740f53b87de0ad6ec3307a,both_added,added,added,,
0a99bcf97e27e37a22817e517de88edb,220e8a6aaea6383bba38499958521c50,both_added,added,added,,
0a99bcf97e27e37a22817e517de88edb,84a2bd102fc46de8dc94cfe9b032dcc5,both_added,added,added,,
0a99bcf97e27e37a22817e517de88edb,a2d721542ed1ddff3b3fe61ef2f020e6,both_added,added,added,,
0ab55a16d895f3bbf35ddc41175d7cde,283f8cff7fea23ec1fa0da6a944981c1,pair_formed_naturally,exact,unknown,1.0,
0ab55a16d895f3bbf35ddc41175d7cde,81222283f935bf2261985705d5ae03f8,pair_formed_naturally,exact,exact,1.0,1.0
0ab55a16d895f3bbf35ddc41175d7cde,92f279e5694d605efc356e4915048988,pair_formed_naturally,exact,exact,1.0,1.0
0abc09b4629f506f31c2a766012ddaba,2d0c904d27485250e394d2f2695df276,both_added,added,added,,
0abc09b4629f506f31c2a766012ddaba,40d0ec9fa78ee725443ebf8833bf53f3,both_added,added,added,,
0abc09b4629f506f31c2a766012ddaba,4771d29c38af73ddd9470cd237de0d7d,both_added,added,added,,
0abc09b4629f506f31c2a766012ddaba,4f36c54372d716ebdf491eaa9d1e9f7b,both_added,added,added,,
0abc09b4629f506f31c2a766012ddaba,63d1b342e0d939b9a1c2a05cf349f1af,both_added,added,added,,
0abc09b4629f506f31c2a766012ddaba,77d0059e4a92381b195fae1b13278760,both_added,added,added,,
0abc09b4629f506f31c2a766012ddaba,79e5a30fe83f456300019bceeaffabc3,both_added,added,added,,
0abc09b4629f506f31c2a766012ddaba,9b299d62eabc044ca10d7bc8cc3c6c80,both_added,added,added,,
0abc09b4629f506f31c2a766012ddaba,9f97ad616ecec19c84301474da53b1e9,both_added,added,added,,
0abc09b4629f506f31c2a766012ddaba,a10c29366272db9db3f5de133e84e28a,both_added,added,added,,
0abc09b4629f506f31c2a766012ddaba,cecc2c0dea228b9f014cf2a24aada5f5,both_added,added,added,,
0abc09b4629f506f31c2a766012ddaba,d6c197508c2ce62b8df7a3ecf662a7ef,both_added,added,added,,
0abc09b4629f506f31c2a766012ddaba,d94abc308f54af93bbdde0a2fcb703c3,both_added,added,added,,
0abc09b4629f506f31c2a766012ddaba,de02b943529137359129494fa4c891d0,both_added,added,added,,
0abc09b4629f506f31c2a766012ddaba,f1b4ff932c553bfb407bef3df458065e,both_added,added,added,,
0abc09b4629f506f31c2a766012ddaba,fad61701302857e14959c1403d10743a,both_added,added,added,,
0abc09b4629f506f31c2a766012ddaba,fc2fdb740d7923a0e511dd94f94331fc,both_added,added,added,,
0abc09b4629f506f31c2a766012ddaba,fcdc5de6482b8e1d91207869f8891724,both_added,added,added,,
0aead51362e84b3b1982544513a978f6,1b4d3be133245477bf90eae403001f2d,method_b_added,unknown,added,,
0aead51362e84b3b1982544513a978f6,3345d61d5f63d8e9690e6e66a86ba172,method_b_added,unknown,added,,
0aead51362e84b3b1982544513a978f6,3d81c548b5afda4e88697f980ae58e49,method_b_added,unknown,added,,
0aead51362e84b3b1982544513a978f6,41cf7c15f135543c9f8bdd0d77edf21f,method_b_added,unknown,added,,
0aead51362e84b3b1982544513a978f6,41e32b8d899be1ed278f7b18d50d084e,method_b_added,unknown,added,,
0aead51362e84b3b1982544513a978f6,448e9c7bfaa3ad8021a9d175f6b921ea,pair_formed_naturally,unknown,unknown,,
0aead51362e84b3b1982544513a978f6,4d8e2636455ac340f04411a719120642,pair_formed_naturally,unknown,unknown,,
0aead51362e84b3b1982544513a978f6,6106eb9101581da2a5f55d751c88dbe8,method_b_added,unknown,added,,
0aead51362e84b3b1982544513a978f6,683557dcc32eeb3d288fe3740b0e6f2b,pair_formed_naturally,unknown,unknown,,
0aead51362e84b3b1982544513a978f6,c894957d5286a05d516c2f81e3ae6e10,pair_formed_naturally,unknown,unknown,,
0aead51362e84b3b1982544513a978f6,ce459a2832e02d42aae192b69f666407,method_b_added,unknown,added,,
0aead51362e84b3b1982544513a978f6,e5edc26bccceccb12f936c699ad0411e,pair_formed_naturally,unknown,unknown,,
0aead51362e84b3b1982544513a978f6,e87eb48877d1c7de9709ec2d94dc2771,method_b_added,unknown,added,,
0aead51362e84b3b1982544513a978f6,ec789f0f926b6cccb1a15984b6464223,method_b_added,unknown,added,,
0aead51362e84b3b1982544513a978f6,f2aae995fce1fe0eb5f787837abedd7c,method_b_added,unknown,added,,
0b1c5d5fefb2d8234e80a912376f83ef,b81846c951f4245573f18973209ab853,method_b_added,signature_changed,added,1.0,
0b21521ee6aeb171d31d7ddc00d50c5c,1d223e4dfe80353f39f56b702f78ef58,pair_formed_by_refactoring,exact,signature_changed,1.0,1.0
0b2bcb622a45b6d42b699013aa4d7280,5a6e3eb0b25df288674d0ea0fbe8c4d8,pair_formed_naturally,exact,exact,1.0,1.0
0b83736958687a697af2656cf2c97b4a,111a5903b5b0875d5bd8403f1ab517e7,pair_formed_naturally,exact,exact,1.0,1.0
0b83736958687a697af2656cf2c97b4a,dc2c80f4da8e0943b841f07924b92ca7,pair_formed_naturally,exact,exact,1.0,1.0
0b8dc05d2ca20ef72695d7d490499268,790c056c270e46ea613c763ccb7cec50,pair_formed_naturally,exact,exact,1.0,1.0
0b8dc05d2ca20ef72695d7d490499268,fd65eac576e7ed5cafa46d9d2670df47,pair_formed_naturally,exact,exact,1.0,1.0
0b92bb344c5ff7497451fbffb3062488,5ffd789c6f035c8d4635144c7ec5a92a,pair_formed_by_refactoring,signature_changed,signature_changed,0.98,0.96
0bb6e4ec9adbb98b89ac0470869db4f0,446e76ce8b6b62c9141f90254289efa2,pair_formed_by_refactoring,signature_changed,signature_changed,0.97,0.95
0bc4ed6b5705b839b405f683ab7eaed5,b88d6470e6bded1a1505aa16afff1d0b,pair_formed_by_refactoring,exact,signature_changed,1.0,0.98
0bd5ecee8c724a324ad1d718deda7d1a,21cc47122c6a84d4f3196c458039d46e,both_added,added,added,,
0bdc86084d45aace48236eecde3c9a79,7562e245d26e327e625a12e70423c10b,pair_formed_naturally,exact,exact,1.0,1.0
0bef0127b26bcf30b9fcf960cd6113d8,c2172557c6be5177ee0cb70a0c1efe68,pair_formed_by_refactoring,exact,renamed,1.0,0.97
0c8f2968cc1228231fafebfa321b5112,0fcacb3b3d35bbfdf87ec5303eca61bf,both_added,added,added,,
0c8f2968cc1228231fafebfa321b5112,1fba98c14460be315e3214d59a4979fa,method_a_added,added,exact,,1.0
0c8f2968cc1228231fafebfa321b5112,77d0059e4a92381b195fae1b13278760,both_added,added,added,,
0c9efd6cf2abf515fb19b4275cd8be6d,9c94cd556965fe0fb7f2143d4d0fd92d,pair_formed_naturally,exact,exact,1.0,1.0
0cfa9f7389f33b20587f58a2fd9fe706,aab2bf6e8a23262da4becccae0588f91,pair_formed_by_refactoring,signature_changed,signature_changed,0.97,0.97
0d0904fa3fde2fec7a39e2e544fa3eaa,a295c4b9d7c2c1cb865cde99d8397456,pair_formed_naturally,exact,exact,1.0,1.0
0d0904fa3fde2fec7a39e2e544fa3eaa,cb19b8f03734aa45053793a0d43e78a0,pair_formed_naturally,exact,exact,1.0,1.0
0d0904fa3fde2fec7a39e2e544fa3eaa,d347af752fa20d8059fa83f451fdf099,pair_formed_naturally,exact,exact,1.0,1.0
0d4d9c79400afc923becb310985dcd15,2f9b7e0bef80ff7cb513b1bcc75336e0,pair_formed_by_refactoring,signature_changed,exact,0.94,1.0
0d4e6ba3254175fe6fd3320e9362278f,da66a427cfda3148a7bdb96a4266ea7f,pair_formed_naturally,exact,exact,1.0,1.0
0d4e79f64af36ab8e76846e23105daac,84ebce8efd9f21bcb4d0d65c835a649a,both_added,added,added,,
0d911215ce06f32a78dafbb274ed3661,654341b8957a62da86b36ccafaff0453,both_added,added,added,,
0da358e748823b7427932020654337ac,d1e262cad1fb47f4fa7ead7d760b163a,pair_formed_naturally,exact,exact,1.0,1.0
0da358e748823b7427932020654337ac,fb96735bc730b6e12072e4d70ee5230c,pair_formed_naturally,exact,exact,1.0,1.0
0dd1bf7468063d60dbe1de1ac1ad2f4e,bf0b44631f25bf63c2133b2b1096d292,pair_formed_by_refactoring,exact,signature_changed,1.0,0.91
0dfd971f28c1dcc6b3ff7f157ae654c9,3acad1b965c959932fbead2f83a83003,pair_formed_by_refactoring,signature_changed,exact,1.0,1.0
0dfd971f28c1dcc6b3ff7f157ae654c9,4301b45fcba9fff854958dd879bfa2e2,pair_formed_by_refactoring,signature_changed,signature_changed,1.0,1.0
0dfd971f28c1dcc6b3ff7f157ae654c9,752a2f6a8e94747d6b9c54e399391dd8,pair_formed_by_refactoring,signature_changed,signature_changed,1.0,1.0
0e1ada793acc9b8100b5bf05cb5e5ab2,d856c419268550f1a029467ea7393875,both_added,added,added,,
0e2611577db89f9b2f66714ddae88f26,18bc08f9081707e6c3df9a606253a5e9,pair_formed_by_refactoring,signature_changed,exact,1.0,1.0
0e26e1ff4e7fb1cdfefd536063baa06b,25ff310cb8cff37122080791a7c0a176,pair_formed_by_refactoring,signature_changed,signature_changed,1.0,1.0
0e26e1ff4e7fb1cdfefd536063baa06b,2dd1840457174d82624fa254581fe643,pair_formed_by_refactoring,signature_changed,signature_changed,1.0,1.0
0e26e1ff4e7fb1cdfefd536063baa06b,390f1039d8da1cfefe3a474b821767c7,pair_formed_by_refactoring,signature_changed,signature_changed,1.0,1.0
0e26e1ff4e7fb1cdfefd536063baa06b,3cbc25adee6478ff499d03975de90003,pair_formed_by_refactoring,signature_changed,signature_changed,1.0,0.98
0e26e1ff4e7fb1cdfefd536063baa06b,40fe3643baf1520a192fa9a579a57886,pair_formed_by_refactoring,signature_changed,signature_changed,1.0,0.98
0e26e1ff4e7fb1cdfefd536063baa06b,443b661fe588999fe1edfd86226609a5,pair_formed_by_refactoring,signature_changed,signature_changed,1.0,0.98
0e26e1ff4e7fb1cdfefd536063baa06b,46e6806869f332e12a91b9787a2d15a3,pair_formed_by_refactoring,signature_changed,signature_changed,1.0,0.98
0e26e1ff4e7fb1cdfefd536063baa06b,4966e376ffaca013f1b818407aa1d1c1,pair_formed_by_refactoring,signature_changed,signature_changed,1.0,0.9
0e26e1ff4e7fb1cdfefd536063baa06b,4a3f7dc18d709b994ff0613e6b17bc82,pair_formed_by_refactoring,signature_changed,signature_changed,1.0,1.0
0e26e1ff4e7fb1cdfefd536063baa06b,5cb7b4900b8e34e4aab96d6aeba7ff63,pair_formed_by_refactoring,signature_changed,signature_changed,1.0,1.0
0e26e1ff4e7fb1cdfefd536063baa06b,671d43fc2883f0b346f583f67b7751b8,pair_formed_by_refactoring,signature_changed,signature_changed,1.0,1.0
0e26e1ff4e7fb1cdfefd536063baa06b,7bf2d4782daec923aecc8725a3f41795,pair_formed_by_refactoring,signature_changed,signature_changed,1.0,0.98
0e26e1ff4e7fb1cdfefd536063baa06b,95e77056a22e944f314ade351ac0b5c9,pair_formed_by_refactoring,signature_changed,signature_changed,1.0,1.0
0e26e1ff4e7fb1cdfefd536063baa06b,9ae60a2bd1dd54069ec51b8b1397adc8,pair_formed_by_refactoring,signature_changed,signature_changed,1.0,1.0
0e26e1ff4e7fb1cdfefd536063baa06b,b7ba8d82fb4e049e643b4af8bb0d8593,pair_formed_by_refactoring,signature_changed,signature_changed,1.0,0.98
0e26e1ff4e7fb1cdfefd536063baa06b,cd24cdb801df5c63d97374903f9e649d,pair_formed_by_refactoring,signature_changed,signature_changed,1.0,1.0
0e26e1ff4e7fb1cdfefd536063baa06b,ce9296a44b9f8519ce4b624b815a3267,pair_formed_by_refactoring,signature_changed,signature_changed,1.0,1.0
0e26e1ff4e7fb1cdfefd536063baa06b,d5d28089a0e9c6c92695076654fa4182,pair_formed_by_refactoring,signature_changed,signature_changed,1.0,0.98
0e26e1ff4e7fb1cdfefd536063baa06b,f1aa57e9fba6e9640f72bb08dfa32fe2,pair_formed_by_refactoring,signature_changed,signature_changed,1.0,0.97
0e26e1ff4e7fb1cdfefd536063baa06b,f7c41da2c45aa4a5e0d712065cd4cdb7,pair_formed_by_refactoring,signature_changed,signature_changed,1.0,0.97
0e26e1ff4e7fb1cdfefd536063baa06b,ffb5c85bf24ef50e36a20364e96b8ca1,pair_formed_by_refactoring,signature_changed,signature_changed,1.0,0.98
0e322cbbb25c5ef658d5e6e41ffa9931,269e5aa352d0b36cd9599947984214f8,method_a_added,added,exact,,1.0
0e322cbbb25c5ef658d5e6e41ffa9931,dd3aa7e842d508204109f99fc04510aa,method_a_added,added,exact,,1.0
0e77e35e66cc7014f36563a3718a4721,c4889326ef485d0cc50b409097083888,pair_formed_naturally,exact,exact,1.0,1.0
0e9be67d75084769352c3c2c2d94d398,3b05c9ca5ebadebe71c7b1c6f0ac0b91,pair_formed_naturally,exact,exact,1.0,1.0
0e9be67d75084769352c3c2c2d94d398,46f2b17019bd096ae3e7f8734bab84b6,pair_formed_naturally,exact,exact,1.0,1.0
0e9be67d75084769352c3c2c2d94d398,4b1cbb94bbc28c49a566b4fc797a72a1,pair_formed_naturally,exact,exact,1.0,1.0
0e9be67d75084769352c3c2c2d94d398,6a7756366feeb14c1172b2b189ba2771,pair_formed_naturally,exact,exact,1.0,1.0
0e9be67d75084769352c3c2c2d94d398,737524e5fe5a135a2d85bee2669f1df7,pair_formed_naturally,exact,exact,1.0,1.0
0e9be67d75084769352c3c2c2d94d398,753e15be26769eea8729c89e32acc48a,pair_formed_naturally,exact,exact,1.0,1.0
0e9be67d75084769352c3c2c2d94d398,8104c1fd33d32f08fb34b45f93885c81,pair_formed_naturally,exact,exact,1.0,1.0
0e9be67d75084769352c3c2c2d94d398,de7e97f07df2fc21edbdc76839a0f1e2,pair_formed_naturally,exact,exact,1.0,1.0
0e9be67d75084769352c3c2c2d94d398,e448c4cd1a0e7ba210acf8358895e6eb,pair_formed_naturally,exact,exact,1.0,1.0
0e9be67d75084769352c3c2c2d94d398,e8ba27d37963c50e801a8f61211cbb12,pair_formed_naturally,exact,exact,1.0,1.0
0ea9d36fd88ba5dcde5607596ad0e0a3,ef8e863afda0721b7e4f4fe9c92dab3b,method_b_added,exact,added,1.0,
0ebdd312d469b64fbc29465b2b5d7382,513bbf55fb41260b330d4c84e0d1fd8d,pair_formed_by_refactoring,unknown,signature_changed,,0.91
0ebdd312d469b64fbc29465b2b5d7382,abb849ab076d28a1d751641a7f57797b,pair_formed_naturally,unknown,unknown,,
0ec8fde1c919361644e4d3a6a08cf363,6e4b75dc44a63d7b79a8714c59d3894c,pair_formed_naturally,exact,exact,1.0,1.0
0ecfeb9676693f5a0f8eb681d8a23ac1,52cba6f5d24b98bce4bf8cc5fbaec2fe,pair_formed_by_refactoring,signature_changed,signature_changed,0.98,0.98
0ecfeb9676693f5a0f8eb681d8a23ac1,c47d9813cc8ac3777fa24694d9b954f2,pair_formed_by_refactoring,signature_changed,signature_changed,0.98,1.0
0ed8ba5932ec6106ac08ac87bedfe49f,7adbce4f428f375a4cc16363765d8963,pair_formed_by_copy,exact,refactored,1.0,0.8
0ed8ba5932ec6106ac08ac87bedfe49f,90f47ce56da09783f8c3978d6ab03cf1,method_b_added,exact,added,1.0,
0ed8ba5932ec6106ac08ac87bedfe49f,cc18f108b1a774d0b2458c949fe3da4c,pair_formed_by_refactoring,exact,signature_changed,1.0,0.95
0edc669318cedbe5e4352e34b1570a44,4ae6e8f5927291e71451449bc356a5e5,pair_formed_naturally,exact,exact,1.0,1.0
0f17c73a541283e63d779839150857b0,4cc0eef0118a519529ba08b2b971b1cb,pair_formed_naturally,unknown,unknown,,
0f656b7d453520f390ac72b077ac9003,dc2c80f4da8e0943b841f07924b92ca7,pair_formed_naturally,exact,exact,1.0,1.0
0f76e1b93552a65c385550c8a0f7dc34,1840985d6ab00dfea9ba8427b966ecbf,both_added,added,added,,
0f76e1b93552a65c385550c8a0f7dc34,291e8f177d306f383548e2ef05a5a579,both_added,added,added,,
0f76e1b93552a65c385550c8a0f7dc34,4c2a226c05275c771d6d957d135c7fea,both_added,added,added,,
0f76e1b93552a65c385550c8a0f7dc34,63cf86aa8f00483221555d97e8c6ccbf,both_added,added,added,,
0f76e1b93552a65c385550c8a0f7dc34,6a7f5ff621d20a43a9d19340bef3db1a,both_added,added,added,,
0f76e1b93552a65c385550c8a0f7dc34,a803cf16a8bbfb4ae761b37a542e1416,both_added,added,added,,
0f76e1b93552a65c385550c8a0f7dc34,c23d5f76ef396a0f520ca6c677dccc1f,both_added,added,added,,
0fb28678b717d63f116e5689bda3d03a,c633a30dd4029a641a7d9b4d2a23098e,pair_formed_naturally,exact,exact,1.0,1.0
0fb7c1d1cc2a5fa9020c3486912d20ed,d4d5f388ff2722f3a21392189b4cd9d3,method_b_added,signature_changed,added,0.97,
0fcacb3b3d35bbfdf87ec5303eca61bf,d6c197508c2ce62b8df7a3ecf662a7ef,both_added,added,added,,
0fdb843e52b2ff9a4f9d9927779da58c,5db9dc24dfae14a702fc68d8ea58bced,both_added,added,added,,
0fed5afa4d202fbd644d049d6175883f,4c8e90509ff5320336fde5c7ccf32da2,pair_formed_by_refactoring,token_hash,moved,1.0,1.0
101ad04f3d057cb6092132cdce3738d1,8be3dbf88e9b0b17bef9349ca8326e4b,pair_formed_naturally,exact,exact,1.0,1.0
103fec0a2dfd8c94411dd8fea7c1686b,f6b28e6d52e847fedfd9390d83e3caae,pair_formed_by_refactoring,signature_changed,signature_changed,0.98,1.0
109cb5cfc831354f0e8909cec1879cb3,2aab90ca457f7f0acc02734041b0355a,pair_formed_naturally,exact,exact,1.0,1.0
10ce5ed7a6a8f6b97f32a044d473cb55,35c0a9f0045f93dc92db42e216fe21ee,both_added,added,added,,
10ce5ed7a6a8f6b97f32a044d473cb55,c93b63531a17c9b863a0e73845f5b7bb,both_added,added,added,,
10ce5ed7a6a8f6b97f32a044d473cb55,decfc25c46e5ec9b48bb69c4bddd4dee,method_a_added,added,signature_changed,,0.98
10ce5ed7a6a8f6b97f32a044d473cb55,e53e5c3c04727cef77864fc6c541ff91,both_added,added,added,,
10ddf4ca64c3ff7fa6153710058dd7bf,96f13e7d6319c5d881e1756aa5804bf6,method_b_added,exact,added,1.0,
10e0d373fa4c3399f54699248b64d998,3b743bcc438296d47120b12ae8401772,pair_formed_by_refactoring,signature_changed,signature_changed,1.0,1.0
10e20d3e915f1931d26fdb9c4618fd5b,2e532ef3f781a3551207a51a8c094bc1,both_added,added,added,,
10e20d3e915f1931d26fdb9c4618fd5b,56f127b8061d75dbf28a4a1af787bf7f,both_added,added,added,,
10e20d3e915f1931d26fdb9c4618fd5b,6ad0ff7c63316924027238919638af49,both_added,added,added,,
10fddd6908e854f03211bd8b30d7f2d8,19f8f82944732a763240cb0b2f22ddce,pair_formed_by_refactoring,signature_changed,signature_changed,1.0,1.0
10fddd6908e854f03211bd8b30d7f2d8,20527513d54d45dab8a9110652febb7a,pair_formed_by_refactoring,signature_changed,exact,1.0,1.0
111a5903b5b0875d5bd8403f1ab517e7,158efc66fe2076c939dcd2fcddd158b3,pair_formed_naturally,exact,exact,1.0,1.0
111a5903b5b0875d5bd8403f1ab517e7,15ad68508f01e16336c04d1875c76346,pair_formed_naturally,exact,exact,1.0,1.0
111a5903b5b0875d5bd8403f1ab517e7,16fd7e9d91c47661a7f03b0eaa3938ec,pair_formed_naturally,exact,exact,1.0,1.0
111a5903b5b0875d5bd8403f1ab517e7,270833e97710ef2a2f38f9910b440092,pair_formed_naturally,exact,exact,1.0,1.0
111a5903b5b0875d5bd8403f1ab517e7,46ccc22cd7bd39ec1b1830af0796a00c,pair_formed_naturally,exact,exact,1.0,1.0
111a5903b5b0875d5bd8403f1ab517e7,4c5bc290c336108463588230e81a085d,method_b_added,exact,added,1.0,
111a5903b5b0875d5bd8403f1ab517e7,50fb5c990458cf39ca88773d800eeca1,pair_formed_naturally,exact,exact,1.0,1.0
111a5903b5b0875d5bd8403f1ab517e7,553be4e9e51da365930fef06d667ef63,pair_formed_naturally,exact,exact,1.0,1.0
111a5903b5b0875d5bd8403f1ab517e7,59460fe3931e231ad009f6fbc8b106ad,pair_formed_naturally,exact,exact,1.0,1.0
111a5903b5b0875d5bd8403f1ab517e7,63aeaf850255ba934d0abb8a09200e72,pair_formed_naturally,exact,exact,1.0,1.0
111a5903b5b0875d5bd8403f1ab517e7,63b8ad4174aa5b196324bfca4fcbfdd7,pair_formed_naturally,exact,exact,1.0,1.0
111a5903b5b0875d5bd8403f1ab517e7,6c259443664a787f10b3388d92afc6bc,pair_formed_naturally,exact,exact,1.0,1.0
111a5903b5b0875d5bd8403f1ab517e7,70a2bafaeff2194fd1f31ca463d543c3,pair_formed_naturally,exact,exact,1.0,1.0
111a5903b5b0875d5bd8403f1ab517e7,7177c0b701a5a87699dd3accc04e3215,pair_formed_naturally,exact,exact,1.0,1.0
111a5903b5b0875d5bd8403f1ab517e7,94cab546fc0922592224fc3f57b8bcf0,pair_formed_naturally,exact,exact,1.0,1.0
111a5903b5b0875d5bd8403f1ab517e7,a8a7ce0cbe5012382e002a51a952208d,pair_formed_naturally,exact,exact,1.0,1.0
111a5903b5b0875d5bd8403f1ab517e7,bf6e8750ce719ee626cd6e40b8b08cfc,pair_formed_naturally,exact,exact,1.0,1.0
111a5903b5b0875d5bd8403f1ab517e7,c541d2864e42a3375646aeac25bbd28a,pair_formed_naturally,exact,exact,1.0,1.0
111a5903b5b0875d5bd8403f1ab517e7,da7d9ba9f6a249f050179641b56dfa42,pair_formed_naturally,exact,exact,1.0,1.0
111a5903b5b0875d5bd8403f1ab517e7,e057ddb71eaa9ca1723921ef97999ef7,pair_formed_naturally,exact,exact,1.0,1.0
111a5903b5b0875d5bd8403f1ab517e7,f189a0042f131ef2af5deb6a1cc8deac,pair_formed_naturally,exact,exact,1.0,1.0
113111f3c9c021962ba44c98a584d2d1,35b73fd3811076168098ef1eddc233eb,pair_formed_by_refactoring,signature_changed,exact,0.94,1.0
113111f3c9c021962ba44c98a584d2d1,9830ab6cdb05dbbdbb54b17637c57ae3,pair_formed_by_refactoring,signature_changed,signature_changed,0.94,0.88
113111f3c9c021962ba44c98a584d2d1,ae51faa92470d47b33088bab6136e2b3,pair_formed_by_refactoring,signature_changed,signature_changed,0.94,0.94
113111f3c9c021962ba44c98a584d2d1,c30700dcf1e4ef69f8300d6d0dd4580c,pair_formed_by_refactoring,signature_changed,exact,0.94,1.0
113111f3c9c021962ba44c98a584d2d1,d6e1266ba97db0a6254aef837638999c,pair_formed_by_refactoring,signature_changed,signature_changed,0.94,0.91
11366b6619bbbf3b0a9878a27c346805,a103ba868b42da9848c95c1f0b93ab30,pair_formed_naturally,exact,exact,1.0,1.0
11366b6619bbbf3b0a9878a27c346805,c654df1d425134a14c3d66e3be371e26,pair_formed_naturally,exact,exact,1.0,1.0
11480c7db47d5c9fb65454ce7c7910e5,8ed1fab729bedf23ee042694ade708e4,pair_formed_naturally,unknown,exact,,1.0
1166a9632f0af32c0144b88eb48f8121,e702170d5cccdadf5f092e9dc3b2cb68,both_added,added,added,,
117b50069b5cb72cfc22c14be66f44a0,1713a3bcf6cdefc9a9bba776cb3d05c1,pair_formed_by_refactoring,signature_changed,exact,0.97,1.0
117b50069b5cb72cfc22c14be66f44a0,ae51faa92470d47b33088bab6136e2b3,pair_formed_by_refactoring,signature_changed,signature_changed,0.97,0.94
117b50069b5cb72cfc22c14be66f44a0,f40620875edc07e50139eac977a9bbfc,pair_formed_by_refactoring,signature_changed,exact,0.97,1.0
11844b058c5433b78e6c3966a8a46ffd,1a6e570569b1e52008db8b7d21fe61d6,pair_formed_by_refactoring,signature_changed,signature_changed,0.97,0.94
11844b058c5433b78e6c3966a8a46ffd,54e4dafac50924c7c8318e56b881207d,pair_formed_by_refactoring,signature_changed,signature_changed,0.97,0.97
11844b058c5433b78e6c3966a8a46ffd,944aad106aa504a2c5164d718ee83763,pair_formed_by_refactoring,signature_changed,signature_changed,0.97,0.97
11844b058c5433b78e6c3966a8a46ffd,bc48b25d38e844268a75882a7000aaad,pair_formed_by_refactoring,signature_changed,signature_changed,0.97,0.97
11844b058c5433b78e6c3966a8a46ffd,fcbd43b9d1c030e16f4cd8de5ec9b89c,pair_formed_by_refactoring,signature_changed,signature_changed,0.97,0.97
11a32840a692f61620a4dbf5ffd666d7,4598f5d12677b685075b2cadb3bc7d09,method_b_added,exact,added,1.0,
11c7a799bb3a3883dd3dffb1cd2d58a0,33e146f7395616551eba518ca6f731f3,pair_formed_naturally,exact,exact,1.0,1.0
11c7a799bb3a3883dd3dffb1cd2d58a0,782617c0316eb2a5c8a53b6ffa3d15a3,pair_formed_naturally,exact,exact,1.0,1.0
11c7a799bb3a3883dd3dffb1cd2d58a0,d1cbfac3997dfa7d8677955d5f375b1c,pair_formed_naturally,exact,exact,1.0,1.0
11c7a799bb3a3883dd3dffb1cd2d58a0,e1cd4bff8c388cdab403635ba06be85d,pair_formed_naturally,exact,exact,1.0,1.0
11d4e5d2285e11a5896a98d207e167de,6396e452af27f402d00ce4e78e5c16ff,pair_formed_naturally,exact,exact,1.0,1.0
120b798d6fc9c6cdec382cd2a1da59b4,cbe486c671dea6167d57a65905a7eef7,both_added,added,added,,
121f4646e08c271a5290456980f9360d,984ebdcb3f568d9389b22851aad490de,pair_formed_naturally,exact,exact,1.0,1.0
1237447f547319fe18e2379ed864d4d0,561f36f0e52178fe09988f30a2c5d772,method_a_added,added,exact,,1.0
123f48e1e0fa4941e58605c4e799d0e6,55a32fbdf560d437ef3c5b53971513c0,pair_formed_by_refactoring,signature_changed,exact,1.0,1.0
123f48e1e0fa4941e58605c4e799d0e6,5b3e075d2929e428019149ea19685f7b,pair_formed_by_refactoring,signature_changed,exact,1.0,1.0
123f48e1e0fa4941e58605c4e799d0e6,c576720eb705e49b76a10431683d0449,pair_formed_by_refactoring,signature_changed,signature_changed,1.0,0.97
1263cf383c740f53b87de0ad6ec3307a,84a2bd102fc46de8dc94cfe9b032dcc5,both_added,added,added,,
1263cf383c740f53b87de0ad6ec3307a,a2d721542ed1ddff3b3fe61ef2f020e6,both_added,added,added,,
1264a7c9f46a0000e0a1610449acbf76,8bb52db0d1ea5185f07d62cb31d2ad87,both_added,added,added,,
1264a7c9f46a0000e0a1610449acbf76,bc84a2a23f9c30aa600319a5834ccef6,both_added,added,added,,
1264a7c9f46a0000e0a1610449acbf76,e4ee531dbb76f757df9967c6453ca190,both_added,added,added,,
1276b0f918d372d2010c81947991bf1c,70d42759887603658fc7c759d9f98f8f,pair_formed_by_refactoring,exact,signature_changed,1.0,1.0
12904b51a9fa00b8f051d11373d07fae,6b0b2d5a7732de42fe432984289e73f6,pair_formed_by_refactoring,signature_changed,signature_changed,1.0,1.0
129bd98e71f6a6499d37af57cd7b834a,ae841f7b819265f3b4151bf186531ea2,pair_formed_by_refactoring,exact,signature_changed,1.0,1.0
12bcdc6cafec5af9a77bd30b8bdf01e8,4719b100dbd5a8d557b3b1b726123b29,pair_formed_by_refactoring,signature_changed,signature_changed,0.96,0.96
12bcdc6cafec5af9a77bd30b8bdf01e8,9a6ba3fcbe71a6bef16841d61bd97946,pair_formed_by_refactoring,signature_changed,signature_changed,0.96,0.9
12cfdd107db6bba477ad0e1e171b10ff,3a15ea845b6f562267b466c7bba5e014,pair_formed_naturally,exact,exact,1.0,1.0
12d9c6d736801b45fe2e8591a813e210,35470a72b63aabc26281bcb93ff6be3b,pair_formed_by_refactoring,signature_changed,signature_changed,0.9,0.92
12d9c6d736801b45fe2e8591a813e210,8766b2f358d4ae05ef53698cc0fd5a21,pair_formed_by_refactoring,signature_changed,signature_changed,0.9,0.92
12d9c6d736801b45fe2e8591a813e210,92605f8485a6255e444e8e34862ac3a2,pair_formed_by_refactoring,signature_changed,signature_changed,0.9,0.9
136020ac374bdbac3639ee5b536c177f,9cefd806cfbdacbf94d0decd4f72f20f,pair_formed_by_refactoring,signature_changed,signature_changed,1.0,1.0
139e35d2f24f4fa318bc2b67e3f08958,1db2cc65ae1f24ebbb37d4a1c10b2dd7,both_added,added,added,,
139e35d2f24f4fa318bc2b67e3f08958,1f743103d3380aa9d3c92d9ebd14e76d,both_added,added,added,,
139e35d2f24f4fa318bc2b67e3f08958,2393af82e5d40eff99de742f07c38735,both_added,added,added,,
139e35d2f24f4fa318bc2b67e3f08958,2d0c904d27485250e394d2f2695df276,both_added,added,added,,
139e35d2f24f4fa318bc2b67e3f08958,31a9e27fe659ac578c393ac0db97f111,both_added,added,added,,
139e35d2f24f4fa318bc2b67e3f08958,43570c3cb2b5d76ab410dc285c88844e,both_added,added,added,,
139e35d2f24f4fa318bc2b67e3f08958,4f36c54372d716ebdf491eaa9d1e9f7b,both_added,added,added,,
139e35d2f24f4fa318bc2b67e3f08958,536b3d37d76f35b22425855b7add108f,both_added,added,added,,
139e35d2f24f4fa318bc2b67e3f08958,61ffd9f2892c973b6be681d09a437d6e,both_added,added,added,,
139e35d2f24f4fa318bc2b67e3f08958,63d1b342e0d939b9a1c2a05cf349f1af,both_added,added,added,,
139e35d2f24f4fa318bc2b67e3f08958,79e5a30fe83f456300019bceeaffabc3,both_added,added,added,,
139e35d2f24f4fa318bc2b67e3f08958,848cc34d634892c33464d56a91b27d31,both_added,added,added,,
139e35d2f24f4fa318bc2b67e3f08958,867a312ce5320ce4d6f665f8c3b5a25c,both_added,added,added,,
139e35d2f24f4fa318bc2b67e3f08958,9ed6c4a94ab3e55aec855688eb9af892,both_added,added,added,,
139e35d2f24f4fa318bc2b67e3f08958,b55e54f8f1e0e7c199eba82e5596b366,both_added,added,added,,
139e35d2f24f4fa318bc2b67e3f08958,d94abc308f54af93bbdde0a2fcb703c3,both_added,added,added,,
139e35d2f24f4fa318bc2b67e3f08958,de02b943529137359129494fa4c891d0,both_added,added,added,,
139e35d2f24f4fa318bc2b67e3f08958,f4deb3f50ea83bdf3928a0596d517b4a,both_added,added,added,,
139e35d2f24f4fa318bc2b67e3f08958,f97eb40d7cb98c2ec9244b3196a2c0a0,both_added,added,added,,
139e35d2f24f4fa318bc2b67e3f08958,fe165ba2bf445893d15bb207424d673c,both_added,added,added,,
13e37694785915c99f9c264e8d26362f,bd22bc2b72039260b0bfedccd9286634,pair_formed_naturally,exact,exact,1.0,1.0
13ea4bf354eb3bbcc475d4afb147cab9,81d381542d6a865183828760d3cf4b82,pair_formed_naturally,exact,exact,1.0,1.0
13ea4bf354eb3bbcc475d4afb147cab9,929bf9bae6be91ab859c08caacf8cd9e,pair_formed_naturally,exact,exact,1.0,1.0
13f4b695f63f8639263b13b57a4a38a8,e90b9a423242cb4032ad0c28080f9fc0,method_b_added,signature_changed,added,0.8,
1405455289e56ce74279b736a795b478,a75f5a9401d8bba171e3659981238d1f,method_b_added,exact,added,1.0,
1439a2c79a4a3b6b438380e92ff7ccfd,8512a62141a02254aaff2329f088d19b,pair_formed_naturally,exact,exact,1.0,1.0
1439a2c79a4a3b6b438380e92ff7ccfd,ec8b3a787158b8e70e49b66fcdcfb95c,pair_formed_naturally,exact,exact,1.0,1.0
1491362921d2d7144c222d4d2c651fbc,e14556235dfad5570e44bb1db0b7d956,pair_formed_naturally,exact,exact,1.0,1.0
14dd71609c102343b471e0da1403341c,60706b7bdf995ae00398d39fc0c0795c,pair_formed_by_refactoring,signature_changed,signature_changed,0.96,0.98
14dd71609c102343b471e0da1403341c,9b299c33ac5aef93887b60ba14fcace2,pair_formed_by_refactoring,signature_changed,signature_changed,0.96,0.98
14dd71609c102343b471e0da1403341c,c991e9147b35ead0b7212f45d7e4453c,pair_formed_by_refactoring,signature_changed,signature_changed,0.96,0.96
14f2d173f06b2d2889cb50576a3a5533,3100f3381057e6cec2ff2fc8eaff0931,method_a_added,added,refactored,,0.81
14f2d173f06b2d2889cb50576a3a5533,f001e37e62053a0aef60fd2478680724,both_added,added,added,,
150e9fc5dad137fc43aa6a8b4c65b504,82a2279cf9eba54f94648ba4282bc426,pair_formed_naturally,exact,exact,1.0,1.0
150e9fc5dad137fc43aa6a8b4c65b504,a4554352cf5e34e9cbe9693f471b3b50,pair_formed_naturally,exact,exact,1.0,1.0
15134f7faa014d586a4816e192ed1b4d,c70d651a6996f068b513b2a47538de9b,pair_formed_naturally,exact,exact,1.0,1.0
152083295f1d29345c11af8bcd016a81,70d42759887603658fc7c759d9f98f8f,pair_formed_by_refactoring,exact,signature_changed,1.0,1.0
152ea71102e2285879a62b9b9c132b54,a44b4d782b2e6339ff399879131ee4fb,both_added,added,added,,
1562a3550c779a1704bd00b1371387aa,4cd5768e09def1f2516bd988fd777f69,pair_formed_naturally,exact,exact,1.0,1.0
1562a3550c779a1704bd00b1371387aa,83d75342bda538bf9b286ceda586cfef,pair_formed_naturally,exact,exact,1.0,1.0
1562a3550c779a1704bd00b1371387aa,c633a30dd4029a641a7d9b4d2a23098e,pair_formed_naturally,exact,exact,1.0,1.0
1562a3550c779a1704bd00b1371387aa,fbea3206ad212b808343de6d4682e075,pair_formed_naturally,exact,exact,1.0,1.0
158efc66fe2076c939dcd2fcddd158b3,7177c0b701a5a87699dd3accc04e3215,pair_formed_naturally,exact,exact,1.0,1.0
158efc66fe2076c939dcd2fcddd158b3,7ff749372016e8e1d4f3a6121390e6a7,pair_formed_naturally,exact,exact,1.0,1.0
15a60e89258f90a7a7a6f29944740a81,674165d11f2c593f97e25962fe6debcd,pair_formed_naturally,unknown,unknown,,
15a60e89258f90a7a7a6f29944740a81,7ee141e50a66674ddceb7271e9b06024,method_b_added,unknown,added,,
15a60e89258f90a7a7a6f29944740a81,a86576a51ebb5f0b4dfa17007fded629,method_b_added,unknown,added,,
15a60e89258f90a7a7a6f29944740a81,dc83212f4bb634136ec5fc56db782f36,pair_formed_by_refactoring,unknown,signature_changed,,1.0
15ad68508f01e16336c04d1875c76346,dc2c80f4da8e0943b841f07924b92ca7,pair_formed_naturally,exact,exact,1.0,1.0
15b25f5f56ec45956577c384ca03a073,1e9127db11fb79eedb86506831db3fb9,pair_formed_naturally,unknown,unknown,,
15b25f5f56ec45956577c384ca03a073,244b052e5e3b2e7f8b5da57f8036fe29,pair_formed_naturally,unknown,exact,,1.0
15b25f5f56ec45956577c384ca03a073,80d53e251b5bf08896b75629ec0a919c,pair_formed_naturally,unknown,unknown,,
15b25f5f56ec45956577c384ca03a073,99266b38dd8df9f5d6d8beb14a0038ee,pair_formed_by_refactoring,unknown,signature_changed,,1.0
15b25f5f56ec45956577c384ca03a073,eecdbfbdf18397c080054695eec43d80,pair_formed_naturally,unknown,exact,,1.0
15b25f5f56ec45956577c384ca03a073,f166de7c43fcf5f1de935f5bf62498e6,pair_formed_by_refactoring,unknown,signature_changed,,1.0
16043057f4e109a38716190e7591af8c,dc159003c86936d34a5d06366be3bb16,pair_formed_by_refactoring,signature_changed,signature_changed,1.0,1.0
16043057f4e109a38716190e7591af8c,eefa80e0a25b2c6eb983bbb1cc1740f3,pair_formed_by_refactoring,signature_changed,signature_changed,1.0,1.0
1661351098fc0e09d7556bb99eb354d1,238ce06656358b443a2622fcbd6cc823,pair_formed_naturally,exact,exact,1.0,1.0
167b03cdc1fe538d5ea61bdf0ac2b604,aa7b9fc29e144dada190aef31f6ec580,pair_formed_by_refactoring,signature_changed,signature_changed,1.0,1.0
168afec7fa070fafdcd43f61f0f9d1fc,7d4a3f780aac817f41cc97007f8bf572,pair_formed_by_refactoring,exact,signature_changed,1.0,1.0
168afec7fa070fafdcd43f61f0f9d1fc,cf0708d690b5d064d7b982c87dea77e2,pair_formed_naturally,exact,exact,1.0,1.0
16989cf24d4cadbe0dcaaa7ae61dd723,6e2585f3b72b75017105de281795a071,pair_formed_by_refactoring,signature_changed,exact,1.0,1.0
16c9719e7b9cfc50438c35a17f465ab0,94a5f0283485dd767de6e5db5d95c3f5,both_added,added,added,,
16cc600d404b7624437f578b0591b2ba,7e0172098b5a8ad54f1711cda93289bc,both_added,added,added,,
16cc600d404b7624437f578b0591b2ba,d87e591fcf26c0c1b965fa1d054d359b,both_added,added,added,,
16fd7e9d91c47661a7f03b0eaa3938ec,dc2c80f4da8e0943b841f07924b92ca7,pair_formed_naturally,exact,exact,1.0,1.0
170cea05a9d48507915bc7a014164a7f,7e5d6474cacca65d664fed688eeb2920,pair_formed_naturally,exact,exact,1.0,1.0
1713a3bcf6cdefc9a9bba776cb3d05c1,ae51faa92470d47b33088bab6136e2b3,pair_formed_by_refactoring,exact,signature_changed,1.0,0.94
17459195f5b2248bc5c55530f5831b71,8e93482eb79727e8fbc81739aefc2031,method_b_added,exact,added,1.0,
177d419bc407dc3e782f3671dbf23ae8,21cc47122c6a84d4f3196c458039d46e,method_b_added,exact,added,1.0,
177d419bc407dc3e782f3671dbf23ae8,ece3b48f2d1f4fb3bf76a695c250ca74,pair_formed_naturally,exact,exact,1.0,1.0
17b635799b8c94a06a1aa0703a604fb5,2a2893184283011d4b659fd8ece53aa9,both_added,added,added,,
17b635799b8c94a06a1aa0703a604fb5,909f395f58d1d62cbf384c6051011a24,both_added,added,added,,
17dbf832868154b01bb6e3e726d0afbd,2fdf5cb86dbdeebb7cfb151ce9a94c3b,pair_formed_naturally,exact,exact,1.0,1.0
1802d3e90d78e99d0d0687e05ce95f44,3156063572db14c26ab2f931652adefa,pair_formed_naturally,exact,exact,1.0,1.0
1802d3e90d78e99d0d0687e05ce95f44,6a1e68a4b9a88224b830345f9f2ab530,pair_formed_naturally,exact,exact,1.0,1.0
1802d3e90d78e99d0d0687e05ce95f44,e8c39704b1303bd8c3bc1e353e8b4700,pair_formed_naturally,exact,exact,1.0,1.0
180f5fef6fa95d0107e5fdd09fc6672f,81d381542d6a865183828760d3cf4b82,pair_formed_naturally,exact,exact,1.0,1.0
1815b09fc2a708161fb43860ace12436,3e00184fa53a05209d1e9af7518bec64,pair_formed_by_refactoring,signature_changed,signature_changed,0.96,0.96
1815b09fc2a708161fb43860ace12436,75a1eeb9fcf264968214bb39376fa585,pair_formed_by_refactoring,signature_changed,signature_changed,0.96,0.96
1815b09fc2a708161fb43860ace12436,7d04d47b455fe2a829d5c7b2a8670219,pair_formed_by_refactoring,signature_changed,unknown,0.96,
1815b09fc2a708161fb43860ace12436,aefaec2302d819e0e526700bf86558f4,pair_formed_by_refactoring,signature_changed,signature_changed,0.96,0.96
1840985d6ab00dfea9ba8427b966ecbf,291e8f177d306f383548e2ef05a5a579,both_added,added,added,,
1840985d6ab00dfea9ba8427b966ecbf,63cf86aa8f00483221555d97e8c6ccbf,both_added,added,added,,
1840985d6ab00dfea9ba8427b966ecbf,6a7f5ff621d20a43a9d19340bef3db1a,both_added,added,added,,
1840985d6ab00dfea9ba8427b966ecbf,c23d5f76ef396a0f520ca6c677dccc1f,both_added,added,added,,
18834c95c880e0e0d09ea0197466142d,5b1c890c0e4814f0db52ba942af0b6f8,pair_formed_naturally,exact,exact,1.0,1.0
18834c95c880e0e0d09ea0197466142d,864e4a591336aee79d5ff5cdfdc4226f,pair_formed_naturally,exact,exact,1.0,1.0
18834c95c880e0e0d09ea0197466142d,c6b3301b77f184cb4d6f6e46cacff30c,pair_formed_naturally,exact,exact,1.0,1.0
1892ccf6d2b5e319e255fb7018346787,58a7f3ac3a032840fae380a17402a2ec,pair_formed_naturally,exact,exact,1.0,1.0
18cca60598586660eb1184fefd366c37,1c5935ad650f34552a0aea8328a76679,both_added,added,added,,
18cca60598586660eb1184fefd366c37,48b771b6c3db702f8abca2abdf7c7e1a,both_added,added,added,,
18cca60598586660eb1184fefd366c37,4f1c9794c8a92fdf0377b40fea47dfbd,method_a_added,added,unknown,,
18cca60598586660eb1184fefd366c37,5a18a40d3fbffe090d12abd76f7eba37,both_added,added,added,,
18cca60598586660eb1184fefd366c37,6e58d72f983ab8aac90eb7aee8eb7ccd,method_a_added,added,signature_changed,,0.97
18cca60598586660eb1184fefd366c37,76516c7cd9b0344096801a5bd5694217,both_added,added,added,,
18cca60598586660eb1184fefd366c37,a600ea0587ff577ddb98e7ea0a8354cd,method_a_added,added,signature_changed,,0.98
18cca60598586660eb1184fefd366c37,d1e2eeaf86a4bb2b51028f6bbe679cce,method_a_added,added,signature_changed,,0.97
18d82eb04cd4f4aac537fc5d6f6b8b30,18eaf440ae1a41d10077650e4dc7daf5,pair_formed_naturally,exact,exact,1.0,1.0
18d82eb04cd4f4aac537fc5d6f6b8b30,3b60813e513e3c149de26f17c770a741,pair_formed_naturally,exact,exact,1.0,1.0
18d82eb04cd4f4aac537fc5d6f6b8b30,49adfaa820e0925a44dbc38434f400fd,pair_formed_naturally,exact,exact,1.0,1.0
18d82eb04cd4f4aac537fc5d6f6b8b30,50eb5a609fb17fb46191aa21fc1c118a,pair_formed_naturally,exact,exact,1.0,1.0
18d82eb04cd4f4aac537fc5d6f6b8b30,53d6b84f96962c7aaec497993419ef90,pair_formed_naturally,exact,exact,1.0,1.0
18d82eb04cd4f4aac537fc5d6f6b8b30,8ffca15cef0e61e285735e7cf1e49b6b,pair_formed_naturally,exact,exact,1.0,1.0
18eaf440ae1a41d10077650e4dc7daf5,50eb5a609fb17fb46191aa21fc1c118a,pair_formed_naturally,exact,exact,1.0,1.0
18eb2c6e607d4d1c68457a1d7e7e5b9d,2703d2bbcc409b7fbaa9faf510e3d4d6,pair_formed_naturally,exact,exact,1.0,1.0
18eb2c6e607d4d1c68457a1d7e7e5b9d,2a0ae7afbfc42a8c8eb1f7e4f83fa40c,pair_formed_naturally,exact,exact,1.0,1.0
18eb2c6e607d4d1c68457a1d7e7e5b9d,2b8b186a36e4ba66065aa00acecd9ee1,pair_formed_naturally,exact,exact,1.0,1.0
18eb2c6e607d4d1c68457a1d7e7e5b9d,3daa74fdbdca2326c6c50e3477ca42e0,pair_formed_naturally,exact,exact,1.0,1.0
18eb2c6e607d4d1c68457a1d7e7e5b9d,5b2b0d8a9148ea6b5d2f30661d6577f1,pair_formed_naturally,exact,exact,1.0,1.0
18eb2c6e607d4d1c68457a1d7e7e5b9d,82ecd94c9830816c7dfdbf8f36ecbdd6,pair_formed_naturally,exact,exact,1.0,1.0
18eb2c6e607d4d1c68457a1d7e7e5b9d,879f696e6c6b8a65d754b93c90e881ec,pair_formed_naturally,exact,exact,1.0,1.0
18eb2c6e607d4d1c68457a1d7e7e5b9d,9d8b25077904644a798b2e3d7c11047a,pair_formed_naturally,exact,exact,1.0,1.0
18eb2c6e607d4d1c68457a1d7e7e5b9d,ef3053b10907c50bd5d1abd6973e689d,pair_formed_naturally,exact,exact,1.0,1.0
18fd95dfba8171569662e899de9a8c15,55e187efb0e00eec8d83c1146ebd5df9,pair_formed_by_refactoring,signature_changed,unknown,1.0,
18fd95dfba8171569662e899de9a8c15,a3e1afa20beea2bd5a033b243d63f2de,pair_formed_by_refactoring,signature_changed,unknown,1.0,
18fd95dfba8171569662e899de9a8c15,a63804afa14c6e68b3f247de4c98f294,pair_formed_by_refactoring,signature_changed,unknown,1.0,
18fd95dfba8171569662e899de9a8c15,d11e247a53890ee2e5ed0562d9be49c1,pair_formed_by_refactoring,signature_changed,unknown,1.0,
18fd95dfba8171569662e899de9a8c15,e912add67c4ef1e51cb1d71f86138ec3,pair_formed_by_refactoring,signature_changed,unknown,1.0,
18fd95dfba8171569662e899de9a8c15,fdce1729c2e2e88fefe059a0634e51b6,pair_formed_by_refactoring,signature_changed,unknown,1.0,
1931e7eb430632834eeebab7fd3b5a43,56e7f5ca6268481e3917d1803a771e5b,pair_formed_naturally,exact,exact,1.0,1.0
1931e7eb430632834eeebab7fd3b5a43,c0e09d1201f258d38919ca72257a0bb3,pair_formed_naturally,exact,exact,1.0,1.0
1931e7eb430632834eeebab7fd3b5a43,def1f63a2c51a396747d5d672805a5f7,pair_formed_naturally,exact,exact,1.0,1.0
1931e7eb430632834eeebab7fd3b5a43,e97c7a0072bad45f3f1865d48a3bb1d8,pair_formed_naturally,exact,exact,1.0,1.0
197a7b4dde7ebdff7d08d1aa559ad851,35d221fe1c5cb34da09f04b9902227b1,both_added,added,added,,
197a7b4dde7ebdff7d08d1aa559ad851,376765a51272f2a415fb56a6034d01dc,both_added,added,added,,
197a7b4dde7ebdff7d08d1aa559ad851,645c906bdfb01b8583d15cf9df644ddf,both_added,added,added,,
197a7b4dde7ebdff7d08d1aa559ad851,929a29822abed393abd74be01743a2c2,both_added,added,added,,
197a7b4dde7ebdff7d08d1aa559ad851,bda0e7d94d52f58b6e5623cdcd10282e,both_added,added,added,,
197a7b4dde7ebdff7d08d1aa559ad851,c1848fc42fb66eed0315371ff3e5b1b8,both_added,added,added,,
197a7b4dde7ebdff7d08d1aa559ad851,c25052a98d9cf55c9b0ccb0d6d3ff00e,both_added,added,added,,
197a7b4dde7ebdff7d08d1aa559ad851,c3af34e7307ac63f1d6b15fbeb29e0ec,both_added,added,added,,
197a7b4dde7ebdff7d08d1aa559ad851,d6e35a94b47b2006697f25118a40b150,both_added,added,added,,
197a7b4dde7ebdff7d08d1aa559ad851,e9bf1396c1a1cd4d9f9b959e94071271,both_added,added,added,,
197a7b4dde7ebdff7d08d1aa559ad851,f7ac4ea59a26952f9abae99254116042,both_added,added,added,,
197a7b4dde7ebdff7d08d1aa559ad851,fda369cd62d9f205f3d65805e7757216,both_added,added,added,,
198019017e32541a0504c81b9331387a,ea9b414c93faf24e9ffefa9f0addd5e9,pair_formed_by_refactoring,signature_changed,signature_changed,0.92,0.82
19811bde14b325fe25ae21555adf67d2,ec72b904ddf496ade922e9573806bc2c,pair_formed_by_copy,refactored,exact,0.89,1.0
198ff1581f9605afe1302cdf818e6046,50b40615e5a4ba407de04371df1d38f9,method_b_added,exact,added,1.0,
19ac134ac59da733b041399f4cfec9ee,ca78217adb6fdc7f61984c37e42874f3,pair_formed_by_refactoring,signature_changed,signature_changed,1.0,0.96
19bd20ca3c283fb0b2b9871a4b05a61c,57b831e63707d87868141acc3cd42751,pair_formed_naturally,exact,exact,1.0,1.0
19bd20ca3c283fb0b2b9871a4b05a61c,cba62646dafa25d77f23d8b6b2e4d55f,pair_formed_naturally,exact,exact,1.0,1.0
19f8f82944732a763240cb0b2f22ddce,eb580a8d9aa3bca319c154b753ff6424,pair_formed_by_refactoring,signature_changed,exact,1.0,1.0
1a1ac871e12d5da8469f8d60120beaf5,eeccc997162428a22d1ab5852f56fb5c,pair_formed_by_refactoring,exact,renamed,1.0,0.97
1a23a489e0023a0a7e8166bffe94fdcb,67a2e155c11394a6df2c0a6a1d5dd4e4,both_added,added,added,,
1a24ce0b58e4e8cd896ad69003f4f826,2ddbbed47bc379f8cabb609b249fae03,both_added,added,added,,
1a2f6f40a44e5c74c7b75489151cd536,4ab0b48fb15f26c4d0cb91516f729b5b,pair_formed_naturally,exact,exact,1.0,1.0
1a6e570569b1e52008db8b7d21fe61d6,54e4dafac50924c7c8318e56b881207d,pair_formed_by_refactoring,signature_changed,signature_changed,0.94,0.97
1a6e570569b1e52008db8b7d21fe61d6,944aad106aa504a2c5164d718ee83763,pair_formed_by_refactoring,signature_changed,signature_changed,0.94,0.97
1a6e570569b1e52008db8b7d21fe61d6,bc48b25d38e844268a75882a7000aaad,pair_formed_by_refactoring,signature_changed,signature_changed,0.94,0.97
1a6e570569b1e52008db8b7d21fe61d6,fcbd43b9d1c030e16f4cd8de5ec9b89c,pair_formed_by_refactoring,signature_changed,signature_changed,0.94,0.97
1a851427d7b2ae071ee08d646577be22,614bd4cbefa7b7f5b6820f613f750755,pair_formed_naturally,exact,exact,1.0,1.0
1a851427d7b2ae071ee08d646577be22,65b622e8e420bed786941561720dfdf0,method_b_added,exact,added,1.0,
1a851427d7b2ae071ee08d646577be22,e233ec95f598bcbb6a3bf6044b3a8ccf,pair_formed_naturally,exact,exact,1.0,1.0
1aa878f3db3f4bc61212b6ec9d6b960e,1c35d30a13bcfbfbb7010262fe6b6123,pair_formed_naturally,unknown,exact,,1.0
1aa878f3db3f4bc61212b6ec9d6b960e,34f31a85bdfb8627932292b75fd630da,pair_formed_naturally,unknown,exact,,1.0
1aa878f3db3f4bc61212b6ec9d6b960e,474e1d6e985482cc2d16d1356b728c77,pair_formed_naturally,unknown,unknown,,
1aa878f3db3f4bc61212b6ec9d6b960e,4e8cde372bb5c6331235911f8a24bb84,pair_formed_naturally,unknown,exact,,1.0
1aa878f3db3f4bc61212b6ec9d6b960e,4f3b5550a9d953a46ba3188a948e7ab8,pair_formed_naturally,unknown,unknown,,
1aa878f3db3f4bc61212b6ec9d6b960e,76c3f3f6c82afc6519f1f99ef47e914c,pair_formed_naturally,unknown,exact,,1.0
1aa878f3db3f4bc61212b6ec9d6b960e,89f5be5a4ccea507ff6796cf92fb6ba4,pair_formed_naturally,unknown,unknown,,
1aa878f3db3f4bc61212b6ec9d6b960e,8cad7cb2b43210f5d783ccd5c767a2e0,pair_formed_naturally,unknown,exact,,1.0
1aa878f3db3f4bc61212b6ec9d6b960e,bbd552d4ef9aeb85b9025767bb88858e,pair_formed_naturally,unknown,exact,,1.0
1aa878f3db3f4bc61212b6ec9d6b960e,bd666cb26ae417d7c92c2824d6b504d6,pair_formed_naturally,unknown,unknown,,
1b2cea5ff770335e4ffb65aa9a0fe52b,48e173ef1e3dc26f5222b514f56a0af6,method_a_added,added,signature_changed,,1.0
1b2cea5ff770335e4ffb65aa9a0fe52b,4abe9980a639f0d25e39ee46da8a2856,both_added,added,added,,
1b2cea5ff770335e4ffb65aa9a0fe52b,4c89414fad86693e4c61dd31aac102a7,method_a_added,added,signature_changed,,1.0
1b2cea5ff770335e4ffb65aa9a0fe52b,5ef42a9a198c08d8884deb7013b71407,method_a_added,added,signature_changed,,1.0
1b2cea5ff770335e4ffb65aa9a0fe52b,86b5641f43e69dbf1c3a3ce26357ccf6,both_added,added,added,,
1b2cea5ff770335e4ffb65aa9a0fe52b,cd23fd7ef27e4717c64fa2e21f555470,method_a_added,added,signature_changed,,1.0
1b477964666f77a16d5bb258c98aaa2f,5278da2301d9d222c7f3accaee21cb5d,pair_formed_naturally,exact,exact,1.0,1.0
1b4d3be133245477bf90eae403001f2d,3345d61d5f63d8e9690e6e66a86ba172,both_added,added,added,,
1b4d3be133245477bf90eae403001f2d,3d81c548b5afda4e88697f980ae58e49,both_added,added,added,,
1b4d3be133245477bf90eae403001f2d,41cf7c15f135543c9f8bdd0d77edf21f,both_added,added,added,,
1b4d3be133245477bf90eae403001f2d,41e32b8d899be1ed278f7b18d50d084e,both_added,added,added,,
1b4d3be133245477bf90eae403001f2d,448e9c7bfaa3ad8021a9d175f6b921ea,method_a_added,added,unknown,,
1b4d3be133245477bf90eae403001f2d,4d8e2636455ac340f04411a719120642,method_a_added,added,unknown,,
1b4d3be133245477bf90eae403001f2d,6106eb9101581da2a5f55d751c88dbe8,both_added,added,added,,
1b4d3be133245477bf90eae403001f2d,683557dcc32eeb3d288fe3740b0e6f2b,method_a_added,added,unknown,,
1b4d3be133245477bf90eae403001f2d,c894957d5286a05d516c2f81e3ae6e10,method_a_added,added,unknown,,
1b4d3be133245477bf90eae403001f2d,ce459a2832e02d42aae192b69f666407,both_added,added,added,,
1b4d3be133245477bf90eae403001f2d,e5edc26bccceccb12f936c699ad0411e,method_a_added,added,unknown,,
1b4d3be133245477bf90eae403001f2d,e87eb48877d1c7de9709ec2d94dc2771,both_added,added,added,,
1b4d3be133245477bf90eae403001f2d,ec789f0f926b6cccb1a15984b6464223,both_added,added,added,,
1b4d3be133245477bf90eae403001f2d,f2aae995fce1fe0eb5f787837abedd7c,both_added,added,added,,
1b8caac2a86996b4ef79ef97f67b44c2,e7f2d11d984a1cc0b2ec0bbb2cec668e,pair_formed_naturally,exact,exact,1.0,1.0
1bced4ec7f7f42b1c45e69fca83aba77,d1f2d01fd5164616931ca1fd8d86487a,pair_formed_naturally,exact,exact,1.0,1.0
1c35d30a13bcfbfbb7010262fe6b6123,76c3f3f6c82afc6519f1f99ef47e914c,pair_formed_naturally,exact,exact,1.0,1.0
1c35d30a13bcfbfbb7010262fe6b6123,89f5be5a4ccea507ff6796cf92fb6ba4,pair_formed_naturally,exact,unknown,1.0,
1c35d30a13bcfbfbb7010262fe6b6123,bbd552d4ef9aeb85b9025767bb88858e,pair_formed_naturally,exact,exact,1.0,1.0
1c47a80871a0af10de3f8393187b1dad,5161f81d81b09a51cd079272f167d073,pair_formed_naturally,exact,exact,1.0,1.0
1c47a80871a0af10de3f8393187b1dad,5fb93018c266960abe7122c3fef97b52,pair_formed_naturally,exact,exact,1.0,1.0
1c5935ad650f34552a0aea8328a76679,1c5935ad650f34552a0aea8328a76679,both_added,added,added,,
1c5935ad650f34552a0aea8328a76679,48b771b6c3db702f8abca2abdf7c7e1a,both_added,added,added,,
1c5935ad650f34552a0aea8328a76679,4f1c9794c8a92fdf0377b40fea47dfbd,method_a_added,added,unknown,,
1c5935ad650f34552a0aea8328a76679,5a18a40d3fbffe090d12abd76f7eba37,both_added,added,added,,
1c5935ad650f34552a0aea8328a76679,6e58d72f983ab8aac90eb7aee8eb7ccd,method_a_added,added,signature_changed,,0.97
1c5935ad650f34552a0aea8328a76679,76516c7cd9b0344096801a5bd5694217,both_added,added,added,,
1c5935ad650f34552a0aea8328a76679,a600ea0587ff577ddb98e7ea0a8354cd,method_a_added,added,signature_changed,,0.98
1c5935ad650f34552a0aea8328a76679,d1e2eeaf86a4bb2b51028f6bbe679cce,method_a_added,added,signature_changed,,0.97
1c6d219863f1c8b60503041d3161a67e,716c1c26da396618831f4dc5350f4fb0,pair_formed_by_refactoring,signature_changed,signature_changed,0.98,0.95
1c6d219863f1c8b60503041d3161a67e,945ad9628df1cb200971a4253840899f,pair_formed_by_refactoring,signature_changed,signature_changed,0.98,0.97
1c6d219863f1c8b60503041d3161a67e,b6ffe1aece897da155f463a578f65318,method_b_added,signature_changed,added,0.98,
1c6d219863f1c8b60503041d3161a67e,c7066108e5bcd8726a490228080fa865,pair_formed_by_refactoring,signature_changed,unknown,0.98,
1c72aa73afebf2e36300c4bf159f2a7e,9830ab6cdb05dbbdbb54b17637c57ae3,pair_formed_by_refactoring,exact,signature_changed,1.0,0.88
1d1877e2f1c4262ad2c0225c875de1c7,7b2910b2b35329d107073213846e25a2,pair_formed_naturally,exact,exact,1.0,1.0
1d1877e2f1c4262ad2c0225c875de1c7,c6f023ca1dc77c1c3467897758af2780,pair_formed_by_refactoring,exact,signature_changed,1.0,0.94
1d1877e2f1c4262ad2c0225c875de1c7,f491c926aeeb1e27e771df4423243c33,pair_formed_by_refactoring,exact,signature_changed,1.0,0.92
1d1b322e0112e2dc6b6971bfcdd11340,abb5c87b5e80d3980d041972a0fde583,method_b_added,exact,added,1.0,
1d1cea2075122e27f061aa0f4a3474e8,4c43e1fda4c357fbf432a17c6905bbd6,pair_formed_naturally,exact,exact,1.0,1.0
1d1cea2075122e27f061aa0f4a3474e8,d10c4671be8170e0880f1aa5e89fac34,pair_formed_naturally,exact,exact,1.0,1.0
1d2ffc624982142eab7d7133f1706aca,53fe11de0a8224ae37246e01b49c11ca,pair_formed_naturally,exact,unknown,1.0,
1d370da1953d4eff88a29752fbb42475,4ec4a71c0bad04c9124144ab4389f342,pair_formed_naturally,exact,exact,1.0,1.0
1d5e64c03a7d8242ad0f6ad9c571836a,9478e45ef8cabb422b6f3216a4a2563a,pair_formed_by_refactoring,signature_changed,signature_changed,0.98,0.96
1d9093411ad5b0276ce95c9d17ce88b2,677dd55bb0dff6c82e2be9d1637d11cd,pair_formed_naturally,exact,exact,1.0,1.0
1d92c0c2217bfc0b647cbdbfa7854fd0,b023d247f46c87880e90b894fb14037e,pair_formed_naturally,exact,exact,1.0,1.0
1db2cc65ae1f24ebbb37d4a1c10b2dd7,1f743103d3380aa9d3c92d9ebd14e76d,both_added,added,added,,
1db2cc65ae1f24ebbb37d4a1c10b2dd7,2393af82e5d40eff99de742f07c38735,both_added,added,added,,
1db2cc65ae1f24ebbb37d4a1c10b2dd7,2d0c904d27485250e394d2f2695df276,both_added,added,added,,
1db2cc65ae1f24ebbb37d4a1c10b2dd7,31a9e27fe659ac578c393ac0db97f111,both_added,added,added,,
1db2cc65ae1f24ebbb37d4a1c10b2dd7,43570c3cb2b5d76ab410dc285c88844e,both_added,added,added,,
1db2cc65ae1f24ebbb37d4a1c10b2dd7,4f36c54372d716ebdf491eaa9d1e9f7b,both_added,added,added,,
1db2cc65ae1f24ebbb37d4a1c10b2dd7,536b3d37d76f35b22425855b7add108f,both_added,added,added,,
1db2cc65ae1f24ebbb37d4a1c10b2dd7,61ffd9f2892c973b6be681d09a437d6e,both_added,added,added,,
1db2cc65ae1f24ebbb37d4a1c10b2dd7,79e5a30fe83f456300019bceeaffabc3,both_added,added,added,,
1db2cc65ae1f24ebbb37d4a1c10b2dd7,848cc34d634892c33464d56a91b27d31,both_added,added,added,,
1db2cc65ae1f24ebbb37d4a1c10b2dd7,867a312ce5320ce4d6f665f8c3b5a25c,both_added,added,added,,
1db2cc65ae1f24ebbb37d4a1c10b2dd7,9ed6c4a94ab3e55aec855688eb9af892,both_added,added,added,,
1db2cc65ae1f24ebbb37d4a1c10b2dd7,9f97ad616ecec19c84301474da53b1e9,both_added,added,added,,
1db2cc65ae1f24ebbb37d4a1c10b2dd7,a06a757a5f8434dbd1a7244bc9e9aac7,both_added,added,added,,
1db2cc65ae1f24ebbb37d4a1c10b2dd7,b55e54f8f1e0e7c199eba82e5596b366,both_added,added,added,,
1db2cc65ae1f24ebbb37d4a1c10b2dd7,c0e786e282eb8bf28f18add960f158ca,both_added,added,added,,
1db2cc65ae1f24ebbb37d4a1c10b2dd7,d94abc308f54af93bbdde0a2fcb703c3,both_added,added,added,,
1db2cc65ae1f24ebbb37d4a1c10b2dd7,de02b943529137359129494fa4c891d0,both_added,added,added,,
1db2cc65ae1f24ebbb37d4a1c10b2dd7,e9b0da10b94507473458c0088affba57,both_added,added,added,,
1db2cc65ae1f24ebbb37d4a1c10b2dd7,f97eb40d7cb98c2ec9244b3196a2c0a0,both_added,added,added,,
1db2cc65ae1f24ebbb37d4a1c10b2dd7,fe165ba2bf445893d15bb207424d673c,both_added,added,added,,
1deb559fb01177335a7d8ac261e3a7c6,810cd56fb868b5b79caafed2819d3a1d,pair_formed_naturally,exact,exact,1.0,1.0
1e15fa64ace5cfb4e788781eec980887,4730b646c623eb6d2a5e5b3926c30889,pair_formed_by_refactoring,signature_changed,exact,0.98,1.0
1e15fa64ace5cfb4e788781eec980887,e5bd2be0d39268d017e306ba127353d5,pair_formed_by_refactoring,signature_changed,exact,0.98,1.0
1e48fbc6f48fd14b1ddbcc47248a72b9,70b7fb3f8d9312acd50e682334e92cc2,pair_formed_by_refactoring,signature_changed,exact,0.89,1.0
1e48fbc6f48fd14b1ddbcc47248a72b9,feb2fd753037a96eb66fc8efffda5230,pair_formed_by_refactoring,signature_changed,exact,0.89,1.0
1e59be9cf04e77aa9cd5aea26a768c81,910c6251cb4ccb0d97154438ffe1ceb5,both_added,added,added,,
1e59be9cf04e77aa9cd5aea26a768c81,c13f2516697c4d7c7c3e5c230a77197e,method_a_added,added,unknown,,
1e59be9cf04e77aa9cd5aea26a768c81,c5a72a318ac0c190d3fe9d3b97f5ba62,method_a_added,added,unknown,,
1e59be9cf04e77aa9cd5aea26a768c81,d6d6c0810cbd7f94127b32aa11b18fdc,both_added,added,added,,
1e59be9cf04e77aa9cd5aea26a768c81,edda894e130693e415f4972f242567ad,method_a_added,added,unknown,,
1e59be9cf04e77aa9cd5aea26a768c81,f32651105c9bfb2580594981576891e0,both_added,added,added,,
1e6e72cb38c4ca1088b1545e32c4dfa9,bf8c6d9fa6ddb1d1bc9fdb86f536d538,pair_formed_by_refactoring,exact,signature_changed,1.0,1.0
1e9127db11fb79eedb86506831db3fb9,244b052e5e3b2e7f8b5da57f8036fe29,pair_formed_naturally,unknown,exact,,1.0
1e9127db11fb79eedb86506831db3fb9,80d53e251b5bf08896b75629ec0a919c,pair_formed_naturally,unknown,unknown,,
1e9127db11fb79eedb86506831db3fb9,abb849ab076d28a1d751641a7f57797b,pair_formed_naturally,unknown,unknown,,
1e9127db11fb79eedb86506831db3fb9,eecdbfbdf18397c080054695eec43d80,pair_formed_naturally,unknown,exact,,1.0
1ede094566df49d4fc9736372f9f8fb1,21e428786c415c0de06bc35111657eec,pair_formed_naturally,exact,exact,1.0,1.0
1ef3471698c03e7c67d10a609ab00a67,4c5bc290c336108463588230e81a085d,method_b_added,exact,added,1.0,
1ef3471698c03e7c67d10a609ab00a67,da7d9ba9f6a249f050179641b56dfa42,pair_formed_naturally,exact,exact,1.0,1.0
1f09d69aa6f1d359869037b250aa76c5,3a4c7c77b03af6f7e08db441416031af,method_b_added,exact,added,1.0,
1f141459c05485be3e7ab4eda2712f90,7f1723674384e0ba656c6ca833288b08,pair_formed_naturally,exact,exact,1.0,1.0
1f1abe3f4378698999bd75634bc9c0e8,e6fec0d73d95211be51d2f2dfb415ab6,pair_formed_naturally,exact,exact,1.0,1.0
1f22ad04d2d73608e0fd80db83377adb,7e492c9fda0abc140729c416625accfe,pair_formed_naturally,exact,exact,1.0,1.0
1f22ad04d2d73608e0fd80db83377adb,a103ba868b42da9848c95c1f0b93ab30,pair_formed_naturally,exact,exact,1.0,1.0
1f22ad04d2d73608e0fd80db83377adb,c654df1d425134a14c3d66e3be371e26,pair_formed_naturally,exact,exact,1.0,1.0
1f2fbd905ab201be5bc8f166df24a30e,4ca819e9c53e6c89b7c1d31db91f2874,method_b_added,signature_changed,added,0.96,
1f743103d3380aa9d3c92d9ebd14e76d,4771d29c38af73ddd9470cd237de0d7d,both_added,added,added,,
1f743103d3380aa9d3c92d9ebd14e76d,4f36c54372d716ebdf491eaa9d1e9f7b,both_added,added,added,,
1f743103d3380aa9d3c92d9ebd14e76d,536b3d37d76f35b22425855b7add108f,both_added,added,added,,
1f743103d3380aa9d3c92d9ebd14e76d,61ffd9f2892c973b6be681d09a437d6e,both_added,added,added,,
1f743103d3380aa9d3c92d9ebd14e76d,63d1b342e0d939b9a1c2a05cf349f1af,both_added,added,added,,
1f743103d3380aa9d3c92d9ebd14e76d,867a312ce5320ce4d6f665f8c3b5a25c,both_added,added,added,,
1f743103d3380aa9d3c92d9ebd14e76d,9f97ad616ecec19c84301474da53b1e9,both_added,added,added,,
1f743103d3380aa9d3c92d9ebd14e76d,a10c29366272db9db3f5de133e84e28a,both_added,added,added,,
1f743103d3380aa9d3c92d9ebd14e76d,b55e54f8f1e0e7c199eba82e5596b366,both_added,added,added,,
1f743103d3380aa9d3c92d9ebd14e76d,f97eb40d7cb98c2ec9244b3196a2c0a0,both_added,added,added,,
1f7dd1b0da3993bb91e3c9fe082de793,4e216a19395403993cd674555ce359a2,pair_formed_by_refactoring,exact,signature_changed,1.0,1.0
1f8e29c8745bd78c27a2c2ae60df292a,7a7bf166b17633078b44dbafba2c509d,pair_formed_naturally,exact,exact,1.0,1.0
1fb163f21df1cde0bd30270202666074,35d221fe1c5cb34da09f04b9902227b1,both_added,added,added,,
1fb163f21df1cde0bd30270202666074,376765a51272f2a415fb56a6034d01dc,both_added,added,added,,
1fb163f21df1cde0bd30270202666074,645c906bdfb01b8583d15cf9df644ddf,both_added,added,added,,
1fb163f21df1cde0bd30270202666074,7f31a4187d8179669ae214b246ae6ee3,both_added,added,added,,
1fb163f21df1cde0bd30270202666074,85297767ba3a994849e195c0a3f00b89,both_added,added,added,,
1fb163f21df1cde0bd30270202666074,929a29822abed393abd74be01743a2c2,both_added,added,added,,
1fb163f21df1cde0bd30270202666074,99261a993fe00156764686e6183e8f64,both_added,added,added,,
1fb163f21df1cde0bd30270202666074,bbd9f38a8529b1400892ae64a60ccb53,both_added,added,added,,
1fb163f21df1cde0bd30270202666074,bda0e7d94d52f58b6e5623cdcd10282e,both_added,added,added,,
1fb163f21df1cde0bd30270202666074,c1848fc42fb66eed0315371ff3e5b1b8,both_added,added,added,,
1fb163f21df1cde0bd30270202666074,c25052a98d9cf55c9b0ccb0d6d3ff00e,both_added,added,added,,
1fb163f21df1cde0bd30270202666074,c3af34e7307ac63f1d6b15fbeb29e0ec,both_added,added,added,,
1fb163f21df1cde0bd30270202666074,d6e35a94b47b2006697f25118a40b150,both_added,added,added,,
1fb163f21df1cde0bd30270202666074,e9bf1396c1a1cd4d9f9b959e94071271,both_added,added,added,,
1fb163f21df1cde0bd30270202666074,f7ac4ea59a26952f9abae99254116042,both_added,added,added,,
1fb163f21df1cde0bd30270202666074,fda369cd62d9f205f3d65805e7757216,both_added,added,added,,
1fba98c14460be315e3214d59a4979fa,77d0059e4a92381b195fae1b13278760,method_b_added,exact,added,1.0,
1fdf2fa159fbcc8d9e7524de3b00635f,261f458b0dd7a2c62cee4986a10fe0fc,both_added,added,added,,
1fdf2fa159fbcc8d9e7524de3b00635f,34b3845ed1c1ccf329acd32a7917e009,both_added,added,added,,
1fdf2fa159fbcc8d9e7524de3b00635f,5c73425bbd692819cac0b6862e7fd6e8,method_a_added,added,exact,,1.0
1fdf2fa159fbcc8d9e7524de3b00635f,7900e9e9f8124113ba455e93299365cb,both_added,added,added,,
1fdf2fa159fbcc8d9e7524de3b00635f,7db9ea029fdaeec183bdd873d14ea851,both_added,added,added,,
1fdf2fa159fbcc8d9e7524de3b00635f,986d1bebf9bd20ea9c4f3145e2b1f64d,both_added,added,added,,
1fdf2fa159fbcc8d9e7524de3b00635f,be4b4254ff070c9df5f8a4f922f3266b,method_a_added,added,exact,,1.0
1fdf2fa159fbcc8d9e7524de3b00635f,dc2d893f3a213ba8347e841ee3603faa,method_a_added,added,exact,,1.0
1fdf2fa159fbcc8d9e7524de3b00635f,f43d862f762bba5c9b1fddd4a6081faa,both_added,added,added,,
1ff4f09ea7a575ccc969e342f09d8ba3,d036dc082da63fef20bf78b2a0862eae,pair_formed_naturally,exact,exact,1.0,1.0
2006a2a854c1d1d77f4bc6187a8e9b68,66de0f82cf796bb5de3fb2a3e695d976,pair_formed_by_refactoring,signature_changed,signature_changed,1.0,1.0
2006a2a854c1d1d77f4bc6187a8e9b68,a47bc4cf6eaecdeb49e0438c316c33f5,pair_formed_by_refactoring,signature_changed,signature_changed,1.0,1.0
2006a2a854c1d1d77f4bc6187a8e9b68,aad4623d796282d9df97d8ed60f35472,pair_formed_by_refactoring,signature_changed,signature_changed,1.0,1.0
201d90542f147ba800eabf2a8f5b7ae6,7186b296725bcc98a95e90e06765f853,pair_formed_naturally,exact,exact,1.0,1.0
2029c7fb48901294d410ea32a2797293,5997cda6c8d724e1ca35d7e840505e61,pair_formed_naturally,exact,exact,1.0,1.0
204896f0693878a45408dc2fd35403fb,75e107de0c0000628820791aebcd4010,pair_formed_by_refactoring,exact,signature_changed,1.0,0.98
206c2aef562ebc2417b72eacc414db97,456bdb3fa6ace9fca9221feafad0edb6,pair_formed_naturally,unknown,unknown,,
206c2aef562ebc2417b72eacc414db97,565b93d17285d8f956578df47719f758,pair_formed_naturally,unknown,unknown,,
206c2aef562ebc2417b72eacc414db97,d36791934f3b32400236665f3d4bc07b,pair_formed_naturally,unknown,unknown,,
206c2aef562ebc2417b72eacc414db97,dd2852227e537fafda2ed57fff635e25,pair_formed_naturally,unknown,unknown,,
206c2aef562ebc2417b72eacc414db97,fb5b4978e88cd9df4b2ea00ce5ebdb1a,pair_formed_naturally,unknown,unknown,,
20c133bd85e107c28228ffe9abf4adae,6cca3b85ac47eafe20e73a744aa17caf,pair_formed_naturally,exact,exact,1.0,1.0
20c133bd85e107c28228ffe9abf4adae,ae676562dd961dd747ddace55f24483a,pair_formed_naturally,exact,exact,1.0,1.0
20cf2d79227d50a4f673feeed483d073,4c2a226c05275c771d6d957d135c7fea,both_added,added,added,,
20cf2d79227d50a4f673feeed483d073,63cf86aa8f00483221555d97e8c6ccbf,both_added,added,added,,
20cf2d79227d50a4f673feeed483d073,6a7f5ff621d20a43a9d19340bef3db1a,both_added,added,added,,
20cf2d79227d50a4f673feeed483d073,a803cf16a8bbfb4ae761b37a542e1416,both_added,added,added,,
20cf2d79227d50a4f673feeed483d073,c23d5f76ef396a0f520ca6c677dccc1f,both_added,added,added,,
20e9d0d6eaee117babd6051247db28e9,3c71787a24034aca4ec90100f20d44a5,pair_formed_naturally,exact,exact,1.0,1.0
20e9d0d6eaee117babd6051247db28e9,a30db4fd0a8bb30e52f61b04e79eb43b,pair_formed_naturally,exact,exact,1.0,1.0
20faea840cbc2045d13b575df00f6380,abb849ab076d28a1d751641a7f57797b,pair_formed_by_refactoring,signature_changed,unknown,0.92,
21340afb3e1f9d1c1d1eab9590ffcfd3,46d19f1f7aad0fa7997adcd3126b5e52,pair_formed_by_refactoring,exact,signature_changed,1.0,0.91
213cca27aa9907f07c722eea5859bda8,85c3fe821e43209eab5111553ab0801e,pair_formed_naturally,exact,exact,1.0,1.0
2154c93522fcf8d9268194a0b6a261a6,403d53a04f23441f342c9ffc25aee3ea,pair_formed_by_refactoring,signature_changed,signature_changed,0.96,0.96
2154c93522fcf8d9268194a0b6a261a6,f0a257484985c72325f25a5f5df42930,pair_formed_by_refactoring,signature_changed,signature_changed,0.96,1.0
21740ec90abd5fd24396158afb59f3e4,591d98261350b2fe8733c958daa4a979,pair_formed_naturally,exact,exact,1.0,1.0
2183c3f25df94f3e031bc568e0104d45,b1d924b55531419941c8095987ed0e4a,pair_formed_by_refactoring,signature_changed,signature_changed,1.0,1.0
219af45eb5d123550391d986403a1479,611546332b2dad4e14477d5c4da7d5d1,both_added,added,added,,
219af45eb5d123550391d986403a1479,e8a63e8fd49984e307ce243b4e6eca92,both_added,added,added,,
21b7a4e2957417489b193caa56a9c9c2,79251998c3908730a4a5a9e94a859a99,method_a_added,added,exact,,1.0
21c2ceab6c069fca3ac7467ba571ebeb,e99f299fb9fbbe94f7f3d7361ca45ac1,both_added,added,added,,
21c84d80cd4ce8dc8fce1a92a30e70ca,e6dc3d85979107eebcc0a7edae3b87a4,pair_formed_naturally,exact,exact,1.0,1.0
21cc47122c6a84d4f3196c458039d46e,7c5cbc2ae206d166d55dc96c5d5a7c27,method_a_added,added,signature_changed,,0.86
21cc47122c6a84d4f3196c458039d46e,bc6d3e218c14a0b591d928a0d632d9d0,method_a_added,added,signature_changed,,0.89
21cc47122c6a84d4f3196c458039d46e,ece3b48f2d1f4fb3bf76a695c250ca74,method_a_added,added,exact,,1.0
21ded4a29f4dd26668ced9e44a87694d,343abc47be06a73e74ad8e4a5ba62dc5,pair_formed_naturally,exact,exact,1.0,1.0
21e428786c415c0de06bc35111657eec,8ed06bfd9e176f49999cb63bae4e99e5,pair_formed_naturally,exact,exact,1.0,1.0
21f319c7e65d01d3cf679c377cb3ed44,abb5c87b5e80d3980d041972a0fde583,method_b_added,exact,added,1.0,
21fd69e208ef76651b70e22cb05c6f9e,32ec77f1883282dbc56e71184ca2ce53,pair_formed_naturally,exact,exact,1.0,1.0
21fd69e208ef76651b70e22cb05c6f9e,540b0a8ff5f1b91aa5eac47fdf20cdc7,pair_formed_naturally,exact,exact,1.0,1.0
220e8a6aaea6383bba38499958521c50,a2d721542ed1ddff3b3fe61ef2f020e6,both_added,added,added,,
2220351f3585baf81888943dfecb2dcd,5fc4716027c57b8623be96fdf0d8e860,pair_formed_by_refactoring,signature_changed,signature_changed,1.0,1.0
223029ca7cef5c46fbf63b14520ef09b,23760825e8b00452b8d7568583f55940,pair_formed_by_refactoring,renamed,exact,0.93,1.0
223029ca7cef5c46fbf63b14520ef09b,2ea140cbcbb8b8a78943465526e6a17b,pair_formed_by_refactoring,renamed,exact,0.93,1.0
223029ca7cef5c46fbf63b14520ef09b,666c534c53d59fba7e0739b99cff7b9b,pair_formed_by_refactoring,renamed,exact,0.93,1.0
223029ca7cef5c46fbf63b14520ef09b,788a1cdded1edb09066831ccfa139b53,pair_formed_by_refactoring,renamed,exact,0.93,1.0
223029ca7cef5c46fbf63b14520ef09b,9da2c0cd74961a437f521a8dce68c6ae,pair_formed_by_refactoring,renamed,exact,0.93,1.0
223029ca7cef5c46fbf63b14520ef09b,cb8ce96c2471ad2fe47208c1066bff41,pair_formed_by_refactoring,renamed,exact,0.93,1.0
22444fd188d31a0e91a84186907c99ec,f6b2ba98f5d84e620d69ae2aa1efd9e6,pair_formed_by_refactoring,exact,signature_changed,1.0,1.0
2245385a2e0c1366ae4c36b15cb104c0,668d2ba48d56b7b54f50f2177aaaeed3,pair_formed_naturally,exact,exact,1.0,1.0
22594661a725d5f7f6f715265b946b19,e14556235dfad5570e44bb1db0b7d956,method_a_added,added,exact,,1.0
2278344f03bf7623ec164f2e23b466cc,adbe4ab1a77d5841d1ca4c53ea4826e0,pair_formed_naturally,exact,exact,1.0,1.0
227c93c84f88b637ececa62191c9b546,8a3b308279b5e80ab92d1f6e667bc488,pair_formed_by_refactoring,signature_changed,signature_changed,0.97,0.98
2286e1603616f43f76eccd3c70cf3103,32634cd31f6884aa48cd793cf724c7a1,method_a_added,added,signature_changed,,0.94
2286e1603616f43f76eccd3c70cf3103,8e6cb011fb44496bac5bcf22d06cdc63,method_a_added,added,signature_changed,,0.96
228b1b237e839625a6e560be597f6f8c,64278cbc9a797465d7e49a697028365f,pair_formed_naturally,exact,exact,1.0,1.0
229155b68ed01da62bef87cc979cc75d,c49c6ccf8ba91d2e5b1cd6d02a68f839,pair_formed_naturally,exact,exact,1.0,1.0
229d7de927489456ab3f543ab17db769,8cf27ac896fe74ffe3ecfeb947593c11,pair_formed_naturally,exact,exact,1.0,1.0
229d7de927489456ab3f543ab17db769,b268ce7bb21cef9377c01aef0e5a8d76,pair_formed_by_refactoring,exact,signature_changed,1.0,0.98
22baae81451a0fac31e8e6b02d36940d,5cda7ef1f7233d2006a052af6eab75c6,pair_formed_naturally,exact,exact,1.0,1.0
22c2ba2c22e3fc01fe48f56b77780bc2,8dd481d96fe90995d930c9c9b904f7ff,pair_formed_naturally,exact,exact,1.0,1.0
22d2a999882d848d8d4ab5529ff4c6a9,d54d15d5d4543c4ea2b36f4657e9518d,pair_formed_by_refactoring,exact,signature_changed,1.0,1.0
22d3bd777102c19fd25c7bab86d3640e,2ba13b589e8e82b24c525989c049acd7,method_b_added,refactored,added,0.72,
22d3bd777102c19fd25c7bab86d3640e,a5ea5c1765a40f2dcc37a1ecbff62f44,pair_formed_by_copy,refactored,exact,0.72,1.0
22e130b30d9d1a68af81bc65ffa99d23,979026da9bd104f63ae96c03497cc4c7,pair_formed_by_refactoring,exact,renamed,1.0,0.98
2307cff191b8056981f1e3d35e2c5640,9ae67795f5486b5d9815aea861a5e869,method_b_added,exact,added,1.0,
230be82dd620935bd4b644cdb2f1b529,67b3c6f614a9ef916922f41c19b42606,both_added,added,added,,
230be82dd620935bd4b644cdb2f1b529,a58aaf5ac3a547c9cf3f31afbe88aa52,method_a_added,added,exact,,1.0
231285109c7fa3c29baac9f0bd324bf4,7570833a41bd40db24838c3784e76bec,pair_formed_naturally,exact,exact,1.0,1.0
234e5884d1db6424e978c2dfe0239640,87de06c0d42a83e5d899915769f593ab,pair_formed_by_refactoring,signature_changed,exact,1.0,1.0
2375ab08e25604cd3cbd52bd9e825d89,c499a1b83b922175be88f3ddd88a2305,pair_formed_naturally,exact,exact,1.0,1.0
2393af82e5d40eff99de742f07c38735,40d0ec9fa78ee725443ebf8833bf53f3,both_added,added,added,,
2393af82e5d40eff99de742f07c38735,43570c3cb2b5d76ab410dc285c88844e,both_added,added,added,,
2393af82e5d40eff99de742f07c38735,4f36c54372d716ebdf491eaa9d1e9f7b,both_added,added,added,,
2393af82e5d40eff99de742f07c38735,536b3d37d76f35b22425855b7add108f,both_added,added,added,,
2393af82e5d40eff99de742f07c38735,61ffd9f2892c973b6be681d09a437d6e,both_added,added,added,,
2393af82e5d40eff99de742f07c38735,62f6bf9e619e21155308049b74cf67ed,both_added,added,added,,
2393af82e5d40eff99de742f07c38735,63d1b342e0d939b9a1c2a05cf349f1af,both_added,added,added,,
2393af82e5d40eff99de742f07c38735,825edbdc707b51573725e62658f2b56b,method_a_added,added,exact,,1.0
2393af82e5d40eff99de742f07c38735,867a312ce5320ce4d6f665f8c3b5a25c,both_added,added,added,,
2393af82e5d40eff99de742f07c38735,9f97ad616ecec19c84301474da53b1e9,both_added,added,added,,
2393af82e5d40eff99de742f07c38735,b55e54f8f1e0e7c199eba82e5596b366,both_added,added,added,,
2393af82e5d40eff99de742f07c38735,da352c94abea9d4f9b49f409000a2f2f,both_added,added,added,,
2393af82e5d40eff99de742f07c38735,f4deb3f50ea83bdf3928a0596d517b4a,both_added,added,added,,
2393af82e5d40eff99de742f07c38735,f97eb40d7cb98c2ec9244b3196a2c0a0,both_added,added,added,,
240c1b055d063acee9c8a8adc5a7a8bf,cdb8e9db0d19e6660ded18c674a79098,pair_formed_naturally,exact,exact,1.0,1.0
242d04a0338f3a4845083d700a20b028,9701b5f1423cb857434df64ecdc454e2,both_added,added,added,,
244b052e5e3b2e7f8b5da57f8036fe29,80d53e251b5bf08896b75629ec0a919c,pair_formed_naturally,exact,unknown,1.0,
244b052e5e3b2e7f8b5da57f8036fe29,abb849ab076d28a1d751641a7f57797b,pair_formed_naturally,exact,unknown,1.0,
244b052e5e3b2e7f8b5da57f8036fe29,eecdbfbdf18397c080054695eec43d80,pair_formed_naturally,exact,exact,1.0,1.0
24c2ee2f12ae7262b38f34dac912741d,a09f39e2dee9828f96e8316ce2549334,both_added,added,added,,
24c2ee2f12ae7262b38f34dac912741d,df0625b5ef7e4df90670c679506e82ef,both_added,added,added,,
24f66916cf79cb460efb3b4fc7b360c0,cece51372fc4e141f5c17b17c27b277f,pair_formed_naturally,exact,exact,1.0,1.0
24f66916cf79cb460efb3b4fc7b360c0,dc217935aa6723207e25cbabcef6d96d,pair_formed_naturally,exact,exact,1.0,1.0
25358373131b65f5889d7977a70c99fd,6e6f0ff418f870e2c1142ab6a611e077,pair_formed_naturally,exact,exact,1.0,1.0
259e86d655a6ecbce2fd072a5f947139,bb9a9668745e7074efefcb98fe51625f,both_added,added,added,,
25a7be9176487b6464e0ca342579e129,3670a65aeefad833ed596014a84f3015,pair_formed_naturally,exact,exact,1.0,1.0
25a7be9176487b6464e0ca342579e129,9277f06eb65afd827bcfd4e67d41a506,pair_formed_naturally,exact,exact,1.0,1.0
25a7be9176487b6464e0ca342579e129,e2259295c97a28b55c01dd1ccee10335,pair_formed_naturally,exact,exact,1.0,1.0
25dc64c5608a5cc14b648694edc0af69,c5b387877698b95adbd2faff4557f279,both_added,added,added,,
25dc64c5608a5cc14b648694edc0af69,e96e9702db87c221c805a705a5db7ec8,both_added,added,added,,
25dc64c5608a5cc14b648694edc0af69,f95e525fb7a00ea68401698b63b0278d,both_added,added,added,,
25dcac82f41505b96b1da28558ef8abf,abb5c87b5e80d3980d041972a0fde583,method_b_added,exact,added,1.0,
25e9e2fa8be055ebea05acdb0b806cee,45afd81b620750e075ae10a555883deb,pair_formed_by_refactoring,signature_changed,signature_changed,1.0,1.0
25e9e2fa8be055ebea05acdb0b806cee,53b29dca6fdb0597708cb2ecd1d24113,pair_formed_by_refactoring,signature_changed,signature_changed,1.0,1.0
25ff310cb8cff37122080791a7c0a176,2dd1840457174d82624fa254581fe643,pair_formed_by_refactoring,signature_changed,signature_changed,1.0,1.0
25ff310cb8cff37122080791a7c0a176,390f1039d8da1cfefe3a474b821767c7,pair_formed_by_refactoring,signature_changed,signature_changed,1.0,1.0
25ff310cb8cff37122080791a7c0a176,92f04b56f3b87018a39c39fccb96c99f,pair_formed_by_refactoring,signature_changed,signature_changed,1.0,1.0
25ff310cb8cff37122080791a7c0a176,99266b38dd8df9f5d6d8beb14a0038ee,pair_formed_by_refactoring,signature_changed,signature_changed,1.0,1.0
25ff310cb8cff37122080791a7c0a176,9ae60a2bd1dd54069ec51b8b1397adc8,pair_formed_by_refactoring,signature_changed,signature_changed,1.0,1.0
25ff310cb8cff37122080791a7c0a176,ce9296a44b9f8519ce4b624b815a3267,pair_formed_by_refactoring,signature_changed,signature_changed,1.0,1.0
25ff310cb8cff37122080791a7c0a176,f166de7c43fcf5f1de935f5bf62498e6,pair_formed_by_refactoring,signature_changed,signature_changed,1.0,1.0
25ff310cb8cff37122080791a7c0a176,f1aa57e9fba6e9640f72bb08dfa32fe2,pair_formed_by_refactoring,signature_changed,signature_changed,1.0,0.97
260ce3c930b57f9d5782a2727f80288c,9419abefc2b25a57f50f043a237973c4,method_a_added,added,exact,,1.0
26113915a20732d54a4c0fe0860ec576,b1722c682f4983b0356cc54bc496cd13,method_b_added,exact,added,1.0,
261706ae0082431549b3b1d481ab8b42,fbe4238db71e4e6e122ef216c1575700,pair_formed_naturally,exact,exact,1.0,1.0
261f458b0dd7a2c62cee4986a10fe0fc,34b3845ed1c1ccf329acd32a7917e009,both_added,added,added,,
261f458b0dd7a2c62cee4986a10fe0fc,43ddf74752c407ccb09db4aaad294c9b,both_added,added,added,,
261f458b0dd7a2c62cee4986a10fe0fc,5c73425bbd692819cac0b6862e7fd6e8,method_a_added,added,exact,,1.0
261f458b0dd7a2c62cee4986a10fe0fc,7900e9e9f8124113ba455e93299365cb,both_added,added,added,,
261f458b0dd7a2c62cee4986a10fe0fc,7db9ea029fdaeec183bdd873d14ea851,both_added,added,added,,
261f458b0dd7a2c62cee4986a10fe0fc,986d1bebf9bd20ea9c4f3145e2b1f64d,both_added,added,added,,
261f458b0dd7a2c62cee4986a10fe0fc,bab09ec669df9914561104286f6d3f9f,both_added,added,added,,
261f458b0dd7a2c62cee4986a10fe0fc,be4b4254ff070c9df5f8a4f922f3266b,method_a_added,added,exact,,1.0
261f458b0dd7a2c62cee4986a10fe0fc,dc2d893f3a213ba8347e841ee3603faa,method_a_added,added,exact,,1.0
261f458b0dd7a2c62cee4986a10fe0fc,f43d862f762bba5c9b1fddd4a6081faa,both_added,added,added,,
26295737e2e361d28717bfe318c7d3a2,8d78bf5f25413643f80363e7a79b82b6,pair_formed_by_refactoring,signature_changed,exact,0.97,1.0
268b4a6f99d080dde02ebcd55ad92e54,94a5f0283485dd767de6e5db5d95c3f5,both_added,added,added,,
268d747ba9ea2e7830fd64a71dec1827,9ea37de9fa3daa8c33755ace016743ab,pair_formed_naturally,exact,exact,1.0,1.0
2697432d7e71110db35220d6f8efc882,5c4f05ab62133a4a2232f207e804d86f,pair_formed_naturally,exact,exact,1.0,1.0
2697432d7e71110db35220d6f8efc882,9e75a35b48bf6c2c78c1d05148b4af34,pair_formed_naturally,exact,exact,1.0,1.0
2697432d7e71110db35220d6f8efc882,c092ed362ba6ad8e7d5cbc0530b659cb,pair_formed_naturally,exact,exact,1.0,1.0
2697432d7e71110db35220d6f8efc882,d039f768dd43b73a571268ab9d49f649,pair_formed_naturally,exact,exact,1.0,1.0
2697432d7e71110db35220d6f8efc882,f8a7fe1d0848c0bbc5a2e92fe82a0b9e,pair_formed_naturally,exact,exact,1.0,1.0
26c8d775309a3eda06e8a692914aa1f0,a498738e0b8c830e979d277701298876,pair_formed_naturally,exact,exact,1.0,1.0
26c8d775309a3eda06e8a692914aa1f0,baf909de2b23cb3a6880626b6447ab31,pair_formed_naturally,exact,exact,1.0,1.0
26c8d775309a3eda06e8a692914aa1f0,e1702a91e8ee58c6df2ab82f76d88794,pair_formed_naturally,exact,exact,1.0,1.0
26d5b6d91ca992b8f12cadfea0723f7a,4823fdeb763b5ed9bc6bc97f7f061841,pair_formed_naturally,exact,exact,1.0,1.0
2703d2bbcc409b7fbaa9faf510e3d4d6,879f696e6c6b8a65d754b93c90e881ec,pair_formed_naturally,exact,exact,1.0,1.0
2703d2bbcc409b7fbaa9faf510e3d4d6,9d8b25077904644a798b2e3d7c11047a,pair_formed_naturally,exact,exact,1.0,1.0
2706b8bc382e9eff9ac9a051ece2d70a,79b67dca982c04e1ab0f7c3a26cd93b3,pair_formed_by_refactoring,exact,signature_changed,1.0,1.0
270833e97710ef2a2f38f9910b440092,dc2c80f4da8e0943b841f07924b92ca7,pair_formed_naturally,exact,exact,1.0,1.0
2709e021064d961d7cf9d7893e0a0dc6,dcf322c0e3ca5bdf15dc138082223db1,method_b_added,refactored,added,0.78,
27b3d5d430338680d58c1c66161de5cb,608eedd8710e668c7fb973d4797e3ab6,both_added,added,added,,
27b3d5d430338680d58c1c66161de5cb,88f861d78f7d099911d04c50582d4cae,both_added,added,added,,
27b3d5d430338680d58c1c66161de5cb,a83c8e50d89771f2b4326dfcf0ad300b,both_added,added,added,,
27b3d5d430338680d58c1c66161de5cb,cc18f108b1a774d0b2458c949fe3da4c,method_a_added,added,signature_changed,,0.95
27b3d5d430338680d58c1c66161de5cb,daffa6893d6a05ffffa53019d5220b46,method_a_added,added,exact,,1.0
27b6a13f28d5866929bea54fd5aeecef,f2a0655ea45625da59ef9bc7a74be996,pair_formed_naturally,exact,exact,1.0,1.0
27ec5055c0beca13af7d575fc91e50ca,aff4ce119cd899b284e0d3298c69ad8a,both_added,added,added,,
27f777cfe25e62c699ee66a5a2b59efb,6dd3e877ab4c0a573cccd00c33e9d7c3,method_a_added,added,exact,,1.0
27f777cfe25e62c699ee66a5a2b59efb,e7506aaf53141b2c04069a9eb4cf3f5b,method_a_added,added,exact,,1.0
28071d4aee6c2b9789891fa4d16fdfd2,f1b42d2ce501391e370975e3b16f516c,pair_formed_by_refactoring,exact,signature_changed,1.0,1.0
2811e6a6d51bc683c797e3a62019fb3c,f13e6151c63d5d095584399c47587f09,pair_formed_naturally,exact,exact,1.0,1.0
282d1c315e2fcc3a762119727b7b7c32,b6bd40593dc738b45f7a1fe7cb0e5d53,pair_formed_by_refactoring,signature_changed,signature_changed,1.0,1.0
283f8cff7fea23ec1fa0da6a944981c1,81222283f935bf2261985705d5ae03f8,pair_formed_naturally,unknown,exact,,1.0
283f8cff7fea23ec1fa0da6a944981c1,92f279e5694d605efc356e4915048988,pair_formed_naturally,unknown,exact,,1.0
286f8adadb7336136732ddfecc6bc8ee,de7796556a9342088cc7c11394e91847,pair_formed_naturally,exact,exact,1.0,1.0
2891bb82e877e77bb95feb99b34f7c94,6042c055977891cb755997d6c2ce6417,pair_formed_by_refactoring,signature_changed,signature_changed,0.93,0.95
2895243c11a57980706291a1140e979f,6c7b723c49dcafa908babc48df7e43fb,both_added,added,added,,
2895243c11a57980706291a1140e979f,e5757767ed01148b66c773f5a8b892a7,method_a_added,added,exact,,1.0
289d454c192fbbc7204acd28d6abccc9,dff6c9f938dc9a6dc394a9cd726f6620,both_added,added,added,,
291636dd87a139f48b0c64455156dfee,bc69545e327daa4ab65399de08973113,pair_formed_naturally,exact,exact,1.0,1.0
291e8f177d306f383548e2ef05a5a579,38c29cd1fad88de29f820c27c5950c24,both_added,added,added,,
291e8f177d306f383548e2ef05a5a579,4c2a226c05275c771d6d957d135c7fea,both_added,added,added,,
291e8f177d306f383548e2ef05a5a579,5e762c0a434da08294da9b20e46fbdec,both_added,added,added,,
291e8f177d306f383548e2ef05a5a579,63cf86aa8f00483221555d97e8c6ccbf,both_added,added,added,,
291e8f177d306f383548e2ef05a5a579,675d9187770225747137a73979f4e32b,both_added,added,added,,
291e8f177d306f383548e2ef05a5a579,69eae7e595cf68a0d0e94e6a348ff9cd,both_added,added,added,,
291e8f177d306f383548e2ef05a5a579,6a7f5ff621d20a43a9d19340bef3db1a,both_added,added,added,,
291e8f177d306f383548e2ef05a5a579,79b67dca982c04e1ab0f7c3a26cd93b3,method_a_added,added,signature_changed,,1.0
291e8f177d306f383548e2ef05a5a579,a803cf16a8bbfb4ae761b37a542e1416,both_added,added,added,,
291e8f177d306f383548e2ef05a5a579,a9fe41055fd18347951a966dc08d870f,both_added,added,added,,
291e8f177d306f383548e2ef05a5a579,aee15359b1ee9e64b14b49bcfd2fc905,both_added,added,added,,
291e8f177d306f383548e2ef05a5a579,c23d5f76ef396a0f520ca6c677dccc1f,both_added,added,added,,
291e8f177d306f383548e2ef05a5a579,edf1ed7a0aa8d1228b1d09d6fc6cdf4c,both_added,added,added,,
291e8f177d306f383548e2ef05a5a579,fcf93a49c95e9d45ac18786e8e9914ad,both_added,added,added,,
293c4dcdb1b49afc0b336071af38f6ad,74078d29961f43d2c59fdefea16299cf,pair_formed_naturally,exact,exact,1.0,1.0
2973e351c234aff4d493702bbb35a204,4301b45fcba9fff854958dd879bfa2e2,pair_formed_by_refactoring,signature_changed,signature_changed,1.0,1.0
2973e351c234aff4d493702bbb35a204,752a2f6a8e94747d6b9c54e399391dd8,pair_formed_by_refactoring,signature_changed,signature_changed,1.0,1.0
29acecfb06ba9244755102fb538556e8,9018d24ad9e537d9528d207174aa75f4,pair_formed_naturally,exact,exact,1.0,1.0
29e6af372721875a509cc20171883d70,42b42ae3c4fb9b475754073551ce3b44,pair_formed_by_refactoring,signature_changed,signature_changed,1.0,1.0
29e6af372721875a509cc20171883d70,e1c34cfb4947f5623cf05b901a89c036,pair_formed_by_refactoring,signature_changed,signature_changed,1.0,1.0
29eb6ec8976d7404283124d77140279c,50eb5a609fb17fb46191aa21fc1c118a,pair_formed_naturally,exact,exact,1.0,1.0
29f4e0a75464a724f50e4e78a7a77cd2,7cc08efc392f615a7b3013470eb7c1c3,pair_formed_naturally,exact,exact,1.0,1.0
29f4e0a75464a724f50e4e78a7a77cd2,f12b2fb4ceead72b6d344f65c5acebab,pair_formed_naturally,exact,exact,1.0,1.0
2a0ae7afbfc42a8c8eb1f7e4f83fa40c,2b8b186a36e4ba66065aa00acecd9ee1,pair_formed_naturally,exact,exact,1.0,1.0
2a0ae7afbfc42a8c8eb1f7e4f83fa40c,3daa74fdbdca2326c6c50e3477ca42e0,pair_formed_naturally,exact,exact,1.0,1.0
2a0ae7afbfc42a8c8eb1f7e4f83fa40c,5b2b0d8a9148ea6b5d2f30661d6577f1,pair_formed_naturally,exact,exact,1.0,1.0
2a0ae7afbfc42a8c8eb1f7e4f83fa40c,82ecd94c9830816c7dfdbf8f36ecbdd6,pair_formed_naturally,exact,exact,1.0,1.0
2a0ae7afbfc42a8c8eb1f7e4f83fa40c,879f696e6c6b8a65d754b93c90e881ec,pair_formed_naturally,exact,exact,1.0,1.0
2a0ae7afbfc42a8c8eb1f7e4f83fa40c,9d8b25077904644a798b2e3d7c11047a,pair_formed_naturally,exact,exact,1.0,1.0
2a20508bea19509c6944eeb99e6fed00,6600f548fe04ff47174835ca41ba823f,pair_formed_by_refactoring,signature_changed,exact,1.0,1.0
2a273b58f5b3c15c94af02b77b24ae71,f55cc880d98de18bdb0181fcd94c33ef,pair_formed_naturally,exact,exact,1.0,1.0
2a2893184283011d4b659fd8ece53aa9,909f395f58d1d62cbf384c6051011a24,both_added,added,added,,
2a32f6254de6c2fa2207e68a31f61ec2,6c95aafef9ca1d1fe040f87e9b85e48b,pair_formed_naturally,exact,exact,1.0,1.0
2a69fe39584e605434f548cb54fa6c83,e82adbf4b8d15737b822bd8603143f54,both_added,added,added,,
2a6e57813491995ac906aefb93301ba1,e92f0dfacb37bbf093dd993c88b31dc3,pair_formed_by_copy,refactored,exact,0.84,1.0
2abfd79b9120c7dc86c56efa4c8c0dce,c72410ad6c172bd3aa6a1a543321b4ea,method_a_added,added,signature_changed,,0.96
2ac516f51616d6eac446d32a62d7bcbb,41edc908fe3f095f2a2b4ae939dbd8d8,pair_formed_naturally,exact,exact,1.0,1.0
2ae09263121f066d7e9ee962b477aa87,78ba79fc3c9aa7e6b4339d3b66f7df61,both_added,added,added,,
2ae48954979ce1558d93bd6a3f3cb988,58a7f3ac3a032840fae380a17402a2ec,pair_formed_naturally,exact,exact,1.0,1.0
2ae5e0b0771a93c212c891145e4159bb,2d78565ce98e523ba6078eaace0cf143,both_added,added,added,,
2ae5e0b0771a93c212c891145e4159bb,3067fe0540ccd7d2e5ac43ca09834175,method_a_added,added,signature_changed,,1.0
2ae5e0b0771a93c212c891145e4159bb,7aaf626bd71f4016eab49a709acf7f80,both_added,added,added,,
2ae5e0b0771a93c212c891145e4159bb,8ba6e044a6a98cfb7263faf7baa58200,method_a_added,added,exact,,1.0
2ae5e0b0771a93c212c891145e4159bb,8e23c01d8790b5cea05e36a00a7ae666,method_a_added,added,exact,,1.0
2ae5e0b0771a93c212c891145e4159bb,d955ae78b0fb617165d7e60cd98e42cf,both_added,added,added,,
2ae5e0b0771a93c212c891145e4159bb,e82adbf4b8d15737b822bd8603143f54,both_added,added,added,,
2b20aadedd7463dda6c36003b26c64aa,a0a19587656f13de06333de246096180,pair_formed_naturally,exact,exact,1.0,1.0
2b5298ccd425562418bfd1baa96c02c6,b1722c682f4983b0356cc54bc496cd13,method_b_added,exact,added,1.0,
2b594ddfcd8c79aa2f647f60f0e05491,c70d651a6996f068b513b2a47538de9b,pair_formed_naturally,exact,exact,1.0,1.0
2b8b186a36e4ba66065aa00acecd9ee1,3daa74fdbdca2326c6c50e3477ca42e0,pair_formed_naturally,exact,exact,1.0,1.0
2b8b186a36e4ba66065aa00acecd9ee1,5b2b0d8a9148ea6b5d2f30661d6577f1,pair_formed_naturally,exact,exact,1.0,1.0
2b8b186a36e4ba66065aa00acecd9ee1,82ecd94c9830816c7dfdbf8f36ecbdd6,pair_formed_naturally,exact,exact,1.0,1.0
2b8b186a36e4ba66065aa00acecd9ee1,879f696e6c6b8a65d754b93c90e881ec,pair_formed_naturally,exact,exact,1.0,1.0
2b8b186a36e4ba66065aa00acecd9ee1,9d8b25077904644a798b2e3d7c11047a,pair_formed_naturally,exact,exact,1.0,1.0
2b8b186a36e4ba66065aa00acecd9ee1,ef3053b10907c50bd5d1abd6973e689d,pair_formed_naturally,exact,exact,1.0,1.0
2bed0152ae3b9d1674c51cd6dc8f964f,45a75b20c1077f38bc17b641f2c915fe,pair_formed_naturally,exact,exact,1.0,1.0
2bfadc014e92c3fd6785137c52ace4e3,2f568b5423efa0c83d8535659029ab18,method_b_added,unknown,added,,
2bfadc014e92c3fd6785137c52ace4e3,3462930821bfbe8e18a51183547922b9,pair_formed_by_refactoring,unknown,signature_changed,,0.98
2bfadc014e92c3fd6785137c52ace4e3,446f42cf67ad096b65df63b6616ba069,method_b_added,unknown,added,,
2bfadc014e92c3fd6785137c52ace4e3,77c674042ba1f8075a46d0772337a33b,method_b_added,unknown,added,,
2bfadc014e92c3fd6785137c52ace4e3,bff152e2eb21b7499d2f93da066029e7,method_b_added,unknown,added,,
2bfadc014e92c3fd6785137c52ace4e3,e6e26290c935d2b459b36a2b8ba564e8,pair_formed_naturally,unknown,unknown,,
2c44fd68e56b64b12c9e800cca79995c,96b965132e56c7906bd57c1d327e3a71,pair_formed_naturally,exact,exact,1.0,1.0
2c44fd68e56b64b12c9e800cca79995c,f6be546363aac1870fdaf4add0933a00,pair_formed_naturally,exact,exact,1.0,1.0
2c4ecb876b877ef6d615fa3a1852f4d2,309f54d91b98fc90f040ef40fef2737a,pair_formed_by_refactoring,signature_changed,signature_changed,0.91,0.91
2c4ecb876b877ef6d615fa3a1852f4d2,34a11399bde6bcdce45d9e980e4555c3,pair_formed_by_refactoring,signature_changed,unknown,0.91,
2c4ecb876b877ef6d615fa3a1852f4d2,979a36d57631821645bd370fabad9883,pair_formed_by_refactoring,signature_changed,exact,0.91,1.0
2c894075faf322204906976fb3b155fb,3b88310ef2977c2750eb8f1a400be730,pair_formed_by_refactoring,signature_changed,signature_changed,0.97,1.0
2d0c904d27485250e394d2f2695df276,40d0ec9fa78ee725443ebf8833bf53f3,both_added,added,added,,
2d0c904d27485250e394d2f2695df276,43570c3cb2b5d76ab410dc285c88844e,both_added,added,added,,
2d0c904d27485250e394d2f2695df276,4771d29c38af73ddd9470cd237de0d7d,both_added,added,added,,
2d0c904d27485250e394d2f2695df276,4f36c54372d716ebdf491eaa9d1e9f7b,both_added,added,added,,
2d0c904d27485250e394d2f2695df276,536b3d37d76f35b22425855b7add108f,both_added,added,added,,
2d0c904d27485250e394d2f2695df276,61ffd9f2892c973b6be681d09a437d6e,both_added,added,added,,
2d0c904d27485250e394d2f2695df276,63d1b342e0d939b9a1c2a05cf349f1af,both_added,added,added,,
2d0c904d27485250e394d2f2695df276,848cc34d634892c33464d56a91b27d31,both_added,added,added,,
2d0c904d27485250e394d2f2695df276,867a312ce5320ce4d6f665f8c3b5a25c,both_added,added,added,,
2d0c904d27485250e394d2f2695df276,9b299d62eabc044ca10d7bc8cc3c6c80,both_added,added,added,,
2d0c904d27485250e394d2f2695df276,9ed6c4a94ab3e55aec855688eb9af892,both_added,added,added,,
2d0c904d27485250e394d2f2695df276,9f97ad616ecec19c84301474da53b1e9,both_added,added,added,,
2d0c904d27485250e394d2f2695df276,a10c29366272db9db3f5de133e84e28a,both_added,added,added,,
2d0c904d27485250e394d2f2695df276,b55e54f8f1e0e7c199eba82e5596b366,both_added,added,added,,
2d0c904d27485250e394d2f2695df276,d6c197508c2ce62b8df7a3ecf662a7ef,both_added,added,added,,
2d0c904d27485250e394d2f2695df276,da352c94abea9d4f9b49f409000a2f2f,both_added,added,added,,
2d0c904d27485250e394d2f2695df276,de02b943529137359129494fa4c891d0,both_added,added,added,,
2d0c904d27485250e394d2f2695df276,ecdd4611ac8dba825c5281627eec814d,both_added,added,added,,
2d0c904d27485250e394d2f2695df276,f97eb40d7cb98c2ec9244b3196a2c0a0,both_added,added,added,,
2d0c904d27485250e394d2f2695df276,fc2fdb740d7923a0e511dd94f94331fc,both_added,added,added,,
2d28526382660bb3b10dd2af66c6fe32,fc27f49403c4a743ab7205bcae57fa6c,pair_formed_naturally,exact,exact,1.0,1.0
2d3b483f33b6250ea7df638f02978471,5699aa34afc474017beefa281a8c147c,pair_formed_by_refactoring,unknown,signature_changed,,0.94
2d3b483f33b6250ea7df638f02978471,78bfabb7ca3452282a9f1f0ddb86da23,pair_formed_by_refactoring,unknown,signature_changed,,1.0
2d3b483f33b6250ea7df638f02978471,a57217a601c0624c593649d9d7cea50c,pair_formed_by_refactoring,unknown,signature_changed,,1.0
2d3b483f33b6250ea7df638f02978471,aadbde3efa2522d0258c803c715cc686,pair_formed_by_refactoring,unknown,signature_changed,,0.87
2d3b483f33b6250ea7df638f02978471,adaeb9e71db54fd430ca8cc35e40aa54,pair_formed_naturally,unknown,unknown,,
2d3b483f33b6250ea7df638f02978471,c14a44923106b80746cc9b6b56bbb380,method_b_added,unknown,added,,
2d3b483f33b6250ea7df638f02978471,e4e4217e547842bb49a4284bedf9f405,pair_formed_by_refactoring,unknown,signature_changed,,0.93
2d3b483f33b6250ea7df638f02978471,edd9f9097ad01f75e37d24fa57fdcdda,pair_formed_naturally,unknown,unknown,,
2d4a9600f886d9522bc543219206b2fd,c63a77ead4e46e77bf74a1b7c301de52,pair_formed_by_refactoring,signature_changed,signature_changed,1.0,1.0
2d78565ce98e523ba6078eaace0cf143,7aaf626bd71f4016eab49a709acf7f80,both_added,added,added,,
2d78565ce98e523ba6078eaace0cf143,d955ae78b0fb617165d7e60cd98e42cf,both_added,added,added,,
2d78d17526c152fabab8d86f0e66507b,39799b8be4a1581f11ce6d1f9109943c,pair_formed_naturally,exact,exact,1.0,1.0
2d8b5e4dcde2b71c44ab815a20c08010,a6362daf365776068c8736d3ba4b76ff,pair_formed_naturally,exact,exact,1.0,1.0
2d9f319145ef1f89b88c89731ee9bcff,3ad0ef8cd7e41b60fba3598b71d7e105,pair_formed_naturally,exact,exact,1.0,1.0
2da7e46529a86893083e23bce054c78e,56e2bcb643efe8069edc9cdb1a2da7e4,pair_formed_naturally,exact,exact,1.0,1.0
2dd1840457174d82624fa254581fe643,390f1039d8da1cfefe3a474b821767c7,pair_formed_by_refactoring,signature_changed,signature_changed,1.0,1.0
2dd1840457174d82624fa254581fe643,65e9c115d7f6500d9280cb25c53ab2fa,pair_formed_by_refactoring,signature_changed,signature_changed,1.0,1.0
2dd1840457174d82624fa254581fe643,95e77056a22e944f314ade351ac0b5c9,pair_formed_by_refactoring,signature_changed,signature_changed,1.0,1.0
2dd1840457174d82624fa254581fe643,9ae60a2bd1dd54069ec51b8b1397adc8,pair_formed_by_refactoring,signature_changed,signature_changed,1.0,1.0
2dd1840457174d82624fa254581fe643,ce9296a44b9f8519ce4b624b815a3267,pair_formed_by_refactoring,signature_changed,signature_changed,1.0,1.0
2dd1840457174d82624fa254581fe643,f1aa57e9fba6e9640f72bb08dfa32fe2,pair_formed_by_refactoring,signature_changed,signature_changed,1.0,0.97
2dd1840457174d82624fa254581fe643,f7c41da2c45aa4a5e0d712065cd4cdb7,pair_formed_by_refactoring,signature_changed,signature_changed,1.0,0.97
2dd800312a97e382305dc0a8182725fe,433266b0f0aef1d5054881e75de7bed9,both_added,added,added,,
2dd800312a97e382305dc0a8182725fe,6ff1ef79ef5feeafc6a43dbef0bde932,both_added,added,added,,
2dd800312a97e382305dc0a8182725fe,a5e2345a7bb4edcfe2cacee140c6eadc,both_added,added,added,,
2dee2c764a611dd8d0174175f2dd8e04,7211472a7eed702c90d92cf8da31d7bf,pair_formed_by_refactoring,exact,signature_changed,1.0,1.0
2dee2c764a611dd8d0174175f2dd8e04,a9ef7131f222bbd911ef5c0d0536a23c,pair_formed_by_refactoring,exact,signature_changed,1.0,1.0
2dee2c764a611dd8d0174175f2dd8e04,e6bde0997de34dbf185103f8c7baf23b,pair_formed_by_refactoring,exact,signature_changed,1.0,1.0
2df8365e6651e1c791c4fd176d35117c,51a646065a1b5d8b653f0faba4eb36e9,pair_formed_by_refactoring,signature_changed,signature_changed,0.96,0.96
2df8365e6651e1c791c4fd176d35117c,5699aa34afc474017beefa281a8c147c,pair_formed_by_refactoring,signature_changed,signature_changed,0.96,0.94
2df8365e6651e1c791c4fd176d35117c,a4bbd813b277dfc3e51ee9a13ff346b0,pair_formed_by_refactoring,signature_changed,signature_changed,0.96,0.96
2df8365e6651e1c791c4fd176d35117c,b8d8059e9e888e2561ac6cae8f388c92,pair_formed_by_refactoring,signature_changed,signature_changed,0.96,1.0
2df8365e6651e1c791c4fd176d35117c,dc83212f4bb634136ec5fc56db782f36,pair_formed_by_refactoring,signature_changed,signature_changed,0.96,1.0
2df8365e6651e1c791c4fd176d35117c,e4e4217e547842bb49a4284bedf9f405,pair_formed_by_refactoring,signature_changed,signature_changed,0.96,0.93
2df8365e6651e1c791c4fd176d35117c,ed870809cd2e7cf32355e7608ce02d53,pair_formed_by_refactoring,signature_changed,signature_changed,0.96,0.96
2dfa5c2d3ece8cfcd59407627fa09df9,fd8cb21a16ed127a7a6bdcc8c948e94d,pair_formed_by_refactoring,signature_changed,exact,0.99,1.0
2e0732b2cfa024e567c135fc7bd95dae,ade418c46076ef624577f5e26600a0ee,method_b_added,exact,added,1.0,
2e122fea2f47d6825d545494e7aa4a77,effa6ae517c558d845579dd005c6850b,method_b_added,refactored,added,0.82,
2e29b42920ea55e398d4e246338ac365,81a730b1754656cff9c1f403314ff0c7,pair_formed_naturally,exact,exact,1.0,1.0
2e532ef3f781a3551207a51a8c094bc1,56f127b8061d75dbf28a4a1af787bf7f,both_added,added,added,,
2e532ef3f781a3551207a51a8c094bc1,a5c93a35e66d4e35e571220db5d3c260,both_added,added,added,,
2e532ef3f781a3551207a51a8c094bc1,ab702e7e0b62f5516bd2a6de6ad928fd,both_added,added,added,,
2e532ef3f781a3551207a51a8c094bc1,d06c7054aef075b9c76a89c1606fff51,both_added,added,added,,
2e8f85b2d8f8ebee0d7d9183ad22f569,b68bfe935f16c2b5f0567f2d1015b132,pair_formed_naturally,exact,exact,1.0,1.0
2e9d64a8d6c7dcde3f5b405f52e35f35,33e7601e7d488a3b5ab9d44a6fdfbf60,method_b_added,exact,added,1.0,
2ec8233f234c461655ba87c1e3a30e4d,34ab1861ca3ec8472e1da89fd1a02fd2,pair_formed_by_refactoring,exact,signature_changed,1.0,1.0
2ee9d2854f86396798c8b617156d43a9,ddc8fefb93fbecf9e385be845f34a6f5,pair_formed_naturally,exact,exact,1.0,1.0
2f036a43279caccf1ef6f0865123bcd9,9a1d76581eee9a4a5763d84853b340eb,pair_formed_by_refactoring,signature_changed,signature_changed,1.0,1.0
2f14c2ecead472dce1408e734e801501,380e72586c888fb6080dcf40d771d119,pair_formed_naturally,exact,exact,1.0,1.0
2f14c2ecead472dce1408e734e801501,9ead1557a30046d4cd4c7795cf208418,pair_formed_naturally,exact,exact,1.0,1.0
2f14c2ecead472dce1408e734e801501,ba15d5b919df0821be5632d95231f4f1,pair_formed_naturally,exact,exact,1.0,1.0
2f14c2ecead472dce1408e734e801501,d5a99106515ebc1eb465022042c16fe6,pair_formed_naturally,exact,exact,1.0,1.0
2f1cf335da7b2fba9a9b702ca512ce72,403d53a04f23441f342c9ffc25aee3ea,pair_formed_by_refactoring,exact,signature_changed,1.0,0.96
2f1cf335da7b2fba9a9b702ca512ce72,f0a257484985c72325f25a5f5df42930,pair_formed_by_refactoring,exact,signature_changed,1.0,1.0
2f4bc0fa68121bac467e6d42ca36a193,ee3708665bc9159bb16addd948cc0023,pair_formed_naturally,exact,exact,1.0,1.0
2f568b5423efa0c83d8535659029ab18,446f42cf67ad096b65df63b6616ba069,both_added,added,added,,
2f568b5423efa0c83d8535659029ab18,77c674042ba1f8075a46d0772337a33b,both_added,added,added,,
2f568b5423efa0c83d8535659029ab18,bff152e2eb21b7499d2f93da066029e7,both_added,added,added,,
2f568b5423efa0c83d8535659029ab18,e6e26290c935d2b459b36a2b8ba564e8,method_a_added,added,unknown,,
2f5df12c6ef6e4153ce18693c72da04e,92f04b56f3b87018a39c39fccb96c99f,pair_formed_by_refactoring,signature_changed,signature_changed,1.0,1.0
2f69f1f0daa0a790094e40b66b73c90f,815d78ee60f07e249989f2f3efe9f657,pair_formed_naturally,exact,exact,1.0,1.0
2f69f1f0daa0a790094e40b66b73c90f,879f696e6c6b8a65d754b93c90e881ec,pair_formed_naturally,exact,exact,1.0,1.0
2f69f1f0daa0a790094e40b66b73c90f,a8dc21d6275fc7a31bf7e0a86de2e887,pair_formed_naturally,exact,exact,1.0,1.0
2f69f1f0daa0a790094e40b66b73c90f,f3be6dfbe3f38635608cd806949eec80,pair_formed_naturally,exact,exact,1.0,1.0
2f8aa172480c6041a0e883d5317ee67b,bdaa310ae249ad80cff995cc537e1ea6,pair_formed_naturally,exact,exact,1.0,1.0
2f8aa172480c6041a0e883d5317ee67b,d42239dfed4ebb2b0dc1aa234c38ef1e,pair_formed_naturally,exact,exact,1.0,1.0
2f8aa172480c6041a0e883d5317ee67b,e6dc3d85979107eebcc0a7edae3b87a4,pair_formed_naturally,exact,exact,1.0,1.0
2f8ae42a2ffb4ab3cb46588f50c290ac,374bfe7ea12bede1adb1680cc885d450,pair_formed_naturally,exact,exact,1.0,1.0
2f8ae42a2ffb4ab3cb46588f50c290ac,5fde51b59914f6500a6461f7e73fea10,pair_formed_naturally,exact,exact,1.0,1.0
2f8ae42a2ffb4ab3cb46588f50c290ac,6c692b0e0639e600097d588598b5e9df,pair_formed_naturally,exact,exact,1.0,1.0
2f8ae42a2ffb4ab3cb46588f50c290ac,eb82126b4407a918cae89a9b142f5323,pair_formed_naturally,exact,exact,1.0,1.0
2f9b7e0bef80ff7cb513b1bcc75336e0,4d7fb284ff6b7a53c881357534ac4a68,pair_formed_by_refactoring,exact,signature_changed,1.0,0.98
2f9b7e0bef80ff7cb513b1bcc75336e0,abb5c87b5e80d3980d041972a0fde583,method_b_added,exact,added,1.0,
2f9b7e0bef80ff7cb513b1bcc75336e0,bf669fc0c2747076a44f34f88bdb4492,pair_formed_by_refactoring,exact,signature_changed,1.0,0.99
2fa6bdec54817cd8d45e4372b9f91ca5,6167e5f829902e2e5e975032cf66cded,pair_formed_naturally,exact,exact,1.0,1.0
2fb4d402a1e69c47c8ee58a62c3713b9,9f12cb33e02e7b099b806c1512fd06cd,pair_formed_naturally,exact,exact,1.0,1.0
2fb4d402a1e69c47c8ee58a62c3713b9,d427684b958f155ac344c029e182aeb2,pair_formed_naturally,exact,exact,1.0,1.0
2fe2158842efe53aa8653131326d85a8,6042c055977891cb755997d6c2ce6417,pair_formed_by_refactoring,signature_changed,signature_changed,0.92,0.95
2fe2158842efe53aa8653131326d85a8,83288dfa72d36268bc0471e0b24523fd,pair_formed_by_refactoring,signature_changed,signature_changed,0.92,0.92
2fe2158842efe53aa8653131326d85a8,8a3dafd143557d0abd7d8facedab5b17,pair_formed_by_refactoring,signature_changed,signature_changed,0.92,0.93
300b37e4600ef6b83bf853f974fbb57d,c222731f1ab4da5254eca6227730035c,pair_formed_naturally,exact,exact,1.0,1.0
300e093c0f41c01559edafe41aef5ab2,75eb814e7dd9db55ffffa4a2a1f9923e,pair_formed_naturally,unknown,exact,,1.0
3041dc96a449741cbd5ae3de3f3d818a,35d221fe1c5cb34da09f04b9902227b1,both_added,added,added,,
3041dc96a449741cbd5ae3de3f3d818a,376765a51272f2a415fb56a6034d01dc,both_added,added,added,,
3041dc96a449741cbd5ae3de3f3d818a,4e08b5d05587f1420a3842edea625663,both_added,added,added,,
3041dc96a449741cbd5ae3de3f3d818a,541b7e93eaa68d8993be38d1d9aa6047,both_added,added,added,,
3041dc96a449741cbd5ae3de3f3d818a,57ffbb0ffa106d9d625ce24380cc6ce8,both_added,added,added,,
3041dc96a449741cbd5ae3de3f3d818a,5d20daa53fe1f1773b62f782e72f39fb,both_added,added,added,,
3041dc96a449741cbd5ae3de3f3d818a,5e64bc480ca4927adcefb8ea1feeff88,both_added,added,added,,
3041dc96a449741cbd5ae3de3f3d818a,621723d94e6dd8c67721ce9bdac533b3,both_added,added,added,,
3041dc96a449741cbd5ae3de3f3d818a,645c906bdfb01b8583d15cf9df644ddf,both_added,added,added,,
3041dc96a449741cbd5ae3de3f3d818a,6b6696cc5963344f57a6f4b5025c193d,both_added,added,added,,
3041dc96a449741cbd5ae3de3f3d818a,7f59b708be03bc11c3abe621a5fb3d30,both_added,added,added,,
3041dc96a449741cbd5ae3de3f3d818a,8cf818320ca5ed77c135a2f1a50a66a7,both_added,added,added,,
3041dc96a449741cbd5ae3de3f3d818a,929a29822abed393abd74be01743a2c2,both_added,added,added,,
3041dc96a449741cbd5ae3de3f3d818a,98062190bc921063dc069278b6c6ec68,both_added,added,added,,
3041dc96a449741cbd5ae3de3f3d818a,a44a2bc3ac19033aec942126cd6e946c,both_added,added,added,,
3041dc96a449741cbd5ae3de3f3d818a,af4b5e354263b1fa8ce9ee78b78933bd,both_added,added,added,,
3041dc96a449741cbd5ae3de3f3d818a,bbd9f38a8529b1400892ae64a60ccb53,both_added,added,added,,
3041dc96a449741cbd5ae3de3f3d818a,bd9430e8a21d0868b94c3e3645ededc8,both_added,added,added,,
3041dc96a449741cbd5ae3de3f3d818a,bda0e7d94d52f58b6e5623cdcd10282e,both_added,added,added,,
3041dc96a449741cbd5ae3de3f3d818a,bf4e9fe513e6e8612215b9673cca5c2b,both_added,added,added,,
3041dc96a449741cbd5ae3de3f3d818a,c1848fc42fb66eed0315371ff3e5b1b8,both_added,added,added,,
3041dc96a449741cbd5ae3de3f3d818a,c25052a98d9cf55c9b0ccb0d6d3ff00e,both_added,added,added,,
3041dc96a449741cbd5ae3de3f3d818a,c3af34e7307ac63f1d6b15fbeb29e0ec,both_added,added,added,,
3041dc96a449741cbd5ae3de3f3d818a,cfb1eccb6a0098d66806fb128fe799bf,both_added,added,added,,
3041dc96a449741cbd5ae3de3f3d818a,d051badb3ec26d22931f36515ac34081,both_added,added,added,,
3041dc96a449741cbd5ae3de3f3d818a,d57844cfca2141f691b6bd239ffdf5c8,both_added,added,added,,
3041dc96a449741cbd5ae3de3f3d818a,d6e35a94b47b2006697f25118a40b150,both_added,added,added,,
3041dc96a449741cbd5ae3de3f3d818a,da7e79277f1ed625300a3db6f5f8a1a4,both_added,added,added,,
3041dc96a449741cbd5ae3de3f3d818a,e079a6ef12cd3063c4f72776682cc645,both_added,added,added,,
3041dc96a449741cbd5ae3de3f3d818a,e7ff88c357c33e69d8773479aeb0cf0e,both_added,added,added,,
3041dc96a449741cbd5ae3de3f3d818a,e9bf1396c1a1cd4d9f9b959e94071271,both_added,added,added,,
3041dc96a449741cbd5ae3de3f3d818a,f7ac4ea59a26952f9abae99254116042,both_added,added,added,,
3041dc96a449741cbd5ae3de3f3d818a,fb84e80c9418312f2f13b209bc655d52,both_added,added,added,,
3041dc96a449741cbd5ae3de3f3d818a,fda369cd62d9f205f3d65805e7757216,both_added,added,added,,
3041dc96a449741cbd5ae3de3f3d818a,ffcedcb56d0c62d515cd0493970966c0,both_added,added,added,,
3067fe0540ccd7d2e5ac43ca09834175,f551dba24b86a49f1b5ce90150ef9c07,pair_formed_by_refactoring,signature_changed,signature_changed,1.0,0.96
306bf30f2ffba477edfe3cb270639d5c,380e72586c888fb6080dcf40d771d119,pair_formed_naturally,exact,exact,1.0,1.0
306bf30f2ffba477edfe3cb270639d5c,3975b19cbcc82da01c1b66423ea52fb0,pair_formed_naturally,exact,exact,1.0,1.0
306bf30f2ffba477edfe3cb270639d5c,5fa9fa2007f3cd82b81d215aeacc5175,pair_formed_naturally,exact,exact,1.0,1.0
306bf30f2ffba477edfe3cb270639d5c,9312ad37c6db0283302c10687173889b,pair_formed_naturally,exact,exact,1.0,1.0
306bf30f2ffba477edfe3cb270639d5c,9ead1557a30046d4cd4c7795cf208418,pair_formed_naturally,exact,exact,1.0,1.0
306bf30f2ffba477edfe3cb270639d5c,d5a99106515ebc1eb465022042c16fe6,pair_formed_naturally,exact,exact,1.0,1.0
309f54d91b98fc90f040ef40fef2737a,34a11399bde6bcdce45d9e980e4555c3,pair_formed_by_refactoring,signature_changed,unknown,0.91,
309f54d91b98fc90f040ef40fef2737a,979a36d57631821645bd370fabad9883,pair_formed_by_refactoring,signature_changed,exact,0.91,1.0
30b92157f4bd87d4d04ab8e8d795b6aa,9e0dc519adc2aec23e259c7ef3eca7ec,pair_formed_by_refactoring,signature_changed,signature_changed,0.95,0.97
30b92157f4bd87d4d04ab8e8d795b6aa,e82c730b17bf8cd92ca4e3f58ca824bb,pair_formed_by_refactoring,signature_changed,signature_changed,0.95,0.94
30e96dc28b821879c63bf9c7e096a6bc,e0c26158f9584cc629546663cde2a904,pair_formed_naturally,exact,exact,1.0,1.0
31429cc2addbad84c8a4f9fd0ae0cf9f,77cb559f09cc33814b714956a93a9519,method_b_added,exact,added,1.0,
31429cc2addbad84c8a4f9fd0ae0cf9f,e219df68f8160bc2eba8ba11422c1e74,method_b_added,exact,added,1.0,
3144979eb92bd4b6cc4f54a61f284f5d,4095358380b03fc68382157bb7988ece,pair_formed_by_refactoring,exact,signature_changed,1.0,1.0
3144979eb92bd4b6cc4f54a61f284f5d,533894b63de9b7a4e8ea95fc0ae1cc5e,pair_formed_by_refactoring,exact,signature_changed,1.0,1.0
3144979eb92bd4b6cc4f54a61f284f5d,77e748b02611ee7b38a80ffc422905f2,pair_formed_by_refactoring,exact,signature_changed,1.0,1.0
3156063572db14c26ab2f931652adefa,e8c39704b1303bd8c3bc1e353e8b4700,pair_formed_naturally,exact,exact,1.0,1.0
316f0191976e0b536a517d126efcc9de,ca79ee69038201c91e91a7ea8350665f,method_b_added,exact,added,1.0,
31a9e27fe659ac578c393ac0db97f111,40d0ec9fa78ee725443ebf8833bf53f3,both_added,added,added,,
31a9e27fe659ac578c393ac0db97f111,4771d29c38af73ddd9470cd237de0d7d,both_added,added,added,,
31a9e27fe659ac578c393ac0db97f111,4f36c54372d716ebdf491eaa9d1e9f7b,both_added,added,added,,
31a9e27fe659ac578c393ac0db97f111,536b3d37d76f35b22425855b7add108f,both_added,added,added,,
31a9e27fe659ac578c393ac0db97f111,61ffd9f2892c973b6be681d09a437d6e,both_added,added,added,,
31a9e27fe659ac578c393ac0db97f111,63d1b342e0d939b9a1c2a05cf349f1af,both_added,added,added,,
31a9e27fe659ac578c393ac0db97f111,79e5a30fe83f456300019bceeaffabc3,both_added,added,added,,
31a9e27fe659ac578c393ac0db97f111,867a312ce5320ce4d6f665f8c3b5a25c,both_added,added,added,,
31a9e27fe659ac578c393ac0db97f111,9f97ad616ecec19c84301474da53b1e9,both_added,added,added,,
31a9e27fe659ac578c393ac0db97f111,a10c29366272db9db3f5de133e84e28a,both_added,added,added,,
31a9e27fe659ac578c393ac0db97f111,b55e54f8f1e0e7c199eba82e5596b366,both_added,added,added,,
31a9e27fe659ac578c393ac0db97f111,ecdd4611ac8dba825c5281627eec814d,both_added,added,added,,
31a9e27fe659ac578c393ac0db97f111,f4deb3f50ea83bdf3928a0596d517b4a,both_added,added,added,,
31a9e27fe659ac578c393ac0db97f111,f97eb40d7cb98c2ec9244b3196a2c0a0,both_added,added,added,,
31a9e27fe659ac578c393ac0db97f111,fe165ba2bf445893d15bb207424d673c,both_added,added,added,,
31c3ae0241e39da5843eb3347d0d3600,62b367d2409e751b32c5f8650beb81bf,method_a_added,added,signature_changed,,0.81
31c3ae0241e39da5843eb3347d0d3600,b4defaee46792b984817475b07e401b7,both_added,added,added,,
31d42c87b18dd8ddd9b27f499299a0e8,6a4c6c62020b398beba2d565b6bf328e,pair_formed_naturally,exact,exact,1.0,1.0
31d9418703f214568b6626c0a48a7b98,4dc165964421498d108ffecc4ea9cd19,pair_formed_naturally,exact,exact,1.0,1.0
3295912fa9cde17b0d9bfd814c18eae6,6915fcac9f9f8abd80959233f414f628,pair_formed_naturally,exact,exact,1.0,1.0
329bc2a1bca7db071d93bc64df3cc5ec,4ff192ae9660e64de1233689e78469e2,pair_formed_by_refactoring,exact,renamed,1.0,0.99
32a5b5478e85dc3764c6b99d9d588ac6,5daf44475508cc954339af0ac449c70f,pair_formed_naturally,token_hash,exact,1.0,1.0
32ec77f1883282dbc56e71184ca2ce53,540b0a8ff5f1b91aa5eac47fdf20cdc7,pair_formed_naturally,exact,exact,1.0,1.0
32f8fc1e85e027635b8d028ad8399b68,3a1987c24604fef912aae9454db3fa91,pair_formed_naturally,exact,exact,1.0,1.0
3345d61d5f63d8e9690e6e66a86ba172,3d81c548b5afda4e88697f980ae58e49,both_added,added,added,,
3345d61d5f63d8e9690e6e66a86ba172,41cf7c15f135543c9f8bdd0d77edf21f,both_added,added,added,,
3345d61d5f63d8e9690e6e66a86ba172,41e32b8d899be1ed278f7b18d50d084e,both_added,added,added,,
3345d61d5f63d8e9690e6e66a86ba172,448e9c7bfaa3ad8021a9d175f6b921ea,method_a_added,added,unknown,,
3345d61d5f63d8e9690e6e66a86ba172,4d8e2636455ac340f04411a719120642,method_a_added,added,unknown,,
3345d61d5f63d8e9690e6e66a86ba172,6106eb9101581da2a5f55d751c88dbe8,both_added,added,added,,
3345d61d5f63d8e9690e6e66a86ba172,683557dcc32eeb3d288fe3740b0e6f2b,method_a_added,added,unknown,,
3345d61d5f63d8e9690e6e66a86ba172,c894957d5286a05d516c2f81e3ae6e10,method_a_added,added,unknown,,
3345d61d5f63d8e9690e6e66a86ba172,ce459a2832e02d42aae192b69f666407,both_added,added,added,,
3345d61d5f63d8e9690e6e66a86ba172,e5edc26bccceccb12f936c699ad0411e,method_a_added,added,unknown,,
3345d61d5f63d8e9690e6e66a86ba172,e87eb48877d1c7de9709ec2d94dc2771,both_added,added,added,,
3345d61d5f63d8e9690e6e66a86ba172,ec789f0f926b6cccb1a15984b6464223,both_added,added,added,,
3345d61d5f63d8e9690e6e66a86ba172,f2aae995fce1fe0eb5f787837abedd7c,both_added,added,added,,
336da044cbaa09e10dbb9ab97eac085b,f1411ddc4e79d8ac20428f1fd06ee75e,both_added,added,added,,
33b6b693e81f26712160be7160993f79,5c44d6a1a8d8352fc19d1d4da2f63e88,method_a_added,added,exact,,1.0
33b6b693e81f26712160be7160993f79,68f4f7204f0f048b523546d56889c287,both_added,added,added,,
33b6b693e81f26712160be7160993f79,e267da9c40f04c6f83e38a775b01117a,method_a_added,added,exact,,1.0
33d2e23d68f666a990e543cc4ee781f1,7605731c768b7dfa8e8b356c09845d0c,pair_formed_naturally,exact,exact,1.0,1.0
33dfb887020edab9f4fe6788187f3c1a,433008cbc1d339606b85d44ad641a482,pair_formed_naturally,exact,exact,1.0,1.0
33e85de639831d8291dfc6f777cd8590,33ea5553dd4af790ad32dfd218ee207f,both_added,added,added,,
33e85de639831d8291dfc6f777cd8590,ae6837f261961be6efaad7c46bcb4ee2,both_added,added,added,,
33e85de639831d8291dfc6f777cd8590,ae80a6ffcc2d73063023363bcc96450d,both_added,added,added,,
33ea5553dd4af790ad32dfd218ee207f,ae6837f261961be6efaad7c46bcb4ee2,both_added,added,added,,
33ea5553dd4af790ad32dfd218ee207f,ae80a6ffcc2d73063023363bcc96450d,both_added,added,added,,
3427f2f6eb18baf6a336447bdc49c56c,8213a6b8cea622f8f63ded76ba9cfbc7,pair_formed_by_refactoring,signature_changed,exact,1.0,1.0
3443bfd37ccc1fe83d07cb567fdb4c6a,435c754e1fcae9763a8d48480e5553f8,pair_formed_by_refactoring,signature_changed,signature_changed,0.95,1.0
3443bfd37ccc1fe83d07cb567fdb4c6a,98c854cec0bf7881a16bc89a423abcdc,pair_formed_by_refactoring,signature_changed,signature_changed,0.95,1.0
3462930821bfbe8e18a51183547922b9,446f42cf67ad096b65df63b6616ba069,method_b_added,signature_changed,added,0.98,
3462930821bfbe8e18a51183547922b9,bff152e2eb21b7499d2f93da066029e7,method_b_added,signature_changed,added,0.98,
348f83f7f1c90fba81efc07c3f35063e,403d2b786d1b250c71d74f1aa39fef18,pair_formed_by_refactoring,signature_changed,signature_changed,1.0,1.0
3499c8a4ed043d0b752fb52461bc2f61,6d2bb70899817a5b970ac12ab359f483,pair_formed_naturally,exact,unknown,1.0,
3499c8a4ed043d0b752fb52461bc2f61,ea2af5aa57138325cbdc7d582c812152,pair_formed_naturally,exact,exact,1.0,1.0
34a11399bde6bcdce45d9e980e4555c3,979a36d57631821645bd370fabad9883,pair_formed_naturally,unknown,exact,,1.0
34b3845ed1c1ccf329acd32a7917e009,5c73425bbd692819cac0b6862e7fd6e8,method_a_added,added,exact,,1.0
34b3845ed1c1ccf329acd32a7917e009,7900e9e9f8124113ba455e93299365cb,both_added,added,added,,
34b3845ed1c1ccf329acd32a7917e009,986d1bebf9bd20ea9c4f3145e2b1f64d,both_added,added,added,,
34b3845ed1c1ccf329acd32a7917e009,af00ac40711dbf031dcd08d9f2357ec2,method_a_added,added,exact,,1.0
34b3845ed1c1ccf329acd32a7917e009,be4b4254ff070c9df5f8a4f922f3266b,method_a_added,added,exact,,1.0
34b3845ed1c1ccf329acd32a7917e009,dc2d893f3a213ba8347e841ee3603faa,method_a_added,added,exact,,1.0
34b3845ed1c1ccf329acd32a7917e009,f43d862f762bba5c9b1fddd4a6081faa,both_added,added,added,,
34cd60b3a985729db98188c773c537db,7a3f6eb7739446ed7292b35be314b4c8,pair_formed_naturally,exact,exact,1.0,1.0
34d27732a1ca93934785acfcba47f814,92afcb3664085be24afa75e0e0810248,method_b_added,exact,added,1.0,
34f31a85bdfb8627932292b75fd630da,bbd552d4ef9aeb85b9025767bb88858e,pair_formed_naturally,exact,exact,1.0,1.0
35470a72b63aabc26281bcb93ff6be3b,8766b2f358d4ae05ef53698cc0fd5a21,pair_formed_by_refactoring,signature_changed,signature_changed,0.92,0.92
35470a72b63aabc26281bcb93ff6be3b,92605f8485a6255e444e8e34862ac3a2,pair_formed_by_refactoring,signature_changed,signature_changed,0.92,0.9
35470a72b63aabc26281bcb93ff6be3b,9acd0171183031bf61f75086e0c038f9,pair_formed_by_refactoring,signature_changed,signature_changed,0.92,0.96
355e024cf38afacb7fcd5ff69091f1d6,684d6e78275b14d7f88549e7b7dda348,pair_formed_naturally,exact,exact,1.0,1.0
3562f828db3d4bfefe5bcd8579a06a6b,41b0a53160dde99650fabe51ea76862d,pair_formed_naturally,exact,exact,1.0,1.0
358c336a8d5999ead52d23f1a41b1154,5f57d1eaa8241316b7cfc89797fc8be0,pair_formed_by_refactoring,signature_changed,signature_changed,1.0,1.0
35b73fd3811076168098ef1eddc233eb,aa2019976583b18fd0f32a389033c81b,pair_formed_naturally,exact,exact,1.0,1.0
35b73fd3811076168098ef1eddc233eb,d6e1266ba97db0a6254aef837638999c,pair_formed_by_refactoring,exact,signature_changed,1.0,0.91
35b73fd3811076168098ef1eddc233eb,f6384ef959c037e8210b3514275b5db8,pair_formed_by_refactoring,exact,signature_changed,1.0,0.88
35c0a9f0045f93dc92db42e216fe21ee,c93b63531a17c9b863a0e73845f5b7bb,both_added,added,added,,
35c0a9f0045f93dc92db42e216fe21ee,decfc25c46e5ec9b48bb69c4bddd4dee,method_a_added,added,signature_changed,,0.98
35c0a9f0045f93dc92db42e216fe21ee,e53e5c3c04727cef77864fc6c541ff91,both_added,added,added,,
35d221fe1c5cb34da09f04b9902227b1,376765a51272f2a415fb56a6034d01dc,both_added,added,added,,
35d221fe1c5cb34da09f04b9902227b1,4e08b5d05587f1420a3842edea625663,both_added,added,added,,
35d221fe1c5cb34da09f04b9902227b1,57ffbb0ffa106d9d625ce24380cc6ce8,both_added,added,added,,
35d221fe1c5cb34da09f04b9902227b1,5d20daa53fe1f1773b62f782e72f39fb,both_added,added,added,,
35d221fe1c5cb34da09f04b9902227b1,5e64bc480ca4927adcefb8ea1feeff88,both_added,added,added,,
35d221fe1c5cb34da09f04b9902227b1,645c906bdfb01b8583d15cf9df644ddf,both_added,added,added,,
35d221fe1c5cb34da09f04b9902227b1,6b6696cc5963344f57a6f4b5025c193d,both_added,added,added,,
35d221fe1c5cb34da09f04b9902227b1,7f31a4187d8179669ae214b246ae6ee3,both_added,added,added,,
35d221fe1c5cb34da09f04b9902227b1,7f59b708be03bc11c3abe621a5fb3d30,both_added,added,added,,
35d221fe1c5cb34da09f04b9902227b1,85297767ba3a994849e195c0a3f00b89,both_added,added,added,,
35d221fe1c5cb34da09f04b9902227b1,8cf818320ca5ed77c135a2f1a50a66a7,both_added,added,added,,
35d221fe1c5cb34da09f04b9902227b1,929a29822abed393abd74be01743a2c2,both_added,added,added,,
35d221fe1c5cb34da09f04b9902227b1,98062190bc921063dc069278b6c6ec68,both_added,added,added,,
35d221fe1c5cb34da09f04b9902227b1,99261a993fe00156764686e6183e8f64,both_added,added,added,,
35d221fe1c5cb34da09f04b9902227b1,a44a2bc3ac19033aec942126cd6e946c,both_added,added,added,,
35d221fe1c5cb34da09f04b9902227b1,bbd9f38a8529b1400892ae64a60ccb53,both_added,added,added,,
35d221fe1c5cb34da09f04b9902227b1,bd9430e8a21d0868b94c3e3645ededc8,both_added,added,added,,
35d221fe1c5cb34da09f04b9902227b1,bda0e7d94d52f58b6e5623cdcd10282e,both_added,added,added,,
35d221fe1c5cb34da09f04b9902227b1,bf4e9fe513e6e8612215b9673cca5c2b,both_added,added,added,,
35d221fe1c5cb34da09f04b9902227b1,c1848fc42fb66eed0315371ff3e5b1b8,both_added,added,added,,
35d221fe1c5cb34da09f04b9902227b1,c25052a98d9cf55c9b0ccb0d6d3ff00e,both_added,added,added,,
35d221fe1c5cb34da09f04b9902227b1,c3af34e7307ac63f1d6b15fbeb29e0ec,both_added,added,added,,
35d221fe1c5cb34da09f04b9902227b1,cfb1eccb6a0098d66806fb128fe799bf,both_added,added,added,,
35d221fe1c5cb34da09f04b9902227b1,d57844cfca2141f691b6bd239ffdf5c8,both_added,added,added,,
35d221fe1c5cb34da09f04b9902227b1,d655310acb9df0b74fa2764cf71ba588,both_added,added,added,,
35d221fe1c5cb34da09f04b9902227b1,d6e35a94b47b2006697f25118a40b150,both_added,added,added,,
35d221fe1c5cb34da09f04b9902227b1,da7e79277f1ed625300a3db6f5f8a1a4,both_added,added,added,,
35d221fe1c5cb34da09f04b9902227b1,e079a6ef12cd3063c4f72776682cc645,both_added,added,added,,
35d221fe1c5cb34da09f04b9902227b1,e7ff88c357c33e69d8773479aeb0cf0e,both_added,added,added,,
35d221fe1c5cb34da09f04b9902227b1,e9bf1396c1a1cd4d9f9b959e94071271,both_added,added,added,,
35d221fe1c5cb34da09f04b9902227b1,f7ac4ea59a26952f9abae99254116042,both_added,added,added,,
35d221fe1c5cb34da09f04b9902227b1,fda369cd62d9f205f3d65805e7757216,both_added,added,added,,
35e5625cc68008ad2ea3f9709ef2ab05,efdadc541c7e4d361848effa7faf126d,pair_formed_naturally,exact,exact,1.0,1.0
3600e433b5b7d96b598c4ce2c942382c,e87d1b0e3b8c64dd14350740ebd11547,pair_formed_naturally,exact,exact,1.0,1.0
360a05d5c394e317bcee731e67790b51,386872fecd85098053e051d6adf51593,method_a_added,added,exact,,1.0
360a05d5c394e317bcee731e67790b51,40d0d8e0da1496e54515faf1c19e45a4,both_added,added,added,,
360a05d5c394e317bcee731e67790b51,64cb88402ed50775bcd23731b13ca4ee,method_a_added,added,exact,,1.0
3670a65aeefad833ed596014a84f3015,e2259295c97a28b55c01dd1ccee10335,pair_formed_naturally,exact,exact,1.0,1.0
368014890dcab5839ee7ce69c361dfa2,a96d0e7918a88dec254a764f9d104ed0,method_b_added,exact,added,1.0,
368014890dcab5839ee7ce69c361dfa2,ca79ee69038201c91e91a7ea8350665f,method_b_added,exact,added,1.0,
368d32e5d2b6a3fe94d19c5935e031eb,c69c2d0874f002c9d3088e1fc3d5578a,pair_formed_naturally,exact,exact,1.0,1.0
3765889688f9aa80276916fcd4a9d88b,54f6536133fed638bc0a15e3537853ca,both_added,added,added,,
3765889688f9aa80276916fcd4a9d88b,5e71f6d00aab2f1be32c8315a43c7377,both_added,added,added,,
376765a51272f2a415fb56a6034d01dc,4e08b5d05587f1420a3842edea625663,both_added,added,added,,
376765a51272f2a415fb56a6034d01dc,57ffbb0ffa106d9d625ce24380cc6ce8,both_added,added,added,,
376765a51272f2a415fb56a6034d01dc,5d20daa53fe1f1773b62f782e72f39fb,both_added,added,added,,
376765a51272f2a415fb56a6034d01dc,5e64bc480ca4927adcefb8ea1feeff88,both_added,added,added,,
376765a51272f2a415fb56a6034d01dc,645c906bdfb01b8583d15cf9df644ddf,both_added,added,added,,
376765a51272f2a415fb56a6034d01dc,6b6696cc5963344f57a6f4b5025c193d,both_added,added,added,,
376765a51272f2a415fb56a6034d01dc,7f31a4187d8179669ae214b246ae6ee3,both_added,added,added,,
376765a51272f2a415fb56a6034d01dc,7f59b708be03bc11c3abe621a5fb3d30,both_added,added,added,,
376765a51272f2a415fb56a6034d01dc,85297767ba3a994849e195c0a3f00b89,both_added,added,added,,
376765a51272f2a415fb56a6034d01dc,8cf818320ca5ed77c135a2f1a50a66a7,both_added,added,added,,
376765a51272f2a415fb56a6034d01dc,929a29822abed393abd74be01743a2c2,both_added,added,added,,
376765a51272f2a415fb56a6034d01dc,98062190bc921063dc069278b6c6ec68,both_added,added,added,,
376765a51272f2a415fb56a6034d01dc,99261a993fe00156764686e6183e8f64,both_added,added,added,,
376765a51272f2a415fb56a6034d01dc,a44a2bc3ac19033aec942126cd6e946c,both_added,added,added,,
376765a51272f2a415fb56a6034d01dc,bbd9f38a8529b1400892ae64a60ccb53,both_added,added,added,,
376765a51272f2a415fb56a6034d01dc,bd9430e8a21d0868b94c3e3645ededc8,both_added,added,added,,
376765a51272f2a415fb56a6034d01dc,bda0e7d94d52f58b6e5623cdcd10282e,both_added,added,added,,
376765a51272f2a415fb56a6034d01dc,bf4e9fe513e6e8612215b9673cca5c2b,both_added,added,added,,
376765a51272f2a415fb56a6034d01dc,c1848fc42fb66eed0315371ff3e5b1b8,both_added,added,added,,
376765a51272f2a415fb56a6034d01dc,c25052a98d9cf55c9b0ccb0d6d3ff00e,both_added,added,added,,
376765a51272f2a415fb56a6034d01dc,c3af34e7307ac63f1d6b15fbeb29e0ec,both_added,added,added,,
376765a51272f2a415fb56a6034d01dc,cfb1eccb6a0098d66806fb128fe799bf,both_added,added,added,,
376765a51272f2a415fb56a6034d01dc,d57844cfca2141f691b6bd239ffdf5c8,both_added,added,added,,
376765a51272f2a415fb56a6034d01dc,d655310acb9df0b74fa2764cf71ba588,both_added,added,added,,
376765a51272f2a415fb56a6034d01dc,d6e35a94b47b2006697f25118a40b150,both_added,added,added,,
376765a51272f2a415fb56a6034d01dc,da7e79277f1ed625300a3db6f5f8a1a4,both_added,added,added,,
376765a51272f2a415fb56a6034d01dc,e079a6ef12cd3063c4f72776682cc645,both_added,added,added,,
376765a51272f2a415fb56a6034d01dc,e7ff88c357c33e69d8773479aeb0cf0e,both_added,added,added,,
376765a51272f2a415fb56a6034d01dc,e9bf1396c1a1cd4d9f9b959e94071271,both_added,added,added,,
376765a51272f2a415fb56a6034d01dc,f7ac4ea59a26952f9abae99254116042,both_added,added,added,,
376765a51272f2a415fb56a6034d01dc,fda369cd62d9f205f3d65805e7757216,both_added,added,added,,
3767d2a0f2bb3ff36c85e908dd3da633,6b1d6728a4480b0e8adb1ea93478029d,both_added,added,added,,
3767d2a0f2bb3ff36c85e908dd3da633,804d80c65414cafaa0cd45850c448ece,both_added,added,added,,
3767d2a0f2bb3ff36c85e908dd3da633,81758dea0eca899bf08ac9ff379f0f30,both_added,added,added,,
3767d2a0f2bb3ff36c85e908dd3da633,909f395f58d1d62cbf384c6051011a24,both_added,added,added,,
37b012e1356848b1bf110a2a18876f60,9830ab6cdb05dbbdbb54b17637c57ae3,pair_formed_by_refactoring,exact,signature_changed,1.0,0.88
37b012e1356848b1bf110a2a18876f60,aa2019976583b18fd0f32a389033c81b,pair_formed_naturally,exact,exact,1.0,1.0
37b012e1356848b1bf110a2a18876f60,f6384ef959c037e8210b3514275b5db8,pair_formed_by_refactoring,exact,signature_changed,1.0,0.88
37d29846f05f6a63b0e010f15a5a8354,86ae178d9cd3492c44031f3a3e168a24,pair_formed_naturally,exact,exact,1.0,1.0
38031b8f22edac3f42bebd49a684fdbf,3e25a6ebc5072d4540ba216d9577bdae,method_a_added,added,signature_changed,,1.0
38031b8f22edac3f42bebd49a684fdbf,6c33d125da878781791a537fa17de858,both_added,added,added,,
38031b8f22edac3f42bebd49a684fdbf,8748cf20f2bff52cb7fa6d5db8c0833d,both_added,added,added,,
38031b8f22edac3f42bebd49a684fdbf,8a3b308279b5e80ab92d1f6e667bc488,method_a_added,added,signature_changed,,0.98
38031b8f22edac3f42bebd49a684fdbf,c26b95e4619c642abc7df750bcdfdadd,both_added,added,added,,
38031b8f22edac3f42bebd49a684fdbf,d3c398dd9eb3eb3fa48171defb4f83ee,both_added,added,added,,
38031b8f22edac3f42bebd49a684fdbf,e65cee3e0c862e70795724520088f960,both_added,added,added,,
380e72586c888fb6080dcf40d771d119,3975b19cbcc82da01c1b66423ea52fb0,pair_formed_naturally,exact,exact,1.0,1.0
380e72586c888fb6080dcf40d771d119,9312ad37c6db0283302c10687173889b,pair_formed_naturally,exact,exact,1.0,1.0
380e72586c888fb6080dcf40d771d119,9ead1557a30046d4cd4c7795cf208418,pair_formed_naturally,exact,exact,1.0,1.0
380e72586c888fb6080dcf40d771d119,ba15d5b919df0821be5632d95231f4f1,pair_formed_naturally,exact,exact,1.0,1.0
380e72586c888fb6080dcf40d771d119,c268371bcf45bafae0149f58aa770071,pair_formed_naturally,exact,exact,1.0,1.0
386872fecd85098053e051d6adf51593,40d0d8e0da1496e54515faf1c19e45a4,method_b_added,exact,added,1.0,
386e7c23c204d62471b367ffefe33fd0,8e172cb357cde5f6f1a6de802b5019cf,method_a_added,added,exact,,1.0
386e7c23c204d62471b367ffefe33fd0,bcd9bcef2853467f810110a25b0d3395,method_a_added,added,exact,,1.0
38884aeb3144a3c0682e99f55fb70756,bbc8438430dd30b3da2a6cba4311bcb7,pair_formed_naturally,exact,exact,1.0,1.0
3890d06becaaff1e8ea2e805d3a736c8,e212e101d5942462f438e3f445a570a5,both_added,added,added,,
389240eada576c042c3b3682c76ae217,8ba6e044a6a98cfb7263faf7baa58200,pair_formed_by_refactoring,signature_changed,exact,0.99,1.0
38a72ffffcee71803074da1082a8fc57,a0c479fd2079b101907811a4ef441d94,pair_formed_by_refactoring,exact,signature_changed,1.0,1.0
38c29cd1fad88de29f820c27c5950c24,d951b4fb2c6db6d9a1311574c6dc3671,both_added,added,added,,
38c29cd1fad88de29f820c27c5950c24,f1cf0f88d23099428c04391f7b5b5b41,both_added,added,added,,
390f1039d8da1cfefe3a474b821767c7,92f04b56f3b87018a39c39fccb96c99f,pair_formed_by_refactoring,signature_changed,signature_changed,1.0,1.0
390f1039d8da1cfefe3a474b821767c7,99266b38dd8df9f5d6d8beb14a0038ee,pair_formed_by_refactoring,signature_changed,signature_changed,1.0,1.0
390f1039d8da1cfefe3a474b821767c7,9ae60a2bd1dd54069ec51b8b1397adc8,pair_formed_by_refactoring,signature_changed,signature_changed,1.0,1.0
390f1039d8da1cfefe3a474b821767c7,ce9296a44b9f8519ce4b624b815a3267,pair_formed_by_refactoring,signature_changed,signature_changed,1.0,1.0
390f1039d8da1cfefe3a474b821767c7,f166de7c43fcf5f1de935f5bf62498e6,pair_formed_by_refactoring,signature_changed,signature_changed,1.0,1.0
390f1039d8da1cfefe3a474b821767c7,f1aa57e9fba6e9640f72bb08dfa32fe2,pair_formed_by_refactoring,signature_changed,signature_changed,1.0,0.97
391af2a7d59882f0a6207e99f7d6f942,ebb48c256d4cfd83ae14b17b185e06a2,pair_formed_naturally,exact,exact,1.0,1.0
393d188d85ca010129a591e1f3ec6132,909f395f58d1d62cbf384c6051011a24,both_added,added,added,,
3953097d5660943b13d07eaac6326abe,9bc7dd6f2a2f5fe11e84da920828addd,pair_formed_naturally,unknown,exact,,1.0
39606577d47c46d6353adacaae0b5226,b7f1dd28f1a13fb6893996b325e43296,pair_formed_naturally,exact,exact,1.0,1.0
3975b19cbcc82da01c1b66423ea52fb0,5fa9fa2007f3cd82b81d215aeacc5175,pair_formed_naturally,exact,exact,1.0,1.0
3975b19cbcc82da01c1b66423ea52fb0,9312ad37c6db0283302c10687173889b,pair_formed_naturally,exact,exact,1.0,1.0
3975b19cbcc82da01c1b66423ea52fb0,9ead1557a30046d4cd4c7795cf208418,pair_formed_naturally,exact,exact,1.0,1.0
3975b19cbcc82da01c1b66423ea52fb0,d5a99106515ebc1eb465022042c16fe6,pair_formed_naturally,exact,exact,1.0,1.0
397d13aac34023af9983f53615e0a893,56891bfe42f75f07645f6736f344cc58,pair_formed_naturally,exact,exact,1.0,1.0
399bf9c2d498cf17c1a9c87f896396b4,da66a427cfda3148a7bdb96a4266ea7f,pair_formed_naturally,exact,exact,1.0,1.0
39ed57f906597ee545b0312d2e34db96,94db0a22b054371ff4110c04abe0d5ad,pair_formed_naturally,exact,exact,1.0,1.0
3a01bc694c3fbb9329fac1792abe339d,9621e38b3a5fd35417102ce08d35a02a,pair_formed_naturally,exact,exact,1.0,1.0
3a15ea845b6f562267b466c7bba5e014,57f0995971befe2099b5e1fe4112b212,pair_formed_naturally,exact,exact,1.0,1.0
3a4c7c77b03af6f7e08db441416031af,a7f4490262a276e25fb03fffaade1ca4,method_a_added,added,exact,,1.0
3a4c7c77b03af6f7e08db441416031af,fcabd754dd3a4ad214d1347bbd78b458,method_a_added,added,exact,,1.0
3a5f3582f200e3e6eda475b87ab2e425,9de6f923c9089ebf2be07dcde7539d54,pair_formed_naturally,exact,exact,1.0,1.0
3a7b2e03cf8cc2290e2a9a6f256bd472,3f670e743d77046da4c39a0e853a619b,method_b_added,exact,added,1.0,
3a7b2e03cf8cc2290e2a9a6f256bd472,54531bcdabcceff2774378ee3c30dfd2,pair_formed_naturally,exact,exact,1.0,1.0
3a7b2e03cf8cc2290e2a9a6f256bd472,5f57d1eaa8241316b7cfc89797fc8be0,pair_formed_by_refactoring,exact,signature_changed,1.0,1.0
3a7b2e03cf8cc2290e2a9a6f256bd472,afaddaf787454beeec11c6726b2f30d4,pair_formed_by_refactoring,exact,signature_changed,1.0,1.0
3a7b2e03cf8cc2290e2a9a6f256bd472,f1b42d2ce501391e370975e3b16f516c,pair_formed_by_refactoring,exact,signature_changed,1.0,1.0
3ad0ef8cd7e41b60fba3598b71d7e105,fc0588e5eb0f7332a9d2b5c51f684b2e,pair_formed_naturally,exact,unknown,1.0,
3b05c9ca5ebadebe71c7b1c6f0ac0b91,46f2b17019bd096ae3e7f8734bab84b6,pair_formed_naturally,exact,exact,1.0,1.0
3b05c9ca5ebadebe71c7b1c6f0ac0b91,4b1cbb94bbc28c49a566b4fc797a72a1,pair_formed_naturally,exact,exact,1.0,1.0
3b05c9ca5ebadebe71c7b1c6f0ac0b91,737524e5fe5a135a2d85bee2669f1df7,pair_formed_naturally,exact,exact,1.0,1.0
3b05c9ca5ebadebe71c7b1c6f0ac0b91,8104c1fd33d32f08fb34b45f93885c81,pair_formed_naturally,exact,exact,1.0,1.0
3b05c9ca5ebadebe71c7b1c6f0ac0b91,de7e97f07df2fc21edbdc76839a0f1e2,pair_formed_naturally,exact,exact,1.0,1.0
3b05c9ca5ebadebe71c7b1c6f0ac0b91,e448c4cd1a0e7ba210acf8358895e6eb,pair_formed_naturally,exact,exact,1.0,1.0
3b05c9ca5ebadebe71c7b1c6f0ac0b91,e8ba27d37963c50e801a8f61211cbb12,pair_formed_naturally,exact,exact,1.0,1.0
3b4646aac4bc26313edecc5ad0f5e801,3d071a0cba5c4cad06bc85a9f46712e1,method_a_added,added,signature_changed,,0.99
3b4e4b29165f8de033d5070a405d0184,92afcb3664085be24afa75e0e0810248,both_added,added,added,,
3b60813e513e3c149de26f17c770a741,50eb5a609fb17fb46191aa21fc1c118a,pair_formed_naturally,exact,exact,1.0,1.0
3b9875386c17fded1014908bc4b74eef,7dcdd458b1921e569c23ed27c4428da5,pair_formed_naturally,exact,exact,1.0,1.0
3b9875386c17fded1014908bc4b74eef,879f696e6c6b8a65d754b93c90e881ec,pair_formed_naturally,exact,exact,1.0,1.0
3b9875386c17fded1014908bc4b74eef,9d8b25077904644a798b2e3d7c11047a,pair_formed_naturally,exact,exact,1.0,1.0
3b9875386c17fded1014908bc4b74eef,ef3053b10907c50bd5d1abd6973e689d,pair_formed_naturally,exact,exact,1.0,1.0
3ba341b527dc4257a149e90d9b29d9de,d54d15d5d4543c4ea2b36f4657e9518d,pair_formed_by_refactoring,exact,signature_changed,1.0,1.0
3c1ce69bf47b77a7c7602c5c9247713a,449d79b77a344730961192ac096346b6,pair_formed_by_refactoring,exact,signature_changed,1.0,1.0
3c1ce69bf47b77a7c7602c5c9247713a,f61625da4bbb70922dff32705ea6bb5b,pair_formed_by_refactoring,exact,signature_changed,1.0,1.0
3c71787a24034aca4ec90100f20d44a5,a30db4fd0a8bb30e52f61b04e79eb43b,pair_formed_naturally,exact,exact,1.0,1.0
3cbc25adee6478ff499d03975de90003,40fe3643baf1520a192fa9a579a57886,pair_formed_by_refactoring,signature_changed,signature_changed,0.98,0.98
3cbc25adee6478ff499d03975de90003,443b661fe588999fe1edfd86226609a5,pair_formed_by_refactoring,signature_changed,signature_changed,0.98,0.98
3cbc25adee6478ff499d03975de90003,46e6806869f332e12a91b9787a2d15a3,pair_formed_by_refactoring,signature_changed,signature_changed,0.98,0.98
3cbc25adee6478ff499d03975de90003,4a3f7dc18d709b994ff0613e6b17bc82,pair_formed_by_refactoring,signature_changed,signature_changed,0.98,1.0
3cbc25adee6478ff499d03975de90003,5cb7b4900b8e34e4aab96d6aeba7ff63,pair_formed_by_refactoring,signature_changed,signature_changed,0.98,1.0
3cbc25adee6478ff499d03975de90003,653c0d5f14574cfad3136c90e3436996,pair_formed_by_refactoring,signature_changed,signature_changed,0.98,0.97
3cbc25adee6478ff499d03975de90003,699f9dcd41a27de7189607cebb7152db,pair_formed_by_refactoring,signature_changed,signature_changed,0.98,1.0
3cbc25adee6478ff499d03975de90003,7bf2d4782daec923aecc8725a3f41795,pair_formed_by_refactoring,signature_changed,signature_changed,0.98,0.98
3cbc25adee6478ff499d03975de90003,a4a427b9eca642fc48c6f8f413121c3f,pair_formed_by_refactoring,signature_changed,signature_changed,0.98,1.0
3cbc25adee6478ff499d03975de90003,b7ba8d82fb4e049e643b4af8bb0d8593,pair_formed_by_refactoring,signature_changed,signature_changed,0.98,0.98
3cbc25adee6478ff499d03975de90003,c1211e9761ccb2368ba1b6ebfe0edb1c,pair_formed_by_refactoring,signature_changed,signature_changed,0.98,0.97
3cbc25adee6478ff499d03975de90003,ce9296a44b9f8519ce4b624b815a3267,pair_formed_by_refactoring,signature_changed,signature_changed,0.98,1.0
3cbc25adee6478ff499d03975de90003,d5d28089a0e9c6c92695076654fa4182,pair_formed_by_refactoring,signature_changed,signature_changed,0.98,0.98
3cbc25adee6478ff499d03975de90003,ffb5c85bf24ef50e36a20364e96b8ca1,pair_formed_by_refactoring,signature_changed,signature_changed,0.98,0.98
3ccb1dba24575d1b8a884b09299cd612,5f684267a8eed4e5ef5c653cf10ea48c,pair_formed_naturally,exact,exact,1.0,1.0
3cfb39ea7d9e3ca9e174e5ca560e5d86,dd5bb6ce4c7e146c71073f84b681368c,pair_formed_by_refactoring,signature_changed,signature_changed,1.0,1.0
3cfb39ea7d9e3ca9e174e5ca560e5d86,f61625da4bbb70922dff32705ea6bb5b,pair_formed_by_refactoring,signature_changed,signature_changed,1.0,1.0
3d071a0cba5c4cad06bc85a9f46712e1,5ab62be7acabfef43210c3fbdef4c11b,method_b_added,signature_changed,added,0.99,
3d071a0cba5c4cad06bc85a9f46712e1,5db9981e5f6bdc893b26712d8935d3de,method_b_added,signature_changed,added,0.99,
3d071a0cba5c4cad06bc85a9f46712e1,616f6f6545989d882a537d12e1f3236f,method_b_added,signature_changed,added,0.99,
3d071a0cba5c4cad06bc85a9f46712e1,cb24af052fa9aa8cd6052114ba59aa90,method_b_added,signature_changed,added,0.99,
3d40efcd7d617182e44c1c0ff9a630bb,5b58b0675a936ef90d92013bc5d48ee8,pair_formed_naturally,exact,exact,1.0,1.0
3d40efcd7d617182e44c1c0ff9a630bb,9b6635a717de289bafc0b330afdb089f,pair_formed_naturally,exact,exact,1.0,1.0
3d427c2ae093a49319915e531f94a19f,4108f65f79ebe7f2d0551f0bf6780f97,pair_formed_naturally,exact,exact,1.0,1.0
3d7867d3839c3f69afc99445451b1cf8,9cefd806cfbdacbf94d0decd4f72f20f,pair_formed_by_refactoring,exact,signature_changed,1.0,1.0
3d81c548b5afda4e88697f980ae58e49,41cf7c15f135543c9f8bdd0d77edf21f,both_added,added,added,,
3d81c548b5afda4e88697f980ae58e49,41e32b8d899be1ed278f7b18d50d084e,both_added,added,added,,
3d81c548b5afda4e88697f980ae58e49,448e9c7bfaa3ad8021a9d175f6b921ea,method_a_added,added,unknown,,
3d81c548b5afda4e88697f980ae58e49,4d8e2636455ac340f04411a719120642,method_a_added,added,unknown,,
3d81c548b5afda4e88697f980ae58e49,6106eb9101581da2a5f55d751c88dbe8,both_added,added,added,,
3d81c548b5afda4e88697f980ae58e49,683557dcc32eeb3d288fe3740b0e6f2b,method_a_added,added,unknown,,
3d81c548b5afda4e88697f980ae58e49,c894957d5286a05d516c2f81e3ae6e10,method_a_added,added,unknown,,
3d81c548b5afda4e88697f980ae58e49,ce459a2832e02d42aae192b69f666407,both_added,added,added,,
3d81c548b5afda4e88697f980ae58e49,e5edc26bccceccb12f936c699ad0411e,method_a_added,added,unknown,,
3d81c548b5afda4e88697f980ae58e49,e87eb48877d1c7de9709ec2d94dc2771,both_added,added,added,,
3d81c548b5afda4e88697f980ae58e49,ec789f0f926b6cccb1a15984b6464223,both_added,added,added,,
3d81c548b5afda4e88697f980ae58e49,f2aae995fce1fe0eb5f787837abedd7c,both_added,added,added,,
3da8d37d5806145e0c62ee423a1054a3,4c2a894e5bb1904607f0e23246110093,method_a_added,added,exact,,1.0
3da8d37d5806145e0c62ee423a1054a3,514bf91316ce3a445b1a354d9d3e8b5e,method_a_added,added,exact,,1.0
3daa74fdbdca2326c6c50e3477ca42e0,41edc908fe3f095f2a2b4ae939dbd8d8,pair_formed_naturally,exact,exact,1.0,1.0
3daa74fdbdca2326c6c50e3477ca42e0,5b2b0d8a9148ea6b5d2f30661d6577f1,pair_formed_naturally,exact,exact,1.0,1.0
3daa74fdbdca2326c6c50e3477ca42e0,879f696e6c6b8a65d754b93c90e881ec,pair_formed_naturally,exact,exact,1.0,1.0
3daa74fdbdca2326c6c50e3477ca42e0,9d8b25077904644a798b2e3d7c11047a,pair_formed_naturally,exact,exact,1.0,1.0
3daa74fdbdca2326c6c50e3477ca42e0,ef3053b10907c50bd5d1abd6973e689d,pair_formed_naturally,exact,exact,1.0,1.0
3db5619043b484b327f99e306d7fe85c,bed3dac7b1324b0b113a321bb59428f3,pair_formed_by_refactoring,signature_changed,signature_changed,0.97,1.0
3dc2d8e0e52148236ed5ddde7465d173,7c8039d91f20477ed1f6219e50904713,pair_formed_naturally,exact,exact,1.0,1.0
3e00184fa53a05209d1e9af7518bec64,75a1eeb9fcf264968214bb39376fa585,pair_formed_by_refactoring,signature_changed,signature_changed,0.96,0.96
3e00184fa53a05209d1e9af7518bec64,7d04d47b455fe2a829d5c7b2a8670219,pair_formed_by_refactoring,signature_changed,unknown,0.96,
3e00184fa53a05209d1e9af7518bec64,aefaec2302d819e0e526700bf86558f4,pair_formed_by_refactoring,signature_changed,signature_changed,0.96,0.96
3e00184fa53a05209d1e9af7518bec64,befe0f6ecbe5b939dd0927daa4b41d8d,pair_formed_by_refactoring,signature_changed,signature_changed,0.96,0.96
3e25a6ebc5072d4540ba216d9577bdae,6c33d125da878781791a537fa17de858,method_b_added,signature_changed,added,1.0,
3e25a6ebc5072d4540ba216d9577bdae,84b9d6ebdd54379c658d5d6d554b68c0,pair_formed_by_refactoring,signature_changed,signature_changed,1.0,0.98
3e25a6ebc5072d4540ba216d9577bdae,8748cf20f2bff52cb7fa6d5db8c0833d,method_b_added,signature_changed,added,1.0,
3e25a6ebc5072d4540ba216d9577bdae,c26b95e4619c642abc7df750bcdfdadd,method_b_added,signature_changed,added,1.0,
3e25a6ebc5072d4540ba216d9577bdae,d3c398dd9eb3eb3fa48171defb4f83ee,method_b_added,signature_changed,added,1.0,
3e25a6ebc5072d4540ba216d9577bdae,e65cee3e0c862e70795724520088f960,method_b_added,signature_changed,added,1.0,
3e63e4ae14d114e89c7da62f6501497b,4ac65bb0df44152241a5b14d058a02d9,pair_formed_by_refactoring,signature_changed,exact,0.98,1.0
3ebf2701685f40aaf1d7b01f0a29375a,b665c0915c7ae6ab25ace9bd5659ab24,pair_formed_naturally,exact,exact,1.0,1.0
3ed8659c5eb538f1f9af43a9f7a1e800,a4f588f71822146784d6cae85a69d126,both_added,added,added,,
3f14a0bf859080a00d9642876692f5cf,a458f91ed001dcb28770a42f6fc516a0,method_b_added,exact,added,1.0,
3f33c5ef1ab54722f43c2b3aaf11ed1c,9fbfc147865cb278b272750c5665d694,pair_formed_naturally,exact,exact,1.0,1.0
3f33c5ef1ab54722f43c2b3aaf11ed1c,ab0f2ba0426ae676c6036be60873d337,pair_formed_naturally,exact,exact,1.0,1.0
3fc5ad2d5ba868d312d62a87420a30b1,f2d6236606db5b957650444c518504ac,pair_formed_naturally,exact,exact,1.0,1.0
3fe698648021b532e8a4b7724a715a06,f60955bd6173f743684e4e93123031b4,pair_formed_naturally,exact,exact,1.0,1.0
403d53a04f23441f342c9ffc25aee3ea,f0a257484985c72325f25a5f5df42930,pair_formed_by_refactoring,signature_changed,signature_changed,0.96,1.0
407be186847c2a64c0003a3f3e46aec0,68a63d23e09dcd84de79d7e9423413ec,pair_formed_naturally,exact,exact,1.0,1.0
40922a80c6861f93e22ccce451e3de35,720b4b164a93c6892d0d36a67e8f110b,pair_formed_by_refactoring,exact,signature_changed,1.0,1.0
4095358380b03fc68382157bb7988ece,533894b63de9b7a4e8ea95fc0ae1cc5e,pair_formed_by_refactoring,signature_changed,signature_changed,1.0,1.0
4095358380b03fc68382157bb7988ece,77e748b02611ee7b38a80ffc422905f2,pair_formed_by_refactoring,signature_changed,signature_changed,1.0,1.0
40ae52e6d35202500f53676a85d1f5f5,655771ebc0373dcf7a07e145a198ca79,both_added,added,added,,
40ae52e6d35202500f53676a85d1f5f5,d8644503babd66f9e7498260189bd9cd,both_added,added,added,,
40cfe6f4b611a147efb5a94552c3a41f,d7a79f5617dd02e4449a1f0a29fc92bb,both_added,added,added,,
40d0ec9fa78ee725443ebf8833bf53f3,4771d29c38af73ddd9470cd237de0d7d,both_added,added,added,,
40d0ec9fa78ee725443ebf8833bf53f3,4f36c54372d716ebdf491eaa9d1e9f7b,both_added,added,added,,
40d0ec9fa78ee725443ebf8833bf53f3,63d1b342e0d939b9a1c2a05cf349f1af,both_added,added,added,,
40d0ec9fa78ee725443ebf8833bf53f3,77d0059e4a92381b195fae1b13278760,both_added,added,added,,
40d0ec9fa78ee725443ebf8833bf53f3,79e5a30fe83f456300019bceeaffabc3,both_added,added,added,,
40d0ec9fa78ee725443ebf8833bf53f3,9f97ad616ecec19c84301474da53b1e9,both_added,added,added,,
40d0ec9fa78ee725443ebf8833bf53f3,a06a757a5f8434dbd1a7244bc9e9aac7,both_added,added,added,,
40d0ec9fa78ee725443ebf8833bf53f3,a10c29366272db9db3f5de133e84e28a,both_added,added,added,,
40d0ec9fa78ee725443ebf8833bf53f3,c0e786e282eb8bf28f18add960f158ca,both_added,added,added,,
40d0ec9fa78ee725443ebf8833bf53f3,cecc2c0dea228b9f014cf2a24aada5f5,both_added,added,added,,
40d0ec9fa78ee725443ebf8833bf53f3,d6c197508c2ce62b8df7a3ecf662a7ef,both_added,added,added,,
40d0ec9fa78ee725443ebf8833bf53f3,d94abc308f54af93bbdde0a2fcb703c3,both_added,added,added,,
40d0ec9fa78ee725443ebf8833bf53f3,de02b943529137359129494fa4c891d0,both_added,added,added,,
40d0ec9fa78ee725443ebf8833bf53f3,e9b0da10b94507473458c0088affba57,both_added,added,added,,
40d0ec9fa78ee725443ebf8833bf53f3,ecdd4611ac8dba825c5281627eec814d,both_added,added,added,,
40d0ec9fa78ee725443ebf8833bf53f3,fc2fdb740d7923a0e511dd94f94331fc,both_added,added,added,,
40db8f97f82a17546db61a493ebe2657,ac0a1f7c495ff8eab71ceb712eb07b49,pair_formed_naturally,exact,unknown,1.0,
40fe3643baf1520a192fa9a579a57886,443b661fe588999fe1edfd86226609a5,pair_formed_by_refactoring,signature_changed,signature_changed,0.98,0.98
40fe3643baf1520a192fa9a579a57886,46e6806869f332e12a91b9787a2d15a3,pair_formed_by_refactoring,signature_changed,signature_changed,0.98,0.98
40fe3643baf1520a192fa9a579a57886,4a3f7dc18d709b994ff0613e6b17bc82,pair_formed_by_refactoring,signature_changed,signature_changed,0.98,1.0
40fe3643baf1520a192fa9a579a57886,5cb7b4900b8e34e4aab96d6aeba7ff63,pair_formed_by_refactoring,signature_changed,signature_changed,0.98,1.0
40fe3643baf1520a192fa9a579a57886,653c0d5f14574cfad3136c90e3436996,pair_formed_by_refactoring,signature_changed,signature_changed,0.98,0.97
40fe3643baf1520a192fa9a579a57886,699f9dcd41a27de7189607cebb7152db,pair_formed_by_refactoring,signature_changed,signature_changed,0.98,1.0
40fe3643baf1520a192fa9a579a57886,7bf2d4782daec923aecc8725a3f41795,pair_formed_by_refactoring,signature_changed,signature_changed,0.98,0.98
40fe3643baf1520a192fa9a579a57886,a4a427b9eca642fc48c6f8f413121c3f,pair_formed_by_refactoring,signature_changed,signature_changed,0.98,1.0
40fe3643baf1520a192fa9a579a57886,b7ba8d82fb4e049e643b4af8bb0d8593,pair_formed_by_refactoring,signature_changed,signature_changed,0.98,0.98
40fe3643baf1520a192fa9a579a57886,c1211e9761ccb2368ba1b6ebfe0edb1c,pair_formed_by_refactoring,signature_changed,signature_changed,0.98,0.97
40fe3643baf1520a192fa9a579a57886,ce9296a44b9f8519ce4b624b815a3267,pair_formed_by_refactoring,signature_changed,signature_changed,0.98,1.0
40fe3643baf1520a192fa9a579a57886,d5d28089a0e9c6c92695076654fa4182,pair_formed_by_refactoring,signature_changed,signature_changed,0.98,0.98
40fe3643baf1520a192fa9a579a57886,ffb5c85bf24ef50e36a20364e96b8ca1,pair_formed_by_refactoring,signature_changed,signature_changed,0.98,0.98
4100c3e4f82ec2ae95427f0a99a82c58,c4889326ef485d0cc50b409097083888,pair_formed_naturally,exact,exact,1.0,1.0
415750e971118b214dfa5464bed63c46,b4def67b9e0022e35ca1db48a2b8c212,both_added,added,added,,
415750e971118b214dfa5464bed63c46,f001e37e62053a0aef60fd2478680724,both_added,added,added,,
417f03cad38c241adf7ebb11186a4a0f,dcb5b391425ec7ba82106bf8a112309d,pair_formed_naturally,exact,exact,1.0,1.0
41c4e09d53759d377052de39ea973a36,cfc91e89b72ec60d205ed50e56e21065,method_a_added,added,signature_changed,,0.99
41cf7c15f135543c9f8bdd0d77edf21f,41cf7c15f135543c9f8bdd0d77edf21f,both_added,added,added,,
41cf7c15f135543c9f8bdd0d77edf21f,41e32b8d899be1ed278f7b18d50d084e,both_added,added,added,,
41cf7c15f135543c9f8bdd0d77edf21f,448e9c7bfaa3ad8021a9d175f6b921ea,method_a_added,added,unknown,,
41cf7c15f135543c9f8bdd0d77edf21f,4d8e2636455ac340f04411a719120642,method_a_added,added,unknown,,
41cf7c15f135543c9f8bdd0d77edf21f,6106eb9101581da2a5f55d751c88dbe8,both_added,added,added,,
41cf7c15f135543c9f8bdd0d77edf21f,683557dcc32eeb3d288fe3740b0e6f2b,method_a_added,added,unknown,,
41cf7c15f135543c9f8bdd0d77edf21f,c894957d5286a05d516c2f81e3ae6e10,method_a_added,added,unknown,,
41cf7c15f135543c9f8bdd0d77edf21f,ce459a2832e02d42aae192b69f666407,both_added,added,added,,
41cf7c15f135543c9f8bdd0d77edf21f,e5edc26bccceccb12f936c699ad0411e,method_a_added,added,unknown,,
41cf7c15f135543c9f8bdd0d77edf21f,e87eb48877d1c7de9709ec2d94dc2771,both_added,added,added,,
41cf7c15f135543c9f8bdd0d77edf21f,ec789f0f926b6cccb1a15984b6464223,both_added,added,added,,
41cf7c15f135543c9f8bdd0d77edf21f,f2aae995fce1fe0eb5f787837abedd7c,both_added,added,added,,
41e32b8d899be1ed278f7b18d50d084e,448e9c7bfaa3ad8021a9d175f6b921ea,method_a_added,added,unknown,,
41e32b8d899be1ed278f7b18d50d084e,4d8e2636455ac340f04411a719120642,method_a_added,added,unknown,,
41e32b8d899be1ed278f7b18d50d084e,6106eb9101581da2a5f55d751c88dbe8,both_added,added,added,,
41e32b8d899be1ed278f7b18d50d084e,683557dcc32eeb3d288fe3740b0e6f2b,method_a_added,added,unknown,,
41e32b8d899be1ed278f7b18d50d084e,c894957d5286a05d516c2f81e3ae6e10,method_a_added,added,unknown,,
41e32b8d899be1ed278f7b18d50d084e,ce459a2832e02d42aae192b69f666407,both_added,added,added,,
41e32b8d899be1ed278f7b18d50d084e,e5edc26bccceccb12f936c699ad0411e,method_a_added,added,unknown,,
41e32b8d899be1ed278f7b18d50d084e,e87eb48877d1c7de9709ec2d94dc2771,both_added,added,added,,
41e32b8d899be1ed278f7b18d50d084e,ec789f0f926b6cccb1a15984b6464223,both_added,added,added,,
41e32b8d899be1ed278f7b18d50d084e,f2aae995fce1fe0eb5f787837abedd7c,both_added,added,added,,
41edc908fe3f095f2a2b4ae939dbd8d8,879f696e6c6b8a65d754b93c90e881ec,pair_formed_naturally,exact,exact,1.0,1.0
4207c6144cc66412813a18a8efa6524d,4598f5d12677b685075b2cadb3bc7d09,method_b_added,exact,added,1.0,
420e19deaa9675a865385c01654692ee,cfb20d676407c2c6efad53f7db7e5339,method_a_added,added,exact,,1.0
4251ae1c4de60f0648e6b3b93dbd4f0e,a53ec9ef4d517af8276b64df0601fa06,both_added,added,added,,
4261c2447fcfdadb63e2cffb517a61e8,ad2ba60a7fe0e253d3112a2a733e45ba,pair_formed_naturally,exact,exact,1.0,1.0
429339621975d7bcd7a517c1026f8648,fb164951d4b0361509df43f241916da7,pair_formed_by_refactoring,exact,renamed,1.0,0.96
4301b45fcba9fff854958dd879bfa2e2,752a2f6a8e94747d6b9c54e399391dd8,pair_formed_by_refactoring,signature_changed,signature_changed,1.0,1.0
433266b0f0aef1d5054881e75de7bed9,6ff1ef79ef5feeafc6a43dbef0bde932,both_added,added,added,,
433266b0f0aef1d5054881e75de7bed9,a5e2345a7bb4edcfe2cacee140c6eadc,both_added,added,added,,
433e2d2bff799c79ec2008bc1e5d7729,9fbfaf2d7eb3d6ddad0a9536ad92872d,both_added,added,added,,
433e2d2bff799c79ec2008bc1e5d7729,e70be6bd1fb0211d3b692137019a6801,both_added,added,added,,
435708227530bf7af59bb90cf08d95d3,62f2f742ba8eda48954d8c2e43e381b4,method_b_added,exact,added,1.0,
43570c3cb2b5d76ab410dc285c88844e,4f36c54372d716ebdf491eaa9d1e9f7b,both_added,added,added,,
43570c3cb2b5d76ab410dc285c88844e,536b3d37d76f35b22425855b7add108f,both_added,added,added,,
43570c3cb2b5d76ab410dc285c88844e,61ffd9f2892c973b6be681d09a437d6e,both_added,added,added,,
43570c3cb2b5d76ab410dc285c88844e,848cc34d634892c33464d56a91b27d31,both_added,added,added,,
43570c3cb2b5d76ab410dc285c88844e,867a312ce5320ce4d6f665f8c3b5a25c,both_added,added,added,,
43570c3cb2b5d76ab410dc285c88844e,9f97ad616ecec19c84301474da53b1e9,both_added,added,added,,
43570c3cb2b5d76ab410dc285c88844e,b55e54f8f1e0e7c199eba82e5596b366,both_added,added,added,,
43570c3cb2b5d76ab410dc285c88844e,d94abc308f54af93bbdde0a2fcb703c3,both_added,added,added,,
43570c3cb2b5d76ab410dc285c88844e,de02b943529137359129494fa4c891d0,both_added,added,added,,
43570c3cb2b5d76ab410dc285c88844e,f97eb40d7cb98c2ec9244b3196a2c0a0,both_added,added,added,,
435c754e1fcae9763a8d48480e5553f8,98c854cec0bf7881a16bc89a423abcdc,pair_formed_by_refactoring,signature_changed,signature_changed,1.0,1.0
43737ef3530581d3d2d2e1d6e9565ed9,46208266ee6d1a857eedbf4136bd52aa,pair_formed_naturally,exact,exact,1.0,1.0
4374e89fd55624e24e86977a7d918b9c,e4b90f5d9d1177f7a624b84d039f1e1b,pair_formed_naturally,exact,exact,1.0,1.0
4374e89fd55624e24e86977a7d918b9c,f454a6d6a36906b6eb73d7a7637b106b,pair_formed_naturally,exact,exact,1.0,1.0
43ddf74752c407ccb09db4aaad294c9b,5c73425bbd692819cac0b6862e7fd6e8,method_a_added,added,exact,,1.0
43ddf74752c407ccb09db4aaad294c9b,819938c0468eea7669a25b571c2a841d,method_a_added,added,exact,,1.0
43ddf74752c407ccb09db4aaad294c9b,bab09ec669df9914561104286f6d3f9f,both_added,added,added,,
43ddf74752c407ccb09db4aaad294c9b,be1caea18d561783d8d6b71cd153273e,method_a_added,added,exact,,1.0
43ddf74752c407ccb09db4aaad294c9b,be4b4254ff070c9df5f8a4f922f3266b,method_a_added,added,exact,,1.0
43ddf74752c407ccb09db4aaad294c9b,dc2d893f3a213ba8347e841ee3603faa,method_a_added,added,exact,,1.0
43ddf74752c407ccb09db4aaad294c9b,f43d862f762bba5c9b1fddd4a6081faa,both_added,added,added,,
43edf033f0cb1707a61cdb798ed0d93b,64d2ecd194331023281770d417e4442f,pair_formed_naturally,exact,exact,1.0,1.0
43f18e1813f243e051c5b8573b2c1373,8be3dbf88e9b0b17bef9349ca8326e4b,pair_formed_naturally,exact,exact,1.0,1.0
43f18e1813f243e051c5b8573b2c1373,984ebdcb3f568d9389b22851aad490de,pair_formed_naturally,exact,exact,1.0,1.0
442f7c92cccf4cda5aa19e50c6fc1b4f,51470b8a6984887757ce229cbc2cddb0,pair_formed_by_refactoring,signature_changed,signature_changed,1.0,1.0
442f7c92cccf4cda5aa19e50c6fc1b4f,f04aacba2406380cedf1967b27583378,pair_formed_by_refactoring,signature_changed,signature_changed,1.0,1.0
443b661fe588999fe1edfd86226609a5,46e6806869f332e12a91b9787a2d15a3,pair_formed_by_refactoring,signature_changed,signature_changed,0.98,0.98
443b661fe588999fe1edfd86226609a5,4a3f7dc18d709b994ff0613e6b17bc82,pair_formed_by_refactoring,signature_changed,signature_changed,0.98,1.0
443b661fe588999fe1edfd86226609a5,5cb7b4900b8e34e4aab96d6aeba7ff63,pair_formed_by_refactoring,signature_changed,signature_changed,0.98,1.0
443b661fe588999fe1edfd86226609a5,653c0d5f14574cfad3136c90e3436996,pair_formed_by_refactoring,signature_changed,signature_changed,0.98,0.97
443b661fe588999fe1edfd86226609a5,699f9dcd41a27de7189607cebb7152db,pair_formed_by_refactoring,signature_changed,signature_changed,0.98,1.0
443b661fe588999fe1edfd86226609a5,7bf2d4782daec923aecc8725a3f41795,pair_formed_by_refactoring,signature_changed,signature_changed,0.98,0.98
443b661fe588999fe1edfd86226609a5,a4a427b9eca642fc48c6f8f413121c3f,pair_formed_by_refactoring,signature_changed,signature_changed,0.98,1.0
443b661fe588999fe1edfd86226609a5,b7ba8d82fb4e049e643b4af8bb0d8593,pair_formed_by_refactoring,signature_changed,signature_changed,0.98,0.98
443b661fe588999fe1edfd86226609a5,c1211e9761ccb2368ba1b6ebfe0edb1c,pair_formed_by_refactoring,signature_changed,signature_changed,0.98,0.97
443b661fe588999fe1edfd86226609a5,ce9296a44b9f8519ce4b624b815a3267,pair_formed_by_refactoring,signature_changed,signature_changed,0.98,1.0
443b661fe588999fe1edfd86226609a5,d5d28089a0e9c6c92695076654fa4182,pair_formed_by_refactoring,signature_changed,signature_changed,0.98,0.98
443b661fe588999fe1edfd86226609a5,ffb5c85bf24ef50e36a20364e96b8ca1,pair_formed_by_refactoring,signature_changed,signature_changed,0.98,0.98
443bc408a3dc13936608e77305f04b2f,46208266ee6d1a857eedbf4136bd52aa,pair_formed_naturally,exact,exact,1.0,1.0
443cc5eefd2082e43497907fedc8f9a2,4598f5d12677b685075b2cadb3bc7d09,method_b_added,exact,added,1.0,
446f42cf67ad096b65df63b6616ba069,77c674042ba1f8075a46d0772337a33b,both_added,added,added,,
446f42cf67ad096b65df63b6616ba069,bc388a1c019648472d38f2453ccaf2af,method_a_added,added,signature_changed,,0.92
446f42cf67ad096b65df63b6616ba069,bff152e2eb21b7499d2f93da066029e7,both_added,added,added,,
446f42cf67ad096b65df63b6616ba069,e6e26290c935d2b459b36a2b8ba564e8,method_a_added,added,unknown,,
4474556b381aac04229c8cdab66706c6,5ab62be7acabfef43210c3fbdef4c11b,method_b_added,signature_changed,added,1.0,
4474556b381aac04229c8cdab66706c6,616f6f6545989d882a537d12e1f3236f,method_b_added,signature_changed,added,1.0,
4474556b381aac04229c8cdab66706c6,9571ad35dbcfc5b789668989856e534c,pair_formed_by_refactoring,signature_changed,signature_changed,1.0,0.96
448e9c7bfaa3ad8021a9d175f6b921ea,4d8e2636455ac340f04411a719120642,pair_formed_naturally,unknown,unknown,,
448e9c7bfaa3ad8021a9d175f6b921ea,6106eb9101581da2a5f55d751c88dbe8,method_b_added,unknown,added,,
448e9c7bfaa3ad8021a9d175f6b921ea,683557dcc32eeb3d288fe3740b0e6f2b,pair_formed_naturally,unknown,unknown,,
448e9c7bfaa3ad8021a9d175f6b921ea,c894957d5286a05d516c2f81e3ae6e10,pair_formed_naturally,unknown,unknown,,
448e9c7bfaa3ad8021a9d175f6b921ea,ce459a2832e02d42aae192b69f666407,method_b_added,unknown,added,,
448e9c7bfaa3ad8021a9d175f6b921ea,e5edc26bccceccb12f936c699ad0411e,pair_formed_naturally,unknown,unknown,,
448e9c7bfaa3ad8021a9d175f6b921ea,e87eb48877d1c7de9709ec2d94dc2771,method_b_added,unknown,added,,
448e9c7bfaa3ad8021a9d175f6b921ea,ec789f0f926b6cccb1a15984b6464223,method_b_added,unknown,added,,
448e9c7bfaa3ad8021a9d175f6b921ea,f2aae995fce1fe0eb5f787837abedd7c,method_b_added,unknown,added,,
449d79b77a344730961192ac096346b6,dd5bb6ce4c7e146c71073f84b681368c,pair_formed_by_refactoring,signature_changed,signature_changed,1.0,1.0
449d79b77a344730961192ac096346b6,f61625da4bbb70922dff32705ea6bb5b,pair_formed_by_refactoring,signature_changed,signature_changed,1.0,1.0
44a921468f662683f9237cae7af77c12,df8669a5a2a80512aabcb96c93f36b68,pair_formed_by_refactoring,signature_changed,signature_changed,0.95,0.95
451e85b4898f010fc6a9c230c770424f,5268767d3092a5a798d013db29901bb1,pair_formed_naturally,exact,exact,1.0,1.0
456bdb3fa6ace9fca9221feafad0edb6,565b93d17285d8f956578df47719f758,pair_formed_naturally,unknown,unknown,,
456bdb3fa6ace9fca9221feafad0edb6,a2aa914f5543e027b8a6ae401f5809c4,pair_formed_naturally,unknown,unknown,,
456bdb3fa6ace9fca9221feafad0edb6,d36791934f3b32400236665f3d4bc07b,pair_formed_naturally,unknown,unknown,,
456bdb3fa6ace9fca9221feafad0edb6,dd2852227e537fafda2ed57fff635e25,pair_formed_naturally,unknown,unknown,,
458807d4e08cd7ad3cbc17417084849a,458807d4e08cd7ad3cbc17417084849a,pair_formed_naturally,unknown,unknown,,
458bbdeb69b4ab071321e1f6b487eb8a,ca4dea472bf48ed1440414a91508061c,both_added,added,added,,
4598f5d12677b685075b2cadb3bc7d09,72746498a9cfe28b89a3a273d7f9b452,method_a_added,added,exact,,1.0
4598f5d12677b685075b2cadb3bc7d09,786db100297aa15c3dc3ac125b48e92f,method_a_added,added,exact,,1.0
45adcbf30ab26f3ba0ac9173b551bed5,c4889326ef485d0cc50b409097083888,pair_formed_naturally,exact,exact,1.0,1.0
45afd81b620750e075ae10a555883deb,53b29dca6fdb0597708cb2ecd1d24113,pair_formed_by_refactoring,signature_changed,signature_changed,1.0,1.0
4647d68b5fd8da77181d5d8e890f5898,56bcf6485cac352c657945e2e32117c1,pair_formed_naturally,exact,exact,1.0,1.0
4647d68b5fd8da77181d5d8e890f5898,62f516ac3dc5a4648f3d6f0b833929eb,pair_formed_naturally,exact,unknown,1.0,
4647d68b5fd8da77181d5d8e890f5898,c2e41a3c14178bf81869dbaaa49dd800,pair_formed_by_refactoring,exact,signature_changed,1.0,1.0
4647d68b5fd8da77181d5d8e890f5898,daec177f075eccd21a48e87eeb325ae0,pair_formed_by_refactoring,exact,signature_changed,1.0,1.0
4647d68b5fd8da77181d5d8e890f5898,e702f8f10bfaf76981000dded1e8578b,pair_formed_naturally,exact,exact,1.0,1.0
465b0f63f9338b37574759dbfd0e99c1,67bfe36f68573019965b1978c22e28dd,both_added,added,added,,
4683fe4f2778a3d032d4971f3919bc7d,877a3aa3de66f0a79d0a6e302dca0e5e,both_added,added,added,,
4683fe4f2778a3d032d4971f3919bc7d,8afe1e28a7dd08b77031e17612da86d7,both_added,added,added,,
4683fe4f2778a3d032d4971f3919bc7d,b90544a45383e3a8595788c8c9e6e036,both_added,added,added,,
4683fe4f2778a3d032d4971f3919bc7d,cca2d0eb01fa5004d7e088bab5782876,both_added,added,added,,
46a16352bef6b761e12c26c5d4fec42e,ed299600d527d3934c7a37d54c44dbb7,pair_formed_by_refactoring,exact,signature_changed,1.0,0.99
46a4f21b10f5c72322b47efdfe70b680,59460fe3931e231ad009f6fbc8b106ad,pair_formed_by_refactoring,signature_changed,exact,1.0,1.0
46a4f21b10f5c72322b47efdfe70b680,daffa6893d6a05ffffa53019d5220b46,pair_formed_by_refactoring,signature_changed,exact,1.0,1.0
46a6ab034123d3ff68de28ae029f781a,7440e3b387d7844e0c5d174f0670d765,pair_formed_by_refactoring,signature_changed,exact,0.98,1.0
46c83187131ec374fd87643f9354efbc,fef9f587e1e7faccd35e2fd09d922811,pair_formed_by_refactoring,exact,signature_changed,1.0,1.0
46ca739e25f3f597c25215429790620c,6d5e0d5ddb4af94ef680c4333e93d165,pair_formed_naturally,exact,exact,1.0,1.0
46ccc22cd7bd39ec1b1830af0796a00c,4c5bc290c336108463588230e81a085d,method_b_added,exact,added,1.0,
46ccc22cd7bd39ec1b1830af0796a00c,da7d9ba9f6a249f050179641b56dfa42,pair_formed_naturally,exact,exact,1.0,1.0
46d19f1f7aad0fa7997adcd3126b5e52,58933a01b70c4975d55bee8501e4f6da,pair_formed_by_refactoring,signature_changed,unknown,0.91,
46d19f1f7aad0fa7997adcd3126b5e52,62b367d2409e751b32c5f8650beb81bf,pair_formed_by_refactoring,signature_changed,signature_changed,0.91,0.81
46e6806869f332e12a91b9787a2d15a3,4a3f7dc18d709b994ff0613e6b17bc82,pair_formed_by_refactoring,signature_changed,signature_changed,0.98,1.0
46e6806869f332e12a91b9787a2d15a3,5cb7b4900b8e34e4aab96d6aeba7ff63,pair_formed_by_refactoring,signature_changed,signature_changed,0.98,1.0
46e6806869f332e12a91b9787a2d15a3,653c0d5f14574cfad3136c90e3436996,pair_formed_by_refactoring,signature_changed,signature_changed,0.98,0.97
46e6806869f332e12a91b9787a2d15a3,699f9dcd41a27de7189607cebb7152db,pair_formed_by_refactoring,signature_changed,signature_changed,0.98,1.0
46e6806869f332e12a91b9787a2d15a3,7bf2d4782daec923aecc8725a3f41795,pair_formed_by_refactoring,signature_changed,signature_changed,0.98,0.98
46e6806869f332e12a91b9787a2d15a3,95e77056a22e944f314ade351ac0b5c9,pair_formed_by_refactoring,signature_changed,signature_changed,0.98,1.0
46e6806869f332e12a91b9787a2d15a3,a4a427b9eca642fc48c6f8f413121c3f,pair_formed_by_refactoring,signature_changed,signature_changed,0.98,1.0
46e6806869f332e12a91b9787a2d15a3,b7ba8d82fb4e049e643b4af8bb0d8593,pair_formed_by_refactoring,signature_changed,signature_changed,0.98,0.98
46e6806869f332e12a91b9787a2d15a3,c1211e9761ccb2368ba1b6ebfe0edb1c,pair_formed_by_refactoring,signature_changed,signature_changed,0.98,0.97
46e6806869f332e12a91b9787a2d15a3,ce9296a44b9f8519ce4b624b815a3267,pair_formed_by_refactoring,signature_changed,signature_changed,0.98,1.0
46e6806869f332e12a91b9787a2d15a3,d5d28089a0e9c6c92695076654fa4182,pair_formed_by_refactoring,signature_changed,signature_changed,0.98,0.98
46e6806869f332e12a91b9787a2d15a3,e12d6c9df3e4c266743554920dcb6d91,pair_formed_by_refactoring,signature_changed,signature_changed,0.98,1.0
46e6806869f332e12a91b9787a2d15a3,ffb5c85bf24ef50e36a20364e96b8ca1,pair_formed_by_refactoring,signature_changed,signature_changed,0.98,0.98
46f2b17019bd096ae3e7f8734bab84b6,4b1cbb94bbc28c49a566b4fc797a72a1,pair_formed_naturally,exact,exact,1.0,1.0
46f2b17019bd096ae3e7f8734bab84b6,6a7756366feeb14c1172b2b189ba2771,pair_formed_naturally,exact,exact,1.0,1.0
46f2b17019bd096ae3e7f8734bab84b6,737524e5fe5a135a2d85bee2669f1df7,pair_formed_naturally,exact,exact,1.0,1.0
46f2b17019bd096ae3e7f8734bab84b6,753e15be26769eea8729c89e32acc48a,pair_formed_naturally,exact,exact,1.0,1.0
46f2b17019bd096ae3e7f8734bab84b6,8104c1fd33d32f08fb34b45f93885c81,pair_formed_naturally,exact,exact,1.0,1.0
46f2b17019bd096ae3e7f8734bab84b6,de7e97f07df2fc21edbdc76839a0f1e2,pair_formed_naturally,exact,exact,1.0,1.0
46f2b17019bd096ae3e7f8734bab84b6,e448c4cd1a0e7ba210acf8358895e6eb,pair_formed_naturally,exact,exact,1.0,1.0
46f2b17019bd096ae3e7f8734bab84b6,e8ba27d37963c50e801a8f61211cbb12,pair_formed_naturally,exact,exact,1.0,1.0
46fb6dda30326e0c34c443a13f2786e1,dc8dfd4c7ba54bc142cd02f34b3f36bd,pair_formed_naturally,exact,exact,1.0,1.0
4706eac73904717e7a5f4ab4fbe13bde,89ff90613f36c18e0f1479db9ff16e40,pair_formed_naturally,exact,exact,1.0,1.0
4706eac73904717e7a5f4ab4fbe13bde,e4847600a0a60d506a3caf963609e849,pair_formed_naturally,exact,exact,1.0,1.0
4708f5fe36a76afca4b5ce5314422f56,5699aa34afc474017beefa281a8c147c,pair_formed_by_refactoring,signature_changed,signature_changed,0.97,0.94
4708f5fe36a76afca4b5ce5314422f56,c14a44923106b80746cc9b6b56bbb380,method_b_added,signature_changed,added,0.97,
4708f5fe36a76afca4b5ce5314422f56,e4e4217e547842bb49a4284bedf9f405,pair_formed_by_refactoring,signature_changed,signature_changed,0.97,0.93
4708f5fe36a76afca4b5ce5314422f56,edd9f9097ad01f75e37d24fa57fdcdda,pair_formed_by_refactoring,signature_changed,unknown,0.97,
47144b6f368f9b941c4fbc9f9db47b57,592308e26139291a7c3e9d595f0f0489,method_a_added,added,exact,,1.0
47144b6f368f9b941c4fbc9f9db47b57,8e23c01d8790b5cea05e36a00a7ae666,method_a_added,added,exact,,1.0
47144b6f368f9b941c4fbc9f9db47b57,c318fdc92690868862acb32aa6fd6ca8,both_added,added,added,,
4719b100dbd5a8d557b3b1b726123b29,9a6ba3fcbe71a6bef16841d61bd97946,pair_formed_by_refactoring,signature_changed,signature_changed,0.96,0.9
472630ab5c1a6393f79f1ffd62c8f50b,e62927e8770e783afd2933017bda64b6,pair_formed_by_refactoring,exact,signature_changed,1.0,0.99
4730f22156ffb32c1ff6b1e8b2526f5a,cda4a424bc35840856c3c33d1733229d,pair_formed_naturally,exact,exact,1.0,1.0
474e1d6e985482cc2d16d1356b728c77,bbd552d4ef9aeb85b9025767bb88858e,pair_formed_naturally,unknown,exact,,1.0
4771d29c38af73ddd9470cd237de0d7d,4f36c54372d716ebdf491eaa9d1e9f7b,both_added,added,added,,
4771d29c38af73ddd9470cd237de0d7d,511762c08461278ec34fbc08d83b04eb,both_added,added,added,,
4771d29c38af73ddd9470cd237de0d7d,541b7e93eaa68d8993be38d1d9aa6047,both_added,added,added,,
4771d29c38af73ddd9470cd237de0d7d,621723d94e6dd8c67721ce9bdac533b3,both_added,added,added,,
4771d29c38af73ddd9470cd237de0d7d,63d1b342e0d939b9a1c2a05cf349f1af,both_added,added,added,,
4771d29c38af73ddd9470cd237de0d7d,6c039fca0c0e8d6bddeeb50bc9c4bd77,both_added,added,added,,
4771d29c38af73ddd9470cd237de0d7d,77d0059e4a92381b195fae1b13278760,both_added,added,added,,
4771d29c38af73ddd9470cd237de0d7d,79e5a30fe83f456300019bceeaffabc3,both_added,added,added,,
4771d29c38af73ddd9470cd237de0d7d,9b299d62eabc044ca10d7bc8cc3c6c80,both_added,added,added,,
4771d29c38af73ddd9470cd237de0d7d,9ed6c4a94ab3e55aec855688eb9af892,both_added,added,added,,
4771d29c38af73ddd9470cd237de0d7d,a06a757a5f8434dbd1a7244bc9e9aac7,both_added,added,added,,
4771d29c38af73ddd9470cd237de0d7d,a10c29366272db9db3f5de133e84e28a,both_added,added,added,,
4771d29c38af73ddd9470cd237de0d7d,af4b5e354263b1fa8ce9ee78b78933bd,both_added,added,added,,
4771d29c38af73ddd9470cd237de0d7d,d051badb3ec26d22931f36515ac34081,both_added,added,added,,
4771d29c38af73ddd9470cd237de0d7d,d655310acb9df0b74fa2764cf71ba588,both_added,added,added,,
4771d29c38af73ddd9470cd237de0d7d,d6c197508c2ce62b8df7a3ecf662a7ef,both_added,added,added,,
4771d29c38af73ddd9470cd237de0d7d,d94abc308f54af93bbdde0a2fcb703c3,both_added,added,added,,
4771d29c38af73ddd9470cd237de0d7d,de02b943529137359129494fa4c891d0,both_added,added,added,,
4771d29c38af73ddd9470cd237de0d7d,e9b0da10b94507473458c0088affba57,both_added,added,added,,
4771d29c38af73ddd9470cd237de0d7d,ecdd4611ac8dba825c5281627eec814d,both_added,added,added,,
4771d29c38af73ddd9470cd237de0d7d,fc2fdb740d7923a0e511dd94f94331fc,both_added,added,added,,
4771d29c38af73ddd9470cd237de0d7d,fe165ba2bf445893d15bb207424d673c,both_added,added,added,,
4778de7d9c69229eb64344d754d1c49f,5ab62be7acabfef43210c3fbdef4c11b,method_b_added,signature_changed,added,1.0,
4778de7d9c69229eb64344d754d1c49f,616f6f6545989d882a537d12e1f3236f,method_b_added,signature_changed,added,1.0,
4778de7d9c69229eb64344d754d1c49f,9571ad35dbcfc5b789668989856e534c,pair_formed_by_refactoring,signature_changed,signature_changed,1.0,0.96
48090829aee2f991140a657725d0ea57,a131362a025c6912691028b0160e3296,method_b_added,exact,added,1.0,
480cebf13b30142e79fb2ee57014578a,caf1494d7c5469cc1eba882b48a4a039,pair_formed_by_refactoring,signature_changed,exact,0.92,1.0
481b699d37396931e9db0aa91c7e5dad,b100b7ebe13db79c8918cc5017ee840d,method_b_added,exact,added,1.0,
4823fdeb763b5ed9bc6bc97f7f061841,b2511f6417f44a54c21d7b9be48e09e0,pair_formed_naturally,exact,exact,1.0,1.0
4823fdeb763b5ed9bc6bc97f7f061841,ca9a38d62b07e1978d66523d2b194cfa,pair_formed_naturally,exact,exact,1.0,1.0
4823fdeb763b5ed9bc6bc97f7f061841,efb27db69d41551b6f38e30d37578fc3,pair_formed_naturally,exact,exact,1.0,1.0
48277d7c04a817bcb925c3039f6318eb,675d9187770225747137a73979f4e32b,both_added,added,added,,
48277d7c04a817bcb925c3039f6318eb,a9fe41055fd18347951a966dc08d870f,both_added,added,added,,
48277d7c04a817bcb925c3039f6318eb,edf1ed7a0aa8d1228b1d09d6fc6cdf4c,both_added,added,added,,
48277d7c04a817bcb925c3039f6318eb,f1cf0f88d23099428c04391f7b5b5b41,both_added,added,added,,
485ba4a8dde1ea00364b6d49f98e7f44,5fde51b59914f6500a6461f7e73fea10,pair_formed_naturally,exact,exact,1.0,1.0
488c9e2b6eb8fc5f8c319d496e602759,c0e786e282eb8bf28f18add960f158ca,method_b_added,exact,added,1.0,
48b771b6c3db702f8abca2abdf7c7e1a,4f1c9794c8a92fdf0377b40fea47dfbd,method_a_added,added,unknown,,
48b771b6c3db702f8abca2abdf7c7e1a,5a18a40d3fbffe090d12abd76f7eba37,both_added,added,added,,
48b771b6c3db702f8abca2abdf7c7e1a,6e58d72f983ab8aac90eb7aee8eb7ccd,method_a_added,added,signature_changed,,0.97
48b771b6c3db702f8abca2abdf7c7e1a,76516c7cd9b0344096801a5bd5694217,both_added,added,added,,
48b771b6c3db702f8abca2abdf7c7e1a,a600ea0587ff577ddb98e7ea0a8354cd,method_a_added,added,signature_changed,,0.98
48b771b6c3db702f8abca2abdf7c7e1a,d1e2eeaf86a4bb2b51028f6bbe679cce,method_a_added,added,signature_changed,,0.97
48c3dbd373b363691fe81c62ca02b28e,50fb5c990458cf39ca88773d800eeca1,pair_formed_by_refactoring,signature_changed,exact,1.0,1.0
48c3dbd373b363691fe81c62ca02b28e,553be4e9e51da365930fef06d667ef63,pair_formed_by_refactoring,signature_changed,exact,1.0,1.0
48c3dbd373b363691fe81c62ca02b28e,63aeaf850255ba934d0abb8a09200e72,pair_formed_by_refactoring,signature_changed,exact,1.0,1.0
48c3dbd373b363691fe81c62ca02b28e,6c259443664a787f10b3388d92afc6bc,pair_formed_by_refactoring,signature_changed,exact,1.0,1.0
48c3dbd373b363691fe81c62ca02b28e,70a2bafaeff2194fd1f31ca463d543c3,pair_formed_by_refactoring,signature_changed,exact,1.0,1.0
48c3dbd373b363691fe81c62ca02b28e,94cab546fc0922592224fc3f57b8bcf0,pair_formed_by_refactoring,signature_changed,exact,1.0,1.0
48c3dbd373b363691fe81c62ca02b28e,c541d2864e42a3375646aeac25bbd28a,pair_formed_by_refactoring,signature_changed,exact,1.0,1.0
48e173ef1e3dc26f5222b514f56a0af6,4abe9980a639f0d25e39ee46da8a2856,method_b_added,signature_changed,added,1.0,
48e173ef1e3dc26f5222b514f56a0af6,4c89414fad86693e4c61dd31aac102a7,pair_formed_by_refactoring,signature_changed,signature_changed,1.0,1.0
48e173ef1e3dc26f5222b514f56a0af6,86b5641f43e69dbf1c3a3ce26357ccf6,method_b_added,signature_changed,added,1.0,
48e173ef1e3dc26f5222b514f56a0af6,cd23fd7ef27e4717c64fa2e21f555470,pair_formed_by_refactoring,signature_changed,signature_changed,1.0,1.0
48e173ef1e3dc26f5222b514f56a0af6,ef7f945668fbd31e6c4fcf01ddcab38c,method_b_added,signature_changed,added,1.0,
4966e376ffaca013f1b818407aa1d1c1,8c624776ab0d89e0ba9149ea3646bf11,pair_formed_by_refactoring,signature_changed,signature_changed,0.9,1.0
4966e376ffaca013f1b818407aa1d1c1,95e77056a22e944f314ade351ac0b5c9,pair_formed_by_refactoring,signature_changed,signature_changed,0.9,1.0
4966e376ffaca013f1b818407aa1d1c1,b7ba8d82fb4e049e643b4af8bb0d8593,pair_formed_by_refactoring,signature_changed,signature_changed,0.9,0.98
4966e376ffaca013f1b818407aa1d1c1,ce9296a44b9f8519ce4b624b815a3267,pair_formed_by_refactoring,signature_changed,signature_changed,0.9,1.0
4966e376ffaca013f1b818407aa1d1c1,d5d28089a0e9c6c92695076654fa4182,pair_formed_by_refactoring,signature_changed,signature_changed,0.9,0.98
4966e376ffaca013f1b818407aa1d1c1,e12d6c9df3e4c266743554920dcb6d91,pair_formed_by_refactoring,signature_changed,signature_changed,0.9,1.0
497a6e2f09bb53df7f9cb35c3078c29c,500357b3e919956036526e2690194b13,pair_formed_naturally,unknown,unknown,,
497a6e2f09bb53df7f9cb35c3078c29c,6356e505a5549030c372e0966c4ae141,method_b_added,unknown,added,,
497a6e2f09bb53df7f9cb35c3078c29c,716c1c26da396618831f4dc5350f4fb0,pair_formed_by_refactoring,unknown,signature_changed,,0.95
497a6e2f09bb53df7f9cb35c3078c29c,99995b8d44ce7f4b5aef0225c39277ad,method_b_added,unknown,added,,
497a6e2f09bb53df7f9cb35c3078c29c,b6ffe1aece897da155f463a578f65318,method_b_added,unknown,added,,
497a6e2f09bb53df7f9cb35c3078c29c,c7066108e5bcd8726a490228080fa865,pair_formed_naturally,unknown,unknown,,
497a6e2f09bb53df7f9cb35c3078c29c,d6f8e28a9c73bfa99d927bd33dcf95b3,method_b_added,unknown,added,,
497a6e2f09bb53df7f9cb35c3078c29c,e28dbac997b9be4c66fd6a6a38095e80,method_b_added,unknown,added,,
49aa2a2a70eec183c504eb9810d913e8,a6202fa75844d49082bcdf9412c2816d,pair_formed_by_refactoring,signature_changed,signature_changed,0.98,0.98
49aa80b59640bffc53cac11e05ce3e78,f0c4047c2fe00fcbbe4bc196f10b1dac,pair_formed_by_refactoring,exact,signature_changed,1.0,1.0
49adfaa820e0925a44dbc38434f400fd,50eb5a609fb17fb46191aa21fc1c118a,pair_formed_naturally,exact,exact,1.0,1.0
49cb063f6515bebc3e7ce8eac2a9ea39,50e402c7292a88fc27e3ebc00a9e4355,pair_formed_by_refactoring,signature_changed,signature_changed,0.96,0.98
49cb063f6515bebc3e7ce8eac2a9ea39,6ecc94149e8e36061015d3a7f0a161fa,pair_formed_by_refactoring,signature_changed,signature_changed,0.96,0.97
49f92223683a325250c221e8ee16af10,c2172557c6be5177ee0cb70a0c1efe68,pair_formed_by_refactoring,exact,renamed,1.0,0.97
4a3f7dc18d709b994ff0613e6b17bc82,5cb7b4900b8e34e4aab96d6aeba7ff63,pair_formed_by_refactoring,signature_changed,signature_changed,1.0,1.0
4a3f7dc18d709b994ff0613e6b17bc82,653c0d5f14574cfad3136c90e3436996,pair_formed_by_refactoring,signature_changed,signature_changed,1.0,0.97
4a3f7dc18d709b994ff0613e6b17bc82,699f9dcd41a27de7189607cebb7152db,pair_formed_by_refactoring,signature_changed,signature_changed,1.0,1.0
4a3f7dc18d709b994ff0613e6b17bc82,7bf2d4782daec923aecc8725a3f41795,pair_formed_by_refactoring,signature_changed,signature_changed,1.0,0.98
4a3f7dc18d709b994ff0613e6b17bc82,a4a427b9eca642fc48c6f8f413121c3f,pair_formed_by_refactoring,signature_changed,signature_changed,1.0,1.0
4a3f7dc18d709b994ff0613e6b17bc82,b7ba8d82fb4e049e643b4af8bb0d8593,pair_formed_by_refactoring,signature_changed,signature_changed,1.0,0.98
4a3f7dc18d709b994ff0613e6b17bc82,c1211e9761ccb2368ba1b6ebfe0edb1c,pair_formed_by_refactoring,signature_changed,signature_changed,1.0,0.97
4a3f7dc18d709b994ff0613e6b17bc82,ce9296a44b9f8519ce4b624b815a3267,pair_formed_by_refactoring,signature_changed,signature_changed,1.0,1.0
4a3f7dc18d709b994ff0613e6b17bc82,d5d28089a0e9c6c92695076654fa4182,pair_formed_by_refactoring,signature_changed,signature_changed,1.0,0.98
4a3f7dc18d709b994ff0613e6b17bc82,ffb5c85bf24ef50e36a20364e96b8ca1,pair_formed_by_refactoring,signature_changed,signature_changed,1.0,0.98
4a692528397f2b000f577410e7298bf0,c72da84fa2d5eebc10d407bc4c037434,pair_formed_by_refactoring,exact,signature_changed,1.0,1.0
4a8d11748fad2c7e922573044a29db51,b8bb97ff072aa28784cf83d15b074f16,both_added,added,added,,
4aa93a71b78e61d2a40370ca31416054,7211472a7eed702c90d92cf8da31d7bf,pair_formed_by_refactoring,exact,signature_changed,1.0,1.0
4aa93a71b78e61d2a40370ca31416054,a9ef7131f222bbd911ef5c0d0536a23c,pair_formed_by_refactoring,exact,signature_changed,1.0,1.0
4aa93a71b78e61d2a40370ca31416054,e6bde0997de34dbf185103f8c7baf23b,pair_formed_by_refactoring,exact,signature_changed,1.0,1.0
4ab0b48fb15f26c4d0cb91516f729b5b,b224b648ad47adce9f7087f1c2f79bc9,pair_formed_naturally,exact,exact,1.0,1.0
4abde440107d1df937e2b4ee6690b9bf,75968c1bf845c7e10bc1e9b9a10d7bcb,both_added,added,added,,
4abde440107d1df937e2b4ee6690b9bf,e345f7de0a861bc022233c780f67ac3a,both_added,added,added,,
4abde440107d1df937e2b4ee6690b9bf,e8f1ab78f0246f788ffd632044dd2263,method_a_added,added,exact,,1.0
4abe9980a639f0d25e39ee46da8a2856,4c89414fad86693e4c61dd31aac102a7,method_a_added,added,signature_changed,,1.0
4abe9980a639f0d25e39ee46da8a2856,5ef42a9a198c08d8884deb7013b71407,method_a_added,added,signature_changed,,1.0
4abe9980a639f0d25e39ee46da8a2856,86b5641f43e69dbf1c3a3ce26357ccf6,both_added,added,added,,
4abe9980a639f0d25e39ee46da8a2856,cd23fd7ef27e4717c64fa2e21f555470,method_a_added,added,signature_changed,,1.0
4add90793375b57887089bc078d9f052,8e93482eb79727e8fbc81739aefc2031,method_b_added,exact,added,1.0,
4addf80b4d03375f7ac7aaca6124a19c,dc78ad4738200bd33ae51b7a17655d95,pair_formed_naturally,unknown,exact,,1.0
4ae45c3cfc4cac6c9da7898b0f567087,bacd6b05aef200d8b943cb8aba1b3d0e,pair_formed_by_refactoring,exact,signature_changed,1.0,1.0
4b0317d3538f59269da8bda00426c971,bfdc57d0da27b15f8d313dde10416dac,pair_formed_by_refactoring,signature_changed,exact,1.0,1.0
4b17f050efd5a0bde5a0295471187ddb,b9ac4793e1e49c2450671445f7e48ab3,pair_formed_naturally,exact,exact,1.0,1.0
4b1cbb94bbc28c49a566b4fc797a72a1,6a7756366feeb14c1172b2b189ba2771,pair_formed_naturally,exact,exact,1.0,1.0
4b1cbb94bbc28c49a566b4fc797a72a1,737524e5fe5a135a2d85bee2669f1df7,pair_formed_naturally,exact,exact,1.0,1.0
4b1cbb94bbc28c49a566b4fc797a72a1,753e15be26769eea8729c89e32acc48a,pair_formed_naturally,exact,exact,1.0,1.0
4b1cbb94bbc28c49a566b4fc797a72a1,8104c1fd33d32f08fb34b45f93885c81,pair_formed_naturally,exact,exact,1.0,1.0
4b1cbb94bbc28c49a566b4fc797a72a1,de7e97f07df2fc21edbdc76839a0f1e2,pair_formed_naturally,exact,exact,1.0,1.0
4b1cbb94bbc28c49a566b4fc797a72a1,e448c4cd1a0e7ba210acf8358895e6eb,pair_formed_naturally,exact,exact,1.0,1.0
4b1cbb94bbc28c49a566b4fc797a72a1,e8ba27d37963c50e801a8f61211cbb12,pair_formed_naturally,exact,exact,1.0,1.0
4b55d0bfbcc04c53dd367aec667b2c95,be06d907a11d0187540ac1b8e6b78489,method_b_added,exact,added,1.0,
4bb0ac40eec8f726f4b2308566d4c0bf,96f13e7d6319c5d881e1756aa5804bf6,method_b_added,exact,added,1.0,
4be9eee7c6cccb30535f51c61c8b1525,6b4b1c44f1089cbaf899a71c25177dea,pair_formed_by_refactoring,exact,signature_changed,1.0,1.0
4be9eee7c6cccb30535f51c61c8b1525,9f96ab0a30df047773427e78504c0c95,pair_formed_by_refactoring,exact,signature_changed,1.0,1.0
4bee43efb9276891896135d0f747afb4,815db6a52db8e1e1ce286e0ff33701da,pair_formed_by_refactoring,exact,signature_changed,1.0,0.99
4c041d940cf27b08bcc62fb89011670d,fc085adf5682516dc3dd4f065097b25e,method_a_added,added,exact,,1.0
4c0ba2d16d373b67d2ea828fd8eb2db5,bc43d6821399946d7a1007789b360f06,pair_formed_naturally,exact,exact,1.0,1.0
4c24eedfcb341f8a204f520b249cf76e,623d982b919f16255300008e75f8bf82,both_added,added,added,,
4c2a226c05275c771d6d957d135c7fea,63cf86aa8f00483221555d97e8c6ccbf,both_added,added,added,,
4c2a226c05275c771d6d957d135c7fea,6a7f5ff621d20a43a9d19340bef3db1a,both_added,added,added,,
4c2a226c05275c771d6d957d135c7fea,a803cf16a8bbfb4ae761b37a542e1416,both_added,added,added,,
4c2a226c05275c771d6d957d135c7fea,c23d5f76ef396a0f520ca6c677dccc1f,both_added,added,added,,
4c2a226c05275c771d6d957d135c7fea,e702170d5cccdadf5f092e9dc3b2cb68,both_added,added,added,,
4c5bc290c336108463588230e81a085d,4dc165964421498d108ffecc4ea9cd19,method_a_added,added,exact,,1.0
4c5bc290c336108463588230e81a085d,54531bcdabcceff2774378ee3c30dfd2,method_a_added,added,exact,,1.0
4c5bc290c336108463588230e81a085d,8512a62141a02254aaff2329f088d19b,method_a_added,added,exact,,1.0
4c5bc290c336108463588230e81a085d,cb42cf33c9976c7d35b23a10c9288007,method_a_added,added,exact,,1.0
4c5bc290c336108463588230e81a085d,da7d9ba9f6a249f050179641b56dfa42,method_a_added,added,exact,,1.0
4c5bc290c336108463588230e81a085d,dc2c80f4da8e0943b841f07924b92ca7,method_a_added,added,exact,,1.0
4c5bc290c336108463588230e81a085d,ec8b3a787158b8e70e49b66fcdcfb95c,method_a_added,added,exact,,1.0
4c89414fad86693e4c61dd31aac102a7,86b5641f43e69dbf1c3a3ce26357ccf6,method_b_added,signature_changed,added,1.0,
4c89414fad86693e4c61dd31aac102a7,cd23fd7ef27e4717c64fa2e21f555470,pair_formed_by_refactoring,signature_changed,signature_changed,1.0,1.0
4c89414fad86693e4c61dd31aac102a7,ef7f945668fbd31e6c4fcf01ddcab38c,method_b_added,signature_changed,added,1.0,
4c8e90509ff5320336fde5c7ccf32da2,7f822de0449bd3eff60cc80e7e8cba2d,pair_formed_by_refactoring,moved,token_hash,1.0,1.0
4c95996ea9d4297936f4387c30e9d823,5278da2301d9d222c7f3accaee21cb5d,pair_formed_by_refactoring,signature_changed,exact,1.0,1.0
4c95996ea9d4297936f4387c30e9d823,a69bf989b696036b2f53f48bd34a66fb,pair_formed_by_refactoring,signature_changed,exact,1.0,1.0
4c95996ea9d4297936f4387c30e9d823,e1c34cfb4947f5623cf05b901a89c036,pair_formed_by_refactoring,signature_changed,signature_changed,1.0,1.0
4c95996ea9d4297936f4387c30e9d823,ebaae7843df57cb7d15e75aac3642e1b,pair_formed_by_refactoring,signature_changed,exact,1.0,1.0
4c972d5da47adf1fb64e9e86a9ac16e0,4e8cde372bb5c6331235911f8a24bb84,pair_formed_naturally,exact,exact,1.0,1.0
4c972d5da47adf1fb64e9e86a9ac16e0,d507de6626be9608fd202e50df3c8004,pair_formed_naturally,exact,unknown,1.0,
4c972d5da47adf1fb64e9e86a9ac16e0,fa76da05a2be44dbc0b72fea761e64c2,pair_formed_naturally,exact,exact,1.0,1.0
4cbeb2859c7a001f355d0958d97a5e67,b4079e68d26de6ae4fe4de0b7ba78d77,pair_formed_naturally,exact,exact,1.0,1.0
4cbeb2859c7a001f355d0958d97a5e67,b967dc21fb915541cdcab041257c25a6,method_b_added,exact,added,1.0,
4cc0a21af61883a674c0189a52e8b25c,c28232c51b5a54b2ac348dc9d4db4257,pair_formed_naturally,exact,exact,1.0,1.0
4ceab0a349572a396e396357900b94ef,5161f81d81b09a51cd079272f167d073,pair_formed_naturally,exact,exact,1.0,1.0
4ceab0a349572a396e396357900b94ef,8957374ea6e85f26175e3e90cea170ff,pair_formed_by_refactoring,exact,signature_changed,1.0,0.94
4d10f89b5e90f7fffbe475a7283d076b,afcf13c88aa5bc1cdaa895b87049dd3b,method_b_added,signature_changed,added,1.0,
4d10f89b5e90f7fffbe475a7283d076b,d2131f0cfd125b7ff699b1ad41ef8799,method_b_added,signature_changed,added,1.0,
4d1b2f5a9b8e35ca2b66516876f8bd7f,58933a01b70c4975d55bee8501e4f6da,pair_formed_by_refactoring,signature_changed,unknown,0.81,
4d1b2f5a9b8e35ca2b66516876f8bd7f,62b367d2409e751b32c5f8650beb81bf,pair_formed_by_refactoring,signature_changed,signature_changed,0.81,0.81
4d28949bb383db5cafa2052804918112,5efa65c0f58b5e132730ac26d2aefb36,pair_formed_by_refactoring,signature_changed,exact,1.0,1.0
4d6e633df3be30bdbe4159e0bbd8dbb3,9ae67795f5486b5d9815aea861a5e869,method_b_added,exact,added,1.0,
4d8e2636455ac340f04411a719120642,6106eb9101581da2a5f55d751c88dbe8,method_b_added,unknown,added,,
4d8e2636455ac340f04411a719120642,683557dcc32eeb3d288fe3740b0e6f2b,pair_formed_naturally,unknown,unknown,,
4d8e2636455ac340f04411a719120642,c894957d5286a05d516c2f81e3ae6e10,pair_formed_naturally,unknown,unknown,,
4d8e2636455ac340f04411a719120642,ce459a2832e02d42aae192b69f666407,method_b_added,unknown,added,,
4d8e2636455ac340f04411a719120642,e5edc26bccceccb12f936c699ad0411e,pair_formed_naturally,unknown,unknown,,
4d8e2636455ac340f04411a719120642,e87eb48877d1c7de9709ec2d94dc2771,method_b_added,unknown,added,,
4d8e2636455ac340f04411a719120642,ec789f0f926b6cccb1a15984b6464223,method_b_added,unknown,added,,
4d8e2636455ac340f04411a719120642,f2aae995fce1fe0eb5f787837abedd7c,method_b_added,unknown,added,,
4e08b5d05587f1420a3842edea625663,541b7e93eaa68d8993be38d1d9aa6047,both_added,added,added,,
4e08b5d05587f1420a3842edea625663,57ffbb0ffa106d9d625ce24380cc6ce8,both_added,added,added,,
4e08b5d05587f1420a3842edea625663,5d20daa53fe1f1773b62f782e72f39fb,both_added,added,added,,
4e08b5d05587f1420a3842edea625663,5e64bc480ca4927adcefb8ea1feeff88,both_added,added,added,,
4e08b5d05587f1420a3842edea625663,621723d94e6dd8c67721ce9bdac533b3,both_added,added,added,,
4e08b5d05587f1420a3842edea625663,645c906bdfb01b8583d15cf9df644ddf,both_added,added,added,,
4e08b5d05587f1420a3842edea625663,6b6696cc5963344f57a6f4b5025c193d,both_added,added,added,,
4e08b5d05587f1420a3842edea625663,7f59b708be03bc11c3abe621a5fb3d30,both_added,added,added,,
4e08b5d05587f1420a3842edea625663,8cf818320ca5ed77c135a2f1a50a66a7,both_added,added,added,,
4e08b5d05587f1420a3842edea625663,929a29822abed393abd74be01743a2c2,both_added,added,added,,
4e08b5d05587f1420a3842edea625663,98062190bc921063dc069278b6c6ec68,both_added,added,added,,
4e08b5d05587f1420a3842edea625663,a44a2bc3ac19033aec942126cd6e946c,both_added,added,added,,
4e08b5d05587f1420a3842edea625663,af4b5e354263b1fa8ce9ee78b78933bd,both_added,added,added,,
4e08b5d05587f1420a3842edea625663,bbd9f38a8529b1400892ae64a60ccb53,both_added,added,added,,
4e08b5d05587f1420a3842edea625663,bd9430e8a21d0868b94c3e3645ededc8,both_added,added,added,,
4e08b5d05587f1420a3842edea625663,bda0e7d94d52f58b6e5623cdcd10282e,both_added,added,added,,
4e08b5d05587f1420a3842edea625663,bf4e9fe513e6e8612215b9673cca5c2b,both_added,added,added,,
4e08b5d05587f1420a3842edea625663,c1848fc42fb66eed0315371ff3e5b1b8,both_added,added,added,,
4e08b5d05587f1420a3842edea625663,c25052a98d9cf55c9b0ccb0d6d3ff00e,both_added,added,added,,
4e08b5d05587f1420a3842edea625663,c3af34e7307ac63f1d6b15fbeb29e0ec,both_added,added,added,,
4e08b5d05587f1420a3842edea625663,cfb1eccb6a0098d66806fb128fe799bf,both_added,added,added,,
4e08b5d05587f1420a3842edea625663,d051badb3ec26d22931f36515ac34081,both_added,added,added,,
4e08b5d05587f1420a3842edea625663,d57844cfca2141f691b6bd239ffdf5c8,both_added,added,added,,
4e08b5d05587f1420a3842edea625663,d6e35a94b47b2006697f25118a40b150,both_added,added,added,,
4e08b5d05587f1420a3842edea625663,da7e79277f1ed625300a3db6f5f8a1a4,both_added,added,added,,
4e08b5d05587f1420a3842edea625663,e079a6ef12cd3063c4f72776682cc645,both_added,added,added,,
4e08b5d05587f1420a3842edea625663,e7ff88c357c33e69d8773479aeb0cf0e,both_added,added,added,,
4e08b5d05587f1420a3842edea625663,e9bf1396c1a1cd4d9f9b959e94071271,both_added,added,added,,
4e08b5d05587f1420a3842edea625663,f7ac4ea59a26952f9abae99254116042,both_added,added,added,,
4e08b5d05587f1420a3842edea625663,fb84e80c9418312f2f13b209bc655d52,both_added,added,added,,
4e08b5d05587f1420a3842edea625663,fda369cd62d9f205f3d65805e7757216,both_added,added,added,,
4e08b5d05587f1420a3842edea625663,ffcedcb56d0c62d515cd0493970966c0,both_added,added,added,,
4e128d328743113ba98348804ae89b6d,990b1830a1fea3d3a1c388b3bfbaa0b6,pair_formed_by_refactoring,exact,signature_changed,1.0,0.97
4e216a19395403993cd674555ce359a2,f977a804b9aaa728391761c0f237a5c2,pair_formed_by_refactoring,signature_changed,signature_changed,1.0,1.0
4e39d93faddcabbed5954879030faaff,716629c0abd653e0f3d0d00adf186467,pair_formed_by_refactoring,signature_changed,signature_changed,1.0,1.0
4e5ba73f9304849d492040769dd68a40,8c46944936a663b2745101e045482dd6,pair_formed_by_refactoring,signature_changed,signature_changed,1.0,1.0
4e5ba73f9304849d492040769dd68a40,b5f838b9318cc742bda0e58dd8b367ef,pair_formed_by_refactoring,signature_changed,signature_changed,1.0,0.96
4e66b93c4d90a3001e7a4ad978baa860,6c8c2f7ed9283d859cc37da1410b2f60,both_added,added,added,,
4e66b93c4d90a3001e7a4ad978baa860,bf5ef88b25f2b6a4a1a9d7b968606d01,both_added,added,added,,
4e66b93c4d90a3001e7a4ad978baa860,e74ae8ab7ed6219ead7ffbdf12cd7f95,both_added,added,added,,
4e66b93c4d90a3001e7a4ad978baa860,eeaa5aa3550d60ab50add10930bd4e5b,both_added,added,added,,
4e6dc6b62d1297fddf16f031f6f19f21,801f93306519c92e83f49352212bc913,pair_formed_naturally,exact,exact,1.0,1.0
4e6dc6b62d1297fddf16f031f6f19f21,a2e7dfd369c89db3ff9d202c68b2b78c,pair_formed_naturally,exact,exact,1.0,1.0
4e8cde372bb5c6331235911f8a24bb84,4f3b5550a9d953a46ba3188a948e7ab8,pair_formed_naturally,exact,unknown,1.0,
4e8cde372bb5c6331235911f8a24bb84,76c3f3f6c82afc6519f1f99ef47e914c,pair_formed_naturally,exact,exact,1.0,1.0
4e8cde372bb5c6331235911f8a24bb84,89f5be5a4ccea507ff6796cf92fb6ba4,pair_formed_naturally,exact,unknown,1.0,
4e8cde372bb5c6331235911f8a24bb84,bbd552d4ef9aeb85b9025767bb88858e,pair_formed_naturally,exact,exact,1.0,1.0
4ea060389df0d0cd75c3f11ab6651b21,a5fd8e44adc5dad15ac2974ca246d076,pair_formed_naturally,exact,exact,1.0,1.0
4ebaa863e85559d586d3d6c02f5f54ec,e0c26158f9584cc629546663cde2a904,pair_formed_naturally,exact,exact,1.0,1.0
4f1c9794c8a92fdf0377b40fea47dfbd,5a18a40d3fbffe090d12abd76f7eba37,method_b_added,unknown,added,,
4f1c9794c8a92fdf0377b40fea47dfbd,6e58d72f983ab8aac90eb7aee8eb7ccd,pair_formed_by_refactoring,unknown,signature_changed,,0.97
4f1c9794c8a92fdf0377b40fea47dfbd,76516c7cd9b0344096801a5bd5694217,method_b_added,unknown,added,,
4f1c9794c8a92fdf0377b40fea47dfbd,a600ea0587ff577ddb98e7ea0a8354cd,pair_formed_by_refactoring,unknown,signature_changed,,0.98
4f1c9794c8a92fdf0377b40fea47dfbd,d1e2eeaf86a4bb2b51028f6bbe679cce,pair_formed_by_refactoring,unknown,signature_changed,,0.97
4f313dca244c63ae98ad9adb008fd81a,8c9ae9173042c30680e96e78177682ba,pair_formed_by_refactoring,signature_changed,exact,0.97,1.0
4f36c54372d716ebdf491eaa9d1e9f7b,511762c08461278ec34fbc08d83b04eb,both_added,added,added,,
4f36c54372d716ebdf491eaa9d1e9f7b,536b3d37d76f35b22425855b7add108f,both_added,added,added,,
4f36c54372d716ebdf491eaa9d1e9f7b,61ffd9f2892c973b6be681d09a437d6e,both_added,added,added,,
4f36c54372d716ebdf491eaa9d1e9f7b,62f6bf9e619e21155308049b74cf67ed,both_added,added,added,,
4f36c54372d716ebdf491eaa9d1e9f7b,63d1b342e0d939b9a1c2a05cf349f1af,both_added,added,added,,
4f36c54372d716ebdf491eaa9d1e9f7b,6c039fca0c0e8d6bddeeb50bc9c4bd77,both_added,added,added,,
4f36c54372d716ebdf491eaa9d1e9f7b,6c306863615838f7b9b88f4f093b03bc,both_added,added,added,,
4f36c54372d716ebdf491eaa9d1e9f7b,77d0059e4a92381b195fae1b13278760,both_added,added,added,,
4f36c54372d716ebdf491eaa9d1e9f7b,79e5a30fe83f456300019bceeaffabc3,both_added,added,added,,
4f36c54372d716ebdf491eaa9d1e9f7b,848cc34d634892c33464d56a91b27d31,both_added,added,added,,
4f36c54372d716ebdf491eaa9d1e9f7b,867a312ce5320ce4d6f665f8c3b5a25c,both_added,added,added,,
4f36c54372d716ebdf491eaa9d1e9f7b,9b299d62eabc044ca10d7bc8cc3c6c80,both_added,added,added,,
4f36c54372d716ebdf491eaa9d1e9f7b,a06a757a5f8434dbd1a7244bc9e9aac7,both_added,added,added,,
4f36c54372d716ebdf491eaa9d1e9f7b,a10c29366272db9db3f5de133e84e28a,both_added,added,added,,
4f36c54372d716ebdf491eaa9d1e9f7b,b55e54f8f1e0e7c199eba82e5596b366,both_added,added,added,,
4f36c54372d716ebdf491eaa9d1e9f7b,c0e786e282eb8bf28f18add960f158ca,both_added,added,added,,
4f36c54372d716ebdf491eaa9d1e9f7b,cecc2c0dea228b9f014cf2a24aada5f5,both_added,added,added,,
4f36c54372d716ebdf491eaa9d1e9f7b,d655310acb9df0b74fa2764cf71ba588,both_added,added,added,,
4f36c54372d716ebdf491eaa9d1e9f7b,d6c197508c2ce62b8df7a3ecf662a7ef,both_added,added,added,,
4f36c54372d716ebdf491eaa9d1e9f7b,d94abc308f54af93bbdde0a2fcb703c3,both_added,added,added,,
4f36c54372d716ebdf491eaa9d1e9f7b,da352c94abea9d4f9b49f409000a2f2f,both_added,added,added,,
4f36c54372d716ebdf491eaa9d1e9f7b,de02b943529137359129494fa4c891d0,both_added,added,added,,
4f36c54372d716ebdf491eaa9d1e9f7b,e9b0da10b94507473458c0088affba57,both_added,added,added,,
4f36c54372d716ebdf491eaa9d1e9f7b,ecdd4611ac8dba825c5281627eec814d,both_added,added,added,,
4f36c54372d716ebdf491eaa9d1e9f7b,f1b4ff932c553bfb407bef3df458065e,both_added,added,added,,
4f36c54372d716ebdf491eaa9d1e9f7b,f4deb3f50ea83bdf3928a0596d517b4a,both_added,added,added,,
4f36c54372d716ebdf491eaa9d1e9f7b,f97eb40d7cb98c2ec9244b3196a2c0a0,both_added,added,added,,
4f36c54372d716ebdf491eaa9d1e9f7b,fad61701302857e14959c1403d10743a,both_added,added,added,,
4f36c54372d716ebdf491eaa9d1e9f7b,fc2fdb740d7923a0e511dd94f94331fc,both_added,added,added,,
4f36c54372d716ebdf491eaa9d1e9f7b,fcdc5de6482b8e1d91207869f8891724,both_added,added,added,,
4f36c54372d716ebdf491eaa9d1e9f7b,fe165ba2bf445893d15bb207424d673c,both_added,added,added,,
4f3b5550a9d953a46ba3188a948e7ab8,76c3f3f6c82afc6519f1f99ef47e914c,pair_formed_naturally,unknown,exact,,1.0
4f3b5550a9d953a46ba3188a948e7ab8,89f5be5a4ccea507ff6796cf92fb6ba4,pair_formed_naturally,unknown,unknown,,
4f3b5550a9d953a46ba3188a948e7ab8,bbd552d4ef9aeb85b9025767bb88858e,pair_formed_naturally,unknown,exact,,1.0
4f936fd31895280ac42a394c42e26dee,e418390aa98793901f0ea963c4ba4694,both_added,added,added,,
4fc707b4aa96b569b6cae84dcc60cd0a,a82beb445984ac220e34eaa497eaee06,pair_formed_naturally,exact,exact,1.0,1.0
4fe51bb4d4f84a7750ad1ff53177ba9f,6871a4e65489e07d55772dd24cc41a64,both_added,added,added,,
4ff192ae9660e64de1233689e78469e2,59460fe3931e231ad009f6fbc8b106ad,pair_formed_by_refactoring,renamed,exact,0.99,1.0
4ff192ae9660e64de1233689e78469e2,5d50c269e29a6699a5eb190f605d1220,pair_formed_by_refactoring,renamed,exact,0.99,1.0
4ff192ae9660e64de1233689e78469e2,a75f5a9401d8bba171e3659981238d1f,method_b_added,renamed,added,0.99,
4ff192ae9660e64de1233689e78469e2,de513b258d8b779f851efa00ad49866c,pair_formed_by_refactoring,renamed,exact,0.99,1.0
4ff192ae9660e64de1233689e78469e2,ec798a6eb72d082c32cbe0a1f72bec5b,pair_formed_by_refactoring,renamed,exact,0.99,1.0
500357b3e919956036526e2690194b13,6356e505a5549030c372e0966c4ae141,method_b_added,unknown,added,,
500357b3e919956036526e2690194b13,99995b8d44ce7f4b5aef0225c39277ad,method_b_added,unknown,added,,
500357b3e919956036526e2690194b13,b6ffe1aece897da155f463a578f65318,method_b_added,unknown,added,,
500357b3e919956036526e2690194b13,c7066108e5bcd8726a490228080fa865,pair_formed_naturally,unknown,unknown,,
500357b3e919956036526e2690194b13,d6f8e28a9c73bfa99d927bd33dcf95b3,method_b_added,unknown,added,,
500357b3e919956036526e2690194b13,e28dbac997b9be4c66fd6a6a38095e80,method_b_added,unknown,added,,
501e024779d66d8ef4a27636abe81370,c85eb27c1617f44443a2ed8a5ce760bf,pair_formed_naturally,exact,exact,1.0,1.0
50453ef6dd172784e10717999e70a2c7,8048858f4b92de04710d758da39a0a58,pair_formed_by_refactoring,signature_changed,signature_changed,0.91,0.9
50453ef6dd172784e10717999e70a2c7,9830ab6cdb05dbbdbb54b17637c57ae3,pair_formed_by_refactoring,signature_changed,signature_changed,0.91,0.88
50453ef6dd172784e10717999e70a2c7,bdf2b42baeea4c2eaa6f74dc9af1a786,pair_formed_by_refactoring,signature_changed,exact,0.91,1.0
50453ef6dd172784e10717999e70a2c7,d6e1266ba97db0a6254aef837638999c,pair_formed_by_refactoring,signature_changed,signature_changed,0.91,0.91
5070f115e6924ec5a147f88c34467800,e31eebc553195fdad430f1e0910a91b6,pair_formed_by_refactoring,signature_changed,signature_changed,0.99,1.0
5086cf66570af0e972b21b4e56eba75d,f1f29d58edc2e133fae008705b447681,pair_formed_naturally,exact,exact,1.0,1.0
509cf47059a739b98f041f4edbb7481a,e6fec0d73d95211be51d2f2dfb415ab6,pair_formed_naturally,exact,exact,1.0,1.0
50b40615e5a4ba407de04371df1d38f9,f3970401958523a63d8f0c82c3115a3a,method_a_added,added,exact,,1.0
50cd280f91657d5a1b641b8cd92fc181,e7be7ee51459bcdaf7efb1f909daec48,pair_formed_naturally,exact,exact,1.0,1.0
50e402c7292a88fc27e3ebc00a9e4355,6ecc94149e8e36061015d3a7f0a161fa,pair_formed_by_refactoring,signature_changed,signature_changed,0.98,0.97
50eb5a609fb17fb46191aa21fc1c118a,53d6b84f96962c7aaec497993419ef90,pair_formed_naturally,exact,exact,1.0,1.0
50eb5a609fb17fb46191aa21fc1c118a,743bcc4199a582418bc32c0b9193f524,pair_formed_naturally,exact,exact,1.0,1.0
50eb5a609fb17fb46191aa21fc1c118a,8ffca15cef0e61e285735e7cf1e49b6b,pair_formed_naturally,exact,exact,1.0,1.0
50eb5a609fb17fb46191aa21fc1c118a,b9586c9196bb79f8f438fab4936841f0,pair_formed_naturally,exact,exact,1.0,1.0
50eb5a609fb17fb46191aa21fc1c118a,c092ed362ba6ad8e7d5cbc0530b659cb,pair_formed_naturally,exact,exact,1.0,1.0
50eb5a609fb17fb46191aa21fc1c118a,c7136c8b97278f90bda736e39ad615b7,pair_formed_naturally,exact,exact,1.0,1.0
50eb5a609fb17fb46191aa21fc1c118a,cd8393aaef4074677a60ebe379dc9b69,pair_formed_naturally,exact,exact,1.0,1.0
50eb5a609fb17fb46191aa21fc1c118a,d039f768dd43b73a571268ab9d49f649,pair_formed_naturally,exact,exact,1.0,1.0
50fb5c990458cf39ca88773d800eeca1,dc2c80f4da8e0943b841f07924b92ca7,pair_formed_naturally,exact,exact,1.0,1.0
510e3195e54a0ef31e5fd21b68da3418,792331e99d20fad7d55b46ce42c2681d,pair_formed_by_refactoring,signature_changed,signature_changed,1.0,1.0
510e3195e54a0ef31e5fd21b68da3418,e64df2276954525a8f487e4f1dd05a0d,pair_formed_by_refactoring,signature_changed,exact,1.0,1.0
511762c08461278ec34fbc08d83b04eb,63d1b342e0d939b9a1c2a05cf349f1af,both_added,added,added,,
511762c08461278ec34fbc08d83b04eb,867a312ce5320ce4d6f665f8c3b5a25c,both_added,added,added,,
511762c08461278ec34fbc08d83b04eb,9f97ad616ecec19c84301474da53b1e9,both_added,added,added,,
511762c08461278ec34fbc08d83b04eb,a10c29366272db9db3f5de133e84e28a,both_added,added,added,,
511762c08461278ec34fbc08d83b04eb,c3f74af0f7c983200c2ab6dbe3629624,both_added,added,added,,
511762c08461278ec34fbc08d83b04eb,f97eb40d7cb98c2ec9244b3196a2c0a0,both_added,added,added,,
513bbf55fb41260b330d4c84e0d1fd8d,abb849ab076d28a1d751641a7f57797b,pair_formed_by_refactoring,signature_changed,unknown,0.91,
51470b8a6984887757ce229cbc2cddb0,f04aacba2406380cedf1967b27583378,pair_formed_by_refactoring,signature_changed,signature_changed,1.0,1.0
5161f81d81b09a51cd079272f167d073,8957374ea6e85f26175e3e90cea170ff,pair_formed_by_refactoring,exact,signature_changed,1.0,0.94
51a646065a1b5d8b653f0faba4eb36e9,5699aa34afc474017beefa281a8c147c,pair_formed_by_refactoring,signature_changed,signature_changed,0.96,0.94
51a646065a1b5d8b653f0faba4eb36e9,a4bbd813b277dfc3e51ee9a13ff346b0,pair_formed_by_refactoring,signature_changed,signature_changed,0.96,0.96
51a646065a1b5d8b653f0faba4eb36e9,b8d8059e9e888e2561ac6cae8f388c92,pair_formed_by_refactoring,signature_changed,signature_changed,0.96,1.0
51a646065a1b5d8b653f0faba4eb36e9,dc83212f4bb634136ec5fc56db782f36,pair_formed_by_refactoring,signature_changed,signature_changed,0.96,1.0
51a646065a1b5d8b653f0faba4eb36e9,e4e4217e547842bb49a4284bedf9f405,pair_formed_by_refactoring,signature_changed,signature_changed,0.96,0.93
51a646065a1b5d8b653f0faba4eb36e9,ed870809cd2e7cf32355e7608ce02d53,pair_formed_by_refactoring,signature_changed,signature_changed,0.96,0.96
51ca60361180777d54d6f66a9f678b77,99efa4f03bd06b2f57346e6ce6a3009d,pair_formed_by_refactoring,signature_changed,signature_changed,0.91,0.9
52021d9e90f97fb0b8b21790b5ff7753,5d9c5d798c971de1660c68957a995850,pair_formed_naturally,exact,exact,1.0,1.0
522bbbe5ff519e846c2712ff45781b20,fabd876a7a10bb2ade73ba1e4d087b74,method_a_added,added,signature_changed,,0.99
5247f5ffdda7c513dc1e6109977a3e2a,e00f095e19d1265c8f6a52bf50790dab,pair_formed_by_refactoring,exact,signature_changed,1.0,0.96
525497744465cbe0bc8da6f96baeff61,8391907aa775ce0ae8354e54e168c7e9,pair_formed_by_refactoring,exact,signature_changed,1.0,0.94
525497744465cbe0bc8da6f96baeff61,c8c2823ae89c23345d8886e842bbcd6f,pair_formed_naturally,exact,exact,1.0,1.0
525ed95ad2e3d3aebc603a5dc0931c1b,e6fec0d73d95211be51d2f2dfb415ab6,pair_formed_naturally,exact,exact,1.0,1.0
525ed95ad2e3d3aebc603a5dc0931c1b,f6ed98114e4cd5e3a6de5ff22b9ba502,pair_formed_naturally,exact,exact,1.0,1.0
527bb80a1f4fb905c3d05ab858b28347,f3037d95cde70826d2ed10adede4b5f1,pair_formed_naturally,exact,exact,1.0,1.0
528ba1151133d8f78c29d4b676fdfc8b,9402dcde2d90b6700ca66604b3e7cd6b,pair_formed_naturally,exact,exact,1.0,1.0
5299fb25f23be65df84752229a100af3,6e7c0b9338e02e8d5c08c787fde91d34,both_added,added,added,,
5299fb25f23be65df84752229a100af3,89d89960ecccc6e605f07d2461689e87,both_added,added,added,,
5299fb25f23be65df84752229a100af3,de1d32db5aaf424ac65ac0ea5cc20400,both_added,added,added,,
529d0ef103c47a5517f1b836de523270,d2ad5e962cadc478d85b357bf1633a78,pair_formed_by_refactoring,refactored,refactored,0.76,0.8
533894b63de9b7a4e8ea95fc0ae1cc5e,77e748b02611ee7b38a80ffc422905f2,pair_formed_by_refactoring,signature_changed,signature_changed,1.0,1.0
533a12e4dec6fb4108f5089a90bf97dc,a0f19b403cc9d881c124895eb7917b0b,pair_formed_naturally,exact,exact,1.0,1.0
5343655bbc6aacaa67620e6ca73a52f3,afbff0f119f4a958cfbc1aa563134689,pair_formed_naturally,exact,exact,1.0,1.0
536b0c23bdcb3b9d3a8baeec09ff45cc,cb560c7c769c89093d7283aa9e682f04,pair_formed_by_refactoring,signature_changed,signature_changed,1.0,1.0
536b3d37d76f35b22425855b7add108f,61ffd9f2892c973b6be681d09a437d6e,both_added,added,added,,
536b3d37d76f35b22425855b7add108f,63d1b342e0d939b9a1c2a05cf349f1af,both_added,added,added,,
536b3d37d76f35b22425855b7add108f,79e5a30fe83f456300019bceeaffabc3,both_added,added,added,,
536b3d37d76f35b22425855b7add108f,848cc34d634892c33464d56a91b27d31,both_added,added,added,,
536b3d37d76f35b22425855b7add108f,867a312ce5320ce4d6f665f8c3b5a25c,both_added,added,added,,
536b3d37d76f35b22425855b7add108f,9ed6c4a94ab3e55aec855688eb9af892,both_added,added,added,,
536b3d37d76f35b22425855b7add108f,b55e54f8f1e0e7c199eba82e5596b366,both_added,added,added,,
536b3d37d76f35b22425855b7add108f,d94abc308f54af93bbdde0a2fcb703c3,both_added,added,added,,
536b3d37d76f35b22425855b7add108f,de02b943529137359129494fa4c891d0,both_added,added,added,,
536b3d37d76f35b22425855b7add108f,f4deb3f50ea83bdf3928a0596d517b4a,both_added,added,added,,
536b3d37d76f35b22425855b7add108f,f97eb40d7cb98c2ec9244b3196a2c0a0,both_added,added,added,,
536b3d37d76f35b22425855b7add108f,fe165ba2bf445893d15bb207424d673c,both_added,added,added,,
53730c94f100b02140549691a96509a6,dc2c80f4da8e0943b841f07924b92ca7,pair_formed_naturally,exact,exact,1.0,1.0
53b29dca6fdb0597708cb2ecd1d24113,e5484ee179e932b83297ae9ee3d34b8d,pair_formed_by_refactoring,signature_changed,signature_changed,1.0,1.0
54055f2ef65e62a19ec93a94cf05fcf5,5f1d4e7d670b5e8073046f60ee314831,pair_formed_by_refactoring,exact,signature_changed,1.0,1.0
540a6b050a2ea5d8f3e2dbbc38715bbd,a6917b0d1ffbb5cc1c09fd7040aa8fcb,pair_formed_by_refactoring,exact,signature_changed,1.0,0.99
540a6b050a2ea5d8f3e2dbbc38715bbd,e89332cc294d3c5aff181bf2b5317d7d,pair_formed_naturally,exact,exact,1.0,1.0
541b7e93eaa68d8993be38d1d9aa6047,57ffbb0ffa106d9d625ce24380cc6ce8,both_added,added,added,,
541b7e93eaa68d8993be38d1d9aa6047,5d20daa53fe1f1773b62f782e72f39fb,both_added,added,added,,
541b7e93eaa68d8993be38d1d9aa6047,5e64bc480ca4927adcefb8ea1feeff88,both_added,added,added,,
541b7e93eaa68d8993be38d1d9aa6047,621723d94e6dd8c67721ce9bdac533b3,both_added,added,added,,
541b7e93eaa68d8993be38d1d9aa6047,6b6696cc5963344f57a6f4b5025c193d,both_added,added,added,,
541b7e93eaa68d8993be38d1d9aa6047,7f59b708be03bc11c3abe621a5fb3d30,both_added,added,added,,
541b7e93eaa68d8993be38d1d9aa6047,8cf818320ca5ed77c135a2f1a50a66a7,both_added,added,added,,
541b7e93eaa68d8993be38d1d9aa6047,98062190bc921063dc069278b6c6ec68,both_added,added,added,,
541b7e93eaa68d8993be38d1d9aa6047,a10c29366272db9db3f5de133e84e28a,both_added,added,added,,
541b7e93eaa68d8993be38d1d9aa6047,a44a2bc3ac19033aec942126cd6e946c,both_added,added,added,,
541b7e93eaa68d8993be38d1d9aa6047,af4b5e354263b1fa8ce9ee78b78933bd,both_added,added,added,,
541b7e93eaa68d8993be38d1d9aa6047,bbd9f38a8529b1400892ae64a60ccb53,both_added,added,added,,
541b7e93eaa68d8993be38d1d9aa6047,bd9430e8a21d0868b94c3e3645ededc8,both_added,added,added,,
541b7e93eaa68d8993be38d1d9aa6047,bf4e9fe513e6e8612215b9673cca5c2b,both_added,added,added,,
541b7e93eaa68d8993be38d1d9aa6047,cfb1eccb6a0098d66806fb128fe799bf,both_added,added,added,,
541b7e93eaa68d8993be38d1d9aa6047,d051badb3ec26d22931f36515ac34081,both_added,added,added,,
541b7e93eaa68d8993be38d1d9aa6047,d57844cfca2141f691b6bd239ffdf5c8,both_added,added,added,,
541b7e93eaa68d8993be38d1d9aa6047,da7e79277f1ed625300a3db6f5f8a1a4,both_added,added,added,,
541b7e93eaa68d8993be38d1d9aa6047,e079a6ef12cd3063c4f72776682cc645,both_added,added,added,,
541b7e93eaa68d8993be38d1d9aa6047,e7ff88c357c33e69d8773479aeb0cf0e,both_added,added,added,,
541b7e93eaa68d8993be38d1d9aa6047,fb84e80c9418312f2f13b209bc655d52,both_added,added,added,,
541b7e93eaa68d8993be38d1d9aa6047,ffcedcb56d0c62d515cd0493970966c0,both_added,added,added,,
54531bcdabcceff2774378ee3c30dfd2,d85bc32de55387539c7c9a511abd4129,method_b_added,exact,added,1.0,
54531bcdabcceff2774378ee3c30dfd2,da7d9ba9f6a249f050179641b56dfa42,pair_formed_naturally,exact,exact,1.0,1.0
547ded528092c9b0290a07b29910b20c,56925488c3bc122303a7fd2c09864bbf,pair_formed_naturally,exact,exact,1.0,1.0
547ded528092c9b0290a07b29910b20c,a9a3414824a267aaaf726cc3a2f0fd0e,pair_formed_naturally,exact,exact,1.0,1.0
547ded528092c9b0290a07b29910b20c,c838911abe633d145211ff49ecffbb5e,pair_formed_naturally,exact,exact,1.0,1.0
547ded528092c9b0290a07b29910b20c,d570a38e01789db11f0d850537dd627c,pair_formed_naturally,exact,exact,1.0,1.0
547fd74ec13836bbb82f4d1ca43b660a,5d9198628fcbe39da3866f265776320a,both_added,added,added,,
547fd74ec13836bbb82f4d1ca43b660a,bddea2f2f12826adb850cf479c1e601f,both_added,added,added,,
547fd74ec13836bbb82f4d1ca43b660a,c5cbc66c47ea7b5afccdfd0dff212985,both_added,added,added,,
547fd74ec13836bbb82f4d1ca43b660a,e44c48fe6f0bc568c771233ba3d18c1b,both_added,added,added,,
5484895f2c187ac507720fcfce44a827,daf031b9bbccdf80cd2b39aeaa99cd6a,pair_formed_naturally,exact,exact,1.0,1.0
54b5a2e91a6caeecfae871da06c7e157,b429eef3221d2cfe0e4ca95cb9bbc51d,pair_formed_naturally,exact,exact,1.0,1.0
54e4dafac50924c7c8318e56b881207d,944aad106aa504a2c5164d718ee83763,pair_formed_by_refactoring,signature_changed,signature_changed,0.97,0.97
54e4dafac50924c7c8318e56b881207d,bc48b25d38e844268a75882a7000aaad,pair_formed_by_refactoring,signature_changed,signature_changed,0.97,0.97
54e4dafac50924c7c8318e56b881207d,fcbd43b9d1c030e16f4cd8de5ec9b89c,pair_formed_by_refactoring,signature_changed,signature_changed,0.97,0.97
54f6536133fed638bc0a15e3537853ca,5e71f6d00aab2f1be32c8315a43c7377,both_added,added,added,,
551701467cc50614ff72e6abf32e3d72,6584ec7cb82624171d28f75525654727,pair_formed_by_refactoring,exact,signature_changed,1.0,1.0
553be4e9e51da365930fef06d667ef63,6cca3b85ac47eafe20e73a744aa17caf,pair_formed_naturally,exact,exact,1.0,1.0
553be4e9e51da365930fef06d667ef63,dc2c80f4da8e0943b841f07924b92ca7,pair_formed_naturally,exact,exact,1.0,1.0
553f2a85327ce409e35542d9ae1e16b4,aac4f456c8802358cc18199670bc2cc7,method_a_added,added,exact,,1.0
5569388fb4295a8333c8891e78bd3060,c4e331f2fdb3cd6aa8f82c70b0beb00a,pair_formed_naturally,exact,exact,1.0,1.0
558d36dbe9f85f414e4e3eada56d0429,d1beb9d3ee702eb660dd3bec22be6a4f,pair_formed_by_refactoring,signature_changed,exact,1.0,1.0
55a32fbdf560d437ef3c5b53971513c0,c576720eb705e49b76a10431683d0449,pair_formed_by_refactoring,exact,signature_changed,1.0,0.97
55a32fbdf560d437ef3c5b53971513c0,dd9299b31cfc99e88673847a33e992d1,pair_formed_by_refactoring,exact,signature_changed,1.0,1.0
55a7d2cc3266fd7ce88a64dbc0a1ea0f,bec46847bb61745ee5a0745171e9e138,both_added,added,added,,
55e187efb0e00eec8d83c1146ebd5df9,a3e1afa20beea2bd5a033b243d63f2de,pair_formed_naturally,unknown,unknown,,
55e187efb0e00eec8d83c1146ebd5df9,d11e247a53890ee2e5ed0562d9be49c1,pair_formed_naturally,unknown,unknown,,
55e187efb0e00eec8d83c1146ebd5df9,e912add67c4ef1e51cb1d71f86138ec3,pair_formed_naturally,unknown,unknown,,
565b93d17285d8f956578df47719f758,d36791934f3b32400236665f3d4bc07b,pair_formed_naturally,unknown,unknown,,
565b93d17285d8f956578df47719f758,dd2852227e537fafda2ed57fff635e25,pair_formed_naturally,unknown,unknown,,
565b93d17285d8f956578df47719f758,fb5b4978e88cd9df4b2ea00ce5ebdb1a,pair_formed_naturally,unknown,unknown,,
56711e1b722b2788bfe122a438854e12,c3f74af0f7c983200c2ab6dbe3629624,method_b_added,exact,added,1.0,
56925488c3bc122303a7fd2c09864bbf,7db9ea029fdaeec183bdd873d14ea851,method_b_added,exact,added,1.0,
56925488c3bc122303a7fd2c09864bbf,8a6ccb82ecd9ac33e67e9acfd178acb1,pair_formed_naturally,exact,exact,1.0,1.0
56925488c3bc122303a7fd2c09864bbf,a9a3414824a267aaaf726cc3a2f0fd0e,pair_formed_naturally,exact,exact,1.0,1.0
56925488c3bc122303a7fd2c09864bbf,aa55e4e11e13fca90d0525d6a02caee7,pair_formed_naturally,exact,exact,1.0,1.0
56925488c3bc122303a7fd2c09864bbf,c838911abe633d145211ff49ecffbb5e,pair_formed_naturally,exact,exact,1.0,1.0
56925488c3bc122303a7fd2c09864bbf,d570a38e01789db11f0d850537dd627c,pair_formed_naturally,exact,exact,1.0,1.0
5699aa34afc474017beefa281a8c147c,78bfabb7ca3452282a9f1f0ddb86da23,pair_formed_by_refactoring,signature_changed,signature_changed,0.94,1.0
5699aa34afc474017beefa281a8c147c,a4bbd813b277dfc3e51ee9a13ff346b0,pair_formed_by_refactoring,signature_changed,signature_changed,0.94,0.96
5699aa34afc474017beefa281a8c147c,a57217a601c0624c593649d9d7cea50c,pair_formed_by_refactoring,signature_changed,signature_changed,0.94,1.0
5699aa34afc474017beefa281a8c147c,aadbde3efa2522d0258c803c715cc686,pair_formed_by_refactoring,signature_changed,signature_changed,0.94,0.87
5699aa34afc474017beefa281a8c147c,adaeb9e71db54fd430ca8cc35e40aa54,pair_formed_by_refactoring,signature_changed,unknown,0.94,
5699aa34afc474017beefa281a8c147c,b8d8059e9e888e2561ac6cae8f388c92,pair_formed_by_refactoring,signature_changed,signature_changed,0.94,1.0
5699aa34afc474017beefa281a8c147c,dc83212f4bb634136ec5fc56db782f36,pair_formed_by_refactoring,signature_changed,signature_changed,0.94,1.0
5699aa34afc474017beefa281a8c147c,e4e4217e547842bb49a4284bedf9f405,pair_formed_by_refactoring,signature_changed,signature_changed,0.94,0.93
5699aa34afc474017beefa281a8c147c,ed870809cd2e7cf32355e7608ce02d53,pair_formed_by_refactoring,signature_changed,signature_changed,0.94,0.96
56bcf6485cac352c657945e2e32117c1,62f516ac3dc5a4648f3d6f0b833929eb,pair_formed_naturally,exact,unknown,1.0,
56bcf6485cac352c657945e2e32117c1,c2e41a3c14178bf81869dbaaa49dd800,pair_formed_by_refactoring,exact,signature_changed,1.0,1.0
56bcf6485cac352c657945e2e32117c1,daec177f075eccd21a48e87eeb325ae0,pair_formed_by_refactoring,exact,signature_changed,1.0,1.0
56c7ffec673bc89b308ccfcb757c9111,6fbede6d4d5adcf114a6bd4d9b905c65,pair_formed_naturally,exact,exact,1.0,1.0
56e2bcb643efe8069edc9cdb1a2da7e4,87bce0158d86e312c5fa6c85b264494b,pair_formed_naturally,exact,exact,1.0,1.0
56e7f5ca6268481e3917d1803a771e5b,c0e09d1201f258d38919ca72257a0bb3,pair_formed_naturally,exact,exact,1.0,1.0
56e7f5ca6268481e3917d1803a771e5b,def1f63a2c51a396747d5d672805a5f7,pair_formed_naturally,exact,exact,1.0,1.0
56e7f5ca6268481e3917d1803a771e5b,e97c7a0072bad45f3f1865d48a3bb1d8,pair_formed_naturally,exact,exact,1.0,1.0
56f127b8061d75dbf28a4a1af787bf7f,a5c93a35e66d4e35e571220db5d3c260,both_added,added,added,,
56f127b8061d75dbf28a4a1af787bf7f,ab702e7e0b62f5516bd2a6de6ad928fd,both_added,added,added,,
56f127b8061d75dbf28a4a1af787bf7f,d06c7054aef075b9c76a89c1606fff51,both_added,added,added,,
57243625dde90cafdf826e3bf6590410,a18a40bcaeb71431e98337d2366d2e13,pair_formed_naturally,exact,exact,1.0,1.0
57243625dde90cafdf826e3bf6590410,c86db8585d0a18aa5aead240e0a1d71a,pair_formed_naturally,exact,exact,1.0,1.0
573b5e180b170c93233fb330edf6caf1,e14556235dfad5570e44bb1db0b7d956,pair_formed_naturally,exact,exact,1.0,1.0
5773ffa14908964d60a82d9521c80176,592308e26139291a7c3e9d595f0f0489,method_a_added,added,exact,,1.0
5773ffa14908964d60a82d9521c80176,8e23c01d8790b5cea05e36a00a7ae666,method_a_added,added,exact,,1.0
5773ffa14908964d60a82d9521c80176,974036777029092b715f2d72521f5e8c,both_added,added,added,,
579c2474b87903d218c9bb7263ef7c4d,677dd55bb0dff6c82e2be9d1637d11cd,pair_formed_naturally,exact,exact,1.0,1.0
57a2cc9e0b26f857ae21ba297dc3ca4c,fa70ce95d008ab944a42dbd99149c72f,pair_formed_naturally,exact,exact,1.0,1.0
57b831e63707d87868141acc3cd42751,cba62646dafa25d77f23d8b6b2e4d55f,pair_formed_naturally,exact,exact,1.0,1.0
57bc18f1b429f690648663e5b35d9a80,97d76de5a2d0f35835a3bfb4e71e53d3,pair_formed_naturally,exact,exact,1.0,1.0
57bc18f1b429f690648663e5b35d9a80,ff465f595801cf0e9e6153d535599412,pair_formed_naturally,exact,exact,1.0,1.0
57ffbb0ffa106d9d625ce24380cc6ce8,5d20daa53fe1f1773b62f782e72f39fb,both_added,added,added,,
57ffbb0ffa106d9d625ce24380cc6ce8,5e64bc480ca4927adcefb8ea1feeff88,both_added,added,added,,
57ffbb0ffa106d9d625ce24380cc6ce8,621723d94e6dd8c67721ce9bdac533b3,both_added,added,added,,
57ffbb0ffa106d9d625ce24380cc6ce8,645c906bdfb01b8583d15cf9df644ddf,both_added,added,added,,
57ffbb0ffa106d9d625ce24380cc6ce8,6b6696cc5963344f57a6f4b5025c193d,both_added,added,added,,
57ffbb0ffa106d9d625ce24380cc6ce8,7f59b708be03bc11c3abe621a5fb3d30,both_added,added,added,,
57ffbb0ffa106d9d625ce24380cc6ce8,8cf818320ca5ed77c135a2f1a50a66a7,both_added,added,added,,
57ffbb0ffa106d9d625ce24380cc6ce8,929a29822abed393abd74be01743a2c2,both_added,added,added,,
57ffbb0ffa106d9d625ce24380cc6ce8,98062190bc921063dc069278b6c6ec68,both_added,added,added,,
57ffbb0ffa106d9d625ce24380cc6ce8,a44a2bc3ac19033aec942126cd6e946c,both_added,added,added,,
57ffbb0ffa106d9d625ce24380cc6ce8,af4b5e354263b1fa8ce9ee78b78933bd,both_added,added,added,,
57ffbb0ffa106d9d625ce24380cc6ce8,bbd9f38a8529b1400892ae64a60ccb53,both_added,added,added,,
57ffbb0ffa106d9d625ce24380cc6ce8,bd9430e8a21d0868b94c3e3645ededc8,both_added,added,added,,
57ffbb0ffa106d9d625ce24380cc6ce8,bda0e7d94d52f58b6e5623cdcd10282e,both_added,added,added,,
57ffbb0ffa106d9d625ce24380cc6ce8,bf4e9fe513e6e8612215b9673cca5c2b,both_added,added,added,,
57ffbb0ffa106d9d625ce24380cc6ce8,c1848fc42fb66eed0315371ff3e5b1b8,both_added,added,added,,
57ffbb0ffa106d9d625ce24380cc6ce8,c25052a98d9cf55c9b0ccb0d6d3ff00e,both_added,added,added,,
57ffbb0ffa106d9d625ce24380cc6ce8,c3af34e7307ac63f1d6b15fbeb29e0ec,both_added,added,added,,
57ffbb0ffa106d9d625ce24380cc6ce8,cfb1eccb6a0098d66806fb128fe799bf,both_added,added,added,,
57ffbb0ffa106d9d625ce24380cc6ce8,d051badb3ec26d22931f36515ac34081,both_added,added,added,,
57ffbb0ffa106d9d625ce24380cc6ce8,d57844cfca2141f691b6bd239ffdf5c8,both_added,added,added,,
57ffbb0ffa106d9d625ce24380cc6ce8,d6e35a94b47b2006697f25118a40b150,both_added,added,added,,
57ffbb0ffa106d9d625ce24380cc6ce8,da7e79277f1ed625300a3db6f5f8a1a4,both_added,added,added,,
57ffbb0ffa106d9d625ce24380cc6ce8,e079a6ef12cd3063c4f72776682cc645,both_added,added,added,,
57ffbb0ffa106d9d625ce24380cc6ce8,e7ff88c357c33e69d8773479aeb0cf0e,both_added,added,added,,
57ffbb0ffa106d9d625ce24380cc6ce8,e9bf1396c1a1cd4d9f9b959e94071271,both_added,added,added,,
57ffbb0ffa106d9d625ce24380cc6ce8,f7ac4ea59a26952f9abae99254116042,both_added,added,added,,
57ffbb0ffa106d9d625ce24380cc6ce8,fb84e80c9418312f2f13b209bc655d52,both_added,added,added,,
57ffbb0ffa106d9d625ce24380cc6ce8,fda369cd62d9f205f3d65805e7757216,both_added,added,added,,
57ffbb0ffa106d9d625ce24380cc6ce8,ffcedcb56d0c62d515cd0493970966c0,both_added,added,added,,
58933a01b70c4975d55bee8501e4f6da,62b367d2409e751b32c5f8650beb81bf,pair_formed_by_refactoring,unknown,signature_changed,,0.81
58a7f3ac3a032840fae380a17402a2ec,59460fe3931e231ad009f6fbc8b106ad,pair_formed_naturally,exact,exact,1.0,1.0
58a7f3ac3a032840fae380a17402a2ec,d2bbc96491a614fcccfd25e8a5544e6f,pair_formed_naturally,exact,exact,1.0,1.0
58a7f3ac3a032840fae380a17402a2ec,f189a0042f131ef2af5deb6a1cc8deac,pair_formed_naturally,exact,exact,1.0,1.0
59157f07df5b0b10f5e4c2609c66a5f4,b7035a58b0e68b49bfad0d53177ca22a,pair_formed_naturally,exact,exact,1.0,1.0
59157f07df5b0b10f5e4c2609c66a5f4,bbc8438430dd30b3da2a6cba4311bcb7,pair_formed_naturally,exact,exact,1.0,1.0
592308e26139291a7c3e9d595f0f0489,974036777029092b715f2d72521f5e8c,method_b_added,exact,added,1.0,
592308e26139291a7c3e9d595f0f0489,c318fdc92690868862acb32aa6fd6ca8,method_b_added,exact,added,1.0,
592308e26139291a7c3e9d595f0f0489,d955ae78b0fb617165d7e60cd98e42cf,method_b_added,exact,added,1.0,
59309a303a5f65a298d7e8adf38b7c0e,b052683a55ea0b825e47e4cb373de2d7,pair_formed_naturally,exact,exact,1.0,1.0
59460fe3931e231ad009f6fbc8b106ad,fd7f89c58f56f962a3e4e964b9d7465f,method_b_added,exact,added,1.0,
598db84da48b825bbe17a7923123a73a,7c848d2fd49170c9ca12bcbf7bf8e411,pair_formed_naturally,exact,exact,1.0,1.0
599fc8647a31ce432171339bc0d35362,9db189bd0ebe2e7e3df8bfaac8bec5bb,pair_formed_naturally,exact,unknown,1.0,
59d8bdce9cfe51330697ced5812145a2,7fe9982e45ece36e7f5f6efc9d97e4f5,pair_formed_naturally,exact,exact,1.0,1.0
59d8bdce9cfe51330697ced5812145a2,963638552aecbaf544648d434b693635,pair_formed_naturally,exact,exact,1.0,1.0
59d8bdce9cfe51330697ced5812145a2,a982cf5729dad8ecb71c5cb3e4e6491b,pair_formed_naturally,exact,exact,1.0,1.0
59d8bdce9cfe51330697ced5812145a2,da6a8aae440567e3b87599250cfc9daf,pair_formed_naturally,exact,exact,1.0,1.0
59d8bdce9cfe51330697ced5812145a2,fb56b8b200a9866d5a5577e16c817de0,pair_formed_naturally,exact,exact,1.0,1.0
5a18a40d3fbffe090d12abd76f7eba37,6e58d72f983ab8aac90eb7aee8eb7ccd,method_a_added,added,signature_changed,,0.97
5a18a40d3fbffe090d12abd76f7eba37,76516c7cd9b0344096801a5bd5694217,both_added,added,added,,
5a18a40d3fbffe090d12abd76f7eba37,a600ea0587ff577ddb98e7ea0a8354cd,method_a_added,added,signature_changed,,0.98
5a18a40d3fbffe090d12abd76f7eba37,d1e2eeaf86a4bb2b51028f6bbe679cce,method_a_added,added,signature_changed,,0.97
5aa08236eb6da91b456614c7c374fbba,6167e5f829902e2e5e975032cf66cded,pair_formed_naturally,exact,exact,1.0,1.0
5ab62be7acabfef43210c3fbdef4c11b,616f6f6545989d882a537d12e1f3236f,both_added,added,added,,
5ab62be7acabfef43210c3fbdef4c11b,9571ad35dbcfc5b789668989856e534c,method_a_added,added,signature_changed,,0.96
5ad3df43815c9f8898f9578793d0f07f,d69fe97c08bb5156605035e686f8345c,method_b_added,renamed,added,0.97,
5b1c890c0e4814f0db52ba942af0b6f8,c6b3301b77f184cb4d6f6e46cacff30c,pair_formed_naturally,exact,exact,1.0,1.0
5b2b0d8a9148ea6b5d2f30661d6577f1,82ecd94c9830816c7dfdbf8f36ecbdd6,pair_formed_naturally,exact,exact,1.0,1.0
5b2b0d8a9148ea6b5d2f30661d6577f1,879f696e6c6b8a65d754b93c90e881ec,pair_formed_naturally,exact,exact,1.0,1.0
5b2b0d8a9148ea6b5d2f30661d6577f1,9d8b25077904644a798b2e3d7c11047a,pair_formed_naturally,exact,exact,1.0,1.0
5b2b0d8a9148ea6b5d2f30661d6577f1,ef3053b10907c50bd5d1abd6973e689d,pair_formed_naturally,exact,exact,1.0,1.0
5b3e075d2929e428019149ea19685f7b,c576720eb705e49b76a10431683d0449,pair_formed_by_refactoring,exact,signature_changed,1.0,0.97
5c4075c3fa1b867b2e3db1de4931835c,b314a7cafb4c23c0251990ab5453c2a4,pair_formed_naturally,exact,exact,1.0,1.0
5c4075c3fa1b867b2e3db1de4931835c,bd9e5496016ea6786aab40f6418632db,pair_formed_naturally,exact,exact,1.0,1.0
5c4075c3fa1b867b2e3db1de4931835c,efd920bff2762053cd95e03403ab14d9,pair_formed_naturally,exact,exact,1.0,1.0
5c44d6a1a8d8352fc19d1d4da2f63e88,68f4f7204f0f048b523546d56889c287,method_b_added,exact,added,1.0,
5c44d6a1a8d8352fc19d1d4da2f63e88,b4254bd552389c90cf311dac17dbe636,pair_formed_naturally,exact,exact,1.0,1.0
5c44d6a1a8d8352fc19d1d4da2f63e88,e267da9c40f04c6f83e38a775b01117a,pair_formed_naturally,exact,exact,1.0,1.0
5c73425bbd692819cac0b6862e7fd6e8,7900e9e9f8124113ba455e93299365cb,method_b_added,exact,added,1.0,
5c73425bbd692819cac0b6862e7fd6e8,7db9ea029fdaeec183bdd873d14ea851,method_b_added,exact,added,1.0,
5c73425bbd692819cac0b6862e7fd6e8,986d1bebf9bd20ea9c4f3145e2b1f64d,method_b_added,exact,added,1.0,
5c73425bbd692819cac0b6862e7fd6e8,bab09ec669df9914561104286f6d3f9f,method_b_added,exact,added,1.0,
5c73425bbd692819cac0b6862e7fd6e8,c838911abe633d145211ff49ecffbb5e,pair_formed_naturally,exact,exact,1.0,1.0
5c73425bbd692819cac0b6862e7fd6e8,f43d862f762bba5c9b1fddd4a6081faa,method_b_added,exact,added,1.0,
5cb7b4900b8e34e4aab96d6aeba7ff63,653c0d5f14574cfad3136c90e3436996,pair_formed_by_refactoring,signature_changed,signature_changed,1.0,0.97
5cb7b4900b8e34e4aab96d6aeba7ff63,699f9dcd41a27de7189607cebb7152db,pair_formed_by_refactoring,signature_changed,signature_changed,1.0,1.0
5cb7b4900b8e34e4aab96d6aeba7ff63,7bf2d4782daec923aecc8725a3f41795,pair_formed_by_refactoring,signature_changed,signature_changed,1.0,0.98
5cb7b4900b8e34e4aab96d6aeba7ff63,95e77056a22e944f314ade351ac0b5c9,pair_formed_by_refactoring,signature_changed,signature_changed,1.0,1.0
5cb7b4900b8e34e4aab96d6aeba7ff63,a4a427b9eca642fc48c6f8f413121c3f,pair_formed_by_refactoring,signature_changed,signature_changed,1.0,1.0
5cb7b4900b8e34e4aab96d6aeba7ff63,b7ba8d82fb4e049e643b4af8bb0d8593,pair_formed_by_refactoring,signature_changed,signature_changed,1.0,0.98
5cb7b4900b8e34e4aab96d6aeba7ff63,c1211e9761ccb2368ba1b6ebfe0edb1c,pair_formed_by_refactoring,signature_changed,signature_changed,1.0,0.97
5cb7b4900b8e34e4aab96d6aeba7ff63,ce9296a44b9f8519ce4b624b815a3267,pair_formed_by_refactoring,signature_changed,signature_changed,1.0,1.0
5cb7b4900b8e34e4aab96d6aeba7ff63,d5d28089a0e9c6c92695076654fa4182,pair_formed_by_refactoring,signature_changed,signature_changed,1.0,0.98
5cb7b4900b8e34e4aab96d6aeba7ff63,ffb5c85bf24ef50e36a20364e96b8ca1,pair_formed_by_refactoring,signature_changed,signature_changed,1.0,0.98
5cdda45488db2f7c1198bd4bae6d4d0c,cf8024e061dd3896b93477482e661c75,pair_formed_naturally,exact,exact,1.0,1.0
5cf1ae9d427c9960f79c354021e534ee,979026da9bd104f63ae96c03497cc4c7,method_a_added,added,renamed,,0.98
5d0f5c7be6d061ef0d7b3847b294a6d8,d83c47bfaf015ce0e369200d56af1313,method_b_added,exact,added,1.0,
5d20daa53fe1f1773b62f782e72f39fb,5e64bc480ca4927adcefb8ea1feeff88,both_added,added,added,,
5d20daa53fe1f1773b62f782e72f39fb,621723d94e6dd8c67721ce9bdac533b3,both_added,added,added,,
5d20daa53fe1f1773b62f782e72f39fb,645c906bdfb01b8583d15cf9df644ddf,both_added,added,added,,
5d20daa53fe1f1773b62f782e72f39fb,6b6696cc5963344f57a6f4b5025c193d,both_added,added,added,,
5d20daa53fe1f1773b62f782e72f39fb,7f59b708be03bc11c3abe621a5fb3d30,both_added,added,added,,
5d20daa53fe1f1773b62f782e72f39fb,8cf818320ca5ed77c135a2f1a50a66a7,both_added,added,added,,
5d20daa53fe1f1773b62f782e72f39fb,929a29822abed393abd74be01743a2c2,both_added,added,added,,
5d20daa53fe1f1773b62f782e72f39fb,98062190bc921063dc069278b6c6ec68,both_added,added,added,,
5d20daa53fe1f1773b62f782e72f39fb,a44a2bc3ac19033aec942126cd6e946c,both_added,added,added,,
5d20daa53fe1f1773b62f782e72f39fb,af4b5e354263b1fa8ce9ee78b78933bd,both_added,added,added,,
5d20daa53fe1f1773b62f782e72f39fb,bbd9f38a8529b1400892ae64a60ccb53,both_added,added,added,,
5d20daa53fe1f1773b62f782e72f39fb,bd9430e8a21d0868b94c3e3645ededc8,both_added,added,added,,
5d20daa53fe1f1773b62f782e72f39fb,bda0e7d94d52f58b6e5623cdcd10282e,both_added,added,added,,
5d20daa53fe1f1773b62f782e72f39fb,bf4e9fe513e6e8612215b9673cca5c2b,both_added,added,added,,
5d20daa53fe1f1773b62f782e72f39fb,c1848fc42fb66eed0315371ff3e5b1b8,both_added,added,added,,
5d20daa53fe1f1773b62f782e72f39fb,c25052a98d9cf55c9b0ccb0d6d3ff00e,both_added,added,added,,
5d20daa53fe1f1773b62f782e72f39fb,c3af34e7307ac63f1d6b15fbeb29e0ec,both_added,added,added,,
5d20daa53fe1f1773b62f782e72f39fb,cfb1eccb6a0098d66806fb128fe799bf,both_added,added,added,,
5d20daa53fe1f1773b62f782e72f39fb,d051badb3ec26d22931f36515ac34081,both_added,added,added,,
5d20daa53fe1f1773b62f782e72f39fb,d57844cfca2141f691b6bd239ffdf5c8,both_added,added,added,,
5d20daa53fe1f1773b62f782e72f39fb,d6e35a94b47b2006697f25118a40b150,both_added,added,added,,
5d20daa53fe1f1773b62f782e72f39fb,da7e79277f1ed625300a3db6f5f8a1a4,both_added,added,added,,
5d20daa53fe1f1773b62f782e72f39fb,e079a6ef12cd3063c4f72776682cc645,both_added,added,added,,
5d20daa53fe1f1773b62f782e72f39fb,e7ff88c357c33e69d8773479aeb0cf0e,both_added,added,added,,
5d20daa53fe1f1773b62f782e72f39fb,e9bf1396c1a1cd4d9f9b959e94071271,both_added,added,added,,
5d20daa53fe1f1773b62f782e72f39fb,f7ac4ea59a26952f9abae99254116042,both_added,added,added,,
5d20daa53fe1f1773b62f782e72f39fb,fb84e80c9418312f2f13b209bc655d52,both_added,added,added,,
5d20daa53fe1f1773b62f782e72f39fb,fda369cd62d9f205f3d65805e7757216,both_added,added,added,,
5d20daa53fe1f1773b62f782e72f39fb,ffcedcb56d0c62d515cd0493970966c0,both_added,added,added,,
5d37ad0bd86c49baf0ffc23adbcab436,962f26ee5c9015b3fde6305a4ca9fb89,both_added,added,added,,
5d37ad0bd86c49baf0ffc23adbcab436,a09f39e2dee9828f96e8316ce2549334,both_added,added,added,,
5d37ad0bd86c49baf0ffc23adbcab436,df0625b5ef7e4df90670c679506e82ef,both_added,added,added,,
5d9198628fcbe39da3866f265776320a,bddea2f2f12826adb850cf479c1e601f,both_added,added,added,,
5d9198628fcbe39da3866f265776320a,c5cbc66c47ea7b5afccdfd0dff212985,both_added,added,added,,
5d9198628fcbe39da3866f265776320a,e44c48fe6f0bc568c771233ba3d18c1b,both_added,added,added,,
5daf44475508cc954339af0ac449c70f,7f6443f95b014549a006a9f829b67c67,pair_formed_naturally,exact,exact,1.0,1.0
5db9981e5f6bdc893b26712d8935d3de,cb24af052fa9aa8cd6052114ba59aa90,both_added,added,added,,
5df228016a6eba2a6862bcb48ed9c5b3,6b160b08fff4776205b8d8f3a1f0437f,pair_formed_naturally,exact,exact,1.0,1.0
5e10244419cec376b9a09382def90cbc,dad058a6f1c36566e5d1cd47802ba723,method_b_added,signature_changed,added,1.0,
5e10244419cec376b9a09382def90cbc,faa274d4368a2c2792f087b065fc3cce,method_b_added,signature_changed,added,1.0,
5e10244419cec376b9a09382def90cbc,fb6d73ab9b3faf1dce5760f154e1e45a,pair_formed_by_refactoring,signature_changed,signature_changed,1.0,1.0
5e1a45d56c6827a2895ddd2891978be2,8f6cac597480b164d1d8fb2ddd87bb39,pair_formed_naturally,exact,unknown,1.0,
5e33d31dae505e32827fac7810953385,8edbe3102c8e483ab1203d5140c818c1,pair_formed_naturally,exact,exact,1.0,1.0
5e33d31dae505e32827fac7810953385,c6310e44a664ddc99b3e09312cefdd5e,pair_formed_naturally,exact,exact,1.0,1.0
5e64bc480ca4927adcefb8ea1feeff88,621723d94e6dd8c67721ce9bdac533b3,both_added,added,added,,
5e64bc480ca4927adcefb8ea1feeff88,645c906bdfb01b8583d15cf9df644ddf,both_added,added,added,,
5e64bc480ca4927adcefb8ea1feeff88,6b6696cc5963344f57a6f4b5025c193d,both_added,added,added,,
5e64bc480ca4927adcefb8ea1feeff88,7f59b708be03bc11c3abe621a5fb3d30,both_added,added,added,,
5e64bc480ca4927adcefb8ea1feeff88,8cf818320ca5ed77c135a2f1a50a66a7,both_added,added,added,,
5e64bc480ca4927adcefb8ea1feeff88,929a29822abed393abd74be01743a2c2,both_added,added,added,,
5e64bc480ca4927adcefb8ea1feeff88,98062190bc921063dc069278b6c6ec68,both_added,added,added,,
5e64bc480ca4927adcefb8ea1feeff88,a44a2bc3ac19033aec942126cd6e946c,both_added,added,added,,
5e64bc480ca4927adcefb8ea1feeff88,af4b5e354263b1fa8ce9ee78b78933bd,both_added,added,added,,
5e64bc480ca4927adcefb8ea1feeff88,bbd9f38a8529b1400892ae64a60ccb53,both_added,added,added,,
5e64bc480ca4927adcefb8ea1feeff88,bd9430e8a21d0868b94c3e3645ededc8,both_added,added,added,,
5e64bc480ca4927adcefb8ea1feeff88,bda0e7d94d52f58b6e5623cdcd10282e,both_added,added,added,,
5e64bc480ca4927adcefb8ea1feeff88,bf4e9fe513e6e8612215b9673cca5c2b,both_added,added,added,,
5e64bc480ca4927adcefb8ea1feeff88,c1848fc42fb66eed0315371ff3e5b1b8,both_added,added,added,,
5e64bc480ca4927adcefb8ea1feeff88,c25052a98d9cf55c9b0ccb0d6d3ff00e,both_added,added,added,,
5e64bc480ca4927adcefb8ea1feeff88,c3af34e7307ac63f1d6b15fbeb29e0ec,both_added,added,added,,
5e64bc480ca4927adcefb8ea1feeff88,cfb1eccb6a0098d66806fb128fe799bf,both_added,added,added,,
5e64bc480ca4927adcefb8ea1feeff88,d0012c0625623e53a5890f267945d04e,method_a_added,added,exact,,1.0
5e64bc480ca4927adcefb8ea1feeff88,d051badb3ec26d22931f36515ac34081,both_added,added,added,,
5e64bc480ca4927adcefb8ea1feeff88,d57844cfca2141f691b6bd239ffdf5c8,both_added,added,added,,
5e64bc480ca4927adcefb8ea1feeff88,d6e35a94b47b2006697f25118a40b150,both_added,added,added,,
5e64bc480ca4927adcefb8ea1feeff88,da7e79277f1ed625300a3db6f5f8a1a4,both_added,added,added,,
5e64bc480ca4927adcefb8ea1feeff88,e079a6ef12cd3063c4f72776682cc645,both_added,added,added,,
5e64bc480ca4927adcefb8ea1feeff88,e7ff88c357c33e69d8773479aeb0cf0e,both_added,added,added,,
5e64bc480ca4927adcefb8ea1feeff88,e9bf1396c1a1cd4d9f9b959e94071271,both_added,added,added,,
5e64bc480ca4927adcefb8ea1feeff88,f7ac4ea59a26952f9abae99254116042,both_added,added,added,,
5e64bc480ca4927adcefb8ea1feeff88,fb84e80c9418312f2f13b209bc655d52,both_added,added,added,,
5e64bc480ca4927adcefb8ea1feeff88,fda369cd62d9f205f3d65805e7757216,both_added,added,added,,
5e64bc480ca4927adcefb8ea1feeff88,ffcedcb56d0c62d515cd0493970966c0,both_added,added,added,,
5e762c0a434da08294da9b20e46fbdec,69eae7e595cf68a0d0e94e6a348ff9cd,both_added,added,added,,
5e9924e327677a0ba7f92b4f0e6e6def,d5eb76b138fa75363afd5ef38fd7cc24,pair_formed_naturally,exact,exact,1.0,1.0
5ef42a9a198c08d8884deb7013b71407,86b5641f43e69dbf1c3a3ce26357ccf6,method_b_added,signature_changed,added,1.0,
5ef42a9a198c08d8884deb7013b71407,cd23fd7ef27e4717c64fa2e21f555470,pair_formed_by_refactoring,signature_changed,signature_changed,1.0,1.0
5ef42a9a198c08d8884deb7013b71407,ef7f945668fbd31e6c4fcf01ddcab38c,method_b_added,signature_changed,added,1.0,
5f57d1eaa8241316b7cfc89797fc8be0,a83c8e50d89771f2b4326dfcf0ad300b,method_b_added,signature_changed,added,1.0,
5f684267a8eed4e5ef5c653cf10ea48c,9930f34006d005b9153ae8f291612593,pair_formed_naturally,exact,exact,1.0,1.0
5fa9fa2007f3cd82b81d215aeacc5175,ba15d5b919df0821be5632d95231f4f1,pair_formed_naturally,exact,exact,1.0,1.0
5fa9fa2007f3cd82b81d215aeacc5175,d5a99106515ebc1eb465022042c16fe6,pair_formed_naturally,exact,exact,1.0,1.0
5fb93018c266960abe7122c3fef97b52,8957374ea6e85f26175e3e90cea170ff,pair_formed_by_refactoring,exact,signature_changed,1.0,0.94
5fba7334aa758412c1f3ff490c33ab81,db235838380cee43d9e8e8381290439e,pair_formed_naturally,exact,exact,1.0,1.0
5fc31c020c67a57b64923d16833e8211,608eedd8710e668c7fb973d4797e3ab6,method_b_added,exact,added,1.0,
5fc31c020c67a57b64923d16833e8211,77c28b0107d14d87fa738d1d0daecac0,pair_formed_naturally,exact,exact,1.0,1.0
5fde51b59914f6500a6461f7e73fea10,eb82126b4407a918cae89a9b142f5323,pair_formed_naturally,exact,exact,1.0,1.0
5fde51b59914f6500a6461f7e73fea10,fa1df91a7a166828d02f10f348a549f5,pair_formed_naturally,exact,exact,1.0,1.0
60251d206ec80d56ccd5918d96b3a2b2,b83a4b9daaf6b5b7d01444582a3c4b90,method_a_added,added,exact,,1.0
60251d206ec80d56ccd5918d96b3a2b2,cd077f523958ee61ae11bd66c06b05dc,method_a_added,added,exact,,1.0
6042c055977891cb755997d6c2ce6417,83288dfa72d36268bc0471e0b24523fd,pair_formed_by_refactoring,signature_changed,signature_changed,0.95,0.92
6042c055977891cb755997d6c2ce6417,8a3dafd143557d0abd7d8facedab5b17,pair_formed_by_refactoring,signature_changed,signature_changed,0.95,0.93
60706b7bdf995ae00398d39fc0c0795c,9b299c33ac5aef93887b60ba14fcace2,pair_formed_by_refactoring,signature_changed,signature_changed,0.98,0.98
60706b7bdf995ae00398d39fc0c0795c,c991e9147b35ead0b7212f45d7e4453c,pair_formed_by_refactoring,signature_changed,signature_changed,0.98,0.96
608eedd8710e668c7fb973d4797e3ab6,88f861d78f7d099911d04c50582d4cae,both_added,added,added,,
608eedd8710e668c7fb973d4797e3ab6,a83c8e50d89771f2b4326dfcf0ad300b,both_added,added,added,,
60d3268c7d80aef3df7d33ec8ef1698f,7e45abcf3a7e945dd3ef2fdb2c7deb15,pair_formed_naturally,exact,exact,1.0,1.0
60ff41c01dccc5abe7afb3e46a5ed5cf,9f40dd18d72520ccb010cd38cde09d14,pair_formed_by_refactoring,signature_changed,exact,1.0,1.0
6106eb9101581da2a5f55d751c88dbe8,6106eb9101581da2a5f55d751c88dbe8,both_added,added,added,,
6106eb9101581da2a5f55d751c88dbe8,683557dcc32eeb3d288fe3740b0e6f2b,method_a_added,added,unknown,,
6106eb9101581da2a5f55d751c88dbe8,c894957d5286a05d516c2f81e3ae6e10,method_a_added,added,unknown,,
6106eb9101581da2a5f55d751c88dbe8,ce459a2832e02d42aae192b69f666407,both_added,added,added,,
6106eb9101581da2a5f55d751c88dbe8,e5edc26bccceccb12f936c699ad0411e,method_a_added,added,unknown,,
6106eb9101581da2a5f55d751c88dbe8,e87eb48877d1c7de9709ec2d94dc2771,both_added,added,added,,
6106eb9101581da2a5f55d751c88dbe8,ec789f0f926b6cccb1a15984b6464223,both_added,added,added,,
6106eb9101581da2a5f55d751c88dbe8,f2aae995fce1fe0eb5f787837abedd7c,both_added,added,added,,
611546332b2dad4e14477d5c4da7d5d1,e8a63e8fd49984e307ce243b4e6eca92,both_added,added,added,,
61195eea3ff4af797c81ec80deae8333,902d957124c3382dce07da413e555b57,pair_formed_naturally,exact,exact,1.0,1.0
61195eea3ff4af797c81ec80deae8333,d7bc7d5aa47c7fd9cfe53a1622eb5362,pair_formed_naturally,exact,exact,1.0,1.0
613a84999448bb0ec48b32ac288e6ae2,8d49ef9a8b668d63977c03c44a09c379,pair_formed_naturally,exact,exact,1.0,1.0
61447000c1bce9f7a8fa16023b0d9b46,67b3c6f614a9ef916922f41c19b42606,both_added,added,added,,
61447000c1bce9f7a8fa16023b0d9b46,ad732cc02494a1c2146f6261bdf69582,both_added,added,added,,
614bd4cbefa7b7f5b6820f613f750755,65b622e8e420bed786941561720dfdf0,method_b_added,exact,added,1.0,
614bd4cbefa7b7f5b6820f613f750755,e233ec95f598bcbb6a3bf6044b3a8ccf,pair_formed_naturally,exact,exact,1.0,1.0
6167e5f829902e2e5e975032cf66cded,cd69ecfe4bcd7d12514bb2a3135cfc45,pair_formed_naturally,exact,exact,1.0,1.0
616f6f6545989d882a537d12e1f3236f,9571ad35dbcfc5b789668989856e534c,method_a_added,added,signature_changed,,0.96
61acfade67f3a7f2bd024109251f4b56,a7325fad7cae78da81f5b36b09eafbb9,pair_formed_by_refactoring,signature_changed,signature_changed,0.97,0.96
61c975302fb8ea4a6c11a354690e3856,75eb814e7dd9db55ffffa4a2a1f9923e,pair_formed_naturally,exact,exact,1.0,1.0
61ffd9f2892c973b6be681d09a437d6e,79e5a30fe83f456300019bceeaffabc3,both_added,added,added,,
61ffd9f2892c973b6be681d09a437d6e,848cc34d634892c33464d56a91b27d31,both_added,added,added,,
61ffd9f2892c973b6be681d09a437d6e,867a312ce5320ce4d6f665f8c3b5a25c,both_added,added,added,,
61ffd9f2892c973b6be681d09a437d6e,9ed6c4a94ab3e55aec855688eb9af892,both_added,added,added,,
61ffd9f2892c973b6be681d09a437d6e,9f97ad616ecec19c84301474da53b1e9,both_added,added,added,,
61ffd9f2892c973b6be681d09a437d6e,a06a757a5f8434dbd1a7244bc9e9aac7,both_added,added,added,,
61ffd9f2892c973b6be681d09a437d6e,b55e54f8f1e0e7c199eba82e5596b366,both_added,added,added,,
61ffd9f2892c973b6be681d09a437d6e,c0e786e282eb8bf28f18add960f158ca,both_added,added,added,,
61ffd9f2892c973b6be681d09a437d6e,d94abc308f54af93bbdde0a2fcb703c3,both_added,added,added,,
61ffd9f2892c973b6be681d09a437d6e,de02b943529137359129494fa4c891d0,both_added,added,added,,
61ffd9f2892c973b6be681d09a437d6e,e9b0da10b94507473458c0088affba57,both_added,added,added,,
61ffd9f2892c973b6be681d09a437d6e,f97eb40d7cb98c2ec9244b3196a2c0a0,both_added,added,added,,
61ffd9f2892c973b6be681d09a437d6e,fe165ba2bf445893d15bb207424d673c,both_added,added,added,,
621723d94e6dd8c67721ce9bdac533b3,6b6696cc5963344f57a6f4b5025c193d,both_added,added,added,,
621723d94e6dd8c67721ce9bdac533b3,7f59b708be03bc11c3abe621a5fb3d30,both_added,added,added,,
621723d94e6dd8c67721ce9bdac533b3,8cf818320ca5ed77c135a2f1a50a66a7,both_added,added,added,,
621723d94e6dd8c67721ce9bdac533b3,98062190bc921063dc069278b6c6ec68,both_added,added,added,,
621723d94e6dd8c67721ce9bdac533b3,a10c29366272db9db3f5de133e84e28a,both_added,added,added,,
621723d94e6dd8c67721ce9bdac533b3,a44a2bc3ac19033aec942126cd6e946c,both_added,added,added,,
621723d94e6dd8c67721ce9bdac533b3,af4b5e354263b1fa8ce9ee78b78933bd,both_added,added,added,,
621723d94e6dd8c67721ce9bdac533b3,bbd9f38a8529b1400892ae64a60ccb53,both_added,added,added,,
621723d94e6dd8c67721ce9bdac533b3,bd9430e8a21d0868b94c3e3645ededc8,both_added,added,added,,
621723d94e6dd8c67721ce9bdac533b3,bf4e9fe513e6e8612215b9673cca5c2b,both_added,added,added,,
621723d94e6dd8c67721ce9bdac533b3,cfb1eccb6a0098d66806fb128fe799bf,both_added,added,added,,
621723d94e6dd8c67721ce9bdac533b3,d051badb3ec26d22931f36515ac34081,both_added,added,added,,
621723d94e6dd8c67721ce9bdac533b3,d57844cfca2141f691b6bd239ffdf5c8,both_added,added,added,,
621723d94e6dd8c67721ce9bdac533b3,da7e79277f1ed625300a3db6f5f8a1a4,both_added,added,added,,
621723d94e6dd8c67721ce9bdac533b3,e079a6ef12cd3063c4f72776682cc645,both_added,added,added,,
621723d94e6dd8c67721ce9bdac533b3,e7ff88c357c33e69d8773479aeb0cf0e,both_added,added,added,,
621723d94e6dd8c67721ce9bdac533b3,fb84e80c9418312f2f13b209bc655d52,both_added,added,added,,
621723d94e6dd8c67721ce9bdac533b3,ffcedcb56d0c62d515cd0493970966c0,both_added,added,added,,
624da2f021244ff708e9ca868dd3539d,b4def67b9e0022e35ca1db48a2b8c212,both_added,added,added,,
62b367d2409e751b32c5f8650beb81bf,b4defaee46792b984817475b07e401b7,method_b_added,signature_changed,added,0.81,
62b593341a393fc00f818b48c0061812,cf87e1b05bc4a9ad4ddf3e40d0d242a8,method_b_added,exact,added,1.0,
62e0b009e4c575a01d259fa1bd8ad6c0,d4ab9244a02da1ac738328e21d74cd1f,pair_formed_naturally,exact,exact,1.0,1.0
62e0b009e4c575a01d259fa1bd8ad6c0,dcfed68c889c1ed9d5bf9c4e63b0e7b6,pair_formed_naturally,exact,exact,1.0,1.0
62f20637e569fafb066bd7c8d8237327,8637680ebbb401b81c9301e2a945aa54,pair_formed_by_refactoring,signature_changed,signature_changed,1.0,1.0
62f2f742ba8eda48954d8c2e43e381b4,e0fa60e42a13965271fc4276302d73bd,both_added,added,added,,
62f516ac3dc5a4648f3d6f0b833929eb,c2e41a3c14178bf81869dbaaa49dd800,pair_formed_by_refactoring,unknown,signature_changed,,1.0
62f516ac3dc5a4648f3d6f0b833929eb,daec177f075eccd21a48e87eeb325ae0,pair_formed_by_refactoring,unknown,signature_changed,,1.0
62f516ac3dc5a4648f3d6f0b833929eb,e702f8f10bfaf76981000dded1e8578b,pair_formed_naturally,unknown,exact,,1.0
62f6bf9e619e21155308049b74cf67ed,63d1b342e0d939b9a1c2a05cf349f1af,both_added,added,added,,
62f6bf9e619e21155308049b74cf67ed,6c306863615838f7b9b88f4f093b03bc,both_added,added,added,,
62f6bf9e619e21155308049b74cf67ed,cecc2c0dea228b9f014cf2a24aada5f5,both_added,added,added,,
62f6bf9e619e21155308049b74cf67ed,d6c197508c2ce62b8df7a3ecf662a7ef,both_added,added,added,,
62f6bf9e619e21155308049b74cf67ed,fad61701302857e14959c1403d10743a,both_added,added,added,,
62f6bf9e619e21155308049b74cf67ed,fcdc5de6482b8e1d91207869f8891724,both_added,added,added,,
63362b57811e557dc76ef65fd65971a6,9ae67795f5486b5d9815aea861a5e869,both_added,added,added,,
63373b6274923ad2e4ee54a8ce99ce81,71fe57cfbcf37c1cc7a72d53574319e2,pair_formed_naturally,exact,exact,1.0,1.0
63373b6274923ad2e4ee54a8ce99ce81,99e913f9d64d69d00a099227c76ea741,pair_formed_naturally,exact,exact,1.0,1.0
6348c20bfaaa71c58e242883d455c600,73c270c73bc890615684466af2a7f45f,pair_formed_by_refactoring,exact,signature_changed,1.0,0.99
634f93a2318993c9b2a8cadd30e2ebc6,75d64cb4f7680a778ae42dd6da10ce8b,method_b_added,exact,added,1.0,
634f93a2318993c9b2a8cadd30e2ebc6,8442e8c005a9c697bdf5c0821041c2d6,method_b_added,exact,added,1.0,
6356e505a5549030c372e0966c4ae141,99995b8d44ce7f4b5aef0225c39277ad,both_added,added,added,,
6356e505a5549030c372e0966c4ae141,b6ffe1aece897da155f463a578f65318,both_added,added,added,,
6356e505a5549030c372e0966c4ae141,c7066108e5bcd8726a490228080fa865,method_a_added,added,unknown,,
6356e505a5549030c372e0966c4ae141,d6f8e28a9c73bfa99d927bd33dcf95b3,both_added,added,added,,
6356e505a5549030c372e0966c4ae141,e28dbac997b9be4c66fd6a6a38095e80,both_added,added,added,,
63aeaf850255ba934d0abb8a09200e72,6cca3b85ac47eafe20e73a744aa17caf,pair_formed_naturally,exact,exact,1.0,1.0
63aeaf850255ba934d0abb8a09200e72,dc2c80f4da8e0943b841f07924b92ca7,pair_formed_naturally,exact,exact,1.0,1.0
63b8ad4174aa5b196324bfca4fcbfdd7,dc2c80f4da8e0943b841f07924b92ca7,pair_formed_naturally,exact,exact,1.0,1.0
63cf86aa8f00483221555d97e8c6ccbf,6a7f5ff621d20a43a9d19340bef3db1a,both_added,added,added,,
63cf86aa8f00483221555d97e8c6ccbf,c23d5f76ef396a0f520ca6c677dccc1f,both_added,added,added,,
63d1b342e0d939b9a1c2a05cf349f1af,6c039fca0c0e8d6bddeeb50bc9c4bd77,both_added,added,added,,
63d1b342e0d939b9a1c2a05cf349f1af,79e5a30fe83f456300019bceeaffabc3,both_added,added,added,,
63d1b342e0d939b9a1c2a05cf349f1af,9b299d62eabc044ca10d7bc8cc3c6c80,both_added,added,added,,
63d1b342e0d939b9a1c2a05cf349f1af,a06a757a5f8434dbd1a7244bc9e9aac7,both_added,added,added,,
63d1b342e0d939b9a1c2a05cf349f1af,a10c29366272db9db3f5de133e84e28a,both_added,added,added,,
63d1b342e0d939b9a1c2a05cf349f1af,b55e54f8f1e0e7c199eba82e5596b366,both_added,added,added,,
63d1b342e0d939b9a1c2a05cf349f1af,d655310acb9df0b74fa2764cf71ba588,both_added,added,added,,
63d1b342e0d939b9a1c2a05cf349f1af,d6c197508c2ce62b8df7a3ecf662a7ef,both_added,added,added,,
63d1b342e0d939b9a1c2a05cf349f1af,d94abc308f54af93bbdde0a2fcb703c3,both_added,added,added,,
63d1b342e0d939b9a1c2a05cf349f1af,da352c94abea9d4f9b49f409000a2f2f,both_added,added,added,,
63d1b342e0d939b9a1c2a05cf349f1af,de02b943529137359129494fa4c891d0,both_added,added,added,,
63d1b342e0d939b9a1c2a05cf349f1af,e9b0da10b94507473458c0088affba57,both_added,added,added,,
63d1b342e0d939b9a1c2a05cf349f1af,ecdd4611ac8dba825c5281627eec814d,both_added,added,added,,
63d1b342e0d939b9a1c2a05cf349f1af,f1b4ff932c553bfb407bef3df458065e,both_added,added,added,,
63d1b342e0d939b9a1c2a05cf349f1af,f4deb3f50ea83bdf3928a0596d517b4a,both_added,added,added,,
63d1b342e0d939b9a1c2a05cf349f1af,fad61701302857e14959c1403d10743a,both_added,added,added,,
63d1b342e0d939b9a1c2a05cf349f1af,fc2fdb740d7923a0e511dd94f94331fc,both_added,added,added,,
63d1b342e0d939b9a1c2a05cf349f1af,fcdc5de6482b8e1d91207869f8891724,both_added,added,added,,
6400f1ead467a2c57aa2de7fc8caf0b2,6848826a0f86de13450a0ce8caf8878d,method_a_added,added,exact,,1.0
64027d73e446a2c834904a68201705f9,7d4a3f780aac817f41cc97007f8bf572,pair_formed_by_refactoring,signature_changed,signature_changed,1.0,1.0
64027d73e446a2c834904a68201705f9,cf0708d690b5d064d7b982c87dea77e2,pair_formed_by_refactoring,signature_changed,exact,1.0,1.0
6455b8d057d3d6e656631d4ace2da256,d45c180adce78ff81540bf333b793394,method_a_added,added,signature_changed,,0.99
645c906bdfb01b8583d15cf9df644ddf,6b6696cc5963344f57a6f4b5025c193d,both_added,added,added,,
645c906bdfb01b8583d15cf9df644ddf,7f31a4187d8179669ae214b246ae6ee3,both_added,added,added,,
645c906bdfb01b8583d15cf9df644ddf,7f59b708be03bc11c3abe621a5fb3d30,both_added,added,added,,
645c906bdfb01b8583d15cf9df644ddf,85297767ba3a994849e195c0a3f00b89,both_added,added,added,,
645c906bdfb01b8583d15cf9df644ddf,8cf818320ca5ed77c135a2f1a50a66a7,both_added,added,added,,
645c906bdfb01b8583d15cf9df644ddf,929a29822abed393abd74be01743a2c2,both_added,added,added,,
645c906bdfb01b8583d15cf9df644ddf,98062190bc921063dc069278b6c6ec68,both_added,added,added,,
645c906bdfb01b8583d15cf9df644ddf,99261a993fe00156764686e6183e8f64,both_added,added,added,,
645c906bdfb01b8583d15cf9df644ddf,a44a2bc3ac19033aec942126cd6e946c,both_added,added,added,,
645c906bdfb01b8583d15cf9df644ddf,bbd9f38a8529b1400892ae64a60ccb53,both_added,added,added,,
645c906bdfb01b8583d15cf9df644ddf,bd9430e8a21d0868b94c3e3645ededc8,both_added,added,added,,
645c906bdfb01b8583d15cf9df644ddf,bda0e7d94d52f58b6e5623cdcd10282e,both_added,added,added,,
645c906bdfb01b8583d15cf9df644ddf,bf4e9fe513e6e8612215b9673cca5c2b,both_added,added,added,,
645c906bdfb01b8583d15cf9df644ddf,c1848fc42fb66eed0315371ff3e5b1b8,both_added,added,added,,
645c906bdfb01b8583d15cf9df644ddf,c25052a98d9cf55c9b0ccb0d6d3ff00e,both_added,added,added,,
645c906bdfb01b8583d15cf9df644ddf,c3af34e7307ac63f1d6b15fbeb29e0ec,both_added,added,added,,
645c906bdfb01b8583d15cf9df644ddf,cfb1eccb6a0098d66806fb128fe799bf,both_added,added,added,,
645c906bdfb01b8583d15cf9df644ddf,d57844cfca2141f691b6bd239ffdf5c8,both_added,added,added,,
645c906bdfb01b8583d15cf9df644ddf,d655310acb9df0b74fa2764cf71ba588,both_added,added,added,,
645c906bdfb01b8583d15cf9df644ddf,d6e35a94b47b2006697f25118a40b150,both_added,added,added,,
645c906bdfb01b8583d15cf9df644ddf,da7e79277f1ed625300a3db6f5f8a1a4,both_added,added,added,,
645c906bdfb01b8583d15cf9df644ddf,e079a6ef12cd3063c4f72776682cc645,both_added,added,added,,
645c906bdfb01b8583d15cf9df644ddf,e7ff88c357c33e69d8773479aeb0cf0e,both_added,added,added,,
645c906bdfb01b8583d15cf9df644ddf,e9bf1396c1a1cd4d9f9b959e94071271,both_added,added,added,,
645c906bdfb01b8583d15cf9df644ddf,f7ac4ea59a26952f9abae99254116042,both_added,added,added,,
645c906bdfb01b8583d15cf9df644ddf,fda369cd62d9f205f3d65805e7757216,both_added,added,added,,
64cb88402ed50775bcd23731b13ca4ee,f80572226a790039b059a1bd345ef2bf,pair_formed_naturally,exact,exact,1.0,1.0
64d2ecd194331023281770d417e4442f,9f812f0731df6aa00b1f1bee73e1781e,pair_formed_naturally,exact,exact,1.0,1.0
64d2ecd194331023281770d417e4442f,cde7f8ef34cbab17042c537ddfa4d430,pair_formed_naturally,exact,exact,1.0,1.0
64d2ecd194331023281770d417e4442f,e06e0ee60dadd2bef960edc7f60b6dff,pair_formed_naturally,exact,exact,1.0,1.0
64d2ecd194331023281770d417e4442f,ec798a6eb72d082c32cbe0a1f72bec5b,pair_formed_naturally,exact,exact,1.0,1.0
64d52d9c847660166747073cc43cd477,c24430fe8c45626941254755295a74cb,both_added,added,added,,
653c0d5f14574cfad3136c90e3436996,65e9c115d7f6500d9280cb25c53ab2fa,pair_formed_by_refactoring,signature_changed,signature_changed,0.97,1.0
653c0d5f14574cfad3136c90e3436996,699f9dcd41a27de7189607cebb7152db,pair_formed_by_refactoring,signature_changed,signature_changed,0.97,1.0
653c0d5f14574cfad3136c90e3436996,7bf2d4782daec923aecc8725a3f41795,pair_formed_by_refactoring,signature_changed,signature_changed,0.97,0.98
653c0d5f14574cfad3136c90e3436996,a152ffc8ac24c938e1404eb54c2cc801,pair_formed_by_refactoring,signature_changed,signature_changed,0.97,0.98
653c0d5f14574cfad3136c90e3436996,a4a427b9eca642fc48c6f8f413121c3f,pair_formed_by_refactoring,signature_changed,signature_changed,0.97,1.0
653c0d5f14574cfad3136c90e3436996,b7ba8d82fb4e049e643b4af8bb0d8593,pair_formed_by_refactoring,signature_changed,signature_changed,0.97,0.98
653c0d5f14574cfad3136c90e3436996,c1211e9761ccb2368ba1b6ebfe0edb1c,pair_formed_by_refactoring,signature_changed,signature_changed,0.97,0.97
653c0d5f14574cfad3136c90e3436996,d5d28089a0e9c6c92695076654fa4182,pair_formed_by_refactoring,signature_changed,signature_changed,0.97,0.98
653c0d5f14574cfad3136c90e3436996,eb89ae8e8f2567b25de9ff32aca131ca,pair_formed_by_refactoring,signature_changed,signature_changed,0.97,1.0
653c0d5f14574cfad3136c90e3436996,f7c41da2c45aa4a5e0d712065cd4cdb7,pair_formed_by_refactoring,signature_changed,signature_changed,0.97,0.97
653c0d5f14574cfad3136c90e3436996,ffb5c85bf24ef50e36a20364e96b8ca1,pair_formed_by_refactoring,signature_changed,signature_changed,0.97,0.98
654341b8957a62da86b36ccafaff0453,d0d0fc3f2482fd25055452a420200a5b,method_a_added,added,signature_changed,,1.0
655235e72a8dd50969949edc665b759f,f69a6444287b65bbbcfe76f3e34a95a9,pair_formed_naturally,exact,exact,1.0,1.0
655771ebc0373dcf7a07e145a198ca79,9219b4ee1ff15a85cad557ce90328cdd,both_added,added,added,,
656df4a09b23cb2b122ab6b4b0b4f31d,703b81cc0c49e60d3cfe4191b2a8196f,both_added,added,added,,
656df4a09b23cb2b122ab6b4b0b4f31d,82fcf12baca3de3e8da5735949a4adfd,both_added,added,added,,
656df4a09b23cb2b122ab6b4b0b4f31d,963cbc81876cacf360bbff584a1f6399,method_a_added,added,unknown,,
656df4a09b23cb2b122ab6b4b0b4f31d,9e6693117d76236ee85013b22c3e3b00,both_added,added,added,,
656df4a09b23cb2b122ab6b4b0b4f31d,9e7fd77ff440d3e41c825039ded311bd,method_a_added,added,signature_changed,,0.98
656df4a09b23cb2b122ab6b4b0b4f31d,a8badf410effa945d4df0d2c048df905,method_a_added,added,signature_changed,,0.98
656df4a09b23cb2b122ab6b4b0b4f31d,b69ae1a77b22122bdfb4b5be80105401,both_added,added,added,,
656df4a09b23cb2b122ab6b4b0b4f31d,c00cd348b70c2224ae7d353064796aa8,both_added,added,added,,
656df4a09b23cb2b122ab6b4b0b4f31d,f78adf691e39fae1a372fecbe4e7c2e3,method_a_added,added,unknown,,
657326c3bba22cf8e647f5bfb918dfa5,bda2f1e03dc1ac93dcbddc1608658cac,method_b_added,exact,added,1.0,
6584ec7cb82624171d28f75525654727,effd03cb26aa9b3c3a93255c02342afa,pair_formed_by_refactoring,signature_changed,exact,1.0,1.0
65ace500f53d48d3076a2b95e8e88ea6,6e6f0ff418f870e2c1142ab6a611e077,method_a_added,added,exact,,1.0
65ace500f53d48d3076a2b95e8e88ea6,f60955bd6173f743684e4e93123031b4,method_a_added,added,exact,,1.0
65b622e8e420bed786941561720dfdf0,e233ec95f598bcbb6a3bf6044b3a8ccf,method_a_added,added,exact,,1.0
65e9c115d7f6500d9280cb25c53ab2fa,699f9dcd41a27de7189607cebb7152db,pair_formed_by_refactoring,signature_changed,signature_changed,1.0,1.0
65e9c115d7f6500d9280cb25c53ab2fa,95e77056a22e944f314ade351ac0b5c9,pair_formed_by_refactoring,signature_changed,signature_changed,1.0,1.0
65e9c115d7f6500d9280cb25c53ab2fa,9ae60a2bd1dd54069ec51b8b1397adc8,pair_formed_by_refactoring,signature_changed,signature_changed,1.0,1.0
65e9c115d7f6500d9280cb25c53ab2fa,a152ffc8ac24c938e1404eb54c2cc801,pair_formed_by_refactoring,signature_changed,signature_changed,1.0,0.98
65e9c115d7f6500d9280cb25c53ab2fa,a4a427b9eca642fc48c6f8f413121c3f,pair_formed_by_refactoring,signature_changed,signature_changed,1.0,1.0
65e9c115d7f6500d9280cb25c53ab2fa,c1211e9761ccb2368ba1b6ebfe0edb1c,pair_formed_by_refactoring,signature_changed,signature_changed,1.0,0.97
65e9c115d7f6500d9280cb25c53ab2fa,cd24cdb801df5c63d97374903f9e649d,pair_formed_by_refactoring,signature_changed,signature_changed,1.0,1.0
65e9c115d7f6500d9280cb25c53ab2fa,eb89ae8e8f2567b25de9ff32aca131ca,pair_formed_by_refactoring,signature_changed,signature_changed,1.0,1.0
65e9c115d7f6500d9280cb25c53ab2fa,f1aa57e9fba6e9640f72bb08dfa32fe2,pair_formed_by_refactoring,signature_changed,signature_changed,1.0,0.97
65e9c115d7f6500d9280cb25c53ab2fa,f7c41da2c45aa4a5e0d712065cd4cdb7,pair_formed_by_refactoring,signature_changed,signature_changed,1.0,0.97
66087039a8a2002649e3ecef771b50d5,d79e2943afa8300b55736662220f339b,both_added,added,added,,
66087039a8a2002649e3ecef771b50d5,e96e9702db87c221c805a705a5db7ec8,both_added,added,added,,
66087039a8a2002649e3ecef771b50d5,f95e525fb7a00ea68401698b63b0278d,both_added,added,added,,
666cbd2043ba3f4ab53468a1cbeea80b,8922ffb83a9cdf6f03df72b8b86b89da,both_added,added,added,,
66c92bbb7432c0713b25ec00460e3900,6ddab823bb325598d88915438bce6f5a,both_added,added,added,,
66de0f82cf796bb5de3fb2a3e695d976,a47bc4cf6eaecdeb49e0438c316c33f5,pair_formed_by_refactoring,signature_changed,signature_changed,1.0,1.0
66de0f82cf796bb5de3fb2a3e695d976,aad4623d796282d9df97d8ed60f35472,pair_formed_by_refactoring,signature_changed,signature_changed,1.0,1.0
671d43fc2883f0b346f583f67b7751b8,95e77056a22e944f314ade351ac0b5c9,pair_formed_by_refactoring,signature_changed,signature_changed,1.0,1.0
671d43fc2883f0b346f583f67b7751b8,cd24cdb801df5c63d97374903f9e649d,pair_formed_by_refactoring,signature_changed,signature_changed,1.0,1.0
671d43fc2883f0b346f583f67b7751b8,ce9296a44b9f8519ce4b624b815a3267,pair_formed_by_refactoring,signature_changed,signature_changed,1.0,1.0
671d43fc2883f0b346f583f67b7751b8,f1aa57e9fba6e9640f72bb08dfa32fe2,pair_formed_by_refactoring,signature_changed,signature_changed,1.0,0.97
671d43fc2883f0b346f583f67b7751b8,f7c41da2c45aa4a5e0d712065cd4cdb7,pair_formed_by_refactoring,signature_changed,signature_changed,1.0,0.97
674165d11f2c593f97e25962fe6debcd,7ee141e50a66674ddceb7271e9b06024,method_b_added,unknown,added,,
674165d11f2c593f97e25962fe6debcd,a86576a51ebb5f0b4dfa17007fded629,method_b_added,unknown,added,,
674165d11f2c593f97e25962fe6debcd,b8d8059e9e888e2561ac6cae8f388c92,pair_formed_by_refactoring,unknown,signature_changed,,1.0
675d9187770225747137a73979f4e32b,edf1ed7a0aa8d1228b1d09d6fc6cdf4c,both_added,added,added,,
6764ed0df8e7dbdab1c89ccf923044a5,f1fe2f86d2b860791325dcc2820948fd,method_a_added,added,exact,,1.0
67b3c6f614a9ef916922f41c19b42606,ad732cc02494a1c2146f6261bdf69582,both_added,added,added,,
67fea4773501ca4be8a1db1267f095fa,d13bed0d8720d314d888d3d4bc947338,pair_formed_naturally,exact,exact,1.0,1.0
67fea4773501ca4be8a1db1267f095fa,fe471c51e9c185d29530b20f81126f55,method_b_added,exact,added,1.0,
683557dcc32eeb3d288fe3740b0e6f2b,c894957d5286a05d516c2f81e3ae6e10,pair_formed_naturally,unknown,unknown,,
683557dcc32eeb3d288fe3740b0e6f2b,ce459a2832e02d42aae192b69f666407,method_b_added,unknown,added,,
683557dcc32eeb3d288fe3740b0e6f2b,e5edc26bccceccb12f936c699ad0411e,pair_formed_naturally,unknown,unknown,,
683557dcc32eeb3d288fe3740b0e6f2b,e87eb48877d1c7de9709ec2d94dc2771,method_b_added,unknown,added,,
683557dcc32eeb3d288fe3740b0e6f2b,ec789f0f926b6cccb1a15984b6464223,method_b_added,unknown,added,,
683557dcc32eeb3d288fe3740b0e6f2b,f2aae995fce1fe0eb5f787837abedd7c,method_b_added,unknown,added,,
68458a6b30ec3d402863f77770acb018,d83c47bfaf015ce0e369200d56af1313,method_b_added,exact,added,1.0,
6848826a0f86de13450a0ce8caf8878d,86c496566e6e15ef68f73ffe839f01af,method_b_added,exact,added,1.0,
6848826a0f86de13450a0ce8caf8878d,ef2d02f999c866b6d100683501de23f2,pair_formed_naturally,exact,exact,1.0,1.0
689e452af5c0387c729287ea98da2458,79e8ff79e3fc4a05ab6781d6cd2ffdde,pair_formed_naturally,exact,exact,1.0,1.0
68f4f7204f0f048b523546d56889c287,b4254bd552389c90cf311dac17dbe636,method_a_added,added,exact,,1.0
6915fcac9f9f8abd80959233f414f628,cc7a400c78b69d853dfd3cb39e9468b6,pair_formed_naturally,exact,exact,1.0,1.0
6915fcac9f9f8abd80959233f414f628,e080331e3a34d790d4175086627dfd64,pair_formed_naturally,exact,exact,1.0,1.0
6968b11584afb355bdec44712d07c824,a152ffc8ac24c938e1404eb54c2cc801,pair_formed_by_refactoring,unknown,signature_changed,,0.98
699f9dcd41a27de7189607cebb7152db,7bf2d4782daec923aecc8725a3f41795,pair_formed_by_refactoring,signature_changed,signature_changed,1.0,0.98
699f9dcd41a27de7189607cebb7152db,95e77056a22e944f314ade351ac0b5c9,pair_formed_by_refactoring,signature_changed,signature_changed,1.0,1.0
699f9dcd41a27de7189607cebb7152db,a152ffc8ac24c938e1404eb54c2cc801,pair_formed_by_refactoring,signature_changed,signature_changed,1.0,0.98
699f9dcd41a27de7189607cebb7152db,a4a427b9eca642fc48c6f8f413121c3f,pair_formed_by_refactoring,signature_changed,signature_changed,1.0,1.0
699f9dcd41a27de7189607cebb7152db,b7ba8d82fb4e049e643b4af8bb0d8593,pair_formed_by_refactoring,signature_changed,signature_changed,1.0,0.98
699f9dcd41a27de7189607cebb7152db,c1211e9761ccb2368ba1b6ebfe0edb1c,pair_formed_by_refactoring,signature_changed,signature_changed,1.0,0.97
699f9dcd41a27de7189607cebb7152db,d5d28089a0e9c6c92695076654fa4182,pair_formed_by_refactoring,signature_changed,signature_changed,1.0,0.98
699f9dcd41a27de7189607cebb7152db,eb89ae8e8f2567b25de9ff32aca131ca,pair_formed_by_refactoring,signature_changed,signature_changed,1.0,1.0
699f9dcd41a27de7189607cebb7152db,f1aa57e9fba6e9640f72bb08dfa32fe2,pair_formed_by_refactoring,signature_changed,signature_changed,1.0,0.97
699f9dcd41a27de7189607cebb7152db,f7c41da2c45aa4a5e0d712065cd4cdb7,pair_formed_by_refactoring,signature_changed,signature_changed,1.0,0.97
699f9dcd41a27de7189607cebb7152db,ffb5c85bf24ef50e36a20364e96b8ca1,pair_formed_by_refactoring,signature_changed,signature_changed,1.0,0.98
6a1e68a4b9a88224b830345f9f2ab530,e8c39704b1303bd8c3bc1e353e8b4700,pair_formed_naturally,exact,exact,1.0,1.0
6a2d76da2e185648f13c183a5043b1e3,a31c3a0de42e35ae8be198cedd39bcf0,method_a_added,added,exact,,1.0
6a7756366feeb14c1172b2b189ba2771,753e15be26769eea8729c89e32acc48a,pair_formed_naturally,exact,exact,1.0,1.0
6a7756366feeb14c1172b2b189ba2771,8104c1fd33d32f08fb34b45f93885c81,pair_formed_naturally,exact,exact,1.0,1.0
6a7756366feeb14c1172b2b189ba2771,de7e97f07df2fc21edbdc76839a0f1e2,pair_formed_naturally,exact,exact,1.0,1.0
6a7f5ff621d20a43a9d19340bef3db1a,c23d5f76ef396a0f520ca6c677dccc1f,both_added,added,added,,
6a9a631b0027c133de084a0193dafcf4,f698f55072724ec61b01077fb1bf48bf,both_added,added,added,,
6aa15d3e798155d92a0b818f8f454d87,7c36473502d7d9bdbf324f9926b99622,pair_formed_naturally,exact,exact,1.0,1.0
6aa63f21218d0f48430219f4ee19d282,7561188720a7681a29eec5cb8f8634ff,both_added,added,added,,
6ac76f65011a4445b0c98624da1da024,da66a427cfda3148a7bdb96a4266ea7f,pair_formed_naturally,exact,exact,1.0,1.0
6ad3b942cdda594f5cc6cf36606f141b,fa80b65f57adc72e1b657f53a89dc7f3,pair_formed_by_refactoring,signature_changed,signature_changed,0.98,0.97
6b160b08fff4776205b8d8f3a1f0437f,879f696e6c6b8a65d754b93c90e881ec,pair_formed_naturally,exact,exact,1.0,1.0
6b1be8e1c49ab9bec4a3c97e4f53b70e,f328d0b9f339ab5e694d51ab2766cbba,pair_formed_naturally,exact,exact,1.0,1.0
6b1d6728a4480b0e8adb1ea93478029d,909f395f58d1d62cbf384c6051011a24,both_added,added,added,,
6b2f87bbe361face4449fc0e1531d2c6,bfaf061020b9e58dddea4715a548837b,pair_formed_by_refactoring,signature_changed,signature_changed,0.93,0.93
6b423be2bd6b369886533b02ccf0976c,da6a8aae440567e3b87599250cfc9daf,pair_formed_naturally,exact,exact,1.0,1.0
6b4b1c44f1089cbaf899a71c25177dea,6bb0074e118249db5188fd2a902e5849,pair_formed_by_refactoring,signature_changed,exact,1.0,1.0
6b4b1c44f1089cbaf899a71c25177dea,b7f1dd28f1a13fb6893996b325e43296,pair_formed_by_refactoring,signature_changed,exact,1.0,1.0
6b50361a6d76f1b56b40bfde7339e12d,bd22bc2b72039260b0bfedccd9286634,pair_formed_naturally,exact,exact,1.0,1.0
6b6696cc5963344f57a6f4b5025c193d,7f59b708be03bc11c3abe621a5fb3d30,both_added,added,added,,
6b6696cc5963344f57a6f4b5025c193d,8cf818320ca5ed77c135a2f1a50a66a7,both_added,added,added,,
6b6696cc5963344f57a6f4b5025c193d,929a29822abed393abd74be01743a2c2,both_added,added,added,,
6b6696cc5963344f57a6f4b5025c193d,98062190bc921063dc069278b6c6ec68,both_added,added,added,,
6b6696cc5963344f57a6f4b5025c193d,a44a2bc3ac19033aec942126cd6e946c,both_added,added,added,,
6b6696cc5963344f57a6f4b5025c193d,af4b5e354263b1fa8ce9ee78b78933bd,both_added,added,added,,
6b6696cc5963344f57a6f4b5025c193d,bbd9f38a8529b1400892ae64a60ccb53,both_added,added,added,,
6b6696cc5963344f57a6f4b5025c193d,bd9430e8a21d0868b94c3e3645ededc8,both_added,added,added,,
6b6696cc5963344f57a6f4b5025c193d,bda0e7d94d52f58b6e5623cdcd10282e,both_added,added,added,,
6b6696cc5963344f57a6f4b5025c193d,bf4e9fe513e6e8612215b9673cca5c2b,both_added,added,added,,
6b6696cc5963344f57a6f4b5025c193d,c1848fc42fb66eed0315371ff3e5b1b8,both_added,added,added,,
6b6696cc5963344f57a6f4b5025c193d,c25052a98d9cf55c9b0ccb0d6d3ff00e,both_added,added,added,,
6b6696cc5963344f57a6f4b5025c193d,c3af34e7307ac63f1d6b15fbeb29e0ec,both_added,added,added,,
6b6696cc5963344f57a6f4b5025c193d,cfb1eccb6a0098d66806fb128fe799bf,both_added,added,added,,
6b6696cc5963344f57a6f4b5025c193d,d051badb3ec26d22931f36515ac34081,both_added,added,added,,
6b6696cc5963344f57a6f4b5025c193d,d57844cfca2141f691b6bd239ffdf5c8,both_added,added,added,,
6b6696cc5963344f57a6f4b5025c193d,d6e35a94b47b2006697f25118a40b150,both_added,added,added,,
6b6696cc5963344f57a6f4b5025c193d,da7e79277f1ed625300a3db6f5f8a1a4,both_added,added,added,,
6b6696cc5963344f57a6f4b5025c193d,e079a6ef12cd3063c4f72776682cc645,both_added,added,added,,
6b6696cc5963344f57a6f4b5025c193d,e7ff88c357c33e69d8773479aeb0cf0e,both_added,added,added,,
6b6696cc5963344f57a6f4b5025c193d,e9bf1396c1a1cd4d9f9b959e94071271,both_added,added,added,,
6b6696cc5963344f57a6f4b5025c193d,f7ac4ea59a26952f9abae99254116042,both_added,added,added,,
6b6696cc5963344f57a6f4b5025c193d,fb84e80c9418312f2f13b209bc655d52,both_added,added,added,,
6b6696cc5963344f57a6f4b5025c193d,fda369cd62d9f205f3d65805e7757216,both_added,added,added,,
6b6696cc5963344f57a6f4b5025c193d,ffcedcb56d0c62d515cd0493970966c0,both_added,added,added,,
6b92b6dccd37320e5846c9233a5505c9,814f4e2bd06f801ad1babb6c2d312982,pair_formed_naturally,unknown,unknown,,
6bb0074e118249db5188fd2a902e5849,b7f1dd28f1a13fb6893996b325e43296,pair_formed_naturally,exact,exact,1.0,1.0
6bf40f432c22dcfb9784d9319ce3fa97,8638f94ba630df1de3147f9ab62d9415,pair_formed_naturally,exact,exact,1.0,1.0
6c039fca0c0e8d6bddeeb50bc9c4bd77,a10c29366272db9db3f5de133e84e28a,both_added,added,added,,
6c259443664a787f10b3388d92afc6bc,6cca3b85ac47eafe20e73a744aa17caf,pair_formed_naturally,exact,exact,1.0,1.0
6c259443664a787f10b3388d92afc6bc,dc2c80f4da8e0943b841f07924b92ca7,pair_formed_naturally,exact,exact,1.0,1.0
6c306863615838f7b9b88f4f093b03bc,9f97ad616ecec19c84301474da53b1e9,both_added,added,added,,
6c3154dbe38dc34062dcaf4dfaf62ad3,bd22bc2b72039260b0bfedccd9286634,pair_formed_naturally,exact,exact,1.0,1.0
6c33d125da878781791a537fa17de858,8748cf20f2bff52cb7fa6d5db8c0833d,both_added,added,added,,
6c33d125da878781791a537fa17de858,8a3b308279b5e80ab92d1f6e667bc488,method_a_added,added,signature_changed,,0.98
6c33d125da878781791a537fa17de858,c26b95e4619c642abc7df750bcdfdadd,both_added,added,added,,
6c33d125da878781791a537fa17de858,d3c398dd9eb3eb3fa48171defb4f83ee,both_added,added,added,,
6c33d125da878781791a537fa17de858,e65cee3e0c862e70795724520088f960,both_added,added,added,,
6c44cfd588f9cff9af983d96ae1c43cf,83d75342bda538bf9b286ceda586cfef,pair_formed_naturally,exact,exact,1.0,1.0
6c55d4ed3c9f6b92ff5ffa2746897fb1,79fe044e2a96ce51c2d0b46bd6fad65f,pair_formed_naturally,exact,exact,1.0,1.0
6c7b723c49dcafa908babc48df7e43fb,c07407125a7e94f931165848da6087ff,method_a_added,added,exact,,1.0
6c8c2f7ed9283d859cc37da1410b2f60,e74ae8ab7ed6219ead7ffbdf12cd7f95,both_added,added,added,,
6c8c2f7ed9283d859cc37da1410b2f60,eeaa5aa3550d60ab50add10930bd4e5b,both_added,added,added,,
6c95aafef9ca1d1fe040f87e9b85e48b,aa792f9c3b22ff846d785f40b0a23967,pair_formed_naturally,exact,exact,1.0,1.0
6c95aafef9ca1d1fe040f87e9b85e48b,eb2ff4a92a61ec90bd69aa3e263e8f68,pair_formed_naturally,exact,exact,1.0,1.0
6cbf06c200e9c918c9256882d9450c94,720b4b164a93c6892d0d36a67e8f110b,pair_formed_by_refactoring,signature_changed,signature_changed,1.0,1.0
6cc4ba78f1462b5510b3c780c4fb4678,99e913f9d64d69d00a099227c76ea741,pair_formed_naturally,exact,exact,1.0,1.0
6cca3b85ac47eafe20e73a744aa17caf,70a2bafaeff2194fd1f31ca463d543c3,pair_formed_naturally,exact,exact,1.0,1.0
6cca3b85ac47eafe20e73a744aa17caf,94cab546fc0922592224fc3f57b8bcf0,pair_formed_naturally,exact,exact,1.0,1.0
6cca3b85ac47eafe20e73a744aa17caf,c541d2864e42a3375646aeac25bbd28a,pair_formed_naturally,exact,exact,1.0,1.0
6cf7f0ad33b5e1f7745a776687939393,f1b42d2ce501391e370975e3b16f516c,pair_formed_by_refactoring,exact,signature_changed,1.0,1.0
6d3f2cb2503920b6093096de783d65c2,73c270c73bc890615684466af2a7f45f,pair_formed_by_refactoring,exact,signature_changed,1.0,0.99
6d6750f3b867d4d9fb248d9c58f32022,abb5c87b5e80d3980d041972a0fde583,method_b_added,exact,added,1.0,
6d73e38eca8f19ae4bc07a95fb78e99a,d3ebd3cc02016fe5ff170bb5d9ecc97c,both_added,added,added,,
6dad4e2a472555b2dd02ab06a08de2bd,77cb559f09cc33814b714956a93a9519,method_b_added,exact,added,1.0,
6dbc826b6707e53b0b501c0376e052fd,aacc57d4e2b4af2a95a6549354432421,pair_formed_naturally,exact,exact,1.0,1.0
6dbc826b6707e53b0b501c0376e052fd,aec8c4af832c5ce01b80b94e95bf67bf,pair_formed_naturally,exact,exact,1.0,1.0
6dd62c9f7f3eb6430b7f5974704de67e,75968c1bf845c7e10bc1e9b9a10d7bcb,method_b_added,exact,added,1.0,
6de417cf690666b1e018ca5607b92455,a5ab6e319009788742bf28f0ba62d595,method_b_added,exact,added,1.0,
6e1f2d1d13e0dc31d90b8746a017fc42,96832b27d71040199e14075c38280d2c,both_added,added,added,,
6e34f89d905ebf70123862b870a3be56,e44d5d507c4002a14075a074af69573f,pair_formed_by_refactoring,signature_changed,exact,0.97,1.0
6e34f89d905ebf70123862b870a3be56,e6cc8f0d403a4f7c4ee682102e2f001c,pair_formed_by_refactoring,signature_changed,exact,0.97,1.0
6e58d72f983ab8aac90eb7aee8eb7ccd,76516c7cd9b0344096801a5bd5694217,method_b_added,signature_changed,added,0.97,
6e58d72f983ab8aac90eb7aee8eb7ccd,a600ea0587ff577ddb98e7ea0a8354cd,pair_formed_by_refactoring,signature_changed,signature_changed,0.97,0.98
6e58d72f983ab8aac90eb7aee8eb7ccd,d1e2eeaf86a4bb2b51028f6bbe679cce,pair_formed_by_refactoring,signature_changed,signature_changed,0.97,0.97
6e7c0b9338e02e8d5c08c787fde91d34,89d89960ecccc6e605f07d2461689e87,both_added,added,added,,
6e7c0b9338e02e8d5c08c787fde91d34,de1d32db5aaf424ac65ac0ea5cc20400,both_added,added,added,,
6f1221b94640d8ba50430816ac7e82be,cc1fada8a202261ee21f414a1233bd06,both_added,added,added,,
6f21a52706d2170fb21ad0f07b8d667f,f6cc86f578af8864b516456d67d6abca,pair_formed_naturally,exact,exact,1.0,1.0
6f282f836cbff8de23abf8e91d7832f0,98a4b49318a55c1217c78b9db1724b55,pair_formed_naturally,exact,exact,1.0,1.0
6f282f836cbff8de23abf8e91d7832f0,e6822f2f355531d5bd853662e877d758,pair_formed_naturally,exact,exact,1.0,1.0
6f54bbdab6ea917a242462abe37df5c5,c70895f279531363af67e6f829028562,pair_formed_naturally,exact,exact,1.0,1.0
6fbf1598d1ef92dee085b23f0275677c,b5cc030fb4fea9b384a8dc577a444d6a,pair_formed_naturally,exact,exact,1.0,1.0
6ff1ef79ef5feeafc6a43dbef0bde932,a5e2345a7bb4edcfe2cacee140c6eadc,both_added,added,added,,
703b81cc0c49e60d3cfe4191b2a8196f,82fcf12baca3de3e8da5735949a4adfd,both_added,added,added,,
703b81cc0c49e60d3cfe4191b2a8196f,963cbc81876cacf360bbff584a1f6399,method_a_added,added,unknown,,
703b81cc0c49e60d3cfe4191b2a8196f,9e6693117d76236ee85013b22c3e3b00,both_added,added,added,,
703b81cc0c49e60d3cfe4191b2a8196f,9e7fd77ff440d3e41c825039ded311bd,method_a_added,added,signature_changed,,0.98
703b81cc0c49e60d3cfe4191b2a8196f,a8badf410effa945d4df0d2c048df905,method_a_added,added,signature_changed,,0.98
703b81cc0c49e60d3cfe4191b2a8196f,b69ae1a77b22122bdfb4b5be80105401,both_added,added,added,,
703b81cc0c49e60d3cfe4191b2a8196f,c00cd348b70c2224ae7d353064796aa8,both_added,added,added,,
703b81cc0c49e60d3cfe4191b2a8196f,f78adf691e39fae1a372fecbe4e7c2e3,method_a_added,added,unknown,,
7066d2d55bd9613c1489d8365579cff1,d19fd6968ae3aba24daad67ee4bd8e9e,pair_formed_naturally,unknown,exact,,1.0
709a3db6d4fe9d48bcca8cdc2b6e8769,b87413ec574f0a56fe38e130a5df99a4,both_added,added,added,,
70a2bafaeff2194fd1f31ca463d543c3,dc2c80f4da8e0943b841f07924b92ca7,pair_formed_naturally,exact,exact,1.0,1.0
70a56de0e42232d2c7dff576e343f5ef,c318fdc92690868862acb32aa6fd6ca8,method_b_added,signature_changed,added,0.96,
70c556af3ca4c3b8b74690c07ff57250,9b32079edb99a8893dcd8de3dd0b6592,pair_formed_naturally,exact,exact,1.0,1.0
70f334e07f68e22f00baf6c058ea6c15,eb73f88519cc56dc9b18c4b8b7a76a39,pair_formed_naturally,exact,exact,1.0,1.0
712ee6c6c8fea662d99138de193ec990,ebdf4a21f83a17ff6af0335e967271e6,pair_formed_naturally,exact,exact,1.0,1.0
7135bb7ab917f108b7cf4dfa74d9c17d,9bc7dd6f2a2f5fe11e84da920828addd,pair_formed_naturally,unknown,exact,,1.0
716c1c26da396618831f4dc5350f4fb0,945ad9628df1cb200971a4253840899f,pair_formed_by_refactoring,signature_changed,signature_changed,0.95,0.97
7177c0b701a5a87699dd3accc04e3215,7ff749372016e8e1d4f3a6121390e6a7,pair_formed_naturally,exact,exact,1.0,1.0
7188a6782bd0529f91f9aeb190293c75,e62927e8770e783afd2933017bda64b6,pair_formed_by_refactoring,exact,signature_changed,1.0,0.99
71a7042d52e640cb51155bf8078a0dc1,94213a92a6c616885b30b92e5b1ae3a9,pair_formed_naturally,exact,exact,1.0,1.0
71a90700596087ba385ab365a994b9d5,f7893a487fbceca89c6fe629520d4a32,pair_formed_by_refactoring,signature_changed,signature_changed,0.96,0.98
71addac84ce0509b88408d5ca2f18da6,b8184ee709672414ac5b72a1e236e34c,method_b_added,moved,added,0.95,
71d70b39090f7a71180d6cb007f905f3,ca76d3ca43d7515ab966e969a2d2dc69,pair_formed_naturally,exact,exact,1.0,1.0
71d70b39090f7a71180d6cb007f905f3,e0235adb50dc3c6d3004fce647c7840a,pair_formed_naturally,exact,exact,1.0,1.0
720b4b164a93c6892d0d36a67e8f110b,8748f44be7c193036718b2ad3ca6b0fd,pair_formed_by_refactoring,signature_changed,signature_changed,1.0,1.0
720b4b164a93c6892d0d36a67e8f110b,ae648804aeceb4dc86380d289f414b0b,pair_formed_by_refactoring,signature_changed,signature_changed,1.0,1.0
7211472a7eed702c90d92cf8da31d7bf,a9ef7131f222bbd911ef5c0d0536a23c,pair_formed_by_refactoring,signature_changed,signature_changed,1.0,1.0
7211472a7eed702c90d92cf8da31d7bf,e6bde0997de34dbf185103f8c7baf23b,pair_formed_by_refactoring,signature_changed,signature_changed,1.0,1.0
721c4a3b310642a78151309efc8544f7,81d381542d6a865183828760d3cf4b82,pair_formed_naturally,exact,exact,1.0,1.0
721c4a3b310642a78151309efc8544f7,929bf9bae6be91ab859c08caacf8cd9e,pair_formed_naturally,exact,exact,1.0,1.0
726b2e94e7b6d353f2c6e354e274efcb,83d75342bda538bf9b286ceda586cfef,pair_formed_naturally,exact,exact,1.0,1.0
72c807f5a04ad29b97f5dc1e2b776ad8,8f4a216c8f8cb9cf1ed8b2ae8afd693c,method_b_added,exact,added,1.0,
72d684dc74ead3afaa38a79f7f97c3c2,ac5bc2af31ef94712f413849147f6d5b,pair_formed_naturally,exact,exact,1.0,1.0
72d684dc74ead3afaa38a79f7f97c3c2,d2feb62aef46e32262240278e7003972,pair_formed_naturally,exact,exact,1.0,1.0
737524e5fe5a135a2d85bee2669f1df7,753e15be26769eea8729c89e32acc48a,pair_formed_naturally,exact,exact,1.0,1.0
737524e5fe5a135a2d85bee2669f1df7,8104c1fd33d32f08fb34b45f93885c81,pair_formed_naturally,exact,exact,1.0,1.0
737524e5fe5a135a2d85bee2669f1df7,de7e97f07df2fc21edbdc76839a0f1e2,pair_formed_naturally,exact,exact,1.0,1.0
737524e5fe5a135a2d85bee2669f1df7,e448c4cd1a0e7ba210acf8358895e6eb,pair_formed_naturally,exact,exact,1.0,1.0
737524e5fe5a135a2d85bee2669f1df7,e8ba27d37963c50e801a8f61211cbb12,pair_formed_naturally,exact,exact,1.0,1.0
73c270c73bc890615684466af2a7f45f,98ae8153c4723bccadcc56a6301fcdd0,pair_formed_by_refactoring,signature_changed,exact,0.99,1.0
73c270c73bc890615684466af2a7f45f,e17f63cd52dbd0a2b5274256e63bf98e,pair_formed_by_refactoring,signature_changed,exact,0.99,1.0
74078d29961f43d2c59fdefea16299cf,f2645d28fe04fe738d1640808b4b6352,pair_formed_naturally,exact,exact,1.0,1.0
743b3337c97c8fed6f27304829a18a09,782617c0316eb2a5c8a53b6ffa3d15a3,pair_formed_naturally,exact,exact,1.0,1.0
743b3337c97c8fed6f27304829a18a09,d1cbfac3997dfa7d8677955d5f375b1c,pair_formed_naturally,exact,exact,1.0,1.0
743b3337c97c8fed6f27304829a18a09,e1cd4bff8c388cdab403635ba06be85d,pair_formed_naturally,exact,exact,1.0,1.0
747cc7f57f32b159bfcee9939d26ef3a,914884d91250cc54f55ca7bad74abd78,method_b_added,exact,added,1.0,
748535cc9e185b40e7280a5ef6ff25d0,e87d1b0e3b8c64dd14350740ebd11547,pair_formed_naturally,exact,exact,1.0,1.0
748568eb20d475a554afb7d227cd4e6c,bb58eb1c73e5c88d6b355049677d54ce,method_a_added,added,exact,,1.0
74b710f3fc6d7cc45705f05ff32a4186,c1310cba6e09a29720f41ff0ce543ea1,pair_formed_naturally,exact,exact,1.0,1.0
74dfec7ffb0beae07af947004b7fcb26,79b67dca982c04e1ab0f7c3a26cd93b3,pair_formed_by_refactoring,exact,signature_changed,1.0,1.0
752a2f6a8e94747d6b9c54e399391dd8,e52bbf945b96488d2bbe41b5dc30285c,pair_formed_by_refactoring,signature_changed,signature_changed,1.0,1.0
752ad0312c8f7f88a36c7736397a7536,dc2c80f4da8e0943b841f07924b92ca7,pair_formed_naturally,exact,exact,1.0,1.0
753e15be26769eea8729c89e32acc48a,8104c1fd33d32f08fb34b45f93885c81,pair_formed_naturally,exact,exact,1.0,1.0
753e15be26769eea8729c89e32acc48a,de7e97f07df2fc21edbdc76839a0f1e2,pair_formed_naturally,exact,exact,1.0,1.0
753e15be26769eea8729c89e32acc48a,e448c4cd1a0e7ba210acf8358895e6eb,pair_formed_naturally,exact,exact,1.0,1.0
753e15be26769eea8729c89e32acc48a,e8ba27d37963c50e801a8f61211cbb12,pair_formed_naturally,exact,exact,1.0,1.0
75539e8c9403365665a7b74d4293240e,c610b654b9c1d35adddf61424fa0a388,pair_formed_naturally,exact,exact,1.0,1.0
756fcbe88dc4acd4e534ef376e3482ac,da7d9ba9f6a249f050179641b56dfa42,pair_formed_naturally,exact,exact,1.0,1.0
75968c1bf845c7e10bc1e9b9a10d7bcb,e345f7de0a861bc022233c780f67ac3a,both_added,added,added,,
75968c1bf845c7e10bc1e9b9a10d7bcb,e8f1ab78f0246f788ffd632044dd2263,method_a_added,added,exact,,1.0
75a1eeb9fcf264968214bb39376fa585,7d04d47b455fe2a829d5c7b2a8670219,pair_formed_by_refactoring,signature_changed,unknown,0.96,
75a1eeb9fcf264968214bb39376fa585,aefaec2302d819e0e526700bf86558f4,pair_formed_by_refactoring,signature_changed,signature_changed,0.96,0.96
75a1eeb9fcf264968214bb39376fa585,befe0f6ecbe5b939dd0927daa4b41d8d,pair_formed_by_refactoring,signature_changed,signature_changed,0.96,0.96
75aa4bf3840ec7c7f6bdeb6794415b9a,7dcdd458b1921e569c23ed27c4428da5,pair_formed_naturally,exact,exact,1.0,1.0
75aa4bf3840ec7c7f6bdeb6794415b9a,879f696e6c6b8a65d754b93c90e881ec,pair_formed_naturally,exact,exact,1.0,1.0
75aa4bf3840ec7c7f6bdeb6794415b9a,ca4d879cd7f13083e607799203977cc4,pair_formed_naturally,exact,exact,1.0,1.0
75aa4bf3840ec7c7f6bdeb6794415b9a,f3be6dfbe3f38635608cd806949eec80,pair_formed_naturally,exact,exact,1.0,1.0
75d64cb4f7680a778ae42dd6da10ce8b,8442e8c005a9c697bdf5c0821041c2d6,both_added,added,added,,
75e27e906c05937e88bd62aeb87db1cf,a2697a5bafc24598a63aee03950fddcc,pair_formed_by_refactoring,exact,signature_changed,1.0,0.99
75e27e906c05937e88bd62aeb87db1cf,d5d15cce5e0de0549d08b07571a91674,pair_formed_by_refactoring,exact,signature_changed,1.0,0.99
76516c7cd9b0344096801a5bd5694217,a600ea0587ff577ddb98e7ea0a8354cd,method_a_added,added,signature_changed,,0.98
76516c7cd9b0344096801a5bd5694217,d1e2eeaf86a4bb2b51028f6bbe679cce,method_a_added,added,signature_changed,,0.97
76b426460d6050a733d289bd2c306150,dac00cba8ed1b671dc31307250813d6e,pair_formed_naturally,exact,exact,1.0,1.0
76be71b9f7000bab060407e8404b76e1,cb6b5c776a4aa399624b4fcc336fce39,pair_formed_naturally,unknown,exact,,1.0
76c3f3f6c82afc6519f1f99ef47e914c,89f5be5a4ccea507ff6796cf92fb6ba4,pair_formed_naturally,exact,unknown,1.0,
76c3f3f6c82afc6519f1f99ef47e914c,8cad7cb2b43210f5d783ccd5c767a2e0,pair_formed_naturally,exact,exact,1.0,1.0
76c3f3f6c82afc6519f1f99ef47e914c,bbd552d4ef9aeb85b9025767bb88858e,pair_formed_naturally,exact,exact,1.0,1.0
76c3f3f6c82afc6519f1f99ef47e914c,bd666cb26ae417d7c92c2824d6b504d6,pair_formed_naturally,exact,unknown,1.0,
77077b93a7d5644e3814e068f8597ed3,fae4ad35181d4f3d9d6e732326641c3f,method_b_added,exact,added,1.0,
770f6e6a92fd1b62da153f663f41d6aa,eb1383ba468ae04af15b295e946b9815,pair_formed_by_refactoring,signature_changed,signature_changed,1.0,1.0
774df337ba55553095756ec61294b031,cc18f108b1a774d0b2458c949fe3da4c,pair_formed_by_refactoring,exact,signature_changed,1.0,0.95
778f108b4c5084d7d957c7ebff6636f1,7ddd0c34dc413fbd0a3df4425eeb55d6,method_b_added,exact,added,1.0,
77915fdc75f29845b8e4d0a301a002a1,77c28b0107d14d87fa738d1d0daecac0,pair_formed_naturally,exact,exact,1.0,1.0
77c674042ba1f8075a46d0772337a33b,bff152e2eb21b7499d2f93da066029e7,both_added,added,added,,
77c674042ba1f8075a46d0772337a33b,e6e26290c935d2b459b36a2b8ba564e8,method_a_added,added,unknown,,
77d0059e4a92381b195fae1b13278760,9b299d62eabc044ca10d7bc8cc3c6c80,both_added,added,added,,
77d0059e4a92381b195fae1b13278760,a10c29366272db9db3f5de133e84e28a,both_added,added,added,,
780f10b85add175429b7983856188eee,b5ce36f4f28945d9d134e0718d64c85c,pair_formed_naturally,exact,unknown,1.0,
782617c0316eb2a5c8a53b6ffa3d15a3,b80167b485ac9d4eac15ea14f6e03320,pair_formed_naturally,exact,exact,1.0,1.0
782617c0316eb2a5c8a53b6ffa3d15a3,bbbae082eb45f67825a9da9e8003a2b6,pair_formed_naturally,exact,exact,1.0,1.0
786e10043f82ba9e06dd22c3747381ca,a12db5191ce34e26e6e4f2a1d224e412,method_a_added,added,signature_changed,,1.0
78adbf9930263cecfa7bfeef52d96558,d2feb62aef46e32262240278e7003972,pair_formed_naturally,exact,exact,1.0,1.0
78bfabb7ca3452282a9f1f0ddb86da23,a57217a601c0624c593649d9d7cea50c,pair_formed_by_refactoring,signature_changed,signature_changed,1.0,1.0
78bfabb7ca3452282a9f1f0ddb86da23,aadbde3efa2522d0258c803c715cc686,pair_formed_by_refactoring,signature_changed,signature_changed,1.0,0.87
78bfabb7ca3452282a9f1f0ddb86da23,adaeb9e71db54fd430ca8cc35e40aa54,pair_formed_by_refactoring,signature_changed,unknown,1.0,
78bfabb7ca3452282a9f1f0ddb86da23,c14a44923106b80746cc9b6b56bbb380,method_b_added,signature_changed,added,1.0,
78bfabb7ca3452282a9f1f0ddb86da23,e4e4217e547842bb49a4284bedf9f405,pair_formed_by_refactoring,signature_changed,signature_changed,1.0,0.93
78bfabb7ca3452282a9f1f0ddb86da23,edd9f9097ad01f75e37d24fa57fdcdda,pair_formed_by_refactoring,signature_changed,unknown,1.0,
7900e9e9f8124113ba455e93299365cb,7db9ea029fdaeec183bdd873d14ea851,both_added,added,added,,
7900e9e9f8124113ba455e93299365cb,986d1bebf9bd20ea9c4f3145e2b1f64d,both_added,added,added,,
7900e9e9f8124113ba455e93299365cb,be4b4254ff070c9df5f8a4f922f3266b,method_a_added,added,exact,,1.0
7900e9e9f8124113ba455e93299365cb,dc2d893f3a213ba8347e841ee3603faa,method_a_added,added,exact,,1.0
7900e9e9f8124113ba455e93299365cb,f43d862f762bba5c9b1fddd4a6081faa,both_added,added,added,,
792331e99d20fad7d55b46ce42c2681d,ea1fe8fab061e9151910d741e3fb53b4,pair_formed_by_refactoring,signature_changed,signature_changed,1.0,0.97
79b67dca982c04e1ab0f7c3a26cd93b3,7ae444a86ef8d19be2b64867c83cf61a,pair_formed_by_refactoring,signature_changed,exact,1.0,1.0
79b67dca982c04e1ab0f7c3a26cd93b3,98f1f017f8695e00e050c10a73bbb947,pair_formed_by_refactoring,signature_changed,exact,1.0,1.0
79b67dca982c04e1ab0f7c3a26cd93b3,b556bfc542f9832244a3dd28c412c324,pair_formed_by_refactoring,signature_changed,exact,1.0,1.0
79b67dca982c04e1ab0f7c3a26cd93b3,d974db25e8e97e204ced85bfd6305838,pair_formed_by_refactoring,signature_changed,exact,1.0,1.0
79b67dca982c04e1ab0f7c3a26cd93b3,e99f299fb9fbbe94f7f3d7361ca45ac1,method_b_added,signature_changed,added,1.0,
79b67dca982c04e1ab0f7c3a26cd93b3,f445295d3a26f1d4f554e18d641a982e,pair_formed_by_refactoring,signature_changed,exact,1.0,1.0
79b7bf00f2a017254009a5a80a589d41,8192d14f6a450bed4f817643efa072b4,pair_formed_by_refactoring,signature_changed,exact,0.78,1.0
79c278c55b1982886154923ca51efd3f,7d663d903b3f706a498b5c1c5c259998,method_b_added,signature_changed,added,1.0,
79c278c55b1982886154923ca51efd3f,8c624776ab0d89e0ba9149ea3646bf11,pair_formed_by_refactoring,signature_changed,signature_changed,1.0,1.0
79c278c55b1982886154923ca51efd3f,92f04b56f3b87018a39c39fccb96c99f,pair_formed_by_refactoring,signature_changed,signature_changed,1.0,1.0
79c278c55b1982886154923ca51efd3f,e12d6c9df3e4c266743554920dcb6d91,pair_formed_by_refactoring,signature_changed,signature_changed,1.0,1.0
79c278c55b1982886154923ca51efd3f,eb89ae8e8f2567b25de9ff32aca131ca,pair_formed_by_refactoring,signature_changed,signature_changed,1.0,1.0
79e5a30fe83f456300019bceeaffabc3,848cc34d634892c33464d56a91b27d31,both_added,added,added,,
79e5a30fe83f456300019bceeaffabc3,867a312ce5320ce4d6f665f8c3b5a25c,both_added,added,added,,
79e5a30fe83f456300019bceeaffabc3,9b299d62eabc044ca10d7bc8cc3c6c80,both_added,added,added,,
79e5a30fe83f456300019bceeaffabc3,9ed6c4a94ab3e55aec855688eb9af892,both_added,added,added,,
79e5a30fe83f456300019bceeaffabc3,9f97ad616ecec19c84301474da53b1e9,both_added,added,added,,
79e5a30fe83f456300019bceeaffabc3,a10c29366272db9db3f5de133e84e28a,both_added,added,added,,
79e5a30fe83f456300019bceeaffabc3,b55e54f8f1e0e7c199eba82e5596b366,both_added,added,added,,
79e5a30fe83f456300019bceeaffabc3,f97eb40d7cb98c2ec9244b3196a2c0a0,both_added,added,added,,
79e8ff79e3fc4a05ab6781d6cd2ffdde,9e2288f5f87125878f8266d0c428c617,pair_formed_naturally,exact,exact,1.0,1.0
7a3dcc219214db22a693915aef1c1ae4,ae6412f316d756b7707fbdd2dad83e67,pair_formed_by_refactoring,signature_changed,signature_changed,1.0,1.0
7a3dcc219214db22a693915aef1c1ae4,f187ed137dc72cd8a720718130b2fde4,pair_formed_by_refactoring,signature_changed,signature_changed,1.0,0.94
7a8454644b0fded29be496fa33efcd1a,8dadf628d3c1f0993229af709f22069e,both_added,added,added,,
7a8454644b0fded29be496fa33efcd1a,915a7d2ee3e4e5fe9142544114f0d936,both_added,added,added,,
7a8454644b0fded29be496fa33efcd1a,cbddf3fcada90b0e0382e43c872af1f6,both_added,added,added,,
7a8454644b0fded29be496fa33efcd1a,d861c5d33e7bf1cea5887ce5b709ea79,both_added,added,added,,
7aaf626bd71f4016eab49a709acf7f80,d955ae78b0fb617165d7e60cd98e42cf,both_added,added,added,,
7adbce4f428f375a4cc16363765d8963,90f47ce56da09783f8c3978d6ab03cf1,method_b_added,refactored,added,0.8,
7b2910b2b35329d107073213846e25a2,b202d00d1e7baaf0d258bc8aac7fcd33,pair_formed_naturally,exact,exact,1.0,1.0
7b2910b2b35329d107073213846e25a2,c6f023ca1dc77c1c3467897758af2780,pair_formed_by_refactoring,exact,signature_changed,1.0,0.94
7b2cdf7c1c71ababb529c5dd8bc607b0,b81846c951f4245573f18973209ab853,method_b_added,signature_changed,added,0.96,
7b3c29d6eba0021e5038ad3ed178c137,b39a47864d8842cc62edfb3a79e3b5e4,both_added,added,added,,
7b3c29d6eba0021e5038ad3ed178c137,c48de4086a0154014550c8498f384990,both_added,added,added,,
7b3c29d6eba0021e5038ad3ed178c137,dad058a6f1c36566e5d1cd47802ba723,both_added,added,added,,
7b3c29d6eba0021e5038ad3ed178c137,e3b4be1c8f14fba71e89c0441fea53e9,both_added,added,added,,
7b3c29d6eba0021e5038ad3ed178c137,faa274d4368a2c2792f087b065fc3cce,both_added,added,added,,
7bf2d4782daec923aecc8725a3f41795,95e77056a22e944f314ade351ac0b5c9,pair_formed_by_refactoring,signature_changed,signature_changed,0.98,1.0
7bf2d4782daec923aecc8725a3f41795,a4a427b9eca642fc48c6f8f413121c3f,pair_formed_by_refactoring,signature_changed,signature_changed,0.98,1.0
7bf2d4782daec923aecc8725a3f41795,b7ba8d82fb4e049e643b4af8bb0d8593,pair_formed_by_refactoring,signature_changed,signature_changed,0.98,0.98
7bf2d4782daec923aecc8725a3f41795,c1211e9761ccb2368ba1b6ebfe0edb1c,pair_formed_by_refactoring,signature_changed,signature_changed,0.98,0.97
7bf2d4782daec923aecc8725a3f41795,ce9296a44b9f8519ce4b624b815a3267,pair_formed_by_refactoring,signature_changed,signature_changed,0.98,1.0
7bf2d4782daec923aecc8725a3f41795,d5d28089a0e9c6c92695076654fa4182,pair_formed_by_refactoring,signature_changed,signature_changed,0.98,0.98
7bf2d4782daec923aecc8725a3f41795,ffb5c85bf24ef50e36a20364e96b8ca1,pair_formed_by_refactoring,signature_changed,signature_changed,0.98,0.98
7c27253e96880baf61cda093335a5641,b9cc1d237c663c6ed4a5a7ce1e65ffae,both_added,added,added,,
7c5cbc2ae206d166d55dc96c5d5a7c27,bc6d3e218c14a0b591d928a0d632d9d0,pair_formed_by_refactoring,signature_changed,signature_changed,0.86,0.89
7c7f291f2c91d8209b9f4242efc3c57e,c38d8f7673d9e9e33e1def042f7acb63,pair_formed_naturally,exact,exact,1.0,1.0
7cb9a798c51ee027ac2b35129cfa2a08,9f812f0731df6aa00b1f1bee73e1781e,method_a_added,added,exact,,1.0
7cb9a798c51ee027ac2b35129cfa2a08,e06e0ee60dadd2bef960edc7f60b6dff,method_a_added,added,exact,,1.0
7ce9973869cb34e147e1ef27ee95183d,9cefd806cfbdacbf94d0decd4f72f20f,pair_formed_by_refactoring,exact,signature_changed,1.0,1.0
7d04d47b455fe2a829d5c7b2a8670219,aefaec2302d819e0e526700bf86558f4,pair_formed_by_refactoring,unknown,signature_changed,,0.96
7d04d47b455fe2a829d5c7b2a8670219,befe0f6ecbe5b939dd0927daa4b41d8d,pair_formed_by_refactoring,unknown,signature_changed,,0.96
7d4a3f780aac817f41cc97007f8bf572,cf0708d690b5d064d7b982c87dea77e2,pair_formed_by_refactoring,signature_changed,exact,1.0,1.0
7d663d903b3f706a498b5c1c5c259998,e00f095e19d1265c8f6a52bf50790dab,method_a_added,added,signature_changed,,0.96
7d9186992b5e1cc1d97f6bbe3385eaa1,bbc8438430dd30b3da2a6cba4311bcb7,pair_formed_naturally,exact,exact,1.0,1.0
7d93b5b078e1d5b43aaa784eb565eab0,ec1dc622a51130f79526dd4892d180cd,pair_formed_naturally,exact,exact,1.0,1.0
7db9ea029fdaeec183bdd873d14ea851,819938c0468eea7669a25b571c2a841d,method_a_added,added,exact,,1.0
7db9ea029fdaeec183bdd873d14ea851,986d1bebf9bd20ea9c4f3145e2b1f64d,both_added,added,added,,
7db9ea029fdaeec183bdd873d14ea851,be1caea18d561783d8d6b71cd153273e,method_a_added,added,exact,,1.0
7db9ea029fdaeec183bdd873d14ea851,be4b4254ff070c9df5f8a4f922f3266b,method_a_added,added,exact,,1.0
7db9ea029fdaeec183bdd873d14ea851,dc2d893f3a213ba8347e841ee3603faa,method_a_added,added,exact,,1.0
7db9ea029fdaeec183bdd873d14ea851,edc0ffaaaf0503e3b49db88add383817,both_added,added,added,,
7db9ea029fdaeec183bdd873d14ea851,f43d862f762bba5c9b1fddd4a6081faa,both_added,added,added,,
7dcdd458b1921e569c23ed27c4428da5,879f696e6c6b8a65d754b93c90e881ec,pair_formed_naturally,exact,exact,1.0,1.0
7dcdd458b1921e569c23ed27c4428da5,ca4d879cd7f13083e607799203977cc4,pair_formed_naturally,exact,exact,1.0,1.0
7dcdd458b1921e569c23ed27c4428da5,f3be6dfbe3f38635608cd806949eec80,pair_formed_naturally,exact,exact,1.0,1.0
7dd1b91694cbe02a461c79dac2fca7b4,c5f8f1c986c279fc6ae88032416a0e2f,method_b_added,signature_changed,added,0.96,
7dd1b91694cbe02a461c79dac2fca7b4,da9090a62b6c40f250156f645895f3dd,pair_formed_by_refactoring,signature_changed,exact,0.96,1.0
7ddd0c34dc413fbd0a3df4425eeb55d6,e50d9a6ce2873731ef0797900d0bf752,method_a_added,added,exact,,1.0
7e162258cb38de94e958cce05410bbef,8be3dbf88e9b0b17bef9349ca8326e4b,pair_formed_naturally,exact,exact,1.0,1.0
7e162258cb38de94e958cce05410bbef,984ebdcb3f568d9389b22851aad490de,pair_formed_naturally,exact,exact,1.0,1.0
7ee02f05d43d8fd8d90a99a578fe1543,8dd5286afe769407e473521679cfda00,method_a_added,added,exact,,1.0
7ee141e50a66674ddceb7271e9b06024,a86576a51ebb5f0b4dfa17007fded629,both_added,added,added,,
7ee141e50a66674ddceb7271e9b06024,dc83212f4bb634136ec5fc56db782f36,method_a_added,added,signature_changed,,1.0
7f23e429ea707cdd76e032b2cbfd89b9,bc43d6821399946d7a1007789b360f06,pair_formed_naturally,exact,exact,1.0,1.0
7f257896a4b1af7c63e9e865f947eeb2,c53e569af3612e27d80f48e932950b62,both_added,added,added,,
7f2c3c548cc05c30c278ad4866c4fa66,a1beed966f1a56b1541392f5628f457b,pair_formed_naturally,exact,exact,1.0,1.0
7f31a4187d8179669ae214b246ae6ee3,85297767ba3a994849e195c0a3f00b89,both_added,added,added,,
7f31a4187d8179669ae214b246ae6ee3,929a29822abed393abd74be01743a2c2,both_added,added,added,,
7f31a4187d8179669ae214b246ae6ee3,99261a993fe00156764686e6183e8f64,both_added,added,added,,
7f31a4187d8179669ae214b246ae6ee3,bda0e7d94d52f58b6e5623cdcd10282e,both_added,added,added,,
7f31a4187d8179669ae214b246ae6ee3,c1848fc42fb66eed0315371ff3e5b1b8,both_added,added,added,,
7f31a4187d8179669ae214b246ae6ee3,c25052a98d9cf55c9b0ccb0d6d3ff00e,both_added,added,added,,
7f31a4187d8179669ae214b246ae6ee3,c3af34e7307ac63f1d6b15fbeb29e0ec,both_added,added,added,,
7f31a4187d8179669ae214b246ae6ee3,d6e35a94b47b2006697f25118a40b150,both_added,added,added,,
7f31a4187d8179669ae214b246ae6ee3,e9bf1396c1a1cd4d9f9b959e94071271,both_added,added,added,,
7f31a4187d8179669ae214b246ae6ee3,f7ac4ea59a26952f9abae99254116042,both_added,added,added,,
7f31a4187d8179669ae214b246ae6ee3,fda369cd62d9f205f3d65805e7757216,both_added,added,added,,
7f59b708be03bc11c3abe621a5fb3d30,8cf818320ca5ed77c135a2f1a50a66a7,both_added,added,added,,
7f59b708be03bc11c3abe621a5fb3d30,929a29822abed393abd74be01743a2c2,both_added,added,added,,
7f59b708be03bc11c3abe621a5fb3d30,98062190bc921063dc069278b6c6ec68,both_added,added,added,,
7f59b708be03bc11c3abe621a5fb3d30,a44a2bc3ac19033aec942126cd6e946c,both_added,added,added,,
7f59b708be03bc11c3abe621a5fb3d30,af4b5e354263b1fa8ce9ee78b78933bd,both_added,added,added,,
7f59b708be03bc11c3abe621a5fb3d30,bbd9f38a8529b1400892ae64a60ccb53,both_added,added,added,,
7f59b708be03bc11c3abe621a5fb3d30,bd9430e8a21d0868b94c3e3645ededc8,both_added,added,added,,
7f59b708be03bc11c3abe621a5fb3d30,bda0e7d94d52f58b6e5623cdcd10282e,both_added,added,added,,
7f59b708be03bc11c3abe621a5fb3d30,bf4e9fe513e6e8612215b9673cca5c2b,both_added,added,added,,
7f59b708be03bc11c3abe621a5fb3d30,c1848fc42fb66eed0315371ff3e5b1b8,both_added,added,added,,
7f59b708be03bc11c3abe621a5fb3d30,c25052a98d9cf55c9b0ccb0d6d3ff00e,both_added,added,added,,
7f59b708be03bc11c3abe621a5fb3d30,c3af34e7307ac63f1d6b15fbeb29e0ec,both_added,added,added,,
7f59b708be03bc11c3abe621a5fb3d30,cfb1eccb6a0098d66806fb128fe799bf,both_added,added,added,,
7f59b708be03bc11c3abe621a5fb3d30,d051badb3ec26d22931f36515ac34081,both_added,added,added,,
7f59b708be03bc11c3abe621a5fb3d30,d57844cfca2141f691b6bd239ffdf5c8,both_added,added,added,,
7f59b708be03bc11c3abe621a5fb3d30,d6e35a94b47b2006697f25118a40b150,both_added,added,added,,
7f59b708be03bc11c3abe621a5fb3d30,da7e79277f1ed625300a3db6f5f8a1a4,both_added,added,added,,
7f59b708be03bc11c3abe621a5fb3d30,e079a6ef12cd3063c4f72776682cc645,both_added,added,added,,
7f59b708be03bc11c3abe621a5fb3d30,e7ff88c357c33e69d8773479aeb0cf0e,both_added,added,added,,
7f59b708be03bc11c3abe621a5fb3d30,e9bf1396c1a1cd4d9f9b959e94071271,both_added,added,added,,
7f59b708be03bc11c3abe621a5fb3d30,f7ac4ea59a26952f9abae99254116042,both_added,added,added,,
7f59b708be03bc11c3abe621a5fb3d30,fb84e80c9418312f2f13b209bc655d52,both_added,added,added,,
7f59b708be03bc11c3abe621a5fb3d30,fda369cd62d9f205f3d65805e7757216,both_added,added,added,,
7f59b708be03bc11c3abe621a5fb3d30,ffcedcb56d0c62d515cd0493970966c0,both_added,added,added,,
7f9c5d3b1f5d3594089af3f68e0a5d78,abb5c87b5e80d3980d041972a0fde583,method_b_added,exact,added,1.0,
7f9cc4e8b4e3bfb57f7ea2bb9f6245d3,cd638a40e8addcb55430bc2c596b6fdf,pair_formed_by_refactoring,exact,signature_changed,1.0,1.0
7fe9982e45ece36e7f5f6efc9d97e4f5,963638552aecbaf544648d434b693635,pair_formed_naturally,exact,exact,1.0,1.0
7fe9982e45ece36e7f5f6efc9d97e4f5,da6a8aae440567e3b87599250cfc9daf,pair_formed_naturally,exact,exact,1.0,1.0
7fe9982e45ece36e7f5f6efc9d97e4f5,fb56b8b200a9866d5a5577e16c817de0,pair_formed_naturally,exact,exact,1.0,1.0
7ff30037b089bd1e595b1896599b6e39,8b595db68871ee1341b2c28d8dc6d999,method_b_added,exact,added,1.0,
800bfa9e7c9c59fe63cece7fa1d2a0aa,ce7803b318a3a52cf7c6dcacef21c7f1,pair_formed_naturally,exact,exact,1.0,1.0
801f93306519c92e83f49352212bc913,a2e7dfd369c89db3ff9d202c68b2b78c,pair_formed_naturally,exact,exact,1.0,1.0
801f93306519c92e83f49352212bc913,c5254c71164adf7cc932eba27a83c4e9,pair_formed_naturally,exact,exact,1.0,1.0
8048858f4b92de04710d758da39a0a58,9830ab6cdb05dbbdbb54b17637c57ae3,pair_formed_by_refactoring,signature_changed,signature_changed,0.9,0.88
8048858f4b92de04710d758da39a0a58,bdf2b42baeea4c2eaa6f74dc9af1a786,pair_formed_by_refactoring,signature_changed,exact,0.9,1.0
8048858f4b92de04710d758da39a0a58,d6e1266ba97db0a6254aef837638999c,pair_formed_by_refactoring,signature_changed,signature_changed,0.9,0.91
804d80c65414cafaa0cd45850c448ece,81758dea0eca899bf08ac9ff379f0f30,both_added,added,added,,
804d80c65414cafaa0cd45850c448ece,9dd5a3de5e46e49541b729e4f601e0c9,both_added,added,added,,
80815ba3c17cac6b786400d728f2c0e2,ef3053b10907c50bd5d1abd6973e689d,pair_formed_naturally,exact,exact,1.0,1.0
80d53e251b5bf08896b75629ec0a919c,abb849ab076d28a1d751641a7f57797b,pair_formed_naturally,unknown,unknown,,
80d53e251b5bf08896b75629ec0a919c,eecdbfbdf18397c080054695eec43d80,pair_formed_naturally,unknown,exact,,1.0
80d874a8f40b60e98c01fa7c861fbb12,cbddf3fcada90b0e0382e43c872af1f6,both_added,added,added,,
8104c1fd33d32f08fb34b45f93885c81,de7e97f07df2fc21edbdc76839a0f1e2,pair_formed_naturally,exact,exact,1.0,1.0
8104c1fd33d32f08fb34b45f93885c81,e448c4cd1a0e7ba210acf8358895e6eb,pair_formed_naturally,exact,exact,1.0,1.0
8104c1fd33d32f08fb34b45f93885c81,e8ba27d37963c50e801a8f61211cbb12,pair_formed_naturally,exact,exact,1.0,1.0
815d78ee60f07e249989f2f3efe9f657,879f696e6c6b8a65d754b93c90e881ec,pair_formed_naturally,exact,exact,1.0,1.0
815d78ee60f07e249989f2f3efe9f657,a8dc21d6275fc7a31bf7e0a86de2e887,pair_formed_naturally,exact,exact,1.0,1.0
815d78ee60f07e249989f2f3efe9f657,f3be6dfbe3f38635608cd806949eec80,pair_formed_naturally,exact,exact,1.0,1.0
815db6a52db8e1e1ce286e0ff33701da,af4577dababe0257287e67e94412a0b7,pair_formed_by_refactoring,signature_changed,exact,0.99,1.0
816ea49b6bc108e57414e2233dcbeb59,bd6ea6703c5bc8f83ea8ac69d39da502,both_added,added,added,,
81758dea0eca899bf08ac9ff379f0f30,9dd5a3de5e46e49541b729e4f601e0c9,both_added,added,added,,
819938c0468eea7669a25b571c2a841d,bab09ec669df9914561104286f6d3f9f,method_b_added,exact,added,1.0,
819938c0468eea7669a25b571c2a841d,f43d862f762bba5c9b1fddd4a6081faa,method_b_added,exact,added,1.0,
81d381542d6a865183828760d3cf4b82,929bf9bae6be91ab859c08caacf8cd9e,pair_formed_naturally,exact,exact,1.0,1.0
81f825e236c6d5e0cf7efe2cae510f73,b5213162c6f68d65679346d31d0c4da8,pair_formed_naturally,exact,exact,1.0,1.0
822f2b77e3f3ecd0ef3e02bcce4fafdc,ccd96d8afc93492b671ddcb9802bdaa8,method_a_added,added,exact,,1.0
82ecd94c9830816c7dfdbf8f36ecbdd6,9d8b25077904644a798b2e3d7c11047a,pair_formed_naturally,exact,exact,1.0,1.0
82ecd94c9830816c7dfdbf8f36ecbdd6,ef3053b10907c50bd5d1abd6973e689d,pair_formed_naturally,exact,exact,1.0,1.0
82fcf12baca3de3e8da5735949a4adfd,963cbc81876cacf360bbff584a1f6399,method_a_added,added,unknown,,
82fcf12baca3de3e8da5735949a4adfd,9e6693117d76236ee85013b22c3e3b00,both_added,added,added,,
82fcf12baca3de3e8da5735949a4adfd,9e7fd77ff440d3e41c825039ded311bd,method_a_added,added,signature_changed,,0.98
82fcf12baca3de3e8da5735949a4adfd,a8badf410effa945d4df0d2c048df905,method_a_added,added,signature_changed,,0.98
82fcf12baca3de3e8da5735949a4adfd,b69ae1a77b22122bdfb4b5be80105401,both_added,added,added,,
82fcf12baca3de3e8da5735949a4adfd,c00cd348b70c2224ae7d353064796aa8,both_added,added,added,,
82fcf12baca3de3e8da5735949a4adfd,f78adf691e39fae1a372fecbe4e7c2e3,method_a_added,added,unknown,,
83288dfa72d36268bc0471e0b24523fd,8a3dafd143557d0abd7d8facedab5b17,pair_formed_by_refactoring,signature_changed,signature_changed,0.92,0.93
8391907aa775ce0ae8354e54e168c7e9,c8c2823ae89c23345d8886e842bbcd6f,pair_formed_by_refactoring,signature_changed,exact,0.94,1.0
83d75342bda538bf9b286ceda586cfef,9826fd664df04bcff3c0588fe816c846,pair_formed_naturally,exact,exact,1.0,1.0
83d75342bda538bf9b286ceda586cfef,c633a30dd4029a641a7d9b4d2a23098e,pair_formed_naturally,exact,exact,1.0,1.0
83d75342bda538bf9b286ceda586cfef,e97b68fe7ffb60ee308e32b087479a8c,pair_formed_naturally,exact,exact,1.0,1.0
840e4ab16b61500b188ac18cc54a9186,b3b792765b26e84fb940154634c0fba3,pair_formed_naturally,exact,exact,1.0,1.0
841ce82d25feb7b787d1057e9fc4ad8d,860426eed0c2484ab6a285a03552da1f,pair_formed_naturally,exact,exact,1.0,1.0
84361364d174b3e028351b404e2c0bbc,dec26118e1b870c14d0255e62f629a4c,pair_formed_naturally,exact,exact,1.0,1.0
844795be0a2e112193e73b5a7e1af466,cfb1eccb6a0098d66806fb128fe799bf,method_b_added,exact,added,1.0,
8449b813aaf1ae782dfa432fb8099a75,c74b1c865a8c63cde42a1d6f3cbb1a52,pair_formed_naturally,exact,exact,1.0,1.0
84869f07cc36a7dd1bab34bc6daf96b0,abb5c87b5e80d3980d041972a0fde583,method_b_added,exact,added,1.0,
848cc34d634892c33464d56a91b27d31,867a312ce5320ce4d6f665f8c3b5a25c,both_added,added,added,,
848cc34d634892c33464d56a91b27d31,9ed6c4a94ab3e55aec855688eb9af892,both_added,added,added,,
848cc34d634892c33464d56a91b27d31,9f97ad616ecec19c84301474da53b1e9,both_added,added,added,,
848cc34d634892c33464d56a91b27d31,b55e54f8f1e0e7c199eba82e5596b366,both_added,added,added,,
848cc34d634892c33464d56a91b27d31,f97eb40d7cb98c2ec9244b3196a2c0a0,both_added,added,added,,
84a299a8ac8fd31485b937f6344a8b5d,cdb8e9db0d19e6660ded18c674a79098,pair_formed_naturally,exact,exact,1.0,1.0
84a299a8ac8fd31485b937f6344a8b5d,f96763ff6b5bfc3f420e137d5c6a2da3,pair_formed_naturally,exact,exact,1.0,1.0
84a2bd102fc46de8dc94cfe9b032dcc5,a2d721542ed1ddff3b3fe61ef2f020e6,both_added,added,added,,
84b9d6ebdd54379c658d5d6d554b68c0,c26b95e4619c642abc7df750bcdfdadd,method_b_added,signature_changed,added,0.98,
84b9d6ebdd54379c658d5d6d554b68c0,d3c398dd9eb3eb3fa48171defb4f83ee,method_b_added,signature_changed,added,0.98,
8508ae154e257c3a3145bf2f08945b47,afdf461caa3642af864b56f808e5b2a2,pair_formed_by_refactoring,exact,signature_changed,1.0,0.98
8508ae154e257c3a3145bf2f08945b47,ea1fe8fab061e9151910d741e3fb53b4,pair_formed_by_refactoring,exact,signature_changed,1.0,0.97
8512a62141a02254aaff2329f088d19b,d85bc32de55387539c7c9a511abd4129,method_b_added,exact,added,1.0,
8512a62141a02254aaff2329f088d19b,da7d9ba9f6a249f050179641b56dfa42,pair_formed_naturally,exact,exact,1.0,1.0
85297767ba3a994849e195c0a3f00b89,929a29822abed393abd74be01743a2c2,both_added,added,added,,
85297767ba3a994849e195c0a3f00b89,99261a993fe00156764686e6183e8f64,both_added,added,added,,
85297767ba3a994849e195c0a3f00b89,bda0e7d94d52f58b6e5623cdcd10282e,both_added,added,added,,
85297767ba3a994849e195c0a3f00b89,c1848fc42fb66eed0315371ff3e5b1b8,both_added,added,added,,
85297767ba3a994849e195c0a3f00b89,c25052a98d9cf55c9b0ccb0d6d3ff00e,both_added,added,added,,
85297767ba3a994849e195c0a3f00b89,c3af34e7307ac63f1d6b15fbeb29e0ec,both_added,added,added,,
85297767ba3a994849e195c0a3f00b89,d6e35a94b47b2006697f25118a40b150,both_added,added,added,,
85297767ba3a994849e195c0a3f00b89,e9bf1396c1a1cd4d9f9b959e94071271,both_added,added,added,,
85297767ba3a994849e195c0a3f00b89,f7ac4ea59a26952f9abae99254116042,both_added,added,added,,
85297767ba3a994849e195c0a3f00b89,fda369cd62d9f205f3d65805e7757216,both_added,added,added,,
852f381a9e66d2c047e66d66ee3b6628,da7a1b6b5f728c8dd2eefa4a1c92643c,pair_formed_naturally,exact,exact,1.0,1.0
85c3fe821e43209eab5111553ab0801e,c07d948bed611f6144628d5913f8f908,pair_formed_naturally,exact,exact,1.0,1.0
861de8a254c3432d1cb3f5a046e11ce5,fcd11db91df124aca94c399e5133c0a5,pair_formed_naturally,exact,exact,1.0,1.0
862373b11d5e2ff07e25192f2a94fddb,90d94c890da09d06736cb8e47f72bbcf,pair_formed_naturally,exact,exact,1.0,1.0
862373b11d5e2ff07e25192f2a94fddb,aff277b10cf80240133d45ed0d561f3e,pair_formed_naturally,exact,exact,1.0,1.0
864e4a591336aee79d5ff5cdfdc4226f,c6b3301b77f184cb4d6f6e46cacff30c,pair_formed_naturally,exact,exact,1.0,1.0
867a312ce5320ce4d6f665f8c3b5a25c,9ed6c4a94ab3e55aec855688eb9af892,both_added,added,added,,
867a312ce5320ce4d6f665f8c3b5a25c,9f97ad616ecec19c84301474da53b1e9,both_added,added,added,,
867a312ce5320ce4d6f665f8c3b5a25c,b55e54f8f1e0e7c199eba82e5596b366,both_added,added,added,,
867a312ce5320ce4d6f665f8c3b5a25c,d94abc308f54af93bbdde0a2fcb703c3,both_added,added,added,,
867a312ce5320ce4d6f665f8c3b5a25c,de02b943529137359129494fa4c891d0,both_added,added,added,,
867a312ce5320ce4d6f665f8c3b5a25c,f4deb3f50ea83bdf3928a0596d517b4a,both_added,added,added,,
867a312ce5320ce4d6f665f8c3b5a25c,f97eb40d7cb98c2ec9244b3196a2c0a0,both_added,added,added,,
867a312ce5320ce4d6f665f8c3b5a25c,fe165ba2bf445893d15bb207424d673c,both_added,added,added,,
8691e2d3d42aff803598329678790a77,de6dc89abe84aff58ce699b45064a63b,method_a_added,added,exact,,1.0
86ae178d9cd3492c44031f3a3e168a24,b478018d3700d80c574d016893916e62,pair_formed_naturally,exact,exact,1.0,1.0
86b5641f43e69dbf1c3a3ce26357ccf6,cd23fd7ef27e4717c64fa2e21f555470,method_a_added,added,signature_changed,,1.0
86c496566e6e15ef68f73ffe839f01af,df1af58d2919009bbb912b3dd34fc487,method_a_added,added,exact,,1.0
87097d7f47973ed053f5629fe5c0d90e,de945550c791016b2f1501ee23b1ee39,pair_formed_naturally,exact,exact,1.0,1.0
8748cf20f2bff52cb7fa6d5db8c0833d,c26b95e4619c642abc7df750bcdfdadd,both_added,added,added,,
8748cf20f2bff52cb7fa6d5db8c0833d,d3c398dd9eb3eb3fa48171defb4f83ee,both_added,added,added,,
8748cf20f2bff52cb7fa6d5db8c0833d,e65cee3e0c862e70795724520088f960,both_added,added,added,,
8766b2f358d4ae05ef53698cc0fd5a21,92605f8485a6255e444e8e34862ac3a2,pair_formed_by_refactoring,signature_changed,signature_changed,0.92,0.9
8766b2f358d4ae05ef53698cc0fd5a21,9acd0171183031bf61f75086e0c038f9,pair_formed_by_refactoring,signature_changed,signature_changed,0.92,0.96
877a3aa3de66f0a79d0a6e302dca0e5e,8afe1e28a7dd08b77031e17612da86d7,both_added,added,added,,
877a3aa3de66f0a79d0a6e302dca0e5e,b90544a45383e3a8595788c8c9e6e036,both_added,added,added,,
877a3aa3de66f0a79d0a6e302dca0e5e,cca2d0eb01fa5004d7e088bab5782876,both_added,added,added,,
879f696e6c6b8a65d754b93c90e881ec,9d8b25077904644a798b2e3d7c11047a,pair_formed_naturally,exact,exact,1.0,1.0
879f696e6c6b8a65d754b93c90e881ec,a8dc21d6275fc7a31bf7e0a86de2e887,pair_formed_naturally,exact,exact,1.0,1.0
879f696e6c6b8a65d754b93c90e881ec,ca4d879cd7f13083e607799203977cc4,pair_formed_naturally,exact,exact,1.0,1.0
879f696e6c6b8a65d754b93c90e881ec,d03e46853866d047699b84faed0f2205,pair_formed_naturally,exact,exact,1.0,1.0
879f696e6c6b8a65d754b93c90e881ec,ef3053b10907c50bd5d1abd6973e689d,pair_formed_naturally,exact,exact,1.0,1.0
879f696e6c6b8a65d754b93c90e881ec,f3be6dfbe3f38635608cd806949eec80,pair_formed_naturally,exact,exact,1.0,1.0
87b603850d07defe004f58fa87aea987,fa92e703db6a740bf045037bffb65b31,pair_formed_by_refactoring,signature_changed,exact,1.0,1.0
883044362bca2479a4befd6fb492c183,d54d15d5d4543c4ea2b36f4657e9518d,pair_formed_by_refactoring,exact,signature_changed,1.0,1.0
883a3476ae0302b742fd28ce16b317ee,a83c8e50d89771f2b4326dfcf0ad300b,both_added,added,added,,
88c40c0c362f441ad130b5e7324ab367,dff035a34d9755e6ea04eefb6e6cf8d9,both_added,added,added,,
88f861d78f7d099911d04c50582d4cae,a83c8e50d89771f2b4326dfcf0ad300b,both_added,added,added,,
89d89960ecccc6e605f07d2461689e87,de1d32db5aaf424ac65ac0ea5cc20400,both_added,added,added,,
89f5be5a4ccea507ff6796cf92fb6ba4,8cad7cb2b43210f5d783ccd5c767a2e0,pair_formed_naturally,unknown,exact,,1.0
89f5be5a4ccea507ff6796cf92fb6ba4,bbd552d4ef9aeb85b9025767bb88858e,pair_formed_naturally,unknown,exact,,1.0
89f5be5a4ccea507ff6796cf92fb6ba4,bd666cb26ae417d7c92c2824d6b504d6,pair_formed_naturally,unknown,unknown,,
89ff90613f36c18e0f1479db9ff16e40,de4326733a14f65f080fdb835cdb7336,pair_formed_naturally,exact,exact,1.0,1.0
89ff90613f36c18e0f1479db9ff16e40,e4847600a0a60d506a3caf963609e849,pair_formed_naturally,exact,exact,1.0,1.0
8aee710d7257fc9203eda1f3c165afac,dc45c51bf709f5d02b652603d2e58722,pair_formed_by_refactoring,moved,refactored,0.91,0.87
8afe1e28a7dd08b77031e17612da86d7,b90544a45383e3a8595788c8c9e6e036,both_added,added,added,,
8afe1e28a7dd08b77031e17612da86d7,cca2d0eb01fa5004d7e088bab5782876,both_added,added,added,,
8b43a78dd5424f857028a40d50465081,9cefd806cfbdacbf94d0decd4f72f20f,pair_formed_by_refactoring,exact,signature_changed,1.0,1.0
8ba6e044a6a98cfb7263faf7baa58200,c318fdc92690868862acb32aa6fd6ca8,method_b_added,exact,added,1.0,
8bb00f2ecbb9513c25186d2d57e5c5cd,ed8bb356d323669a496fbc13a55440cd,pair_formed_naturally,exact,exact,1.0,1.0
8bb52db0d1ea5185f07d62cb31d2ad87,bc84a2a23f9c30aa600319a5834ccef6,both_added,added,added,,
8bb52db0d1ea5185f07d62cb31d2ad87,e4ee531dbb76f757df9967c6453ca190,both_added,added,added,,
8bb52db0d1ea5185f07d62cb31d2ad87,e6f9088eece422b7fe8b38bd67384af7,both_added,added,added,,
8be3dbf88e9b0b17bef9349ca8326e4b,95403e18f9e45cd56b7a4aed546f855c,pair_formed_naturally,exact,exact,1.0,1.0
8be3dbf88e9b0b17bef9349ca8326e4b,984ebdcb3f568d9389b22851aad490de,pair_formed_naturally,exact,exact,1.0,1.0
8be3dbf88e9b0b17bef9349ca8326e4b,e09ab87ebbce3f3598f67290e5012ed1,pair_formed_naturally,exact,exact,1.0,1.0
8be3dbf88e9b0b17bef9349ca8326e4b,eef7ab58691ad89d2b3d2b048f07a54b,pair_formed_naturally,exact,exact,1.0,1.0
8c36339542ceb0ab42dfba47a23b11c2,f557238fee00807ea3b8cd2f0d318b6e,pair_formed_naturally,exact,exact,1.0,1.0
8c46944936a663b2745101e045482dd6,b5f838b9318cc742bda0e58dd8b367ef,pair_formed_by_refactoring,signature_changed,signature_changed,1.0,0.96
8c624776ab0d89e0ba9149ea3646bf11,92f04b56f3b87018a39c39fccb96c99f,pair_formed_by_refactoring,signature_changed,signature_changed,1.0,1.0
8c624776ab0d89e0ba9149ea3646bf11,b560f4cddb07971ccca5ca8e95978d82,pair_formed_by_refactoring,signature_changed,signature_changed,1.0,1.0
8c624776ab0d89e0ba9149ea3646bf11,b7ba8d82fb4e049e643b4af8bb0d8593,pair_formed_by_refactoring,signature_changed,signature_changed,1.0,0.98
8c624776ab0d89e0ba9149ea3646bf11,d554a02d3198f76f83bcd35917f64ccd,pair_formed_by_refactoring,signature_changed,signature_changed,1.0,1.0
8c624776ab0d89e0ba9149ea3646bf11,d5d28089a0e9c6c92695076654fa4182,pair_formed_by_refactoring,signature_changed,signature_changed,1.0,0.98
8c624776ab0d89e0ba9149ea3646bf11,e12d6c9df3e4c266743554920dcb6d91,pair_formed_by_refactoring,signature_changed,signature_changed,1.0,1.0
8c624776ab0d89e0ba9149ea3646bf11,eb89ae8e8f2567b25de9ff32aca131ca,pair_formed_by_refactoring,signature_changed,signature_changed,1.0,1.0
8cad7cb2b43210f5d783ccd5c767a2e0,bbd552d4ef9aeb85b9025767bb88858e,pair_formed_naturally,exact,exact,1.0,1.0
8cf818320ca5ed77c135a2f1a50a66a7,929a29822abed393abd74be01743a2c2,both_added,added,added,,
8cf818320ca5ed77c135a2f1a50a66a7,98062190bc921063dc069278b6c6ec68,both_added,added,added,,
8cf818320ca5ed77c135a2f1a50a66a7,a44a2bc3ac19033aec942126cd6e946c,both_added,added,added,,
8cf818320ca5ed77c135a2f1a50a66a7,af4b5e354263b1fa8ce9ee78b78933bd,both_added,added,added,,
8cf818320ca5ed77c135a2f1a50a66a7,bbd9f38a8529b1400892ae64a60ccb53,both_added,added,added,,
8cf818320ca5ed77c135a2f1a50a66a7,bd9430e8a21d0868b94c3e3645ededc8,both_added,added,added,,
8cf818320ca5ed77c135a2f1a50a66a7,bda0e7d94d52f58b6e5623cdcd10282e,both_added,added,added,,
8cf818320ca5ed77c135a2f1a50a66a7,bf4e9fe513e6e8612215b9673cca5c2b,both_added,added,added,,
8cf818320ca5ed77c135a2f1a50a66a7,c1848fc42fb66eed0315371ff3e5b1b8,both_added,added,added,,
8cf818320ca5ed77c135a2f1a50a66a7,c25052a98d9cf55c9b0ccb0d6d3ff00e,both_added,added,added,,
8cf818320ca5ed77c135a2f1a50a66a7,c3af34e7307ac63f1d6b15fbeb29e0ec,both_added,added,added,,
8cf818320ca5ed77c135a2f1a50a66a7,cfb1eccb6a0098d66806fb128fe799bf,both_added,added,added,,
8cf818320ca5ed77c135a2f1a50a66a7,d051badb3ec26d22931f36515ac34081,both_added,added,added,,
8cf818320ca5ed77c135a2f1a50a66a7,d57844cfca2141f691b6bd239ffdf5c8,both_added,added,added,,
8cf818320ca5ed77c135a2f1a50a66a7,d6e35a94b47b2006697f25118a40b150,both_added,added,added,,
8cf818320ca5ed77c135a2f1a50a66a7,da7e79277f1ed625300a3db6f5f8a1a4,both_added,added,added,,
8cf818320ca5ed77c135a2f1a50a66a7,e079a6ef12cd3063c4f72776682cc645,both_added,added,added,,
8cf818320ca5ed77c135a2f1a50a66a7,e7ff88c357c33e69d8773479aeb0cf0e,both_added,added,added,,
8cf818320ca5ed77c135a2f1a50a66a7,e9bf1396c1a1cd4d9f9b959e94071271,both_added,added,added,,
8cf818320ca5ed77c135a2f1a50a66a7,f7ac4ea59a26952f9abae99254116042,both_added,added,added,,
8cf818320ca5ed77c135a2f1a50a66a7,fb84e80c9418312f2f13b209bc655d52,both_added,added,added,,
8cf818320ca5ed77c135a2f1a50a66a7,fda369cd62d9f205f3d65805e7757216,both_added,added,added,,
8cf818320ca5ed77c135a2f1a50a66a7,ffcedcb56d0c62d515cd0493970966c0,both_added,added,added,,
8d1904c267c17bf803a57e218332341d,ebc15c32e768eeb3bc45190c2b42f73b,pair_formed_naturally,exact,exact,1.0,1.0
8daa2af486750233baa007f5f8fa0264,9f54cbff394cdabf143b1948bd541015,pair_formed_naturally,exact,exact,1.0,1.0
8dadf628d3c1f0993229af709f22069e,915a7d2ee3e4e5fe9142544114f0d936,both_added,added,added,,
8dadf628d3c1f0993229af709f22069e,cbddf3fcada90b0e0382e43c872af1f6,both_added,added,added,,
8dadf628d3c1f0993229af709f22069e,d861c5d33e7bf1cea5887ce5b709ea79,both_added,added,added,,
8e172cb357cde5f6f1a6de802b5019cf,d200793c07c1368b296b36e8c6040398,pair_formed_naturally,exact,exact,1.0,1.0
8e23c01d8790b5cea05e36a00a7ae666,974036777029092b715f2d72521f5e8c,method_b_added,exact,added,1.0,
8e23c01d8790b5cea05e36a00a7ae666,c318fdc92690868862acb32aa6fd6ca8,method_b_added,exact,added,1.0,
8e23c01d8790b5cea05e36a00a7ae666,d955ae78b0fb617165d7e60cd98e42cf,method_b_added,exact,added,1.0,
8e29f4ee172cad99b1f8504afb5f3220,f6e396a15c1fc2c03eb9c7726a346ecb,method_b_added,exact,added,1.0,
8ee09c842cfff9e6609e740cbbcf583e,926b161bf44399956d1932c44cd25fde,pair_formed_by_refactoring,signature_changed,signature_changed,0.92,0.98
8ee770151edc57db88cf4d9a9abbe0c2,ebdb5bb7f20a7f3975b809b36e707a99,pair_formed_naturally,exact,exact,1.0,1.0
8f4a216c8f8cb9cf1ed8b2ae8afd693c,90d2adaf51f7d679d11f062070472790,method_a_added,added,unknown,,
8f4a216c8f8cb9cf1ed8b2ae8afd693c,d552e2521b1e154e4530b18950d32230,method_a_added,added,exact,,1.0
8f6a432e95b8c7386377ec8dd5b1ab89,e798878f1b99275d87a1a472472f3a87,pair_formed_by_refactoring,signature_changed,exact,1.0,1.0
8f6cac597480b164d1d8fb2ddd87bb39,92f3855d7ff28b98f100ef064a6589f0,pair_formed_naturally,unknown,unknown,,
8f91cd2920636003dd66b6d1ed4266b2,e3fac9032bd1203208b536944f6d9e1c,pair_formed_naturally,exact,exact,1.0,1.0
8fae441e8232c53ac5b3c3e913da5124,ff3fdcad790d37e64e813bbb6e0f59ee,method_b_added,exact,added,1.0,
8fda3f94c9911123d3c480508616f91d,bba1b402a187cd21ea0a5934f4ff128f,pair_formed_naturally,exact,exact,1.0,1.0
900842389d4f8d4d255147e6b9a1e09d,a0d2418b7621162a37fcc0f02a6ed25b,method_a_added,added,unknown,,
9015a005ca6187e7dc4fd135bb092930,ea6bdcb8025e43d11ade8a5ec8b591f3,both_added,added,added,,
904c6e73c3139d94a5395d0ed9cbea3f,a342849590daa73b634ecf9bae2c9fa5,method_a_added,added,exact,,1.0
90e7898b68732eb422f35a2b680a2c46,d564911ce8f6e1f8df7f940d6e42b443,pair_formed_naturally,exact,exact,1.0,1.0
90fab06cc01c24f9fc60a2e84cc96651,bd22bc2b72039260b0bfedccd9286634,pair_formed_naturally,exact,exact,1.0,1.0
910c6251cb4ccb0d97154438ffe1ceb5,c13f2516697c4d7c7c3e5c230a77197e,method_a_added,added,unknown,,
910c6251cb4ccb0d97154438ffe1ceb5,c5a72a318ac0c190d3fe9d3b97f5ba62,method_a_added,added,unknown,,
910c6251cb4ccb0d97154438ffe1ceb5,d6d6c0810cbd7f94127b32aa11b18fdc,both_added,added,added,,
910c6251cb4ccb0d97154438ffe1ceb5,edda894e130693e415f4972f242567ad,method_a_added,added,unknown,,
910c6251cb4ccb0d97154438ffe1ceb5,f32651105c9bfb2580594981576891e0,both_added,added,added,,
915a7d2ee3e4e5fe9142544114f0d936,cbddf3fcada90b0e0382e43c872af1f6,both_added,added,added,,
915a7d2ee3e4e5fe9142544114f0d936,d861c5d33e7bf1cea5887ce5b709ea79,both_added,added,added,,
9234dc92fbe61d5bbc3a40fb8a3b4b04,bc43d6821399946d7a1007789b360f06,pair_formed_naturally,exact,exact,1.0,1.0
926b161bf44399956d1932c44cd25fde,a2168b3b1efd34f26b7537f97db84889,pair_formed_by_refactoring,signature_changed,exact,0.98,1.0
9277f06eb65afd827bcfd4e67d41a506,e2259295c97a28b55c01dd1ccee10335,pair_formed_naturally,exact,exact,1.0,1.0
929a29822abed393abd74be01743a2c2,98062190bc921063dc069278b6c6ec68,both_added,added,added,,
929a29822abed393abd74be01743a2c2,99261a993fe00156764686e6183e8f64,both_added,added,added,,
929a29822abed393abd74be01743a2c2,a44a2bc3ac19033aec942126cd6e946c,both_added,added,added,,
929a29822abed393abd74be01743a2c2,bbd9f38a8529b1400892ae64a60ccb53,both_added,added,added,,
929a29822abed393abd74be01743a2c2,bd9430e8a21d0868b94c3e3645ededc8,both_added,added,added,,
929a29822abed393abd74be01743a2c2,bda0e7d94d52f58b6e5623cdcd10282e,both_added,added,added,,
929a29822abed393abd74be01743a2c2,bf4e9fe513e6e8612215b9673cca5c2b,both_added,added,added,,
929a29822abed393abd74be01743a2c2,c1848fc42fb66eed0315371ff3e5b1b8,both_added,added,added,,
929a29822abed393abd74be01743a2c2,c25052a98d9cf55c9b0ccb0d6d3ff00e,both_added,added,added,,
929a29822abed393abd74be01743a2c2,c3af34e7307ac63f1d6b15fbeb29e0ec,both_added,added,added,,
929a29822abed393abd74be01743a2c2,cfb1eccb6a0098d66806fb128fe799bf,both_added,added,added,,
929a29822abed393abd74be01743a2c2,d57844cfca2141f691b6bd239ffdf5c8,both_added,added,added,,
929a29822abed393abd74be01743a2c2,d655310acb9df0b74fa2764cf71ba588,both_added,added,added,,
929a29822abed393abd74be01743a2c2,d6e35a94b47b2006697f25118a40b150,both_added,added,added,,
929a29822abed393abd74be01743a2c2,da7e79277f1ed625300a3db6f5f8a1a4,both_added,added,added,,
929a29822abed393abd74be01743a2c2,e079a6ef12cd3063c4f72776682cc645,both_added,added,added,,
929a29822abed393abd74be01743a2c2,e7ff88c357c33e69d8773479aeb0cf0e,both_added,added,added,,
929a29822abed393abd74be01743a2c2,e9bf1396c1a1cd4d9f9b959e94071271,both_added,added,added,,
929a29822abed393abd74be01743a2c2,f7ac4ea59a26952f9abae99254116042,both_added,added,added,,
929a29822abed393abd74be01743a2c2,fda369cd62d9f205f3d65805e7757216,both_added,added,added,,
92afcb3664085be24afa75e0e0810248,a6544901375e90ac97e3105295fc5cfc,method_a_added,added,exact,,1.0
92afcb3664085be24afa75e0e0810248,c54ea69274906c6b098cff5360f11113,method_a_added,added,exact,,1.0
92f04b56f3b87018a39c39fccb96c99f,99266b38dd8df9f5d6d8beb14a0038ee,pair_formed_by_refactoring,signature_changed,signature_changed,1.0,1.0
92f04b56f3b87018a39c39fccb96c99f,b560f4cddb07971ccca5ca8e95978d82,pair_formed_by_refactoring,signature_changed,signature_changed,1.0,1.0
92f04b56f3b87018a39c39fccb96c99f,d554a02d3198f76f83bcd35917f64ccd,pair_formed_by_refactoring,signature_changed,signature_changed,1.0,1.0
92f04b56f3b87018a39c39fccb96c99f,e12d6c9df3e4c266743554920dcb6d91,pair_formed_by_refactoring,signature_changed,signature_changed,1.0,1.0
92f04b56f3b87018a39c39fccb96c99f,e935c1fd6cffb270214c37264e137271,pair_formed_by_refactoring,signature_changed,exact,1.0,1.0
92f04b56f3b87018a39c39fccb96c99f,eb89ae8e8f2567b25de9ff32aca131ca,pair_formed_by_refactoring,signature_changed,signature_changed,1.0,1.0
92f04b56f3b87018a39c39fccb96c99f,f166de7c43fcf5f1de935f5bf62498e6,pair_formed_by_refactoring,signature_changed,signature_changed,1.0,1.0
92f04b56f3b87018a39c39fccb96c99f,f1aa57e9fba6e9640f72bb08dfa32fe2,pair_formed_by_refactoring,signature_changed,signature_changed,1.0,0.97
92f04b56f3b87018a39c39fccb96c99f,fe4d451f78df4b2efac5fad1ac613fc9,pair_formed_by_refactoring,signature_changed,exact,1.0,1.0
9312ad37c6db0283302c10687173889b,9ead1557a30046d4cd4c7795cf208418,pair_formed_naturally,exact,exact,1.0,1.0
933fd7c4d9883e7c91017d2763749fc9,d6d429fdc67c301e05c1082a912d6b9c,pair_formed_naturally,exact,exact,1.0,1.0
93adc72bfb45cd8e095709e8035d8e33,d0d0fc3f2482fd25055452a420200a5b,pair_formed_by_refactoring,exact,signature_changed,1.0,1.0
93adc72bfb45cd8e095709e8035d8e33,e97b68fe7ffb60ee308e32b087479a8c,pair_formed_naturally,exact,exact,1.0,1.0
93bfe890926bc27576dbee4eb3feea80,efdf1d696730e2b046cd8bf9be23fca7,pair_formed_naturally,exact,unknown,1.0,
93c331163fb30a25a438b82a8d5c49ff,e82c730b17bf8cd92ca4e3f58ca824bb,pair_formed_by_refactoring,exact,signature_changed,1.0,0.94
9402dcde2d90b6700ca66604b3e7cd6b,b148b2ed7384b9689791377a73f6a5c0,pair_formed_naturally,exact,exact,1.0,1.0
9402dcde2d90b6700ca66604b3e7cd6b,ceceb99e84f5ba9f108af23e4fd2eb54,pair_formed_naturally,exact,exact,1.0,1.0
9414c2f9353ced7d4dae64dd68768857,ff21c20ef95aee79c3d3e5a9f8bd1200,pair_formed_by_refactoring,signature_changed,exact,1.0,1.0
944aad106aa504a2c5164d718ee83763,bc48b25d38e844268a75882a7000aaad,pair_formed_by_refactoring,signature_changed,signature_changed,0.97,0.97
944aad106aa504a2c5164d718ee83763,fcbd43b9d1c030e16f4cd8de5ec9b89c,pair_formed_by_refactoring,signature_changed,signature_changed,0.97,0.97
94a5f0283485dd767de6e5db5d95c3f5,fc085adf5682516dc3dd4f065097b25e,method_a_added,added,exact,,1.0
94cab546fc0922592224fc3f57b8bcf0,dc2c80f4da8e0943b841f07924b92ca7,pair_formed_naturally,exact,exact,1.0,1.0
94cc029bf563b684a0e9f8e63a111fc8,9badaeac22917f007f95fd8c51b6df62,pair_formed_by_refactoring,exact,signature_changed,1.0,1.0
94cc029bf563b684a0e9f8e63a111fc8,b56b73b61911ef0cee7da191b8d51151,pair_formed_by_refactoring,exact,signature_changed,1.0,1.0
94db0a22b054371ff4110c04abe0d5ad,a19f35397ae413008f8645e3df947725,pair_formed_naturally,exact,exact,1.0,1.0
95288efc79835ba8958c1166c290ac2a,a63d30d22682b536f0d5bcdccc93d6a8,both_added,added,added,,
9534c7d8569e726d7d2e10425ea9dbba,c2172557c6be5177ee0cb70a0c1efe68,pair_formed_by_refactoring,exact,renamed,1.0,0.97
95403e18f9e45cd56b7a4aed546f855c,984ebdcb3f568d9389b22851aad490de,pair_formed_naturally,exact,exact,1.0,1.0
955b1d84cac4410946ec493023592b36,b527e7fef01563774beda499befb9ced,pair_formed_by_refactoring,exact,signature_changed,1.0,1.0
95e77056a22e944f314ade351ac0b5c9,9ae60a2bd1dd54069ec51b8b1397adc8,pair_formed_by_refactoring,signature_changed,signature_changed,1.0,1.0
95e77056a22e944f314ade351ac0b5c9,a4a427b9eca642fc48c6f8f413121c3f,pair_formed_by_refactoring,signature_changed,signature_changed,1.0,1.0
95e77056a22e944f314ade351ac0b5c9,b7ba8d82fb4e049e643b4af8bb0d8593,pair_formed_by_refactoring,signature_changed,signature_changed,1.0,0.98
95e77056a22e944f314ade351ac0b5c9,cd24cdb801df5c63d97374903f9e649d,pair_formed_by_refactoring,signature_changed,signature_changed,1.0,1.0
95e77056a22e944f314ade351ac0b5c9,ce9296a44b9f8519ce4b624b815a3267,pair_formed_by_refactoring,signature_changed,signature_changed,1.0,1.0
95e77056a22e944f314ade351ac0b5c9,f7c41da2c45aa4a5e0d712065cd4cdb7,pair_formed_by_refactoring,signature_changed,signature_changed,1.0,0.97
95fd7b9c508e5d4440d4f10a313d03e6,abb5c87b5e80d3980d041972a0fde583,method_b_added,exact,added,1.0,
9617b9cea6204764c22722f5297a4e4f,fbef4c53111dd83a94f97a84cfaa9fad,pair_formed_by_refactoring,unknown,signature_changed,,0.99
9621e38b3a5fd35417102ce08d35a02a,fe409567e10e1cbe1d23b2e50166aacf,pair_formed_by_copy,exact,refactored,1.0,0.76
962f26ee5c9015b3fde6305a4ca9fb89,a09f39e2dee9828f96e8316ce2549334,both_added,added,added,,
962f26ee5c9015b3fde6305a4ca9fb89,df0625b5ef7e4df90670c679506e82ef,both_added,added,added,,
963638552aecbaf544648d434b693635,da6a8aae440567e3b87599250cfc9daf,pair_formed_naturally,exact,exact,1.0,1.0
963779293f08631b35b85e97c989bddb,f5c27528250f20a84498a9be00326ff7,method_a_added,added,renamed,,0.99
963cbc81876cacf360bbff584a1f6399,9e6693117d76236ee85013b22c3e3b00,method_b_added,unknown,added,,
963cbc81876cacf360bbff584a1f6399,9e7fd77ff440d3e41c825039ded311bd,pair_formed_by_refactoring,unknown,signature_changed,,0.98
963cbc81876cacf360bbff584a1f6399,a8badf410effa945d4df0d2c048df905,pair_formed_by_refactoring,unknown,signature_changed,,0.98
963cbc81876cacf360bbff584a1f6399,b69ae1a77b22122bdfb4b5be80105401,method_b_added,unknown,added,,
963cbc81876cacf360bbff584a1f6399,c00cd348b70c2224ae7d353064796aa8,method_b_added,unknown,added,,
963cbc81876cacf360bbff584a1f6399,f78adf691e39fae1a372fecbe4e7c2e3,pair_formed_naturally,unknown,unknown,,
9670f3b52697607c9f88a9c66dfc452b,c0e786e282eb8bf28f18add960f158ca,method_b_added,exact,added,1.0,
9670f3b52697607c9f88a9c66dfc452b,f0e0f88a9c14f7a09f40ae7949fccca2,method_b_added,exact,added,1.0,
96b965132e56c7906bd57c1d327e3a71,caba12576dfda42e744d85238052a044,pair_formed_naturally,exact,exact,1.0,1.0
96b965132e56c7906bd57c1d327e3a71,cc8768eddc24a04865d3dcc7b14f7e2b,pair_formed_naturally,exact,exact,1.0,1.0
96e055469968fa9db07227191e36dd5b,98fdb8c4709b06e22e893c3303af34e8,pair_formed_naturally,exact,exact,1.0,1.0
96e055469968fa9db07227191e36dd5b,a7d8d94017403e5ddabec6d0ed85dd41,pair_formed_naturally,exact,exact,1.0,1.0
97d5e0d058293c3bb291dba5349884a0,abb849ab076d28a1d751641a7f57797b,pair_formed_naturally,exact,unknown,1.0,
97d76de5a2d0f35835a3bfb4e71e53d3,ff465f595801cf0e9e6153d535599412,pair_formed_naturally,exact,exact,1.0,1.0
98062190bc921063dc069278b6c6ec68,a44a2bc3ac19033aec942126cd6e946c,both_added,added,added,,
98062190bc921063dc069278b6c6ec68,af4b5e354263b1fa8ce9ee78b78933bd,both_added,added,added,,
98062190bc921063dc069278b6c6ec68,bbd9f38a8529b1400892ae64a60ccb53,both_added,added,added,,
98062190bc921063dc069278b6c6ec68,bd9430e8a21d0868b94c3e3645ededc8,both_added,added,added,,
98062190bc921063dc069278b6c6ec68,bda0e7d94d52f58b6e5623cdcd10282e,both_added,added,added,,
98062190bc921063dc069278b6c6ec68,bf4e9fe513e6e8612215b9673cca5c2b,both_added,added,added,,
98062190bc921063dc069278b6c6ec68,c1848fc42fb66eed0315371ff3e5b1b8,both_added,added,added,,
98062190bc921063dc069278b6c6ec68,c25052a98d9cf55c9b0ccb0d6d3ff00e,both_added,added,added,,
98062190bc921063dc069278b6c6ec68,c3af34e7307ac63f1d6b15fbeb29e0ec,both_added,added,added,,
98062190bc921063dc069278b6c6ec68,cfb1eccb6a0098d66806fb128fe799bf,both_added,added,added,,
98062190bc921063dc069278b6c6ec68,d051badb3ec26d22931f36515ac34081,both_added,added,added,,
98062190bc921063dc069278b6c6ec68,d57844cfca2141f691b6bd239ffdf5c8,both_added,added,added,,
98062190bc921063dc069278b6c6ec68,d6e35a94b47b2006697f25118a40b150,both_added,added,added,,
98062190bc921063dc069278b6c6ec68,da7e79277f1ed625300a3db6f5f8a1a4,both_added,added,added,,
98062190bc921063dc069278b6c6ec68,e079a6ef12cd3063c4f72776682cc645,both_added,added,added,,
98062190bc921063dc069278b6c6ec68,e7ff88c357c33e69d8773479aeb0cf0e,both_added,added,added,,
98062190bc921063dc069278b6c6ec68,e9bf1396c1a1cd4d9f9b959e94071271,both_added,added,added,,
98062190bc921063dc069278b6c6ec68,f7ac4ea59a26952f9abae99254116042,both_added,added,added,,
98062190bc921063dc069278b6c6ec68,fb84e80c9418312f2f13b209bc655d52,both_added,added,added,,
98062190bc921063dc069278b6c6ec68,fda369cd62d9f205f3d65805e7757216,both_added,added,added,,
98062190bc921063dc069278b6c6ec68,ffcedcb56d0c62d515cd0493970966c0,both_added,added,added,,
981af5313ae3c4a20d9ddb4573108dac,9952208e7ea24e9d2d5561742db09192,method_b_added,exact,added,1.0,
982e847679afdab0f4d2f1a9f0441a13,d4dd96ab6e6fbd2e17647910c92f4512,pair_formed_naturally,exact,exact,1.0,1.0
9830ab6cdb05dbbdbb54b17637c57ae3,ae51faa92470d47b33088bab6136e2b3,pair_formed_by_refactoring,signature_changed,signature_changed,0.88,0.94
9830ab6cdb05dbbdbb54b17637c57ae3,d6e1266ba97db0a6254aef837638999c,pair_formed_by_refactoring,signature_changed,signature_changed,0.88,0.91
9830ab6cdb05dbbdbb54b17637c57ae3,f6384ef959c037e8210b3514275b5db8,pair_formed_by_refactoring,signature_changed,signature_changed,0.88,0.88
984ebdcb3f568d9389b22851aad490de,eef7ab58691ad89d2b3d2b048f07a54b,pair_formed_naturally,exact,exact,1.0,1.0
986d1bebf9bd20ea9c4f3145e2b1f64d,be4b4254ff070c9df5f8a4f922f3266b,method_a_added,added,exact,,1.0
986d1bebf9bd20ea9c4f3145e2b1f64d,dc2d893f3a213ba8347e841ee3603faa,method_a_added,added,exact,,1.0
986d1bebf9bd20ea9c4f3145e2b1f64d,f43d862f762bba5c9b1fddd4a6081faa,both_added,added,added,,
98a4b49318a55c1217c78b9db1724b55,e6822f2f355531d5bd853662e877d758,pair_formed_naturally,exact,exact,1.0,1.0
98fdb8c4709b06e22e893c3303af34e8,a7d8d94017403e5ddabec6d0ed85dd41,pair_formed_naturally,exact,exact,1.0,1.0
990d0b2e7701ffeceebcd8ea3c255360,ef8e863afda0721b7e4f4fe9c92dab3b,method_b_added,exact,added,1.0,
99261a993fe00156764686e6183e8f64,bda0e7d94d52f58b6e5623cdcd10282e,both_added,added,added,,
99261a993fe00156764686e6183e8f64,c1848fc42fb66eed0315371ff3e5b1b8,both_added,added,added,,
99261a993fe00156764686e6183e8f64,c25052a98d9cf55c9b0ccb0d6d3ff00e,both_added,added,added,,
99261a993fe00156764686e6183e8f64,c3af34e7307ac63f1d6b15fbeb29e0ec,both_added,added,added,,
99261a993fe00156764686e6183e8f64,d6e35a94b47b2006697f25118a40b150,both_added,added,added,,
99261a993fe00156764686e6183e8f64,e9bf1396c1a1cd4d9f9b959e94071271,both_added,added,added,,
99261a993fe00156764686e6183e8f64,f7ac4ea59a26952f9abae99254116042,both_added,added,added,,
99261a993fe00156764686e6183e8f64,fda369cd62d9f205f3d65805e7757216,both_added,added,added,,
99266b38dd8df9f5d6d8beb14a0038ee,eecdbfbdf18397c080054695eec43d80,pair_formed_by_refactoring,signature_changed,exact,1.0,1.0
99266b38dd8df9f5d6d8beb14a0038ee,f166de7c43fcf5f1de935f5bf62498e6,pair_formed_by_refactoring,signature_changed,signature_changed,1.0,1.0
99995b8d44ce7f4b5aef0225c39277ad,99995b8d44ce7f4b5aef0225c39277ad,both_added,added,added,,
99995b8d44ce7f4b5aef0225c39277ad,b6ffe1aece897da155f463a578f65318,both_added,added,added,,
99995b8d44ce7f4b5aef0225c39277ad,c7066108e5bcd8726a490228080fa865,method_a_added,added,unknown,,
99995b8d44ce7f4b5aef0225c39277ad,d6f8e28a9c73bfa99d927bd33dcf95b3,both_added,added,added,,
99995b8d44ce7f4b5aef0225c39277ad,e28dbac997b9be4c66fd6a6a38095e80,both_added,added,added,,
9a7ae6a9ebec329db22e6f40d3c08947,f8dffec96b53cb59f36adbbe4f5859c7,pair_formed_naturally,exact,exact,1.0,1.0
9a7f8afc7714521b41100d45f34fdd7d,c445d2ca74d0fe04a30bed20f73c8280,method_a_added,added,exact,,1.0
9a7f8afc7714521b41100d45f34fdd7d,e1ddbaf77400520c35295452c5b0d802,method_a_added,added,exact,,1.0
9a8d74b12df48e604a82a9ca6986323c,df38b21eb91aa24b413bdab9941fc535,both_added,added,added,,
9a8d74b12df48e604a82a9ca6986323c,e89332cc294d3c5aff181bf2b5317d7d,method_a_added,added,exact,,1.0
9ac5c2efe97d601bb130de4c4619067c,acb5d5ffa560ca944e24c9c64053baa8,both_added,added,added,,
9ae60a2bd1dd54069ec51b8b1397adc8,ce9296a44b9f8519ce4b624b815a3267,pair_formed_by_refactoring,signature_changed,signature_changed,1.0,1.0
9ae60a2bd1dd54069ec51b8b1397adc8,f1aa57e9fba6e9640f72bb08dfa32fe2,pair_formed_by_refactoring,signature_changed,signature_changed,1.0,0.97
9ae60a2bd1dd54069ec51b8b1397adc8,f7c41da2c45aa4a5e0d712065cd4cdb7,pair_formed_by_refactoring,signature_changed,signature_changed,1.0,0.97
9b299c33ac5aef93887b60ba14fcace2,c991e9147b35ead0b7212f45d7e4453c,pair_formed_by_refactoring,signature_changed,signature_changed,0.98,0.96
9b299d62eabc044ca10d7bc8cc3c6c80,a10c29366272db9db3f5de133e84e28a,both_added,added,added,,
9b299d62eabc044ca10d7bc8cc3c6c80,d6c197508c2ce62b8df7a3ecf662a7ef,both_added,added,added,,
9b299d62eabc044ca10d7bc8cc3c6c80,f1b4ff932c553bfb407bef3df458065e,both_added,added,added,,
9b299d62eabc044ca10d7bc8cc3c6c80,fc2fdb740d7923a0e511dd94f94331fc,both_added,added,added,,
9ba0c95e51603abdb93058a0361daa4e,d3660a91b3f014823a88f7b95ec4f49a,pair_formed_by_refactoring,signature_changed,signature_changed,1.0,1.0
9badaeac22917f007f95fd8c51b6df62,b56b73b61911ef0cee7da191b8d51151,pair_formed_by_refactoring,signature_changed,signature_changed,1.0,1.0
9badaeac22917f007f95fd8c51b6df62,f48c2453962a65f31d5274ff9a278fcf,pair_formed_by_refactoring,signature_changed,exact,1.0,1.0
9bb7978f5665fb988ec9927d8c503048,f4298dd59f5d6072bde0b8ba673da418,pair_formed_by_refactoring,signature_changed,signature_changed,0.89,0.89
9bd7455e4c76d2a94de4c2a239c7290a,f1b42d2ce501391e370975e3b16f516c,pair_formed_by_refactoring,exact,signature_changed,1.0,1.0
9c36b9c350672f79168a07ef91c092f5,dc2c80f4da8e0943b841f07924b92ca7,pair_formed_naturally,exact,exact,1.0,1.0
9cea019cbf2fa1ffe47a8fdade8775c2,c6660b45790f78eaa80e6d89cddbeeb5,pair_formed_naturally,exact,exact,1.0,1.0
9cefd806cfbdacbf94d0decd4f72f20f,a7581ffe4be5aec76407dadbb09f8809,pair_formed_by_refactoring,signature_changed,exact,1.0,1.0
9d1dbebd9928f36b8dd76d1390555951,b7a4f1382772f50c1437b67c6ce5bc6d,pair_formed_naturally,exact,exact,1.0,1.0
9d8b25077904644a798b2e3d7c11047a,eb9deb0429107d6b98c15f0f3ebdeaa8,pair_formed_naturally,exact,exact,1.0,1.0
9d8b25077904644a798b2e3d7c11047a,ef3053b10907c50bd5d1abd6973e689d,pair_formed_naturally,exact,exact,1.0,1.0
9d8b25077904644a798b2e3d7c11047a,f3be6dfbe3f38635608cd806949eec80,pair_formed_naturally,exact,exact,1.0,1.0
9dd5a3de5e46e49541b729e4f601e0c9,ab2de1c55d75a26801ad1b574488636b,both_added,added,added,,
9e0a6decc3e954853e05f21626551080,f56eb8d3fb519232572b33d1487e0fdb,pair_formed_by_refactoring,signature_changed,unknown,1.0,
9e0dc519adc2aec23e259c7ef3eca7ec,e82c730b17bf8cd92ca4e3f58ca824bb,pair_formed_by_refactoring,signature_changed,signature_changed,0.97,0.94
9e2288f5f87125878f8266d0c428c617,f5aca7266dec3731b2b5b8da0593a0b1,pair_formed_naturally,exact,exact,1.0,1.0
9e3cad67bf7d71cec129378b21f9bff6,a75f5a9401d8bba171e3659981238d1f,both_added,added,added,,
9e6693117d76236ee85013b22c3e3b00,9e7fd77ff440d3e41c825039ded311bd,method_a_added,added,signature_changed,,0.98
9e6693117d76236ee85013b22c3e3b00,a8badf410effa945d4df0d2c048df905,method_a_added,added,signature_changed,,0.98
9e6693117d76236ee85013b22c3e3b00,b69ae1a77b22122bdfb4b5be80105401,both_added,added,added,,
9e6693117d76236ee85013b22c3e3b00,c00cd348b70c2224ae7d353064796aa8,both_added,added,added,,
9e6693117d76236ee85013b22c3e3b00,f78adf691e39fae1a372fecbe4e7c2e3,method_a_added,added,unknown,,
9e79dc4136c8a8909b473a51afd4bff0,e245ffacf0292cd7c1eec3900079641b,both_added,added,added,,
9e7fd77ff440d3e41c825039ded311bd,a8badf410effa945d4df0d2c048df905,pair_formed_by_refactoring,signature_changed,signature_changed,0.98,0.98
9e7fd77ff440d3e41c825039ded311bd,b69ae1a77b22122bdfb4b5be80105401,method_b_added,signature_changed,added,0.98,
9e7fd77ff440d3e41c825039ded311bd,c00cd348b70c2224ae7d353064796aa8,method_b_added,signature_changed,added,0.98,
9e7fd77ff440d3e41c825039ded311bd,f78adf691e39fae1a372fecbe4e7c2e3,pair_formed_by_refactoring,signature_changed,unknown,0.98,
9e8de3fffe0a7c30faf0066befd46bb3,bb134f0894f7db180eab9813bc13bcd8,pair_formed_naturally,exact,exact,1.0,1.0
9e8de3fffe0a7c30faf0066befd46bb3,d30faf7176f2c97ff6c5a4d56816d359,pair_formed_naturally,exact,exact,1.0,1.0
9ead1557a30046d4cd4c7795cf208418,ba15d5b919df0821be5632d95231f4f1,pair_formed_naturally,exact,exact,1.0,1.0
9ead1557a30046d4cd4c7795cf208418,c268371bcf45bafae0149f58aa770071,pair_formed_naturally,exact,exact,1.0,1.0
9ed6c4a94ab3e55aec855688eb9af892,9f97ad616ecec19c84301474da53b1e9,both_added,added,added,,
9ed6c4a94ab3e55aec855688eb9af892,a10c29366272db9db3f5de133e84e28a,both_added,added,added,,
9ed6c4a94ab3e55aec855688eb9af892,b55e54f8f1e0e7c199eba82e5596b366,both_added,added,added,,
9ed6c4a94ab3e55aec855688eb9af892,f97eb40d7cb98c2ec9244b3196a2c0a0,both_added,added,added,,
9f12cb33e02e7b099b806c1512fd06cd,9f812f0731df6aa00b1f1bee73e1781e,pair_formed_naturally,exact,exact,1.0,1.0
9f54cbff394cdabf143b1948bd541015,fe8b7f3b81f588228445b83d721b9d65,pair_formed_naturally,exact,exact,1.0,1.0
9f812f0731df6aa00b1f1bee73e1781e,f1b42d2ce501391e370975e3b16f516c,pair_formed_by_refactoring,exact,signature_changed,1.0,1.0
9f97ad616ecec19c84301474da53b1e9,a06a757a5f8434dbd1a7244bc9e9aac7,both_added,added,added,,
9f97ad616ecec19c84301474da53b1e9,c0e786e282eb8bf28f18add960f158ca,both_added,added,added,,
9f97ad616ecec19c84301474da53b1e9,cecc2c0dea228b9f014cf2a24aada5f5,both_added,added,added,,
9f97ad616ecec19c84301474da53b1e9,d6c197508c2ce62b8df7a3ecf662a7ef,both_added,added,added,,
9f97ad616ecec19c84301474da53b1e9,d94abc308f54af93bbdde0a2fcb703c3,both_added,added,added,,
9f97ad616ecec19c84301474da53b1e9,de02b943529137359129494fa4c891d0,both_added,added,added,,
9f97ad616ecec19c84301474da53b1e9,e9b0da10b94507473458c0088affba57,both_added,added,added,,
9f97ad616ecec19c84301474da53b1e9,ecdd4611ac8dba825c5281627eec814d,both_added,added,added,,
9f97ad616ecec19c84301474da53b1e9,f97eb40d7cb98c2ec9244b3196a2c0a0,both_added,added,added,,
9f97ad616ecec19c84301474da53b1e9,fc2fdb740d7923a0e511dd94f94331fc,both_added,added,added,,
9f97ad616ecec19c84301474da53b1e9,fe165ba2bf445893d15bb207424d673c,both_added,added,added,,
9fbfaf2d7eb3d6ddad0a9536ad92872d,e70be6bd1fb0211d3b692137019a6801,both_added,added,added,,
a006bd86be3e1b84a500d3eb21faa315,a8403056575774c7c5d9be53cb3116e3,pair_formed_by_refactoring,signature_changed,exact,1.0,1.0
a06a757a5f8434dbd1a7244bc9e9aac7,a10c29366272db9db3f5de133e84e28a,both_added,added,added,,
a06a757a5f8434dbd1a7244bc9e9aac7,bee4d77dad120e8db8990da27862e6e3,method_a_added,added,exact,,1.0
a06a757a5f8434dbd1a7244bc9e9aac7,c0e786e282eb8bf28f18add960f158ca,both_added,added,added,,
a06a757a5f8434dbd1a7244bc9e9aac7,d87dc68e4019a8930b2a983a4e851685,method_a_added,added,exact,,1.0
a06a757a5f8434dbd1a7244bc9e9aac7,da352c94abea9d4f9b49f409000a2f2f,both_added,added,added,,
a06a757a5f8434dbd1a7244bc9e9aac7,de02b943529137359129494fa4c891d0,both_added,added,added,,
a06a757a5f8434dbd1a7244bc9e9aac7,e9b0da10b94507473458c0088affba57,both_added,added,added,,
a06a757a5f8434dbd1a7244bc9e9aac7,ecdd4611ac8dba825c5281627eec814d,both_added,added,added,,
a06a757a5f8434dbd1a7244bc9e9aac7,f4deb3f50ea83bdf3928a0596d517b4a,both_added,added,added,,
a06a757a5f8434dbd1a7244bc9e9aac7,fe165ba2bf445893d15bb207424d673c,both_added,added,added,,
a09aae53f2b35a0e34b09757abca4668,a8e338b6acf56efddf9403b8bbcc0fde,pair_formed_naturally,exact,exact,1.0,1.0
a09aae53f2b35a0e34b09757abca4668,b31cdf1ee7905a2410d36013a9536a98,method_b_added,exact,added,1.0,
a09aae53f2b35a0e34b09757abca4668,dc8dfd4c7ba54bc142cd02f34b3f36bd,pair_formed_naturally,exact,exact,1.0,1.0
a09f39e2dee9828f96e8316ce2549334,df0625b5ef7e4df90670c679506e82ef,both_added,added,added,,
a0c479fd2079b101907811a4ef441d94,c47d9813cc8ac3777fa24694d9b954f2,pair_formed_by_refactoring,signature_changed,signature_changed,1.0,1.0
a0f19b403cc9d881c124895eb7917b0b,eb33e0cba8a5fd24fa5990db6c386582,pair_formed_naturally,exact,exact,1.0,1.0
a10c29366272db9db3f5de133e84e28a,af4b5e354263b1fa8ce9ee78b78933bd,both_added,added,added,,
a10c29366272db9db3f5de133e84e28a,d051badb3ec26d22931f36515ac34081,both_added,added,added,,
a10c29366272db9db3f5de133e84e28a,d655310acb9df0b74fa2764cf71ba588,both_added,added,added,,
a10c29366272db9db3f5de133e84e28a,d6c197508c2ce62b8df7a3ecf662a7ef,both_added,added,added,,
a10c29366272db9db3f5de133e84e28a,d94abc308f54af93bbdde0a2fcb703c3,both_added,added,added,,
a10c29366272db9db3f5de133e84e28a,de02b943529137359129494fa4c891d0,both_added,added,added,,
a10c29366272db9db3f5de133e84e28a,e9b0da10b94507473458c0088affba57,both_added,added,added,,
a10c29366272db9db3f5de133e84e28a,ecdd4611ac8dba825c5281627eec814d,both_added,added,added,,
a10c29366272db9db3f5de133e84e28a,fc2fdb740d7923a0e511dd94f94331fc,both_added,added,added,,
a10c29366272db9db3f5de133e84e28a,fe165ba2bf445893d15bb207424d673c,both_added,added,added,,
a152ffc8ac24c938e1404eb54c2cc801,a4a427b9eca642fc48c6f8f413121c3f,pair_formed_by_refactoring,signature_changed,signature_changed,0.98,1.0
a152ffc8ac24c938e1404eb54c2cc801,c1211e9761ccb2368ba1b6ebfe0edb1c,pair_formed_by_refactoring,signature_changed,signature_changed,0.98,0.97
a152ffc8ac24c938e1404eb54c2cc801,eb89ae8e8f2567b25de9ff32aca131ca,pair_formed_by_refactoring,signature_changed,signature_changed,0.98,1.0
a152ffc8ac24c938e1404eb54c2cc801,f7c41da2c45aa4a5e0d712065cd4cdb7,pair_formed_by_refactoring,signature_changed,signature_changed,0.98,0.97
a18a40bcaeb71431e98337d2366d2e13,c86db8585d0a18aa5aead240e0a1d71a,pair_formed_naturally,exact,exact,1.0,1.0
a1cb7160259c0599aea71ecb9eb918b7,a2059e41219f51f3660b3918e6a4c206,pair_formed_naturally,exact,exact,1.0,1.0
a212b26086a05fdbcd09339ec9c9ba57,ec9febda6cb9b8d06b470c399e6561e7,pair_formed_by_refactoring,refactored,refactored,0.89,0.86
a2a10de096548108bced527e2bf71220,ef7f945668fbd31e6c4fcf01ddcab38c,method_b_added,signature_changed,added,1.0,
a2f62e09a30fbf2a1bdc744e5625a936,a5b72e5e5cb1070a6f9ab518d8009a23,pair_formed_by_refactoring,signature_changed,signature_changed,1.0,1.0
a354ad18fa9209a4116ef571a494bd38,a83c8e50d89771f2b4326dfcf0ad300b,both_added,added,added,,
a3bb5754dfa9ec1aac59e55094e2c534,b8d645bad856c4332fe0ec4bf8b1ae40,method_a_added,added,signature_changed,,1.0
a3e1afa20beea2bd5a033b243d63f2de,d11e247a53890ee2e5ed0562d9be49c1,pair_formed_naturally,unknown,unknown,,
a3e1afa20beea2bd5a033b243d63f2de,e912add67c4ef1e51cb1d71f86138ec3,pair_formed_naturally,unknown,unknown,,
a3e1afa20beea2bd5a033b243d63f2de,fdce1729c2e2e88fefe059a0634e51b6,pair_formed_naturally,unknown,unknown,,
a408210dfa21ef9bac42e5792ba79392,f69a6444287b65bbbcfe76f3e34a95a9,pair_formed_naturally,exact,exact,1.0,1.0
a44a2bc3ac19033aec942126cd6e946c,af4b5e354263b1fa8ce9ee78b78933bd,both_added,added,added,,
a44a2bc3ac19033aec942126cd6e946c,bbd9f38a8529b1400892ae64a60ccb53,both_added,added,added,,
a44a2bc3ac19033aec942126cd6e946c,bd9430e8a21d0868b94c3e3645ededc8,both_added,added,added,,
a44a2bc3ac19033aec942126cd6e946c,bda0e7d94d52f58b6e5623cdcd10282e,both_added,added,added,,
a44a2bc3ac19033aec942126cd6e946c,bf4e9fe513e6e8612215b9673cca5c2b,both_added,added,added,,
a44a2bc3ac19033aec942126cd6e946c,c1848fc42fb66eed0315371ff3e5b1b8,both_added,added,added,,
a44a2bc3ac19033aec942126cd6e946c,c25052a98d9cf55c9b0ccb0d6d3ff00e,both_added,added,added,,
a44a2bc3ac19033aec942126cd6e946c,c3af34e7307ac63f1d6b15fbeb29e0ec,both_added,added,added,,
a44a2bc3ac19033aec942126cd6e946c,cfb1eccb6a0098d66806fb128fe799bf,both_added,added,added,,
a44a2bc3ac19033aec942126cd6e946c,d051badb3ec26d22931f36515ac34081,both_added,added,added,,
a44a2bc3ac19033aec942126cd6e946c,d57844cfca2141f691b6bd239ffdf5c8,both_added,added,added,,
a44a2bc3ac19033aec942126cd6e946c,d6e35a94b47b2006697f25118a40b150,both_added,added,added,,
a44a2bc3ac19033aec942126cd6e946c,da7e79277f1ed625300a3db6f5f8a1a4,both_added,added,added,,
a44a2bc3ac19033aec942126cd6e946c,e079a6ef12cd3063c4f72776682cc645,both_added,added,added,,
a44a2bc3ac19033aec942126cd6e946c,e7ff88c357c33e69d8773479aeb0cf0e,both_added,added,added,,
a44a2bc3ac19033aec942126cd6e946c,e9bf1396c1a1cd4d9f9b959e94071271,both_added,added,added,,
a44a2bc3ac19033aec942126cd6e946c,f7ac4ea59a26952f9abae99254116042,both_added,added,added,,
a44a2bc3ac19033aec942126cd6e946c,fb84e80c9418312f2f13b209bc655d52,both_added,added,added,,
a44a2bc3ac19033aec942126cd6e946c,fda369cd62d9f205f3d65805e7757216,both_added,added,added,,
a44a2bc3ac19033aec942126cd6e946c,ffcedcb56d0c62d515cd0493970966c0,both_added,added,added,,
a46a5f831c34616738e7a9a4a730e73c,a64b158fb1bf950085de51660a049175,method_b_added,signature_changed,added,0.99,
a47bc4cf6eaecdeb49e0438c316c33f5,aad4623d796282d9df97d8ed60f35472,pair_formed_by_refactoring,signature_changed,signature_changed,1.0,1.0
a498738e0b8c830e979d277701298876,e1702a91e8ee58c6df2ab82f76d88794,pair_formed_naturally,exact,exact,1.0,1.0
a4a427b9eca642fc48c6f8f413121c3f,b7ba8d82fb4e049e643b4af8bb0d8593,pair_formed_by_refactoring,signature_changed,signature_changed,1.0,0.98
a4a427b9eca642fc48c6f8f413121c3f,c1211e9761ccb2368ba1b6ebfe0edb1c,pair_formed_by_refactoring,signature_changed,signature_changed,1.0,0.97
a4a427b9eca642fc48c6f8f413121c3f,d5d28089a0e9c6c92695076654fa4182,pair_formed_by_refactoring,signature_changed,signature_changed,1.0,0.98
a4a427b9eca642fc48c6f8f413121c3f,eb89ae8e8f2567b25de9ff32aca131ca,pair_formed_by_refactoring,signature_changed,signature_changed,1.0,1.0
a4a427b9eca642fc48c6f8f413121c3f,f1aa57e9fba6e9640f72bb08dfa32fe2,pair_formed_by_refactoring,signature_changed,signature_changed,1.0,0.97
a4a427b9eca642fc48c6f8f413121c3f,f7c41da2c45aa4a5e0d712065cd4cdb7,pair_formed_by_refactoring,signature_changed,signature_changed,1.0,0.97
a4a427b9eca642fc48c6f8f413121c3f,ffb5c85bf24ef50e36a20364e96b8ca1,pair_formed_by_refactoring,signature_changed,signature_changed,1.0,0.98
a4bbd813b277dfc3e51ee9a13ff346b0,b8d8059e9e888e2561ac6cae8f388c92,pair_formed_by_refactoring,signature_changed,signature_changed,0.96,1.0
a4bbd813b277dfc3e51ee9a13ff346b0,dc83212f4bb634136ec5fc56db782f36,pair_formed_by_refactoring,signature_changed,signature_changed,0.96,1.0
a4bbd813b277dfc3e51ee9a13ff346b0,e4e4217e547842bb49a4284bedf9f405,pair_formed_by_refactoring,signature_changed,signature_changed,0.96,0.93
a4bbd813b277dfc3e51ee9a13ff346b0,ed870809cd2e7cf32355e7608ce02d53,pair_formed_by_refactoring,signature_changed,signature_changed,0.96,0.96
a51ca075b3e5e8c5c0c046b82ebc6bc3,a67ed61cc26f8af7e781a0d60f7228e8,pair_formed_naturally,exact,exact,1.0,1.0
a5280038e9b25df78e156e8ec6137d37,d5202b9e84a0317bf3367e85edcd5686,method_b_added,exact,added,1.0,
a56df327d66ca89ebcd1ed7ab9e29b08,a9f57b444df39e4d0de811fe826437d5,pair_formed_by_refactoring,signature_changed,signature_changed,1.0,1.0
a57217a601c0624c593649d9d7cea50c,aadbde3efa2522d0258c803c715cc686,pair_formed_by_refactoring,signature_changed,signature_changed,1.0,0.87
a57217a601c0624c593649d9d7cea50c,adaeb9e71db54fd430ca8cc35e40aa54,pair_formed_by_refactoring,signature_changed,unknown,1.0,
a57217a601c0624c593649d9d7cea50c,c14a44923106b80746cc9b6b56bbb380,method_b_added,signature_changed,added,1.0,
a57217a601c0624c593649d9d7cea50c,e4e4217e547842bb49a4284bedf9f405,pair_formed_by_refactoring,signature_changed,signature_changed,1.0,0.93
a57217a601c0624c593649d9d7cea50c,edd9f9097ad01f75e37d24fa57fdcdda,pair_formed_by_refactoring,signature_changed,unknown,1.0,
a5a7d8eb916d0d31d2ae71df72b881bc,dcd1231c21e9c2bb40938179ea2973d5,pair_formed_naturally,exact,exact,1.0,1.0
a5ab6e319009788742bf28f0ba62d595,c783fe4120bc26886476bf81cbd51431,method_a_added,added,exact,,1.0
a5c93a35e66d4e35e571220db5d3c260,ab702e7e0b62f5516bd2a6de6ad928fd,both_added,added,added,,
a5c93a35e66d4e35e571220db5d3c260,d06c7054aef075b9c76a89c1606fff51,both_added,added,added,,
a600ea0587ff577ddb98e7ea0a8354cd,a9015ab428803ac699614b5ec6fc554a,pair_formed_by_refactoring,signature_changed,exact,0.98,1.0
a600ea0587ff577ddb98e7ea0a8354cd,d1e2eeaf86a4bb2b51028f6bbe679cce,pair_formed_by_refactoring,signature_changed,signature_changed,0.98,0.97
a63804afa14c6e68b3f247de4c98f294,d11e247a53890ee2e5ed0562d9be49c1,pair_formed_naturally,unknown,unknown,,
a63804afa14c6e68b3f247de4c98f294,e912add67c4ef1e51cb1d71f86138ec3,pair_formed_naturally,unknown,unknown,,
a64b158fb1bf950085de51660a049175,dd99ccbc97a8135f9495203852d38414,both_added,added,added,,
a6917b0d1ffbb5cc1c09fd7040aa8fcb,c8ecc080eaa1022b88f5d5b2695886cc,pair_formed_by_refactoring,signature_changed,signature_changed,0.99,0.98
a6a3b32544b211de4c769f68889bf84a,fbef4c53111dd83a94f97a84cfaa9fad,pair_formed_by_refactoring,exact,signature_changed,1.0,0.99
a6f15f514a6b9ac49efded144056e903,ac5bc2af31ef94712f413849147f6d5b,pair_formed_naturally,exact,exact,1.0,1.0
a70f211d9b28d3c038c7a619599cea6b,ce0c21c5aa73f0620091068d3b72bed2,pair_formed_naturally,exact,exact,1.0,1.0
a722ea44a69c3a29193bbf85b565a6f3,bfa7994a434a92344798324eb1a798bc,pair_formed_by_refactoring,signature_changed,signature_changed,0.78,0.89
a7bf25fd77f1196609e7a2c64f672cf9,e47d198fae9426c3903fad41f227363e,pair_formed_naturally,exact,exact,1.0,1.0
a803cf16a8bbfb4ae761b37a542e1416,aee15359b1ee9e64b14b49bcfd2fc905,both_added,added,added,,
a803cf16a8bbfb4ae761b37a542e1416,e702170d5cccdadf5f092e9dc3b2cb68,both_added,added,added,,
a82beb445984ac220e34eaa497eaee06,d947aca49fd17ea30c0617e3c6815cb7,pair_formed_naturally,exact,exact,1.0,1.0
a86576a51ebb5f0b4dfa17007fded629,b8d8059e9e888e2561ac6cae8f388c92,method_a_added,added,signature_changed,,1.0
a8a7ce0cbe5012382e002a51a952208d,dc2c80f4da8e0943b841f07924b92ca7,pair_formed_naturally,exact,exact,1.0,1.0
a8badf410effa945d4df0d2c048df905,b69ae1a77b22122bdfb4b5be80105401,method_b_added,signature_changed,added,0.98,
a8badf410effa945d4df0d2c048df905,c00cd348b70c2224ae7d353064796aa8,method_b_added,signature_changed,added,0.98,
a8badf410effa945d4df0d2c048df905,f78adf691e39fae1a372fecbe4e7c2e3,pair_formed_by_refactoring,signature_changed,unknown,0.98,
a8dc21d6275fc7a31bf7e0a86de2e887,f3be6dfbe3f38635608cd806949eec80,pair_formed_naturally,exact,exact,1.0,1.0
a8e2711f8bc4373ae497a4423e24b611,d4cecd0fd24210342bf32bc57053daf9,pair_formed_by_refactoring,signature_changed,signature_changed,1.0,1.0
a96d0e7918a88dec254a764f9d104ed0,ca79ee69038201c91e91a7ea8350665f,both_added,added,added,,
a9a3414824a267aaaf726cc3a2f0fd0e,c838911abe633d145211ff49ecffbb5e,pair_formed_naturally,exact,exact,1.0,1.0
a9ef7131f222bbd911ef5c0d0536a23c,e6bde0997de34dbf185103f8c7baf23b,pair_formed_by_refactoring,signature_changed,signature_changed,1.0,1.0
a9fe41055fd18347951a966dc08d870f,edf1ed7a0aa8d1228b1d09d6fc6cdf4c,both_added,added,added,,
aa2019976583b18fd0f32a389033c81b,d6e1266ba97db0a6254aef837638999c,pair_formed_by_refactoring,exact,signature_changed,1.0,0.91
aa2019976583b18fd0f32a389033c81b,f6384ef959c037e8210b3514275b5db8,pair_formed_by_refactoring,exact,signature_changed,1.0,0.88
aa2142a6a8d1b3e557c841c2b9882553,aa2142a6a8d1b3e557c841c2b9882553,pair_formed_by_refactoring,signature_changed,signature_changed,1.0,1.0
aa2142a6a8d1b3e557c841c2b9882553,e34cbc2995afaad700002967defaad9a,pair_formed_by_refactoring,signature_changed,signature_changed,1.0,0.98
aa792f9c3b22ff846d785f40b0a23967,eb2ff4a92a61ec90bd69aa3e263e8f68,pair_formed_naturally,exact,exact,1.0,1.0
aacc57d4e2b4af2a95a6549354432421,aec8c4af832c5ce01b80b94e95bf67bf,pair_formed_naturally,exact,exact,1.0,1.0
aadbde3efa2522d0258c803c715cc686,aadbde3efa2522d0258c803c715cc686,pair_formed_by_refactoring,signature_changed,signature_changed,0.87,0.87
aadbde3efa2522d0258c803c715cc686,adaeb9e71db54fd430ca8cc35e40aa54,pair_formed_by_refactoring,signature_changed,unknown,0.87,
aadbde3efa2522d0258c803c715cc686,c14a44923106b80746cc9b6b56bbb380,method_b_added,signature_changed,added,0.87,
aadbde3efa2522d0258c803c715cc686,e4e4217e547842bb49a4284bedf9f405,pair_formed_by_refactoring,signature_changed,signature_changed,0.87,0.93
aadbde3efa2522d0258c803c715cc686,edd9f9097ad01f75e37d24fa57fdcdda,pair_formed_by_refactoring,signature_changed,unknown,0.87,
ab0f2ba0426ae676c6036be60873d337,dc2c80f4da8e0943b841f07924b92ca7,pair_formed_naturally,exact,exact,1.0,1.0
ab2d5f718b4a174995d16369cb9b403e,ddbb9d9528f16f8442e53c28c40920cf,both_added,added,added,,
ab2de1c55d75a26801ad1b574488636b,d87e591fcf26c0c1b965fa1d054d359b,both_added,added,added,,
ab702e7e0b62f5516bd2a6de6ad928fd,d06c7054aef075b9c76a89c1606fff51,both_added,added,added,,
abb5c87b5e80d3980d041972a0fde583,bf669fc0c2747076a44f34f88bdb4492,method_a_added,added,signature_changed,,0.99
abb5c87b5e80d3980d041972a0fde583,cabb82530457fa4340e3f5886da5ab81,method_a_added,added,exact,,1.0
abe08c2061366a80946588335da1ddcb,e080331e3a34d790d4175086627dfd64,pair_formed_naturally,exact,exact,1.0,1.0
ac0a1f7c495ff8eab71ceb712eb07b49,f1a8baa343210f188d0ee0cccec50406,method_b_added,unknown,added,,
ac1e327396badeb583402128ff1c2a47,f4a1d6db528c41eeaccdeac1437877a4,both_added,added,added,,
ac5bc2af31ef94712f413849147f6d5b,d2feb62aef46e32262240278e7003972,pair_formed_naturally,exact,exact,1.0,1.0
acacb06ea80a38e6a221275c7f255759,e9501b774db46193bae46e41c59607f1,pair_formed_naturally,exact,exact,1.0,1.0
acb5d5ffa560ca944e24c9c64053baa8,c70860f5ef0e43ed9d6d45c4c4675e83,both_added,added,added,,
ace77403799686701ea07bea38038fdd,b429eef3221d2cfe0e4ca95cb9bbc51d,pair_formed_by_refactoring,signature_changed,exact,1.0,1.0
ad2dd7120ace2c7fe890949cb6a5411b,b665c0915c7ae6ab25ace9bd5659ab24,pair_formed_naturally,exact,exact,1.0,1.0
ad38d9c2891af2b4645ded8d839e3d91,dc2c80f4da8e0943b841f07924b92ca7,pair_formed_naturally,exact,exact,1.0,1.0
adaeb9e71db54fd430ca8cc35e40aa54,c14a44923106b80746cc9b6b56bbb380,method_b_added,unknown,added,,
adaeb9e71db54fd430ca8cc35e40aa54,e4e4217e547842bb49a4284bedf9f405,pair_formed_by_refactoring,unknown,signature_changed,,0.93
adaeb9e71db54fd430ca8cc35e40aa54,edd9f9097ad01f75e37d24fa57fdcdda,pair_formed_naturally,unknown,unknown,,
ae16455ca3a986b7d66500ba1d5f2218,f26aa9d8a1ce60e7a9d06a0e0145b5bc,pair_formed_naturally,exact,exact,1.0,1.0
ae51faa92470d47b33088bab6136e2b3,f40620875edc07e50139eac977a9bbfc,pair_formed_by_refactoring,signature_changed,exact,0.94,1.0
ae6412f316d756b7707fbdd2dad83e67,f187ed137dc72cd8a720718130b2fde4,pair_formed_by_refactoring,signature_changed,signature_changed,1.0,0.94
ae6837f261961be6efaad7c46bcb4ee2,ae80a6ffcc2d73063023363bcc96450d,both_added,added,added,,
ae841f7b819265f3b4151bf186531ea2,c0c93135519a0e79d2be98efba2fcefc,pair_formed_by_refactoring,signature_changed,exact,1.0,1.0
af3557aecd842ac301fddce6a4a5daaf,d0fb67d8af7b34129bb76e056461e720,pair_formed_naturally,exact,exact,1.0,1.0
af4b5e354263b1fa8ce9ee78b78933bd,bbd9f38a8529b1400892ae64a60ccb53,both_added,added,added,,
af4b5e354263b1fa8ce9ee78b78933bd,bd9430e8a21d0868b94c3e3645ededc8,both_added,added,added,,
af4b5e354263b1fa8ce9ee78b78933bd,bf4e9fe513e6e8612215b9673cca5c2b,both_added,added,added,,
af4b5e354263b1fa8ce9ee78b78933bd,cfb1eccb6a0098d66806fb128fe799bf,both_added,added,added,,
af4b5e354263b1fa8ce9ee78b78933bd,d051badb3ec26d22931f36515ac34081,both_added,added,added,,
af4b5e354263b1fa8ce9ee78b78933bd,d57844cfca2141f691b6bd239ffdf5c8,both_added,added,added,,
af4b5e354263b1fa8ce9ee78b78933bd,da7e79277f1ed625300a3db6f5f8a1a4,both_added,added,added,,
af4b5e354263b1fa8ce9ee78b78933bd,e079a6ef12cd3063c4f72776682cc645,both_added,added,added,,
af4b5e354263b1fa8ce9ee78b78933bd,e7ff88c357c33e69d8773479aeb0cf0e,both_added,added,added,,
af4b5e354263b1fa8ce9ee78b78933bd,fb84e80c9418312f2f13b209bc655d52,both_added,added,added,,
af4b5e354263b1fa8ce9ee78b78933bd,ffcedcb56d0c62d515cd0493970966c0,both_added,added,added,,
afcf13c88aa5bc1cdaa895b87049dd3b,d2131f0cfd125b7ff699b1ad41ef8799,both_added,added,added,,
afd2bbda851d0d4c878d9ba75ecca8da,f551dba24b86a49f1b5ce90150ef9c07,pair_formed_by_refactoring,exact,signature_changed,1.0,0.96
afdf461caa3642af864b56f808e5b2a2,ea1fe8fab061e9151910d741e3fb53b4,pair_formed_by_refactoring,signature_changed,signature_changed,0.98,0.97
b023d247f46c87880e90b894fb14037e,ceb06e88abff9db4e99ec4e921ef571b,pair_formed_naturally,exact,exact,1.0,1.0
b0772f233d49da3da8ec21d4fc407fb3,b7e815eb89a021518a72b8a990ac64cd,pair_formed_by_refactoring,signature_changed,signature_changed,0.96,0.96
b096405376b84c6ad0968f0a3472e518,ef2d02f999c866b6d100683501de23f2,pair_formed_naturally,exact,exact,1.0,1.0
b0c0f278028ef74f0e719a90dfd40ffb,d09f5ead7be6959272e77461cf34f8f5,pair_formed_naturally,exact,exact,1.0,1.0
b0c482c66a08c06995ee81bf232fc929,d6d429fdc67c301e05c1082a912d6b9c,pair_formed_naturally,exact,exact,1.0,1.0
b0cce0c8a0675a424cf820145a3a37e0,f008efa4ac042900bc653d9441ca7f4d,method_a_added,added,exact,,1.0
b0cce0c8a0675a424cf820145a3a37e0,f8c6ebac08b3adc8162221124ccfb4c4,method_a_added,added,exact,,1.0
b13c63fda02de2f386e73fb71ae60e25,c6660b45790f78eaa80e6d89cddbeeb5,pair_formed_naturally,exact,exact,1.0,1.0
b1722c682f4983b0356cc54bc496cd13,b45fab6dedb450edc8092418f106a567,method_a_added,added,exact,,1.0
b1722c682f4983b0356cc54bc496cd13,d440aca3d0c1ce8e700e00b99bbb703e,method_a_added,added,exact,,1.0
b202d00d1e7baaf0d258bc8aac7fcd33,c6f023ca1dc77c1c3467897758af2780,pair_formed_by_refactoring,exact,signature_changed,1.0,0.94
b202d00d1e7baaf0d258bc8aac7fcd33,f491c926aeeb1e27e771df4423243c33,pair_formed_by_refactoring,exact,signature_changed,1.0,0.92
b21957f9051898fa7ce703773288f073,cee5be094c2ab28f5d14db500cc5660c,pair_formed_by_refactoring,signature_changed,exact,0.92,1.0
b2511f6417f44a54c21d7b9be48e09e0,c70d651a6996f068b513b2a47538de9b,pair_formed_naturally,exact,exact,1.0,1.0
b25a523d458a322f50d193484a46259c,dc71014b44dd828ef1c01a5c3c468add,pair_formed_by_refactoring,signature_changed,exact,1.0,1.0
b268ce7bb21cef9377c01aef0e5a8d76,dbbb3277174b3ac47c53f8e2e8eb5e91,pair_formed_by_refactoring,signature_changed,signature_changed,0.98,0.94
b2b2b93bb9af2909572360b3fad10eed,dcd1231c21e9c2bb40938179ea2973d5,pair_formed_naturally,exact,exact,1.0,1.0
b2de49d66b3373957b8b30d1b262f05d,de403e661ad34c556d0a739794cd64db,both_added,added,added,,
b314a7cafb4c23c0251990ab5453c2a4,bd9e5496016ea6786aab40f6418632db,pair_formed_naturally,exact,exact,1.0,1.0
b31cdf1ee7905a2410d36013a9536a98,b5888a09566e5437fcb3e472e9d9a67d,both_added,added,added,,
b32435c39c8cc17dc4d0e57ecd8985e6,c4889326ef485d0cc50b409097083888,pair_formed_naturally,exact,exact,1.0,1.0
b39a47864d8842cc62edfb3a79e3b5e4,c48de4086a0154014550c8498f384990,both_added,added,added,,
b39a47864d8842cc62edfb3a79e3b5e4,dad058a6f1c36566e5d1cd47802ba723,both_added,added,added,,
b39a47864d8842cc62edfb3a79e3b5e4,e3b4be1c8f14fba71e89c0441fea53e9,both_added,added,added,,
b39a47864d8842cc62edfb3a79e3b5e4,faa274d4368a2c2792f087b065fc3cce,both_added,added,added,,
b39a47864d8842cc62edfb3a79e3b5e4,fb6d73ab9b3faf1dce5760f154e1e45a,method_a_added,added,signature_changed,,1.0
b40160fd3c069affd3d62807a2d182dd,efea479c7947e5ba8967eb126453faef,pair_formed_naturally,exact,exact,1.0,1.0
b4079e68d26de6ae4fe4de0b7ba78d77,b967dc21fb915541cdcab041257c25a6,method_b_added,exact,added,1.0,
b4254bd552389c90cf311dac17dbe636,e267da9c40f04c6f83e38a775b01117a,pair_formed_naturally,exact,exact,1.0,1.0
b4def67b9e0022e35ca1db48a2b8c212,f001e37e62053a0aef60fd2478680724,both_added,added,added,,
b4e9b9c6faf3c34492e4ad229e74acfb,f52e96c33fded73c6f25604dec24cb34,pair_formed_naturally,exact,exact,1.0,1.0
b4e9c7abdd46d6806989bbf6568a1637,ca9f5f5f36ef56fc9c07bf6e693253ad,pair_formed_naturally,exact,exact,1.0,1.0
b55e54f8f1e0e7c199eba82e5596b366,d94abc308f54af93bbdde0a2fcb703c3,both_added,added,added,,
b55e54f8f1e0e7c199eba82e5596b366,de02b943529137359129494fa4c891d0,both_added,added,added,,
b55e54f8f1e0e7c199eba82e5596b366,f4deb3f50ea83bdf3928a0596d517b4a,both_added,added,added,,
b55e54f8f1e0e7c199eba82e5596b366,f97eb40d7cb98c2ec9244b3196a2c0a0,both_added,added,added,,
b55e54f8f1e0e7c199eba82e5596b366,fe165ba2bf445893d15bb207424d673c,both_added,added,added,,
b560f4cddb07971ccca5ca8e95978d82,e12d6c9df3e4c266743554920dcb6d91,pair_formed_by_refactoring,signature_changed,signature_changed,1.0,1.0
b560f4cddb07971ccca5ca8e95978d82,eb89ae8e8f2567b25de9ff32aca131ca,pair_formed_by_refactoring,signature_changed,signature_changed,1.0,1.0
b56b73b61911ef0cee7da191b8d51151,f48c2453962a65f31d5274ff9a278fcf,pair_formed_by_refactoring,signature_changed,exact,1.0,1.0
b6347de88699f54f3480dcaf4a6286d4,dcb5b391425ec7ba82106bf8a112309d,pair_formed_by_refactoring,signature_changed,exact,1.0,1.0
b64fca484fc8c4677e361b6fd4724d82,e62927e8770e783afd2933017bda64b6,pair_formed_by_refactoring,exact,signature_changed,1.0,0.99
b69ae1a77b22122bdfb4b5be80105401,c00cd348b70c2224ae7d353064796aa8,both_added,added,added,,
b69ae1a77b22122bdfb4b5be80105401,f78adf691e39fae1a372fecbe4e7c2e3,method_a_added,added,unknown,,
b6ffe1aece897da155f463a578f65318,c7066108e5bcd8726a490228080fa865,method_a_added,added,unknown,,
b6ffe1aece897da155f463a578f65318,d6f8e28a9c73bfa99d927bd33dcf95b3,both_added,added,added,,
b6ffe1aece897da155f463a578f65318,e28dbac997b9be4c66fd6a6a38095e80,both_added,added,added,,
b7035a58b0e68b49bfad0d53177ca22a,bbc8438430dd30b3da2a6cba4311bcb7,pair_formed_naturally,exact,exact,1.0,1.0
b7ba8d82fb4e049e643b4af8bb0d8593,c1211e9761ccb2368ba1b6ebfe0edb1c,pair_formed_by_refactoring,signature_changed,signature_changed,0.98,0.97
b7ba8d82fb4e049e643b4af8bb0d8593,ce9296a44b9f8519ce4b624b815a3267,pair_formed_by_refactoring,signature_changed,signature_changed,0.98,1.0
b7ba8d82fb4e049e643b4af8bb0d8593,d5d28089a0e9c6c92695076654fa4182,pair_formed_by_refactoring,signature_changed,signature_changed,0.98,0.98
b7ba8d82fb4e049e643b4af8bb0d8593,ffb5c85bf24ef50e36a20364e96b8ca1,pair_formed_by_refactoring,signature_changed,signature_changed,0.98,0.98
b7fbb7367fb678c76650215d4f532371,bc4af61a8333c22c57d9fd6095068e2a,pair_formed_by_refactoring,exact,signature_changed,1.0,0.97
b80167b485ac9d4eac15ea14f6e03320,e1cd4bff8c388cdab403635ba06be85d,pair_formed_naturally,exact,exact,1.0,1.0
b8d8059e9e888e2561ac6cae8f388c92,dc83212f4bb634136ec5fc56db782f36,pair_formed_by_refactoring,signature_changed,signature_changed,1.0,1.0
b8d8059e9e888e2561ac6cae8f388c92,e4e4217e547842bb49a4284bedf9f405,pair_formed_by_refactoring,signature_changed,signature_changed,1.0,0.93
b8d8059e9e888e2561ac6cae8f388c92,ed870809cd2e7cf32355e7608ce02d53,pair_formed_by_refactoring,signature_changed,signature_changed,1.0,0.96
b90544a45383e3a8595788c8c9e6e036,cca2d0eb01fa5004d7e088bab5782876,both_added,added,added,,
b926ba93db3d8740cf34abc32c7355b6,e4a7b1cd19891609a0c8a2b6d77918e4,both_added,added,added,,
b9cfcbca417c2c3844f6d1444d722d39,c4889326ef485d0cc50b409097083888,pair_formed_naturally,exact,exact,1.0,1.0
b9e30ee07d4a2c6fa92321971ac71198,be7ab0b31de20b11401126e64f133888,pair_formed_naturally,exact,exact,1.0,1.0
bab09ec669df9914561104286f6d3f9f,be1caea18d561783d8d6b71cd153273e,method_a_added,added,exact,,1.0
bab09ec669df9914561104286f6d3f9f,be4b4254ff070c9df5f8a4f922f3266b,method_a_added,added,exact,,1.0
bab09ec669df9914561104286f6d3f9f,dc2d893f3a213ba8347e841ee3603faa,method_a_added,added,exact,,1.0
bab09ec669df9914561104286f6d3f9f,f43d862f762bba5c9b1fddd4a6081faa,both_added,added,added,,
bacd6b05aef200d8b943cb8aba1b3d0e,ff18555e4100379096cf092a0b86b107,pair_formed_by_refactoring,signature_changed,signature_changed,1.0,1.0
baf909de2b23cb3a6880626b6447ab31,e1702a91e8ee58c6df2ab82f76d88794,pair_formed_naturally,exact,exact,1.0,1.0
bb134f0894f7db180eab9813bc13bcd8,d30faf7176f2c97ff6c5a4d56816d359,pair_formed_naturally,exact,exact,1.0,1.0
bbbae082eb45f67825a9da9e8003a2b6,e1cd4bff8c388cdab403635ba06be85d,pair_formed_naturally,exact,exact,1.0,1.0
bbc8438430dd30b3da2a6cba4311bcb7,f1ae1afdd2f7a0e2487a618af269798e,pair_formed_naturally,exact,exact,1.0,1.0
bbd552d4ef9aeb85b9025767bb88858e,bd666cb26ae417d7c92c2824d6b504d6,pair_formed_naturally,exact,unknown,1.0,
bbd9f38a8529b1400892ae64a60ccb53,bd9430e8a21d0868b94c3e3645ededc8,both_added,added,added,,
bbd9f38a8529b1400892ae64a60ccb53,bda0e7d94d52f58b6e5623cdcd10282e,both_added,added,added,,
bbd9f38a8529b1400892ae64a60ccb53,bf4e9fe513e6e8612215b9673cca5c2b,both_added,added,added,,
bbd9f38a8529b1400892ae64a60ccb53,c1848fc42fb66eed0315371ff3e5b1b8,both_added,added,added,,
bbd9f38a8529b1400892ae64a60ccb53,c25052a98d9cf55c9b0ccb0d6d3ff00e,both_added,added,added,,
bbd9f38a8529b1400892ae64a60ccb53,c3af34e7307ac63f1d6b15fbeb29e0ec,both_added,added,added,,
bbd9f38a8529b1400892ae64a60ccb53,cfb1eccb6a0098d66806fb128fe799bf,both_added,added,added,,
bbd9f38a8529b1400892ae64a60ccb53,d051badb3ec26d22931f36515ac34081,both_added,added,added,,
bbd9f38a8529b1400892ae64a60ccb53,d57844cfca2141f691b6bd239ffdf5c8,both_added,added,added,,
bbd9f38a8529b1400892ae64a60ccb53,d6e35a94b47b2006697f25118a40b150,both_added,added,added,,
bbd9f38a8529b1400892ae64a60ccb53,da7e79277f1ed625300a3db6f5f8a1a4,both_added,added,added,,
bbd9f38a8529b1400892ae64a60ccb53,e079a6ef12cd3063c4f72776682cc645,both_added,added,added,,
bbd9f38a8529b1400892ae64a60ccb53,e7ff88c357c33e69d8773479aeb0cf0e,both_added,added,added,,
bbd9f38a8529b1400892ae64a60ccb53,e9bf1396c1a1cd4d9f9b959e94071271,both_added,added,added,,
bbd9f38a8529b1400892ae64a60ccb53,f7ac4ea59a26952f9abae99254116042,both_added,added,added,,
bbd9f38a8529b1400892ae64a60ccb53,fb84e80c9418312f2f13b209bc655d52,both_added,added,added,,
bbd9f38a8529b1400892ae64a60ccb53,fda369cd62d9f205f3d65805e7757216,both_added,added,added,,
bbd9f38a8529b1400892ae64a60ccb53,ffcedcb56d0c62d515cd0493970966c0,both_added,added,added,,
bc10734b39053ebe6f8b4299d7077e98,cfeb741458f8033f50935d827706ad18,pair_formed_naturally,exact,exact,1.0,1.0
bc10734b39053ebe6f8b4299d7077e98,e3d92380f2effcf2009e34749361b21a,pair_formed_naturally,exact,exact,1.0,1.0
bc388a1c019648472d38f2453ccaf2af,d82cd97ba9ae87ed461e412105a1d625,pair_formed_by_refactoring,signature_changed,signature_changed,0.92,0.99
bc43d6821399946d7a1007789b360f06,f98d83fad2c8cf81c5f72a210d5da0af,pair_formed_naturally,exact,exact,1.0,1.0
bc43d6821399946d7a1007789b360f06,feba051f7dfade557045d7ac3d2ea9fe,pair_formed_naturally,exact,exact,1.0,1.0
bc48b25d38e844268a75882a7000aaad,fcbd43b9d1c030e16f4cd8de5ec9b89c,pair_formed_by_refactoring,signature_changed,signature_changed,0.97,0.97
bc84a2a23f9c30aa600319a5834ccef6,e4ee531dbb76f757df9967c6453ca190,both_added,added,added,,
bc84a2a23f9c30aa600319a5834ccef6,e6f9088eece422b7fe8b38bd67384af7,both_added,added,added,,
bcd9bcef2853467f810110a25b0d3395,d200793c07c1368b296b36e8c6040398,pair_formed_naturally,exact,exact,1.0,1.0
bd6ea6703c5bc8f83ea8ac69d39da502,d808790dc76ca6137441de9b2cbc4c65,both_added,added,added,,
bd9430e8a21d0868b94c3e3645ededc8,bda0e7d94d52f58b6e5623cdcd10282e,both_added,added,added,,
bd9430e8a21d0868b94c3e3645ededc8,bf4e9fe513e6e8612215b9673cca5c2b,both_added,added,added,,
bd9430e8a21d0868b94c3e3645ededc8,c1848fc42fb66eed0315371ff3e5b1b8,both_added,added,added,,
bd9430e8a21d0868b94c3e3645ededc8,c25052a98d9cf55c9b0ccb0d6d3ff00e,both_added,added,added,,
bd9430e8a21d0868b94c3e3645ededc8,c3af34e7307ac63f1d6b15fbeb29e0ec,both_added,added,added,,
bd9430e8a21d0868b94c3e3645ededc8,cfb1eccb6a0098d66806fb128fe799bf,both_added,added,added,,
bd9430e8a21d0868b94c3e3645ededc8,d051badb3ec26d22931f36515ac34081,both_added,added,added,,
bd9430e8a21d0868b94c3e3645ededc8,d57844cfca2141f691b6bd239ffdf5c8,both_added,added,added,,
bd9430e8a21d0868b94c3e3645ededc8,d6e35a94b47b2006697f25118a40b150,both_added,added,added,,
bd9430e8a21d0868b94c3e3645ededc8,da7e79277f1ed625300a3db6f5f8a1a4,both_added,added,added,,
bd9430e8a21d0868b94c3e3645ededc8,e079a6ef12cd3063c4f72776682cc645,both_added,added,added,,
bd9430e8a21d0868b94c3e3645ededc8,e7ff88c357c33e69d8773479aeb0cf0e,both_added,added,added,,
bd9430e8a21d0868b94c3e3645ededc8,e9bf1396c1a1cd4d9f9b959e94071271,both_added,added,added,,
bd9430e8a21d0868b94c3e3645ededc8,f7ac4ea59a26952f9abae99254116042,both_added,added,added,,
bd9430e8a21d0868b94c3e3645ededc8,fb84e80c9418312f2f13b209bc655d52,both_added,added,added,,
bd9430e8a21d0868b94c3e3645ededc8,fda369cd62d9f205f3d65805e7757216,both_added,added,added,,
bd9430e8a21d0868b94c3e3645ededc8,ffcedcb56d0c62d515cd0493970966c0,both_added,added,added,,
bd970423a71944ee10a1063351a7add1,d5eb76b138fa75363afd5ef38fd7cc24,pair_formed_naturally,exact,exact,1.0,1.0
bd9e5496016ea6786aab40f6418632db,efd920bff2762053cd95e03403ab14d9,pair_formed_naturally,exact,exact,1.0,1.0
bda0e7d94d52f58b6e5623cdcd10282e,bf4e9fe513e6e8612215b9673cca5c2b,both_added,added,added,,
bda0e7d94d52f58b6e5623cdcd10282e,c1848fc42fb66eed0315371ff3e5b1b8,both_added,added,added,,
bda0e7d94d52f58b6e5623cdcd10282e,c25052a98d9cf55c9b0ccb0d6d3ff00e,both_added,added,added,,
bda0e7d94d52f58b6e5623cdcd10282e,c3af34e7307ac63f1d6b15fbeb29e0ec,both_added,added,added,,
bda0e7d94d52f58b6e5623cdcd10282e,cfb1eccb6a0098d66806fb128fe799bf,both_added,added,added,,
bda0e7d94d52f58b6e5623cdcd10282e,d57844cfca2141f691b6bd239ffdf5c8,both_added,added,added,,
bda0e7d94d52f58b6e5623cdcd10282e,d655310acb9df0b74fa2764cf71ba588,both_added,added,added,,
bda0e7d94d52f58b6e5623cdcd10282e,d6e35a94b47b2006697f25118a40b150,both_added,added,added,,
bda0e7d94d52f58b6e5623cdcd10282e,da7e79277f1ed625300a3db6f5f8a1a4,both_added,added,added,,
bda0e7d94d52f58b6e5623cdcd10282e,e079a6ef12cd3063c4f72776682cc645,both_added,added,added,,
bda0e7d94d52f58b6e5623cdcd10282e,e7ff88c357c33e69d8773479aeb0cf0e,both_added,added,added,,
bda0e7d94d52f58b6e5623cdcd10282e,e9bf1396c1a1cd4d9f9b959e94071271,both_added,added,added,,
bda0e7d94d52f58b6e5623cdcd10282e,f7ac4ea59a26952f9abae99254116042,both_added,added,added,,
bda0e7d94d52f58b6e5623cdcd10282e,fda369cd62d9f205f3d65805e7757216,both_added,added,added,,
bddea2f2f12826adb850cf479c1e601f,c5cbc66c47ea7b5afccdfd0dff212985,both_added,added,added,,
bddea2f2f12826adb850cf479c1e601f,e44c48fe6f0bc568c771233ba3d18c1b,both_added,added,added,,
be1caea18d561783d8d6b71cd153273e,f43d862f762bba5c9b1fddd4a6081faa,method_b_added,exact,added,1.0,
be4b4254ff070c9df5f8a4f922f3266b,edc0ffaaaf0503e3b49db88add383817,method_b_added,exact,added,1.0,
be4b4254ff070c9df5f8a4f922f3266b,f43d862f762bba5c9b1fddd4a6081faa,method_b_added,exact,added,1.0,
be9bd51557dd9b8d07d4c24a6db50f8f,f27d0cb0bab01f2c83ea64bd73787f98,pair_formed_by_refactoring,signature_changed,exact,0.96,1.0
bee4d77dad120e8db8990da27862e6e3,c0e786e282eb8bf28f18add960f158ca,method_b_added,exact,added,1.0,
bee4d77dad120e8db8990da27862e6e3,e9b0da10b94507473458c0088affba57,method_b_added,exact,added,1.0,
bf0b44631f25bf63c2133b2b1096d292,ff446ec120497deeaaba986649a9a1c3,pair_formed_by_refactoring,signature_changed,signature_changed,0.91,1.0
bf4e9fe513e6e8612215b9673cca5c2b,c1848fc42fb66eed0315371ff3e5b1b8,both_added,added,added,,
bf4e9fe513e6e8612215b9673cca5c2b,c25052a98d9cf55c9b0ccb0d6d3ff00e,both_added,added,added,,
bf4e9fe513e6e8612215b9673cca5c2b,c3af34e7307ac63f1d6b15fbeb29e0ec,both_added,added,added,,
bf4e9fe513e6e8612215b9673cca5c2b,cfb1eccb6a0098d66806fb128fe799bf,both_added,added,added,,
bf4e9fe513e6e8612215b9673cca5c2b,d051badb3ec26d22931f36515ac34081,both_added,added,added,,
bf4e9fe513e6e8612215b9673cca5c2b,d57844cfca2141f691b6bd239ffdf5c8,both_added,added,added,,
bf4e9fe513e6e8612215b9673cca5c2b,d6e35a94b47b2006697f25118a40b150,both_added,added,added,,
bf4e9fe513e6e8612215b9673cca5c2b,da7e79277f1ed625300a3db6f5f8a1a4,both_added,added,added,,
bf4e9fe513e6e8612215b9673cca5c2b,e079a6ef12cd3063c4f72776682cc645,both_added,added,added,,
bf4e9fe513e6e8612215b9673cca5c2b,e7ff88c357c33e69d8773479aeb0cf0e,both_added,added,added,,
bf4e9fe513e6e8612215b9673cca5c2b,e9bf1396c1a1cd4d9f9b959e94071271,both_added,added,added,,
bf4e9fe513e6e8612215b9673cca5c2b,f7ac4ea59a26952f9abae99254116042,both_added,added,added,,
bf4e9fe513e6e8612215b9673cca5c2b,fb84e80c9418312f2f13b209bc655d52,both_added,added,added,,
bf4e9fe513e6e8612215b9673cca5c2b,fda369cd62d9f205f3d65805e7757216,both_added,added,added,,
bf4e9fe513e6e8612215b9673cca5c2b,ffcedcb56d0c62d515cd0493970966c0,both_added,added,added,,
bf5ef88b25f2b6a4a1a9d7b968606d01,e74ae8ab7ed6219ead7ffbdf12cd7f95,both_added,added,added,,
bfc24ff01c9a92fb03fe54d25efe8aa8,f0e0f88a9c14f7a09f40ae7949fccca2,method_b_added,exact,added,1.0,
bfd30f1d7e803dd5e635bc8b4841a3b7,ddbc465a077b7e71cbe08e49fbc32a22,method_b_added,exact,added,1.0,
bff152e2eb21b7499d2f93da066029e7,e6e26290c935d2b459b36a2b8ba564e8,method_a_added,added,unknown,,
bffda02732c9963c931d696af8d30cfb,f1411ddc4e79d8ac20428f1fd06ee75e,both_added,added,added,,
c00cd348b70c2224ae7d353064796aa8,f78adf691e39fae1a372fecbe4e7c2e3,method_a_added,added,unknown,,
c0e09d1201f258d38919ca72257a0bb3,def1f63a2c51a396747d5d672805a5f7,pair_formed_naturally,exact,exact,1.0,1.0
c0e09d1201f258d38919ca72257a0bb3,e97c7a0072bad45f3f1865d48a3bb1d8,pair_formed_naturally,exact,exact,1.0,1.0
c0e786e282eb8bf28f18add960f158ca,d87dc68e4019a8930b2a983a4e851685,method_a_added,added,exact,,1.0
c0e786e282eb8bf28f18add960f158ca,de02b943529137359129494fa4c891d0,both_added,added,added,,
c0e786e282eb8bf28f18add960f158ca,e9b0da10b94507473458c0088affba57,both_added,added,added,,
c0e786e282eb8bf28f18add960f158ca,ecdd4611ac8dba825c5281627eec814d,both_added,added,added,,
c0e786e282eb8bf28f18add960f158ca,f4deb3f50ea83bdf3928a0596d517b4a,both_added,added,added,,
c0e786e282eb8bf28f18add960f158ca,fe165ba2bf445893d15bb207424d673c,both_added,added,added,,
c113e6fec17a8ef19420ab422093cd47,f1b42d2ce501391e370975e3b16f516c,pair_formed_by_refactoring,exact,signature_changed,1.0,1.0
c1211e9761ccb2368ba1b6ebfe0edb1c,d5d28089a0e9c6c92695076654fa4182,pair_formed_by_refactoring,signature_changed,signature_changed,0.97,0.98
c1211e9761ccb2368ba1b6ebfe0edb1c,eb89ae8e8f2567b25de9ff32aca131ca,pair_formed_by_refactoring,signature_changed,signature_changed,0.97,1.0
c1211e9761ccb2368ba1b6ebfe0edb1c,f7c41da2c45aa4a5e0d712065cd4cdb7,pair_formed_by_refactoring,signature_changed,signature_changed,0.97,0.97
c1211e9761ccb2368ba1b6ebfe0edb1c,ffb5c85bf24ef50e36a20364e96b8ca1,pair_formed_by_refactoring,signature_changed,signature_changed,0.97,0.98
c13f2516697c4d7c7c3e5c230a77197e,c5a72a318ac0c190d3fe9d3b97f5ba62,pair_formed_naturally,unknown,unknown,,
c13f2516697c4d7c7c3e5c230a77197e,d6d6c0810cbd7f94127b32aa11b18fdc,method_b_added,unknown,added,,
c13f2516697c4d7c7c3e5c230a77197e,edda894e130693e415f4972f242567ad,pair_formed_naturally,unknown,unknown,,
c13f2516697c4d7c7c3e5c230a77197e,f32651105c9bfb2580594981576891e0,method_b_added,unknown,added,,
c14a44923106b80746cc9b6b56bbb380,edd9f9097ad01f75e37d24fa57fdcdda,method_a_added,added,unknown,,
c1848fc42fb66eed0315371ff3e5b1b8,c25052a98d9cf55c9b0ccb0d6d3ff00e,both_added,added,added,,
c1848fc42fb66eed0315371ff3e5b1b8,c3af34e7307ac63f1d6b15fbeb29e0ec,both_added,added,added,,
c1848fc42fb66eed0315371ff3e5b1b8,cfb1eccb6a0098d66806fb128fe799bf,both_added,added,added,,
c1848fc42fb66eed0315371ff3e5b1b8,d57844cfca2141f691b6bd239ffdf5c8,both_added,added,added,,
c1848fc42fb66eed0315371ff3e5b1b8,d655310acb9df0b74fa2764cf71ba588,both_added,added,added,,
c1848fc42fb66eed0315371ff3e5b1b8,d6e35a94b47b2006697f25118a40b150,both_added,added,added,,
c1848fc42fb66eed0315371ff3e5b1b8,da7e79277f1ed625300a3db6f5f8a1a4,both_added,added,added,,
c1848fc42fb66eed0315371ff3e5b1b8,e079a6ef12cd3063c4f72776682cc645,both_added,added,added,,
c1848fc42fb66eed0315371ff3e5b1b8,e7ff88c357c33e69d8773479aeb0cf0e,both_added,added,added,,
c1848fc42fb66eed0315371ff3e5b1b8,e9bf1396c1a1cd4d9f9b959e94071271,both_added,added,added,,
c1848fc42fb66eed0315371ff3e5b1b8,f7ac4ea59a26952f9abae99254116042,both_added,added,added,,
c1848fc42fb66eed0315371ff3e5b1b8,fda369cd62d9f205f3d65805e7757216,both_added,added,added,,
c2172557c6be5177ee0cb70a0c1efe68,c5f97ca2dea179a621176ae4dff0849f,pair_formed_by_refactoring,renamed,exact,0.97,1.0
c24430fe8c45626941254755295a74cb,ebbb7d0907f87af4083e9998df07aee6,both_added,added,added,,
c25052a98d9cf55c9b0ccb0d6d3ff00e,c3af34e7307ac63f1d6b15fbeb29e0ec,both_added,added,added,,
c25052a98d9cf55c9b0ccb0d6d3ff00e,cfb1eccb6a0098d66806fb128fe799bf,both_added,added,added,,
c25052a98d9cf55c9b0ccb0d6d3ff00e,d57844cfca2141f691b6bd239ffdf5c8,both_added,added,added,,
c25052a98d9cf55c9b0ccb0d6d3ff00e,d655310acb9df0b74fa2764cf71ba588,both_added,added,added,,
c25052a98d9cf55c9b0ccb0d6d3ff00e,d6e35a94b47b2006697f25118a40b150,both_added,added,added,,
c25052a98d9cf55c9b0ccb0d6d3ff00e,da7e79277f1ed625300a3db6f5f8a1a4,both_added,added,added,,
c25052a98d9cf55c9b0ccb0d6d3ff00e,e079a6ef12cd3063c4f72776682cc645,both_added,added,added,,
c25052a98d9cf55c9b0ccb0d6d3ff00e,e7ff88c357c33e69d8773479aeb0cf0e,both_added,added,added,,
c25052a98d9cf55c9b0ccb0d6d3ff00e,e9bf1396c1a1cd4d9f9b959e94071271,both_added,added,added,,
c25052a98d9cf55c9b0ccb0d6d3ff00e,f7ac4ea59a26952f9abae99254116042,both_added,added,added,,
c25052a98d9cf55c9b0ccb0d6d3ff00e,fda369cd62d9f205f3d65805e7757216,both_added,added,added,,
c26b95e4619c642abc7df750bcdfdadd,d3c398dd9eb3eb3fa48171defb4f83ee,both_added,added,added,,
c26b95e4619c642abc7df750bcdfdadd,e65cee3e0c862e70795724520088f960,both_added,added,added,,
c2e41a3c14178bf81869dbaaa49dd800,c2e41a3c14178bf81869dbaaa49dd800,pair_formed_by_refactoring,signature_changed,signature_changed,1.0,1.0
c2e41a3c14178bf81869dbaaa49dd800,daec177f075eccd21a48e87eeb325ae0,pair_formed_by_refactoring,signature_changed,signature_changed,1.0,1.0
c2e41a3c14178bf81869dbaaa49dd800,e702f8f10bfaf76981000dded1e8578b,pair_formed_by_refactoring,signature_changed,exact,1.0,1.0
c3af34e7307ac63f1d6b15fbeb29e0ec,cfb1eccb6a0098d66806fb128fe799bf,both_added,added,added,,
c3af34e7307ac63f1d6b15fbeb29e0ec,d57844cfca2141f691b6bd239ffdf5c8,both_added,added,added,,
c3af34e7307ac63f1d6b15fbeb29e0ec,d655310acb9df0b74fa2764cf71ba588,both_added,added,added,,
c3af34e7307ac63f1d6b15fbeb29e0ec,d6e35a94b47b2006697f25118a40b150,both_added,added,added,,
c3af34e7307ac63f1d6b15fbeb29e0ec,da7e79277f1ed625300a3db6f5f8a1a4,both_added,added,added,,
c3af34e7307ac63f1d6b15fbeb29e0ec,e079a6ef12cd3063c4f72776682cc645,both_added,added,added,,
c3af34e7307ac63f1d6b15fbeb29e0ec,e7ff88c357c33e69d8773479aeb0cf0e,both_added,added,added,,
c3af34e7307ac63f1d6b15fbeb29e0ec,e9bf1396c1a1cd4d9f9b959e94071271,both_added,added,added,,
c3af34e7307ac63f1d6b15fbeb29e0ec,f7ac4ea59a26952f9abae99254116042,both_added,added,added,,
c3af34e7307ac63f1d6b15fbeb29e0ec,fda369cd62d9f205f3d65805e7757216,both_added,added,added,,
c44a483763679668555a9cb81bc095c3,d96089191e0c4cf336e6cd5b05fc7de9,pair_formed_by_refactoring,exact,signature_changed,1.0,0.96
c48de4086a0154014550c8498f384990,dad058a6f1c36566e5d1cd47802ba723,both_added,added,added,,
c48de4086a0154014550c8498f384990,e31e759eccfc8e62576d4266e20e2b4a,method_a_added,added,signature_changed,,0.96
c48de4086a0154014550c8498f384990,e3b4be1c8f14fba71e89c0441fea53e9,both_added,added,added,,
c48de4086a0154014550c8498f384990,faa274d4368a2c2792f087b065fc3cce,both_added,added,added,,
c4a92f40d05dac8bec7c8370094a306a,faad23730838e75ac8b411f025e38a4b,pair_formed_naturally,exact,exact,1.0,1.0
c4b323b51b1f2605d90664208f70c8b0,cda4a424bc35840856c3c33d1733229d,pair_formed_naturally,exact,exact,1.0,1.0
c541d2864e42a3375646aeac25bbd28a,dc2c80f4da8e0943b841f07924b92ca7,pair_formed_naturally,exact,exact,1.0,1.0
c5a72a318ac0c190d3fe9d3b97f5ba62,d6d6c0810cbd7f94127b32aa11b18fdc,method_b_added,unknown,added,,
c5a72a318ac0c190d3fe9d3b97f5ba62,edda894e130693e415f4972f242567ad,pair_formed_naturally,unknown,unknown,,
c5a72a318ac0c190d3fe9d3b97f5ba62,f32651105c9bfb2580594981576891e0,method_b_added,unknown,added,,
c5b387877698b95adbd2faff4557f279,f95e525fb7a00ea68401698b63b0278d,both_added,added,added,,
c5cbc66c47ea7b5afccdfd0dff212985,e44c48fe6f0bc568c771233ba3d18c1b,both_added,added,added,,
c5f602ec96a2b33720fdd97f8c7ed472,f1a8baa343210f188d0ee0cccec50406,method_b_added,exact,added,1.0,
c5f8f1c986c279fc6ae88032416a0e2f,da9090a62b6c40f250156f645895f3dd,method_a_added,added,exact,,1.0
c608861504e22ad4bb0d1f6a8c10efc2,f62fa6cdce66135a4a1fbebfd245c28f,pair_formed_by_refactoring,signature_changed,signature_changed,1.0,0.92
c633a30dd4029a641a7d9b4d2a23098e,e7b4d14e233b5bdb02ec551462a9b7fa,pair_formed_naturally,exact,exact,1.0,1.0
c6660b45790f78eaa80e6d89cddbeeb5,cacb460213bf7934aed2e64f79e10d55,pair_formed_naturally,exact,exact,1.0,1.0
c7066108e5bcd8726a490228080fa865,d6f8e28a9c73bfa99d927bd33dcf95b3,method_b_added,unknown,added,,
c7066108e5bcd8726a490228080fa865,e28dbac997b9be4c66fd6a6a38095e80,method_b_added,unknown,added,,
c70d651a6996f068b513b2a47538de9b,ca9a38d62b07e1978d66523d2b194cfa,pair_formed_naturally,exact,exact,1.0,1.0
c70d651a6996f068b513b2a47538de9b,efb27db69d41551b6f38e30d37578fc3,pair_formed_naturally,exact,exact,1.0,1.0
c77cfc76f7c2c4132b355571866354c4,e92f0dfacb37bbf093dd993c88b31dc3,pair_formed_by_refactoring,signature_changed,exact,0.97,1.0
c838911abe633d145211ff49ecffbb5e,d570a38e01789db11f0d850537dd627c,pair_formed_naturally,exact,exact,1.0,1.0
c894957d5286a05d516c2f81e3ae6e10,ce459a2832e02d42aae192b69f666407,method_b_added,unknown,added,,
c894957d5286a05d516c2f81e3ae6e10,e5edc26bccceccb12f936c699ad0411e,pair_formed_naturally,unknown,unknown,,
c894957d5286a05d516c2f81e3ae6e10,e87eb48877d1c7de9709ec2d94dc2771,method_b_added,unknown,added,,
c894957d5286a05d516c2f81e3ae6e10,ec789f0f926b6cccb1a15984b6464223,method_b_added,unknown,added,,
c894957d5286a05d516c2f81e3ae6e10,f2aae995fce1fe0eb5f787837abedd7c,method_b_added,unknown,added,,
c93b63531a17c9b863a0e73845f5b7bb,decfc25c46e5ec9b48bb69c4bddd4dee,method_a_added,added,signature_changed,,0.98
c93b63531a17c9b863a0e73845f5b7bb,e53e5c3c04727cef77864fc6c541ff91,both_added,added,added,,
ca1a265583468598669efe7db5ad1ce9,f6e396a15c1fc2c03eb9c7726a346ecb,both_added,added,added,,
ca4d879cd7f13083e607799203977cc4,f3be6dfbe3f38635608cd806949eec80,pair_formed_naturally,exact,exact,1.0,1.0
ca76d3ca43d7515ab966e969a2d2dc69,e0235adb50dc3c6d3004fce647c7840a,pair_formed_naturally,exact,exact,1.0,1.0
caba12576dfda42e744d85238052a044,cc8768eddc24a04865d3dcc7b14f7e2b,pair_formed_naturally,exact,exact,1.0,1.0
cb42cf33c9976c7d35b23a10c9288007,d85bc32de55387539c7c9a511abd4129,method_b_added,exact,added,1.0,
cbddf3fcada90b0e0382e43c872af1f6,d861c5d33e7bf1cea5887ce5b709ea79,both_added,added,added,,
cc18f108b1a774d0b2458c949fe3da4c,f1b42d2ce501391e370975e3b16f516c,pair_formed_by_refactoring,signature_changed,signature_changed,0.95,1.0
cc18f108b1a774d0b2458c949fe3da4c,f87e352d8f1f9d945483edb3ee36bbcc,pair_formed_by_refactoring,signature_changed,exact,0.95,1.0
cc38531d567bd3c2191dd1683b153d66,d370a086d95b92fa124162c3a447a305,pair_formed_by_refactoring,signature_changed,exact,0.95,1.0
cc3c5aa4fcc7a2a1411ad8c224082a25,f9136d090a668aea3b5bb69aba9f0150,pair_formed_by_refactoring,signature_changed,exact,1.0,1.0
cd24cdb801df5c63d97374903f9e649d,ce9296a44b9f8519ce4b624b815a3267,pair_formed_by_refactoring,signature_changed,signature_changed,1.0,1.0
cd24cdb801df5c63d97374903f9e649d,f1aa57e9fba6e9640f72bb08dfa32fe2,pair_formed_by_refactoring,signature_changed,signature_changed,1.0,0.97
cd24cdb801df5c63d97374903f9e649d,f7c41da2c45aa4a5e0d712065cd4cdb7,pair_formed_by_refactoring,signature_changed,signature_changed,1.0,0.97
cda4a424bc35840856c3c33d1733229d,e746bd9096f9829b8502569c5297037b,pair_formed_naturally,exact,exact,1.0,1.0
cdb8e9db0d19e6660ded18c674a79098,f96763ff6b5bfc3f420e137d5c6a2da3,pair_formed_naturally,exact,exact,1.0,1.0
ce1b282935c892dc6c99d89a6bdb4767,fbef4c53111dd83a94f97a84cfaa9fad,pair_formed_by_refactoring,exact,signature_changed,1.0,0.99
ce459a2832e02d42aae192b69f666407,e5edc26bccceccb12f936c699ad0411e,method_a_added,added,unknown,,
ce459a2832e02d42aae192b69f666407,e87eb48877d1c7de9709ec2d94dc2771,both_added,added,added,,
ce459a2832e02d42aae192b69f666407,ec789f0f926b6cccb1a15984b6464223,both_added,added,added,,
ce459a2832e02d42aae192b69f666407,f2aae995fce1fe0eb5f787837abedd7c,both_added,added,added,,
ce9296a44b9f8519ce4b624b815a3267,d5d28089a0e9c6c92695076654fa4182,pair_formed_by_refactoring,signature_changed,signature_changed,1.0,0.98
ce9296a44b9f8519ce4b624b815a3267,f1aa57e9fba6e9640f72bb08dfa32fe2,pair_formed_by_refactoring,signature_changed,signature_changed,1.0,0.97
ce9296a44b9f8519ce4b624b815a3267,f7c41da2c45aa4a5e0d712065cd4cdb7,pair_formed_by_refactoring,signature_changed,signature_changed,1.0,0.97
ce9296a44b9f8519ce4b624b815a3267,ffb5c85bf24ef50e36a20364e96b8ca1,pair_formed_by_refactoring,signature_changed,signature_changed,1.0,0.98
cebc86c3eda2d9d83e61921b812be781,ffcdf10d7fd9bbbb0b127029dac8f049,both_added,added,added,,
cecc2c0dea228b9f014cf2a24aada5f5,fc2fdb740d7923a0e511dd94f94331fc,both_added,added,added,,
cece51372fc4e141f5c17b17c27b277f,f0cce6612259b0ad8edc16cc8c4cfd79,pair_formed_by_refactoring,exact,signature_changed,1.0,1.0
cf348ed5dd0fdea072099cd85c503699,f008efa4ac042900bc653d9441ca7f4d,pair_formed_naturally,exact,exact,1.0,1.0
cf348ed5dd0fdea072099cd85c503699,f8c6ebac08b3adc8162221124ccfb4c4,pair_formed_naturally,exact,exact,1.0,1.0
cf452e0f4d80b6d33eb683986b8bfbba,fb5d5931a55a4b5302f246c9dcf9d51c,pair_formed_naturally,exact,exact,1.0,1.0
cfb1eccb6a0098d66806fb128fe799bf,d051badb3ec26d22931f36515ac34081,both_added,added,added,,
cfb1eccb6a0098d66806fb128fe799bf,d57844cfca2141f691b6bd239ffdf5c8,both_added,added,added,,
cfb1eccb6a0098d66806fb128fe799bf,d6e35a94b47b2006697f25118a40b150,both_added,added,added,,
cfb1eccb6a0098d66806fb128fe799bf,da7e79277f1ed625300a3db6f5f8a1a4,both_added,added,added,,
cfb1eccb6a0098d66806fb128fe799bf,e079a6ef12cd3063c4f72776682cc645,both_added,added,added,,
cfb1eccb6a0098d66806fb128fe799bf,e7ff88c357c33e69d8773479aeb0cf0e,both_added,added,added,,
cfb1eccb6a0098d66806fb128fe799bf,e9bf1396c1a1cd4d9f9b959e94071271,both_added,added,added,,
cfb1eccb6a0098d66806fb128fe799bf,f7ac4ea59a26952f9abae99254116042,both_added,added,added,,
cfb1eccb6a0098d66806fb128fe799bf,fb84e80c9418312f2f13b209bc655d52,both_added,added,added,,
cfb1eccb6a0098d66806fb128fe799bf,fda369cd62d9f205f3d65805e7757216,both_added,added,added,,
cfb1eccb6a0098d66806fb128fe799bf,ffcedcb56d0c62d515cd0493970966c0,both_added,added,added,,
cfeb741458f8033f50935d827706ad18,e3d92380f2effcf2009e34749361b21a,pair_formed_naturally,exact,exact,1.0,1.0
d03e46853866d047699b84faed0f2205,f5ea24ca55a30fc58b160b23e60e51a7,pair_formed_naturally,exact,exact,1.0,1.0
d051badb3ec26d22931f36515ac34081,d57844cfca2141f691b6bd239ffdf5c8,both_added,added,added,,
d051badb3ec26d22931f36515ac34081,da7e79277f1ed625300a3db6f5f8a1a4,both_added,added,added,,
d051badb3ec26d22931f36515ac34081,e079a6ef12cd3063c4f72776682cc645,both_added,added,added,,
d051badb3ec26d22931f36515ac34081,e7ff88c357c33e69d8773479aeb0cf0e,both_added,added,added,,
d051badb3ec26d22931f36515ac34081,fb84e80c9418312f2f13b209bc655d52,both_added,added,added,,
d051badb3ec26d22931f36515ac34081,ffcedcb56d0c62d515cd0493970966c0,both_added,added,added,,
d0d0fc3f2482fd25055452a420200a5b,e97b68fe7ffb60ee308e32b087479a8c,pair_formed_by_refactoring,signature_changed,exact,1.0,1.0
d11e247a53890ee2e5ed0562d9be49c1,e912add67c4ef1e51cb1d71f86138ec3,pair_formed_naturally,unknown,unknown,,
d11e247a53890ee2e5ed0562d9be49c1,fdce1729c2e2e88fefe059a0634e51b6,pair_formed_naturally,unknown,unknown,,
d1623c4215f13e892d7c83ac300341f7,e2d3832298c9bd22d0bf1bc71eae5050,pair_formed_by_refactoring,exact,signature_changed,1.0,1.0
d1d08b03e0b9ea4a163286644135e5ce,d43fc3d3ec0a589ebc913f57503ff99a,pair_formed_by_refactoring,signature_changed,exact,0.92,1.0
d1d08b03e0b9ea4a163286644135e5ce,f2835f849e1092dc2bf435c4bd5a0571,pair_formed_by_refactoring,signature_changed,exact,0.92,1.0
d3092daa57ed238b4915b3c747afb4b0,f2c29d029ce38d1ef5da060acaa53426,pair_formed_naturally,exact,exact,1.0,1.0
d3515a3abb59762cf1a81c707a86e31b,eebc8d8b78ac1275144286a8ce9ad740,pair_formed_by_refactoring,exact,signature_changed,1.0,1.0
d36791934f3b32400236665f3d4bc07b,dd2852227e537fafda2ed57fff635e25,pair_formed_naturally,unknown,unknown,,
d36791934f3b32400236665f3d4bc07b,fb5b4978e88cd9df4b2ea00ce5ebdb1a,pair_formed_naturally,unknown,unknown,,
d3c398dd9eb3eb3fa48171defb4f83ee,e65cee3e0c862e70795724520088f960,both_added,added,added,,
d42239dfed4ebb2b0dc1aa234c38ef1e,d48d52357f1b6d7e710207534bb60cf0,pair_formed_naturally,exact,exact,1.0,1.0
d42239dfed4ebb2b0dc1aa234c38ef1e,e6dc3d85979107eebcc0a7edae3b87a4,pair_formed_naturally,exact,exact,1.0,1.0
d527a8f11727867723f42987e0f9cad3,f6b2ba98f5d84e620d69ae2aa1efd9e6,pair_formed_by_refactoring,exact,signature_changed,1.0,1.0
d554a02d3198f76f83bcd35917f64ccd,e12d6c9df3e4c266743554920dcb6d91,pair_formed_by_refactoring,signature_changed,signature_changed,1.0,1.0
d57844cfca2141f691b6bd239ffdf5c8,d6e35a94b47b2006697f25118a40b150,both_added,added,added,,
d57844cfca2141f691b6bd239ffdf5c8,da7e79277f1ed625300a3db6f5f8a1a4,both_added,added,added,,
d57844cfca2141f691b6bd239ffdf5c8,e079a6ef12cd3063c4f72776682cc645,both_added,added,added,,
d57844cfca2141f691b6bd239ffdf5c8,e7ff88c357c33e69d8773479aeb0cf0e,both_added,added,added,,
d57844cfca2141f691b6bd239ffdf5c8,e9bf1396c1a1cd4d9f9b959e94071271,both_added,added,added,,
d57844cfca2141f691b6bd239ffdf5c8,f7ac4ea59a26952f9abae99254116042,both_added,added,added,,
d57844cfca2141f691b6bd239ffdf5c8,fb84e80c9418312f2f13b209bc655d52,both_added,added,added,,
d57844cfca2141f691b6bd239ffdf5c8,fda369cd62d9f205f3d65805e7757216,both_added,added,added,,
d57844cfca2141f691b6bd239ffdf5c8,ffcedcb56d0c62d515cd0493970966c0,both_added,added,added,,
d5d28089a0e9c6c92695076654fa4182,ffb5c85bf24ef50e36a20364e96b8ca1,pair_formed_by_refactoring,signature_changed,signature_changed,0.98,0.98
d655310acb9df0b74fa2764cf71ba588,d6e35a94b47b2006697f25118a40b150,both_added,added,added,,
d655310acb9df0b74fa2764cf71ba588,e9bf1396c1a1cd4d9f9b959e94071271,both_added,added,added,,
d655310acb9df0b74fa2764cf71ba588,ecdd4611ac8dba825c5281627eec814d,both_added,added,added,,
d655310acb9df0b74fa2764cf71ba588,f7ac4ea59a26952f9abae99254116042,both_added,added,added,,
d655310acb9df0b74fa2764cf71ba588,fda369cd62d9f205f3d65805e7757216,both_added,added,added,,
d658bcf28e1588c8afffb29a787d1339,eebc8d8b78ac1275144286a8ce9ad740,pair_formed_by_refactoring,signature_changed,signature_changed,1.0,1.0
d658bcf28e1588c8afffb29a787d1339,f8782cf524a1b54b45da0c5ec96cecf7,method_b_added,signature_changed,added,1.0,
d69f903ce368dfbc7e295214f5f2d602,f4116a0a18d4d65bff92813c187c70e1,method_a_added,added,exact,,1.0
d6c197508c2ce62b8df7a3ecf662a7ef,ecdd4611ac8dba825c5281627eec814d,both_added,added,added,,
d6d6c0810cbd7f94127b32aa11b18fdc,d6d6c0810cbd7f94127b32aa11b18fdc,both_added,added,added,,
d6d6c0810cbd7f94127b32aa11b18fdc,edda894e130693e415f4972f242567ad,method_a_added,added,unknown,,
d6d6c0810cbd7f94127b32aa11b18fdc,f32651105c9bfb2580594981576891e0,both_added,added,added,,
d6e1266ba97db0a6254aef837638999c,f6384ef959c037e8210b3514275b5db8,pair_formed_by_refactoring,signature_changed,signature_changed,0.91,0.88
d6e35a94b47b2006697f25118a40b150,da7e79277f1ed625300a3db6f5f8a1a4,both_added,added,added,,
d6e35a94b47b2006697f25118a40b150,e079a6ef12cd3063c4f72776682cc645,both_added,added,added,,
d6e35a94b47b2006697f25118a40b150,e7ff88c357c33e69d8773479aeb0cf0e,both_added,added,added,,
d6e35a94b47b2006697f25118a40b150,e9bf1396c1a1cd4d9f9b959e94071271,both_added,added,added,,
d6e35a94b47b2006697f25118a40b150,f7ac4ea59a26952f9abae99254116042,both_added,added,added,,
d6e35a94b47b2006697f25118a40b150,fda369cd62d9f205f3d65805e7757216,both_added,added,added,,
d6e990d2a80bac1c1f25bb1eac8de3c2,f248adaa9e4bfc481d46ea2908ca1f7f,pair_formed_by_refactoring,signature_changed,exact,1.0,1.0
d6f8e28a9c73bfa99d927bd33dcf95b3,e28dbac997b9be4c66fd6a6a38095e80,both_added,added,added,,
d79e2943afa8300b55736662220f339b,e96e9702db87c221c805a705a5db7ec8,both_added,added,added,,
d7cc27eecd6c7850bb1ac831901308a5,e31e759eccfc8e62576d4266e20e2b4a,pair_formed_by_refactoring,signature_changed,signature_changed,0.93,0.96
d87dc68e4019a8930b2a983a4e851685,e9b0da10b94507473458c0088affba57,method_b_added,exact,added,1.0,
d94abc308f54af93bbdde0a2fcb703c3,de02b943529137359129494fa4c891d0,both_added,added,added,,
d94abc308f54af93bbdde0a2fcb703c3,f97eb40d7cb98c2ec9244b3196a2c0a0,both_added,added,added,,
d94abc308f54af93bbdde0a2fcb703c3,fc2fdb740d7923a0e511dd94f94331fc,both_added,added,added,,
d951b4fb2c6db6d9a1311574c6dc3671,f1cf0f88d23099428c04391f7b5b5b41,both_added,added,added,,
d99a0c912f9ce9e5ba56f625bc3f359a,f6e4defeee35da4cc74fd65520b8cccd,pair_formed_by_refactoring,exact,signature_changed,1.0,0.96
d9c8b48bb1dcf091bd0f25899302a193,e5484ee179e932b83297ae9ee3d34b8d,pair_formed_by_refactoring,signature_changed,signature_changed,1.0,1.0
da352c94abea9d4f9b49f409000a2f2f,e9b0da10b94507473458c0088affba57,both_added,added,added,,
da352c94abea9d4f9b49f409000a2f2f,ecdd4611ac8dba825c5281627eec814d,both_added,added,added,,
da352c94abea9d4f9b49f409000a2f2f,fc2fdb740d7923a0e511dd94f94331fc,both_added,added,added,,
da6a8aae440567e3b87599250cfc9daf,fb56b8b200a9866d5a5577e16c817de0,pair_formed_naturally,exact,exact,1.0,1.0
da7d9ba9f6a249f050179641b56dfa42,dc2c80f4da8e0943b841f07924b92ca7,pair_formed_naturally,exact,exact,1.0,1.0
da7d9ba9f6a249f050179641b56dfa42,ec8b3a787158b8e70e49b66fcdcfb95c,pair_formed_naturally,exact,exact,1.0,1.0
da7e79277f1ed625300a3db6f5f8a1a4,e079a6ef12cd3063c4f72776682cc645,both_added,added,added,,
da7e79277f1ed625300a3db6f5f8a1a4,e7ff88c357c33e69d8773479aeb0cf0e,both_added,added,added,,
da7e79277f1ed625300a3db6f5f8a1a4,e9bf1396c1a1cd4d9f9b959e94071271,both_added,added,added,,
da7e79277f1ed625300a3db6f5f8a1a4,f7ac4ea59a26952f9abae99254116042,both_added,added,added,,
da7e79277f1ed625300a3db6f5f8a1a4,fb84e80c9418312f2f13b209bc655d52,both_added,added,added,,
da7e79277f1ed625300a3db6f5f8a1a4,fda369cd62d9f205f3d65805e7757216,both_added,added,added,,
da7e79277f1ed625300a3db6f5f8a1a4,ffcedcb56d0c62d515cd0493970966c0,both_added,added,added,,
daacee2ffb63a17016bbb1104f03d317,e418390aa98793901f0ea963c4ba4694,method_b_added,signature_changed,added,1.0,
dad058a6f1c36566e5d1cd47802ba723,e3b4be1c8f14fba71e89c0441fea53e9,both_added,added,added,,
dad058a6f1c36566e5d1cd47802ba723,faa274d4368a2c2792f087b065fc3cce,both_added,added,added,,
daec177f075eccd21a48e87eeb325ae0,e702f8f10bfaf76981000dded1e8578b,pair_formed_by_refactoring,signature_changed,exact,1.0,1.0
dc159003c86936d34a5d06366be3bb16,eefa80e0a25b2c6eb983bbb1cc1740f3,pair_formed_by_refactoring,signature_changed,signature_changed,1.0,1.0
dc2c80f4da8e0943b841f07924b92ca7,e057ddb71eaa9ca1723921ef97999ef7,pair_formed_naturally,exact,exact,1.0,1.0
dc2d893f3a213ba8347e841ee3603faa,edc0ffaaaf0503e3b49db88add383817,method_b_added,exact,added,1.0,
dc2d893f3a213ba8347e841ee3603faa,f43d862f762bba5c9b1fddd4a6081faa,method_b_added,exact,added,1.0,
dc7e0ded0a5f5f3c87ad3009c4d2ff56,ef2d02f999c866b6d100683501de23f2,pair_formed_naturally,exact,exact,1.0,1.0
dc83212f4bb634136ec5fc56db782f36,e4e4217e547842bb49a4284bedf9f405,pair_formed_by_refactoring,signature_changed,signature_changed,1.0,0.93
dc83212f4bb634136ec5fc56db782f36,ed870809cd2e7cf32355e7608ce02d53,pair_formed_by_refactoring,signature_changed,signature_changed,1.0,0.96
dcf322c0e3ca5bdf15dc138082223db1,ec9f88f09f95d155923add41516a504a,method_a_added,added,exact,,1.0
dd2852227e537fafda2ed57fff635e25,fb5b4978e88cd9df4b2ea00ce5ebdb1a,pair_formed_naturally,unknown,unknown,,
dda32c99206ece1f158c18e4c1a0ea4e,e434df6cd6f48870b20d2fd1aa0ebd9c,pair_formed_by_refactoring,exact,renamed,1.0,0.94
ddc08068bb36bf5d6dc556859d2c6094,e327494f0ad4da8e28ced9d03fcfff5b,pair_formed_by_refactoring,signature_changed,exact,0.98,1.0
de02b943529137359129494fa4c891d0,e9b0da10b94507473458c0088affba57,both_added,added,added,,
de02b943529137359129494fa4c891d0,ecdd4611ac8dba825c5281627eec814d,both_added,added,added,,
de02b943529137359129494fa4c891d0,f97eb40d7cb98c2ec9244b3196a2c0a0,both_added,added,added,,
de02b943529137359129494fa4c891d0,fc2fdb740d7923a0e511dd94f94331fc,both_added,added,added,,
de4326733a14f65f080fdb835cdb7336,e4847600a0a60d506a3caf963609e849,pair_formed_naturally,exact,exact,1.0,1.0
de7e97f07df2fc21edbdc76839a0f1e2,e448c4cd1a0e7ba210acf8358895e6eb,pair_formed_naturally,exact,exact,1.0,1.0
de7e97f07df2fc21edbdc76839a0f1e2,e8ba27d37963c50e801a8f61211cbb12,pair_formed_naturally,exact,exact,1.0,1.0
decfc25c46e5ec9b48bb69c4bddd4dee,e53e5c3c04727cef77864fc6c541ff91,method_b_added,signature_changed,added,0.98,
def1f63a2c51a396747d5d672805a5f7,e97c7a0072bad45f3f1865d48a3bb1d8,pair_formed_naturally,exact,exact,1.0,1.0
df0b55e53029d3304b7d77642f879ca2,f1b42d2ce501391e370975e3b16f516c,pair_formed_by_refactoring,signature_changed,signature_changed,0.96,1.0
df971475624ece758c85ab47660fd699,fb5d5931a55a4b5302f246c9dcf9d51c,pair_formed_naturally,exact,exact,1.0,1.0
e079a6ef12cd3063c4f72776682cc645,e7ff88c357c33e69d8773479aeb0cf0e,both_added,added,added,,
e079a6ef12cd3063c4f72776682cc645,e9bf1396c1a1cd4d9f9b959e94071271,both_added,added,added,,
e079a6ef12cd3063c4f72776682cc645,f7ac4ea59a26952f9abae99254116042,both_added,added,added,,
e079a6ef12cd3063c4f72776682cc645,fb84e80c9418312f2f13b209bc655d52,both_added,added,added,,
e079a6ef12cd3063c4f72776682cc645,fda369cd62d9f205f3d65805e7757216,both_added,added,added,,
e079a6ef12cd3063c4f72776682cc645,ffcedcb56d0c62d515cd0493970966c0,both_added,added,added,,
e12d6c9df3e4c266743554920dcb6d91,eb89ae8e8f2567b25de9ff32aca131ca,pair_formed_by_refactoring,signature_changed,signature_changed,1.0,1.0
e12d6c9df3e4c266743554920dcb6d91,ffb5c85bf24ef50e36a20364e96b8ca1,pair_formed_by_refactoring,signature_changed,signature_changed,1.0,0.98
e219df68f8160bc2eba8ba11422c1e74,edf1ed7a0aa8d1228b1d09d6fc6cdf4c,both_added,added,added,,
e31e759eccfc8e62576d4266e20e2b4a,e3b4be1c8f14fba71e89c0441fea53e9,method_b_added,signature_changed,added,0.96,
e31e759eccfc8e62576d4266e20e2b4a,fb6d73ab9b3faf1dce5760f154e1e45a,pair_formed_by_refactoring,signature_changed,signature_changed,0.96,1.0
e345f7de0a861bc022233c780f67ac3a,e8f1ab78f0246f788ffd632044dd2263,method_a_added,added,exact,,1.0
e3b4be1c8f14fba71e89c0441fea53e9,faa274d4368a2c2792f087b065fc3cce,both_added,added,added,,
e448c4cd1a0e7ba210acf8358895e6eb,e8ba27d37963c50e801a8f61211cbb12,pair_formed_naturally,exact,exact,1.0,1.0
e4b90f5d9d1177f7a624b84d039f1e1b,f454a6d6a36906b6eb73d7a7637b106b,pair_formed_naturally,exact,exact,1.0,1.0
e4e4217e547842bb49a4284bedf9f405,ed870809cd2e7cf32355e7608ce02d53,pair_formed_by_refactoring,signature_changed,signature_changed,0.93,0.96
e4ee531dbb76f757df9967c6453ca190,e6f9088eece422b7fe8b38bd67384af7,both_added,added,added,,
e4fa69a75219d6cb898442d78f2a6c83,f58f9dd62b5045ad8af0cdf0d25f7adf,pair_formed_by_refactoring,signature_changed,signature_changed,1.0,1.0
e5edc26bccceccb12f936c699ad0411e,e87eb48877d1c7de9709ec2d94dc2771,method_b_added,unknown,added,,
e5edc26bccceccb12f936c699ad0411e,ec789f0f926b6cccb1a15984b6464223,method_b_added,unknown,added,,
e5edc26bccceccb12f936c699ad0411e,f2aae995fce1fe0eb5f787837abedd7c,method_b_added,unknown,added,,
e6fec0d73d95211be51d2f2dfb415ab6,f6ed98114e4cd5e3a6de5ff22b9ba502,pair_formed_naturally,exact,exact,1.0,1.0
e7ff88c357c33e69d8773479aeb0cf0e,e9bf1396c1a1cd4d9f9b959e94071271,both_added,added,added,,
e7ff88c357c33e69d8773479aeb0cf0e,f7ac4ea59a26952f9abae99254116042,both_added,added,added,,
e7ff88c357c33e69d8773479aeb0cf0e,fb84e80c9418312f2f13b209bc655d52,both_added,added,added,,
e7ff88c357c33e69d8773479aeb0cf0e,fda369cd62d9f205f3d65805e7757216,both_added,added,added,,
e7ff88c357c33e69d8773479aeb0cf0e,ffcedcb56d0c62d515cd0493970966c0,both_added,added,added,,
e87eb48877d1c7de9709ec2d94dc2771,ec789f0f926b6cccb1a15984b6464223,both_added,added,added,,
e87eb48877d1c7de9709ec2d94dc2771,f2aae995fce1fe0eb5f787837abedd7c,both_added,added,added,,
e912add67c4ef1e51cb1d71f86138ec3,fdce1729c2e2e88fefe059a0634e51b6,pair_formed_naturally,unknown,unknown,,
e91bb22424b04278fb0c11f4c2cab27e,ef8c52c377e83f3ed399cd036bd74ec3,both_added,added,added,,
e943f3603e74322b7a6535d099325b35,fd7f89c58f56f962a3e4e964b9d7465f,method_b_added,exact,added,1.0,
e96e9702db87c221c805a705a5db7ec8,f95e525fb7a00ea68401698b63b0278d,both_added,added,added,,
e9b0da10b94507473458c0088affba57,ecdd4611ac8dba825c5281627eec814d,both_added,added,added,,
e9b0da10b94507473458c0088affba57,f4deb3f50ea83bdf3928a0596d517b4a,both_added,added,added,,
e9b0da10b94507473458c0088affba57,fe165ba2bf445893d15bb207424d673c,both_added,added,added,,
e9bf1396c1a1cd4d9f9b959e94071271,f7ac4ea59a26952f9abae99254116042,both_added,added,added,,
e9bf1396c1a1cd4d9f9b959e94071271,fda369cd62d9f205f3d65805e7757216,both_added,added,added,,
eb82126b4407a918cae89a9b142f5323,fa1df91a7a166828d02f10f348a549f5,pair_formed_naturally,exact,exact,1.0,1.0
ebdb5bb7f20a7f3975b809b36e707a99,fa76da05a2be44dbc0b72fea761e64c2,pair_formed_naturally,exact,exact,1.0,1.0
ec789f0f926b6cccb1a15984b6464223,f2aae995fce1fe0eb5f787837abedd7c,both_added,added,added,,
ecdd4611ac8dba825c5281627eec814d,f4deb3f50ea83bdf3928a0596d517b4a,both_added,added,added,,
edc0ffaaaf0503e3b49db88add383817,f43d862f762bba5c9b1fddd4a6081faa,both_added,added,added,,
edda894e130693e415f4972f242567ad,f32651105c9bfb2580594981576891e0,method_b_added,unknown,added,,
f008efa4ac042900bc653d9441ca7f4d,f8c6ebac08b3adc8162221124ccfb4c4,pair_formed_naturally,exact,exact,1.0,1.0
f0910196f091294565b4b8b5cc4ef54c,fbe4238db71e4e6e122ef216c1575700,pair_formed_naturally,exact,exact,1.0,1.0
f189a0042f131ef2af5deb6a1cc8deac,fd7f89c58f56f962a3e4e964b9d7465f,method_b_added,exact,added,1.0,
f1a8baa343210f188d0ee0cccec50406,f20bf53ccdd48f6a40c75cb97498af65,method_a_added,added,exact,,1.0
f1aa57e9fba6e9640f72bb08dfa32fe2,f7c41da2c45aa4a5e0d712065cd4cdb7,pair_formed_by_refactoring,signature_changed,signature_changed,0.97,0.97
f1b42d2ce501391e370975e3b16f516c,f39c410805856970849b9fc0772ae260,pair_formed_by_refactoring,signature_changed,exact,1.0,1.0
f24efd0bfea49fd52002ff1cd20c56a9,f652cacc70fd4b73d0018133549690c7,both_added,added,added,,
f4deb3f50ea83bdf3928a0596d517b4a,f97eb40d7cb98c2ec9244b3196a2c0a0,both_added,added,added,,
f6cc86f578af8864b516456d67d6abca,fa954743496d7732ae06ea285a995c32,method_b_added,exact,added,1.0,
f7575e8882da801177f35e977d9bad7f,fff049b1f297e69ab85c58feb2542efb,pair_formed_naturally,exact,exact,1.0,1.0
f7ac4ea59a26952f9abae99254116042,fda369cd62d9f205f3d65805e7757216,both_added,added,added,,
f7f57c9187d4499d190be443c4f02e22,faad23730838e75ac8b411f025e38a4b,pair_formed_naturally,exact,exact,1.0,1.0
f97eb40d7cb98c2ec9244b3196a2c0a0,fe165ba2bf445893d15bb207424d673c,both_added,added,added,,
fad61701302857e14959c1403d10743a,fcdc5de6482b8e1d91207869f8891724,both_added,added,added,,
fb84e80c9418312f2f13b209bc655d52,ffcedcb56d0c62d515cd0493970966c0,both_added,added,added,,
fc085adf5682516dc3dd4f065097b25e,fddf5e7ac5bb9fbd0efbae254ad729af,method_b_added,exact,added,1.0,
