method_a,method_b
000800d80d1a1e2794675e80c0bfc749,0099f215ab75eb244df06317ba4ca785
000800d80d1a1e2794675e80c0bfc749,257f57eaa5b9fd33227b73917e06cce4
000800d80d1a1e2794675e80c0bfc749,732086653f776c9992a99cb87038458d
000800d80d1a1e2794675e80c0bfc749,aa7d4045e8d65f2e3db4551ee75de2c4
000800d80d1a1e2794675e80c0bfc749,af42bed76f614419d588eb3c65769f97
000800d80d1a1e2794675e80c0bfc749,bdd33027225abbf09848381b0d8fa9dc
000800d80d1a1e2794675e80c0bfc749,d5bb793ab99d65ae74029a023995ca07
000800d80d1a1e2794675e80c0bfc749,fec92133031f6cff885e6ecf7cdde342
0036d1bc6c879f086f1aa07bc80503b1,6ae106e0569f344a8839ab11c6a6111b
0036d1bc6c879f086f1aa07bc80503b1,9eaa473b25525c86c47453b920ed0ec1
0044f157f9ed4f298a6e7d3652a351a9,73dc77fe998b45dd279a9600a53d79ca
005b83a12cd07f15a91472231d41b30d,ee151dac760875e8a820a90c69cedfae
009246da6b97470c959428ed382520a8,4a57f908a7304a17725c10bed38b56e7
009246da6b97470c959428ed382520a8,64be616c12163440b0b15836c7ef6f58
0099847a5382091d81eadef92364cff8,f02178d0569fd0709ac48045456eb435
0099f215ab75eb244df06317ba4ca785,018efa9071b234ce3fd220949d376304
0099f215ab75eb244df06317ba4ca785,03bdadfd64bad7fadb9e728824d03726
0099f215ab75eb244df06317ba4ca785,0b69d58c6f5b14cb374264ca5bf061c8
0099f215ab75eb244df06317ba4ca785,0d784eeae7bfd5e10b9e04e879658b53
0099f215ab75eb244df06317ba4ca785,0f76e1b93552a65c385550c8a0f7dc34
0099f215ab75eb244df06317ba4ca785,11aa39c1890aab1617757828f761cf7a
0099f215ab75eb244df06317ba4ca785,2c78681e56a6dbabd273c6922350711c
0099f215ab75eb244df06317ba4ca785,3ad30b03b3d23ac6b5f5d57906353375
0099f215ab75eb244df06317ba4ca785,3d45174a13d1be4bf23ca8d7ca10e8f3
0099f215ab75eb244df06317ba4ca785,42068cb1893948dfbff846ea18775306
0099f215ab75eb244df06317ba4ca785,5fbb3dde9fb1caa89a23771f5f9a9b1c
0099f215ab75eb244df06317ba4ca785,617a9cf79697c0a24bb2960fa00587b1
0099f215ab75eb244df06317ba4ca785,62e01423cfc59329b6acb874696c0590
0099f215ab75eb244df06317ba4ca785,63cf86aa8f00483221555d97e8c6ccbf
0099f215ab75eb244df06317ba4ca785,6a7f5ff621d20a43a9d19340bef3db1a
0099f215ab75eb244df06317ba4ca785,6ac048a47fe6abf40205dd46d4bfad09
0099f215ab75eb244df06317ba4ca785,70f3c384edbdaf6fe778ebf5889cd726
0099f215ab75eb244df06317ba4ca785,732086653f776c9992a99cb87038458d
0099f215ab75eb244df06317ba4ca785,74137bf27a2b38b4cf3d04091ffdb98b
0099f215ab75eb244df06317ba4ca785,767d4f2d3911c149a5c99e9200e09f31
0099f215ab75eb244df06317ba4ca785,81b4d775b96c465bff5c607f9b8c2a3d
0099f215ab75eb244df06317ba4ca785,89f40506bdbb16ebd103b12766758db7
0099f215ab75eb244df06317ba4ca785,902c9f1f61e83171325e1a792f2ecae1
0099f215ab75eb244df06317ba4ca785,9618897eccacf463c5528d3d095ce177
0099f215ab75eb244df06317ba4ca785,a02cf644bc5118e5e473829862bc5886
0099f215ab75eb244df06317ba4ca785,a7a4b5bf23cb560d08106ef75e1c73f8
0099f215ab75eb244df06317ba4ca785,a9c578c0edc5e3fc3c13c13810322dbd
0099f215ab75eb244df06317ba4ca785,af42bed76f614419d588eb3c65769f97
0099f215ab75eb244df06317ba4ca785,c23d5f76ef396a0f520ca6c677dccc1f
0099f215ab75eb244df06317ba4ca785,cfe1ac5b7858b370c320c67133b10c14
0099f215ab75eb244df06317ba4ca785,d5bb793ab99d65ae74029a023995ca07
0099f215ab75eb244df06317ba4ca785,da2ae411a236d52fa1e62a224bb1e88a
0099f215ab75eb244df06317ba4ca785,dd720a31ae01f8066abe782818b59699
0099f215ab75eb244df06317ba4ca785,e26cbfd279ccdfeee9afb60a5568595e
0099f215ab75eb244df06317ba4ca785,ec7faeeeb7e9eac31559b3cbcff9a4b3
0099f215ab75eb244df06317ba4ca785,efe94917387a9794795e7fc79557dffa
0099f215ab75eb244df06317ba4ca785,fabd6966abaabe52f19e44a088986cda
0108ab53c9c81610361d15484a926615,12fc46fda274937e2c37d7f6b95fb80b
0108ab53c9c81610361d15484a926615,b751d2d713a7fc98a69a33bc4f871e47
01091df04546cd5f37eb38bf807a3c9b,38cf4f0617fa4778f1991de19ad9546d
011c20b69a02780f0c3f2ae0f8d09a07,d99a0c912f9ce9e5ba56f625bc3f359a
011d47deeb94a8fe1d650dcacb88ead6,0a9f3a2319c6edf4e1fe3612eb5179bc
011d47deeb94a8fe1d650dcacb88ead6,be0b1935cc7c9ca4536d4eab0fb35d68
011d47deeb94a8fe1d650dcacb88ead6,c83f1dea18f9731b69cd139bc67c3580
0144bad02a7c3e5aa78b7fb07af42057,d6ac4d10f39e78bbfb6de0670d06519f
0144bad02a7c3e5aa78b7fb07af42057,dd8978ab2eec6af847718854fd89937d
014ba640171a9a2d7edb5c95c7c9335c,6dca07791b79b847b38817ec19d5563a
015525bce608f5521b93d8eadd0b7ef8,6d8fcf7c342950df2ff53571e4c5ad8c
015525bce608f5521b93d8eadd0b7ef8,9701715954dcca3a423a6f32c2e4fcf9
0187cb8df3529e131ba9d57baa4147ee,056e2750d47d1bfd271cfe254bed4c05
0187cb8df3529e131ba9d57baa4147ee,6b41ae306cd72288919afcc850f5fc78
0187cb8df3529e131ba9d57baa4147ee,acd41a14043477e17fd60d2e0771845a
018efa9071b234ce3fd220949d376304,0d784eeae7bfd5e10b9e04e879658b53
018efa9071b234ce3fd220949d376304,0f76e1b93552a65c385550c8a0f7dc34
018efa9071b234ce3fd220949d376304,11aa39c1890aab1617757828f761cf7a
018efa9071b234ce3fd220949d376304,28f6b21c0ce59f203fb2092ad47e0f5c
018efa9071b234ce3fd220949d376304,2d8c0ef830128a67a0a12356d985fac5
018efa9071b234ce3fd220949d376304,3b7f7686fa74da7033f77038411fc007
018efa9071b234ce3fd220949d376304,42068cb1893948dfbff846ea18775306
018efa9071b234ce3fd220949d376304,5fbb3dde9fb1caa89a23771f5f9a9b1c
018efa9071b234ce3fd220949d376304,62e01423cfc59329b6acb874696c0590
018efa9071b234ce3fd220949d376304,6ac048a47fe6abf40205dd46d4bfad09
018efa9071b234ce3fd220949d376304,7db14dc3058cc6ca81295011b4745b92
018efa9071b234ce3fd220949d376304,81b4d775b96c465bff5c607f9b8c2a3d
018efa9071b234ce3fd220949d376304,87cc0c8ec6896e79343c115fd584d429
018efa9071b234ce3fd220949d376304,8db4b3ff92098cc3b4e7af5869719863
018efa9071b234ce3fd220949d376304,a02cf644bc5118e5e473829862bc5886
018efa9071b234ce3fd220949d376304,a9c578c0edc5e3fc3c13c13810322dbd
018efa9071b234ce3fd220949d376304,c23d5f76ef396a0f520ca6c677dccc1f
018efa9071b234ce3fd220949d376304,cdf07468d9c693794f1da0b9ba549c15
018efa9071b234ce3fd220949d376304,da2ae411a236d52fa1e62a224bb1e88a
018efa9071b234ce3fd220949d376304,dd720a31ae01f8066abe782818b59699
018efa9071b234ce3fd220949d376304,ebc1919f45f9da5db0d468ce62cfdf50
018efa9071b234ce3fd220949d376304,ec7faeeeb7e9eac31559b3cbcff9a4b3
018efa9071b234ce3fd220949d376304,efe94917387a9794795e7fc79557dffa
018efa9071b234ce3fd220949d376304,fabd6966abaabe52f19e44a088986cda
0195d99d02aeac02231a226f5dfb1c4f,89582291dc7cb982059d24d01c66a453
01b985df12d4e9a85620857350d1a521,4a3da9c4bf0a6e043ab46633b0c5f444
01d3177767b4b634894f6b907b3392f0,36da4727f003d0be83b2eff75a3210a6
01db7094f0d5c325928756a0f57aac76,132028a0b127e3e9338bb537ba946ad2
01db7094f0d5c325928756a0f57aac76,4a1093b35352473b90794ab8703918dc
01e54b288f4f381cb42f218f78f564ff,9ebe77c376316da09fbd8faf721e4ede
01f2f57c83a4b1eb8c61d22f4d321c8e,e667badb1e5b87a74f101919c79aa04a
02120f99a10ca787f3c80a0977cd7a72,dbf470c3eef41bc462f9bf4be7c0338b
021b5f605c00739c48951bd35e1d9314,14fffa3e41fcef3ae9766f9f96a1ceab
021b5f605c00739c48951bd35e1d9314,54e35cb673134abb1a63adc720730d15
021b5f605c00739c48951bd35e1d9314,98590034bff43f3ab47b18a0e3679e33
022b0d5150d87785fe62e03444368757,1c038afd414c950702bf123ee130db47
022b0d5150d87785fe62e03444368757,c595df1f5ba2c76a3c391f7c297d1c3b
022b0d5150d87785fe62e03444368757,dbf470c3eef41bc462f9bf4be7c0338b
023fc1ee31895babcda38a792721f27d,ce4c6f22987c26d49ac1f98a2f36ceec
025c98ae3ec479ca5fcd85a93e553282,64cb3bf2b6cad0f69417fc747aa0c5c9
025e4695592dc2e9895a733342aaeecf,926a902055d446569f06300f61f8a611
025e4695592dc2e9895a733342aaeecf,ae5248f8fa2774530a62872fbdc74135
0260fe9e7f601b9b1906447975c6ded6,b56103fafcd57bff2c58a43e40010e24
0260fe9e7f601b9b1906447975c6ded6,efcbb4166604df4f70cd6a06d410ca72
02634b8c8d8a8fb2110eb8296dfd0ee6,ecffc7249e8777802a8b8a24996fc8ae
02a09aaf88ed351df4eda0df84ecd698,29fe496c328dedc3ebceee34563ae92c
02a09aaf88ed351df4eda0df84ecd698,c595df1f5ba2c76a3c391f7c297d1c3b
02a09aaf88ed351df4eda0df84ecd698,dbf470c3eef41bc462f9bf4be7c0338b
02a09aaf88ed351df4eda0df84ecd698,f3190cdf0220a8204dde6a16ab81f534
02a3231622d3493bae415e080c6fbb12,b884972470269827d2ddf918cf073398
02fcb3790d8e1b434d816e8b7f787565,11b0d2b99f469da32901c807e98759b2
02fcb3790d8e1b434d816e8b7f787565,17b016468cccd789d95a383f33dda455
02fcb3790d8e1b434d816e8b7f787565,539fce17d5b68bb5280d732632bbbc71
02fcb3790d8e1b434d816e8b7f787565,5dc43cf1baa9e52e586146f16f014f7d
02fcb3790d8e1b434d816e8b7f787565,82c6ee0b41271821858b16114563d87c
02fcb3790d8e1b434d816e8b7f787565,d524e20d3c70b7e6ab192bef5e86b06c
030b6664b283fdeac1ef5893e1da2291,2cdb884c98a71671dfe4c5930811a302
03276709a46796c3ee34568a349792c2,f246a8cd28f9672ae90bfbbda3cb098c
034a4aaf421e6566a4598408d6b4b84d,6b69eeeb30e658c11b0c3d896e77ba51
034bbe2093da93eda4e00070ff902e38,6ed6705a2348a7fdfc15dc931db0bbd9
034bda936373cd7eab1651250b683ec8,81672201249f5b5b438394cd4fe275f9
0365fca69ae7ad886f1a1d76d28e294f,af15bf826103a9ea5eef9c027336c970
0376d09a1b4a8bbd0dc3da8c0fb6cb2f,a21314968d6ebf95a0c49e851f03bccb
03a00e6c69565fbf0643a3d4414b9127,811241e51c4d38c16d453aa529c8e6b6
03a00e6c69565fbf0643a3d4414b9127,b48d6e225e7f826be28dd2ff360bbd8c
03bdadfd64bad7fadb9e728824d03726,0f76e1b93552a65c385550c8a0f7dc34
03bdadfd64bad7fadb9e728824d03726,11aa39c1890aab1617757828f761cf7a
03bdadfd64bad7fadb9e728824d03726,1840985d6ab00dfea9ba8427b966ecbf
03bdadfd64bad7fadb9e728824d03726,28f6b21c0ce59f203fb2092ad47e0f5c
03bdadfd64bad7fadb9e728824d03726,291e8f177d306f383548e2ef05a5a579
03bdadfd64bad7fadb9e728824d03726,36d03126287f5e810431292497fdc753
03bdadfd64bad7fadb9e728824d03726,3ad30b03b3d23ac6b5f5d57906353375
03bdadfd64bad7fadb9e728824d03726,3cc6dfa5f8ed1b7a649a0d12a5d083cf
03bdadfd64bad7fadb9e728824d03726,41ff03bc49eb32b517a08a4962ab3764
03bdadfd64bad7fadb9e728824d03726,62e01423cfc59329b6acb874696c0590
03bdadfd64bad7fadb9e728824d03726,63cf86aa8f00483221555d97e8c6ccbf
03bdadfd64bad7fadb9e728824d03726,6a7f5ff621d20a43a9d19340bef3db1a
03bdadfd64bad7fadb9e728824d03726,7db14dc3058cc6ca81295011b4745b92
03bdadfd64bad7fadb9e728824d03726,c23d5f76ef396a0f520ca6c677dccc1f
03bdadfd64bad7fadb9e728824d03726,cdf07468d9c693794f1da0b9ba549c15
03bdadfd64bad7fadb9e728824d03726,d44df7668f75c8f084cdada0a7a1aae0
03cb245105571421358ce8ac950c7efb,11ad3d0a096eaee22fbef08232edab47
03cb245105571421358ce8ac950c7efb,75c3a36384eb4ee9b18d4414dd7da463
03cb245105571421358ce8ac950c7efb,94521db7ac820db4f0874d5d80d45e37
03cb245105571421358ce8ac950c7efb,9ce39ea886023961ed52bc1e9c699335
03cb245105571421358ce8ac950c7efb,a12c650bc09882907167c9a468c819d4
03cb245105571421358ce8ac950c7efb,c595df1f5ba2c76a3c391f7c297d1c3b
03cb245105571421358ce8ac950c7efb,dbf470c3eef41bc462f9bf4be7c0338b
03d557ee88ec0f5c689bd79201c6f043,2a5df58fa157eb0e98c7fe2a3ec1b3d4
03f18b910e033d59ba8fb8e9c3f2007a,1f5dcdc3ea333d0f81f3eab8dd4fa134
03f18b910e033d59ba8fb8e9c3f2007a,244808435a9d7d545e0e0def375b8c0d
03f18b910e033d59ba8fb8e9c3f2007a,279fa7309a37ba1152f1d1aeba04fb3a
03f18b910e033d59ba8fb8e9c3f2007a,318ea8d48abcfabe164cdab48cf276bc
03f18b910e033d59ba8fb8e9c3f2007a,6b2204839735cb7bf1081d46e8739da7
03f18b910e033d59ba8fb8e9c3f2007a,75e84b8cc9f3ba23d8dc8d8b591140ba
03f18b910e033d59ba8fb8e9c3f2007a,99d4627d0a7233549b1a840807bf396f
03f18b910e033d59ba8fb8e9c3f2007a,9e415cd3fd1b02da273146b6a9968264
03f18b910e033d59ba8fb8e9c3f2007a,a81e226fd81222d5633bc72eb6c5fc22
03f18b910e033d59ba8fb8e9c3f2007a,bbcaaa9d2e93ed884c4f6d98f5eb59b0
03f18b910e033d59ba8fb8e9c3f2007a,d5dc6d956f07ea7e4526920b52b236a1
03f1a36ece2415c0d0874d464d5186ad,5cbde261791de245af7c74343d1ce3a0
04573970f3d99bd7e27949d222c587b8,e5d6950904f8c757b51283ab13f79b32
0472befab7034cff2e557d1299389062,4896af90d16e398fa5e9aa8c1818b04b
0472befab7034cff2e557d1299389062,9948f914dfd21819145be0f6088c9a6d
047af347276aacecaf6a45e54eb0cef7,f96e0ffe0dfc8b924827b9fe8bb12673
04a0230cc245b2d2e01067dc2237bf2d,25dc95ed2494b282e4f00f2122c26154
04a5626d763da31360b3de593e7d50e1,35c6179a3508c5d4ffc0239a63f67c14
04bafef99a08e674f0bdf47ba9e0dcf1,28f6b21c0ce59f203fb2092ad47e0f5c
04bafef99a08e674f0bdf47ba9e0dcf1,767d4f2d3911c149a5c99e9200e09f31
04bafef99a08e674f0bdf47ba9e0dcf1,bcedc6544beb2320e254499ce9cc5c24
04da19f5e98b24dd552b99d3f324ac81,04da19f5e98b24dd552b99d3f324ac81
04e7ca5624aa23e4ab92dce326a3e334,6b6c43cc9c47dc8fe372bd05e5252da0
050eeada1043ae28e5fec959246f276f,10cb5c81467502a55163acd42013267e
0513eceeb9e860a92866da835fe18187,521eca5bb98e5e49fe3abddfcb9e0538
0522120bf8ed360950d265dea89bdd0e,052eb2efcbe35a67ae3fda317a4ff248
0522120bf8ed360950d265dea89bdd0e,55019d559db13e6561d0f907fc5650d7
0522120bf8ed360950d265dea89bdd0e,59ae608cab1e67ca2136e0eb6df60a07
0522120bf8ed360950d265dea89bdd0e,6e1c24eb887a494c1173abac5c0e6faf
0522120bf8ed360950d265dea89bdd0e,d4be5c7e46fc15161bde8af350a4397f
052eb2efcbe35a67ae3fda317a4ff248,55019d559db13e6561d0f907fc5650d7
052eb2efcbe35a67ae3fda317a4ff248,59ae608cab1e67ca2136e0eb6df60a07
052eb2efcbe35a67ae3fda317a4ff248,6e1c24eb887a494c1173abac5c0e6faf
052eb2efcbe35a67ae3fda317a4ff248,d4be5c7e46fc15161bde8af350a4397f
0531736c7f6a55633265efb67ee0b3c3,23d1a7d71e3cbe03647e2fb207598f81
0531736c7f6a55633265efb67ee0b3c3,c595df1f5ba2c76a3c391f7c297d1c3b
0531736c7f6a55633265efb67ee0b3c3,dbf470c3eef41bc462f9bf4be7c0338b
0531736c7f6a55633265efb67ee0b3c3,f22900463360553209b03f223dcc8c99
0531736c7f6a55633265efb67ee0b3c3,f3190cdf0220a8204dde6a16ab81f534
055a788cb68bdceda428d55694ed0168,6d55a79d168b3b816ec72d2b282fdab6
055a788cb68bdceda428d55694ed0168,d834dc88327d505bb2e4b9aa7cd19b43
055a788cb68bdceda428d55694ed0168,ddd5b0cf0a593bc168237c53e3b41df2
0566601a6b9d00e3693bf3d567cd397b,2825247b849a5548ea7e0b284386dcdc
0566601a6b9d00e3693bf3d567cd397b,de157fc2ac7befd3d1e87e2fdeaae107
0566601a6b9d00e3693bf3d567cd397b,e2fa3697a975d8ab1d6f613b401f9b2f
05668ad8ad034656b497f7bbff30b729,087487efca7d8bc6c4bd71bd7e81e4ea
05668ad8ad034656b497f7bbff30b729,c46cbd0d2e0e96fca2b74b079c4a2461
05668ad8ad034656b497f7bbff30b729,c87fbad444d0acd58506149116f95cbe
056e2750d47d1bfd271cfe254bed4c05,4ddc6d271a9670dac20ac91c075f0537
056e2750d47d1bfd271cfe254bed4c05,4e0ae32b54afbf1fd2718afda9a25178
056e2750d47d1bfd271cfe254bed4c05,50effd668b361eaf026e669a7dfe6d13
056e2750d47d1bfd271cfe254bed4c05,5c01befe3a779e98cd582457119b12dd
056e2750d47d1bfd271cfe254bed4c05,6a45b8c78da3254e325c1f2aafb52ba1
056e2750d47d1bfd271cfe254bed4c05,a829e8b48aa1a25922e65543220695d9
056e2750d47d1bfd271cfe254bed4c05,acd41a14043477e17fd60d2e0771845a
056e2750d47d1bfd271cfe254bed4c05,bc66beb31b66294b9c3e337a7e091bc4
056e2750d47d1bfd271cfe254bed4c05,bec905a68bd661e23d9f8e50562ff627
0578c0cb52efaa55ddb6143984f85e7a,0b2bcb622a45b6d42b699013aa4d7280
058c0b13be69c31bf00c05233e89e230,48db25a01b01cd4549792a6f2468c38f
0590cb0c08db6cd463c5a5d7f8b0e9a9,911a08d897280ea9d35a25b9bb912bb1
05bc1c62407042aaa098d16ae74ae84d,5ab455e39e6b295f2d3471037e787aa4
05e9937046216e10834f4416b651f990,b63350c4840af5283696699db545435c
0607d6153dcdb7e1b8750f3a8d5c912e,155a1d9467fb765cb68264e81d1f73a2
0607d6153dcdb7e1b8750f3a8d5c912e,1c48d26dc057d6728704912f7dd8bf0b
0607d6153dcdb7e1b8750f3a8d5c912e,38dea4da11dd0dfb25f59e169ea5c6d2
0607d6153dcdb7e1b8750f3a8d5c912e,4612877ff914c12557ad6161985c484b
0607d6153dcdb7e1b8750f3a8d5c912e,607fbb23f34c7ae53858130fef89e2b8
0607d6153dcdb7e1b8750f3a8d5c912e,6c1b78cab2005d78e3e8bd1cc87f05fa
0607d6153dcdb7e1b8750f3a8d5c912e,7b026994b36fbcfb3a95d895d5d4abe6
0607d6153dcdb7e1b8750f3a8d5c912e,7dc7493b71e3a9a44c2e42a302025e57
0607d6153dcdb7e1b8750f3a8d5c912e,87eb76512d998911b5284b73613cb337
0607d6153dcdb7e1b8750f3a8d5c912e,97d7e42393bf720d97a2aea5be2c6bba
0607d6153dcdb7e1b8750f3a8d5c912e,a6d91a37b0fcaff9209bb5b29392034d
0607d6153dcdb7e1b8750f3a8d5c912e,bae532b1ebbdd2e537af9713ed4a7966
0607d6153dcdb7e1b8750f3a8d5c912e,bb2d27e49d227f22d8432e207da87e04
0607d6153dcdb7e1b8750f3a8d5c912e,bcb54520acbde59f2ec1d06c7d8c65f1
0607d6153dcdb7e1b8750f3a8d5c912e,dfedb1c8e2f8fbecff8bb52fc5cbcad0
0607d6153dcdb7e1b8750f3a8d5c912e,e5d48eaa4e45615ed36e9c2a89d64130
0607d6153dcdb7e1b8750f3a8d5c912e,ed2c979efd0f88dac9e043140c8dcb96
061d82d2669fdff945a47c379c5a4fdd,7ea978073a598955379ced2b6290fd61
06512b8d5b2a13affd94e291b19ffa48,e45dce3d48f1d9e735ea1d823b010472
065f8511fcbbf872de7ebea314a10da9,15f06e755a0ea9cb58c6d2a43d53b61c
065f8511fcbbf872de7ebea314a10da9,1e59be9cf04e77aa9cd5aea26a768c81
065f8511fcbbf872de7ebea314a10da9,560c08b305da886c11d1e5d3d9880b7d
065f8511fcbbf872de7ebea314a10da9,6079f3cccd43400977dcb85e1cbe5b77
065f8511fcbbf872de7ebea314a10da9,7f5f04b941cdb1027e4aa38354af0311
065f8511fcbbf872de7ebea314a10da9,962a77b8e32fbffc7bb751e32a2840f5
065f8511fcbbf872de7ebea314a10da9,c5a72a318ac0c190d3fe9d3b97f5ba62
065f8511fcbbf872de7ebea314a10da9,d6d6c0810cbd7f94127b32aa11b18fdc
065f8511fcbbf872de7ebea314a10da9,edda894e130693e415f4972f242567ad
065f8511fcbbf872de7ebea314a10da9,f32651105c9bfb2580594981576891e0
065f8511fcbbf872de7ebea314a10da9,f3c0fd4636069bae3b69420bdd84f6cb
066c3db9363c49337fd5a3207fd9e831,1e24199bded12baf137260fdf0f0fd14
066c3db9363c49337fd5a3207fd9e831,dc4a7ce06441f3645033e5d5a899f4d2
066c3db9363c49337fd5a3207fd9e831,f78ee754cc0e21b441b15060f6891c60
066e12f2511565cb872f580fb3dab84a,4e300156f426565abdedf889f96f2166
06755d5cbc09c9cf158e41dc7eb59f5e,5f72dd768c6d11d434fb95a37b946660
0679a51f530d9e3b60d7d758c46beb7d,a63804afa14c6e68b3f247de4c98f294
06816bfe2cee98f40a7286d3cafc18df,5dd5a130036b846f2471b76c4c1ab0c9
06816bfe2cee98f40a7286d3cafc18df,9c3a4b6704c0648cdb15cd6506e01219
068dc7f81ca273a651e3b79dbdca12e9,e45704500edfb89670547c2cba5878ca
069c48d70c65de2b5a73005dca2c0e84,7b71ee902ca7546e037ad8f86a1a2eaa
069c48d70c65de2b5a73005dca2c0e84,9bdebb8cc551de903dd01cd15d05a7e9
06a196a4bb441f373a592f5d846c61aa,1d4db93c977aeed0ca3b524536368f14
06a196a4bb441f373a592f5d846c61aa,5722f15b36824c9710ddf00fb49d64f3
06c014a8c661f76a567f0d92782413f7,0a9f3a2319c6edf4e1fe3612eb5179bc
06c014a8c661f76a567f0d92782413f7,7a35417752d112bd88754ce46dab3b0d
06c014a8c661f76a567f0d92782413f7,8f378ae772a650110864e3d4028f59e4
06c014a8c661f76a567f0d92782413f7,be0b1935cc7c9ca4536d4eab0fb35d68
06c014a8c661f76a567f0d92782413f7,c83f1dea18f9731b69cd139bc67c3580
06c2214eb8cf4bb78dff9b0a6986dcf0,9196b268a57127fccfbde42495457526
06ce9dfd4249299646866961b441b9d0,1c038afd414c950702bf123ee130db47
06ce9dfd4249299646866961b441b9d0,be3b0353b2d44fd7ca8edc2bc0e844a5
06ce9dfd4249299646866961b441b9d0,c595df1f5ba2c76a3c391f7c297d1c3b
06ce9dfd4249299646866961b441b9d0,dbf470c3eef41bc462f9bf4be7c0338b
070c90f754ff3bc06228d6b8c761740c,dbf470c3eef41bc462f9bf4be7c0338b
071369aa5bfb43428dee8aec706cf8cb,1c64fc9673c4fe8ac2ef4965ecb5d9f7
071369aa5bfb43428dee8aec706cf8cb,2437cb3e372bab28e1417c316b338018
071369aa5bfb43428dee8aec706cf8cb,d1a9c9298c337d6f22350e7ccfb46253
0723a4085d20cb56779be1fb08481fdc,7c51d836ba1b2a97ce94fa635f6235a7
073773505b84b0a6018df6802c4dfc16,c63360c51f673347d31310d05d5ddd80
078ec55306f0be1860f3a716405c159b,49fa6055f1b366e3a3f60650a120c33c
07a92928b21e464ec7dab7d165b07c30,29de53f31da75b07492a89fcba18b5b9
07a92928b21e464ec7dab7d165b07c30,33d0cd47c09fb27a1bbff0cca6c7a5d2
07a92928b21e464ec7dab7d165b07c30,7ad3eb6e7bbcdc6485d96a4aab0bf5c2
07a92928b21e464ec7dab7d165b07c30,8382308149818a1e13b9f46ac7f9eeba
07a92928b21e464ec7dab7d165b07c30,abe0ac8be90165fd58516379224042ed
07a92928b21e464ec7dab7d165b07c30,b1e4f8dcbe20fd11b09b4a9ecf25c753
07b80dd188960ad4846afc2c2fd86692,1f759e064d1dc42d76f2bc02c4a3473b
07b80dd188960ad4846afc2c2fd86692,5ff258ab00f0b4e768a40f80b6bc549b
07b80dd188960ad4846afc2c2fd86692,60ebbbd382f3d5374dc00d8741d69da2
07b80dd188960ad4846afc2c2fd86692,f58f008f6e09bce7b890963406e74347
07d65b622cd45cbfc97c62ea1f4795e5,0d25ff65ec4699e5e94cf027ce8114a2
07d65b622cd45cbfc97c62ea1f4795e5,743fad17051269cc59b98c473cbf24a4
07d65b622cd45cbfc97c62ea1f4795e5,76c0ae54be99b2409c3aac18db65717d
07d65b622cd45cbfc97c62ea1f4795e5,9c929c09ce8d479e449cf970cc9c319a
07d65b622cd45cbfc97c62ea1f4795e5,ced0cc0deaa89c7aac6c14cca5d333ce
07dbb009e98e96d1a12c0ef3948b46bb,407634bf55e3835e6a88bc58df3faa99
07e9f3809739ab6200c2f08a0efa676d,f3dacc9c31fe582f87fead686e80367f
07e9f3809739ab6200c2f08a0efa676d,faa78c952f37d3bedfe5ac3c31ffb508
080592c1452d451f28c155c52705cded,25579d6dd0d1590a6523672bd6777f98
080592c1452d451f28c155c52705cded,5328f0a858cf8c025a97f2736241a2ee
080592c1452d451f28c155c52705cded,64b228285c921fc6cb9cbf57f601da39
080592c1452d451f28c155c52705cded,689e452af5c0387c729287ea98da2458
080592c1452d451f28c155c52705cded,70b494d103d3562216cd9af66f565600
080592c1452d451f28c155c52705cded,7173a14dba8cb10113d60debc78062c9
080592c1452d451f28c155c52705cded,824ff5f8c494f43817f2b090358bbf5e
080592c1452d451f28c155c52705cded,a245ea86c0ac17130134fc4b7d7928eb
080592c1452d451f28c155c52705cded,ad8351e8017890639d5334d8f6346c09
080592c1452d451f28c155c52705cded,bcb54520acbde59f2ec1d06c7d8c65f1
080592c1452d451f28c155c52705cded,c2e20454b14a8afc35b7a994926d65c1
080592c1452d451f28c155c52705cded,f396f827714989d48670d6064817d0a2
081bf18af2baad288ba2e466b89f8296,151644282a407e20f1c989937a4529b3
082da7d776c2d3f2d3cfafd276054446,537f148b9a423c1182d5706be3976e30
0831d9f72a0980b681ef49cb86e983c3,ec8c3c2655b68929e7a1878a268fccaa
085aece72dee4f806581da3141bee439,2dbc302df10a011d1983d8ba9922e3fa
0884d4163042375d2f2251dc293403b4,b53a4ee5ecb96c09b1dcb32b52c33771
0885a8178d2cfb3218ca4940c3d22096,f2ef9556b95e4bafb6c092f9c1269c28
08917acae6d8da0ab921ee7a228a5e23,2535f92422e826060a3cd49e63cca5d3
08917acae6d8da0ab921ee7a228a5e23,931149e4d1ba7a3ff841765e15374f1d
08917acae6d8da0ab921ee7a228a5e23,bf0f28e9d0d6603873bd3951434526bc
089b353746168007aeb03db452357200,3a7e62d7663bb16ebf3911f39bec7d14
08ab76d71c4bfdc6272036bd4816ef9e,f1f042276901f16d4208d30cda69feb7
08ada1acc1bf7a13adbc18903ca5b2a1,c4a799d446d79caa9057bb1d19f6c18b
08ada1acc1bf7a13adbc18903ca5b2a1,e396dc66db588f732e2de544880586b4
08bfbb6c9ef1a96f2fad95ded161d195,a4389746d0f3d309f9a00e3ce9f1b5cf
08bfbb6c9ef1a96f2fad95ded161d195,b83849f102e3757cab0773ffb052f26a
08bfbb6c9ef1a96f2fad95ded161d195,e7c8f6a9114377a1fa8907d13b97c504
092116a54e3a07fa4fa0b6f57581a2cc,90fd1308dd86665fd997166973e0000f
0923618a4d6accd5e96760b364b2fdff,cf83ea0cd19fa7b01554ac801cdfe92c
0923618a4d6accd5e96760b364b2fdff,d5d4292b3e20c214fb38d93ffb93d285
093a67b3fc60dc61b494d80b4d3c9bd0,9098c18829f10db97a635f56f8bcb758
0941ad1df427bb301070322ef1568149,7bc0bc4eb8c7f6e7792ed0e86125a49b
0943ac4b88499bdbfb157e121dd89389,21c7907a441f5fa287ed01b5e80ccce3
0943ac4b88499bdbfb157e121dd89389,dc28ddf68944bf8231d3768948ca0d1f
095644f50ebcd9d4c5a6c3664cecf1ae,61a5c02ac0131600c3b02f5ff586a1b2
095644f50ebcd9d4c5a6c3664cecf1ae,b44c0964b8599c4b999ca6bbdba68738
0977bc2f2d58d68a7fbe7edf63ed92f3,696f5944f44b53de92f2c2988d9111f4
09a2cfcbb51e866e649f27f9dde7fd04,5e25c3bf22162f567e0a0df4c1739938
09c3b05588f3d483a68f8027b05848e6,e408b79094ddc2ac60c8fd2fd1b4123d
09d6602c65b76e8f4157a06f5638c874,dbe3d27b49d51eb53307a4b0d7c17866
09d6602c65b76e8f4157a06f5638c874,f10b1294a16d33eed59799877cd9e844
09e6f53d9016f9badf9d0bc1df01c3fd,685e99e63ee80451a653be173ec4749c
0a3b7adb7e87d81df8018819362ee378,6b7121355aafb7b5745e62d1c0478e5f
0a3b7adb7e87d81df8018819362ee378,80fa6b8523acdd84ea9c9e638b4966d4
0a3b7adb7e87d81df8018819362ee378,9ecf624c831f3088f18bf434f382b78e
0a3b7adb7e87d81df8018819362ee378,a2ebd82b5b83cbe673155782b1cbf0c9
0a3b7adb7e87d81df8018819362ee378,a4c2ffd72d31a68f0f9d0f0ef190d30d
0a3b7adb7e87d81df8018819362ee378,e69901144ab62793342c9d1a1fae6eb5
0a4c9df335e65e36dfa3e2b5d64ca8c2,3a0c6dd1d11b094a3ffe0cd3081b29dd
0a4ca3d54d39b767d2369f2e87e96d0a,106392da3b0328af26bf22d6dbf6f118
0a4ca3d54d39b767d2369f2e87e96d0a,6b41ae306cd72288919afcc850f5fc78
0a6db0a750d39370d741e0629e54c4fe,155a1d9467fb765cb68264e81d1f73a2
0a6db0a750d39370d741e0629e54c4fe,16be83d6c8e6ea2ff600a1ece4973ed7
0a6db0a750d39370d741e0629e54c4fe,a7327cf1b3d1e96cdbebad316db27c80
0a6fca51178ee087ff504631247f423c,cffe60f976453b9d2d8d8ef099be54b1
0a9f3a2319c6edf4e1fe3612eb5179bc,7a35417752d112bd88754ce46dab3b0d
0a9f3a2319c6edf4e1fe3612eb5179bc,8f378ae772a650110864e3d4028f59e4
0a9f3a2319c6edf4e1fe3612eb5179bc,be0b1935cc7c9ca4536d4eab0fb35d68
0a9f3a2319c6edf4e1fe3612eb5179bc,c83f1dea18f9731b69cd139bc67c3580
0ac97e80ed016a17eed3afebb2d60185,0d9892ef962680ad53d49b888eb81434
0ac97e80ed016a17eed3afebb2d60185,113d78f38584b26745358b5f67ffd9f7
0ad453d9fdfabd8511aa1fd451510302,1999bf5c2202c37130aad8a64319e1a6
0af1d7e865fbb27b8c5fac4910d93625,4626c7a512a3089dd92d11e06e769453
0af7e95057071632753d3785d6cd52b3,c5c6160ccb5da3a230e906cbf7e5c5ae
0aff5d7ceceacd6fb390bbc247eba98b,327fa6f85b908a17df3cd48aeac3d08c
0b04df4869b565fa08ccad9c6635d8d2,3d87a702a29fa0c8454e01e7c7e83628
0b04df4869b565fa08ccad9c6635d8d2,da191e4f21834a1559710564907be507
0b04df4869b565fa08ccad9c6635d8d2,f5c039bafd07ae07f3a54c49db8746d9
0b04df4869b565fa08ccad9c6635d8d2,f96e0ffe0dfc8b924827b9fe8bb12673
0b0a625f7f93c358861da6ed91aa2477,25289b71acf3a00813fc9e2de5c01dc5
0b2bcb622a45b6d42b699013aa4d7280,116273dcfe8a763eac1893aad866c3d3
0b3cb895225a30192efafa17452cacff,291e8f177d306f383548e2ef05a5a579
0b3cb895225a30192efafa17452cacff,ac4d6c0a4080e80c894ee8fc90d14a15
0b5a59e5ceb138a3397de207e3f86c33,b593e273ea1b1d5b067e7e9aa7ee17a0
0b69d58c6f5b14cb374264ca5bf061c8,0f76e1b93552a65c385550c8a0f7dc34
0b69d58c6f5b14cb374264ca5bf061c8,3b7f7686fa74da7033f77038411fc007
0b69d58c6f5b14cb374264ca5bf061c8,41ff03bc49eb32b517a08a4962ab3764
0b69d58c6f5b14cb374264ca5bf061c8,62e01423cfc59329b6acb874696c0590
0b69d58c6f5b14cb374264ca5bf061c8,81b4d775b96c465bff5c607f9b8c2a3d
0b69d58c6f5b14cb374264ca5bf061c8,87cc0c8ec6896e79343c115fd584d429
0b69d58c6f5b14cb374264ca5bf061c8,8db4b3ff92098cc3b4e7af5869719863
0b69d58c6f5b14cb374264ca5bf061c8,902c9f1f61e83171325e1a792f2ecae1
0b69d58c6f5b14cb374264ca5bf061c8,a02cf644bc5118e5e473829862bc5886
0b69d58c6f5b14cb374264ca5bf061c8,a9c578c0edc5e3fc3c13c13810322dbd
0b69d58c6f5b14cb374264ca5bf061c8,cdf07468d9c693794f1da0b9ba549c15
0b69d58c6f5b14cb374264ca5bf061c8,d120c141875b0545696be39e3d176d4e
0b69d58c6f5b14cb374264ca5bf061c8,d44df7668f75c8f084cdada0a7a1aae0
0b69d58c6f5b14cb374264ca5bf061c8,da2ae411a236d52fa1e62a224bb1e88a
0b69d58c6f5b14cb374264ca5bf061c8,fabd6966abaabe52f19e44a088986cda
0b6c260f4a7aca263b7a05997ffcaf78,1f5dcdc3ea333d0f81f3eab8dd4fa134
0b7d40b020976b70b166896d635483f8,15c9a98e351003df5881271735851662
0b7d40b020976b70b166896d635483f8,44b0129270854a64d64092fb787ca82a
0b7d40b020976b70b166896d635483f8,4f48b5427a0ff1ff8d3aedb148dd3de3
0b7d40b020976b70b166896d635483f8,7fab0079469bb30a421a4365c6564922
0b7d40b020976b70b166896d635483f8,99498e219bc6cb5414be9eb9828cad32
0b7d40b020976b70b166896d635483f8,9b1d4f405eac7d710c2ea3c3fbdf4e97
0b7d40b020976b70b166896d635483f8,aff08f960889f9a011c949df523f1844
0b7d40b020976b70b166896d635483f8,b741d145571dd8ad80d582f191cf43a5
0b7d40b020976b70b166896d635483f8,e726492d30ba647aff35e0dc5c0942a6
0bae8bd030eabc8296663172d28ec989,32d41d32fc5f0779f5d94775ab118c29
0bae8bd030eabc8296663172d28ec989,6a02cd76e9d28b99e067f37714afe810
0bb2a54c678a72eb1360ac99a37b5f0b,2e3af3efaddb7d88e3fd157bce96f1d6
0bbee366ae06c89757de24eb985ce784,10b1ee7468e754fa67fcef15e07a8197
0bc6a490cc1d06a36bbd79ee32767a95,6d136c1cca905354f9010cf7b8349333
0bc6a490cc1d06a36bbd79ee32767a95,9e27de01f6cb43ed91b81baadbe154a8
0bcc4950f39f8c70a7b1f6a3e2c54971,1c038afd414c950702bf123ee130db47
0bcc4950f39f8c70a7b1f6a3e2c54971,7a478ed004ca579951688426946be8a0
0bcc4950f39f8c70a7b1f6a3e2c54971,92182414f692714b419138985cafcbf1
0bcc4950f39f8c70a7b1f6a3e2c54971,c595df1f5ba2c76a3c391f7c297d1c3b
0bd3e2e12fbf8edf2e80393720137617,255eb84289a24ff364baf0a4db0bdf07
0be14ec998848e713050bd58f4053bd3,18b946f9445d8c3ad64431ee8d2f468d
0bfa036d4fa3d49b67a7c33b073f23b6,38794a9ebd7624637035a720f7843014
0bfa036d4fa3d49b67a7c33b073f23b6,5636ee8c999301f95b49f01180946242
0c4a714adb49ff1f6deefab4c8bbb55f,bf9e98d10991d2172222ca672def8408
0c4f9a6b2a2e3bec65ec4c0800eaa64c,7df2f5ca35c5241e83ebf162e43dc249
0c5f05f0e8dcccb81c5bed471ab00ee3,a65d707eed330abf2b1b980076dfcc93
0cf3df6ff676d869e177e79730088a1e,37e12b57dbc159bf8cb8ba8986c52b2c
0d0af612f92e3abf4ffcec6e836698d4,1b4befa8e53727e4695b324afba99d02
0d25ff65ec4699e5e94cf027ce8114a2,743fad17051269cc59b98c473cbf24a4
0d25ff65ec4699e5e94cf027ce8114a2,76c0ae54be99b2409c3aac18db65717d
0d25ff65ec4699e5e94cf027ce8114a2,9c929c09ce8d479e449cf970cc9c319a
0d25ff65ec4699e5e94cf027ce8114a2,ced0cc0deaa89c7aac6c14cca5d333ce
0d3223c16d8fd8066d74862c9212113e,6a3a48c83bdc079c6bbe4ae8e0d43e9a
0d3223c16d8fd8066d74862c9212113e,83beb7f245068fcdbcacbe90423e4ba7
0d40377d5627df14347edf931f50c133,2ddc164f7b45d5aa8519a6f9f9935e29
0d40377d5627df14347edf931f50c133,bda2f1e03dc1ac93dcbddc1608658cac
0d784eeae7bfd5e10b9e04e879658b53,0f76e1b93552a65c385550c8a0f7dc34
0d784eeae7bfd5e10b9e04e879658b53,11aa39c1890aab1617757828f761cf7a
0d784eeae7bfd5e10b9e04e879658b53,28f6b21c0ce59f203fb2092ad47e0f5c
0d784eeae7bfd5e10b9e04e879658b53,291e8f177d306f383548e2ef05a5a579
0d784eeae7bfd5e10b9e04e879658b53,2d8c0ef830128a67a0a12356d985fac5
0d784eeae7bfd5e10b9e04e879658b53,3b7f7686fa74da7033f77038411fc007
0d784eeae7bfd5e10b9e04e879658b53,41ff03bc49eb32b517a08a4962ab3764
0d784eeae7bfd5e10b9e04e879658b53,42068cb1893948dfbff846ea18775306
0d784eeae7bfd5e10b9e04e879658b53,5fbb3dde9fb1caa89a23771f5f9a9b1c
0d784eeae7bfd5e10b9e04e879658b53,617a9cf79697c0a24bb2960fa00587b1
0d784eeae7bfd5e10b9e04e879658b53,62e01423cfc59329b6acb874696c0590
0d784eeae7bfd5e10b9e04e879658b53,6ac048a47fe6abf40205dd46d4bfad09
0d784eeae7bfd5e10b9e04e879658b53,767d4f2d3911c149a5c99e9200e09f31
0d784eeae7bfd5e10b9e04e879658b53,7db14dc3058cc6ca81295011b4745b92
0d784eeae7bfd5e10b9e04e879658b53,81b4d775b96c465bff5c607f9b8c2a3d
0d784eeae7bfd5e10b9e04e879658b53,87cc0c8ec6896e79343c115fd584d429
0d784eeae7bfd5e10b9e04e879658b53,8db4b3ff92098cc3b4e7af5869719863
0d784eeae7bfd5e10b9e04e879658b53,a02cf644bc5118e5e473829862bc5886
0d784eeae7bfd5e10b9e04e879658b53,a7a4b5bf23cb560d08106ef75e1c73f8
0d784eeae7bfd5e10b9e04e879658b53,a9c578c0edc5e3fc3c13c13810322dbd
0d784eeae7bfd5e10b9e04e879658b53,c23d5f76ef396a0f520ca6c677dccc1f
0d784eeae7bfd5e10b9e04e879658b53,cdf07468d9c693794f1da0b9ba549c15
0d784eeae7bfd5e10b9e04e879658b53,d44df7668f75c8f084cdada0a7a1aae0
0d784eeae7bfd5e10b9e04e879658b53,d6feeaed5bb9195ac670b5692ba10104
0d784eeae7bfd5e10b9e04e879658b53,da2ae411a236d52fa1e62a224bb1e88a
0d784eeae7bfd5e10b9e04e879658b53,dd720a31ae01f8066abe782818b59699
0d784eeae7bfd5e10b9e04e879658b53,ebc1919f45f9da5db0d468ce62cfdf50
0d784eeae7bfd5e10b9e04e879658b53,ec7faeeeb7e9eac31559b3cbcff9a4b3
0d784eeae7bfd5e10b9e04e879658b53,efe94917387a9794795e7fc79557dffa
0d784eeae7bfd5e10b9e04e879658b53,fabd6966abaabe52f19e44a088986cda
0d7fe28563a99c76f98c3918fca64b72,155a1d9467fb765cb68264e81d1f73a2
0d7fe28563a99c76f98c3918fca64b72,97d7e42393bf720d97a2aea5be2c6bba
0d861771bcc95157117465f4e6a1d3e6,14c097fad8aef519ab81a70f1fd5ab03
0d87092a0d4aae4100e5d1f07cdade1f,861d9b3d733a1668d19243cb56f3beff
0d88dcf70fe3037c65d3cd343b2eff03,3e4ca97526351c46dee3cb54c49fdb9b
0d88dcf70fe3037c65d3cd343b2eff03,3ffef572db15fe29ebb0922e929cee23
0d88dcf70fe3037c65d3cd343b2eff03,6877c399e63dac241e880a6ffad2ca3d
0d88dcf70fe3037c65d3cd343b2eff03,95ff32769e3b6643e3398395c8626037
0d88dcf70fe3037c65d3cd343b2eff03,9f1766534108cbf46c820d3425914c8c
0d88dcf70fe3037c65d3cd343b2eff03,cdebac811fc75836aa15d47713ec573e
0d92b158637d997f8e65f52538d7ae25,94c1b26c922fa807d299e0b5e9c8a388
0d92b158637d997f8e65f52538d7ae25,fbe8d761e85c14a281114dd08b762871
0d9892ef962680ad53d49b888eb81434,113d78f38584b26745358b5f67ffd9f7
0dcea454efccaeee59b66544c7b773ed,18b946f9445d8c3ad64431ee8d2f468d
0dcea454efccaeee59b66544c7b773ed,8aebcfcc30e09fd59b7e401d88e697c9
0dd1bf7468063d60dbe1de1ac1ad2f4e,99e6878d938834527f5b8ebb41b1a36e
0dd38a5bb86b7b4e4cae8eba2cb5d9ca,14777ff1a792b13bcc727aecc287022a
0dd38a5bb86b7b4e4cae8eba2cb5d9ca,6bab80552dbbcc1d4e296726a8cea35e
0dd38a5bb86b7b4e4cae8eba2cb5d9ca,8c62e60c1152b57d4012d14ce26e5996
0de321d5278c59b728bf5a1abb9b41b3,d1b62d77d43a6d2e5a40ed2138193b55
0de321d5278c59b728bf5a1abb9b41b3,dcfeee7469220a57e8cb783c47b4a1f6
0de321d5278c59b728bf5a1abb9b41b3,e06d8d1aadf11230288677f9517debbe
0df7e580cbe0c679102f4a03563d6624,3c94c13994c665655aa8bc8b3b18811e
0df7e580cbe0c679102f4a03563d6624,47460d51d6d1e31dd3385750981f38b7
0df7e580cbe0c679102f4a03563d6624,53880af71c8d940aae2750109a81a7a4
0df7e580cbe0c679102f4a03563d6624,91a7e4a6b7cf4157468df92bafebe32a
0df7e580cbe0c679102f4a03563d6624,add2eb9d32cdfbba9162790643a5c455
0df7e580cbe0c679102f4a03563d6624,d8994e1cb94f0da41819c189fc5f3918
0dfb5018f7a027a6a6f9548a2f775d4f,62726c73a17603ed6c060568f6005837
0e00dd350e11dab758f9400c123e7750,18e46f61272c41f6e552f961b5658f6b
0e00dd350e11dab758f9400c123e7750,d179cb7046146ddb40749a6b5f57938b
0e1bd2151932ea9bfcad8e3a47260cd7,5c004b624c7b829334be3d6604556d73
0e277ddbc2d8ab48be260883b8476f79,2d66b8eb25dd729ed643a81c1b7865de
0e53ec428b356b532bf42e10139258eb,6764ed0df8e7dbdab1c89ccf923044a5
0e6e8d0569993c044a2248c12a8753ce,6af40e0150a26f3a823716e98d9c7cdb
0e71eb9e6fcb98ffb89c3f826c530cb3,dbf713bb8bbf41722ba0b21bf95c9846
0e9ca8d47a06c931deaaf3379c2e0fd1,1c4a737e543f239a6dd182a4c8eaa9b7
0e9ca8d47a06c931deaaf3379c2e0fd1,1fb88feef3a8ea62abe721723ec3f32b
0e9ca8d47a06c931deaaf3379c2e0fd1,ca7d9c31ea380350dfffe67f5af5d3d1
0ea9d36fd88ba5dcde5607596ad0e0a3,6a31ec9b1c78cd60e8eb23957fba70e5
0ebdd312d469b64fbc29465b2b5d7382,513bbf55fb41260b330d4c84e0d1fd8d
0ec5b5d9de9b45f14fc6981aa5ecb5d3,da956d5efd67c7d897d3fbc3ba956dec
0ec5b5d9de9b45f14fc6981aa5ecb5d3,dc4a6dce6dbe8d652da9b9a3d1719f25
0ec5d4243f179de4d6aa5089673f4389,e7418bc1fef56e204a1a342f668cfb5a
0ecb14a336bd542d418bb8d39a40b0e3,15f0a1da672392c01a927f1b476730f0
0ee990b1ce43188562faf540a05f2d14,46e6d4153465367a28b643db00b2b9aa
0eed2d3ddfd61721cb3024b0fad146e3,244808435a9d7d545e0e0def375b8c0d
0eed2d3ddfd61721cb3024b0fad146e3,c476dac76ec39e90e277df25af0314d5
0f1e91310b3147081db3048e70f1a6a6,b5231ce558d0ff0c8cd3b7595c5bdb36
0f34e6229f01e8964828bc6a3e9873c8,8b7ab8fd18f75ef5f9e72b0195c8df98
0f3b2af57eb244a17d026bed56af9514,5e8d0e9bc74cc00bac96ad7759d2da48
0f3b2af57eb244a17d026bed56af9514,9ac1e9832b6722e601d1f15962b89641
0f3b2af57eb244a17d026bed56af9514,baedd7684b1818904e648dc8eee4c857
0f3b2af57eb244a17d026bed56af9514,f0f4badff8e3e4b723521ebb9ae1b146
0f712a828d13f82e364f1adc30071edf,7b5c823d06843b98cd8b7a43677fd2e2
0f712a828d13f82e364f1adc30071edf,8a5b6113f6bc63c89a2369ae912efa20
0f76e1b93552a65c385550c8a0f7dc34,11aa39c1890aab1617757828f761cf7a
0f76e1b93552a65c385550c8a0f7dc34,1840985d6ab00dfea9ba8427b966ecbf
0f76e1b93552a65c385550c8a0f7dc34,1864bdc0f40ddb310724bf4923f9019e
0f76e1b93552a65c385550c8a0f7dc34,28f6b21c0ce59f203fb2092ad47e0f5c
0f76e1b93552a65c385550c8a0f7dc34,291e8f177d306f383548e2ef05a5a579
0f76e1b93552a65c385550c8a0f7dc34,2a39de8506e0db45ad7082ed6d7c4a75
0f76e1b93552a65c385550c8a0f7dc34,2d8c0ef830128a67a0a12356d985fac5
0f76e1b93552a65c385550c8a0f7dc34,3896933da33e267c13bb2429913052fa
0f76e1b93552a65c385550c8a0f7dc34,3ad30b03b3d23ac6b5f5d57906353375
0f76e1b93552a65c385550c8a0f7dc34,3b7f7686fa74da7033f77038411fc007
0f76e1b93552a65c385550c8a0f7dc34,3cc6dfa5f8ed1b7a649a0d12a5d083cf
0f76e1b93552a65c385550c8a0f7dc34,41ff03bc49eb32b517a08a4962ab3764
0f76e1b93552a65c385550c8a0f7dc34,42068cb1893948dfbff846ea18775306
0f76e1b93552a65c385550c8a0f7dc34,4bc16d233782b9653f50ee4419dde3d8
0f76e1b93552a65c385550c8a0f7dc34,4d0737784e1e3f780c6075105de7be8a
0f76e1b93552a65c385550c8a0f7dc34,5d89eefb60b4b8737947542994821b94
0f76e1b93552a65c385550c8a0f7dc34,5fbb3dde9fb1caa89a23771f5f9a9b1c
0f76e1b93552a65c385550c8a0f7dc34,617a9cf79697c0a24bb2960fa00587b1
0f76e1b93552a65c385550c8a0f7dc34,62e01423cfc59329b6acb874696c0590
0f76e1b93552a65c385550c8a0f7dc34,63cf86aa8f00483221555d97e8c6ccbf
0f76e1b93552a65c385550c8a0f7dc34,6a7f5ff621d20a43a9d19340bef3db1a
0f76e1b93552a65c385550c8a0f7dc34,6ac048a47fe6abf40205dd46d4bfad09
0f76e1b93552a65c385550c8a0f7dc34,767d4f2d3911c149a5c99e9200e09f31
0f76e1b93552a65c385550c8a0f7dc34,7db14dc3058cc6ca81295011b4745b92
0f76e1b93552a65c385550c8a0f7dc34,81b4d775b96c465bff5c607f9b8c2a3d
0f76e1b93552a65c385550c8a0f7dc34,81c48995c8e20e0c2f0f5ed8fab29f75
0f76e1b93552a65c385550c8a0f7dc34,87cc0c8ec6896e79343c115fd584d429
0f76e1b93552a65c385550c8a0f7dc34,8db4b3ff92098cc3b4e7af5869719863
0f76e1b93552a65c385550c8a0f7dc34,902c9f1f61e83171325e1a792f2ecae1
0f76e1b93552a65c385550c8a0f7dc34,a02cf644bc5118e5e473829862bc5886
0f76e1b93552a65c385550c8a0f7dc34,a7a4b5bf23cb560d08106ef75e1c73f8
0f76e1b93552a65c385550c8a0f7dc34,a9c578c0edc5e3fc3c13c13810322dbd
0f76e1b93552a65c385550c8a0f7dc34,c23d5f76ef396a0f520ca6c677dccc1f
0f76e1b93552a65c385550c8a0f7dc34,c48c1124a86f79f2d620d30a2ce819c4
0f76e1b93552a65c385550c8a0f7dc34,cdf07468d9c693794f1da0b9ba549c15
0f76e1b93552a65c385550c8a0f7dc34,d44df7668f75c8f084cdada0a7a1aae0
0f76e1b93552a65c385550c8a0f7dc34,d6feeaed5bb9195ac670b5692ba10104
0f76e1b93552a65c385550c8a0f7dc34,da2ae411a236d52fa1e62a224bb1e88a
0f76e1b93552a65c385550c8a0f7dc34,dd720a31ae01f8066abe782818b59699
0f76e1b93552a65c385550c8a0f7dc34,dde720eb1ac8795643511897700c8aad
0f76e1b93552a65c385550c8a0f7dc34,e4750dcc3268ebba356557f444761f9c
0f76e1b93552a65c385550c8a0f7dc34,ea15834188cc4aa85b0056af93164277
0f76e1b93552a65c385550c8a0f7dc34,ebc1919f45f9da5db0d468ce62cfdf50
0f76e1b93552a65c385550c8a0f7dc34,ec7faeeeb7e9eac31559b3cbcff9a4b3
0f76e1b93552a65c385550c8a0f7dc34,efe94917387a9794795e7fc79557dffa
0f76e1b93552a65c385550c8a0f7dc34,fabd6966abaabe52f19e44a088986cda
0f800bfaad7af2d75ba6c1f7f5cec97d,3114aba9d713849c8e8f58c8ff3f63e7
0f800bfaad7af2d75ba6c1f7f5cec97d,e5d0312e39ee0b783ec6fc67763f0912
0f96673b9647d517bc9ce86dedacde56,be1afaf5de2ae624fda5265a94012ce4
0f96673b9647d517bc9ce86dedacde56,fb5a8793926011249e897ddfaee648a7
0fe54e7c27eaa6d6161de7364ed2ec62,a44c43ad934a2e7c2b650e22ead22856
0fe54e7c27eaa6d6161de7364ed2ec62,c4429fcc92c8dec02b30ab4df6e94ec9
0fe54e7c27eaa6d6161de7364ed2ec62,f1973f1b79d13ba0a1124ea3218c8ae3
0ff7cea881b011f935c81505c070510c,160683a4799e88025b0f2a9dd0628b5a
10127ae054538104da80c1e26714c633,67148d559cb3a07a674efa30e9913866
1017522b3fd527458b59ca72707808cd,28f6b21c0ce59f203fb2092ad47e0f5c
1017522b3fd527458b59ca72707808cd,2a39de8506e0db45ad7082ed6d7c4a75
1017522b3fd527458b59ca72707808cd,3965ece3cfbb68109d5aafebb17e29a9
1017522b3fd527458b59ca72707808cd,3b7f7686fa74da7033f77038411fc007
1017522b3fd527458b59ca72707808cd,41ff03bc49eb32b517a08a4962ab3764
1025ab1bf6c264b0c67a48a2e159e8c0,2b76383e00a575907888eb55a0f82e11
1025ab1bf6c264b0c67a48a2e159e8c0,56c8162495bd8df0b72e4adf4c8288a2
1025ab1bf6c264b0c67a48a2e159e8c0,d1cd5a89e6af815edbd2b1c3acec6491
1025ab1bf6c264b0c67a48a2e159e8c0,ebfb63beebfe52279ac94abb427050cc
10344f82a49a35c669aecfe39379e723,69cae44d0d0556536f072e2edfc5a9ad
10344f82a49a35c669aecfe39379e723,e5d80f123c459f3e8ce84457491c0cb5
1051228c036ba8fdaeaaf1807b1fed1e,155a1d9467fb765cb68264e81d1f73a2
1051228c036ba8fdaeaaf1807b1fed1e,89a241475e29187bff12392fb1776765
1051228c036ba8fdaeaaf1807b1fed1e,97d7e42393bf720d97a2aea5be2c6bba
1055852ca2b40d8dfdd337bb55dc41bc,af530c12f761bfb7223bcbc60fb48d6b
10586c7a8a95a34889884b736b634b00,436dc8a8592f85418518396ed4394064
106392da3b0328af26bf22d6dbf6f118,109068bac11c3e2dd0d2c55fe10117d6
106392da3b0328af26bf22d6dbf6f118,289d19cf770753da58e7f14d0e9c776e
106392da3b0328af26bf22d6dbf6f118,4f48b5427a0ff1ff8d3aedb148dd3de3
106392da3b0328af26bf22d6dbf6f118,60c7bda7500142b0d4c1edb33d40671f
106392da3b0328af26bf22d6dbf6f118,7fab0079469bb30a421a4365c6564922
106392da3b0328af26bf22d6dbf6f118,8af4b668a414384988afec9fc107defb
106392da3b0328af26bf22d6dbf6f118,97d93e4c313dbcba12cf28b4e6291626
10866a035ef92bc933feb8774bf0ca83,a3720302e597ad8ba931d2880d898ba0
10866a035ef92bc933feb8774bf0ca83,e2fff22f54dd65543375cdc1a07a6a7b
109068bac11c3e2dd0d2c55fe10117d6,5d757dbbb07bb17874bcb63ca28c0444
109068bac11c3e2dd0d2c55fe10117d6,c476dac76ec39e90e277df25af0314d5
10960edf635ff2dc5dc7e33afc64e0d0,96803da0d31000a13e6235506a1754eb
10999b6e5fe79eec671fdb09cb257df9,4ab75cc7372ce86eba75099da6425768
109fa8ed4dfca5c7c811f19d7289fe05,4d14bbb5914b4224c439e3f17e71f668
109fa8ed4dfca5c7c811f19d7289fe05,82ccc000741ea53905781f67ab4a3f17
109fa8ed4dfca5c7c811f19d7289fe05,c595df1f5ba2c76a3c391f7c297d1c3b
10c97768b4591284c960ca628f86f883,5eb0fc82c4b7eaecb27de7e9444e8b17
10c97768b4591284c960ca628f86f883,94f03a5067bb9ad1a085b2270b7754f4
10cb5c81467502a55163acd42013267e,3cec0b4b0c01bcf8881d724f65999fac
10dfe6aed188c89ae18bfcef90ade0e4,1c038afd414c950702bf123ee130db47
10dfe6aed188c89ae18bfcef90ade0e4,5a1d4f68b0a07bbcb5b8e1ca50ce37c9
10dfe6aed188c89ae18bfcef90ade0e4,c595df1f5ba2c76a3c391f7c297d1c3b
10dfe6aed188c89ae18bfcef90ade0e4,dbf470c3eef41bc462f9bf4be7c0338b
10e3b7112064d6e29a2c783b8c9db1da,1637c23ef8626cd46d7ec6d730228801
10e7f45ff498e2523116ac16617e8aa9,5f83d1ba9c7ff5d2495c93c4d16c52b9
10e9f7c7b79013b9f72e76ac684c4c64,304ad28e77538a8aa550651852bc395c
10e9f7c7b79013b9f72e76ac684c4c64,319a6e303776c05c32262ab66534f8be
10e9f7c7b79013b9f72e76ac684c4c64,a1935ac532c35a267ff859cf6f615fd3
10e9f7c7b79013b9f72e76ac684c4c64,d52530a4c3abbe4b4163d96d0eb12dd7
10e9f7c7b79013b9f72e76ac684c4c64,eb3194056a461506782bd3026c140b76
10e9f7c7b79013b9f72e76ac684c4c64,fab5363f451b378dedc4ccfac87edfce
10f004304b4e7e4cdae5986b504b3aad,b5ce36f4f28945d9d134e0718d64c85c
10fddd6908e854f03211bd8b30d7f2d8,19f8f82944732a763240cb0b2f22ddce
10fddd6908e854f03211bd8b30d7f2d8,20527513d54d45dab8a9110652febb7a
113d78f38584b26745358b5f67ffd9f7,21004ca6ce2f3b85f2d0022dab04e094
11573272f38a1a7a66a57fe8b2fcad31,155a1d9467fb765cb68264e81d1f73a2
11573272f38a1a7a66a57fe8b2fcad31,97d7e42393bf720d97a2aea5be2c6bba
116273dcfe8a763eac1893aad866c3d3,74c4e4b2c539ecd35b127b3196bc7957
116273dcfe8a763eac1893aad866c3d3,908f3b845002d7ac4121a88472cca91b
117f68c01647fd981ba26410f232c268,18812a91cd50cbd24cf30a2ac54707be
117f68c01647fd981ba26410f232c268,1d495b8dfd7219e11bbf3041658b85a6
117f68c01647fd981ba26410f232c268,221c931dd7bbf5fb9093713712fbb378
117f68c01647fd981ba26410f232c268,5c5ed0321d706fa833c7016220bbf76c
117f68c01647fd981ba26410f232c268,83ae3e1c94c126bf5445b2d4365ac390
117f68c01647fd981ba26410f232c268,90fd1308dd86665fd997166973e0000f
117f68c01647fd981ba26410f232c268,aa29e748713e473f945642c4eb3d793d
117f68c01647fd981ba26410f232c268,c4442ff069191e635c9615d2c24f6406
117f68c01647fd981ba26410f232c268,f0b5b378f214419d5494931140364472
11aa39c1890aab1617757828f761cf7a,1840985d6ab00dfea9ba8427b966ecbf
11aa39c1890aab1617757828f761cf7a,28f6b21c0ce59f203fb2092ad47e0f5c
11aa39c1890aab1617757828f761cf7a,291e8f177d306f383548e2ef05a5a579
11aa39c1890aab1617757828f761cf7a,2d8c0ef830128a67a0a12356d985fac5
11aa39c1890aab1617757828f761cf7a,3ad30b03b3d23ac6b5f5d57906353375
11aa39c1890aab1617757828f761cf7a,3b7f7686fa74da7033f77038411fc007
11aa39c1890aab1617757828f761cf7a,41ff03bc49eb32b517a08a4962ab3764
11aa39c1890aab1617757828f761cf7a,5fbb3dde9fb1caa89a23771f5f9a9b1c
11aa39c1890aab1617757828f761cf7a,62e01423cfc59329b6acb874696c0590
11aa39c1890aab1617757828f761cf7a,7db14dc3058cc6ca81295011b4745b92
11aa39c1890aab1617757828f761cf7a,81b4d775b96c465bff5c607f9b8c2a3d
11aa39c1890aab1617757828f761cf7a,87cc0c8ec6896e79343c115fd584d429
11aa39c1890aab1617757828f761cf7a,8db4b3ff92098cc3b4e7af5869719863
11aa39c1890aab1617757828f761cf7a,902c9f1f61e83171325e1a792f2ecae1
11aa39c1890aab1617757828f761cf7a,a02cf644bc5118e5e473829862bc5886
11aa39c1890aab1617757828f761cf7a,c23d5f76ef396a0f520ca6c677dccc1f
11aa39c1890aab1617757828f761cf7a,cdf07468d9c693794f1da0b9ba549c15
11aa39c1890aab1617757828f761cf7a,d120c141875b0545696be39e3d176d4e
11aa39c1890aab1617757828f761cf7a,d44df7668f75c8f084cdada0a7a1aae0
11aa39c1890aab1617757828f761cf7a,d6feeaed5bb9195ac670b5692ba10104
11aa39c1890aab1617757828f761cf7a,da2ae411a236d52fa1e62a224bb1e88a
11aa39c1890aab1617757828f761cf7a,dd720a31ae01f8066abe782818b59699
11aa39c1890aab1617757828f761cf7a,ebc1919f45f9da5db0d468ce62cfdf50
11aa39c1890aab1617757828f761cf7a,fabd6966abaabe52f19e44a088986cda
11b0d2b99f469da32901c807e98759b2,17b016468cccd789d95a383f33dda455
11b0d2b99f469da32901c807e98759b2,539fce17d5b68bb5280d732632bbbc71
11b0d2b99f469da32901c807e98759b2,5dc43cf1baa9e52e586146f16f014f7d
11b0d2b99f469da32901c807e98759b2,82c6ee0b41271821858b16114563d87c
11b0d2b99f469da32901c807e98759b2,a2522b773b522dc6c7d9461f99963f32
11b0d2b99f469da32901c807e98759b2,d524e20d3c70b7e6ab192bef5e86b06c
11bb77d9be77f68cd250c719628e74ea,39cb4ab5c1fd4c6d1ebf229cd1842c40
11c472ee78bb5fb6abc5a40f1aa99159,4e355c0e1bb170372eeb20a14bb9cc5f
12172e66a6b6c15b6043fbc9f37b99c5,154aadf162d229a85037c1aa2dc81103
12172e66a6b6c15b6043fbc9f37b99c5,3ffef572db15fe29ebb0922e929cee23
12172e66a6b6c15b6043fbc9f37b99c5,520020af6f73cd44599cbc3146ea8e38
12172e66a6b6c15b6043fbc9f37b99c5,5ff4b713bd9bfa220ebc9013152287c6
12172e66a6b6c15b6043fbc9f37b99c5,6877c399e63dac241e880a6ffad2ca3d
12172e66a6b6c15b6043fbc9f37b99c5,704a17ad5a940c5a86ecb202e612dd12
12172e66a6b6c15b6043fbc9f37b99c5,76dbe028e7ff780cf7c44cdd35391805
12172e66a6b6c15b6043fbc9f37b99c5,95ff32769e3b6643e3398395c8626037
12172e66a6b6c15b6043fbc9f37b99c5,c6d609e5755122be73006e3d1b12befa
12172e66a6b6c15b6043fbc9f37b99c5,d09fa69c6d5615c26aac2f825b8e7328
122120e70342012316f5a318d3e8d2ef,6bbed5dd979e3c011777970ad4f11bdf
1236863dc83c35960cce36f00d263eb3,bedf0c0a2c1d1d58c1ea64b75b45a7da
12890716bcd9132ccce391a5d2aafe1a,578e5bfc5192973e43d8c2fb41bc8752
12d2e901fd36c5a1ed1a4656ebc01364,e3beb0d05030275736747e9a40e73513
12d4e107d4bf8716ff8ed08d5b7b441f,5265b1926c963f3ce6e0d453e1c53c28
12d4e107d4bf8716ff8ed08d5b7b441f,e9fcc0083760042f3b8e863f527f4f07
12f74b65d1d65f2c22738cc528d286a3,e95d161749077fec696e90961bb070eb
12f8a67481425f0b3af74289962150bc,1e3e50fb0156fb865695c6a5908574c9
12f8a67481425f0b3af74289962150bc,61711a2946189236ba511c368a20929f
12fc46fda274937e2c37d7f6b95fb80b,ea09f8ff89fb456aa4e3cd9af489cde2
1302f44d5d80e886b5695b60aecf28df,3273e34ec0610a4d205601a0c75a2384
13063da9a700ba29afb494f09d9bde3b,5ca73a6096ea3a44dff9f9a70460e6f2
132028a0b127e3e9338bb537ba946ad2,39d31186c1652a558501b7799b14ca68
132028a0b127e3e9338bb537ba946ad2,b55f8e0cda82c9f4b45ba65e1a40de78
132028a0b127e3e9338bb537ba946ad2,cf2b3be2acc2bc2bf15a5730adf154bb
1368197b8f0c2d7da267e1ba3c9e4e15,970801670c6f7567864ce8b416a5d4e3
136bffd383ccdb382756243b3fb777d9,bca49fedde9d7a501c633abd95c558e9
13a37064221e76a1a902c7c5345ec357,b70bc1aeebd8dd27773ae8ab866f9f19
13a7522b1faefa0192bc3f203dfada3b,f1e0e05f2f728e05ea5f8b8cdbb4b043
13c6588e1d096c9ddf3db0dcc19f05a9,927b403bec1374ee04d58b7c613a2fdc
13ccf1520be1192e287fa41d3c09ff9d,6e2585f3b72b75017105de281795a071
13df51f18168af29b0b408fc3764c77f,925c8e589ad64a3233123fb1adf9edfb
13e722f05119ee16f2b0d46b41869708,155a1d9467fb765cb68264e81d1f73a2
13e722f05119ee16f2b0d46b41869708,97d7e42393bf720d97a2aea5be2c6bba
13e722f05119ee16f2b0d46b41869708,f5d20407ed6ca2d6082061e93ff2135a
1439a2c79a4a3b6b438380e92ff7ccfd,d48b14ef60b2cb2131d43d8d2db62b7e
14534024fc2cb589b791e167d0ee7458,6fd70b63efd30234160a6dbc0986ecc4
145b0f67cf90b635bb14eb2209d112a0,e874853f62463cf5a2f6d6c86892eb38
1462b668ae868024090396d3e73b1297,28f6b21c0ce59f203fb2092ad47e0f5c
1462b668ae868024090396d3e73b1297,34a77e91ffc5e66c9b51a1acdd506117
14777ff1a792b13bcc727aecc287022a,6bab80552dbbcc1d4e296726a8cea35e
147e6dcb6eb21a09c6400a37bf0cde82,291e8f177d306f383548e2ef05a5a579
147e6dcb6eb21a09c6400a37bf0cde82,2a8e30d692d471b00af38e22cf983839
147e6dcb6eb21a09c6400a37bf0cde82,a996e3da267c192bd498c66c425efd7c
147e6dcb6eb21a09c6400a37bf0cde82,cbc18227e3539a9860991e4ff8ae74bc
1489e7eacd074b15803930b1e8d656b3,155a1d9467fb765cb68264e81d1f73a2
1489e7eacd074b15803930b1e8d656b3,6f0f28aac78c901ef8fb23238228cdae
1489e7eacd074b15803930b1e8d656b3,89a241475e29187bff12392fb1776765
1489e7eacd074b15803930b1e8d656b3,bcb54520acbde59f2ec1d06c7d8c65f1
1489e7eacd074b15803930b1e8d656b3,e6a8ad361fa357ea187f2c538dacbdfc
148b18774bd9707796312ddd0e88dc6b,c595df1f5ba2c76a3c391f7c297d1c3b
148b18774bd9707796312ddd0e88dc6b,dbf470c3eef41bc462f9bf4be7c0338b
14c097fad8aef519ab81a70f1fd5ab03,15ea30f7befce29c4622356e866c2e0c
14c097fad8aef519ab81a70f1fd5ab03,2706b8bc382e9eff9ac9a051ece2d70a
14c097fad8aef519ab81a70f1fd5ab03,45a2598d8234e0ac86444cd6d1a7ed90
14c097fad8aef519ab81a70f1fd5ab03,c80ed6e4aa1f251f35952653b7c9ca8e
14f55f1fe689f616ea7d5e1e0866e167,22ab57b34c9c7655a7c3c940598b61a3
14f55f1fe689f616ea7d5e1e0866e167,ad9835184a4ac03d1922640b8aa31ce7
14fffa3e41fcef3ae9766f9f96a1ceab,54e35cb673134abb1a63adc720730d15
14fffa3e41fcef3ae9766f9f96a1ceab,98590034bff43f3ab47b18a0e3679e33
1505f252a99a984ff33520c60a4baa91,6556e30766146532aebd218b89e79af4
150e9fc5dad137fc43aa6a8b4c65b504,61c6c8d64a6195475533b16566535afe
150e9fc5dad137fc43aa6a8b4c65b504,c78c178884138c3e2ad755fca52537cc
150e9fc5dad137fc43aa6a8b4c65b504,f2a95c1ef4db54f6aee258728810fc26
151644282a407e20f1c989937a4529b3,1ab0e805f72f9caab2a31087513a7db1
151a56145778b457d08faa8fa0b54194,21575503d219f41899aa7489135ed5aa
151d03ace2ba0c151200b5b3662709de,28f6b21c0ce59f203fb2092ad47e0f5c
151d03ace2ba0c151200b5b3662709de,bfb02ff8b18730492fad3af276bbd63b
152c8d7a2ed2b5c9e3b54dc1f6361e4c,9a4891a3f97c7a2414af54c625f1c093
153034964c661c3b23ce8dc432280ebd,1aff7e6e4fe830dd543ba0318b010a99
153bfacf31573551d1e8bdb01a2f1974,47045908c02ee2b5dd503959f34e347f
154aadf162d229a85037c1aa2dc81103,3ffef572db15fe29ebb0922e929cee23
154aadf162d229a85037c1aa2dc81103,520020af6f73cd44599cbc3146ea8e38
154aadf162d229a85037c1aa2dc81103,5ff4b713bd9bfa220ebc9013152287c6
154aadf162d229a85037c1aa2dc81103,6877c399e63dac241e880a6ffad2ca3d
154aadf162d229a85037c1aa2dc81103,704a17ad5a940c5a86ecb202e612dd12
154aadf162d229a85037c1aa2dc81103,76dbe028e7ff780cf7c44cdd35391805
154aadf162d229a85037c1aa2dc81103,95ff32769e3b6643e3398395c8626037
154aadf162d229a85037c1aa2dc81103,c6d609e5755122be73006e3d1b12befa
154aadf162d229a85037c1aa2dc81103,d09fa69c6d5615c26aac2f825b8e7328
155a1d9467fb765cb68264e81d1f73a2,16be83d6c8e6ea2ff600a1ece4973ed7
155a1d9467fb765cb68264e81d1f73a2,195781815f9c235f5ed10b055d69d4c0
155a1d9467fb765cb68264e81d1f73a2,1adc81f3472df80d6023e512c85cf5ea
155a1d9467fb765cb68264e81d1f73a2,1c48d26dc057d6728704912f7dd8bf0b
155a1d9467fb765cb68264e81d1f73a2,209862e4588e53021ca8b76e628729ec
155a1d9467fb765cb68264e81d1f73a2,22f0d37a5a033f3445227eef77f16723
155a1d9467fb765cb68264e81d1f73a2,33e0fe8ca5e0a41f1e3e8f8aa6c239ad
155a1d9467fb765cb68264e81d1f73a2,34db7723d3080d3f9fab644d796f9049
155a1d9467fb765cb68264e81d1f73a2,36db6b6d31039fbf80f91423d4182dbb
155a1d9467fb765cb68264e81d1f73a2,36f6d15b3aa2c08688a409684715117b
155a1d9467fb765cb68264e81d1f73a2,38dea4da11dd0dfb25f59e169ea5c6d2
155a1d9467fb765cb68264e81d1f73a2,460608ebbc419bfb171cceb5b355f807
155a1d9467fb765cb68264e81d1f73a2,4612877ff914c12557ad6161985c484b
155a1d9467fb765cb68264e81d1f73a2,48acdb2b8293adcfb004351fc142596f
155a1d9467fb765cb68264e81d1f73a2,4f9bce1a27554a408644174e2571f8f9
155a1d9467fb765cb68264e81d1f73a2,55a3a71fa53aa05a8f443efb8c51eb1d
155a1d9467fb765cb68264e81d1f73a2,570c6a5c5976e12777d321ff36190d49
155a1d9467fb765cb68264e81d1f73a2,570ee20765ecf4a99dbf9e7895914410
155a1d9467fb765cb68264e81d1f73a2,58e92cd16f2fa29fd88bff4842c13fe9
155a1d9467fb765cb68264e81d1f73a2,607fbb23f34c7ae53858130fef89e2b8
155a1d9467fb765cb68264e81d1f73a2,665b62f740aa811f1fdc401776429275
155a1d9467fb765cb68264e81d1f73a2,689934cdeadee583c9b26da43cd2e81a
155a1d9467fb765cb68264e81d1f73a2,6c1b78cab2005d78e3e8bd1cc87f05fa
155a1d9467fb765cb68264e81d1f73a2,6f0f28aac78c901ef8fb23238228cdae
155a1d9467fb765cb68264e81d1f73a2,736ea770bf1dd585a01326addcba49cd
155a1d9467fb765cb68264e81d1f73a2,7444707268740d9d832a5694d7d95e37
155a1d9467fb765cb68264e81d1f73a2,7b026994b36fbcfb3a95d895d5d4abe6
155a1d9467fb765cb68264e81d1f73a2,7dc7493b71e3a9a44c2e42a302025e57
155a1d9467fb765cb68264e81d1f73a2,7ec10458ed04b6228e04adf60f521898
155a1d9467fb765cb68264e81d1f73a2,86b47db165e6651f3485a3fb83adb754
155a1d9467fb765cb68264e81d1f73a2,8714dcb7df036e6f1e5af53fb1f97772
155a1d9467fb765cb68264e81d1f73a2,87eb76512d998911b5284b73613cb337
155a1d9467fb765cb68264e81d1f73a2,89a241475e29187bff12392fb1776765
155a1d9467fb765cb68264e81d1f73a2,8a4b1385d348cd8c5a5d2218653dd9a5
155a1d9467fb765cb68264e81d1f73a2,9134d94f0397c73601932972ed2e137b
155a1d9467fb765cb68264e81d1f73a2,9316504218006bf13cf95459ebf5a545
155a1d9467fb765cb68264e81d1f73a2,97d7e42393bf720d97a2aea5be2c6bba
155a1d9467fb765cb68264e81d1f73a2,9f673c5fe49a7db80be2f62fab1cbc15
155a1d9467fb765cb68264e81d1f73a2,a6d91a37b0fcaff9209bb5b29392034d
155a1d9467fb765cb68264e81d1f73a2,a7327cf1b3d1e96cdbebad316db27c80
155a1d9467fb765cb68264e81d1f73a2,a771d8d0055f7bf8b1c60e4d1fdde873
155a1d9467fb765cb68264e81d1f73a2,b84ab04203fcb94af3c4c8bc39d95b8d
155a1d9467fb765cb68264e81d1f73a2,bae532b1ebbdd2e537af9713ed4a7966
155a1d9467fb765cb68264e81d1f73a2,bb2d27e49d227f22d8432e207da87e04
155a1d9467fb765cb68264e81d1f73a2,bcb54520acbde59f2ec1d06c7d8c65f1
155a1d9467fb765cb68264e81d1f73a2,c05ca84f950af644456f453870549a68
155a1d9467fb765cb68264e81d1f73a2,c6ea07d78dcc18189935dd526d6effc9
155a1d9467fb765cb68264e81d1f73a2,c9989b27cdcfbbc7fd47d87d17c93831
155a1d9467fb765cb68264e81d1f73a2,ddc54515a5f77dd518a728052f57fdde
155a1d9467fb765cb68264e81d1f73a2,dfedb1c8e2f8fbecff8bb52fc5cbcad0
155a1d9467fb765cb68264e81d1f73a2,e371464255e166a8f49eb7ffcb555333
155a1d9467fb765cb68264e81d1f73a2,e5d48eaa4e45615ed36e9c2a89d64130
155a1d9467fb765cb68264e81d1f73a2,e6a8ad361fa357ea187f2c538dacbdfc
155a1d9467fb765cb68264e81d1f73a2,ed2c979efd0f88dac9e043140c8dcb96
155a1d9467fb765cb68264e81d1f73a2,efbcf7d1a8ac58f3f91e98d16254d501
155a1d9467fb765cb68264e81d1f73a2,f02f52759adfb0c53e270d7988ab70d5
155a1d9467fb765cb68264e81d1f73a2,f5d20407ed6ca2d6082061e93ff2135a
155a1d9467fb765cb68264e81d1f73a2,f65e1485f95a4680c237af15e05502d2
155a1d9467fb765cb68264e81d1f73a2,fc1d0a287ee5aab4bc8432e74bce772c
155a1d9467fb765cb68264e81d1f73a2,fe0c04e85071cc21be49cf586b9e9988
155de95ac38b1da66ac539cc5a152b60,db1dc2429dc126dea53fcaaafd092c66
156a1bafe6f1b79058c9e6245d08c737,d09dad9a606079f2635b040cfc593843
15c9a98e351003df5881271735851662,18812a91cd50cbd24cf30a2ac54707be
15c9a98e351003df5881271735851662,1d495b8dfd7219e11bbf3041658b85a6
15c9a98e351003df5881271735851662,221c931dd7bbf5fb9093713712fbb378
15c9a98e351003df5881271735851662,4935868fc3547472a2d5ec58500470ce
15c9a98e351003df5881271735851662,5c5ed0321d706fa833c7016220bbf76c
15c9a98e351003df5881271735851662,7bc0bc4eb8c7f6e7792ed0e86125a49b
15c9a98e351003df5881271735851662,83ae3e1c94c126bf5445b2d4365ac390
15c9a98e351003df5881271735851662,90fd1308dd86665fd997166973e0000f
15c9a98e351003df5881271735851662,96e78c51ae1c660625532a697ec94dff
15c9a98e351003df5881271735851662,99498e219bc6cb5414be9eb9828cad32
15c9a98e351003df5881271735851662,9b1d4f405eac7d710c2ea3c3fbdf4e97
15c9a98e351003df5881271735851662,aa29e748713e473f945642c4eb3d793d
15c9a98e351003df5881271735851662,aff08f960889f9a011c949df523f1844
15c9a98e351003df5881271735851662,b741d145571dd8ad80d582f191cf43a5
15c9a98e351003df5881271735851662,c4442ff069191e635c9615d2c24f6406
15c9a98e351003df5881271735851662,f0b5b378f214419d5494931140364472
15f06e755a0ea9cb58c6d2a43d53b61c,1e59be9cf04e77aa9cd5aea26a768c81
15f06e755a0ea9cb58c6d2a43d53b61c,560c08b305da886c11d1e5d3d9880b7d
15f06e755a0ea9cb58c6d2a43d53b61c,6079f3cccd43400977dcb85e1cbe5b77
15f06e755a0ea9cb58c6d2a43d53b61c,962a77b8e32fbffc7bb751e32a2840f5
15f06e755a0ea9cb58c6d2a43d53b61c,980c35da95e84668d8fc5594bed10306
15f06e755a0ea9cb58c6d2a43d53b61c,b59438032b3575852431520b323cfd22
15f06e755a0ea9cb58c6d2a43d53b61c,c5a72a318ac0c190d3fe9d3b97f5ba62
15f06e755a0ea9cb58c6d2a43d53b61c,d6d6c0810cbd7f94127b32aa11b18fdc
15f06e755a0ea9cb58c6d2a43d53b61c,edda894e130693e415f4972f242567ad
15f06e755a0ea9cb58c6d2a43d53b61c,f32651105c9bfb2580594981576891e0
15f0a1da672392c01a927f1b476730f0,7a478ed004ca579951688426946be8a0
15f0a1da672392c01a927f1b476730f0,8b882ba4a0b032709062f52e26065698
15f0a1da672392c01a927f1b476730f0,c463fd45c433f1607633be579f895acf
15f7e30b61aa46562933b1993147b3a7,28f6b21c0ce59f203fb2092ad47e0f5c
15f7e30b61aa46562933b1993147b3a7,3d45174a13d1be4bf23ca8d7ca10e8f3
15f7e30b61aa46562933b1993147b3a7,87cc0c8ec6896e79343c115fd584d429
15f7e30b61aa46562933b1993147b3a7,c06f3f926cc18b45ba350495c59c0093
1617551db816d830b32a4f1cb87d94ae,3da8d37d5806145e0c62ee423a1054a3
1617551db816d830b32a4f1cb87d94ae,514bf91316ce3a445b1a354d9d3e8b5e
16378d1e25927b5e0a8dbdb4aafa4ce9,dbe3d27b49d51eb53307a4b0d7c17866
1637c23ef8626cd46d7ec6d730228801,7c530b3e13c3abb5fac664c9ec21ca1d
1637c23ef8626cd46d7ec6d730228801,dc7e6f73244097207ede5ca3a4eb5d07
1657a04c71c990073aced2d3c48a301c,2baf905afff4d326cee22abab19709fd
1657a04c71c990073aced2d3c48a301c,37af42b22d16b36766001d4cf987c1c8
1657a04c71c990073aced2d3c48a301c,6c4c23109a423c2af1c676ad19005f61
1657a04c71c990073aced2d3c48a301c,90cf8ca9603e73d7878f11f6769a307b
1657a04c71c990073aced2d3c48a301c,d66152331d59e32a42bacb79860d5270
166cbb21977d6eec82d39dcbef016381,2331131a4e3cb0e45ddc30b2e162adc6
166cbb21977d6eec82d39dcbef016381,265e1e07d978fd039aab026395419a44
166cbb21977d6eec82d39dcbef016381,32411fb57cee9e3c270bc5bf58532778
166cbb21977d6eec82d39dcbef016381,5e7ed41b54f46f066885cd07459bd17c
166cbb21977d6eec82d39dcbef016381,aae07d530ba210e5dd0b00e45ee54d19
166cbb21977d6eec82d39dcbef016381,b594f678b753c05e7bc468d600fc9afa
167014b86b272b2b44a1bd2c0c4823fb,71829b8ad6c2e3bd87d5e15aeacaa2de
1672c9f645c1ef4710ca0006a749415d,bbce95e332d0576404dc3feac54f80ea
16b807e09ade79f3aeceb53e3f83b83a,8d6e9993574cdeddf75f36cbe7f2a69e
16b807e09ade79f3aeceb53e3f83b83a,9e41b035e684a3afcf789e4f16d3ff5d
16b807e09ade79f3aeceb53e3f83b83a,fc3a10f48843831aa74bc1a8ff610df6
16be83d6c8e6ea2ff600a1ece4973ed7,37675327928fec3ce07f6a3de2c5dd2a
16be83d6c8e6ea2ff600a1ece4973ed7,689934cdeadee583c9b26da43cd2e81a
16be83d6c8e6ea2ff600a1ece4973ed7,7b026994b36fbcfb3a95d895d5d4abe6
16be83d6c8e6ea2ff600a1ece4973ed7,86b47db165e6651f3485a3fb83adb754
16be83d6c8e6ea2ff600a1ece4973ed7,8714dcb7df036e6f1e5af53fb1f97772
16be83d6c8e6ea2ff600a1ece4973ed7,9f812f0731df6aa00b1f1bee73e1781e
16be83d6c8e6ea2ff600a1ece4973ed7,c4efa54c2540d009d46c45beb7dde41b
16be83d6c8e6ea2ff600a1ece4973ed7,ddc54515a5f77dd518a728052f57fdde
16be83d6c8e6ea2ff600a1ece4973ed7,e371464255e166a8f49eb7ffcb555333
16be83d6c8e6ea2ff600a1ece4973ed7,ed2c979efd0f88dac9e043140c8dcb96
16c533b4a8836430836860d9e3255e2a,1999bf5c2202c37130aad8a64319e1a6
16d8ed12cbf782b874ac56a8e518acf3,28f6b21c0ce59f203fb2092ad47e0f5c
16d8ed12cbf782b874ac56a8e518acf3,87cc0c8ec6896e79343c115fd584d429
16d8ed12cbf782b874ac56a8e518acf3,af42bed76f614419d588eb3c65769f97
170af2e203fcad607e0a2f713380185d,28f6b21c0ce59f203fb2092ad47e0f5c
170af2e203fcad607e0a2f713380185d,291e8f177d306f383548e2ef05a5a579
170af2e203fcad607e0a2f713380185d,2d8c0ef830128a67a0a12356d985fac5
170af2e203fcad607e0a2f713380185d,3b7f7686fa74da7033f77038411fc007
170af2e203fcad607e0a2f713380185d,41ff03bc49eb32b517a08a4962ab3764
170af2e203fcad607e0a2f713380185d,550239efd6079199c8404f5dcdb8c724
170af2e203fcad607e0a2f713380185d,5dd56ea25902fdec54f1dfd28914f072
170af2e203fcad607e0a2f713380185d,7db14dc3058cc6ca81295011b4745b92
170af2e203fcad607e0a2f713380185d,aa7d4045e8d65f2e3db4551ee75de2c4
1719f1fc3887bdaffa8820b44e08245c,ca8c2246881cac98ef5c9c73afe83457
171fb478f503f7cda8aa9f7101f16554,5a4be2291dd0befc0a2cc0ba6e42048f
1740fb38a316d52fc308e10ad1d2e88c,e623d5be23a1a797a5b52295854cf47a
178e4f1fa834b1480da79144cec7b0e9,1999bf5c2202c37130aad8a64319e1a6
178e4f1fa834b1480da79144cec7b0e9,5eb7fc8b28b62f5383ae201094dc3def
1795e03acb26b396576fd57758371e3a,a47603b9b89c5ba6312a2742e9001c62
17b016468cccd789d95a383f33dda455,539fce17d5b68bb5280d732632bbbc71
17b016468cccd789d95a383f33dda455,5dc43cf1baa9e52e586146f16f014f7d
17b016468cccd789d95a383f33dda455,82c6ee0b41271821858b16114563d87c
17b016468cccd789d95a383f33dda455,a2522b773b522dc6c7d9461f99963f32
17b016468cccd789d95a383f33dda455,d524e20d3c70b7e6ab192bef5e86b06c
17b030fbca95234baa5be41a5b379cf1,19b2e64a9115413b9c35059f90dfcd5e
17c5534c8e2b691b0a877e810f04eee8,c66e4ff419ec8c69168df6c777209a65
17ca6adc46a90fcd75f49447fa0a6485,b9056b967385729ccd24a087d25a5c52
180f5fef6fa95d0107e5fdd09fc6672f,81d381542d6a865183828760d3cf4b82
181fbb94ed028757e9873f6b58a343a2,dbe736e78fed3b0f4703c4ce05472b7e
182743db878435d07dc45503f5ec6f7d,1f5dcdc3ea333d0f81f3eab8dd4fa134
182743db878435d07dc45503f5ec6f7d,99d4627d0a7233549b1a840807bf396f
1840985d6ab00dfea9ba8427b966ecbf,1864bdc0f40ddb310724bf4923f9019e
1840985d6ab00dfea9ba8427b966ecbf,291e8f177d306f383548e2ef05a5a579
1840985d6ab00dfea9ba8427b966ecbf,2c78681e56a6dbabd273c6922350711c
1840985d6ab00dfea9ba8427b966ecbf,3ad30b03b3d23ac6b5f5d57906353375
1840985d6ab00dfea9ba8427b966ecbf,41ff03bc49eb32b517a08a4962ab3764
1840985d6ab00dfea9ba8427b966ecbf,42068cb1893948dfbff846ea18775306
1840985d6ab00dfea9ba8427b966ecbf,617a9cf79697c0a24bb2960fa00587b1
1840985d6ab00dfea9ba8427b966ecbf,62e01423cfc59329b6acb874696c0590
1840985d6ab00dfea9ba8427b966ecbf,63cf86aa8f00483221555d97e8c6ccbf
1840985d6ab00dfea9ba8427b966ecbf,6a7f5ff621d20a43a9d19340bef3db1a
1840985d6ab00dfea9ba8427b966ecbf,767d4f2d3911c149a5c99e9200e09f31
1840985d6ab00dfea9ba8427b966ecbf,7db14dc3058cc6ca81295011b4745b92
1840985d6ab00dfea9ba8427b966ecbf,a7a4b5bf23cb560d08106ef75e1c73f8
1840985d6ab00dfea9ba8427b966ecbf,a9c578c0edc5e3fc3c13c13810322dbd
1840985d6ab00dfea9ba8427b966ecbf,c23d5f76ef396a0f520ca6c677dccc1f
1840985d6ab00dfea9ba8427b966ecbf,cdf07468d9c693794f1da0b9ba549c15
1840985d6ab00dfea9ba8427b966ecbf,d44df7668f75c8f084cdada0a7a1aae0
1840985d6ab00dfea9ba8427b966ecbf,da2ae411a236d52fa1e62a224bb1e88a
18437bed257e8075a570c866be178be2,b71b44271e330e747b334e6417d1fda7
1864bdc0f40ddb310724bf4923f9019e,28f6b21c0ce59f203fb2092ad47e0f5c
1864bdc0f40ddb310724bf4923f9019e,291e8f177d306f383548e2ef05a5a579
1864bdc0f40ddb310724bf4923f9019e,2c78681e56a6dbabd273c6922350711c
1864bdc0f40ddb310724bf4923f9019e,3b7f7686fa74da7033f77038411fc007
1864bdc0f40ddb310724bf4923f9019e,41ff03bc49eb32b517a08a4962ab3764
1864bdc0f40ddb310724bf4923f9019e,42068cb1893948dfbff846ea18775306
1864bdc0f40ddb310724bf4923f9019e,5dd56ea25902fdec54f1dfd28914f072
1864bdc0f40ddb310724bf4923f9019e,617a9cf79697c0a24bb2960fa00587b1
1864bdc0f40ddb310724bf4923f9019e,62e01423cfc59329b6acb874696c0590
1864bdc0f40ddb310724bf4923f9019e,6ac048a47fe6abf40205dd46d4bfad09
1864bdc0f40ddb310724bf4923f9019e,7db14dc3058cc6ca81295011b4745b92
1864bdc0f40ddb310724bf4923f9019e,81b4d775b96c465bff5c607f9b8c2a3d
1864bdc0f40ddb310724bf4923f9019e,a7a4b5bf23cb560d08106ef75e1c73f8
1864bdc0f40ddb310724bf4923f9019e,a9c578c0edc5e3fc3c13c13810322dbd
1864bdc0f40ddb310724bf4923f9019e,aa7d4045e8d65f2e3db4551ee75de2c4
1864bdc0f40ddb310724bf4923f9019e,c23d5f76ef396a0f520ca6c677dccc1f
1864bdc0f40ddb310724bf4923f9019e,cdf07468d9c693794f1da0b9ba549c15
1864bdc0f40ddb310724bf4923f9019e,d44df7668f75c8f084cdada0a7a1aae0
1864bdc0f40ddb310724bf4923f9019e,da2ae411a236d52fa1e62a224bb1e88a
1864bdc0f40ddb310724bf4923f9019e,dd720a31ae01f8066abe782818b59699
1864bdc0f40ddb310724bf4923f9019e,e4750dcc3268ebba356557f444761f9c
187ef19702f179559526a529729595f5,765c646e6c6ddbacd622329895ae4542
187ef19702f179559526a529729595f5,d8d5db7e1210be9b4d499ef1249a4889
18812a91cd50cbd24cf30a2ac54707be,44b0129270854a64d64092fb787ca82a
18812a91cd50cbd24cf30a2ac54707be,64381560125b6fea9663d5a40a49f8af
18812a91cd50cbd24cf30a2ac54707be,6663badef695a2c2f04d4df10a65a961
18812a91cd50cbd24cf30a2ac54707be,785b80a38bbcf682106c52f06c336fd2
18812a91cd50cbd24cf30a2ac54707be,e726492d30ba647aff35e0dc5c0942a6
189260b13632607b426ac8dd015aaf59,8a791b606cc5a4ce64f15d01a685b046
189260b13632607b426ac8dd015aaf59,8f9d1cb4e771295c8f0493ca7411c78f
18b946f9445d8c3ad64431ee8d2f468d,ae269db2dc353f1eb28e81ed94b9d021
18b946f9445d8c3ad64431ee8d2f468d,f0932ff19f4f7f0beb5a3cd08d7aa799
18ba4c8dbd444f53af93db734e24951a,6aaef9028386057006e40188ed2dc38d
18ba4c8dbd444f53af93db734e24951a,dbf713bb8bbf41722ba0b21bf95c9846
18c19e6793a75f83e5aae0b26af8f0f4,edc52bd0a889776fd8684cdfb60c4879
18c30b4a779868b7e1056aabd4b0304b,2d94994f2553a1c57c25aa8815c23dfb
18c30b4a779868b7e1056aabd4b0304b,5f1cd7f54fc4fd597dcd51a397ec53bd
18d82eb04cd4f4aac537fc5d6f6b8b30,49adfaa820e0925a44dbc38434f400fd
18d82eb04cd4f4aac537fc5d6f6b8b30,7228a451a18800287590ed8ba2730d3b
18dceb85d239bb0a0508e968c3d44c07,291e8f177d306f383548e2ef05a5a579
18dceb85d239bb0a0508e968c3d44c07,41ff03bc49eb32b517a08a4962ab3764
18eaf440ae1a41d10077650e4dc7daf5,49adfaa820e0925a44dbc38434f400fd
18eaf440ae1a41d10077650e4dc7daf5,7228a451a18800287590ed8ba2730d3b
18eaf440ae1a41d10077650e4dc7daf5,b2680efed9c0659d9aaf6d754d29915e
18fd95dfba8171569662e899de9a8c15,a63804afa14c6e68b3f247de4c98f294
1903036015ec2925f377a11b7f31b72d,1a8ad804b6f4ff7093298464c18ba077
19132f7ee3f854e1ee30180c4a6bdcce,7549b7439d64e162f43ff897ff267427
1916e4d067a17ddef746704e17613b8e,5fb5900ed132f95d5976bd12ca4eedc9
1954f281ec2f633abb4c908d547aebd3,77b423e19116f5771df34c6cfe73cd84
1954f281ec2f633abb4c908d547aebd3,877e9d9fc3c4750c3d3a4579c3a60b40
1954f281ec2f633abb4c908d547aebd3,afafc74102f3bb623afd7c62afbc671c
1954f281ec2f633abb4c908d547aebd3,cc18f108b1a774d0b2458c949fe3da4c
1954f281ec2f633abb4c908d547aebd3,daffa6893d6a05ffffa53019d5220b46
195781815f9c235f5ed10b055d69d4c0,5c5ed0321d706fa833c7016220bbf76c
195781815f9c235f5ed10b055d69d4c0,97d7e42393bf720d97a2aea5be2c6bba
195781815f9c235f5ed10b055d69d4c0,a7327cf1b3d1e96cdbebad316db27c80
195f8b654be380a9a9180561c3d118bb,b75f23af339329993e37ce668b6a5673
196cf1c2266965d00e67cb904986d658,2b6fdb54c2ece4ab13cfc30ef9f032f0
196cf1c2266965d00e67cb904986d658,f5a82b70011592a5edd0b2c91710c7a3
197101758e2755a8da633bd1aac91720,23de457509db57145805e9510d201ee5
197101758e2755a8da633bd1aac91720,b9056b967385729ccd24a087d25a5c52
1984dc2c2497dc3e86d6d22478f291f3,f362831c4ff78796df0c8a038f343666
1989d2b63e74eaef0d701df4ac030e76,c58ccb658c4519f493938cfff5ab721f
1991ff56cb477d637dbd81c4ee50b507,3e54bd1739a0e43be66b1fee47592045
1999bf5c2202c37130aad8a64319e1a6,4ff6683967b272b79965981315d31cfe
1999bf5c2202c37130aad8a64319e1a6,5eb7fc8b28b62f5383ae201094dc3def
1999bf5c2202c37130aad8a64319e1a6,7fbfdd63e08dec218cc2226195919196
1999bf5c2202c37130aad8a64319e1a6,b7dab1119a91eaacda5c343f0bc93273
1999bf5c2202c37130aad8a64319e1a6,e1f346d6168bd551eed0a51af12902a3
1999bf5c2202c37130aad8a64319e1a6,ed8e56a288e8ac2a9460c67792480644
199acfbbe48daf35e794cdb5f9024252,2696df784b2731560e298f299dc1adcf
19b2e64a9115413b9c35059f90dfcd5e,8f53d9e0de1b5e771b86909e38349d90
19b2e64a9115413b9c35059f90dfcd5e,e9772d9ed1035af5630184df5eec4acb
19bbd7dd4de342ba168f2d034beb8085,56ceabb4a9af59a44dd7bce36135c056
19bbd7dd4de342ba168f2d034beb8085,5fba6607bc77a6e1d0b539f5234de17d
19bbd7dd4de342ba168f2d034beb8085,b54e61b9b723694a0d24d2b1618702b5
19bbd7dd4de342ba168f2d034beb8085,b5f056d25a17087684c5e3bccf42e72e
19bbd7dd4de342ba168f2d034beb8085,fe9c553cebdf4e5bbab94cd8f6718726
19d0baa8f38df0be383870038a82dfac,4898773c22a81a960c7e31a5024e2746
19f1cddd065700207d9f3eed0aeef6b0,aa997f533377326b23f6380fdb09e5eb
19f1cddd065700207d9f3eed0aeef6b0,b9056b967385729ccd24a087d25a5c52
19f8f82944732a763240cb0b2f22ddce,eb580a8d9aa3bca319c154b753ff6424
1a2e48755b449c0976952dd361cf86fc,58dc2dc1b47af4cdb48449c2caa02e08
1a8ad804b6f4ff7093298464c18ba077,76c0ae54be99b2409c3aac18db65717d
1a8ad804b6f4ff7093298464c18ba077,86b1957404d2654837db5f7cfa9d873d
1a8ad804b6f4ff7093298464c18ba077,ced0cc0deaa89c7aac6c14cca5d333ce
1a98377f9d6f44999ad5ba2fb6632484,311f9096a85de7b13b851dc994391617
1a98377f9d6f44999ad5ba2fb6632484,4d7bd0ebbad831a26ae469262db8a5e0
1a98377f9d6f44999ad5ba2fb6632484,87090ec93c0f06856ee8c203ad1b63ba
1a98377f9d6f44999ad5ba2fb6632484,a9d11df98a78d199258d1823aadd77c7
1a98377f9d6f44999ad5ba2fb6632484,d8ef2681f9302679bd55169830c74a91
1a98377f9d6f44999ad5ba2fb6632484,fd490aa23271c021d640cb2872129635
1a98377f9d6f44999ad5ba2fb6632484,fdf07641fbcb7f3e1a7beda23d7464ba
1aa1bf71f30f98712cd4ec07a9728255,82e608694fc484cec43a835520519d3c
1abcff74d6ae552650415e9f863fb889,9a78a49439a3fae48614bccf13cb2375
1ae1a53e6266809e4947457d9a042dad,49adfaa820e0925a44dbc38434f400fd
1ae1a53e6266809e4947457d9a042dad,7228a451a18800287590ed8ba2730d3b
1b00dacc20ec32b877a9eef92ca94011,6f05062224dfd561b7e8b5301a8dec98
1b0f637d17d26fc63c9ad8de3cc9018b,c07d948bed611f6144628d5913f8f908
1b29e39e71e0ee09c2f7d2abba157fe9,216c2c78cd7cee52b630c23f52f04ecb
1b29e39e71e0ee09c2f7d2abba157fe9,c7701672ea8c43d9af425d127a4ba133
1b879538ab576bd8ec8ba63dc1fe587c,3a7b2e03cf8cc2290e2a9a6f256bd472
1b879538ab576bd8ec8ba63dc1fe587c,afafc74102f3bb623afd7c62afbc671c
1b879538ab576bd8ec8ba63dc1fe587c,d2406522735fdc092476f863768344f1
1bb344d667b3609d6d2ab04dbcd45418,de44a278a756e3f8a8686eb71b5a046a
1bb633152d23955e727aafd1f6c254ee,721be4a9ed6b76f7f600e94a0148a647
1bb633152d23955e727aafd1f6c254ee,aa7ab82e0d696d367fafe19e6d934d0e
1bb633152d23955e727aafd1f6c254ee,d64607c0522628b4c665c17cd16d0a56
1bbc738a7ebd0f3f4b3d4cab76bd6454,273a1ca7f38f9a7d3c00f62ff6cbf685
1bbc738a7ebd0f3f4b3d4cab76bd6454,3244053058e664f0ee25f6669d93e220
1bbc738a7ebd0f3f4b3d4cab76bd6454,3a4739a3cfbc5ffd99e33dbb5e736ba2
1bbc738a7ebd0f3f4b3d4cab76bd6454,5571023fedf0091ecab9fea7c0275a5d
1bbc738a7ebd0f3f4b3d4cab76bd6454,6d03abfd93cfba76141861d654e1a94d
1bbc738a7ebd0f3f4b3d4cab76bd6454,8a2a4a87eb64c7d6d43db04a2a5115f2
1bbc738a7ebd0f3f4b3d4cab76bd6454,8e7b5480156d5b27f3f962cf7231f1e3
1bbc738a7ebd0f3f4b3d4cab76bd6454,9b401b716387fb6b8d9bf46c2882e696
1bbc738a7ebd0f3f4b3d4cab76bd6454,a87850097693c4f5048a6e5bdc1e2b31
1bbc738a7ebd0f3f4b3d4cab76bd6454,a9af2700ef761e22e334b9c172cedee5
1bbc738a7ebd0f3f4b3d4cab76bd6454,a9dc942a9fcb1b2215cd6b339c76848d
1bbc738a7ebd0f3f4b3d4cab76bd6454,c6ec25b24256f6e1f902a29416ab964e
1bbc738a7ebd0f3f4b3d4cab76bd6454,c7f04515d136734545537a05e5f4392a
1bbc738a7ebd0f3f4b3d4cab76bd6454,e8d14b09b08840dcdfaf1d3983d6df51
1bbc738a7ebd0f3f4b3d4cab76bd6454,f0a7454555d52a667c6df22dc8a28bcc
1bbc738a7ebd0f3f4b3d4cab76bd6454,f1c0e8776928a9cf507eea55f424076d
1bbc738a7ebd0f3f4b3d4cab76bd6454,fb5643b20582ba68d8da8a8dca24c4fa
1bbc738a7ebd0f3f4b3d4cab76bd6454,fefa98da8db666ce806d4af04be8e6fa
1bcf8a63324e44f4a97196462cb7d703,e5ad816fafd633d6dce6b284dfb7f432
1bd95b39bc2111d9eb3b60fe026e5d84,b2795d93765a095620cf29d49465e598
1bf0b689f4fa276058fbbf74a58a1324,6a586e28c48b1800fb40234178746486
1c038afd414c950702bf123ee130db47,21d6cd070951a44617e2735401fef41e
1c038afd414c950702bf123ee130db47,23d1a7d71e3cbe03647e2fb207598f81
1c038afd414c950702bf123ee130db47,2d66b8eb25dd729ed643a81c1b7865de
1c038afd414c950702bf123ee130db47,52ee17a72e4b12b8650e0297de9f3a0f
1c038afd414c950702bf123ee130db47,7f60e9f4e5df77c87fb05ae9f16feb64
1c038afd414c950702bf123ee130db47,8c4f8b10aee217a2b78c65d80612939f
1c038afd414c950702bf123ee130db47,9ce39ea886023961ed52bc1e9c699335
1c038afd414c950702bf123ee130db47,c595df1f5ba2c76a3c391f7c297d1c3b
1c038afd414c950702bf123ee130db47,dbf470c3eef41bc462f9bf4be7c0338b
1c038afd414c950702bf123ee130db47,f22900463360553209b03f223dcc8c99
1c038afd414c950702bf123ee130db47,fc6f93461ae13e68eb950fdf4bdf5181
1c107d60c612864f410659322cd037c8,4511e735eee378b806e1f4c6d63529df
1c1f4ef8ff1f82f599cc214bc8853c5e,61376494477c2ff84403fa3c9a4d4955
1c34d549b542665253f6c125c707d290,2824a3647c2c47e47deeb9ca90b47388
1c34d549b542665253f6c125c707d290,760ac26fd314318eea90c8585233c1c5
1c34d549b542665253f6c125c707d290,7d8be109ecb7f993061787f1813cf559
1c34d549b542665253f6c125c707d290,a84961430083d16921449bcc755a4b5c
1c34d549b542665253f6c125c707d290,a97a288150670cd804165c2473425409
1c34d549b542665253f6c125c707d290,b2273b1e4ffa5f0193c68a6964bb0ad7
1c34d549b542665253f6c125c707d290,d01505d9ca027d8920f7770b152a2f20
1c34d549b542665253f6c125c707d290,e9ce248fdd8466ca6c9f68f02fcc8646
1c34d549b542665253f6c125c707d290,ea6598a704d545f75c29d1739e3a60f2
1c34d549b542665253f6c125c707d290,f5dfc13ca79a04a8af148c23c5639c85
1c48d26dc057d6728704912f7dd8bf0b,38dea4da11dd0dfb25f59e169ea5c6d2
1c48d26dc057d6728704912f7dd8bf0b,6f0f28aac78c901ef8fb23238228cdae
1c48d26dc057d6728704912f7dd8bf0b,97d7e42393bf720d97a2aea5be2c6bba
1c48d26dc057d6728704912f7dd8bf0b,bb2d27e49d227f22d8432e207da87e04
1c48d26dc057d6728704912f7dd8bf0b,bcb54520acbde59f2ec1d06c7d8c65f1
1c48d26dc057d6728704912f7dd8bf0b,e6a8ad361fa357ea187f2c538dacbdfc
1c4a737e543f239a6dd182a4c8eaa9b7,478bba3627e622d2a337569297087ae8
1c4a737e543f239a6dd182a4c8eaa9b7,690ac08399bd33c58bdefb0da2cc2cd1
1c4a737e543f239a6dd182a4c8eaa9b7,ca7d9c31ea380350dfffe67f5af5d3d1
1c5fe5a349e1716e16f2c36d229cca30,7b57562fb79a4eb7d1658b54f27d771b
1c6c9000abd9f71eb9a5729546ee2177,21b744996957be9a490feb16e227ac34
1c6c9000abd9f71eb9a5729546ee2177,421dc56f897f05a1f423852b2172af04
1c6c9000abd9f71eb9a5729546ee2177,c7ce66e0d9cb21855861fe5b65510a24
1ca7516f82e4b165253beb32e553c199,221c931dd7bbf5fb9093713712fbb378
1ca7516f82e4b165253beb32e553c199,570ee20765ecf4a99dbf9e7895914410
1ca7516f82e4b165253beb32e553c199,75e84b8cc9f3ba23d8dc8d8b591140ba
1ca7516f82e4b165253beb32e553c199,8736a5f252148440c254ce27f3cbdfcb
1ca7516f82e4b165253beb32e553c199,90fd1308dd86665fd997166973e0000f
1ca7516f82e4b165253beb32e553c199,99d4627d0a7233549b1a840807bf396f
1ca7516f82e4b165253beb32e553c199,9e415cd3fd1b02da273146b6a9968264
1ca7516f82e4b165253beb32e553c199,b63ccaefc8a51c769ecde2bc5f3e5de8
1ca7516f82e4b165253beb32e553c199,d94f7083efd44bf5a23d79e0e02c616b
1ca7516f82e4b165253beb32e553c199,f00c467e9471831b155739da601e8832
1ce0812b9ff92f3775542a7d3a9c5a07,4f4eeac791e7724584ca95931e1ae54f
1ce0812b9ff92f3775542a7d3a9c5a07,e9136314cae5c479f7b038fabe9f64dc
1ce6f58d8bb9f878e88045ed59f7d1b1,6f7207c60d6ea70a924353e4c5007124
1cfca68309ff093c7a3b14756a91bbd4,4421203cdc7d69a9b7b8d5b9642766c1
1d495b8dfd7219e11bbf3041658b85a6,1f5dcdc3ea333d0f81f3eab8dd4fa134
1d495b8dfd7219e11bbf3041658b85a6,44b0129270854a64d64092fb787ca82a
1d495b8dfd7219e11bbf3041658b85a6,6663badef695a2c2f04d4df10a65a961
1d495b8dfd7219e11bbf3041658b85a6,7bc0bc4eb8c7f6e7792ed0e86125a49b
1d495b8dfd7219e11bbf3041658b85a6,e726492d30ba647aff35e0dc5c0942a6
1d58e647f206d6c759123cbd7f5ad358,2d56161670e8edb015b109f2dd791469
1d61764a651052be03eb10634290a9ef,75480b158d8596f4ac22c642182c99bd
1d61764a651052be03eb10634290a9ef,83e489d0b8e05abb65c05f6e6ae8f3e0
1d61764a651052be03eb10634290a9ef,fc6b752b9c716c80f6a8b62a95365dd4
1d76d1d586efc557652fbbc37fcde537,1d76d1d586efc557652fbbc37fcde537
1d9a59a7f4793f0365e43c3d4e2fc24b,c817245d808fcc63d1532f4ba9b3f5af
1d9e80086c792a70b9c05f15a09e50f3,3c6435f4a32fd6c30290d3ecb8605f70
1db06752453784785de09a33f7ee699c,7bc0bc4eb8c7f6e7792ed0e86125a49b
1dcc58df7a34cf03e830ab46f5c1ae39,d7f9e88602e39e8fb137b5ebd80b9a97
1e24199bded12baf137260fdf0f0fd14,a58de53e691d283dcd1549043a41c10a
1e2e2948630606912502691d39e1c282,268c3f7f0ed419bb241f33ea93011ee5
1e2e2948630606912502691d39e1c282,59aa351598679a44020c0b88ea5ce12a
1e2e2948630606912502691d39e1c282,8af37f5618fb1fd7da834d4cedbca6ff
1e2e2948630606912502691d39e1c282,bc29617aac27456f2b1879d346ec6fe6
1e2e2948630606912502691d39e1c282,da3d9717247fdfd57f6431db8cef985d
1e3e50fb0156fb865695c6a5908574c9,3c336106a6966fb4ca2a2d6539c8f4ca
1e3e50fb0156fb865695c6a5908574c9,61711a2946189236ba511c368a20929f
1e59be9cf04e77aa9cd5aea26a768c81,560c08b305da886c11d1e5d3d9880b7d
1e59be9cf04e77aa9cd5aea26a768c81,962a77b8e32fbffc7bb751e32a2840f5
1e6e72cb38c4ca1088b1545e32c4dfa9,6c00916f2f44331475a20cc4f5f62621
1e738faeffdae13ddb5943424424c7e4,996edd0f6492770137a7ec0a8eff2604
1f5dcdc3ea333d0f81f3eab8dd4fa134,244808435a9d7d545e0e0def375b8c0d
1f5dcdc3ea333d0f81f3eab8dd4fa134,279fa7309a37ba1152f1d1aeba04fb3a
1f5dcdc3ea333d0f81f3eab8dd4fa134,2a8cb56cce093cf2c947543ce777b86d
1f5dcdc3ea333d0f81f3eab8dd4fa134,318ea8d48abcfabe164cdab48cf276bc
1f5dcdc3ea333d0f81f3eab8dd4fa134,361fa59fd7061492637164a46edf57f7
1f5dcdc3ea333d0f81f3eab8dd4fa134,3f09f9cf0210badc4521dea133d335f2
1f5dcdc3ea333d0f81f3eab8dd4fa134,75e84b8cc9f3ba23d8dc8d8b591140ba
1f5dcdc3ea333d0f81f3eab8dd4fa134,7a478ed004ca579951688426946be8a0
1f5dcdc3ea333d0f81f3eab8dd4fa134,99d4627d0a7233549b1a840807bf396f
1f5dcdc3ea333d0f81f3eab8dd4fa134,9e415cd3fd1b02da273146b6a9968264
1f5dcdc3ea333d0f81f3eab8dd4fa134,bda1af29723f36cd6472fd02e27858aa
1f5dcdc3ea333d0f81f3eab8dd4fa134,d48b14ef60b2cb2131d43d8d2db62b7e
1f5dcdc3ea333d0f81f3eab8dd4fa134,d5dc6d956f07ea7e4526920b52b236a1
1f5dcdc3ea333d0f81f3eab8dd4fa134,d94f7083efd44bf5a23d79e0e02c616b
1f665d199887893537bdd8abfc27154f,7abdd613ebd6a3ce8c384d3613ad9559
1f7192cb6873074b89fea234b9175685,347a44868cdb18b7ec504a1168e01316
1f7192cb6873074b89fea234b9175685,e4a1fef7808b0445588df9db1403161f
1f7192cb6873074b89fea234b9175685,ec8c3c2655b68929e7a1878a268fccaa
1f7192cb6873074b89fea234b9175685,f833b28ae5d3ed27dbd67f2be29233f0
1f759e064d1dc42d76f2bc02c4a3473b,5ff258ab00f0b4e768a40f80b6bc549b
1f759e064d1dc42d76f2bc02c4a3473b,60ebbbd382f3d5374dc00d8741d69da2
1f759e064d1dc42d76f2bc02c4a3473b,f58f008f6e09bce7b890963406e74347
1f795c55c21f70eece283a4556f71c1f,ced581cf3131de88eade5a1db13f1c65
1f986365c340e9f21d43b9132136352a,3a76b5e2bd06cf80127cb144aec253b2
1f986365c340e9f21d43b9132136352a,c11056030d1c015942c9a469b5ad67f0
1f986365c340e9f21d43b9132136352a,ec7faeeeb7e9eac31559b3cbcff9a4b3
1fb88feef3a8ea62abe721723ec3f32b,478bba3627e622d2a337569297087ae8
202b2e025ce165aa71a25ed5fa3d520a,5317cfa7fdcecf2bc0c366d428b94dcb
202b2e025ce165aa71a25ed5fa3d520a,62726c73a17603ed6c060568f6005837
207944d42d218e4fa6697e1b8a3bb26a,208010726890cc6ecbb898ed31ab59bf
207944d42d218e4fa6697e1b8a3bb26a,d42c01ab4a18b602979bddbd0ac8dcb5
20b0a700b93d59a7557033e458ff8737,f338e1e857a18bde58dbd3f591c2367c
20b670a2702fe000e38dfe0f5171ca8f,7d0feb8376fcd7b28bfc88c8b9d8d7cb
20ce17c98abc5b10c8c4fc2db50f3903,a1f3ebd19de385ee18d44af27d7747c9
212ef4baf74020b81de9d9e40370a795,e5e2ee5e173190f7ff552c24036c3078
213cca27aa9907f07c722eea5859bda8,c07d948bed611f6144628d5913f8f908
2140477d8202507bb8a14fbd7311f1ef,78a4c2f639d7d2203c922be7be8c0967
2140477d8202507bb8a14fbd7311f1ef,9d99acb4444ae4af56a218bac07eb237
2158602085c336d518da81f4f2847190,436dc8a8592f85418518396ed4394064
2158602085c336d518da81f4f2847190,b54a6279f0a1e04d542ad1fa64571e1f
21804188f538272542ba9423a05335f7,8758226040fd794efcefffc4231f3952
21b744996957be9a490feb16e227ac34,421dc56f897f05a1f423852b2172af04
21b744996957be9a490feb16e227ac34,c7ce66e0d9cb21855861fe5b65510a24
21c0537bc4bda400889487cb5082b3e4,47970b2bf3c406bff08f678fcf9aaf1c
21c1fefbe210b8faf736b8ab63eba38d,96f8f1213bcbc73682ba984b20cba3da
21c7907a441f5fa287ed01b5e80ccce3,dc28ddf68944bf8231d3768948ca0d1f
21d6cd070951a44617e2735401fef41e,c595df1f5ba2c76a3c391f7c297d1c3b
21d6cd070951a44617e2735401fef41e,dbf470c3eef41bc462f9bf4be7c0338b
21dc10e9d85389d1c97abeddea102479,3a0fa15a0947025aad398283eca8cfa0
21dc10e9d85389d1c97abeddea102479,9cea019cbf2fa1ffe47a8fdade8775c2
21e7472f8eaaa4a71b62ddfcfad882f0,6fccc58ba46e73ca537b0186e9c7bc81
2204a62d19e387a08519b7eb1f3790ef,3a01bc694c3fbb9329fac1792abe339d
2204a62d19e387a08519b7eb1f3790ef,faad62ee21fdb96639ed993b176df9e3
221c931dd7bbf5fb9093713712fbb378,3ee240f97a558d1107a5932a0c9806cf
221c931dd7bbf5fb9093713712fbb378,44b0129270854a64d64092fb787ca82a
221c931dd7bbf5fb9093713712fbb378,64381560125b6fea9663d5a40a49f8af
221c931dd7bbf5fb9093713712fbb378,6663badef695a2c2f04d4df10a65a961
221c931dd7bbf5fb9093713712fbb378,6baaf5fa654c77aa37e34dbed930dfed
221c931dd7bbf5fb9093713712fbb378,785b80a38bbcf682106c52f06c336fd2
221c931dd7bbf5fb9093713712fbb378,e726492d30ba647aff35e0dc5c0942a6
222d971ef793d90ae1986f5ba001967e,48c999545624be54077c17c39a52edfc
22354f86719b957d4949ce4aec476e15,d6ec8fabeeb7f62ee0205639c24fe791
22354f86719b957d4949ce4aec476e15,f55a2c636907a15c864aac76e9417893
225c561adda9324e2e99164c523a1b12,5eaa7ab476962ddd578eefc72aebf1c6
225e74d0fec8c9e1fe81e19a7e738071,4d14bbb5914b4224c439e3f17e71f668
225e74d0fec8c9e1fe81e19a7e738071,7a478ed004ca579951688426946be8a0
225e74d0fec8c9e1fe81e19a7e738071,a508f7dd5cafa20f7dd4eac9bcdb36f8
22738081fce28d0a5cf0017cfd07b1dd,d47c590dcca1b83d2c925b3b9964f9fe
22861dadc2d9fb321be575ca4540954b,dd8978ab2eec6af847718854fd89937d
228850b0d5ac224e8007bbf854782545,c56b88cf4c393a66f762e97945253859
228b1b237e839625a6e560be597f6f8c,467cd3ecaf803499c99d91ddf46ad273
229498de703ee79b82a5172110a5b2ab,4679aeaaf38d151dc0ef4502c5edb6ee
229498de703ee79b82a5172110a5b2ab,7cfd80bbe650fa8e601b84237e21d63b
22ab57b34c9c7655a7c3c940598b61a3,7fafc9ebcba53059f2817a7ef97d2a92
22ab57b34c9c7655a7c3c940598b61a3,ad9835184a4ac03d1922640b8aa31ce7
22b0e7af0c8fdf2de62af1731ab23f85,643f7a51750640fb5784a4abf74932af
22bdb0e7d0ce34deb1bec6d137ca3ca9,4ec95aca4ec392f16869a210a522a3f8
22c6d3988d93be1d8e5d5a88b4d0d22b,66d9096c76b98c58c7e2cf201d9fc9e8
22d3bd777102c19fd25c7bab86d3640e,25c47ebf4fd4149f3d3f70c4d12ba02d
22f0d37a5a033f3445227eef77f16723,97d7e42393bf720d97a2aea5be2c6bba
22f4ebb165b1700bbd4a67894ca7149a,892a1331eca526d24454760216047398
230f430db2d51d3c1c8c7c94c7f936cf,252d83b33cf9dd2f6a89254d045ba6e3
230f430db2d51d3c1c8c7c94c7f936cf,4046270223ffbba0445a9472fd2e1724
230f430db2d51d3c1c8c7c94c7f936cf,9e3fc5fbfe848c4281eaa0fd2aaa636d
2331131a4e3cb0e45ddc30b2e162adc6,265e1e07d978fd039aab026395419a44
2331131a4e3cb0e45ddc30b2e162adc6,32411fb57cee9e3c270bc5bf58532778
2331131a4e3cb0e45ddc30b2e162adc6,5e7ed41b54f46f066885cd07459bd17c
2331131a4e3cb0e45ddc30b2e162adc6,aae07d530ba210e5dd0b00e45ee54d19
2331131a4e3cb0e45ddc30b2e162adc6,b594f678b753c05e7bc468d600fc9afa
233d3355e357d359a4aadbda0a9382bb,5d2e01c4bc4e860d7bea5c0bf2194a37
2354d165affb0df79865190bd22ba8ae,637ed942acadd3b3d2c73d5e651e941e
2358278e548f2d72d7b2daa042e09df6,37c6122affaf01b65a6c34bf3e587d82
2358278e548f2d72d7b2daa042e09df6,6db56524d971e1099a29851b24b9743f
2358278e548f2d72d7b2daa042e09df6,9c3db0778932fd7ad6fe27b51b9ac089
2358278e548f2d72d7b2daa042e09df6,bba138ce77530517e9b7ad6f0f882358
2358278e548f2d72d7b2daa042e09df6,ebd956c708ca3964639be74f97a5baf3
2358278e548f2d72d7b2daa042e09df6,fd0d9390729d7fe2d7dae1c7b2792401
2393accb1544fef1788d874635618526,3dde1371e5da7b1d8509caf1f3b85250
23d1a7d71e3cbe03647e2fb207598f81,c595df1f5ba2c76a3c391f7c297d1c3b
23d1a7d71e3cbe03647e2fb207598f81,dbf470c3eef41bc462f9bf4be7c0338b
2437cb3e372bab28e1417c316b338018,d1a9c9298c337d6f22350e7ccfb46253
2445137b2a9708a3734bf3f1d185ef72,fcaf944b704620c0d045d1223ec21ad2
244808435a9d7d545e0e0def375b8c0d,6b2204839735cb7bf1081d46e8739da7
244808435a9d7d545e0e0def375b8c0d,a81e226fd81222d5633bc72eb6c5fc22
244808435a9d7d545e0e0def375b8c0d,bbcaaa9d2e93ed884c4f6d98f5eb59b0
244808435a9d7d545e0e0def375b8c0d,edc59ff5613962afeaebdd9373d11e0c
24728810233f010251d2a0db5de24f7d,750bdbd5d9bf252e15066387d389a439
24728810233f010251d2a0db5de24f7d,c2de2147d601f9aa0659813d77172a75
247624b4425f9785f7060a9007ee1b5d,6ed3143718551ea07fff125304da812c
2477f3e45a17ae627ebced47102c6ab9,c595df1f5ba2c76a3c391f7c297d1c3b
247a8a23e408b50c835c8beb92964a87,3838f93bc49cca02dc12061a92b9be31
24bc83fa9404cc2713a0ef51cacb2279,820ebb65bb87c50488f322a22f547b8a
24beb9eec8eac852aa2c499512138893,d80c2b95263e6a7aa67ad1b2d442b970
24dadf47dbc9a468c811a07184494d3c,49adfaa820e0925a44dbc38434f400fd
24dadf47dbc9a468c811a07184494d3c,7228a451a18800287590ed8ba2730d3b
24ebc9beeed88690f8f55fb6e72fdba4,a485ad98d1c44748348ffc79b38d9686
24ebc9beeed88690f8f55fb6e72fdba4,e890482245c8f7294513821213c3ee7a
24ed20641942652d6052cacff7d11963,b06f0d9e48e731b60ab4c8151e46951e
25091baabac6e97dc516a12b16247e5c,37bbd578e63a67dbd1c1af932112a61e
25091baabac6e97dc516a12b16247e5c,c52811b8e623e350e23a8fa9a093fba3
250c1fe8c806fc929d7bc830227e73fd,35cb8e3431161acb711baecfce373bbd
250c1fe8c806fc929d7bc830227e73fd,a0357c22e36f56a99f241ee893d64cfd
25119568384e5bd6190dcd9b41f7496b,b34ad146b4ab0caba24d3a6ac9f79776
2523ac490ebd49a76ce28a1a90614b60,5dff18825172cc71fd7618dbc535eb97
25293e1f6f5ab9651cf5b97daf485d33,eb3194056a461506782bd3026c140b76
252a0971adeb7ffffba184c904ab1745,69ebb14df04451c14426b2dde9654f4d
252d83b33cf9dd2f6a89254d045ba6e3,4046270223ffbba0445a9472fd2e1724
252d83b33cf9dd2f6a89254d045ba6e3,9e3fc5fbfe848c4281eaa0fd2aaa636d
252d83b33cf9dd2f6a89254d045ba6e3,9fa0e18f1c9a6f191a11f4cea2018844
252d83b33cf9dd2f6a89254d045ba6e3,c9c00fc7796cfb0d00417a553c16557d
25358373131b65f5889d7977a70c99fd,4511e735eee378b806e1f4c6d63529df
2535f92422e826060a3cd49e63cca5d3,931149e4d1ba7a3ff841765e15374f1d
2535f92422e826060a3cd49e63cca5d3,bf0f28e9d0d6603873bd3951434526bc
253ae134372cb3b5f052ce99a45345a6,2ce0771ead2e7c8a8bbcd94b612d8ba4
253b42185c7c677f88e2b56ee5c7f0d7,a373a64bca1d3ee1043512623621a3f3
25476e728346ea9b695f1397838e8bd3,3fcbd916eb5e11a3749d68c38ff1fd0b
25476e728346ea9b695f1397838e8bd3,6d136c1cca905354f9010cf7b8349333
2547ede5c4f8eae8b3d7cac1b8b505a2,b593e273ea1b1d5b067e7e9aa7ee17a0
2555aa0f5b1aa941b481025634799b70,9c8e04c017be10926417e6ab3bae1503
25579d6dd0d1590a6523672bd6777f98,3f51f56713865a8078c4532c483d4d79
25579d6dd0d1590a6523672bd6777f98,64b228285c921fc6cb9cbf57f601da39
25579d6dd0d1590a6523672bd6777f98,7035d70c9eae06251bb49a0b2c9a51c8
255eb84289a24ff364baf0a4db0bdf07,4e9c33a42bf2db6cc0aff402f7ef7bab
255eb84289a24ff364baf0a4db0bdf07,74eb55550e694c7042e6b0116fe84818
255eb84289a24ff364baf0a4db0bdf07,e9371019934c4ac84ddcefa2c477edf6
256c5a66ad8e590a3a55b5197735a63b,86a9025f79871063fa7dc0f1db489871
256c5a66ad8e590a3a55b5197735a63b,cd3c022da7475cdc37422514b209eb2d
2577217adfc6ecd105917b67afd8e0d1,95fcd9024214aa9192fec9124635846c
2577217adfc6ecd105917b67afd8e0d1,db033987a66427787cd9d35359779749
257f57eaa5b9fd33227b73917e06cce4,5b01eeac7b811489ea6601feb9e231a0
257f57eaa5b9fd33227b73917e06cce4,a9a35427136fc66844e613f6578d75cd
257f57eaa5b9fd33227b73917e06cce4,af42bed76f614419d588eb3c65769f97
259469e327b6c12f4f30caaa0516a4ee,6398b08d8b3ba798313f6c605db56025
25d19883359fcb6856fad47d5c57aae2,46e6d4153465367a28b643db00b2b9aa
25db5eb0944405c667499816bab06e6c,a6be11db3da1d0c579fe2281d18481c0
25e321b483271fd52e0e4543356dff91,e754ed37e1ff2d4999d51a9ae2007b02
25eb12e139319e0028d076d6e50de3af,da191e4f21834a1559710564907be507
25eb12e139319e0028d076d6e50de3af,f5c039bafd07ae07f3a54c49db8746d9
25f845c9f09ed100153443c3120ee000,2d66b8eb25dd729ed643a81c1b7865de
25f845c9f09ed100153443c3120ee000,7e474d902c79267ba1dc8b5898b388de
2601298ac3f0c349569a0585afe525f4,8bbc094f6b9bd05d0f74b208c4d22f6c
2601298ac3f0c349569a0585afe525f4,e9803083508a57bd10019ef2f7061fb8
26114044de334c481e6aeeb75994d99e,28f6b21c0ce59f203fb2092ad47e0f5c
26114044de334c481e6aeeb75994d99e,c06f3f926cc18b45ba350495c59c0093
26114044de334c481e6aeeb75994d99e,dbe736e78fed3b0f4703c4ce05472b7e
26332eec59ccc873acfbec54ab8c635c,92ff552f3f2803a59e41e142d88ae4d1
265e1e07d978fd039aab026395419a44,32411fb57cee9e3c270bc5bf58532778
265e1e07d978fd039aab026395419a44,5e7ed41b54f46f066885cd07459bd17c
265e1e07d978fd039aab026395419a44,aae07d530ba210e5dd0b00e45ee54d19
265e1e07d978fd039aab026395419a44,b594f678b753c05e7bc468d600fc9afa
26620515c64b138d04aa9865ec3a0a08,3e94966c0d4002f7c0e2056c83e1ceb1
2671bd03fe6c9bc7b40caaf96b87e075,82ccc000741ea53905781f67ab4a3f17
2671bd03fe6c9bc7b40caaf96b87e075,9845285e49d3f683679a29bccb24b11b
2671bd03fe6c9bc7b40caaf96b87e075,c595df1f5ba2c76a3c391f7c297d1c3b
2671bd03fe6c9bc7b40caaf96b87e075,ebfc2ef447d515ec3e00aa5d67e4fc34
2677d3de81804481306d4d23bd73ac5b,af9200a22da9dd3e2925bdfb2a2fba19
2677d3de81804481306d4d23bd73ac5b,b1081fa13cbeeb6a812ba4fa28c84ac7
267c847eec789c2170fac954fde5fda3,fa07ad6597dacd973f6426ba02138ca5
267ddf8ff7aff608f05e35f8e0dcf361,4e4b5dd87c1d53d359a97f0773bae4b3
267ddf8ff7aff608f05e35f8e0dcf361,826f31efca27219f005c7f81e40e6420
267ddf8ff7aff608f05e35f8e0dcf361,8fea751c48c7c8942910ad59702bcf0a
268c3f7f0ed419bb241f33ea93011ee5,59aa351598679a44020c0b88ea5ce12a
268c3f7f0ed419bb241f33ea93011ee5,59e40bc8c41de1fbd0678fb0bab83c6a
268c3f7f0ed419bb241f33ea93011ee5,67126b78c48426c1a5060acd8f9217b8
268c3f7f0ed419bb241f33ea93011ee5,75f13ebee96ab8962c7410a911bc46a1
268c3f7f0ed419bb241f33ea93011ee5,8af37f5618fb1fd7da834d4cedbca6ff
268c3f7f0ed419bb241f33ea93011ee5,bc29617aac27456f2b1879d346ec6fe6
268c3f7f0ed419bb241f33ea93011ee5,da3d9717247fdfd57f6431db8cef985d
26a8f0766101b9ff8d1162c74f6f28cc,7097cefe2614931cfd4de52376feff44
26b1bb0d75bb7ebd1ee0abfded185de3,b965126db095e7a5d660614c04b6b33f
26b1bb0d75bb7ebd1ee0abfded185de3,d425a17d0f4d5d0889cd46ccaec8e8f5
26b88fdb1c28ed744d4e9f191c4a1f78,355f28dc6d8901b6cc10ad925ab39f6a
26bc03a4ce833604a143e5efdc0c8dd0,7e1f723a520a7b3cc569a694d65a3613
26d2586b4df642e9ef3992fd2c98411a,9e5a974686885ec007a58b0669ca9842
26ebcd959e624006bab918f9ecf56d86,8804d7e19d16a8dcedd250a497212d44
2704edfd264f19aaeb3333720428f8f8,eec61256c59c8f10640df6cc32af5968
2706b8bc382e9eff9ac9a051ece2d70a,b5464748e611b3879ab53a331416ca8e
272343500f999a926cfbe78c97e7dc00,32ffdff4685b10e126ebd11dfb46255e
273a1ca7f38f9a7d3c00f62ff6cbf685,3244053058e664f0ee25f6669d93e220
273a1ca7f38f9a7d3c00f62ff6cbf685,3a4739a3cfbc5ffd99e33dbb5e736ba2
273a1ca7f38f9a7d3c00f62ff6cbf685,5571023fedf0091ecab9fea7c0275a5d
273a1ca7f38f9a7d3c00f62ff6cbf685,6d03abfd93cfba76141861d654e1a94d
273a1ca7f38f9a7d3c00f62ff6cbf685,76dbe028e7ff780cf7c44cdd35391805
273a1ca7f38f9a7d3c00f62ff6cbf685,8e7b5480156d5b27f3f962cf7231f1e3
273a1ca7f38f9a7d3c00f62ff6cbf685,9b401b716387fb6b8d9bf46c2882e696
273a1ca7f38f9a7d3c00f62ff6cbf685,a87850097693c4f5048a6e5bdc1e2b31
273a1ca7f38f9a7d3c00f62ff6cbf685,a9af2700ef761e22e334b9c172cedee5
273a1ca7f38f9a7d3c00f62ff6cbf685,a9dc942a9fcb1b2215cd6b339c76848d
273a1ca7f38f9a7d3c00f62ff6cbf685,c1e5d0cbb42f4975410d72f4c181a246
273a1ca7f38f9a7d3c00f62ff6cbf685,c5546998015953f631b2e9e116939a2c
273a1ca7f38f9a7d3c00f62ff6cbf685,c6ec25b24256f6e1f902a29416ab964e
273a1ca7f38f9a7d3c00f62ff6cbf685,e8d14b09b08840dcdfaf1d3983d6df51
273a1ca7f38f9a7d3c00f62ff6cbf685,f0a7454555d52a667c6df22dc8a28bcc
273a1ca7f38f9a7d3c00f62ff6cbf685,f1c0e8776928a9cf507eea55f424076d
273a1ca7f38f9a7d3c00f62ff6cbf685,fb5643b20582ba68d8da8a8dca24c4fa
273a1ca7f38f9a7d3c00f62ff6cbf685,fefa98da8db666ce806d4af04be8e6fa
2743d68b6cd0f16e941c3007488b38b7,289cadd3afd71d55ff46bc734a8e33cb
2743d68b6cd0f16e941c3007488b38b7,639fa1b4225d8966c2d800e4f744b148
2743d68b6cd0f16e941c3007488b38b7,8c1818f180150fc5c19ac0e588a71c1c
2743d68b6cd0f16e941c3007488b38b7,b1be0efee19c619e36bfe6dbc812c1ce
2748f50ac19abef2760409dd63248885,5550ad990f0615a0e2a4736a3669eadf
2748f50ac19abef2760409dd63248885,c5504c22cc1c51866d9379955f2714be
2748f50ac19abef2760409dd63248885,e2fa3697a975d8ab1d6f613b401f9b2f
275737ca9581f8785a695ac38a0a2141,811cf4d48be9bb62dea49decc70c939d
2757afb6915be0f4db63a43ef27f27ef,833aaacd9b4997528ca7ff2a98703f37
2759faceeaa06cd52fa5e635aaed5088,765c646e6c6ddbacd622329895ae4542
2759faceeaa06cd52fa5e635aaed5088,d8d5db7e1210be9b4d499ef1249a4889
275a44420c384510ecf3bc567f576d28,521eca5bb98e5e49fe3abddfcb9e0538
27693123aabd55610e73137f64b52aa1,551fa1a83e0d1999829c2d2a33dd1ecf
277c3aae0043a9647fa175da32b74004,570ee20765ecf4a99dbf9e7895914410
279fa7309a37ba1152f1d1aeba04fb3a,3a7b2e03cf8cc2290e2a9a6f256bd472
279fa7309a37ba1152f1d1aeba04fb3a,6b2204839735cb7bf1081d46e8739da7
279fa7309a37ba1152f1d1aeba04fb3a,a81e226fd81222d5633bc72eb6c5fc22
27c383079509ddc710be115472958b5e,b15229634594351d21db17c07dad06af
27e4a2a5b16d397a495168257cd3daa7,a65d707eed330abf2b1b980076dfcc93
28125f15a6e88c22d5d6b09a8c50fe4d,327fa6f85b908a17df3cd48aeac3d08c
2824a3647c2c47e47deeb9ca90b47388,760ac26fd314318eea90c8585233c1c5
2824a3647c2c47e47deeb9ca90b47388,7d8be109ecb7f993061787f1813cf559
2824a3647c2c47e47deeb9ca90b47388,a84961430083d16921449bcc755a4b5c
2824a3647c2c47e47deeb9ca90b47388,b2273b1e4ffa5f0193c68a6964bb0ad7
2824a3647c2c47e47deeb9ca90b47388,d01505d9ca027d8920f7770b152a2f20
2824a3647c2c47e47deeb9ca90b47388,e9ce248fdd8466ca6c9f68f02fcc8646
2824a3647c2c47e47deeb9ca90b47388,ea6598a704d545f75c29d1739e3a60f2
2824a3647c2c47e47deeb9ca90b47388,f5dfc13ca79a04a8af148c23c5639c85
2825247b849a5548ea7e0b284386dcdc,2d22f426dbe9bfa9dfb0a001ed65b5db
2825247b849a5548ea7e0b284386dcdc,475c2d0d9658cbc48b7febe9fefb4a34
2825247b849a5548ea7e0b284386dcdc,66238d69d1ab2f878113de3745419d13
2825247b849a5548ea7e0b284386dcdc,6828bfa8f8bec1b5b2b052c9f208909e
2825247b849a5548ea7e0b284386dcdc,78283a27a28cac36b7b01a28518ff291
2825247b849a5548ea7e0b284386dcdc,82c6ee0b41271821858b16114563d87c
2825247b849a5548ea7e0b284386dcdc,a241e442214c043c06e3cbbc83904ee8
2825247b849a5548ea7e0b284386dcdc,a2522b773b522dc6c7d9461f99963f32
2825247b849a5548ea7e0b284386dcdc,aadbde3efa2522d0258c803c715cc686
2825247b849a5548ea7e0b284386dcdc,cd63a25402ff606abee3c8d3b3af5e9a
2825247b849a5548ea7e0b284386dcdc,cf64a8fd980aaecac91176f4b9acedc9
2825247b849a5548ea7e0b284386dcdc,d6965351cc51a8726ef99d585912096e
2825247b849a5548ea7e0b284386dcdc,d6e379c2587987026d29810b267d37b3
283160302a977fce478f598477e017bf,6a07cdc7dd00bad81c4a4c010fc4657f
283160302a977fce478f598477e017bf,7a9de097578112d7ad16789790fbdde3
283160302a977fce478f598477e017bf,cddf5ab9b715f74a16e06aa34cdc9307
283160302a977fce478f598477e017bf,ecb38a9d4cff58f62379c5f4678f7535
285f766c62160db8e59f4cc9fd0bd85b,335b1d5fe0406550433047053cccbdf0
2879bfd642b75c1abb42f1dbb423dd7c,3f7abff881860589f22431e97bc7acad
2895243c11a57980706291a1140e979f,e5757767ed01148b66c773f5a8b892a7
289cadd3afd71d55ff46bc734a8e33cb,639fa1b4225d8966c2d800e4f744b148
289d19cf770753da58e7f14d0e9c776e,60c7bda7500142b0d4c1edb33d40671f
289d19cf770753da58e7f14d0e9c776e,7af0f323d12ec9afe39dad2a0a2008cd
289d19cf770753da58e7f14d0e9c776e,99498e219bc6cb5414be9eb9828cad32
289d19cf770753da58e7f14d0e9c776e,a11fa0f4d04327fa5c4ff9920e48926a
289d19cf770753da58e7f14d0e9c776e,aff08f960889f9a011c949df523f1844
289d19cf770753da58e7f14d0e9c776e,b741d145571dd8ad80d582f191cf43a5
289d19cf770753da58e7f14d0e9c776e,ebc8e1c3c1adf1f5c65615529cbe24d8
28d4102a6df12db5c55c7655b664fcc9,d396418f411814c7dc03e37fdf87092d
28d459b66f0e36961a1ab1498618a2fe,34f29d37674da2c5426d0381d56d2d02
28d59fba340c7e4cf90ab3096577c996,53038e71235c22bee41ff498c0d802a5
28f6b21c0ce59f203fb2092ad47e0f5c,2a39de8506e0db45ad7082ed6d7c4a75
28f6b21c0ce59f203fb2092ad47e0f5c,2c423811643faf1cc5e5a56c9e2b6b17
28f6b21c0ce59f203fb2092ad47e0f5c,2d8c0ef830128a67a0a12356d985fac5
28f6b21c0ce59f203fb2092ad47e0f5c,328850033de12d7a7ee998bcc9fcb2e0
28f6b21c0ce59f203fb2092ad47e0f5c,36d03126287f5e810431292497fdc753
28f6b21c0ce59f203fb2092ad47e0f5c,3896933da33e267c13bb2429913052fa
28f6b21c0ce59f203fb2092ad47e0f5c,397942d7b17a8dd1513831456f8f55d0
28f6b21c0ce59f203fb2092ad47e0f5c,3a76b5e2bd06cf80127cb144aec253b2
28f6b21c0ce59f203fb2092ad47e0f5c,3ad30b03b3d23ac6b5f5d57906353375
28f6b21c0ce59f203fb2092ad47e0f5c,3b7f7686fa74da7033f77038411fc007
28f6b21c0ce59f203fb2092ad47e0f5c,3bbd03b7eaf6260f4c3ec3be4d39ac11
28f6b21c0ce59f203fb2092ad47e0f5c,3cc6dfa5f8ed1b7a649a0d12a5d083cf
28f6b21c0ce59f203fb2092ad47e0f5c,3cffcae69c521e628e8a8fabdf176c32
28f6b21c0ce59f203fb2092ad47e0f5c,3d45174a13d1be4bf23ca8d7ca10e8f3
28f6b21c0ce59f203fb2092ad47e0f5c,3f30d5dc5635f32f073857a785b9f648
28f6b21c0ce59f203fb2092ad47e0f5c,41ff03bc49eb32b517a08a4962ab3764
28f6b21c0ce59f203fb2092ad47e0f5c,42068cb1893948dfbff846ea18775306
28f6b21c0ce59f203fb2092ad47e0f5c,4bc16d233782b9653f50ee4419dde3d8
28f6b21c0ce59f203fb2092ad47e0f5c,4d0737784e1e3f780c6075105de7be8a
28f6b21c0ce59f203fb2092ad47e0f5c,5d89eefb60b4b8737947542994821b94
28f6b21c0ce59f203fb2092ad47e0f5c,5fbb3dde9fb1caa89a23771f5f9a9b1c
28f6b21c0ce59f203fb2092ad47e0f5c,617a9cf79697c0a24bb2960fa00587b1
28f6b21c0ce59f203fb2092ad47e0f5c,61eeb2fadfaf57d69322468d16f8905f
28f6b21c0ce59f203fb2092ad47e0f5c,62e01423cfc59329b6acb874696c0590
28f6b21c0ce59f203fb2092ad47e0f5c,63cf86aa8f00483221555d97e8c6ccbf
28f6b21c0ce59f203fb2092ad47e0f5c,6a7f5ff621d20a43a9d19340bef3db1a
28f6b21c0ce59f203fb2092ad47e0f5c,6ac048a47fe6abf40205dd46d4bfad09
28f6b21c0ce59f203fb2092ad47e0f5c,74137bf27a2b38b4cf3d04091ffdb98b
28f6b21c0ce59f203fb2092ad47e0f5c,767d4f2d3911c149a5c99e9200e09f31
28f6b21c0ce59f203fb2092ad47e0f5c,80a0fc761c3c3555f81b5b60e23200da
28f6b21c0ce59f203fb2092ad47e0f5c,816a9f1810b0a25352778c8aac2ac25a
28f6b21c0ce59f203fb2092ad47e0f5c,81c48995c8e20e0c2f0f5ed8fab29f75
28f6b21c0ce59f203fb2092ad47e0f5c,8937aeb2041b3c9258d0e235ed9ee678
28f6b21c0ce59f203fb2092ad47e0f5c,89f40506bdbb16ebd103b12766758db7
28f6b21c0ce59f203fb2092ad47e0f5c,9618897eccacf463c5528d3d095ce177
28f6b21c0ce59f203fb2092ad47e0f5c,963467b3533a66304c7c58d5a563d873
28f6b21c0ce59f203fb2092ad47e0f5c,96e3b0f7d342e961f1ee5f5f7c5acdd0
28f6b21c0ce59f203fb2092ad47e0f5c,9b83d6647115de3a094bf4cc5fc2f88b
28f6b21c0ce59f203fb2092ad47e0f5c,9d22f5d3635acb90bbdfb2049363cf62
28f6b21c0ce59f203fb2092ad47e0f5c,a02cf644bc5118e5e473829862bc5886
28f6b21c0ce59f203fb2092ad47e0f5c,a5f2a2567a350dca1ff4ab5d9c2414c0
28f6b21c0ce59f203fb2092ad47e0f5c,a7a4b5bf23cb560d08106ef75e1c73f8
28f6b21c0ce59f203fb2092ad47e0f5c,a9c578c0edc5e3fc3c13c13810322dbd
28f6b21c0ce59f203fb2092ad47e0f5c,b3719c14e56bf72bcc42d2e8048542ea
28f6b21c0ce59f203fb2092ad47e0f5c,b5932e39f87500fc5cc1011613f2746d
28f6b21c0ce59f203fb2092ad47e0f5c,b82e6f262d3b65c19c8c390166a80b8a
28f6b21c0ce59f203fb2092ad47e0f5c,bcedc6544beb2320e254499ce9cc5c24
28f6b21c0ce59f203fb2092ad47e0f5c,bfb02ff8b18730492fad3af276bbd63b
28f6b21c0ce59f203fb2092ad47e0f5c,c23d5f76ef396a0f520ca6c677dccc1f
28f6b21c0ce59f203fb2092ad47e0f5c,c48c1124a86f79f2d620d30a2ce819c4
28f6b21c0ce59f203fb2092ad47e0f5c,c4cd207cc390bc2296c0a7dd84b54007
28f6b21c0ce59f203fb2092ad47e0f5c,cdc9f18c2c98742e985281dc17840043
28f6b21c0ce59f203fb2092ad47e0f5c,cf0799fe0f8800c362f6b024cdba5d9d
28f6b21c0ce59f203fb2092ad47e0f5c,cfe1ac5b7858b370c320c67133b10c14
28f6b21c0ce59f203fb2092ad47e0f5c,d9973b4fcb10ac5707368e662300ca8c
28f6b21c0ce59f203fb2092ad47e0f5c,da2ae411a236d52fa1e62a224bb1e88a
28f6b21c0ce59f203fb2092ad47e0f5c,dc4a7ce06441f3645033e5d5a899f4d2
28f6b21c0ce59f203fb2092ad47e0f5c,dd720a31ae01f8066abe782818b59699
28f6b21c0ce59f203fb2092ad47e0f5c,dde720eb1ac8795643511897700c8aad
28f6b21c0ce59f203fb2092ad47e0f5c,e26cbfd279ccdfeee9afb60a5568595e
28f6b21c0ce59f203fb2092ad47e0f5c,e34ebe4961f2d932813005433a74b012
28f6b21c0ce59f203fb2092ad47e0f5c,e4750dcc3268ebba356557f444761f9c
28f6b21c0ce59f203fb2092ad47e0f5c,e70105d7788a5d736ae6805a7f230521
28f6b21c0ce59f203fb2092ad47e0f5c,ea15834188cc4aa85b0056af93164277
28f6b21c0ce59f203fb2092ad47e0f5c,ebc1919f45f9da5db0d468ce62cfdf50
28f6b21c0ce59f203fb2092ad47e0f5c,ec7faeeeb7e9eac31559b3cbcff9a4b3
28f6b21c0ce59f203fb2092ad47e0f5c,ecb3e4db5de817f87972b63a999006b3
28f6b21c0ce59f203fb2092ad47e0f5c,efe94917387a9794795e7fc79557dffa
28f6b21c0ce59f203fb2092ad47e0f5c,f1d7c1b55f62f504f031711ae0cf9a98
28f6b21c0ce59f203fb2092ad47e0f5c,f312797316dad9ff65a7a663e4209b97
28f6b21c0ce59f203fb2092ad47e0f5c,fabd6966abaabe52f19e44a088986cda
2900579eac31b62719bac6a79e6d2370,9c0f92af2eadaa83af08ebb8bbad1f56
290d8da41f81c27213a79cc26830183b,5d0f5c7be6d061ef0d7b3847b294a6d8
290d8da41f81c27213a79cc26830183b,68458a6b30ec3d402863f77770acb018
290d8da41f81c27213a79cc26830183b,d83c47bfaf015ce0e369200d56af1313
290e7757d2c0da5919a5f5cf21ba6626,fc648b4c7be941db58aead0c6d860209
291e8f177d306f383548e2ef05a5a579,3ad30b03b3d23ac6b5f5d57906353375
291e8f177d306f383548e2ef05a5a579,3b7f7686fa74da7033f77038411fc007
291e8f177d306f383548e2ef05a5a579,3bbd03b7eaf6260f4c3ec3be4d39ac11
291e8f177d306f383548e2ef05a5a579,3cc6dfa5f8ed1b7a649a0d12a5d083cf
291e8f177d306f383548e2ef05a5a579,41ff03bc49eb32b517a08a4962ab3764
291e8f177d306f383548e2ef05a5a579,4bc16d233782b9653f50ee4419dde3d8
291e8f177d306f383548e2ef05a5a579,4d0737784e1e3f780c6075105de7be8a
291e8f177d306f383548e2ef05a5a579,5dce26abd4ed5591807e11038cf4bc39
291e8f177d306f383548e2ef05a5a579,617a9cf79697c0a24bb2960fa00587b1
291e8f177d306f383548e2ef05a5a579,62e01423cfc59329b6acb874696c0590
291e8f177d306f383548e2ef05a5a579,63cf86aa8f00483221555d97e8c6ccbf
291e8f177d306f383548e2ef05a5a579,67acc1de26da5f3fa2dfc0d763e31151
291e8f177d306f383548e2ef05a5a579,6a7f5ff621d20a43a9d19340bef3db1a
291e8f177d306f383548e2ef05a5a579,7db14dc3058cc6ca81295011b4745b92
291e8f177d306f383548e2ef05a5a579,816a9f1810b0a25352778c8aac2ac25a
291e8f177d306f383548e2ef05a5a579,81c48995c8e20e0c2f0f5ed8fab29f75
291e8f177d306f383548e2ef05a5a579,88802a28ee3e688ea971bf112669bd27
291e8f177d306f383548e2ef05a5a579,9d22f5d3635acb90bbdfb2049363cf62
291e8f177d306f383548e2ef05a5a579,a02cf644bc5118e5e473829862bc5886
291e8f177d306f383548e2ef05a5a579,a335b90ae3423b76c9f28160021c5246
291e8f177d306f383548e2ef05a5a579,a7a4b5bf23cb560d08106ef75e1c73f8
291e8f177d306f383548e2ef05a5a579,a9c578c0edc5e3fc3c13c13810322dbd
291e8f177d306f383548e2ef05a5a579,ac4d6c0a4080e80c894ee8fc90d14a15
291e8f177d306f383548e2ef05a5a579,b5464748e611b3879ab53a331416ca8e
291e8f177d306f383548e2ef05a5a579,b82e6f262d3b65c19c8c390166a80b8a
291e8f177d306f383548e2ef05a5a579,beb21ee79ded957196d02a1c851bb0b7
291e8f177d306f383548e2ef05a5a579,c23d5f76ef396a0f520ca6c677dccc1f
291e8f177d306f383548e2ef05a5a579,c2bbb2b444fab6964d4c22cc94ce3769
291e8f177d306f383548e2ef05a5a579,c48c1124a86f79f2d620d30a2ce819c4
291e8f177d306f383548e2ef05a5a579,c4cd207cc390bc2296c0a7dd84b54007
291e8f177d306f383548e2ef05a5a579,c93636373b184e5e7dbb14696a5e8052
291e8f177d306f383548e2ef05a5a579,cbc18227e3539a9860991e4ff8ae74bc
291e8f177d306f383548e2ef05a5a579,cf0799fe0f8800c362f6b024cdba5d9d
291e8f177d306f383548e2ef05a5a579,cfc20c69cbad0feb08c668c35bbe5c34
291e8f177d306f383548e2ef05a5a579,d2afec42e89e619696986fdcf3c55574
291e8f177d306f383548e2ef05a5a579,dd720a31ae01f8066abe782818b59699
291e8f177d306f383548e2ef05a5a579,e70105d7788a5d736ae6805a7f230521
291e8f177d306f383548e2ef05a5a579,e8bc47700ee0192464e69d2987131885
291e8f177d306f383548e2ef05a5a579,ebc1919f45f9da5db0d468ce62cfdf50
291e8f177d306f383548e2ef05a5a579,ecb3e4db5de817f87972b63a999006b3
291e8f177d306f383548e2ef05a5a579,edc7130a58c4d69e727b611dabad3c42
29328616b2bd096dd07bdbcbd054b753,6e48e38534106c85ce5732d060db3845
29328616b2bd096dd07bdbcbd054b753,7712a73e00feee2988417bc32b943a49
29328616b2bd096dd07bdbcbd054b753,daa23b13d73e6c0c4a136f31042c83f2
29328616b2bd096dd07bdbcbd054b753,fb2a3bb8897299a3b9675416d004bb9d
29471bac51200be29892f1d2097826cc,b1cb7b7fdcb0f13d7d7a65ba83becae9
29886210e3488f2c09668fd0f8128a3e,a23648ae02e692dd025733549ecb5ed5
299e58b8ba1e196bf2b1263d4957ede3,fffdd48057c753b296cdde251545f556
29a57eec522f6a4d1d448944a2dd551c,f1ae75f86b33f272145e85b778247866
29de53f31da75b07492a89fcba18b5b9,7ad3eb6e7bbcdc6485d96a4aab0bf5c2
29de53f31da75b07492a89fcba18b5b9,8382308149818a1e13b9f46ac7f9eeba
29de53f31da75b07492a89fcba18b5b9,abe0ac8be90165fd58516379224042ed
29de53f31da75b07492a89fcba18b5b9,b1e4f8dcbe20fd11b09b4a9ecf25c753
29eb6ec8976d7404283124d77140279c,7228a451a18800287590ed8ba2730d3b
29f2f1abd2ef42f14d631943baee3d43,6d01d72f9fb806ed364518b3925bc587
29fe496c328dedc3ebceee34563ae92c,c595df1f5ba2c76a3c391f7c297d1c3b
29fe496c328dedc3ebceee34563ae92c,dbf470c3eef41bc462f9bf4be7c0338b
29fe496c328dedc3ebceee34563ae92c,f3190cdf0220a8204dde6a16ab81f534
2a0295686b287be1a42ce4cc1ef531e5,74e2408f4f96195c32cc31a9086d5b87
2a0295686b287be1a42ce4cc1ef531e5,e9e9b7b069f1d29133a103684d70185d
2a25f4ff833a82c0ed47dd9928990d04,c6a0ad30a96843b346436258e28a6b1d
2a39de8506e0db45ad7082ed6d7c4a75,2d8c0ef830128a67a0a12356d985fac5
2a39de8506e0db45ad7082ed6d7c4a75,3965ece3cfbb68109d5aafebb17e29a9
2a39de8506e0db45ad7082ed6d7c4a75,3b7f7686fa74da7033f77038411fc007
2a39de8506e0db45ad7082ed6d7c4a75,41ff03bc49eb32b517a08a4962ab3764
2a39de8506e0db45ad7082ed6d7c4a75,794832937efec8d6df766701283ac05d
2a39de8506e0db45ad7082ed6d7c4a75,96e3b0f7d342e961f1ee5f5f7c5acdd0
2a39de8506e0db45ad7082ed6d7c4a75,d44df7668f75c8f084cdada0a7a1aae0
2a39de8506e0db45ad7082ed6d7c4a75,dec66205497760f896cb9edb679f488d
2a39de8506e0db45ad7082ed6d7c4a75,e4750dcc3268ebba356557f444761f9c
2a3decd736987a69abc8730a90dff524,615a5edbeeb47b556261af7bce72cbc2
2a5df58fa157eb0e98c7fe2a3ec1b3d4,731fa783fb3b32b0e3aeaf90ff255ac3
2a5df58fa157eb0e98c7fe2a3ec1b3d4,cb6edb231f0bf9dd5308a2e8ae2dad90
2a5df58fa157eb0e98c7fe2a3ec1b3d4,d3d0e6f2788054c6cee2f708e45bbe3b
2a626b820de037f0a8ea7278deaf2fd0,49d4c1806766d53532b5dbddae076c1f
2a626b820de037f0a8ea7278deaf2fd0,b07001fb40c90922623b03e925b103c5
2a71de43249339bc87681c6a524a1f34,c13de91534a5c143e72897d0a16ccc65
2a8e30d692d471b00af38e22cf983839,a996e3da267c192bd498c66c425efd7c
2a8e30d692d471b00af38e22cf983839,c93636373b184e5e7dbb14696a5e8052
2a8e30d692d471b00af38e22cf983839,cbc18227e3539a9860991e4ff8ae74bc
2ab35bbda63c0715e3b3fe05563c35ef,570ee20765ecf4a99dbf9e7895914410
2ab8a1101894bf9097b0fd8daf0955d2,4bb205f2f2855da3ebf9a1e71042b3ca
2ab8a1101894bf9097b0fd8daf0955d2,996edd0f6492770137a7ec0a8eff2604
2b6fdb54c2ece4ab13cfc30ef9f032f0,35c6179a3508c5d4ffc0239a63f67c14
2b6fdb54c2ece4ab13cfc30ef9f032f0,4dd3911db3bfdab08918ec611de2134e
2b6fdb54c2ece4ab13cfc30ef9f032f0,cf7bd2343b36b66710f10338c0b9c282
2b76383e00a575907888eb55a0f82e11,56c8162495bd8df0b72e4adf4c8288a2
2b76383e00a575907888eb55a0f82e11,d1cd5a89e6af815edbd2b1c3acec6491
2b79d1bd94d719ebd93d1228020aa67f,5b07eb80efcb9bee16500a61cccae229
2b79d1bd94d719ebd93d1228020aa67f,e40a5ff21510afd0d3de86902d543bf2
2b79d1bd94d719ebd93d1228020aa67f,fdf59dee39cb0a742b62d10df542c118
2b8427305d3d8f1e388f9111026b0039,89db56e746f36c9e68c012267c32ca19
2bae0c410d2aa377aca3bd115724ce42,864705a344655f1cb85fcf5152e0ff3f
2baf905afff4d326cee22abab19709fd,9e3958b0575537f6529414db474bd8d9
2bb34f6bcd862538f9b48190f1469204,5ae719d6191fac24dc5eb4cf08a7c87a
2bfadc014e92c3fd6785137c52ace4e3,2f568b5423efa0c83d8535659029ab18
2bfadc014e92c3fd6785137c52ace4e3,446f42cf67ad096b65df63b6616ba069
2bfadc014e92c3fd6785137c52ace4e3,77c674042ba1f8075a46d0772337a33b
2bfadc014e92c3fd6785137c52ace4e3,bff152e2eb21b7499d2f93da066029e7
2bfadc014e92c3fd6785137c52ace4e3,d6504e3266a66f2a284abf9044ac461e
2bfadc014e92c3fd6785137c52ace4e3,e6e26290c935d2b459b36a2b8ba564e8
2c78681e56a6dbabd273c6922350711c,5dd56ea25902fdec54f1dfd28914f072
2c78681e56a6dbabd273c6922350711c,6ac048a47fe6abf40205dd46d4bfad09
2c78681e56a6dbabd273c6922350711c,7db14dc3058cc6ca81295011b4745b92
2c78681e56a6dbabd273c6922350711c,81b4d775b96c465bff5c607f9b8c2a3d
2c78681e56a6dbabd273c6922350711c,87cc0c8ec6896e79343c115fd584d429
2c78681e56a6dbabd273c6922350711c,a7a4b5bf23cb560d08106ef75e1c73f8
2c78681e56a6dbabd273c6922350711c,aa7d4045e8d65f2e3db4551ee75de2c4
2c78681e56a6dbabd273c6922350711c,c06f3f926cc18b45ba350495c59c0093
2c78681e56a6dbabd273c6922350711c,c23d5f76ef396a0f520ca6c677dccc1f
2c78681e56a6dbabd273c6922350711c,cdf07468d9c693794f1da0b9ba549c15
2c78681e56a6dbabd273c6922350711c,d6feeaed5bb9195ac670b5692ba10104
2cb46ef9d5cd0a01627767750376d4f6,3e591b5cd622cb2abbfe90d204995e09
2cb46ef9d5cd0a01627767750376d4f6,4255b057f9c8ca0c888bea9c43c9a828
2cb46ef9d5cd0a01627767750376d4f6,abb724118f29965452622a192f6a54eb
2cb46ef9d5cd0a01627767750376d4f6,e1486f03e6c8140927d34b4e25f1ed41
2cb53c8b2ea547c28340f42f86d85d56,3cde8bf3d9924872faa140057e5e69e0
2cb53c8b2ea547c28340f42f86d85d56,5b7bc9baecfbbbef7b2e22add48bfa92
2ced0afea8b534a72aba7fe92aaff011,591df43b9f7ab42fec0b5db124c867bc
2d0a7bbe1140f9545e2e90ce15dd7d04,7872eb1e7d2ff3f3d337c92df8c014cf
2d0c1df730aac9453b3e952a542b6cbf,d21d8e95218c64d9d5f1ca956c9fdd1b
2d0eecb00610d63709b72db3b2d4eb27,48642f7d38d9032e1ef1c67099729cdc
2d22f426dbe9bfa9dfb0a001ed65b5db,cd63a25402ff606abee3c8d3b3af5e9a
2d22f426dbe9bfa9dfb0a001ed65b5db,cf64a8fd980aaecac91176f4b9acedc9
2d289c8026861cb564ccff2057f2678f,cdb7714108d402baab6cfbfddee42895
2d4c183a825d89a4e1b786e7f68c9d49,e1c231516fb595fad01b118898653428
2d66b8eb25dd729ed643a81c1b7865de,3a7b2e03cf8cc2290e2a9a6f256bd472
2d66b8eb25dd729ed643a81c1b7865de,c595df1f5ba2c76a3c391f7c297d1c3b
2d66b8eb25dd729ed643a81c1b7865de,dbf470c3eef41bc462f9bf4be7c0338b
2d7edb1cca8fe55afe48081cdcfd7f03,8a3b54c09bd64734761c01ea8b411a37
2d7edb1cca8fe55afe48081cdcfd7f03,f04890da38fc25820f00766d7a9a1a12
2d7edb1cca8fe55afe48081cdcfd7f03,fe18d31ee780d7a9ae1b5ff6517091cd
2d8c0ef830128a67a0a12356d985fac5,2f2c238d21247af05fe55fded7637afa
2d8c0ef830128a67a0a12356d985fac5,30307560ecbf1ee78aafa87c7299b941
2d8c0ef830128a67a0a12356d985fac5,3896933da33e267c13bb2429913052fa
2d8c0ef830128a67a0a12356d985fac5,3b7f7686fa74da7033f77038411fc007
2d8c0ef830128a67a0a12356d985fac5,41ff03bc49eb32b517a08a4962ab3764
2d8c0ef830128a67a0a12356d985fac5,42068cb1893948dfbff846ea18775306
2d8c0ef830128a67a0a12356d985fac5,5fbb3dde9fb1caa89a23771f5f9a9b1c
2d8c0ef830128a67a0a12356d985fac5,62e01423cfc59329b6acb874696c0590
2d8c0ef830128a67a0a12356d985fac5,6ac048a47fe6abf40205dd46d4bfad09
2d8c0ef830128a67a0a12356d985fac5,767d4f2d3911c149a5c99e9200e09f31
2d8c0ef830128a67a0a12356d985fac5,81b4d775b96c465bff5c607f9b8c2a3d
2d8c0ef830128a67a0a12356d985fac5,a02cf644bc5118e5e473829862bc5886
2d8c0ef830128a67a0a12356d985fac5,a7a4b5bf23cb560d08106ef75e1c73f8
2d8c0ef830128a67a0a12356d985fac5,a9aa5eca579ca73231fa30303b1e4831
2d8c0ef830128a67a0a12356d985fac5,a9c578c0edc5e3fc3c13c13810322dbd
2d8c0ef830128a67a0a12356d985fac5,b7c847d7adcf107a10c3039d6bcaa8f2
2d8c0ef830128a67a0a12356d985fac5,c23d5f76ef396a0f520ca6c677dccc1f
2d8c0ef830128a67a0a12356d985fac5,c4cd207cc390bc2296c0a7dd84b54007
2d8c0ef830128a67a0a12356d985fac5,da2ae411a236d52fa1e62a224bb1e88a
2d8c0ef830128a67a0a12356d985fac5,dd720a31ae01f8066abe782818b59699
2d8c0ef830128a67a0a12356d985fac5,e4750dcc3268ebba356557f444761f9c
2d8c0ef830128a67a0a12356d985fac5,ec7faeeeb7e9eac31559b3cbcff9a4b3
2d8c0ef830128a67a0a12356d985fac5,efe94917387a9794795e7fc79557dffa
2d8c0ef830128a67a0a12356d985fac5,fabd6966abaabe52f19e44a088986cda
2d94994f2553a1c57c25aa8815c23dfb,5f1cd7f54fc4fd597dcd51a397ec53bd
2de549fc8cb6004954715589b8863e2e,f7d7b70bf7dbce399c6e52dbd721505e
2de81e3c3b5f5aeef10d7d6a89dbc763,f5c27528250f20a84498a9be00326ff7
2df0e98b780f73fcc715e1e1e453e15d,9766ffab3da00872562b69d3232a1fb7
2df0e98b780f73fcc715e1e1e453e15d,f332741cad9424186d6ebb9e7fb6eeb2
2df25ad56d89142e2f8a860285859c54,f204b096e3a645823d796a70e25935b2
2e1335ab73012510a760714ac71d7f65,9921ec79716e920b406c86c210879c75
2e1335ab73012510a760714ac71d7f65,b48f66588615e082390cd535a289c400
2e1335ab73012510a760714ac71d7f65,e2bb3bc80b5cf1371506471d84fed5ca
2e29ff55d8d1a036f81db9c9dc466f13,58a0806441111ce321338d0962b72f19
2e31afae94b7144bbc929110349936f1,fd9afb941ef8c7617b3bce7494160f42
2e7eb8cfcdd04d05df356d2316588a63,7fcf12f2566fba6e68a82702eeddfb6d
2e8131cef639d19bab851d44c0465961,77943a60dcb8a3250c23dc9c5b0f1dec
2e82a04fd15765aee1836a98f0efe86e,61ddf0ddb4b29707d036941fb28b9f78
2e8938fdf1171fca0771698d14a72dca,cf1f5398f671fbf4e1df1e85b179bdb2
2e8938fdf1171fca0771698d14a72dca,dd27c1685297ab65ad10f7ffe8da3e08
2edb961aa854d38cb0b0e2b04a506aa5,5bf860c106504fac69a1028d59ab813a
2edb961aa854d38cb0b0e2b04a506aa5,5cd3c07eaa9e53a0b01f18c0b226caa0
2edb961aa854d38cb0b0e2b04a506aa5,972ced227aac695f2977cd391f38289f
2f2c238d21247af05fe55fded7637afa,87cc0c8ec6896e79343c115fd584d429
2f2c238d21247af05fe55fded7637afa,a9aa5eca579ca73231fa30303b1e4831
2f2c238d21247af05fe55fded7637afa,da2ae411a236d52fa1e62a224bb1e88a
2f2c238d21247af05fe55fded7637afa,dde720eb1ac8795643511897700c8aad
2f3035ef4f3ee798a9d759426decd35f,85277b9d7c412849fdda7f00689037ad
2f3035ef4f3ee798a9d759426decd35f,d0c3e2e6e7d9f8c8cc71f9531d4603d4
2f4ece8b89ead5be73eb1d1d5db39f28,6e48e38534106c85ce5732d060db3845
2f4ece8b89ead5be73eb1d1d5db39f28,7712a73e00feee2988417bc32b943a49
2f4ece8b89ead5be73eb1d1d5db39f28,daa23b13d73e6c0c4a136f31042c83f2
2f4ece8b89ead5be73eb1d1d5db39f28,fb2a3bb8897299a3b9675416d004bb9d
2f568b5423efa0c83d8535659029ab18,446f42cf67ad096b65df63b6616ba069
2f568b5423efa0c83d8535659029ab18,77c674042ba1f8075a46d0772337a33b
2f568b5423efa0c83d8535659029ab18,bff152e2eb21b7499d2f93da066029e7
2f568b5423efa0c83d8535659029ab18,e6e26290c935d2b459b36a2b8ba564e8
2f653db09b8a66fab46e43b17b2f0e16,3154df2ff37134f526c13660a2cccd11
2f653db09b8a66fab46e43b17b2f0e16,b325abfefc80a5abb7a8d27334f7e4f5
2f68c2328bd6f622999de1391c37bca7,c6fbf9757bd4753b274176bda846d083
2f6aa2f13ca35d445e3d69465fc725e9,318ea8d48abcfabe164cdab48cf276bc
2f6aa2f13ca35d445e3d69465fc725e9,dbf8b4692fcc95e430d1af39df38abd3
2f7ba3bb038599d535069b51d6703e85,731fa783fb3b32b0e3aeaf90ff255ac3
2faa62d427a576824965f7099470a549,3baefd57ae723bdb0c52cb9aa4b24cb8
2faa62d427a576824965f7099470a549,b0cfce7ea8bebb1ab3412ab5c1780901
2faa62d427a576824965f7099470a549,f44028d4a1ebb32fc3807dfe4c56506a
2fb182791f3daadd7bf59d6956194330,69fe8a87b3117c2f12f19488a7233674
2fb4d402a1e69c47c8ee58a62c3713b9,9f12cb33e02e7b099b806c1512fd06cd
2fb4d402a1e69c47c8ee58a62c3713b9,d427684b958f155ac344c029e182aeb2
301190b67ba6b334ae8459fff7cfebbb,73dc77fe998b45dd279a9600a53d79ca
30120604afa1d98467b429d15063c2c8,ecffc7249e8777802a8b8a24996fc8ae
302e23ffa62ceb695c02cfb22cc626f7,d30699709caa702e329087c015ace411
30307560ecbf1ee78aafa87c7299b941,3896933da33e267c13bb2429913052fa
30307560ecbf1ee78aafa87c7299b941,3b7f7686fa74da7033f77038411fc007
30307560ecbf1ee78aafa87c7299b941,81b4d775b96c465bff5c607f9b8c2a3d
30307560ecbf1ee78aafa87c7299b941,a02cf644bc5118e5e473829862bc5886
30307560ecbf1ee78aafa87c7299b941,da2ae411a236d52fa1e62a224bb1e88a
30307560ecbf1ee78aafa87c7299b941,ebc1919f45f9da5db0d468ce62cfdf50
304ad28e77538a8aa550651852bc395c,eb3194056a461506782bd3026c140b76
304ad28e77538a8aa550651852bc395c,fab5363f451b378dedc4ccfac87edfce
30640118633319a0e3e13421921f3421,c595df1f5ba2c76a3c391f7c297d1c3b
3095c0f91acbdc0119af96ef2102c14b,37c6122affaf01b65a6c34bf3e587d82
3095c0f91acbdc0119af96ef2102c14b,6db56524d971e1099a29851b24b9743f
3095c0f91acbdc0119af96ef2102c14b,9c3db0778932fd7ad6fe27b51b9ac089
3095c0f91acbdc0119af96ef2102c14b,b693878035f34516d7d8a0b8d3cc2439
3095c0f91acbdc0119af96ef2102c14b,bba138ce77530517e9b7ad6f0f882358
3095c0f91acbdc0119af96ef2102c14b,d7b59130b16968900ae93d26e51a21da
3095c0f91acbdc0119af96ef2102c14b,ebd956c708ca3964639be74f97a5baf3
30d4772263e9bbf3117890bc6d2b3e8c,5b77bacb334a27e1a91f24c4bc704e77
30e27ce76b7308c267f387c5d4322f18,a8b302135f29effeff374155a335ff6b
310370e2c09b2065b48604829e0e9220,7811c342ada45a1c8b89f3724b4b918d
310a951b87541a4655208ff09127076a,6e48e38534106c85ce5732d060db3845
310a951b87541a4655208ff09127076a,7712a73e00feee2988417bc32b943a49
310a951b87541a4655208ff09127076a,daa23b13d73e6c0c4a136f31042c83f2
310a951b87541a4655208ff09127076a,fb2a3bb8897299a3b9675416d004bb9d
3114aba9d713849c8e8f58c8ff3f63e7,e5d0312e39ee0b783ec6fc67763f0912
311f9096a85de7b13b851dc994391617,4d7bd0ebbad831a26ae469262db8a5e0
311f9096a85de7b13b851dc994391617,a9d11df98a78d199258d1823aadd77c7
311f9096a85de7b13b851dc994391617,d8ef2681f9302679bd55169830c74a91
311f9096a85de7b13b851dc994391617,fd490aa23271c021d640cb2872129635
311f9096a85de7b13b851dc994391617,fdf07641fbcb7f3e1a7beda23d7464ba
3124b4a732d4e1dbc8cc9967ab77d0ce,cc56a206bfcc57d98e3b708233680f7f
313c1e0b539d4e13faa19a497c8ad6e5,5c9a820db82486583be0867e50e677dd
3154df2ff37134f526c13660a2cccd11,aaf20efb4e625e63fe2ea93abc7b5f2d
3154df2ff37134f526c13660a2cccd11,b325abfefc80a5abb7a8d27334f7e4f5
3154df2ff37134f526c13660a2cccd11,df5ef076896081968334b89ddd0de1f4
3154df2ff37134f526c13660a2cccd11,e0bc445137c4097325344a9fbf641b24
315773b1fb6e6540978d7bad9572622a,ddd58bcacf061c6ad0c1531e81c241d6
316f0191976e0b536a517d126efcc9de,7b847f4e54a71b0f4f6bac967284fd46
31755b887815bda3caa13d92c876351a,dac89fd1c99286cee5fdc286637b212c
3184216826930b8e4b42584b703bee1c,4806df5b4a0649b87757c0093573383e
318ea8d48abcfabe164cdab48cf276bc,4a74f96f67f6653a2e41e59497c03c39
318ea8d48abcfabe164cdab48cf276bc,635a8ac7444aa2d209bb4ff249462514
318ea8d48abcfabe164cdab48cf276bc,6b2204839735cb7bf1081d46e8739da7
318ea8d48abcfabe164cdab48cf276bc,9e0574b64f60d8f1600c5af749592769
318ea8d48abcfabe164cdab48cf276bc,a81e226fd81222d5633bc72eb6c5fc22
318ea8d48abcfabe164cdab48cf276bc,b2b75252e1a50bf2bf2d5b2f77db098b
318ea8d48abcfabe164cdab48cf276bc,bbcaaa9d2e93ed884c4f6d98f5eb59b0
319a6e303776c05c32262ab66534f8be,a1935ac532c35a267ff859cf6f615fd3
319a6e303776c05c32262ab66534f8be,d52530a4c3abbe4b4163d96d0eb12dd7
319a6e303776c05c32262ab66534f8be,fab5363f451b378dedc4ccfac87edfce
319ce02327f2ca421b8c1e4de0b9472b,b4d3cad4a315d2f61cacbc81c5925e91
31a63c4ce10d5eaa1c67d6e195e5ae83,3a78e90ca5bb48e3f6cf243d2e92a370
31a63c4ce10d5eaa1c67d6e195e5ae83,90fd1308dd86665fd997166973e0000f
31a63c4ce10d5eaa1c67d6e195e5ae83,c4442ff069191e635c9615d2c24f6406
31b050c01dd7f89d9d37339f2310454f,dbe736e78fed3b0f4703c4ce05472b7e
31b8b52eba8f10492e067e47bf6093f5,9f1b5ad8391a8daeb1e3feac76115fc4
31c1d57814a009967f61f2e886d66a62,634953b7c401c3d4ae3e8cccbe8387ab
31c1d57814a009967f61f2e886d66a62,ab5b9596c71301a962c6b1154918fe5f
31c1d57814a009967f61f2e886d66a62,bba157d021a022f3c3654f83d5ebc11d
31c1d57814a009967f61f2e886d66a62,e2fa3697a975d8ab1d6f613b401f9b2f
31c3ae0241e39da5843eb3347d0d3600,b4defaee46792b984817475b07e401b7
32061584bfebb0250df54ce5d143b4b0,f925a839a2fa0ca69f0271b64a60f1e6
322332bfb5ceeb0925f7bad77d80da98,ad731bc5fd72f5b5dd37d4171ad09637
3237073854784c1c1b1234108b691134,6b2204839735cb7bf1081d46e8739da7
3237073854784c1c1b1234108b691134,a233f96d49eea9a90bb67831ef826fef
3237073854784c1c1b1234108b691134,a81e226fd81222d5633bc72eb6c5fc22
3237073854784c1c1b1234108b691134,bbcaaa9d2e93ed884c4f6d98f5eb59b0
3237073854784c1c1b1234108b691134,e4a7b1cd19891609a0c8a2b6d77918e4
3237073854784c1c1b1234108b691134,e561d76bd22a7b7d3445a90984e86796
32391409eb32d472afebc6552e44b574,66298071c8db3a6e87dc76f96eac3987
32391409eb32d472afebc6552e44b574,87090ec93c0f06856ee8c203ad1b63ba
32411fb57cee9e3c270bc5bf58532778,5e7ed41b54f46f066885cd07459bd17c
32411fb57cee9e3c270bc5bf58532778,aae07d530ba210e5dd0b00e45ee54d19
32411fb57cee9e3c270bc5bf58532778,b594f678b753c05e7bc468d600fc9afa
3244053058e664f0ee25f6669d93e220,3a4739a3cfbc5ffd99e33dbb5e736ba2
3244053058e664f0ee25f6669d93e220,520020af6f73cd44599cbc3146ea8e38
3244053058e664f0ee25f6669d93e220,5571023fedf0091ecab9fea7c0275a5d
3244053058e664f0ee25f6669d93e220,6d03abfd93cfba76141861d654e1a94d
3244053058e664f0ee25f6669d93e220,8e7b5480156d5b27f3f962cf7231f1e3
3244053058e664f0ee25f6669d93e220,9b401b716387fb6b8d9bf46c2882e696
3244053058e664f0ee25f6669d93e220,a87850097693c4f5048a6e5bdc1e2b31
3244053058e664f0ee25f6669d93e220,a9af2700ef761e22e334b9c172cedee5
3244053058e664f0ee25f6669d93e220,a9dc942a9fcb1b2215cd6b339c76848d
3244053058e664f0ee25f6669d93e220,c6ec25b24256f6e1f902a29416ab964e
3244053058e664f0ee25f6669d93e220,d09fa69c6d5615c26aac2f825b8e7328
3244053058e664f0ee25f6669d93e220,e8d14b09b08840dcdfaf1d3983d6df51
3244053058e664f0ee25f6669d93e220,f0a7454555d52a667c6df22dc8a28bcc
3244053058e664f0ee25f6669d93e220,f1c0e8776928a9cf507eea55f424076d
3244053058e664f0ee25f6669d93e220,fb5643b20582ba68d8da8a8dca24c4fa
3244053058e664f0ee25f6669d93e220,fefa98da8db666ce806d4af04be8e6fa
32604b241eb2d3ac7a0907bdad58d00c,4b5251e8c5d329088fa36fe17bfab487
3273e34ec0610a4d205601a0c75a2384,685e99e63ee80451a653be173ec4749c
3275418e472832ac06487f7d831f23c3,72fca12278f6f2ddf76b8f7aa7e22ec7
327fa6f85b908a17df3cd48aeac3d08c,4214f2e7a6a7609c2eb5ca7246cc7f57
327fa6f85b908a17df3cd48aeac3d08c,a9f8abc79fb4c1dca58e9e7abf8a6912
328850033de12d7a7ee998bcc9fcb2e0,4bc16d233782b9653f50ee4419dde3d8
328850033de12d7a7ee998bcc9fcb2e0,96e3b0f7d342e961f1ee5f5f7c5acdd0
328850033de12d7a7ee998bcc9fcb2e0,a9c578c0edc5e3fc3c13c13810322dbd
32b3ba17cb61d3b46f8ae682b3af2adc,a6992f2318c05911791f3798ae164079
32dd4b0d354e1258231359158aabaaaa,3a6bc1bd3af9d59702e90b07b6b6b016
32dd4b0d354e1258231359158aabaaaa,6a6a82e53ce45acb2475e8cfd225742a
32dd4b0d354e1258231359158aabaaaa,95ff32769e3b6643e3398395c8626037
32dd4b0d354e1258231359158aabaaaa,a87850097693c4f5048a6e5bdc1e2b31
32dd4b0d354e1258231359158aabaaaa,a9dc942a9fcb1b2215cd6b339c76848d
32dd4b0d354e1258231359158aabaaaa,c1e5d0cbb42f4975410d72f4c181a246
32dd4b0d354e1258231359158aabaaaa,c5546998015953f631b2e9e116939a2c
32dd4b0d354e1258231359158aabaaaa,f0a7454555d52a667c6df22dc8a28bcc
32e056259271f51fedeb9823feb63db7,33abb617b12eca47dbc3311826341f56
335d87e4d73277c82b08c2e13135defc,c595df1f5ba2c76a3c391f7c297d1c3b
335d87e4d73277c82b08c2e13135defc,dbf470c3eef41bc462f9bf4be7c0338b
337d42a2002f0bcbdf89bc042559ac46,637ed942acadd3b3d2c73d5e651e941e
337fc8de3c99938df7b6501f6b02779d,6d940767f53b0d6f00de824bb1fe67d7
3395f443046e40fddf2c442f49404047,dbe1e58665233e8f71fabbc0d97b6718
339743a06ce044d8425c96cc02975263,49ccdc69cead28313dc858db7ab1127b
339743a06ce044d8425c96cc02975263,7ce6289325c76a31e2268384cae73d3e
339743a06ce044d8425c96cc02975263,ae3cecf07cc3a43a13e6771f6cbf8524
339743a06ce044d8425c96cc02975263,c595df1f5ba2c76a3c391f7c297d1c3b
339743a06ce044d8425c96cc02975263,dbf470c3eef41bc462f9bf4be7c0338b
339743a06ce044d8425c96cc02975263,e0f5f3c58cef003ad1dcb0d2bd78013a
33abb617b12eca47dbc3311826341f56,41ceae11d46fe61384b12374b6e61ea8
33acb13f19dae23e27696bc1e328799c,61ddf0ddb4b29707d036941fb28b9f78
33d0cd47c09fb27a1bbff0cca6c7a5d2,8382308149818a1e13b9f46ac7f9eeba
33d0cd47c09fb27a1bbff0cca6c7a5d2,abe0ac8be90165fd58516379224042ed
33d0cd47c09fb27a1bbff0cca6c7a5d2,b1e4f8dcbe20fd11b09b4a9ecf25c753
33df1a7e2198a4cfee4ff7a771334825,530cb8820e81ea43cbe1c7549062a216
33e0fe8ca5e0a41f1e3e8f8aa6c239ad,7bc0bc4eb8c7f6e7792ed0e86125a49b
33e0fe8ca5e0a41f1e3e8f8aa6c239ad,97d7e42393bf720d97a2aea5be2c6bba
347a44868cdb18b7ec504a1168e01316,ec8c3c2655b68929e7a1878a268fccaa
34a77e91ffc5e66c9b51a1acdd506117,b5464748e611b3879ab53a331416ca8e
34d9401e8184f5d0d07488d8b05255ae,e1c231516fb595fad01b118898653428
34f29d37674da2c5426d0381d56d2d02,7471352e30fdddb268d6219831852ca8
351171e286c6b12ec459d48771ccaf3d,f52d2ab1adc6da96568d934a370380e8
35216918ce05cd6ea9c7a59afabf004d,a5d7a3b641f41f86d48fd7cdd6a0fb9a
35216918ce05cd6ea9c7a59afabf004d,e5cb5040c694f9cc7680879badd8b095
352e61b3b5303e2c9a391459d413b3c0,8ed8b81c340d1a9bf2aa33043395b728
35840877062c3449d4fa2fc582cb80f5,fd9b65588a6af492227fb2c446a7b21b
35b73fd3811076168098ef1eddc233eb,adfd0445a9c510dd73478cec23a9e3cb
35cb8e3431161acb711baecfce373bbd,3cb3376d177ec53497479f2dd62d5967
35cb8e3431161acb711baecfce373bbd,4cca0751526a4f9dbccaf36d93026fe2
35cb8e3431161acb711baecfce373bbd,57176678d835c04cad4266a697dcb587
35cb8e3431161acb711baecfce373bbd,a0357c22e36f56a99f241ee893d64cfd
35d37dfb8048fd093ab2163066f00dab,55d90a3706ce22e21a9d34d21bf0de18
35d37dfb8048fd093ab2163066f00dab,c8b12c73c977595b227d2fa0188521ba
35d37dfb8048fd093ab2163066f00dab,e06a29400a2db094bd2d84be15580d86
35dd8b2eb6fd97858a46c62bba730729,4b5efe210196011f1b75afb973acc953
3682b9981a71bd476def7fb11eef4db5,8bd3d5abd6743d4ce7b6d4cdb855d033
368596219494f31536b74ea184d9ed50,52b53234706e4a1c6a0f1d0da92b04f3
368596219494f31536b74ea184d9ed50,e6c4eae3ccb52f5ccfea04d8d1d847cb
368620376d08609cc5d9a1d37baa378c,c315703d6b81a4d1aa948a4f8a0ec10b
36a9a7845c68c2d08f8fc72be2a94532,5925b254367bdb62af31ac9a9fb62675
36a9a7845c68c2d08f8fc72be2a94532,dd9f5522ac2d0eb6971062c501bb1540
36af4bc7fd3200ea8c6e1bb638765cf7,3a32f393efc10b632f59c944e7478ebd
36af4bc7fd3200ea8c6e1bb638765cf7,d807f4a397fdaf582331322f42b9342b
36b0988a2f588c97476645886ae8272d,4e300156f426565abdedf889f96f2166
36cdb11d9969890415563e010e115243,df06af5e6d4cf14ac74ce0a39cbb21e7
36d03126287f5e810431292497fdc753,3ad30b03b3d23ac6b5f5d57906353375
36d03126287f5e810431292497fdc753,3cc6dfa5f8ed1b7a649a0d12a5d083cf
36d03126287f5e810431292497fdc753,4d0737784e1e3f780c6075105de7be8a
36d03126287f5e810431292497fdc753,63cf86aa8f00483221555d97e8c6ccbf
36d03126287f5e810431292497fdc753,6a7f5ff621d20a43a9d19340bef3db1a
36d03126287f5e810431292497fdc753,c23d5f76ef396a0f520ca6c677dccc1f
36d03126287f5e810431292497fdc753,c48c1124a86f79f2d620d30a2ce819c4
36d03126287f5e810431292497fdc753,d44df7668f75c8f084cdada0a7a1aae0
36da4727f003d0be83b2eff75a3210a6,66b0eb76a23e1f8b4cb77a77572607f8
36da4727f003d0be83b2eff75a3210a6,7b38aa81bc4d0eb014025b332afafe3c
36da4727f003d0be83b2eff75a3210a6,c595df1f5ba2c76a3c391f7c297d1c3b
36da4727f003d0be83b2eff75a3210a6,dbf470c3eef41bc462f9bf4be7c0338b
36db6b6d31039fbf80f91423d4182dbb,6f0f28aac78c901ef8fb23238228cdae
36db6b6d31039fbf80f91423d4182dbb,97d7e42393bf720d97a2aea5be2c6bba
36f6d15b3aa2c08688a409684715117b,97d7e42393bf720d97a2aea5be2c6bba
371f5843e94d541adc18e99bd998a9db,7df7fb4ac0715a64e31da7797010f4d9
37283477dd53d2d1297519c640c31638,9598d91be2f48456395546a8bd685fc7
37283477dd53d2d1297519c640c31638,b44ce5edc1f0b1257ad0e003faf756ef
373769f01209f2c250ae5e542755ad75,8e93482eb79727e8fbc81739aefc2031
375860f08723e4c99ffaf7f4f351234d,6dd3e877ab4c0a573cccd00c33e9d7c3
375860f08723e4c99ffaf7f4f351234d,fdd79a46ae60a6a5a90e5ac1467a0af9
376846a2f6bf6f34ebe4d505feb4b449,6f21a52706d2170fb21ad0f07b8d667f
376846a2f6bf6f34ebe4d505feb4b449,fa954743496d7732ae06ea285a995c32
3771aab170de28cce53a86f25f85803d,dadb03953649b0154b0d9722f8d3589a
379626e11cb00693c3865c6e4d3da1f2,bd3fe890d926472299c34f98b759966c
379626e11cb00693c3865c6e4d3da1f2,d492cdfc28c5be311a02b6f1f91b8b38
379949ad2b07d3fd66077dd4c7b07d1a,8c9ae9173042c30680e96e78177682ba
37af42b22d16b36766001d4cf987c1c8,6c4c23109a423c2af1c676ad19005f61
37af42b22d16b36766001d4cf987c1c8,9e3958b0575537f6529414db474bd8d9
37b2d15634f7758da062d406cd6c0e8a,57883aa874cbfd636785ac4233b69b2d
37bbd578e63a67dbd1c1af932112a61e,c52811b8e623e350e23a8fa9a093fba3
37c6122affaf01b65a6c34bf3e587d82,6db56524d971e1099a29851b24b9743f
37c6122affaf01b65a6c34bf3e587d82,9c3db0778932fd7ad6fe27b51b9ac089
37c6122affaf01b65a6c34bf3e587d82,b693878035f34516d7d8a0b8d3cc2439
37c6122affaf01b65a6c34bf3e587d82,d7b59130b16968900ae93d26e51a21da
3833a04958f3c955cd77c141fb91f918,3b54e6c21a322d354ac19fc6aff319ac
3833a04958f3c955cd77c141fb91f918,567e511ff64454ecf34d2a3f4ffa80bd
3833a04958f3c955cd77c141fb91f918,5fd29b573b5f78104914c046cdb30a04
3833a04958f3c955cd77c141fb91f918,c69e6b503ae7033519cb162619b8614d
3833a04958f3c955cd77c141fb91f918,cc7f73ccb74148a9a6a4339f94a7cac6
384e8f71e0118bf949f6b87033ddbd5d,6a3513c5a1b568a83d0e97792a66a83b
385f47f74e09b0005bacfc2ba01e4ba6,8db7ad064ab77f4e2cd1502dedb5dc3f
3872c1d389a8a6ba88f363f5566908f8,3872c1d389a8a6ba88f363f5566908f8
3872c1d389a8a6ba88f363f5566908f8,7118b93e7be16ef9a8be061e0d8b994c
38765029017ccd6394786e4e67dad362,cc176048325431e836fb9ab835ef34a5
38765029017ccd6394786e4e67dad362,f8782cf524a1b54b45da0c5ec96cecf7
38794a9ebd7624637035a720f7843014,5636ee8c999301f95b49f01180946242
38794a9ebd7624637035a720f7843014,ed027ebcab9b0930b91c4e716ece97c6
3896933da33e267c13bb2429913052fa,3b7f7686fa74da7033f77038411fc007
3896933da33e267c13bb2429913052fa,41ff03bc49eb32b517a08a4962ab3764
3896933da33e267c13bb2429913052fa,81b4d775b96c465bff5c607f9b8c2a3d
3896933da33e267c13bb2429913052fa,a02cf644bc5118e5e473829862bc5886
3896933da33e267c13bb2429913052fa,da2ae411a236d52fa1e62a224bb1e88a
389900f0ac3f3946b408e07479934609,d8d86fccf7fb082440f3c6ba5180a652
38a00f50c440cd658e85e2fea1db92b7,53d9821c67c35fee73a82bb7a04ce70a
38a00f50c440cd658e85e2fea1db92b7,5a72fddc5f2849578c3c2df7962c59a0
38a00f50c440cd658e85e2fea1db92b7,af2bfbcf2f8f77ce73bd7567f315f51b
38cdcc912b35e7429662536efb52dc3a,4a094ac989cf624094496f16e5818bae
38de459b468cca0592732a83a3123e4b,41775fa4afda4fdc3390c7f926131127
38dea4da11dd0dfb25f59e169ea5c6d2,460608ebbc419bfb171cceb5b355f807
38dea4da11dd0dfb25f59e169ea5c6d2,4612877ff914c12557ad6161985c484b
38dea4da11dd0dfb25f59e169ea5c6d2,6f0f28aac78c901ef8fb23238228cdae
38dea4da11dd0dfb25f59e169ea5c6d2,7b026994b36fbcfb3a95d895d5d4abe6
38dea4da11dd0dfb25f59e169ea5c6d2,7dc7493b71e3a9a44c2e42a302025e57
38dea4da11dd0dfb25f59e169ea5c6d2,97d7e42393bf720d97a2aea5be2c6bba
38dea4da11dd0dfb25f59e169ea5c6d2,b84ab04203fcb94af3c4c8bc39d95b8d
38dea4da11dd0dfb25f59e169ea5c6d2,bae532b1ebbdd2e537af9713ed4a7966
38dea4da11dd0dfb25f59e169ea5c6d2,bb2d27e49d227f22d8432e207da87e04
38dea4da11dd0dfb25f59e169ea5c6d2,bcb54520acbde59f2ec1d06c7d8c65f1
38dea4da11dd0dfb25f59e169ea5c6d2,ddc54515a5f77dd518a728052f57fdde
38dea4da11dd0dfb25f59e169ea5c6d2,e5d48eaa4e45615ed36e9c2a89d64130
38dea4da11dd0dfb25f59e169ea5c6d2,e6a8ad361fa357ea187f2c538dacbdfc
38dea4da11dd0dfb25f59e169ea5c6d2,ed2c979efd0f88dac9e043140c8dcb96
3921ace4f94e7871d14ec91bee767f9d,d86ef1485b86d2fa0a7abf0fc049a044
3948c0268916e04b2edaedaa4f4a804c,3a07e26722924f8f5259d4eee2006e11
3948c0268916e04b2edaedaa4f4a804c,4cf7cc4097f05d14ffd3f99714ac6491
3948c0268916e04b2edaedaa4f4a804c,a5678e603df056cdc23b93c7c47e3ad5
3966d893b78e9791df7ff619867870a4,3a691b75adf93cbc5e5f9fbe6dcc2a25
397942d7b17a8dd1513831456f8f55d0,41ff03bc49eb32b517a08a4962ab3764
397942d7b17a8dd1513831456f8f55d0,61eeb2fadfaf57d69322468d16f8905f
397942d7b17a8dd1513831456f8f55d0,767d4f2d3911c149a5c99e9200e09f31
397942d7b17a8dd1513831456f8f55d0,81c48995c8e20e0c2f0f5ed8fab29f75
397942d7b17a8dd1513831456f8f55d0,bcedc6544beb2320e254499ce9cc5c24
397942d7b17a8dd1513831456f8f55d0,c48c1124a86f79f2d620d30a2ce819c4
39b36e82afc0ff83532cff912c9b707e,44996470830d658dce6c62652a54c7b1
39bc2d2e05b1f623829eb84d1fe9d688,91b52e9b8ecb3611e076cbc9b50e41ef
3a0223ecc7cdf7299f8e6d841d9d573d,83701a44399ba096f0632a9bb8f991d6
3a0223ecc7cdf7299f8e6d841d9d573d,c5f672ad2e9ba3514528f4998282e5c4
3a0223ecc7cdf7299f8e6d841d9d573d,cdabc4c54af6c1d02d5a4e52f9013b7d
3a0223ecc7cdf7299f8e6d841d9d573d,f2b4619c5994832ef992c00bdb2c7461
3a07e26722924f8f5259d4eee2006e11,4cf7cc4097f05d14ffd3f99714ac6491
3a07e26722924f8f5259d4eee2006e11,a5678e603df056cdc23b93c7c47e3ad5
3a0c6dd1d11b094a3ffe0cd3081b29dd,afd63bb0dc22b760e1fea00147665c09
3a0fa15a0947025aad398283eca8cfa0,9cea019cbf2fa1ffe47a8fdade8775c2
3a32f393efc10b632f59c944e7478ebd,d807f4a397fdaf582331322f42b9342b
3a4739a3cfbc5ffd99e33dbb5e736ba2,5571023fedf0091ecab9fea7c0275a5d
3a4739a3cfbc5ffd99e33dbb5e736ba2,6d03abfd93cfba76141861d654e1a94d
3a4739a3cfbc5ffd99e33dbb5e736ba2,8a2a4a87eb64c7d6d43db04a2a5115f2
3a4739a3cfbc5ffd99e33dbb5e736ba2,8e7b5480156d5b27f3f962cf7231f1e3
3a4739a3cfbc5ffd99e33dbb5e736ba2,9b401b716387fb6b8d9bf46c2882e696
3a4739a3cfbc5ffd99e33dbb5e736ba2,a87850097693c4f5048a6e5bdc1e2b31
3a4739a3cfbc5ffd99e33dbb5e736ba2,a9af2700ef761e22e334b9c172cedee5
3a4739a3cfbc5ffd99e33dbb5e736ba2,a9dc942a9fcb1b2215cd6b339c76848d
3a4739a3cfbc5ffd99e33dbb5e736ba2,c6ec25b24256f6e1f902a29416ab964e
3a4739a3cfbc5ffd99e33dbb5e736ba2,c7f04515d136734545537a05e5f4392a
3a4739a3cfbc5ffd99e33dbb5e736ba2,e8d14b09b08840dcdfaf1d3983d6df51
3a4739a3cfbc5ffd99e33dbb5e736ba2,f0a7454555d52a667c6df22dc8a28bcc
3a4739a3cfbc5ffd99e33dbb5e736ba2,f1c0e8776928a9cf507eea55f424076d
3a4739a3cfbc5ffd99e33dbb5e736ba2,fb5643b20582ba68d8da8a8dca24c4fa
3a4739a3cfbc5ffd99e33dbb5e736ba2,fefa98da8db666ce806d4af04be8e6fa
3a5790185463b4e3f4544f7d53e48c8c,4a34178d6e678b5d4a027b5fab28d375
3a5790185463b4e3f4544f7d53e48c8c,aa47c63252a86426e55d76285bc09af8
3a6746a0a648e642be8057d747ad6f04,ef661b1d51952d6e77fc7cd681dd4529
3a6bc1bd3af9d59702e90b07b6b6b016,6877c399e63dac241e880a6ffad2ca3d
3a6bc1bd3af9d59702e90b07b6b6b016,6a6a82e53ce45acb2475e8cfd225742a
3a6bc1bd3af9d59702e90b07b6b6b016,a87850097693c4f5048a6e5bdc1e2b31
3a6bc1bd3af9d59702e90b07b6b6b016,a9dc942a9fcb1b2215cd6b339c76848d
3a6bc1bd3af9d59702e90b07b6b6b016,c1e5d0cbb42f4975410d72f4c181a246
3a6bc1bd3af9d59702e90b07b6b6b016,c5546998015953f631b2e9e116939a2c
3a6bc1bd3af9d59702e90b07b6b6b016,f0a7454555d52a667c6df22dc8a28bcc
3a76b5e2bd06cf80127cb144aec253b2,b5932e39f87500fc5cc1011613f2746d
3a76b5e2bd06cf80127cb144aec253b2,cdc9f18c2c98742e985281dc17840043
3a78e90ca5bb48e3f6cf243d2e92a370,40bfcd64ab2f95488f1587a1a4f276c8
3a78e90ca5bb48e3f6cf243d2e92a370,589cd986754991ffd667dfd4d2650d85
3a78e90ca5bb48e3f6cf243d2e92a370,dc191bbec37fc53a5a0fec0e7edd4eba
3a7b2e03cf8cc2290e2a9a6f256bd472,4511e735eee378b806e1f4c6d63529df
3a7b2e03cf8cc2290e2a9a6f256bd472,494ac73c1f965f34fbe5201602c14866
3a7b2e03cf8cc2290e2a9a6f256bd472,6d01d72f9fb806ed364518b3925bc587
3a7b2e03cf8cc2290e2a9a6f256bd472,7112c1c23f99ca8dafdb557ab2ca22c8
3a7b2e03cf8cc2290e2a9a6f256bd472,7f7366754d76157a1ac5cdd5777afdf1
3a7b2e03cf8cc2290e2a9a6f256bd472,99d4627d0a7233549b1a840807bf396f
3a7b2e03cf8cc2290e2a9a6f256bd472,d5692969ff2208ee8275d443c0a15af8
3a7b2e03cf8cc2290e2a9a6f256bd472,dbe3d27b49d51eb53307a4b0d7c17866
3a7b2e03cf8cc2290e2a9a6f256bd472,eebf977f7f4da4c0a2f8518ab0f54809
3a7b2e03cf8cc2290e2a9a6f256bd472,f52d2ab1adc6da96568d934a370380e8
3a850ac62003172419d519b6e9e6702f,eaa514453e8d65717e7e5fcc613c4513
3ad0e1da7f63589335a5d9145b6eb8c0,7549b7439d64e162f43ff897ff267427
3ad30b03b3d23ac6b5f5d57906353375,3cc6dfa5f8ed1b7a649a0d12a5d083cf
3ad30b03b3d23ac6b5f5d57906353375,41ff03bc49eb32b517a08a4962ab3764
3ad30b03b3d23ac6b5f5d57906353375,62e01423cfc59329b6acb874696c0590
3ad30b03b3d23ac6b5f5d57906353375,63cf86aa8f00483221555d97e8c6ccbf
3ad30b03b3d23ac6b5f5d57906353375,6a7f5ff621d20a43a9d19340bef3db1a
3ad30b03b3d23ac6b5f5d57906353375,7db14dc3058cc6ca81295011b4745b92
3ad30b03b3d23ac6b5f5d57906353375,c23d5f76ef396a0f520ca6c677dccc1f
3ad30b03b3d23ac6b5f5d57906353375,cdf07468d9c693794f1da0b9ba549c15
3ad30b03b3d23ac6b5f5d57906353375,d44df7668f75c8f084cdada0a7a1aae0
3ada6b0de7808626256cd5a171c06944,73a14e76afef4a5bcd9f362bb175efc7
3aec22b6157d35853155e1a546bd3c48,60a3eb1171f05763da100225e09ca84d
3b018b573c49fbd16df560cec9c0ad44,e164855f3401f082775414b9158b1de1
3b100dbe4a5647c508a08ee82c0692fd,570ee20765ecf4a99dbf9e7895914410
3b3a1bfc9741d346f3bf28fa7ada3fce,bad6939fc2ff14c6a0e2a9365f77537d
3b54e6c21a322d354ac19fc6aff319ac,5fd29b573b5f78104914c046cdb30a04
3b7f7686fa74da7033f77038411fc007,3cc6dfa5f8ed1b7a649a0d12a5d083cf
3b7f7686fa74da7033f77038411fc007,41ff03bc49eb32b517a08a4962ab3764
3b7f7686fa74da7033f77038411fc007,42068cb1893948dfbff846ea18775306
3b7f7686fa74da7033f77038411fc007,4bc16d233782b9653f50ee4419dde3d8
3b7f7686fa74da7033f77038411fc007,5dd56ea25902fdec54f1dfd28914f072
3b7f7686fa74da7033f77038411fc007,5fbb3dde9fb1caa89a23771f5f9a9b1c
3b7f7686fa74da7033f77038411fc007,617a9cf79697c0a24bb2960fa00587b1
3b7f7686fa74da7033f77038411fc007,62e01423cfc59329b6acb874696c0590
3b7f7686fa74da7033f77038411fc007,6ac048a47fe6abf40205dd46d4bfad09
3b7f7686fa74da7033f77038411fc007,794832937efec8d6df766701283ac05d
3b7f7686fa74da7033f77038411fc007,80a0fc761c3c3555f81b5b60e23200da
3b7f7686fa74da7033f77038411fc007,81b4d775b96c465bff5c607f9b8c2a3d
3b7f7686fa74da7033f77038411fc007,81c48995c8e20e0c2f0f5ed8fab29f75
3b7f7686fa74da7033f77038411fc007,89f40506bdbb16ebd103b12766758db7
3b7f7686fa74da7033f77038411fc007,902c9f1f61e83171325e1a792f2ecae1
3b7f7686fa74da7033f77038411fc007,9618897eccacf463c5528d3d095ce177
3b7f7686fa74da7033f77038411fc007,963467b3533a66304c7c58d5a563d873
3b7f7686fa74da7033f77038411fc007,9d22f5d3635acb90bbdfb2049363cf62
3b7f7686fa74da7033f77038411fc007,a02cf644bc5118e5e473829862bc5886
3b7f7686fa74da7033f77038411fc007,a7a4b5bf23cb560d08106ef75e1c73f8
3b7f7686fa74da7033f77038411fc007,a9c578c0edc5e3fc3c13c13810322dbd
3b7f7686fa74da7033f77038411fc007,b7c847d7adcf107a10c3039d6bcaa8f2
3b7f7686fa74da7033f77038411fc007,c23d5f76ef396a0f520ca6c677dccc1f
3b7f7686fa74da7033f77038411fc007,c4cd207cc390bc2296c0a7dd84b54007
3b7f7686fa74da7033f77038411fc007,cdf07468d9c693794f1da0b9ba549c15
3b7f7686fa74da7033f77038411fc007,cfe1ac5b7858b370c320c67133b10c14
3b7f7686fa74da7033f77038411fc007,d6feeaed5bb9195ac670b5692ba10104
3b7f7686fa74da7033f77038411fc007,da2ae411a236d52fa1e62a224bb1e88a
3b7f7686fa74da7033f77038411fc007,dd720a31ae01f8066abe782818b59699
3b7f7686fa74da7033f77038411fc007,dde720eb1ac8795643511897700c8aad
3b7f7686fa74da7033f77038411fc007,e34ebe4961f2d932813005433a74b012
3b7f7686fa74da7033f77038411fc007,e4750dcc3268ebba356557f444761f9c
3b7f7686fa74da7033f77038411fc007,e70105d7788a5d736ae6805a7f230521
3b7f7686fa74da7033f77038411fc007,ea15834188cc4aa85b0056af93164277
3b7f7686fa74da7033f77038411fc007,ebc1919f45f9da5db0d468ce62cfdf50
3b7f7686fa74da7033f77038411fc007,ec7faeeeb7e9eac31559b3cbcff9a4b3
3b7f7686fa74da7033f77038411fc007,efe94917387a9794795e7fc79557dffa
3b7f7686fa74da7033f77038411fc007,fabd6966abaabe52f19e44a088986cda
3baefd57ae723bdb0c52cb9aa4b24cb8,b0cfce7ea8bebb1ab3412ab5c1780901
3baefd57ae723bdb0c52cb9aa4b24cb8,f44028d4a1ebb32fc3807dfe4c56506a
3bbd03b7eaf6260f4c3ec3be4d39ac11,41ff03bc49eb32b517a08a4962ab3764
3bbd03b7eaf6260f4c3ec3be4d39ac11,4bc16d233782b9653f50ee4419dde3d8
3bbd03b7eaf6260f4c3ec3be4d39ac11,617a9cf79697c0a24bb2960fa00587b1
3bbd03b7eaf6260f4c3ec3be4d39ac11,81c48995c8e20e0c2f0f5ed8fab29f75
3bbd03b7eaf6260f4c3ec3be4d39ac11,a7a4b5bf23cb560d08106ef75e1c73f8
3bbd03b7eaf6260f4c3ec3be4d39ac11,ecb3e4db5de817f87972b63a999006b3
3bf2f678c7e3dd9e56186edd36cdb640,c788d3e68b600d2fa97e5a3fa6298537
3bfd16cf263f1862325ba4c9cadb9350,707c2c7c28485ec474fe430348336c20
3c22726bbe42ae456b91b3cf9308a11c,947c19f5b2fe8fd9614a2ca41d18747f
3c259c57026d73624d5bf3fd459523cf,bdf4c3ae52081fb0fef748bbcaa889a5
3c2eef0b6150428f9a0e31cbd025319a,6374c06706d5eec087dcf87872470e17
3c2eef0b6150428f9a0e31cbd025319a,790616874b04859ab18651b7f9f05a0c
3c2eef0b6150428f9a0e31cbd025319a,a9506bf795861476243d99a8726f717b
3c2eef0b6150428f9a0e31cbd025319a,e5bd2be0d39268d017e306ba127353d5
3c336106a6966fb4ca2a2d6539c8f4ca,61711a2946189236ba511c368a20929f
3c3bd92bec75dec81b706dbbff0ac969,74ee930ca75cc6eefa06b6a8fb4d1789
3c4b5c93c767be8d05d732836a2b267c,8cb14a9fbdd93730b1369b5168363949
3c614ae745f226da0fcb3c14e1183ab3,f013a9e84d3159fd744d14905a0a43c5
3c91d5877772e12879674d3d2dff8d12,d24381b8bd8a640364a5686fd4c149ad
3cb3376d177ec53497479f2dd62d5967,4cca0751526a4f9dbccaf36d93026fe2
3cc6dfa5f8ed1b7a649a0d12a5d083cf,41ff03bc49eb32b517a08a4962ab3764
3cc6dfa5f8ed1b7a649a0d12a5d083cf,4d0737784e1e3f780c6075105de7be8a
3cc6dfa5f8ed1b7a649a0d12a5d083cf,62e01423cfc59329b6acb874696c0590
3cc6dfa5f8ed1b7a649a0d12a5d083cf,63cf86aa8f00483221555d97e8c6ccbf
3cc6dfa5f8ed1b7a649a0d12a5d083cf,6a7f5ff621d20a43a9d19340bef3db1a
3cc6dfa5f8ed1b7a649a0d12a5d083cf,7db14dc3058cc6ca81295011b4745b92
3cc6dfa5f8ed1b7a649a0d12a5d083cf,8db4b3ff92098cc3b4e7af5869719863
3cc6dfa5f8ed1b7a649a0d12a5d083cf,c23d5f76ef396a0f520ca6c677dccc1f
3cc6dfa5f8ed1b7a649a0d12a5d083cf,cdf07468d9c693794f1da0b9ba549c15
3cc6dfa5f8ed1b7a649a0d12a5d083cf,d44df7668f75c8f084cdada0a7a1aae0
3cc6dfa5f8ed1b7a649a0d12a5d083cf,da2ae411a236d52fa1e62a224bb1e88a
3cc6dfa5f8ed1b7a649a0d12a5d083cf,dd720a31ae01f8066abe782818b59699
3cde8bf3d9924872faa140057e5e69e0,5b7bc9baecfbbbef7b2e22add48bfa92
3cec0b4b0c01bcf8881d724f65999fac,69e20666d8b7e79db422b85862d30cbb
3cec0b4b0c01bcf8881d724f65999fac,7d3d87c14714fa0d2f93eb12f26b521d
3cec0b4b0c01bcf8881d724f65999fac,89be86870b11251de9b74a7d975333de
3cec0b4b0c01bcf8881d724f65999fac,8ee05c4eb643dcc967fd116b00de1c18
3cf0c8ef84a0e2e09297289778d239f9,6380f7a62a07b3c1cf8dfbd6e6494850
3d0ebb7691237e4983f107b796e9e3ee,53918f366f5130904268811acfa547a8
3d1476e378ee3f91b7e30079a67d13ba,7e474d902c79267ba1dc8b5898b388de
3d29bdc5567a693e60a0bd3be1fecf0f,6b6c43cc9c47dc8fe372bd05e5252da0
3d2d64fac5ca309e65b8900a14f6d9f6,45f9d4cb4357a05033815a0484ea918b
3d2d64fac5ca309e65b8900a14f6d9f6,cb5a07055057c8ab32cf89cb6277eaf2
3d45174a13d1be4bf23ca8d7ca10e8f3,41ff03bc49eb32b517a08a4962ab3764
3d45174a13d1be4bf23ca8d7ca10e8f3,87cc0c8ec6896e79343c115fd584d429
3d45174a13d1be4bf23ca8d7ca10e8f3,c06f3f926cc18b45ba350495c59c0093
3d45174a13d1be4bf23ca8d7ca10e8f3,cdf07468d9c693794f1da0b9ba549c15
3d87a702a29fa0c8454e01e7c7e83628,da191e4f21834a1559710564907be507
3d87a702a29fa0c8454e01e7c7e83628,f57e7e06aa864c442a92851c740d2539
3d87a702a29fa0c8454e01e7c7e83628,f96e0ffe0dfc8b924827b9fe8bb12673
3da8d37d5806145e0c62ee423a1054a3,4c2a894e5bb1904607f0e23246110093
3da8d37d5806145e0c62ee423a1054a3,514bf91316ce3a445b1a354d9d3e8b5e
3db5560cc91267f1d2931d438047aa8b,8abc92cc5b3a55a035a03665730bfa93
3dc89257d6d43d654f37bee8861d56ca,e61662f18ac4a291194f10ed90c82801
3ddbe3592dae0ef7c27fb05dd797bf49,9c6c2f2dba25142a3dada5380224f596
3dde1371e5da7b1d8509caf1f3b85250,666f3d5af4ea4f8906d92ed5da074c46
3dde1371e5da7b1d8509caf1f3b85250,6a01b1eb40244a7b594579f9b75adc4d
3dde1371e5da7b1d8509caf1f3b85250,b900e6cb292b723371932a88ba09eebb
3e4ca97526351c46dee3cb54c49fdb9b,478d9aa07b70534e2924c7bb79ecbaf9
3e4ca97526351c46dee3cb54c49fdb9b,520020af6f73cd44599cbc3146ea8e38
3e4ca97526351c46dee3cb54c49fdb9b,5ff4b713bd9bfa220ebc9013152287c6
3e4ca97526351c46dee3cb54c49fdb9b,76dbe028e7ff780cf7c44cdd35391805
3e4ca97526351c46dee3cb54c49fdb9b,d09fa69c6d5615c26aac2f825b8e7328
3e54bd1739a0e43be66b1fee47592045,49cf124c491350f15c0df8afd7881974
3e54bd1739a0e43be66b1fee47592045,948aeafee975c2c0b9424cac463a0631
3e591b5cd622cb2abbfe90d204995e09,4255b057f9c8ca0c888bea9c43c9a828
3e591b5cd622cb2abbfe90d204995e09,e1486f03e6c8140927d34b4e25f1ed41
3eac75142c9a58db1071cf4ea80882fc,6b2204839735cb7bf1081d46e8739da7
3ebf2701685f40aaf1d7b01f0a29375a,cc56a206bfcc57d98e3b708233680f7f
3ec44f4e077d1ebb9521cc6b29fae1b5,9bd40c1c38a130542685cdd2f901b0ec
3ec44f4e077d1ebb9521cc6b29fae1b5,a69bf989b696036b2f53f48bd34a66fb
3ec44f4e077d1ebb9521cc6b29fae1b5,e62b8b4040775de71ecbe1c10e76bbaf
3ec7c3dbf4dc862e70115e1749edf94f,4697100266d2acc6e2d4d29383ed3595
3f2e3d5bf63f48c1730f220986b75920,6522a70eafc646b019cbab5def7daff8
3f30d5dc5635f32f073857a785b9f648,4a4d55cd3b5ae053fbfbfdf7aa2df9f1
3f3ee4285ce3b501db0f388f7c3b092d,42f3e5101b61176e3585f1d61524c675
3f51f56713865a8078c4532c483d4d79,a7b3fa6517f0f1e5c75212e1d7d89e5f
3f51f56713865a8078c4532c483d4d79,e174f85d95547cb22d73af74b301be22
3f6253dbcb7f685ecd517161f9f358d7,7ea978073a598955379ced2b6290fd61
3fcb56cacd32ddaeb1009f2a7b072b54,6a4c30b00f6093972f58e43282b53213
3fcb56cacd32ddaeb1009f2a7b072b54,f783c7aed97904f4112d8962b1dd4294
3fcbd916eb5e11a3749d68c38ff1fd0b,6d136c1cca905354f9010cf7b8349333
3fcbd916eb5e11a3749d68c38ff1fd0b,7ee943b83a52dccdad101523298b6795
3ff826c035a7a9e4e5cb25b264b212f9,ed69ca0307d750b208a5e378592a5d0d
3ffef572db15fe29ebb0922e929cee23,520020af6f73cd44599cbc3146ea8e38
3ffef572db15fe29ebb0922e929cee23,5ff4b713bd9bfa220ebc9013152287c6
3ffef572db15fe29ebb0922e929cee23,6877c399e63dac241e880a6ffad2ca3d
3ffef572db15fe29ebb0922e929cee23,6a6a82e53ce45acb2475e8cfd225742a
3ffef572db15fe29ebb0922e929cee23,704a17ad5a940c5a86ecb202e612dd12
3ffef572db15fe29ebb0922e929cee23,76dbe028e7ff780cf7c44cdd35391805
3ffef572db15fe29ebb0922e929cee23,95ff32769e3b6643e3398395c8626037
3ffef572db15fe29ebb0922e929cee23,c6d609e5755122be73006e3d1b12befa
3ffef572db15fe29ebb0922e929cee23,d09fa69c6d5615c26aac2f825b8e7328
4046270223ffbba0445a9472fd2e1724,9e3fc5fbfe848c4281eaa0fd2aaa636d
4046270223ffbba0445a9472fd2e1724,9fa0e18f1c9a6f191a11f4cea2018844
4046270223ffbba0445a9472fd2e1724,c9c00fc7796cfb0d00417a553c16557d
404f39122892b5615279b41f05ccf605,8a3b54c09bd64734761c01ea8b411a37
409c6281c1b9f35717e90c10c2447c36,9c6c2f2dba25142a3dada5380224f596
40b684a801702094f82f429dc03e1745,6e48e38534106c85ce5732d060db3845
40b684a801702094f82f429dc03e1745,7712a73e00feee2988417bc32b943a49
40b684a801702094f82f429dc03e1745,daa23b13d73e6c0c4a136f31042c83f2
40b684a801702094f82f429dc03e1745,fb2a3bb8897299a3b9675416d004bb9d
4106d3628f7427c99a50f14cbafedd1e,57dde5e9906bbfbb15618c854859ff5f
4106d3628f7427c99a50f14cbafedd1e,586e12fd2f61190fa58f097e3bed4c24
4111654ff2cc9fb09f1b246eeb2d34f2,4bc8a2737b806847242b2ed36d9b7ea7
4111654ff2cc9fb09f1b246eeb2d34f2,ffdc623fb2fd16e36d26c739a68fedb1
4111ca00200123b3e16cb14ced9f09bf,a262ce82ce9aad7f63e74f3716701abe
414928a26e5f8fba3644ff326dd839c9,8a3b54c09bd64734761c01ea8b411a37
414928a26e5f8fba3644ff326dd839c9,e9dddd82040bbd998bd06f7f9c79c597
415c9321e9812a9b62a208afc71130aa,a7b3fa6517f0f1e5c75212e1d7d89e5f
415ea7c805737a2d1e0053c3ec21a0ed,e43aa10d02de1a45d3bba962223c0ec0
419d7575d80766f7060e3edc2446bce2,8aae4cc9e81bcf893bcc67d94909a23f
41dc4b7ef9bd24b370e2bf70bdc54e02,cb31d73333b39e5adcafd2907dd0873e
41fd03ff5c0992549b8836ea7f43b4db,85e5c1a7cea2e7d4538c8bf1cfcfc98b
41fd03ff5c0992549b8836ea7f43b4db,9ef1ecce967783e7d5d72bc6d5305932
41ff03bc49eb32b517a08a4962ab3764,4bc16d233782b9653f50ee4419dde3d8
41ff03bc49eb32b517a08a4962ab3764,4d0737784e1e3f780c6075105de7be8a
41ff03bc49eb32b517a08a4962ab3764,5fbb3dde9fb1caa89a23771f5f9a9b1c
41ff03bc49eb32b517a08a4962ab3764,617a9cf79697c0a24bb2960fa00587b1
41ff03bc49eb32b517a08a4962ab3764,61eeb2fadfaf57d69322468d16f8905f
41ff03bc49eb32b517a08a4962ab3764,62e01423cfc59329b6acb874696c0590
41ff03bc49eb32b517a08a4962ab3764,63cf86aa8f00483221555d97e8c6ccbf
41ff03bc49eb32b517a08a4962ab3764,6a7f5ff621d20a43a9d19340bef3db1a
41ff03bc49eb32b517a08a4962ab3764,767d4f2d3911c149a5c99e9200e09f31
41ff03bc49eb32b517a08a4962ab3764,816a9f1810b0a25352778c8aac2ac25a
41ff03bc49eb32b517a08a4962ab3764,81c48995c8e20e0c2f0f5ed8fab29f75
41ff03bc49eb32b517a08a4962ab3764,88802a28ee3e688ea971bf112669bd27
41ff03bc49eb32b517a08a4962ab3764,902c9f1f61e83171325e1a792f2ecae1
41ff03bc49eb32b517a08a4962ab3764,963467b3533a66304c7c58d5a563d873
41ff03bc49eb32b517a08a4962ab3764,9d22f5d3635acb90bbdfb2049363cf62
41ff03bc49eb32b517a08a4962ab3764,a02cf644bc5118e5e473829862bc5886
41ff03bc49eb32b517a08a4962ab3764,a7a4b5bf23cb560d08106ef75e1c73f8
41ff03bc49eb32b517a08a4962ab3764,a9c578c0edc5e3fc3c13c13810322dbd
41ff03bc49eb32b517a08a4962ab3764,b82e6f262d3b65c19c8c390166a80b8a
41ff03bc49eb32b517a08a4962ab3764,bcedc6544beb2320e254499ce9cc5c24
41ff03bc49eb32b517a08a4962ab3764,c23d5f76ef396a0f520ca6c677dccc1f
41ff03bc49eb32b517a08a4962ab3764,c48c1124a86f79f2d620d30a2ce819c4
41ff03bc49eb32b517a08a4962ab3764,c4cd207cc390bc2296c0a7dd84b54007
41ff03bc49eb32b517a08a4962ab3764,cdf07468d9c693794f1da0b9ba549c15
41ff03bc49eb32b517a08a4962ab3764,cf0799fe0f8800c362f6b024cdba5d9d
41ff03bc49eb32b517a08a4962ab3764,dd720a31ae01f8066abe782818b59699
41ff03bc49eb32b517a08a4962ab3764,e34ebe4961f2d932813005433a74b012
41ff03bc49eb32b517a08a4962ab3764,e70105d7788a5d736ae6805a7f230521
41ff03bc49eb32b517a08a4962ab3764,ebc1919f45f9da5db0d468ce62cfdf50
41ff03bc49eb32b517a08a4962ab3764,efe94917387a9794795e7fc79557dffa
42068cb1893948dfbff846ea18775306,5dd56ea25902fdec54f1dfd28914f072
42068cb1893948dfbff846ea18775306,5fbb3dde9fb1caa89a23771f5f9a9b1c
42068cb1893948dfbff846ea18775306,617a9cf79697c0a24bb2960fa00587b1
42068cb1893948dfbff846ea18775306,62e01423cfc59329b6acb874696c0590
42068cb1893948dfbff846ea18775306,6ac048a47fe6abf40205dd46d4bfad09
42068cb1893948dfbff846ea18775306,7db14dc3058cc6ca81295011b4745b92
42068cb1893948dfbff846ea18775306,81b4d775b96c465bff5c607f9b8c2a3d
42068cb1893948dfbff846ea18775306,87cc0c8ec6896e79343c115fd584d429
42068cb1893948dfbff846ea18775306,8db4b3ff92098cc3b4e7af5869719863
42068cb1893948dfbff846ea18775306,902c9f1f61e83171325e1a792f2ecae1
42068cb1893948dfbff846ea18775306,a02cf644bc5118e5e473829862bc5886
42068cb1893948dfbff846ea18775306,a7a4b5bf23cb560d08106ef75e1c73f8
42068cb1893948dfbff846ea18775306,aa7d4045e8d65f2e3db4551ee75de2c4
42068cb1893948dfbff846ea18775306,c06f3f926cc18b45ba350495c59c0093
42068cb1893948dfbff846ea18775306,c23d5f76ef396a0f520ca6c677dccc1f
42068cb1893948dfbff846ea18775306,cdf07468d9c693794f1da0b9ba549c15
42068cb1893948dfbff846ea18775306,cfe1ac5b7858b370c320c67133b10c14
42068cb1893948dfbff846ea18775306,d6feeaed5bb9195ac670b5692ba10104
42068cb1893948dfbff846ea18775306,da2ae411a236d52fa1e62a224bb1e88a
42068cb1893948dfbff846ea18775306,dd720a31ae01f8066abe782818b59699
42068cb1893948dfbff846ea18775306,ee9f66c1958398f123dc975ab15c8334
42068cb1893948dfbff846ea18775306,fabd6966abaabe52f19e44a088986cda
420dd7afd9f2ccd7020c6d7bc7ea91e7,abb849ab076d28a1d751641a7f57797b
4214f2e7a6a7609c2eb5ca7246cc7f57,a9f8abc79fb4c1dca58e9e7abf8a6912
421dc56f897f05a1f423852b2172af04,c7ce66e0d9cb21855861fe5b65510a24
421ed5624a868ee110846fbab8f41460,4d234acb7627a7e03b861056c49b5cea
42201080fadcd78d8e6bbc62413ac2a1,b63ccaefc8a51c769ecde2bc5f3e5de8
4230047d663771c0dc8b1526b61e0568,caf032d482b006f226ff5691e594486d
423ec896f4140062867e4c0cd533d0f2,da70204826cf8817f21f50070c6baf13
4247e8a6ff349ad0178190c1fdb8ae0f,a63bd3fa6ecf0220f89cde9fd06b4ed8
424999f60ac81d98aff96635fbbf2b67,83701a44399ba096f0632a9bb8f991d6
424999f60ac81d98aff96635fbbf2b67,cdabc4c54af6c1d02d5a4e52f9013b7d
424999f60ac81d98aff96635fbbf2b67,f2b4619c5994832ef992c00bdb2c7461
4255b057f9c8ca0c888bea9c43c9a828,abb724118f29965452622a192f6a54eb
4255b057f9c8ca0c888bea9c43c9a828,e1486f03e6c8140927d34b4e25f1ed41
4260b71978eef1d22b37d15d9f58173e,8adb08b69ef5a179a7391f6e8c70bfa1
4260b71978eef1d22b37d15d9f58173e,e771673d5d32d1ea67d6dee666abebc6
4282296271501e91d66b88127f9ecbbd,fcf60865beaacdd1d880648233618fe8
42e151eb6719edfecbe791150b56bdc8,5335eb361ba3460e490b4de4b97b8bf4
42e151eb6719edfecbe791150b56bdc8,f06345769a299881270fb7e00db3bf1f
42f56922156c4dc7fce2b79e602f060b,95b5fdc045907bd29abb941c9bdb4cd9
42f969ed2569e5c5506dcf38fc9643d0,5c0d6b34f171c71482928efbc2d535ec
4301b45fcba9fff854958dd879bfa2e2,92b9a41d4ba396bce66e8b98cb845457
4301b45fcba9fff854958dd879bfa2e2,9708bc84131a92638fad0e63cb1eabdb
434472602fbea810ce960551d8cea226,cacae716df1ca743be20e96e77e5060e
435c754e1fcae9763a8d48480e5553f8,942a221602fa184293e61514f50ba6b0
435c754e1fcae9763a8d48480e5553f8,98c854cec0bf7881a16bc89a423abcdc
43607770d86395c5cbba8a9d04616f99,cbd6f1ea369b3cc53a2b9494d5078fbb
439bee03724f19a4cf046336164a859e,8734dd854008ffcc86db7b530bb3c236
43c37760cd3705ddccdac0842edd83ac,cb962563b54ab80152cc4f93b70f4dd6
43c55e1d5468e966ddf414632110ce84,529d0ef103c47a5517f1b836de523270
43da1acab2993fa75d08322255b4f2e1,4c8a83ba25d4125b3d027085c71d15d3
441429170878bb7bf37f93a13c1e73d4,97fa723b0187baf0faa9460e802c9a88
441429170878bb7bf37f93a13c1e73d4,af68421a0c0207c1468b8864889d4eaf
441fe4a80e8cdcc655c70a121bb9b254,591df43b9f7ab42fec0b5db124c867bc
4421203cdc7d69a9b7b8d5b9642766c1,7f09621540548f665c7e8f3c4afa4f98
443bdd56a1a7d20537ddf4827d72db11,6eeb01c90ed73a600bba2177213f26ce
4441d22cf2974eeb293b5cab48b992da,99d4627d0a7233549b1a840807bf396f
445cffea1ccd925b862479de793bdcb1,e1c231516fb595fad01b118898653428
446f42cf67ad096b65df63b6616ba069,77c674042ba1f8075a46d0772337a33b
446f42cf67ad096b65df63b6616ba069,bff152e2eb21b7499d2f93da066029e7
446f42cf67ad096b65df63b6616ba069,d6504e3266a66f2a284abf9044ac461e
446f42cf67ad096b65df63b6616ba069,e6e26290c935d2b459b36a2b8ba564e8
44707ab0e9a0d814619f25bea379c416,b2ff4e75d7deb8ddc6adab4c98daca43
44814a75a5154059c4073396bac43ab1,ca52bfed3a4dba8309e9b8ac5516e417
449c36e4d3d8833293e082e1700939a2,a7327cf1b3d1e96cdbebad316db27c80
44b0129270854a64d64092fb787ca82a,5c5ed0321d706fa833c7016220bbf76c
44b0129270854a64d64092fb787ca82a,83ae3e1c94c126bf5445b2d4365ac390
44b0129270854a64d64092fb787ca82a,90fd1308dd86665fd997166973e0000f
44b0129270854a64d64092fb787ca82a,9b1d4f405eac7d710c2ea3c3fbdf4e97
44b0129270854a64d64092fb787ca82a,aa29e748713e473f945642c4eb3d793d
44b0129270854a64d64092fb787ca82a,c4442ff069191e635c9615d2c24f6406
44b0129270854a64d64092fb787ca82a,f0b5b378f214419d5494931140364472
44be0a5311e3015355c8ab4a09e2a2ec,ba5cd35fb6d6177377bf38f9218105a5
44be0a5311e3015355c8ab4a09e2a2ec,e43ffd52090d7dde20756830ae78932f
44d2ed8123c701d4c6dcf090ae57d7be,505469a2e716d0a6abec5c9db1ad0061
44d2ed8123c701d4c6dcf090ae57d7be,a97a288150670cd804165c2473425409
44d2ed8123c701d4c6dcf090ae57d7be,aff03ce3b7ce6cc633946239eeff0f54
450d69fd4bc99e487aa109ff51a8e731,d248622e6258f8ad04a486b019920901
45525aff1f8f4eed4df0c9f15d054d7c,9ebe77c376316da09fbd8faf721e4ede
45525aff1f8f4eed4df0c9f15d054d7c,b30b7e209334b2907fa044f307c55a32
45525aff1f8f4eed4df0c9f15d054d7c,c05975de59af4fb9e75d142c60ddc535
45525aff1f8f4eed4df0c9f15d054d7c,ca5894737bf9372de3944446f6aa991a
45525aff1f8f4eed4df0c9f15d054d7c,cb55246922cd76c87675cd0e92714cef
4562c1be4681de2bfb82721299e4d09c,9213afb68eab52da0121d834ae7625f1
45a157324f618d0e38dcac753a52e1de,779dc8047dbe5209a77ea0f12011e5f9
45aca7e9154b4428618ba194473cd76d,4d14bbb5914b4224c439e3f17e71f668
45f9d4cb4357a05033815a0484ea918b,cb5a07055057c8ab32cf89cb6277eaf2
460608ebbc419bfb171cceb5b355f807,570ee20765ecf4a99dbf9e7895914410
460608ebbc419bfb171cceb5b355f807,97d7e42393bf720d97a2aea5be2c6bba
460608ebbc419bfb171cceb5b355f807,bb2d27e49d227f22d8432e207da87e04
460608ebbc419bfb171cceb5b355f807,efbcf7d1a8ac58f3f91e98d16254d501
4612877ff914c12557ad6161985c484b,97d7e42393bf720d97a2aea5be2c6bba
4612877ff914c12557ad6161985c484b,bcb54520acbde59f2ec1d06c7d8c65f1
463347017c8976ff37a95ad5382beeb8,ac58deafd48099f2594942f8952c1ff3
4677c3daaa4ee35ff8ddcf04de01e448,7f7366754d76157a1ac5cdd5777afdf1
4677c3daaa4ee35ff8ddcf04de01e448,f52d2ab1adc6da96568d934a370380e8
4679aeaaf38d151dc0ef4502c5edb6ee,7cfd80bbe650fa8e601b84237e21d63b
468fdde12d3770a5f0fb4238b85c2c59,e9803083508a57bd10019ef2f7061fb8
46abe15c646650c29dcbe5e424bd6bfd,e9d1fbafb5ab91c46e0218abc511a0c0
46abe15c646650c29dcbe5e424bd6bfd,ff0aea113f776434785d72d5f953baf0
4706f5406b319b83150fa73879510e65,7e28aeff7d154136ae248c900d1a42ae
470ac323cf12830684e765654a130238,8820a3ad7e28039bb5e2ad0106c2ed4e
473e5380060ac7cd64f79eb301ceb4fd,6848826a0f86de13450a0ce8caf8878d
473e5380060ac7cd64f79eb301ceb4fd,e1d3ca676fc7322ba859c4b1f65443c4
47460d51d6d1e31dd3385750981f38b7,8d6e9993574cdeddf75f36cbe7f2a69e
47460d51d6d1e31dd3385750981f38b7,9e41b035e684a3afcf789e4f16d3ff5d
47460d51d6d1e31dd3385750981f38b7,da8917a374cf20184785ccc778ba7150
475c2d0d9658cbc48b7febe9fefb4a34,78283a27a28cac36b7b01a28518ff291
475c2d0d9658cbc48b7febe9fefb4a34,aadbde3efa2522d0258c803c715cc686
475c2d0d9658cbc48b7febe9fefb4a34,cd63a25402ff606abee3c8d3b3af5e9a
478bba3627e622d2a337569297087ae8,690ac08399bd33c58bdefb0da2cc2cd1
478bba3627e622d2a337569297087ae8,ca7d9c31ea380350dfffe67f5af5d3d1
478d9aa07b70534e2924c7bb79ecbaf9,520020af6f73cd44599cbc3146ea8e38
478d9aa07b70534e2924c7bb79ecbaf9,d09fa69c6d5615c26aac2f825b8e7328
479b5700d84232f377f725c63ae662aa,efa883c8386d91071449a0b27e447984
47a7a722eef3b56d73fdbd914e397872,5afd4259f69879bfa45918de1c3190c4
47cee10c25f6029735420516d60c8c5e,c595df1f5ba2c76a3c391f7c297d1c3b
47cee10c25f6029735420516d60c8c5e,dbf470c3eef41bc462f9bf4be7c0338b
47eb5e8a144d9e4219ad17fa97534bd5,cbc88b4fea570d9afceb1d17b75cdf98
47eef3fb6f8b8491bf15b50cb26fc704,b1e912c799094c0808abe6f98ff5c96e
47ef9d061d51b5130d78c6b0bd102a31,ec08f16b1c2d769929a065110686c39d
47f5446d6f44284110e95721b3c1fad5,8bbc094f6b9bd05d0f74b208c4d22f6c
47f5446d6f44284110e95721b3c1fad5,e9803083508a57bd10019ef2f7061fb8
47fa6cfc1bd3ba1410ea3fe71c1f8206,6ff14e6dc24ff3fc9706d0d9b8df98b1
47fa6cfc1bd3ba1410ea3fe71c1f8206,8eb6e1a342be9a2f07d6047fd1670f78
48642f7d38d9032e1ef1c67099729cdc,c43d6098e4e9521aa79b49fff78402fa
4879ffea2a921fe11ca75e431ef56366,5a1d4f68b0a07bbcb5b8e1ca50ce37c9
488c659d0d1cc50f240f5d4656e3556b,a833932ec4ec789d8f9793f1339ce0cc
488c659d0d1cc50f240f5d4656e3556b,e50a0fe209c20e011973f6b72c666764
4896af90d16e398fa5e9aa8c1818b04b,9948f914dfd21819145be0f6088c9a6d
48acdb2b8293adcfb004351fc142596f,7bc0bc4eb8c7f6e7792ed0e86125a49b
48c999545624be54077c17c39a52edfc,88908f86ecac5dd74a9853fe780525dc
48f2aca5a841c656da3ab35a9349a157,7c64efb78df6c3a80eed13c3d737ba3c
48f2aca5a841c656da3ab35a9349a157,b7b786331f1ea41a9357879138365276
4935868fc3547472a2d5ec58500470ce,6663badef695a2c2f04d4df10a65a961
4935868fc3547472a2d5ec58500470ce,7bc0bc4eb8c7f6e7792ed0e86125a49b
4935868fc3547472a2d5ec58500470ce,96e78c51ae1c660625532a697ec94dff
4935868fc3547472a2d5ec58500470ce,e726492d30ba647aff35e0dc5c0942a6
4945bb811e88eb7b70a3a9f13dbe2209,d74cf8c4fd171918e82d380d9a56dfef
494ac73c1f965f34fbe5201602c14866,6d01d72f9fb806ed364518b3925bc587
494ac73c1f965f34fbe5201602c14866,ebfc2ef447d515ec3e00aa5d67e4fc34
497a6e2f09bb53df7f9cb35c3078c29c,4abdc41eff78b0675d983f96773b19af
497a6e2f09bb53df7f9cb35c3078c29c,500357b3e919956036526e2690194b13
497a6e2f09bb53df7f9cb35c3078c29c,6356e505a5549030c372e0966c4ae141
497a6e2f09bb53df7f9cb35c3078c29c,99995b8d44ce7f4b5aef0225c39277ad
497a6e2f09bb53df7f9cb35c3078c29c,a3b1fa4efb2566ab4ee7c9c7a48a2605
497a6e2f09bb53df7f9cb35c3078c29c,d6f8e28a9c73bfa99d927bd33dcf95b3
497a6e2f09bb53df7f9cb35c3078c29c,e28dbac997b9be4c66fd6a6a38095e80
4981a7f043bf0cb3d0e16e9e25d7ff61,c052de46d733ebca4d74c16f35837018
49adfaa820e0925a44dbc38434f400fd,7228a451a18800287590ed8ba2730d3b
49adfaa820e0925a44dbc38434f400fd,b2680efed9c0659d9aaf6d754d29915e
49b27eeb987d4dda602d2e1039e67cbb,6fabed7454d41077b7429474b3efbdcb
49b27eeb987d4dda602d2e1039e67cbb,c595df1f5ba2c76a3c391f7c297d1c3b
49b27eeb987d4dda602d2e1039e67cbb,dbf470c3eef41bc462f9bf4be7c0338b
49c76b4fc088e3941b80c568d65238b1,4ea060389df0d0cd75c3f11ab6651b21
49cf124c491350f15c0df8afd7881974,948aeafee975c2c0b9424cac463a0631
49d4c1806766d53532b5dbddae076c1f,570ef0f111ea5ac32241a77f4fab6801
49d4c1806766d53532b5dbddae076c1f,ba2f68f402dc12ef6fa1cb01a661dc62
49d4c1806766d53532b5dbddae076c1f,ca52bfed3a4dba8309e9b8ac5516e417
4a0693fdb25d30d67345900f114f7ecd,8c9ae9173042c30680e96e78177682ba
4a0cc915949e199cafdd8437c7dd56d7,a84190424274808ee909e35a588b0e38
4a1093b35352473b90794ab8703918dc,b55f8e0cda82c9f4b45ba65e1a40de78
4a1093b35352473b90794ab8703918dc,cf2b3be2acc2bc2bf15a5730adf154bb
4a44b5add253344b4f084fa48519639f,59484b6da4c2f859968b5164102c98eb
4a44b5add253344b4f084fa48519639f,bdde7e9a77d3a8091197c49417d6eee0
4a4503f506945668848ffae2c58ec89f,66699a90a9cc90893b01c7e2157702e9
4a4503f506945668848ffae2c58ec89f,f4a1279161df710bfd059dbaa6f07dce
4a4e2c3f2698f077f2198a55937c3d90,6451c9eab59d1680b0de779440a00d0c
4a57f908a7304a17725c10bed38b56e7,64be616c12163440b0b15836c7ef6f58
4a6358a9e095abf0b9b8f222fd4637d3,82b1644c791a10d7f15a237e96efc05d
4a6358a9e095abf0b9b8f222fd4637d3,d7a10ee30bc2755527a354fd2dcd4a1c
4a6bcf4ff87d6e697422b492bd8d5deb,74396d2a8d1dd053056089955f0deced
4a76ff0b3ef61422fd3d33ffa1ed416b,9c899994ba1536a46816dd5715c69db1
4a76ff0b3ef61422fd3d33ffa1ed416b,fe08e59e3511bc183f07baf67799c645
4a8eb1aba4bd7f65d877ebc2788442d5,b54e61b9b723694a0d24d2b1618702b5
4abdc41eff78b0675d983f96773b19af,500357b3e919956036526e2690194b13
4abdc41eff78b0675d983f96773b19af,6356e505a5549030c372e0966c4ae141
4abdc41eff78b0675d983f96773b19af,99995b8d44ce7f4b5aef0225c39277ad
4abdc41eff78b0675d983f96773b19af,a3b1fa4efb2566ab4ee7c9c7a48a2605
4abdc41eff78b0675d983f96773b19af,d6f8e28a9c73bfa99d927bd33dcf95b3
4abdc41eff78b0675d983f96773b19af,e28dbac997b9be4c66fd6a6a38095e80
4acd66fb20ac77b7b3199e9a4c936a1c,50109589da1ad7863e108ef3534f6dc9
4acd66fb20ac77b7b3199e9a4c936a1c,cd87c557d612614b672646455c3b710b
4addf80b4d03375f7ac7aaca6124a19c,dc78ad4738200bd33ae51b7a17655d95
4afd39b0b8bb5471af723a18817e249b,d41aba1a6a04a4f2f9d46df5f9c707d7
4aff92d92d892b24869223ffcecd50e2,cb962563b54ab80152cc4f93b70f4dd6
4b0d16683d2e5fc340174c7950642e74,ee151dac760875e8a820a90c69cedfae
4b298163f4142472155d23d545cf5ded,b2bc974ef17ddff83a18bd516a393140
4b6b71bf5f1e060b5954793aeb9a3712,5c469dfbc728c26fa853062ec47baea6
4b6b71bf5f1e060b5954793aeb9a3712,6f4046201af8cdc445b433477dc894ae
4b99e2d2bb14810a5e40362fba106d46,f381eb2a040ed42f720bd9a3df2a5191
4bc16d233782b9653f50ee4419dde3d8,5dd56ea25902fdec54f1dfd28914f072
4bc16d233782b9653f50ee4419dde3d8,6bfe99c3e40cba6a01ca90ff24a38e3c
4bc16d233782b9653f50ee4419dde3d8,7db14dc3058cc6ca81295011b4745b92
4bc16d233782b9653f50ee4419dde3d8,89f40506bdbb16ebd103b12766758db7
4bc16d233782b9653f50ee4419dde3d8,9618897eccacf463c5528d3d095ce177
4bc16d233782b9653f50ee4419dde3d8,aa7d4045e8d65f2e3db4551ee75de2c4
4bc16d233782b9653f50ee4419dde3d8,c06f3f926cc18b45ba350495c59c0093
4bc16d233782b9653f50ee4419dde3d8,c23d5f76ef396a0f520ca6c677dccc1f
4bc16d233782b9653f50ee4419dde3d8,cdf07468d9c693794f1da0b9ba549c15
4bc16d233782b9653f50ee4419dde3d8,cfe1ac5b7858b370c320c67133b10c14
4bc16d233782b9653f50ee4419dde3d8,d44df7668f75c8f084cdada0a7a1aae0
4bc18f3ddf4ca21e13fb0c69a25948e4,82ccc000741ea53905781f67ab4a3f17
4bc18f3ddf4ca21e13fb0c69a25948e4,c595df1f5ba2c76a3c391f7c297d1c3b
4bc8a2737b806847242b2ed36d9b7ea7,ffdc623fb2fd16e36d26c739a68fedb1
4bd9cebd054180527fec6444015b6d85,7fc3ab061c86179f491ed29b6faf271e
4bd9cebd054180527fec6444015b6d85,89e2207968904bf4a1d1e6037623ed10
4c15a9aca5caec5ce758a2e0aa5b826a,a962dd8520ff55742907782dacf70507
4c21ab42514bb6cd1c385eda2bd44ffa,7bc0bc4eb8c7f6e7792ed0e86125a49b
4c2a894e5bb1904607f0e23246110093,514bf91316ce3a445b1a354d9d3e8b5e
4c3fc7054746a5d750faf8d1c36f6f33,5e1f8157401cac6397f5b3eea8147eb6
4c8a83ba25d4125b3d027085c71d15d3,78cb06a1676a5edd9bfb516d20590e78
4c8a83ba25d4125b3d027085c71d15d3,e0a7ae87e313b02ab17b78aff4f9f7b4
4c8d837812703619f607271bd2ff81dc,c07d948bed611f6144628d5913f8f908
4cb80093fdf3100d715c0b859052c852,f0b5b378f214419d5494931140364472
4cbb84816f9b2c5f5b4a966f0a9e2bb3,a3e72e5050bbe92a58fcd54578167602
4cbb84816f9b2c5f5b4a966f0a9e2bb3,e14556235dfad5570e44bb1db0b7d956
4cca0751526a4f9dbccaf36d93026fe2,57176678d835c04cad4266a697dcb587
4cca0751526a4f9dbccaf36d93026fe2,a0357c22e36f56a99f241ee893d64cfd
4cefd94a5a54eed37aeff02c440bae00,dd7255a5b3429bc22f4fe29fc651493c
4cf3c1391ee03bf39bda3b4daa3b47bf,903441c7e9010d5db19b9854b33a59e5
4cf7cc4097f05d14ffd3f99714ac6491,a5678e603df056cdc23b93c7c47e3ad5
4d0737784e1e3f780c6075105de7be8a,cf0799fe0f8800c362f6b024cdba5d9d
4d0737784e1e3f780c6075105de7be8a,d44df7668f75c8f084cdada0a7a1aae0
4d234acb7627a7e03b861056c49b5cea,efea479c7947e5ba8967eb126453faef
4d28949bb383db5cafa2052804918112,5efa65c0f58b5e132730ac26d2aefb36
4d6af58983acdf472f1fc4498a82fcdb,ff185b33b3eee35cdd9d3f4988df13c4
4d7bd0ebbad831a26ae469262db8a5e0,5c041a02e4deb4171e9a489786e1be6c
4d7bd0ebbad831a26ae469262db8a5e0,a9d11df98a78d199258d1823aadd77c7
4dcb8e82c5c96ee29af571844b382c22,c476dac76ec39e90e277df25af0314d5
4dcc95757531865a212b2a89e5c4e63a,71052a743f4392606268f1b0f97ec161
4dd158cdc27f9dec1efb25146b675793,d9973b4fcb10ac5707368e662300ca8c
4dd3911db3bfdab08918ec611de2134e,f5a82b70011592a5edd0b2c91710c7a3
4ddc6d271a9670dac20ac91c075f0537,6b41ae306cd72288919afcc850f5fc78
4e083fb00fbf0f6cf55d4daef2934fdc,4e083fb00fbf0f6cf55d4daef2934fdc
4e083fb00fbf0f6cf55d4daef2934fdc,563ef1553a76174b31fe7d50af0a01b6
4e093472e1b162f7ebd3a11fc5cb9d9c,8a2988878c34fb529f1fd9ae4244f266
4e0ae32b54afbf1fd2718afda9a25178,6b41ae306cd72288919afcc850f5fc78
4e0ae32b54afbf1fd2718afda9a25178,8a5b6113f6bc63c89a2369ae912efa20
4e1f8cd41ccd92a3cb72ad60940842ec,511932b699b61e58e1c4fbd6c1437f44
4e1f8cd41ccd92a3cb72ad60940842ec,b471cf4402f5f3b650d71ee1338edead
4e300156f426565abdedf889f96f2166,f4754c85b0bf4a83a8ee9829b04ae90b
4e4b5dd87c1d53d359a97f0773bae4b3,71623449141570fa4f2421b75e835119
4e4b5dd87c1d53d359a97f0773bae4b3,7df011369948d034a020f8b97f5b2f4e
4e4b5dd87c1d53d359a97f0773bae4b3,826f31efca27219f005c7f81e40e6420
4e51f2e7e3f53206cbf34b56762e0fc7,bc736a73ec74cdcbd2a446a025720f01
4e556912d978744472823f6239d08639,6b6c43cc9c47dc8fe372bd05e5252da0
4e6c251780998b48df576df0e5102276,6bca326b68daf68a2f150920b39d03c5
4e796ab14268c6098137a2aaf92f98bf,abce3c5e7d8a4f36f3a0f4d3c52a9b5f
4e796ab14268c6098137a2aaf92f98bf,b071f07acc09b5a5b86427fcffa8dc58
4e796ab14268c6098137a2aaf92f98bf,cad437a1be62f2d39eba0348f88c7411
4e9ea303859b764d3f8fcddd87689543,737016be884cc0f14aeaecd08b440551
4ea060389df0d0cd75c3f11ab6651b21,a5fd8e44adc5dad15ac2974ca246d076
4ea35d956560bca9bfc58d86c68dc91e,6cc004d9bd057af613600f014272a5c4
4efad65ccfc712957294cbb9c76a9caa,7712a73e00feee2988417bc32b943a49
4f2a4bbeb1bda9812cd1ffe0cbc6f94b,e403730c03f39fe795bdd8c0e431bdd9
4f313dca244c63ae98ad9adb008fd81a,8c9ae9173042c30680e96e78177682ba
4f48b5427a0ff1ff8d3aedb148dd3de3,671c0657954d6a25d4d08f2b60fc10d3
4f48b5427a0ff1ff8d3aedb148dd3de3,7af0f323d12ec9afe39dad2a0a2008cd
4f48b5427a0ff1ff8d3aedb148dd3de3,7fab0079469bb30a421a4365c6564922
4f48b5427a0ff1ff8d3aedb148dd3de3,99498e219bc6cb5414be9eb9828cad32
4f48b5427a0ff1ff8d3aedb148dd3de3,9f033397799a2e9f6749d96a9099ff38
4f48b5427a0ff1ff8d3aedb148dd3de3,a11fa0f4d04327fa5c4ff9920e48926a
4f48b5427a0ff1ff8d3aedb148dd3de3,aff08f960889f9a011c949df523f1844
4f48b5427a0ff1ff8d3aedb148dd3de3,b741d145571dd8ad80d582f191cf43a5
4f48b5427a0ff1ff8d3aedb148dd3de3,ebc8e1c3c1adf1f5c65615529cbe24d8
4f51618daf9679f85b029dc3f8c26e4c,550239efd6079199c8404f5dcdb8c724
4f51618daf9679f85b029dc3f8c26e4c,dec66205497760f896cb9edb679f488d
4f5552017cd3a54de01ac5bfea155a1f,b3961a36c0ebff2a6d6cc66c2c46afdf
4f55fec884ef9f49cd0cccde24377761,bf82170b297690212297379ad8f05376
4f55fec884ef9f49cd0cccde24377761,de146c59c93b90c7f199805daccef839
4f85dadf452984366748667b0378ed33,6e48e38534106c85ce5732d060db3845
4f85dadf452984366748667b0378ed33,7712a73e00feee2988417bc32b943a49
4f85dadf452984366748667b0378ed33,daa23b13d73e6c0c4a136f31042c83f2
4f85dadf452984366748667b0378ed33,fb2a3bb8897299a3b9675416d004bb9d
4f89acfa9ecfb1c0f752ba83397d307a,a65d707eed330abf2b1b980076dfcc93
4f8e66ecb7362d712b1c8013a477c2e1,6af29d8cb315b55594386d9139eb2913
4f8e66ecb7362d712b1c8013a477c2e1,d195216f972c6b4e5cc7486e7b498245
4f9bce1a27554a408644174e2571f8f9,a7327cf1b3d1e96cdbebad316db27c80
4ff6683967b272b79965981315d31cfe,e1f346d6168bd551eed0a51af12902a3
4ffb79de9372df7ac2c0d054d515f689,5913e8b0de66069cd9564658a08a9733
4ffb79de9372df7ac2c0d054d515f689,5ddbe260cc54fe904c7eb11d9481ed2f
4ffb79de9372df7ac2c0d054d515f689,bdd33027225abbf09848381b0d8fa9dc
4ffb79de9372df7ac2c0d054d515f689,c11056030d1c015942c9a469b5ad67f0
4ffb79de9372df7ac2c0d054d515f689,d39c3bcf02025e422da08aee957572dd
4ffb79de9372df7ac2c0d054d515f689,fec92133031f6cff885e6ecf7cdde342
500357b3e919956036526e2690194b13,6356e505a5549030c372e0966c4ae141
500357b3e919956036526e2690194b13,99995b8d44ce7f4b5aef0225c39277ad
500357b3e919956036526e2690194b13,a3b1fa4efb2566ab4ee7c9c7a48a2605
500357b3e919956036526e2690194b13,d6f8e28a9c73bfa99d927bd33dcf95b3
500357b3e919956036526e2690194b13,e28dbac997b9be4c66fd6a6a38095e80
501e024779d66d8ef4a27636abe81370,b1daccfa01d1f7fb5c1132ad24e4ac2e
50416501bf8d5e8b2a87d62b47f21e2a,baef2b41b7799abf8280d20869c16044
504e481682107fb13361cb852abf65ad,54c0f85adffb868fa3a963bf3c2f4fd5
504edb9e33732785dbf6fd49d96222af,d49f83eaca32b3fdad30e54c54697315
505469a2e716d0a6abec5c9db1ad0061,760ac26fd314318eea90c8585233c1c5
505469a2e716d0a6abec5c9db1ad0061,a84961430083d16921449bcc755a4b5c
505469a2e716d0a6abec5c9db1ad0061,a97a288150670cd804165c2473425409
505469a2e716d0a6abec5c9db1ad0061,aff03ce3b7ce6cc633946239eeff0f54
50c8c20ea4a5b96db9dc08bc37039ce6,8fbd3bfcc63961434db53ee3f4b14d39
50c8c20ea4a5b96db9dc08bc37039ce6,a44700eaef052eb378a9b206349cc97e
50dac50770b98af4ed11ec90a5accc10,c48df99c18fc422b32706976490b4a38
50dac50770b98af4ed11ec90a5accc10,fb8cf5fa63631e51d8fad9af43d3552d
50effd668b361eaf026e669a7dfe6d13,6b41ae306cd72288919afcc850f5fc78
50effd668b361eaf026e669a7dfe6d13,acd41a14043477e17fd60d2e0771845a
511805b1f5e38fdc4343a66144e1ad0e,abedddf76748f02680dac7ac694d8c69
511932b699b61e58e1c4fbd6c1437f44,b471cf4402f5f3b650d71ee1338edead
51282e74d6171fef4eaf505b4c2819e1,6b6c43cc9c47dc8fe372bd05e5252da0
512f40f6d0c7da1087035e4757affe41,615a5edbeeb47b556261af7bce72cbc2
513bbf55fb41260b330d4c84e0d1fd8d,abb849ab076d28a1d751641a7f57797b
516a66e60a04e1bc87c752d43aa62b34,c2e4878956c29c140652b818bd69403e
519a9a465c7da19668b11e2a11171fd6,773302925975f7aff35a56c0823d0f2f
51a0248e1f34021a1ef4efd4d74a598c,6c368e4d6719241bbe9909488875b693
51a0248e1f34021a1ef4efd4d74a598c,c637f4a0fc82b793324b60f9fcf3d4e7
51a73ef0916db953ac39faee4ca856db,6bab80552dbbcc1d4e296726a8cea35e
51ab921de6a3410eeb5e5eb92f356f81,de0662365499fa07e87efee88ab766ea
51f149321aa59f465a91a088ea22be25,6848826a0f86de13450a0ce8caf8878d
51f149321aa59f465a91a088ea22be25,b096405376b84c6ad0968f0a3472e518
520020af6f73cd44599cbc3146ea8e38,5571023fedf0091ecab9fea7c0275a5d
520020af6f73cd44599cbc3146ea8e38,5ff4b713bd9bfa220ebc9013152287c6
520020af6f73cd44599cbc3146ea8e38,6877c399e63dac241e880a6ffad2ca3d
520020af6f73cd44599cbc3146ea8e38,704a17ad5a940c5a86ecb202e612dd12
520020af6f73cd44599cbc3146ea8e38,76dbe028e7ff780cf7c44cdd35391805
520020af6f73cd44599cbc3146ea8e38,95ff32769e3b6643e3398395c8626037
520020af6f73cd44599cbc3146ea8e38,a9af2700ef761e22e334b9c172cedee5
520020af6f73cd44599cbc3146ea8e38,c6d609e5755122be73006e3d1b12befa
520020af6f73cd44599cbc3146ea8e38,c6ec25b24256f6e1f902a29416ab964e
520020af6f73cd44599cbc3146ea8e38,d09fa69c6d5615c26aac2f825b8e7328
520020af6f73cd44599cbc3146ea8e38,f1c0e8776928a9cf507eea55f424076d
520020af6f73cd44599cbc3146ea8e38,fefa98da8db666ce806d4af04be8e6fa
5208acdf8f6dd072e854e7e8e0541b42,9e3958b0575537f6529414db474bd8d9
521eca5bb98e5e49fe3abddfcb9e0538,9f7bf9dccc9eb4798a4b4a24a4de2104
5265b1926c963f3ce6e0d453e1c53c28,e9fcc0083760042f3b8e863f527f4f07
526e7423294e16ffdc801c6778815cff,61376494477c2ff84403fa3c9a4d4955
526e7423294e16ffdc801c6778815cff,71a5caa19abac9176dacced7c3ca1cef
5282835a12dfc9eace316970ece33e77,569ebcb15f58db5f646873a08ce7b31c
5282835a12dfc9eace316970ece33e77,b95f79d70bfc9fd65786eb211d358c5e
528ba1151133d8f78c29d4b676fdfc8b,ceceb99e84f5ba9f108af23e4fd2eb54
52b1fbedc6187db63cf0a3116a29df4b,5b07eb80efcb9bee16500a61cccae229
52b1fbedc6187db63cf0a3116a29df4b,cd3c022da7475cdc37422514b209eb2d
52b1fbedc6187db63cf0a3116a29df4b,e40a5ff21510afd0d3de86902d543bf2
52b1fbedc6187db63cf0a3116a29df4b,fdf59dee39cb0a742b62d10df542c118
52b53234706e4a1c6a0f1d0da92b04f3,e6c4eae3ccb52f5ccfea04d8d1d847cb
52baa78cb4dcdd4f5da5558e15071164,70f3c384edbdaf6fe778ebf5889cd726
52baa78cb4dcdd4f5da5558e15071164,732086653f776c9992a99cb87038458d
52baa78cb4dcdd4f5da5558e15071164,74137bf27a2b38b4cf3d04091ffdb98b
52baa78cb4dcdd4f5da5558e15071164,a9a35427136fc66844e613f6578d75cd
52baa78cb4dcdd4f5da5558e15071164,af42bed76f614419d588eb3c65769f97
52baa78cb4dcdd4f5da5558e15071164,fec92133031f6cff885e6ecf7cdde342
52baf86110e269be1457f58d03fd7bbf,6f21a52706d2170fb21ad0f07b8d667f
52e341dcb6183004645b71a4f9753bd7,9bbc67768d2de88978a8577e97d4061c
52ee17a72e4b12b8650e0297de9f3a0f,c595df1f5ba2c76a3c391f7c297d1c3b
52ee17a72e4b12b8650e0297de9f3a0f,dbf470c3eef41bc462f9bf4be7c0338b
52f70cceb5d850ce01d77f62cad9e3f1,fe7196684b3eb2eb98e8b262e0752807
5317cfa7fdcecf2bc0c366d428b94dcb,750416b15660d2ab9886585d013cd2a5
53811b7f73757b683ef3ed931f763bd3,7bc0bc4eb8c7f6e7792ed0e86125a49b
53880af71c8d940aae2750109a81a7a4,8d6e9993574cdeddf75f36cbe7f2a69e
53880af71c8d940aae2750109a81a7a4,9e41b035e684a3afcf789e4f16d3ff5d
53880af71c8d940aae2750109a81a7a4,da8917a374cf20184785ccc778ba7150
53880af71c8d940aae2750109a81a7a4,fc3a10f48843831aa74bc1a8ff610df6
539fce17d5b68bb5280d732632bbbc71,5dc43cf1baa9e52e586146f16f014f7d
539fce17d5b68bb5280d732632bbbc71,82c6ee0b41271821858b16114563d87c
539fce17d5b68bb5280d732632bbbc71,a2522b773b522dc6c7d9461f99963f32
539fce17d5b68bb5280d732632bbbc71,d524e20d3c70b7e6ab192bef5e86b06c
53a9d52f3df637d7e56ffe2454022fe4,79275ffa38ed0720abf909530752afd0
53ad288eedae68207d5bb4f174a0df72,7ee943b83a52dccdad101523298b6795
53ad288eedae68207d5bb4f174a0df72,f362831c4ff78796df0c8a038f343666
53bc6577ed9dd905a69956ff25758ff1,6f6d0b24c9042b7a5b8d8ec3c772550c
53d6b84f96962c7aaec497993419ef90,7228a451a18800287590ed8ba2730d3b
53d9821c67c35fee73a82bb7a04ce70a,5a72fddc5f2849578c3c2df7962c59a0
53df6437b6ad074d3118e87a41cbe671,864705a344655f1cb85fcf5152e0ff3f
53eaaa6e5048918ba6a2beb5d16f0af5,c58ccb658c4519f493938cfff5ab721f
54055f2ef65e62a19ec93a94cf05fcf5,ef18a181da7b70f4e19255dcb86d63b1
5408cb8514b85920b44db0999f1b9ad6,f84b0d71a4c5ae1244a556beb46d3f2f
5426cc56abc3e20d63987919b6f27dfe,b712a073463840f5dd609ef5edf2f4c0
542909bba731112a7e77ff16fa11dc59,a264cd69b9f51b2d0b5d1783fcb492dc
5490cd001dfef1185a1e206d9cadcc86,ccef77a9ada5ff4b6074aefa2cef6575
54ab9d3bbcc72f9bd4dceeb900647ed6,dd7255a5b3429bc22f4fe29fc651493c
54ad37dd28addb0070a10e9a9ddc0cf4,5af8c44dc390ce357523b0be074a9b8a
54ad37dd28addb0070a10e9a9ddc0cf4,7cc96e4aec0b1074374d5902b1c396df
54c0f85adffb868fa3a963bf3c2f4fd5,9c8423f8ff2666896e04757b6b0e0746
54ddbd32efe902cd8060cde32cd3c16c,84c2c0a1f33793a72a2adac0eede2eb7
54ddbd32efe902cd8060cde32cd3c16c,95cf078d8297e15e912f75355a5f98d3
54ddbd32efe902cd8060cde32cd3c16c,ae8d91be3e9ab98cc4570a605e408e4c
54e35cb673134abb1a63adc720730d15,98590034bff43f3ab47b18a0e3679e33
55019d559db13e6561d0f907fc5650d7,59ae608cab1e67ca2136e0eb6df60a07
55019d559db13e6561d0f907fc5650d7,6e1c24eb887a494c1173abac5c0e6faf
55019d559db13e6561d0f907fc5650d7,d4be5c7e46fc15161bde8af350a4397f
550239efd6079199c8404f5dcdb8c724,afeb944593329f72592034a38087b202
550239efd6079199c8404f5dcdb8c724,dec66205497760f896cb9edb679f488d
55093065e3e927c3dbbb39a83c007ac2,6d8fcf7c342950df2ff53571e4c5ad8c
55093065e3e927c3dbbb39a83c007ac2,9701715954dcca3a423a6f32c2e4fcf9
551701467cc50614ff72e6abf32e3d72,89b318dfd7167d1d8aee8a49597b9a0c
551701467cc50614ff72e6abf32e3d72,effd03cb26aa9b3c3a93255c02342afa
551701467cc50614ff72e6abf32e3d72,fb76f7d4b353a785c01a5ae1c25c61d5
5569388fb4295a8333c8891e78bd3060,c4e331f2fdb3cd6aa8f82c70b0beb00a
5571023fedf0091ecab9fea7c0275a5d,6d03abfd93cfba76141861d654e1a94d
5571023fedf0091ecab9fea7c0275a5d,8e7b5480156d5b27f3f962cf7231f1e3
5571023fedf0091ecab9fea7c0275a5d,9b401b716387fb6b8d9bf46c2882e696
5571023fedf0091ecab9fea7c0275a5d,a87850097693c4f5048a6e5bdc1e2b31
5571023fedf0091ecab9fea7c0275a5d,a9af2700ef761e22e334b9c172cedee5
5571023fedf0091ecab9fea7c0275a5d,a9dc942a9fcb1b2215cd6b339c76848d
5571023fedf0091ecab9fea7c0275a5d,c6ec25b24256f6e1f902a29416ab964e
5571023fedf0091ecab9fea7c0275a5d,d09fa69c6d5615c26aac2f825b8e7328
5571023fedf0091ecab9fea7c0275a5d,e8d14b09b08840dcdfaf1d3983d6df51
5571023fedf0091ecab9fea7c0275a5d,f0a7454555d52a667c6df22dc8a28bcc
5571023fedf0091ecab9fea7c0275a5d,f1c0e8776928a9cf507eea55f424076d
5571023fedf0091ecab9fea7c0275a5d,fb5643b20582ba68d8da8a8dca24c4fa
5571023fedf0091ecab9fea7c0275a5d,fefa98da8db666ce806d4af04be8e6fa
558c7d80a4748c5c247e805626d54b03,570ee20765ecf4a99dbf9e7895914410
559fc7948f87326b2694a05fbfd23870,8dd675b9aba9877f0866ccff6708d626
559fc7948f87326b2694a05fbfd23870,ad1bacac320b7121be6fc137916c58c5
559fc7948f87326b2694a05fbfd23870,e408b79094ddc2ac60c8fd2fd1b4123d
55a3a71fa53aa05a8f443efb8c51eb1d,97d7e42393bf720d97a2aea5be2c6bba
55d6cf92d240ed7b4acff50f5dfd4334,86f6a9d294835ae0b484a3e247305b27
55d90a3706ce22e21a9d34d21bf0de18,78b1321a2dcd50ffeb0705fb3140b325
55d90a3706ce22e21a9d34d21bf0de18,c8b12c73c977595b227d2fa0188521ba
55d90a3706ce22e21a9d34d21bf0de18,e06a29400a2db094bd2d84be15580d86
55d90a3706ce22e21a9d34d21bf0de18,ea56ba008209154893e9b145074b6da0
55e341e98efc097d60f0a7a821bbd3af,cf705f5678a46c612b5808e5b02507c6
55f90ec04418a098734d004d4c94ae79,9a3d56689f310fe2119e9315c1d9725d
55f90ec04418a098734d004d4c94ae79,cc40ad9f59a605f4f7251b2105ee11fa
56014da055e3dcb886b61c4f76d62c2d,820ebb65bb87c50488f322a22f547b8a
56030728dbbeb8518bcaf693264d4422,a65d707eed330abf2b1b980076dfcc93
560a460c75539e19e5a39ee8acbd6ef6,75191237a997d765227a592412d7a0c4
560a460c75539e19e5a39ee8acbd6ef6,ce8dd828bd12bd098b1c0645bc6ab362
560c08b305da886c11d1e5d3d9880b7d,6079f3cccd43400977dcb85e1cbe5b77
560c08b305da886c11d1e5d3d9880b7d,7f5f04b941cdb1027e4aa38354af0311
560c08b305da886c11d1e5d3d9880b7d,8b49516de2dabf5d47e6433c95821c3e
560c08b305da886c11d1e5d3d9880b7d,980c35da95e84668d8fc5594bed10306
560c08b305da886c11d1e5d3d9880b7d,b59438032b3575852431520b323cfd22
560c08b305da886c11d1e5d3d9880b7d,f32651105c9bfb2580594981576891e0
560c08b305da886c11d1e5d3d9880b7d,fab3e8b068451de4f9a0f34e4d978210
561cb62b0c2c538806a46b6fe1fbfd53,8d748a87e22b709a2b7f189a4630a3a7
561cb62b0c2c538806a46b6fe1fbfd53,e8064cb969c5b5383317e59cc57fb6a8
5626c5aad0a09f5e22b529b15a1806aa,b63ccaefc8a51c769ecde2bc5f3e5de8
565372561567d73ce90b70ac91f1b3c0,87cc0c8ec6896e79343c115fd584d429
565372561567d73ce90b70ac91f1b3c0,a5f2a2567a350dca1ff4ab5d9c2414c0
565372561567d73ce90b70ac91f1b3c0,c595df1f5ba2c76a3c391f7c297d1c3b
565372561567d73ce90b70ac91f1b3c0,cd16b502ff8f817867abb7159822feed
565372561567d73ce90b70ac91f1b3c0,dbf470c3eef41bc462f9bf4be7c0338b
567e511ff64454ecf34d2a3f4ffa80bd,5fd29b573b5f78104914c046cdb30a04
56c8162495bd8df0b72e4adf4c8288a2,7c9795f96e4745302042fa2971e6c745
56c8162495bd8df0b72e4adf4c8288a2,d1cd5a89e6af815edbd2b1c3acec6491
56c8162495bd8df0b72e4adf4c8288a2,ebfb63beebfe52279ac94abb427050cc
56d2e05bcbe129763019f79881ad2478,6ad8d754a32f5ad8fc13451c5c683aaa
56f401c06c6bbae089767aadb3321edc,6f0aea913de00ba7b4a03fa84c66c3f0
56fdeba66d708320d3ffd54db7e08b26,ee151dac760875e8a820a90c69cedfae
570c6a5c5976e12777d321ff36190d49,6f0f28aac78c901ef8fb23238228cdae
570c6a5c5976e12777d321ff36190d49,97d7e42393bf720d97a2aea5be2c6bba
570c6a5c5976e12777d321ff36190d49,bb2d27e49d227f22d8432e207da87e04
570ee20765ecf4a99dbf9e7895914410,689934cdeadee583c9b26da43cd2e81a
570ee20765ecf4a99dbf9e7895914410,7b026994b36fbcfb3a95d895d5d4abe6
570ee20765ecf4a99dbf9e7895914410,7b756f8a893f3b85e135c8e94a41619d
570ee20765ecf4a99dbf9e7895914410,7dc7493b71e3a9a44c2e42a302025e57
570ee20765ecf4a99dbf9e7895914410,8714dcb7df036e6f1e5af53fb1f97772
570ee20765ecf4a99dbf9e7895914410,97d7e42393bf720d97a2aea5be2c6bba
570ee20765ecf4a99dbf9e7895914410,bae532b1ebbdd2e537af9713ed4a7966
570ee20765ecf4a99dbf9e7895914410,bfceba30f2d9225c71f527ea79ad5e14
570ee20765ecf4a99dbf9e7895914410,ddc54515a5f77dd518a728052f57fdde
570ee20765ecf4a99dbf9e7895914410,e5d48eaa4e45615ed36e9c2a89d64130
570ee20765ecf4a99dbf9e7895914410,e8138eabe191e0bd1c16129055010879
570ee20765ecf4a99dbf9e7895914410,ed2c979efd0f88dac9e043140c8dcb96
570ee20765ecf4a99dbf9e7895914410,f426bc0d6c6df6fc306a1afd12806757
570ee20765ecf4a99dbf9e7895914410,fb3e65422f3608a1d8410417b55191ad
570ef0f111ea5ac32241a77f4fab6801,b07001fb40c90922623b03e925b103c5
57176678d835c04cad4266a697dcb587,a0357c22e36f56a99f241ee893d64cfd
57176678d835c04cad4266a697dcb587,e7b180d659539565f6827c3beb21f7f3
5720b6e39fea1f783f9be7a5105d80d7,c8c87bd8808b29b1f02c1b80702facf3
57351f4fef18faaff2f0d43f83f56aa5,91ce620e19783b240dc16d34f0141db4
57883aa874cbfd636785ac4233b69b2d,6b8226165051cdc50fcb74a8ea136d4a
57883aa874cbfd636785ac4233b69b2d,7a478ed004ca579951688426946be8a0
578dfe01b564240284c08a6370b97e21,dde3c17e03d4afe51260977056eed6de
57af15381ef27c41c58afa8e1ffa2d4a,6cf645d6787bf9b6e600145a798cb5b6
57f122f8a9593436876153ad5294ea4b,ec6cafa5dea48c456f08ba9c6bc05b91
57f60d34b8c3594824dbdba9409088fe,82ccc000741ea53905781f67ab4a3f17
57f870cee227b62b524385c53d7d4afd,e5cf469df6389c60974bc2600f0bb22f
57fd5360134efee1e9fcb4cf38c8fbcb,c07d948bed611f6144628d5913f8f908
58107668bd09309ca6f1bfe6ec2446d1,5de4f08ff9dd6de8a3a5e34408afc59f
5858df996561eba94af34482808c8aab,8521a9e3597313e95ee42b88f9ea6bfb
587cb0e9f8dffc7b74d201b73af09bde,86c9a2454a90f59ce72b36e7b7076338
587ed52f3f5afceeeb9edf4373c1e29c,6226adde30188251e5c15c6044b83384
5896cee3f539623217262a15a7fdd70a,c06f3f926cc18b45ba350495c59c0093
5898eb36788578dab3217be49d66d83f,710778e3f280ed8e0835bb47132e228b
58b3778a31cc4c4468d858d27679fe92,99d4627d0a7233549b1a840807bf396f
58d9d66a77a91bcdb5c4deef2c610342,79a4f18c07fd5dcec77f0ca44b663da0
58e92cd16f2fa29fd88bff4842c13fe9,97d7e42393bf720d97a2aea5be2c6bba
58e92cd16f2fa29fd88bff4842c13fe9,efbcf7d1a8ac58f3f91e98d16254d501
5913e8b0de66069cd9564658a08a9733,5ddbe260cc54fe904c7eb11d9481ed2f
5913e8b0de66069cd9564658a08a9733,80a0fc761c3c3555f81b5b60e23200da
5913e8b0de66069cd9564658a08a9733,b3719c14e56bf72bcc42d2e8048542ea
5913e8b0de66069cd9564658a08a9733,b4ec47b839192abe0a258ae47dde4ef8
5913e8b0de66069cd9564658a08a9733,bdd33027225abbf09848381b0d8fa9dc
5913e8b0de66069cd9564658a08a9733,c5a47732b1ec1c320d9f1a538bf4b7fb
5913e8b0de66069cd9564658a08a9733,c61017c4c119e60ed67e58f8f698f3d1
5913e8b0de66069cd9564658a08a9733,d39c3bcf02025e422da08aee957572dd
5913e8b0de66069cd9564658a08a9733,fec92133031f6cff885e6ecf7cdde342
59484b6da4c2f859968b5164102c98eb,bdde7e9a77d3a8091197c49417d6eee0
594d13a9bb4745c1c0f4d6b927a27b04,6a924dca7ac6ff763635c0e8a8cd9e87
594d13a9bb4745c1c0f4d6b927a27b04,b0c62124791fe21b41480b27a8b33b1d
595127f1e4d972e102f051d8652122c0,750bdbd5d9bf252e15066387d389a439
5999e91d4ab648466d30d3506e59d5d1,6a924dca7ac6ff763635c0e8a8cd9e87
59aa351598679a44020c0b88ea5ce12a,59e40bc8c41de1fbd0678fb0bab83c6a
59aa351598679a44020c0b88ea5ce12a,67126b78c48426c1a5060acd8f9217b8
59aa351598679a44020c0b88ea5ce12a,75f13ebee96ab8962c7410a911bc46a1
59aa351598679a44020c0b88ea5ce12a,8af37f5618fb1fd7da834d4cedbca6ff
59aa351598679a44020c0b88ea5ce12a,bc29617aac27456f2b1879d346ec6fe6
59aa351598679a44020c0b88ea5ce12a,da3d9717247fdfd57f6431db8cef985d
59ae608cab1e67ca2136e0eb6df60a07,6e1c24eb887a494c1173abac5c0e6faf
59ae608cab1e67ca2136e0eb6df60a07,d4be5c7e46fc15161bde8af350a4397f
59c0e20f07ce96d7fb2ee1c1cee65904,c17b95c7eef54c57f3a4f8afe6ba515d
59c0e20f07ce96d7fb2ee1c1cee65904,cd8fbe417047eb39612df38486760c62
59c0e20f07ce96d7fb2ee1c1cee65904,ef661b1d51952d6e77fc7cd681dd4529
59c0e20f07ce96d7fb2ee1c1cee65904,ff36ce5d20864f8a0a99312619fe0b61
59ca6cc4a0c742f1a056d81cec508294,abe04133de45a759bbe9cff1fcfcfc3f
59e40bc8c41de1fbd0678fb0bab83c6a,75f13ebee96ab8962c7410a911bc46a1
59e40bc8c41de1fbd0678fb0bab83c6a,8af37f5618fb1fd7da834d4cedbca6ff
59e40bc8c41de1fbd0678fb0bab83c6a,bc29617aac27456f2b1879d346ec6fe6
59e40bc8c41de1fbd0678fb0bab83c6a,da3d9717247fdfd57f6431db8cef985d
5a18a40d3fbffe090d12abd76f7eba37,b8f047932da5d6c177d0f31de5d74f1f
5a18a40d3fbffe090d12abd76f7eba37,de157fc2ac7befd3d1e87e2fdeaae107
5a18a40d3fbffe090d12abd76f7eba37,f556a25ccf447a533c52b2d9896a7c6b
5a1d4f68b0a07bbcb5b8e1ca50ce37c9,8f427c50753553d73c2b60ab0dc7c1a9
5a3205f7ce9ed5fd2a6880a998fd0142,9d42c7f5c0507fee205f69c3664fb23d
5a4be2291dd0befc0a2cc0ba6e42048f,7f7767bf259ce7f4cfd832ee440862ba
5a685a28dc08cedd3c9da62d600af3b8,f113ed3aa2123ee68f5c73a6a12faec1
5a72fddc5f2849578c3c2df7962c59a0,af2bfbcf2f8f77ce73bd7567f315f51b
5a7b57b5469c5da321ace8a7621a673d,99d4627d0a7233549b1a840807bf396f
5aeaac1f7c58fe4587d865591ab7aacc,b03ebe01d5459557d0547fa6493c8478
5af8c44dc390ce357523b0be074a9b8a,7cc96e4aec0b1074374d5902b1c396df
5b01eeac7b811489ea6601feb9e231a0,731e0c2a7057554fdad6e54ca7081c4f
5b01eeac7b811489ea6601feb9e231a0,84c3cecb4ddf7dd6441ce197c960f31a
5b01eeac7b811489ea6601feb9e231a0,b784ee884837d6f8a8dd033ab71583da
5b07eb80efcb9bee16500a61cccae229,a85a8a2b0c56f79d6472647de8b3c408
5b07eb80efcb9bee16500a61cccae229,ac7210b7353448fae873ef1a2e368b23
5b07eb80efcb9bee16500a61cccae229,e40a5ff21510afd0d3de86902d543bf2
5b07eb80efcb9bee16500a61cccae229,fdf59dee39cb0a742b62d10df542c118
5b2ee5fe8812339922cf67c7f344c813,7b4dd67cc8552cdeadc51558afe7c324
5b46fad11e65fbf5883dd70c0625203c,e9803083508a57bd10019ef2f7061fb8
5b490e2ec026bc45bd9fe1c1603ee6b2,ec5d93e13e46481da3d39451f5e8a4a8
5b51fa1bec4c921dfe89fa7211764ed4,7bc0bc4eb8c7f6e7792ed0e86125a49b
5b51fa1bec4c921dfe89fa7211764ed4,aa29e748713e473f945642c4eb3d793d
5b820d3caa3e8383ac43236e9f434758,b5464748e611b3879ab53a331416ca8e
5b8c5f5c2f6458cccbdfff506ae708bd,e7b1b0d0c0f8ec7ce3901db0be09d40b
5bc5306f2f38723a9b32ee882d5c681a,dac89fd1c99286cee5fdc286637b212c
5bc5306f2f38723a9b32ee882d5c681a,e7d208c07fdb3f12a77ce88ebeff9615
5bdea94fec96c4c9a7fae450e2b7ed6a,764847198c0065a848cc9e08163a1606
5bed926a22053f3b12e3385ab5daca31,dd331b3bec858638e14182f6baf014c1
5bf6afcc019db545a46b767de0809762,6e48e38534106c85ce5732d060db3845
5bf6afcc019db545a46b767de0809762,7712a73e00feee2988417bc32b943a49
5bf6afcc019db545a46b767de0809762,daa23b13d73e6c0c4a136f31042c83f2
5bf6afcc019db545a46b767de0809762,fb2a3bb8897299a3b9675416d004bb9d
5bf860c106504fac69a1028d59ab813a,5cd3c07eaa9e53a0b01f18c0b226caa0
5bf860c106504fac69a1028d59ab813a,972ced227aac695f2977cd391f38289f
5bf87072631237135ed695ca26845678,7dad95d677e21ff41520583cfd06a494
5bf87072631237135ed695ca26845678,dfd5d5a25c589892e10e34c111f61f43
5bf87072631237135ed695ca26845678,ef9e0c5631efc4a67957064b59941f36
5c01befe3a779e98cd582457119b12dd,6b41ae306cd72288919afcc850f5fc78
5c01befe3a779e98cd582457119b12dd,7b5c823d06843b98cd8b7a43677fd2e2
5c01befe3a779e98cd582457119b12dd,8a5b6113f6bc63c89a2369ae912efa20
5c041a02e4deb4171e9a489786e1be6c,d8ef2681f9302679bd55169830c74a91
5c041a02e4deb4171e9a489786e1be6c,fd490aa23271c021d640cb2872129635
5c041a02e4deb4171e9a489786e1be6c,fdf07641fbcb7f3e1a7beda23d7464ba
5c198291ceb61ff14f168d75c5418dbc,93307239ad5cd3bd338e61241720be84
5c198291ceb61ff14f168d75c5418dbc,a104f15d16bfe3e445b8c2dd30a7cf39
5c198291ceb61ff14f168d75c5418dbc,aab645d619894dad04c5fbed862181a1
5c469dfbc728c26fa853062ec47baea6,6f4046201af8cdc445b433477dc894ae
5c469dfbc728c26fa853062ec47baea6,8dbb5408c6034c52712cd78d0e71da84
5c469dfbc728c26fa853062ec47baea6,e0bc445137c4097325344a9fbf641b24
5c5ed0321d706fa833c7016220bbf76c,64381560125b6fea9663d5a40a49f8af
5c5ed0321d706fa833c7016220bbf76c,663888d5474dfa1345d1c6bb69325a3e
5c5ed0321d706fa833c7016220bbf76c,6663badef695a2c2f04d4df10a65a961
5c5ed0321d706fa833c7016220bbf76c,785b80a38bbcf682106c52f06c336fd2
5c5ed0321d706fa833c7016220bbf76c,e726492d30ba647aff35e0dc5c0942a6
5c9bdaa5426b591fe01914f8a2540d58,a71a893b6cce885b23610077eb8eab77
5ca0d118253e8acff8c018df6dafcb13,5cd3c07eaa9e53a0b01f18c0b226caa0
5ca23cdae3c5089a838d9176c04255b8,5df2ca448a1341c81896e0e6fb3d777c
5cb30b4074aef1fdca5fb8f020035a9e,aa997f533377326b23f6380fdb09e5eb
5cb30b4074aef1fdca5fb8f020035a9e,b9056b967385729ccd24a087d25a5c52
5cc3d9b8fc4ec89241fa54231ec77d9a,7d2b51b11f753e9b27491e43d60a68b0
5cd3c07eaa9e53a0b01f18c0b226caa0,972ced227aac695f2977cd391f38289f
5cec0d7c552ecd15de3e924fd42302c3,975b808bd7650e50cbd02f4085905bb6
5d0f5c7be6d061ef0d7b3847b294a6d8,68458a6b30ec3d402863f77770acb018
5d0f5c7be6d061ef0d7b3847b294a6d8,74671fb64b7fe0d4c99bd88698bbece0
5d0f5c7be6d061ef0d7b3847b294a6d8,d83c47bfaf015ce0e369200d56af1313
5d0f5c7be6d061ef0d7b3847b294a6d8,f54a5f4b0a5bfd7511e0029de61778a3
5d0ff0bb5b5d137a6011eadb665616b2,e6402c09e9afc8c458758509149e0eb4
5d16c26604c8b94c27f3f3cfd5e8ff3d,74e37bbbe7b2168fb1be6ed81b9ddb9c
5d176b75d6bba27c6b9bb47a59c2d61b,8cb14a9fbdd93730b1369b5168363949
5d17c0762b81806102414922f2a40a28,bca6c52036f00230cf7acbfe2cbe108d
5d2e01c4bc4e860d7bea5c0bf2194a37,a835cdcfffd5ee8fc242c025ffa28a9c
5d2e9b16658a3ee4d5e99537dc213689,a2b56a9f791ebb56d2989b7742b2fa30
5d757dbbb07bb17874bcb63ca28c0444,7bc0bc4eb8c7f6e7792ed0e86125a49b
5d89eefb60b4b8737947542994821b94,62e01423cfc59329b6acb874696c0590
5d89eefb60b4b8737947542994821b94,8937aeb2041b3c9258d0e235ed9ee678
5d89eefb60b4b8737947542994821b94,d44df7668f75c8f084cdada0a7a1aae0
5dc43cf1baa9e52e586146f16f014f7d,82c6ee0b41271821858b16114563d87c
5dc43cf1baa9e52e586146f16f014f7d,a2522b773b522dc6c7d9461f99963f32
5dc43cf1baa9e52e586146f16f014f7d,d524e20d3c70b7e6ab192bef5e86b06c
5dce26abd4ed5591807e11038cf4bc39,a335b90ae3423b76c9f28160021c5246
5dd56ea25902fdec54f1dfd28914f072,617a9cf79697c0a24bb2960fa00587b1
5dd56ea25902fdec54f1dfd28914f072,6ac048a47fe6abf40205dd46d4bfad09
5dd56ea25902fdec54f1dfd28914f072,80a0fc761c3c3555f81b5b60e23200da
5dd56ea25902fdec54f1dfd28914f072,81c48995c8e20e0c2f0f5ed8fab29f75
5dd56ea25902fdec54f1dfd28914f072,89f40506bdbb16ebd103b12766758db7
5dd56ea25902fdec54f1dfd28914f072,902c9f1f61e83171325e1a792f2ecae1
5dd56ea25902fdec54f1dfd28914f072,9618897eccacf463c5528d3d095ce177
5dd56ea25902fdec54f1dfd28914f072,963467b3533a66304c7c58d5a563d873
5dd56ea25902fdec54f1dfd28914f072,a7a4b5bf23cb560d08106ef75e1c73f8
5dd56ea25902fdec54f1dfd28914f072,aa7d4045e8d65f2e3db4551ee75de2c4
5dd56ea25902fdec54f1dfd28914f072,b7c847d7adcf107a10c3039d6bcaa8f2
5dd56ea25902fdec54f1dfd28914f072,cfe1ac5b7858b370c320c67133b10c14
5dd56ea25902fdec54f1dfd28914f072,e34ebe4961f2d932813005433a74b012
5ddbe260cc54fe904c7eb11d9481ed2f,7d0feb8376fcd7b28bfc88c8b9d8d7cb
5ddbe260cc54fe904c7eb11d9481ed2f,bdd33027225abbf09848381b0d8fa9dc
5ddbe260cc54fe904c7eb11d9481ed2f,d39c3bcf02025e422da08aee957572dd
5ddbe260cc54fe904c7eb11d9481ed2f,fec92133031f6cff885e6ecf7cdde342
5de4f08ff9dd6de8a3a5e34408afc59f,d1b96ca145c8f80aba45f19b56e7a2cb
5deccc6e35e7a842c764c0c1791e280e,abce3c5e7d8a4f36f3a0f4d3c52a9b5f
5e1a45d56c6827a2895ddd2891978be2,8f6cac597480b164d1d8fb2ddd87bb39
5e1f8157401cac6397f5b3eea8147eb6,6b14160c11505be5172886a30e2324d2
5e1f8157401cac6397f5b3eea8147eb6,86408b67a412c9afb8ef4e1e5bacc5f1
5e1f8157401cac6397f5b3eea8147eb6,c60c8b30614a33454514c09d3942ad25
5e221de55ee7ffa9959e1382d6e90c86,7df7fb4ac0715a64e31da7797010f4d9
5e7c78505b6ae24283889457484c6f06,92b94d2c3ecb2903db3e80b5f5f65302
5e7c78505b6ae24283889457484c6f06,96803da0d31000a13e6235506a1754eb
5e7ed41b54f46f066885cd07459bd17c,aae07d530ba210e5dd0b00e45ee54d19
5e7ed41b54f46f066885cd07459bd17c,b594f678b753c05e7bc468d600fc9afa
5e8d0e9bc74cc00bac96ad7759d2da48,baedd7684b1818904e648dc8eee4c857
5e8d0e9bc74cc00bac96ad7759d2da48,e7e873026241c836f0c4229cab68c8fd
5e8d0e9bc74cc00bac96ad7759d2da48,f0f4badff8e3e4b723521ebb9ae1b146
5eaa7ab476962ddd578eefc72aebf1c6,e2fa3697a975d8ab1d6f613b401f9b2f
5eb0fc82c4b7eaecb27de7e9444e8b17,6a1f3fd81dc59403b3e58d678e657fd0
5eb0fc82c4b7eaecb27de7e9444e8b17,6ff91d3140b6daf7df09d693b4de70d6
5eb0fc82c4b7eaecb27de7e9444e8b17,94f03a5067bb9ad1a085b2270b7754f4
5eb153df087e55214d7eaf7f650352b7,66aef2c48787a54aaeee99db1b03e3eb
5eb7fc8b28b62f5383ae201094dc3def,d2c0947b90819eb39fbf3e2968d1e99e
5eb7fc8b28b62f5383ae201094dc3def,ed8e56a288e8ac2a9460c67792480644
5ef270ff848d580fbd70e914e479d376,f06a69da2a7378f95511c1b83e7572ce
5f05b751e5924d8eea7e12099d304193,aa997f533377326b23f6380fdb09e5eb
5f1cd7f54fc4fd597dcd51a397ec53bd,b884972470269827d2ddf918cf073398
5f1cd7f54fc4fd597dcd51a397ec53bd,bc24c62e31d3f2a7e41c2265ec5a8de3
5f72dd768c6d11d434fb95a37b946660,b096405376b84c6ad0968f0a3472e518
5f72dd768c6d11d434fb95a37b946660,ccf410503278d14b128d9646c995f6eb
5f72dd768c6d11d434fb95a37b946660,e0d99544566b56a49cc74ffc6abc5e8a
5f72dd768c6d11d434fb95a37b946660,e14556235dfad5570e44bb1db0b7d956
5f72dd768c6d11d434fb95a37b946660,fdee17dd738d05ac6c4c01382c060f24
5f8f19eeb9608f28d556af0ece728991,cbfbeba4fea284217160b2e0ed2a44ed
5fba6607bc77a6e1d0b539f5234de17d,e761a83caa1e2e9a0c6898778e8918c0
5fbb3dde9fb1caa89a23771f5f9a9b1c,62e01423cfc59329b6acb874696c0590
5fbb3dde9fb1caa89a23771f5f9a9b1c,73281c08bb37ca0fa6cf380ce1c74fc2
5fbb3dde9fb1caa89a23771f5f9a9b1c,767d4f2d3911c149a5c99e9200e09f31
5fbb3dde9fb1caa89a23771f5f9a9b1c,7db14dc3058cc6ca81295011b4745b92
5fbb3dde9fb1caa89a23771f5f9a9b1c,81b4d775b96c465bff5c607f9b8c2a3d
5fbb3dde9fb1caa89a23771f5f9a9b1c,87cc0c8ec6896e79343c115fd584d429
5fbb3dde9fb1caa89a23771f5f9a9b1c,8db4b3ff92098cc3b4e7af5869719863
5fbb3dde9fb1caa89a23771f5f9a9b1c,a02cf644bc5118e5e473829862bc5886
5fbb3dde9fb1caa89a23771f5f9a9b1c,c23d5f76ef396a0f520ca6c677dccc1f
5fbb3dde9fb1caa89a23771f5f9a9b1c,cdf07468d9c693794f1da0b9ba549c15
5fbb3dde9fb1caa89a23771f5f9a9b1c,d44df7668f75c8f084cdada0a7a1aae0
5fbb3dde9fb1caa89a23771f5f9a9b1c,d6feeaed5bb9195ac670b5692ba10104
5fbb3dde9fb1caa89a23771f5f9a9b1c,da2ae411a236d52fa1e62a224bb1e88a
5fbb3dde9fb1caa89a23771f5f9a9b1c,dd720a31ae01f8066abe782818b59699
5fbb3dde9fb1caa89a23771f5f9a9b1c,ebc1919f45f9da5db0d468ce62cfdf50
5fbb3dde9fb1caa89a23771f5f9a9b1c,ec7faeeeb7e9eac31559b3cbcff9a4b3
5fbb3dde9fb1caa89a23771f5f9a9b1c,ee9f66c1958398f123dc975ab15c8334
5fbb3dde9fb1caa89a23771f5f9a9b1c,efe94917387a9794795e7fc79557dffa
5fbb3dde9fb1caa89a23771f5f9a9b1c,fabd6966abaabe52f19e44a088986cda
5fd29b573b5f78104914c046cdb30a04,c69e6b503ae7033519cb162619b8614d
5fd29b573b5f78104914c046cdb30a04,cc7f73ccb74148a9a6a4339f94a7cac6
5ff258ab00f0b4e768a40f80b6bc549b,60ebbbd382f3d5374dc00d8741d69da2
5ff258ab00f0b4e768a40f80b6bc549b,f58f008f6e09bce7b890963406e74347
5ff4b713bd9bfa220ebc9013152287c6,6877c399e63dac241e880a6ffad2ca3d
5ff4b713bd9bfa220ebc9013152287c6,704a17ad5a940c5a86ecb202e612dd12
5ff4b713bd9bfa220ebc9013152287c6,76dbe028e7ff780cf7c44cdd35391805
5ff4b713bd9bfa220ebc9013152287c6,95ff32769e3b6643e3398395c8626037
5ff4b713bd9bfa220ebc9013152287c6,c1e5d0cbb42f4975410d72f4c181a246
5ff4b713bd9bfa220ebc9013152287c6,c5546998015953f631b2e9e116939a2c
5ff4b713bd9bfa220ebc9013152287c6,c6d609e5755122be73006e3d1b12befa
5ff4b713bd9bfa220ebc9013152287c6,d09fa69c6d5615c26aac2f825b8e7328
5ff4b713bd9bfa220ebc9013152287c6,fb5643b20582ba68d8da8a8dca24c4fa
60200b8ce274433fb3d9bda0900cb02d,61a3cd2f0cd0a76aac9fe125c1bd41ec
6028e9ae4f8cc3d8c02e48fbc4cbe07f,97fa723b0187baf0faa9460e802c9a88
6055f4d6d196288cbe0a475ade13939a,a996e3da267c192bd498c66c425efd7c
6055f4d6d196288cbe0a475ade13939a,e8bc47700ee0192464e69d2987131885
605c78069f7db8126571b96d98d05a2b,6b6c43cc9c47dc8fe372bd05e5252da0
6062154ecda08afafcb4a926f0c13e38,a971846fe85f34732df17e0757cf3366
6070ac51959eb117a2887968af23d67e,84c3cecb4ddf7dd6441ce197c960f31a
6070ac51959eb117a2887968af23d67e,af42bed76f614419d588eb3c65769f97
6070ac51959eb117a2887968af23d67e,c06f3f926cc18b45ba350495c59c0093
60763d7a697378a18c4f4d6f7bc22135,8b6ab8135f1c77450b2b66f69d8699af
6079f3cccd43400977dcb85e1cbe5b77,7f5f04b941cdb1027e4aa38354af0311
6079f3cccd43400977dcb85e1cbe5b77,8b49516de2dabf5d47e6433c95821c3e
6079f3cccd43400977dcb85e1cbe5b77,980c35da95e84668d8fc5594bed10306
6079f3cccd43400977dcb85e1cbe5b77,b59438032b3575852431520b323cfd22
6079f3cccd43400977dcb85e1cbe5b77,d6d6c0810cbd7f94127b32aa11b18fdc
6079f3cccd43400977dcb85e1cbe5b77,f3c0fd4636069bae3b69420bdd84f6cb
6079f3cccd43400977dcb85e1cbe5b77,fab3e8b068451de4f9a0f34e4d978210
607fbb23f34c7ae53858130fef89e2b8,97d7e42393bf720d97a2aea5be2c6bba
607fe483ec5f9bec9b9d978b529483b7,aff25d496599510eb569b87674002a2e
6094be4fffa85f67e186cab671b16981,9a7f8afc7714521b41100d45f34fdd7d
6094be4fffa85f67e186cab671b16981,e1ddbaf77400520c35295452c5b0d802
60c7bda7500142b0d4c1edb33d40671f,97d93e4c313dbcba12cf28b4e6291626
60c7bda7500142b0d4c1edb33d40671f,99498e219bc6cb5414be9eb9828cad32
60c7bda7500142b0d4c1edb33d40671f,ff0727f920ae30cc0200616c00f2d01b
60ebbbd382f3d5374dc00d8741d69da2,f58f008f6e09bce7b890963406e74347
6123fdc29cb4197e6b9f99462085a539,6556e30766146532aebd218b89e79af4
615a5edbeeb47b556261af7bce72cbc2,b12d1e8ebbecb654477d41ed517689bf
617a9cf79697c0a24bb2960fa00587b1,62e01423cfc59329b6acb874696c0590
617a9cf79697c0a24bb2960fa00587b1,7db14dc3058cc6ca81295011b4745b92
617a9cf79697c0a24bb2960fa00587b1,81b4d775b96c465bff5c607f9b8c2a3d
617a9cf79697c0a24bb2960fa00587b1,87cc0c8ec6896e79343c115fd584d429
617a9cf79697c0a24bb2960fa00587b1,8db4b3ff92098cc3b4e7af5869719863
617a9cf79697c0a24bb2960fa00587b1,a02cf644bc5118e5e473829862bc5886
617a9cf79697c0a24bb2960fa00587b1,a7a4b5bf23cb560d08106ef75e1c73f8
617a9cf79697c0a24bb2960fa00587b1,a9c578c0edc5e3fc3c13c13810322dbd
617a9cf79697c0a24bb2960fa00587b1,aa7d4045e8d65f2e3db4551ee75de2c4
617a9cf79697c0a24bb2960fa00587b1,c23d5f76ef396a0f520ca6c677dccc1f
617a9cf79697c0a24bb2960fa00587b1,cdf07468d9c693794f1da0b9ba549c15
617a9cf79697c0a24bb2960fa00587b1,d6feeaed5bb9195ac670b5692ba10104
617a9cf79697c0a24bb2960fa00587b1,da2ae411a236d52fa1e62a224bb1e88a
617a9cf79697c0a24bb2960fa00587b1,ebc1919f45f9da5db0d468ce62cfdf50
61a291fd9eaeb45c2add1ffb446faf67,866172b6b929d9d3686a6c84cc6a071f
61eeb2fadfaf57d69322468d16f8905f,81c48995c8e20e0c2f0f5ed8fab29f75
61eeb2fadfaf57d69322468d16f8905f,963467b3533a66304c7c58d5a563d873
61eeb2fadfaf57d69322468d16f8905f,bcedc6544beb2320e254499ce9cc5c24
61eeb2fadfaf57d69322468d16f8905f,cdf07468d9c693794f1da0b9ba549c15
624d4273997e99f259769c8cc2e84eb3,d7eb5c87bad6ea9e957af5dd147e21ae
626ecb3ec0b9c072d1905370cb1711b7,970801670c6f7567864ce8b416a5d4e3
626ecb3ec0b9c072d1905370cb1711b7,ac99a62add106a5e22dd3c6a010dfcdb
62726c73a17603ed6c060568f6005837,9eb49ae0f6cfcf320e1891b945ea8dd9
62a0b8da26e2853cd51601444f0e4637,eb3194056a461506782bd3026c140b76
62a86941d2042140fd83f617f4f9f1e7,f4ff67196bcf5e15ecb72cdf5fa85111
62c80abe0b862c10c54dd3640af08f67,6591d453c15c2530214553a841007e01
62e01423cfc59329b6acb874696c0590,63cf86aa8f00483221555d97e8c6ccbf
62e01423cfc59329b6acb874696c0590,6a7f5ff621d20a43a9d19340bef3db1a
62e01423cfc59329b6acb874696c0590,6ac048a47fe6abf40205dd46d4bfad09
62e01423cfc59329b6acb874696c0590,767d4f2d3911c149a5c99e9200e09f31
62e01423cfc59329b6acb874696c0590,7db14dc3058cc6ca81295011b4745b92
62e01423cfc59329b6acb874696c0590,81b4d775b96c465bff5c607f9b8c2a3d
62e01423cfc59329b6acb874696c0590,81c48995c8e20e0c2f0f5ed8fab29f75
62e01423cfc59329b6acb874696c0590,87cc0c8ec6896e79343c115fd584d429
62e01423cfc59329b6acb874696c0590,8db4b3ff92098cc3b4e7af5869719863
62e01423cfc59329b6acb874696c0590,902c9f1f61e83171325e1a792f2ecae1
62e01423cfc59329b6acb874696c0590,a02cf644bc5118e5e473829862bc5886
62e01423cfc59329b6acb874696c0590,a7a4b5bf23cb560d08106ef75e1c73f8
62e01423cfc59329b6acb874696c0590,a9c578c0edc5e3fc3c13c13810322dbd
62e01423cfc59329b6acb874696c0590,c23d5f76ef396a0f520ca6c677dccc1f
62e01423cfc59329b6acb874696c0590,cdf07468d9c693794f1da0b9ba549c15
62e01423cfc59329b6acb874696c0590,d120c141875b0545696be39e3d176d4e
62e01423cfc59329b6acb874696c0590,d44df7668f75c8f084cdada0a7a1aae0
62e01423cfc59329b6acb874696c0590,d6feeaed5bb9195ac670b5692ba10104
62e01423cfc59329b6acb874696c0590,da2ae411a236d52fa1e62a224bb1e88a
62e01423cfc59329b6acb874696c0590,dd720a31ae01f8066abe782818b59699
62e01423cfc59329b6acb874696c0590,ebc1919f45f9da5db0d468ce62cfdf50
62e01423cfc59329b6acb874696c0590,ec7faeeeb7e9eac31559b3cbcff9a4b3
62e01423cfc59329b6acb874696c0590,efe94917387a9794795e7fc79557dffa
62e01423cfc59329b6acb874696c0590,fabd6966abaabe52f19e44a088986cda
632f421dfd5b3f8fc2131cbbac217956,b6f5f3b471f9b99402dca6a3ba3f269f
632f421dfd5b3f8fc2131cbbac217956,fbdfb8d727ffca53a7960a2daebcd356
6339b07c6f7a6198ded884e43ebe8383,a6be11db3da1d0c579fe2281d18481c0
633d76eba2568c0261a7132ee9492c28,dbe736e78fed3b0f4703c4ce05472b7e
634953b7c401c3d4ae3e8cccbe8387ab,ab5b9596c71301a962c6b1154918fe5f
634953b7c401c3d4ae3e8cccbe8387ab,bba157d021a022f3c3654f83d5ebc11d
634953b7c401c3d4ae3e8cccbe8387ab,ff1252480270bbeb9921a67c2dcdb14b
6356e505a5549030c372e0966c4ae141,99995b8d44ce7f4b5aef0225c39277ad
6356e505a5549030c372e0966c4ae141,a3b1fa4efb2566ab4ee7c9c7a48a2605
6356e505a5549030c372e0966c4ae141,d6f8e28a9c73bfa99d927bd33dcf95b3
6356e505a5549030c372e0966c4ae141,e28dbac997b9be4c66fd6a6a38095e80
6374c06706d5eec087dcf87872470e17,790616874b04859ab18651b7f9f05a0c
6374c06706d5eec087dcf87872470e17,a9506bf795861476243d99a8726f717b
6387e11163a478739da83faf116448ea,d637e8a838952342fc252f71848e9495
639fa1b4225d8966c2d800e4f744b148,8c1818f180150fc5c19ac0e588a71c1c
639fa1b4225d8966c2d800e4f744b148,b1be0efee19c619e36bfe6dbc812c1ce
639fa1b4225d8966c2d800e4f744b148,cf8e0fb632ab4c6ac53739f478345661
63b21b6a389948b412f846a3744de58c,7112c1c23f99ca8dafdb557ab2ca22c8
63cf86aa8f00483221555d97e8c6ccbf,6a7f5ff621d20a43a9d19340bef3db1a
63cf86aa8f00483221555d97e8c6ccbf,7db14dc3058cc6ca81295011b4745b92
63cf86aa8f00483221555d97e8c6ccbf,87cc0c8ec6896e79343c115fd584d429
63cf86aa8f00483221555d97e8c6ccbf,b4ec47b839192abe0a258ae47dde4ef8
63cf86aa8f00483221555d97e8c6ccbf,c23d5f76ef396a0f520ca6c677dccc1f
63cf86aa8f00483221555d97e8c6ccbf,d44df7668f75c8f084cdada0a7a1aae0
63e750917f4abd1ce0f528e2f261d917,7a4612a9d25198296e8708191590b391
63e750917f4abd1ce0f528e2f261d917,8a93544e5a221f45bfd45b1f064430fc
64110d5a12f3d052332de664c0c7e72a,6cc004d9bd057af613600f014272a5c4
64381560125b6fea9663d5a40a49f8af,7bc0bc4eb8c7f6e7792ed0e86125a49b
64381560125b6fea9663d5a40a49f8af,90fd1308dd86665fd997166973e0000f
64381560125b6fea9663d5a40a49f8af,aa29e748713e473f945642c4eb3d793d
64381560125b6fea9663d5a40a49f8af,c4442ff069191e635c9615d2c24f6406
64381560125b6fea9663d5a40a49f8af,f0b5b378f214419d5494931140364472
643f7a51750640fb5784a4abf74932af,fcaf944b704620c0d045d1223ec21ad2
646df53f5abd5ccc1319dc11d212cdae,794832937efec8d6df766701283ac05d
646df53f5abd5ccc1319dc11d212cdae,b4ec47b839192abe0a258ae47dde4ef8
646df53f5abd5ccc1319dc11d212cdae,c48c1124a86f79f2d620d30a2ce819c4
646df53f5abd5ccc1319dc11d212cdae,d44df7668f75c8f084cdada0a7a1aae0
646df53f5abd5ccc1319dc11d212cdae,f7b3cdefdad2cab6cef1c1ba29787ace
64a06ffdbe7bae01c41f8fa7a56cd452,b2795d93765a095620cf29d49465e598
64d90b3948fd1db210cdb8dff8b2eb30,87cf4e97bcc31a285ddba25120bf140e
64f6d4caa96d245dcb5d390bf8829cff,95e9a0863a2df0d18626ec5e94a3d291
65187cbeca14496470de8d945d0e3580,9a1a91424b2dbf3f7b58c015e0555ba1
6556e30766146532aebd218b89e79af4,c1ca9fbc127aae94c7d5a509c2cfe946
657c9e1edcab0b071e0a90e817c309b0,707c2c7c28485ec474fe430348336c20
6591d453c15c2530214553a841007e01,ed49292f223f0a13f48dcc177619f60a
659f6cfc1ac00257e492026b9426f972,9465d6d1b3c7a25082697e224b6102fc
66238d69d1ab2f878113de3745419d13,de157fc2ac7befd3d1e87e2fdeaae107
66298071c8db3a6e87dc76f96eac3987,87090ec93c0f06856ee8c203ad1b63ba
6631930671f00eb3632ccdf8552abea2,b02cf564e3abb4bd6410392ea3eef05b
663888d5474dfa1345d1c6bb69325a3e,7bc0bc4eb8c7f6e7792ed0e86125a49b
663888d5474dfa1345d1c6bb69325a3e,aa29e748713e473f945642c4eb3d793d
663888d5474dfa1345d1c6bb69325a3e,f0b5b378f214419d5494931140364472
663d13db5c18353f671cbeb3b891e550,ae3cecf07cc3a43a13e6771f6cbf8524
665b62f740aa811f1fdc401776429275,6f0f28aac78c901ef8fb23238228cdae
665b62f740aa811f1fdc401776429275,97d7e42393bf720d97a2aea5be2c6bba
6663badef695a2c2f04d4df10a65a961,7bc0bc4eb8c7f6e7792ed0e86125a49b
6663badef695a2c2f04d4df10a65a961,83ae3e1c94c126bf5445b2d4365ac390
6663badef695a2c2f04d4df10a65a961,90fd1308dd86665fd997166973e0000f
6663badef695a2c2f04d4df10a65a961,96e78c51ae1c660625532a697ec94dff
6663badef695a2c2f04d4df10a65a961,99498e219bc6cb5414be9eb9828cad32
6663badef695a2c2f04d4df10a65a961,aa29e748713e473f945642c4eb3d793d
6663badef695a2c2f04d4df10a65a961,aff08f960889f9a011c949df523f1844
6663badef695a2c2f04d4df10a65a961,b741d145571dd8ad80d582f191cf43a5
6663badef695a2c2f04d4df10a65a961,c4442ff069191e635c9615d2c24f6406
6663badef695a2c2f04d4df10a65a961,f0b5b378f214419d5494931140364472
66699a90a9cc90893b01c7e2157702e9,f4a1279161df710bfd059dbaa6f07dce
67126b78c48426c1a5060acd8f9217b8,8af37f5618fb1fd7da834d4cedbca6ff
67148d559cb3a07a674efa30e9913866,7d7e5ba9ada8b45ae316b23492c108cd
671c0657954d6a25d4d08f2b60fc10d3,7fab0079469bb30a421a4365c6564922
671c0657954d6a25d4d08f2b60fc10d3,9f033397799a2e9f6749d96a9099ff38
673be5791c08ecc53c6da6c8725c778f,6e48e38534106c85ce5732d060db3845
673be5791c08ecc53c6da6c8725c778f,7712a73e00feee2988417bc32b943a49
673be5791c08ecc53c6da6c8725c778f,daa23b13d73e6c0c4a136f31042c83f2
673be5791c08ecc53c6da6c8725c778f,fb2a3bb8897299a3b9675416d004bb9d
67acc1de26da5f3fa2dfc0d763e31151,beb21ee79ded957196d02a1c851bb0b7
67acc1de26da5f3fa2dfc0d763e31151,c2bbb2b444fab6964d4c22cc94ce3769
67c7862dcf08faedd88e2aec85d463e7,7549b7439d64e162f43ff897ff267427
6828bfa8f8bec1b5b2b052c9f208909e,82c6ee0b41271821858b16114563d87c
6828bfa8f8bec1b5b2b052c9f208909e,88cfb54378a2e5c1effa8d2b8343f3df
6828bfa8f8bec1b5b2b052c9f208909e,a2522b773b522dc6c7d9461f99963f32
6828bfa8f8bec1b5b2b052c9f208909e,de157fc2ac7befd3d1e87e2fdeaae107
68458a6b30ec3d402863f77770acb018,74671fb64b7fe0d4c99bd88698bbece0
68458a6b30ec3d402863f77770acb018,d83c47bfaf015ce0e369200d56af1313
68458a6b30ec3d402863f77770acb018,f54a5f4b0a5bfd7511e0029de61778a3
6848826a0f86de13450a0ce8caf8878d,c463fd45c433f1607633be579f895acf
684d8bf67c77a21b4b98f0ae29a0f8ca,8349f15ca9550d68aa10858c6399600c
684d8bf67c77a21b4b98f0ae29a0f8ca,8546eb75534eb92b1abb929c19c0e26f
685e99e63ee80451a653be173ec4749c,9b1d35f928575be8e5de11214d77f0f0
685e99e63ee80451a653be173ec4749c,b4da9e114e4030c7323beeb38e69abcb
685e99e63ee80451a653be173ec4749c,c57fc1de8bf4592f427c36b3d0a53c26
6877c399e63dac241e880a6ffad2ca3d,704a17ad5a940c5a86ecb202e612dd12
6877c399e63dac241e880a6ffad2ca3d,76dbe028e7ff780cf7c44cdd35391805
6877c399e63dac241e880a6ffad2ca3d,95ff32769e3b6643e3398395c8626037
6877c399e63dac241e880a6ffad2ca3d,c6d609e5755122be73006e3d1b12befa
6877c399e63dac241e880a6ffad2ca3d,d09fa69c6d5615c26aac2f825b8e7328
689934cdeadee583c9b26da43cd2e81a,a7327cf1b3d1e96cdbebad316db27c80
689934cdeadee583c9b26da43cd2e81a,bb2d27e49d227f22d8432e207da87e04
689e452af5c0387c729287ea98da2458,79e8ff79e3fc4a05ab6781d6cd2ffdde
68f4354fba9f5d4aa4ab3241ba6047f8,7228a451a18800287590ed8ba2730d3b
690ac08399bd33c58bdefb0da2cc2cd1,ca7d9c31ea380350dfffe67f5af5d3d1
690ac08399bd33c58bdefb0da2cc2cd1,ceceb99e84f5ba9f108af23e4fd2eb54
692750a5d2c79155f816b47f30df4357,7bc0bc4eb8c7f6e7792ed0e86125a49b
6962487ef3d7234e80b70e5a6f44c785,d1b96ca145c8f80aba45f19b56e7a2cb
696f5944f44b53de92f2c2988d9111f4,872100ff5f2fe0e67c5e6f05e1a0537c
69c06784c533fad39815f464f11d1e14,d1c312b2b202bc91a17812185810eb8b
69c4fcf76ab9791431a782891c14d201,b30b7e209334b2907fa044f307c55a32
69cae44d0d0556536f072e2edfc5a9ad,e5d80f123c459f3e8ce84457491c0cb5
69e20666d8b7e79db422b85862d30cbb,89be86870b11251de9b74a7d975333de
69e56836cf0e6449a6132f8b2ed5bc9a,9bf4bf1d6d1a02dea0f6e37532cb83f5
69eab62ab9ea07efbb2c29cded64ffd3,dcfeee7469220a57e8cb783c47b4a1f6
69ec5caa3d24bc3333a53f44e2476450,6e48e38534106c85ce5732d060db3845
69ec5caa3d24bc3333a53f44e2476450,7712a73e00feee2988417bc32b943a49
69ec5caa3d24bc3333a53f44e2476450,daa23b13d73e6c0c4a136f31042c83f2
69ec5caa3d24bc3333a53f44e2476450,fb2a3bb8897299a3b9675416d004bb9d
69f7cd2ac1a91f19c0a660bb486ee86b,8521a9e3597313e95ee42b88f9ea6bfb
69fec695c2f64594319f48a49abf231f,6e48e38534106c85ce5732d060db3845
69fec695c2f64594319f48a49abf231f,7712a73e00feee2988417bc32b943a49
69fec695c2f64594319f48a49abf231f,daa23b13d73e6c0c4a136f31042c83f2
69fec695c2f64594319f48a49abf231f,fb2a3bb8897299a3b9675416d004bb9d
6a07cdc7dd00bad81c4a4c010fc4657f,7a9de097578112d7ad16789790fbdde3
6a07cdc7dd00bad81c4a4c010fc4657f,91cae02fb88f4bef4c734e34c04234ac
6a07cdc7dd00bad81c4a4c010fc4657f,cddf5ab9b715f74a16e06aa34cdc9307
6a07cdc7dd00bad81c4a4c010fc4657f,ecb38a9d4cff58f62379c5f4678f7535
6a1f3fd81dc59403b3e58d678e657fd0,94f03a5067bb9ad1a085b2270b7754f4
6a3a48c83bdc079c6bbe4ae8e0d43e9a,83beb7f245068fcdbcacbe90423e4ba7
6a45b8c78da3254e325c1f2aafb52ba1,6b41ae306cd72288919afcc850f5fc78
6a4bad925ddb46a66ab22a13c1b66a42,84d23b8da3ced3c5b9eb3a0150462ff9
6a4bad925ddb46a66ab22a13c1b66a42,ebfb6f9a76795938d18b3c4e485a9604
6a4c30b00f6093972f58e43282b53213,cca73eaa4a102c489fe6e78c43432046
6a4c30b00f6093972f58e43282b53213,f783c7aed97904f4112d8962b1dd4294
6a6a82e53ce45acb2475e8cfd225742a,a87850097693c4f5048a6e5bdc1e2b31
6a6a82e53ce45acb2475e8cfd225742a,a9dc942a9fcb1b2215cd6b339c76848d
6a6a82e53ce45acb2475e8cfd225742a,c1e5d0cbb42f4975410d72f4c181a246
6a6a82e53ce45acb2475e8cfd225742a,c5546998015953f631b2e9e116939a2c
6a6a82e53ce45acb2475e8cfd225742a,f0a7454555d52a667c6df22dc8a28bcc
6a7f5ff621d20a43a9d19340bef3db1a,7db14dc3058cc6ca81295011b4745b92
6a7f5ff621d20a43a9d19340bef3db1a,c23d5f76ef396a0f520ca6c677dccc1f
6a7f5ff621d20a43a9d19340bef3db1a,cdf07468d9c693794f1da0b9ba549c15
6a7f5ff621d20a43a9d19340bef3db1a,d44df7668f75c8f084cdada0a7a1aae0
6a8d3d3ab6930426e85da0aead56522a,7e55f3236897212fd518ccf28d83fc5c
6a924dca7ac6ff763635c0e8a8cd9e87,6fd70b63efd30234160a6dbc0986ecc4
6aaef9028386057006e40188ed2dc38d,dbf713bb8bbf41722ba0b21bf95c9846
6abd2cdb139f39e18373fe5191a2aa4a,84782115ab46944700f34c61e5abcc7b
6ac048a47fe6abf40205dd46d4bfad09,7db14dc3058cc6ca81295011b4745b92
6ac048a47fe6abf40205dd46d4bfad09,81b4d775b96c465bff5c607f9b8c2a3d
6ac048a47fe6abf40205dd46d4bfad09,87cc0c8ec6896e79343c115fd584d429
6ac048a47fe6abf40205dd46d4bfad09,8db4b3ff92098cc3b4e7af5869719863
6ac048a47fe6abf40205dd46d4bfad09,902c9f1f61e83171325e1a792f2ecae1
6ac048a47fe6abf40205dd46d4bfad09,a02cf644bc5118e5e473829862bc5886
6ac048a47fe6abf40205dd46d4bfad09,a7a4b5bf23cb560d08106ef75e1c73f8
6ac048a47fe6abf40205dd46d4bfad09,a9c578c0edc5e3fc3c13c13810322dbd
6ac048a47fe6abf40205dd46d4bfad09,aa7d4045e8d65f2e3db4551ee75de2c4
6ac048a47fe6abf40205dd46d4bfad09,c23d5f76ef396a0f520ca6c677dccc1f
6ac048a47fe6abf40205dd46d4bfad09,cdf07468d9c693794f1da0b9ba549c15
6ac048a47fe6abf40205dd46d4bfad09,d6feeaed5bb9195ac670b5692ba10104
6ac048a47fe6abf40205dd46d4bfad09,da2ae411a236d52fa1e62a224bb1e88a
6ac048a47fe6abf40205dd46d4bfad09,e4750dcc3268ebba356557f444761f9c
6ac048a47fe6abf40205dd46d4bfad09,ebc1919f45f9da5db0d468ce62cfdf50
6ac048a47fe6abf40205dd46d4bfad09,fabd6966abaabe52f19e44a088986cda
6ad8d754a32f5ad8fc13451c5c683aaa,8a276b1288afdc21577c1f0d3356cb40
6ae106e0569f344a8839ab11c6a6111b,9eaa473b25525c86c47453b920ed0ec1
6aea2d0036007c7130b1bb521d1ded3c,cfadf7cffa2d344774d93d50b2374842
6af29d8cb315b55594386d9139eb2913,8623c241b97bb6118cd5b35edec6f326
6af29d8cb315b55594386d9139eb2913,d195216f972c6b4e5cc7486e7b498245
6b2204839735cb7bf1081d46e8739da7,7fa6430ed59cff5878b04f1045c307a7
6b2204839735cb7bf1081d46e8739da7,90fd1308dd86665fd997166973e0000f
6b2204839735cb7bf1081d46e8739da7,99d4627d0a7233549b1a840807bf396f
6b2204839735cb7bf1081d46e8739da7,c476dac76ec39e90e277df25af0314d5
6b2204839735cb7bf1081d46e8739da7,e561d76bd22a7b7d3445a90984e86796
6b41ae306cd72288919afcc850f5fc78,a829e8b48aa1a25922e65543220695d9
6b41ae306cd72288919afcc850f5fc78,acd41a14043477e17fd60d2e0771845a
6b41ae306cd72288919afcc850f5fc78,bc66beb31b66294b9c3e337a7e091bc4
6b41ae306cd72288919afcc850f5fc78,f1fb7742a7eafe8073459ed92686b9c1
6b6c43cc9c47dc8fe372bd05e5252da0,a04f4a09bc2b544ded1c72448acab83d
6b6c43cc9c47dc8fe372bd05e5252da0,ac30501be6d236a299f34f3cf954b7f6
6b6c43cc9c47dc8fe372bd05e5252da0,b28ecd267a8b6f7bac5bc4959c66be49
6b6c43cc9c47dc8fe372bd05e5252da0,ca4d41b8d403af7db6136532ab8c32bf
6b7121355aafb7b5745e62d1c0478e5f,80fa6b8523acdd84ea9c9e638b4966d4
6b7121355aafb7b5745e62d1c0478e5f,9ecf624c831f3088f18bf434f382b78e
6b7121355aafb7b5745e62d1c0478e5f,a2ebd82b5b83cbe673155782b1cbf0c9
6b7121355aafb7b5745e62d1c0478e5f,a4c2ffd72d31a68f0f9d0f0ef190d30d
6b7da35f529114406626e16f2aceaf2a,9a39bdb7cfb9c957735388b211f107f9
6b7da35f529114406626e16f2aceaf2a,bf016387d27982f754681f307cd78599
6b7da35f529114406626e16f2aceaf2a,c37b9d3f9fc0efad06dd5d0141a2b6cb
6b8226165051cdc50fcb74a8ea136d4a,82ccc000741ea53905781f67ab4a3f17
6b8226165051cdc50fcb74a8ea136d4a,c595df1f5ba2c76a3c391f7c297d1c3b
6baaf5fa654c77aa37e34dbed930dfed,7bc0bc4eb8c7f6e7792ed0e86125a49b
6baaf5fa654c77aa37e34dbed930dfed,83ae3e1c94c126bf5445b2d4365ac390
6baaf5fa654c77aa37e34dbed930dfed,90fd1308dd86665fd997166973e0000f
6baaf5fa654c77aa37e34dbed930dfed,aa29e748713e473f945642c4eb3d793d
6baaf5fa654c77aa37e34dbed930dfed,c4442ff069191e635c9615d2c24f6406
6bab80552dbbcc1d4e296726a8cea35e,8c62e60c1152b57d4012d14ce26e5996
6bb45f38b91deae4d7af741b72643ae7,89674ad3ffa249e68bc90554b569c75e
6bf0707aed51ac3b9237aa1539b339ca,d719ef4b0e9ad84aa0594fa94215d2ff
6bfe99c3e40cba6a01ca90ff24a38e3c,96e3b0f7d342e961f1ee5f5f7c5acdd0
6c0cd4db7966b6cc16e8a880da4328e1,bb6126b09ffed022edf8dd07efdbb333
6c1b78cab2005d78e3e8bd1cc87f05fa,6f0f28aac78c901ef8fb23238228cdae
6c1b78cab2005d78e3e8bd1cc87f05fa,97d7e42393bf720d97a2aea5be2c6bba
6c21670861c8aa1b3cc66c9f6ecfd248,d492cdfc28c5be311a02b6f1f91b8b38
6c368e4d6719241bbe9909488875b693,c637f4a0fc82b793324b60f9fcf3d4e7
6c4c23109a423c2af1c676ad19005f61,9e3958b0575537f6529414db474bd8d9
6c9b31c125f7104ef3fa488f6dd4d50f,af8b102e29eb563082b60b7909252eec
6ca5ce5cb2ce85c819ae1282197e66fc,ac0ef145517ab325c5d470aae1debe61
6ca5ce5cb2ce85c819ae1282197e66fc,ffe535651d2f213222ed3629cd8f5e47
6cc004d9bd057af613600f014272a5c4,d5a2b771e9accc54452cddc2320cb8b5
6ce7b492d3a54ae094bad05e620f93b3,7a9de097578112d7ad16789790fbdde3
6cf218fa0e1cb1d10854ad57e4b1b041,7644cdfb8a4956ee049653316f2e66a6
6d01d72f9fb806ed364518b3925bc587,a574ab5606fbb13ec16c75ed7bde0628
6d01d72f9fb806ed364518b3925bc587,dcf788217e59d0694628c4f29744dcf1
6d01d72f9fb806ed364518b3925bc587,fa269c4edbe8f08278339e1e5da079e9
6d03abfd93cfba76141861d654e1a94d,8a2a4a87eb64c7d6d43db04a2a5115f2
6d03abfd93cfba76141861d654e1a94d,8e7b5480156d5b27f3f962cf7231f1e3
6d03abfd93cfba76141861d654e1a94d,9b401b716387fb6b8d9bf46c2882e696
6d03abfd93cfba76141861d654e1a94d,a87850097693c4f5048a6e5bdc1e2b31
6d03abfd93cfba76141861d654e1a94d,a9af2700ef761e22e334b9c172cedee5
6d03abfd93cfba76141861d654e1a94d,a9dc942a9fcb1b2215cd6b339c76848d
6d03abfd93cfba76141861d654e1a94d,c6ec25b24256f6e1f902a29416ab964e
6d03abfd93cfba76141861d654e1a94d,c7f04515d136734545537a05e5f4392a
6d03abfd93cfba76141861d654e1a94d,e8d14b09b08840dcdfaf1d3983d6df51
6d03abfd93cfba76141861d654e1a94d,f0a7454555d52a667c6df22dc8a28bcc
6d03abfd93cfba76141861d654e1a94d,f1c0e8776928a9cf507eea55f424076d
6d03abfd93cfba76141861d654e1a94d,fb5643b20582ba68d8da8a8dca24c4fa
6d03abfd93cfba76141861d654e1a94d,fefa98da8db666ce806d4af04be8e6fa
6d38dbb352d679e158154d46b22f72a2,c5a05b02a071ac2ad0f4558eb3c49856
6d5b7f15bc781c4679d29ddbcd955b7f,7bc0bc4eb8c7f6e7792ed0e86125a49b
6d757face19f16d0c6f01cd6a5178cc5,afc5d2f654e68cc1030c5752833892a3
6d8fcf7c342950df2ff53571e4c5ad8c,9701715954dcca3a423a6f32c2e4fcf9
6d8fcf7c342950df2ff53571e4c5ad8c,f3b631e0e5352156923366830f6d5c67
6db56524d971e1099a29851b24b9743f,9c3db0778932fd7ad6fe27b51b9ac089
6db56524d971e1099a29851b24b9743f,b693878035f34516d7d8a0b8d3cc2439
6db56524d971e1099a29851b24b9743f,bba138ce77530517e9b7ad6f0f882358
6db56524d971e1099a29851b24b9743f,d7b59130b16968900ae93d26e51a21da
6db56524d971e1099a29851b24b9743f,ebd956c708ca3964639be74f97a5baf3
6dc92b88f60b08e70729e474b3e3dcfe,bca6c52036f00230cf7acbfe2cbe108d
6dd3e877ab4c0a573cccd00c33e9d7c3,b071f07acc09b5a5b86427fcffa8dc58
6e1c24eb887a494c1173abac5c0e6faf,d4be5c7e46fc15161bde8af350a4397f
6e48e38534106c85ce5732d060db3845,75bf62737a3f7063bbad4a6029b371d5
6e48e38534106c85ce5732d060db3845,7712a73e00feee2988417bc32b943a49
6e48e38534106c85ce5732d060db3845,81b8837b5e6f52694493748d73867a3b
6e48e38534106c85ce5732d060db3845,878a59c975c0b0af67a0b00c16d26179
6e48e38534106c85ce5732d060db3845,8c6e4f9d4cd1a8fc13eb934df1396262
6e48e38534106c85ce5732d060db3845,8ccf2a898958420c8d6016237bae3120
6e48e38534106c85ce5732d060db3845,8f682925c769dbe4beb74a1d1823d422
6e48e38534106c85ce5732d060db3845,d2fc7b8e472b048fe6a7251690972bdd
6e48e38534106c85ce5732d060db3845,daa23b13d73e6c0c4a136f31042c83f2
6e48e38534106c85ce5732d060db3845,de3c29417096eff33b523a4f838d7d5b
6e48e38534106c85ce5732d060db3845,e3e06ae43f9c7b4d44e6d443eeab5894
6e48e38534106c85ce5732d060db3845,fa5eeaa6ca12fe8bce8742981a10f0da
6e48e38534106c85ce5732d060db3845,fb2a3bb8897299a3b9675416d004bb9d
6e7df8afed1f30f2bb9e338c050b6336,fcf60865beaacdd1d880648233618fe8
6e89812240827f6c459883c6014805f8,73dc77fe998b45dd279a9600a53d79ca
6ed3143718551ea07fff125304da812c,7f1718ed0d09e18826c5b3329d22cdd7
6ed6705a2348a7fdfc15dc931db0bbd9,a245ea86c0ac17130134fc4b7d7928eb
6eee1f2420271d60e3f05c7a5bd4b964,eaa05ea65a07b353e5199efdc43c150c
6ef986c53a2792bf0d1104c2e92e71eb,b593e273ea1b1d5b067e7e9aa7ee17a0
6f0f28aac78c901ef8fb23238228cdae,7b026994b36fbcfb3a95d895d5d4abe6
6f0f28aac78c901ef8fb23238228cdae,89a241475e29187bff12392fb1776765
6f0f28aac78c901ef8fb23238228cdae,97d7e42393bf720d97a2aea5be2c6bba
6f0f28aac78c901ef8fb23238228cdae,a6d91a37b0fcaff9209bb5b29392034d
6f0f28aac78c901ef8fb23238228cdae,bae532b1ebbdd2e537af9713ed4a7966
6f0f28aac78c901ef8fb23238228cdae,bcb54520acbde59f2ec1d06c7d8c65f1
6f0f28aac78c901ef8fb23238228cdae,ddc54515a5f77dd518a728052f57fdde
6f0f28aac78c901ef8fb23238228cdae,dfedb1c8e2f8fbecff8bb52fc5cbcad0
6f0f28aac78c901ef8fb23238228cdae,e6a8ad361fa357ea187f2c538dacbdfc
6f0f28aac78c901ef8fb23238228cdae,ed2c979efd0f88dac9e043140c8dcb96
6f1be1af45e5512b10752cae258ffccd,e0394d4beb8b7701b865d3f15284d49c
6f21a52706d2170fb21ad0f07b8d667f,9991ae99e9ec54d3f8e1f32a2b4b84c0
6f4046201af8cdc445b433477dc894ae,e0bc445137c4097325344a9fbf641b24
6f528d4cb02d8d85dbe2e93237c4b12d,7bc0bc4eb8c7f6e7792ed0e86125a49b
6f53740d687acef22719fc25614d41ab,b3f9436ff6b19a49532fc17c7da91d02
6f67c20412adb6c87b3c4f56e088a67d,b58b234a53a80f0900dc77fa595d4b81
6f7af2cafdbff9e588f2fbdd612903f7,73c060b4af51137cb6595742d43ffa78
6f7af2cafdbff9e588f2fbdd612903f7,c82f0bad013692836e5f19cb7dfcefa3
6f98a135dd9a3808399cd40512d5d128,7bc0bc4eb8c7f6e7792ed0e86125a49b
6ff14e6dc24ff3fc9706d0d9b8df98b1,8eb6e1a342be9a2f07d6047fd1670f78
6ff91d3140b6daf7df09d693b4de70d6,94f03a5067bb9ad1a085b2270b7754f4
70379bf57d7eb4ad7a9d7c5cfad5244d,c58ccb658c4519f493938cfff5ab721f
704a17ad5a940c5a86ecb202e612dd12,76dbe028e7ff780cf7c44cdd35391805
704a17ad5a940c5a86ecb202e612dd12,95ff32769e3b6643e3398395c8626037
704a17ad5a940c5a86ecb202e612dd12,c6d609e5755122be73006e3d1b12befa
704a17ad5a940c5a86ecb202e612dd12,d09fa69c6d5615c26aac2f825b8e7328
705791432d62ea959f63d71a2220192e,acf6272f50cf4a27b0b14b81be1ad801
70c5f8a8c6d7dac69fa5ff24ca5ca728,d6ac4d10f39e78bbfb6de0670d06519f
70c5f8a8c6d7dac69fa5ff24ca5ca728,dd8978ab2eec6af847718854fd89937d
70ef7680a743449d18100a1badbc5ad2,9f1766534108cbf46c820d3425914c8c
70ef7680a743449d18100a1badbc5ad2,cdebac811fc75836aa15d47713ec573e
70f3c384edbdaf6fe778ebf5889cd726,732086653f776c9992a99cb87038458d
70f3c384edbdaf6fe778ebf5889cd726,a9a35427136fc66844e613f6578d75cd
70f3c384edbdaf6fe778ebf5889cd726,af42bed76f614419d588eb3c65769f97
70f3c384edbdaf6fe778ebf5889cd726,bdd33027225abbf09848381b0d8fa9dc
70f3c384edbdaf6fe778ebf5889cd726,d5bb793ab99d65ae74029a023995ca07
70f3c384edbdaf6fe778ebf5889cd726,fec92133031f6cff885e6ecf7cdde342
7112c1c23f99ca8dafdb557ab2ca22c8,eca850e8d0eeea5e5efc26a84fd31d86
7118b93e7be16ef9a8be061e0d8b994c,7118b93e7be16ef9a8be061e0d8b994c
712a2add4bef60f475285399695b2b16,86d83bc7fce3e81c693e8b6687478ea8
712a2add4bef60f475285399695b2b16,b871f1e9073aa0530b27bb2931ffe767
712ee6c6c8fea662d99138de193ec990,ebdf4a21f83a17ff6af0335e967271e6
7135dc51fd9717d0d5127c4514ef9895,a1423fb0a547144ac5652ffdc6177dc0
71623449141570fa4f2421b75e835119,778b5dd32d1e00e2fd6a8e77bef3cfbc
71623449141570fa4f2421b75e835119,826f31efca27219f005c7f81e40e6420
71623449141570fa4f2421b75e835119,ac070a8ff0d455ad75a97754906dc66a
71a9b4a726e853d0a572ecbc9cc5a4a5,f21ccf8b9b8dcd7c01b3cd50b0523340
71bb0dd7e5d89c760bcd2827f600d149,ab881782c88831fea578d4ded4d205c9
71d9dfec4ea0ef9fbc6ecfbb699487fa,fcd241dbced3090b39ea68604cca5586
720dbbaeec20c8362a29212e4038cb73,7a251f413c6b5ff18d0d4f14cbe5f7b5
721be4a9ed6b76f7f600e94a0148a647,aa7ab82e0d696d367fafe19e6d934d0e
721be4a9ed6b76f7f600e94a0148a647,d64607c0522628b4c665c17cd16d0a56
721be4a9ed6b76f7f600e94a0148a647,e5757767ed01148b66c773f5a8b892a7
7228a451a18800287590ed8ba2730d3b,743bcc4199a582418bc32c0b9193f524
7228a451a18800287590ed8ba2730d3b,8ffca15cef0e61e285735e7cf1e49b6b
7228a451a18800287590ed8ba2730d3b,b9586c9196bb79f8f438fab4936841f0
7228a451a18800287590ed8ba2730d3b,c092ed362ba6ad8e7d5cbc0530b659cb
7228a451a18800287590ed8ba2730d3b,c7136c8b97278f90bda736e39ad615b7
7228a451a18800287590ed8ba2730d3b,d039f768dd43b73a571268ab9d49f649
723bc2e869be6f586ad2d640121f866e,e2fa3697a975d8ab1d6f613b401f9b2f
7257243e6458e2dff4e0695ab94d0a34,73eadd8349d1b807e33ef87e27f0c743
72a7b2cd501dbd937b1a370527d25b0b,913caf25c5dccceca869f76d6995912b
72d684dc74ead3afaa38a79f7f97c3c2,ac5bc2af31ef94712f413849147f6d5b
73006099b0a99eb2aa9e8f6c46be1dcd,8d6e9993574cdeddf75f36cbe7f2a69e
73006099b0a99eb2aa9e8f6c46be1dcd,9e41b035e684a3afcf789e4f16d3ff5d
73006099b0a99eb2aa9e8f6c46be1dcd,fc3a10f48843831aa74bc1a8ff610df6
731e0c2a7057554fdad6e54ca7081c4f,84c3cecb4ddf7dd6441ce197c960f31a
731e0c2a7057554fdad6e54ca7081c4f,b784ee884837d6f8a8dd033ab71583da
731fa783fb3b32b0e3aeaf90ff255ac3,a74b96cce75e60ca753cf373403bad4b
731fa783fb3b32b0e3aeaf90ff255ac3,cb6edb231f0bf9dd5308a2e8ae2dad90
732086653f776c9992a99cb87038458d,74137bf27a2b38b4cf3d04091ffdb98b
732086653f776c9992a99cb87038458d,963467b3533a66304c7c58d5a563d873
732086653f776c9992a99cb87038458d,af42bed76f614419d588eb3c65769f97
732086653f776c9992a99cb87038458d,d5bb793ab99d65ae74029a023995ca07
73281c08bb37ca0fa6cf380ce1c74fc2,b3719c14e56bf72bcc42d2e8048542ea
73281c08bb37ca0fa6cf380ce1c74fc2,c4cd207cc390bc2296c0a7dd84b54007
73281c08bb37ca0fa6cf380ce1c74fc2,cdf07468d9c693794f1da0b9ba549c15
73281c08bb37ca0fa6cf380ce1c74fc2,ec7faeeeb7e9eac31559b3cbcff9a4b3
7345625eb5af9fca3892697dd1568e46,8c9ae9173042c30680e96e78177682ba
7352d982d66f42dfb72e359bd614ff86,a962dd8520ff55742907782dacf70507
73741423e427e2159f85e977972c9d42,c595df1f5ba2c76a3c391f7c297d1c3b
73b5a5c26b8c251c23ccae2fb3b79223,98f7dd12c5dfbba3a5eb0c741e7bd528
73dc77fe998b45dd279a9600a53d79ca,9685b75cccefdf53bfda8b69da7b5558
73eadd8349d1b807e33ef87e27f0c743,8fa42f25a3cbaae8ed739f176e425d31
74137bf27a2b38b4cf3d04091ffdb98b,a9a35427136fc66844e613f6578d75cd
74137bf27a2b38b4cf3d04091ffdb98b,af42bed76f614419d588eb3c65769f97
74137bf27a2b38b4cf3d04091ffdb98b,bdd33027225abbf09848381b0d8fa9dc
74137bf27a2b38b4cf3d04091ffdb98b,d5bb793ab99d65ae74029a023995ca07
74137bf27a2b38b4cf3d04091ffdb98b,fe7aac5eaf8f50fd958cb8b61345abfa
74137bf27a2b38b4cf3d04091ffdb98b,fec92133031f6cff885e6ecf7cdde342
7420afd9d5fea286202eaf92ba575958,fc8eec931d6350d3667fb6db63fb65b6
743dccffdee8e8f499650568cd0383e0,a373a64bca1d3ee1043512623621a3f3
743fad17051269cc59b98c473cbf24a4,76c0ae54be99b2409c3aac18db65717d
743fad17051269cc59b98c473cbf24a4,9c929c09ce8d479e449cf970cc9c319a
743fad17051269cc59b98c473cbf24a4,ced0cc0deaa89c7aac6c14cca5d333ce
74671fb64b7fe0d4c99bd88698bbece0,d83c47bfaf015ce0e369200d56af1313
746cfb04e7e95cbce9006a84c6771a4a,bb2744b0dd4e25e3aa8634354cb26eab
74ca9177ed3dd6b6ef53ca7354bad7d6,76a0ca795e814ec88ce97635136ef1dd
74ca9177ed3dd6b6ef53ca7354bad7d6,a9de332d1117a9ce4dbde57ede1a0da2
74ca9177ed3dd6b6ef53ca7354bad7d6,f10b1294a16d33eed59799877cd9e844
74dfec7ffb0beae07af947004b7fcb26,b5464748e611b3879ab53a331416ca8e
74e2408f4f96195c32cc31a9086d5b87,98c4e7fdf15f13551fe298521fa20e61
74e2408f4f96195c32cc31a9086d5b87,e9e9b7b069f1d29133a103684d70185d
74e37bbbe7b2168fb1be6ed81b9ddb9c,ebed222fce814d4927efba768e4e1418
75071bea36d755bea912dd72b8e775ba,adb62d5464b98a367fcc3fb7b9196d81
750bdbd5d9bf252e15066387d389a439,992593305221bf9190615dea06927fdb
75191237a997d765227a592412d7a0c4,7e4b1e3f5651f6004621325d529b7b7c
75191237a997d765227a592412d7a0c4,f3062eb2f2a4cb3064cf27d80200adc8
752a2f6a8e94747d6b9c54e399391dd8,92b9a41d4ba396bce66e8b98cb845457
752a2f6a8e94747d6b9c54e399391dd8,fe2fd330b5cfee237f4e43366112404b
7549b7439d64e162f43ff897ff267427,cdb7714108d402baab6cfbfddee42895
75602e62c3373d25f992ccfeccd0212f,d81db5bb287c444517c1284bfc4d7a01
756fdaca201a2aee1804a1f99149c461,b54e61b9b723694a0d24d2b1618702b5
75bf43cee51f0a9432930e3c3ce88e18,828546919a50bc03b6606e8b818d1505
75bf43cee51f0a9432930e3c3ce88e18,a287ca113e90bd5dd710278979549c2a
75bf43cee51f0a9432930e3c3ce88e18,f00c467e9471831b155739da601e8832
75bf62737a3f7063bbad4a6029b371d5,7712a73e00feee2988417bc32b943a49
75bf62737a3f7063bbad4a6029b371d5,daa23b13d73e6c0c4a136f31042c83f2
75bf62737a3f7063bbad4a6029b371d5,fb2a3bb8897299a3b9675416d004bb9d
75c3a36384eb4ee9b18d4414dd7da463,8915cd7ce19d0cf1e4008f6d4d695c85
75c3a36384eb4ee9b18d4414dd7da463,c595df1f5ba2c76a3c391f7c297d1c3b
75c3a36384eb4ee9b18d4414dd7da463,dbf470c3eef41bc462f9bf4be7c0338b
75c3a36384eb4ee9b18d4414dd7da463,e69901144ab62793342c9d1a1fae6eb5
75e804448e116f675c71d1ef55f34139,838f6fff15a99363c682ae6b06cc5832
75e84b8cc9f3ba23d8dc8d8b591140ba,7b756f8a893f3b85e135c8e94a41619d
75e84b8cc9f3ba23d8dc8d8b591140ba,9c7734c469874858b6d46e57c949e25d
75e84b8cc9f3ba23d8dc8d8b591140ba,9e415cd3fd1b02da273146b6a9968264
75e84b8cc9f3ba23d8dc8d8b591140ba,f1bf1446f7d2ce23c54a8606d8cab366
75f13ebee96ab8962c7410a911bc46a1,8af37f5618fb1fd7da834d4cedbca6ff
75f13ebee96ab8962c7410a911bc46a1,bc29617aac27456f2b1879d346ec6fe6
75f13ebee96ab8962c7410a911bc46a1,da3d9717247fdfd57f6431db8cef985d
760ac26fd314318eea90c8585233c1c5,7d8be109ecb7f993061787f1813cf559
760ac26fd314318eea90c8585233c1c5,a84961430083d16921449bcc755a4b5c
760ac26fd314318eea90c8585233c1c5,b2273b1e4ffa5f0193c68a6964bb0ad7
760ac26fd314318eea90c8585233c1c5,d01505d9ca027d8920f7770b152a2f20
760ac26fd314318eea90c8585233c1c5,e9ce248fdd8466ca6c9f68f02fcc8646
760ac26fd314318eea90c8585233c1c5,ea6598a704d545f75c29d1739e3a60f2
760ac26fd314318eea90c8585233c1c5,f5dfc13ca79a04a8af148c23c5639c85
7649352df6b54c3b0b21b182a96dc6b1,c65508332c15fcc2c7f7a072379d54f5
76589898e89520d1463f550930b39bae,fd0d9390729d7fe2d7dae1c7b2792401
765c646e6c6ddbacd622329895ae4542,b15229634594351d21db17c07dad06af
765c646e6c6ddbacd622329895ae4542,d8d5db7e1210be9b4d499ef1249a4889
7662ecf702aea5b383d8f2448dad3b4d,c2e20454b14a8afc35b7a994926d65c1
767d4f2d3911c149a5c99e9200e09f31,7db14dc3058cc6ca81295011b4745b92
767d4f2d3911c149a5c99e9200e09f31,81b4d775b96c465bff5c607f9b8c2a3d
767d4f2d3911c149a5c99e9200e09f31,87cc0c8ec6896e79343c115fd584d429
767d4f2d3911c149a5c99e9200e09f31,8db4b3ff92098cc3b4e7af5869719863
767d4f2d3911c149a5c99e9200e09f31,902c9f1f61e83171325e1a792f2ecae1
767d4f2d3911c149a5c99e9200e09f31,a02cf644bc5118e5e473829862bc5886
767d4f2d3911c149a5c99e9200e09f31,c23d5f76ef396a0f520ca6c677dccc1f
767d4f2d3911c149a5c99e9200e09f31,cdf07468d9c693794f1da0b9ba549c15
767d4f2d3911c149a5c99e9200e09f31,d44df7668f75c8f084cdada0a7a1aae0
767d4f2d3911c149a5c99e9200e09f31,d6feeaed5bb9195ac670b5692ba10104
767d4f2d3911c149a5c99e9200e09f31,da2ae411a236d52fa1e62a224bb1e88a
767d4f2d3911c149a5c99e9200e09f31,dd720a31ae01f8066abe782818b59699
767d4f2d3911c149a5c99e9200e09f31,fabd6966abaabe52f19e44a088986cda
76a0ca795e814ec88ce97635136ef1dd,bbc8438430dd30b3da2a6cba4311bcb7
76a8ebbb0052a77e9e851fbca02eed29,ac28a90d20dc4aef8c1c5354e424101c
76c0ae54be99b2409c3aac18db65717d,9c929c09ce8d479e449cf970cc9c319a
76c0ae54be99b2409c3aac18db65717d,ced0cc0deaa89c7aac6c14cca5d333ce
76dbe028e7ff780cf7c44cdd35391805,95ff32769e3b6643e3398395c8626037
76dbe028e7ff780cf7c44cdd35391805,c1e5d0cbb42f4975410d72f4c181a246
76dbe028e7ff780cf7c44cdd35391805,c5546998015953f631b2e9e116939a2c
76dbe028e7ff780cf7c44cdd35391805,c6d609e5755122be73006e3d1b12befa
76dbe028e7ff780cf7c44cdd35391805,d09fa69c6d5615c26aac2f825b8e7328
770f7630a2a340ae2068cc9a900e2142,c44bae1a23fdc7becfe166df76b8a776
7712a73e00feee2988417bc32b943a49,81b8837b5e6f52694493748d73867a3b
7712a73e00feee2988417bc32b943a49,878a59c975c0b0af67a0b00c16d26179
7712a73e00feee2988417bc32b943a49,8c6e4f9d4cd1a8fc13eb934df1396262
7712a73e00feee2988417bc32b943a49,8ccf2a898958420c8d6016237bae3120
7712a73e00feee2988417bc32b943a49,8f682925c769dbe4beb74a1d1823d422
7712a73e00feee2988417bc32b943a49,d2fc7b8e472b048fe6a7251690972bdd
7712a73e00feee2988417bc32b943a49,daa23b13d73e6c0c4a136f31042c83f2
7712a73e00feee2988417bc32b943a49,de3c29417096eff33b523a4f838d7d5b
7712a73e00feee2988417bc32b943a49,e3e06ae43f9c7b4d44e6d443eeab5894
7712a73e00feee2988417bc32b943a49,fb2a3bb8897299a3b9675416d004bb9d
779dc8047dbe5209a77ea0f12011e5f9,b64fca484fc8c4677e361b6fd4724d82
779dc8047dbe5209a77ea0f12011e5f9,f79dba7e0497196a5e02c1684fd12b38
77a32e0bea97d31259ee83eca6d40409,7ee943b83a52dccdad101523298b6795
77a32e0bea97d31259ee83eca6d40409,8014749878e0f8783a12df38036fd8b4
77a32e0bea97d31259ee83eca6d40409,93f9b26fdaa2fd100860bc5eaee62536
77b423e19116f5771df34c6cfe73cd84,877e9d9fc3c4750c3d3a4579c3a60b40
77b423e19116f5771df34c6cfe73cd84,afafc74102f3bb623afd7c62afbc671c
77c674042ba1f8075a46d0772337a33b,bff152e2eb21b7499d2f93da066029e7
77c674042ba1f8075a46d0772337a33b,e6e26290c935d2b459b36a2b8ba564e8
7814adfdd0c6e64c2ece8058825bd6f8,98c4e7fdf15f13551fe298521fa20e61
78283a27a28cac36b7b01a28518ff291,aadbde3efa2522d0258c803c715cc686
78283a27a28cac36b7b01a28518ff291,cd63a25402ff606abee3c8d3b3af5e9a
7849b926995d226d9145bff14153138c,816f1e69301d65a2af49f72378ab2025
78552a1ce617f0823c7f2c0079a3d82b,9b203bcfc03f055d7b441b66cf484631
785656a800e522503f01f1def2f905ff,a835cdcfffd5ee8fc242c025ffa28a9c
785656a800e522503f01f1def2f905ff,c7f04515d136734545537a05e5f4392a
785656a800e522503f01f1def2f905ff,d9f4d8093585d1edbbccc7fca18d8de3
785b80a38bbcf682106c52f06c336fd2,83ae3e1c94c126bf5445b2d4365ac390
785b80a38bbcf682106c52f06c336fd2,90fd1308dd86665fd997166973e0000f
785b80a38bbcf682106c52f06c336fd2,aa29e748713e473f945642c4eb3d793d
785b80a38bbcf682106c52f06c336fd2,c4442ff069191e635c9615d2c24f6406
785b80a38bbcf682106c52f06c336fd2,f0b5b378f214419d5494931140364472
78a4c2f639d7d2203c922be7be8c0967,9d99acb4444ae4af56a218bac07eb237
78b1321a2dcd50ffeb0705fb3140b325,e06a29400a2db094bd2d84be15580d86
78c39f02bd57a062ff4c27759c337ac3,97e2f59c73d64ec484ec4056659f677a
78c39f02bd57a062ff4c27759c337ac3,bd91fa0bc179516dff8757f226e34e9a
78f093109425bdd7462d8e7a5d26eb79,ce585fde1d28dffa2a516fc28d5c5a95
790616874b04859ab18651b7f9f05a0c,a9506bf795861476243d99a8726f717b
79275ffa38ed0720abf909530752afd0,7d663d903b3f706a498b5c1c5c259998
79275ffa38ed0720abf909530752afd0,e0bc445137c4097325344a9fbf641b24
79418e1052e505707ea427a7353787fd,a976f7c32d319f16a457fa7105d06e5e
794832937efec8d6df766701283ac05d,80a0fc761c3c3555f81b5b60e23200da
794832937efec8d6df766701283ac05d,c21e50f9fd1148952f63c89880751b13
794832937efec8d6df766701283ac05d,c3140a3bc5db45050a5d61e2d6c555dc
794832937efec8d6df766701283ac05d,c48c1124a86f79f2d620d30a2ce819c4
794832937efec8d6df766701283ac05d,c4cd207cc390bc2296c0a7dd84b54007
794832937efec8d6df766701283ac05d,e70105d7788a5d736ae6805a7f230521
79a8b0785402730e89fddcd44dbbea43,ea167cc29c4d19301edeb6eecd6f45cb
79b7bf00f2a017254009a5a80a589d41,8192d14f6a450bed4f817643efa072b4
79dd24aec300ce31c640d7a2748134d1,a23afefcc58fab4091c71fd63cf868e5
7a0131d8f540c8e898e6872fff7ce2f6,fcf60865beaacdd1d880648233618fe8
7a02d1cdd5d544455d1f9eb96d6bd1e9,fdbbde291c897cdbe6c2ff1fc43cada9
7a478ed004ca579951688426946be8a0,82ccc000741ea53905781f67ab4a3f17
7a478ed004ca579951688426946be8a0,9c36b9c350672f79168a07ef91c092f5
7a478ed004ca579951688426946be8a0,dac89fd1c99286cee5fdc286637b212c
7a478ed004ca579951688426946be8a0,edfa579567167bd0006d3d0b7f051459
7a6e416263fce9a51661c232ebbcad44,b20c4cc096928661540abf393a64ed7b
7a9de097578112d7ad16789790fbdde3,91cae02fb88f4bef4c734e34c04234ac
7a9de097578112d7ad16789790fbdde3,ecb38a9d4cff58f62379c5f4678f7535
7acc86de4ef4193cc6941395fa408711,b54e61b9b723694a0d24d2b1618702b5
7ad3eb6e7bbcdc6485d96a4aab0bf5c2,8382308149818a1e13b9f46ac7f9eeba
7ad3eb6e7bbcdc6485d96a4aab0bf5c2,b1e4f8dcbe20fd11b09b4a9ecf25c753
7af0f323d12ec9afe39dad2a0a2008cd,7fab0079469bb30a421a4365c6564922
7af0f323d12ec9afe39dad2a0a2008cd,a11fa0f4d04327fa5c4ff9920e48926a
7af0f323d12ec9afe39dad2a0a2008cd,ebc8e1c3c1adf1f5c65615529cbe24d8
7b026994b36fbcfb3a95d895d5d4abe6,89a241475e29187bff12392fb1776765
7b026994b36fbcfb3a95d895d5d4abe6,97d7e42393bf720d97a2aea5be2c6bba
7b026994b36fbcfb3a95d895d5d4abe6,a7327cf1b3d1e96cdbebad316db27c80
7b026994b36fbcfb3a95d895d5d4abe6,bb2d27e49d227f22d8432e207da87e04
7b026994b36fbcfb3a95d895d5d4abe6,bcb54520acbde59f2ec1d06c7d8c65f1
7b026994b36fbcfb3a95d895d5d4abe6,e6a8ad361fa357ea187f2c538dacbdfc
7b026994b36fbcfb3a95d895d5d4abe6,efbcf7d1a8ac58f3f91e98d16254d501
7b026994b36fbcfb3a95d895d5d4abe6,fc1d0a287ee5aab4bc8432e74bce772c
7b5c823d06843b98cd8b7a43677fd2e2,8a5b6113f6bc63c89a2369ae912efa20
7b5c823d06843b98cd8b7a43677fd2e2,ed64cc654b16706044d253a7e102a819
7b756f8a893f3b85e135c8e94a41619d,99d4627d0a7233549b1a840807bf396f
7b756f8a893f3b85e135c8e94a41619d,9e415cd3fd1b02da273146b6a9968264
7b756f8a893f3b85e135c8e94a41619d,f00c467e9471831b155739da601e8832
7b847f4e54a71b0f4f6bac967284fd46,7ceab1d8c5c9e94e482b6719f82fc092
7b847f4e54a71b0f4f6bac967284fd46,9e04a2209f453b8c6f5bf29e3816d770
7b847f4e54a71b0f4f6bac967284fd46,a0aaf9c0f0db6f4ec50ebc21f29f4031
7b847f4e54a71b0f4f6bac967284fd46,fabb3273d11be554bc31d1b8ae0409e6
7b9406cc24e40a8233d1672486b0b581,b325abfefc80a5abb7a8d27334f7e4f5
7bad205dc893f83117a47813840b9bca,b70bc1aeebd8dd27773ae8ab866f9f19
7bae8461d5f1ccd3fe892ea8fd12b109,7e59bb5efb56faa1c173048f5e0726ff
7bc0bc4eb8c7f6e7792ed0e86125a49b,8e0eafdb6d3f4d82a4ab2abbab33fdb2
7bc0bc4eb8c7f6e7792ed0e86125a49b,9007dbb50ef74125b2df2cd1f6539b0e
7bc0bc4eb8c7f6e7792ed0e86125a49b,90fd1308dd86665fd997166973e0000f
7bc0bc4eb8c7f6e7792ed0e86125a49b,96e78c51ae1c660625532a697ec94dff
7bc0bc4eb8c7f6e7792ed0e86125a49b,98b5fb1da4c71899d2f784068ea91bc3
7bc0bc4eb8c7f6e7792ed0e86125a49b,9c34580629a998613a26b656184974b5
7bc0bc4eb8c7f6e7792ed0e86125a49b,aa29e748713e473f945642c4eb3d793d
7bc0bc4eb8c7f6e7792ed0e86125a49b,acfc4b03eb6466a26d7ca31a8647403c
7bc0bc4eb8c7f6e7792ed0e86125a49b,c7d27289667cfe504bb91203c0bd6e92
7bc0bc4eb8c7f6e7792ed0e86125a49b,d3a804fdd586ed711be09bf73614877b
7bc0bc4eb8c7f6e7792ed0e86125a49b,d5dc6d956f07ea7e4526920b52b236a1
7bc0bc4eb8c7f6e7792ed0e86125a49b,d9815cce8636a6285ff48acd14d4805c
7bc0bc4eb8c7f6e7792ed0e86125a49b,e08b650bc0d1ebb0b0ed038bfc2d6641
7bc0bc4eb8c7f6e7792ed0e86125a49b,e726492d30ba647aff35e0dc5c0942a6
7bc0bc4eb8c7f6e7792ed0e86125a49b,e92a211b212c7820181eb53bdc739324
7bc0bc4eb8c7f6e7792ed0e86125a49b,f6a960723b0164359925e256ffc229f7
7c5462f0308b96294b9bec56626b3326,c1cfeefc277b3e17b18f93772be6889a
7c64efb78df6c3a80eed13c3d737ba3c,b7b786331f1ea41a9357879138365276
7c7c1a3f524e86e887400722ff422c72,e3919335406f87b55404d2d97605371d
7c7e0ec460e766660d07cea38aca8b62,c754d0dbb6fd6dd331f8517158acbb3e
7c8e853ad53c0161fc83c1425924ea54,8bbc094f6b9bd05d0f74b208c4d22f6c
7c8e853ad53c0161fc83c1425924ea54,e9803083508a57bd10019ef2f7061fb8
7c9650984fd513a94e1b39310aa51f80,94767b8910afec20f6cabeb5ff03fbfd
7c9650984fd513a94e1b39310aa51f80,c63360c51f673347d31310d05d5ddd80
7c9795f96e4745302042fa2971e6c745,d1cd5a89e6af815edbd2b1c3acec6491
7c9795f96e4745302042fa2971e6c745,ebfb63beebfe52279ac94abb427050cc
7cd93356bb932468a23e40a27aa0c197,c595df1f5ba2c76a3c391f7c297d1c3b
7cd93356bb932468a23e40a27aa0c197,dbf470c3eef41bc462f9bf4be7c0338b
7ceab1d8c5c9e94e482b6719f82fc092,d3e630fb996469c28969da153090f5f4
7d0d57ce8562fae1ee8cb223bf889ef9,8aefac10c8f6546a3de709bfc721f4e9
7d0feb8376fcd7b28bfc88c8b9d8d7cb,af42bed76f614419d588eb3c65769f97
7d3d87c14714fa0d2f93eb12f26b521d,89be86870b11251de9b74a7d975333de
7d3d87c14714fa0d2f93eb12f26b521d,8ee05c4eb643dcc967fd116b00de1c18
7d71ce976446fd71b27b3b5123465547,967433e64c39769d8b9ec0585a1b89dc
7d89d5924298aa9f3e14951221ce6bd5,e0695b46a19572363c2c5d453315b2ba
7d8be109ecb7f993061787f1813cf559,a84961430083d16921449bcc755a4b5c
7d8be109ecb7f993061787f1813cf559,b2273b1e4ffa5f0193c68a6964bb0ad7
7d8be109ecb7f993061787f1813cf559,d01505d9ca027d8920f7770b152a2f20
7d8be109ecb7f993061787f1813cf559,e9ce248fdd8466ca6c9f68f02fcc8646
7d8be109ecb7f993061787f1813cf559,ea6598a704d545f75c29d1739e3a60f2
7d8be109ecb7f993061787f1813cf559,f5dfc13ca79a04a8af148c23c5639c85
7da5a7e00c0df6bf0aef8fa22530ba81,7e9ed320d858bb2bdf45fe7699cee73f
7da5a7e00c0df6bf0aef8fa22530ba81,816b0709aab69e95fdba1c2c23c1c242
7db14dc3058cc6ca81295011b4745b92,816a9f1810b0a25352778c8aac2ac25a
7db14dc3058cc6ca81295011b4745b92,81b4d775b96c465bff5c607f9b8c2a3d
7db14dc3058cc6ca81295011b4745b92,902c9f1f61e83171325e1a792f2ecae1
7db14dc3058cc6ca81295011b4745b92,a02cf644bc5118e5e473829862bc5886
7db14dc3058cc6ca81295011b4745b92,a7a4b5bf23cb560d08106ef75e1c73f8
7db14dc3058cc6ca81295011b4745b92,a9c578c0edc5e3fc3c13c13810322dbd
7db14dc3058cc6ca81295011b4745b92,aa7d4045e8d65f2e3db4551ee75de2c4
7db14dc3058cc6ca81295011b4745b92,c23d5f76ef396a0f520ca6c677dccc1f
7db14dc3058cc6ca81295011b4745b92,c48c1124a86f79f2d620d30a2ce819c4
7db14dc3058cc6ca81295011b4745b92,cdf07468d9c693794f1da0b9ba549c15
7db14dc3058cc6ca81295011b4745b92,d44df7668f75c8f084cdada0a7a1aae0
7db14dc3058cc6ca81295011b4745b92,da2ae411a236d52fa1e62a224bb1e88a
7db14dc3058cc6ca81295011b4745b92,dd720a31ae01f8066abe782818b59699
7db14dc3058cc6ca81295011b4745b92,e34ebe4961f2d932813005433a74b012
7db14dc3058cc6ca81295011b4745b92,ebc1919f45f9da5db0d468ce62cfdf50
7db14dc3058cc6ca81295011b4745b92,ec7faeeeb7e9eac31559b3cbcff9a4b3
7db14dc3058cc6ca81295011b4745b92,efe94917387a9794795e7fc79557dffa
7db14dc3058cc6ca81295011b4745b92,fabd6966abaabe52f19e44a088986cda
7dc7493b71e3a9a44c2e42a302025e57,97d7e42393bf720d97a2aea5be2c6bba
7dc7493b71e3a9a44c2e42a302025e57,bb2d27e49d227f22d8432e207da87e04
7dca555c7fafaa0df3a8c9aba26d4b06,c327de2f9952553f5bfddb61a7d621a2
7dedc32ede8f576c14e717d34edc30e8,f06a69da2a7378f95511c1b83e7572ce
7df7fb4ac0715a64e31da7797010f4d9,cc24e64e73cb43cbcdf6eadc0eef77da
7e28aeff7d154136ae248c900d1a42ae,d7a5e259f20c5290ab408e9d016d457e
7e4b1e3f5651f6004621325d529b7b7c,f3062eb2f2a4cb3064cf27d80200adc8
7e59bb5efb56faa1c173048f5e0726ff,f118605c396c86673832a8bbc65a7d8e
7e717ef9b718b74ec9208800e0c59bce,e55effe1c6881131bc4cec77f5d5b8ee
7e9ed320d858bb2bdf45fe7699cee73f,adbf89cd27a48c521c17d9a1129fb12c
7ea978073a598955379ced2b6290fd61,d9a04c09924901ea1017af38dd14bb7f
7ea978073a598955379ced2b6290fd61,f92527eaece6db8b40f49cb8f2439a11
7eb8b9e816b36b180667afef6eacd1b8,b4a2840a4a022f9f666291898ac7ec50
7eb8b9e816b36b180667afef6eacd1b8,bbb1a7460819e9cc8e123f1e60895826
7ec0af30807dd3330b89ff5802282b2e,8b2cb7dbf6d954e226321b97aa3d5f39
7ec10458ed04b6228e04adf60f521898,97d7e42393bf720d97a2aea5be2c6bba
7ed9c7b1ea8cd067792c07aa03ebffd5,c0d6e593f71a8ee95f274d67096f0d62
7f13bedab7c39b6147290ac4dc8ea8f4,8bbc094f6b9bd05d0f74b208c4d22f6c
7f13bedab7c39b6147290ac4dc8ea8f4,e9803083508a57bd10019ef2f7061fb8
7f5eb8fed34fe3c06b411d4b0c882e95,dffc0caf1f0388b4c33c33c69c65632f
7f5f04b941cdb1027e4aa38354af0311,fab3e8b068451de4f9a0f34e4d978210
7f60e9f4e5df77c87fb05ae9f16feb64,c595df1f5ba2c76a3c391f7c297d1c3b
7f60e9f4e5df77c87fb05ae9f16feb64,dbf470c3eef41bc462f9bf4be7c0338b
7f6443f95b014549a006a9f829b67c67,a44700eaef052eb378a9b206349cc97e
7f7366754d76157a1ac5cdd5777afdf1,d8b09f1d40b55a4bc37d7f4dccfbea4b
7fa6430ed59cff5878b04f1045c307a7,dbab7c7d0469c607c2ac40681e2ea58e
7fab0079469bb30a421a4365c6564922,9f033397799a2e9f6749d96a9099ff38
7fab0079469bb30a421a4365c6564922,a11fa0f4d04327fa5c4ff9920e48926a
7fab0079469bb30a421a4365c6564922,ebc8e1c3c1adf1f5c65615529cbe24d8
7fbfdd63e08dec218cc2226195919196,e1f346d6168bd551eed0a51af12902a3
7fc3ab061c86179f491ed29b6faf271e,89e2207968904bf4a1d1e6037623ed10
7ffb0630b358a59de79127ffb5cfefcc,f5315ba41d723680c706a07d381f1fd2
8028394ca98640b887b33554b39ba1f3,83b403eaf518c37f0a2b74716b81483f
80986c4c7797d09d35abddb979ece922,cf1ccc0aede31318f9717da69807cee1
80a0fc761c3c3555f81b5b60e23200da,87cc0c8ec6896e79343c115fd584d429
80a0fc761c3c3555f81b5b60e23200da,91fea2e7c48116b85ea91d40da551f59
80a0fc761c3c3555f81b5b60e23200da,9b83d6647115de3a094bf4cc5fc2f88b
80a0fc761c3c3555f81b5b60e23200da,aa7d4045e8d65f2e3db4551ee75de2c4
80a0fc761c3c3555f81b5b60e23200da,d44df7668f75c8f084cdada0a7a1aae0
80a0fc761c3c3555f81b5b60e23200da,db243f5365ffda2f10fadb749fcdcc02
80a0fc761c3c3555f81b5b60e23200da,ee960ccdb8f984f84427cde5432aabe3
80fa6b8523acdd84ea9c9e638b4966d4,9ecf624c831f3088f18bf434f382b78e
80fa6b8523acdd84ea9c9e638b4966d4,dbf470c3eef41bc462f9bf4be7c0338b
816a9f1810b0a25352778c8aac2ac25a,d44df7668f75c8f084cdada0a7a1aae0
818cd46da6472c3f4f3e1013edcfa807,9db2eba4afbea6bcf4880c1da8e33366
8193e12e2397eeba22cbafb310ad7f5c,eb3194056a461506782bd3026c140b76
81b4d775b96c465bff5c607f9b8c2a3d,87cc0c8ec6896e79343c115fd584d429
81b4d775b96c465bff5c607f9b8c2a3d,8db4b3ff92098cc3b4e7af5869719863
81b4d775b96c465bff5c607f9b8c2a3d,902c9f1f61e83171325e1a792f2ecae1
81b4d775b96c465bff5c607f9b8c2a3d,a02cf644bc5118e5e473829862bc5886
81b4d775b96c465bff5c607f9b8c2a3d,a7a4b5bf23cb560d08106ef75e1c73f8
81b4d775b96c465bff5c607f9b8c2a3d,a9c578c0edc5e3fc3c13c13810322dbd
81b4d775b96c465bff5c607f9b8c2a3d,b7c847d7adcf107a10c3039d6bcaa8f2
81b4d775b96c465bff5c607f9b8c2a3d,c21e50f9fd1148952f63c89880751b13
81b4d775b96c465bff5c607f9b8c2a3d,c23d5f76ef396a0f520ca6c677dccc1f
81b4d775b96c465bff5c607f9b8c2a3d,c4cd207cc390bc2296c0a7dd84b54007
81b4d775b96c465bff5c607f9b8c2a3d,cdf07468d9c693794f1da0b9ba549c15
81b4d775b96c465bff5c607f9b8c2a3d,d6feeaed5bb9195ac670b5692ba10104
81b4d775b96c465bff5c607f9b8c2a3d,da2ae411a236d52fa1e62a224bb1e88a
81b4d775b96c465bff5c607f9b8c2a3d,dd720a31ae01f8066abe782818b59699
81b4d775b96c465bff5c607f9b8c2a3d,ebc1919f45f9da5db0d468ce62cfdf50
81b4d775b96c465bff5c607f9b8c2a3d,ec7faeeeb7e9eac31559b3cbcff9a4b3
81b4d775b96c465bff5c607f9b8c2a3d,efe94917387a9794795e7fc79557dffa
81b4d775b96c465bff5c607f9b8c2a3d,fabd6966abaabe52f19e44a088986cda
81b8837b5e6f52694493748d73867a3b,daa23b13d73e6c0c4a136f31042c83f2
81b8837b5e6f52694493748d73867a3b,fb2a3bb8897299a3b9675416d004bb9d
81b96d99447b4925a6329a539123aad3,d9973b4fcb10ac5707368e662300ca8c
81c48995c8e20e0c2f0f5ed8fab29f75,c06f3f926cc18b45ba350495c59c0093
81c48995c8e20e0c2f0f5ed8fab29f75,cdf07468d9c693794f1da0b9ba549c15
81c48995c8e20e0c2f0f5ed8fab29f75,d44df7668f75c8f084cdada0a7a1aae0
81e81fdb6d6dd2e86eb227817cac9e02,d3e630fb996469c28969da153090f5f4
81e81fdb6d6dd2e86eb227817cac9e02,d9973b4fcb10ac5707368e662300ca8c
81e84e077b140ec7cd22a8d3787db989,9bdebb8cc551de903dd01cd15d05a7e9
81f4873b970b808c24df33b6c3affd7e,dfdc233e20c5a0bdb74ec89289a96469
824fcf3e35291693ebd62687ad9ce76e,9a7f8afc7714521b41100d45f34fdd7d
824fcf3e35291693ebd62687ad9ce76e,e1ddbaf77400520c35295452c5b0d802
827ce232042b96ac9e62ad3e2ff6453b,9e41b035e684a3afcf789e4f16d3ff5d
827ce232042b96ac9e62ad3e2ff6453b,fc3a10f48843831aa74bc1a8ff610df6
828546919a50bc03b6606e8b818d1505,a287ca113e90bd5dd710278979549c2a
82b1644c791a10d7f15a237e96efc05d,d7a10ee30bc2755527a354fd2dcd4a1c
82b1644c791a10d7f15a237e96efc05d,e623d5be23a1a797a5b52295854cf47a
82c6ee0b41271821858b16114563d87c,a241e442214c043c06e3cbbc83904ee8
82c6ee0b41271821858b16114563d87c,a2522b773b522dc6c7d9461f99963f32
82c6ee0b41271821858b16114563d87c,d524e20d3c70b7e6ab192bef5e86b06c
82c6ee0b41271821858b16114563d87c,d6e379c2587987026d29810b267d37b3
82c6ee0b41271821858b16114563d87c,de157fc2ac7befd3d1e87e2fdeaae107
82c6ee0b41271821858b16114563d87c,e2fa3697a975d8ab1d6f613b401f9b2f
82ccc000741ea53905781f67ab4a3f17,99d4627d0a7233549b1a840807bf396f
82ccc000741ea53905781f67ab4a3f17,c595df1f5ba2c76a3c391f7c297d1c3b
82ccc000741ea53905781f67ab4a3f17,ebc1919f45f9da5db0d468ce62cfdf50
82ccc000741ea53905781f67ab4a3f17,fc6f93461ae13e68eb950fdf4bdf5181
8349f15ca9550d68aa10858c6399600c,8546eb75534eb92b1abb929c19c0e26f
834ef39981886c1177569d3c789cab14,9c1d84df6335dae40d3055ca3e463158
834fdd8f5aa69f83fc5319dfcf3effdc,a262ce82ce9aad7f63e74f3716701abe
834fdd8f5aa69f83fc5319dfcf3effdc,dd7c3a91fa84f2a267d51f9ece5cf41d
834fdd8f5aa69f83fc5319dfcf3effdc,f09ac0fbae5ea3dcc18c441522cd7d1d
834fdd8f5aa69f83fc5319dfcf3effdc,f4c35f057ade148da31f42e38e694083
83701a44399ba096f0632a9bb8f991d6,cdabc4c54af6c1d02d5a4e52f9013b7d
83701a44399ba096f0632a9bb8f991d6,f2b4619c5994832ef992c00bdb2c7461
8382308149818a1e13b9f46ac7f9eeba,abe0ac8be90165fd58516379224042ed
8382308149818a1e13b9f46ac7f9eeba,b1e4f8dcbe20fd11b09b4a9ecf25c753
838f6fff15a99363c682ae6b06cc5832,cf81c5ffb41013ac9ebf817190b68ea7
83935005d64f4fe1e99fb3ce168acb88,e4583e21ea6ce3b361cb9edfe7b81617
83ae3e1c94c126bf5445b2d4365ac390,e726492d30ba647aff35e0dc5c0942a6
83b403eaf518c37f0a2b74716b81483f,c080a4db38535a765f521a89e3184aa0
83b403eaf518c37f0a2b74716b81483f,d97a1c396b5c9f39945a0721f6bdf7b4
83b548206876573b818ead5133e0163b,d633f63f6623345056dbd24c166a28a7
83c68741eed32b1ca9a2cc0415ddf58e,bc40d1dde337de1e688d87cd16581aed
841ad6c842fb7b3f6461771b12860e8f,9b2833dfc7fc995cd60c1a0418d29d8b
84258fd3852baefc9eebf632ff357049,c772973ef168bbc561c12b30168803fe
84258fd3852baefc9eebf632ff357049,edb197fbd78dbe64c0513bedc7c2f357
84511eba042b501a2945b2ea76ce784d,b56103fafcd57bff2c58a43e40010e24
84a084223161f58925e78ea52a69a116,94d8477d49631cce8b3c90dce41b32a3
84a084223161f58925e78ea52a69a116,9f1766534108cbf46c820d3425914c8c
84a084223161f58925e78ea52a69a116,cdebac811fc75836aa15d47713ec573e
84a084223161f58925e78ea52a69a116,d0881792b32ee527e0d7e0188485dce4
84adbc3326bd8a7ac710386933449794,f27fe0cea76ebd0780bd25dd7b92d3f0
84c2c0a1f33793a72a2adac0eede2eb7,ae8d91be3e9ab98cc4570a605e408e4c
84c2c0a1f33793a72a2adac0eede2eb7,b2309f25c226f403483ebb81c36114a1
84c3cecb4ddf7dd6441ce197c960f31a,b784ee884837d6f8a8dd033ab71583da
84d23b8da3ced3c5b9eb3a0150462ff9,ebfb6f9a76795938d18b3c4e485a9604
84dd18d4f7472e7eafb696030d7c7e50,f91453e02d253ced46143eaa26cb4240
8521a9e3597313e95ee42b88f9ea6bfb,9b49c9052ac5a26468967291dea8f9b3
85277b9d7c412849fdda7f00689037ad,d0c3e2e6e7d9f8c8cc71f9531d4603d4
85e5c1a7cea2e7d4538c8bf1cfcfc98b,91ec15f8b090348f11024013dbc67c3f
85e5c1a7cea2e7d4538c8bf1cfcfc98b,9ef1ecce967783e7d5d72bc6d5305932
8623c241b97bb6118cd5b35edec6f326,d195216f972c6b4e5cc7486e7b498245
8662de8f617bc8d4c06693c9134da759,be6021ad102ec790120c11d376512950
86a9025f79871063fa7dc0f1db489871,b184c19237a4b2e6d83d2a6ec4173a00
86b1957404d2654837db5f7cfa9d873d,9fcf3098b30cc819ef545403ce538b50
86b1957404d2654837db5f7cfa9d873d,a318c37ee03a48abddd050ca3ebaa1a8
87090ec93c0f06856ee8c203ad1b63ba,fdf07641fbcb7f3e1a7beda23d7464ba
870dd66033f1c7b291bb7aec192a7bb8,ea9ee46ffd2f1a7d492fe23a65a2b396
87120e05fe2d17eb8ed4108361be8083,9c0f92af2eadaa83af08ebb8bbad1f56
871316a76ffb1ef5c0097eaa6fc7d6f2,bff422ae8764928768b4570b272956de
8714dcb7df036e6f1e5af53fb1f97772,97d7e42393bf720d97a2aea5be2c6bba
8734dd854008ffcc86db7b530bb3c236,b460588dfc92ca4dc18605f2af657f0e
8736a5f252148440c254ce27f3cbdfcb,f426bc0d6c6df6fc306a1afd12806757
8758226040fd794efcefffc4231f3952,c07d948bed611f6144628d5913f8f908
877e9d9fc3c4750c3d3a4579c3a60b40,afafc74102f3bb623afd7c62afbc671c
878a59c975c0b0af67a0b00c16d26179,daa23b13d73e6c0c4a136f31042c83f2
878a59c975c0b0af67a0b00c16d26179,fb2a3bb8897299a3b9675416d004bb9d
87cc0c8ec6896e79343c115fd584d429,89f40506bdbb16ebd103b12766758db7
87cc0c8ec6896e79343c115fd584d429,8db4b3ff92098cc3b4e7af5869719863
87cc0c8ec6896e79343c115fd584d429,902c9f1f61e83171325e1a792f2ecae1
87cc0c8ec6896e79343c115fd584d429,a02cf644bc5118e5e473829862bc5886
87cc0c8ec6896e79343c115fd584d429,a7a4b5bf23cb560d08106ef75e1c73f8
87cc0c8ec6896e79343c115fd584d429,a9c578c0edc5e3fc3c13c13810322dbd
87cc0c8ec6896e79343c115fd584d429,c23d5f76ef396a0f520ca6c677dccc1f
87cc0c8ec6896e79343c115fd584d429,c61017c4c119e60ed67e58f8f698f3d1
87cc0c8ec6896e79343c115fd584d429,cfe1ac5b7858b370c320c67133b10c14
87cc0c8ec6896e79343c115fd584d429,da2ae411a236d52fa1e62a224bb1e88a
87cc0c8ec6896e79343c115fd584d429,dd720a31ae01f8066abe782818b59699
87cc0c8ec6896e79343c115fd584d429,ebc1919f45f9da5db0d468ce62cfdf50
87cc0c8ec6896e79343c115fd584d429,ec7faeeeb7e9eac31559b3cbcff9a4b3
87cc0c8ec6896e79343c115fd584d429,efe94917387a9794795e7fc79557dffa
87cc0c8ec6896e79343c115fd584d429,f1d7c1b55f62f504f031711ae0cf9a98
87cc0c8ec6896e79343c115fd584d429,fabd6966abaabe52f19e44a088986cda
87eb76512d998911b5284b73613cb337,97d7e42393bf720d97a2aea5be2c6bba
87fb9c591f479c24e4dcd14c75f9191f,b74320aef4b91403d221dcb1836e65ce
8805f34ff3fa1bd97c07753b41505ac9,c595df1f5ba2c76a3c391f7c297d1c3b
8805f34ff3fa1bd97c07753b41505ac9,dbf470c3eef41bc462f9bf4be7c0338b
8811cfd00710fbe40c5e57315f9574e3,e743a97a75989c44258196a7e610df80
88802a28ee3e688ea971bf112669bd27,cfc20c69cbad0feb08c668c35bbe5c34
890a08abfe8fca041aac3f90dc68945d,8c205c17759f154956e5738c2cd7df3a
890a08abfe8fca041aac3f90dc68945d,906eb161e5842c71b49d43f6af100f8b
8915cd7ce19d0cf1e4008f6d4d695c85,c595df1f5ba2c76a3c391f7c297d1c3b
8915cd7ce19d0cf1e4008f6d4d695c85,dbf470c3eef41bc462f9bf4be7c0338b
8915cd7ce19d0cf1e4008f6d4d695c85,e69901144ab62793342c9d1a1fae6eb5
89684d68130007d48af8af4d2314ffac,d1cf53ef1746be37dce293379165459c
89a241475e29187bff12392fb1776765,97d7e42393bf720d97a2aea5be2c6bba
89a241475e29187bff12392fb1776765,bae532b1ebbdd2e537af9713ed4a7966
89a241475e29187bff12392fb1776765,ed2c979efd0f88dac9e043140c8dcb96
89a241475e29187bff12392fb1776765,f02f52759adfb0c53e270d7988ab70d5
89b318dfd7167d1d8aee8a49597b9a0c,effd03cb26aa9b3c3a93255c02342afa
89b94d7b2e8b43b4f852c287d9423ba4,ee0b2b021003547b8dca743e15d879e7
89bdb09d5599019339288b01a0272a19,f00c467e9471831b155739da601e8832
89be86870b11251de9b74a7d975333de,8ee05c4eb643dcc967fd116b00de1c18
89f40506bdbb16ebd103b12766758db7,9618897eccacf463c5528d3d095ce177
89f40506bdbb16ebd103b12766758db7,a7a4b5bf23cb560d08106ef75e1c73f8
89f40506bdbb16ebd103b12766758db7,aa7d4045e8d65f2e3db4551ee75de2c4
89f40506bdbb16ebd103b12766758db7,c06f3f926cc18b45ba350495c59c0093
89f40506bdbb16ebd103b12766758db7,cdf07468d9c693794f1da0b9ba549c15
89f40506bdbb16ebd103b12766758db7,cfe1ac5b7858b370c320c67133b10c14
8a2a4a87eb64c7d6d43db04a2a5115f2,8e7b5480156d5b27f3f962cf7231f1e3
8a2a4a87eb64c7d6d43db04a2a5115f2,9b401b716387fb6b8d9bf46c2882e696
8a2a4a87eb64c7d6d43db04a2a5115f2,a835cdcfffd5ee8fc242c025ffa28a9c
8a2a4a87eb64c7d6d43db04a2a5115f2,c7f04515d136734545537a05e5f4392a
8a2a4a87eb64c7d6d43db04a2a5115f2,e8d14b09b08840dcdfaf1d3983d6df51
8a3b54c09bd64734761c01ea8b411a37,f04890da38fc25820f00766d7a9a1a12
8a3b54c09bd64734761c01ea8b411a37,fe18d31ee780d7a9ae1b5ff6517091cd
8a3c9e5edb5b5e835fe07db8de2ccf82,dd1cd15ae8ec56745d5bba6c61c3b52b
8a4b1385d348cd8c5a5d2218653dd9a5,97d7e42393bf720d97a2aea5be2c6bba
8a5b6113f6bc63c89a2369ae912efa20,ed64cc654b16706044d253a7e102a819
8a957c994638a987bc1bf854746bfabe,d0dde88f24c8764449aff238039cc78d
8aae4cc9e81bcf893bcc67d94909a23f,efe4d07c041dae5cb13a02b9b0ad9273
8adb08b69ef5a179a7391f6e8c70bfa1,e771673d5d32d1ea67d6dee666abebc6
8aebcfcc30e09fd59b7e401d88e697c9,8d4c019cae4e889b20628528175e00f3
8aeffebb22e810203549523366fac1f4,dbe736e78fed3b0f4703c4ce05472b7e
8af37f5618fb1fd7da834d4cedbca6ff,bc29617aac27456f2b1879d346ec6fe6
8af37f5618fb1fd7da834d4cedbca6ff,da3d9717247fdfd57f6431db8cef985d
8aff4e6a4f144159a11a1ca02d6d7889,dbf8b4692fcc95e430d1af39df38abd3
8aff4e6a4f144159a11a1ca02d6d7889,f42e1203f63303a68073588168d972fd
8aff4e6a4f144159a11a1ca02d6d7889,f5cb4b0f4cd3acfe1956a650241dada1
8b179d82bb4881f73ee266a8b9ae9905,f42e1203f63303a68073588168d972fd
8b179d82bb4881f73ee266a8b9ae9905,f5cb4b0f4cd3acfe1956a650241dada1
8b2e91eabc9c54c6510b5a266352fe8e,cdf0219e4e79884cb7f876b815ad19e9
8b2e91eabc9c54c6510b5a266352fe8e,e18559894f9e96fe5562f83ac72e5d12
8b46b276c2241b188cad16a3ea9edbfd,940ff5d63f015efdd0ba2ccb4f8ef5fa
8b49516de2dabf5d47e6433c95821c3e,fab3e8b068451de4f9a0f34e4d978210
8b6ab8135f1c77450b2b66f69d8699af,d1478fac271e465d959cceab8695722c
8b6ab8135f1c77450b2b66f69d8699af,dcb7727aa1792a84abc8b7efc124a0d0
8b6ab8135f1c77450b2b66f69d8699af,e956e136901857481b89c798a6248a3c
8b6ab8135f1c77450b2b66f69d8699af,f0c47a51445908e133447f491ae07f09
8b7ab8fd18f75ef5f9e72b0195c8df98,c595df1f5ba2c76a3c391f7c297d1c3b
8b7ab8fd18f75ef5f9e72b0195c8df98,dbf470c3eef41bc462f9bf4be7c0338b
8bbc094f6b9bd05d0f74b208c4d22f6c,9ec9a80c3b8342a33358e0a4132dbd0c
8bbc094f6b9bd05d0f74b208c4d22f6c,ba85e78a62cb0da5086a6d87ecb41eb7
8bbc094f6b9bd05d0f74b208c4d22f6c,e63bc2047a021bba59a11d948e888bd4
8c4f8b10aee217a2b78c65d80612939f,dbf470c3eef41bc462f9bf4be7c0338b
8c6e4f9d4cd1a8fc13eb934df1396262,daa23b13d73e6c0c4a136f31042c83f2
8c6e4f9d4cd1a8fc13eb934df1396262,fb2a3bb8897299a3b9675416d004bb9d
8c8aeefc4831ffd3d1d3ae8947d851ec,a349814fc91905612e8323a58845e95a
8c9ae9173042c30680e96e78177682ba,99b4405c99d3567f77df7a00d8685809
8c9ae9173042c30680e96e78177682ba,abb724118f29965452622a192f6a54eb
8c9ae9173042c30680e96e78177682ba,cdfd038669ab67fd0f06f1cedc5bec6a
8cb14a9fbdd93730b1369b5168363949,a45ebc7dd01bcc2f9b7291d3e66aec45
8cb14a9fbdd93730b1369b5168363949,dac89fd1c99286cee5fdc286637b212c
8ccf2a898958420c8d6016237bae3120,daa23b13d73e6c0c4a136f31042c83f2
8ccf2a898958420c8d6016237bae3120,fb2a3bb8897299a3b9675416d004bb9d
8d44ce9f7d12cf9ef6ba808e8ebdc9fc,d492cdfc28c5be311a02b6f1f91b8b38
8d6e9993574cdeddf75f36cbe7f2a69e,9055dea4c3b78f754b822f247314773f
8d6e9993574cdeddf75f36cbe7f2a69e,91a7e4a6b7cf4157468df92bafebe32a
8d6e9993574cdeddf75f36cbe7f2a69e,a6e647fb14d01b1c924ee4503f5af10d
8d6e9993574cdeddf75f36cbe7f2a69e,add2eb9d32cdfbba9162790643a5c455
8d6e9993574cdeddf75f36cbe7f2a69e,d8994e1cb94f0da41819c189fc5f3918
8d748a87e22b709a2b7f189a4630a3a7,e8064cb969c5b5383317e59cc57fb6a8
8db4b3ff92098cc3b4e7af5869719863,902c9f1f61e83171325e1a792f2ecae1
8db4b3ff92098cc3b4e7af5869719863,a02cf644bc5118e5e473829862bc5886
8db4b3ff92098cc3b4e7af5869719863,a7a4b5bf23cb560d08106ef75e1c73f8
8db4b3ff92098cc3b4e7af5869719863,a9c578c0edc5e3fc3c13c13810322dbd
8db4b3ff92098cc3b4e7af5869719863,c23d5f76ef396a0f520ca6c677dccc1f
8db4b3ff92098cc3b4e7af5869719863,da2ae411a236d52fa1e62a224bb1e88a
8db4b3ff92098cc3b4e7af5869719863,dd720a31ae01f8066abe782818b59699
8db4b3ff92098cc3b4e7af5869719863,ebc1919f45f9da5db0d468ce62cfdf50
8db4b3ff92098cc3b4e7af5869719863,ec7faeeeb7e9eac31559b3cbcff9a4b3
8db4b3ff92098cc3b4e7af5869719863,efe94917387a9794795e7fc79557dffa
8db4b3ff92098cc3b4e7af5869719863,fabd6966abaabe52f19e44a088986cda
8dd066b2fa2f4ac2454930f8a4dbc22f,b5231ce558d0ff0c8cd3b7595c5bdb36
8dd2b3d03c91e7c0193e6994b542603c,b5464748e611b3879ab53a331416ca8e
8e162fca1bfbebdff724847bef8bfded,9bdebb8cc551de903dd01cd15d05a7e9
8e7b5480156d5b27f3f962cf7231f1e3,9b401b716387fb6b8d9bf46c2882e696
8e7b5480156d5b27f3f962cf7231f1e3,a87850097693c4f5048a6e5bdc1e2b31
8e7b5480156d5b27f3f962cf7231f1e3,a9af2700ef761e22e334b9c172cedee5
8e7b5480156d5b27f3f962cf7231f1e3,a9dc942a9fcb1b2215cd6b339c76848d
8e7b5480156d5b27f3f962cf7231f1e3,c6ec25b24256f6e1f902a29416ab964e
8e7b5480156d5b27f3f962cf7231f1e3,c7f04515d136734545537a05e5f4392a
8e7b5480156d5b27f3f962cf7231f1e3,e8d14b09b08840dcdfaf1d3983d6df51
8e7b5480156d5b27f3f962cf7231f1e3,f0a7454555d52a667c6df22dc8a28bcc
8e7b5480156d5b27f3f962cf7231f1e3,f1c0e8776928a9cf507eea55f424076d
8e7b5480156d5b27f3f962cf7231f1e3,fb5643b20582ba68d8da8a8dca24c4fa
8e7b5480156d5b27f3f962cf7231f1e3,fefa98da8db666ce806d4af04be8e6fa
8ea75bad1940006a0759ae29ef454602,c595df1f5ba2c76a3c391f7c297d1c3b
8ea75bad1940006a0759ae29ef454602,dbf470c3eef41bc462f9bf4be7c0338b
8ece18cf79ec56e18fca1ac5e0a585d3,cb1bfadd8fb7c690e1ad62eac13a9d31
8ed8b81c340d1a9bf2aa33043395b728,eb08656a54baf31a83a50ea76716140e
8ed8b81c340d1a9bf2aa33043395b728,ec9e59dffbff05e7d9657ba074f07f3b
8ed8b81c340d1a9bf2aa33043395b728,fb8687aa7ac63355c4dc78be7f9fb598
8f378ae772a650110864e3d4028f59e4,a105d5894a485b945b22ba543b32e3c9
8f378ae772a650110864e3d4028f59e4,dec66205497760f896cb9edb679f488d
8f38580f439d30325533e140b53d7155,e4b05aa47ef037333d091ec60214e5b3
8f3acfd65db3724a32f42de5cde512f5,e14556235dfad5570e44bb1db0b7d956
8f62e91346a03ed6e67a968ab6074cc4,f82e09c83a102dbd2059f663bdb55659
8f682925c769dbe4beb74a1d1823d422,daa23b13d73e6c0c4a136f31042c83f2
8f682925c769dbe4beb74a1d1823d422,fb2a3bb8897299a3b9675416d004bb9d
8f6cac597480b164d1d8fb2ddd87bb39,92f3855d7ff28b98f100ef064a6589f0
8fbd3bfcc63961434db53ee3f4b14d39,b9056b967385729ccd24a087d25a5c52
8fcf9ad733ccdb9f12d85910801479c2,b4defaee46792b984817475b07e401b7
8fcf9ad733ccdb9f12d85910801479c2,e743a97a75989c44258196a7e610df80
8ffca15cef0e61e285735e7cf1e49b6b,b2680efed9c0659d9aaf6d754d29915e
902c9f1f61e83171325e1a792f2ecae1,a02cf644bc5118e5e473829862bc5886
902c9f1f61e83171325e1a792f2ecae1,a7a4b5bf23cb560d08106ef75e1c73f8
902c9f1f61e83171325e1a792f2ecae1,a9c578c0edc5e3fc3c13c13810322dbd
902c9f1f61e83171325e1a792f2ecae1,c23d5f76ef396a0f520ca6c677dccc1f
902c9f1f61e83171325e1a792f2ecae1,cdf07468d9c693794f1da0b9ba549c15
902c9f1f61e83171325e1a792f2ecae1,d120c141875b0545696be39e3d176d4e
902c9f1f61e83171325e1a792f2ecae1,da2ae411a236d52fa1e62a224bb1e88a
902c9f1f61e83171325e1a792f2ecae1,e4750dcc3268ebba356557f444761f9c
902c9f1f61e83171325e1a792f2ecae1,ea15834188cc4aa85b0056af93164277
902c9f1f61e83171325e1a792f2ecae1,fabd6966abaabe52f19e44a088986cda
9055dea4c3b78f754b822f247314773f,9e41b035e684a3afcf789e4f16d3ff5d
9055dea4c3b78f754b822f247314773f,da8917a374cf20184785ccc778ba7150
9055dea4c3b78f754b822f247314773f,fc3a10f48843831aa74bc1a8ff610df6
90764af25712324cc0bfc77680624699,cf2ab07eac86380f8c6fc97ce4eabd83
907a530fed3f6e09b5a08e79e35fe17b,a5d959fc83560e92450a0a41d818701f
90cf8ca9603e73d7878f11f6769a307b,ed4fd4b5391ccfbc985a96b9bc5c2170
90e21befbae3adc6aafbfb3812652c53,c052de46d733ebca4d74c16f35837018
90f68b3de56d6cb3ddea7884a10fa1c5,a9c53715f976857d4bc42cb369bb258c
90fd1308dd86665fd997166973e0000f,a81e226fd81222d5633bc72eb6c5fc22
90fd1308dd86665fd997166973e0000f,d5dc6d956f07ea7e4526920b52b236a1
90fd1308dd86665fd997166973e0000f,d9d43c043ac6949a9cdf9ec6ef457602
90fd1308dd86665fd997166973e0000f,e726492d30ba647aff35e0dc5c0942a6
911a08d897280ea9d35a25b9bb912bb1,c24949ee13a13f1ee0616ebada324456
9134d94f0397c73601932972ed2e137b,97d7e42393bf720d97a2aea5be2c6bba
9164a8fa64186529d7b81ef42fbe609b,e7d3a8728dfec9a8fad4b49662798159
917356a99dbb7bc5d5f19f37c0c008ce,fbf6cb5e49d2193714b21353b92d91ec
91a7e4a6b7cf4157468df92bafebe32a,da8917a374cf20184785ccc778ba7150
91cae02fb88f4bef4c734e34c04234ac,cddf5ab9b715f74a16e06aa34cdc9307
91cae02fb88f4bef4c734e34c04234ac,ecb38a9d4cff58f62379c5f4678f7535
91ec15f8b090348f11024013dbc67c3f,9ef1ecce967783e7d5d72bc6d5305932
91fea2e7c48116b85ea91d40da551f59,9b83d6647115de3a094bf4cc5fc2f88b
91fea2e7c48116b85ea91d40da551f59,db243f5365ffda2f10fadb749fcdcc02
91fea2e7c48116b85ea91d40da551f59,ee960ccdb8f984f84427cde5432aabe3
92063ed926a76cd7513b58b9f1684f81,e685866f0c6e100bab262446388f71ee
920e731c2eba12211c5e968a9d4afb42,c3b9f4462c2fc87782a7b31ca2161cf5
9226a1ec550f3e62cdd86c32b62c6a63,a196377e707ce8930f4c126e18a58ac8
9226a1ec550f3e62cdd86c32b62c6a63,a848e3ad980bbe1166a242b3b2a1f545
926a902055d446569f06300f61f8a611,ae5248f8fa2774530a62872fbdc74135
927117835069888d07fd7d4bbf3aade1,c052de46d733ebca4d74c16f35837018
927b403bec1374ee04d58b7c613a2fdc,bb6126b09ffed022edf8dd07efdbb333
9285f44298477765bcd2d19c747f4dcf,9eb2414da5c84367f40d013d8e651651
92b94d2c3ecb2903db3e80b5f5f65302,96803da0d31000a13e6235506a1754eb
92f65a304571090aa4719fd68854ce14,aac43cb2d6068929955deeb52c2a270c
931149e4d1ba7a3ff841765e15374f1d,bf0f28e9d0d6603873bd3951434526bc
9316504218006bf13cf95459ebf5a545,97d7e42393bf720d97a2aea5be2c6bba
9316504218006bf13cf95459ebf5a545,bb2d27e49d227f22d8432e207da87e04
9316504218006bf13cf95459ebf5a545,e6a8ad361fa357ea187f2c538dacbdfc
93307239ad5cd3bd338e61241720be84,a104f15d16bfe3e445b8c2dd30a7cf39
9352ea8e3d6b6dd9882945dfe10d4e90,9e3958b0575537f6529414db474bd8d9
9368fb4a5cb45e5ba9e921bbb0df3f92,fbbd7db442ea75a910556a69c5178cbb
937fca82f365bc0742104b98d544e026,ec6d3677ecb7d849ed255af8efa25397
93ab179de2c83b4bcf441902ea392dab,9b83d6647115de3a094bf4cc5fc2f88b
93ab179de2c83b4bcf441902ea392dab,dec66205497760f896cb9edb679f488d
93ab179de2c83b4bcf441902ea392dab,ee960ccdb8f984f84427cde5432aabe3
93ad9cd959b0a526865f5dec64494006,cfb28850a08bd9460d000e97c302dd84
93f9ef6e65c07c2d70c15f6fa5de23e6,dde3c17e03d4afe51260977056eed6de
942a221602fa184293e61514f50ba6b0,98c854cec0bf7881a16bc89a423abcdc
94328758a117e1a65de81b264477f61b,ee12bc3c83413e7a6123151a14786ba5
944d60b0a8c253d19fe7a5b4e896ff96,970801670c6f7567864ce8b416a5d4e3
94521db7ac820db4f0874d5d80d45e37,c595df1f5ba2c76a3c391f7c297d1c3b
94521db7ac820db4f0874d5d80d45e37,dbf470c3eef41bc462f9bf4be7c0338b
94767b8910afec20f6cabeb5ff03fbfd,c63360c51f673347d31310d05d5ddd80
94d8477d49631cce8b3c90dce41b32a3,bd46fd6ae2dabb0d09f29a76bb363eff
952d0760c0ad5d49daad1742690f0df7,adbf89cd27a48c521c17d9a1129fb12c
95613244420f78639677d662b6b13d87,bad053f4a819e210ac210908f14cd6e1
9566731ed0752af7fcccc0e3cfbd0d96,956eccf0f5cb844a958abec02b7ba1fd
956eccf0f5cb844a958abec02b7ba1fd,d40fdcbaa888e47a9757bc81bb84a475
9598d91be2f48456395546a8bd685fc7,b44ce5edc1f0b1257ad0e003faf756ef
9598d91be2f48456395546a8bd685fc7,cb05e5d38158bea7b958d907a30db427
95b5fdc045907bd29abb941c9bdb4cd9,f0c63c7dcbb6ed9c15ca3c7e27464bdf
95c6a692c163558d2b8a917f52df1774,9ce50da609a1952cb0dae0d54ebed7f6
95cf078d8297e15e912f75355a5f98d3,b2309f25c226f403483ebb81c36114a1
95ff32769e3b6643e3398395c8626037,c6d609e5755122be73006e3d1b12befa
95ff32769e3b6643e3398395c8626037,d09fa69c6d5615c26aac2f825b8e7328
961832130e578cdc180308d4a548d4c9,ae3cecf07cc3a43a13e6771f6cbf8524
9618897eccacf463c5528d3d095ce177,aa7d4045e8d65f2e3db4551ee75de2c4
9618897eccacf463c5528d3d095ce177,c06f3f926cc18b45ba350495c59c0093
9618897eccacf463c5528d3d095ce177,cdf07468d9c693794f1da0b9ba549c15
9618897eccacf463c5528d3d095ce177,cfe1ac5b7858b370c320c67133b10c14
962a77b8e32fbffc7bb751e32a2840f5,c5a72a318ac0c190d3fe9d3b97f5ba62
962a77b8e32fbffc7bb751e32a2840f5,d6d6c0810cbd7f94127b32aa11b18fdc
962a77b8e32fbffc7bb751e32a2840f5,edda894e130693e415f4972f242567ad
962a77b8e32fbffc7bb751e32a2840f5,f32651105c9bfb2580594981576891e0
962a77b8e32fbffc7bb751e32a2840f5,fab3e8b068451de4f9a0f34e4d978210
963467b3533a66304c7c58d5a563d873,aa7d4045e8d65f2e3db4551ee75de2c4
9670e7c65eccadf1f983219b8617321e,b16542021a6ee67dcd2bc5c36e3ff732
9670e7c65eccadf1f983219b8617321e,cedcf9efc8ad5d323edeca2378e56dd5
967433e64c39769d8b9ec0585a1b89dc,ecc81f1406369410d481640b04e9f381
96803da0d31000a13e6235506a1754eb,9d20835c62ad11b0001c02a8bfc1488f
96b9e645f4729532f2f908642157a11e,ca8c2246881cac98ef5c9c73afe83457
96e78c51ae1c660625532a697ec94dff,e726492d30ba647aff35e0dc5c0942a6
9701715954dcca3a423a6f32c2e4fcf9,f3b631e0e5352156923366830f6d5c67
970eae28186af77ed9faf88fd486ac91,d0cab92225f158dcfbf29877ec297ec0
974e6c82cca769f598262d065a019d1c,a508f7dd5cafa20f7dd4eac9bcdb36f8
974e6c82cca769f598262d065a019d1c,ec57ee5acd579000029870f90d866a32
9767dcc4bdc94466edb9c0f6562e04b7,a81e226fd81222d5633bc72eb6c5fc22
97d7e42393bf720d97a2aea5be2c6bba,9f673c5fe49a7db80be2f62fab1cbc15
97d7e42393bf720d97a2aea5be2c6bba,a6d91a37b0fcaff9209bb5b29392034d
97d7e42393bf720d97a2aea5be2c6bba,a7327cf1b3d1e96cdbebad316db27c80
97d7e42393bf720d97a2aea5be2c6bba,a771d8d0055f7bf8b1c60e4d1fdde873
97d7e42393bf720d97a2aea5be2c6bba,b84ab04203fcb94af3c4c8bc39d95b8d
97d7e42393bf720d97a2aea5be2c6bba,bae532b1ebbdd2e537af9713ed4a7966
97d7e42393bf720d97a2aea5be2c6bba,bb2d27e49d227f22d8432e207da87e04
97d7e42393bf720d97a2aea5be2c6bba,bcb54520acbde59f2ec1d06c7d8c65f1
97d7e42393bf720d97a2aea5be2c6bba,c9989b27cdcfbbc7fd47d87d17c93831
97d7e42393bf720d97a2aea5be2c6bba,ddc54515a5f77dd518a728052f57fdde
97d7e42393bf720d97a2aea5be2c6bba,dfedb1c8e2f8fbecff8bb52fc5cbcad0
97d7e42393bf720d97a2aea5be2c6bba,e5d48eaa4e45615ed36e9c2a89d64130
97d7e42393bf720d97a2aea5be2c6bba,e6a8ad361fa357ea187f2c538dacbdfc
97d7e42393bf720d97a2aea5be2c6bba,ed2c979efd0f88dac9e043140c8dcb96
97d7e42393bf720d97a2aea5be2c6bba,f02f52759adfb0c53e270d7988ab70d5
97d7e42393bf720d97a2aea5be2c6bba,f5d20407ed6ca2d6082061e93ff2135a
97d7e42393bf720d97a2aea5be2c6bba,fc1d0a287ee5aab4bc8432e74bce772c
97d93e4c313dbcba12cf28b4e6291626,99498e219bc6cb5414be9eb9828cad32
97d93e4c313dbcba12cf28b4e6291626,ff0727f920ae30cc0200616c00f2d01b
97e2f59c73d64ec484ec4056659f677a,bd91fa0bc179516dff8757f226e34e9a
980c35da95e84668d8fc5594bed10306,a4389746d0f3d309f9a00e3ce9f1b5cf
980c35da95e84668d8fc5594bed10306,fab3e8b068451de4f9a0f34e4d978210
984fe1f8988472a5631c504d0c8ef27a,b712a073463840f5dd609ef5edf2f4c0
985627ee0b33168ce0c4e4b7c98c77eb,ed1c650bfdd379f7c870bdcb7c06e2cd
98b8650d16643696897849e14e187e3b,b6ddfc3c248df47d1355c996d83f87c2
98f1f017f8695e00e050c10a73bbb947,b5464748e611b3879ab53a331416ca8e
98f7dd12c5dfbba3a5eb0c741e7bd528,aad93bb897a7dc83e21212050beb9429
9921ec79716e920b406c86c210879c75,b48f66588615e082390cd535a289c400
9921ec79716e920b406c86c210879c75,e2bb3bc80b5cf1371506471d84fed5ca
992593305221bf9190615dea06927fdb,c2de2147d601f9aa0659813d77172a75
9947b0bd8c5924d97969016af3c31cbd,f63c4a7c25930219a68a7037038eaa8d
99498e219bc6cb5414be9eb9828cad32,aff08f960889f9a011c949df523f1844
99498e219bc6cb5414be9eb9828cad32,e726492d30ba647aff35e0dc5c0942a6
9966b4f7b6877bd5eb0dffbe4f4c30bb,cf83ea0cd19fa7b01554ac801cdfe92c
9966b4f7b6877bd5eb0dffbe4f4c30bb,d5d4292b3e20c214fb38d93ffb93d285
99995b8d44ce7f4b5aef0225c39277ad,99995b8d44ce7f4b5aef0225c39277ad
99995b8d44ce7f4b5aef0225c39277ad,a3b1fa4efb2566ab4ee7c9c7a48a2605
99995b8d44ce7f4b5aef0225c39277ad,d6f8e28a9c73bfa99d927bd33dcf95b3
99995b8d44ce7f4b5aef0225c39277ad,e28dbac997b9be4c66fd6a6a38095e80
99a2edc9756dee078acfc1c8c3958963,faa78c952f37d3bedfe5ac3c31ffb508
99d4627d0a7233549b1a840807bf396f,9f812f0731df6aa00b1f1bee73e1781e
99d4627d0a7233549b1a840807bf396f,a81e226fd81222d5633bc72eb6c5fc22
99d4627d0a7233549b1a840807bf396f,ad06a4e56e82de266a9731daa3df6596
99d4627d0a7233549b1a840807bf396f,cc18f108b1a774d0b2458c949fe3da4c
99d4627d0a7233549b1a840807bf396f,df0b55e53029d3304b7d77642f879ca2
99d4627d0a7233549b1a840807bf396f,f426bc0d6c6df6fc306a1afd12806757
99e6878d938834527f5b8ebb41b1a36e,ff446ec120497deeaaba986649a9a1c3
9a39bdb7cfb9c957735388b211f107f9,bf016387d27982f754681f307cd78599
9a39bdb7cfb9c957735388b211f107f9,c37b9d3f9fc0efad06dd5d0141a2b6cb
9a3d56689f310fe2119e9315c1d9725d,cc40ad9f59a605f4f7251b2105ee11fa
9a4091a7f18149cdd9b32f507009817f,b884972470269827d2ddf918cf073398
9a4091a7f18149cdd9b32f507009817f,bb2cb996db28b0814a4eb840b8245b61
9a5f19db7fff380edcc3384ece808387,e69901144ab62793342c9d1a1fae6eb5
9a7f8afc7714521b41100d45f34fdd7d,e1ddbaf77400520c35295452c5b0d802
9a8c07f833b7b4a36aaeb7feb3adeffa,a3973f94934685405eb1ebb6eeb3e45f
9a8c07f833b7b4a36aaeb7feb3adeffa,d34c97d4c8d727f415a81231da2a1c18
9ac1e9832b6722e601d1f15962b89641,f0f4badff8e3e4b723521ebb9ae1b146
9ad07204a48d1efb577b556f6563b1b4,bb4329bdd7c007677ae6a9fbd47dda90
9ad07204a48d1efb577b556f6563b1b4,d956173169df62ce54c1a2952eeaa557
9ad07204a48d1efb577b556f6563b1b4,ece8a8294fbc8d93244154c49673b733
9b1d4f405eac7d710c2ea3c3fbdf4e97,e726492d30ba647aff35e0dc5c0942a6
9b401b716387fb6b8d9bf46c2882e696,a87850097693c4f5048a6e5bdc1e2b31
9b401b716387fb6b8d9bf46c2882e696,a9af2700ef761e22e334b9c172cedee5
9b401b716387fb6b8d9bf46c2882e696,a9dc942a9fcb1b2215cd6b339c76848d
9b401b716387fb6b8d9bf46c2882e696,c6ec25b24256f6e1f902a29416ab964e
9b401b716387fb6b8d9bf46c2882e696,c7f04515d136734545537a05e5f4392a
9b401b716387fb6b8d9bf46c2882e696,e8d14b09b08840dcdfaf1d3983d6df51
9b401b716387fb6b8d9bf46c2882e696,f0a7454555d52a667c6df22dc8a28bcc
9b401b716387fb6b8d9bf46c2882e696,f1c0e8776928a9cf507eea55f424076d
9b401b716387fb6b8d9bf46c2882e696,fb5643b20582ba68d8da8a8dca24c4fa
9b401b716387fb6b8d9bf46c2882e696,fefa98da8db666ce806d4af04be8e6fa
9b51fa36e7bf7cdb1ec9c91071f5c1f6,9c5142e485c7ca9dcbd5cbc81a59d0e5
9b51fa36e7bf7cdb1ec9c91071f5c1f6,f312797316dad9ff65a7a663e4209b97
9b83d6647115de3a094bf4cc5fc2f88b,aa7d4045e8d65f2e3db4551ee75de2c4
9b83d6647115de3a094bf4cc5fc2f88b,db243f5365ffda2f10fadb749fcdcc02
9b83d6647115de3a094bf4cc5fc2f88b,ee960ccdb8f984f84427cde5432aabe3
9bb7f9fb415116273409c45ab669216b,da4aeb69727cad2549ff6aef618d75ba
9bc7dd6f2a2f5fe11e84da920828addd,d8dd54c70575833601360d8b09fda06e
9bc8411082347acd7bd9b877a7891916,e26dabcbd690e46248f6fe2f07298d97
9bfdb900c0ce64bc3fc5bf28bbc18797,a892e2a953348bad0ba2caaca88a3d8f
9bfdb900c0ce64bc3fc5bf28bbc18797,a928ad62d56f416c5a37b53408ced7f5
9bfdb900c0ce64bc3fc5bf28bbc18797,e79952cd7c9c254374430c7fdf59c9fc
9c0f92af2eadaa83af08ebb8bbad1f56,a527bdf8b2adf0e93349398a841d4764
9c0f92af2eadaa83af08ebb8bbad1f56,b2511f6417f44a54c21d7b9be48e09e0
9c0f92af2eadaa83af08ebb8bbad1f56,efb27db69d41551b6f38e30d37578fc3
9c0f92af2eadaa83af08ebb8bbad1f56,fdafdd7fe5d83aaf35e8bf2cc2080f4a
9c1c0097cd2c01bc116de7d8fb19b6b2,ace471544b07023622b6b7bfa793db4d
9c208e4875feecc340657de4d8f02e87,d74b2767bf4c762b15c2141aa4b91b4a
9c282527127d178e8f52e1f47812af2d,b2680efed9c0659d9aaf6d754d29915e
9c28c0ade77fe174b3f18f92be40e1dc,a1f3ebd19de385ee18d44af27d7747c9
9c29e7d82db3ad9dbc5d67905475e667,f84b0d71a4c5ae1244a556beb46d3f2f
9c3db0778932fd7ad6fe27b51b9ac089,b693878035f34516d7d8a0b8d3cc2439
9c3db0778932fd7ad6fe27b51b9ac089,d7b59130b16968900ae93d26e51a21da
9c5142e485c7ca9dcbd5cbc81a59d0e5,f312797316dad9ff65a7a663e4209b97
9c6c2f2dba25142a3dada5380224f596,bbc8438430dd30b3da2a6cba4311bcb7
9c7734c469874858b6d46e57c949e25d,9e415cd3fd1b02da273146b6a9968264
9c7734c469874858b6d46e57c949e25d,f1bf1446f7d2ce23c54a8606d8cab366
9c899994ba1536a46816dd5715c69db1,fbea0f43931d0a9a3b7cb3ad211a4dca
9c899994ba1536a46816dd5715c69db1,fe08e59e3511bc183f07baf67799c645
9c929c09ce8d479e449cf970cc9c319a,ced0cc0deaa89c7aac6c14cca5d333ce
9ce39ea886023961ed52bc1e9c699335,ae3cecf07cc3a43a13e6771f6cbf8524
9ce39ea886023961ed52bc1e9c699335,c595df1f5ba2c76a3c391f7c297d1c3b
9ce39ea886023961ed52bc1e9c699335,cc65f0cc5fe66cf50262c8dc64665ad8
9ce39ea886023961ed52bc1e9c699335,dbf470c3eef41bc462f9bf4be7c0338b
9d22f5d3635acb90bbdfb2049363cf62,cdf07468d9c693794f1da0b9ba549c15
9db2eba4afbea6bcf4880c1da8e33366,d0837804e641c794e8868f5e3b73e6c3
9e3fc5fbfe848c4281eaa0fd2aaa636d,9fa0e18f1c9a6f191a11f4cea2018844
9e3fc5fbfe848c4281eaa0fd2aaa636d,c9c00fc7796cfb0d00417a553c16557d
9e415cd3fd1b02da273146b6a9968264,f1bf1446f7d2ce23c54a8606d8cab366
9e41b035e684a3afcf789e4f16d3ff5d,a6e647fb14d01b1c924ee4503f5af10d
9e41b035e684a3afcf789e4f16d3ff5d,add2eb9d32cdfbba9162790643a5c455
9e41b035e684a3afcf789e4f16d3ff5d,d8994e1cb94f0da41819c189fc5f3918
9e41b035e684a3afcf789e4f16d3ff5d,dae58ccf0fdb5feb005e91d5af157d7f
9e41b035e684a3afcf789e4f16d3ff5d,fc3a10f48843831aa74bc1a8ff610df6
9eb0986d29cc7e03690f34a9845070b4,a20fdfb2fb8c71cb0cc4c7d7edab056f
9eb3bf485ebdb3312afcb6d7fa4b8428,b593e273ea1b1d5b067e7e9aa7ee17a0
9ebe77c376316da09fbd8faf721e4ede,b30b7e209334b2907fa044f307c55a32
9ebe77c376316da09fbd8faf721e4ede,c05975de59af4fb9e75d142c60ddc535
9ebe77c376316da09fbd8faf721e4ede,ca5894737bf9372de3944446f6aa991a
9ebe77c376316da09fbd8faf721e4ede,cb55246922cd76c87675cd0e92714cef
9ec9a80c3b8342a33358e0a4132dbd0c,e9803083508a57bd10019ef2f7061fb8
9ecf14ca065e72d211265dcd6aa99738,f7f28b5b8c70e9447050e5c10c2e4b74
9ecf14ca065e72d211265dcd6aa99738,fae9e0975924ebe0b75dc162832c257a
9ecf624c831f3088f18bf434f382b78e,a2ebd82b5b83cbe673155782b1cbf0c9
9ecf624c831f3088f18bf434f382b78e,a4c2ffd72d31a68f0f9d0f0ef190d30d
9ecf624c831f3088f18bf434f382b78e,e69901144ab62793342c9d1a1fae6eb5
9f12cb33e02e7b099b806c1512fd06cd,9f812f0731df6aa00b1f1bee73e1781e
9f1766534108cbf46c820d3425914c8c,aaacb494e19423b54698a95b28c84e63
9f1766534108cbf46c820d3425914c8c,cdebac811fc75836aa15d47713ec573e
9f1766534108cbf46c820d3425914c8c,d0881792b32ee527e0d7e0188485dce4
9f1e54ec0df11b909fe0f1d8f0b7bad9,b6f805cdb73f2881e136984f4dd4118a
9f812f0731df6aa00b1f1bee73e1781e,f2f464a17e28572a9ff420a44b043199
9f812f0731df6aa00b1f1bee73e1781e,f52d2ab1adc6da96568d934a370380e8
9fa0e18f1c9a6f191a11f4cea2018844,c9c00fc7796cfb0d00417a553c16557d
9fcf3098b30cc819ef545403ce538b50,a318c37ee03a48abddd050ca3ebaa1a8
a024148934a558ef6e8d2e0869eecd0c,f5ce21cd04b2454866ad2213fc15d3f3
a02cf644bc5118e5e473829862bc5886,a7a4b5bf23cb560d08106ef75e1c73f8
a02cf644bc5118e5e473829862bc5886,a9c578c0edc5e3fc3c13c13810322dbd
a02cf644bc5118e5e473829862bc5886,c23d5f76ef396a0f520ca6c677dccc1f
a02cf644bc5118e5e473829862bc5886,c595df1f5ba2c76a3c391f7c297d1c3b
a02cf644bc5118e5e473829862bc5886,c80ed6e4aa1f251f35952653b7c9ca8e
a02cf644bc5118e5e473829862bc5886,cdf07468d9c693794f1da0b9ba549c15
a02cf644bc5118e5e473829862bc5886,d44df7668f75c8f084cdada0a7a1aae0
a02cf644bc5118e5e473829862bc5886,d6feeaed5bb9195ac670b5692ba10104
a02cf644bc5118e5e473829862bc5886,da2ae411a236d52fa1e62a224bb1e88a
a02cf644bc5118e5e473829862bc5886,dbf470c3eef41bc462f9bf4be7c0338b
a02cf644bc5118e5e473829862bc5886,dd720a31ae01f8066abe782818b59699
a02cf644bc5118e5e473829862bc5886,ebc1919f45f9da5db0d468ce62cfdf50
a02cf644bc5118e5e473829862bc5886,ec7faeeeb7e9eac31559b3cbcff9a4b3
a02cf644bc5118e5e473829862bc5886,efe94917387a9794795e7fc79557dffa
a02cf644bc5118e5e473829862bc5886,fabd6966abaabe52f19e44a088986cda
a074673b02953b09c357cc5914bfb151,c58ccb658c4519f493938cfff5ab721f
a0a019646a53c3698b310e08af61d35e,e1c231516fb595fad01b118898653428
a0aaf9c0f0db6f4ec50ebc21f29f4031,d3e630fb996469c28969da153090f5f4
a105d5894a485b945b22ba543b32e3c9,a9aa5eca579ca73231fa30303b1e4831
a105d5894a485b945b22ba543b32e3c9,dec66205497760f896cb9edb679f488d
a105d5894a485b945b22ba543b32e3c9,e4750dcc3268ebba356557f444761f9c
a105d5894a485b945b22ba543b32e3c9,ea15834188cc4aa85b0056af93164277
a1406eabae5cec65817dd4b7acec90d9,f01b290643ffaa1c9114450948c4fa3d
a1935ac532c35a267ff859cf6f615fd3,d52530a4c3abbe4b4163d96d0eb12dd7
a1935ac532c35a267ff859cf6f615fd3,fab5363f451b378dedc4ccfac87edfce
a193989525188981ce0401a623f65e04,cd3e9b0a4ef87a4e58c66c55acf377e3
a196377e707ce8930f4c126e18a58ac8,a848e3ad980bbe1166a242b3b2a1f545
a1f3ebd19de385ee18d44af27d7747c9,ba16086eac2d76d355ce69065be45290
a212863b7c50ddb010549dc91eb43b9e,e04788e71791c07ad13f937efbdcca27
a233f96d49eea9a90bb67831ef826fef,e561d76bd22a7b7d3445a90984e86796
a241e442214c043c06e3cbbc83904ee8,a2522b773b522dc6c7d9461f99963f32
a241e442214c043c06e3cbbc83904ee8,d6e379c2587987026d29810b267d37b3
a2522b773b522dc6c7d9461f99963f32,d524e20d3c70b7e6ab192bef5e86b06c
a2522b773b522dc6c7d9461f99963f32,d6e379c2587987026d29810b267d37b3
a2522b773b522dc6c7d9461f99963f32,de157fc2ac7befd3d1e87e2fdeaae107
a2522b773b522dc6c7d9461f99963f32,e2fa3697a975d8ab1d6f613b401f9b2f
a262ce82ce9aad7f63e74f3716701abe,dd7c3a91fa84f2a267d51f9ece5cf41d
a262ce82ce9aad7f63e74f3716701abe,f09ac0fbae5ea3dcc18c441522cd7d1d
a262ce82ce9aad7f63e74f3716701abe,f4c35f057ade148da31f42e38e694083
a287ca113e90bd5dd710278979549c2a,d179cb7046146ddb40749a6b5f57938b
a29f8ec621122bf5beab36a13a8e9626,c58ccb658c4519f493938cfff5ab721f
a2c335a511d1b45b464839ef6567b79d,daa23b13d73e6c0c4a136f31042c83f2
a2ebd82b5b83cbe673155782b1cbf0c9,a4c2ffd72d31a68f0f9d0f0ef190d30d
a3129d86b7f3b86f4d821c65817bd825,b7be0a7905e5657c1fecb404c67cb418
a3141786c4aebb2b768b2a64b8139a29,c2de2147d601f9aa0659813d77172a75
a3343905a9fe8ad9c99d7200840a391c,c817245d808fcc63d1532f4ba9b3f5af
a3720302e597ad8ba931d2880d898ba0,e2fff22f54dd65543375cdc1a07a6a7b
a3973f94934685405eb1ebb6eeb3e45f,d34c97d4c8d727f415a81231da2a1c18
a3acb5169253deed47f03426b3ee669c,daada69d5941bb7569d1b8c08636d8a8
a3b1fa4efb2566ab4ee7c9c7a48a2605,d6f8e28a9c73bfa99d927bd33dcf95b3
a3b1fa4efb2566ab4ee7c9c7a48a2605,e28dbac997b9be4c66fd6a6a38095e80
a4389746d0f3d309f9a00e3ce9f1b5cf,e7c8f6a9114377a1fa8907d13b97c504
a4389746d0f3d309f9a00e3ce9f1b5cf,f3c0fd4636069bae3b69420bdd84f6cb
a44c43ad934a2e7c2b650e22ead22856,c4429fcc92c8dec02b30ab4df6e94ec9
a44c43ad934a2e7c2b650e22ead22856,fabb3273d11be554bc31d1b8ae0409e6
a45d0bb0f6b8ef11a0fcf9be9e9fcbd7,e1c231516fb595fad01b118898653428
a45ebc7dd01bcc2f9b7291d3e66aec45,ac282d21fa50570d8606637144cc7b34
a4643ccc239c5f9f5c410ead6346e396,c595df1f5ba2c76a3c391f7c297d1c3b
a4643ccc239c5f9f5c410ead6346e396,dbf470c3eef41bc462f9bf4be7c0338b
a46f3f9644ce798321347e39cf6161d9,dec66205497760f896cb9edb679f488d
a485ad98d1c44748348ffc79b38d9686,e748e1386e4073b0ff2c9bf752fb6a12
a485ad98d1c44748348ffc79b38d9686,e890482245c8f7294513821213c3ee7a
a527bdf8b2adf0e93349398a841d4764,a84190424274808ee909e35a588b0e38
a57337d9b77ea058fc2f005a9aeff3b6,bc1be61ed24285833ae1aba309a827c8
a58de53e691d283dcd1549043a41c10a,edc7130a58c4d69e727b611dabad3c42
a5f2a2567a350dca1ff4ab5d9c2414c0,e70105d7788a5d736ae6805a7f230521
a5fd8e44adc5dad15ac2974ca246d076,f4789c435eafffac46e41c8b9c160b04
a63804afa14c6e68b3f247de4c98f294,d11e247a53890ee2e5ed0562d9be49c1
a63804afa14c6e68b3f247de4c98f294,e912add67c4ef1e51cb1d71f86138ec3
a6435203879f65e548786bccfd767093,c22db1484482a2310a2d9da1287a979b
a67ed61cc26f8af7e781a0d60f7228e8,e21b6fd3db4f429ef0d358ebf21d1f78
a6907af7309c86ed3c159f09cf78f6fe,ba16cf149796acf3c33e79fab2e46d74
a6af6469f3e87213c22627cd2ff9d255,c595df1f5ba2c76a3c391f7c297d1c3b
a6b8d3a414f0330823ef770310e46d65,d6ac4d10f39e78bbfb6de0670d06519f
a6b8d3a414f0330823ef770310e46d65,dd8978ab2eec6af847718854fd89937d
a6be71bfec9ff30f5cbd737f0bfbf23e,cbfbeba4fea284217160b2e0ed2a44ed
a6e647fb14d01b1c924ee4503f5af10d,da8917a374cf20184785ccc778ba7150
a6e647fb14d01b1c924ee4503f5af10d,fc3a10f48843831aa74bc1a8ff610df6
a6f15f514a6b9ac49efded144056e903,ac5bc2af31ef94712f413849147f6d5b
a71b51f2024acde128342be6e0850f9c,cd80e2baab3e1189b5b253c0a76b8740
a7327cf1b3d1e96cdbebad316db27c80,bae532b1ebbdd2e537af9713ed4a7966
a7327cf1b3d1e96cdbebad316db27c80,c4efa54c2540d009d46c45beb7dde41b
a7327cf1b3d1e96cdbebad316db27c80,ddc54515a5f77dd518a728052f57fdde
a7327cf1b3d1e96cdbebad316db27c80,ed2c979efd0f88dac9e043140c8dcb96
a7a4b5bf23cb560d08106ef75e1c73f8,a9c578c0edc5e3fc3c13c13810322dbd
a7a4b5bf23cb560d08106ef75e1c73f8,aa7d4045e8d65f2e3db4551ee75de2c4
a7a4b5bf23cb560d08106ef75e1c73f8,c23d5f76ef396a0f520ca6c677dccc1f
a7a4b5bf23cb560d08106ef75e1c73f8,cdf07468d9c693794f1da0b9ba549c15
a7a4b5bf23cb560d08106ef75e1c73f8,cfe1ac5b7858b370c320c67133b10c14
a7a4b5bf23cb560d08106ef75e1c73f8,d44df7668f75c8f084cdada0a7a1aae0
a7a4b5bf23cb560d08106ef75e1c73f8,d6feeaed5bb9195ac670b5692ba10104
a7a4b5bf23cb560d08106ef75e1c73f8,da2ae411a236d52fa1e62a224bb1e88a
a7a4b5bf23cb560d08106ef75e1c73f8,dd720a31ae01f8066abe782818b59699
a7a4b5bf23cb560d08106ef75e1c73f8,ebc1919f45f9da5db0d468ce62cfdf50
a7f8a548b8dd698bfeb9195e84240d97,ca543b5b50bfb7fb53377ad4d0d08f85
a81e226fd81222d5633bc72eb6c5fc22,c4442ff069191e635c9615d2c24f6406
a81e226fd81222d5633bc72eb6c5fc22,c476dac76ec39e90e277df25af0314d5
a81e226fd81222d5633bc72eb6c5fc22,e561d76bd22a7b7d3445a90984e86796
a82361167e9a5fba29b05f8fd3c353cf,b9056b967385729ccd24a087d25a5c52
a82b84c238f1a479678e1bd644e2dd9a,c58ccb658c4519f493938cfff5ab721f
a833932ec4ec789d8f9793f1339ce0cc,e50a0fe209c20e011973f6b72c666764
a835cdcfffd5ee8fc242c025ffa28a9c,d9f4d8093585d1edbbccc7fca18d8de3
a84190424274808ee909e35a588b0e38,b2511f6417f44a54c21d7b9be48e09e0
a84190424274808ee909e35a588b0e38,efb27db69d41551b6f38e30d37578fc3
a84961430083d16921449bcc755a4b5c,b2273b1e4ffa5f0193c68a6964bb0ad7
a84961430083d16921449bcc755a4b5c,d01505d9ca027d8920f7770b152a2f20
a84961430083d16921449bcc755a4b5c,e9ce248fdd8466ca6c9f68f02fcc8646
a84961430083d16921449bcc755a4b5c,ea6598a704d545f75c29d1739e3a60f2
a84961430083d16921449bcc755a4b5c,f5dfc13ca79a04a8af148c23c5639c85
a85a8a2b0c56f79d6472647de8b3c408,ac7210b7353448fae873ef1a2e368b23
a85a8a2b0c56f79d6472647de8b3c408,e40a5ff21510afd0d3de86902d543bf2
a85a8a2b0c56f79d6472647de8b3c408,fdf59dee39cb0a742b62d10df542c118
a8606646d690c7d4be710cee875b24cd,f84b0d71a4c5ae1244a556beb46d3f2f
a87850097693c4f5048a6e5bdc1e2b31,a9af2700ef761e22e334b9c172cedee5
a87850097693c4f5048a6e5bdc1e2b31,a9dc942a9fcb1b2215cd6b339c76848d
a87850097693c4f5048a6e5bdc1e2b31,c6ec25b24256f6e1f902a29416ab964e
a87850097693c4f5048a6e5bdc1e2b31,e8d14b09b08840dcdfaf1d3983d6df51
a87850097693c4f5048a6e5bdc1e2b31,f0a7454555d52a667c6df22dc8a28bcc
a87850097693c4f5048a6e5bdc1e2b31,f1c0e8776928a9cf507eea55f424076d
a87850097693c4f5048a6e5bdc1e2b31,fb5643b20582ba68d8da8a8dca24c4fa
a87850097693c4f5048a6e5bdc1e2b31,fefa98da8db666ce806d4af04be8e6fa
a892e2a953348bad0ba2caaca88a3d8f,a928ad62d56f416c5a37b53408ced7f5
a892e2a953348bad0ba2caaca88a3d8f,e79952cd7c9c254374430c7fdf59c9fc
a8b302135f29effeff374155a335ff6b,c9c1c3ca226a6dbe87493eef016728f1
a8f2d8dbfbf21e76d6a481bfd5e560cc,e7c78f3b20e39ec786ab6d8cdae838b0
a928ad62d56f416c5a37b53408ced7f5,e79952cd7c9c254374430c7fdf59c9fc
a9506bf795861476243d99a8726f717b,e5bd2be0d39268d017e306ba127353d5
a976f7c32d319f16a457fa7105d06e5e,cd1acccb768e21cf8891481d33c0515a
a97a288150670cd804165c2473425409,aff03ce3b7ce6cc633946239eeff0f54
a97a288150670cd804165c2473425409,e9ce248fdd8466ca6c9f68f02fcc8646
a9a35427136fc66844e613f6578d75cd,af42bed76f614419d588eb3c65769f97
a9a35427136fc66844e613f6578d75cd,fe7aac5eaf8f50fd958cb8b61345abfa
a9a35427136fc66844e613f6578d75cd,fec92133031f6cff885e6ecf7cdde342
a9aa5eca579ca73231fa30303b1e4831,b7c847d7adcf107a10c3039d6bcaa8f2
a9aa5eca579ca73231fa30303b1e4831,c21e50f9fd1148952f63c89880751b13
a9aa5eca579ca73231fa30303b1e4831,dde720eb1ac8795643511897700c8aad
a9aa5eca579ca73231fa30303b1e4831,e4750dcc3268ebba356557f444761f9c
a9aa5eca579ca73231fa30303b1e4831,ea15834188cc4aa85b0056af93164277
a9af2700ef761e22e334b9c172cedee5,a9dc942a9fcb1b2215cd6b339c76848d
a9af2700ef761e22e334b9c172cedee5,c6ec25b24256f6e1f902a29416ab964e
a9af2700ef761e22e334b9c172cedee5,d09fa69c6d5615c26aac2f825b8e7328
a9af2700ef761e22e334b9c172cedee5,e8d14b09b08840dcdfaf1d3983d6df51
a9af2700ef761e22e334b9c172cedee5,f0a7454555d52a667c6df22dc8a28bcc
a9af2700ef761e22e334b9c172cedee5,f1c0e8776928a9cf507eea55f424076d
a9af2700ef761e22e334b9c172cedee5,fb5643b20582ba68d8da8a8dca24c4fa
a9af2700ef761e22e334b9c172cedee5,fefa98da8db666ce806d4af04be8e6fa
a9c578c0edc5e3fc3c13c13810322dbd,aa7d4045e8d65f2e3db4551ee75de2c4
a9c578c0edc5e3fc3c13c13810322dbd,c23d5f76ef396a0f520ca6c677dccc1f
a9c578c0edc5e3fc3c13c13810322dbd,cdf07468d9c693794f1da0b9ba549c15
a9c578c0edc5e3fc3c13c13810322dbd,d120c141875b0545696be39e3d176d4e
a9c578c0edc5e3fc3c13c13810322dbd,d44df7668f75c8f084cdada0a7a1aae0
a9c578c0edc5e3fc3c13c13810322dbd,d6feeaed5bb9195ac670b5692ba10104
a9c578c0edc5e3fc3c13c13810322dbd,da2ae411a236d52fa1e62a224bb1e88a
a9c578c0edc5e3fc3c13c13810322dbd,dd720a31ae01f8066abe782818b59699
a9c578c0edc5e3fc3c13c13810322dbd,ebc1919f45f9da5db0d468ce62cfdf50
a9c578c0edc5e3fc3c13c13810322dbd,fabd6966abaabe52f19e44a088986cda
a9d11df98a78d199258d1823aadd77c7,fd490aa23271c021d640cb2872129635
a9dc942a9fcb1b2215cd6b339c76848d,c6ec25b24256f6e1f902a29416ab964e
a9dc942a9fcb1b2215cd6b339c76848d,e8d14b09b08840dcdfaf1d3983d6df51
a9dc942a9fcb1b2215cd6b339c76848d,f0a7454555d52a667c6df22dc8a28bcc
a9dc942a9fcb1b2215cd6b339c76848d,f1c0e8776928a9cf507eea55f424076d
a9dc942a9fcb1b2215cd6b339c76848d,fb5643b20582ba68d8da8a8dca24c4fa
a9dc942a9fcb1b2215cd6b339c76848d,fefa98da8db666ce806d4af04be8e6fa
aa1efa8f79080a5cc481a6cf9de16e0a,d222c6240ef48897cb73ef42e58f04f9
aa2019976583b18fd0f32a389033c81b,adfd0445a9c510dd73478cec23a9e3cb
aa29e748713e473f945642c4eb3d793d,acfc4b03eb6466a26d7ca31a8647403c
aa29e748713e473f945642c4eb3d793d,e726492d30ba647aff35e0dc5c0942a6
aa66d48bcd461f91f1bd8c543a72ceff,e3919335406f87b55404d2d97605371d
aa70bb683d3cd9a939beac4f1782104a,ef768776368efeedfd2ad983e6532dc1
aa7ab82e0d696d367fafe19e6d934d0e,d64607c0522628b4c665c17cd16d0a56
aa7d4045e8d65f2e3db4551ee75de2c4,cfe1ac5b7858b370c320c67133b10c14
aa7d4045e8d65f2e3db4551ee75de2c4,e34ebe4961f2d932813005433a74b012
aa997f533377326b23f6380fdb09e5eb,ae0a42b52c92850eee1ae052670bc9fa
aa997f533377326b23f6380fdb09e5eb,de8fcaf966afb519b7fab19730dd272d
aaacb494e19423b54698a95b28c84e63,ee97ab2af31fe4f7f84d5b68f783c562
aab46e408e313db2fc1146323d3f6857,fb2a3bb8897299a3b9675416d004bb9d
aadbde3efa2522d0258c803c715cc686,cd63a25402ff606abee3c8d3b3af5e9a
aae07d530ba210e5dd0b00e45ee54d19,b594f678b753c05e7bc468d600fc9afa
aaf20efb4e625e63fe2ea93abc7b5f2d,b325abfefc80a5abb7a8d27334f7e4f5
ab204d1c057b49d7dcf5c44dfa9fcca7,d73e45019b32504f44154aed358eda91
ab5b9596c71301a962c6b1154918fe5f,bba157d021a022f3c3654f83d5ebc11d
ab5b9596c71301a962c6b1154918fe5f,e2fa3697a975d8ab1d6f613b401f9b2f
ab670bc04d9e81bb913e7a875e5005f4,f24e2084f5200a8546515aa30d519499
abe0ac8be90165fd58516379224042ed,b1e4f8dcbe20fd11b09b4a9ecf25c753
abfc297aad6db8fbb1d34c1b364aaec3,ce0cd76bf8cf5a76532cad5bae5cec1a
ac18e27bc5109d7b02476fa1f2e049cb,fdd79a46ae60a6a5a90e5ac1467a0af9
ac4d6c0a4080e80c894ee8fc90d14a15,beb21ee79ded957196d02a1c851bb0b7
ac5bc2af31ef94712f413849147f6d5b,d2feb62aef46e32262240278e7003972
ac7210b7353448fae873ef1a2e368b23,e40a5ff21510afd0d3de86902d543bf2
ac7210b7353448fae873ef1a2e368b23,fdf59dee39cb0a742b62d10df542c118
aca504f2f1de5f83d6f4123742fd57c6,d1cf53ef1746be37dce293379165459c
acd41a14043477e17fd60d2e0771845a,bc66beb31b66294b9c3e337a7e091bc4
ad2dd7120ace2c7fe890949cb6a5411b,cc56a206bfcc57d98e3b708233680f7f
ad92e50ad020511f984d46f663d26740,f215b58f6a4da4864851fc49804e8525
add2eb9d32cdfbba9162790643a5c455,da8917a374cf20184785ccc778ba7150
adfd0445a9c510dd73478cec23a9e3cb,e08602b98e628f6c6ebc444387368782
ae08a89b3e99d1904e2c591140764124,b53a4ee5ecb96c09b1dcb32b52c33771
ae0a42b52c92850eee1ae052670bc9fa,de8fcaf966afb519b7fab19730dd272d
ae3cecf07cc3a43a13e6771f6cbf8524,ae62455fe0118810d96cc1dfb6b12484
ae4648e78172af8efb0e94120fa7c9d3,df550097c2f0f87c9f45af6f6b8c41d9
ae7d8b1dfab8f98dea2c4f1fb4e8ec8c,d0bd3106b1f37ab9ac0d6e5c86699ddf
ae8d91be3e9ab98cc4570a605e408e4c,b2309f25c226f403483ebb81c36114a1
aed28594430a6353c296db9f26672203,bad9fcc60f3368d35440b749435f0894
af09617ff8368b78fd2ef8165eaf80b7,c052de46d733ebca4d74c16f35837018
af26fbab5c39975d328328fb22597ed5,db44343dfee547e4a6b96a5fd8f229b3
af3f6e15a0b42efedf0a940f36e9eda9,ff1252480270bbeb9921a67c2dcdb14b
af42bed76f614419d588eb3c65769f97,b3719c14e56bf72bcc42d2e8048542ea
af42bed76f614419d588eb3c65769f97,c5a47732b1ec1c320d9f1a538bf4b7fb
af42bed76f614419d588eb3c65769f97,d5bb793ab99d65ae74029a023995ca07
af42bed76f614419d588eb3c65769f97,fe7aac5eaf8f50fd958cb8b61345abfa
af42bed76f614419d588eb3c65769f97,fec92133031f6cff885e6ecf7cdde342
af57f00503c815d4ac9699af70f4415e,f8d29e37d9e57efb68be5ae34d86036f
af7a79934dadfe4f23fe096e2173c1b0,f4f006d1b163ca1df2494ba232ca7189
af8d526dab62d502b8902e839cf81b55,cb61613bd0c27150fae8807b99e569d8
af9200a22da9dd3e2925bdfb2a2fba19,b1081fa13cbeeb6a812ba4fa28c84ac7
afafc74102f3bb623afd7c62afbc671c,ca1ea6b509300b4a8ab4507e075a0a59
aff08f960889f9a011c949df523f1844,b741d145571dd8ad80d582f191cf43a5
aff08f960889f9a011c949df523f1844,e726492d30ba647aff35e0dc5c0942a6
b04f5a4e50765d0d36ec27b90e71637a,f02178d0569fd0709ac48045456eb435
b061438bb92f7e1044c08450796c6d97,e7d3a8728dfec9a8fad4b49662798159
b066718b98483336df4a11c0b8b76f3a,be06d907a11d0187540ac1b8e6b78489
b07001fb40c90922623b03e925b103c5,ca52bfed3a4dba8309e9b8ac5516e417
b0c5535f7d0c5220f422d8781c7c29f1,f6b298adc698aff1a20d396cf2d512c7
b0c62124791fe21b41480b27a8b33b1d,bb7adb5f30d9a5c850e2ca23526fb9e9
b0cfce7ea8bebb1ab3412ab5c1780901,f44028d4a1ebb32fc3807dfe4c56506a
b1174008c24acba794f6d40527eb973b,b708082da01905ec111f72471be4d37c
b1174008c24acba794f6d40527eb973b,e83d5e189bbccf9438b9ff41853e92c7
b1174008c24acba794f6d40527eb973b,ff05a319a3aaa1168bc283186b319bf7
b126b1cbc2ab7124f62d6f4192b819c0,cd6ca9969622313cad69863eb2042652
b15229634594351d21db17c07dad06af,d8d5db7e1210be9b4d499ef1249a4889
b16542021a6ee67dcd2bc5c36e3ff732,cedcf9efc8ad5d323edeca2378e56dd5
b1be0efee19c619e36bfe6dbc812c1ce,cf8e0fb632ab4c6ac53739f478345661
b1e912c799094c0808abe6f98ff5c96e,df770f14bb5e2d432748351c1ea018c6
b224b648ad47adce9f7087f1c2f79bc9,dd7255a5b3429bc22f4fe29fc651493c
b2273b1e4ffa5f0193c68a6964bb0ad7,d01505d9ca027d8920f7770b152a2f20
b2273b1e4ffa5f0193c68a6964bb0ad7,e9ce248fdd8466ca6c9f68f02fcc8646
b2273b1e4ffa5f0193c68a6964bb0ad7,ea6598a704d545f75c29d1739e3a60f2
b2273b1e4ffa5f0193c68a6964bb0ad7,f5dfc13ca79a04a8af148c23c5639c85
b25c8da40b6ae3a5bb143fe22d76f387,e2b918741910a04d59da71ab77952711
b2795d93765a095620cf29d49465e598,b5452575af0ddcbf7b51d54adf86937a
b2ff4e75d7deb8ddc6adab4c98daca43,c038243f44b98850eba3b9311af18cda
b2ff4e75d7deb8ddc6adab4c98daca43,c37ef577e3c70bd4acf2ee76c811afbd
b2ff4e75d7deb8ddc6adab4c98daca43,d6ce2091b5ba4f27a419b64730c0a5ec
b30b7e209334b2907fa044f307c55a32,c05975de59af4fb9e75d142c60ddc535
b30b7e209334b2907fa044f307c55a32,ca5894737bf9372de3944446f6aa991a
b30b7e209334b2907fa044f307c55a32,cb55246922cd76c87675cd0e92714cef
b325abfefc80a5abb7a8d27334f7e4f5,d4fe2c0b8d29ae7dcea508d05fcad947
b325abfefc80a5abb7a8d27334f7e4f5,d838203a9aa3ec7d77132d3bdbc0805c
b325abfefc80a5abb7a8d27334f7e4f5,df5ef076896081968334b89ddd0de1f4
b325abfefc80a5abb7a8d27334f7e4f5,e0bc445137c4097325344a9fbf641b24
b35aefc77798ff113deca870b571fb23,ebfb6f9a76795938d18b3c4e485a9604
b3719c14e56bf72bcc42d2e8048542ea,cdf07468d9c693794f1da0b9ba549c15
b3719c14e56bf72bcc42d2e8048542ea,e6b7460485f8c72b34ca8de6b8176687
b37fcf14482d1f3d660c2f9142d19581,f2bcc2cb7a90c783e7ab697dcbc947d1
b3df2bd88fb07dc1ace27e9a2280fa40,bc7ec96cae78f038c2e4aab3058e545f
b44ce5edc1f0b1257ad0e003faf756ef,cb05e5d38158bea7b958d907a30db427
b44ce5edc1f0b1257ad0e003faf756ef,da18a830d8bdf898eb533c686473a53d
b48f66588615e082390cd535a289c400,e2bb3bc80b5cf1371506471d84fed5ca
b4a2840a4a022f9f666291898ac7ec50,bbb1a7460819e9cc8e123f1e60895826
b4ec47b839192abe0a258ae47dde4ef8,c61017c4c119e60ed67e58f8f698f3d1
b4ec47b839192abe0a258ae47dde4ef8,d44df7668f75c8f084cdada0a7a1aae0
b4ec47b839192abe0a258ae47dde4ef8,f7b3cdefdad2cab6cef1c1ba29787ace
b5464748e611b3879ab53a331416ca8e,b556bfc542f9832244a3dd28c412c324
b5464748e611b3879ab53a331416ca8e,e1354587b393391584bcba8430a71a51
b5464748e611b3879ab53a331416ca8e,e99f299fb9fbbe94f7f3d7361ca45ac1
b5464748e611b3879ab53a331416ca8e,f445295d3a26f1d4f554e18d641a982e
b54e61b9b723694a0d24d2b1618702b5,e761a83caa1e2e9a0c6898778e8918c0
b56103fafcd57bff2c58a43e40010e24,c788d3e68b600d2fa97e5a3fa6298537
b56103fafcd57bff2c58a43e40010e24,ec36b28ea16bb6938f5c3ae6f91c07e5
b59438032b3575852431520b323cfd22,fab3e8b068451de4f9a0f34e4d978210
b598452da2daddcf69897b361d0d843f,b884f050923bf50ddf245a91ac50b912
b63350c4840af5283696699db545435c,b6bcc4c2b4f1fdb91642be3ffb1dbd42
b6347de88699f54f3480dcaf4a6286d4,dcb5b391425ec7ba82106bf8a112309d
b693878035f34516d7d8a0b8d3cc2439,bba138ce77530517e9b7ad6f0f882358
b693878035f34516d7d8a0b8d3cc2439,d7b59130b16968900ae93d26e51a21da
b693878035f34516d7d8a0b8d3cc2439,ebd956c708ca3964639be74f97a5baf3
b6f5f3b471f9b99402dca6a3ba3f269f,c2bbd5f42d40accd4f5ba86d43342fcd
b708082da01905ec111f72471be4d37c,ff05a319a3aaa1168bc283186b319bf7
b70a49be47cb8d071c540d8140263f34,c2a91f118258f07d2533a76516c29927
b70a49be47cb8d071c540d8140263f34,db0d0dc822739db1bbad10fc6375c09a
b741d145571dd8ad80d582f191cf43a5,e726492d30ba647aff35e0dc5c0942a6
b75319a02b2c93ad7608b9a80d3dce2b,ceceb99e84f5ba9f108af23e4fd2eb54
b7560b129f85264744ad05677b6bd4cb,fa403bcb800d24a8ce57b53de6c96663
b7c847d7adcf107a10c3039d6bcaa8f2,c21e50f9fd1148952f63c89880751b13
b7c847d7adcf107a10c3039d6bcaa8f2,dde720eb1ac8795643511897700c8aad
b7c847d7adcf107a10c3039d6bcaa8f2,e4750dcc3268ebba356557f444761f9c
b7c847d7adcf107a10c3039d6bcaa8f2,ea15834188cc4aa85b0056af93164277
b84ab04203fcb94af3c4c8bc39d95b8d,bb2d27e49d227f22d8432e207da87e04
b871574ea4ee37f4501c99311abd17ee,fdfab84e89ff78d7093a524f7eb343cb
b8978178e025a10d8a6816d6550a6f01,e7d3a8728dfec9a8fad4b49662798159
b89be1520b7b8d79b8460e6c6da4a6e8,b89be1520b7b8d79b8460e6c6da4a6e8
b89be1520b7b8d79b8460e6c6da4a6e8,c13e00435ed253e3e456d022121ddb4e
b89be1520b7b8d79b8460e6c6da4a6e8,d65bcc8cd1311027c6768bcc1fbfa356
b8bc05f0c9af5abdd603a23f1f013bb1,c369f7fcce1dd31afbaebeb78ef2caf8
b8f047932da5d6c177d0f31de5d74f1f,de157fc2ac7befd3d1e87e2fdeaae107
b8f047932da5d6c177d0f31de5d74f1f,f556a25ccf447a533c52b2d9896a7c6b
b9056b967385729ccd24a087d25a5c52,bb74472d074610089ade8e0dc528b58f
b914b86f4b222a77a8d9225c48f2aab7,bed7fd4d9aca45e25df18230e04b5672
b9be9aaed44fe6abe73ec361534154ce,d73e45019b32504f44154aed358eda91
b9fa6e4a940b0498cf1901639e6b8833,f1e0e05f2f728e05ea5f8b8cdbb4b043
ba18f4ee696cf548677981e993175108,c7d082a4f033c20ec1adf76b4de2ff36
ba5cd35fb6d6177377bf38f9218105a5,c67ee8fde1439f842583d4e5a0361dcd
ba5cd35fb6d6177377bf38f9218105a5,e0bc445137c4097325344a9fbf641b24
ba85e78a62cb0da5086a6d87ecb41eb7,e9803083508a57bd10019ef2f7061fb8
baaa8b8ece826350acc8ff2e601bdff8,e92ccabac69cc511f09aa25504debb90
bad9fcc60f3368d35440b749435f0894,e7c8f6a9114377a1fa8907d13b97c504
bae03054cea3dd245fc049cd910634be,d0dde88f24c8764449aff238039cc78d
bae532b1ebbdd2e537af9713ed4a7966,bb2d27e49d227f22d8432e207da87e04
bae532b1ebbdd2e537af9713ed4a7966,bcb54520acbde59f2ec1d06c7d8c65f1
bae532b1ebbdd2e537af9713ed4a7966,e6a8ad361fa357ea187f2c538dacbdfc
bae532b1ebbdd2e537af9713ed4a7966,fc1d0a287ee5aab4bc8432e74bce772c
baedd7684b1818904e648dc8eee4c857,e7e873026241c836f0c4229cab68c8fd
baedd7684b1818904e648dc8eee4c857,f0f4badff8e3e4b723521ebb9ae1b146
bb2d27e49d227f22d8432e207da87e04,ddc54515a5f77dd518a728052f57fdde
bb2d27e49d227f22d8432e207da87e04,e5d48eaa4e45615ed36e9c2a89d64130
bb2d27e49d227f22d8432e207da87e04,ed2c979efd0f88dac9e043140c8dcb96
bb4329bdd7c007677ae6a9fbd47dda90,d956173169df62ce54c1a2952eeaa557
bb4329bdd7c007677ae6a9fbd47dda90,ece8a8294fbc8d93244154c49673b733
bba138ce77530517e9b7ad6f0f882358,d7b59130b16968900ae93d26e51a21da
bba157d021a022f3c3654f83d5ebc11d,e2fa3697a975d8ab1d6f613b401f9b2f
bbb573b20352cb08bfec2b299ecded3c,e769e91a24927aa92b820413f9f2bcc2
bbbce2d9f3fb2eae5d4d6184b56efd4e,cd6856b7a6b2f163bb1dd5296efee88f
bbcaaa9d2e93ed884c4f6d98f5eb59b0,c4442ff069191e635c9615d2c24f6406
bbcaaa9d2e93ed884c4f6d98f5eb59b0,e561d76bd22a7b7d3445a90984e86796
bbcccdbd0ae0458cf52a8077ec2e0f42,e43ffd52090d7dde20756830ae78932f
bc29617aac27456f2b1879d346ec6fe6,da3d9717247fdfd57f6431db8cef985d
bc8ecbff20897f58422ebc5ef0d5799e,d94f7083efd44bf5a23d79e0e02c616b
bc8ecbff20897f58422ebc5ef0d5799e,e20822f95e187ee7dbe64bb3afc62ea2
bca054e4500fedaa47230ea6a2feb645,cc176048325431e836fb9ab835ef34a5
bca6c52036f00230cf7acbfe2cbe108d,bf7b72e6a6f757fbfd48ca88b6e46637
bca6c52036f00230cf7acbfe2cbe108d,d3e8ae252c0272e2b0153a889ddab2e8
bca6c52036f00230cf7acbfe2cbe108d,f65318b4b274c3b3acc08a4e92abfff9
bcb54520acbde59f2ec1d06c7d8c65f1,ddc54515a5f77dd518a728052f57fdde
bcb54520acbde59f2ec1d06c7d8c65f1,e6a8ad361fa357ea187f2c538dacbdfc
bcb54520acbde59f2ec1d06c7d8c65f1,ed2c979efd0f88dac9e043140c8dcb96
bd28c2b944cf0e2701c0a39287cde2aa,d248622e6258f8ad04a486b019920901
bdaa310ae249ad80cff995cc537e1ea6,f783c7aed97904f4112d8962b1dd4294
bdd33027225abbf09848381b0d8fa9dc,d39c3bcf02025e422da08aee957572dd
bdd33027225abbf09848381b0d8fa9dc,d5bb793ab99d65ae74029a023995ca07
beb21ee79ded957196d02a1c851bb0b7,c2bbb2b444fab6964d4c22cc94ce3769
bf016387d27982f754681f307cd78599,c37b9d3f9fc0efad06dd5d0141a2b6cb
bf05dde2a34de1cd901b75493c8072f5,d306a7e1f5957eea2ca0e4723a4cf9a1
bf7b72e6a6f757fbfd48ca88b6e46637,d3e8ae252c0272e2b0153a889ddab2e8
bf82170b297690212297379ad8f05376,de146c59c93b90c7f199805daccef839
bff152e2eb21b7499d2f93da066029e7,d6504e3266a66f2a284abf9044ac461e
bff152e2eb21b7499d2f93da066029e7,e6e26290c935d2b459b36a2b8ba564e8
c05975de59af4fb9e75d142c60ddc535,ca5894737bf9372de3944446f6aa991a
c05975de59af4fb9e75d142c60ddc535,cb55246922cd76c87675cd0e92714cef
c065fa17bb305ddd4617ec283a2dda49,dc4a7ce06441f3645033e5d5a899f4d2
c065fa17bb305ddd4617ec283a2dda49,e6b7460485f8c72b34ca8de6b8176687
c065fa17bb305ddd4617ec283a2dda49,edc7130a58c4d69e727b611dabad3c42
c065fa17bb305ddd4617ec283a2dda49,f78ee754cc0e21b441b15060f6891c60
c06f3f926cc18b45ba350495c59c0093,c4cd207cc390bc2296c0a7dd84b54007
c06f3f926cc18b45ba350495c59c0093,c61017c4c119e60ed67e58f8f698f3d1
c06f3f926cc18b45ba350495c59c0093,cdc9f18c2c98742e985281dc17840043
c06f3f926cc18b45ba350495c59c0093,cfe1ac5b7858b370c320c67133b10c14
c06f3f926cc18b45ba350495c59c0093,d34c5d0b050c187855a42b0947d43ff9
c06f3f926cc18b45ba350495c59c0093,e34ebe4961f2d932813005433a74b012
c06f3f926cc18b45ba350495c59c0093,f1d7c1b55f62f504f031711ae0cf9a98
c080a4db38535a765f521a89e3184aa0,d97a1c396b5c9f39945a0721f6bdf7b4
c0dcd81f36e89fab09890ac5ce60fe10,c58ccb658c4519f493938cfff5ab721f
c0e7635a730bd4e26dad393a1aa006de,e595be65d9c2a5a3d54da0a58a47c17b
c13e00435ed253e3e456d022121ddb4e,c13e00435ed253e3e456d022121ddb4e
c13e00435ed253e3e456d022121ddb4e,d65bcc8cd1311027c6768bcc1fbfa356
c17b95c7eef54c57f3a4f8afe6ba515d,cd8fbe417047eb39612df38486760c62
c17b95c7eef54c57f3a4f8afe6ba515d,ef661b1d51952d6e77fc7cd681dd4529
c17b95c7eef54c57f3a4f8afe6ba515d,ff36ce5d20864f8a0a99312619fe0b61
c182e9fb1b23ea093d0a294b4fc4910e,f9bb7097d15748cd8c10bee4508e1543
c1e5d0cbb42f4975410d72f4c181a246,c5546998015953f631b2e9e116939a2c
c1e5d0cbb42f4975410d72f4c181a246,fb5643b20582ba68d8da8a8dca24c4fa
c21e50f9fd1148952f63c89880751b13,e4750dcc3268ebba356557f444761f9c
c21e50f9fd1148952f63c89880751b13,ea15834188cc4aa85b0056af93164277
c23d5f76ef396a0f520ca6c677dccc1f,cdf07468d9c693794f1da0b9ba549c15
c23d5f76ef396a0f520ca6c677dccc1f,d120c141875b0545696be39e3d176d4e
c23d5f76ef396a0f520ca6c677dccc1f,d44df7668f75c8f084cdada0a7a1aae0
c23d5f76ef396a0f520ca6c677dccc1f,d6feeaed5bb9195ac670b5692ba10104
c23d5f76ef396a0f520ca6c677dccc1f,da2ae411a236d52fa1e62a224bb1e88a
c23d5f76ef396a0f520ca6c677dccc1f,dd720a31ae01f8066abe782818b59699
c23d5f76ef396a0f520ca6c677dccc1f,ebc1919f45f9da5db0d468ce62cfdf50
c23d5f76ef396a0f520ca6c677dccc1f,efe94917387a9794795e7fc79557dffa
c23d5f76ef396a0f520ca6c677dccc1f,fabd6966abaabe52f19e44a088986cda
c251f5466b3f02adf6d9f92ed33d87c4,d03a80310b89701a3dd0c55aa625d31e
c2a2cf0438793bd7d331a2c151a8c213,ebd956c708ca3964639be74f97a5baf3
c2a91f118258f07d2533a76516c29927,db0d0dc822739db1bbad10fc6375c09a
c2e20454b14a8afc35b7a994926d65c1,e0d99544566b56a49cc74ffc6abc5e8a
c3b9f4462c2fc87782a7b31ca2161cf5,cf61c3a8c6464b65d596e9789c856ebb
c4429fcc92c8dec02b30ab4df6e94ec9,fabb3273d11be554bc31d1b8ae0409e6
c4442ff069191e635c9615d2c24f6406,dc191bbec37fc53a5a0fec0e7edd4eba
c4442ff069191e635c9615d2c24f6406,e726492d30ba647aff35e0dc5c0942a6
c463fd45c433f1607633be579f895acf,dbf470c3eef41bc462f9bf4be7c0338b
c48c1124a86f79f2d620d30a2ce819c4,d44df7668f75c8f084cdada0a7a1aae0
c4a799d446d79caa9057bb1d19f6c18b,e396dc66db588f732e2de544880586b4
c4cd207cc390bc2296c0a7dd84b54007,cdf07468d9c693794f1da0b9ba549c15
c4cd207cc390bc2296c0a7dd84b54007,d44df7668f75c8f084cdada0a7a1aae0
c5546998015953f631b2e9e116939a2c,fb5643b20582ba68d8da8a8dca24c4fa
c57fd4711b2a4b4afce8dc744bb7a4e3,e5ad816fafd633d6dce6b284dfb7f432
c58ccb658c4519f493938cfff5ab721f,c817245d808fcc63d1532f4ba9b3f5af
c58ccb658c4519f493938cfff5ab721f,ca122a196e7915c33b0d647a70f3b534
c58ccb658c4519f493938cfff5ab721f,e9497c13fa24ade6845f9f2af96c493d
c595df1f5ba2c76a3c391f7c297d1c3b,cc65f0cc5fe66cf50262c8dc64665ad8
c595df1f5ba2c76a3c391f7c297d1c3b,cd8b075a66989df97e36d94dcee96b8a
c595df1f5ba2c76a3c391f7c297d1c3b,cfc20c69cbad0feb08c668c35bbe5c34
c595df1f5ba2c76a3c391f7c297d1c3b,dbf470c3eef41bc462f9bf4be7c0338b
c595df1f5ba2c76a3c391f7c297d1c3b,ebc1919f45f9da5db0d468ce62cfdf50
c595df1f5ba2c76a3c391f7c297d1c3b,f22900463360553209b03f223dcc8c99
c595df1f5ba2c76a3c391f7c297d1c3b,f2bf52059c1ea202566908100d2ff14c
c595df1f5ba2c76a3c391f7c297d1c3b,f3190cdf0220a8204dde6a16ab81f534
c595df1f5ba2c76a3c391f7c297d1c3b,fc6f93461ae13e68eb950fdf4bdf5181
c61017c4c119e60ed67e58f8f698f3d1,d34c5d0b050c187855a42b0947d43ff9
c6424dd3903b437b35a33f06c47e1823,dec66205497760f896cb9edb679f488d
c67ee8fde1439f842583d4e5a0361dcd,e43ffd52090d7dde20756830ae78932f
c6d609e5755122be73006e3d1b12befa,d09fa69c6d5615c26aac2f825b8e7328
c6ec25b24256f6e1f902a29416ab964e,d09fa69c6d5615c26aac2f825b8e7328
c6ec25b24256f6e1f902a29416ab964e,e8d14b09b08840dcdfaf1d3983d6df51
c6ec25b24256f6e1f902a29416ab964e,f0a7454555d52a667c6df22dc8a28bcc
c6ec25b24256f6e1f902a29416ab964e,f1c0e8776928a9cf507eea55f424076d
c6ec25b24256f6e1f902a29416ab964e,fb5643b20582ba68d8da8a8dca24c4fa
c6ec25b24256f6e1f902a29416ab964e,fefa98da8db666ce806d4af04be8e6fa
c772973ef168bbc561c12b30168803fe,d5bf17eb2a145418b37f53cc102dc90d
c78c178884138c3e2ad755fca52537cc,f2a95c1ef4db54f6aee258728810fc26
c7f04515d136734545537a05e5f4392a,e8d14b09b08840dcdfaf1d3983d6df51
c80ed6e4aa1f251f35952653b7c9ca8e,cfc20c69cbad0feb08c668c35bbe5c34
c80ed6e4aa1f251f35952653b7c9ca8e,ebc1919f45f9da5db0d468ce62cfdf50
c80ed6e4aa1f251f35952653b7c9ca8e,edc7130a58c4d69e727b611dabad3c42
c8668e2e47dd2560e0b306afa77cdf6b,dafabfcb0628253b5065860a50dcf40d
c8b12c73c977595b227d2fa0188521ba,e06a29400a2db094bd2d84be15580d86
c8cf49502c734be8e356a14b73fa10e6,fbfc74c0532ff5a8eca48841a0fcf652
c93636373b184e5e7dbb14696a5e8052,cbc18227e3539a9860991e4ff8ae74bc
c9989b27cdcfbbc7fd47d87d17c93831,efbcf7d1a8ac58f3f91e98d16254d501
ca19d88f18a49f7ec21d0474db032735,ccb02c7fdffdc7cc271693f2461f8a53
ca4a206f115f447b9ef114b4d88ef0f0,fb942037d6e168f5afc4eb5391f1d634
ca7d9c31ea380350dfffe67f5af5d3d1,ceceb99e84f5ba9f108af23e4fd2eb54
cb05e5d38158bea7b958d907a30db427,da18a830d8bdf898eb533c686473a53d
cc65f0cc5fe66cf50262c8dc64665ad8,dbf470c3eef41bc462f9bf4be7c0338b
cca73eaa4a102c489fe6e78c43432046,f783c7aed97904f4112d8962b1dd4294
ccf41291aed149b3a04fb5de4bbf2f0c,fc3183f950ae2989b13fbf69cd9d134b
ccfb9d87e9973998cf90ec2f0bfcc4f5,e60b75e3fa5fc4d1e54efe8add96f42c
cd3c022da7475cdc37422514b209eb2d,ea09f8ff89fb456aa4e3cd9af489cde2
cd63a25402ff606abee3c8d3b3af5e9a,cf64a8fd980aaecac91176f4b9acedc9
cd8fbe417047eb39612df38486760c62,ef661b1d51952d6e77fc7cd681dd4529
cd8fbe417047eb39612df38486760c62,ff36ce5d20864f8a0a99312619fe0b61
cdabc4c54af6c1d02d5a4e52f9013b7d,f2b4619c5994832ef992c00bdb2c7461
cddf5ab9b715f74a16e06aa34cdc9307,ecb38a9d4cff58f62379c5f4678f7535
cdebac811fc75836aa15d47713ec573e,d0881792b32ee527e0d7e0188485dce4
cdebac811fc75836aa15d47713ec573e,ee97ab2af31fe4f7f84d5b68f783c562
cdf07468d9c693794f1da0b9ba549c15,cfe1ac5b7858b370c320c67133b10c14
cdf07468d9c693794f1da0b9ba549c15,d6feeaed5bb9195ac670b5692ba10104
cdf07468d9c693794f1da0b9ba549c15,da2ae411a236d52fa1e62a224bb1e88a
cdf07468d9c693794f1da0b9ba549c15,dd720a31ae01f8066abe782818b59699
cdf07468d9c693794f1da0b9ba549c15,e26cbfd279ccdfeee9afb60a5568595e
cdf07468d9c693794f1da0b9ba549c15,e70105d7788a5d736ae6805a7f230521
cdf07468d9c693794f1da0b9ba549c15,ebc1919f45f9da5db0d468ce62cfdf50
cdf07468d9c693794f1da0b9ba549c15,ec7faeeeb7e9eac31559b3cbcff9a4b3
cdf07468d9c693794f1da0b9ba549c15,ecb3e4db5de817f87972b63a999006b3
cdf07468d9c693794f1da0b9ba549c15,efe94917387a9794795e7fc79557dffa
cdf07468d9c693794f1da0b9ba549c15,fabd6966abaabe52f19e44a088986cda
cf64a8fd980aaecac91176f4b9acedc9,de157fc2ac7befd3d1e87e2fdeaae107
cf64a8fd980aaecac91176f4b9acedc9,e2fa3697a975d8ab1d6f613b401f9b2f
cf83ea0cd19fa7b01554ac801cdfe92c,d5d4292b3e20c214fb38d93ffb93d285
cfc20c69cbad0feb08c668c35bbe5c34,dbf470c3eef41bc462f9bf4be7c0338b
cfe1ac5b7858b370c320c67133b10c14,e34ebe4961f2d932813005433a74b012
d01505d9ca027d8920f7770b152a2f20,e9ce248fdd8466ca6c9f68f02fcc8646
d01505d9ca027d8920f7770b152a2f20,ea6598a704d545f75c29d1739e3a60f2
d01505d9ca027d8920f7770b152a2f20,f5dfc13ca79a04a8af148c23c5639c85
d032a15b172cae15c366fa25808f0792,d9cfda8271244f558205697f47d06387
d06f7c70d4a46a195378f95c116e37e7,f15717e6a6701027f51ca10781473954
d09fa69c6d5615c26aac2f825b8e7328,f1c0e8776928a9cf507eea55f424076d
d09fa69c6d5615c26aac2f825b8e7328,fefa98da8db666ce806d4af04be8e6fa
d0b94e38a6fbde00bcb0f6c45dde2dd5,dad62d8ea1d8aac049095da43dd137b4
d120c141875b0545696be39e3d176d4e,d89d7b53bff11b6516a178e92a97eb3d
d1623c4215f13e892d7c83ac300341f7,e2d3832298c9bd22d0bf1bc71eae5050
d174188dea6b15e91749ebdd5a8d2b1b,dbf470c3eef41bc462f9bf4be7c0338b
d195216f972c6b4e5cc7486e7b498245,e498fc7c1012a8af8d1b74af20c074ea
d1b62d77d43a6d2e5a40ed2138193b55,dcfeee7469220a57e8cb783c47b4a1f6
d1cd5a89e6af815edbd2b1c3acec6491,ebfb63beebfe52279ac94abb427050cc
d2fc7b8e472b048fe6a7251690972bdd,daa23b13d73e6c0c4a136f31042c83f2
d2fc7b8e472b048fe6a7251690972bdd,fb2a3bb8897299a3b9675416d004bb9d
d396418f411814c7dc03e37fdf87092d,de88eef45bae896e10492c5f719b037e
d396418f411814c7dc03e37fdf87092d,f24aa75189a48e8f2ed7974b76424b74
d415b4bfc98e8cece33fb31b7309cb0e,efb59ef6915e6c17f5fd5df30d1e6a6e
d41fef06ee7040a59062838d635db4e1,e100a2c17ecdf67e041a1ab799edaee9
d44df7668f75c8f084cdada0a7a1aae0,dd720a31ae01f8066abe782818b59699
d44df7668f75c8f084cdada0a7a1aae0,ebc1919f45f9da5db0d468ce62cfdf50
d44df7668f75c8f084cdada0a7a1aae0,efe94917387a9794795e7fc79557dffa
d44df7668f75c8f084cdada0a7a1aae0,f7b3cdefdad2cab6cef1c1ba29787ace
d492cdfc28c5be311a02b6f1f91b8b38,edc9f4d793ab246d8217608ef9ebcc4c
d492cdfc28c5be311a02b6f1f91b8b38,fb5a8793926011249e897ddfaee648a7
d52530a4c3abbe4b4163d96d0eb12dd7,fab5363f451b378dedc4ccfac87edfce
d5bb793ab99d65ae74029a023995ca07,fec92133031f6cff885e6ecf7cdde342
d6360a9c2976cb8ba57696251f2288fc,fc3183f950ae2989b13fbf69cd9d134b
d6403b1d29c47ba679809d3685f37a40,dcfeee7469220a57e8cb783c47b4a1f6
d65bcc8cd1311027c6768bcc1fbfa356,d65bcc8cd1311027c6768bcc1fbfa356
d66152331d59e32a42bacb79860d5270,f4be5dc0d14a05bd79eb483034ee620b
d6ac4d10f39e78bbfb6de0670d06519f,dd8978ab2eec6af847718854fd89937d
d6f8e28a9c73bfa99d927bd33dcf95b3,e28dbac997b9be4c66fd6a6a38095e80
d6feeaed5bb9195ac670b5692ba10104,da2ae411a236d52fa1e62a224bb1e88a
d6feeaed5bb9195ac670b5692ba10104,dd720a31ae01f8066abe782818b59699
d6feeaed5bb9195ac670b5692ba10104,ec7faeeeb7e9eac31559b3cbcff9a4b3
d6feeaed5bb9195ac670b5692ba10104,ee9f66c1958398f123dc975ab15c8334
d6feeaed5bb9195ac670b5692ba10104,efe94917387a9794795e7fc79557dffa
d6feeaed5bb9195ac670b5692ba10104,fabd6966abaabe52f19e44a088986cda
d7a10ee30bc2755527a354fd2dcd4a1c,e623d5be23a1a797a5b52295854cf47a
d7b59130b16968900ae93d26e51a21da,ebd956c708ca3964639be74f97a5baf3
d7f9e88602e39e8fb137b5ebd80b9a97,e0cf70c5f51d22cd9bad1046414c01b2
d83c47bfaf015ce0e369200d56af1313,f54a5f4b0a5bfd7511e0029de61778a3
d8994e1cb94f0da41819c189fc5f3918,da8917a374cf20184785ccc778ba7150
d8ef2681f9302679bd55169830c74a91,fd490aa23271c021d640cb2872129635
d8ef2681f9302679bd55169830c74a91,fdf07641fbcb7f3e1a7beda23d7464ba
da191e4f21834a1559710564907be507,f5c039bafd07ae07f3a54c49db8746d9
da191e4f21834a1559710564907be507,f96e0ffe0dfc8b924827b9fe8bb12673
da2ae411a236d52fa1e62a224bb1e88a,dd720a31ae01f8066abe782818b59699
da2ae411a236d52fa1e62a224bb1e88a,ebc1919f45f9da5db0d468ce62cfdf50
da2ae411a236d52fa1e62a224bb1e88a,ec7faeeeb7e9eac31559b3cbcff9a4b3
da2ae411a236d52fa1e62a224bb1e88a,efe94917387a9794795e7fc79557dffa
da2ae411a236d52fa1e62a224bb1e88a,fabd6966abaabe52f19e44a088986cda
da371589b228299c9ce18e738def2eb5,eacd666cbc8011bcb91037d544be955f
da8917a374cf20184785ccc778ba7150,e5ee4f4bcc280b421302f07e79241039
daa23b13d73e6c0c4a136f31042c83f2,de3c29417096eff33b523a4f838d7d5b
daa23b13d73e6c0c4a136f31042c83f2,e3e06ae43f9c7b4d44e6d443eeab5894
daa23b13d73e6c0c4a136f31042c83f2,fb2a3bb8897299a3b9675416d004bb9d
dae58ccf0fdb5feb005e91d5af157d7f,fc3a10f48843831aa74bc1a8ff610df6
daffa6893d6a05ffffa53019d5220b46,dbf8b4692fcc95e430d1af39df38abd3
db243f5365ffda2f10fadb749fcdcc02,ee960ccdb8f984f84427cde5432aabe3
dbe736e78fed3b0f4703c4ce05472b7e,e04e373916bae8696c80716433d40926
dbf470c3eef41bc462f9bf4be7c0338b,ebc1919f45f9da5db0d468ce62cfdf50
dbf470c3eef41bc462f9bf4be7c0338b,f22900463360553209b03f223dcc8c99
dbf470c3eef41bc462f9bf4be7c0338b,f2bf52059c1ea202566908100d2ff14c
dbf470c3eef41bc462f9bf4be7c0338b,f3190cdf0220a8204dde6a16ab81f534
dbf470c3eef41bc462f9bf4be7c0338b,fc6f93461ae13e68eb950fdf4bdf5181
dc4a7ce06441f3645033e5d5a899f4d2,e6b7460485f8c72b34ca8de6b8176687
dc4a7ce06441f3645033e5d5a899f4d2,f78ee754cc0e21b441b15060f6891c60
dd720a31ae01f8066abe782818b59699,ebc1919f45f9da5db0d468ce62cfdf50
dd720a31ae01f8066abe782818b59699,ec7faeeeb7e9eac31559b3cbcff9a4b3
dd720a31ae01f8066abe782818b59699,efe94917387a9794795e7fc79557dffa
dd720a31ae01f8066abe782818b59699,fabd6966abaabe52f19e44a088986cda
ddc54515a5f77dd518a728052f57fdde,e6a8ad361fa357ea187f2c538dacbdfc
dde720eb1ac8795643511897700c8aad,e4750dcc3268ebba356557f444761f9c
dde720eb1ac8795643511897700c8aad,ea15834188cc4aa85b0056af93164277
de157fc2ac7befd3d1e87e2fdeaae107,f556a25ccf447a533c52b2d9896a7c6b
de3c29417096eff33b523a4f838d7d5b,fb2a3bb8897299a3b9675416d004bb9d
dee587abced4e22d68a8910aa2c77b7a,e743a97a75989c44258196a7e610df80
dee7d478d2d4ee7656c61e3e79bfe5a3,f67ef149bffef150d3b13ab788eac034
df6a493045c51a6369af9b5f37f60ce2,e7e873026241c836f0c4229cab68c8fd
dfc5bc30c248a59906b84e41113c38ab,e743a97a75989c44258196a7e610df80
e06a29400a2db094bd2d84be15580d86,ea56ba008209154893e9b145074b6da0
e0bc445137c4097325344a9fbf641b24,e43ffd52090d7dde20756830ae78932f
e17e91be61bec3ca36767c8ab7f61537,f2263841184ac625f1cded50fae99c8b
e1dbcef45aad87fd0e166ec39e1aac2e,e66103decce8e2fea00bab60e93835a1
e26cbfd279ccdfeee9afb60a5568595e,ec7faeeeb7e9eac31559b3cbcff9a4b3
e2e46cf6a16030f5a984fe34e01068a4,f33377fdbebe0111c33f17d06ccbfd95
e2fa3697a975d8ab1d6f613b401f9b2f,e62b6cbb257505a74ea5f1e1871b107b
e3a6beaac46b007f92126609d340fd2e,e7d3a8728dfec9a8fad4b49662798159
e3e06ae43f9c7b4d44e6d443eeab5894,fb2a3bb8897299a3b9675416d004bb9d
e3f9df21852e3cf896c228b8a4be5c8e,ea7dbc82e4be983eabeb6d63aca322e4
e40a5ff21510afd0d3de86902d543bf2,fdf59dee39cb0a742b62d10df542c118
e41415ad2898ede5649b2e85eabc54a6,fef3d7b298b910fe7155c578c53fbb26
e43ffd52090d7dde20756830ae78932f,fa235eb3d19f25182b39935c1240baa8
e4750dcc3268ebba356557f444761f9c,ea15834188cc4aa85b0056af93164277
e4a1fef7808b0445588df9db1403161f,ec8c3c2655b68929e7a1878a268fccaa
e4a7b1cd19891609a0c8a2b6d77918e4,e561d76bd22a7b7d3445a90984e86796
e5527074841b1d498f14f948b3dffec7,ee151dac760875e8a820a90c69cedfae
e5b1a0a5f8e497f209cfba16ba3d30f2,f4f05ee29c76de672ab5b361222c19fa
e698a37178b1fc7259b3d08e67c1ecf4,f42e1203f63303a68073588168d972fd
e6a8ad361fa357ea187f2c538dacbdfc,ed2c979efd0f88dac9e043140c8dcb96
e6b7460485f8c72b34ca8de6b8176687,edc7130a58c4d69e727b611dabad3c42
e726492d30ba647aff35e0dc5c0942a6,f0b5b378f214419d5494931140364472
e748e1386e4073b0ff2c9bf752fb6a12,e890482245c8f7294513821213c3ee7a
e748e1386e4073b0ff2c9bf752fb6a12,f4686d4e63e725d03fc610e072e128d3
e7f1bbd6f071bbb9faea4cad4ce8f733,f80579772274f764824211feea85451e
e7fd9c1bedf2d0523f9e64e4d616a4d7,ec7c0a882dbcb65368069b12e39fa23d
e83d5e189bbccf9438b9ff41853e92c7,ff05a319a3aaa1168bc283186b319bf7
e89138c0f8fcc684023e8bde0e64b158,faad62ee21fdb96639ed993b176df9e3
e8d14b09b08840dcdfaf1d3983d6df51,f0a7454555d52a667c6df22dc8a28bcc
e8d14b09b08840dcdfaf1d3983d6df51,f1c0e8776928a9cf507eea55f424076d
e8d14b09b08840dcdfaf1d3983d6df51,fb5643b20582ba68d8da8a8dca24c4fa
e8d14b09b08840dcdfaf1d3983d6df51,fefa98da8db666ce806d4af04be8e6fa
e9ce248fdd8466ca6c9f68f02fcc8646,ea6598a704d545f75c29d1739e3a60f2
e9ce248fdd8466ca6c9f68f02fcc8646,f5dfc13ca79a04a8af148c23c5639c85
ea6598a704d545f75c29d1739e3a60f2,f5dfc13ca79a04a8af148c23c5639c85
eb3194056a461506782bd3026c140b76,fab5363f451b378dedc4ccfac87edfce
eba4c2b1925839b9b791d6a2c94c0bad,f53e44d8879d3d2fffeec583da728874
ebc1919f45f9da5db0d468ce62cfdf50,efe94917387a9794795e7fc79557dffa
ebc1919f45f9da5db0d468ce62cfdf50,fabd6966abaabe52f19e44a088986cda
ebfc2ef447d515ec3e00aa5d67e4fc34,f42e1203f63303a68073588168d972fd
ec08f16b1c2d769929a065110686c39d,ef9e9d36a01088f43312880bd8f55c30
ec36b28ea16bb6938f5c3ae6f91c07e5,efcbb4166604df4f70cd6a06d410ca72
ec6cafa5dea48c456f08ba9c6bc05b91,f7f57c9187d4499d190be443c4f02e22
ec7faeeeb7e9eac31559b3cbcff9a4b3,ee9f66c1958398f123dc975ab15c8334
ec7faeeeb7e9eac31559b3cbcff9a4b3,fabd6966abaabe52f19e44a088986cda
ecc81f1406369410d481640b04e9f381,f6be546363aac1870fdaf4add0933a00
ed2c979efd0f88dac9e043140c8dcb96,efbcf7d1a8ac58f3f91e98d16254d501
ed2c979efd0f88dac9e043140c8dcb96,f5d20407ed6ca2d6082061e93ff2135a
ed2c979efd0f88dac9e043140c8dcb96,fc1d0a287ee5aab4bc8432e74bce772c
edb961986fa2f48ad304b62470553608,f99c699da2a30a5247376b6576f129d2
edc7130a58c4d69e727b611dabad3c42,f78ee754cc0e21b441b15060f6891c60
eed35ec08305a705e61fff468de0f50c,f1ae75f86b33f272145e85b778247866
efe94917387a9794795e7fc79557dffa,fabd6966abaabe52f19e44a088986cda
effd03cb26aa9b3c3a93255c02342afa,fb76f7d4b353a785c01a5ae1c25c61d5
f04890da38fc25820f00766d7a9a1a12,fe18d31ee780d7a9ae1b5ff6517091cd
f06a69da2a7378f95511c1b83e7572ce,f21ccf8b9b8dcd7c01b3cd50b0523340
f0a7454555d52a667c6df22dc8a28bcc,f1c0e8776928a9cf507eea55f424076d
f0a7454555d52a667c6df22dc8a28bcc,fb5643b20582ba68d8da8a8dca24c4fa
f0a7454555d52a667c6df22dc8a28bcc,fefa98da8db666ce806d4af04be8e6fa
f0c8897fed6f8b562a38123861611fc5,fe3a46ff87dce7d889a179d4409e360d
f1c0e8776928a9cf507eea55f424076d,fb5643b20582ba68d8da8a8dca24c4fa
f1c0e8776928a9cf507eea55f424076d,fefa98da8db666ce806d4af04be8e6fa
f2afadc0d3ab2d74b4354d78e91fc05f,f3dacc9c31fe582f87fead686e80367f
f2afadc0d3ab2d74b4354d78e91fc05f,faa78c952f37d3bedfe5ac3c31ffb508
f3345fb53291fb342e68871b3d38ec72,f355e8f9397cf033d15a76c30b8424e4
f355e8f9397cf033d15a76c30b8424e4,f8e8350db66c14129754b1c9b563d4e1
f3735463449ebf2f0c7a6064c44a4286,f6b298adc698aff1a20d396cf2d512c7
f3d79fd38cb4ff8fabda056f38d1c549,fe3d2134c346fe7d8bc4fdb6b826938e
f3dacc9c31fe582f87fead686e80367f,faa78c952f37d3bedfe5ac3c31ffb508
f42e1203f63303a68073588168d972fd,fc6f93461ae13e68eb950fdf4bdf5181
f57355cf45b9a1c8ddef9a2f75aa8794,f5e390efda74158416b75e8e97f8c23c
f7f28b5b8c70e9447050e5c10c2e4b74,fae9e0975924ebe0b75dc162832c257a
f7fcd9c60ff97125778eab948d715623,fe3d2134c346fe7d8bc4fdb6b826938e
f878a6f82d40f65559b80d11ebb20a76,fc0b8d6a688b283f839d24cccfd11cbf
fb5643b20582ba68d8da8a8dca24c4fa,fefa98da8db666ce806d4af04be8e6fa
fd490aa23271c021d640cb2872129635,fdf07641fbcb7f3e1a7beda23d7464ba
