method_a,method_b,change_category,method_a_change_type,method_b_change_type,method_a_similarity,method_b_similarity
000629282284dd020480f45065ef91d8,3f50d2af06437c72d285880161da1061,pair_dissolved_by_refactoring,renamed,renamed,1.0,0.97
000629282284dd020480f45065ef91d8,8602f443273d69178fac71ff462e12ba,pair_dissolved_by_refactoring,renamed,renamed,1.0,0.97
000629282284dd020480f45065ef91d8,9211c7e67f13385718895eb8fef378ac,pair_dissolved_by_refactoring,renamed,renamed,1.0,1.0
003544890bc6b07232cc4ad41362828e,c5dd6b519789a9393211cde022fbb366,pair_dissolved_by_refactoring,signature_changed,exact,0.96,1.0
0036d1bc6c879f086f1aa07bc80503b1,cb30bce4c9226eeb326f8057f69365ef,pair_dissolved_naturally,exact,exact,1.0,1.0
004022c97b5af34b5e0bccccfbe89c50,7b22ac2488c79a0b298617f3249a6719,pair_dissolved_naturally,exact,exact,1.0,1.0
0065f2d8af18e228e4bbccc4d2deaebb,e66dbcbeca53b9c749b29dae3beb2ae4,pair_dissolved_naturally,exact,exact,1.0,1.0
006ae82e1ea502a4a0de90704841cf41,94be654da22862fa41f5da19bccf24fe,pair_dissolved_naturally,exact,exact,1.0,1.0
0077ea4594d6984f9b40668c1e4ff14a,5ca95857c19503360d72d723ed946d12,pair_dissolved_naturally,exact,exact,1.0,1.0
007a85f44c8d44aa2f3fce0c69f6df1a,ee71a2b148789dee35249186c8326bd1,pair_dissolved_by_refactoring,signature_changed,exact,0.92,1.0
008aa24ee35b34c20c02d86f01df355a,a6d0b08b6934396991b62405376f3db5,pair_dissolved_naturally,exact,exact,1.0,1.0
009246da6b97470c959428ed382520a8,3e69af725212f17257f354539a22edaf,pair_dissolved_naturally,exact,exact,1.0,1.0
00ad506e9472d7553b6bf89055f06cf2,41450831be222977688a774b8e80693e,pair_dissolved_naturally,exact,exact,1.0,1.0
00ad506e9472d7553b6bf89055f06cf2,85dcc423e451ccaa35ce3a1017840458,method_b_deleted,exact,deleted,1.0,
01112e2826fd95a20e5076dea0c3405a,40b99c05895cbf27c0bbf894088059a1,pair_dissolved_naturally,exact,exact,1.0,1.0
01112e2826fd95a20e5076dea0c3405a,4e5918b3cd7f55db713968b3bbc04e6c,pair_dissolved_naturally,exact,exact,1.0,1.0
01112e2826fd95a20e5076dea0c3405a,90d2adaf51f7d679d11f062070472790,pair_dissolved_naturally,exact,unknown,1.0,
012489646722bf80a234e22314918ca3,56b8f8dbbb560e034dbf8cec57be3d10,pair_dissolved_naturally,exact,exact,1.0,1.0
012489646722bf80a234e22314918ca3,70b15ca86f12b0337375ee1db867f4a0,method_b_deleted,exact,deleted,1.0,
012489646722bf80a234e22314918ca3,9f41b26d82fc654acb7bf84dfd9e7aab,pair_dissolved_naturally,exact,exact,1.0,1.0
012489646722bf80a234e22314918ca3,e89a47276df2dbeef6bb07164c5dea99,pair_dissolved_naturally,exact,exact,1.0,1.0
015a41a6fbee2a8dcb8ddbe18c150417,c502e68ca2c79ea0db4e9f273d8645f3,pair_dissolved_by_refactoring,signature_changed,exact,0.97,1.0
015f108605b325e54b17c09bb5b934a7,c1f131e89748e504f10a3c1229e21dba,both_deleted,deleted,deleted,,
01606bd8bd390ffec15c8f18156d65a5,c5eca1759c557ac82c321ec581607dfa,both_deleted,deleted,deleted,,
019072c87deb08fd31aead1a5820cd4e,977359cd5049f922903e0420326c085b,pair_dissolved_by_refactoring,exact,signature_changed,1.0,1.0
01958fdd235faf831c69e8b6a791bb6b,e66dbcbeca53b9c749b29dae3beb2ae4,pair_dissolved_naturally,exact,exact,1.0,1.0
01abca2589e8f388d71f29f3ef3c2a0b,50f1a0532f87eb1e4aad4ed7b4706481,pair_dissolved_naturally,exact,unknown,1.0,
01abca2589e8f388d71f29f3ef3c2a0b,9d82905aa9ba5766b177aeeedb046972,pair_dissolved_naturally,exact,unknown,1.0,
01abca2589e8f388d71f29f3ef3c2a0b,e89e3e32e1c2b39155eae2035b553d65,pair_dissolved_naturally,exact,unknown,1.0,
01abe9e5b07137e389d76a86158aa6f2,c47aa5b688d1b9f1a2d14e81a60f6084,method_a_deleted,deleted,exact,,1.0
01d3177767b4b634894f6b907b3392f0,243601a9ec1fef206471e6527ee3d7c9,pair_dissolved_naturally,exact,exact,1.0,1.0
01d3177767b4b634894f6b907b3392f0,7764dc646903f0e1d0a5d888977eebc4,pair_dissolved_naturally,exact,exact,1.0,1.0
01edbd0f982c58b01e23738522baa58a,09449b6427e2499f6458faf7125d7384,pair_dissolved_by_refactoring,signature_changed,exact,1.0,1.0
0207bbc1d21ba1f13dfba2ecc424ca5e,8040e570681784bfcee3714a6944de45,pair_dissolved_naturally,exact,exact,1.0,1.0
026b7ae519fd106e14efd6fa3444139c,2f99ed9405959a50c3f58c4414723c9b,pair_dissolved_naturally,exact,exact,1.0,1.0
026b7ae519fd106e14efd6fa3444139c,3b2b4793d3567e99b3962760ab04d7fe,pair_dissolved_naturally,exact,exact,1.0,1.0
026d19e19f798fc50807aeaf319522b3,69a4b57d1518045ba65c9d76c9779af4,pair_dissolved_naturally,exact,unknown,1.0,
026d19e19f798fc50807aeaf319522b3,86d55c582ad04fae6c521b1442bd29c6,pair_dissolved_naturally,exact,exact,1.0,1.0
026e229c41a276766d58d2d0ee3f977f,138d119b9f4640b5cfeb5bd073ef739e,pair_dissolved_by_refactoring,exact,signature_changed,1.0,0.98
027423ccea5c4b51968e084f85a696ed,1f8f90d501c2ad5d00e67ebbff5f4ea7,pair_dissolved_naturally,exact,exact,1.0,1.0
027423ccea5c4b51968e084f85a696ed,f039ae230dcf89ff300aa4a5c7c0f4c3,pair_dissolved_naturally,exact,exact,1.0,1.0
027423ccea5c4b51968e084f85a696ed,f30dcdee87f505c7373e080f28bbba8c,pair_dissolved_naturally,exact,exact,1.0,1.0
027a7cb1270e98585c4e2176d33f015a,349c138ddf903d9f184d25ce21454d95,pair_dissolved_naturally,exact,exact,1.0,1.0
027a7cb1270e98585c4e2176d33f015a,f562799a5b36b2329a3c8f8370858733,pair_dissolved_naturally,exact,exact,1.0,1.0
02808f7c6217a5d5ad0c70e5b7496f01,23f76b2bc0c87992068bfe9824832c61,pair_dissolved_naturally,exact,exact,1.0,1.0
02808f7c6217a5d5ad0c70e5b7496f01,394ea4453909c243f011a22edddaa774,pair_dissolved_naturally,exact,exact,1.0,1.0
02808f7c6217a5d5ad0c70e5b7496f01,44d9c05a8d3751e1156acde74224cd45,pair_dissolved_naturally,exact,exact,1.0,1.0
028e30b753d1ff1a1a7f76df57d8f923,aaf0c54a9ab9e0480c6e75ce61dfb6f6,pair_dissolved_naturally,exact,exact,1.0,1.0
02cbfa143ccdb84256a5076dc76a1e37,20223690b15a59ea7b47c8c5288ef2e3,pair_dissolved_naturally,exact,exact,1.0,1.0
02cbfa143ccdb84256a5076dc76a1e37,2445137b2a9708a3734bf3f1d185ef72,pair_dissolved_naturally,exact,exact,1.0,1.0
02cfb29f94106061a90b8a5e6e9fb5fd,8b8a649fe6534690718ae184da8dfcd3,method_a_deleted,deleted,exact,,1.0
02d8d250a2d3333d383cb72e23154dc0,4af922acda5497ed1a5ac791dd9aa6b9,pair_dissolved_naturally,exact,exact,1.0,1.0
02e3b406e091121ef4fe2e4e6762f993,06822aebd42d84b40790b95162cb0478,pair_dissolved_by_refactoring,signature_changed,exact,0.99,1.0
02e3b406e091121ef4fe2e4e6762f993,5cb1ddbab6df9c3bef3ba6fd3b10d4c3,pair_dissolved_by_refactoring,signature_changed,exact,0.99,1.0
0305b4858cdc7011f514dc2a343c3136,64b771ed74d42f71bbae578dd3041352,both_deleted,deleted,deleted,,
030d10161163134afb2f75b2057d1768,63a8c7d161bc4b8ae161d03b270837bd,pair_dissolved_by_refactoring,signature_changed,signature_changed,0.89,0.9
030d10161163134afb2f75b2057d1768,e86397323a3547baf51b3d74eee5bc2c,pair_dissolved_by_refactoring,signature_changed,exact,0.89,1.0
032ed0ef636515b91b7219298c96aa90,4e7b61953119714b65dbc544d47b5a3e,pair_dissolved_by_refactoring,signature_changed,signature_changed,0.95,0.91
0331f4368b9e23b30131d1c3adc7272e,9894c812a80abb5d48713d6daf24bbb8,pair_dissolved_by_refactoring,exact,signature_changed,1.0,1.0
034d91b68f268f4222534ed6963dd392,f108162c9a2087443eab3612abb5981e,pair_dissolved_naturally,exact,exact,1.0,1.0
0364861c52ead1677db7f14fa96edb17,5006b5be46da6f9e8634dbdac4efb46f,pair_dissolved_naturally,exact,exact,1.0,1.0
0364861c52ead1677db7f14fa96edb17,8bde612e547d9d0d608a7ddceb5e79ab,pair_dissolved_naturally,exact,exact,1.0,1.0
0383bf85d8c8cc74d0e2c9d6beb97903,c76389b8b06a178e708935be5880f899,pair_dissolved_naturally,exact,exact,1.0,1.0
03a00e6c69565fbf0643a3d4414b9127,6bc27b523241bca86f6baac477f2b885,pair_dissolved_naturally,exact,exact,1.0,1.0
03a06dcf4b7baa03e6e096732f1a90e2,07abbf60d7eefaf0a0dbcfdf72d731c1,method_a_deleted,deleted,signature_changed,,0.95
03a06dcf4b7baa03e6e096732f1a90e2,206ae69b9f801179f86f8270a37f3673,method_a_deleted,deleted,signature_changed,,0.95
03a06dcf4b7baa03e6e096732f1a90e2,9492f80fb91536bbaa3e134bc5f8c51c,method_a_deleted,deleted,signature_changed,,0.92
03a06dcf4b7baa03e6e096732f1a90e2,b626b9bc42a6507c6bb2a3162bcab49c,method_a_deleted,deleted,signature_changed,,0.96
03a06dcf4b7baa03e6e096732f1a90e2,ea8838dd84bbf470d25057783b8108ac,method_a_deleted,deleted,signature_changed,,0.98
03a06dcf4b7baa03e6e096732f1a90e2,f5af8652e68781c70f4b42c045ccb2bd,method_a_deleted,deleted,signature_changed,,0.96
03a79f8cf239e3178ea5a677fd750494,c44405994906e6af5411ba2538ba5651,pair_dissolved_by_refactoring,signature_changed,signature_changed,0.93,0.89
03a9ea53cdca314244c81ec8125d62bf,6185c07b38736d6de36adb1403278b63,pair_dissolved_naturally,exact,exact,1.0,1.0
03af729e24f14a8bd644ee70f4b87982,3ad94a6e25b02332c7313402cab84fb3,pair_dissolved_naturally,exact,exact,1.0,1.0
03c1f8d0a348716af3cba4a7f8a6233a,a01b57f3b3a3c0ffc11e49f1c3f47db8,pair_dissolved_naturally,exact,exact,1.0,1.0
03c9a062baac43f3070f82e74ece62ea,daffa6893d6a05ffffa53019d5220b46,pair_dissolved_naturally,exact,exact,1.0,1.0
03d3691b73bb3af2384ab15299069682,399bf9c2d498cf17c1a9c87f896396b4,pair_dissolved_naturally,exact,exact,1.0,1.0
03d3691b73bb3af2384ab15299069682,64ba384dd85cb8cac0f33a481b89c6c7,pair_dissolved_naturally,exact,exact,1.0,1.0
03ecdab5f77145077610e824dc3f359e,5a4db6209ed2d2d07e11155c4ab1d148,pair_dissolved_naturally,exact,exact,1.0,1.0
03ff9900fc4100ba3b1f9c5abd22e7f3,801f93306519c92e83f49352212bc913,pair_dissolved_naturally,exact,exact,1.0,1.0
03ff9900fc4100ba3b1f9c5abd22e7f3,8717e65c1e8665dfb18a6a9963e006fe,pair_dissolved_naturally,exact,exact,1.0,1.0
041377b1c166e14f94f2c4f340dba8e4,d862322d797e8be617ef9a506ea66c2a,pair_dissolved_naturally,exact,exact,1.0,1.0
0414010898a0fa5190a8481817159899,be376f5bafd5fc9fc6b0284e14daac5f,pair_dissolved_naturally,exact,exact,1.0,1.0
0414010898a0fa5190a8481817159899,d26f5bdaaac557bc039c9aedb5d473fc,method_b_deleted,exact,deleted,1.0,
0434b28674f6ec00603a75da4eb424f5,ba440406c822e2fbaad76d1f3c3061d9,pair_dissolved_naturally,exact,exact,1.0,1.0
0495c81a6c577186193b8f45d32e477f,1ae14ed7ae76728d9566db7fecb908d3,pair_dissolved_by_refactoring,exact,signature_changed,1.0,0.99
049608de27313514800bcf8603b9f760,deac99237026955d18e6a16d4737c577,pair_dissolved_by_refactoring,exact,signature_changed,1.0,1.0
04a95f5b5b5fe6cefc550fce11b92e00,399bf9c2d498cf17c1a9c87f896396b4,pair_dissolved_naturally,exact,exact,1.0,1.0
04a95f5b5b5fe6cefc550fce11b92e00,64ba384dd85cb8cac0f33a481b89c6c7,pair_dissolved_naturally,exact,exact,1.0,1.0
04a95f5b5b5fe6cefc550fce11b92e00,87f4bde1f72e026254e9b6816c6d3fa5,pair_dissolved_naturally,exact,exact,1.0,1.0
04aed93a778e2cd9907c7f19aa6422c5,26e75a9eef7cfba8dc8405232b3ee992,pair_dissolved_by_refactoring,signature_changed,exact,1.0,1.0
04aed93a778e2cd9907c7f19aa6422c5,3beff9926652490023fd0102f6519073,pair_dissolved_by_refactoring,signature_changed,signature_changed,1.0,1.0
04aed93a778e2cd9907c7f19aa6422c5,3d9ad16b97f82f51462aa1a7e552fa87,pair_dissolved_by_refactoring,signature_changed,signature_changed,1.0,1.0
04aed93a778e2cd9907c7f19aa6422c5,6724bef652798147cb55a2305b7294ed,pair_dissolved_by_refactoring,signature_changed,exact,1.0,1.0
04aed93a778e2cd9907c7f19aa6422c5,7ccc4c2a73ce7b30105c3d5d59e9109a,pair_dissolved_by_refactoring,signature_changed,signature_changed,1.0,1.0
04aed93a778e2cd9907c7f19aa6422c5,85545c63565b1c93190b3489e6eda741,pair_dissolved_by_refactoring,signature_changed,exact,1.0,1.0
04aed93a778e2cd9907c7f19aa6422c5,98f67f40555cd24b6b47213742502ab3,pair_dissolved_by_refactoring,signature_changed,signature_changed,1.0,1.0
04aed93a778e2cd9907c7f19aa6422c5,9ab0733f3e06f828262ed3a74fbfed54,pair_dissolved_by_refactoring,signature_changed,exact,1.0,1.0
04aed93a778e2cd9907c7f19aa6422c5,aec6fe392888c827e6de0daba28630c2,pair_dissolved_by_refactoring,signature_changed,signature_changed,1.0,1.0
04aed93a778e2cd9907c7f19aa6422c5,b891ff50cff4c04fb8f0b285637ed1df,pair_dissolved_by_refactoring,signature_changed,signature_changed,1.0,1.0
04aed93a778e2cd9907c7f19aa6422c5,b91d093ba2815884ad19cfed97e714e8,pair_dissolved_by_refactoring,signature_changed,exact,1.0,1.0
04aed93a778e2cd9907c7f19aa6422c5,cdc29585ac9177e754d6818bdc2e3230,pair_dissolved_by_refactoring,signature_changed,exact,1.0,1.0
04aed93a778e2cd9907c7f19aa6422c5,d30726380f036e104eb09980dae91063,pair_dissolved_by_refactoring,signature_changed,signature_changed,1.0,1.0
04aed93a778e2cd9907c7f19aa6422c5,d7a93f199d81e6879bc547c737bee761,pair_dissolved_by_refactoring,signature_changed,signature_changed,1.0,1.0
04aed93a778e2cd9907c7f19aa6422c5,dac5e832febd89ac1f6cf98e851c4707,pair_dissolved_by_refactoring,signature_changed,signature_changed,1.0,1.0
04b2ebe90ad395ef2a708e61c1079a67,163ea6c9c20e243a02cbe6fe4a3f3e19,pair_dissolved_naturally,exact,exact,1.0,1.0
04bfe68a9ef1b418abc1da1f16a96177,b979013f50cadadaede9e22ed4d254aa,pair_dissolved_by_refactoring,signature_changed,exact,0.96,1.0
04f389d76c3d8e995b3883f1d164eea2,c4dfd2db4974e110e786e71f11309df4,pair_dissolved_naturally,exact,exact,1.0,1.0
0501b5fc6c132515daab8144896a9135,6d1e2aad33948c919f02bcbfa95ad77f,pair_dissolved_naturally,exact,exact,1.0,1.0
050ddb70e6fb585f243a133dd7184af0,461879fb7b6f2a79f401ec50293cff2c,pair_dissolved_by_refactoring,signature_changed,signature_changed,1.0,1.0
0520f2fda2f608f9ba78d7d593c39db7,41b8691cfc46d76bde37edba296c8539,pair_dissolved_naturally,exact,exact,1.0,1.0
054c9af5373e52a4365ec5815822d93c,b8120732c3a0837e3d7166ac8219fdd1,pair_dissolved_naturally,exact,exact,1.0,1.0
057178262bfac9181c4d464a3dcfad78,0b5e3d7113cfef869e004f62a0eec570,pair_dissolved_by_refactoring,signature_changed,signature_changed,0.94,1.0
05f359b732ad58a2228ccf3745bbc995,6106818a440c0f6dd6f1316afd96a1a0,method_b_deleted,exact,deleted,1.0,
0610b43fc21d28ea1a72d02d9b241e25,655f9c65d272d35f57ac2fd73f9cc805,pair_dissolved_naturally,exact,exact,1.0,1.0
0610b43fc21d28ea1a72d02d9b241e25,b0ad7b6e344cc5632eb561fc6e481538,pair_dissolved_naturally,exact,exact,1.0,1.0
061b1a0944ecb45cd3836e6a1a22f1c7,f58d47b2fe72e323bbe2e6bd2020e5e9,pair_dissolved_by_refactoring,signature_changed,signature_changed,0.97,0.95
061e1df752c23d185618a7c1c91cacd4,3664e76c789cf99df4ff7fb8bf13c1d2,pair_dissolved_naturally,exact,exact,1.0,1.0
061e1df752c23d185618a7c1c91cacd4,df9dc115f6c6de90844d6fb6814eec1b,pair_dissolved_naturally,exact,exact,1.0,1.0
064102457748fe25d715a8338b6d96fc,8ca8356e60c44a92383ae5a70c0c19c2,pair_dissolved_naturally,exact,exact,1.0,1.0
070e9b12c15a4bbc0c8bc294d94083ec,0c4aadd0fbc59ae940bb97bc93601fe2,pair_dissolved_by_refactoring,moved,exact,0.9,1.0
070e9b12c15a4bbc0c8bc294d94083ec,8bc97ffc6901f163c8d69225919a61e7,pair_dissolved_by_refactoring,moved,exact,0.9,1.0
0713ba5957f2af402ada0bf82f10e114,aebaa25b79562e4f51c910c483fb126c,pair_dissolved_by_refactoring,exact,signature_changed,1.0,1.0
0735bdb645bbb71fd53b221ef608cc97,24c927627dd63847d02868c4e9b5dc8e,pair_dissolved_naturally,exact,exact,1.0,1.0
0736fdef4613d23ae8421cbb91d91a0b,91f0fff34f657009f36b7ee3029b2057,both_deleted,deleted,deleted,,
074ab28a3fe075e34a47350ca41ca15c,138d119b9f4640b5cfeb5bd073ef739e,pair_dissolved_by_refactoring,exact,signature_changed,1.0,0.98
075a76575075b1dd949f265bad096efe,2fe41bc75a7511daa10953b00039a1ba,pair_dissolved_by_refactoring,exact,signature_changed,1.0,1.0
075a76575075b1dd949f265bad096efe,8a268dbf90db1aa48e84aadc1bc0d276,pair_dissolved_by_refactoring,exact,signature_changed,1.0,1.0
075a76575075b1dd949f265bad096efe,fd320b763b8cd3838ce335fc57ed183f,pair_dissolved_by_refactoring,exact,signature_changed,1.0,1.0
075f7ad20bd7f3a3c2f1e87f1c273955,533a12e4dec6fb4108f5089a90bf97dc,pair_dissolved_naturally,exact,exact,1.0,1.0
075f7ad20bd7f3a3c2f1e87f1c273955,eb33e0cba8a5fd24fa5990db6c386582,pair_dissolved_naturally,exact,exact,1.0,1.0
0779c8f7657cf5be5aa7f59daee65444,3f2261698400f54423bad2802a34089f,pair_dissolved_naturally,exact,exact,1.0,1.0
0779c8f7657cf5be5aa7f59daee65444,7fc0d97bd14357a098fee1810c03241d,pair_dissolved_naturally,exact,exact,1.0,1.0
07a8b78788deeaf4448460fe4d109e7a,d975177bda7fba692b25ad8882c9e68b,pair_dissolved_by_refactoring,signature_changed,signature_changed,0.99,0.98
07abbf60d7eefaf0a0dbcfdf72d731c1,b626b9bc42a6507c6bb2a3162bcab49c,pair_dissolved_by_refactoring,signature_changed,signature_changed,0.95,0.96
07abbf60d7eefaf0a0dbcfdf72d731c1,ea8838dd84bbf470d25057783b8108ac,pair_dissolved_by_refactoring,signature_changed,signature_changed,0.95,0.98
07b21ab861fd59f426ce92fc7880e4d6,474bbb0436e0498a356845cf460b0b4f,pair_dissolved_naturally,exact,exact,1.0,1.0
07b21ab861fd59f426ce92fc7880e4d6,6bd4615ad71c9289c47ee4ad2c32f5d3,pair_dissolved_naturally,exact,exact,1.0,1.0
07b21ab861fd59f426ce92fc7880e4d6,9b4ceb234ca4eae46375dcb62a755131,pair_dissolved_by_refactoring,exact,renamed,1.0,0.95
07b21ab861fd59f426ce92fc7880e4d6,a333a56745f7c84cd24481cc94b600c9,pair_dissolved_naturally,exact,exact,1.0,1.0
07b35e80a08c98176dbdcc74a80c6c2f,604e4d7d49492f5c493d8df0c7d86774,method_b_deleted,exact,deleted,1.0,
07b35e80a08c98176dbdcc74a80c6c2f,70b763c01401d5dd1ae19af84221e72d,pair_dissolved_naturally,exact,exact,1.0,1.0
07b35e80a08c98176dbdcc74a80c6c2f,e37765886052c5aacb9d118572a0098b,pair_dissolved_naturally,exact,exact,1.0,1.0
07b35e80a08c98176dbdcc74a80c6c2f,f39da81ec474a1d4c2daf26dd938dc95,pair_dissolved_naturally,exact,exact,1.0,1.0
07dec410a13ca4922592ba9343f9871b,f2028038dd735782f82efbbe09fee61c,pair_dissolved_naturally,exact,exact,1.0,1.0
07f4c73fb988fe6df564ea6c70b01638,ed32c09de0c871fff9094ce8729224d8,pair_dissolved_naturally,unknown,exact,,1.0
07f935fd1d38f30ab135554e5af76944,338383e552c50b0daa453e64caebfffd,pair_dissolved_by_refactoring,unknown,signature_changed,,0.98
0827400f9f3b692815c92fe9b9dbd275,9b51fe036b61b4140eb7a9d4fefca066,method_a_deleted,deleted,exact,,1.0
083c46b68a43bee658062aefbcfac27e,21340afb3e1f9d1c1d1eab9590ffcfd3,pair_dissolved_by_refactoring,signature_changed,exact,0.98,1.0
083c46b68a43bee658062aefbcfac27e,308c5e24aec4f76e991b071a6b65aaad,method_b_deleted,signature_changed,deleted,0.98,
083c46b68a43bee658062aefbcfac27e,a555a2e913a0b426bacacc8c0aee436b,pair_dissolved_by_refactoring,signature_changed,signature_changed,0.98,0.94
08585748144c9d396147105d0996d0cc,4c16f83d19c0aa3445d2d133a38d7efe,pair_dissolved_naturally,exact,exact,1.0,1.0
08585748144c9d396147105d0996d0cc,5720b6e39fea1f783f9be7a5105d80d7,pair_dissolved_naturally,exact,exact,1.0,1.0
08585748144c9d396147105d0996d0cc,7b3632666ed752692265d2cbe3030fa0,pair_dissolved_naturally,exact,exact,1.0,1.0
08585748144c9d396147105d0996d0cc,d86e536df9847a9e7366e5b3f6800fd8,pair_dissolved_naturally,exact,exact,1.0,1.0
08585748144c9d396147105d0996d0cc,f5b8373ff7d56f503cc9f2f8a598e8d2,pair_dissolved_naturally,exact,exact,1.0,1.0
08589a46b9fa8bafe2388b09db25ec74,1a619500f4d9b6cb2baa57c5e6e7043f,pair_dissolved_naturally,exact,exact,1.0,1.0
085aece72dee4f806581da3141bee439,a31087b7f20eecb1e4e2dde054dbfe45,pair_dissolved_naturally,exact,exact,1.0,1.0
085cfca8e1dd33abab1b747f42030eab,b857e31cf856a4e537a4b9852ae8fc06,pair_dissolved_by_refactoring,exact,signature_changed,1.0,1.0
086b0edd56823964bb8378bdec3ab432,399bf9c2d498cf17c1a9c87f896396b4,pair_dissolved_by_refactoring,signature_changed,exact,0.95,1.0
086b0edd56823964bb8378bdec3ab432,64ba384dd85cb8cac0f33a481b89c6c7,pair_dissolved_by_refactoring,signature_changed,exact,0.95,1.0
086dd4a66300cf40b033870e507ca4ac,8528e2975d533eff81f29e29985ff074,pair_dissolved_by_refactoring,exact,moved,1.0,0.96
086dd4a66300cf40b033870e507ca4ac,c66db247dba4831f2ecbd47d68913892,pair_dissolved_by_refactoring,exact,moved,1.0,0.98
086dd4a66300cf40b033870e507ca4ac,e3c31ac4fb98c4f896dc5cebed25f27d,pair_dissolved_naturally,exact,exact,1.0,1.0
08848a52aca2800e2068314226331864,57d3997602eed73d492af646d24c7dba,pair_dissolved_naturally,exact,exact,1.0,1.0
08ab8462daffb0a642c288b07ed3ac47,0ae107d3e8408f38929ae9218e1741a0,pair_dissolved_naturally,exact,exact,1.0,1.0
08e0a66a244ad78707eccc5f562cea3a,33801206093d3608c5073f899984b524,pair_dissolved_by_refactoring,renamed,renamed,0.98,0.98
08e0a66a244ad78707eccc5f562cea3a,cb69c37d937c69913127ed5dc287c29e,pair_dissolved_by_refactoring,renamed,refactored,0.98,0.83
0901c99ee37c68e49ddb5a577afa89a9,90774f09e12eec9f81613af2f7028ae8,pair_dissolved_naturally,exact,exact,1.0,1.0
092b41830d10778447dcb03043ade21e,6848826a0f86de13450a0ce8caf8878d,pair_dissolved_naturally,exact,exact,1.0,1.0
092b41830d10778447dcb03043ade21e,b096405376b84c6ad0968f0a3472e518,pair_dissolved_naturally,exact,exact,1.0,1.0
09449b6427e2499f6458faf7125d7384,0ca45d6e0dad93d7a93321f511cf14bc,pair_dissolved_by_refactoring,exact,signature_changed,1.0,1.0
09afc9865fb460371225ef6af2b15d51,2a79799af6f643a75a92e5ad34939841,pair_dissolved_by_refactoring,signature_changed,signature_changed,0.96,0.97
09afc9865fb460371225ef6af2b15d51,484db4e9b48b3d382d434942faea7765,pair_dissolved_by_refactoring,signature_changed,unknown,0.96,
09afc9865fb460371225ef6af2b15d51,50f1a0532f87eb1e4aad4ed7b4706481,pair_dissolved_by_refactoring,signature_changed,unknown,0.96,
09afc9865fb460371225ef6af2b15d51,5ee3ead9b71b7e79890ccaed9a4fead3,pair_dissolved_by_refactoring,signature_changed,exact,0.96,1.0
09afc9865fb460371225ef6af2b15d51,6724bef652798147cb55a2305b7294ed,pair_dissolved_by_refactoring,signature_changed,exact,0.96,1.0
09afc9865fb460371225ef6af2b15d51,e21862e4a051a3fe2f3b3338a7daef05,pair_dissolved_by_refactoring,signature_changed,signature_changed,0.96,0.96
09c3f48ccfc730f3b67ecec80531386a,a38a81b27032f493f78c9cddc6298c8b,pair_dissolved_by_refactoring,signature_changed,signature_changed,0.83,0.8
09e521051211794e1c274477740f7c68,48dbfc7003c1d5a1b8bcc3cedfa6724e,method_a_deleted,deleted,refactored,,0.81
0a00674e9897035139dec62c5f27e3f6,bb085c07f5369b8c1c1d71b23677c034,pair_dissolved_naturally,exact,exact,1.0,1.0
0a09d1afc61082394fa7a7670c5ffbed,6106818a440c0f6dd6f1316afd96a1a0,method_b_deleted,exact,deleted,1.0,
0a21bfc7835d0e60347a5fbd49b5e84c,d320b3d8ca8fa8a0a876cefb04b8acb7,pair_dissolved_by_refactoring,signature_changed,signature_changed,0.93,0.98
0a414ad497ed86ed6cacf4c2710165d2,807fad579849201f127d0f3ff4dc7e5c,pair_dissolved_naturally,exact,exact,1.0,1.0
0a414ad497ed86ed6cacf4c2710165d2,b0d685d9e2b05890c52e1eac733ed504,pair_dissolved_naturally,exact,exact,1.0,1.0
0abbb9fc11bd636f172fb1f3423a2562,daca2a4e5443452d565601e54b7f9cbe,pair_dissolved_naturally,exact,exact,1.0,1.0
0aef26e4ea3bcd7fea48d63ad04a2713,bb4db9e7094d6008fdabfa63feae135c,pair_dissolved_naturally,exact,exact,1.0,1.0
0b062000fbdf584ccb6dad9648883962,907682cac440f224c780db81b3cb4888,pair_dissolved_naturally,exact,exact,1.0,1.0
0b1e4a60fb1f979c6fc090d2bd826ed0,1deb9242bc788622a1a0db5f6c393217,method_a_deleted,deleted,exact,,1.0
0b1e4a60fb1f979c6fc090d2bd826ed0,26e75a9eef7cfba8dc8405232b3ee992,method_a_deleted,deleted,exact,,1.0
0b1e4a60fb1f979c6fc090d2bd826ed0,35bcb0b9203ff440fdb3d8da7aa9b66e,both_deleted,deleted,deleted,,
0b1e4a60fb1f979c6fc090d2bd826ed0,5292ffaf3700864bc3a1d01b9a229811,both_deleted,deleted,deleted,,
0b1e4a60fb1f979c6fc090d2bd826ed0,6724bef652798147cb55a2305b7294ed,method_a_deleted,deleted,exact,,1.0
0b1e4a60fb1f979c6fc090d2bd826ed0,690e25d903eb9269dc41f02478a91086,method_a_deleted,deleted,exact,,1.0
0b1e4a60fb1f979c6fc090d2bd826ed0,7605191016513ee1313439ee6155c7dd,method_a_deleted,deleted,refactored,,0.76
0b1e4a60fb1f979c6fc090d2bd826ed0,85545c63565b1c93190b3489e6eda741,method_a_deleted,deleted,exact,,1.0
0b1e4a60fb1f979c6fc090d2bd826ed0,9ab0733f3e06f828262ed3a74fbfed54,method_a_deleted,deleted,exact,,1.0
0b1e4a60fb1f979c6fc090d2bd826ed0,a5f6717f0de6f8966a08333c93701692,method_a_deleted,deleted,exact,,1.0
0b1e4a60fb1f979c6fc090d2bd826ed0,b91d093ba2815884ad19cfed97e714e8,method_a_deleted,deleted,exact,,1.0
0b21521ee6aeb171d31d7ddc00d50c5c,b368a8e1b1bb33edd21764d47c19bac7,pair_dissolved_naturally,exact,exact,1.0,1.0
0b484a37168e6ae8a2ec00eecf2ec250,24973dcbe6483976767c02e73a6ce7df,pair_dissolved_by_refactoring,signature_changed,signature_changed,0.98,0.96
0b6dbad0040c066bab23887001e58f9b,fd252b9049b079dacdf3c5f1e8867b8c,both_deleted,deleted,deleted,,
0b7619c1c0248f1781adf946cfe5424d,afd84d60394ca6e1a477fba9f38a460a,pair_dissolved_by_refactoring,signature_changed,signature_changed,0.95,0.92
0bc4ed6b5705b839b405f683ab7eaed5,bee92cef5b7beb6b905f98241d8ae919,pair_dissolved_naturally,exact,exact,1.0,1.0
0bd3e2e12fbf8edf2e80393720137617,4077296c44db51deff7cef82a729e50e,pair_dissolved_naturally,exact,exact,1.0,1.0
0bd3e2e12fbf8edf2e80393720137617,58a3efb16d13ba3bcdb7f1c8cb2b1a0e,pair_dissolved_naturally,exact,exact,1.0,1.0
0bd3e2e12fbf8edf2e80393720137617,6dd251876bea71b94eece03b2bf39acc,pair_dissolved_by_refactoring,exact,signature_changed,1.0,0.98
0bd3e2e12fbf8edf2e80393720137617,ae49a56bc5579392d2a176e0d48cc52a,pair_dissolved_naturally,exact,exact,1.0,1.0
0bd3e2e12fbf8edf2e80393720137617,b8120732c3a0837e3d7166ac8219fdd1,pair_dissolved_naturally,exact,exact,1.0,1.0
0bd3e2e12fbf8edf2e80393720137617,c0a179c337e9e28e12eb470b7de704bf,pair_dissolved_naturally,exact,exact,1.0,1.0
0bf8024ef698d42fcdef624728b60a02,bf563110e98473f66e73fdb1e099e893,both_deleted,deleted,deleted,,
0c015fab5fc0f082de540ba3df00c19f,2cd63dc2937a73d9499ddc680257b70f,pair_dissolved_by_refactoring,unknown,renamed,,0.9
0c015fab5fc0f082de540ba3df00c19f,3e54de61e74c0cdf7fdd6edb274e0b98,pair_dissolved_by_refactoring,unknown,refactored,,0.8
0c015fab5fc0f082de540ba3df00c19f,bfea8b030dc3efcce290d7fc42771678,pair_dissolved_by_refactoring,unknown,signature_changed,,0.7
0c036ce173c9b06a1b05bb7755218782,67fff80f653230dcd8dbfdc04c173394,pair_dissolved_by_refactoring,exact,signature_changed,1.0,0.99
0c59c7cbe57da67d679900b8aedd5a8b,136c634c6db5898c348963c2182068b4,pair_dissolved_by_refactoring,signature_changed,exact,0.99,1.0
0c5f37b806da7c3fd6d4043cb1472043,2ab8a1101894bf9097b0fd8daf0955d2,pair_dissolved_naturally,exact,exact,1.0,1.0
0ca662b2cea4cae2638c5aeffb357922,d79b07a0764d7dbdb8b8195d820e2d3d,method_b_deleted,exact,deleted,1.0,
0ceff20f2506315f8276e7dc4e2c836f,5e1718070f40cebb089e87d6a642f759,pair_dissolved_naturally,exact,exact,1.0,1.0
0ceff20f2506315f8276e7dc4e2c836f,a6525b8abad3f18b54cbe50cb44e33ee,pair_dissolved_naturally,exact,exact,1.0,1.0
0ceff20f2506315f8276e7dc4e2c836f,bccf62b3f451b7a23c35349a0dd51219,pair_dissolved_naturally,exact,exact,1.0,1.0
0d084462f442b63f9df4e3971fad9881,1531e1949a1e7ff250d9872e1849c0bf,pair_dissolved_naturally,exact,exact,1.0,1.0
0d1a9bc72cced115f57b434dd997a4b0,a8101823e3923ebce9e3edc32c39b8ab,pair_dissolved_naturally,exact,exact,1.0,1.0
0d1b1d99d0f8c918b8cd36c1060eb187,e2f549ac0c49146d1234742dfd5d0299,both_deleted,deleted,deleted,,
0d1c4d47e5d14bfbf2c1bc32b2ce676d,207bf79c96c606174ea9257ef19a1b68,pair_dissolved_naturally,exact,exact,1.0,1.0
0d1c4d47e5d14bfbf2c1bc32b2ce676d,7605191016513ee1313439ee6155c7dd,pair_dissolved_by_refactoring,exact,refactored,1.0,0.76
0d58163e4d1e88e3fa9172485515da55,e8f1ab78f0246f788ffd632044dd2263,pair_dissolved_naturally,exact,exact,1.0,1.0
0d5acd85a42bac05d5faad9f8db7506d,6b3d054a0290a05c9b934399c2441526,pair_dissolved_by_refactoring,signature_changed,signature_changed,0.95,0.89
0d68317fb7b4d5aa277a5638069793e3,8b506ffe50638ab4e65877630f5908bb,pair_dissolved_naturally,exact,exact,1.0,1.0
0d68317fb7b4d5aa277a5638069793e3,c26c28bc81b8257b3acfd3dd1c3882c2,pair_dissolved_naturally,exact,unknown,1.0,
0d706b01d9b80399b49e769f59216c39,d5569bfac50852d2500cedd67164edf1,pair_dissolved_naturally,exact,exact,1.0,1.0
0d87dae716619d373c21a3cace5c499d,55b2312dcd076f5037459bf01a48ccfb,pair_dissolved_naturally,exact,exact,1.0,1.0
0d8d8fb0ff15950bf8614116dae1e885,408efa9a06b70c176d1cc61672429514,pair_dissolved_by_refactoring,signature_changed,signature_changed,0.91,0.9
0dab5f7f6e1d6e41ceb5f8ca37652f2e,8c565987bef733dc865e569ce1d2c444,pair_dissolved_by_refactoring,signature_changed,exact,0.98,1.0
0dac8b9c8096c4d56c14c5ac537ecb88,f5b8373ff7d56f503cc9f2f8a598e8d2,pair_dissolved_naturally,exact,exact,1.0,1.0
0dba5abd5149c14089c3c32cca1ded00,fcbdda7abfc54114d2fda50bd2e00fb1,both_deleted,deleted,deleted,,
0dcbe6a70e70a91ff6c3596559a39136,158b7120f02d07f1b6f7354de3751db9,pair_dissolved_naturally,exact,exact,1.0,1.0
0dcbe6a70e70a91ff6c3596559a39136,d26f5bdaaac557bc039c9aedb5d473fc,method_b_deleted,exact,deleted,1.0,
0dd3b4c451a8779d64b9f0b6ccde60cc,227a57fb2d95f0daad0053674caee0ef,pair_dissolved_naturally,exact,exact,1.0,1.0
0dd3b4c451a8779d64b9f0b6ccde60cc,7bbcec46e538ea5c15daae33352498e3,pair_dissolved_naturally,exact,exact,1.0,1.0
0dee371402f8ad3e0ca34ae948a254f3,a6611eb47e361412a99bb80609496bcd,pair_dissolved_naturally,exact,exact,1.0,1.0
0def0e441b18669cf610fa120edb6470,42eb3ca1e868902e32f5ce38284d56ec,pair_dissolved_by_refactoring,signature_changed,exact,0.97,1.0
0def0e441b18669cf610fa120edb6470,a3f2245677c01f83552013194bcc916d,pair_dissolved_by_refactoring,signature_changed,signature_changed,0.97,0.95
0e07782048edf943a69044b9287392a1,559fece4c6d15e7efe2352217e0f2961,pair_dissolved_naturally,exact,exact,1.0,1.0
0e07782048edf943a69044b9287392a1,938ca0f9166a18c466af93b0d9a43edd,pair_dissolved_naturally,exact,exact,1.0,1.0
0e4d06fd6bc4ecfafaf53597948a19d7,3e985f5c0bedd742736eb45b2a61ea4f,pair_dissolved_by_refactoring,signature_changed,signature_changed,0.9,0.97
0e4d06fd6bc4ecfafaf53597948a19d7,aac640bce686236edb0c158b597a9cf0,pair_dissolved_by_refactoring,signature_changed,signature_changed,0.9,0.98
0e4d06fd6bc4ecfafaf53597948a19d7,afb69dd698c2a89817799d9ad4ed8029,pair_dissolved_by_refactoring,signature_changed,signature_changed,0.9,0.98
0e4d06fd6bc4ecfafaf53597948a19d7,c2c49e9176a38b8b36f3d8fb0f541fca,pair_dissolved_by_refactoring,signature_changed,signature_changed,0.9,0.98
0f026342332cd1bc0fc17d6bfe584da6,32ec5921bfe9fdcd40078209a7813893,pair_dissolved_naturally,exact,exact,1.0,1.0
0f026342332cd1bc0fc17d6bfe584da6,b1495ba9e3e810aa55949eff83fb64b8,pair_dissolved_naturally,exact,exact,1.0,1.0
0f0b1408a9a6538c63eb7edc05c99c55,4df942a5ad472f984c6770a179bca905,pair_dissolved_by_refactoring,signature_changed,signature_changed,0.88,0.89
0f0b1408a9a6538c63eb7edc05c99c55,71c2d69fbdb5e530d2a07ea5cdea5f57,pair_dissolved_by_refactoring,signature_changed,signature_changed,0.88,0.79
0f1321035d954f6bc86bb64b00bc1378,f56291ad3bb893455ca199ed91e69d41,pair_dissolved_by_refactoring,signature_changed,signature_changed,0.9,0.81
0f1e2884b7e3d54a6debb86b51bab916,771efe54933ecedf00e44da49d1060f7,pair_dissolved_naturally,unknown,unknown,,
0f1e2884b7e3d54a6debb86b51bab916,e63d0d6dcc6312137a27ac8705823f2c,pair_dissolved_naturally,unknown,exact,,1.0
0f1f3416dedd7fc833ac968b9f116b04,ad5282d8371f6203fb195b59dff5a6da,pair_dissolved_by_refactoring,signature_changed,refactored,0.8,0.81
0f2865dc5d69308f1be86a589555d2fa,dd4c9e9d3a24eb17e29c4f090576206f,pair_dissolved_naturally,exact,exact,1.0,1.0
0f293e4cd7e56fac22679ebb46fb3638,491834ee2d3be4f5d661eb78463cc529,pair_dissolved_naturally,exact,exact,1.0,1.0
0f293e4cd7e56fac22679ebb46fb3638,7755d37022c70d726f526fadac4a900e,pair_dissolved_naturally,exact,exact,1.0,1.0
0f9424e915964c6bcb9b000a97cae004,7d53c5981194decbde894ffcf7739564,pair_dissolved_naturally,exact,exact,1.0,1.0
0f9424e915964c6bcb9b000a97cae004,e2e4cec90e67db4172e3ad59cd5e152e,pair_dissolved_naturally,exact,exact,1.0,1.0
0f9a9bb2eb7084eff7db2b6af6eb0644,d2cacb4353c7a3060d76456ce7e09632,both_deleted,deleted,deleted,,
1049c673b4c2ca9de0805260827e03c8,a2e684d2e78872a7de6600f6952140ac,pair_dissolved_naturally,exact,exact,1.0,1.0
10608427f5be62610e9aaaa3c07cb99c,942588d7f973258531221b51b2c3c46a,pair_dissolved_by_refactoring,signature_changed,signature_changed,0.96,0.94
1072355bf79a46592b762832cc10ea35,1935106e17982b507cf8cfd24b453e18,pair_dissolved_by_refactoring,signature_changed,signature_changed,0.97,1.0
108a68ba3b6e23a88a193fb5f845fb27,70669a75c95591e28e697a42b8c749f7,pair_dissolved_by_refactoring,signature_changed,signature_changed,0.87,0.91
108a68ba3b6e23a88a193fb5f845fb27,e36c332a9b8b9b1e01d05138228fd940,pair_dissolved_by_refactoring,signature_changed,signature_changed,0.87,0.93
10b931f9ab4b457c7f8ba66abcc5d405,31c0b0c72bae4a7a93e53d17f45e131c,pair_dissolved_naturally,exact,exact,1.0,1.0
10c36888e98081c146e1af22b5194d10,63d8a912b60832e9b50cbaba8677819d,pair_dissolved_by_refactoring,signature_changed,signature_changed,0.98,0.93
10c36888e98081c146e1af22b5194d10,cdd9e4e6d4174340c60b397a4094add5,pair_dissolved_by_refactoring,signature_changed,unknown,0.98,
10c5c0164cae548e732a1d1198784ce3,2dd97abac29858ccda6de19de53ec728,both_deleted,deleted,deleted,,
10c5c0164cae548e732a1d1198784ce3,3416580da8a485af5e3acaa0662e2266,method_a_deleted,deleted,refactored,,0.7
10c5c0164cae548e732a1d1198784ce3,50f4c452f4b525d97b638b36ac8909a1,both_deleted,deleted,deleted,,
10c5c0164cae548e732a1d1198784ce3,da48f8a01b361e23514199914feba990,both_deleted,deleted,deleted,,
10c5c0164cae548e732a1d1198784ce3,fe45c2af27a38917e6c207551c789a0c,method_a_deleted,deleted,refactored,,0.84
10d5914a674a21f2e0f294178e4772ee,ae6f62ddd72c36c0c364b27d3bd7d125,pair_dissolved_naturally,exact,exact,1.0,1.0
10f4a9d5f1cfef3d6737b8262bb74737,5834b30856cf97627cc0eddd7c9453b8,pair_dissolved_by_refactoring,exact,signature_changed,1.0,1.0
111ffc99110a0b93a86acbfd36bf5f77,39762d20ade5a6dec3596a5358411407,pair_dissolved_by_refactoring,signature_changed,signature_changed,0.99,0.99
1129572b65c55e15e98ade53c4fcf6b5,8a1fe515c2dd85688d7a6bece5fecefa,pair_dissolved_naturally,exact,exact,1.0,1.0
1129572b65c55e15e98ade53c4fcf6b5,ad667d95bcb91201e8efbbf08fde7a59,pair_dissolved_naturally,exact,exact,1.0,1.0
116a6f6a059d890978d81372cad8dd27,eb1cedd42f29896715362e2e5c1ac3d9,pair_dissolved_naturally,exact,exact,1.0,1.0
1170d45bffc212d9850280b187101241,d494f16183cb2cf2c29001506b6b6dcc,pair_dissolved_naturally,exact,exact,1.0,1.0
118976e941f04583725e9f4212689de0,e25ed3794013a32e94f06d768980bb16,pair_dissolved_naturally,unknown,exact,,1.0
11c7a799bb3a3883dd3dffb1cd2d58a0,b381e6d83cad87c912cff2aa926edad2,pair_dissolved_by_refactoring,exact,signature_changed,1.0,1.0
12381e09bee0e6f0ddc448dc19d788b1,1ffc648af02036cb1e489a85b041e8e9,pair_dissolved_naturally,exact,exact,1.0,1.0
12381e09bee0e6f0ddc448dc19d788b1,53819fc1ff667e38d81446a488032200,pair_dissolved_by_refactoring,exact,signature_changed,1.0,1.0
12381e09bee0e6f0ddc448dc19d788b1,5a6e3eb0b25df288674d0ea0fbe8c4d8,pair_dissolved_naturally,exact,exact,1.0,1.0
1259127839915646a12409cb98a919e6,13ed4257aba45c2cc19dae4dc4c58670,pair_dissolved_naturally,exact,exact,1.0,1.0
12dfd08f9cb9f7e4fe5cce6406b53c24,39ac62ce9479da250b38291695e36572,both_deleted,deleted,deleted,,
12dfd08f9cb9f7e4fe5cce6406b53c24,64b771ed74d42f71bbae578dd3041352,both_deleted,deleted,deleted,,
12f8a7f99aba0a174a87f841ae0d9f45,32f0909eb331b6ed9691f9747ab0be74,method_b_deleted,exact,deleted,1.0,
130c20f4ced0f7fd538b86b57b4cd0e3,3c58a88b7d016bc4b2be58f3dd965c28,pair_dissolved_naturally,unknown,unknown,,
130c20f4ced0f7fd538b86b57b4cd0e3,81c71a669bbafbd25823d77d069600b6,pair_dissolved_by_refactoring,unknown,signature_changed,,0.9
133bde1c55223516fbcc2a78cfd7b03c,f125a30576348016cc9739bd2050aceb,pair_dissolved_by_refactoring,exact,signature_changed,1.0,0.96
134ddd35ad4de22a28c2b88a22d8a881,2e82695cf6e64382ca2c57aa33d4ee50,pair_dissolved_by_refactoring,refactored,refactored,0.8,0.77
134ddd35ad4de22a28c2b88a22d8a881,41b4b5c70324993981ecf825a503ca1a,pair_dissolved_by_refactoring,refactored,refactored,0.8,0.82
134ddd35ad4de22a28c2b88a22d8a881,4ae680cf230c48eb7a4115bb082e443e,pair_dissolved_by_refactoring,refactored,refactored,0.8,0.84
134ddd35ad4de22a28c2b88a22d8a881,c092596b349426c025a5813ede8296de,pair_dissolved_by_refactoring,refactored,signature_changed,0.8,0.74
134ddd35ad4de22a28c2b88a22d8a881,cb69c37d937c69913127ed5dc287c29e,pair_dissolved_by_refactoring,refactored,refactored,0.8,0.83
134ddd35ad4de22a28c2b88a22d8a881,eb9152a5f5535fc4c2813fcb3a901ef9,pair_dissolved_by_refactoring,refactored,refactored,0.8,0.8
1361c1bcb10b338fca004919c5af9c4a,6ab4e2537663779954e811a3ae7e2680,pair_dissolved_by_refactoring,signature_changed,signature_changed,0.9,0.91
1361c1bcb10b338fca004919c5af9c4a,b180579511319ed758ddda779e32acdb,pair_dissolved_by_refactoring,signature_changed,signature_changed,0.9,0.91
1361c1bcb10b338fca004919c5af9c4a,f9bd9104cc149f0aa2d543ffc0970667,pair_dissolved_by_refactoring,signature_changed,signature_changed,0.9,0.9
1365353181d8010490e2f32444f23cd6,36660c20958aa35f3f828d471e29f85a,pair_dissolved_by_refactoring,signature_changed,signature_changed,0.88,0.88
1365353181d8010490e2f32444f23cd6,4b61463e527782ebefbb927926247812,pair_dissolved_by_refactoring,signature_changed,signature_changed,0.88,0.89
1365353181d8010490e2f32444f23cd6,9f4aa7ed6511856ed94cc46136c193fe,pair_dissolved_by_refactoring,signature_changed,exact,0.88,1.0
13778f60dc84cd01017055db9e45c4ce,57b271a67023e7651d632d6b20c2b244,pair_dissolved_naturally,exact,exact,1.0,1.0
13778f60dc84cd01017055db9e45c4ce,71ca17b3577056bcc317df3ae3470564,pair_dissolved_naturally,exact,exact,1.0,1.0
13778f60dc84cd01017055db9e45c4ce,b3d6ef6311ddd9d4988687128b2ab6a5,pair_dissolved_naturally,exact,exact,1.0,1.0
1389ba209f39898485955cb428f15e7d,6106818a440c0f6dd6f1316afd96a1a0,method_b_deleted,exact,deleted,1.0,
13a3f924f36ec9793d0b720b0e7697aa,441d32e5259497749983eb99a294f09d,pair_dissolved_naturally,exact,exact,1.0,1.0
13a3f924f36ec9793d0b720b0e7697aa,cdde009069fe742ab6ae9d9eeec57cb2,method_b_deleted,exact,deleted,1.0,
13c9042904778cb46411f8ef623f3312,22cab79849695da3d2963ccb3fd2f9ce,pair_dissolved_by_refactoring,signature_changed,signature_changed,0.95,0.96
13c9042904778cb46411f8ef623f3312,26e75a9eef7cfba8dc8405232b3ee992,pair_dissolved_by_refactoring,signature_changed,exact,0.95,1.0
13c9042904778cb46411f8ef623f3312,2a79799af6f643a75a92e5ad34939841,pair_dissolved_by_refactoring,signature_changed,signature_changed,0.95,0.97
13c9042904778cb46411f8ef623f3312,330e286831e801697e11ee3ebcc87cbe,pair_dissolved_by_refactoring,signature_changed,signature_changed,0.95,0.96
13c9042904778cb46411f8ef623f3312,6724bef652798147cb55a2305b7294ed,pair_dissolved_by_refactoring,signature_changed,exact,0.95,1.0
13c9042904778cb46411f8ef623f3312,9ab0733f3e06f828262ed3a74fbfed54,pair_dissolved_by_refactoring,signature_changed,exact,0.95,1.0
13c9042904778cb46411f8ef623f3312,fefa5313d148ee7323535326be078429,pair_dissolved_by_refactoring,signature_changed,signature_changed,0.95,1.0
13c97d474bcb5bb1d102731c923753a5,89a27eeb3912883257ba9f0b77005ffd,pair_dissolved_naturally,exact,exact,1.0,1.0
13ed4257aba45c2cc19dae4dc4c58670,bd627cdaddc995c9fa59cdc0212e0ac9,pair_dissolved_naturally,exact,exact,1.0,1.0
148346e1f675c8bb8ba05547f7ef838b,9811e471066065a54ceffaac26236113,pair_dissolved_naturally,exact,exact,1.0,1.0
148346e1f675c8bb8ba05547f7ef838b,fcf31c17c91079d5f93ca486c264890d,pair_dissolved_naturally,exact,exact,1.0,1.0
148c8cf855ae34282a221f47f625dac8,23bb10d4c267defd8d893936d2dd95a3,method_a_deleted,deleted,signature_changed,,0.87
148c8cf855ae34282a221f47f625dac8,547bb8e2f35c290fe555577db1fbc54c,method_a_deleted,deleted,unknown,,
14fb247e80554de7171da1867fb4f65a,4ad6aadb59c66c5f58ff23a94155427a,pair_dissolved_naturally,exact,exact,1.0,1.0
151f4af9302e2c1fdafb68b7db7ca7da,46ecddf8954b0a73163280d91f13330d,pair_dissolved_naturally,exact,exact,1.0,1.0
156267d595da4d44cb4caa4f6e9da2dc,3ccb1dba24575d1b8a884b09299cd612,pair_dissolved_by_refactoring,signature_changed,exact,0.99,1.0
156267d595da4d44cb4caa4f6e9da2dc,e4ec3f887dc81b4a989f29bf82b770c8,pair_dissolved_by_refactoring,signature_changed,exact,0.99,1.0
1568504b577aefb758f031add01d15eb,64ba384dd85cb8cac0f33a481b89c6c7,pair_dissolved_naturally,exact,exact,1.0,1.0
158585e238dce0660dd8a7379eb497f9,54e34b7944b7da7084d9cdd49e342e02,pair_dissolved_by_refactoring,signature_changed,exact,1.0,1.0
158585e238dce0660dd8a7379eb497f9,f2de638e726f0fab468c5706c2e54e59,pair_dissolved_by_refactoring,signature_changed,signature_changed,1.0,0.95
158585e238dce0660dd8a7379eb497f9,f72a4de9ccd5c96fd0c30ce48a5936d5,pair_dissolved_by_refactoring,signature_changed,signature_changed,1.0,0.97
158a5d0c8f93473cdf7a99c3fb41da78,b73454d53c0af1e717ee011b4a60a1fc,pair_dissolved_by_refactoring,signature_changed,exact,0.97,1.0
158b7120f02d07f1b6f7354de3751db9,be376f5bafd5fc9fc6b0284e14daac5f,pair_dissolved_naturally,exact,exact,1.0,1.0
158b7120f02d07f1b6f7354de3751db9,d26f5bdaaac557bc039c9aedb5d473fc,method_b_deleted,exact,deleted,1.0,
1598c8f0d01cbabc68d1590ebd94b6d1,3a4cab3abdbd5aa9fba1112d707fd049,pair_dissolved_naturally,exact,unknown,1.0,
1598c8f0d01cbabc68d1590ebd94b6d1,76abc86a510a1d732a7f8406cdc38fef,pair_dissolved_naturally,exact,unknown,1.0,
15e19f1f84fba6d65df0bf043e9e0351,b2bf75160d35988843a5f9fc61f83022,pair_dissolved_by_refactoring,signature_changed,exact,0.96,1.0
15ea30f7befce29c4622356e866c2e0c,23f76b2bc0c87992068bfe9824832c61,pair_dissolved_naturally,exact,exact,1.0,1.0
15ea30f7befce29c4622356e866c2e0c,394ea4453909c243f011a22edddaa774,pair_dissolved_naturally,exact,exact,1.0,1.0
16324fea740cccf78d7a86145c0cf3c2,92519c9925d9dbe3ef55fe8b2488f4f2,pair_dissolved_by_refactoring,signature_changed,exact,0.93,1.0
16324fea740cccf78d7a86145c0cf3c2,b1f943fd1c2ef835ac0e6fe219d0ce05,pair_dissolved_by_refactoring,signature_changed,signature_changed,0.93,1.0
169b6f2aaef4951d9452adaa63f0fa0c,54e34b7944b7da7084d9cdd49e342e02,method_a_deleted,deleted,exact,,1.0
16d440e751ae8200420870b4b9ae9f82,87bcdba2b2e1715c2a31c7e53c73bcec,pair_dissolved_naturally,exact,exact,1.0,1.0
16d440e751ae8200420870b4b9ae9f82,98a6ac17660ce7d130914590845a9837,pair_dissolved_naturally,exact,exact,1.0,1.0
16d440e751ae8200420870b4b9ae9f82,bddc282657d91a0ab6f111796b2b4f34,pair_dissolved_naturally,exact,exact,1.0,1.0
16d440e751ae8200420870b4b9ae9f82,c10352f9ba310ca1e3b7f380354a02fe,pair_dissolved_naturally,exact,exact,1.0,1.0
174be84da8d28bd9f37c7cb86771bf60,36026c154f6142709d17ff8e4ccd61a4,pair_dissolved_by_refactoring,refactored,exact,0.88,1.0
174be84da8d28bd9f37c7cb86771bf60,8f0fdfe1c7d247874a7e5e62a454890c,pair_dissolved_by_refactoring,refactored,exact,0.88,1.0
174be84da8d28bd9f37c7cb86771bf60,e264b308664d8853cf69bf7ad7befb97,pair_dissolved_by_refactoring,refactored,exact,0.88,1.0
17563e88f906b898953db78c8c3a8231,5ad14efdec5522722889fbaff966f81f,pair_dissolved_naturally,exact,exact,1.0,1.0
17563e88f906b898953db78c8c3a8231,ba440406c822e2fbaad76d1f3c3061d9,pair_dissolved_naturally,exact,exact,1.0,1.0
17646d9ce9c3a9b5717785cf14b4aaf4,6cf7f0ad33b5e1f7745a776687939393,pair_dissolved_naturally,exact,exact,1.0,1.0
17726a7bd4f190d202141db45abb646b,5ffbd4cc275653175e081c1be681310b,pair_dissolved_by_refactoring,signature_changed,signature_changed,0.99,0.96
17726a7bd4f190d202141db45abb646b,678d1458ac58357160bffba5e7c1e6bf,pair_dissolved_by_refactoring,signature_changed,signature_changed,0.99,0.97
177642bc6a0670ff9ae2b481b1d5770e,29155bf93be85a317bc9032876bffbe8,pair_dissolved_naturally,exact,exact,1.0,1.0
17779e888ab28a32b599cf8d1bf453ce,e90ce1fbfc43265b86c62e0b402d03bd,pair_dissolved_by_refactoring,signature_changed,moved,1.0,1.0
179ba08ada48fcfbd9a287a279dbff0b,63618b94dbbf9cfaf413d53fed50b882,pair_dissolved_naturally,exact,exact,1.0,1.0
179ba08ada48fcfbd9a287a279dbff0b,ae989959278a62a659ad46ee93323ab7,pair_dissolved_naturally,exact,exact,1.0,1.0
17a95a113e85e22d0f44ee699a1feaf0,f2028038dd735782f82efbbe09fee61c,pair_dissolved_naturally,exact,exact,1.0,1.0
17e705f59d0b163dc8be242e2f81400a,586848080465c6438bfa6ac155a0b508,pair_dissolved_naturally,unknown,unknown,,
17e705f59d0b163dc8be242e2f81400a,c5bdb3184f70e6aca1bf6a2307663a34,pair_dissolved_by_refactoring,unknown,signature_changed,,0.92
17fa049777f739c8c86b5fe56fa362f9,243f1ae3a8e42594f2f23c6a39aa2b81,pair_dissolved_naturally,exact,exact,1.0,1.0
18076f9bf17a82a39c81a17552679760,2d70e886b6c217014b3083905a633cb5,pair_dissolved_naturally,unknown,unknown,,
18076f9bf17a82a39c81a17552679760,5811a3b32549578148dadf247393e26d,pair_dissolved_naturally,unknown,unknown,,
18076f9bf17a82a39c81a17552679760,a7931e4e9bb7fad021c9c2259a4685e6,pair_dissolved_naturally,unknown,exact,,1.0
18076f9bf17a82a39c81a17552679760,be2025b6d56f8b591de93d71ce04ae94,pair_dissolved_naturally,unknown,unknown,,
18084128e0b35f5f296edda15cf1fdc3,71c5c61fc967630aaa8e0c85b8c017e8,pair_dissolved_naturally,exact,exact,1.0,1.0
18084128e0b35f5f296edda15cf1fdc3,bc31bca2cab855c0a256cef2df473161,pair_dissolved_naturally,exact,exact,1.0,1.0
18369ec63247d0c90cc2d0af0fb912ff,c5bdb3184f70e6aca1bf6a2307663a34,pair_dissolved_by_refactoring,signature_changed,signature_changed,0.86,0.92
1861b6059f5470500ebe1a324fe70e66,daffa6893d6a05ffffa53019d5220b46,pair_dissolved_naturally,exact,exact,1.0,1.0
18a0920536ece1ab9a942f7bf0c79104,c2c18e7e9904b6f872ab787bc82a80ab,pair_dissolved_naturally,exact,exact,1.0,1.0
18a0920536ece1ab9a942f7bf0c79104,d26f5bdaaac557bc039c9aedb5d473fc,method_b_deleted,exact,deleted,1.0,
18af58d9c139c3c8233ba09002f15a69,2e39b4f338865759d887195378d3d1ae,pair_dissolved_naturally,exact,exact,1.0,1.0
18af58d9c139c3c8233ba09002f15a69,39345eafeb0e25f7e06ff96e109c1445,pair_dissolved_naturally,exact,exact,1.0,1.0
18af58d9c139c3c8233ba09002f15a69,567a9a1e1d2e9caebe26019e4c8c3a59,pair_dissolved_naturally,exact,exact,1.0,1.0
18af58d9c139c3c8233ba09002f15a69,84bc1bba8fb25e15c1f8cf84f819ad3a,pair_dissolved_naturally,exact,exact,1.0,1.0
18af58d9c139c3c8233ba09002f15a69,8a0253b3065c6c27e30f200cb205b026,pair_dissolved_naturally,exact,exact,1.0,1.0
18af58d9c139c3c8233ba09002f15a69,a897511005a91b06494f7353aa5be8cb,pair_dissolved_naturally,exact,exact,1.0,1.0
18af58d9c139c3c8233ba09002f15a69,ac146db4fc36ca76c6d67fe81f11c44f,pair_dissolved_naturally,exact,exact,1.0,1.0
18af58d9c139c3c8233ba09002f15a69,bf90d60e5f67185147f878537a5ea893,pair_dissolved_naturally,exact,exact,1.0,1.0
18af58d9c139c3c8233ba09002f15a69,d4efff86ebb2d631615d729aed3ace96,pair_dissolved_naturally,exact,exact,1.0,1.0
18af58d9c139c3c8233ba09002f15a69,d8a0fec825032a406513f949773dc0d3,pair_dissolved_naturally,exact,exact,1.0,1.0
191e321f282f1ade15b50e7439615d6e,2c782d8b1e7419d6e93788a083a05a6b,pair_dissolved_naturally,exact,exact,1.0,1.0
19327fdc81e155f73df11df2befc0faf,407bb52f77d1e2fd378c76bf085d35b8,pair_dissolved_naturally,exact,exact,1.0,1.0
19327fdc81e155f73df11df2befc0faf,49d2a3afc4e3d8695d082ed878082894,pair_dissolved_naturally,exact,exact,1.0,1.0
19327fdc81e155f73df11df2befc0faf,b8c748d077c66d9be47fd3cbba3b13c4,pair_dissolved_naturally,exact,exact,1.0,1.0
1935106e17982b507cf8cfd24b453e18,8e87a550caae53032414fedf223c8284,pair_dissolved_by_refactoring,signature_changed,signature_changed,1.0,1.0
193959157c38f270aeabfe485f1f8965,9d43d848a0e3ce3da963041192feb7f5,pair_dissolved_by_refactoring,signature_changed,signature_changed,0.95,0.97
193959157c38f270aeabfe485f1f8965,d761250f9cef7b2618d661cf9a6f88f8,pair_dissolved_by_refactoring,signature_changed,signature_changed,0.95,0.95
19900df5b8addc18012247ff71023cf5,d7a175f22ac70b90e6f3494d6fab74be,pair_dissolved_by_refactoring,signature_changed,exact,0.83,1.0
199beea8699274a286813b797341c63f,1bd95b39bc2111d9eb3b60fe026e5d84,pair_dissolved_naturally,exact,exact,1.0,1.0
199beea8699274a286813b797341c63f,b5452575af0ddcbf7b51d54adf86937a,pair_dissolved_naturally,exact,exact,1.0,1.0
199beea8699274a286813b797341c63f,f95aa964d4580fdeadfaa4222c722e6b,pair_dissolved_naturally,exact,exact,1.0,1.0
19f59790d04134b48f0f00cbad8472f9,6b57f4431c74a13292d066feff6112ee,pair_dissolved_naturally,exact,exact,1.0,1.0
1a6020aa089abf7be4b4f7f8c3d13735,bc06f52769d4ed2b1ff066dfc7b879a5,pair_dissolved_naturally,exact,exact,1.0,1.0
1a6020aa089abf7be4b4f7f8c3d13735,e80c994f35a378b9897d81da9c0dfe23,pair_dissolved_naturally,exact,exact,1.0,1.0
1a6020aa089abf7be4b4f7f8c3d13735,eb1cedd42f29896715362e2e5c1ac3d9,pair_dissolved_naturally,exact,exact,1.0,1.0
1a7c76258bb48808c2d8f9ea69d35d57,6e56ce2314363e6a313d65820048815b,pair_dissolved_naturally,exact,exact,1.0,1.0
1aa3a36c7d628d1503d09fd44c9ed6b7,8d604c484d7eb57a979f4f7fac3c04f6,pair_dissolved_by_refactoring,signature_changed,signature_changed,0.95,0.94
1aa3a36c7d628d1503d09fd44c9ed6b7,c587d16a26880f229d2819eba03acbdc,pair_dissolved_by_refactoring,signature_changed,signature_changed,0.95,0.93
1aa8498b6bb45fee8055921b85db9257,20b5070c76ef03846da32dd0bac9f068,pair_dissolved_naturally,exact,exact,1.0,1.0
1aa8498b6bb45fee8055921b85db9257,71ca17b3577056bcc317df3ae3470564,pair_dissolved_naturally,exact,exact,1.0,1.0
1ac8dcaf90a6c6eed790776edf7964df,3f05a796c574c35272d705257f050396,pair_dissolved_by_refactoring,signature_changed,exact,0.94,1.0
1ae14ed7ae76728d9566db7fecb908d3,aab7d5a74ba9d4d064fa30aebce50013,pair_dissolved_by_refactoring,signature_changed,exact,0.99,1.0
1aee2f0f8a0ebba357e22e6e6fd896a6,1f71d5155c6191cc338e2200da34830f,method_a_deleted,deleted,refactored,,0.7
1b0dc2951d3af4281f5879b9ad5923de,f666bb132df8dd610fd756d792590b66,pair_dissolved_naturally,exact,exact,1.0,1.0
1b73b2b0a2b396f0b5e51109abc50dc0,5e970179f107ce17db4456151a4f0926,pair_dissolved_by_refactoring,exact,signature_changed,1.0,0.98
1b767ba6b9395b84380e3fac00760ed0,7010024028be6a48534a53d45071928e,pair_dissolved_naturally,unknown,exact,,1.0
1b767ba6b9395b84380e3fac00760ed0,70d3857a20db5d1357a1da7065c20173,pair_dissolved_naturally,unknown,exact,,1.0
1b767ba6b9395b84380e3fac00760ed0,89f433a3276f70fbaeb9dbd5646e12cb,pair_dissolved_naturally,unknown,exact,,1.0
1b767ba6b9395b84380e3fac00760ed0,d5095aa4463dde867c5fbf70a4a6b5c5,pair_dissolved_naturally,unknown,exact,,1.0
1b767ba6b9395b84380e3fac00760ed0,e7797f51a46639bed889fb37460a52ae,pair_dissolved_naturally,unknown,unknown,,
1b7890148118ba27f048e02615aaeb79,a6bb0aa357dbd7f68e7c92c4cab40dd3,method_b_deleted,exact,deleted,1.0,
1b9d2c70a0f95dbbfaa163a8f0ea6dd5,48d7105e013c185a2ecbc0e9f7de0ec6,method_b_deleted,exact,deleted,1.0,
1b9d2c70a0f95dbbfaa163a8f0ea6dd5,8dbb077c914fd91e6ce783a0cb5663d8,pair_dissolved_by_refactoring,exact,refactored,1.0,0.87
1bb344d667b3609d6d2ab04dbcd45418,c36690f367ac6b5c29e30ed2a1bf1069,pair_dissolved_naturally,exact,exact,1.0,1.0
1bb344d667b3609d6d2ab04dbcd45418,dba2ec68e9e2e422a9911c2c22d7c10c,pair_dissolved_naturally,exact,exact,1.0,1.0
1bb8a5ddd7304b71ffc12c9f372a1116,528ba1151133d8f78c29d4b676fdfc8b,pair_dissolved_naturally,exact,exact,1.0,1.0
1bb8a5ddd7304b71ffc12c9f372a1116,ceceb99e84f5ba9f108af23e4fd2eb54,pair_dissolved_naturally,exact,exact,1.0,1.0
1bb8a5ddd7304b71ffc12c9f372a1116,e44c4535a5ea409a74fc66ad0adb619b,pair_dissolved_naturally,exact,exact,1.0,1.0
1bc9aa2c1e3beb3d9241b2403bb01c29,7dacec504ca3cc3f7092cf7e75f846e1,pair_dissolved_naturally,exact,exact,1.0,1.0
1bc9aa2c1e3beb3d9241b2403bb01c29,abac63c20cb080c375cd92c946dbd5d5,pair_dissolved_naturally,exact,exact,1.0,1.0
1bc9aa2c1e3beb3d9241b2403bb01c29,b82bfccd2bdc3b3826dad54d74e92887,pair_dissolved_naturally,exact,exact,1.0,1.0
1bc9aa2c1e3beb3d9241b2403bb01c29,f3906349268a90e643d196ed5f3fc9d9,pair_dissolved_naturally,exact,exact,1.0,1.0
1bce2ad2106ca02f1cd90d1082c78172,825cfd6068b9ea2dfdd7c405b865d561,both_deleted,deleted,deleted,,
1bce2ad2106ca02f1cd90d1082c78172,c66db247dba4831f2ecbd47d68913892,method_a_deleted,deleted,moved,,0.98
1c2b9902c315148a076cd0e66b93ae37,1cafb7129366d7369653fb5876ce07ec,pair_dissolved_naturally,exact,exact,1.0,1.0
1c57dc84505a080bf46c0a5940a0ed01,76175148f7002a4fcaf0d92ff79727e8,pair_dissolved_naturally,exact,exact,1.0,1.0
1cc28a87a4df362dc6eb36cbb931ebd8,b096405376b84c6ad0968f0a3472e518,pair_dissolved_naturally,exact,exact,1.0,1.0
1cc28a87a4df362dc6eb36cbb931ebd8,dc31fa90806b252c34eea3bf0f2d6f0a,pair_dissolved_naturally,exact,exact,1.0,1.0
1cd849a234f4a059e98003c18c2c93b7,9945ec843f59f5ce397b2dbdb750b904,pair_dissolved_naturally,exact,exact,1.0,1.0
1cfa79220fe1ad174d0442eef7c3fd9f,64ba384dd85cb8cac0f33a481b89c6c7,pair_dissolved_naturally,exact,exact,1.0,1.0
1cfdbc29e6c7577c8d0f57e1efdf7f9c,656a1a768892e499a1caa48dbe32775a,pair_dissolved_naturally,exact,exact,1.0,1.0
1d16a1c36065024fe50eef8ecbcad0bb,21d5d8054244ba2041ba0c24254784a1,pair_dissolved_naturally,exact,exact,1.0,1.0
1d572fad63ea6e8562fc08ebc10b3d6c,47c0f62e2de8530398fa4e79b438aa06,pair_dissolved_naturally,exact,exact,1.0,1.0
1d93cdff214928c8aa43ec770b7ddd91,9492f80fb91536bbaa3e134bc5f8c51c,pair_dissolved_by_refactoring,exact,signature_changed,1.0,0.92
1d93cdff214928c8aa43ec770b7ddd91,f5af8652e68781c70f4b42c045ccb2bd,pair_dissolved_by_refactoring,exact,signature_changed,1.0,0.96
1db768afd22d0d9d683282c4d6628486,73f6b38cb24f705ba2f807801a4cbaa8,pair_dissolved_naturally,exact,exact,1.0,1.0
1dc03480ccc47ed7285314aa2f5c3f75,518657c84f4e01e1cb4b4b03d5b42cfe,pair_dissolved_by_refactoring,signature_changed,signature_changed,0.93,0.93
1dd243fa6ba92d78f0950e6120f9f8ef,cfb8e5bf99416dc4af6b8d958eaaf3bc,method_a_deleted,deleted,unknown,,
1deb9242bc788622a1a0db5f6c393217,22cab79849695da3d2963ccb3fd2f9ce,pair_dissolved_by_refactoring,exact,signature_changed,1.0,0.96
1deb9242bc788622a1a0db5f6c393217,26e75a9eef7cfba8dc8405232b3ee992,pair_dissolved_naturally,exact,exact,1.0,1.0
1deb9242bc788622a1a0db5f6c393217,330e286831e801697e11ee3ebcc87cbe,pair_dissolved_by_refactoring,exact,signature_changed,1.0,0.96
1deb9242bc788622a1a0db5f6c393217,35bcb0b9203ff440fdb3d8da7aa9b66e,method_b_deleted,exact,deleted,1.0,
1deb9242bc788622a1a0db5f6c393217,5292ffaf3700864bc3a1d01b9a229811,method_b_deleted,exact,deleted,1.0,
1deb9242bc788622a1a0db5f6c393217,6724bef652798147cb55a2305b7294ed,pair_dissolved_naturally,exact,exact,1.0,1.0
1deb9242bc788622a1a0db5f6c393217,690e25d903eb9269dc41f02478a91086,pair_dissolved_naturally,exact,exact,1.0,1.0
1deb9242bc788622a1a0db5f6c393217,7605191016513ee1313439ee6155c7dd,pair_dissolved_by_refactoring,exact,refactored,1.0,0.76
1deb9242bc788622a1a0db5f6c393217,85545c63565b1c93190b3489e6eda741,pair_dissolved_naturally,exact,exact,1.0,1.0
1deb9242bc788622a1a0db5f6c393217,9ab0733f3e06f828262ed3a74fbfed54,pair_dissolved_naturally,exact,exact,1.0,1.0
1deb9242bc788622a1a0db5f6c393217,a5f6717f0de6f8966a08333c93701692,pair_dissolved_naturally,exact,exact,1.0,1.0
1deb9242bc788622a1a0db5f6c393217,b91d093ba2815884ad19cfed97e714e8,pair_dissolved_naturally,exact,exact,1.0,1.0
1deb9242bc788622a1a0db5f6c393217,fefa5313d148ee7323535326be078429,pair_dissolved_by_refactoring,exact,signature_changed,1.0,1.0
1e09230d5bdde58144232958532ed7f9,ca7fac7b0886be6f209512bdb86bc3ed,pair_dissolved_naturally,exact,exact,1.0,1.0
1e2c1658e07d02613ca5efb337d699a9,491834ee2d3be4f5d661eb78463cc529,pair_dissolved_naturally,exact,exact,1.0,1.0
1e2c1658e07d02613ca5efb337d699a9,7755d37022c70d726f526fadac4a900e,pair_dissolved_naturally,exact,exact,1.0,1.0
1e2c1658e07d02613ca5efb337d699a9,d3adbe174077081373c0259262d72b56,pair_dissolved_naturally,exact,exact,1.0,1.0
1e370ec0134fd1d42cf21c473828a0d2,60ec6069726ef364d2dc8fb3f022b65c,pair_dissolved_naturally,exact,exact,1.0,1.0
1e6e72cb38c4ca1088b1545e32c4dfa9,debe6314596b73a62fa421eeae204961,pair_dissolved_by_refactoring,exact,signature_changed,1.0,0.96
1eb82be804971ac868bc1623bbcbba6d,482b649952347f5fd5a089ef8e220114,pair_dissolved_naturally,exact,exact,1.0,1.0
1eb82be804971ac868bc1623bbcbba6d,48b1b183502888a397dc2df6e4ce3439,pair_dissolved_naturally,exact,exact,1.0,1.0
1eb82be804971ac868bc1623bbcbba6d,d18096d174b35a0a404dd4ee3e103916,pair_dissolved_naturally,exact,exact,1.0,1.0
1eb82be804971ac868bc1623bbcbba6d,f8686b6bb5a8c2193ca210850b8105ab,pair_dissolved_naturally,exact,exact,1.0,1.0
1eca7a66bbce3e82771075ccfaaccb35,944cfda91ae705bb10029aabab382dcb,pair_dissolved_by_refactoring,signature_changed,signature_changed,0.81,0.8
1edfcb7dfce9848928ed5c07ead3207d,1f71d5155c6191cc338e2200da34830f,method_a_deleted,deleted,refactored,,0.7
1ef315a5851fd2fc62a4e15bcc36b974,ce31e67631e92e4dbc3847fe19ef77b5,pair_dissolved_naturally,exact,exact,1.0,1.0
1ef6c54d72251cc898bb794fd7aa70ea,bbbae082eb45f67825a9da9e8003a2b6,pair_dissolved_naturally,exact,exact,1.0,1.0
1ef6c54d72251cc898bb794fd7aa70ea,d05355a48a05d1aa5313abb711dd65e9,pair_dissolved_naturally,exact,exact,1.0,1.0
1f0ddb1792c75879a8c9b13cccd50853,74fa43343edb951e03fe0cde96e66136,pair_dissolved_naturally,exact,exact,1.0,1.0
1f2200699d0b62f18221734f5ab21ee9,a7e6f9c23787fa2596659831df41ea9e,pair_dissolved_by_refactoring,refactored,refactored,0.81,0.84
1f2200699d0b62f18221734f5ab21ee9,fce52c09e7bdb71111a55037693cee5e,pair_dissolved_by_refactoring,refactored,refactored,0.81,0.81
1f2b822dd1b27625b76609f928108e34,58a3efb16d13ba3bcdb7f1c8cb2b1a0e,pair_dissolved_naturally,exact,exact,1.0,1.0
1f6ae375a6307e1c666c9fb8f468a960,9b7c72a358410e33ff6f38c9e2918dfd,pair_dissolved_by_refactoring,signature_changed,signature_changed,1.0,0.98
1f82036922d4f9760b023bbb1777061f,2a170521eac1674f64397bd10dc9e609,pair_dissolved_by_refactoring,signature_changed,signature_changed,0.99,0.97
1f8f90d501c2ad5d00e67ebbff5f4ea7,f039ae230dcf89ff300aa4a5c7c0f4c3,pair_dissolved_naturally,exact,exact,1.0,1.0
1f8f90d501c2ad5d00e67ebbff5f4ea7,f30dcdee87f505c7373e080f28bbba8c,pair_dissolved_naturally,exact,exact,1.0,1.0
1fc7de04a2acd3cf0bdc573be81938e0,63a8c7d161bc4b8ae161d03b270837bd,pair_dissolved_by_refactoring,signature_changed,signature_changed,0.88,0.9
1fe2790f338d087e9d3cea3260b5e719,5a45876fcfb7beb5f295e0ebca767540,method_b_deleted,signature_changed,deleted,0.94,
1ff1dcd12d5654cfc1f92d85c4a4f32e,213d43c7b000be924019e12d812c1d47,pair_dissolved_naturally,exact,exact,1.0,1.0
1ff72635a8103506b116d39b757ed3b9,6409d886664b02986f615dacc0984696,both_deleted,deleted,deleted,,
1ff72635a8103506b116d39b757ed3b9,c757cb204ce9207bdc8179eae273c60f,both_deleted,deleted,deleted,,
20223690b15a59ea7b47c8c5288ef2e3,22b0e7af0c8fdf2de62af1731ab23f85,pair_dissolved_naturally,exact,exact,1.0,1.0
20262009220f4ed07e7d2e973e8de1f8,f04a48ba635c46ede69e488d976f0acb,pair_dissolved_naturally,exact,exact,1.0,1.0
207bf79c96c606174ea9257ef19a1b68,25a5ed7a528a700944154aa80347a99d,pair_dissolved_naturally,exact,exact,1.0,1.0
207bf79c96c606174ea9257ef19a1b68,6724bef652798147cb55a2305b7294ed,pair_dissolved_naturally,exact,exact,1.0,1.0
207bf79c96c606174ea9257ef19a1b68,cdc29585ac9177e754d6818bdc2e3230,pair_dissolved_naturally,exact,exact,1.0,1.0
207d1f0106a909f4495fff1e89599f6a,57b36ca588c7d3c3ac3dd6b7fb98ca34,pair_dissolved_naturally,exact,exact,1.0,1.0
207d1f0106a909f4495fff1e89599f6a,b308f0716e0352e194a2d198a0da6d74,pair_dissolved_naturally,exact,exact,1.0,1.0
207d1f0106a909f4495fff1e89599f6a,f22d3085f33f6f3b8b1fa7d289709fc0,pair_dissolved_naturally,exact,exact,1.0,1.0
20938546d1ca27519229e7594e032003,3fa1884cfb2e02d690da94aafe6d2840,pair_dissolved_naturally,exact,exact,1.0,1.0
20938546d1ca27519229e7594e032003,9b51fe036b61b4140eb7a9d4fefca066,pair_dissolved_naturally,exact,exact,1.0,1.0
20b5070c76ef03846da32dd0bac9f068,71ca17b3577056bcc317df3ae3470564,pair_dissolved_naturally,exact,exact,1.0,1.0
20f6ecb2998ff69b015612c16d061cd0,d7a175f22ac70b90e6f3494d6fab74be,pair_dissolved_by_refactoring,signature_changed,exact,0.92,1.0
213cca27aa9907f07c722eea5859bda8,6458b54d4ad57dd127acb3e35152aac0,pair_dissolved_naturally,exact,exact,1.0,1.0
2158602085c336d518da81f4f2847190,3a37746e182a67d3801795e0ed0fb231,pair_dissolved_naturally,exact,exact,1.0,1.0
2158602085c336d518da81f4f2847190,7a88b538481351a637a04892fb73692f,pair_dissolved_naturally,exact,exact,1.0,1.0
21740ec90abd5fd24396158afb59f3e4,55ade58446cd1436020f983803890f72,pair_dissolved_naturally,exact,exact,1.0,1.0
21780d1d7b92cc840f3122b5524b8e53,53f3c2d7b7827de0a99996e107ca1f1e,pair_dissolved_naturally,exact,exact,1.0,1.0
21780d1d7b92cc840f3122b5524b8e53,5a2ec4e4f43797c5780d7b8e4dbc83fd,pair_dissolved_naturally,exact,exact,1.0,1.0
21780d1d7b92cc840f3122b5524b8e53,8483d58ebb8709a8a61b2fd58206c5fc,pair_dissolved_naturally,exact,exact,1.0,1.0
2179599ac7d8e1ac3d51359876cbbfc8,b4d693523dd9510dbaee6a1faaf17329,pair_dissolved_by_refactoring,signature_changed,signature_changed,0.98,0.98
21cb53aabcc54d9cb1a8a75e9ec36953,86cc6fd5563e2e7b2cfd5bb4690ae4b2,pair_dissolved_naturally,exact,exact,1.0,1.0
21d5d8054244ba2041ba0c24254784a1,cc4dbd327bb95bdbc2fbfc05c9b1897c,pair_dissolved_naturally,exact,exact,1.0,1.0
21dd5dd135807a134abe511ba6cf5d45,30057d909f81a18a09b847316bead1bb,pair_dissolved_naturally,exact,exact,1.0,1.0
21e7aa169c88d9676cbc4ae575e734b1,5b55272505e1ec1217260c316899746e,pair_dissolved_by_refactoring,exact,signature_changed,1.0,1.0
21f41711bd7381aa2e1b3a4b7801a7a8,89e3c4d69be56f332eeb7eddfee356b1,pair_dissolved_naturally,exact,exact,1.0,1.0
21f52bfbb52bd9ee0f5dd8e0b42963e0,25f882f20c45b058c6be2ca2bdfb9893,pair_dissolved_by_refactoring,signature_changed,exact,0.96,1.0
21f52bfbb52bd9ee0f5dd8e0b42963e0,b896862c078eb221cdda1207a49bbef3,pair_dissolved_by_refactoring,signature_changed,exact,0.96,1.0
21f52bfbb52bd9ee0f5dd8e0b42963e0,dd6ea22c045dfc9a4c0da603386e3337,pair_dissolved_by_refactoring,signature_changed,signature_changed,0.96,0.78
2205598702514eab7939e41f6b90dcc2,d209ccd5ce1e744d56c79a3d774d4b26,pair_dissolved_naturally,exact,exact,1.0,1.0
224f9aee3c282f80dc1bf015e3753481,4f8d9a6616427d677e100898b4e0bf36,pair_dissolved_naturally,exact,exact,1.0,1.0
22828a7e49ca5051036deb9fbe054cfb,b8f201cb5a512eddaabf2ff1b451b1d0,pair_dissolved_by_refactoring,exact,moved,1.0,1.0
228f316f095dd48a94e29b08f931a66f,ee4a4afd509b51292d9f3f781f4336bc,pair_dissolved_by_refactoring,signature_changed,signature_changed,0.95,0.97
2297b9d12d73223cfa4041c1906d44f2,407176f767bd979ce88bdc1e663c78f3,pair_dissolved_naturally,exact,exact,1.0,1.0
2297b9d12d73223cfa4041c1906d44f2,5f05b751e5924d8eea7e12099d304193,pair_dissolved_naturally,exact,exact,1.0,1.0
2297b9d12d73223cfa4041c1906d44f2,aa997f533377326b23f6380fdb09e5eb,pair_dissolved_naturally,exact,exact,1.0,1.0
2297b9d12d73223cfa4041c1906d44f2,ae0a42b52c92850eee1ae052670bc9fa,pair_dissolved_naturally,exact,exact,1.0,1.0
2297b9d12d73223cfa4041c1906d44f2,e371f5574143d5ee9dcc1d75a0938d92,pair_dissolved_naturally,exact,exact,1.0,1.0
229aa4220c4e6c734032972ad53f27b2,6f4a95223d9db008929bd3f3c1bcfd68,pair_dissolved_by_refactoring,signature_changed,renamed,1.0,0.96
229aa4220c4e6c734032972ad53f27b2,723e464b7756d9bbe65aa789a41dd2da,pair_dissolved_by_refactoring,signature_changed,renamed,1.0,1.0
22aa9e754d69b7c5922ce7c6393cee54,a94cc01892e7b20df03c4855c0190170,pair_dissolved_naturally,exact,exact,1.0,1.0
22aa9e754d69b7c5922ce7c6393cee54,e14556235dfad5570e44bb1db0b7d956,pair_dissolved_naturally,exact,exact,1.0,1.0
22ab6778e4957419c05ecf21c0399441,53c268537a22cd09be86f64b04dd5c27,pair_dissolved_by_refactoring,signature_changed,exact,0.97,1.0
22b003211747d4ad7112ea9190ba524a,cbf0158bacb700900f91b13888e98a85,pair_dissolved_naturally,exact,exact,1.0,1.0
22b003211747d4ad7112ea9190ba524a,cf9d7db572ffd4cd447971dfbc615f23,pair_dissolved_naturally,exact,exact,1.0,1.0
22cab79849695da3d2963ccb3fd2f9ce,26e75a9eef7cfba8dc8405232b3ee992,pair_dissolved_by_refactoring,signature_changed,exact,0.96,1.0
22cab79849695da3d2963ccb3fd2f9ce,2a79799af6f643a75a92e5ad34939841,pair_dissolved_by_refactoring,signature_changed,signature_changed,0.96,0.97
22cab79849695da3d2963ccb3fd2f9ce,330e286831e801697e11ee3ebcc87cbe,pair_dissolved_by_refactoring,signature_changed,signature_changed,0.96,0.96
22cab79849695da3d2963ccb3fd2f9ce,85545c63565b1c93190b3489e6eda741,pair_dissolved_by_refactoring,signature_changed,exact,0.96,1.0
22cab79849695da3d2963ccb3fd2f9ce,9ab0733f3e06f828262ed3a74fbfed54,pair_dissolved_by_refactoring,signature_changed,exact,0.96,1.0
22cab79849695da3d2963ccb3fd2f9ce,b91d093ba2815884ad19cfed97e714e8,pair_dissolved_by_refactoring,signature_changed,exact,0.96,1.0
22cab79849695da3d2963ccb3fd2f9ce,fefa5313d148ee7323535326be078429,pair_dissolved_by_refactoring,signature_changed,signature_changed,0.96,1.0
2312eb0d526d9ecc130f4954bc0e680a,44891ec73931807b40f1df7e4788ff4e,pair_dissolved_by_refactoring,refactored,moved,0.76,0.92
2312eb0d526d9ecc130f4954bc0e680a,a1fff7d86af5b740cd3d998ce80ff277,pair_dissolved_by_refactoring,refactored,unknown,0.76,
2312eb0d526d9ecc130f4954bc0e680a,e7c8b06aff677286a607f0b7aceb692f,pair_dissolved_by_refactoring,refactored,signature_changed,0.76,0.75
231713ee865347074b6c17724dd2719b,7290c163fd48a3d1f8fdd928e4056799,pair_dissolved_naturally,exact,exact,1.0,1.0
23593b08a55dca0acafbc20c36b1cd1a,84dd18d4f7472e7eafb696030d7c7e50,pair_dissolved_by_refactoring,signature_changed,exact,0.94,1.0
236851690d3fdaa39419a177a85706c1,9cac1ae1875f1e83d0e3d70e65e76dd2,pair_dissolved_naturally,exact,exact,1.0,1.0
237a9bf660a9013ae41718121f3d9d3b,d26f5bdaaac557bc039c9aedb5d473fc,method_b_deleted,exact,deleted,1.0,
238183fc9783adfcdc1c546706370f21,48d7105e013c185a2ecbc0e9f7de0ec6,both_deleted,deleted,deleted,,
238183fc9783adfcdc1c546706370f21,8dbb077c914fd91e6ce783a0cb5663d8,method_a_deleted,deleted,refactored,,0.87
2398822a0304283da2fbe7cfc77f6617,3f19cba013c639a2fc00ff067da6f3cf,pair_dissolved_naturally,exact,exact,1.0,1.0
2398822a0304283da2fbe7cfc77f6617,4bd31a431c511200ca126fc3e02c6a54,pair_dissolved_naturally,exact,exact,1.0,1.0
23ae6f7152b9b6c0226e1c1e3febfe03,b298cb9b6234e5ccc539479d7baf4dc5,pair_dissolved_by_refactoring,signature_changed,signature_changed,0.89,0.91
23bb10d4c267defd8d893936d2dd95a3,3321d9693f58d52f860bdad75776925e,pair_dissolved_by_refactoring,signature_changed,exact,0.87,1.0
23be25c641695a5b6e942280e3b578c3,88975a300c9ceb16bc5cb3f170c3db4d,pair_dissolved_naturally,exact,exact,1.0,1.0
23c885e62731557aace6163439dffa2e,472200a4240227222a2d93c417c0f96c,method_a_deleted,deleted,exact,,1.0
23f76b2bc0c87992068bfe9824832c61,2706b8bc382e9eff9ac9a051ece2d70a,pair_dissolved_naturally,exact,exact,1.0,1.0
23f76b2bc0c87992068bfe9824832c61,394ea4453909c243f011a22edddaa774,pair_dissolved_naturally,exact,exact,1.0,1.0
23f76b2bc0c87992068bfe9824832c61,c80ed6e4aa1f251f35952653b7c9ca8e,pair_dissolved_naturally,exact,exact,1.0,1.0
23f76b2bc0c87992068bfe9824832c61,c8e6ae52a4eb3b330f22d25a0523d877,pair_dissolved_naturally,exact,exact,1.0,1.0
2419fb2fe72decfa1972da5a9f46b23d,e7c8b06aff677286a607f0b7aceb692f,method_a_deleted,deleted,signature_changed,,0.75
24353e48a48dd8d1a9d68fab6e4f1f24,46b31a7846073be3b540a8097743bcad,pair_dissolved_by_refactoring,signature_changed,signature_changed,0.94,0.98
24353e48a48dd8d1a9d68fab6e4f1f24,7862c8a3eb5f120ea8fea19f221b1bff,pair_dissolved_by_refactoring,signature_changed,signature_changed,0.94,0.98
243601a9ec1fef206471e6527ee3d7c9,7764dc646903f0e1d0a5d888977eebc4,pair_dissolved_naturally,exact,exact,1.0,1.0
243601a9ec1fef206471e6527ee3d7c9,8076251c7a2ca20a2c7542be12043153,pair_dissolved_naturally,exact,exact,1.0,1.0
243f1ae3a8e42594f2f23c6a39aa2b81,3a3faa8d72bbe0adab151c66f52ef8d9,pair_dissolved_naturally,exact,exact,1.0,1.0
24bc83fa9404cc2713a0ef51cacb2279,5ac0da6c516be453af6b3aea3bb87a2a,pair_dissolved_naturally,exact,exact,1.0,1.0
24c09db17200b9842ce4d46a9d794ec3,3c5f3c4694b1b828fbb27690afeebcb1,pair_dissolved_by_refactoring,signature_changed,refactored,0.98,0.84
24c09db17200b9842ce4d46a9d794ec3,6d352c8f6d077834b735ad3116621285,method_b_deleted,signature_changed,deleted,0.98,
24c09db17200b9842ce4d46a9d794ec3,78c506f776bdd60350344ec0a78455e5,method_b_deleted,signature_changed,deleted,0.98,
24c2e26414d43cb65ac7d73d37f853d7,3efbdd5d0fbb100f39ebf9ba3aaed9eb,pair_dissolved_by_refactoring,exact,signature_changed,1.0,1.0
24c927627dd63847d02868c4e9b5dc8e,a5b016852b13d379493b403cb52938ac,pair_dissolved_naturally,exact,exact,1.0,1.0
24dd5816d2df4f6b84f34c932b7ef5e1,cdd9e4e6d4174340c60b397a4094add5,pair_dissolved_by_refactoring,signature_changed,unknown,0.97,
24dd5816d2df4f6b84f34c932b7ef5e1,daeb1aa4d8c8a7d3cad2e0b8b62e0b4a,pair_dissolved_by_refactoring,signature_changed,unknown,0.97,
2558eedfc3236801b2ede70a890cfe48,53678a1d52f5cbf83cb70922dba0a051,pair_dissolved_naturally,exact,exact,1.0,1.0
2558eedfc3236801b2ede70a890cfe48,8c5566d60f2caea24956c6d7e5c7c925,pair_dissolved_naturally,exact,exact,1.0,1.0
2558eedfc3236801b2ede70a890cfe48,d91812848f1c8cce7a3040a616fd64d3,pair_dissolved_naturally,exact,exact,1.0,1.0
256cf2830895bd4da3f9a725e6580e52,4abbc3afa1336de66f3deacaeb65fc91,pair_dissolved_by_refactoring,signature_changed,signature_changed,0.97,0.94
256e36e1aadfeaf2bbc085ea3e63c566,33d085a21438206ae3119f698a2156c2,pair_dissolved_by_refactoring,signature_changed,signature_changed,0.97,1.0
256e36e1aadfeaf2bbc085ea3e63c566,48ffd1af6be8f56af5684d48f6a58ef5,pair_dissolved_by_refactoring,signature_changed,signature_changed,0.97,0.97
256e36e1aadfeaf2bbc085ea3e63c566,55c3c6daf95b1b5a1f705606ba70e3e8,pair_dissolved_by_refactoring,signature_changed,signature_changed,0.97,0.97
256e36e1aadfeaf2bbc085ea3e63c566,571794b57ed1d30290d78295efa478e6,pair_dissolved_by_refactoring,signature_changed,signature_changed,0.97,0.98
256e36e1aadfeaf2bbc085ea3e63c566,6a4f1ee6548504e3c1b3ecde5d70adce,pair_dissolved_by_refactoring,signature_changed,signature_changed,0.97,0.97
256e36e1aadfeaf2bbc085ea3e63c566,79cf4092befcd7b1c74be4d384fb2496,pair_dissolved_by_refactoring,signature_changed,signature_changed,0.97,0.97
256e36e1aadfeaf2bbc085ea3e63c566,851e877f6d7ebc0058685f84ea722304,pair_dissolved_by_refactoring,signature_changed,signature_changed,0.97,1.0
256e36e1aadfeaf2bbc085ea3e63c566,896f9dee05c5715f080add939e6ea561,pair_dissolved_by_refactoring,signature_changed,signature_changed,0.97,1.0
256e36e1aadfeaf2bbc085ea3e63c566,957cb681556029aa5926d285f1dd8e36,pair_dissolved_by_refactoring,signature_changed,signature_changed,0.97,0.97
256e36e1aadfeaf2bbc085ea3e63c566,a469e0a39cf45d6a99feac0b6ec85214,pair_dissolved_by_refactoring,signature_changed,signature_changed,0.97,1.0
256e36e1aadfeaf2bbc085ea3e63c566,fb5ae45a449ab802fdddfecba4b05088,pair_dissolved_by_refactoring,signature_changed,signature_changed,0.97,0.97
256e36e1aadfeaf2bbc085ea3e63c566,fcf5df5cb2e2a0dac2aae5c4d69b470c,method_b_deleted,signature_changed,deleted,0.97,
25a483d332590e452e4ef8c72e046047,d3a64c9a4a543c0ee0b1d640db8d56a6,pair_dissolved_naturally,exact,exact,1.0,1.0
25a5ed7a528a700944154aa80347a99d,3beff9926652490023fd0102f6519073,pair_dissolved_by_refactoring,exact,signature_changed,1.0,1.0
25a5ed7a528a700944154aa80347a99d,b14792c066c0a55c684d9f0e57eda9d0,method_b_deleted,exact,deleted,1.0,
25f526813c4f28742a27ce3619101d16,f398fc53f1fbf141a52b768188910785,pair_dissolved_naturally,exact,exact,1.0,1.0
25f882f20c45b058c6be2ca2bdfb9893,dd6ea22c045dfc9a4c0da603386e3337,pair_dissolved_by_refactoring,exact,signature_changed,1.0,0.78
25fa663492d9498371845670945025a4,ffb3257d25287e5b15152e00c41688c3,pair_dissolved_by_refactoring,signature_changed,signature_changed,0.8,0.83
2612fddf46e976ca3cf5db8df53b567b,d533a6a73fe6b675284d268ff03da54a,pair_dissolved_by_refactoring,signature_changed,signature_changed,0.94,0.94
26530343901fd5a60133538bcdbce6bb,bc9423a55a3cb700bef52aa3201a2ecb,pair_dissolved_naturally,exact,exact,1.0,1.0
26847fd43ad29c10f7f6eb09f7645ddc,e66dbcbeca53b9c749b29dae3beb2ae4,pair_dissolved_naturally,exact,exact,1.0,1.0
269e5aa352d0b36cd9599947984214f8,7cb1cc2bd1986765bfa54879168cf50b,pair_dissolved_by_refactoring,exact,signature_changed,1.0,0.96
26d65b442c9e410ddd6ed829000f90bf,71eae42700b3fed40304829b7e12c6db,pair_dissolved_naturally,exact,exact,1.0,1.0
26e1f9c130238a1dd70340a42c02b981,f398fc53f1fbf141a52b768188910785,pair_dissolved_naturally,exact,exact,1.0,1.0
26e75a9eef7cfba8dc8405232b3ee992,2a79799af6f643a75a92e5ad34939841,pair_dissolved_by_refactoring,exact,signature_changed,1.0,0.97
26e75a9eef7cfba8dc8405232b3ee992,330e286831e801697e11ee3ebcc87cbe,pair_dissolved_by_refactoring,exact,signature_changed,1.0,0.96
26e75a9eef7cfba8dc8405232b3ee992,35bcb0b9203ff440fdb3d8da7aa9b66e,method_b_deleted,exact,deleted,1.0,
26e75a9eef7cfba8dc8405232b3ee992,3beff9926652490023fd0102f6519073,pair_dissolved_by_refactoring,exact,signature_changed,1.0,1.0
26e75a9eef7cfba8dc8405232b3ee992,3d9ad16b97f82f51462aa1a7e552fa87,pair_dissolved_by_refactoring,exact,signature_changed,1.0,1.0
26e75a9eef7cfba8dc8405232b3ee992,5292ffaf3700864bc3a1d01b9a229811,method_b_deleted,exact,deleted,1.0,
26e75a9eef7cfba8dc8405232b3ee992,7605191016513ee1313439ee6155c7dd,pair_dissolved_by_refactoring,exact,refactored,1.0,0.76
26e75a9eef7cfba8dc8405232b3ee992,7ccc4c2a73ce7b30105c3d5d59e9109a,pair_dissolved_by_refactoring,exact,signature_changed,1.0,1.0
26e75a9eef7cfba8dc8405232b3ee992,85545c63565b1c93190b3489e6eda741,pair_dissolved_naturally,exact,exact,1.0,1.0
26e75a9eef7cfba8dc8405232b3ee992,98f67f40555cd24b6b47213742502ab3,pair_dissolved_by_refactoring,exact,signature_changed,1.0,1.0
26e75a9eef7cfba8dc8405232b3ee992,aec6fe392888c827e6de0daba28630c2,pair_dissolved_by_refactoring,exact,signature_changed,1.0,1.0
26e75a9eef7cfba8dc8405232b3ee992,b891ff50cff4c04fb8f0b285637ed1df,pair_dissolved_by_refactoring,exact,signature_changed,1.0,1.0
26e75a9eef7cfba8dc8405232b3ee992,b91d093ba2815884ad19cfed97e714e8,pair_dissolved_naturally,exact,exact,1.0,1.0
26e75a9eef7cfba8dc8405232b3ee992,d30726380f036e104eb09980dae91063,pair_dissolved_by_refactoring,exact,signature_changed,1.0,1.0
26e75a9eef7cfba8dc8405232b3ee992,d7a93f199d81e6879bc547c737bee761,pair_dissolved_by_refactoring,exact,signature_changed,1.0,1.0
26e75a9eef7cfba8dc8405232b3ee992,dac5e832febd89ac1f6cf98e851c4707,pair_dissolved_by_refactoring,exact,signature_changed,1.0,1.0
26e75a9eef7cfba8dc8405232b3ee992,fefa5313d148ee7323535326be078429,pair_dissolved_by_refactoring,exact,signature_changed,1.0,1.0
2703abf1c6abc5215e40f12b59aa8207,a17da7dee31d4c23be7fdfb3c07710c5,pair_dissolved_by_refactoring,exact,signature_changed,1.0,0.93
2708cd75354707c17f8196e4502d5130,e4ed3892dc1d4a067f7993bd88c8cc39,pair_dissolved_naturally,exact,exact,1.0,1.0
2737e00de184c13f431bade975ee7e2f,82ceea3df98a6bcc141e91a587fa5de5,method_b_deleted,exact,deleted,1.0,
2737e00de184c13f431bade975ee7e2f,fd252b9049b079dacdf3c5f1e8867b8c,method_b_deleted,exact,deleted,1.0,
273c72d3788da538b397ff1f4f46490c,7dbdbb24176d9934ff35c7a38e3e87da,pair_dissolved_by_refactoring,signature_changed,signature_changed,0.96,0.96
273c72d3788da538b397ff1f4f46490c,7ed14aaaab2842a9ac1b53bf7a407489,pair_dissolved_by_refactoring,signature_changed,signature_changed,0.96,0.96
2755a57c5b560c1a7c7531420d0df789,d862322d797e8be617ef9a506ea66c2a,pair_dissolved_naturally,exact,exact,1.0,1.0
2767107a546a213d2155e3d907e268b4,951f3d98555eae1df1b48d7bb8db7d81,pair_dissolved_by_refactoring,moved,refactored,0.92,0.88
2767107a546a213d2155e3d907e268b4,f7e0ac04113b802d07c931a377e6b85f,pair_dissolved_by_refactoring,moved,exact,0.92,1.0
277afc90de58e6f634a8c8423dafd04a,40ad56db50c65ef3edb1fd8484e19c97,pair_dissolved_naturally,exact,exact,1.0,1.0
2793db7c56c8122de50f367540ce9864,be376f5bafd5fc9fc6b0284e14daac5f,pair_dissolved_naturally,exact,exact,1.0,1.0
2793db7c56c8122de50f367540ce9864,d26f5bdaaac557bc039c9aedb5d473fc,method_b_deleted,exact,deleted,1.0,
27cfbc05750541c125ccd575d072cb8d,9051273319c5aa6b961594fbd912b7e6,pair_dissolved_naturally,exact,exact,1.0,1.0
27cfbc05750541c125ccd575d072cb8d,bbeb349d06fe6c2e13ad2b230763d2db,pair_dissolved_naturally,exact,exact,1.0,1.0
27cfbc05750541c125ccd575d072cb8d,c19c561821a8eb9ebf3183e50f7791aa,pair_dissolved_naturally,exact,exact,1.0,1.0
281c9d5c94e8df9e2e693184957215cf,2cd63dc2937a73d9499ddc680257b70f,pair_dissolved_by_refactoring,signature_changed,renamed,0.85,0.9
285314dae2ccd210b26810f1fa3449c6,ad5282d8371f6203fb195b59dff5a6da,method_a_deleted,deleted,refactored,,0.81
2887931acb98dc9d97a73a39215b8b00,5b5fd3f2cd43103c0a73f12a87773abc,pair_dissolved_by_refactoring,signature_changed,exact,0.85,1.0
2887931acb98dc9d97a73a39215b8b00,deea61150a274558142ffcd50e645ce1,pair_dissolved_by_refactoring,signature_changed,exact,0.85,1.0
288f8a30f28bf639a13668164b380e1b,5eefdcb3cf7a561cbc3d457a025047eb,pair_dissolved_by_refactoring,signature_changed,signature_changed,0.99,1.0
28af67becc86b6479de8483acbbf5f85,a558f8e67eb5330889738eafca1ddf0f,pair_dissolved_naturally,exact,exact,1.0,1.0
28b65503a32a525528d3a53c91be0814,c81d4b170897b5d84487b937b459ed47,pair_dissolved_naturally,exact,exact,1.0,1.0
28bc37807427972c37ae6d49ed7cf939,69d1b57603050485c0e1dac9d6a796cb,method_a_deleted,deleted,exact,,1.0
28cb6da4b1a52dec974718d3f5be084b,317f3c0a19fe7d1300e08b43f05e78d1,pair_dissolved_naturally,exact,exact,1.0,1.0
28db1203ee81333cd1aff3f3fa5b14f3,407bb52f77d1e2fd378c76bf085d35b8,pair_dissolved_naturally,exact,exact,1.0,1.0
28db1203ee81333cd1aff3f3fa5b14f3,b8c748d077c66d9be47fd3cbba3b13c4,pair_dissolved_naturally,exact,exact,1.0,1.0
28eb02800d1dbda87ac61859ca583602,9365b0a0bbd9de537aaf0519e054cead,pair_dissolved_naturally,exact,exact,1.0,1.0
29270d3af87e0d05fa5d711cb6025241,32f0909eb331b6ed9691f9747ab0be74,method_b_deleted,exact,deleted,1.0,
297eb227d706fb914c22d9a8e421661d,71ca17b3577056bcc317df3ae3470564,pair_dissolved_by_refactoring,renamed,exact,0.96,1.0
297eb227d706fb914c22d9a8e421661d,81c3f508309c4d7d38a641ebbed40cd7,pair_dissolved_by_refactoring,renamed,exact,0.96,1.0
297eb227d706fb914c22d9a8e421661d,aebaa25b79562e4f51c910c483fb126c,pair_dissolved_by_refactoring,renamed,signature_changed,0.96,1.0
297eb227d706fb914c22d9a8e421661d,c092ed362ba6ad8e7d5cbc0530b659cb,pair_dissolved_by_refactoring,renamed,exact,0.96,1.0
298dad919c98c5fd1360436fa4ce06a3,2c782d8b1e7419d6e93788a083a05a6b,pair_dissolved_naturally,exact,exact,1.0,1.0
29ee63abfdc840c3ae6bb950e23591a9,f80994aff048f6863a2faff22e424774,pair_dissolved_by_refactoring,signature_changed,signature_changed,0.94,0.94
2a01c14b506e386c48c9fdbb2dd7c14b,398f212621923aa867c349c3fe71a748,pair_dissolved_by_refactoring,signature_changed,signature_changed,0.9,1.0
2a21dcd549e8fd8542f7619988e63932,305f5a8b7f8d197102e509e1c04ac44e,pair_dissolved_by_refactoring,renamed,renamed,0.93,0.98
2a21dcd549e8fd8542f7619988e63932,340866eaf613b78f8adc09d71d056ca2,pair_dissolved_by_refactoring,renamed,exact,0.93,1.0
2a21dcd549e8fd8542f7619988e63932,3b36b75aa28d7ba3a4e869131e1f6e8f,pair_dissolved_by_refactoring,renamed,signature_changed,0.93,0.9
2a21dcd549e8fd8542f7619988e63932,4edf851b9f8a3ffe54915a69ba58941c,pair_dissolved_by_refactoring,renamed,exact,0.93,1.0
2a21dcd549e8fd8542f7619988e63932,57ddadd2930fd3d919c9210d20c40847,method_b_deleted,renamed,deleted,0.93,
2a21dcd549e8fd8542f7619988e63932,6b92f28f0d81366f74289419e94976f7,pair_dissolved_by_refactoring,renamed,refactored,0.93,0.85
2a21dcd549e8fd8542f7619988e63932,73a846b1e45e74df65464442f535aaf3,pair_dissolved_by_refactoring,renamed,exact,0.93,1.0
2a21dcd549e8fd8542f7619988e63932,c092596b349426c025a5813ede8296de,pair_dissolved_by_refactoring,renamed,signature_changed,0.93,0.74
2a21dcd549e8fd8542f7619988e63932,cb69c37d937c69913127ed5dc287c29e,pair_dissolved_by_refactoring,renamed,refactored,0.93,0.83
2a2da762ed27733cc02485ce45359704,d79b07a0764d7dbdb8b8195d820e2d3d,method_b_deleted,exact,deleted,1.0,
2a45ea3d8059c4d3051246f3c2beaafb,4cccfa1cda6c878333e59f313fc7bc05,both_deleted,deleted,deleted,,
2a45ea3d8059c4d3051246f3c2beaafb,ad32d77051754ab9f8fa6e257f95d393,method_a_deleted,deleted,moved,,1.0
2a776d6eaf3f186acf7bb97d1740b62e,3bb1684de3752673d485aee6fceea3e0,pair_dissolved_naturally,exact,exact,1.0,1.0
2a776d6eaf3f186acf7bb97d1740b62e,7bb92f3b17a70ef3521ccba383ac6881,pair_dissolved_naturally,exact,exact,1.0,1.0
2a776d6eaf3f186acf7bb97d1740b62e,ab00840fcdd2adf0672473936a7c2b8f,pair_dissolved_naturally,exact,exact,1.0,1.0
2a776d6eaf3f186acf7bb97d1740b62e,af8383042de6f6b6cdaa546ee04a03f5,pair_dissolved_naturally,exact,exact,1.0,1.0
2a776d6eaf3f186acf7bb97d1740b62e,c15c70d9a6b469ea4f774f732a160803,pair_dissolved_naturally,exact,exact,1.0,1.0
2a776d6eaf3f186acf7bb97d1740b62e,f8686b6bb5a8c2193ca210850b8105ab,pair_dissolved_naturally,exact,exact,1.0,1.0
2a79799af6f643a75a92e5ad34939841,330e286831e801697e11ee3ebcc87cbe,pair_dissolved_by_refactoring,signature_changed,signature_changed,0.97,0.96
2a79799af6f643a75a92e5ad34939841,6724bef652798147cb55a2305b7294ed,pair_dissolved_by_refactoring,signature_changed,exact,0.97,1.0
2a79799af6f643a75a92e5ad34939841,9ab0733f3e06f828262ed3a74fbfed54,pair_dissolved_by_refactoring,signature_changed,exact,0.97,1.0
2a79799af6f643a75a92e5ad34939841,e21862e4a051a3fe2f3b3338a7daef05,pair_dissolved_by_refactoring,signature_changed,signature_changed,0.97,0.96
2ae48954979ce1558d93bd6a3f3cb988,86cc6fd5563e2e7b2cfd5bb4690ae4b2,pair_dissolved_naturally,exact,exact,1.0,1.0
2b162db0d386bb90810e9090d93f3014,df6137e86d1e25f3d6969ba936328438,pair_dissolved_by_refactoring,signature_changed,signature_changed,0.87,0.89
2b162db0d386bb90810e9090d93f3014,ef79b83617cdebc96b6609029b31012f,pair_dissolved_by_refactoring,signature_changed,exact,0.87,1.0
2b21c305457ea3ac34875010a36c22cf,9dabdc4a6cf06f8850124092a3f101a7,pair_dissolved_naturally,exact,exact,1.0,1.0
2b37427adc44f775c2a9ee40926641b9,314e805f31c45a07ebbb0a4c84a750cf,pair_dissolved_naturally,exact,exact,1.0,1.0
2b37427adc44f775c2a9ee40926641b9,459b1ab2b672939f4cb4b300e433d31e,pair_dissolved_naturally,exact,exact,1.0,1.0
2c47e4a265eca33309e1f7372bd496b9,c7664f891d999b677d5cd4991a7b22fd,pair_dissolved_naturally,exact,exact,1.0,1.0
2c759b3dbf3a89098c7066ed77925182,f1ab7c8b49cf32b1d13495efe462d584,method_b_deleted,exact,deleted,1.0,
2c782d8b1e7419d6e93788a083a05a6b,4c403ef707a3e7ef05e60a2a6e2f382a,pair_dissolved_naturally,exact,exact,1.0,1.0
2cd63dc2937a73d9499ddc680257b70f,3e54de61e74c0cdf7fdd6edb274e0b98,pair_dissolved_by_refactoring,renamed,refactored,0.9,0.8
2cd63dc2937a73d9499ddc680257b70f,ac95a5ba4c5191f3f335fb396c027d01,pair_dissolved_by_refactoring,renamed,refactored,0.9,0.82
2cd63dc2937a73d9499ddc680257b70f,bfe39b2bf4be6dd6488d76793ff20ba4,method_b_deleted,renamed,deleted,0.9,
2cd63dc2937a73d9499ddc680257b70f,bfea8b030dc3efcce290d7fc42771678,pair_dissolved_by_refactoring,renamed,signature_changed,0.9,0.7
2d364f5cd81c2e66bb351f24277096c4,76359e6cfdefa5de6a53c8b297043a9a,pair_dissolved_by_refactoring,signature_changed,signature_changed,0.97,0.94
2d4c183a825d89a4e1b786e7f68c9d49,a45d0bb0f6b8ef11a0fcf9be9e9fcbd7,pair_dissolved_naturally,exact,exact,1.0,1.0
2d53d189e6c1e1faf5e5a477f5938766,48ffd1af6be8f56af5684d48f6a58ef5,pair_dissolved_by_refactoring,signature_changed,signature_changed,1.0,0.97
2d53d189e6c1e1faf5e5a477f5938766,55c3c6daf95b1b5a1f705606ba70e3e8,pair_dissolved_by_refactoring,signature_changed,signature_changed,1.0,0.97
2d53d189e6c1e1faf5e5a477f5938766,6a4f1ee6548504e3c1b3ecde5d70adce,pair_dissolved_by_refactoring,signature_changed,signature_changed,1.0,0.97
2d53d189e6c1e1faf5e5a477f5938766,79cf4092befcd7b1c74be4d384fb2496,pair_dissolved_by_refactoring,signature_changed,signature_changed,1.0,0.97
2d53d189e6c1e1faf5e5a477f5938766,896f9dee05c5715f080add939e6ea561,pair_dissolved_by_refactoring,signature_changed,signature_changed,1.0,1.0
2d53d189e6c1e1faf5e5a477f5938766,957cb681556029aa5926d285f1dd8e36,pair_dissolved_by_refactoring,signature_changed,signature_changed,1.0,0.97
2d53d189e6c1e1faf5e5a477f5938766,a469e0a39cf45d6a99feac0b6ec85214,pair_dissolved_by_refactoring,signature_changed,signature_changed,1.0,1.0
2d53d189e6c1e1faf5e5a477f5938766,fb5ae45a449ab802fdddfecba4b05088,pair_dissolved_by_refactoring,signature_changed,signature_changed,1.0,0.97
2da6768a69579fb5ab7a1fa89b5403f6,6a512813f848c9abf6cb15fdc8764c14,pair_dissolved_naturally,exact,exact,1.0,1.0
2da6768a69579fb5ab7a1fa89b5403f6,b9daac205a9d94d52439e57097c04677,pair_dissolved_naturally,exact,exact,1.0,1.0
2da6768a69579fb5ab7a1fa89b5403f6,f8a732400d5a9b954562779e2eef5103,pair_dissolved_naturally,exact,exact,1.0,1.0
2da7a2a7e8e89fbf0c758f1effda703f,b0512e0e67d05d3ad07724a690ce2ff6,both_deleted,deleted,deleted,,
2da7a2a7e8e89fbf0c758f1effda703f,f95c31a41c1142f0d04de0f76092ea1e,method_a_deleted,deleted,exact,,1.0
2dd38d3b4ea6a47cc054535c560a0729,5ffbd4cc275653175e081c1be681310b,pair_dissolved_by_refactoring,signature_changed,signature_changed,0.97,0.96
2dd97abac29858ccda6de19de53ec728,3416580da8a485af5e3acaa0662e2266,method_a_deleted,deleted,refactored,,0.7
2dd97abac29858ccda6de19de53ec728,50f4c452f4b525d97b638b36ac8909a1,both_deleted,deleted,deleted,,
2dd97abac29858ccda6de19de53ec728,da48f8a01b361e23514199914feba990,both_deleted,deleted,deleted,,
2dd97abac29858ccda6de19de53ec728,fe45c2af27a38917e6c207551c789a0c,method_a_deleted,deleted,refactored,,0.84
2e2b89051e95bbd810784cf4e7add801,4dca5538d75769c22470df55653ae683,method_a_deleted,deleted,exact,,1.0
2e2b89051e95bbd810784cf4e7add801,c81514fd44d24bcbe33b31f22ffd172d,method_a_deleted,deleted,exact,,1.0
2e39b4f338865759d887195378d3d1ae,39345eafeb0e25f7e06ff96e109c1445,pair_dissolved_naturally,exact,exact,1.0,1.0
2e39b4f338865759d887195378d3d1ae,567a9a1e1d2e9caebe26019e4c8c3a59,pair_dissolved_naturally,exact,exact,1.0,1.0
2e39b4f338865759d887195378d3d1ae,84bc1bba8fb25e15c1f8cf84f819ad3a,pair_dissolved_naturally,exact,exact,1.0,1.0
2e39b4f338865759d887195378d3d1ae,8a0253b3065c6c27e30f200cb205b026,pair_dissolved_naturally,exact,exact,1.0,1.0
2e39b4f338865759d887195378d3d1ae,a897511005a91b06494f7353aa5be8cb,pair_dissolved_naturally,exact,exact,1.0,1.0
2e39b4f338865759d887195378d3d1ae,ac146db4fc36ca76c6d67fe81f11c44f,pair_dissolved_naturally,exact,exact,1.0,1.0
2e39b4f338865759d887195378d3d1ae,bf90d60e5f67185147f878537a5ea893,pair_dissolved_naturally,exact,exact,1.0,1.0
2e39b4f338865759d887195378d3d1ae,d4efff86ebb2d631615d729aed3ace96,pair_dissolved_naturally,exact,exact,1.0,1.0
2e39b4f338865759d887195378d3d1ae,d8a0fec825032a406513f949773dc0d3,pair_dissolved_naturally,exact,exact,1.0,1.0
2e614c2f58babcc6f456be8f5e031801,5284cca131da6764e1b267675786f9d3,pair_dissolved_naturally,exact,unknown,1.0,
2e82695cf6e64382ca2c57aa33d4ee50,eb9152a5f5535fc4c2813fcb3a901ef9,pair_dissolved_by_refactoring,refactored,refactored,0.77,0.8
2e8511802fad555d3f28463e4e55a84c,cab8982a96a187faaea1f0770f58e540,pair_dissolved_naturally,exact,exact,1.0,1.0
2e8511802fad555d3f28463e4e55a84c,e673fe743f583cb7c12b352d0359bd3d,pair_dissolved_naturally,exact,exact,1.0,1.0
2ea140cbcbb8b8a78943465526e6a17b,30a398edf1aa9d839cc1a0121a84b7b0,pair_dissolved_naturally,exact,exact,1.0,1.0
2ebaffa47f0c8d9b55fdfc6ed3f8655a,f2a8605494fe2deb1089178afcf5638f,method_a_deleted,deleted,exact,,1.0
2ecd76c971d9519d63130ab7c23824c7,68a15b1ed9cc06ef329a954bb41eeffe,pair_dissolved_naturally,exact,exact,1.0,1.0
2ee164fef2dc143603faca45e1b2b9ee,67fff80f653230dcd8dbfdc04c173394,pair_dissolved_by_refactoring,exact,signature_changed,1.0,0.99
2f2eccf2db48e33f88f93228db280500,6410c985050ea51b2aa6d4c3bad02374,pair_dissolved_by_refactoring,signature_changed,signature_changed,1.0,1.0
2f2eccf2db48e33f88f93228db280500,d57e35feea3866170ec5cd1d67de223c,pair_dissolved_by_refactoring,signature_changed,signature_changed,1.0,1.0
2f2eccf2db48e33f88f93228db280500,e88202d4c36e948a93df5b432c011402,pair_dissolved_by_refactoring,signature_changed,signature_changed,1.0,0.99
2f36c7cfcba2ecff545ee4c5a8a29891,d79b07a0764d7dbdb8b8195d820e2d3d,method_b_deleted,exact,deleted,1.0,
2f4bc0fa68121bac467e6d42ca36a193,92caff0a214c8e0448c494d4617151f1,pair_dissolved_by_refactoring,exact,signature_changed,1.0,0.97
2f4bc0fa68121bac467e6d42ca36a193,caa7e7e1006d831856255c5650dce1a3,pair_dissolved_by_refactoring,exact,signature_changed,1.0,0.83
2f66aa8f11de3de23b570bb47a02cf34,34f6f4ed56772da605b1f4230f20bdba,pair_dissolved_by_refactoring,exact,signature_changed,1.0,0.97
2f66aa8f11de3de23b570bb47a02cf34,f125a30576348016cc9739bd2050aceb,pair_dissolved_by_refactoring,exact,signature_changed,1.0,0.96
2f99ed9405959a50c3f58c4414723c9b,3b2b4793d3567e99b3962760ab04d7fe,pair_dissolved_naturally,exact,exact,1.0,1.0
2fadaf6a81eec6cdf484077f5386aa52,9362c3776542fbe98e898eedf6a1a8db,pair_dissolved_naturally,exact,exact,1.0,1.0
2fe41bc75a7511daa10953b00039a1ba,406d41135a67feb6bf572b3ec6877c36,pair_dissolved_by_refactoring,signature_changed,signature_changed,1.0,1.0
2fe41bc75a7511daa10953b00039a1ba,60676d9c611737e22811bef39eb13d84,pair_dissolved_by_refactoring,signature_changed,signature_changed,1.0,0.98
2fe41bc75a7511daa10953b00039a1ba,8a268dbf90db1aa48e84aadc1bc0d276,pair_dissolved_by_refactoring,signature_changed,signature_changed,1.0,1.0
2fe41bc75a7511daa10953b00039a1ba,be91b1f915b4d7ced914e29a7f20ae22,pair_dissolved_by_refactoring,signature_changed,exact,1.0,1.0
2fe41bc75a7511daa10953b00039a1ba,fd320b763b8cd3838ce335fc57ed183f,pair_dissolved_by_refactoring,signature_changed,signature_changed,1.0,1.0
300e1b44f39c1b39799929334b6f0617,7fb52242b6de8d753aecb18c2a054ec0,pair_dissolved_naturally,exact,exact,1.0,1.0
300e1b44f39c1b39799929334b6f0617,d62dc43f1e26ed172f028ca3e586f1ea,pair_dissolved_naturally,exact,exact,1.0,1.0
30165f8f3068e8d08745c41fb562d2e1,84cb7d8a0355ac3ad4113b4a134ba498,method_b_deleted,token_hash,deleted,1.0,
305f5a8b7f8d197102e509e1c04ac44e,340866eaf613b78f8adc09d71d056ca2,pair_dissolved_by_refactoring,renamed,exact,0.98,1.0
305f5a8b7f8d197102e509e1c04ac44e,bff1995f759cc36ec4a27f30a7fe7b26,pair_dissolved_by_refactoring,renamed,exact,0.98,1.0
306180895e8ca25cfc5b2865b4af4825,30f5825d998fbec93c75de62ff6a6284,pair_dissolved_by_refactoring,exact,signature_changed,1.0,0.74
306180895e8ca25cfc5b2865b4af4825,3b8b90d5ddcb6766229902acd50360eb,pair_dissolved_naturally,exact,exact,1.0,1.0
308c5e24aec4f76e991b071a6b65aaad,a555a2e913a0b426bacacc8c0aee436b,method_a_deleted,deleted,signature_changed,,0.94
309ea305680bb17c8491b39f6e91150f,bc9423a55a3cb700bef52aa3201a2ecb,pair_dissolved_naturally,exact,exact,1.0,1.0
30a398edf1aa9d839cc1a0121a84b7b0,33aa88cadd81d5da43dae505b466cc33,pair_dissolved_naturally,exact,exact,1.0,1.0
30a398edf1aa9d839cc1a0121a84b7b0,788a1cdded1edb09066831ccfa139b53,pair_dissolved_naturally,exact,token_hash,1.0,1.0
30a398edf1aa9d839cc1a0121a84b7b0,9041c8b53032be402624a70ab2588e01,pair_dissolved_naturally,exact,exact,1.0,1.0
30a398edf1aa9d839cc1a0121a84b7b0,cb8ce96c2471ad2fe47208c1066bff41,pair_dissolved_naturally,exact,exact,1.0,1.0
30a398edf1aa9d839cc1a0121a84b7b0,cf0f87a3dd5625aac2da5cefd2c805f2,pair_dissolved_naturally,exact,exact,1.0,1.0
30cda983dd2c6a764b397b8a8ffcc28a,da33d9921e3d2cf3f036a0814893c51d,pair_dissolved_by_refactoring,exact,signature_changed,1.0,0.99
30e96dc28b821879c63bf9c7e096a6bc,b308f0716e0352e194a2d198a0da6d74,pair_dissolved_naturally,exact,exact,1.0,1.0
30f5825d998fbec93c75de62ff6a6284,3b8b90d5ddcb6766229902acd50360eb,pair_dissolved_by_refactoring,signature_changed,exact,0.74,1.0
314e805f31c45a07ebbb0a4c84a750cf,403dd58e56f3c6120ee11516df563d7d,pair_dissolved_naturally,exact,exact,1.0,1.0
3167ffb4fa435430e492093032bf3fe9,3421649236c28f719eb7491e2c6d4474,pair_dissolved_naturally,exact,exact,1.0,1.0
3167ffb4fa435430e492093032bf3fe9,4fffbe70f507bb94d332981ea679977e,pair_dissolved_naturally,exact,exact,1.0,1.0
316d49be56e76521dfc238755bd629d4,49d525fa8597d8f5d4b7af80aabb2c1b,pair_dissolved_by_refactoring,signature_changed,signature_changed,0.9,0.9
3187801da5753e4aff6f5c9e9c8d574f,be376f5bafd5fc9fc6b0284e14daac5f,pair_dissolved_naturally,exact,exact,1.0,1.0
3187801da5753e4aff6f5c9e9c8d574f,d26f5bdaaac557bc039c9aedb5d473fc,method_b_deleted,exact,deleted,1.0,
3194668eab174e9f2cce667b6d39e01d,3a4cab3abdbd5aa9fba1112d707fd049,pair_dissolved_naturally,exact,unknown,1.0,
3194668eab174e9f2cce667b6d39e01d,76abc86a510a1d732a7f8406cdc38fef,pair_dissolved_naturally,exact,unknown,1.0,
319ce02327f2ca421b8c1e4de0b9472b,8a0bbfe81f3757755baae4d5b172d865,pair_dissolved_naturally,exact,exact,1.0,1.0
321ffb45e683ebf4fd2878f06e486b7e,a222c38330a3c4c5af802a8ddd67b8d4,both_deleted,deleted,deleted,,
321ffb45e683ebf4fd2878f06e486b7e,f1ddc9bdeefa64d0062b3512730e2313,method_a_deleted,deleted,refactored,,0.81
32ac6be275cc19a5c8a937513240da8d,7a02d1cdd5d544455d1f9eb96d6bd1e9,pair_dissolved_by_refactoring,refactored,exact,0.84,1.0
32c4b270b9c560aa1ba9ebffbf11af41,7d1cb25d0fd3504fb43b92ebf37fd78a,pair_dissolved_by_refactoring,signature_changed,signature_changed,0.89,0.9
32c5f2f952abd1e2e1e99e9ca82ce061,b40a848979ad7e73df2679ebc7cbecdf,pair_dissolved_naturally,exact,exact,1.0,1.0
32c5f2f952abd1e2e1e99e9ca82ce061,dfa0b026123357020b609b4d56708d69,pair_dissolved_naturally,exact,exact,1.0,1.0
32ec5921bfe9fdcd40078209a7813893,b1495ba9e3e810aa55949eff83fb64b8,pair_dissolved_naturally,exact,exact,1.0,1.0
330e286831e801697e11ee3ebcc87cbe,35bcb0b9203ff440fdb3d8da7aa9b66e,method_b_deleted,signature_changed,deleted,0.96,
330e286831e801697e11ee3ebcc87cbe,5292ffaf3700864bc3a1d01b9a229811,method_b_deleted,signature_changed,deleted,0.96,
330e286831e801697e11ee3ebcc87cbe,690e25d903eb9269dc41f02478a91086,pair_dissolved_by_refactoring,signature_changed,exact,0.96,1.0
330e286831e801697e11ee3ebcc87cbe,7605191016513ee1313439ee6155c7dd,pair_dissolved_by_refactoring,signature_changed,refactored,0.96,0.76
330e286831e801697e11ee3ebcc87cbe,85545c63565b1c93190b3489e6eda741,pair_dissolved_by_refactoring,signature_changed,exact,0.96,1.0
330e286831e801697e11ee3ebcc87cbe,9ab0733f3e06f828262ed3a74fbfed54,pair_dissolved_by_refactoring,signature_changed,exact,0.96,1.0
330e286831e801697e11ee3ebcc87cbe,a5f6717f0de6f8966a08333c93701692,pair_dissolved_by_refactoring,signature_changed,exact,0.96,1.0
330e286831e801697e11ee3ebcc87cbe,b91d093ba2815884ad19cfed97e714e8,pair_dissolved_by_refactoring,signature_changed,exact,0.96,1.0
330e286831e801697e11ee3ebcc87cbe,d7a93f199d81e6879bc547c737bee761,pair_dissolved_by_refactoring,signature_changed,signature_changed,0.96,1.0
334924008aefee26aef8225ef0e05b1b,757d23178ccaf46ca0818d49df29b0b0,pair_dissolved_naturally,exact,exact,1.0,1.0
334924008aefee26aef8225ef0e05b1b,fdc94a939a8bba0f234a092f06890cf5,pair_dissolved_naturally,exact,exact,1.0,1.0
335dd6b8392ff41cc83d3647b5e64548,9bbc99c83cf30bf4e977700504dca2fb,pair_dissolved_by_refactoring,moved,moved,0.9,0.91
33801206093d3608c5073f899984b524,cb69c37d937c69913127ed5dc287c29e,pair_dissolved_by_refactoring,renamed,refactored,0.98,0.83
339d3f60035dc3a9cf8eebb00c0711e2,bdb2f01b19b04167206d1768ca6fa586,pair_dissolved_naturally,unknown,unknown,,
33ac5745cdab1dbe6dccfb321d313255,d26f5bdaaac557bc039c9aedb5d473fc,method_b_deleted,exact,deleted,1.0,
33c6125a2a728b53831dcc013dcc99ee,e4696ff0f33f2f0decb2ce7306a60f2f,pair_dissolved_naturally,exact,exact,1.0,1.0
33d085a21438206ae3119f698a2156c2,406d41135a67feb6bf572b3ec6877c36,pair_dissolved_by_refactoring,signature_changed,signature_changed,1.0,1.0
33d085a21438206ae3119f698a2156c2,60676d9c611737e22811bef39eb13d84,pair_dissolved_by_refactoring,signature_changed,signature_changed,1.0,0.98
33d085a21438206ae3119f698a2156c2,851e877f6d7ebc0058685f84ea722304,pair_dissolved_by_refactoring,signature_changed,signature_changed,1.0,1.0
33d085a21438206ae3119f698a2156c2,8a268dbf90db1aa48e84aadc1bc0d276,pair_dissolved_by_refactoring,signature_changed,signature_changed,1.0,1.0
33df79499d568ca239082a9c78b659ea,86cc6fd5563e2e7b2cfd5bb4690ae4b2,pair_dissolved_naturally,exact,exact,1.0,1.0
33df79499d568ca239082a9c78b659ea,e9e6c113a793e12e9e33b6681b4d2489,pair_dissolved_naturally,exact,exact,1.0,1.0
33df79499d568ca239082a9c78b659ea,f62676fcec08eae99cb4861430feee91,pair_dissolved_naturally,exact,exact,1.0,1.0
340387409e4f50f03381a1e3c52fb852,a262ce82ce9aad7f63e74f3716701abe,pair_dissolved_naturally,exact,exact,1.0,1.0
340387409e4f50f03381a1e3c52fb852,f4c35f057ade148da31f42e38e694083,pair_dissolved_naturally,exact,exact,1.0,1.0
340866eaf613b78f8adc09d71d056ca2,6009219604d83d71983b727f655d3a0d,pair_dissolved_by_refactoring,exact,signature_changed,1.0,1.0
3416580da8a485af5e3acaa0662e2266,50f4c452f4b525d97b638b36ac8909a1,method_b_deleted,refactored,deleted,0.7,
3416580da8a485af5e3acaa0662e2266,da48f8a01b361e23514199914feba990,method_b_deleted,refactored,deleted,0.7,
3416580da8a485af5e3acaa0662e2266,fe45c2af27a38917e6c207551c789a0c,pair_dissolved_by_refactoring,refactored,refactored,0.7,0.84
3421649236c28f719eb7491e2c6d4474,4fffbe70f507bb94d332981ea679977e,pair_dissolved_naturally,exact,exact,1.0,1.0
343aa9d30020ead87c9f88a6dec26a8a,3a757a2862b07403f2caee3fd24d1750,pair_dissolved_by_refactoring,exact,signature_changed,1.0,0.97
34488be0cb7249aac4d3801e3b23b46a,cf2b1b87787af081ae779555accfcd02,both_deleted,deleted,deleted,,
34876ec447444b64c5290ae8db3da288,6918cfef06882f53afab89e5565396e2,pair_dissolved_naturally,exact,exact,1.0,1.0
349c138ddf903d9f184d25ce21454d95,399bf9c2d498cf17c1a9c87f896396b4,pair_dissolved_naturally,exact,exact,1.0,1.0
349c138ddf903d9f184d25ce21454d95,64ba384dd85cb8cac0f33a481b89c6c7,pair_dissolved_naturally,exact,exact,1.0,1.0
34cd8c2d598043920a9bd2225762e431,48d7105e013c185a2ecbc0e9f7de0ec6,method_b_deleted,exact,deleted,1.0,
34cd8c2d598043920a9bd2225762e431,6ba831a0daf26c56c80ce86270fe2495,pair_dissolved_by_refactoring,exact,refactored,1.0,0.79
34cd8c2d598043920a9bd2225762e431,8dbb077c914fd91e6ce783a0cb5663d8,pair_dissolved_by_refactoring,exact,refactored,1.0,0.87
34d9401e8184f5d0d07488d8b05255ae,a45d0bb0f6b8ef11a0fcf9be9e9fcbd7,pair_dissolved_naturally,exact,exact,1.0,1.0
34d9401e8184f5d0d07488d8b05255ae,cb2c04ce11501b9aa4e22209ca37b5cd,pair_dissolved_naturally,exact,exact,1.0,1.0
34f6f4ed56772da605b1f4230f20bdba,420abbf96bcb3dc7896051316c262bfc,pair_dissolved_by_refactoring,signature_changed,exact,0.97,1.0
34f6f4ed56772da605b1f4230f20bdba,f125a30576348016cc9739bd2050aceb,pair_dissolved_by_refactoring,signature_changed,signature_changed,0.97,0.96
3516abc16d10e9b659a01e0295decf86,671db09dbc84134b9bb0583070844512,pair_dissolved_by_refactoring,signature_changed,signature_changed,1.0,1.0
35212da7d2d8c1b1b314ec1432a673c5,4a8eb1aba4bd7f65d877ebc2788442d5,pair_dissolved_naturally,exact,unknown,1.0,
35212da7d2d8c1b1b314ec1432a673c5,7acc86de4ef4193cc6941395fa408711,pair_dissolved_naturally,exact,exact,1.0,1.0
35235f4ce8470e55a31578f009630d6c,a17da7dee31d4c23be7fdfb3c07710c5,pair_dissolved_by_refactoring,exact,signature_changed,1.0,0.93
3523a70f6540ba3c2b28b300a2b70e46,3cfc55e880821889cb865733af9a999f,pair_dissolved_naturally,exact,exact,1.0,1.0
3523a70f6540ba3c2b28b300a2b70e46,6848826a0f86de13450a0ce8caf8878d,pair_dissolved_naturally,exact,exact,1.0,1.0
3523a70f6540ba3c2b28b300a2b70e46,6cf7f0ad33b5e1f7745a776687939393,pair_dissolved_naturally,exact,exact,1.0,1.0
3523a70f6540ba3c2b28b300a2b70e46,6e266197a7902274f1032b2c5b3605ab,pair_dissolved_naturally,exact,exact,1.0,1.0
3523a70f6540ba3c2b28b300a2b70e46,cda2a1f5285f9d97fe1f221639e0d147,pair_dissolved_naturally,exact,exact,1.0,1.0
3523a70f6540ba3c2b28b300a2b70e46,daffa6893d6a05ffffa53019d5220b46,pair_dissolved_naturally,exact,exact,1.0,1.0
3523a70f6540ba3c2b28b300a2b70e46,e0d002f6b3885552c50e368837b58b50,pair_dissolved_naturally,exact,exact,1.0,1.0
353f28aef486abd6dd7b000f94534cbf,71113e373593f5d61ffbe8f164105908,both_deleted,deleted,deleted,,
355019f5dd521b2fd2ba84195ded975b,b8f201cb5a512eddaabf2ff1b451b1d0,pair_dissolved_by_refactoring,exact,moved,1.0,1.0
3594ec963afb9829acc0ae09833970a0,41ab7fda610353fd3de2657f266f170d,pair_dissolved_naturally,exact,exact,1.0,1.0
35a61a493d76d48ce50c259a95bab855,8c843df8ac6bdb5e89a4f320074a616c,pair_dissolved_by_refactoring,unknown,signature_changed,,0.97
35a91dec8cf916a55120b01839abb5eb,67f39d60b3e4dd5dc7d5b4f6bb2e516d,pair_dissolved_naturally,exact,exact,1.0,1.0
35a91dec8cf916a55120b01839abb5eb,77212e9ddc3090739bf739609c591c09,pair_dissolved_naturally,exact,exact,1.0,1.0
35bcb0b9203ff440fdb3d8da7aa9b66e,5292ffaf3700864bc3a1d01b9a229811,both_deleted,deleted,deleted,,
35bcb0b9203ff440fdb3d8da7aa9b66e,690e25d903eb9269dc41f02478a91086,method_a_deleted,deleted,exact,,1.0
35bcb0b9203ff440fdb3d8da7aa9b66e,7605191016513ee1313439ee6155c7dd,method_a_deleted,deleted,refactored,,0.76
35bcb0b9203ff440fdb3d8da7aa9b66e,85545c63565b1c93190b3489e6eda741,method_a_deleted,deleted,exact,,1.0
35bcb0b9203ff440fdb3d8da7aa9b66e,9ab0733f3e06f828262ed3a74fbfed54,method_a_deleted,deleted,exact,,1.0
35bcb0b9203ff440fdb3d8da7aa9b66e,a5f6717f0de6f8966a08333c93701692,method_a_deleted,deleted,exact,,1.0
35bcb0b9203ff440fdb3d8da7aa9b66e,b91d093ba2815884ad19cfed97e714e8,method_a_deleted,deleted,exact,,1.0
35cfaa9586ef9e5b072ed83c9acaf88a,522f9bfeae280ea3eac7b5f94f3dcef9,pair_dissolved_by_refactoring,signature_changed,signature_changed,0.96,0.97
35e4d0d7084fa3ee6cb939a2a9457175,cbad08963097548a0109eb36c13ce964,pair_dissolved_by_refactoring,signature_changed,exact,1.0,1.0
36026c154f6142709d17ff8e4ccd61a4,8f0fdfe1c7d247874a7e5e62a454890c,pair_dissolved_naturally,exact,exact,1.0,1.0
36026c154f6142709d17ff8e4ccd61a4,e264b308664d8853cf69bf7ad7befb97,pair_dissolved_naturally,exact,exact,1.0,1.0
36660c20958aa35f3f828d471e29f85a,dec2a615d76dd9577a8f3750d9a073c6,pair_dissolved_by_refactoring,signature_changed,signature_changed,0.88,0.9
367dae4910e4756dad10395c428c7ac4,b8f201cb5a512eddaabf2ff1b451b1d0,pair_dissolved_by_refactoring,exact,moved,1.0,1.0
369649decace9fb3f89df7a6536dc2f6,d0995c94e7569e24248b23be7bca7362,pair_dissolved_naturally,exact,exact,1.0,1.0
36c1e99b1bf2f50c61d366840481f6a0,9ef3873d1e95b89b40e7c20bba9e6ac4,pair_dissolved_naturally,exact,exact,1.0,1.0
37152fa2c752b982b7c894d66a0aec58,cf8b16632a255344a2dee1522e0d1c55,pair_dissolved_by_refactoring,signature_changed,exact,0.86,1.0
37152fa2c752b982b7c894d66a0aec58,e6a18e503e8fd2bf961f04a1b5e38a65,pair_dissolved_by_refactoring,signature_changed,signature_changed,0.86,0.88
3754429ebc6e83cef3661ac26e699f98,edc08bde65af4dbdda4264e4dfe69bff,pair_dissolved_naturally,exact,exact,1.0,1.0
37a14d0830d3c546dea734bd138c0ff9,888b23cf8987571451884b52723ee50c,method_a_deleted,deleted,exact,,1.0
38109eb5412877bf35cd94003b827134,724122e103d73652c87c22f18d492487,pair_dissolved_by_refactoring,exact,signature_changed,1.0,0.97
3812c1a543dc8b80d296ecc80338d92e,e90ce1fbfc43265b86c62e0b402d03bd,method_a_deleted,deleted,moved,,1.0
382dd40cfd9b10532f3a40816d10a3ac,a75f3aeba31dbb4a80b2982b33ad7e47,pair_dissolved_by_refactoring,signature_changed,signature_changed,0.95,0.97
382dd40cfd9b10532f3a40816d10a3ac,bfbc692f71375df610b9ce726356e049,pair_dissolved_by_refactoring,signature_changed,signature_changed,0.95,0.94
38e8c080fd9c7bd4afcc086178e04388,c1b1f51443623d201c4716c131a28a45,pair_dissolved_by_refactoring,exact,signature_changed,1.0,0.95
39106d0387280422f9b006875aed9b71,52b66cf1e60b47271c71d02e8f17c099,pair_dissolved_naturally,exact,exact,1.0,1.0
39106d0387280422f9b006875aed9b71,7d5f51d73c813088d129fdf18d3fbc77,pair_dissolved_naturally,exact,exact,1.0,1.0
39106d0387280422f9b006875aed9b71,c6adc25c4c273f6620aae4b35103c6b5,pair_dissolved_naturally,exact,exact,1.0,1.0
39106d0387280422f9b006875aed9b71,f3ed69e940ac0319d10ce57c6ca7b010,pair_dissolved_naturally,exact,exact,1.0,1.0
39345eafeb0e25f7e06ff96e109c1445,567a9a1e1d2e9caebe26019e4c8c3a59,pair_dissolved_naturally,exact,exact,1.0,1.0
39345eafeb0e25f7e06ff96e109c1445,84bc1bba8fb25e15c1f8cf84f819ad3a,pair_dissolved_naturally,exact,exact,1.0,1.0
39345eafeb0e25f7e06ff96e109c1445,8a0253b3065c6c27e30f200cb205b026,pair_dissolved_naturally,exact,exact,1.0,1.0
39345eafeb0e25f7e06ff96e109c1445,a897511005a91b06494f7353aa5be8cb,pair_dissolved_naturally,exact,exact,1.0,1.0
39345eafeb0e25f7e06ff96e109c1445,ac146db4fc36ca76c6d67fe81f11c44f,pair_dissolved_naturally,exact,exact,1.0,1.0
39345eafeb0e25f7e06ff96e109c1445,bf90d60e5f67185147f878537a5ea893,pair_dissolved_naturally,exact,exact,1.0,1.0
39345eafeb0e25f7e06ff96e109c1445,d4efff86ebb2d631615d729aed3ace96,pair_dissolved_naturally,exact,exact,1.0,1.0
39345eafeb0e25f7e06ff96e109c1445,d8a0fec825032a406513f949773dc0d3,pair_dissolved_naturally,exact,exact,1.0,1.0
394ea4453909c243f011a22edddaa774,44d9c05a8d3751e1156acde74224cd45,pair_dissolved_naturally,exact,exact,1.0,1.0
3951ad23abe2d26bf5155f41c80811a5,6848826a0f86de13450a0ce8caf8878d,pair_dissolved_naturally,exact,exact,1.0,1.0
399bf9c2d498cf17c1a9c87f896396b4,59023cbe557ce45d64be5862c1b9af6c,pair_dissolved_by_refactoring,exact,signature_changed,1.0,0.92
399bf9c2d498cf17c1a9c87f896396b4,64ba384dd85cb8cac0f33a481b89c6c7,pair_dissolved_naturally,exact,exact,1.0,1.0
399bf9c2d498cf17c1a9c87f896396b4,c341b5dfb9c13e8a453dacc4c0f69542,pair_dissolved_naturally,exact,exact,1.0,1.0
399bf9c2d498cf17c1a9c87f896396b4,edfe86db9a1205e93bb86b87142a5d0a,pair_dissolved_naturally,exact,exact,1.0,1.0
399bf9c2d498cf17c1a9c87f896396b4,f562799a5b36b2329a3c8f8370858733,pair_dissolved_naturally,exact,exact,1.0,1.0
39ac62ce9479da250b38291695e36572,64b771ed74d42f71bbae578dd3041352,both_deleted,deleted,deleted,,
39bc08cf95362bf20a12fd1e1c30392e,d974db25e8e97e204ced85bfd6305838,pair_dissolved_by_refactoring,moved,exact,1.0,1.0
39f40345e66bb822a5e22830c671d397,67b71cc23c1ef4594138a2d6fbd78784,pair_dissolved_naturally,exact,exact,1.0,1.0
3a1b085ad633881a794ed0d9921a2204,765dfec8f689b469a96e7e7930200907,pair_dissolved_by_refactoring,exact,signature_changed,1.0,0.98
3a1b085ad633881a794ed0d9921a2204,fe3c5ed6293bdbe29d8be81511106fe5,pair_dissolved_naturally,exact,exact,1.0,1.0
3a37746e182a67d3801795e0ed0fb231,7a88b538481351a637a04892fb73692f,pair_dissolved_naturally,exact,exact,1.0,1.0
3a4cab3abdbd5aa9fba1112d707fd049,69f7cd2ac1a91f19c0a660bb486ee86b,pair_dissolved_naturally,unknown,exact,,1.0
3a4cab3abdbd5aa9fba1112d707fd049,76abc86a510a1d732a7f8406cdc38fef,pair_dissolved_naturally,unknown,unknown,,
3a757a2862b07403f2caee3fd24d1750,965b27b8b26a3f208b2e4793f88745cd,pair_dissolved_by_refactoring,signature_changed,exact,0.97,1.0
3a757a2862b07403f2caee3fd24d1750,b1d71ab69b76625fbc45f24bedc20e9d,pair_dissolved_by_refactoring,signature_changed,exact,0.97,1.0
3acd878842515abacb11f3ef98736832,6d1e2aad33948c919f02bcbfa95ad77f,pair_dissolved_naturally,exact,exact,1.0,1.0
3ace9982dba353f6ce6884fa689512af,6ececccc1b26089711570f2fff2e100b,pair_dissolved_by_refactoring,exact,signature_changed,1.0,1.0
3b4793e73440beed0e4c3a55c7356fe9,450869be5a907d98de6cfdec6b95c4c4,pair_dissolved_naturally,exact,exact,1.0,1.0
3b4793e73440beed0e4c3a55c7356fe9,8ec695ec75cf9873407285cc9976566c,pair_dissolved_naturally,exact,exact,1.0,1.0
3b4793e73440beed0e4c3a55c7356fe9,99e381df19c78ddb4a1c7311a4579f4a,pair_dissolved_naturally,exact,exact,1.0,1.0
3b4793e73440beed0e4c3a55c7356fe9,af838f4b4d8493003022163d62c58bfc,pair_dissolved_naturally,exact,exact,1.0,1.0
3b57147cb1dccf57a55bb1bd75c4f9eb,837910cc8e4b5196a72dca408c71463a,pair_dissolved_naturally,exact,exact,1.0,1.0
3b57147cb1dccf57a55bb1bd75c4f9eb,e681251e32b3e2c3898f09148a182863,pair_dissolved_naturally,exact,exact,1.0,1.0
3b95cb2fbcedd50802b4c322045c17fb,fa1f9f82a9b00d24136ab66a508effb8,pair_dissolved_naturally,exact,exact,1.0,1.0
3bb1684de3752673d485aee6fceea3e0,7bb92f3b17a70ef3521ccba383ac6881,pair_dissolved_naturally,exact,exact,1.0,1.0
3bb1684de3752673d485aee6fceea3e0,f8686b6bb5a8c2193ca210850b8105ab,pair_dissolved_naturally,exact,exact,1.0,1.0
3bc9ed65954d7beabe7f99dcaf535b2d,5e1718070f40cebb089e87d6a642f759,pair_dissolved_naturally,exact,exact,1.0,1.0
3bc9ed65954d7beabe7f99dcaf535b2d,a6525b8abad3f18b54cbe50cb44e33ee,pair_dissolved_naturally,exact,exact,1.0,1.0
3bc9ed65954d7beabe7f99dcaf535b2d,bccf62b3f451b7a23c35349a0dd51219,pair_dissolved_naturally,exact,exact,1.0,1.0
3bca7831e65b09856725780f38337364,f9f0820970a7595c7193525c595911ba,pair_dissolved_naturally,exact,exact,1.0,1.0
3beff9926652490023fd0102f6519073,3d9ad16b97f82f51462aa1a7e552fa87,pair_dissolved_by_refactoring,signature_changed,signature_changed,1.0,1.0
3beff9926652490023fd0102f6519073,6724bef652798147cb55a2305b7294ed,pair_dissolved_by_refactoring,signature_changed,exact,1.0,1.0
3beff9926652490023fd0102f6519073,7ccc4c2a73ce7b30105c3d5d59e9109a,pair_dissolved_by_refactoring,signature_changed,signature_changed,1.0,1.0
3beff9926652490023fd0102f6519073,85545c63565b1c93190b3489e6eda741,pair_dissolved_by_refactoring,signature_changed,exact,1.0,1.0
3beff9926652490023fd0102f6519073,98f67f40555cd24b6b47213742502ab3,pair_dissolved_by_refactoring,signature_changed,signature_changed,1.0,1.0
3beff9926652490023fd0102f6519073,9ab0733f3e06f828262ed3a74fbfed54,pair_dissolved_by_refactoring,signature_changed,exact,1.0,1.0
3beff9926652490023fd0102f6519073,aec6fe392888c827e6de0daba28630c2,pair_dissolved_by_refactoring,signature_changed,signature_changed,1.0,1.0
3beff9926652490023fd0102f6519073,b891ff50cff4c04fb8f0b285637ed1df,pair_dissolved_by_refactoring,signature_changed,signature_changed,1.0,1.0
3beff9926652490023fd0102f6519073,b91d093ba2815884ad19cfed97e714e8,pair_dissolved_by_refactoring,signature_changed,exact,1.0,1.0
3beff9926652490023fd0102f6519073,d30726380f036e104eb09980dae91063,pair_dissolved_by_refactoring,signature_changed,signature_changed,1.0,1.0
3beff9926652490023fd0102f6519073,d7a93f199d81e6879bc547c737bee761,pair_dissolved_by_refactoring,signature_changed,signature_changed,1.0,1.0
3beff9926652490023fd0102f6519073,dac5e832febd89ac1f6cf98e851c4707,pair_dissolved_by_refactoring,signature_changed,signature_changed,1.0,1.0
3c58a88b7d016bc4b2be58f3dd965c28,bab17a6f272462489c157169eba7e9c6,pair_dissolved_by_refactoring,unknown,signature_changed,,0.98
3c5f3c4694b1b828fbb27690afeebcb1,6d352c8f6d077834b735ad3116621285,method_b_deleted,refactored,deleted,0.84,
3c5f3c4694b1b828fbb27690afeebcb1,78c506f776bdd60350344ec0a78455e5,method_b_deleted,refactored,deleted,0.84,
3c6893b7c713673f9a0b41e52b02b26c,ec62e82836e71d7c0d22693c14d08177,pair_dissolved_naturally,exact,exact,1.0,1.0
3c7a90682ffade71ee70f74ba2c69fc9,4c474d64be5d4ff9db79069d89436152,pair_dissolved_naturally,unknown,exact,,1.0
3d3c8c1db41a20205cdef9a24d9eded0,57b36ca588c7d3c3ac3dd6b7fb98ca34,pair_dissolved_naturally,exact,exact,1.0,1.0
3d3c8c1db41a20205cdef9a24d9eded0,b308f0716e0352e194a2d198a0da6d74,pair_dissolved_naturally,exact,exact,1.0,1.0
3d3c8c1db41a20205cdef9a24d9eded0,f22d3085f33f6f3b8b1fa7d289709fc0,pair_dissolved_naturally,exact,exact,1.0,1.0
3d4160ecc957560f4e3dc01c788157ab,848117c6f27b436295f5f7875548aeca,pair_dissolved_naturally,exact,exact,1.0,1.0
3d443c2a1cf7b8ee5bc82743d79e7a6e,511f8892c83e25194c2e3b0a938d09b6,pair_dissolved_naturally,exact,exact,1.0,1.0
3d7d15a78a8d681957188e1c451b10db,6106818a440c0f6dd6f1316afd96a1a0,method_b_deleted,exact,deleted,1.0,
3d9ad16b97f82f51462aa1a7e552fa87,6724bef652798147cb55a2305b7294ed,pair_dissolved_by_refactoring,signature_changed,exact,1.0,1.0
3d9ad16b97f82f51462aa1a7e552fa87,7ccc4c2a73ce7b30105c3d5d59e9109a,pair_dissolved_by_refactoring,signature_changed,signature_changed,1.0,1.0
3d9ad16b97f82f51462aa1a7e552fa87,98f67f40555cd24b6b47213742502ab3,pair_dissolved_by_refactoring,signature_changed,signature_changed,1.0,1.0
3d9ad16b97f82f51462aa1a7e552fa87,9ab0733f3e06f828262ed3a74fbfed54,pair_dissolved_by_refactoring,signature_changed,exact,1.0,1.0
3d9ad16b97f82f51462aa1a7e552fa87,aec6fe392888c827e6de0daba28630c2,pair_dissolved_by_refactoring,signature_changed,signature_changed,1.0,1.0
3d9ad16b97f82f51462aa1a7e552fa87,b891ff50cff4c04fb8f0b285637ed1df,pair_dissolved_by_refactoring,signature_changed,signature_changed,1.0,1.0
3d9ad16b97f82f51462aa1a7e552fa87,d30726380f036e104eb09980dae91063,pair_dissolved_by_refactoring,signature_changed,signature_changed,1.0,1.0
3d9ad16b97f82f51462aa1a7e552fa87,d7a93f199d81e6879bc547c737bee761,pair_dissolved_by_refactoring,signature_changed,signature_changed,1.0,1.0
3d9ad16b97f82f51462aa1a7e552fa87,dac5e832febd89ac1f6cf98e851c4707,pair_dissolved_by_refactoring,signature_changed,signature_changed,1.0,1.0
3e09bd85b05dece38b0072b3f330b896,e66dbcbeca53b9c749b29dae3beb2ae4,pair_dissolved_naturally,exact,exact,1.0,1.0
3e54de61e74c0cdf7fdd6edb274e0b98,bfea8b030dc3efcce290d7fc42771678,pair_dissolved_by_refactoring,refactored,signature_changed,0.8,0.7
3e69af725212f17257f354539a22edaf,6ef56857309e6cfb42e09561100f3443,pair_dissolved_naturally,exact,exact,1.0,1.0
3e69af725212f17257f354539a22edaf,cd419d045b78d8f18c57397b90c0bd68,pair_dissolved_naturally,exact,exact,1.0,1.0
3e985f5c0bedd742736eb45b2a61ea4f,aac640bce686236edb0c158b597a9cf0,pair_dissolved_by_refactoring,signature_changed,signature_changed,0.97,0.98
3e985f5c0bedd742736eb45b2a61ea4f,afb69dd698c2a89817799d9ad4ed8029,pair_dissolved_by_refactoring,signature_changed,signature_changed,0.97,0.98
3e985f5c0bedd742736eb45b2a61ea4f,c2c49e9176a38b8b36f3d8fb0f541fca,pair_dissolved_by_refactoring,signature_changed,signature_changed,0.97,0.98
3eb92c3a3b4b1a58031b7fde8d315a37,fc6c9fd68f08679fcb0c47950a82551c,pair_dissolved_naturally,exact,exact,1.0,1.0
3ed0eb0e77c849e6123026bd8a95a566,ba24db758e8e5c9db15786a5284f009b,pair_dissolved_naturally,exact,exact,1.0,1.0
3f1520dff6ec0cbce7d21e25b3885808,8e6541e5df103bb6d8baa9b51dfaeff8,pair_dissolved_naturally,exact,exact,1.0,1.0
3f19cba013c639a2fc00ff067da6f3cf,4bd31a431c511200ca126fc3e02c6a54,pair_dissolved_naturally,exact,exact,1.0,1.0
3f429cac6d11fdce4483d0578b1ee14d,e0d612d2ea84e954029aca682601ce6f,pair_dissolved_naturally,exact,exact,1.0,1.0
3f4c5110c94402bb4708545420ae68ba,c74c570f57ce2d305fe53f46239c14b4,pair_dissolved_naturally,exact,exact,1.0,1.0
3f50d2af06437c72d285880161da1061,8602f443273d69178fac71ff462e12ba,pair_dissolved_by_refactoring,renamed,renamed,0.97,0.97
3f50d2af06437c72d285880161da1061,9211c7e67f13385718895eb8fef378ac,pair_dissolved_by_refactoring,renamed,renamed,0.97,1.0
3fa1884cfb2e02d690da94aafe6d2840,66eb962007d27d0494eb3ecec239f483,pair_dissolved_naturally,exact,exact,1.0,1.0
3fa1884cfb2e02d690da94aafe6d2840,e693f5a355fd553cf687cafbc89a553b,pair_dissolved_naturally,exact,exact,1.0,1.0
3fb7436a912d67e7df03915d49287648,84ab22a4727fa04b70f5c3a07a98f7e3,pair_dissolved_by_refactoring,exact,signature_changed,1.0,0.98
3fbc7323ca9b51c4e945d0e995e47ffa,bca15554a352cf020d565d4288979134,both_deleted,deleted,deleted,,
3fc75282b4af4eecc42b4bc7aa2466a4,e4ed3892dc1d4a067f7993bd88c8cc39,pair_dissolved_naturally,exact,exact,1.0,1.0
402f502f28559fd39cb15471a2881ed1,690143f8d38db142d7a453eda74e6f2a,pair_dissolved_naturally,exact,exact,1.0,1.0
403dd58e56f3c6120ee11516df563d7d,459b1ab2b672939f4cb4b300e433d31e,pair_dissolved_naturally,exact,exact,1.0,1.0
403dd58e56f3c6120ee11516df563d7d,4dcc95757531865a212b2a89e5c4e63a,pair_dissolved_naturally,exact,exact,1.0,1.0
403dd58e56f3c6120ee11516df563d7d,d79b07a0764d7dbdb8b8195d820e2d3d,method_b_deleted,exact,deleted,1.0,
404ea78a474a3970db1013102568376e,c972ceb32494193b5666c00e8af2fd5c,pair_dissolved_naturally,exact,exact,1.0,1.0
404ea78a474a3970db1013102568376e,eabe4cd0d300e57884aae118e4f9463b,pair_dissolved_naturally,exact,exact,1.0,1.0
404f39122892b5615279b41f05ccf605,406728ccfe3bf393e455e37aa196407e,pair_dissolved_naturally,unknown,exact,,1.0
406728ccfe3bf393e455e37aa196407e,8a3b54c09bd64734761c01ea8b411a37,pair_dissolved_naturally,exact,unknown,1.0,
406d41135a67feb6bf572b3ec6877c36,60676d9c611737e22811bef39eb13d84,pair_dissolved_by_refactoring,signature_changed,signature_changed,1.0,0.98
406d41135a67feb6bf572b3ec6877c36,851e877f6d7ebc0058685f84ea722304,pair_dissolved_by_refactoring,signature_changed,signature_changed,1.0,1.0
406d41135a67feb6bf572b3ec6877c36,8a268dbf90db1aa48e84aadc1bc0d276,pair_dissolved_by_refactoring,signature_changed,signature_changed,1.0,1.0
406d41135a67feb6bf572b3ec6877c36,be91b1f915b4d7ced914e29a7f20ae22,pair_dissolved_by_refactoring,signature_changed,exact,1.0,1.0
406d41135a67feb6bf572b3ec6877c36,fd320b763b8cd3838ce335fc57ed183f,pair_dissolved_by_refactoring,signature_changed,signature_changed,1.0,1.0
407176f767bd979ce88bdc1e663c78f3,e371f5574143d5ee9dcc1d75a0938d92,pair_dissolved_naturally,exact,exact,1.0,1.0
407bb52f77d1e2fd378c76bf085d35b8,49d2a3afc4e3d8695d082ed878082894,pair_dissolved_naturally,exact,exact,1.0,1.0
407bb52f77d1e2fd378c76bf085d35b8,a1cb768f5a9fca764f15a9188af87d63,pair_dissolved_naturally,exact,exact,1.0,1.0
407bb52f77d1e2fd378c76bf085d35b8,b8c748d077c66d9be47fd3cbba3b13c4,pair_dissolved_naturally,exact,exact,1.0,1.0
407bb52f77d1e2fd378c76bf085d35b8,d8fd6dca69af2f3be4732bbf9f459f17,pair_dissolved_naturally,exact,exact,1.0,1.0
40ad56db50c65ef3edb1fd8484e19c97,e4ed3892dc1d4a067f7993bd88c8cc39,pair_dissolved_naturally,exact,exact,1.0,1.0
40eb58e165d93de8f35f31b69e26448e,a077677d118171bc0d13e018c3efdb85,pair_dissolved_naturally,unknown,exact,,1.0
410d4bb4daeb3c2a9004322da9cca537,e66dbcbeca53b9c749b29dae3beb2ae4,pair_dissolved_naturally,exact,exact,1.0,1.0
4114f955b12eb5e63851e76e53798a91,5f009e560a7a3cb516d4703b71cf26bc,pair_dissolved_naturally,exact,exact,1.0,1.0
411d61563927da7a03c52569d1032e61,45ed4750b826625ef1248bb619c40992,pair_dissolved_by_refactoring,signature_changed,exact,1.0,1.0
41313b175bb31d5d24769268c0b98b70,4b52325b845135336260f4fa0f7b51a9,pair_dissolved_naturally,exact,exact,1.0,1.0
41891f6ad8b3a85f8273beda3d29c2c6,977359cd5049f922903e0420326c085b,pair_dissolved_by_refactoring,exact,signature_changed,1.0,1.0
418af8c98f221885981399c33cb7f7d0,6d028552d9b951ba507400700904604d,pair_dissolved_by_refactoring,signature_changed,exact,0.94,1.0
41b4b5c70324993981ecf825a503ca1a,4ae680cf230c48eb7a4115bb082e443e,pair_dissolved_by_refactoring,refactored,refactored,0.82,0.84
41b4b5c70324993981ecf825a503ca1a,990a56f02227c2c8ff7b7e5c5e9d1865,pair_dissolved_by_refactoring,refactored,renamed,0.82,0.93
41b4b5c70324993981ecf825a503ca1a,9b85a325103fed1c44f7cff5507d2cb1,pair_dissolved_by_refactoring,refactored,exact,0.82,1.0
41b4b5c70324993981ecf825a503ca1a,b294f5349dbaefd34f8809211845eca8,pair_dissolved_by_refactoring,refactored,refactored,0.82,0.81
41b4b5c70324993981ecf825a503ca1a,c092596b349426c025a5813ede8296de,pair_dissolved_by_refactoring,refactored,signature_changed,0.82,0.74
41b4b5c70324993981ecf825a503ca1a,c0a5a3e104086432a95b30ebd6dce06c,pair_dissolved_by_refactoring,refactored,refactored,0.82,0.88
41b4b5c70324993981ecf825a503ca1a,e654c8bee92f245d7a28b460cb889b96,pair_dissolved_by_refactoring,refactored,refactored,0.82,0.89
41b4b5c70324993981ecf825a503ca1a,eb9152a5f5535fc4c2813fcb3a901ef9,pair_dissolved_by_refactoring,refactored,refactored,0.82,0.8
41bb11c7ef1df9012ee717ed195a12d7,d13c55bbe87a079e8cbb7eb8164bf622,pair_dissolved_by_refactoring,signature_changed,exact,1.0,1.0
41bd12b73f3a4d5973fcd88a17437b68,feccee7cd8230e987b00c9568d236d27,pair_dissolved_naturally,exact,exact,1.0,1.0
41f43c7c7bd7249604210af9ce3141ad,c27e852f9a911e6ec3703ddb656be899,pair_dissolved_naturally,exact,unknown,1.0,
420abbf96bcb3dc7896051316c262bfc,f125a30576348016cc9739bd2050aceb,pair_dissolved_by_refactoring,exact,signature_changed,1.0,0.96
420bb3ae0a0c391e92f3936547ab19dc,e88202d4c36e948a93df5b432c011402,pair_dissolved_by_refactoring,exact,signature_changed,1.0,0.99
4292f6d34990543d85daa699184d0306,6106818a440c0f6dd6f1316afd96a1a0,method_b_deleted,exact,deleted,1.0,
42c3893c21e275e16f0760c78470f247,42c3893c21e275e16f0760c78470f247,pair_dissolved_by_refactoring,signature_changed,signature_changed,0.92,0.92
42c3893c21e275e16f0760c78470f247,f7bfda1132c53ce9b1a9d95dcec94008,pair_dissolved_by_refactoring,signature_changed,signature_changed,0.92,0.92
42daf32ae8719d1cf86eb148397b6b51,436732ec571201b516b1f587d663b451,pair_dissolved_naturally,exact,exact,1.0,1.0
42daf32ae8719d1cf86eb148397b6b51,4e3e359b9b7efa65d8ae421d075de445,pair_dissolved_naturally,exact,exact,1.0,1.0
42daf32ae8719d1cf86eb148397b6b51,f457098a21713ecaa9d7b460d9e376fc,pair_dissolved_naturally,exact,exact,1.0,1.0
42fb673f328721b32b10fde896e18987,92a84b0aeb21b7114b206e71095b2b66,pair_dissolved_naturally,exact,exact,1.0,1.0
42fd8bbc326af3fc5dc4b33a1152b7a6,44091014ac0b649f75661d0a30584bec,pair_dissolved_naturally,exact,exact,1.0,1.0
42fd8bbc326af3fc5dc4b33a1152b7a6,5659d850e294a9e2203b24458856a442,pair_dissolved_naturally,exact,exact,1.0,1.0
42fd8bbc326af3fc5dc4b33a1152b7a6,8ef47211d429c90c96f387b598184af0,pair_dissolved_naturally,exact,exact,1.0,1.0
42fd8bbc326af3fc5dc4b33a1152b7a6,997d422dff2b023b3d83c618c41bb5cf,pair_dissolved_naturally,exact,exact,1.0,1.0
43b0f8ae67664dc279c1571be15edd8a,708b5d5dc990955ea9cc5743c0d85174,pair_dissolved_naturally,exact,exact,1.0,1.0
4400a250ec7867e3a8cf035fff87e5de,660c2100f302fc0e2a8d64e3e0df9871,pair_dissolved_by_refactoring,signature_changed,signature_changed,0.97,0.8
4400a250ec7867e3a8cf035fff87e5de,6ecc5b3becabe22f4ab6c0942b05b37b,pair_dissolved_by_refactoring,signature_changed,signature_changed,0.97,0.97
4400a250ec7867e3a8cf035fff87e5de,90c148f834597f2f97c936695ac69d1f,pair_dissolved_by_refactoring,signature_changed,exact,0.97,1.0
4400a250ec7867e3a8cf035fff87e5de,d728a5647e313633d010be5885052cee,pair_dissolved_by_refactoring,signature_changed,signature_changed,0.97,0.99
4400a250ec7867e3a8cf035fff87e5de,e2f5d11724f9e302fea584c778c80059,pair_dissolved_by_refactoring,signature_changed,signature_changed,0.97,0.97
44091014ac0b649f75661d0a30584bec,5659d850e294a9e2203b24458856a442,pair_dissolved_naturally,exact,exact,1.0,1.0
44091014ac0b649f75661d0a30584bec,8ef47211d429c90c96f387b598184af0,pair_dissolved_naturally,exact,exact,1.0,1.0
441d32e5259497749983eb99a294f09d,cdde009069fe742ab6ae9d9eeec57cb2,method_b_deleted,exact,deleted,1.0,
445cffea1ccd925b862479de793bdcb1,a45d0bb0f6b8ef11a0fcf9be9e9fcbd7,pair_dissolved_naturally,exact,exact,1.0,1.0
445cffea1ccd925b862479de793bdcb1,cb2c04ce11501b9aa4e22209ca37b5cd,pair_dissolved_naturally,exact,exact,1.0,1.0
445d8064620a5bac87d2b327e5f689ff,d79b07a0764d7dbdb8b8195d820e2d3d,method_b_deleted,exact,deleted,1.0,
44891ec73931807b40f1df7e4788ff4e,a1fff7d86af5b740cd3d998ce80ff277,pair_dissolved_by_refactoring,moved,unknown,0.92,
44891ec73931807b40f1df7e4788ff4e,e7c8b06aff677286a607f0b7aceb692f,pair_dissolved_by_refactoring,moved,signature_changed,0.92,0.75
44fe52956d8169204aeaaad444b12460,ae0715446fba59cda8c3f675c8c6ba4f,pair_dissolved_naturally,exact,exact,1.0,1.0
4500d2db3204c8629eaebef9628344a3,71eae42700b3fed40304829b7e12c6db,pair_dissolved_naturally,exact,exact,1.0,1.0
450869be5a907d98de6cfdec6b95c4c4,8ec695ec75cf9873407285cc9976566c,pair_dissolved_naturally,exact,exact,1.0,1.0
450869be5a907d98de6cfdec6b95c4c4,99e381df19c78ddb4a1c7311a4579f4a,pair_dissolved_naturally,exact,exact,1.0,1.0
450869be5a907d98de6cfdec6b95c4c4,af838f4b4d8493003022163d62c58bfc,pair_dissolved_naturally,exact,exact,1.0,1.0
45708d012981b88f67da4f903b366f1b,48690aadbad1d3a4829be6a83a6d3c85,pair_dissolved_naturally,exact,exact,1.0,1.0
457ad947c820bfec7c4b45abc6cf5a0a,b568e66b0b16a8d6a033d8668d5f8909,pair_dissolved_by_refactoring,unknown,signature_changed,,0.88
45ad23ca2c6422198372c21e84ed9b94,661a44a3ca1811c6600f7a77f40842b5,pair_dissolved_naturally,exact,exact,1.0,1.0
45b766612214c5cafd8f559cab1098cf,8ac4ade24134ad8fa76223375a7f3840,pair_dissolved_by_refactoring,signature_changed,signature_changed,0.94,0.92
45f092b5a4d97904ccefed96dbc9b92f,61abacb610fdcdf270a287e6ef4cd398,pair_dissolved_naturally,exact,exact,1.0,1.0
462aaf43f8883fe94850a43d2aa3d5bf,c79be811e00916991a1dae84fad03145,method_b_deleted,exact,deleted,1.0,
4646c989ef735f94f46ef095828efab5,51f1f72ee3b555b7b8cbe7ecb0a78269,pair_dissolved_by_refactoring,signature_changed,exact,0.95,1.0
4646c989ef735f94f46ef095828efab5,6466578d8759d4e0b2d62e1e13b8e000,pair_dissolved_by_refactoring,signature_changed,exact,0.95,1.0
4646c989ef735f94f46ef095828efab5,981a8da3e55b650817e70f072a380b81,pair_dissolved_by_refactoring,signature_changed,signature_changed,0.95,0.95
466523d252e5086350937e97d6b4fd7e,6106818a440c0f6dd6f1316afd96a1a0,method_b_deleted,exact,deleted,1.0,
4689fad5a29e541e0d519cdca879a090,fa2f9579f98e6fc828a16b138496bc14,pair_dissolved_by_refactoring,signature_changed,signature_changed,0.98,0.95
46b31a7846073be3b540a8097743bcad,7862c8a3eb5f120ea8fea19f221b1bff,pair_dissolved_by_refactoring,signature_changed,signature_changed,0.98,0.98
46b453ff376a48898a660bc0e8590526,57b36ca588c7d3c3ac3dd6b7fb98ca34,pair_dissolved_naturally,exact,exact,1.0,1.0
46b453ff376a48898a660bc0e8590526,b308f0716e0352e194a2d198a0da6d74,pair_dissolved_naturally,exact,exact,1.0,1.0
46b453ff376a48898a660bc0e8590526,f22d3085f33f6f3b8b1fa7d289709fc0,pair_dissolved_naturally,exact,exact,1.0,1.0
46bb2cf29ef8fa800eff99274b8f552f,a6adb67f423bc196934b38df9d3dde07,pair_dissolved_by_refactoring,signature_changed,exact,0.72,1.0
46bb2cf29ef8fa800eff99274b8f552f,caa7e7e1006d831856255c5650dce1a3,pair_dissolved_by_refactoring,signature_changed,signature_changed,0.72,0.83
46debb830c63aaa9c76042f460447d9e,a9fa6e150497cb97041761da9e54263e,pair_dissolved_naturally,exact,exact,1.0,1.0
46ecddf8954b0a73163280d91f13330d,7ce775f893f1c9d3c0ea2f9b2a08a482,pair_dissolved_by_refactoring,exact,signature_changed,1.0,0.99
46ecddf8954b0a73163280d91f13330d,abbd27c8c31b609a6e8d1483ff668864,pair_dissolved_by_refactoring,exact,signature_changed,1.0,1.0
46fadfc08bd049a0f7e5365851d13506,ebd186a0245c18fdc6cdcf06cdf6691e,pair_dissolved_naturally,exact,exact,1.0,1.0
471472c2e342ff08bccb59ce6528c22f,826c0cf6c3fb4798c5687d9e4a984103,pair_dissolved_naturally,exact,exact,1.0,1.0
4730b646c623eb6d2a5e5b3926c30889,4e27898d8cf531ef6d11ec56a736acbf,pair_dissolved_by_refactoring,exact,signature_changed,1.0,0.97
474bbb0436e0498a356845cf460b0b4f,6bd4615ad71c9289c47ee4ad2c32f5d3,pair_dissolved_naturally,exact,exact,1.0,1.0
474bbb0436e0498a356845cf460b0b4f,6d01d72f9fb806ed364518b3925bc587,pair_dissolved_naturally,exact,exact,1.0,1.0
474bbb0436e0498a356845cf460b0b4f,a333a56745f7c84cd24481cc94b600c9,pair_dissolved_naturally,exact,exact,1.0,1.0
47707e2bdeaae593fac195453305b467,9c722e2cf5d8a745ac6b57da08682b5d,pair_dissolved_naturally,exact,exact,1.0,1.0
47707e2bdeaae593fac195453305b467,a6b01c68a23ead4c594c68c6293d6b3b,pair_dissolved_naturally,exact,exact,1.0,1.0
47bbee6e55fe8ba523d8a3f16c5e0c70,6eea65c8394176ee16a6b0f06376da1f,method_b_deleted,signature_changed,deleted,0.89,
47c0f62e2de8530398fa4e79b438aa06,6c04224139cd84bdcecc56db3ca9f1aa,pair_dissolved_naturally,exact,exact,1.0,1.0
47c0f62e2de8530398fa4e79b438aa06,c3053a209f48eeddd0a022692df77dbf,pair_dissolved_naturally,exact,exact,1.0,1.0
47f6d3ca01bc972ae58f4f6776946540,b08eba5851b30beded4635cad34224b5,pair_dissolved_naturally,exact,exact,1.0,1.0
47f6d3ca01bc972ae58f4f6776946540,be01d986978c7e75b6b5aeec522e1a49,pair_dissolved_naturally,exact,exact,1.0,1.0
4809576efb35fcc0c448e46d01b7eac8,71ebc4db8b507f89c8b09536f786f2e4,pair_dissolved_naturally,exact,exact,1.0,1.0
482b649952347f5fd5a089ef8e220114,48b1b183502888a397dc2df6e4ce3439,pair_dissolved_naturally,exact,exact,1.0,1.0
484db4e9b48b3d382d434942faea7765,50f1a0532f87eb1e4aad4ed7b4706481,pair_dissolved_naturally,unknown,unknown,,
484db4e9b48b3d382d434942faea7765,5ee3ead9b71b7e79890ccaed9a4fead3,pair_dissolved_naturally,unknown,exact,,1.0
484db4e9b48b3d382d434942faea7765,9d82905aa9ba5766b177aeeedb046972,pair_dissolved_naturally,unknown,unknown,,
484db4e9b48b3d382d434942faea7765,e21862e4a051a3fe2f3b3338a7daef05,pair_dissolved_by_refactoring,unknown,signature_changed,,0.96
484db4e9b48b3d382d434942faea7765,e89e3e32e1c2b39155eae2035b553d65,pair_dissolved_naturally,unknown,unknown,,
484db4e9b48b3d382d434942faea7765,f9f0c1317a05deeffd96622e5bf50a8f,pair_dissolved_by_refactoring,unknown,signature_changed,,0.97
487bfefa0bf0c37de4bdf644f3ed6a50,e1867e6ec39d9749e6b82162c999d85c,pair_dissolved_by_refactoring,signature_changed,signature_changed,0.97,0.96
4890c9feffd515b833b76514d7789b63,658154c03d14d18739618b0d5f632ace,pair_dissolved_naturally,exact,exact,1.0,1.0
48b1b183502888a397dc2df6e4ce3439,d18096d174b35a0a404dd4ee3e103916,pair_dissolved_naturally,exact,exact,1.0,1.0
48b1b183502888a397dc2df6e4ce3439,f2e39fe6699bd1808eb7416cadbf326e,pair_dissolved_naturally,exact,exact,1.0,1.0
48b1b183502888a397dc2df6e4ce3439,f430042104cce5cd0001ec50b768a8bb,pair_dissolved_naturally,exact,exact,1.0,1.0
48b1b183502888a397dc2df6e4ce3439,f8686b6bb5a8c2193ca210850b8105ab,pair_dissolved_naturally,exact,exact,1.0,1.0
48c4452577e897853f4e882a79407dff,97c9058db48b3572c18878b2e2018551,pair_dissolved_naturally,exact,exact,1.0,1.0
48c4452577e897853f4e882a79407dff,f5d554fbd66b6e226f28d0fe7a25d6e4,pair_dissolved_naturally,exact,exact,1.0,1.0
48d7105e013c185a2ecbc0e9f7de0ec6,6ba831a0daf26c56c80ce86270fe2495,method_a_deleted,deleted,refactored,,0.79
48d7105e013c185a2ecbc0e9f7de0ec6,8dbb077c914fd91e6ce783a0cb5663d8,method_a_deleted,deleted,refactored,,0.87
48f01e59b18880b30d0c363dac69e95a,7849c6d7f3f984337831c5f4f72bfbde,pair_dissolved_by_refactoring,unknown,signature_changed,,0.72
48ffd1af6be8f56af5684d48f6a58ef5,55c3c6daf95b1b5a1f705606ba70e3e8,pair_dissolved_by_refactoring,signature_changed,signature_changed,0.97,0.97
48ffd1af6be8f56af5684d48f6a58ef5,571794b57ed1d30290d78295efa478e6,pair_dissolved_by_refactoring,signature_changed,signature_changed,0.97,0.98
48ffd1af6be8f56af5684d48f6a58ef5,6a4f1ee6548504e3c1b3ecde5d70adce,pair_dissolved_by_refactoring,signature_changed,signature_changed,0.97,0.97
48ffd1af6be8f56af5684d48f6a58ef5,79cf4092befcd7b1c74be4d384fb2496,pair_dissolved_by_refactoring,signature_changed,signature_changed,0.97,0.97
48ffd1af6be8f56af5684d48f6a58ef5,896f9dee05c5715f080add939e6ea561,pair_dissolved_by_refactoring,signature_changed,signature_changed,0.97,1.0
48ffd1af6be8f56af5684d48f6a58ef5,957cb681556029aa5926d285f1dd8e36,pair_dissolved_by_refactoring,signature_changed,signature_changed,0.97,0.97
48ffd1af6be8f56af5684d48f6a58ef5,a469e0a39cf45d6a99feac0b6ec85214,pair_dissolved_by_refactoring,signature_changed,signature_changed,0.97,1.0
48ffd1af6be8f56af5684d48f6a58ef5,fb5ae45a449ab802fdddfecba4b05088,pair_dissolved_by_refactoring,signature_changed,signature_changed,0.97,0.97
491834ee2d3be4f5d661eb78463cc529,7755d37022c70d726f526fadac4a900e,pair_dissolved_naturally,exact,exact,1.0,1.0
491834ee2d3be4f5d661eb78463cc529,d3adbe174077081373c0259262d72b56,pair_dissolved_naturally,exact,exact,1.0,1.0
494ac73c1f965f34fbe5201602c14866,b8f201cb5a512eddaabf2ff1b451b1d0,pair_dissolved_by_refactoring,exact,moved,1.0,1.0
497df865b641c79ca7e741873bbc1f26,6d252cdc8a1954c2255841a9f60f7b25,pair_dissolved_by_refactoring,signature_changed,signature_changed,0.93,0.9
497df865b641c79ca7e741873bbc1f26,7913ed43a4ea1e104b311088d4f0e297,pair_dissolved_by_refactoring,signature_changed,signature_changed,0.93,0.93
497df865b641c79ca7e741873bbc1f26,bfbeda2a3d60c5c345fd6582efdfb83a,pair_dissolved_by_refactoring,signature_changed,signature_changed,0.93,0.95
497df865b641c79ca7e741873bbc1f26,d23f61f927b07d1735bc27b2407ce464,pair_dissolved_by_refactoring,signature_changed,signature_changed,0.93,0.97
497df865b641c79ca7e741873bbc1f26,ec1ac786a90b9e815ea7a71a0bc22be1,pair_dissolved_by_refactoring,signature_changed,signature_changed,0.93,0.93
49b7166a38de4e174b05ecd2a3a0b389,62cb25ce3c21556b94942d1f3265a819,pair_dissolved_by_refactoring,signature_changed,signature_changed,0.97,1.0
49ca467ba7ed42f95b18aa54d11da4df,f293097bf5a85d22942127cd2416b289,pair_dissolved_naturally,unknown,exact,,1.0
49d2a3afc4e3d8695d082ed878082894,b8c748d077c66d9be47fd3cbba3b13c4,pair_dissolved_naturally,exact,exact,1.0,1.0
49ef19891c1e5347c0e7ea3c5ab0ed4b,4c5799497f415a03406e5033ddc81029,pair_dissolved_naturally,exact,exact,1.0,1.0
4a34a4c433117a3d0af8685035b147b8,9ef3873d1e95b89b40e7c20bba9e6ac4,pair_dissolved_naturally,exact,exact,1.0,1.0
4a4a896403f3205d1fb9aa780551042d,e20c0811325f60cb1882a38acc055481,method_b_deleted,exact,deleted,1.0,
4a65d0c294e8f8f7ea5f0195a2d9f674,60d3268c7d80aef3df7d33ec8ef1698f,pair_dissolved_naturally,exact,exact,1.0,1.0
4a9f03ec76ffcf32b1f85d99d21bb2dd,b308f0716e0352e194a2d198a0da6d74,pair_dissolved_naturally,exact,exact,1.0,1.0
4ab74dd7b7bb4db34ed9350910ea30a8,f97f3137dd22fd2f83ebac08f95cc524,pair_dissolved_by_refactoring,exact,signature_changed,1.0,0.98
4ae680cf230c48eb7a4115bb082e443e,b294f5349dbaefd34f8809211845eca8,pair_dissolved_by_refactoring,refactored,refactored,0.84,0.81
4ae680cf230c48eb7a4115bb082e443e,c092596b349426c025a5813ede8296de,pair_dissolved_by_refactoring,refactored,signature_changed,0.84,0.74
4ae680cf230c48eb7a4115bb082e443e,cb69c37d937c69913127ed5dc287c29e,pair_dissolved_by_refactoring,refactored,refactored,0.84,0.83
4ae680cf230c48eb7a4115bb082e443e,eb9152a5f5535fc4c2813fcb3a901ef9,pair_dissolved_by_refactoring,refactored,refactored,0.84,0.8
4b2ae5f0dfb2fc777639feb22c7f2c2c,afb79911e4eb775a9b68883fd351d4e0,pair_dissolved_naturally,exact,exact,1.0,1.0
4b53f6b4beb2a70b7d1606e8b1cf1458,cc70b601997ee935d84a0a4a627eb0ab,method_b_deleted,moved,deleted,1.0,
4b61463e527782ebefbb927926247812,dec2a615d76dd9577a8f3750d9a073c6,pair_dissolved_by_refactoring,signature_changed,signature_changed,0.89,0.9
4b91540d0446736583a73489cf144990,bc9423a55a3cb700bef52aa3201a2ecb,pair_dissolved_naturally,exact,exact,1.0,1.0
4bb719ff166434fd27801c7afb59a900,a63a9c3868bf2ae23b4e898be9c00d14,pair_dissolved_naturally,exact,exact,1.0,1.0
4bb719ff166434fd27801c7afb59a900,fcfe11a28be456d45146dfaf0ec4e130,pair_dissolved_naturally,exact,exact,1.0,1.0
4bd31a431c511200ca126fc3e02c6a54,ab2f656070a634b33e6ccd97870b6ca6,pair_dissolved_naturally,exact,exact,1.0,1.0
4bee43efb9276891896135d0f747afb4,da33d9921e3d2cf3f036a0814893c51d,pair_dissolved_by_refactoring,exact,signature_changed,1.0,0.99
4c16f83d19c0aa3445d2d133a38d7efe,f5b8373ff7d56f503cc9f2f8a598e8d2,pair_dissolved_naturally,exact,exact,1.0,1.0
4c55d424a8b6275081b0809af227cc3f,967306b158858c6d177d1837f5857ded,pair_dissolved_naturally,exact,exact,1.0,1.0
4c5799497f415a03406e5033ddc81029,f2ba502d116d194bdb4480e3f0c7c76a,pair_dissolved_naturally,exact,exact,1.0,1.0
4cccfa1cda6c878333e59f313fc7bc05,ad32d77051754ab9f8fa6e257f95d393,method_a_deleted,deleted,moved,,1.0
4d71f3303115a162cf3fb60223714473,5b696b65ee379f729e09d49aa175a186,pair_dissolved_naturally,exact,exact,1.0,1.0
4d8e1f4cb25c5f86a80507b0e484d551,9768c104ebc9f6baf18c77456bc46992,pair_dissolved_naturally,exact,exact,1.0,1.0
4da9641402776cdbe3d37d216d0f683b,ba81f0dfa5f0678f48836bea949501e3,pair_dissolved_naturally,exact,exact,1.0,1.0
4da9641402776cdbe3d37d216d0f683b,cfc1202b14eda105297bcbc8cd6442ec,pair_dissolved_by_refactoring,exact,signature_changed,1.0,0.99
4dba67a995f16aa388859bff4b91225a,f715cb7239a2b978883c3f61cfba7d58,pair_dissolved_naturally,exact,exact,1.0,1.0
4dc3b6e64dea12240ceb11f7870a6baf,dbe736e78fed3b0f4703c4ce05472b7e,pair_dissolved_naturally,exact,exact,1.0,1.0
4dca5538d75769c22470df55653ae683,c81514fd44d24bcbe33b31f22ffd172d,pair_dissolved_naturally,exact,exact,1.0,1.0
4df942a5ad472f984c6770a179bca905,71c2d69fbdb5e530d2a07ea5cdea5f57,pair_dissolved_by_refactoring,signature_changed,signature_changed,0.89,0.79
4e3e359b9b7efa65d8ae421d075de445,73e11f5cab9db02844dbf1c9c18b4ae6,pair_dissolved_naturally,exact,exact,1.0,1.0
4e6d196a1a59ca3184fb47644a345ffb,7a3343c6bee437af4c1d5420328fc083,pair_dissolved_naturally,exact,exact,1.0,1.0
4e7b61953119714b65dbc544d47b5a3e,d007bb82a54249a531b7eb21b55d9ab2,pair_dissolved_by_refactoring,signature_changed,signature_changed,0.91,0.95
4e9c33a42bf2db6cc0aff402f7ef7bab,b8120732c3a0837e3d7166ac8219fdd1,pair_dissolved_naturally,exact,exact,1.0,1.0
4e9c33a42bf2db6cc0aff402f7ef7bab,d03a5cfc7a448682155eca0a76ad4eb1,pair_dissolved_naturally,exact,exact,1.0,1.0
4ee883691bab338e305af391ba9e2e9f,7da35253dce8e2cbe8e9d004ad94ad3b,pair_dissolved_by_refactoring,exact,signature_changed,1.0,1.0
4efdf242c3c186e786f08698d82058b4,f9026375b462bc1a5321d03b62f0be1b,pair_dissolved_by_refactoring,signature_changed,exact,1.0,1.0
4f134ceb31ec612c1ea6241de4328457,9af2d0f6c273fa5cabb89876b42fc504,pair_dissolved_naturally,exact,exact,1.0,1.0
4f2c7efd435a44c5f632a4df0633cb0f,f2a8605494fe2deb1089178afcf5638f,pair_dissolved_naturally,exact,exact,1.0,1.0
4f3e286957f9834e1f0565b76422f191,72133e1630af025aeeafb21e60cefe14,pair_dissolved_naturally,exact,exact,1.0,1.0
4f6cd552b8ee95f7920054faf46c3872,b8f201cb5a512eddaabf2ff1b451b1d0,pair_dissolved_by_refactoring,exact,moved,1.0,1.0
4f9136a14b1f99a84a8c5f46c2849c26,df69a1147884cfea96c89770de4cc32f,pair_dissolved_naturally,exact,exact,1.0,1.0
4fb755999e46cbe64ef59e96ab5396ce,b018b7afa024cc25d0b229d350a25fc2,pair_dissolved_naturally,exact,exact,1.0,1.0
4fffbe70f507bb94d332981ea679977e,ba440406c822e2fbaad76d1f3c3061d9,pair_dissolved_naturally,exact,exact,1.0,1.0
5006b5be46da6f9e8634dbdac4efb46f,8bde612e547d9d0d608a7ddceb5e79ab,pair_dissolved_naturally,exact,exact,1.0,1.0
504e481682107fb13361cb852abf65ad,6a512813f848c9abf6cb15fdc8764c14,pair_dissolved_naturally,exact,exact,1.0,1.0
5054a265a3900f4453b6d4c1270e6492,5fda851fba9971a78e5df172224bb044,pair_dissolved_by_refactoring,signature_changed,signature_changed,0.95,0.97
50587c9a8c67b004aae59730eef23bdc,f9f0c1317a05deeffd96622e5bf50a8f,pair_dissolved_by_refactoring,unknown,signature_changed,,0.97
50ab86bab6b34d543ea4a2d5f06bdd70,746cf12bc538eea7466564f6680eed8e,pair_dissolved_by_refactoring,renamed,exact,0.99,1.0
50ab86bab6b34d543ea4a2d5f06bdd70,a615c6ae891c34fa812d47472f712caa,pair_dissolved_by_refactoring,renamed,exact,0.99,1.0
50ab86bab6b34d543ea4a2d5f06bdd70,d3ec3b9c57a2be16ae33e15c7387fc30,pair_dissolved_by_refactoring,renamed,exact,0.99,1.0
50b31b9945e7ed1cd7a996dbc57663c0,dc34f04e2cdaff0bd05e70625a1bbeee,pair_dissolved_by_refactoring,signature_changed,signature_changed,0.77,0.78
50c02e33f18b2ea698be9302d492d82e,a5049a19faa59c944d8c13e4b9909ee3,pair_dissolved_naturally,exact,exact,1.0,1.0
50cb857452bfc1b8625994499a9a74b0,fa14fe8e7b12219ac221efdd2674905e,pair_dissolved_naturally,exact,exact,1.0,1.0
50f1a0532f87eb1e4aad4ed7b4706481,5ee3ead9b71b7e79890ccaed9a4fead3,pair_dissolved_naturally,unknown,exact,,1.0
50f1a0532f87eb1e4aad4ed7b4706481,9d82905aa9ba5766b177aeeedb046972,pair_dissolved_naturally,unknown,unknown,,
50f1a0532f87eb1e4aad4ed7b4706481,9e3a534ca9063349dbf92463ccf35f62,pair_dissolved_naturally,unknown,exact,,1.0
50f1a0532f87eb1e4aad4ed7b4706481,e21862e4a051a3fe2f3b3338a7daef05,pair_dissolved_by_refactoring,unknown,signature_changed,,0.96
50f1a0532f87eb1e4aad4ed7b4706481,e89e3e32e1c2b39155eae2035b553d65,pair_dissolved_naturally,unknown,unknown,,
50f4c452f4b525d97b638b36ac8909a1,da48f8a01b361e23514199914feba990,both_deleted,deleted,deleted,,
50f4c452f4b525d97b638b36ac8909a1,fe45c2af27a38917e6c207551c789a0c,method_a_deleted,deleted,refactored,,0.84
50f6c2108582ac1d4513daea2e99d733,c1f131e89748e504f10a3c1229e21dba,method_b_deleted,signature_changed,deleted,0.76,
512ac532f253dbb79fbdd3ccdf2fbea7,66ecf7e118d4a3e883884f61f845e097,pair_dissolved_naturally,exact,exact,1.0,1.0
518657c84f4e01e1cb4b4b03d5b42cfe,d03fdacf9ad6fc4275756d564cdc30fe,pair_dissolved_by_refactoring,signature_changed,signature_changed,0.93,0.91
518657c84f4e01e1cb4b4b03d5b42cfe,d70229b3241985cfe9d5a507e402c3b0,pair_dissolved_by_refactoring,signature_changed,exact,0.93,1.0
519a9a465c7da19668b11e2a11171fd6,8040e570681784bfcee3714a6944de45,pair_dissolved_naturally,exact,exact,1.0,1.0
519a9a465c7da19668b11e2a11171fd6,9a4b5f8ca8cf8d72dc9f8df32dd936c8,pair_dissolved_naturally,exact,exact,1.0,1.0
519ad25c3f52c93b24e4a1450a59c9a7,9ce13cd3690bd688a4272a98fc8be52d,pair_dissolved_by_refactoring,moved,moved,0.91,0.9
51cdfa0e460ba51fbe7729d36f7db83a,5c198291ceb61ff14f168d75c5418dbc,pair_dissolved_naturally,exact,exact,1.0,1.0
51cdfa0e460ba51fbe7729d36f7db83a,8ba9e69fca5cd10e46b8f287a42c5fe6,pair_dissolved_naturally,exact,exact,1.0,1.0
51eb79fc9c873abd887bf818b4f70b8a,95a10e0acc4d99749e9dff724725306d,pair_dissolved_naturally,exact,unknown,1.0,
51f1f72ee3b555b7b8cbe7ecb0a78269,981a8da3e55b650817e70f072a380b81,pair_dissolved_by_refactoring,exact,signature_changed,1.0,0.95
520a7b7274f5cd86b0e3ccb42b3aa8db,9cb271ae7f9087bc139b988271c8efed,pair_dissolved_by_refactoring,signature_changed,exact,0.92,1.0
520a7b7274f5cd86b0e3ccb42b3aa8db,cc9d87a41ba899bd648eb5196289a000,pair_dissolved_by_refactoring,signature_changed,exact,0.92,1.0
52494fe6b6d182df049930d0039a20db,6c59ee31b2e4a1f29864fe18d902ad16,pair_dissolved_by_refactoring,unknown,signature_changed,,0.98
524b78c63a033312536a77c1f1a6630c,638537076059cd196f1155ac2f797b5e,pair_dissolved_by_refactoring,signature_changed,exact,0.96,1.0
5292ffaf3700864bc3a1d01b9a229811,6724bef652798147cb55a2305b7294ed,method_a_deleted,deleted,exact,,1.0
5292ffaf3700864bc3a1d01b9a229811,690e25d903eb9269dc41f02478a91086,method_a_deleted,deleted,exact,,1.0
5292ffaf3700864bc3a1d01b9a229811,7605191016513ee1313439ee6155c7dd,method_a_deleted,deleted,refactored,,0.76
5292ffaf3700864bc3a1d01b9a229811,85545c63565b1c93190b3489e6eda741,method_a_deleted,deleted,exact,,1.0
5292ffaf3700864bc3a1d01b9a229811,9ab0733f3e06f828262ed3a74fbfed54,method_a_deleted,deleted,exact,,1.0
5292ffaf3700864bc3a1d01b9a229811,a5f6717f0de6f8966a08333c93701692,method_a_deleted,deleted,exact,,1.0
5292ffaf3700864bc3a1d01b9a229811,b91d093ba2815884ad19cfed97e714e8,method_a_deleted,deleted,exact,,1.0
5292ffaf3700864bc3a1d01b9a229811,fefa5313d148ee7323535326be078429,method_a_deleted,deleted,signature_changed,,1.0
52b66cf1e60b47271c71d02e8f17c099,7d5f51d73c813088d129fdf18d3fbc77,pair_dissolved_naturally,exact,exact,1.0,1.0
52b66cf1e60b47271c71d02e8f17c099,c6adc25c4c273f6620aae4b35103c6b5,pair_dissolved_naturally,exact,exact,1.0,1.0
52b66cf1e60b47271c71d02e8f17c099,cf41f4a9ba7418f0748fc49e34e2f1db,pair_dissolved_naturally,exact,exact,1.0,1.0
52b66cf1e60b47271c71d02e8f17c099,f3ed69e940ac0319d10ce57c6ca7b010,pair_dissolved_naturally,exact,exact,1.0,1.0
52b66cf1e60b47271c71d02e8f17c099,fab52da9f3a1fdfe6c4a2e912c7e48bd,pair_dissolved_naturally,exact,exact,1.0,1.0
5334377ba80a9a434bb2c736180107ff,587208fff460fbca729f5c7118a21856,pair_dissolved_by_refactoring,signature_changed,signature_changed,0.99,1.0
5350bddf6dd1abb1c328c48406be1396,57403c81c82de78f86790b53eab5e9ae,pair_dissolved_by_refactoring,refactored,unknown,0.75,
5350bddf6dd1abb1c328c48406be1396,7ce63a77b8e4cf0cfdde8fc437a29811,pair_dissolved_by_refactoring,refactored,exact,0.75,1.0
53678a1d52f5cbf83cb70922dba0a051,8c5566d60f2caea24956c6d7e5c7c925,pair_dissolved_naturally,exact,exact,1.0,1.0
53678a1d52f5cbf83cb70922dba0a051,d91812848f1c8cce7a3040a616fd64d3,pair_dissolved_naturally,exact,exact,1.0,1.0
53c268537a22cd09be86f64b04dd5c27,9871d94db4d61c0d7189d11ff68c797b,pair_dissolved_by_refactoring,exact,signature_changed,1.0,0.99
53f3c2d7b7827de0a99996e107ca1f1e,5a2ec4e4f43797c5780d7b8e4dbc83fd,pair_dissolved_naturally,exact,exact,1.0,1.0
53f3c2d7b7827de0a99996e107ca1f1e,8483d58ebb8709a8a61b2fd58206c5fc,pair_dissolved_naturally,exact,exact,1.0,1.0
5412ed8d0075d3b3e943ffd40005fe5c,6b57f4431c74a13292d066feff6112ee,pair_dissolved_naturally,exact,exact,1.0,1.0
5428b8c7f348baa722c276b18789d101,ead2bcb44986f4a2ab047a7ee395c300,pair_dissolved_naturally,exact,exact,1.0,1.0
547257277b647a2c2121357cabaf47a4,98c179c4ec41a75878083d5ee3215f0f,pair_dissolved_by_refactoring,exact,signature_changed,1.0,0.8
54abfeec7c8d3428de5373d2489f87b4,f4ab1cdff663b6d8fee953d176b03956,pair_dissolved_naturally,unknown,unknown,,
54da7f0ba003e79f098fe7e1c95bb812,c1f131e89748e504f10a3c1229e21dba,method_b_deleted,signature_changed,deleted,0.92,
54e34b7944b7da7084d9cdd49e342e02,f72a4de9ccd5c96fd0c30ce48a5936d5,pair_dissolved_by_refactoring,exact,signature_changed,1.0,0.97
550b6aa98aee27d505602c90d46e0757,75773e5a858d944077273ceada5a17a8,pair_dissolved_by_refactoring,signature_changed,exact,1.0,1.0
5521ff8f62f8442de784c8f43df5eadb,88c4cf07bf4ab99ac4248e8ebcd94077,pair_dissolved_naturally,exact,exact,1.0,1.0
5521ff8f62f8442de784c8f43df5eadb,93db37bdaf53a89efb839827767d7892,method_b_deleted,exact,deleted,1.0,
5528b853f7b7f327ea1db716091394b4,e3cc48136eec84b01a127c6c53624a80,pair_dissolved_naturally,exact,exact,1.0,1.0
554841e2afb85f0787ce5fd014208f09,8a351e82608629819b213085990d3d42,pair_dissolved_by_refactoring,signature_changed,signature_changed,0.93,0.79
557b605d5ed7c89a67137aa656cc6b3d,b8e2eb4e652bb5bde1cd6fcd14d6d3aa,pair_dissolved_by_refactoring,signature_changed,signature_changed,0.97,0.97
557b605d5ed7c89a67137aa656cc6b3d,bca901157a311bcf652b1029577d46a0,pair_dissolved_by_refactoring,signature_changed,signature_changed,0.97,0.97
5587f3d51783f0c9b11b2860ea7754c2,6106818a440c0f6dd6f1316afd96a1a0,method_b_deleted,exact,deleted,1.0,
559fece4c6d15e7efe2352217e0f2961,938ca0f9166a18c466af93b0d9a43edd,pair_dissolved_naturally,exact,exact,1.0,1.0
559fece4c6d15e7efe2352217e0f2961,f527adc754c86a6b93fe98264db0b5e0,pair_dissolved_naturally,exact,exact,1.0,1.0
55c3c6daf95b1b5a1f705606ba70e3e8,571794b57ed1d30290d78295efa478e6,pair_dissolved_by_refactoring,signature_changed,signature_changed,0.97,0.98
55c3c6daf95b1b5a1f705606ba70e3e8,6a4f1ee6548504e3c1b3ecde5d70adce,pair_dissolved_by_refactoring,signature_changed,signature_changed,0.97,0.97
55c3c6daf95b1b5a1f705606ba70e3e8,79cf4092befcd7b1c74be4d384fb2496,pair_dissolved_by_refactoring,signature_changed,signature_changed,0.97,0.97
55c3c6daf95b1b5a1f705606ba70e3e8,896f9dee05c5715f080add939e6ea561,pair_dissolved_by_refactoring,signature_changed,signature_changed,0.97,1.0
55c3c6daf95b1b5a1f705606ba70e3e8,957cb681556029aa5926d285f1dd8e36,pair_dissolved_by_refactoring,signature_changed,signature_changed,0.97,0.97
55c3c6daf95b1b5a1f705606ba70e3e8,a469e0a39cf45d6a99feac0b6ec85214,pair_dissolved_by_refactoring,signature_changed,signature_changed,0.97,1.0
55c3c6daf95b1b5a1f705606ba70e3e8,fb5ae45a449ab802fdddfecba4b05088,pair_dissolved_by_refactoring,signature_changed,signature_changed,0.97,0.97
55d7e76b5b879c361ef36fffbd90f3a3,d0bd35da5bbba34e321f6271634a1565,pair_dissolved_naturally,exact,exact,1.0,1.0
55f1c04cb3bfc6aea9eec9e84ac0d7d1,65d8d124176c897470ef39c2715dcbc1,pair_dissolved_naturally,exact,exact,1.0,1.0
56014da055e3dcb886b61c4f76d62c2d,5ac0da6c516be453af6b3aea3bb87a2a,pair_dissolved_naturally,exact,exact,1.0,1.0
56240961e9abb30bd14596ccf2f2ee90,897acfdecaa6215f5741287a6062758f,pair_dissolved_naturally,exact,exact,1.0,1.0
56244af6965efda807670b749331b8b1,a058ee4dad0294d1b837ded44735305d,method_a_deleted,deleted,exact,,1.0
56244af6965efda807670b749331b8b1,a1fa4a3a629a5b42ab4be74b4fbc4401,both_deleted,deleted,deleted,,
5659d850e294a9e2203b24458856a442,8ef47211d429c90c96f387b598184af0,pair_dissolved_naturally,exact,exact,1.0,1.0
5659d850e294a9e2203b24458856a442,997d422dff2b023b3d83c618c41bb5cf,pair_dissolved_naturally,exact,exact,1.0,1.0
56680ec150afe08bb8f6fce489c4d94e,722e2d3954bff90fcdfc74712e49f4c2,pair_dissolved_by_refactoring,refactored,refactored,0.76,0.71
56680ec150afe08bb8f6fce489c4d94e,d4150033ec7fef6f715b4629e55d173e,pair_dissolved_by_refactoring,refactored,signature_changed,0.76,0.77
567a9a1e1d2e9caebe26019e4c8c3a59,84bc1bba8fb25e15c1f8cf84f819ad3a,pair_dissolved_naturally,exact,exact,1.0,1.0
567a9a1e1d2e9caebe26019e4c8c3a59,8a0253b3065c6c27e30f200cb205b026,pair_dissolved_naturally,exact,exact,1.0,1.0
567a9a1e1d2e9caebe26019e4c8c3a59,a897511005a91b06494f7353aa5be8cb,pair_dissolved_naturally,exact,exact,1.0,1.0
567a9a1e1d2e9caebe26019e4c8c3a59,ac146db4fc36ca76c6d67fe81f11c44f,pair_dissolved_naturally,exact,exact,1.0,1.0
567a9a1e1d2e9caebe26019e4c8c3a59,bf90d60e5f67185147f878537a5ea893,pair_dissolved_naturally,exact,exact,1.0,1.0
567a9a1e1d2e9caebe26019e4c8c3a59,d4efff86ebb2d631615d729aed3ace96,pair_dissolved_naturally,exact,exact,1.0,1.0
567a9a1e1d2e9caebe26019e4c8c3a59,d8a0fec825032a406513f949773dc0d3,pair_dissolved_naturally,exact,exact,1.0,1.0
56921079e7320c9422283289ff37e630,b7cfa80c2724d47b340502125b34b25b,pair_dissolved_by_refactoring,signature_changed,signature_changed,0.95,0.96
56921079e7320c9422283289ff37e630,e0712aebf0e0ec124f2f571943d17e7f,pair_dissolved_by_refactoring,signature_changed,signature_changed,0.95,0.96
56b8f8dbbb560e034dbf8cec57be3d10,70b15ca86f12b0337375ee1db867f4a0,method_b_deleted,exact,deleted,1.0,
56b8f8dbbb560e034dbf8cec57be3d10,9f41b26d82fc654acb7bf84dfd9e7aab,pair_dissolved_naturally,exact,exact,1.0,1.0
56b8f8dbbb560e034dbf8cec57be3d10,fabb8a0abd2d832580f50fa91454cf22,pair_dissolved_naturally,exact,exact,1.0,1.0
56bae30ab2ee7ef2e804ce83e49fb52c,e2ffeefa3c355a42c6b99165fce95b59,pair_dissolved_by_refactoring,exact,signature_changed,1.0,1.0
56d2b66fd26413c51d93035a06d04563,67fff80f653230dcd8dbfdc04c173394,pair_dissolved_by_refactoring,exact,signature_changed,1.0,0.99
56e099d335700332dd5773fcc6d1f415,bb085c07f5369b8c1c1d71b23677c034,pair_dissolved_naturally,exact,exact,1.0,1.0
56e0ac5b11c261abf2c126aec867bcf3,f6c3fccea8ec02350af2e33ecca65b12,pair_dissolved_naturally,exact,exact,1.0,1.0
571794b57ed1d30290d78295efa478e6,6a4f1ee6548504e3c1b3ecde5d70adce,pair_dissolved_by_refactoring,signature_changed,signature_changed,0.98,0.97
571794b57ed1d30290d78295efa478e6,79cf4092befcd7b1c74be4d384fb2496,pair_dissolved_by_refactoring,signature_changed,signature_changed,0.98,0.97
571794b57ed1d30290d78295efa478e6,957cb681556029aa5926d285f1dd8e36,pair_dissolved_by_refactoring,signature_changed,signature_changed,0.98,0.97
571794b57ed1d30290d78295efa478e6,fb5ae45a449ab802fdddfecba4b05088,pair_dissolved_by_refactoring,signature_changed,signature_changed,0.98,0.97
571794b57ed1d30290d78295efa478e6,fcf5df5cb2e2a0dac2aae5c4d69b470c,method_b_deleted,signature_changed,deleted,0.98,
571a40833e5a3bbc4178ada6c09ddb0f,7a78f20f7059cf755d69ffdbfc1e01eb,pair_dissolved_naturally,exact,exact,1.0,1.0
5720b6e39fea1f783f9be7a5105d80d7,f5b8373ff7d56f503cc9f2f8a598e8d2,pair_dissolved_naturally,exact,exact,1.0,1.0
57403c81c82de78f86790b53eab5e9ae,5b3a54d607bfda2fb7b4f87750dd768d,pair_dissolved_naturally,unknown,unknown,,
57403c81c82de78f86790b53eab5e9ae,a9d9fe482d6b38e00e1adfe7bc669fb7,pair_dissolved_by_refactoring,unknown,signature_changed,,0.96
575dd6d502a350781ab6ec9339ee5130,5a8e33ffc2ec87af529c28ddc9205201,pair_dissolved_naturally,exact,exact,1.0,1.0
575dd6d502a350781ab6ec9339ee5130,b28b66858c90824f321b810ddab22313,pair_dissolved_naturally,exact,exact,1.0,1.0
577c42a2fc0e812b6c758f6d1684c535,83a1b8ce3590e794eee5579dc71a3af5,pair_dissolved_by_refactoring,signature_changed,signature_changed,0.97,0.97
57b271a67023e7651d632d6b20c2b244,71ca17b3577056bcc317df3ae3470564,pair_dissolved_naturally,exact,exact,1.0,1.0
57b271a67023e7651d632d6b20c2b244,aebaa25b79562e4f51c910c483fb126c,pair_dissolved_by_refactoring,exact,signature_changed,1.0,1.0
57b271a67023e7651d632d6b20c2b244,b3d6ef6311ddd9d4988687128b2ab6a5,pair_dissolved_naturally,exact,exact,1.0,1.0
57b36ca588c7d3c3ac3dd6b7fb98ca34,a50bbae9adeaf0a9de9870b3546e808c,pair_dissolved_naturally,exact,exact,1.0,1.0
57b36ca588c7d3c3ac3dd6b7fb98ca34,aa81193f56fb3801ef7ea7249c318daf,pair_dissolved_naturally,exact,exact,1.0,1.0
57b36ca588c7d3c3ac3dd6b7fb98ca34,ada38e462411fb66fe56840541e60840,pair_dissolved_naturally,exact,exact,1.0,1.0
57b36ca588c7d3c3ac3dd6b7fb98ca34,b308f0716e0352e194a2d198a0da6d74,pair_dissolved_naturally,exact,exact,1.0,1.0
57b36ca588c7d3c3ac3dd6b7fb98ca34,c0a5be752ed6e7a6b245ba951e94ef96,pair_dissolved_naturally,exact,exact,1.0,1.0
57b36ca588c7d3c3ac3dd6b7fb98ca34,cdfd563fecbbb609b52b0ce27ca03c05,pair_dissolved_naturally,exact,exact,1.0,1.0
57b36ca588c7d3c3ac3dd6b7fb98ca34,e04503528b2eebab6361f85a374a203d,pair_dissolved_naturally,exact,exact,1.0,1.0
57b36ca588c7d3c3ac3dd6b7fb98ca34,e9ea8559092df6e573102e2708d66b7c,pair_dissolved_naturally,exact,exact,1.0,1.0
57b36ca588c7d3c3ac3dd6b7fb98ca34,f22d3085f33f6f3b8b1fa7d289709fc0,pair_dissolved_naturally,exact,exact,1.0,1.0
57bd32ff7f3b1c3e284d40231eeef1b6,66abd18737a5bd33311e5cc72258643a,pair_dissolved_by_refactoring,exact,signature_changed,1.0,0.98
57ddadd2930fd3d919c9210d20c40847,c046abf70e44541c333d2bd973b3ddad,both_deleted,deleted,deleted,,
5853b4d70b84b9d38b4d8eaeb1aebb78,e95d161749077fec696e90961bb070eb,pair_dissolved_naturally,exact,exact,1.0,1.0
586848080465c6438bfa6ac155a0b508,c5bdb3184f70e6aca1bf6a2307663a34,pair_dissolved_by_refactoring,unknown,signature_changed,,0.92
587208fff460fbca729f5c7118a21856,ac6eb45b02864efda8ac7aa4daee3d3e,pair_dissolved_by_refactoring,signature_changed,exact,1.0,1.0
58a3efb16d13ba3bcdb7f1c8cb2b1a0e,d79b07a0764d7dbdb8b8195d820e2d3d,method_b_deleted,exact,deleted,1.0,
58dafc49f8934c68aa73aaa05f2db173,b5d51c356ceb82f09f1e754fe1b56806,pair_dissolved_naturally,exact,exact,1.0,1.0
59023cbe557ce45d64be5862c1b9af6c,64ba384dd85cb8cac0f33a481b89c6c7,pair_dissolved_by_refactoring,signature_changed,exact,0.92,1.0
59023cbe557ce45d64be5862c1b9af6c,e20c921b536120112166254e38dd1d3d,pair_dissolved_by_refactoring,signature_changed,exact,0.92,1.0
5947703b5f853d5755e76cff8043841a,e56fdfa780f3dad83ef57d591cf17096,pair_dissolved_naturally,exact,exact,1.0,1.0
596a4f82c8213a03f0662de770235b41,65ddde5cc1989d0e3498fb035d5bbfd8,method_b_deleted,signature_changed,deleted,0.92,
5a2ec4e4f43797c5780d7b8e4dbc83fd,8483d58ebb8709a8a61b2fd58206c5fc,pair_dissolved_naturally,exact,exact,1.0,1.0
5a4db6209ed2d2d07e11155c4ab1d148,c572e3d68d288759c284494cc107acf7,pair_dissolved_naturally,exact,exact,1.0,1.0
5a744432073956c05447deca5e8d0baa,b8f201cb5a512eddaabf2ff1b451b1d0,pair_dissolved_by_refactoring,exact,moved,1.0,1.0
5a744432073956c05447deca5e8d0baa,e20c0811325f60cb1882a38acc055481,method_b_deleted,exact,deleted,1.0,
5a8e33ffc2ec87af529c28ddc9205201,b28b66858c90824f321b810ddab22313,pair_dissolved_naturally,exact,exact,1.0,1.0
5ac5c2674378c1641c86834571ae2ef4,af05ab38af1054abb0f63e61c1c7033a,pair_dissolved_naturally,exact,exact,1.0,1.0
5ad14efdec5522722889fbaff966f81f,ba440406c822e2fbaad76d1f3c3061d9,pair_dissolved_naturally,exact,exact,1.0,1.0
5b3a54d607bfda2fb7b4f87750dd768d,d2185edfc533a31cacdf546fae2f66eb,pair_dissolved_naturally,unknown,unknown,,
5b696b65ee379f729e09d49aa175a186,9956221309a31ddb51f02cc0c72c3ab2,pair_dissolved_by_refactoring,exact,signature_changed,1.0,0.98
5b977356477de36725d77a9c9fcf0255,c21b18218a088008d31b629c6de8d9d1,pair_dissolved_naturally,exact,exact,1.0,1.0
5ba1b3c6b13a3bf4ff1ee882391e6b8a,d5a55971897c40c52571d3159f508e85,method_a_deleted,deleted,refactored,,0.88
5bcc06014514a8de9c46c628f8649305,6435ff61784e20067b4286e0166cb52a,pair_dissolved_naturally,unknown,exact,,1.0
5bcc06014514a8de9c46c628f8649305,689b36f81e74ced24e803f01ad2a1496,pair_dissolved_naturally,unknown,unknown,,
5bcc06014514a8de9c46c628f8649305,7dcf5798556689d78e4f22b150a2fa2d,pair_dissolved_naturally,unknown,exact,,1.0
5c209093fa3b638db97e4442cecf9f87,c6ba533510430743232f47a2c9649f98,pair_dissolved_naturally,exact,exact,1.0,1.0
5c64c894bb03ba9c4106edaa47e538a0,8c2b0379a8eb6a3b24751159386bccdb,pair_dissolved_by_refactoring,signature_changed,signature_changed,0.97,0.97
5cab54376464670f013376795f424a79,9d68b65ec683cced0be0277ddf3c4e96,pair_dissolved_by_refactoring,signature_changed,signature_changed,0.74,0.72
5cac2b1ad588f07b470ee5712b128bad,84c9035de210544676b8e8c49f85ab8f,pair_dissolved_naturally,exact,unknown,1.0,
5cac2b1ad588f07b470ee5712b128bad,a73dd7244a602fc981b416d63db5e416,pair_dissolved_naturally,exact,exact,1.0,1.0
5cac2b1ad588f07b470ee5712b128bad,aa29b9769474e7724fd6f654f61b65ad,pair_dissolved_naturally,exact,exact,1.0,1.0
5cac2b1ad588f07b470ee5712b128bad,b03d765518d4465bf28f49d114525550,pair_dissolved_naturally,exact,unknown,1.0,
5d4605366b1ccba031389cc4a06d008c,b12d1e8ebbecb654477d41ed517689bf,pair_dissolved_naturally,exact,exact,1.0,1.0
5d4605366b1ccba031389cc4a06d008c,d28ef2c478b0dec2ae06343973fe8124,pair_dissolved_naturally,exact,exact,1.0,1.0
5d499f672e01d368305397f4f92a0abf,cc5336e689b1d367df4d46f533c72e4f,pair_dissolved_naturally,exact,exact,1.0,1.0
5d5ed90b91a53bce2cc6fa358d8bdc87,e1b1eecd3d4f476574d692928cd116e4,pair_dissolved_by_refactoring,unknown,signature_changed,,1.0
5d9c5d798c971de1660c68957a995850,cd8d912c96662c22b6b1f3e15e3cc25c,pair_dissolved_by_refactoring,exact,signature_changed,1.0,0.99
5e1718070f40cebb089e87d6a642f759,633e6f80d4a33d0735cd7319360bf89b,pair_dissolved_naturally,exact,exact,1.0,1.0
5e1718070f40cebb089e87d6a642f759,a6525b8abad3f18b54cbe50cb44e33ee,pair_dissolved_naturally,exact,exact,1.0,1.0
5e1718070f40cebb089e87d6a642f759,bccf62b3f451b7a23c35349a0dd51219,pair_dissolved_naturally,exact,exact,1.0,1.0
5e3105896414571aae002781f7506c21,5ffbd4cc275653175e081c1be681310b,pair_dissolved_by_refactoring,exact,signature_changed,1.0,0.96
5e3105896414571aae002781f7506c21,678d1458ac58357160bffba5e7c1e6bf,pair_dissolved_by_refactoring,exact,signature_changed,1.0,0.97
5e68e2206b14c3ed96b11745478fe63a,ada94a0e6eda07a522a6fe884e20c928,pair_dissolved_by_refactoring,signature_changed,exact,0.97,1.0
5e68e2206b14c3ed96b11745478fe63a,f2835f849e1092dc2bf435c4bd5a0571,pair_dissolved_by_refactoring,signature_changed,exact,0.97,1.0
5e78f7c55896201db36c2baf685d9f9f,6cf7f0ad33b5e1f7745a776687939393,pair_dissolved_naturally,exact,exact,1.0,1.0
5e78f7c55896201db36c2baf685d9f9f,703669c7fba38b6f0f84ebf10a260d9a,pair_dissolved_naturally,exact,exact,1.0,1.0
5e78f7c55896201db36c2baf685d9f9f,f8a5a6dd678b7af19816db0d774241ba,pair_dissolved_naturally,exact,exact,1.0,1.0
5e81f2a41ec6ab86acfb20f41928af47,7b00608732daab4e3ab6b7e90c2e4206,pair_dissolved_by_refactoring,exact,signature_changed,1.0,1.0
5e81f2a41ec6ab86acfb20f41928af47,aebaa25b79562e4f51c910c483fb126c,pair_dissolved_by_refactoring,exact,signature_changed,1.0,1.0
5eefdcb3cf7a561cbc3d457a025047eb,9a0a3d59394241b6dffb0ca4c01b7d2a,pair_dissolved_by_refactoring,signature_changed,signature_changed,1.0,1.0
5eefdcb3cf7a561cbc3d457a025047eb,fffefb9bfaf3d03b15faead0e3d27cb6,pair_dissolved_by_refactoring,signature_changed,signature_changed,1.0,0.98
5f05b751e5924d8eea7e12099d304193,e371f5574143d5ee9dcc1d75a0938d92,pair_dissolved_naturally,exact,exact,1.0,1.0
5f38f6e486f8ae18921236e08e9e7a3f,bcd1905a509ca52aecc7f89a84c9ded1,pair_dissolved_naturally,exact,exact,1.0,1.0
5f46d6381795f0be83d75e1d8ced0975,c10352f9ba310ca1e3b7f380354a02fe,pair_dissolved_naturally,exact,exact,1.0,1.0
5f601e85b9d93be9ad5d5cd06f087f51,95abcb02392886e39370a78d184123a6,pair_dissolved_naturally,exact,exact,1.0,1.0
5fb023c4e8e2f08539269c4291949f36,fa02776f5a893ccb88ad9340f97de867,pair_dissolved_by_refactoring,exact,signature_changed,1.0,1.0
5fc31c020c67a57b64923d16833e8211,f7b846af230c6df60513a3de9a296894,pair_dissolved_naturally,exact,exact,1.0,1.0
5fd1f21d662b81c803b4f67bd36ac432,759052433623d90e43fd0642a598819c,pair_dissolved_by_refactoring,signature_changed,signature_changed,0.93,0.96
5ffbd4cc275653175e081c1be681310b,678d1458ac58357160bffba5e7c1e6bf,pair_dissolved_by_refactoring,signature_changed,signature_changed,0.96,0.97
5ffbd4cc275653175e081c1be681310b,c949dd096dea3c80af2506c2a6209be1,pair_dissolved_by_refactoring,signature_changed,exact,0.96,1.0
5ffbd4cc275653175e081c1be681310b,f4c56ea5825317d4f4dd6db20e6d1fe8,pair_dissolved_by_refactoring,signature_changed,signature_changed,0.96,0.88
5ffbd4cc275653175e081c1be681310b,f98e5a505d3cba686d122eb643111a07,pair_dissolved_by_refactoring,signature_changed,signature_changed,0.96,0.97
6009219604d83d71983b727f655d3a0d,bff1995f759cc36ec4a27f30a7fe7b26,pair_dissolved_by_refactoring,signature_changed,exact,1.0,1.0
60676d9c611737e22811bef39eb13d84,851e877f6d7ebc0058685f84ea722304,pair_dissolved_by_refactoring,signature_changed,signature_changed,0.98,1.0
60676d9c611737e22811bef39eb13d84,8a268dbf90db1aa48e84aadc1bc0d276,pair_dissolved_by_refactoring,signature_changed,signature_changed,0.98,1.0
60676d9c611737e22811bef39eb13d84,fcf5df5cb2e2a0dac2aae5c4d69b470c,method_b_deleted,signature_changed,deleted,0.98,
60676d9c611737e22811bef39eb13d84,fd320b763b8cd3838ce335fc57ed183f,pair_dissolved_by_refactoring,signature_changed,signature_changed,0.98,1.0
607f0138917276faff19e934f3cee7f1,f8123813f20fdf2c30acec1783a829c5,pair_dissolved_naturally,exact,exact,1.0,1.0
608cf4a2ca26b33ff598190714bc1d95,7b7c867c531a71fbf73a2b84bba3c90e,method_b_deleted,exact,deleted,1.0,
60cd47554e91cb5c4f490ab5af2a65e2,b308f0716e0352e194a2d198a0da6d74,pair_dissolved_naturally,exact,exact,1.0,1.0
6106818a440c0f6dd6f1316afd96a1a0,663d13db5c18353f671cbeb3b891e550,method_a_deleted,deleted,exact,,1.0
6106818a440c0f6dd6f1316afd96a1a0,68bcb49612929145eaa0bfa96f7ca06b,method_a_deleted,deleted,exact,,1.0
6106818a440c0f6dd6f1316afd96a1a0,6d308546af82c1ae3eb4e0b011fb9c92,method_a_deleted,deleted,exact,,1.0
6106818a440c0f6dd6f1316afd96a1a0,7a28efaa1554259517ef8f48678bffac,method_a_deleted,deleted,exact,,1.0
6106818a440c0f6dd6f1316afd96a1a0,7da4a479d01af7f70d4fe1ce3d6799ef,method_a_deleted,deleted,exact,,1.0
6106818a440c0f6dd6f1316afd96a1a0,82edefd065d255f56fec72a51a85f513,method_a_deleted,deleted,exact,,1.0
6106818a440c0f6dd6f1316afd96a1a0,85c3b4b45c69818a8cf8dc88b0fbfcd0,method_a_deleted,deleted,exact,,1.0
6106818a440c0f6dd6f1316afd96a1a0,86cc6fd5563e2e7b2cfd5bb4690ae4b2,method_a_deleted,deleted,exact,,1.0
6106818a440c0f6dd6f1316afd96a1a0,92244d2dd864774397f7f24340be0412,method_a_deleted,deleted,exact,,1.0
6106818a440c0f6dd6f1316afd96a1a0,ae62455fe0118810d96cc1dfb6b12484,method_a_deleted,deleted,exact,,1.0
6106818a440c0f6dd6f1316afd96a1a0,c20ae2e6575f264469cd662d3f99c8bb,method_a_deleted,deleted,exact,,1.0
6106818a440c0f6dd6f1316afd96a1a0,c747f7edd75372c69beea91a84439428,method_a_deleted,deleted,exact,,1.0
6106818a440c0f6dd6f1316afd96a1a0,cde7f8ef34cbab17042c537ddfa4d430,method_a_deleted,deleted,exact,,1.0
6106818a440c0f6dd6f1316afd96a1a0,d0f02e1a2e11ba229d09d4b0602bfae9,method_a_deleted,deleted,exact,,1.0
6106818a440c0f6dd6f1316afd96a1a0,d2bbc96491a614fcccfd25e8a5544e6f,method_a_deleted,deleted,exact,,1.0
6106818a440c0f6dd6f1316afd96a1a0,da28359e4adab90694796ba1c9b6547c,method_a_deleted,deleted,exact,,1.0
6106818a440c0f6dd6f1316afd96a1a0,dbb398e302c226d48a7e813a30a90e34,method_a_deleted,deleted,exact,,1.0
6106818a440c0f6dd6f1316afd96a1a0,df74ad4adb9037e787a272d134a9cd78,method_a_deleted,deleted,exact,,1.0
6106818a440c0f6dd6f1316afd96a1a0,e79b5300069781f4b1062d65b457eb20,method_a_deleted,deleted,exact,,1.0
6106818a440c0f6dd6f1316afd96a1a0,e8f04bfd343f047c0eca593606a11e0b,method_a_deleted,deleted,exact,,1.0
6106818a440c0f6dd6f1316afd96a1a0,fb863ecd76af513f4a479b9ddc189ebb,method_a_deleted,deleted,exact,,1.0
6129bf8c8f152e37609ae51ef69dd201,d4b2a511bfca5cdcc901c946efc303f5,pair_dissolved_naturally,exact,exact,1.0,1.0
6129bf8c8f152e37609ae51ef69dd201,da8da6fc70c0f8b643e840e74d71f9e3,pair_dissolved_naturally,exact,exact,1.0,1.0
61abacb610fdcdf270a287e6ef4cd398,c0a179c337e9e28e12eb470b7de704bf,pair_dissolved_naturally,exact,exact,1.0,1.0
61f98e5193b0b5d6ba2c476db97f8fdb,793d755c68e7155e274ea15e2cca3aa8,pair_dissolved_naturally,exact,exact,1.0,1.0
622dde25547a40efa1f9cbeb7e486a1a,84159079250e9769d862c995d1f985cc,pair_dissolved_naturally,exact,exact,1.0,1.0
62321c4bf0ed32c75ebaaab21bdfa22a,6d028552d9b951ba507400700904604d,pair_dissolved_naturally,exact,exact,1.0,1.0
62524bfd4988862511cf0c712a04eaa0,aa011f29817991b7e38f44254614cf85,pair_dissolved_by_refactoring,signature_changed,signature_changed,0.93,0.94
6267690117226e80832f45145151b3d9,707cdb0a4cc815ed2833ff280d94dad6,pair_dissolved_by_refactoring,refactored,refactored,0.74,0.89
633e6f80d4a33d0735cd7319360bf89b,a6525b8abad3f18b54cbe50cb44e33ee,pair_dissolved_naturally,exact,exact,1.0,1.0
63618b94dbbf9cfaf413d53fed50b882,ae989959278a62a659ad46ee93323ab7,pair_dissolved_naturally,exact,exact,1.0,1.0
638df2b2cbafb355184ca3dcd8dce684,efe7183b6a01fca8afd53ecb443f31ae,pair_dissolved_naturally,exact,exact,1.0,1.0
63a8862db23115b2ef75bf64ee7175a8,d8eed004058151d8dff27b59d60df521,pair_dissolved_by_refactoring,signature_changed,signature_changed,0.94,0.93
63b20e26f162b140171718f484ecc8c1,b9bf577bd54db0c245f0c782151be048,pair_dissolved_naturally,unknown,unknown,,
63b8faec905dea32b115974d52da01d8,cb4d078da28145fc72c97590f4948073,pair_dissolved_by_refactoring,signature_changed,signature_changed,0.95,0.97
63baef3c8a296683dee8c5c7a824911c,d79b07a0764d7dbdb8b8195d820e2d3d,method_b_deleted,exact,deleted,1.0,
63ca7921f379f3338a5ea4e0f7984c8b,c9bce6a040f89782ac23882baa83bbaf,pair_dissolved_naturally,exact,exact,1.0,1.0
6409d886664b02986f615dacc0984696,67f9c85f24b0aad1d5255107983a375a,both_deleted,deleted,deleted,,
6409d886664b02986f615dacc0984696,c757cb204ce9207bdc8179eae273c60f,both_deleted,deleted,deleted,,
6410c985050ea51b2aa6d4c3bad02374,e88202d4c36e948a93df5b432c011402,pair_dissolved_by_refactoring,signature_changed,signature_changed,1.0,0.99
6435ff61784e20067b4286e0166cb52a,689b36f81e74ced24e803f01ad2a1496,pair_dissolved_naturally,exact,unknown,1.0,
6435ff61784e20067b4286e0166cb52a,7dcf5798556689d78e4f22b150a2fa2d,pair_dissolved_naturally,exact,exact,1.0,1.0
6458b54d4ad57dd127acb3e35152aac0,c07d948bed611f6144628d5913f8f908,pair_dissolved_naturally,exact,exact,1.0,1.0
6466578d8759d4e0b2d62e1e13b8e000,981a8da3e55b650817e70f072a380b81,pair_dissolved_by_refactoring,exact,signature_changed,1.0,0.95
64ba384dd85cb8cac0f33a481b89c6c7,6f8769c3093cb9c81cd54f725112fd7f,pair_dissolved_naturally,exact,exact,1.0,1.0
64ba384dd85cb8cac0f33a481b89c6c7,c341b5dfb9c13e8a453dacc4c0f69542,pair_dissolved_naturally,exact,exact,1.0,1.0
64ba384dd85cb8cac0f33a481b89c6c7,e20c921b536120112166254e38dd1d3d,pair_dissolved_naturally,exact,exact,1.0,1.0
64ba384dd85cb8cac0f33a481b89c6c7,edfe86db9a1205e93bb86b87142a5d0a,pair_dissolved_naturally,exact,exact,1.0,1.0
64ba384dd85cb8cac0f33a481b89c6c7,f562799a5b36b2329a3c8f8370858733,pair_dissolved_naturally,exact,exact,1.0,1.0
64c862eda034589bf503144c12ed25ab,721d7cf708e9e7fae471d3069c79f896,pair_dissolved_naturally,exact,exact,1.0,1.0
658154c03d14d18739618b0d5f632ace,c9887f14389e8e662539d9420b0583d0,pair_dissolved_naturally,exact,exact,1.0,1.0
65e8d319ae14a86c5b07807eb1f9b11d,77a0a1859f4f2b9a5840c1f4706e1cd0,pair_dissolved_naturally,unknown,unknown,,
65e8d319ae14a86c5b07807eb1f9b11d,abd143b640683c196daf5260ddcbcd63,pair_dissolved_naturally,unknown,unknown,,
65e8d319ae14a86c5b07807eb1f9b11d,b50acb9fc8c8f8dd566ea7044e768cca,pair_dissolved_naturally,unknown,unknown,,
65e8d319ae14a86c5b07807eb1f9b11d,c3c26852569f8c8220facb897645b09f,pair_dissolved_naturally,unknown,unknown,,
660c2100f302fc0e2a8d64e3e0df9871,6ecc5b3becabe22f4ab6c0942b05b37b,pair_dissolved_by_refactoring,signature_changed,signature_changed,0.8,0.97
660c2100f302fc0e2a8d64e3e0df9871,90c148f834597f2f97c936695ac69d1f,pair_dissolved_by_refactoring,signature_changed,exact,0.8,1.0
660c2100f302fc0e2a8d64e3e0df9871,985af0c58a8dffc3534ac1425b4ae17b,pair_dissolved_by_refactoring,signature_changed,signature_changed,0.8,0.98
660c2100f302fc0e2a8d64e3e0df9871,d728a5647e313633d010be5885052cee,pair_dissolved_by_refactoring,signature_changed,signature_changed,0.8,0.99
661a44a3ca1811c6600f7a77f40842b5,a75a31928c3ddcb5e2c3794f443eed1c,pair_dissolved_naturally,exact,exact,1.0,1.0
661a44a3ca1811c6600f7a77f40842b5,ec02ac34772f0b56a54d86ec25c4f135,pair_dissolved_naturally,exact,exact,1.0,1.0
66cf3d161b19eb827f190e51ecda24e3,d69097f8a706ede1d9470ecb6ae00ca2,pair_dissolved_naturally,exact,exact,1.0,1.0
66e627ff333cc58a3cb1615cab253eb0,7020c88f193662d1a6964648067f2ed9,pair_dissolved_naturally,exact,exact,1.0,1.0
66e627ff333cc58a3cb1615cab253eb0,d5d58c915c558d1b953d4c77987cae57,pair_dissolved_naturally,exact,exact,1.0,1.0
670e73483e748223f56a300b191a65f1,7fb52242b6de8d753aecb18c2a054ec0,pair_dissolved_naturally,exact,exact,1.0,1.0
670e73483e748223f56a300b191a65f1,d66f9d029db0193d9f404e92c3427bab,pair_dissolved_naturally,exact,exact,1.0,1.0
671d9d4272cf2e317c14d97a221486e3,ca041dc45cff4227143eb236e6bc0bcd,pair_dissolved_by_refactoring,exact,signature_changed,1.0,0.95
6724bef652798147cb55a2305b7294ed,7ccc4c2a73ce7b30105c3d5d59e9109a,pair_dissolved_by_refactoring,exact,signature_changed,1.0,1.0
6724bef652798147cb55a2305b7294ed,8c4af3abc2aca383a84a270de345c5ab,pair_dissolved_by_refactoring,exact,signature_changed,1.0,1.0
6724bef652798147cb55a2305b7294ed,98f67f40555cd24b6b47213742502ab3,pair_dissolved_by_refactoring,exact,signature_changed,1.0,1.0
6724bef652798147cb55a2305b7294ed,aec6fe392888c827e6de0daba28630c2,pair_dissolved_by_refactoring,exact,signature_changed,1.0,1.0
6724bef652798147cb55a2305b7294ed,b14792c066c0a55c684d9f0e57eda9d0,method_b_deleted,exact,deleted,1.0,
6724bef652798147cb55a2305b7294ed,b891ff50cff4c04fb8f0b285637ed1df,pair_dissolved_by_refactoring,exact,signature_changed,1.0,1.0
6724bef652798147cb55a2305b7294ed,d30726380f036e104eb09980dae91063,pair_dissolved_by_refactoring,exact,signature_changed,1.0,1.0
6724bef652798147cb55a2305b7294ed,d7a93f199d81e6879bc547c737bee761,pair_dissolved_by_refactoring,exact,signature_changed,1.0,1.0
6724bef652798147cb55a2305b7294ed,dac5e832febd89ac1f6cf98e851c4707,pair_dissolved_by_refactoring,exact,signature_changed,1.0,1.0
6724bef652798147cb55a2305b7294ed,e21862e4a051a3fe2f3b3338a7daef05,pair_dissolved_by_refactoring,exact,signature_changed,1.0,0.96
6724bef652798147cb55a2305b7294ed,fefa5313d148ee7323535326be078429,pair_dissolved_by_refactoring,exact,signature_changed,1.0,1.0
672a3fdeceb4acdb2ea6e4d67f4c5854,d837f6dff34f939a3fe1877619817f9a,pair_dissolved_naturally,exact,exact,1.0,1.0
6761d88eaad88dd9d7bd455a4fd7786a,6ab24fffc9cb1e9842692098aaa6550e,pair_dissolved_by_refactoring,exact,signature_changed,1.0,0.99
678d1458ac58357160bffba5e7c1e6bf,c949dd096dea3c80af2506c2a6209be1,pair_dissolved_by_refactoring,signature_changed,exact,0.97,1.0
67add3dfeaafe1c31fa2a11a55dc97f5,92caff0a214c8e0448c494d4617151f1,pair_dissolved_by_refactoring,exact,signature_changed,1.0,0.97
67add3dfeaafe1c31fa2a11a55dc97f5,caa7e7e1006d831856255c5650dce1a3,pair_dissolved_by_refactoring,exact,signature_changed,1.0,0.83
67b9ce2df3f186b7132d750c0c3b2a38,d92c37cd6685362bb97be8ccd4393a62,pair_dissolved_by_refactoring,signature_changed,signature_changed,0.9,0.97
67fff80f653230dcd8dbfdc04c173394,a2ac3067eccad2afc6ea7897d81b5dd2,pair_dissolved_by_refactoring,signature_changed,signature_changed,0.99,0.96
6819821d2ae8ac99c5059233e2e387d5,d66f4c199e9994db35cfdc8848e1987d,pair_dissolved_naturally,exact,exact,1.0,1.0
6848826a0f86de13450a0ce8caf8878d,ae0621b584a1693c1bcc6a264df9c71f,pair_dissolved_naturally,exact,exact,1.0,1.0
6848826a0f86de13450a0ce8caf8878d,d559ad89b0388bd3afd880869e829eac,pair_dissolved_naturally,exact,exact,1.0,1.0
688994704c7843a65528823f2b45526f,f2028038dd735782f82efbbe09fee61c,pair_dissolved_naturally,exact,exact,1.0,1.0
689b36f81e74ced24e803f01ad2a1496,7dcf5798556689d78e4f22b150a2fa2d,pair_dissolved_naturally,unknown,exact,,1.0
68a64c7e6d13560f6df6942732beaec6,72cad0886e0b87a87bb466477a50a610,pair_dissolved_naturally,exact,exact,1.0,1.0
690e25d903eb9269dc41f02478a91086,7605191016513ee1313439ee6155c7dd,pair_dissolved_by_refactoring,exact,refactored,1.0,0.76
690e25d903eb9269dc41f02478a91086,85545c63565b1c93190b3489e6eda741,pair_dissolved_naturally,exact,exact,1.0,1.0
690e25d903eb9269dc41f02478a91086,b91d093ba2815884ad19cfed97e714e8,pair_dissolved_naturally,exact,exact,1.0,1.0
690e25d903eb9269dc41f02478a91086,fefa5313d148ee7323535326be078429,pair_dissolved_by_refactoring,exact,signature_changed,1.0,1.0
69252e6f437d1efcedcced24c48764ed,fa5d08df40890d961ccee147dc098036,pair_dissolved_naturally,exact,exact,1.0,1.0
6967cc8ff8ee7e516ba8744859dd4a4f,bde886306cc1797733db2e34ae085d15,pair_dissolved_by_refactoring,refactored,exact,0.74,1.0
6967cc8ff8ee7e516ba8744859dd4a4f,c736f266664bf26249a43309cfa18b05,method_b_deleted,refactored,deleted,0.74,
6975a5372a829149d72f8cfb440e2df4,e3d74bbada2d55f7ce98bf18392320af,pair_dissolved_naturally,exact,exact,1.0,1.0
69a7de4a14b1447840f24193c4ce48d0,7df8b2286cb3361bc127801cf6189f4d,pair_dissolved_naturally,exact,exact,1.0,1.0
69f7cd2ac1a91f19c0a660bb486ee86b,76abc86a510a1d732a7f8406cdc38fef,pair_dissolved_naturally,exact,unknown,1.0,
6a4f1ee6548504e3c1b3ecde5d70adce,79cf4092befcd7b1c74be4d384fb2496,pair_dissolved_by_refactoring,signature_changed,signature_changed,0.97,0.97
6a4f1ee6548504e3c1b3ecde5d70adce,896f9dee05c5715f080add939e6ea561,pair_dissolved_by_refactoring,signature_changed,signature_changed,0.97,1.0
6a4f1ee6548504e3c1b3ecde5d70adce,957cb681556029aa5926d285f1dd8e36,pair_dissolved_by_refactoring,signature_changed,signature_changed,0.97,0.97
6a4f1ee6548504e3c1b3ecde5d70adce,a469e0a39cf45d6a99feac0b6ec85214,pair_dissolved_by_refactoring,signature_changed,signature_changed,0.97,1.0
6a4f1ee6548504e3c1b3ecde5d70adce,fb5ae45a449ab802fdddfecba4b05088,pair_dissolved_by_refactoring,signature_changed,signature_changed,0.97,0.97
6aa40c880c22acef5269335e677be291,c5eca1759c557ac82c321ec581607dfa,both_deleted,deleted,deleted,,
6ab4e2537663779954e811a3ae7e2680,b180579511319ed758ddda779e32acdb,pair_dissolved_by_refactoring,signature_changed,signature_changed,0.91,0.91
6ab4e2537663779954e811a3ae7e2680,f9bd9104cc149f0aa2d543ffc0970667,pair_dissolved_by_refactoring,signature_changed,signature_changed,0.91,0.9
6b1b6d85b1f743048de554c3b1c3fce1,b8f201cb5a512eddaabf2ff1b451b1d0,pair_dissolved_by_refactoring,exact,moved,1.0,1.0
6b1cd47a3b75a7bff73f7b7436106004,a0f0b5c4a9ebc7a23025ea4299ba9ea6,pair_dissolved_naturally,exact,exact,1.0,1.0
6b57f4431c74a13292d066feff6112ee,80da6078e42b19ae26a227bdd381bc84,pair_dissolved_naturally,exact,exact,1.0,1.0
6b57f4431c74a13292d066feff6112ee,9d56ab4172c82b077fd198859a28c067,pair_dissolved_naturally,exact,exact,1.0,1.0
6b57f4431c74a13292d066feff6112ee,cc7419108cab591cdaedd11ee6e812e2,pair_dissolved_naturally,exact,exact,1.0,1.0
6ba831a0daf26c56c80ce86270fe2495,8dbb077c914fd91e6ce783a0cb5663d8,pair_dissolved_by_refactoring,refactored,refactored,0.79,0.87
6bd4615ad71c9289c47ee4ad2c32f5d3,958da9d597a66f8843ad03d7a87fb507,pair_dissolved_naturally,exact,exact,1.0,1.0
6bd4615ad71c9289c47ee4ad2c32f5d3,9b4ceb234ca4eae46375dcb62a755131,pair_dissolved_by_refactoring,exact,renamed,1.0,0.95
6bd4615ad71c9289c47ee4ad2c32f5d3,a333a56745f7c84cd24481cc94b600c9,pair_dissolved_naturally,exact,exact,1.0,1.0
6c04224139cd84bdcecc56db3ca9f1aa,c3053a209f48eeddd0a022692df77dbf,pair_dissolved_naturally,exact,exact,1.0,1.0
6cd268f21aae7eef0ef948ccbe0a32ab,fa5d08df40890d961ccee147dc098036,pair_dissolved_by_refactoring,signature_changed,exact,0.93,1.0
6cd4a4b4ecf6e78e0e9bb76558cef55a,c7f56e664d59fc4fef11127531bdaddc,method_a_deleted,deleted,exact,,1.0
6cef75fe610deda8af4bca5f0168b679,db6d87fd458e0aa3a584a37dc777aa55,pair_dissolved_naturally,exact,exact,1.0,1.0
6cf7f0ad33b5e1f7745a776687939393,703669c7fba38b6f0f84ebf10a260d9a,pair_dissolved_naturally,exact,exact,1.0,1.0
6cf7f0ad33b5e1f7745a776687939393,cc2f04313dbb2685be024af7d6f718a2,pair_dissolved_naturally,exact,exact,1.0,1.0
6cf7f0ad33b5e1f7745a776687939393,e9e6c113a793e12e9e33b6681b4d2489,pair_dissolved_naturally,exact,exact,1.0,1.0
6cf7f0ad33b5e1f7745a776687939393,f2ba502d116d194bdb4480e3f0c7c76a,pair_dissolved_naturally,exact,exact,1.0,1.0
6d01d72f9fb806ed364518b3925bc587,a333a56745f7c84cd24481cc94b600c9,pair_dissolved_naturally,exact,exact,1.0,1.0
6d252cdc8a1954c2255841a9f60f7b25,7913ed43a4ea1e104b311088d4f0e297,pair_dissolved_by_refactoring,signature_changed,signature_changed,0.9,0.93
6d252cdc8a1954c2255841a9f60f7b25,bfbeda2a3d60c5c345fd6582efdfb83a,pair_dissolved_by_refactoring,signature_changed,signature_changed,0.9,0.95
6d252cdc8a1954c2255841a9f60f7b25,d23f61f927b07d1735bc27b2407ce464,pair_dissolved_by_refactoring,signature_changed,signature_changed,0.9,0.97
6d252cdc8a1954c2255841a9f60f7b25,ec1ac786a90b9e815ea7a71a0bc22be1,pair_dissolved_by_refactoring,signature_changed,signature_changed,0.9,0.93
6d352c8f6d077834b735ad3116621285,78c506f776bdd60350344ec0a78455e5,both_deleted,deleted,deleted,,
6ddc96f5f18c67396f6c40bb673fde2e,8654ebfcd66e15c79c791b80079e7645,pair_dissolved_by_refactoring,signature_changed,exact,1.0,1.0
6e613ee42816c50e5aa2b11f1020b35b,b646f4cf190e52f145c1c4ffe42d8e38,pair_dissolved_naturally,exact,exact,1.0,1.0
6ec48dbaf4300bfc87f46ff58a63d02f,da31982c2ce171b3820f27c1d0dccb57,pair_dissolved_by_refactoring,signature_changed,signature_changed,0.91,0.86
6ecc5b3becabe22f4ab6c0942b05b37b,90c148f834597f2f97c936695ac69d1f,pair_dissolved_by_refactoring,signature_changed,exact,0.97,1.0
6ecc5b3becabe22f4ab6c0942b05b37b,d728a5647e313633d010be5885052cee,pair_dissolved_by_refactoring,signature_changed,signature_changed,0.97,0.99
6ecc5b3becabe22f4ab6c0942b05b37b,e2f5d11724f9e302fea584c778c80059,pair_dissolved_by_refactoring,signature_changed,signature_changed,0.97,0.97
6f12b9d7a11b5e5e4b4a93f98d406818,9161c798016e8534babf35c5f44cebb8,pair_dissolved_by_refactoring,unknown,refactored,,0.76
6f4a95223d9db008929bd3f3c1bcfd68,723e464b7756d9bbe65aa789a41dd2da,pair_dissolved_by_refactoring,renamed,renamed,0.96,1.0
6f54bbdab6ea917a242462abe37df5c5,8d095771e0c4661292f13939e2bdddd0,pair_dissolved_naturally,exact,exact,1.0,1.0
6f698cd4c8d208d9cb17f1fe3d273875,b17602819a1d8642e269a79c54629d64,pair_dissolved_naturally,exact,exact,1.0,1.0
6fae3f1d97963d6df6602d3aea9b71d4,f2058bfbeb057b70cdcc93746b9c18f5,pair_dissolved_naturally,exact,exact,1.0,1.0
6fdae8d917b33a1edcb8c180495e05db,7b00608732daab4e3ab6b7e90c2e4206,pair_dissolved_by_refactoring,exact,signature_changed,1.0,1.0
6fec825eb9fb97c08d8f04ddf8584ac8,a5049a19faa59c944d8c13e4b9909ee3,pair_dissolved_naturally,exact,exact,1.0,1.0
7010024028be6a48534a53d45071928e,70d3857a20db5d1357a1da7065c20173,pair_dissolved_naturally,exact,exact,1.0,1.0
7010024028be6a48534a53d45071928e,89f433a3276f70fbaeb9dbd5646e12cb,pair_dissolved_naturally,exact,exact,1.0,1.0
7010024028be6a48534a53d45071928e,d5095aa4463dde867c5fbf70a4a6b5c5,pair_dissolved_naturally,exact,exact,1.0,1.0
7010024028be6a48534a53d45071928e,e7797f51a46639bed889fb37460a52ae,pair_dissolved_naturally,exact,unknown,1.0,
701ee2777ca32802ca3ce561c8def97f,cfb28850a08bd9460d000e97c302dd84,pair_dissolved_by_refactoring,signature_changed,exact,0.93,1.0
703669c7fba38b6f0f84ebf10a260d9a,f8a5a6dd678b7af19816db0d774241ba,pair_dissolved_naturally,exact,exact,1.0,1.0
70a5aa6c1be6ef28e4e960f2b8e8a19a,7ca77a1dc3cd060acb1ceeae9396fbef,pair_dissolved_by_refactoring,signature_changed,signature_changed,0.92,0.9
70a5aa6c1be6ef28e4e960f2b8e8a19a,9ad3ddca58749025a07803637903f7ea,pair_dissolved_by_refactoring,signature_changed,signature_changed,0.92,0.93
70b15ca86f12b0337375ee1db867f4a0,e89a47276df2dbeef6bb07164c5dea99,method_a_deleted,deleted,exact,,1.0
70b7fb3f8d9312acd50e682334e92cc2,af1a8fc3274f464f974d70dd36b4bcae,pair_dissolved_naturally,exact,exact,1.0,1.0
70d3857a20db5d1357a1da7065c20173,89f433a3276f70fbaeb9dbd5646e12cb,pair_dissolved_naturally,exact,exact,1.0,1.0
70d3857a20db5d1357a1da7065c20173,d5095aa4463dde867c5fbf70a4a6b5c5,pair_dissolved_naturally,exact,exact,1.0,1.0
70d3857a20db5d1357a1da7065c20173,e7797f51a46639bed889fb37460a52ae,pair_dissolved_naturally,exact,unknown,1.0,
71113e373593f5d61ffbe8f164105908,8898b35f12e3b31d41a6ed957ba4bc6b,both_deleted,deleted,deleted,,
71134d551487d6a3d5406ddbf25c792d,d0995c94e7569e24248b23be7bca7362,pair_dissolved_naturally,exact,exact,1.0,1.0
719eabcb1d27b0e8be8c82209c241093,a439969a409d1fcc47254cf2ddf1626f,pair_dissolved_naturally,exact,exact,1.0,1.0
71ca17b3577056bcc317df3ae3470564,ff5ac674ae8b3d922e478354b8838a5f,pair_dissolved_naturally,exact,exact,1.0,1.0
71eae42700b3fed40304829b7e12c6db,8a024384500c20ac640f118e4810fed7,pair_dissolved_naturally,exact,exact,1.0,1.0
71eae42700b3fed40304829b7e12c6db,c67f4433c04f8bb14619ed583073dcc4,pair_dissolved_naturally,exact,exact,1.0,1.0
71ebc4db8b507f89c8b09536f786f2e4,a170228cbfd6ea1643e51e37e6c13462,pair_dissolved_naturally,exact,exact,1.0,1.0
720a253e72b8f3a07e6ecf48ad0b3e30,92e1b042720e2867462334408c1dca0f,pair_dissolved_by_refactoring,signature_changed,refactored,1.0,0.81
72133e1630af025aeeafb21e60cefe14,8b506ffe50638ab4e65877630f5908bb,pair_dissolved_naturally,exact,exact,1.0,1.0
72b6701dcbc3da8199d79e41ccdb01cc,a4bd72ed0897586936c29c3635eac60d,pair_dissolved_naturally,exact,exact,1.0,1.0
72b6701dcbc3da8199d79e41ccdb01cc,eed0d434f2dd457dcf9f76d403a8f754,pair_dissolved_naturally,exact,exact,1.0,1.0
72f4b89e87c03348bf25e10d93dde1a5,bdb408ca5c5e867f7396044e0f1368c4,method_a_deleted,deleted,exact,,1.0
72f4b89e87c03348bf25e10d93dde1a5,d3e346f2f0811cac01a30209726077cb,method_a_deleted,deleted,exact,,1.0
7330f221c12b6aa3cfa128a0a167f5bf,7755d37022c70d726f526fadac4a900e,pair_dissolved_naturally,exact,exact,1.0,1.0
73828e0bbfa1726e8104dc8c3e855954,be01d986978c7e75b6b5aeec522e1a49,pair_dissolved_naturally,exact,exact,1.0,1.0
73828e0bbfa1726e8104dc8c3e855954,ec7667b807e2606c7705fc704a1e07e0,pair_dissolved_naturally,exact,exact,1.0,1.0
73b5fcdd363039f27012705ff82a3091,b5213162c6f68d65679346d31d0c4da8,pair_dissolved_naturally,exact,exact,1.0,1.0
73c9089b5eb38e3c0d12ca62ccb4a1d7,751fe2e92349cb944d8db1bc93c5c4fd,pair_dissolved_naturally,exact,exact,1.0,1.0
73c9089b5eb38e3c0d12ca62ccb4a1d7,81660ddeeb1e2d4221b798d3a9a14f3b,pair_dissolved_naturally,exact,exact,1.0,1.0
73c9089b5eb38e3c0d12ca62ccb4a1d7,c578949f291d5fc51f7f6b3d9119d52e,pair_dissolved_naturally,exact,exact,1.0,1.0
73c9089b5eb38e3c0d12ca62ccb4a1d7,d7311a6a2256a6e2731509de625b748e,pair_dissolved_naturally,exact,exact,1.0,1.0
73c9089b5eb38e3c0d12ca62ccb4a1d7,de7a2105bf4e2457eb35366c0faf955e,pair_dissolved_naturally,exact,exact,1.0,1.0
73f6b38cb24f705ba2f807801a4cbaa8,9ac5aad74cbed49247fa6ab88fc83729,pair_dissolved_naturally,exact,exact,1.0,1.0
74aee1d88415b9d7e107a0a22bf8adbd,8a1b84f434a67657f470f8036a1f5afc,pair_dissolved_naturally,exact,exact,1.0,1.0
74c51855654781f5120ef9d9204795f7,a5049a19faa59c944d8c13e4b9909ee3,pair_dissolved_naturally,exact,exact,1.0,1.0
74cafc5dbaaafc8dc032e22b1dcee5b3,a1297ba84d69eff63487398174d71fd2,pair_dissolved_naturally,exact,exact,1.0,1.0
74cafc5dbaaafc8dc032e22b1dcee5b3,baee35f6955675d8b04f36afe80e5f97,pair_dissolved_naturally,exact,exact,1.0,1.0
74cfb1d28076fa30a3aaac160c5d7680,907682cac440f224c780db81b3cb4888,pair_dissolved_naturally,exact,exact,1.0,1.0
751fe2e92349cb944d8db1bc93c5c4fd,81660ddeeb1e2d4221b798d3a9a14f3b,pair_dissolved_naturally,exact,exact,1.0,1.0
751fe2e92349cb944d8db1bc93c5c4fd,c578949f291d5fc51f7f6b3d9119d52e,pair_dissolved_naturally,exact,exact,1.0,1.0
751fe2e92349cb944d8db1bc93c5c4fd,d7311a6a2256a6e2731509de625b748e,pair_dissolved_naturally,exact,exact,1.0,1.0
751fe2e92349cb944d8db1bc93c5c4fd,de7a2105bf4e2457eb35366c0faf955e,pair_dissolved_naturally,exact,exact,1.0,1.0
757d23178ccaf46ca0818d49df29b0b0,fdc94a939a8bba0f234a092f06890cf5,pair_dissolved_naturally,exact,exact,1.0,1.0
7586fb5ab35346d8850daa049fa32375,879ee7c51997e586209747c73f5d69df,pair_dissolved_naturally,exact,exact,1.0,1.0
75a036d4e8b5870d45241cb744020511,b308f0716e0352e194a2d198a0da6d74,pair_dissolved_naturally,exact,exact,1.0,1.0
75dacf185f4edde98048d29f7597793c,9811e471066065a54ceffaac26236113,pair_dissolved_by_refactoring,signature_changed,exact,0.89,1.0
75e8c0331f8e1545bf3a1eab713b7842,aff3bf1bc3ade55c922178474e02e5c4,pair_dissolved_naturally,exact,exact,1.0,1.0
7605191016513ee1313439ee6155c7dd,85545c63565b1c93190b3489e6eda741,pair_dissolved_by_refactoring,refactored,exact,0.76,1.0
7605191016513ee1313439ee6155c7dd,9ab0733f3e06f828262ed3a74fbfed54,pair_dissolved_by_refactoring,refactored,exact,0.76,1.0
7605191016513ee1313439ee6155c7dd,a5f6717f0de6f8966a08333c93701692,pair_dissolved_by_refactoring,refactored,exact,0.76,1.0
7605191016513ee1313439ee6155c7dd,b91d093ba2815884ad19cfed97e714e8,pair_dissolved_by_refactoring,refactored,exact,0.76,1.0
761a11968157d03446b3aa5bd99c867b,aa01b9ffe160500da31b168a1e804507,pair_dissolved_by_refactoring,signature_changed,signature_changed,0.97,0.9
76705b8765eba5de7f6c46204b314979,80b254c075d7af5abbab2c03c7b0c35a,pair_dissolved_naturally,exact,exact,1.0,1.0
7679eb9cc5ec75b59865cd3f76dfaabf,cc4dbd327bb95bdbc2fbfc05c9b1897c,pair_dissolved_naturally,exact,exact,1.0,1.0
7699b65824201ae354b6f19a66ed51c7,f23c830389ba6f6c06428c90d8060349,pair_dissolved_by_refactoring,signature_changed,exact,0.93,1.0
769d47056b214dd8199881761bd36a06,b8f201cb5a512eddaabf2ff1b451b1d0,pair_dissolved_by_refactoring,exact,moved,1.0,1.0
76ec8ba2514dffee35b4f5c54d1e90ea,8251f6aba1908d22cc60301157c678e8,method_a_deleted,deleted,exact,,1.0
76f37d52768ca5d4113358c0c2ba41d2,9afbe43bf4147b7f297c9f30e0714c34,both_deleted,deleted,deleted,,
76f37d52768ca5d4113358c0c2ba41d2,f257a34b9e4c4fabd1dae8de08d87f02,both_deleted,deleted,deleted,,
7755d37022c70d726f526fadac4a900e,d3adbe174077081373c0259262d72b56,pair_dissolved_naturally,exact,exact,1.0,1.0
7764dc646903f0e1d0a5d888977eebc4,8076251c7a2ca20a2c7542be12043153,pair_dissolved_naturally,exact,exact,1.0,1.0
77a0a1859f4f2b9a5840c1f4706e1cd0,abd143b640683c196daf5260ddcbcd63,pair_dissolved_naturally,unknown,unknown,,
77a0a1859f4f2b9a5840c1f4706e1cd0,b50acb9fc8c8f8dd566ea7044e768cca,pair_dissolved_naturally,unknown,unknown,,
77a0a1859f4f2b9a5840c1f4706e1cd0,c3c26852569f8c8220facb897645b09f,pair_dissolved_naturally,unknown,unknown,,
786f52ab674a2881e4ac81d281b9e293,9bdbb00c75241fcc4b8c29435521a515,pair_dissolved_by_refactoring,signature_changed,signature_changed,0.82,0.82
786f52ab674a2881e4ac81d281b9e293,e467b32a783771989da1b38162e6bc88,pair_dissolved_by_refactoring,signature_changed,signature_changed,0.82,0.82
7875fb0470d5eb6f2c685547715159d4,bdce97f3f49194d55cce5c1a238d2506,pair_dissolved_naturally,exact,exact,1.0,1.0
78b349b7181a2b500577f329613bbdf5,d48e744a57b1503448c19ccb8f931a39,pair_dissolved_naturally,exact,exact,1.0,1.0
78bd50da469c6dfee71c899413b6424c,afb79911e4eb775a9b68883fd351d4e0,pair_dissolved_naturally,exact,exact,1.0,1.0
78cee610d8799c2f2f63a91296627291,a3e0a6cf4ae3c3a0b63dc1131fdd6552,pair_dissolved_by_refactoring,exact,signature_changed,1.0,1.0
78f402031108e8bd1aa3c804e6094adb,ba2b93cc7e09e4fa8b707721f45e87a3,pair_dissolved_naturally,exact,exact,1.0,1.0
7913ed43a4ea1e104b311088d4f0e297,ec1ac786a90b9e815ea7a71a0bc22be1,pair_dissolved_by_refactoring,signature_changed,signature_changed,0.93,0.93
793d755c68e7155e274ea15e2cca3aa8,a745343c9c0dee0e7b6d745baf76609c,pair_dissolved_by_refactoring,exact,signature_changed,1.0,0.97
79b056ced011b5e6985a9592e006b284,79ed64100332ac821ec6290f48472b8e,pair_dissolved_by_refactoring,exact,signature_changed,1.0,0.95
79b056ced011b5e6985a9592e006b284,b9595bd3361e5d06d5ae1e3a4dfea5e1,pair_dissolved_naturally,exact,exact,1.0,1.0
79cf4092befcd7b1c74be4d384fb2496,896f9dee05c5715f080add939e6ea561,pair_dissolved_by_refactoring,signature_changed,signature_changed,0.97,1.0
79cf4092befcd7b1c74be4d384fb2496,957cb681556029aa5926d285f1dd8e36,pair_dissolved_by_refactoring,signature_changed,signature_changed,0.97,0.97
79cf4092befcd7b1c74be4d384fb2496,a469e0a39cf45d6a99feac0b6ec85214,pair_dissolved_by_refactoring,signature_changed,signature_changed,0.97,1.0
79cf4092befcd7b1c74be4d384fb2496,fb5ae45a449ab802fdddfecba4b05088,pair_dissolved_by_refactoring,signature_changed,signature_changed,0.97,0.97
79da053e35201b8cab01e5bb4bdba5e3,fe3c5ed6293bdbe29d8be81511106fe5,pair_dissolved_naturally,exact,exact,1.0,1.0
7a1705d537d7b72712154dd97af7ed78,e2a4150a5b8f6eaa5bb99381455f0245,pair_dissolved_naturally,exact,exact,1.0,1.0
7a78f20f7059cf755d69ffdbfc1e01eb,b6003b018b5318313d6f7a9a267d4e23,pair_dissolved_naturally,exact,exact,1.0,1.0
7ad2f9862fa9dda0a37835cdf4293def,b023d247f46c87880e90b894fb14037e,pair_dissolved_by_refactoring,signature_changed,exact,0.98,1.0
7b00608732daab4e3ab6b7e90c2e4206,7f46cba17cc90baf700d442b85fc9bb5,pair_dissolved_by_refactoring,signature_changed,exact,1.0,1.0
7b00608732daab4e3ab6b7e90c2e4206,aebaa25b79562e4f51c910c483fb126c,pair_dissolved_by_refactoring,signature_changed,signature_changed,1.0,1.0
7b3632666ed752692265d2cbe3030fa0,f5b8373ff7d56f503cc9f2f8a598e8d2,pair_dissolved_naturally,exact,exact,1.0,1.0
7b5b2e4066381ddbdfd256ac49109edb,af6d4ee396a4369ff518acd362f9e346,pair_dissolved_naturally,exact,exact,1.0,1.0
7b8b637daeb322940e0cc64d63bfc7a1,eff3e79d163f7ece7108b8d069106805,pair_dissolved_by_refactoring,signature_changed,exact,0.96,1.0
7bb92f3b17a70ef3521ccba383ac6881,ab00840fcdd2adf0672473936a7c2b8f,pair_dissolved_naturally,exact,exact,1.0,1.0
7bb92f3b17a70ef3521ccba383ac6881,af8383042de6f6b6cdaa546ee04a03f5,pair_dissolved_naturally,exact,exact,1.0,1.0
7bb92f3b17a70ef3521ccba383ac6881,c15c70d9a6b469ea4f774f732a160803,pair_dissolved_naturally,exact,exact,1.0,1.0
7bb92f3b17a70ef3521ccba383ac6881,f8686b6bb5a8c2193ca210850b8105ab,pair_dissolved_naturally,exact,exact,1.0,1.0
7bc29bbc661e6296e2f6e0bbb2e52a18,94bffe362fb57d4fb65722fbe8f80d00,pair_dissolved_by_refactoring,signature_changed,signature_changed,0.97,0.95
7c3450a279ddeb48c10ca019dae8c6f7,a45d0bb0f6b8ef11a0fcf9be9e9fcbd7,pair_dissolved_naturally,exact,exact,1.0,1.0
7c5bc77d896aa0c0b90e64b83dd7eb6e,88901fefdcd5f1e5e87ae9e58f1f7dbd,method_a_deleted,deleted,refactored,,0.87
7c5bc77d896aa0c0b90e64b83dd7eb6e,d05355a48a05d1aa5313abb711dd65e9,method_a_deleted,deleted,exact,,1.0
7c60dbbdde7a46f2e0fe5eb07a9aab91,b646f4cf190e52f145c1c4ffe42d8e38,pair_dissolved_naturally,exact,exact,1.0,1.0
7c60dbbdde7a46f2e0fe5eb07a9aab91,cbd6bd8f52a452f03a0796f1cba721bf,pair_dissolved_naturally,exact,exact,1.0,1.0
7cab75a45fbd37fe5dabff7bbc5aaa55,dea71a01a7a16b71722fd8096d21aa7a,pair_dissolved_naturally,exact,exact,1.0,1.0
7ccc4c2a73ce7b30105c3d5d59e9109a,98f67f40555cd24b6b47213742502ab3,pair_dissolved_by_refactoring,signature_changed,signature_changed,1.0,1.0
7ccc4c2a73ce7b30105c3d5d59e9109a,9ab0733f3e06f828262ed3a74fbfed54,pair_dissolved_by_refactoring,signature_changed,exact,1.0,1.0
7ccc4c2a73ce7b30105c3d5d59e9109a,aec6fe392888c827e6de0daba28630c2,pair_dissolved_by_refactoring,signature_changed,signature_changed,1.0,1.0
7ccc4c2a73ce7b30105c3d5d59e9109a,b891ff50cff4c04fb8f0b285637ed1df,pair_dissolved_by_refactoring,signature_changed,signature_changed,1.0,1.0
7ccc4c2a73ce7b30105c3d5d59e9109a,d30726380f036e104eb09980dae91063,pair_dissolved_by_refactoring,signature_changed,signature_changed,1.0,1.0
7ccc4c2a73ce7b30105c3d5d59e9109a,d7a93f199d81e6879bc547c737bee761,pair_dissolved_by_refactoring,signature_changed,signature_changed,1.0,1.0
7ccc4c2a73ce7b30105c3d5d59e9109a,dac5e832febd89ac1f6cf98e851c4707,pair_dissolved_by_refactoring,signature_changed,signature_changed,1.0,1.0
7d53c5981194decbde894ffcf7739564,96618b229fe9f3570884e96e14c3e1d2,pair_dissolved_naturally,exact,exact,1.0,1.0
7d53c5981194decbde894ffcf7739564,e2e4cec90e67db4172e3ad59cd5e152e,pair_dissolved_naturally,exact,exact,1.0,1.0
7d5f51d73c813088d129fdf18d3fbc77,a28e7e7ec424486b08a676914f075c55,pair_dissolved_naturally,exact,exact,1.0,1.0
7d5f51d73c813088d129fdf18d3fbc77,c6adc25c4c273f6620aae4b35103c6b5,pair_dissolved_naturally,exact,exact,1.0,1.0
7d5f51d73c813088d129fdf18d3fbc77,f3ed69e940ac0319d10ce57c6ca7b010,pair_dissolved_naturally,exact,exact,1.0,1.0
7dacec504ca3cc3f7092cf7e75f846e1,abac63c20cb080c375cd92c946dbd5d5,pair_dissolved_naturally,exact,exact,1.0,1.0
7dacec504ca3cc3f7092cf7e75f846e1,b82bfccd2bdc3b3826dad54d74e92887,pair_dissolved_naturally,exact,exact,1.0,1.0
7dacec504ca3cc3f7092cf7e75f846e1,f3906349268a90e643d196ed5f3fc9d9,pair_dissolved_naturally,exact,exact,1.0,1.0
7dbdbb24176d9934ff35c7a38e3e87da,7ed14aaaab2842a9ac1b53bf7a407489,pair_dissolved_by_refactoring,signature_changed,signature_changed,0.96,0.96
7dbe53eef3f4c04c3c6c35e3dd6c99c9,8378ec0127c96b582108ff4d07931663,pair_dissolved_naturally,exact,exact,1.0,1.0
7dc70337a6a9c8abf0fb6cfb92713796,abbd27c8c31b609a6e8d1483ff668864,pair_dissolved_by_refactoring,signature_changed,signature_changed,0.95,1.0
7dc70337a6a9c8abf0fb6cfb92713796,bb667c344db70eb230b6a6247d6b54e6,pair_dissolved_by_refactoring,signature_changed,signature_changed,0.95,0.97
7de2c90ab2bc212baaee2058ace360a3,c9c805201b3f79d27e0ef5f6b1b74978,both_deleted,deleted,deleted,,
7df8b2286cb3361bc127801cf6189f4d,c182a4ea213671336a9bd8a9812525f1,pair_dissolved_naturally,exact,exact,1.0,1.0
7df8b2286cb3361bc127801cf6189f4d,feccee7cd8230e987b00c9568d236d27,pair_dissolved_naturally,exact,exact,1.0,1.0
7e56f7ea5543c4424a4ba610aa52e7e2,8014fa9cdfb62a761423e1fa3a1acce5,pair_dissolved_naturally,exact,exact,1.0,1.0
7ea11b055d0e7a5e1a5f0cc14fda552f,fbb848c8f5c4c765a19668411b6637fb,pair_dissolved_naturally,exact,exact,1.0,1.0
7eec89b96862c29f65f73f0c383d8d17,f2ccf35ad21b3edd2fe2712d62331a01,pair_dissolved_naturally,unknown,unknown,,
7f74a7e553befbce28473ebb10930a0c,e56fdfa780f3dad83ef57d591cf17096,pair_dissolved_naturally,exact,exact,1.0,1.0
7fb52242b6de8d753aecb18c2a054ec0,d66f9d029db0193d9f404e92c3427bab,pair_dissolved_naturally,exact,exact,1.0,1.0
7fc2b382a79b7768e56bb58b42afa76c,cdc2b10184a60c06072963319d28d8a8,pair_dissolved_naturally,exact,exact,1.0,1.0
7ffee301779b11a54243bd0819d53e65,d26f5bdaaac557bc039c9aedb5d473fc,method_b_deleted,exact,deleted,1.0,
8007ca57bb3c365462f95a6caa698c20,d070fa1ba886c5e1efc8a1f3980bae66,pair_dissolved_by_refactoring,signature_changed,signature_changed,0.99,1.0
8007ca57bb3c365462f95a6caa698c20,f7d0f5be10ca64a4576c5e287f46ff50,pair_dissolved_by_refactoring,signature_changed,exact,0.99,1.0
8014fa9cdfb62a761423e1fa3a1acce5,82d1f037d24b4fb5f0b5fbe37393fce1,pair_dissolved_naturally,exact,exact,1.0,1.0
804a231586f9c893f58d920753b66f72,ffd0cc6d3c73dd2862de98a98187c5e4,pair_dissolved_by_refactoring,signature_changed,exact,0.97,1.0
807fad579849201f127d0f3ff4dc7e5c,b0d685d9e2b05890c52e1eac733ed504,pair_dissolved_naturally,exact,exact,1.0,1.0
809483f24b75b80080b3a8df0281db2c,d26f5bdaaac557bc039c9aedb5d473fc,method_b_deleted,exact,deleted,1.0,
80ae8dc3a698958bae2b39cd9b9a7158,82e39465e54636687d6ea442ef135771,method_a_deleted,deleted,exact,,1.0
80ae8dc3a698958bae2b39cd9b9a7158,960ebe8e73e397b49dd24e69e5d1eab0,both_deleted,deleted,deleted,,
80ae8dc3a698958bae2b39cd9b9a7158,b105bbbcd616eb65f7a2126273e3b5ef,method_a_deleted,deleted,exact,,1.0
8147301db34b47da66283f63976fa75e,f8c36d02f4eaef60eebbc351da9d82d6,pair_dissolved_naturally,exact,exact,1.0,1.0
814f4e2bd06f801ad1babb6c2d312982,8eb9d5ffcc2d5249fbc4631f7b304a55,pair_dissolved_naturally,unknown,unknown,,
81660ddeeb1e2d4221b798d3a9a14f3b,d7311a6a2256a6e2731509de625b748e,pair_dissolved_naturally,exact,exact,1.0,1.0
81660ddeeb1e2d4221b798d3a9a14f3b,de7a2105bf4e2457eb35366c0faf955e,pair_dissolved_naturally,exact,exact,1.0,1.0
81abef67f61c0f9118bb521a22bc5d6e,c2e4878956c29c140652b818bd69403e,pair_dissolved_naturally,exact,exact,1.0,1.0
81c71a669bbafbd25823d77d069600b6,b1c6cddaafed4200d6605f62bd5f1f5b,pair_dissolved_by_refactoring,signature_changed,signature_changed,0.9,0.91
81d717a4fbfdd79d66057080df71dccc,972dccf595bd6a7c9cb5ae05def53f14,pair_dissolved_naturally,exact,exact,1.0,1.0
81f2c0b2f42c95aea75df6bbe5e91eb4,8448897f1404a62c7ab600dfaae81837,pair_dissolved_by_refactoring,refactored,refactored,0.85,0.74
8265b7d5a2e29002a52b65a5f8b14f24,c26c28bc81b8257b3acfd3dd1c3882c2,pair_dissolved_naturally,exact,unknown,1.0,
82b3e362d85c976070a305e1eb6889e9,d79b07a0764d7dbdb8b8195d820e2d3d,method_b_deleted,exact,deleted,1.0,
82ceea3df98a6bcc141e91a587fa5de5,fd252b9049b079dacdf3c5f1e8867b8c,both_deleted,deleted,deleted,,
82e39465e54636687d6ea442ef135771,960ebe8e73e397b49dd24e69e5d1eab0,method_b_deleted,exact,deleted,1.0,
83e489d0b8e05abb65c05f6e6ae8f3e0,d0bd35da5bbba34e321f6271634a1565,pair_dissolved_naturally,exact,exact,1.0,1.0
84159079250e9769d862c995d1f985cc,f0cfa7afcaadf94ddd198230e02e4c9c,pair_dissolved_naturally,exact,exact,1.0,1.0
841b05a9205d3d3eab23b17af70e831b,cf41f4a9ba7418f0748fc49e34e2f1db,pair_dissolved_naturally,exact,exact,1.0,1.0
841e8f977fbd70f74d40d037019b36d6,8c4af3abc2aca383a84a270de345c5ab,pair_dissolved_by_refactoring,exact,signature_changed,1.0,1.0
843fdf2205f9b50b18ae178382b8e9eb,a5b19d7dda666af7a88aac7f38546ee9,pair_dissolved_by_refactoring,exact,signature_changed,1.0,1.0
848117c6f27b436295f5f7875548aeca,b193f1dca282317eaa5abcad713afe90,pair_dissolved_naturally,exact,exact,1.0,1.0
84bc1bba8fb25e15c1f8cf84f819ad3a,8a0253b3065c6c27e30f200cb205b026,pair_dissolved_naturally,exact,exact,1.0,1.0
84bc1bba8fb25e15c1f8cf84f819ad3a,a897511005a91b06494f7353aa5be8cb,pair_dissolved_naturally,exact,exact,1.0,1.0
84bc1bba8fb25e15c1f8cf84f819ad3a,ac146db4fc36ca76c6d67fe81f11c44f,pair_dissolved_naturally,exact,exact,1.0,1.0
84bc1bba8fb25e15c1f8cf84f819ad3a,bf90d60e5f67185147f878537a5ea893,pair_dissolved_naturally,exact,exact,1.0,1.0
84bc1bba8fb25e15c1f8cf84f819ad3a,d4efff86ebb2d631615d729aed3ace96,pair_dissolved_naturally,exact,exact,1.0,1.0
84bc1bba8fb25e15c1f8cf84f819ad3a,d8a0fec825032a406513f949773dc0d3,pair_dissolved_naturally,exact,exact,1.0,1.0
84c9035de210544676b8e8c49f85ab8f,b308f0716e0352e194a2d198a0da6d74,pair_dissolved_naturally,unknown,exact,,1.0
851e877f6d7ebc0058685f84ea722304,8a268dbf90db1aa48e84aadc1bc0d276,pair_dissolved_by_refactoring,signature_changed,signature_changed,1.0,1.0
8528e2975d533eff81f29e29985ff074,e3c31ac4fb98c4f896dc5cebed25f27d,pair_dissolved_by_refactoring,moved,exact,0.96,1.0
85545c63565b1c93190b3489e6eda741,9ab0733f3e06f828262ed3a74fbfed54,pair_dissolved_naturally,exact,exact,1.0,1.0
85545c63565b1c93190b3489e6eda741,a5f6717f0de6f8966a08333c93701692,pair_dissolved_naturally,exact,exact,1.0,1.0
85545c63565b1c93190b3489e6eda741,aec6fe392888c827e6de0daba28630c2,pair_dissolved_by_refactoring,exact,signature_changed,1.0,1.0
85545c63565b1c93190b3489e6eda741,b91d093ba2815884ad19cfed97e714e8,pair_dissolved_naturally,exact,exact,1.0,1.0
85545c63565b1c93190b3489e6eda741,d7a93f199d81e6879bc547c737bee761,pair_dissolved_by_refactoring,exact,signature_changed,1.0,1.0
85860122662fc045b4df52beba3521f6,d69097f8a706ede1d9470ecb6ae00ca2,pair_dissolved_naturally,exact,exact,1.0,1.0
85dcc423e451ccaa35ce3a1017840458,e5eeeeacfb07d7083a3e861c8cc83511,method_a_deleted,deleted,exact,,1.0
85f1aa84711693e46ab94fc271f92271,df9dc115f6c6de90844d6fb6814eec1b,pair_dissolved_naturally,exact,exact,1.0,1.0
8602f443273d69178fac71ff462e12ba,9211c7e67f13385718895eb8fef378ac,pair_dissolved_by_refactoring,renamed,renamed,0.97,1.0
860426eed0c2484ab6a285a03552da1f,d0a7b902faee3b738d36f267c33b9460,pair_dissolved_by_refactoring,exact,signature_changed,1.0,0.99
862781e1bbca4ff471bc1a2126f1baa9,8ac4ade24134ad8fa76223375a7f3840,pair_dissolved_by_refactoring,signature_changed,signature_changed,0.96,0.92
86cc6fd5563e2e7b2cfd5bb4690ae4b2,b7b6d3d87fd67f63b83a2742718a3f94,pair_dissolved_naturally,exact,exact,1.0,1.0
86cc6fd5563e2e7b2cfd5bb4690ae4b2,c80ed6e4aa1f251f35952653b7c9ca8e,pair_dissolved_naturally,exact,exact,1.0,1.0
86cc6fd5563e2e7b2cfd5bb4690ae4b2,d2bbc96491a614fcccfd25e8a5544e6f,pair_dissolved_naturally,exact,exact,1.0,1.0
86cc6fd5563e2e7b2cfd5bb4690ae4b2,d5aa1c3dde8465994d80048e30bf684a,pair_dissolved_naturally,exact,exact,1.0,1.0
87a408719151304841508d95466cecba,d95c125d28532ec7b3d1dc4e1d4142a1,pair_dissolved_naturally,exact,exact,1.0,1.0
87bcdba2b2e1715c2a31c7e53c73bcec,c10352f9ba310ca1e3b7f380354a02fe,pair_dissolved_naturally,exact,exact,1.0,1.0
87c0aa6dad965caf5f778bf4ac9420c9,e7dec559332d03fb915916410f6c6a71,pair_dissolved_naturally,exact,exact,1.0,1.0
8846415287181f9ebf831594f99c5423,908ec111760c2dbca3c13abbe5d8dd54,pair_dissolved_by_refactoring,signature_changed,signature_changed,0.91,0.91
8846415287181f9ebf831594f99c5423,f5576626e4a15e6ba14c8c928f411d74,pair_dissolved_by_refactoring,signature_changed,signature_changed,0.91,0.99
88975a300c9ceb16bc5cb3f170c3db4d,c84e3c29b3d89d94527ab3a5f8fa64be,pair_dissolved_naturally,exact,exact,1.0,1.0
894f9dfc209000b5e1cff377927cff32,bbbae082eb45f67825a9da9e8003a2b6,pair_dissolved_naturally,exact,exact,1.0,1.0
895986af97345e7067b077d663188ef8,db1cf910009b6e23d2b9e40ee71a135c,pair_dissolved_naturally,exact,exact,1.0,1.0
896f9dee05c5715f080add939e6ea561,957cb681556029aa5926d285f1dd8e36,pair_dissolved_by_refactoring,signature_changed,signature_changed,1.0,0.97
896f9dee05c5715f080add939e6ea561,a469e0a39cf45d6a99feac0b6ec85214,pair_dissolved_by_refactoring,signature_changed,signature_changed,1.0,1.0
896f9dee05c5715f080add939e6ea561,fb5ae45a449ab802fdddfecba4b05088,pair_dissolved_by_refactoring,signature_changed,signature_changed,1.0,0.97
896f9dee05c5715f080add939e6ea561,fcf5df5cb2e2a0dac2aae5c4d69b470c,method_b_deleted,signature_changed,deleted,1.0,
8999af52068a1c776049dd2db7d44c19,cf2b1b87787af081ae779555accfcd02,both_deleted,deleted,deleted,,
89ab34cb3e5212e30391569ae5359641,92973cc4f2600cc4d275369d175fb0c7,pair_dissolved_naturally,exact,exact,1.0,1.0
89e3c4d69be56f332eeb7eddfee356b1,9e3958b0575537f6529414db474bd8d9,pair_dissolved_naturally,exact,exact,1.0,1.0
89e3c4d69be56f332eeb7eddfee356b1,aaecf7c03c172bf757e3cde28b6ece63,pair_dissolved_naturally,exact,exact,1.0,1.0
89e3c4d69be56f332eeb7eddfee356b1,d05355a48a05d1aa5313abb711dd65e9,pair_dissolved_naturally,exact,exact,1.0,1.0
89f433a3276f70fbaeb9dbd5646e12cb,d5095aa4463dde867c5fbf70a4a6b5c5,pair_dissolved_naturally,exact,exact,1.0,1.0
89f433a3276f70fbaeb9dbd5646e12cb,e14556235dfad5570e44bb1db0b7d956,pair_dissolved_naturally,exact,exact,1.0,1.0
89f433a3276f70fbaeb9dbd5646e12cb,e7797f51a46639bed889fb37460a52ae,pair_dissolved_naturally,exact,unknown,1.0,
8a0253b3065c6c27e30f200cb205b026,a897511005a91b06494f7353aa5be8cb,pair_dissolved_naturally,exact,exact,1.0,1.0
8a0253b3065c6c27e30f200cb205b026,ac146db4fc36ca76c6d67fe81f11c44f,pair_dissolved_naturally,exact,exact,1.0,1.0
8a0253b3065c6c27e30f200cb205b026,bf90d60e5f67185147f878537a5ea893,pair_dissolved_naturally,exact,exact,1.0,1.0
8a0253b3065c6c27e30f200cb205b026,d4efff86ebb2d631615d729aed3ace96,pair_dissolved_naturally,exact,exact,1.0,1.0
8a0253b3065c6c27e30f200cb205b026,d8a0fec825032a406513f949773dc0d3,pair_dissolved_naturally,exact,exact,1.0,1.0
8a0bbfe81f3757755baae4d5b172d865,968213de38d32d7aab37e2c822a2d534,pair_dissolved_naturally,exact,exact,1.0,1.0
8a0bbfe81f3757755baae4d5b172d865,a78a596e2f582d8abc5f30bc7ab40a7b,pair_dissolved_naturally,exact,exact,1.0,1.0
8a1fe515c2dd85688d7a6bece5fecefa,ad667d95bcb91201e8efbbf08fde7a59,pair_dissolved_naturally,exact,exact,1.0,1.0
8a1fe515c2dd85688d7a6bece5fecefa,e4d6dc97756f0e4b4ff1862937a9eddc,pair_dissolved_naturally,exact,exact,1.0,1.0
8a268dbf90db1aa48e84aadc1bc0d276,fd320b763b8cd3838ce335fc57ed183f,pair_dissolved_by_refactoring,signature_changed,signature_changed,1.0,1.0
8adf8175bdbde212f341781bb8e60b88,a173e6599f2664d8612daee04834481c,pair_dissolved_naturally,exact,exact,1.0,1.0
8b506ffe50638ab4e65877630f5908bb,a160826610f128eb4f410f640be79e56,pair_dissolved_naturally,exact,exact,1.0,1.0
8b506ffe50638ab4e65877630f5908bb,e06e0ee60dadd2bef960edc7f60b6dff,pair_dissolved_naturally,exact,exact,1.0,1.0
8b506ffe50638ab4e65877630f5908bb,efe6da342e847c9043700787e1a99a19,pair_dissolved_naturally,exact,exact,1.0,1.0
8b68f143b4b3259a7ec8bd65af2a3654,a4837d738d96e5eb6c9b263c2420c3ff,pair_dissolved_naturally,exact,exact,1.0,1.0
8b68f143b4b3259a7ec8bd65af2a3654,acc564cc2ecb336c290465a0b7158ce7,pair_dissolved_naturally,exact,exact,1.0,1.0
8b829d43578d43b28e6ed162c4880f8a,bc0ae62f9912846e5c1b56ca2abc704f,pair_dissolved_by_refactoring,exact,signature_changed,1.0,1.0
8b829d43578d43b28e6ed162c4880f8a,ec269b2dd3f77456dae528fec31e77b9,pair_dissolved_naturally,exact,exact,1.0,1.0
8c1be71f2dd917d0c654ef2537418d64,a13b79d646a3aa3649ac26d4f59afb51,pair_dissolved_naturally,exact,exact,1.0,1.0
8c205c17759f154956e5738c2cd7df3a,b8120732c3a0837e3d7166ac8219fdd1,pair_dissolved_naturally,exact,exact,1.0,1.0
8c282399317f6e8bd90da691b8d423c6,aebaa25b79562e4f51c910c483fb126c,pair_dissolved_by_refactoring,exact,signature_changed,1.0,1.0
8c5566d60f2caea24956c6d7e5c7c925,d91812848f1c8cce7a3040a616fd64d3,pair_dissolved_naturally,exact,exact,1.0,1.0
8c5b048827346bd84d7ade53eb483e04,d2f5f0db26a1c5066c7bfe02fdacee55,method_b_deleted,signature_changed,deleted,0.89,
8d0918bec8999a1873ce19328757f9e0,c0165a53462018b216cae1d357f8750f,pair_dissolved_naturally,exact,exact,1.0,1.0
8d1ec97d2cf2a2b2ce3311eb5b13eacc,e87cacf768c86a58d75e6314e10e9c19,pair_dissolved_by_refactoring,signature_changed,signature_changed,0.94,0.93
8d24defb68cbaf15677866670c397db2,ff138e1526cb0592124b125d075052bf,pair_dissolved_naturally,exact,exact,1.0,1.0
8d3f738710ca60d159b1ea0d1da03cde,d264ea853a0e383410bb7da910d7ab4f,pair_dissolved_naturally,exact,exact,1.0,1.0
8e704db616ca668f135ef81bc5595623,aa01b9ffe160500da31b168a1e804507,pair_dissolved_by_refactoring,signature_changed,signature_changed,0.96,0.9
8e7ebf280a743eaa9b360671d3e414b1,ab1eedbb2ee75494500d7afa993f7175,pair_dissolved_naturally,exact,exact,1.0,1.0
8ec695ec75cf9873407285cc9976566c,99e381df19c78ddb4a1c7311a4579f4a,pair_dissolved_naturally,exact,exact,1.0,1.0
8ec695ec75cf9873407285cc9976566c,af838f4b4d8493003022163d62c58bfc,pair_dissolved_naturally,exact,exact,1.0,1.0
8f0fdfe1c7d247874a7e5e62a454890c,e264b308664d8853cf69bf7ad7befb97,pair_dissolved_naturally,exact,exact,1.0,1.0
8f650f974ae39874e39dc2865124b67a,e7202340e707bec2354c0052a74b9ea0,pair_dissolved_naturally,exact,exact,1.0,1.0
8fcf64bc35464f23cc68187c9ae688c2,a6d2ce0ff7447ff9207cf281485eb704,pair_dissolved_naturally,exact,exact,1.0,1.0
90193f7be859ab74851a160024675509,f37abbea06c57a5f91d13f27cc3bce69,pair_dissolved_naturally,unknown,unknown,,
9051273319c5aa6b961594fbd912b7e6,c19c561821a8eb9ebf3183e50f7791aa,pair_dissolved_naturally,exact,exact,1.0,1.0
907682cac440f224c780db81b3cb4888,b351423670972a125364804b4e2cf85e,pair_dissolved_naturally,exact,exact,1.0,1.0
908ec111760c2dbca3c13abbe5d8dd54,f5576626e4a15e6ba14c8c928f411d74,pair_dissolved_by_refactoring,signature_changed,signature_changed,0.91,0.99
909f091a890d095ac00a6662a0821974,d837f6dff34f939a3fe1877619817f9a,pair_dissolved_naturally,exact,exact,1.0,1.0
90e7898b68732eb422f35a2b680a2c46,e8b5d4f8dc70c890800d878be4d42bbf,pair_dissolved_naturally,exact,exact,1.0,1.0
911183311e470cfd3648f9b097786290,9cd082ea27f3e8f3ee604bd4748e0e02,pair_dissolved_naturally,exact,exact,1.0,1.0
911183311e470cfd3648f9b097786290,b965126db095e7a5d660614c04b6b33f,pair_dissolved_naturally,exact,exact,1.0,1.0
9117ce7a0c1d04f7753a5f1eed038c6c,d79b07a0764d7dbdb8b8195d820e2d3d,method_b_deleted,exact,deleted,1.0,
911ff9e35bff28658361b80678e54787,f6be7b4100599a86b61d4cf3f83a3d97,pair_dissolved_naturally,exact,exact,1.0,1.0
913ee5b4515e7117e78b0c1c5e364590,988834ee3fbfb1a42c7a493bd2a9e043,pair_dissolved_naturally,exact,exact,1.0,1.0
91813dd1090ccfd68172f89b9aea4c01,ba8aadbeb36e9f322f02ca0dd585bd84,pair_dissolved_by_refactoring,signature_changed,signature_changed,0.96,0.96
91813dd1090ccfd68172f89b9aea4c01,f016605874d73e7355413e91990e46f5,pair_dissolved_by_refactoring,signature_changed,signature_changed,0.96,0.97
92519c9925d9dbe3ef55fe8b2488f4f2,b1f943fd1c2ef835ac0e6fe219d0ce05,pair_dissolved_by_refactoring,exact,signature_changed,1.0,1.0
9252d1245daab0cf868764754712f5c6,efc63482feeadc7bfed821ddd772a7ed,pair_dissolved_by_refactoring,signature_changed,exact,1.0,1.0
925f68302b88f16fb17265d9d19c7db7,aedf11f54e7b7cf800deb669323fe9e9,pair_dissolved_naturally,exact,exact,1.0,1.0
925f68302b88f16fb17265d9d19c7db7,f0c95e754c092ea618078a1522c53a7e,pair_dissolved_naturally,exact,exact,1.0,1.0
926f0a1b9aebda3803b864045275423d,fdf47fb041409c26d90d1558b175fd76,pair_dissolved_by_refactoring,signature_changed,signature_changed,0.89,0.9
93030cc2cdfe1089145cf33d5fd03943,e520177f672bf7f04441c042d8b26016,pair_dissolved_naturally,exact,exact,1.0,1.0
938ca0f9166a18c466af93b0d9a43edd,f527adc754c86a6b93fe98264db0b5e0,pair_dissolved_naturally,exact,exact,1.0,1.0
93975307f681f5fd44ea98175bff4fde,ff21cbef5c90261443a120115dcdf4a4,pair_dissolved_naturally,exact,exact,1.0,1.0
942588d7f973258531221b51b2c3c46a,f8670d45ed8dec8f1aac1e01b1efbbae,pair_dissolved_by_refactoring,signature_changed,signature_changed,0.94,0.86
944612514d2d680fe607f0b73fcd9ae2,d26f5bdaaac557bc039c9aedb5d473fc,method_b_deleted,exact,deleted,1.0,
9492f80fb91536bbaa3e134bc5f8c51c,f5af8652e68781c70f4b42c045ccb2bd,pair_dissolved_by_refactoring,signature_changed,signature_changed,0.92,0.96
94a0e486d220d60aaae565908286db14,b8f201cb5a512eddaabf2ff1b451b1d0,pair_dissolved_by_refactoring,exact,moved,1.0,1.0
94b2e983906d6152bb6115f84b0d7c3e,ee7fa4a589da47e7f3cd70eb017efc70,pair_dissolved_naturally,unknown,exact,,1.0
951f3d98555eae1df1b48d7bb8db7d81,f7e0ac04113b802d07c931a377e6b85f,pair_dissolved_by_refactoring,refactored,exact,0.88,1.0
9542904e9564c44300bb11758ccb3499,c844e7657336aa02241d6f71b45032ba,pair_dissolved_naturally,exact,exact,1.0,1.0
955b1d84cac4410946ec493023592b36,fb1ed5607a2926e1eee0c8a56f665115,pair_dissolved_by_refactoring,exact,signature_changed,1.0,1.0
957cb681556029aa5926d285f1dd8e36,a469e0a39cf45d6a99feac0b6ec85214,pair_dissolved_by_refactoring,signature_changed,signature_changed,0.97,1.0
957cb681556029aa5926d285f1dd8e36,fb5ae45a449ab802fdddfecba4b05088,pair_dissolved_by_refactoring,signature_changed,signature_changed,0.97,0.97
9675c9e7186c96a169c8b0c75bf66d90,df9dc115f6c6de90844d6fb6814eec1b,pair_dissolved_naturally,exact,exact,1.0,1.0
978694728a053fd47f465b6c9b63f241,a01b57f3b3a3c0ffc11e49f1c3f47db8,pair_dissolved_naturally,exact,exact,1.0,1.0
979918c6cf0e2dff3fd6bd1341402f70,d3b78206b7937f8c322eadde4e8fba0c,pair_dissolved_naturally,exact,exact,1.0,1.0
988f0ce373d936fdc05aa808b545004b,9ed95614873ecc0b8b10c02819e6831e,pair_dissolved_by_refactoring,signature_changed,signature_changed,0.96,0.84
988f0ce373d936fdc05aa808b545004b,c16ed7969bd98fc404984b64c6cde418,pair_dissolved_by_refactoring,signature_changed,signature_changed,0.96,0.83
9894c812a80abb5d48713d6daf24bbb8,e920f12213ba16685552d21ee76db3b8,pair_dissolved_by_refactoring,signature_changed,exact,1.0,1.0
98a6ac17660ce7d130914590845a9837,c10352f9ba310ca1e3b7f380354a02fe,pair_dissolved_naturally,exact,exact,1.0,1.0
98f67f40555cd24b6b47213742502ab3,9ab0733f3e06f828262ed3a74fbfed54,pair_dissolved_by_refactoring,signature_changed,exact,1.0,1.0
98f67f40555cd24b6b47213742502ab3,aec6fe392888c827e6de0daba28630c2,pair_dissolved_by_refactoring,signature_changed,signature_changed,1.0,1.0
98f67f40555cd24b6b47213742502ab3,b891ff50cff4c04fb8f0b285637ed1df,pair_dissolved_by_refactoring,signature_changed,signature_changed,1.0,1.0
98f67f40555cd24b6b47213742502ab3,d30726380f036e104eb09980dae91063,pair_dissolved_by_refactoring,signature_changed,signature_changed,1.0,1.0
98f67f40555cd24b6b47213742502ab3,d7a93f199d81e6879bc547c737bee761,pair_dissolved_by_refactoring,signature_changed,signature_changed,1.0,1.0
98f67f40555cd24b6b47213742502ab3,dac5e832febd89ac1f6cf98e851c4707,pair_dissolved_by_refactoring,signature_changed,signature_changed,1.0,1.0
990a56f02227c2c8ff7b7e5c5e9d1865,aee70a90cd9637d2e473078d33fd8a58,method_b_deleted,renamed,deleted,0.93,
990a56f02227c2c8ff7b7e5c5e9d1865,b294f5349dbaefd34f8809211845eca8,pair_dissolved_by_refactoring,renamed,refactored,0.93,0.81
990a56f02227c2c8ff7b7e5c5e9d1865,c092596b349426c025a5813ede8296de,pair_dissolved_by_refactoring,renamed,signature_changed,0.93,0.74
990a56f02227c2c8ff7b7e5c5e9d1865,cb69c37d937c69913127ed5dc287c29e,pair_dissolved_by_refactoring,renamed,refactored,0.93,0.83
9956221309a31ddb51f02cc0c72c3ab2,9fbfc147865cb278b272750c5665d694,pair_dissolved_by_refactoring,signature_changed,exact,0.98,1.0
99e381df19c78ddb4a1c7311a4579f4a,af838f4b4d8493003022163d62c58bfc,pair_dissolved_naturally,exact,exact,1.0,1.0
9a0a3d59394241b6dffb0ca4c01b7d2a,fffefb9bfaf3d03b15faead0e3d27cb6,pair_dissolved_by_refactoring,signature_changed,signature_changed,1.0,0.98
9a10cae6fe24042397aad4e4911c41ee,e481176487327135121202b066427fd2,pair_dissolved_by_refactoring,signature_changed,signature_changed,0.98,0.98
9a4b5f8ca8cf8d72dc9f8df32dd936c8,db36874eacd476f973e74b3ce861cf37,pair_dissolved_naturally,exact,exact,1.0,1.0
9a9069f6954b335d83f51739ef204f44,c1b4c93a983170bd2776b6fb77b41a5c,pair_dissolved_naturally,exact,exact,1.0,1.0
9ab0733f3e06f828262ed3a74fbfed54,aec6fe392888c827e6de0daba28630c2,pair_dissolved_by_refactoring,exact,signature_changed,1.0,1.0
9ab0733f3e06f828262ed3a74fbfed54,b891ff50cff4c04fb8f0b285637ed1df,pair_dissolved_by_refactoring,exact,signature_changed,1.0,1.0
9ab0733f3e06f828262ed3a74fbfed54,b91d093ba2815884ad19cfed97e714e8,pair_dissolved_naturally,exact,exact,1.0,1.0
9ab0733f3e06f828262ed3a74fbfed54,d30726380f036e104eb09980dae91063,pair_dissolved_by_refactoring,exact,signature_changed,1.0,1.0
9ab0733f3e06f828262ed3a74fbfed54,d7a93f199d81e6879bc547c737bee761,pair_dissolved_by_refactoring,exact,signature_changed,1.0,1.0
9ab0733f3e06f828262ed3a74fbfed54,dac5e832febd89ac1f6cf98e851c4707,pair_dissolved_by_refactoring,exact,signature_changed,1.0,1.0
9ab0733f3e06f828262ed3a74fbfed54,fefa5313d148ee7323535326be078429,pair_dissolved_by_refactoring,exact,signature_changed,1.0,1.0
9acb9ba4da68006aa1b3e5ecd494748e,ea1ec674ae147899c0110f5e5fbb0dae,pair_dissolved_naturally,exact,exact,1.0,1.0
9afbe43bf4147b7f297c9f30e0714c34,f257a34b9e4c4fabd1dae8de08d87f02,both_deleted,deleted,deleted,,
9b51fe036b61b4140eb7a9d4fefca066,e693f5a355fd553cf687cafbc89a553b,pair_dissolved_naturally,exact,exact,1.0,1.0
9b56bf683fdb11f2c7109e3435036c0d,bde72ffb58ecf1c56d1e6e2d71725437,pair_dissolved_by_refactoring,signature_changed,exact,0.95,1.0
9b68d70471c9a8adddf433106665a738,9d385087783a66a1be987599eb285962,pair_dissolved_naturally,exact,exact,1.0,1.0
9b85a325103fed1c44f7cff5507d2cb1,cb69c37d937c69913127ed5dc287c29e,pair_dissolved_by_refactoring,exact,refactored,1.0,0.83
9bdbb00c75241fcc4b8c29435521a515,e467b32a783771989da1b38162e6bc88,pair_dissolved_by_refactoring,signature_changed,signature_changed,0.82,0.82
9be33fbf0ade76b9fb4dd137b3770825,fab89513c2f5052bbec219b2ec3ae551,pair_dissolved_by_refactoring,exact,signature_changed,1.0,1.0
9bf0d24ec46bc349f4fa7f2b4cb80644,b76df8a1a86f86ad274aae15fef86f68,pair_dissolved_naturally,exact,exact,1.0,1.0
9c1289bb10d1247557e7651bdfb092b7,ff604fbdc752d784cc9eabedb9c2b76c,pair_dissolved_by_refactoring,signature_changed,signature_changed,0.9,0.9
9ca1e9aeb6c22d8af37f60925bbbedf1,ca435d164131a9bcc2c2b05f479b3fc2,both_deleted,deleted,deleted,,
9ca1e9aeb6c22d8af37f60925bbbedf1,f9cbbaeda40013392be7cae4aafaab0b,both_deleted,deleted,deleted,,
9d2029b29d488b424fe060f9e9b6a4fc,d26f5bdaaac557bc039c9aedb5d473fc,method_b_deleted,exact,deleted,1.0,
9d25d78157d385e68223d6589570f9f8,cde574a2157e99349b825e6123f7024a,pair_dissolved_naturally,exact,exact,1.0,1.0
9d25d78157d385e68223d6589570f9f8,d9fdebdb652a15d1d5c7c76882d5ed51,pair_dissolved_naturally,exact,exact,1.0,1.0
9d43d848a0e3ce3da963041192feb7f5,d761250f9cef7b2618d661cf9a6f88f8,pair_dissolved_by_refactoring,signature_changed,signature_changed,0.97,0.95
9d53f1b9133cfa91a092e344cfff1eb4,d26f5bdaaac557bc039c9aedb5d473fc,method_b_deleted,exact,deleted,1.0,
9d53f1b9133cfa91a092e344cfff1eb4,eb1cedd42f29896715362e2e5c1ac3d9,pair_dissolved_naturally,exact,exact,1.0,1.0
9d82905aa9ba5766b177aeeedb046972,9e3a534ca9063349dbf92463ccf35f62,pair_dissolved_naturally,unknown,exact,,1.0
9d82905aa9ba5766b177aeeedb046972,e89e3e32e1c2b39155eae2035b553d65,pair_dissolved_naturally,unknown,unknown,,
9deb0af8d6221233f4203ff3e97579c0,c07c282838d9d66ceb1cc8abcea4b666,pair_dissolved_by_refactoring,exact,signature_changed,1.0,1.0
9e3958b0575537f6529414db474bd8d9,c8a005d04ffbc5a8458bd0dc6c0d4ffb,pair_dissolved_by_refactoring,exact,signature_changed,1.0,1.0
9e3958b0575537f6529414db474bd8d9,fa643c31ba3ceb3ff866567669d6cd6f,pair_dissolved_naturally,exact,exact,1.0,1.0
9e3a534ca9063349dbf92463ccf35f62,e89e3e32e1c2b39155eae2035b553d65,pair_dissolved_naturally,exact,unknown,1.0,
9e544aa50e29e75111b5d4dc049f65f2,b96a8a010eb6dc340fae1511aadf4525,pair_dissolved_by_refactoring,signature_changed,exact,0.98,1.0
9e63d16afaf537c20080115cae849256,d3a64c9a4a543c0ee0b1d640db8d56a6,pair_dissolved_naturally,exact,exact,1.0,1.0
9e72ddccd9ddd292d800eed34e85e565,a160826610f128eb4f410f640be79e56,pair_dissolved_naturally,exact,exact,1.0,1.0
9e7a843656aa013de214e47c89479dc0,b045cd3a74053917a7218b7331c6116e,method_a_deleted,deleted,exact,,1.0
9eaa473b25525c86c47453b920ed0ec1,cb30bce4c9226eeb326f8057f69365ef,pair_dissolved_naturally,exact,exact,1.0,1.0
9ed95614873ecc0b8b10c02819e6831e,c16ed7969bd98fc404984b64c6cde418,pair_dissolved_by_refactoring,signature_changed,signature_changed,0.84,0.83
9ef3873d1e95b89b40e7c20bba9e6ac4,9fe8ab8c0b52d9e3a9963be36b6418b7,pair_dissolved_naturally,exact,exact,1.0,1.0
9f35d3943d1515e97d6a7edda2f98f65,bc9423a55a3cb700bef52aa3201a2ecb,pair_dissolved_naturally,exact,exact,1.0,1.0
9f607b56b4b8b51cb3af4c78d4837875,c3a55b0f3e61b2291a62b28401e19260,pair_dissolved_naturally,exact,exact,1.0,1.0
a0259e78b933be5da95a06408adfe8ef,f611c811a4b349f1b715d0abf1321195,method_b_deleted,signature_changed,deleted,1.0,
a058ee4dad0294d1b837ded44735305d,a1fa4a3a629a5b42ab4be74b4fbc4401,method_b_deleted,exact,deleted,1.0,
a06476e873c809b0af74bd634c6a4012,d26f5bdaaac557bc039c9aedb5d473fc,method_b_deleted,exact,deleted,1.0,
a0a019646a53c3698b310e08af61d35e,a45d0bb0f6b8ef11a0fcf9be9e9fcbd7,pair_dissolved_naturally,exact,exact,1.0,1.0
a0a019646a53c3698b310e08af61d35e,cb2c04ce11501b9aa4e22209ca37b5cd,pair_dissolved_naturally,exact,exact,1.0,1.0
a0f41210d16efa015e60bb3f0216435f,e1c4945524efa362d62ae35ecc6d9369,pair_dissolved_naturally,exact,exact,1.0,1.0
a160826610f128eb4f410f640be79e56,a315f8db55e03a0125c817e5508116c4,method_b_deleted,exact,deleted,1.0,
a160826610f128eb4f410f640be79e56,c92a8bd2386d544ee518bd166c83e00e,pair_dissolved_naturally,exact,exact,1.0,1.0
a1b2773a832499b2f4b4b69f6d48e403,b17a145c4335f4d22e55793dd6085dee,both_deleted,deleted,deleted,,
a1cb768f5a9fca764f15a9188af87d63,b8c748d077c66d9be47fd3cbba3b13c4,pair_dissolved_naturally,exact,exact,1.0,1.0
a1cb768f5a9fca764f15a9188af87d63,d8fd6dca69af2f3be4732bbf9f459f17,pair_dissolved_naturally,exact,exact,1.0,1.0
a1fff7d86af5b740cd3d998ce80ff277,e7c8b06aff677286a607f0b7aceb692f,pair_dissolved_by_refactoring,unknown,signature_changed,,0.75
a222c38330a3c4c5af802a8ddd67b8d4,f1ddc9bdeefa64d0062b3512730e2313,method_a_deleted,deleted,refactored,,0.81
a260b4c3d7e3d479618eda12fd52064f,bcdfe1e6e6e64ebad5e98fa61afc6313,pair_dissolved_by_refactoring,signature_changed,signature_changed,1.0,1.0
a28e7e7ec424486b08a676914f075c55,c6adc25c4c273f6620aae4b35103c6b5,pair_dissolved_naturally,exact,exact,1.0,1.0
a28e7e7ec424486b08a676914f075c55,f3ed69e940ac0319d10ce57c6ca7b010,pair_dissolved_naturally,exact,exact,1.0,1.0
a2916d55c2c9b5a0e3bbead2eb8c1fa0,dfa7ddf1c9fc7834ad719585ad90e458,pair_dissolved_by_refactoring,refactored,renamed,0.79,0.94
a2b4c114b5486a1bb0a7b62e22bcf631,e66dbcbeca53b9c749b29dae3beb2ae4,pair_dissolved_naturally,exact,exact,1.0,1.0
a307e6faac32ac0b99bcca5e279faeba,f9f0820970a7595c7193525c595911ba,pair_dissolved_naturally,exact,exact,1.0,1.0
a315f8db55e03a0125c817e5508116c4,b86fe88b93e94b134123beacc803d36f,method_a_deleted,deleted,exact,,1.0
a35040741e3a62e62be8af1d8644b463,a4e6955534eab223de2b9b26975f56de,pair_dissolved_by_refactoring,exact,signature_changed,1.0,0.98
a356709f7f935dc83b8200ea0e8a4be0,e0a484fd72b5d517843d2dae16317698,pair_dissolved_naturally,exact,exact,1.0,1.0
a45d0bb0f6b8ef11a0fcf9be9e9fcbd7,cb2c04ce11501b9aa4e22209ca37b5cd,pair_dissolved_naturally,exact,exact,1.0,1.0
a469e0a39cf45d6a99feac0b6ec85214,fb5ae45a449ab802fdddfecba4b05088,pair_dissolved_by_refactoring,signature_changed,signature_changed,1.0,0.97
a48c89edd0d38b5a73545672c1226452,c5eca1759c557ac82c321ec581607dfa,both_deleted,deleted,deleted,,
a4b852f440ec7ede348eea8eb49cb178,caa7e7e1006d831856255c5650dce1a3,pair_dissolved_by_refactoring,exact,signature_changed,1.0,0.83
a4bd72ed0897586936c29c3635eac60d,eed0d434f2dd457dcf9f76d403a8f754,pair_dissolved_naturally,exact,exact,1.0,1.0
a4e6955534eab223de2b9b26975f56de,b14e424f64281065a17ae5cdc58b2652,pair_dissolved_by_refactoring,signature_changed,exact,0.98,1.0
a5049a19faa59c944d8c13e4b9909ee3,bee4d77dad120e8db8990da27862e6e3,pair_dissolved_naturally,exact,exact,1.0,1.0
a5049a19faa59c944d8c13e4b9909ee3,ca657ccd461b1a4465db7d9f19fffb02,pair_dissolved_naturally,exact,exact,1.0,1.0
a50bbae9adeaf0a9de9870b3546e808c,b308f0716e0352e194a2d198a0da6d74,pair_dissolved_naturally,exact,exact,1.0,1.0
a50bbae9adeaf0a9de9870b3546e808c,f22d3085f33f6f3b8b1fa7d289709fc0,pair_dissolved_naturally,exact,exact,1.0,1.0
a5b016852b13d379493b403cb52938ac,d992706b33a6bdcb29e02531a4268605,pair_dissolved_naturally,exact,exact,1.0,1.0
a5d139fed03eb5503804c623b6e6b956,aa29b9769474e7724fd6f654f61b65ad,pair_dissolved_naturally,unknown,exact,,1.0
a5d139fed03eb5503804c623b6e6b956,b308f0716e0352e194a2d198a0da6d74,pair_dissolved_naturally,unknown,exact,,1.0
a5f6717f0de6f8966a08333c93701692,b91d093ba2815884ad19cfed97e714e8,pair_dissolved_naturally,exact,exact,1.0,1.0
a5f6717f0de6f8966a08333c93701692,fefa5313d148ee7323535326be078429,pair_dissolved_by_refactoring,exact,signature_changed,1.0,1.0
a63a9c3868bf2ae23b4e898be9c00d14,fcfe11a28be456d45146dfaf0ec4e130,pair_dissolved_naturally,exact,exact,1.0,1.0
a6454c8844e6a2bf78153ef7af05cd9e,b22918bfebe7d6f7a06ddfb31ad734d3,pair_dissolved_by_refactoring,exact,signature_changed,1.0,0.92
a6525b8abad3f18b54cbe50cb44e33ee,bccf62b3f451b7a23c35349a0dd51219,pair_dissolved_naturally,exact,exact,1.0,1.0
a653a9dc605f1194adaa1a3cc2598747,ac2883881b82b3618801dcba1cb23f1e,pair_dissolved_naturally,unknown,exact,,1.0
a6adb67f423bc196934b38df9d3dde07,caa7e7e1006d831856255c5650dce1a3,pair_dissolved_by_refactoring,exact,signature_changed,1.0,0.83
a6d0b08b6934396991b62405376f3db5,af69e8869ce5a9bcdc49b04233844ca8,pair_dissolved_naturally,exact,exact,1.0,1.0
a73dd7244a602fc981b416d63db5e416,aa29b9769474e7724fd6f654f61b65ad,pair_dissolved_naturally,exact,exact,1.0,1.0
a7e6f9c23787fa2596659831df41ea9e,fce52c09e7bdb71111a55037693cee5e,pair_dissolved_by_refactoring,refactored,refactored,0.84,0.81
a7f28eacce8846c69c7c34c454fa5da0,ef79b83617cdebc96b6609029b31012f,pair_dissolved_naturally,exact,exact,1.0,1.0
a81f8bb689d6b884640b31b281693e8d,bbc1f5e8404fb2c25eb95dbd2ac0b60a,both_deleted,deleted,deleted,,
a897511005a91b06494f7353aa5be8cb,ac146db4fc36ca76c6d67fe81f11c44f,pair_dissolved_naturally,exact,exact,1.0,1.0
a897511005a91b06494f7353aa5be8cb,bf90d60e5f67185147f878537a5ea893,pair_dissolved_naturally,exact,exact,1.0,1.0
a897511005a91b06494f7353aa5be8cb,d4efff86ebb2d631615d729aed3ace96,pair_dissolved_naturally,exact,exact,1.0,1.0
a897511005a91b06494f7353aa5be8cb,d8a0fec825032a406513f949773dc0d3,pair_dissolved_naturally,exact,exact,1.0,1.0
a96213d9f5a584be28c61d9322d0c764,f02f73a510ef0c0f1e438c45e0c5a3df,both_deleted,deleted,deleted,,
a998da3d5cacdadedded69f57e3607e1,aebaa25b79562e4f51c910c483fb126c,pair_dissolved_by_refactoring,exact,signature_changed,1.0,1.0
a998da3d5cacdadedded69f57e3607e1,ec0eafa755888b085cb373b5c953016f,pair_dissolved_naturally,exact,exact,1.0,1.0
a9fa6e150497cb97041761da9e54263e,b3000c85d046d50641e11a0c84935e81,pair_dissolved_naturally,exact,exact,1.0,1.0
a9fa6e150497cb97041761da9e54263e,b32435c39c8cc17dc4d0e57ecd8985e6,pair_dissolved_naturally,exact,exact,1.0,1.0
a9fa6e150497cb97041761da9e54263e,dc1cb31974b7eba9afafc6a94e4f2309,pair_dissolved_naturally,exact,exact,1.0,1.0
aa29b9769474e7724fd6f654f61b65ad,b03c808c315868fc0e7632fce6534dec,pair_dissolved_naturally,exact,unknown,1.0,
aa29b9769474e7724fd6f654f61b65ad,e018d09bbe7d5ac048f16da79202570d,pair_dissolved_naturally,exact,unknown,1.0,
aa81193f56fb3801ef7ea7249c318daf,b308f0716e0352e194a2d198a0da6d74,pair_dissolved_naturally,exact,exact,1.0,1.0
aa81193f56fb3801ef7ea7249c318daf,f22d3085f33f6f3b8b1fa7d289709fc0,pair_dissolved_naturally,exact,exact,1.0,1.0
aa997f533377326b23f6380fdb09e5eb,e371f5574143d5ee9dcc1d75a0938d92,pair_dissolved_naturally,exact,exact,1.0,1.0
aac640bce686236edb0c158b597a9cf0,c2c49e9176a38b8b36f3d8fb0f541fca,pair_dissolved_by_refactoring,signature_changed,signature_changed,0.98,0.98
ab00840fcdd2adf0672473936a7c2b8f,af8383042de6f6b6cdaa546ee04a03f5,pair_dissolved_naturally,exact,exact,1.0,1.0
ab00840fcdd2adf0672473936a7c2b8f,c15c70d9a6b469ea4f774f732a160803,pair_dissolved_naturally,exact,exact,1.0,1.0
ab00840fcdd2adf0672473936a7c2b8f,f8686b6bb5a8c2193ca210850b8105ab,pair_dissolved_naturally,exact,exact,1.0,1.0
ab1677a6071b979b1c57db9d3fbbaf59,ba8883c011476c48abf186af5216671d,pair_dissolved_naturally,exact,unknown,1.0,
ab41c7cd8e23c2fbfc2a2da96da779c4,b5213162c6f68d65679346d31d0c4da8,pair_dissolved_naturally,exact,exact,1.0,1.0
ab789ef65fb513969e35332ae9ebdeb5,c9c4627e088759949405b3904f91006e,pair_dissolved_by_refactoring,exact,signature_changed,1.0,0.83
abac63c20cb080c375cd92c946dbd5d5,b82bfccd2bdc3b3826dad54d74e92887,pair_dissolved_naturally,exact,exact,1.0,1.0
abac63c20cb080c375cd92c946dbd5d5,f3906349268a90e643d196ed5f3fc9d9,pair_dissolved_naturally,exact,exact,1.0,1.0
abbd27c8c31b609a6e8d1483ff668864,bb667c344db70eb230b6a6247d6b54e6,pair_dissolved_by_refactoring,signature_changed,signature_changed,1.0,0.97
abd143b640683c196daf5260ddcbcd63,b50acb9fc8c8f8dd566ea7044e768cca,pair_dissolved_naturally,unknown,unknown,,
abd143b640683c196daf5260ddcbcd63,c3c26852569f8c8220facb897645b09f,pair_dissolved_naturally,unknown,unknown,,
ac146db4fc36ca76c6d67fe81f11c44f,bf90d60e5f67185147f878537a5ea893,pair_dissolved_naturally,exact,exact,1.0,1.0
ac146db4fc36ca76c6d67fe81f11c44f,d4efff86ebb2d631615d729aed3ace96,pair_dissolved_naturally,exact,exact,1.0,1.0
ac146db4fc36ca76c6d67fe81f11c44f,d8a0fec825032a406513f949773dc0d3,pair_dissolved_naturally,exact,exact,1.0,1.0
ad5d9bbeabc702e0948b599cacc7d543,e56fdfa780f3dad83ef57d591cf17096,pair_dissolved_naturally,exact,exact,1.0,1.0
ad667d95bcb91201e8efbbf08fde7a59,e4d6dc97756f0e4b4ff1862937a9eddc,pair_dissolved_naturally,exact,exact,1.0,1.0
ada38e462411fb66fe56840541e60840,b308f0716e0352e194a2d198a0da6d74,pair_dissolved_naturally,exact,exact,1.0,1.0
ada38e462411fb66fe56840541e60840,f22d3085f33f6f3b8b1fa7d289709fc0,pair_dissolved_naturally,exact,exact,1.0,1.0
adbf0bc62edf26b0431023610c270c39,b59ff146e244222db77304f614724684,pair_dissolved_naturally,exact,exact,1.0,1.0
ae0a42b52c92850eee1ae052670bc9fa,e371f5574143d5ee9dcc1d75a0938d92,pair_dissolved_naturally,exact,exact,1.0,1.0
ae538ab224632d2fb3a9bfcf042f84ac,d79b07a0764d7dbdb8b8195d820e2d3d,method_b_deleted,exact,deleted,1.0,
ae5a735737fe25b8ed2dd79a7e553d31,cc2f04313dbb2685be024af7d6f718a2,pair_dissolved_naturally,exact,exact,1.0,1.0
aec6fe392888c827e6de0daba28630c2,b891ff50cff4c04fb8f0b285637ed1df,pair_dissolved_by_refactoring,signature_changed,signature_changed,1.0,1.0
aec6fe392888c827e6de0daba28630c2,b91d093ba2815884ad19cfed97e714e8,pair_dissolved_by_refactoring,signature_changed,exact,1.0,1.0
aec6fe392888c827e6de0daba28630c2,d30726380f036e104eb09980dae91063,pair_dissolved_by_refactoring,signature_changed,signature_changed,1.0,1.0
aec6fe392888c827e6de0daba28630c2,d7a93f199d81e6879bc547c737bee761,pair_dissolved_by_refactoring,signature_changed,signature_changed,1.0,1.0
aec6fe392888c827e6de0daba28630c2,dac5e832febd89ac1f6cf98e851c4707,pair_dissolved_by_refactoring,signature_changed,signature_changed,1.0,1.0
aedf11f54e7b7cf800deb669323fe9e9,f0c95e754c092ea618078a1522c53a7e,pair_dissolved_naturally,exact,exact,1.0,1.0
af1a8fc3274f464f974d70dd36b4bcae,feb2fd753037a96eb66fc8efffda5230,pair_dissolved_naturally,exact,exact,1.0,1.0
af27b81d308a5c48cc507b91d47d6805,f0cfa7afcaadf94ddd198230e02e4c9c,pair_dissolved_naturally,exact,exact,1.0,1.0
af8383042de6f6b6cdaa546ee04a03f5,c15c70d9a6b469ea4f774f732a160803,pair_dissolved_naturally,exact,exact,1.0,1.0
af8383042de6f6b6cdaa546ee04a03f5,f8686b6bb5a8c2193ca210850b8105ab,pair_dissolved_naturally,exact,exact,1.0,1.0
aff2e4d30d4b7b849ebb116d16373248,d09f5ead7be6959272e77461cf34f8f5,pair_dissolved_naturally,exact,exact,1.0,1.0
aff8b2c2298a5608720ea674df2ef24c,bedbf8a5f4742b075135bb15efdace56,pair_dissolved_naturally,exact,exact,1.0,1.0
b023d247f46c87880e90b894fb14037e,fa5e5a1da9e53f58449a9846047f948d,pair_dissolved_by_refactoring,exact,signature_changed,1.0,0.99
b03c06b832211220aa4ce8f8a51ca499,b60de661155fd048d7eb4cfc2219c5b3,pair_dissolved_by_refactoring,moved,moved,1.0,0.97
b03c808c315868fc0e7632fce6534dec,b308f0716e0352e194a2d198a0da6d74,pair_dissolved_naturally,unknown,exact,,1.0
b03d765518d4465bf28f49d114525550,b308f0716e0352e194a2d198a0da6d74,pair_dissolved_naturally,unknown,exact,,1.0
b03faa4401284152eccdd4e8245d8c85,f2028038dd735782f82efbbe09fee61c,pair_dissolved_naturally,exact,exact,1.0,1.0
b0512e0e67d05d3ad07724a690ce2ff6,f95c31a41c1142f0d04de0f76092ea1e,method_a_deleted,deleted,exact,,1.0
b12d1e8ebbecb654477d41ed517689bf,d28ef2c478b0dec2ae06343973fe8124,pair_dissolved_naturally,exact,exact,1.0,1.0
b14792c066c0a55c684d9f0e57eda9d0,cdc29585ac9177e754d6818bdc2e3230,method_a_deleted,deleted,exact,,1.0
b180579511319ed758ddda779e32acdb,f9bd9104cc149f0aa2d543ffc0970667,pair_dissolved_by_refactoring,signature_changed,signature_changed,0.91,0.9
b19f19459a2d5c314c78f48637cee10a,c10352f9ba310ca1e3b7f380354a02fe,pair_dissolved_naturally,exact,exact,1.0,1.0
b1c56322e6f00020ee5089873b559e8d,f95aa964d4580fdeadfaa4222c722e6b,pair_dissolved_naturally,exact,exact,1.0,1.0
b1d3eabb456e23ca74563bff6490fda9,cde4bc1bf298742107190256d16d69aa,pair_dissolved_naturally,exact,exact,1.0,1.0
b237131d936760fc9b9ba2a43ee8fab1,fd6b9c665c2172552ef2e95c00dca0dc,pair_dissolved_by_refactoring,signature_changed,signature_changed,0.91,0.9
b294f5349dbaefd34f8809211845eca8,c0a5a3e104086432a95b30ebd6dce06c,pair_dissolved_by_refactoring,refactored,refactored,0.81,0.88
b294f5349dbaefd34f8809211845eca8,cb69c37d937c69913127ed5dc287c29e,pair_dissolved_by_refactoring,refactored,refactored,0.81,0.83
b294f5349dbaefd34f8809211845eca8,e654c8bee92f245d7a28b460cb889b96,pair_dissolved_by_refactoring,refactored,refactored,0.81,0.89
b308f0716e0352e194a2d198a0da6d74,bb00b6937b6e5d43e044e6ebc0110307,pair_dissolved_naturally,exact,exact,1.0,1.0
b308f0716e0352e194a2d198a0da6d74,c0a5be752ed6e7a6b245ba951e94ef96,pair_dissolved_naturally,exact,exact,1.0,1.0
b308f0716e0352e194a2d198a0da6d74,cdfd563fecbbb609b52b0ce27ca03c05,pair_dissolved_naturally,exact,exact,1.0,1.0
b308f0716e0352e194a2d198a0da6d74,e018d09bbe7d5ac048f16da79202570d,pair_dissolved_naturally,exact,unknown,1.0,
b308f0716e0352e194a2d198a0da6d74,e04503528b2eebab6361f85a374a203d,pair_dissolved_naturally,exact,exact,1.0,1.0
b308f0716e0352e194a2d198a0da6d74,e9ea8559092df6e573102e2708d66b7c,pair_dissolved_naturally,exact,exact,1.0,1.0
b308f0716e0352e194a2d198a0da6d74,f22d3085f33f6f3b8b1fa7d289709fc0,pair_dissolved_naturally,exact,exact,1.0,1.0
b308f0716e0352e194a2d198a0da6d74,f891037b24d6542e97fa551047ce4ba4,pair_dissolved_naturally,exact,exact,1.0,1.0
b37e82b5a0b8d78a613c770f65e2bd9f,be16ae49bf5fec2ec77ce686ec2ff04e,pair_dissolved_naturally,exact,exact,1.0,1.0
b381e6d83cad87c912cff2aa926edad2,bbbae082eb45f67825a9da9e8003a2b6,pair_dissolved_by_refactoring,signature_changed,exact,1.0,1.0
b381e6d83cad87c912cff2aa926edad2,d05355a48a05d1aa5313abb711dd65e9,pair_dissolved_by_refactoring,signature_changed,exact,1.0,1.0
b3a51d3caac008f2624df400a27e114d,b76df8a1a86f86ad274aae15fef86f68,pair_dissolved_naturally,exact,exact,1.0,1.0
b40a848979ad7e73df2679ebc7cbecdf,dfa0b026123357020b609b4d56708d69,pair_dissolved_naturally,exact,exact,1.0,1.0
b40e035716a79dc1a1fd4fac9f1c8b13,de86bb46d02e45b93a12c5b63e7a4599,pair_dissolved_naturally,exact,exact,1.0,1.0
b44ce5edc1f0b1257ad0e003faf756ef,ec79a0b3dac753b1e314b4aa50bad69e,pair_dissolved_naturally,exact,exact,1.0,1.0
b4a4cab92ec2ff7d18694aa58cede672,cfcd21de1238fb5ee45bdd43a4362bfe,pair_dissolved_naturally,exact,exact,1.0,1.0
b50acb9fc8c8f8dd566ea7044e768cca,c3c26852569f8c8220facb897645b09f,pair_dissolved_naturally,unknown,unknown,,
b56f672786a4be074935b6cd1d78824b,fa02776f5a893ccb88ad9340f97de867,pair_dissolved_by_refactoring,exact,signature_changed,1.0,1.0
b5cad9a867c197ea250ecee511be0fda,c5f6fa83faba1274682e4147abc841cf,pair_dissolved_naturally,exact,exact,1.0,1.0
b6299931896489f7f0e1bbe59081cb89,f2028038dd735782f82efbbe09fee61c,pair_dissolved_naturally,exact,exact,1.0,1.0
b646f4cf190e52f145c1c4ffe42d8e38,cbd6bd8f52a452f03a0796f1cba721bf,pair_dissolved_naturally,exact,exact,1.0,1.0
b66ca2e3f3a5a6379535958d58a4c1bc,cd96ca0592e17de9ca4f05d0f122627d,pair_dissolved_naturally,exact,exact,1.0,1.0
b6955ad010c2377fad8494163c19161f,eb1cedd42f29896715362e2e5c1ac3d9,pair_dissolved_naturally,exact,exact,1.0,1.0
b6c75b99732a44091aa90e893861037c,c1c6f2b2f734ef3c61892f4aa9e35587,pair_dissolved_naturally,exact,exact,1.0,1.0
b6ef94907fadbaaed167ddbd7c7c2d67,d837f6dff34f939a3fe1877619817f9a,pair_dissolved_naturally,exact,exact,1.0,1.0
b70789552af022f70e0de271a92b0779,f24e2084f5200a8546515aa30d519499,pair_dissolved_by_refactoring,signature_changed,exact,0.85,1.0
b77bc46836cb5bef0da25f114ece8d87,d5d22c89640320f8732da5f0a9474a7b,pair_dissolved_by_refactoring,exact,signature_changed,1.0,0.98
b82bfccd2bdc3b3826dad54d74e92887,f3906349268a90e643d196ed5f3fc9d9,pair_dissolved_naturally,exact,exact,1.0,1.0
b846ea7eb8659454ff3f3f3e2a737a86,e619c1eaee480fca9da3911285587570,both_deleted,deleted,deleted,,
b86fe88b93e94b134123beacc803d36f,c92a8bd2386d544ee518bd166c83e00e,pair_dissolved_naturally,exact,exact,1.0,1.0
b86fe88b93e94b134123beacc803d36f,f2ba502d116d194bdb4480e3f0c7c76a,pair_dissolved_naturally,exact,exact,1.0,1.0
b891ff50cff4c04fb8f0b285637ed1df,d30726380f036e104eb09980dae91063,pair_dissolved_by_refactoring,signature_changed,signature_changed,1.0,1.0
b891ff50cff4c04fb8f0b285637ed1df,d7a93f199d81e6879bc547c737bee761,pair_dissolved_by_refactoring,signature_changed,signature_changed,1.0,1.0
b891ff50cff4c04fb8f0b285637ed1df,dac5e832febd89ac1f6cf98e851c4707,pair_dissolved_by_refactoring,signature_changed,signature_changed,1.0,1.0
b8961492df6ccf1496cb61bdea288e19,cc5336e689b1d367df4d46f533c72e4f,pair_dissolved_naturally,exact,exact,1.0,1.0
b896862c078eb221cdda1207a49bbef3,dd6ea22c045dfc9a4c0da603386e3337,pair_dissolved_by_refactoring,exact,signature_changed,1.0,0.78
b896f542176348c856d01d4248b9439c,d36448007f2817834309f0325338e74a,pair_dissolved_naturally,exact,exact,1.0,1.0
b8c748d077c66d9be47fd3cbba3b13c4,d8fd6dca69af2f3be4732bbf9f459f17,pair_dissolved_naturally,exact,exact,1.0,1.0
b8e2eb4e652bb5bde1cd6fcd14d6d3aa,bca901157a311bcf652b1029577d46a0,pair_dissolved_by_refactoring,signature_changed,signature_changed,0.97,0.97
b8f201cb5a512eddaabf2ff1b451b1d0,c92a8bd2386d544ee518bd166c83e00e,pair_dissolved_by_refactoring,moved,exact,1.0,1.0
b91d093ba2815884ad19cfed97e714e8,d7a93f199d81e6879bc547c737bee761,pair_dissolved_by_refactoring,exact,signature_changed,1.0,1.0
ba05e242576dfbd86c645fb50d78adba,f891842748286caaad29ab88c6369d5a,pair_dissolved_naturally,exact,exact,1.0,1.0
ba81f0dfa5f0678f48836bea949501e3,cfc1202b14eda105297bcbc8cd6442ec,pair_dissolved_by_refactoring,exact,signature_changed,1.0,0.99
ba8aadbeb36e9f322f02ca0dd585bd84,f016605874d73e7355413e91990e46f5,pair_dissolved_by_refactoring,signature_changed,signature_changed,0.96,0.97
bb053b5f35ee6326494d877a925d6fd4,da384f64b1408164169ca2aab3a99e5a,pair_dissolved_by_refactoring,exact,signature_changed,1.0,1.0
bb6129ce2c9c50692ee724026b724325,ce16c6a9a206aa21a468e1cf21bb97cb,pair_dissolved_by_refactoring,signature_changed,exact,0.97,1.0
bbeb349d06fe6c2e13ad2b230763d2db,c19c561821a8eb9ebf3183e50f7791aa,pair_dissolved_naturally,exact,exact,1.0,1.0
bc06f52769d4ed2b1ff066dfc7b879a5,e80c994f35a378b9897d81da9c0dfe23,pair_dissolved_naturally,exact,exact,1.0,1.0
bc0ae62f9912846e5c1b56ca2abc704f,ec269b2dd3f77456dae528fec31e77b9,pair_dissolved_by_refactoring,signature_changed,exact,1.0,1.0
bc3b50bc46574f27a03d6451fc10c356,c8878cfbdfd78143ec6d271a127c5b1e,pair_dissolved_by_refactoring,exact,signature_changed,1.0,0.96
bd4cada05396300ac7a49cac6dc5f086,ff6871557da57893fb43ad1a22d37d20,pair_dissolved_by_refactoring,signature_changed,signature_changed,0.97,0.96
bdac279c7c30dcc6277b6720825a5854,dffda014507eb853cbebe4a8311b2754,pair_dissolved_naturally,exact,exact,1.0,1.0
bdb408ca5c5e867f7396044e0f1368c4,d3e346f2f0811cac01a30209726077cb,pair_dissolved_naturally,exact,exact,1.0,1.0
bddc282657d91a0ab6f111796b2b4f34,c10352f9ba310ca1e3b7f380354a02fe,pair_dissolved_naturally,exact,exact,1.0,1.0
be01d986978c7e75b6b5aeec522e1a49,ec7667b807e2606c7705fc704a1e07e0,pair_dissolved_naturally,exact,exact,1.0,1.0
be181eb3bc61580bc08aca28ac481c8e,fba871b673714780d27b9e4d555a1c00,pair_dissolved_naturally,exact,exact,1.0,1.0
be376f5bafd5fc9fc6b0284e14daac5f,d26f5bdaaac557bc039c9aedb5d473fc,method_b_deleted,exact,deleted,1.0,
be376f5bafd5fc9fc6b0284e14daac5f,d494f16183cb2cf2c29001506b6b6dcc,pair_dissolved_naturally,exact,exact,1.0,1.0
be376f5bafd5fc9fc6b0284e14daac5f,eb1cedd42f29896715362e2e5c1ac3d9,pair_dissolved_naturally,exact,exact,1.0,1.0
be91b1f915b4d7ced914e29a7f20ae22,fd320b763b8cd3838ce335fc57ed183f,pair_dissolved_by_refactoring,exact,signature_changed,1.0,1.0
bf56107cb5100329d0ff5da8d8d58d28,e793d510818af4f38a646cfcdfee4e82,pair_dissolved_naturally,exact,exact,1.0,1.0
bf90d60e5f67185147f878537a5ea893,d4efff86ebb2d631615d729aed3ace96,pair_dissolved_naturally,exact,exact,1.0,1.0
bf90d60e5f67185147f878537a5ea893,d8a0fec825032a406513f949773dc0d3,pair_dissolved_naturally,exact,exact,1.0,1.0
bfacc9643498b64315db925333255eee,c15c70d9a6b469ea4f774f732a160803,pair_dissolved_naturally,exact,exact,1.0,1.0
bfbeda2a3d60c5c345fd6582efdfb83a,d23f61f927b07d1735bc27b2407ce464,pair_dissolved_by_refactoring,signature_changed,signature_changed,0.95,0.97
bff3e2d2072f448fbac13d30bb1aff4f,e263aa7518bf06465767f3a9a15fe1a1,pair_dissolved_naturally,exact,exact,1.0,1.0
bff6fa7458f7df3739081411b1204f01,f2028038dd735782f82efbbe09fee61c,pair_dissolved_naturally,exact,exact,1.0,1.0
c092596b349426c025a5813ede8296de,c0a5a3e104086432a95b30ebd6dce06c,pair_dissolved_by_refactoring,signature_changed,refactored,0.74,0.88
c092596b349426c025a5813ede8296de,cb69c37d937c69913127ed5dc287c29e,pair_dissolved_by_refactoring,signature_changed,refactored,0.74,0.83
c092596b349426c025a5813ede8296de,e654c8bee92f245d7a28b460cb889b96,pair_dissolved_by_refactoring,signature_changed,refactored,0.74,0.89
c092596b349426c025a5813ede8296de,eb9152a5f5535fc4c2813fcb3a901ef9,pair_dissolved_by_refactoring,signature_changed,refactored,0.74,0.8
c0a5a3e104086432a95b30ebd6dce06c,cb69c37d937c69913127ed5dc287c29e,pair_dissolved_by_refactoring,refactored,refactored,0.88,0.83
c0a5a3e104086432a95b30ebd6dce06c,e654c8bee92f245d7a28b460cb889b96,pair_dissolved_by_refactoring,refactored,refactored,0.88,0.89
c0a5be752ed6e7a6b245ba951e94ef96,f22d3085f33f6f3b8b1fa7d289709fc0,pair_dissolved_naturally,exact,exact,1.0,1.0
c0d759cbe764020ebd7aa8177245ab9a,df9dc115f6c6de90844d6fb6814eec1b,pair_dissolved_naturally,exact,exact,1.0,1.0
c0f6f288faadd2ff2ffb772da2deeddf,e338ed1aa6ec4bb0ccf24934d27304f5,pair_dissolved_naturally,unknown,exact,,1.0
c103dd9c063d4a66c994216f2ce83bb8,c3a24fbfc5378c8e41dfe69b29742a9e,pair_dissolved_naturally,exact,exact,1.0,1.0
c21b18218a088008d31b629c6de8d9d1,e4ed3892dc1d4a067f7993bd88c8cc39,pair_dissolved_naturally,exact,exact,1.0,1.0
c26c28bc81b8257b3acfd3dd1c3882c2,c6853542a77c9bc4bbae48cbc56d55d3,pair_dissolved_naturally,unknown,exact,,1.0
c26c28bc81b8257b3acfd3dd1c3882c2,cc79b89a3ea370dbd9a5fa4ffd828b0b,pair_dissolved_naturally,unknown,exact,,1.0
c26c7b6d96dc9352d2239d8a8a1a4b0e,f8123813f20fdf2c30acec1783a829c5,pair_dissolved_naturally,exact,exact,1.0,1.0
c2b8af26de0905fd292cb62b0a2b55dd,e3ac46afc61277497572600017d6b6bf,pair_dissolved_naturally,exact,exact,1.0,1.0
c2c18e7e9904b6f872ab787bc82a80ab,d26f5bdaaac557bc039c9aedb5d473fc,method_b_deleted,exact,deleted,1.0,
c33e4bbbe548d5ce56a610c3e100b060,d094c5bf44c81e6cea3b24c822f145b2,pair_dissolved_by_refactoring,exact,signature_changed,1.0,0.97
c343bd88ee680632c2ef0479cfc70bc3,d246b357d3bde4d9bb6af7a956b7aa50,pair_dissolved_naturally,exact,exact,1.0,1.0
c343bd88ee680632c2ef0479cfc70bc3,edc08bde65af4dbdda4264e4dfe69bff,pair_dissolved_naturally,exact,exact,1.0,1.0
c37a8f4d216c01c072e12a33cf75ddb1,e84080a6bef3ede5f1d1529e27c5e9d6,pair_dissolved_naturally,exact,exact,1.0,1.0
c38beb047271196c70a18c2476ae4339,c3a24fbfc5378c8e41dfe69b29742a9e,pair_dissolved_naturally,exact,exact,1.0,1.0
c4993f1a5bd122bb478fc9577c6aa229,d26f5bdaaac557bc039c9aedb5d473fc,method_b_deleted,exact,deleted,1.0,
c4993f1a5bd122bb478fc9577c6aa229,f175ab8b7f1994e1f29dbf49256cf149,method_b_deleted,exact,deleted,1.0,
c4a2d1463162efd7837ca2f674498476,f05c7d8930e3a87f63ffb3da05de3902,pair_dissolved_by_refactoring,signature_changed,signature_changed,0.96,0.96
c4b8ca285d9eca451cce3dd8e29183f5,cfb2b913d6396955314a388121dd6f37,pair_dissolved_naturally,exact,exact,1.0,1.0
c4d273b639bb96eba3cfef821daf5ed9,d155464993a630b82eb2a1e62cefcf90,method_b_deleted,exact,deleted,1.0,
c66db247dba4831f2ecbd47d68913892,e3c31ac4fb98c4f896dc5cebed25f27d,pair_dissolved_by_refactoring,moved,exact,0.98,1.0
c66e4ff419ec8c69168df6c777209a65,fab7e91472b78eb79b8b97aba966c252,pair_dissolved_naturally,exact,exact,1.0,1.0
c6853542a77c9bc4bbae48cbc56d55d3,cc79b89a3ea370dbd9a5fa4ffd828b0b,pair_dissolved_naturally,exact,exact,1.0,1.0
c6adc25c4c273f6620aae4b35103c6b5,f3ed69e940ac0319d10ce57c6ca7b010,pair_dissolved_naturally,exact,exact,1.0,1.0
c7045062bcd50d25f4e2c694d4f41192,ed08f14eccdae9a585ae86842b5e018f,pair_dissolved_by_refactoring,renamed,exact,0.92,1.0
c7045062bcd50d25f4e2c694d4f41192,f410c5f1ef441daa77d3d387aa3da9a9,pair_dissolved_by_refactoring,renamed,renamed,0.92,0.93
c74dc440343af004d7aae8285778142c,e0a7ae87e313b02ab17b78aff4f9f7b4,pair_dissolved_naturally,exact,exact,1.0,1.0
c74dc440343af004d7aae8285778142c,edf00b10428da19c00f19aad39b50504,pair_dissolved_naturally,exact,exact,1.0,1.0
c7664f891d999b677d5cd4991a7b22fd,e614cd683a19d30de07c274b436aea5c,pair_dissolved_naturally,exact,exact,1.0,1.0
c7664f891d999b677d5cd4991a7b22fd,f8b0799a91640e781ba5a0343c639e53,pair_dissolved_naturally,exact,exact,1.0,1.0
c790479724ca92b34e5cc7e247f1d999,d0995c94e7569e24248b23be7bca7362,pair_dissolved_naturally,exact,exact,1.0,1.0
c7f56e664d59fc4fef11127531bdaddc,fd252b9049b079dacdf3c5f1e8867b8c,method_b_deleted,exact,deleted,1.0,
c81514fd44d24bcbe33b31f22ffd172d,ce28a9cd1fb5dff83a36378b64c06db1,pair_dissolved_naturally,exact,exact,1.0,1.0
c81ee1906b111276630ba0c09b055ff3,f398fc53f1fbf141a52b768188910785,pair_dissolved_naturally,exact,exact,1.0,1.0
c823852c869fe079d7f8588759282520,f8123813f20fdf2c30acec1783a829c5,pair_dissolved_naturally,exact,exact,1.0,1.0
c873eb013f42436cc307d75294d19c92,e922f4dc0c57ae46f12fd227f3966dd5,pair_dissolved_naturally,exact,exact,1.0,1.0
c8b29c31081777f887ba8896adffd40c,df9dc115f6c6de90844d6fb6814eec1b,pair_dissolved_naturally,exact,exact,1.0,1.0
c90de2e64aceff50ac99f751a821b8e8,da31982c2ce171b3820f27c1d0dccb57,pair_dissolved_by_refactoring,signature_changed,signature_changed,0.88,0.86
c972ceb32494193b5666c00e8af2fd5c,eabe4cd0d300e57884aae118e4f9463b,pair_dissolved_naturally,exact,exact,1.0,1.0
ca435d164131a9bcc2c2b05f479b3fc2,f9cbbaeda40013392be7cae4aafaab0b,both_deleted,deleted,deleted,,
ca52edd5eadb82d7cfc86785e7988e74,e2ffeefa3c355a42c6b99165fce95b59,pair_dissolved_by_refactoring,exact,signature_changed,1.0,1.0
ca641844635e990e1ccca58cfd7b8a4e,d26f5bdaaac557bc039c9aedb5d473fc,method_b_deleted,exact,deleted,1.0,
cb05e5d38158bea7b958d907a30db427,ec79a0b3dac753b1e314b4aa50bad69e,pair_dissolved_naturally,exact,exact,1.0,1.0
cb69c37d937c69913127ed5dc287c29e,e654c8bee92f245d7a28b460cb889b96,pair_dissolved_by_refactoring,refactored,refactored,0.83,0.89
cb69c37d937c69913127ed5dc287c29e,eb9152a5f5535fc4c2813fcb3a901ef9,pair_dissolved_by_refactoring,refactored,refactored,0.83,0.8
cb6ab4a4f568e4dd43ca1f9fa8896f30,fe14b4d60b2303a6932fa0576f90dcdc,pair_dissolved_naturally,exact,exact,1.0,1.0
cb6fea0ccddc323109db63e5d32481de,e66dbcbeca53b9c749b29dae3beb2ae4,pair_dissolved_naturally,exact,exact,1.0,1.0
cb8d4d3dcf7f6c502f3c5f19677ad3aa,ffe535651d2f213222ed3629cd8f5e47,pair_dissolved_naturally,exact,exact,1.0,1.0
cbf0158bacb700900f91b13888e98a85,cf9d7db572ffd4cd447971dfbc615f23,pair_dissolved_naturally,exact,exact,1.0,1.0
cd41f24771a0ee7e2dd4759b8c8927d0,edab017c61790cb7aec827faf193cf8d,pair_dissolved_by_refactoring,signature_changed,signature_changed,1.0,1.0
cdd9e4e6d4174340c60b397a4094add5,daeb1aa4d8c8a7d3cad2e0b8b62e0b4a,pair_dissolved_naturally,unknown,unknown,,
cdfd563fecbbb609b52b0ce27ca03c05,f22d3085f33f6f3b8b1fa7d289709fc0,pair_dissolved_naturally,exact,exact,1.0,1.0
ce6fd3a9a336335a98f6a07769f3eaf7,f125a30576348016cc9739bd2050aceb,pair_dissolved_by_refactoring,exact,signature_changed,1.0,0.96
cf8b16632a255344a2dee1522e0d1c55,e6a18e503e8fd2bf961f04a1b5e38a65,pair_dissolved_by_refactoring,exact,signature_changed,1.0,0.88
d06cf750904b83ea25da1c82e1714b3c,fd76ea99ad576b1ea27dc57d6a3edf4f,pair_dissolved_naturally,exact,exact,1.0,1.0
d070fa1ba886c5e1efc8a1f3980bae66,f7d0f5be10ca64a4576c5e287f46ff50,pair_dissolved_by_refactoring,signature_changed,exact,1.0,1.0
d071937ee4278d39507184c6b0d49791,e20c0811325f60cb1882a38acc055481,method_b_deleted,exact,deleted,1.0,
d1552438a24d5e48b908292dafad4a17,e14556235dfad5570e44bb1db0b7d956,pair_dissolved_naturally,exact,exact,1.0,1.0
d18096d174b35a0a404dd4ee3e103916,e0d03913840096efb1189d4797b96973,pair_dissolved_naturally,exact,exact,1.0,1.0
d246b357d3bde4d9bb6af7a956b7aa50,e2d22f536d11efa2d991208b22e3cdc8,pair_dissolved_naturally,exact,exact,1.0,1.0
d246b357d3bde4d9bb6af7a956b7aa50,edc08bde65af4dbdda4264e4dfe69bff,pair_dissolved_naturally,exact,exact,1.0,1.0
d26f5bdaaac557bc039c9aedb5d473fc,d494f16183cb2cf2c29001506b6b6dcc,method_a_deleted,deleted,exact,,1.0
d26f5bdaaac557bc039c9aedb5d473fc,eb1cedd42f29896715362e2e5c1ac3d9,method_a_deleted,deleted,exact,,1.0
d2bfe0ad2421019bcbd9d9a8ffa6fb4b,d79b07a0764d7dbdb8b8195d820e2d3d,method_b_deleted,exact,deleted,1.0,
d30726380f036e104eb09980dae91063,d7a93f199d81e6879bc547c737bee761,pair_dissolved_by_refactoring,signature_changed,signature_changed,1.0,1.0
d30726380f036e104eb09980dae91063,dac5e832febd89ac1f6cf98e851c4707,pair_dissolved_by_refactoring,signature_changed,signature_changed,1.0,1.0
d30dcbadcab2596c99fed94b1b0cc3e1,ed65a5259ebcdf88297d8427fdb83bfc,pair_dissolved_naturally,exact,exact,1.0,1.0
d3a64c9a4a543c0ee0b1d640db8d56a6,f94b2ef996f2f084a03d133f89a91c18,pair_dissolved_naturally,exact,exact,1.0,1.0
d494f16183cb2cf2c29001506b6b6dcc,e6c5160c435363ef2e4603c8c5449696,pair_dissolved_naturally,exact,exact,1.0,1.0
d4efff86ebb2d631615d729aed3ace96,d8a0fec825032a406513f949773dc0d3,pair_dissolved_naturally,exact,exact,1.0,1.0
d5095aa4463dde867c5fbf70a4a6b5c5,e7797f51a46639bed889fb37460a52ae,pair_dissolved_naturally,exact,unknown,1.0,
d6704952f9278e9a7419c411f7d27062,f1d4913fb81f59c22950ee420b4dbb98,pair_dissolved_by_refactoring,signature_changed,signature_changed,1.0,1.0
d69097f8a706ede1d9470ecb6ae00ca2,dfab9716953fea59d6d86876da8223dd,pair_dissolved_naturally,exact,exact,1.0,1.0
d7311a6a2256a6e2731509de625b748e,de7a2105bf4e2457eb35366c0faf955e,pair_dissolved_naturally,exact,exact,1.0,1.0
d79b07a0764d7dbdb8b8195d820e2d3d,d82bb3f3c5d0d2b16be87efae50d5660,method_a_deleted,deleted,exact,,1.0
d79b07a0764d7dbdb8b8195d820e2d3d,da5c031d5629346cc806c4aa3bedccd0,method_a_deleted,deleted,exact,,1.0
d79b07a0764d7dbdb8b8195d820e2d3d,e788da9eb57d13ef9c93104d44d7087c,method_a_deleted,deleted,exact,,1.0
d79b07a0764d7dbdb8b8195d820e2d3d,e9047173ccb60f96a9035e9565080aa9,method_a_deleted,deleted,exact,,1.0
d79b07a0764d7dbdb8b8195d820e2d3d,e9233ed842ae9453db3ed454372cdda0,method_a_deleted,deleted,exact,,1.0
d79b07a0764d7dbdb8b8195d820e2d3d,eba1998ac7b42706ac06c74f1e99508e,method_a_deleted,deleted,exact,,1.0
d7a93f199d81e6879bc547c737bee761,dac5e832febd89ac1f6cf98e851c4707,pair_dissolved_by_refactoring,signature_changed,signature_changed,1.0,1.0
d7b0da1f00579043325a891d8fd61e95,e2f549ac0c49146d1234742dfd5d0299,method_b_deleted,exact,deleted,1.0,
d86e536df9847a9e7366e5b3f6800fd8,f5b8373ff7d56f503cc9f2f8a598e8d2,pair_dissolved_naturally,exact,exact,1.0,1.0
d92c37cd6685362bb97be8ccd4393a62,f5576626e4a15e6ba14c8c928f411d74,pair_dissolved_by_refactoring,signature_changed,signature_changed,0.97,0.99
d94c50d1d733cb2ebc0b2f9119e29bd0,f8f50e20074f7e969a0310e34341c991,pair_dissolved_naturally,exact,exact,1.0,1.0
d964e33eeff203b3e93f54eca93296ab,e1841f4d5ee9a71af7e9eae3a7f12726,pair_dissolved_naturally,exact,exact,1.0,1.0
da48f8a01b361e23514199914feba990,fe45c2af27a38917e6c207551c789a0c,method_a_deleted,deleted,refactored,,0.84
da7a1b6b5f728c8dd2eefa4a1c92643c,e7b43cf9788e942fedac8fb6e479d6c6,pair_dissolved_naturally,exact,exact,1.0,1.0
db945cbc1b262196b115dca8fe289241,e7041232195f522e3025b4020703cc9d,pair_dissolved_by_refactoring,signature_changed,signature_changed,1.0,0.98
dbbaf984d032b85c2958117dbcad36e2,de94b339190fa1f2cb85c704a915f04f,pair_dissolved_naturally,exact,exact,1.0,1.0
dbd67880c1ad612bb566c0b096202867,e2ee234e57eb64a170dac844c8e0237e,method_b_deleted,exact,deleted,1.0,
dc10816f08b5d4783ce1b3a8e9c7a721,fc176550b13b810209160c81ea1390d0,method_b_deleted,token_hash,deleted,1.0,
dc5b8e95c54449644e595c8ac1d1503e,f94bfb909df02418ce8004f03a9dfc83,pair_dissolved_naturally,exact,exact,1.0,1.0
e04503528b2eebab6361f85a374a203d,f22d3085f33f6f3b8b1fa7d289709fc0,pair_dissolved_naturally,exact,exact,1.0,1.0
e06e0ee60dadd2bef960edc7f60b6dff,f2ba502d116d194bdb4480e3f0c7c76a,pair_dissolved_naturally,exact,exact,1.0,1.0
e07e7653fb5abedc726247cab4f5e3ea,f7cc68f4edd70a3b750adcd5499d2b74,pair_dissolved_naturally,exact,exact,1.0,1.0
e0c43d30d89f5f92015c0624b64b601e,f0cac12d3a3d64d48b01ae40188b93d9,pair_dissolved_naturally,exact,exact,1.0,1.0
e0d002f6b3885552c50e368837b58b50,f2ba502d116d194bdb4480e3f0c7c76a,pair_dissolved_naturally,exact,exact,1.0,1.0
e1a7538e5cdaa55ec06f08b925a652dc,eff3e79d163f7ece7108b8d069106805,pair_dissolved_naturally,exact,exact,1.0,1.0
e20c0811325f60cb1882a38acc055481,f2ba502d116d194bdb4480e3f0c7c76a,method_a_deleted,deleted,exact,,1.0
e253f46eeae2de15dbac57e7e84054df,e4530fbbc93b680757b1cb6bc1456349,pair_dissolved_by_refactoring,signature_changed,exact,0.98,1.0
e2adff3f938e513d025aa0eefd30e733,fc6c9fd68f08679fcb0c47950a82551c,pair_dissolved_by_refactoring,signature_changed,exact,1.0,1.0
e2d22f536d11efa2d991208b22e3cdc8,edc08bde65af4dbdda4264e4dfe69bff,pair_dissolved_naturally,exact,exact,1.0,1.0
e5012eed10cd61ea5105d3d4a24a9147,fa470c0e30f05441c3c80129528e508a,pair_dissolved_by_refactoring,signature_changed,signature_changed,0.9,0.96
e693f5a355fd553cf687cafbc89a553b,fa03bb7c5197109a2e3d9c1fd4101bd5,pair_dissolved_naturally,exact,exact,1.0,1.0
e6d84a688c95c2411c8554b2974e0cef,e706102cbace3994de726dc01af32485,pair_dissolved_naturally,exact,exact,1.0,1.0
e7c7749cc969dc8ec689b2d75ad5a792,f70e4b16b5b17ac669743f01aacc61fb,pair_dissolved_naturally,unknown,unknown,,
e80c994f35a378b9897d81da9c0dfe23,eb1cedd42f29896715362e2e5c1ac3d9,pair_dissolved_naturally,exact,exact,1.0,1.0
e8135785da7beec1a99c8950ac52e052,e8d0f8f3414f9296e62727b41f52eba6,pair_dissolved_by_refactoring,signature_changed,exact,0.97,1.0
e9ea8559092df6e573102e2708d66b7c,f22d3085f33f6f3b8b1fa7d289709fc0,pair_dissolved_naturally,exact,exact,1.0,1.0
ec798a6eb72d082c32cbe0a1f72bec5b,f2ba502d116d194bdb4480e3f0c7c76a,pair_dissolved_naturally,exact,exact,1.0,1.0
ed08f14eccdae9a585ae86842b5e018f,f410c5f1ef441daa77d3d387aa3da9a9,pair_dissolved_by_refactoring,exact,renamed,1.0,0.93
ee696c2779101329b507ee65dd79e551,feccee7cd8230e987b00c9568d236d27,pair_dissolved_naturally,exact,exact,1.0,1.0
f039ae230dcf89ff300aa4a5c7c0f4c3,f30dcdee87f505c7373e080f28bbba8c,pair_dissolved_naturally,exact,exact,1.0,1.0
f2de638e726f0fab468c5706c2e54e59,f72a4de9ccd5c96fd0c30ce48a5936d5,pair_dissolved_by_refactoring,signature_changed,signature_changed,0.95,0.97
f2e39fe6699bd1808eb7416cadbf326e,f8686b6bb5a8c2193ca210850b8105ab,pair_dissolved_naturally,exact,exact,1.0,1.0
f48950ef0973336afc24f13a86b4c2a5,f82b1b698ebfe07b056ccec85594bd81,pair_dissolved_naturally,exact,exact,1.0,1.0
