method_a,method_b,change_category,method_a_change_type,method_b_change_type,method_a_similarity,method_b_similarity
000cbb70fb571ecb6ce9526628429369,adddc12b2ed558089b538544b355738d,pair_dissolved_naturally,exact,exact,1.0,1.0
00486be0ddbcc2c09b45385dbeb66c52,39a1ceca400c161c9b4f1e2c73e44c3d,pair_dissolved_by_refactoring,signature_changed,signature_changed,0.95,0.98
00486be0ddbcc2c09b45385dbeb66c52,4be47b9165694fc9465f1d56410cfe03,pair_dissolved_by_refactoring,signature_changed,exact,0.95,1.0
00486be0ddbcc2c09b45385dbeb66c52,501538b86512f2f220c1d8332f03c016,pair_dissolved_by_refactoring,signature_changed,exact,0.95,1.0
00486be0ddbcc2c09b45385dbeb66c52,d19d1a4fcdeca0946ebcfaa8bd1127f4,pair_dissolved_by_refactoring,signature_changed,signature_changed,0.95,0.98
00525dc5ef4fd009e049c84edc21059d,5eb192d01d1e8c95a9ecade0a3d0991b,pair_dissolved_naturally,exact,exact,1.0,1.0
00525dc5ef4fd009e049c84edc21059d,a25d2cd3011c56c218bd6ebbb67af0d8,pair_dissolved_naturally,exact,exact,1.0,1.0
005d23f586ab59caf73d4ab3291341d8,52e40dfd82df0e90f1366cd7fd8d6b78,pair_dissolved_naturally,exact,exact,1.0,1.0
009246da6b97470c959428ed382520a8,4111654ff2cc9fb09f1b246eeb2d34f2,pair_dissolved_naturally,exact,exact,1.0,1.0
010c6ef3fa60b6b7f7d1c4cbb1790d86,166728d8347453a1bfa28272625cd890,pair_dissolved_naturally,exact,exact,1.0,1.0
010c6ef3fa60b6b7f7d1c4cbb1790d86,2824e44eecdeed7c5dd229c7ef849319,pair_dissolved_naturally,exact,exact,1.0,1.0
0110181e24a5faedc074b20b51523381,0b483043a9573d304a213e5ef32dbf39,pair_dissolved_naturally,exact,exact,1.0,1.0
0110181e24a5faedc074b20b51523381,1588d3e4854fc254ede7251c5df74f45,method_b_deleted,exact,deleted,1.0,
0110181e24a5faedc074b20b51523381,1742e6d56629f1703d9aecf214cc7ee4,pair_dissolved_naturally,exact,exact,1.0,1.0
0110181e24a5faedc074b20b51523381,6ce3500860006ed85b98840fa233fe9d,pair_dissolved_naturally,exact,exact,1.0,1.0
0110181e24a5faedc074b20b51523381,dd0108386e6e4ecbff8f9ecc467fd6e7,pair_dissolved_naturally,exact,exact,1.0,1.0
0110181e24a5faedc074b20b51523381,ea6965ca77aaae53cce744eb20749166,method_b_deleted,exact,deleted,1.0,
0110181e24a5faedc074b20b51523381,f1fb7742a7eafe8073459ed92686b9c1,pair_dissolved_naturally,exact,exact,1.0,1.0
01365268b37b3ff18be1a5bce108647c,49179d9346ae1cb54541e037ff5b3969,pair_dissolved_naturally,exact,exact,1.0,1.0
015525bce608f5521b93d8eadd0b7ef8,55093065e3e927c3dbbb39a83c007ac2,method_b_deleted,exact,deleted,1.0,
015525bce608f5521b93d8eadd0b7ef8,eb1cf0d4791aea7608dd5f6fce565f12,pair_dissolved_naturally,exact,exact,1.0,1.0
0187cb8df3529e131ba9d57baa4147ee,176439254e5f51a2c475b1604a791cb7,pair_dissolved_naturally,exact,exact,1.0,1.0
0187cb8df3529e131ba9d57baa4147ee,82ef34de411c1d415358b10de69a7f23,pair_dissolved_naturally,exact,exact,1.0,1.0
01986324bf13d7fc44055522e3837aa0,1c43781a613afa4ede5059d708feff6f,pair_dissolved_naturally,exact,exact,1.0,1.0
01986324bf13d7fc44055522e3837aa0,3eca5d6af231d5ab841506d9bbbfacc9,pair_dissolved_naturally,exact,exact,1.0,1.0
01986324bf13d7fc44055522e3837aa0,5fc336859d98ddb76f8c7845a862c430,pair_dissolved_naturally,exact,exact,1.0,1.0
01986324bf13d7fc44055522e3837aa0,b516c09191755aa36ce00291be671ada,pair_dissolved_naturally,exact,exact,1.0,1.0
01986324bf13d7fc44055522e3837aa0,d875a8df53ce9a330688a52c2151d756,pair_dissolved_naturally,exact,exact,1.0,1.0
01db7094f0d5c325928756a0f57aac76,4d942ab6f32d5eb9502cba31f4107f9f,pair_dissolved_naturally,exact,exact,1.0,1.0
02121b18e62fbd6845d275359d6f42e1,6663a73e526c07af31b3a2a01deb2a0d,pair_dissolved_naturally,exact,exact,1.0,1.0
02465074e9302319c61ad88d689fe03b,0289eb06f440463829db5fd5d3176559,pair_dissolved_naturally,exact,exact,1.0,1.0
02465074e9302319c61ad88d689fe03b,ec2f0bc7ed6535ef2be355f5f6a65ad6,pair_dissolved_naturally,exact,exact,1.0,1.0
0289eb06f440463829db5fd5d3176559,8dbb6eccd931ced09da583c6c7bf6c60,pair_dissolved_naturally,exact,exact,1.0,1.0
0289eb06f440463829db5fd5d3176559,d15b9ba9264e7e20f9920c8e0414e4a1,pair_dissolved_naturally,exact,exact,1.0,1.0
0289eb06f440463829db5fd5d3176559,e6423c77d05f3b2e535c67076abf86d8,pair_dissolved_naturally,exact,exact,1.0,1.0
0289eb06f440463829db5fd5d3176559,ec2f0bc7ed6535ef2be355f5f6a65ad6,pair_dissolved_naturally,exact,exact,1.0,1.0
028f5b34e2e54a13d68f632219a2cfe7,4301b45fcba9fff854958dd879bfa2e2,pair_dissolved_naturally,exact,exact,1.0,1.0
02c5553b7890bf6642e778b90699abb3,6baaf5fa654c77aa37e34dbed930dfed,pair_dissolved_naturally,exact,exact,1.0,1.0
03117eeb4dc0d7febd08293ae95a3ea2,1cdc736fe13fa7c4ff31eb7234e05357,pair_dissolved_naturally,exact,exact,1.0,1.0
03117eeb4dc0d7febd08293ae95a3ea2,4886e69d8e07288b9103f8182a694b18,pair_dissolved_naturally,exact,exact,1.0,1.0
033f62beda90e1272bce3a9e20d3fa0c,53a9d52f3df637d7e56ffe2454022fe4,pair_dissolved_naturally,exact,exact,1.0,1.0
033f62beda90e1272bce3a9e20d3fa0c,850f62beaf67818389de892eb0c4c4a8,pair_dissolved_naturally,exact,exact,1.0,1.0
033f62beda90e1272bce3a9e20d3fa0c,e0bc445137c4097325344a9fbf641b24,pair_dissolved_naturally,exact,exact,1.0,1.0
034084dc961c2c89cc09ff07c9e9d2bc,11c4857f5029dca3cc8d9ab4d768092d,pair_dissolved_naturally,exact,exact,1.0,1.0
0349b70b7c5b4a57ebfaa22a2589fab5,5fc336859d98ddb76f8c7845a862c430,pair_dissolved_naturally,exact,exact,1.0,1.0
0349b70b7c5b4a57ebfaa22a2589fab5,7fabf4f768d412ba2b3dd0cdf32fd873,pair_dissolved_naturally,exact,exact,1.0,1.0
0349b70b7c5b4a57ebfaa22a2589fab5,b516c09191755aa36ce00291be671ada,pair_dissolved_naturally,exact,exact,1.0,1.0
0349b70b7c5b4a57ebfaa22a2589fab5,d875a8df53ce9a330688a52c2151d756,pair_dissolved_naturally,exact,exact,1.0,1.0
034bbe2093da93eda4e00070ff902e38,39e2a6159ec571cdc42d5aaddd0cc459,pair_dissolved_by_refactoring,signature_changed,exact,0.9,1.0
034bbe2093da93eda4e00070ff902e38,af327b9024eec410aa2fb0619cd4c801,pair_dissolved_by_refactoring,signature_changed,exact,0.9,1.0
0383a8941d5f0644dbe63ca8566ec051,d46d2d9bf8b9f9ea3460176c1db64166,pair_dissolved_naturally,exact,exact,1.0,1.0
03b6482bd817074f07a63cdc643dc772,4bed339169439578f46a75084f4dfb83,pair_dissolved_by_refactoring,exact,signature_changed,1.0,0.98
03d38a1481ac756e552e119649f81924,a5a8b78b23ad7ca0237d4ed91a7abcd4,pair_dissolved_naturally,exact,exact,1.0,1.0
03d99d47dd4de8442b722e0f619ed368,89b4ca7c26ef8645d1e151982c2e4984,pair_dissolved_naturally,exact,exact,1.0,1.0
03f339c71b8af41185526f86da13e435,092116a54e3a07fa4fa0b6f57581a2cc,pair_dissolved_naturally,exact,exact,1.0,1.0
03f339c71b8af41185526f86da13e435,117f68c01647fd981ba26410f232c268,pair_dissolved_naturally,exact,exact,1.0,1.0
03f339c71b8af41185526f86da13e435,15c9a98e351003df5881271735851662,pair_dissolved_naturally,exact,exact,1.0,1.0
03f339c71b8af41185526f86da13e435,44b0129270854a64d64092fb787ca82a,pair_dissolved_naturally,exact,exact,1.0,1.0
03f339c71b8af41185526f86da13e435,6663badef695a2c2f04d4df10a65a961,pair_dissolved_naturally,exact,exact,1.0,1.0
03f339c71b8af41185526f86da13e435,785b80a38bbcf682106c52f06c336fd2,pair_dissolved_naturally,exact,exact,1.0,1.0
03f339c71b8af41185526f86da13e435,8587e726319121acddd6c94785af57df,pair_dissolved_naturally,exact,exact,1.0,1.0
03f339c71b8af41185526f86da13e435,95f172d855d381562934806ab3d9af30,pair_dissolved_naturally,exact,exact,1.0,1.0
03f339c71b8af41185526f86da13e435,e726492d30ba647aff35e0dc5c0942a6,pair_dissolved_naturally,exact,exact,1.0,1.0
04090ae0278692e1822884c0f27265cb,0cafbcb40fc4a8a32f0184448213bdd5,pair_dissolved_by_refactoring,exact,signature_changed,1.0,1.0
04090ae0278692e1822884c0f27265cb,40886da80576a4f6a15f81455e795e3d,pair_dissolved_by_refactoring,exact,signature_changed,1.0,1.0
04090ae0278692e1822884c0f27265cb,592b98c01ef440d9ef1bee213d42636f,pair_dissolved_by_refactoring,exact,signature_changed,1.0,1.0
040991ac06c73300d84708dbaf53890e,3c280737ef51ba3a1fa05859375546a4,pair_dissolved_naturally,exact,exact,1.0,1.0
040991ac06c73300d84708dbaf53890e,e1f569fae841c0172daf136f4e6ecd6a,pair_dissolved_naturally,exact,exact,1.0,1.0
04451a142357ad69e0580c114ee33d34,05d0ccd802fabb3b34b00b16f5d46bb6,pair_dissolved_naturally,exact,exact,1.0,1.0
04451a142357ad69e0580c114ee33d34,2099689b01931929bc5793b3b00bddca,pair_dissolved_naturally,exact,exact,1.0,1.0
04451a142357ad69e0580c114ee33d34,549d38c8e66cdc2f8df4a519e7c593bd,pair_dissolved_naturally,exact,exact,1.0,1.0
04451a142357ad69e0580c114ee33d34,768690717c4c47050b577188895948d3,pair_dissolved_naturally,exact,exact,1.0,1.0
04451a142357ad69e0580c114ee33d34,8e38a8dff7cc84a1b503a54da493d80b,pair_dissolved_naturally,exact,exact,1.0,1.0
04451a142357ad69e0580c114ee33d34,9a52aa62def0c178dc412f9e8e24aff0,pair_dissolved_naturally,exact,exact,1.0,1.0
04451a142357ad69e0580c114ee33d34,9d3ffa6dd309537012ece80dcedf8357,pair_dissolved_naturally,exact,exact,1.0,1.0
04451a142357ad69e0580c114ee33d34,a1f60d7b54ce926a4b5a508c9fc118d9,pair_dissolved_naturally,exact,exact,1.0,1.0
04451a142357ad69e0580c114ee33d34,ac80fa64ea9fb9fb776f766c6d029ab9,pair_dissolved_naturally,exact,exact,1.0,1.0
04451a142357ad69e0580c114ee33d34,b09a2d607a9a695058809f20a1fd1bab,pair_dissolved_naturally,exact,exact,1.0,1.0
04451a142357ad69e0580c114ee33d34,c7aa4ea10ee91223bd47d893360bcba3,pair_dissolved_naturally,exact,exact,1.0,1.0
04451a142357ad69e0580c114ee33d34,ce6fe27c08f0e741d45af23b6fc24c97,pair_dissolved_naturally,exact,exact,1.0,1.0
04451a142357ad69e0580c114ee33d34,d81f42d84fc0442984eb791a7af253ae,pair_dissolved_naturally,exact,exact,1.0,1.0
04451a142357ad69e0580c114ee33d34,f4c884fb1f0f8548033512fc5c8fdd76,pair_dissolved_naturally,exact,exact,1.0,1.0
04451a142357ad69e0580c114ee33d34,fbe8ea5e89955dc52a1c7cc6c0ae84ca,pair_dissolved_naturally,exact,exact,1.0,1.0
04451a142357ad69e0580c114ee33d34,fd9e62dbf5e1bc25abdea3c42e0fdff9,pair_dissolved_naturally,exact,exact,1.0,1.0
044f2ff865d9228fde6c70375e9d55c6,7f8b1f4402d58a7374ba0ef92da8ff3f,pair_dissolved_naturally,exact,exact,1.0,1.0
045395116620d085b947f1ac6b307556,ce130fc8e214b4aa59f725f0f94ae851,pair_dissolved_naturally,exact,exact,1.0,1.0
047af347276aacecaf6a45e54eb0cef7,9def3ab11e5b7f70056c8d2024f43587,pair_dissolved_naturally,exact,exact,1.0,1.0
0480f6785d341b429cd077afa1d00e4d,f723dda377805fe219e5d0e7bb42a32f,pair_dissolved_naturally,exact,exact,1.0,1.0
049f00772bf241d3d5a2003119b7dd82,70013b3624815aa91343bea9bbf760ef,pair_dissolved_naturally,unknown,exact,,1.0
04da6b3efa317bf6b88b14b5d9eab7ed,37668a9bfc959a3d723fe17c9ca373ed,pair_dissolved_naturally,exact,exact,1.0,1.0
04f0af3cce05394ebc0f9d60f538358d,35c6179a3508c5d4ffc0239a63f67c14,pair_dissolved_naturally,exact,exact,1.0,1.0
050adf2b0d695f242fe2ad61a3357e1e,07950e9e916980eed6e267ebd73b6a2c,pair_dissolved_naturally,exact,exact,1.0,1.0
050adf2b0d695f242fe2ad61a3357e1e,287b20b931c9da4850db8d6057da4a88,pair_dissolved_naturally,exact,exact,1.0,1.0
050adf2b0d695f242fe2ad61a3357e1e,28e06a2bbac22d0aedfacf58ffeaaacb,pair_dissolved_naturally,exact,exact,1.0,1.0
050adf2b0d695f242fe2ad61a3357e1e,44ab8157f639534d8e7a4291a155af03,pair_dissolved_naturally,exact,exact,1.0,1.0
050adf2b0d695f242fe2ad61a3357e1e,4705dba082f62446c8bf05f797def82f,pair_dissolved_naturally,exact,exact,1.0,1.0
050adf2b0d695f242fe2ad61a3357e1e,78ba978b28538788f99cbe041d6bb3d7,pair_dissolved_naturally,exact,exact,1.0,1.0
050adf2b0d695f242fe2ad61a3357e1e,b6a0aba18d1298924eb6ef5e020f1c2e,pair_dissolved_naturally,exact,exact,1.0,1.0
050adf2b0d695f242fe2ad61a3357e1e,bf99bb3ec69434a13170bc725aa24146,pair_dissolved_naturally,exact,exact,1.0,1.0
0513eceeb9e860a92866da835fe18187,af7dffcf987c76a38464152b47c140e7,pair_dissolved_by_refactoring,exact,signature_changed,1.0,0.98
051ffef0baa31a11d96b658a0b6d9855,81a972393c3e6d2f93420a9104a2b42f,pair_dissolved_naturally,exact,exact,1.0,1.0
053507fb4a3c4deecdc28eded4b5f4e3,17be643d0b9ead14c296a934bc8cbd94,pair_dissolved_naturally,exact,exact,1.0,1.0
053507fb4a3c4deecdc28eded4b5f4e3,2fbdd77a448c9f91cd31df1efb48c240,pair_dissolved_naturally,exact,exact,1.0,1.0
053507fb4a3c4deecdc28eded4b5f4e3,400274c14855139e3fbfef0dc71d81a0,pair_dissolved_naturally,exact,exact,1.0,1.0
053507fb4a3c4deecdc28eded4b5f4e3,49d73461184a80f161ba9402cc314d38,pair_dissolved_naturally,exact,exact,1.0,1.0
053507fb4a3c4deecdc28eded4b5f4e3,5b3c2746039e3bed6a5263057b43a744,pair_dissolved_naturally,exact,exact,1.0,1.0
053d15882a717cf45e78499628f10d52,68a9f97f2b0e833e8649c65cb3162a98,pair_dissolved_naturally,exact,exact,1.0,1.0
053d15882a717cf45e78499628f10d52,a9a385bad56fea73c96315363c0e5b0e,pair_dissolved_naturally,exact,exact,1.0,1.0
054c9af5373e52a4365ec5815822d93c,162c6e3dbb146c31a000e6a22615d48d,pair_dissolved_naturally,exact,exact,1.0,1.0
056cdab9975dc8fbd8944aa81771fde4,28b31abe1dd0c2b97fab7b8dbb93b144,pair_dissolved_naturally,exact,exact,1.0,1.0
056cdab9975dc8fbd8944aa81771fde4,2b114e5456accadcb142d73df15070d5,pair_dissolved_naturally,exact,exact,1.0,1.0
056cdab9975dc8fbd8944aa81771fde4,a3b4d71635aaa7cef5bf0aab510f4ad5,pair_dissolved_naturally,exact,exact,1.0,1.0
056cdab9975dc8fbd8944aa81771fde4,adb7b8c0380e705d2cc3e38796249e51,pair_dissolved_naturally,exact,exact,1.0,1.0
0585913984b1013e2324155e61ac5ed0,1c107d60c612864f410659322cd037c8,pair_dissolved_naturally,exact,exact,1.0,1.0
0585913984b1013e2324155e61ac5ed0,25358373131b65f5889d7977a70c99fd,pair_dissolved_naturally,exact,exact,1.0,1.0
0585913984b1013e2324155e61ac5ed0,3a7b2e03cf8cc2290e2a9a6f256bd472,pair_dissolved_naturally,exact,exact,1.0,1.0
05d0ccd802fabb3b34b00b16f5d46bb6,1bd51d16ecf3463f8d75773a2ab2b556,pair_dissolved_naturally,exact,exact,1.0,1.0
05d0ccd802fabb3b34b00b16f5d46bb6,2099689b01931929bc5793b3b00bddca,pair_dissolved_naturally,exact,exact,1.0,1.0
05d0ccd802fabb3b34b00b16f5d46bb6,28a978eaf21d7ef99beaa780b27f85df,pair_dissolved_naturally,exact,exact,1.0,1.0
05d0ccd802fabb3b34b00b16f5d46bb6,4aa0044637d5414894af09a3971c2f00,pair_dissolved_naturally,exact,exact,1.0,1.0
05d0ccd802fabb3b34b00b16f5d46bb6,50003c6e088c004e66fc83f94ca9942e,pair_dissolved_naturally,exact,exact,1.0,1.0
05d0ccd802fabb3b34b00b16f5d46bb6,549d38c8e66cdc2f8df4a519e7c593bd,pair_dissolved_naturally,exact,exact,1.0,1.0
05d0ccd802fabb3b34b00b16f5d46bb6,768690717c4c47050b577188895948d3,pair_dissolved_naturally,exact,exact,1.0,1.0
05d0ccd802fabb3b34b00b16f5d46bb6,82c2dd3952b40d89e4b4aec1262be054,pair_dissolved_naturally,exact,exact,1.0,1.0
05d0ccd802fabb3b34b00b16f5d46bb6,8ca1755134922d2fbd434f6774a5ce93,pair_dissolved_naturally,exact,exact,1.0,1.0
05d0ccd802fabb3b34b00b16f5d46bb6,92c08b77f9d378b40d34af561f810de6,pair_dissolved_naturally,exact,exact,1.0,1.0
05d0ccd802fabb3b34b00b16f5d46bb6,9a52aa62def0c178dc412f9e8e24aff0,pair_dissolved_naturally,exact,exact,1.0,1.0
05d0ccd802fabb3b34b00b16f5d46bb6,a1f60d7b54ce926a4b5a508c9fc118d9,pair_dissolved_naturally,exact,exact,1.0,1.0
05d0ccd802fabb3b34b00b16f5d46bb6,b09a2d607a9a695058809f20a1fd1bab,pair_dissolved_naturally,exact,exact,1.0,1.0
05d0ccd802fabb3b34b00b16f5d46bb6,c7aa4ea10ee91223bd47d893360bcba3,pair_dissolved_naturally,exact,exact,1.0,1.0
05d0ccd802fabb3b34b00b16f5d46bb6,cdf0a1e634fa6b7a717a75c3020c48d3,pair_dissolved_naturally,exact,exact,1.0,1.0
05d0ccd802fabb3b34b00b16f5d46bb6,d2de5daca62470c9b7c8ee039578af0e,pair_dissolved_naturally,exact,exact,1.0,1.0
05d0ccd802fabb3b34b00b16f5d46bb6,d81f42d84fc0442984eb791a7af253ae,pair_dissolved_naturally,exact,exact,1.0,1.0
05d0ccd802fabb3b34b00b16f5d46bb6,f49104062a8a091bdd64b13cbcf23343,pair_dissolved_naturally,exact,exact,1.0,1.0
05d0ccd802fabb3b34b00b16f5d46bb6,f4c884fb1f0f8548033512fc5c8fdd76,pair_dissolved_naturally,exact,exact,1.0,1.0
05d0ccd802fabb3b34b00b16f5d46bb6,fbe8ea5e89955dc52a1c7cc6c0ae84ca,pair_dissolved_naturally,exact,exact,1.0,1.0
05d0ccd802fabb3b34b00b16f5d46bb6,fd9e62dbf5e1bc25abdea3c42e0fdff9,pair_dissolved_naturally,exact,exact,1.0,1.0
061d82d2669fdff945a47c379c5a4fdd,5e5bb93c8b94ed11d2fec3ce6fa6f810,pair_dissolved_naturally,exact,exact,1.0,1.0
061d82d2669fdff945a47c379c5a4fdd,8f2cf65f282276f69c3532fd0b017238,pair_dissolved_naturally,exact,exact,1.0,1.0
061d82d2669fdff945a47c379c5a4fdd,9f008cc6dd29b2dcc533f9eb3e742e7b,pair_dissolved_naturally,exact,exact,1.0,1.0
061d82d2669fdff945a47c379c5a4fdd,ae6dd1eeb84f5af2e7f9ff4e4b497df5,pair_dissolved_naturally,exact,exact,1.0,1.0
064102457748fe25d715a8338b6d96fc,95d03127b122a84d5ea3b9f6803813e7,pair_dissolved_naturally,exact,exact,1.0,1.0
0662eb84bf97fd80c2acf862d8b989e4,3047005876808ff6c7158065161921b0,pair_dissolved_by_refactoring,signature_changed,signature_changed,1.0,1.0
0662eb84bf97fd80c2acf862d8b989e4,77f2cdac6974b846d7a4fdeb61e94391,pair_dissolved_by_refactoring,signature_changed,signature_changed,1.0,1.0
0662eb84bf97fd80c2acf862d8b989e4,b01c5a37f8758825944fff2709c84e81,pair_dissolved_by_refactoring,signature_changed,signature_changed,1.0,1.0
0665e7ce3ad39fa54e9629a8fb93ee2c,40c6b9962f33cb66f7861e6af6d64c86,pair_dissolved_naturally,exact,exact,1.0,1.0
0665e7ce3ad39fa54e9629a8fb93ee2c,dc405154486a159b16830929965d9352,pair_dissolved_naturally,exact,exact,1.0,1.0
0665e7ce3ad39fa54e9629a8fb93ee2c,f16fff6e730a56733cd8c5d8dc5985f6,pair_dissolved_naturally,exact,exact,1.0,1.0
0669831c1755111067035d43683e8fc8,50c8c20ea4a5b96db9dc08bc37039ce6,pair_dissolved_naturally,exact,exact,1.0,1.0
0676bfd65da87a9f1a2b626ea3daead9,4a23711032343737577710c86d65f2ac,pair_dissolved_naturally,exact,exact,1.0,1.0
0676bfd65da87a9f1a2b626ea3daead9,67f1a9059732abfabb1203f674794e09,pair_dissolved_naturally,exact,exact,1.0,1.0
0676bfd65da87a9f1a2b626ea3daead9,794832937efec8d6df766701283ac05d,pair_dissolved_naturally,exact,exact,1.0,1.0
06810c92a30e2774092b1e58f144f14e,4d1c154d5c7c2c8b6cc99be37db06712,pair_dissolved_naturally,exact,exact,1.0,1.0
0688a036aeab3a0b374b0db4846c425e,22be7e06d2f8b8ee563bce0666b33ce4,pair_dissolved_naturally,exact,exact,1.0,1.0
0688a036aeab3a0b374b0db4846c425e,4c393c426b5b6cf858258335b2fde00f,pair_dissolved_naturally,exact,exact,1.0,1.0
0688a036aeab3a0b374b0db4846c425e,e0600216d7fb76ef18299d053d1c7047,pair_dissolved_naturally,exact,exact,1.0,1.0
0688a036aeab3a0b374b0db4846c425e,f7e572db87137e812d56c7390ed5f68f,pair_dissolved_naturally,exact,exact,1.0,1.0
06a537717e9f0f4fdc79c591a64d6f27,c7d27289667cfe504bb91203c0bd6e92,pair_dissolved_by_refactoring,exact,signature_changed,1.0,1.0
06f1bd13f58728d278e70a311c79f8f0,1a04627a3ca49f0316c52e95a8641be6,pair_dissolved_naturally,exact,exact,1.0,1.0
06f1bd13f58728d278e70a311c79f8f0,35485b686403e7c3896a87dbca7461cc,pair_dissolved_naturally,exact,exact,1.0,1.0
0723a4085d20cb56779be1fb08481fdc,a6ba07e2633675ae90cef2c95bcbf684,pair_dissolved_naturally,exact,exact,1.0,1.0
072f8f45900bf8054d5a8b0946eb5c24,94a9fca44f56aaa8ee0836a6f3159cdc,pair_dissolved_naturally,exact,exact,1.0,1.0
073aa0bc2c6792b312383ba9c0f8fb85,67bd8d48215ae6f014482815ab59bf9f,pair_dissolved_naturally,exact,exact,1.0,1.0
073aa0bc2c6792b312383ba9c0f8fb85,69ba5673034cb6f3c8155f56d0167328,pair_dissolved_naturally,exact,exact,1.0,1.0
073aa0bc2c6792b312383ba9c0f8fb85,97c4cad7b79dff95c637807b66fa5def,pair_dissolved_by_refactoring,exact,signature_changed,1.0,0.98
07950e9e916980eed6e267ebd73b6a2c,28e06a2bbac22d0aedfacf58ffeaaacb,pair_dissolved_naturally,exact,exact,1.0,1.0
07950e9e916980eed6e267ebd73b6a2c,4705dba082f62446c8bf05f797def82f,pair_dissolved_naturally,exact,exact,1.0,1.0
07950e9e916980eed6e267ebd73b6a2c,78ba978b28538788f99cbe041d6bb3d7,pair_dissolved_naturally,exact,exact,1.0,1.0
079671e2f6783694cf338ea54c8ba709,0ad38ba015d9d0bf162826deb8922651,pair_dissolved_naturally,exact,exact,1.0,1.0
079671e2f6783694cf338ea54c8ba709,960055bd774f5db50767c2966a55953b,pair_dissolved_naturally,exact,exact,1.0,1.0
07af936432c13bad892d5f3b0e3c7456,2824e44eecdeed7c5dd229c7ef849319,pair_dissolved_naturally,exact,exact,1.0,1.0
07f5701bef79c599c50a30398bec5708,38dcd61e6d908cc313b8f8b5ba71b651,pair_dissolved_by_refactoring,signature_changed,exact,1.0,1.0
0800ac091dc58525bea9ce6e1b876f04,4bf29eff9ceae2b3e46344251268d298,pair_dissolved_by_refactoring,signature_changed,exact,0.87,1.0
080342bb1f92df1a9def7a88de10fe0d,e7615ea02a20fa6efc439dbe276fc0ef,pair_dissolved_naturally,exact,exact,1.0,1.0
080740cb4291d1eb149a709fc7fa1b5f,97c4cad7b79dff95c637807b66fa5def,pair_dissolved_by_refactoring,exact,signature_changed,1.0,0.98
080740cb4291d1eb149a709fc7fa1b5f,edaf28b63734785f7016dfda14a6d967,pair_dissolved_by_refactoring,exact,signature_changed,1.0,0.93
08162aaa8eb0e24451ffe508e6d53de4,d5643db4a0764ac33db7e72c2cb70621,pair_dissolved_naturally,exact,exact,1.0,1.0
082c242e99cf3701500ea86aef39ad64,bdcc59371126421ce2212f0e686fb8d7,pair_dissolved_naturally,exact,exact,1.0,1.0
082e4e5e86c6b2878aa936bfd8148341,8c471c95bf9426c5136706a91f75f0d1,pair_dissolved_by_refactoring,exact,refactored,1.0,0.8
087487efca7d8bc6c4bd71bd7e81e4ea,83f1724d804c483deee220aeb2f8ce8e,pair_dissolved_naturally,exact,exact,1.0,1.0
08ee0c7f097fbed030755815084cfab2,0e39768adbc96cb443700670bdebf784,pair_dissolved_naturally,exact,exact,1.0,1.0
08fcf00a5ba154c8e22747981ef7591a,161dfc54d06f024d5220a15422af8ef4,pair_dissolved_naturally,exact,exact,1.0,1.0
092116a54e3a07fa4fa0b6f57581a2cc,15c9a98e351003df5881271735851662,pair_dissolved_naturally,exact,exact,1.0,1.0
092116a54e3a07fa4fa0b6f57581a2cc,1bd4a3024c1b127659041bc863704436,pair_dissolved_naturally,exact,exact,1.0,1.0
092116a54e3a07fa4fa0b6f57581a2cc,3b5ba815078aceb02c52ae0fcaa0f659,pair_dissolved_naturally,exact,exact,1.0,1.0
092116a54e3a07fa4fa0b6f57581a2cc,44b0129270854a64d64092fb787ca82a,pair_dissolved_naturally,exact,exact,1.0,1.0
092116a54e3a07fa4fa0b6f57581a2cc,64381560125b6fea9663d5a40a49f8af,pair_dissolved_naturally,exact,exact,1.0,1.0
092116a54e3a07fa4fa0b6f57581a2cc,6663badef695a2c2f04d4df10a65a961,pair_dissolved_naturally,exact,exact,1.0,1.0
092116a54e3a07fa4fa0b6f57581a2cc,692750a5d2c79155f816b47f30df4357,pair_dissolved_naturally,exact,exact,1.0,1.0
092116a54e3a07fa4fa0b6f57581a2cc,785b80a38bbcf682106c52f06c336fd2,pair_dissolved_naturally,exact,exact,1.0,1.0
092116a54e3a07fa4fa0b6f57581a2cc,79c577e961f1b9ec26e7b435089d9425,pair_dissolved_naturally,exact,exact,1.0,1.0
092116a54e3a07fa4fa0b6f57581a2cc,8587e726319121acddd6c94785af57df,pair_dissolved_naturally,exact,exact,1.0,1.0
092116a54e3a07fa4fa0b6f57581a2cc,95f172d855d381562934806ab3d9af30,pair_dissolved_naturally,exact,exact,1.0,1.0
092116a54e3a07fa4fa0b6f57581a2cc,b4e532d9dbe47b3ee8ae4f1776672c3f,pair_dissolved_naturally,exact,exact,1.0,1.0
092116a54e3a07fa4fa0b6f57581a2cc,c7d27289667cfe504bb91203c0bd6e92,pair_dissolved_by_refactoring,exact,signature_changed,1.0,1.0
092116a54e3a07fa4fa0b6f57581a2cc,d5dc6d956f07ea7e4526920b52b236a1,pair_dissolved_naturally,exact,exact,1.0,1.0
092116a54e3a07fa4fa0b6f57581a2cc,e678bbb0e6cef3236c516a72c7581441,pair_dissolved_naturally,exact,exact,1.0,1.0
092116a54e3a07fa4fa0b6f57581a2cc,e726492d30ba647aff35e0dc5c0942a6,pair_dissolved_naturally,exact,exact,1.0,1.0
093a67b3fc60dc61b494d80b4d3c9bd0,9d26d37098ee24cc13c356d14c4532ab,pair_dissolved_naturally,exact,exact,1.0,1.0
0941ad1df427bb301070322ef1568149,117f68c01647fd981ba26410f232c268,pair_dissolved_naturally,exact,exact,1.0,1.0
0941ad1df427bb301070322ef1568149,15c9a98e351003df5881271735851662,pair_dissolved_naturally,exact,exact,1.0,1.0
0941ad1df427bb301070322ef1568149,44b0129270854a64d64092fb787ca82a,pair_dissolved_naturally,exact,exact,1.0,1.0
0941ad1df427bb301070322ef1568149,64381560125b6fea9663d5a40a49f8af,pair_dissolved_naturally,exact,exact,1.0,1.0
0941ad1df427bb301070322ef1568149,6663badef695a2c2f04d4df10a65a961,pair_dissolved_naturally,exact,exact,1.0,1.0
0941ad1df427bb301070322ef1568149,785b80a38bbcf682106c52f06c336fd2,pair_dissolved_naturally,exact,exact,1.0,1.0
0941ad1df427bb301070322ef1568149,8587e726319121acddd6c94785af57df,pair_dissolved_naturally,exact,exact,1.0,1.0
0941ad1df427bb301070322ef1568149,d9815cce8636a6285ff48acd14d4805c,pair_dissolved_naturally,exact,exact,1.0,1.0
0941ad1df427bb301070322ef1568149,e726492d30ba647aff35e0dc5c0942a6,pair_dissolved_naturally,exact,exact,1.0,1.0
097a173375e75caa39cfc1aa7867f70d,1e997b2291a89ba965e701bad232bd99,pair_dissolved_naturally,exact,exact,1.0,1.0
097a173375e75caa39cfc1aa7867f70d,375677b05ba5ede85117f4b57f74ae13,pair_dissolved_naturally,exact,exact,1.0,1.0
097a173375e75caa39cfc1aa7867f70d,7a2926bffcff0118c669d30a211ec786,pair_dissolved_naturally,exact,exact,1.0,1.0
097a173375e75caa39cfc1aa7867f70d,92c909e785d259e96ab720d5315a8e9c,pair_dissolved_naturally,exact,exact,1.0,1.0
09e07b4c962e2d313f2a80d3f3b3e60a,117f68c01647fd981ba26410f232c268,pair_dissolved_naturally,exact,exact,1.0,1.0
09e07b4c962e2d313f2a80d3f3b3e60a,15c9a98e351003df5881271735851662,pair_dissolved_naturally,exact,exact,1.0,1.0
09e07b4c962e2d313f2a80d3f3b3e60a,43ea2147dbf7ba96fd87d1be39e1afe4,pair_dissolved_naturally,exact,exact,1.0,1.0
09e07b4c962e2d313f2a80d3f3b3e60a,44b0129270854a64d64092fb787ca82a,pair_dissolved_naturally,exact,exact,1.0,1.0
09e07b4c962e2d313f2a80d3f3b3e60a,4f1ad4b7b9570c590c7f8452741dd57a,pair_dissolved_naturally,exact,exact,1.0,1.0
09e07b4c962e2d313f2a80d3f3b3e60a,64381560125b6fea9663d5a40a49f8af,pair_dissolved_naturally,exact,exact,1.0,1.0
09e07b4c962e2d313f2a80d3f3b3e60a,6663badef695a2c2f04d4df10a65a961,pair_dissolved_naturally,exact,exact,1.0,1.0
09e07b4c962e2d313f2a80d3f3b3e60a,785b80a38bbcf682106c52f06c336fd2,pair_dissolved_naturally,exact,exact,1.0,1.0
09e07b4c962e2d313f2a80d3f3b3e60a,8587e726319121acddd6c94785af57df,pair_dissolved_naturally,exact,exact,1.0,1.0
09e07b4c962e2d313f2a80d3f3b3e60a,cfe87a3bd5655127bc8b23b2bd12afee,pair_dissolved_naturally,exact,exact,1.0,1.0
09e07b4c962e2d313f2a80d3f3b3e60a,e726492d30ba647aff35e0dc5c0942a6,pair_dissolved_naturally,exact,exact,1.0,1.0
09e07b4c962e2d313f2a80d3f3b3e60a,f6a960723b0164359925e256ffc229f7,pair_dissolved_naturally,exact,exact,1.0,1.0
09e53ffa01a56bb0983a5c9d7cf4eafc,fd63d9b51ca17674524df28cea04310e,pair_dissolved_naturally,exact,exact,1.0,1.0
09e6f53d9016f9badf9d0bc1df01c3fd,5bc0cb3be979a61f27b5fe3516264090,pair_dissolved_naturally,exact,exact,1.0,1.0
09e6f53d9016f9badf9d0bc1df01c3fd,9b1d35f928575be8e5de11214d77f0f0,pair_dissolved_naturally,exact,exact,1.0,1.0
09e6f53d9016f9badf9d0bc1df01c3fd,b4da9e114e4030c7323beeb38e69abcb,pair_dissolved_naturally,exact,exact,1.0,1.0
09e6f53d9016f9badf9d0bc1df01c3fd,bbbaba0bb770a7dd1ca2e3bba17ffd88,pair_dissolved_naturally,exact,exact,1.0,1.0
09e6f53d9016f9badf9d0bc1df01c3fd,c57fc1de8bf4592f427c36b3d0a53c26,pair_dissolved_naturally,exact,exact,1.0,1.0
09e6f53d9016f9badf9d0bc1df01c3fd,e7d68d36930fdf52765555efd01b4431,pair_dissolved_naturally,exact,exact,1.0,1.0
0a15f6b7d2926d9812e84a80aaba9918,1ca7516f82e4b165253beb32e553c199,pair_dissolved_naturally,exact,exact,1.0,1.0
0a15f6b7d2926d9812e84a80aaba9918,277c3aae0043a9647fa175da32b74004,pair_dissolved_naturally,exact,exact,1.0,1.0
0a15f6b7d2926d9812e84a80aaba9918,2ab35bbda63c0715e3b3fe05563c35ef,pair_dissolved_naturally,exact,exact,1.0,1.0
0a15f6b7d2926d9812e84a80aaba9918,3b100dbe4a5647c508a08ee82c0692fd,pair_dissolved_naturally,exact,exact,1.0,1.0
0a15f6b7d2926d9812e84a80aaba9918,460608ebbc419bfb171cceb5b355f807,pair_dissolved_naturally,exact,exact,1.0,1.0
0a15f6b7d2926d9812e84a80aaba9918,558c7d80a4748c5c247e805626d54b03,pair_dissolved_naturally,exact,exact,1.0,1.0
0a15f6b7d2926d9812e84a80aaba9918,689934cdeadee583c9b26da43cd2e81a,pair_dissolved_naturally,exact,exact,1.0,1.0
0a15f6b7d2926d9812e84a80aaba9918,7b026994b36fbcfb3a95d895d5d4abe6,pair_dissolved_naturally,exact,exact,1.0,1.0
0a15f6b7d2926d9812e84a80aaba9918,7b756f8a893f3b85e135c8e94a41619d,pair_dissolved_naturally,exact,exact,1.0,1.0
0a15f6b7d2926d9812e84a80aaba9918,7dc7493b71e3a9a44c2e42a302025e57,pair_dissolved_naturally,exact,exact,1.0,1.0
0a15f6b7d2926d9812e84a80aaba9918,8714dcb7df036e6f1e5af53fb1f97772,pair_dissolved_naturally,exact,exact,1.0,1.0
0a15f6b7d2926d9812e84a80aaba9918,bae532b1ebbdd2e537af9713ed4a7966,pair_dissolved_naturally,exact,exact,1.0,1.0
0a15f6b7d2926d9812e84a80aaba9918,bfceba30f2d9225c71f527ea79ad5e14,pair_dissolved_naturally,exact,exact,1.0,1.0
0a15f6b7d2926d9812e84a80aaba9918,ddc54515a5f77dd518a728052f57fdde,pair_dissolved_naturally,exact,exact,1.0,1.0
0a15f6b7d2926d9812e84a80aaba9918,e5d48eaa4e45615ed36e9c2a89d64130,pair_dissolved_naturally,exact,exact,1.0,1.0
0a15f6b7d2926d9812e84a80aaba9918,e8138eabe191e0bd1c16129055010879,pair_dissolved_naturally,exact,exact,1.0,1.0
0a15f6b7d2926d9812e84a80aaba9918,ed2c979efd0f88dac9e043140c8dcb96,pair_dissolved_naturally,exact,exact,1.0,1.0
0a15f6b7d2926d9812e84a80aaba9918,f426bc0d6c6df6fc306a1afd12806757,pair_dissolved_naturally,exact,exact,1.0,1.0
0a15f6b7d2926d9812e84a80aaba9918,fb3e65422f3608a1d8410417b55191ad,pair_dissolved_naturally,exact,exact,1.0,1.0
0a4c9df335e65e36dfa3e2b5d64ca8c2,9ab304fea20a421301b1b0f39de95e66,pair_dissolved_naturally,exact,exact,1.0,1.0
0a4ca3d54d39b767d2369f2e87e96d0a,176439254e5f51a2c475b1604a791cb7,pair_dissolved_naturally,exact,exact,1.0,1.0
0a4ca3d54d39b767d2369f2e87e96d0a,96382aa6f67e6ee357f75d62aef63209,pair_dissolved_naturally,exact,exact,1.0,1.0
0a6db0a750d39370d741e0629e54c4fe,11573272f38a1a7a66a57fe8b2fcad31,pair_dissolved_naturally,exact,exact,1.0,1.0
0a6db0a750d39370d741e0629e54c4fe,195781815f9c235f5ed10b055d69d4c0,pair_dissolved_naturally,exact,exact,1.0,1.0
0a6db0a750d39370d741e0629e54c4fe,22f0d37a5a033f3445227eef77f16723,pair_dissolved_naturally,exact,exact,1.0,1.0
0a6db0a750d39370d741e0629e54c4fe,35426580cb0e1acd32a162726016d489,pair_dissolved_by_refactoring,exact,signature_changed,1.0,0.97
0a6db0a750d39370d741e0629e54c4fe,7b026994b36fbcfb3a95d895d5d4abe6,pair_dissolved_naturally,exact,exact,1.0,1.0
0a6db0a750d39370d741e0629e54c4fe,86b47db165e6651f3485a3fb83adb754,pair_dissolved_naturally,exact,exact,1.0,1.0
0a6db0a750d39370d741e0629e54c4fe,8a29d7ac2bfc733e795b8ddee7caf073,pair_dissolved_by_refactoring,exact,signature_changed,1.0,0.99
0a6db0a750d39370d741e0629e54c4fe,ed2c979efd0f88dac9e043140c8dcb96,pair_dissolved_naturally,exact,exact,1.0,1.0
0a9394f1c1dec0ecad5000b66e2aa895,8e93482eb79727e8fbc81739aefc2031,pair_dissolved_by_refactoring,signature_changed,exact,0.99,1.0
0aa5180a01824e66df29f2ea5bd0235a,50319546c68be20b23c0a61ea05edd9a,pair_dissolved_by_refactoring,exact,signature_changed,1.0,1.0
0aa5180a01824e66df29f2ea5bd0235a,5439dc735cf9f6dc7ac07741e279c440,pair_dissolved_naturally,exact,exact,1.0,1.0
0aa5180a01824e66df29f2ea5bd0235a,f3365135e52a88d0970e9be933354afc,pair_dissolved_naturally,exact,unknown,1.0,
0ad38ba015d9d0bf162826deb8922651,5ee5269a68bffa8767a7f97509617722,pair_dissolved_naturally,exact,exact,1.0,1.0
0ad38ba015d9d0bf162826deb8922651,960055bd774f5db50767c2966a55953b,pair_dissolved_naturally,exact,exact,1.0,1.0
0ad38ba015d9d0bf162826deb8922651,ec200c11895a34a2be6a71394d9f527e,pair_dissolved_naturally,exact,exact,1.0,1.0
0ad453d9fdfabd8511aa1fd451510302,178e4f1fa834b1480da79144cec7b0e9,pair_dissolved_by_refactoring,signature_changed,signature_changed,1.0,1.0
0ad453d9fdfabd8511aa1fd451510302,4ff6683967b272b79965981315d31cfe,pair_dissolved_by_refactoring,signature_changed,exact,1.0,1.0
0ad453d9fdfabd8511aa1fd451510302,7fbfdd63e08dec218cc2226195919196,pair_dissolved_by_refactoring,signature_changed,exact,1.0,1.0
0ad453d9fdfabd8511aa1fd451510302,822f4f536fb6c1f6d64f0c55ff583c23,pair_dissolved_by_refactoring,signature_changed,signature_changed,1.0,0.98
0ad453d9fdfabd8511aa1fd451510302,b7dab1119a91eaacda5c343f0bc93273,pair_dissolved_by_refactoring,signature_changed,signature_changed,1.0,1.0
0ad453d9fdfabd8511aa1fd451510302,ed8e56a288e8ac2a9460c67792480644,pair_dissolved_by_refactoring,signature_changed,signature_changed,1.0,1.0
0aff5d7ceceacd6fb390bbc247eba98b,42e869da43a96c9839cc82bb63ad047a,pair_dissolved_naturally,exact,exact,1.0,1.0
0b2191589a4bc212dad7f27109c54dcb,c6351e44ab3792c1b46791b2e6087bcf,pair_dissolved_naturally,exact,exact,1.0,1.0
0b36f07d31d1e71a59d7a745734bd4f2,958a65036fc80f27f9fcae81fe7f7e40,pair_dissolved_naturally,exact,exact,1.0,1.0
0b483043a9573d304a213e5ef32dbf39,14c07827991ff03e4b6c23c04c0ad5c7,pair_dissolved_naturally,exact,exact,1.0,1.0
0b483043a9573d304a213e5ef32dbf39,1588d3e4854fc254ede7251c5df74f45,method_b_deleted,exact,deleted,1.0,
0b483043a9573d304a213e5ef32dbf39,1742e6d56629f1703d9aecf214cc7ee4,pair_dissolved_naturally,exact,exact,1.0,1.0
0b483043a9573d304a213e5ef32dbf39,6ce3500860006ed85b98840fa233fe9d,pair_dissolved_naturally,exact,exact,1.0,1.0
0b483043a9573d304a213e5ef32dbf39,dd0108386e6e4ecbff8f9ecc467fd6e7,pair_dissolved_naturally,exact,exact,1.0,1.0
0b483043a9573d304a213e5ef32dbf39,ea6965ca77aaae53cce744eb20749166,method_b_deleted,exact,deleted,1.0,
0b483043a9573d304a213e5ef32dbf39,f1fb7742a7eafe8073459ed92686b9c1,pair_dissolved_naturally,exact,exact,1.0,1.0
0b4f9b3e46c7aef8201018a27682b29b,13658e9aa473fc1892b8a6fa30ed61d6,pair_dissolved_naturally,exact,exact,1.0,1.0
0b4f9b3e46c7aef8201018a27682b29b,dbf8caedc8e32655bfa28a6b23555f4e,pair_dissolved_naturally,exact,exact,1.0,1.0
0b4f9b3e46c7aef8201018a27682b29b,f0b140c7d8c3b5cd84714d85008e5fc3,pair_dissolved_naturally,exact,exact,1.0,1.0
0b6c260f4a7aca263b7a05997ffcaf78,1ca7516f82e4b165253beb32e553c199,pair_dissolved_naturally,exact,exact,1.0,1.0
0b6c260f4a7aca263b7a05997ffcaf78,78f4b6b4e1b8b3e28309dd5b4c310b54,pair_dissolved_naturally,exact,exact,1.0,1.0
0b6c260f4a7aca263b7a05997ffcaf78,7fab18138b887ce7d2693012afd2ad95,pair_dissolved_naturally,exact,exact,1.0,1.0
0b6c260f4a7aca263b7a05997ffcaf78,f9fcc22dfd25b796b1c6c685ee3c20fb,pair_dissolved_naturally,exact,exact,1.0,1.0
0b6c260f4a7aca263b7a05997ffcaf78,fba7fb68f7ca38c82587ff5a53a2b547,pair_dissolved_naturally,exact,exact,1.0,1.0
0bb0976288edd4152dd3e35aee11e958,8e172cb357cde5f6f1a6de802b5019cf,pair_dissolved_naturally,exact,exact,1.0,1.0
0bb0976288edd4152dd3e35aee11e958,bcd9bcef2853467f810110a25b0d3395,pair_dissolved_naturally,exact,exact,1.0,1.0
0bb2a54c678a72eb1360ac99a37b5f0b,0dafbd4ffa1f68d6d723bf4a833c405a,pair_dissolved_naturally,exact,exact,1.0,1.0
0bd3e2e12fbf8edf2e80393720137617,162c6e3dbb146c31a000e6a22615d48d,pair_dissolved_naturally,exact,exact,1.0,1.0
0bd3e2e12fbf8edf2e80393720137617,32fdd9e067b0fa68c900bf56de0c5adc,pair_dissolved_naturally,exact,exact,1.0,1.0
0bd7ee2d8631215bb88e2cdebece8dab,47eef3fb6f8b8491bf15b50cb26fc704,pair_dissolved_naturally,exact,exact,1.0,1.0
0bddb3c86e6d77cf15d6d84626d7f9eb,de04bfee5aa475959c125eb0f11ef485,pair_dissolved_naturally,exact,exact,1.0,1.0
0c0e95f6c82cd07130ba62a323bfe000,2840c1e5edb18cfae115017ee9a05052,pair_dissolved_naturally,exact,exact,1.0,1.0
0c0e95f6c82cd07130ba62a323bfe000,3a7b2e03cf8cc2290e2a9a6f256bd472,pair_dissolved_naturally,exact,exact,1.0,1.0
0c162914b6e5ae10e172137f9ea9bf2d,0c369da1aecbdc743a88669406d2719e,pair_dissolved_naturally,exact,exact,1.0,1.0
0c162914b6e5ae10e172137f9ea9bf2d,770760fe22e03dd972c927e63f46a26d,pair_dissolved_naturally,exact,exact,1.0,1.0
0c162914b6e5ae10e172137f9ea9bf2d,d330eb22ddab571c76b0ef771940a8c8,pair_dissolved_naturally,exact,exact,1.0,1.0
0c2674a84cd480707f470f42f48e71bb,cc9e939e19cd4db10b250e5b61433f3d,pair_dissolved_naturally,exact,exact,1.0,1.0
0c369da1aecbdc743a88669406d2719e,1f13532b019bd7f144e262264e5edb4c,pair_dissolved_by_refactoring,exact,signature_changed,1.0,1.0
0c369da1aecbdc743a88669406d2719e,bbf95f24001c7e32d3266a5b52d32e3e,pair_dissolved_naturally,exact,exact,1.0,1.0
0c369da1aecbdc743a88669406d2719e,d330eb22ddab571c76b0ef771940a8c8,pair_dissolved_naturally,exact,exact,1.0,1.0
0c4a714adb49ff1f6deefab4c8bbb55f,c0f8219c50b965a59af82d6eaad7da2e,pair_dissolved_by_refactoring,exact,signature_changed,1.0,1.0
0c589b3c9d7c6bbb85471b85bbd2543c,21d6d0df963cdd2763a255a89db43356,pair_dissolved_naturally,exact,exact,1.0,1.0
0c589b3c9d7c6bbb85471b85bbd2543c,31c3d3a3f769525240da95910ff422bc,pair_dissolved_naturally,exact,exact,1.0,1.0
0c589b3c9d7c6bbb85471b85bbd2543c,62981585453405393da9f48a1fbadf9f,pair_dissolved_naturally,exact,exact,1.0,1.0
0c5f05f0e8dcccb81c5bed471ab00ee3,563dcba0add8c610e2106a971688d3bf,pair_dissolved_naturally,exact,exact,1.0,1.0
0c97ac76ffb6709f1799a92e22576c33,863c4d1f6c82f20deb7e1046a5921b97,pair_dissolved_by_refactoring,exact,signature_changed,1.0,1.0
0caac816b2b8a28a34a6ae876ac64711,899c1ca63243d50f228db61d062884c1,pair_dissolved_naturally,exact,exact,1.0,1.0
0cafbcb40fc4a8a32f0184448213bdd5,107b6610829cb184614d94d876050e49,pair_dissolved_by_refactoring,signature_changed,exact,1.0,1.0
0cafbcb40fc4a8a32f0184448213bdd5,13e98d0577717d8f73dfb1b8d614714b,pair_dissolved_by_refactoring,signature_changed,exact,1.0,1.0
0cafbcb40fc4a8a32f0184448213bdd5,15428aea3a5596cd96fa87c882133378,pair_dissolved_by_refactoring,signature_changed,exact,1.0,1.0
0cafbcb40fc4a8a32f0184448213bdd5,326685d2ae785823b1c39b5fa8fd6594,pair_dissolved_by_refactoring,signature_changed,exact,1.0,1.0
0cafbcb40fc4a8a32f0184448213bdd5,4798ec0f64fd7957c6c40082345eabbd,pair_dissolved_by_refactoring,signature_changed,exact,1.0,1.0
0cafbcb40fc4a8a32f0184448213bdd5,592b98c01ef440d9ef1bee213d42636f,pair_dissolved_by_refactoring,signature_changed,signature_changed,1.0,1.0
0cafbcb40fc4a8a32f0184448213bdd5,5eeeea0412729fa989d3a4b32a1564fa,pair_dissolved_by_refactoring,signature_changed,exact,1.0,1.0
0cafbcb40fc4a8a32f0184448213bdd5,fe56e48d1143f9afe2334ba5c10ec147,pair_dissolved_by_refactoring,signature_changed,exact,1.0,1.0
0cb2560c6db2547c8280292c660304f5,63652e90c893b2cf1d7dbbca1afaeb9e,method_a_deleted,deleted,unknown,,
0ceec33c7ce3709e4e9242fb37106aec,e2dbb01c0f520efe2c8048b23358519b,pair_dissolved_naturally,exact,exact,1.0,1.0
0d09adaca186939bb4215c173ce6ec8a,e8a01063dacc5df88d1904e287db28d6,pair_dissolved_by_refactoring,exact,signature_changed,1.0,0.95
0d2f0d3f2f995499b708c6aab4d05f8f,cbd30bf3787a599e4ef2451ea4e54421,pair_dissolved_naturally,exact,exact,1.0,1.0
0d2f420dc0e525a31958295cb5488b80,42c2ce68ed634f476ca8b7fb256a27fe,pair_dissolved_naturally,exact,exact,1.0,1.0
0d2f420dc0e525a31958295cb5488b80,49faa5420c18389d12c29daa7d200b29,pair_dissolved_naturally,exact,exact,1.0,1.0
0d342e86e656a5530a54623a21793899,e754d29b2dbd6a74a7a696ec8298153d,pair_dissolved_naturally,exact,exact,1.0,1.0
0d4b642d9bb622ed6ff94035308f5d4d,d8b09f1d40b55a4bc37d7f4dccfbea4b,method_b_deleted,exact,deleted,1.0,
0d7754bd71b972fe1bf8747757d06fc1,428a0747a3660bb4e4914955f8077ccc,pair_dissolved_naturally,exact,exact,1.0,1.0
0d7754bd71b972fe1bf8747757d06fc1,48fc5a2e868675443518de3fb7b77a18,pair_dissolved_naturally,exact,exact,1.0,1.0
0d7754bd71b972fe1bf8747757d06fc1,4b89724efe1aef90171e4c4784108c7e,pair_dissolved_naturally,exact,exact,1.0,1.0
0d7754bd71b972fe1bf8747757d06fc1,980c35da95e84668d8fc5594bed10306,pair_dissolved_naturally,exact,exact,1.0,1.0
0d7754bd71b972fe1bf8747757d06fc1,f3c0fd4636069bae3b69420bdd84f6cb,pair_dissolved_naturally,exact,exact,1.0,1.0
0d7fe28563a99c76f98c3918fca64b72,689934cdeadee583c9b26da43cd2e81a,pair_dissolved_naturally,exact,exact,1.0,1.0
0d7fe28563a99c76f98c3918fca64b72,7b026994b36fbcfb3a95d895d5d4abe6,pair_dissolved_naturally,exact,exact,1.0,1.0
0d7fe28563a99c76f98c3918fca64b72,8714dcb7df036e6f1e5af53fb1f97772,pair_dissolved_naturally,exact,exact,1.0,1.0
0d7fe28563a99c76f98c3918fca64b72,bae532b1ebbdd2e537af9713ed4a7966,pair_dissolved_naturally,exact,exact,1.0,1.0
0d7fe28563a99c76f98c3918fca64b72,ddc54515a5f77dd518a728052f57fdde,pair_dissolved_naturally,exact,exact,1.0,1.0
0d7fe28563a99c76f98c3918fca64b72,ed2c979efd0f88dac9e043140c8dcb96,pair_dissolved_naturally,exact,exact,1.0,1.0
0d97177f611af3df7302be612a573ab8,2557d21bffd868cb3fa0cc1d5df2e8a6,pair_dissolved_by_refactoring,exact,signature_changed,1.0,1.0
0dcc1b249e44503efc73c25bb6af186b,345973f07434e51a5d318caaf4db31a4,pair_dissolved_naturally,exact,exact,1.0,1.0
0dcc1b249e44503efc73c25bb6af186b,ab9e3f64aa0717410aa2af28f4b41da5,pair_dissolved_naturally,exact,exact,1.0,1.0
0dcc1b249e44503efc73c25bb6af186b,cd81ff8a648d4c074c160143376a0f81,pair_dissolved_naturally,exact,exact,1.0,1.0
0dcc1b249e44503efc73c25bb6af186b,d1f19a7fecf7284a8ab1b10aea49d5ec,pair_dissolved_naturally,exact,exact,1.0,1.0
0dd1bf7468063d60dbe1de1ac1ad2f4e,de0c92c2adaca88324adb1e44696e237,pair_dissolved_naturally,exact,exact,1.0,1.0
0ded249bebd378263fba78a4be2339f2,117f68c01647fd981ba26410f232c268,pair_dissolved_by_refactoring,signature_changed,exact,0.97,1.0
0ded249bebd378263fba78a4be2339f2,15c9a98e351003df5881271735851662,pair_dissolved_by_refactoring,signature_changed,exact,0.97,1.0
0ded249bebd378263fba78a4be2339f2,195781815f9c235f5ed10b055d69d4c0,pair_dissolved_by_refactoring,signature_changed,exact,0.97,1.0
0ded249bebd378263fba78a4be2339f2,44b0129270854a64d64092fb787ca82a,pair_dissolved_by_refactoring,signature_changed,exact,0.97,1.0
0ded249bebd378263fba78a4be2339f2,64381560125b6fea9663d5a40a49f8af,pair_dissolved_by_refactoring,signature_changed,exact,0.97,1.0
0ded249bebd378263fba78a4be2339f2,663888d5474dfa1345d1c6bb69325a3e,pair_dissolved_by_refactoring,signature_changed,exact,0.97,1.0
0ded249bebd378263fba78a4be2339f2,6663badef695a2c2f04d4df10a65a961,pair_dissolved_by_refactoring,signature_changed,exact,0.97,1.0
0ded249bebd378263fba78a4be2339f2,785b80a38bbcf682106c52f06c336fd2,pair_dissolved_by_refactoring,signature_changed,exact,0.97,1.0
0ded249bebd378263fba78a4be2339f2,8587e726319121acddd6c94785af57df,pair_dissolved_by_refactoring,signature_changed,exact,0.97,1.0
0ded249bebd378263fba78a4be2339f2,e726492d30ba647aff35e0dc5c0942a6,pair_dissolved_by_refactoring,signature_changed,exact,0.97,1.0
0dee5080e677bb3712eca2d4a227465a,15c9a98e351003df5881271735851662,pair_dissolved_naturally,exact,exact,1.0,1.0
0dee5080e677bb3712eca2d4a227465a,5b66b1b08922a5a8c8275362b110d1c2,pair_dissolved_naturally,exact,exact,1.0,1.0
0dee5080e677bb3712eca2d4a227465a,6663badef695a2c2f04d4df10a65a961,pair_dissolved_naturally,exact,exact,1.0,1.0
0dee5080e677bb3712eca2d4a227465a,8d41407c9e21b4deac8c3a2f051da9d2,pair_dissolved_naturally,exact,exact,1.0,1.0
0dee5080e677bb3712eca2d4a227465a,e726492d30ba647aff35e0dc5c0942a6,pair_dissolved_naturally,exact,exact,1.0,1.0
0e0949956075c977a1ea1507eea3908f,65e9094bd94a539c94c5183f7e1ebceb,pair_dissolved_naturally,exact,exact,1.0,1.0
0e322cbbb25c5ef658d5e6e41ffa9931,83baf75accf18cb44fc8e65e9f6127ce,pair_dissolved_naturally,exact,exact,1.0,1.0
0e322cbbb25c5ef658d5e6e41ffa9931,dd3aa7e842d508204109f99fc04510aa,pair_dissolved_naturally,exact,exact,1.0,1.0
0e50774d03ba928f34550e9bd912b14a,16426e0774d86eb541c89d7f5ce61c40,pair_dissolved_naturally,exact,exact,1.0,1.0
0e50774d03ba928f34550e9bd912b14a,1c6a2ce35aa41bccdee7169117c33eb4,pair_dissolved_naturally,exact,exact,1.0,1.0
0e546aeb0f7cbfca41c5e70db176ebd6,58597c1a5130abe3f15e55c4fcefe917,pair_dissolved_naturally,exact,unknown,1.0,
0e546aeb0f7cbfca41c5e70db176ebd6,b6f30cb77b5fe810091c80e059f6358e,pair_dissolved_by_refactoring,exact,refactored,1.0,0.75
0ea9d36fd88ba5dcde5607596ad0e0a3,4a7cbe6f1d70f7a6dd7bb682de838db3,pair_dissolved_naturally,exact,exact,1.0,1.0
0ea9d36fd88ba5dcde5607596ad0e0a3,7a45b1a4323523868e7439718d6dfc93,pair_dissolved_naturally,exact,exact,1.0,1.0
0ea9d36fd88ba5dcde5607596ad0e0a3,9ee6ced51fc51f285d174fde7fb2e783,pair_dissolved_naturally,exact,exact,1.0,1.0
0ea9d36fd88ba5dcde5607596ad0e0a3,ef8e863afda0721b7e4f4fe9c92dab3b,pair_dissolved_naturally,exact,exact,1.0,1.0
0eb859ef9820ee6851476cc48ed68348,4a3aa07aa63e94e6b09913ae162e9280,pair_dissolved_naturally,exact,exact,1.0,1.0
0ed72fb54b5f14ece0fb6c5e1157da8e,25fc882eb405357b2d41a5c4557b0d4a,pair_dissolved_naturally,exact,exact,1.0,1.0
0edc669318cedbe5e4352e34b1570a44,af28f3ef5f97e62f5389ebcdb0de02db,pair_dissolved_by_refactoring,signature_changed,signature_changed,1.0,1.0
0ee2686d146c7c816ec4be9d544afd17,974adc575637c36122f919679f0ea3eb,pair_dissolved_naturally,exact,exact,1.0,1.0
0eed2d3ddfd61721cb3024b0fad146e3,d5dc6d956f07ea7e4526920b52b236a1,pair_dissolved_naturally,exact,exact,1.0,1.0
0f712a828d13f82e364f1adc30071edf,52c1e6879601f810c7c7f4106e2bcd6d,pair_dissolved_naturally,exact,exact,1.0,1.0
0f712a828d13f82e364f1adc30071edf,a34a4f27e11f1fcc682f55bb45597583,pair_dissolved_naturally,exact,exact,1.0,1.0
0f712a828d13f82e364f1adc30071edf,ed64cc654b16706044d253a7e102a819,pair_dissolved_naturally,exact,exact,1.0,1.0
0f7c7452a7338cb2ea4a8e68a2a25945,6512536bb19bf2a28ffe292723e7789d,pair_dissolved_naturally,exact,unknown,1.0,
0fead8257936bfd755ce2ac31eb4a4fa,b715ef61e4488dd30e9cf2ca098bc6f6,method_a_deleted,deleted,exact,,1.0
1051228c036ba8fdaeaaf1807b1fed1e,1489e7eacd074b15803930b1e8d656b3,pair_dissolved_naturally,exact,exact,1.0,1.0
1051228c036ba8fdaeaaf1807b1fed1e,1cb6e7d9a1738e10211dbfdb1ba806d0,pair_dissolved_naturally,exact,exact,1.0,1.0
1051228c036ba8fdaeaaf1807b1fed1e,36f6d15b3aa2c08688a409684715117b,pair_dissolved_naturally,exact,exact,1.0,1.0
1051228c036ba8fdaeaaf1807b1fed1e,460608ebbc419bfb171cceb5b355f807,pair_dissolved_naturally,exact,exact,1.0,1.0
1051228c036ba8fdaeaaf1807b1fed1e,58e92cd16f2fa29fd88bff4842c13fe9,pair_dissolved_naturally,exact,exact,1.0,1.0
1051228c036ba8fdaeaaf1807b1fed1e,607fbb23f34c7ae53858130fef89e2b8,pair_dissolved_naturally,exact,exact,1.0,1.0
1051228c036ba8fdaeaaf1807b1fed1e,6c1b78cab2005d78e3e8bd1cc87f05fa,pair_dissolved_naturally,exact,exact,1.0,1.0
1051228c036ba8fdaeaaf1807b1fed1e,7b026994b36fbcfb3a95d895d5d4abe6,pair_dissolved_naturally,exact,exact,1.0,1.0
1051228c036ba8fdaeaaf1807b1fed1e,7ec10458ed04b6228e04adf60f521898,pair_dissolved_naturally,exact,exact,1.0,1.0
1051228c036ba8fdaeaaf1807b1fed1e,8a4b1385d348cd8c5a5d2218653dd9a5,pair_dissolved_by_refactoring,exact,signature_changed,1.0,0.97
1051228c036ba8fdaeaaf1807b1fed1e,9134d94f0397c73601932972ed2e137b,pair_dissolved_naturally,exact,exact,1.0,1.0
1051228c036ba8fdaeaaf1807b1fed1e,9316504218006bf13cf95459ebf5a545,pair_dissolved_naturally,exact,exact,1.0,1.0
1051228c036ba8fdaeaaf1807b1fed1e,9f673c5fe49a7db80be2f62fab1cbc15,pair_dissolved_naturally,exact,exact,1.0,1.0
1051228c036ba8fdaeaaf1807b1fed1e,a6d91a37b0fcaff9209bb5b29392034d,pair_dissolved_naturally,exact,exact,1.0,1.0
1051228c036ba8fdaeaaf1807b1fed1e,a771d8d0055f7bf8b1c60e4d1fdde873,pair_dissolved_naturally,exact,exact,1.0,1.0
1051228c036ba8fdaeaaf1807b1fed1e,bae532b1ebbdd2e537af9713ed4a7966,pair_dissolved_naturally,exact,exact,1.0,1.0
1051228c036ba8fdaeaaf1807b1fed1e,c9989b27cdcfbbc7fd47d87d17c93831,method_b_deleted,exact,deleted,1.0,
1051228c036ba8fdaeaaf1807b1fed1e,dfedb1c8e2f8fbecff8bb52fc5cbcad0,pair_dissolved_naturally,exact,exact,1.0,1.0
1051228c036ba8fdaeaaf1807b1fed1e,ed2c979efd0f88dac9e043140c8dcb96,pair_dissolved_naturally,exact,exact,1.0,1.0
1051228c036ba8fdaeaaf1807b1fed1e,f02f52759adfb0c53e270d7988ab70d5,pair_dissolved_naturally,exact,exact,1.0,1.0
1051228c036ba8fdaeaaf1807b1fed1e,f5a4f3d5fbe0f0cfb88cf2b2f7ee50c0,pair_dissolved_naturally,exact,exact,1.0,1.0
107242106de6037c00b7ee92bee8dd09,90a7bae1d2d1c9cc9794fc1aa0fec6cf,pair_dissolved_naturally,exact,exact,1.0,1.0
107242106de6037c00b7ee92bee8dd09,b751d2d713a7fc98a69a33bc4f871e47,pair_dissolved_naturally,exact,exact,1.0,1.0
107242106de6037c00b7ee92bee8dd09,f677f5cf9aad22709ead4a94bc1266b7,pair_dissolved_naturally,exact,exact,1.0,1.0
107b6610829cb184614d94d876050e49,592b98c01ef440d9ef1bee213d42636f,pair_dissolved_by_refactoring,exact,signature_changed,1.0,1.0
108466756cc202a2543d0426b28a2c99,6ffa3d22ab75abbffec17ab231cd2d9f,pair_dissolved_naturally,exact,exact,1.0,1.0
10893b6207879e4ab77ca1a65c74ed2b,3872c1d389a8a6ba88f363f5566908f8,method_a_deleted,deleted,moved,,0.93
10893b6207879e4ab77ca1a65c74ed2b,a5a5700b235e094c581422c9b2a50db0,both_deleted,deleted,deleted,,
10893b6207879e4ab77ca1a65c74ed2b,ba3f5e6862c5bd75e4ce751bfd4c8927,method_a_deleted,deleted,moved,,0.93
10960edf635ff2dc5dc7e33afc64e0d0,cd9b9248eb3d4c80e9ac06ec7bb446d7,pair_dissolved_naturally,exact,exact,1.0,1.0
1096e48499769f20a2c596a18fb96457,226a3205a745a8bef27b5c63d8b9fe00,pair_dissolved_naturally,exact,exact,1.0,1.0
1096e48499769f20a2c596a18fb96457,7d23c8eeb1f66c6103308df099e1853c,pair_dissolved_naturally,exact,exact,1.0,1.0
10a2eab2cacc50a78f64eb62c490dfae,1eb74391d13e9dacc54317ee9af81615,pair_dissolved_naturally,exact,exact,1.0,1.0
10b2b4804aa9fe034c0a6ffdd4ad4f7a,f90f7aa6c853f9ed31fbbd4963d01072,pair_dissolved_naturally,exact,exact,1.0,1.0
10c87674564a66b896ec8053e29e5a48,4d1198a84e0f90e6375cb361da875e54,pair_dissolved_by_refactoring,unknown,signature_changed,,0.94
10c97768b4591284c960ca628f86f883,570af606a3533d63c7b462a850ec01e4,pair_dissolved_naturally,exact,exact,1.0,1.0
10c97768b4591284c960ca628f86f883,6ff91d3140b6daf7df09d693b4de70d6,pair_dissolved_naturally,exact,exact,1.0,1.0
10c97768b4591284c960ca628f86f883,8045700bcc349f90c6fe6e9b8fe60e85,pair_dissolved_naturally,exact,exact,1.0,1.0
10c97768b4591284c960ca628f86f883,ef43eb60e1cc04aeb1823107cb420435,pair_dissolved_naturally,exact,exact,1.0,1.0
10cb5c81467502a55163acd42013267e,73dd4f61d955d0528a209fc81dfa74b7,pair_dissolved_naturally,exact,exact,1.0,1.0
10cb5c81467502a55163acd42013267e,7b59b9e8b1b0c0b9185750e79449777b,pair_dissolved_naturally,exact,exact,1.0,1.0
10e7f45ff498e2523116ac16617e8aa9,faab9383e9d50446cac026039a2430af,pair_dissolved_naturally,exact,exact,1.0,1.0
10e9f7c7b79013b9f72e76ac684c4c64,42d4524d0c8c08c36af68c0173d35926,pair_dissolved_by_refactoring,exact,signature_changed,1.0,1.0
10e9f7c7b79013b9f72e76ac684c4c64,805d86524a2dbe031036544149052d7d,pair_dissolved_by_refactoring,exact,signature_changed,1.0,1.0
10e9f7c7b79013b9f72e76ac684c4c64,a0eb9326bb4bda31c9e7e1577b13dd3e,pair_dissolved_by_refactoring,exact,signature_changed,1.0,1.0
10e9f7c7b79013b9f72e76ac684c4c64,b7fd10cf9ae6ae0aceda75e99c84b97f,pair_dissolved_by_refactoring,exact,signature_changed,1.0,1.0
10e9f7c7b79013b9f72e76ac684c4c64,c390ac33284f65f4723b8822019a1bea,pair_dissolved_by_refactoring,exact,signature_changed,1.0,1.0
10e9f7c7b79013b9f72e76ac684c4c64,f6cad743d729ae667b10410321b5404a,pair_dissolved_by_refactoring,exact,signature_changed,1.0,1.0
112099375782956b91d19ab63e73ea6f,23a1cf12bc3c41128c242fcce460109c,pair_dissolved_naturally,exact,exact,1.0,1.0
11476fa531c5c7bde87e9f4f07db1098,6f1a70c3075213c94d16150f58d48c35,pair_dissolved_by_refactoring,exact,signature_changed,1.0,0.95
11476fa531c5c7bde87e9f4f07db1098,a0f4ad6445a658ee56e81fae6cc43b90,pair_dissolved_naturally,exact,exact,1.0,1.0
11476fa531c5c7bde87e9f4f07db1098,ad4adb98442547bedda170941f0a1d15,pair_dissolved_by_refactoring,exact,signature_changed,1.0,0.95
11573272f38a1a7a66a57fe8b2fcad31,1489e7eacd074b15803930b1e8d656b3,pair_dissolved_naturally,exact,exact,1.0,1.0
11573272f38a1a7a66a57fe8b2fcad31,689934cdeadee583c9b26da43cd2e81a,pair_dissolved_naturally,exact,exact,1.0,1.0
11573272f38a1a7a66a57fe8b2fcad31,7b026994b36fbcfb3a95d895d5d4abe6,pair_dissolved_naturally,exact,exact,1.0,1.0
11573272f38a1a7a66a57fe8b2fcad31,bae532b1ebbdd2e537af9713ed4a7966,pair_dissolved_naturally,exact,exact,1.0,1.0
11573272f38a1a7a66a57fe8b2fcad31,ddc54515a5f77dd518a728052f57fdde,pair_dissolved_naturally,exact,exact,1.0,1.0
11573272f38a1a7a66a57fe8b2fcad31,ed2c979efd0f88dac9e043140c8dcb96,pair_dissolved_naturally,exact,exact,1.0,1.0
117f68c01647fd981ba26410f232c268,1bd4a3024c1b127659041bc863704436,pair_dissolved_naturally,exact,exact,1.0,1.0
117f68c01647fd981ba26410f232c268,1c821b77262fea99e062537f1df8d793,pair_dissolved_naturally,exact,exact,1.0,1.0
117f68c01647fd981ba26410f232c268,1db32086d5c5dd22518a30a9330d61e6,pair_dissolved_naturally,exact,exact,1.0,1.0
117f68c01647fd981ba26410f232c268,33e0fe8ca5e0a41f1e3e8f8aa6c239ad,pair_dissolved_naturally,exact,exact,1.0,1.0
117f68c01647fd981ba26410f232c268,343864d85c1e542efdeda2220d205eeb,pair_dissolved_naturally,exact,exact,1.0,1.0
117f68c01647fd981ba26410f232c268,3b5ba815078aceb02c52ae0fcaa0f659,pair_dissolved_naturally,exact,exact,1.0,1.0
117f68c01647fd981ba26410f232c268,3ee240f97a558d1107a5932a0c9806cf,pair_dissolved_naturally,exact,exact,1.0,1.0
117f68c01647fd981ba26410f232c268,43ea2147dbf7ba96fd87d1be39e1afe4,pair_dissolved_naturally,exact,exact,1.0,1.0
117f68c01647fd981ba26410f232c268,4f1ad4b7b9570c590c7f8452741dd57a,pair_dissolved_naturally,exact,exact,1.0,1.0
117f68c01647fd981ba26410f232c268,5b51fa1bec4c921dfe89fa7211764ed4,pair_dissolved_naturally,exact,exact,1.0,1.0
117f68c01647fd981ba26410f232c268,5d757dbbb07bb17874bcb63ca28c0444,pair_dissolved_naturally,exact,exact,1.0,1.0
117f68c01647fd981ba26410f232c268,692750a5d2c79155f816b47f30df4357,pair_dissolved_naturally,exact,exact,1.0,1.0
117f68c01647fd981ba26410f232c268,6baaf5fa654c77aa37e34dbed930dfed,pair_dissolved_naturally,exact,exact,1.0,1.0
117f68c01647fd981ba26410f232c268,6d5b7f15bc781c4679d29ddbcd955b7f,pair_dissolved_naturally,exact,exact,1.0,1.0
117f68c01647fd981ba26410f232c268,6f528d4cb02d8d85dbe2e93237c4b12d,pair_dissolved_naturally,exact,exact,1.0,1.0
117f68c01647fd981ba26410f232c268,79c577e961f1b9ec26e7b435089d9425,pair_dissolved_naturally,exact,exact,1.0,1.0
117f68c01647fd981ba26410f232c268,7ebbacd3d142e759238d75fb464aff0d,pair_dissolved_naturally,exact,exact,1.0,1.0
117f68c01647fd981ba26410f232c268,95f172d855d381562934806ab3d9af30,pair_dissolved_naturally,exact,exact,1.0,1.0
117f68c01647fd981ba26410f232c268,97320c321e30251af91919e3eff5a917,pair_dissolved_naturally,exact,exact,1.0,1.0
117f68c01647fd981ba26410f232c268,9c34580629a998613a26b656184974b5,pair_dissolved_naturally,exact,exact,1.0,1.0
117f68c01647fd981ba26410f232c268,a08a069cfa5175970a0f09246345c02c,pair_dissolved_naturally,exact,exact,1.0,1.0
117f68c01647fd981ba26410f232c268,b4e532d9dbe47b3ee8ae4f1776672c3f,pair_dissolved_naturally,exact,exact,1.0,1.0
117f68c01647fd981ba26410f232c268,c7d27289667cfe504bb91203c0bd6e92,pair_dissolved_by_refactoring,exact,signature_changed,1.0,1.0
117f68c01647fd981ba26410f232c268,ca919f5411a44b64830d7f947313acf8,pair_dissolved_naturally,exact,exact,1.0,1.0
117f68c01647fd981ba26410f232c268,cc8c9c5b9895bcdb6692ef0af59a238a,pair_dissolved_naturally,exact,exact,1.0,1.0
117f68c01647fd981ba26410f232c268,cfe87a3bd5655127bc8b23b2bd12afee,pair_dissolved_naturally,exact,exact,1.0,1.0
117f68c01647fd981ba26410f232c268,d5dc6d956f07ea7e4526920b52b236a1,pair_dissolved_naturally,exact,exact,1.0,1.0
117f68c01647fd981ba26410f232c268,d9815cce8636a6285ff48acd14d4805c,pair_dissolved_naturally,exact,exact,1.0,1.0
117f68c01647fd981ba26410f232c268,d9d43c043ac6949a9cdf9ec6ef457602,pair_dissolved_by_refactoring,exact,signature_changed,1.0,1.0
117f68c01647fd981ba26410f232c268,f6a960723b0164359925e256ffc229f7,pair_dissolved_naturally,exact,exact,1.0,1.0
1190edce8d602c729cded406b208ffa3,4d1c154d5c7c2c8b6cc99be37db06712,pair_dissolved_naturally,exact,exact,1.0,1.0
11c4857f5029dca3cc8d9ab4d768092d,16b807e09ade79f3aeceb53e3f83b83a,pair_dissolved_naturally,exact,exact,1.0,1.0
11c4857f5029dca3cc8d9ab4d768092d,47460d51d6d1e31dd3385750981f38b7,pair_dissolved_naturally,exact,exact,1.0,1.0
11c4857f5029dca3cc8d9ab4d768092d,53880af71c8d940aae2750109a81a7a4,pair_dissolved_naturally,exact,exact,1.0,1.0
11c4857f5029dca3cc8d9ab4d768092d,73006099b0a99eb2aa9e8f6c46be1dcd,pair_dissolved_naturally,exact,exact,1.0,1.0
11c4857f5029dca3cc8d9ab4d768092d,a6e647fb14d01b1c924ee4503f5af10d,pair_dissolved_naturally,exact,exact,1.0,1.0
11c4857f5029dca3cc8d9ab4d768092d,add2eb9d32cdfbba9162790643a5c455,pair_dissolved_naturally,exact,exact,1.0,1.0
11c4857f5029dca3cc8d9ab4d768092d,d8994e1cb94f0da41819c189fc5f3918,pair_dissolved_naturally,exact,exact,1.0,1.0
11c4857f5029dca3cc8d9ab4d768092d,d8a134675ed03cba6eff4453b77a1aef,pair_dissolved_naturally,exact,exact,1.0,1.0
11e6a527ec396f5599d3b59a3fc28bb8,68a04d2223f9a5d797883fa04cdbcc64,pair_dissolved_naturally,exact,exact,1.0,1.0
1202fd006c2fc267caef9eebb5d185d1,16ae284e52ec8af9957c74fc82823a87,pair_dissolved_naturally,exact,exact,1.0,1.0
1237447f547319fe18e2379ed864d4d0,561f36f0e52178fe09988f30a2c5d772,pair_dissolved_naturally,exact,exact,1.0,1.0
1255688b25f899181378ea419a30fae7,88ac2a5dc9624e2a1ff13fa6a124d9f7,pair_dissolved_by_refactoring,exact,signature_changed,1.0,1.0
1255688b25f899181378ea419a30fae7,ca03be750993312a74fa826e6baeedf4,pair_dissolved_naturally,exact,exact,1.0,1.0
12640a9230a06c5aca2c166e63628621,969cffe6f68b256bf17724a2c98b9938,pair_dissolved_naturally,exact,exact,1.0,1.0
12890716bcd9132ccce391a5d2aafe1a,2a80e231a6b2476389ca31c1abffcc86,pair_dissolved_naturally,unknown,exact,,1.0
12ce30397b3dd32ba0a5eac670b4eeaa,24c23ba118330e170fd2443c315633cc,pair_dissolved_naturally,exact,exact,1.0,1.0
12edd3b8fb6bac4389f24d2f5f4c4d42,6f3a73bf0f2424a7d8e32dc50f4bf80c,pair_dissolved_by_refactoring,refactored,exact,0.7,1.0
12f839c1e72b9b522fca0eb2e48b527c,36e8f70c424bda41383561b26c3e3b82,pair_dissolved_naturally,exact,exact,1.0,1.0
12f8a67481425f0b3af74289962150bc,3470e7eebe0e0b44daefec0c75c46766,pair_dissolved_naturally,exact,exact,1.0,1.0
12f8a67481425f0b3af74289962150bc,3c336106a6966fb4ca2a2d6539c8f4ca,pair_dissolved_naturally,exact,exact,1.0,1.0
12f8a67481425f0b3af74289962150bc,b21631cc941961eba16cfac2068d8aa7,pair_dissolved_naturally,exact,exact,1.0,1.0
12fc4ad500af6b9486a06ed8aca0dec2,fbd008d56bc3fc35cc3c1ac599507d22,pair_dissolved_naturally,exact,exact,1.0,1.0
1302f44d5d80e886b5695b60aecf28df,491bee84c610725fa893a48170ac3c95,pair_dissolved_naturally,exact,exact,1.0,1.0
130cae004dc6a26344ecd449dbf22186,29ebe3a0a54f20429022e3f63524d5a3,pair_dissolved_naturally,exact,exact,1.0,1.0
130cae004dc6a26344ecd449dbf22186,f920e13038842da0f47ade34aae64b11,pair_dissolved_naturally,exact,exact,1.0,1.0
1314ea9d35df9e0e0378385d06e9dce8,569b29f73fcb613c81d60f9d47cfd7b1,pair_dissolved_naturally,exact,exact,1.0,1.0
1350c32eda037b0ec6dd9b19d8c084ee,42cab4b0f92a094ade8d57f291b10325,pair_dissolved_naturally,exact,exact,1.0,1.0
1350c32eda037b0ec6dd9b19d8c084ee,c5a0c4a282b45973632984e3328776a9,pair_dissolved_naturally,exact,exact,1.0,1.0
13658e9aa473fc1892b8a6fa30ed61d6,dbf8caedc8e32655bfa28a6b23555f4e,pair_dissolved_naturally,exact,exact,1.0,1.0
13658e9aa473fc1892b8a6fa30ed61d6,f0b140c7d8c3b5cd84714d85008e5fc3,pair_dissolved_naturally,exact,exact,1.0,1.0
13a29dea1d830a0ca78430592464a899,f02edd7e31cf302e61bb917712d1ff00,pair_dissolved_naturally,exact,exact,1.0,1.0
13b890c240df36f3ced0a9b409a2436f,9b12d59f7d0a15d785ca9623192aae20,pair_dissolved_naturally,exact,exact,1.0,1.0
13cc4b31e327c86834b577bdf7990b77,3364d65a547937e781297d192d4c9a79,pair_dissolved_naturally,exact,exact,1.0,1.0
13cc4b31e327c86834b577bdf7990b77,d44bccd98d40d0995447d29a1ffdddba,pair_dissolved_naturally,exact,exact,1.0,1.0
13e722f05119ee16f2b0d46b41869708,7b026994b36fbcfb3a95d895d5d4abe6,pair_dissolved_naturally,exact,exact,1.0,1.0
13e722f05119ee16f2b0d46b41869708,bae532b1ebbdd2e537af9713ed4a7966,pair_dissolved_naturally,exact,exact,1.0,1.0
13e722f05119ee16f2b0d46b41869708,ed2c979efd0f88dac9e043140c8dcb96,pair_dissolved_naturally,exact,exact,1.0,1.0
13e98d0577717d8f73dfb1b8d614714b,40886da80576a4f6a15f81455e795e3d,pair_dissolved_by_refactoring,exact,signature_changed,1.0,1.0
13e98d0577717d8f73dfb1b8d614714b,592b98c01ef440d9ef1bee213d42636f,pair_dissolved_by_refactoring,exact,signature_changed,1.0,1.0
13fceb4756909e40cdebe5382ab23752,ce6978d3d4edd86606a8b9e75b769b31,pair_dissolved_naturally,exact,exact,1.0,1.0
13fde44189954168a408963203ae28fe,bc59936c9e37355b4c170a47ed4fe2a3,pair_dissolved_naturally,exact,exact,1.0,1.0
141210e7fb36f40769984aa60db4c0b2,1672c9f645c1ef4710ca0006a749415d,pair_dissolved_naturally,exact,exact,1.0,1.0
14341d4436d2cec86e6c5ffba71b386f,b0cc3deed0a1d0fce8c1fc1a834ff532,pair_dissolved_naturally,exact,exact,1.0,1.0
1434d5f2ccdec1f1389aaa6da136c63d,181fbb94ed028757e9873f6b58a343a2,pair_dissolved_naturally,exact,exact,1.0,1.0
14534024fc2cb589b791e167d0ee7458,d09b9332e8764b9c980e0b167395e97a,pair_dissolved_naturally,exact,exact,1.0,1.0
146007c336f223d0039b433b88f677fb,1fa3d2f6c23c5088ab69ad8880eb3546,pair_dissolved_naturally,exact,exact,1.0,1.0
146007c336f223d0039b433b88f677fb,b7382a062c0fa544310176f71166353e,pair_dissolved_naturally,exact,exact,1.0,1.0
146efbe89edf5cba3061344bde1ed003,9c9546df63b83a3fd149f66da9fe3c5a,pair_dissolved_by_refactoring,signature_changed,signature_changed,1.0,0.95
14777ff1a792b13bcc727aecc287022a,51a73ef0916db953ac39faee4ca856db,pair_dissolved_by_refactoring,signature_changed,exact,1.0,1.0
14777ff1a792b13bcc727aecc287022a,8c62e60c1152b57d4012d14ce26e5996,pair_dissolved_by_refactoring,signature_changed,exact,1.0,1.0
1489e7eacd074b15803930b1e8d656b3,1cb6e7d9a1738e10211dbfdb1ba806d0,pair_dissolved_naturally,exact,exact,1.0,1.0
1489e7eacd074b15803930b1e8d656b3,33e0fe8ca5e0a41f1e3e8f8aa6c239ad,pair_dissolved_naturally,exact,exact,1.0,1.0
1489e7eacd074b15803930b1e8d656b3,607fbb23f34c7ae53858130fef89e2b8,pair_dissolved_naturally,exact,exact,1.0,1.0
1489e7eacd074b15803930b1e8d656b3,665b62f740aa811f1fdc401776429275,pair_dissolved_naturally,exact,exact,1.0,1.0
1489e7eacd074b15803930b1e8d656b3,6c1b78cab2005d78e3e8bd1cc87f05fa,pair_dissolved_naturally,exact,exact,1.0,1.0
1489e7eacd074b15803930b1e8d656b3,a6d91a37b0fcaff9209bb5b29392034d,pair_dissolved_naturally,exact,exact,1.0,1.0
1489e7eacd074b15803930b1e8d656b3,dfedb1c8e2f8fbecff8bb52fc5cbcad0,pair_dissolved_naturally,exact,exact,1.0,1.0
149cf9c32501633010a90d9d6d3f1b2c,68a9f97f2b0e833e8649c65cb3162a98,pair_dissolved_naturally,exact,exact,1.0,1.0
149cf9c32501633010a90d9d6d3f1b2c,a9a385bad56fea73c96315363c0e5b0e,pair_dissolved_naturally,exact,exact,1.0,1.0
14c07827991ff03e4b6c23c04c0ad5c7,1588d3e4854fc254ede7251c5df74f45,method_b_deleted,exact,deleted,1.0,
14c07827991ff03e4b6c23c04c0ad5c7,1742e6d56629f1703d9aecf214cc7ee4,pair_dissolved_naturally,exact,exact,1.0,1.0
14c07827991ff03e4b6c23c04c0ad5c7,1e957ff2b0248001be0b1cf01207b943,pair_dissolved_naturally,exact,exact,1.0,1.0
14c07827991ff03e4b6c23c04c0ad5c7,2302871ffee6e15620ea6517e24e81cd,pair_dissolved_naturally,exact,exact,1.0,1.0
14c07827991ff03e4b6c23c04c0ad5c7,6ce3500860006ed85b98840fa233fe9d,pair_dissolved_naturally,exact,exact,1.0,1.0
14c07827991ff03e4b6c23c04c0ad5c7,dd0108386e6e4ecbff8f9ecc467fd6e7,pair_dissolved_naturally,exact,exact,1.0,1.0
14c07827991ff03e4b6c23c04c0ad5c7,ea6965ca77aaae53cce744eb20749166,method_b_deleted,exact,deleted,1.0,
14c07827991ff03e4b6c23c04c0ad5c7,f1fb7742a7eafe8073459ed92686b9c1,pair_dissolved_naturally,exact,exact,1.0,1.0
14e2a8c3ca60aa20b4a43e5841856594,c0d6b5877ddf9a6ca9ff6b8f97e47033,pair_dissolved_naturally,exact,exact,1.0,1.0
14fa901f7f6f9f6114580c9ca7027942,1bd51d16ecf3463f8d75773a2ab2b556,pair_dissolved_naturally,exact,exact,1.0,1.0
14fa901f7f6f9f6114580c9ca7027942,2599c716d50378f5520a3afe4d038d41,pair_dissolved_naturally,exact,exact,1.0,1.0
14fa901f7f6f9f6114580c9ca7027942,28a978eaf21d7ef99beaa780b27f85df,pair_dissolved_naturally,exact,exact,1.0,1.0
1505f252a99a984ff33520c60a4baa91,176178188243d2f17a7010945e7dfaeb,pair_dissolved_naturally,exact,exact,1.0,1.0
1505f252a99a984ff33520c60a4baa91,2703fb1fed09374663f6e053e9c767ca,pair_dissolved_naturally,exact,exact,1.0,1.0
150e9fc5dad137fc43aa6a8b4c65b504,77a0426a1e0c2531aeb18ffccd1af28c,pair_dissolved_naturally,exact,exact,1.0,1.0
150e9fc5dad137fc43aa6a8b4c65b504,fccbad553a6e85521a88bcfc549fb1f9,pair_dissolved_naturally,exact,exact,1.0,1.0
15428aea3a5596cd96fa87c882133378,592b98c01ef440d9ef1bee213d42636f,pair_dissolved_by_refactoring,exact,signature_changed,1.0,1.0
1547691c1caed5ae5c4fff473677df70,3d71171f9090e670357cd753fbca93dd,pair_dissolved_naturally,exact,exact,1.0,1.0
1588d3e4854fc254ede7251c5df74f45,1742e6d56629f1703d9aecf214cc7ee4,method_a_deleted,deleted,exact,,1.0
1588d3e4854fc254ede7251c5df74f45,6ce3500860006ed85b98840fa233fe9d,method_a_deleted,deleted,exact,,1.0
1588d3e4854fc254ede7251c5df74f45,dd0108386e6e4ecbff8f9ecc467fd6e7,method_a_deleted,deleted,exact,,1.0
1588d3e4854fc254ede7251c5df74f45,ea6965ca77aaae53cce744eb20749166,both_deleted,deleted,deleted,,
1588d3e4854fc254ede7251c5df74f45,f1fb7742a7eafe8073459ed92686b9c1,method_a_deleted,deleted,exact,,1.0
15a45e000f387e7ee4e36bfb42c0e714,9766ffab3da00872562b69d3232a1fb7,pair_dissolved_naturally,exact,exact,1.0,1.0
15a55528441955187e503c5a8e511b3c,5c7669052278ca400e9e36fea01734af,pair_dissolved_naturally,exact,exact,1.0,1.0
15c9a98e351003df5881271735851662,1bd4a3024c1b127659041bc863704436,pair_dissolved_naturally,exact,exact,1.0,1.0
15c9a98e351003df5881271735851662,1c821b77262fea99e062537f1df8d793,pair_dissolved_naturally,exact,exact,1.0,1.0
15c9a98e351003df5881271735851662,1db32086d5c5dd22518a30a9330d61e6,pair_dissolved_naturally,exact,exact,1.0,1.0
15c9a98e351003df5881271735851662,33e0fe8ca5e0a41f1e3e8f8aa6c239ad,pair_dissolved_naturally,exact,exact,1.0,1.0
15c9a98e351003df5881271735851662,343864d85c1e542efdeda2220d205eeb,pair_dissolved_naturally,exact,exact,1.0,1.0
15c9a98e351003df5881271735851662,3b5ba815078aceb02c52ae0fcaa0f659,pair_dissolved_naturally,exact,exact,1.0,1.0
15c9a98e351003df5881271735851662,3ee240f97a558d1107a5932a0c9806cf,pair_dissolved_naturally,exact,exact,1.0,1.0
15c9a98e351003df5881271735851662,43ea2147dbf7ba96fd87d1be39e1afe4,pair_dissolved_naturally,exact,exact,1.0,1.0
15c9a98e351003df5881271735851662,4f1ad4b7b9570c590c7f8452741dd57a,pair_dissolved_naturally,exact,exact,1.0,1.0
15c9a98e351003df5881271735851662,4f7054768161087145dbb5af1421e5a0,pair_dissolved_naturally,exact,exact,1.0,1.0
15c9a98e351003df5881271735851662,5b51fa1bec4c921dfe89fa7211764ed4,pair_dissolved_naturally,exact,exact,1.0,1.0
15c9a98e351003df5881271735851662,5b66b1b08922a5a8c8275362b110d1c2,pair_dissolved_naturally,exact,exact,1.0,1.0
15c9a98e351003df5881271735851662,5d757dbbb07bb17874bcb63ca28c0444,pair_dissolved_naturally,exact,exact,1.0,1.0
15c9a98e351003df5881271735851662,616ea3bf4d86a967e25c9b654e4f8027,pair_dissolved_naturally,exact,exact,1.0,1.0
15c9a98e351003df5881271735851662,6480988484bbf170b75670154c055c39,pair_dissolved_naturally,exact,exact,1.0,1.0
15c9a98e351003df5881271735851662,692750a5d2c79155f816b47f30df4357,pair_dissolved_naturally,exact,exact,1.0,1.0
15c9a98e351003df5881271735851662,6baaf5fa654c77aa37e34dbed930dfed,pair_dissolved_naturally,exact,exact,1.0,1.0
15c9a98e351003df5881271735851662,6d5b7f15bc781c4679d29ddbcd955b7f,pair_dissolved_naturally,exact,exact,1.0,1.0
15c9a98e351003df5881271735851662,6f528d4cb02d8d85dbe2e93237c4b12d,pair_dissolved_naturally,exact,exact,1.0,1.0
15c9a98e351003df5881271735851662,787f5892c95c70ed079fb6f384be575f,pair_dissolved_naturally,exact,exact,1.0,1.0
15c9a98e351003df5881271735851662,79c577e961f1b9ec26e7b435089d9425,pair_dissolved_naturally,exact,exact,1.0,1.0
15c9a98e351003df5881271735851662,7ebbacd3d142e759238d75fb464aff0d,pair_dissolved_naturally,exact,exact,1.0,1.0
15c9a98e351003df5881271735851662,8587e726319121acddd6c94785af57df,pair_dissolved_naturally,exact,exact,1.0,1.0
15c9a98e351003df5881271735851662,8d41407c9e21b4deac8c3a2f051da9d2,pair_dissolved_naturally,exact,exact,1.0,1.0
15c9a98e351003df5881271735851662,95f172d855d381562934806ab3d9af30,pair_dissolved_naturally,exact,exact,1.0,1.0
15c9a98e351003df5881271735851662,97320c321e30251af91919e3eff5a917,pair_dissolved_naturally,exact,exact,1.0,1.0
15c9a98e351003df5881271735851662,98b5fb1da4c71899d2f784068ea91bc3,pair_dissolved_naturally,exact,exact,1.0,1.0
15c9a98e351003df5881271735851662,9c34580629a998613a26b656184974b5,pair_dissolved_naturally,exact,exact,1.0,1.0
15c9a98e351003df5881271735851662,a08a069cfa5175970a0f09246345c02c,pair_dissolved_naturally,exact,exact,1.0,1.0
15c9a98e351003df5881271735851662,b4e532d9dbe47b3ee8ae4f1776672c3f,pair_dissolved_naturally,exact,exact,1.0,1.0
15c9a98e351003df5881271735851662,b6401b1c58dc255970cc13156ec9a3bf,pair_dissolved_naturally,exact,exact,1.0,1.0
15c9a98e351003df5881271735851662,c7d27289667cfe504bb91203c0bd6e92,pair_dissolved_by_refactoring,exact,signature_changed,1.0,1.0
15c9a98e351003df5881271735851662,ca919f5411a44b64830d7f947313acf8,pair_dissolved_naturally,exact,exact,1.0,1.0
15c9a98e351003df5881271735851662,cc8c9c5b9895bcdb6692ef0af59a238a,pair_dissolved_naturally,exact,exact,1.0,1.0
15c9a98e351003df5881271735851662,cfe87a3bd5655127bc8b23b2bd12afee,pair_dissolved_naturally,exact,exact,1.0,1.0
15c9a98e351003df5881271735851662,d5dc6d956f07ea7e4526920b52b236a1,pair_dissolved_naturally,exact,exact,1.0,1.0
15c9a98e351003df5881271735851662,d9815cce8636a6285ff48acd14d4805c,pair_dissolved_naturally,exact,exact,1.0,1.0
15c9a98e351003df5881271735851662,d9d43c043ac6949a9cdf9ec6ef457602,pair_dissolved_by_refactoring,exact,signature_changed,1.0,1.0
15c9a98e351003df5881271735851662,e08b650bc0d1ebb0b0ed038bfc2d6641,pair_dissolved_naturally,exact,exact,1.0,1.0
15c9a98e351003df5881271735851662,f6a960723b0164359925e256ffc229f7,pair_dissolved_naturally,exact,exact,1.0,1.0
15e590bbbe68f6703669605ba870553f,5d757dbbb07bb17874bcb63ca28c0444,pair_dissolved_naturally,exact,exact,1.0,1.0
15f807821674daf9e96c7e0339e13f96,5ee5269a68bffa8767a7f97509617722,pair_dissolved_naturally,exact,exact,1.0,1.0
15f807821674daf9e96c7e0339e13f96,960055bd774f5db50767c2966a55953b,pair_dissolved_naturally,exact,exact,1.0,1.0
1612a2cc15bff62c4e92066dcd65adc0,5b84b229e251b34fefc79ceb1a0114f4,pair_dissolved_naturally,exact,exact,1.0,1.0
1612a2cc15bff62c4e92066dcd65adc0,f6d1645468ef50fb0accb2d38d2bfd1e,pair_dissolved_naturally,exact,exact,1.0,1.0
1625496c37776e3dd9cd8fa12fc12bf7,f07fb11f14fe46830169711b174c7d98,pair_dissolved_by_refactoring,signature_changed,signature_changed,0.94,1.0
162c6e3dbb146c31a000e6a22615d48d,4e9c33a42bf2db6cc0aff402f7ef7bab,pair_dissolved_naturally,exact,exact,1.0,1.0
162c6e3dbb146c31a000e6a22615d48d,8c205c17759f154956e5738c2cd7df3a,pair_dissolved_naturally,exact,exact,1.0,1.0
1631e2fafab49902408d86319b4b27a1,6226adde30188251e5c15c6044b83384,pair_dissolved_naturally,exact,exact,1.0,1.0
16378d1e25927b5e0a8dbdb4aafa4ce9,82d43fc70cb742d13631cfdc5bbd6162,pair_dissolved_by_refactoring,signature_changed,signature_changed,1.0,1.0
16426e0774d86eb541c89d7f5ce61c40,1c6a2ce35aa41bccdee7169117c33eb4,pair_dissolved_naturally,exact,exact,1.0,1.0
16426e0774d86eb541c89d7f5ce61c40,d9c15f9cefe2039fa8e330591bee225f,pair_dissolved_naturally,exact,exact,1.0,1.0
1657a04c71c990073aced2d3c48a301c,3c280737ef51ba3a1fa05859375546a4,pair_dissolved_naturally,exact,exact,1.0,1.0
1657a04c71c990073aced2d3c48a301c,511a597080d39f64b56a96aab06169fb,pair_dissolved_naturally,exact,exact,1.0,1.0
1657a04c71c990073aced2d3c48a301c,e1f569fae841c0172daf136f4e6ecd6a,pair_dissolved_naturally,exact,exact,1.0,1.0
1657a04c71c990073aced2d3c48a301c,fc3f97cfc4a55b88e31136a13ea24596,pair_dissolved_by_refactoring,exact,signature_changed,1.0,1.0
166728d8347453a1bfa28272625cd890,3f79a02817ce74d083ca50f799cec11a,pair_dissolved_naturally,exact,exact,1.0,1.0
166728d8347453a1bfa28272625cd890,4d5b90e457b45471a35fb5ab4c724e6a,pair_dissolved_naturally,exact,exact,1.0,1.0
166728d8347453a1bfa28272625cd890,5d7f2c264242bb8a04a5341043236e9b,pair_dissolved_naturally,exact,exact,1.0,1.0
166728d8347453a1bfa28272625cd890,bf4c577a1ee28db4c59f0e3d6ad7354a,pair_dissolved_naturally,exact,exact,1.0,1.0
1672c9f645c1ef4710ca0006a749415d,4ed27613346925ccb9f788b2664b85d6,pair_dissolved_naturally,exact,exact,1.0,1.0
16c533b4a8836430836860d9e3255e2a,35c96f2bc10f2b074d038a923ac53180,pair_dissolved_naturally,unknown,exact,,1.0
16c533b4a8836430836860d9e3255e2a,43dec2a44a3350cd0542abc177fd8055,pair_dissolved_naturally,unknown,unknown,,
16c533b4a8836430836860d9e3255e2a,45f7bd2a171c45490f971913cd047661,pair_dissolved_naturally,unknown,exact,,1.0
16c533b4a8836430836860d9e3255e2a,822f4f536fb6c1f6d64f0c55ff583c23,pair_dissolved_by_refactoring,unknown,signature_changed,,0.98
1709bfa04dff281d6ae49baf46f6ad96,2dd958d6d141ca5b8c077e6389891530,pair_dissolved_by_refactoring,exact,signature_changed,1.0,0.97
1742e6d56629f1703d9aecf214cc7ee4,6ce3500860006ed85b98840fa233fe9d,pair_dissolved_naturally,exact,exact,1.0,1.0
1742e6d56629f1703d9aecf214cc7ee4,dd0108386e6e4ecbff8f9ecc467fd6e7,pair_dissolved_naturally,exact,exact,1.0,1.0
1742e6d56629f1703d9aecf214cc7ee4,ea6965ca77aaae53cce744eb20749166,method_b_deleted,exact,deleted,1.0,
1742e6d56629f1703d9aecf214cc7ee4,f1fb7742a7eafe8073459ed92686b9c1,pair_dissolved_naturally,exact,exact,1.0,1.0
176178188243d2f17a7010945e7dfaeb,375860f08723e4c99ffaf7f4f351234d,pair_dissolved_naturally,exact,exact,1.0,1.0
176178188243d2f17a7010945e7dfaeb,93c00fa839a9401660ba37075daa6b6d,pair_dissolved_naturally,exact,exact,1.0,1.0
176439254e5f51a2c475b1604a791cb7,18145bb0e59881041e96e2f25374c51a,pair_dissolved_naturally,exact,exact,1.0,1.0
176439254e5f51a2c475b1604a791cb7,4ddc6d271a9670dac20ac91c075f0537,pair_dissolved_naturally,exact,exact,1.0,1.0
176439254e5f51a2c475b1604a791cb7,4e0ae32b54afbf1fd2718afda9a25178,pair_dissolved_naturally,exact,unknown,1.0,
176439254e5f51a2c475b1604a791cb7,50effd668b361eaf026e669a7dfe6d13,pair_dissolved_naturally,exact,exact,1.0,1.0
176439254e5f51a2c475b1604a791cb7,5c01befe3a779e98cd582457119b12dd,pair_dissolved_naturally,exact,exact,1.0,1.0
176439254e5f51a2c475b1604a791cb7,6a45b8c78da3254e325c1f2aafb52ba1,pair_dissolved_naturally,exact,exact,1.0,1.0
176439254e5f51a2c475b1604a791cb7,82ef34de411c1d415358b10de69a7f23,pair_dissolved_naturally,exact,exact,1.0,1.0
176439254e5f51a2c475b1604a791cb7,a829e8b48aa1a25922e65543220695d9,pair_dissolved_naturally,exact,exact,1.0,1.0
176439254e5f51a2c475b1604a791cb7,bc66beb31b66294b9c3e337a7e091bc4,pair_dissolved_naturally,exact,exact,1.0,1.0
176439254e5f51a2c475b1604a791cb7,f1fb7742a7eafe8073459ed92686b9c1,pair_dissolved_naturally,exact,exact,1.0,1.0
1767c1b00c90d55e8f4f83dcb049d772,ef79cafc6690601cf97469a0bbef7f27,pair_dissolved_naturally,exact,exact,1.0,1.0
17899b880f7a6344dd1fc3046cf87c44,c1257124fd5c3f4f9a9ed7144a567bcd,pair_dissolved_naturally,exact,exact,1.0,1.0
178e4f1fa834b1480da79144cec7b0e9,4ff6683967b272b79965981315d31cfe,pair_dissolved_by_refactoring,signature_changed,exact,1.0,1.0
178e4f1fa834b1480da79144cec7b0e9,822f4f536fb6c1f6d64f0c55ff583c23,pair_dissolved_by_refactoring,signature_changed,signature_changed,1.0,0.98
178e4f1fa834b1480da79144cec7b0e9,d6bd69ebfd37f73f1fb518c06bba508c,pair_dissolved_by_refactoring,signature_changed,signature_changed,1.0,0.99
178e4f1fa834b1480da79144cec7b0e9,ed8e56a288e8ac2a9460c67792480644,pair_dissolved_by_refactoring,signature_changed,signature_changed,1.0,1.0
17c683a11f12cdd9b518386543ec6088,b7382a062c0fa544310176f71166353e,pair_dissolved_naturally,exact,exact,1.0,1.0
17f8bd85b35a71c83491ca734cd76a1e,2a6ddee9a58f70800d7fbe3b654fa921,pair_dissolved_naturally,exact,exact,1.0,1.0
18145bb0e59881041e96e2f25374c51a,82ef34de411c1d415358b10de69a7f23,pair_dissolved_naturally,exact,exact,1.0,1.0
181fbb94ed028757e9873f6b58a343a2,33df79499d568ca239082a9c78b659ea,pair_dissolved_naturally,exact,exact,1.0,1.0
1834180336f1d1e2e8432a8a997e9a1d,316f0191976e0b536a517d126efcc9de,pair_dissolved_naturally,exact,exact,1.0,1.0
1834180336f1d1e2e8432a8a997e9a1d,778c271c832ab0d1218edf3f4963dc24,pair_dissolved_by_refactoring,exact,signature_changed,1.0,0.91
187ef19702f179559526a529729595f5,2759faceeaa06cd52fa5e635aaed5088,pair_dissolved_by_refactoring,refactored,refactored,0.77,0.77
187ef19702f179559526a529729595f5,af2b85a6315b9ba37fe837a15bb4df7a,method_b_deleted,refactored,deleted,0.77,
187ef19702f179559526a529729595f5,d30ab1e1f29802e7546492a201effafb,method_b_deleted,refactored,deleted,0.77,
18a9743b97973187499f62648fc49999,bac3687e7737bf3db3868c35a926c750,pair_dissolved_naturally,exact,exact,1.0,1.0
18de3887da6f2b4493477e0621dacd7e,5b490e2ec026bc45bd9fe1c1603ee6b2,method_b_deleted,signature_changed,deleted,0.76,
18ff3a7e9d85fef674bd3024b9a45acf,cfb8907dbbdb49e24094cca7e3e42631,pair_dissolved_naturally,exact,exact,1.0,1.0
18ff3a7e9d85fef674bd3024b9a45acf,d58bb7582eab7e6c082e0f4da9c67347,pair_dissolved_naturally,exact,exact,1.0,1.0
18ff3a7e9d85fef674bd3024b9a45acf,f8512c62fc13792bf4f678b8aca138de,pair_dissolved_naturally,exact,exact,1.0,1.0
1956141986e71ff638ad0ff1058a5ee1,f90f7aa6c853f9ed31fbbd4963d01072,pair_dissolved_naturally,exact,exact,1.0,1.0
19564c2fbfe401a6e221bc19641d90b2,314a1509cf620f1435080c2a8d14a639,pair_dissolved_by_refactoring,signature_changed,signature_changed,0.95,0.99
195781815f9c235f5ed10b055d69d4c0,689934cdeadee583c9b26da43cd2e81a,pair_dissolved_naturally,exact,exact,1.0,1.0
195781815f9c235f5ed10b055d69d4c0,7b026994b36fbcfb3a95d895d5d4abe6,pair_dissolved_naturally,exact,exact,1.0,1.0
195781815f9c235f5ed10b055d69d4c0,8a29d7ac2bfc733e795b8ddee7caf073,pair_dissolved_by_refactoring,exact,signature_changed,1.0,0.99
195781815f9c235f5ed10b055d69d4c0,bae532b1ebbdd2e537af9713ed4a7966,pair_dissolved_naturally,exact,exact,1.0,1.0
195781815f9c235f5ed10b055d69d4c0,ddc54515a5f77dd518a728052f57fdde,pair_dissolved_naturally,exact,exact,1.0,1.0
195781815f9c235f5ed10b055d69d4c0,ed2c979efd0f88dac9e043140c8dcb96,pair_dissolved_naturally,exact,exact,1.0,1.0
1980e474a3fa09a6daa165bc91e6e8f1,7d7273eaa877230c0361a46942159f0c,pair_dissolved_naturally,exact,exact,1.0,1.0
1980e474a3fa09a6daa165bc91e6e8f1,bec88cdc9871da83ec27af17dc08ecca,pair_dissolved_by_refactoring,exact,signature_changed,1.0,0.89
1985e2e1e8b8264c32833a0b80e9752c,5b51fa1bec4c921dfe89fa7211764ed4,pair_dissolved_naturally,exact,exact,1.0,1.0
19c6595b426ab8231ded85b023a9fd7f,b93f0f381e31088bcbc22ccca09d47e1,pair_dissolved_naturally,exact,exact,1.0,1.0
19ce33d4c2982ce596519391615864ac,e754d29b2dbd6a74a7a696ec8298153d,pair_dissolved_naturally,exact,exact,1.0,1.0
19dc261b1dc73a6fb008123085f7f701,94cdf72e1d6e13398b43ccc08170a966,pair_dissolved_naturally,exact,exact,1.0,1.0
19df1a96600bfab156aabd0741c77944,2288fe7c1ca3e4a6448581888737a00d,pair_dissolved_naturally,exact,exact,1.0,1.0
19f62550e0c39f778d661caf8548beeb,8caf24a5c25057e46633e824e45e06ab,pair_dissolved_naturally,exact,exact,1.0,1.0
1a635e24030405e65381d92728ffbc4d,c403e0bedfeedf7a897092c2aae99231,pair_dissolved_naturally,exact,exact,1.0,1.0
1aa060700a0069c9247a1a2d7a4bfeaa,6c67d987bb9431e7a478759d0d00c2ec,pair_dissolved_naturally,exact,exact,1.0,1.0
1ab0e805f72f9caab2a31087513a7db1,a90f6b9c7bd6fb54a5958e53bf27aa4e,method_a_deleted,deleted,exact,,1.0
1ab0e805f72f9caab2a31087513a7db1,d85bb59a454eba182cea9af0817d1234,method_a_deleted,deleted,exact,,1.0
1adc81f3472df80d6023e512c85cf5ea,7b026994b36fbcfb3a95d895d5d4abe6,pair_dissolved_naturally,exact,exact,1.0,1.0
1adc81f3472df80d6023e512c85cf5ea,7dc7493b71e3a9a44c2e42a302025e57,pair_dissolved_naturally,exact,exact,1.0,1.0
1adc81f3472df80d6023e512c85cf5ea,e371464255e166a8f49eb7ffcb555333,pair_dissolved_naturally,exact,exact,1.0,1.0
1adc81f3472df80d6023e512c85cf5ea,e5d48eaa4e45615ed36e9c2a89d64130,pair_dissolved_naturally,exact,exact,1.0,1.0
1adc81f3472df80d6023e512c85cf5ea,ed2c979efd0f88dac9e043140c8dcb96,pair_dissolved_naturally,exact,exact,1.0,1.0
1adc81f3472df80d6023e512c85cf5ea,f02f52759adfb0c53e270d7988ab70d5,pair_dissolved_naturally,exact,exact,1.0,1.0
1b0a8a2e0d7d438339c3d6250d30ef79,b6a0aba18d1298924eb6ef5e020f1c2e,pair_dissolved_naturally,exact,exact,1.0,1.0
1b0a8a2e0d7d438339c3d6250d30ef79,bf99bb3ec69434a13170bc725aa24146,pair_dissolved_naturally,exact,exact,1.0,1.0
1b45456058f86f36582980ca6b1bcded,e76da5807e579b8f59925834006beb0b,pair_dissolved_by_refactoring,signature_changed,exact,0.98,1.0
1b5634ba31b63084b60f9df25946b782,b7f99a13465fa041338692f47cfe3d2b,pair_dissolved_naturally,exact,exact,1.0,1.0
1b8bf8bb5cf21aa79df31a1a08cec966,5b51fa1bec4c921dfe89fa7211764ed4,pair_dissolved_naturally,exact,exact,1.0,1.0
1b8bf8bb5cf21aa79df31a1a08cec966,6baaf5fa654c77aa37e34dbed930dfed,pair_dissolved_naturally,exact,exact,1.0,1.0
1b8bf8bb5cf21aa79df31a1a08cec966,8587e726319121acddd6c94785af57df,pair_dissolved_naturally,exact,exact,1.0,1.0
1b97ed84cb1e02da5425ef1966ce85eb,f459dc328c8047e2504454f49953d195,pair_dissolved_naturally,exact,exact,1.0,1.0
1b9c25d59bc229342eb8cb8c89cd2368,e6fdfeea577a2885ddca53016436a782,pair_dissolved_naturally,exact,exact,1.0,1.0
1bb344d667b3609d6d2ab04dbcd45418,24db236e2aa8c0849a1b5ae9b77676e9,pair_dissolved_naturally,exact,exact,1.0,1.0
1bb344d667b3609d6d2ab04dbcd45418,8c5bd111d1964982e622beb4727ff6fe,pair_dissolved_naturally,exact,exact,1.0,1.0
1bb344d667b3609d6d2ab04dbcd45418,93f60bb7faec2a4aebb586e4cce425c2,pair_dissolved_naturally,exact,exact,1.0,1.0
1bb344d667b3609d6d2ab04dbcd45418,b2195df5b848cfdfe613892d0abb22b2,pair_dissolved_naturally,exact,exact,1.0,1.0
1bb344d667b3609d6d2ab04dbcd45418,cb6be0a66f600f32f765680c5c35affb,pair_dissolved_naturally,exact,exact,1.0,1.0
1bb344d667b3609d6d2ab04dbcd45418,e76d597439c4885da6a1580e787569fa,pair_dissolved_naturally,exact,exact,1.0,1.0
1bb344d667b3609d6d2ab04dbcd45418,f3aca37773a1e10d5ee75e7c93ab034a,pair_dissolved_naturally,exact,exact,1.0,1.0
1bd4a3024c1b127659041bc863704436,31a63c4ce10d5eaa1c67d6e195e5ae83,pair_dissolved_naturally,exact,exact,1.0,1.0
1bd4a3024c1b127659041bc863704436,3ee240f97a558d1107a5932a0c9806cf,pair_dissolved_naturally,exact,exact,1.0,1.0
1bd4a3024c1b127659041bc863704436,44b0129270854a64d64092fb787ca82a,pair_dissolved_naturally,exact,exact,1.0,1.0
1bd4a3024c1b127659041bc863704436,6663badef695a2c2f04d4df10a65a961,pair_dissolved_naturally,exact,exact,1.0,1.0
1bd4a3024c1b127659041bc863704436,6b2204839735cb7bf1081d46e8739da7,pair_dissolved_naturally,exact,exact,1.0,1.0
1bd4a3024c1b127659041bc863704436,9c34580629a998613a26b656184974b5,pair_dissolved_naturally,exact,exact,1.0,1.0
1bd4a3024c1b127659041bc863704436,e726492d30ba647aff35e0dc5c0942a6,pair_dissolved_naturally,exact,exact,1.0,1.0
1bd51d16ecf3463f8d75773a2ab2b556,2599c716d50378f5520a3afe4d038d41,pair_dissolved_naturally,exact,exact,1.0,1.0
1bd51d16ecf3463f8d75773a2ab2b556,4aa0044637d5414894af09a3971c2f00,pair_dissolved_naturally,exact,exact,1.0,1.0
1bd51d16ecf3463f8d75773a2ab2b556,50003c6e088c004e66fc83f94ca9942e,pair_dissolved_naturally,exact,exact,1.0,1.0
1bd51d16ecf3463f8d75773a2ab2b556,768690717c4c47050b577188895948d3,pair_dissolved_naturally,exact,exact,1.0,1.0
1bd51d16ecf3463f8d75773a2ab2b556,82c2dd3952b40d89e4b4aec1262be054,pair_dissolved_naturally,exact,exact,1.0,1.0
1bd51d16ecf3463f8d75773a2ab2b556,8ca1755134922d2fbd434f6774a5ce93,pair_dissolved_naturally,exact,exact,1.0,1.0
1bd51d16ecf3463f8d75773a2ab2b556,8e38a8dff7cc84a1b503a54da493d80b,pair_dissolved_naturally,exact,exact,1.0,1.0
1bd51d16ecf3463f8d75773a2ab2b556,92c08b77f9d378b40d34af561f810de6,pair_dissolved_naturally,exact,exact,1.0,1.0
1bd51d16ecf3463f8d75773a2ab2b556,9a52aa62def0c178dc412f9e8e24aff0,pair_dissolved_naturally,exact,exact,1.0,1.0
1bd51d16ecf3463f8d75773a2ab2b556,9d3ffa6dd309537012ece80dcedf8357,pair_dissolved_naturally,exact,exact,1.0,1.0
1bd51d16ecf3463f8d75773a2ab2b556,a1f60d7b54ce926a4b5a508c9fc118d9,pair_dissolved_naturally,exact,exact,1.0,1.0
1bd51d16ecf3463f8d75773a2ab2b556,ac80fa64ea9fb9fb776f766c6d029ab9,pair_dissolved_naturally,exact,exact,1.0,1.0
1bd51d16ecf3463f8d75773a2ab2b556,c7aa4ea10ee91223bd47d893360bcba3,pair_dissolved_naturally,exact,exact,1.0,1.0
1bd51d16ecf3463f8d75773a2ab2b556,cdf0a1e634fa6b7a717a75c3020c48d3,pair_dissolved_naturally,exact,exact,1.0,1.0
1bd51d16ecf3463f8d75773a2ab2b556,ce6fe27c08f0e741d45af23b6fc24c97,pair_dissolved_naturally,exact,exact,1.0,1.0
1bd51d16ecf3463f8d75773a2ab2b556,d2de5daca62470c9b7c8ee039578af0e,pair_dissolved_naturally,exact,exact,1.0,1.0
1bd51d16ecf3463f8d75773a2ab2b556,f49104062a8a091bdd64b13cbcf23343,pair_dissolved_naturally,exact,exact,1.0,1.0
1bd51d16ecf3463f8d75773a2ab2b556,f4c884fb1f0f8548033512fc5c8fdd76,pair_dissolved_naturally,exact,exact,1.0,1.0
1bd51d16ecf3463f8d75773a2ab2b556,fd9e62dbf5e1bc25abdea3c42e0fdff9,pair_dissolved_naturally,exact,exact,1.0,1.0
1beb1dc6e1254017c9569e30977a8b91,824fcf3e35291693ebd62687ad9ce76e,pair_dissolved_naturally,exact,exact,1.0,1.0
1beb1dc6e1254017c9569e30977a8b91,94a2844f9a7b069d0794a4ca9db2e970,pair_dissolved_naturally,exact,exact,1.0,1.0
1c43781a613afa4ede5059d708feff6f,3eca5d6af231d5ab841506d9bbbfacc9,pair_dissolved_naturally,exact,exact,1.0,1.0
1c43781a613afa4ede5059d708feff6f,5fc336859d98ddb76f8c7845a862c430,pair_dissolved_naturally,exact,exact,1.0,1.0
1c43781a613afa4ede5059d708feff6f,7fabf4f768d412ba2b3dd0cdf32fd873,pair_dissolved_naturally,exact,exact,1.0,1.0
1c43781a613afa4ede5059d708feff6f,b516c09191755aa36ce00291be671ada,pair_dissolved_naturally,exact,exact,1.0,1.0
1c43781a613afa4ede5059d708feff6f,d875a8df53ce9a330688a52c2151d756,pair_dissolved_naturally,exact,exact,1.0,1.0
1c48d26dc057d6728704912f7dd8bf0b,2b3f828ee2c91489cc1c3d7c902cbca6,pair_dissolved_naturally,exact,exact,1.0,1.0
1c48d26dc057d6728704912f7dd8bf0b,460608ebbc419bfb171cceb5b355f807,pair_dissolved_naturally,exact,exact,1.0,1.0
1c48d26dc057d6728704912f7dd8bf0b,4612877ff914c12557ad6161985c484b,pair_dissolved_naturally,exact,exact,1.0,1.0
1c48d26dc057d6728704912f7dd8bf0b,5e5df0519142797be73bc6b5a032a32e,pair_dissolved_naturally,exact,exact,1.0,1.0
1c48d26dc057d6728704912f7dd8bf0b,7b026994b36fbcfb3a95d895d5d4abe6,pair_dissolved_naturally,exact,exact,1.0,1.0
1c48d26dc057d6728704912f7dd8bf0b,7dc7493b71e3a9a44c2e42a302025e57,pair_dissolved_naturally,exact,exact,1.0,1.0
1c48d26dc057d6728704912f7dd8bf0b,b84ab04203fcb94af3c4c8bc39d95b8d,pair_dissolved_naturally,exact,exact,1.0,1.0
1c48d26dc057d6728704912f7dd8bf0b,bae532b1ebbdd2e537af9713ed4a7966,pair_dissolved_naturally,exact,exact,1.0,1.0
1c48d26dc057d6728704912f7dd8bf0b,ddc54515a5f77dd518a728052f57fdde,pair_dissolved_naturally,exact,exact,1.0,1.0
1c48d26dc057d6728704912f7dd8bf0b,e5d48eaa4e45615ed36e9c2a89d64130,pair_dissolved_naturally,exact,exact,1.0,1.0
1c48d26dc057d6728704912f7dd8bf0b,ed2c979efd0f88dac9e043140c8dcb96,pair_dissolved_naturally,exact,exact,1.0,1.0
1c48d26dc057d6728704912f7dd8bf0b,f5a4f3d5fbe0f0cfb88cf2b2f7ee50c0,pair_dissolved_naturally,exact,exact,1.0,1.0
1c4dfb6c7a958c55a1809e73ded63aba,6663a73e526c07af31b3a2a01deb2a0d,pair_dissolved_naturally,exact,exact,1.0,1.0
1c4dfb6c7a958c55a1809e73ded63aba,721be4a9ed6b76f7f600e94a0148a647,pair_dissolved_naturally,exact,exact,1.0,1.0
1c6a2ce35aa41bccdee7169117c33eb4,6a62937fe9d99e40958ee074b3361b84,pair_dissolved_naturally,exact,exact,1.0,1.0
1c6a2ce35aa41bccdee7169117c33eb4,adec226a5b4a7252506b1f79a1f93b5d,pair_dissolved_naturally,exact,exact,1.0,1.0
1c6a2ce35aa41bccdee7169117c33eb4,d9c15f9cefe2039fa8e330591bee225f,pair_dissolved_naturally,exact,exact,1.0,1.0
1c821b77262fea99e062537f1df8d793,44b0129270854a64d64092fb787ca82a,pair_dissolved_naturally,exact,exact,1.0,1.0
1c821b77262fea99e062537f1df8d793,64381560125b6fea9663d5a40a49f8af,pair_dissolved_naturally,exact,exact,1.0,1.0
1c821b77262fea99e062537f1df8d793,6663badef695a2c2f04d4df10a65a961,pair_dissolved_naturally,exact,exact,1.0,1.0
1c821b77262fea99e062537f1df8d793,6f528d4cb02d8d85dbe2e93237c4b12d,pair_dissolved_naturally,exact,exact,1.0,1.0
1c821b77262fea99e062537f1df8d793,785b80a38bbcf682106c52f06c336fd2,pair_dissolved_naturally,exact,exact,1.0,1.0
1c821b77262fea99e062537f1df8d793,8587e726319121acddd6c94785af57df,pair_dissolved_naturally,exact,exact,1.0,1.0
1c821b77262fea99e062537f1df8d793,e726492d30ba647aff35e0dc5c0942a6,pair_dissolved_naturally,exact,exact,1.0,1.0
1ca7516f82e4b165253beb32e553c199,1db32086d5c5dd22518a30a9330d61e6,pair_dissolved_naturally,exact,exact,1.0,1.0
1ca7516f82e4b165253beb32e553c199,343864d85c1e542efdeda2220d205eeb,pair_dissolved_naturally,exact,exact,1.0,1.0
1ca7516f82e4b165253beb32e553c199,3b5ba815078aceb02c52ae0fcaa0f659,pair_dissolved_naturally,exact,exact,1.0,1.0
1ca7516f82e4b165253beb32e553c199,5b51fa1bec4c921dfe89fa7211764ed4,pair_dissolved_naturally,exact,exact,1.0,1.0
1ca7516f82e4b165253beb32e553c199,5d757dbbb07bb17874bcb63ca28c0444,pair_dissolved_naturally,exact,exact,1.0,1.0
1ca7516f82e4b165253beb32e553c199,7ebbacd3d142e759238d75fb464aff0d,pair_dissolved_naturally,exact,exact,1.0,1.0
1ca7516f82e4b165253beb32e553c199,a7be59c7261c41895b85704cf46c62e4,pair_dissolved_naturally,exact,exact,1.0,1.0
1ca7516f82e4b165253beb32e553c199,b4e532d9dbe47b3ee8ae4f1776672c3f,pair_dissolved_naturally,exact,exact,1.0,1.0
1ca7516f82e4b165253beb32e553c199,cc8c9c5b9895bcdb6692ef0af59a238a,pair_dissolved_naturally,exact,exact,1.0,1.0
1ca7516f82e4b165253beb32e553c199,d5dc6d956f07ea7e4526920b52b236a1,pair_dissolved_naturally,exact,exact,1.0,1.0
1ca7516f82e4b165253beb32e553c199,f15b21da974d4b289a8a26842eb2e8af,pair_dissolved_naturally,exact,exact,1.0,1.0
1cb40775140a0a6e18894a70e3b42140,d7fff0144aff799daa6037d6cc41e09c,pair_dissolved_by_refactoring,signature_changed,signature_changed,1.0,1.0
1cb6e7d9a1738e10211dbfdb1ba806d0,24a0b652ea1c7990fc3ef3236c7c729b,pair_dissolved_naturally,exact,exact,1.0,1.0
1cb6e7d9a1738e10211dbfdb1ba806d0,7b026994b36fbcfb3a95d895d5d4abe6,pair_dissolved_naturally,exact,exact,1.0,1.0
1cb6e7d9a1738e10211dbfdb1ba806d0,bae532b1ebbdd2e537af9713ed4a7966,pair_dissolved_naturally,exact,exact,1.0,1.0
1cb6e7d9a1738e10211dbfdb1ba806d0,ed2c979efd0f88dac9e043140c8dcb96,pair_dissolved_naturally,exact,exact,1.0,1.0
1cb6e7d9a1738e10211dbfdb1ba806d0,f02f52759adfb0c53e270d7988ab70d5,pair_dissolved_naturally,exact,exact,1.0,1.0
1cdc736fe13fa7c4ff31eb7234e05357,4886e69d8e07288b9103f8182a694b18,pair_dissolved_naturally,exact,exact,1.0,1.0
1ce8526c12a7a4005da7127ec37a2aed,5254dbe2c09742834d7d6520981815b8,pair_dissolved_naturally,exact,exact,1.0,1.0
1d2a47a0f15f1104de531891d9044cc8,40f985498cfd18bb1de17e4c2450aa38,pair_dissolved_naturally,exact,exact,1.0,1.0
1d38c0978d83c341492c09d529f3e799,78981e158fdfd3ae193434df5e53c17a,pair_dissolved_naturally,exact,exact,1.0,1.0
1d38c0978d83c341492c09d529f3e799,d1e86a8ed1219eba780fcac62aa38f97,pair_dissolved_naturally,exact,exact,1.0,1.0
1d38c0978d83c341492c09d529f3e799,d383ddd24d3a94dbc69e1389ada49064,pair_dissolved_naturally,exact,exact,1.0,1.0
1d70088e43c24596561fb271bd9a2881,4111654ff2cc9fb09f1b246eeb2d34f2,pair_dissolved_naturally,exact,exact,1.0,1.0
1db06752453784785de09a33f7ee699c,8587e726319121acddd6c94785af57df,pair_dissolved_naturally,exact,exact,1.0,1.0
1db32086d5c5dd22518a30a9330d61e6,44b0129270854a64d64092fb787ca82a,pair_dissolved_naturally,exact,exact,1.0,1.0
1db32086d5c5dd22518a30a9330d61e6,64381560125b6fea9663d5a40a49f8af,pair_dissolved_naturally,exact,exact,1.0,1.0
1db32086d5c5dd22518a30a9330d61e6,6663badef695a2c2f04d4df10a65a961,pair_dissolved_naturally,exact,exact,1.0,1.0
1db32086d5c5dd22518a30a9330d61e6,785b80a38bbcf682106c52f06c336fd2,pair_dissolved_naturally,exact,exact,1.0,1.0
1db32086d5c5dd22518a30a9330d61e6,8587e726319121acddd6c94785af57df,pair_dissolved_naturally,exact,exact,1.0,1.0
1db32086d5c5dd22518a30a9330d61e6,d9d43c043ac6949a9cdf9ec6ef457602,pair_dissolved_by_refactoring,exact,signature_changed,1.0,1.0
1db32086d5c5dd22518a30a9330d61e6,e726492d30ba647aff35e0dc5c0942a6,pair_dissolved_naturally,exact,exact,1.0,1.0
1db32086d5c5dd22518a30a9330d61e6,e8138eabe191e0bd1c16129055010879,pair_dissolved_naturally,exact,exact,1.0,1.0
1e23a8d9f19e6045f5fd8f7fc8eec771,e8a01063dacc5df88d1904e287db28d6,pair_dissolved_by_refactoring,exact,signature_changed,1.0,0.95
1e23a8d9f19e6045f5fd8f7fc8eec771,f3331bc10977879b0b6d6e68843fd097,pair_dissolved_naturally,exact,exact,1.0,1.0
1e957ff2b0248001be0b1cf01207b943,2302871ffee6e15620ea6517e24e81cd,pair_dissolved_naturally,exact,exact,1.0,1.0
1e957ff2b0248001be0b1cf01207b943,44653c4d3ca0cccb8cf2d7e8c48157d7,pair_dissolved_naturally,exact,exact,1.0,1.0
1e957ff2b0248001be0b1cf01207b943,50744d616243e157f5ecb83e3887e819,pair_dissolved_naturally,exact,exact,1.0,1.0
1e957ff2b0248001be0b1cf01207b943,6ce3500860006ed85b98840fa233fe9d,pair_dissolved_naturally,exact,exact,1.0,1.0
1e957ff2b0248001be0b1cf01207b943,fc24fdca326c0beee562f6904aeac56d,pair_dissolved_naturally,exact,exact,1.0,1.0
1f0c4a4a5356cb5233bab8514c2c4e1e,a7a429cd3dc25ddbcb5b8b5e1163c87c,pair_dissolved_naturally,exact,exact,1.0,1.0
1f13532b019bd7f144e262264e5edb4c,3b18d62f4e9e11b2975522bb86ff8242,pair_dissolved_by_refactoring,signature_changed,exact,1.0,1.0
1f815c5e04bf29737076e36c2c856234,f90f7aa6c853f9ed31fbbd4963d01072,pair_dissolved_naturally,exact,exact,1.0,1.0
1fa3d2f6c23c5088ab69ad8880eb3546,426b84f264fefb4b990e4709637ef8e9,pair_dissolved_naturally,exact,exact,1.0,1.0
1fa3d2f6c23c5088ab69ad8880eb3546,62dfcd5e7f9b331aeef617c897a66e1d,pair_dissolved_naturally,exact,exact,1.0,1.0
1fa3d2f6c23c5088ab69ad8880eb3546,78465f7899382b0257f78f3aefbdb30f,pair_dissolved_naturally,exact,exact,1.0,1.0
1fa3d2f6c23c5088ab69ad8880eb3546,96382aa6f67e6ee357f75d62aef63209,pair_dissolved_naturally,exact,exact,1.0,1.0
1fa3d2f6c23c5088ab69ad8880eb3546,ae082ac44298ea83966dcb71ad9ddb92,pair_dissolved_naturally,exact,exact,1.0,1.0
1fa3d2f6c23c5088ab69ad8880eb3546,b7382a062c0fa544310176f71166353e,pair_dissolved_naturally,exact,exact,1.0,1.0
1fa3d2f6c23c5088ab69ad8880eb3546,e879aa61a1256aa66a5e6d3bb47f8fc5,pair_dissolved_naturally,exact,exact,1.0,1.0
1fb84271e9fb829fb6f3a3c4e3e033a1,4e386419d8c68089166f85750e6238d5,pair_dissolved_naturally,exact,exact,1.0,1.0
1fbf6ec644625365231e0035018ca349,350bfcc033df774b6e41bc657faaa489,pair_dissolved_naturally,exact,exact,1.0,1.0
205a294ecc9ae9e81e58339cddb54008,513ab2c2655f885e97168065613b31a3,pair_dissolved_naturally,exact,exact,1.0,1.0
208d90b59af643757707612188ee712e,78559105073db205214ab8a26ee8829b,pair_dissolved_by_refactoring,signature_changed,exact,0.97,1.0
209862e4588e53021ca8b76e628729ec,689934cdeadee583c9b26da43cd2e81a,pair_dissolved_naturally,exact,exact,1.0,1.0
209862e4588e53021ca8b76e628729ec,7b026994b36fbcfb3a95d895d5d4abe6,pair_dissolved_naturally,exact,exact,1.0,1.0
209862e4588e53021ca8b76e628729ec,ddc54515a5f77dd518a728052f57fdde,pair_dissolved_naturally,exact,exact,1.0,1.0
209862e4588e53021ca8b76e628729ec,ed2c979efd0f88dac9e043140c8dcb96,pair_dissolved_naturally,exact,exact,1.0,1.0
2099689b01931929bc5793b3b00bddca,9a52aa62def0c178dc412f9e8e24aff0,pair_dissolved_naturally,exact,exact,1.0,1.0
2099689b01931929bc5793b3b00bddca,a1f60d7b54ce926a4b5a508c9fc118d9,pair_dissolved_naturally,exact,exact,1.0,1.0
2099689b01931929bc5793b3b00bddca,d81f42d84fc0442984eb791a7af253ae,pair_dissolved_naturally,exact,exact,1.0,1.0
2099689b01931929bc5793b3b00bddca,fbe8ea5e89955dc52a1c7cc6c0ae84ca,pair_dissolved_naturally,exact,exact,1.0,1.0
20ac243a55ec1f7c3eff64c480116017,9980e4b84411f92cc8f1a7e43a42553c,pair_dissolved_naturally,exact,exact,1.0,1.0
20ac243a55ec1f7c3eff64c480116017,ba1ac6c1b03185606f0268a721a25f3d,pair_dissolved_naturally,exact,exact,1.0,1.0
2120583ada7b03e181294a12a029837d,63bd3bff9193c2a205dc75d5b4acc53f,pair_dissolved_naturally,exact,exact,1.0,1.0
2120583ada7b03e181294a12a029837d,6fa6a73528abef056b2f5b243bf65454,pair_dissolved_naturally,exact,exact,1.0,1.0
21644bdf5a1a1f4e690ea21671771e41,bdcc59371126421ce2212f0e686fb8d7,pair_dissolved_naturally,exact,exact,1.0,1.0
21788568019b89256d93a5a36f70738f,ec57ee5acd579000029870f90d866a32,pair_dissolved_naturally,exact,exact,1.0,1.0
218565c14a9b2802329ea194d763d98f,e6b7460485f8c72b34ca8de6b8176687,pair_dissolved_naturally,exact,exact,1.0,1.0
21d6d0df963cdd2763a255a89db43356,31c3d3a3f769525240da95910ff422bc,pair_dissolved_naturally,exact,exact,1.0,1.0
21d6d0df963cdd2763a255a89db43356,62981585453405393da9f48a1fbadf9f,pair_dissolved_naturally,exact,exact,1.0,1.0
21e4c34a662d6878efba1b489cb3236f,768690717c4c47050b577188895948d3,pair_dissolved_naturally,exact,exact,1.0,1.0
21e4c34a662d6878efba1b489cb3236f,8e38a8dff7cc84a1b503a54da493d80b,pair_dissolved_naturally,exact,exact,1.0,1.0
21e4c34a662d6878efba1b489cb3236f,9d3ffa6dd309537012ece80dcedf8357,pair_dissolved_naturally,exact,exact,1.0,1.0
21e4c34a662d6878efba1b489cb3236f,c7aa4ea10ee91223bd47d893360bcba3,pair_dissolved_naturally,exact,exact,1.0,1.0
21e4c34a662d6878efba1b489cb3236f,d2de5daca62470c9b7c8ee039578af0e,pair_dissolved_naturally,exact,exact,1.0,1.0
21e4c34a662d6878efba1b489cb3236f,f4c884fb1f0f8548033512fc5c8fdd76,pair_dissolved_naturally,exact,exact,1.0,1.0
21e4c34a662d6878efba1b489cb3236f,fd9e62dbf5e1bc25abdea3c42e0fdff9,pair_dissolved_naturally,exact,exact,1.0,1.0
22444fd188d31a0e91a84186907c99ec,6bf0d6378a70d9406deffbad35467843,pair_dissolved_naturally,exact,exact,1.0,1.0
226a3205a745a8bef27b5c63d8b9fe00,7d23c8eeb1f66c6103308df099e1853c,pair_dissolved_naturally,exact,exact,1.0,1.0
226a3205a745a8bef27b5c63d8b9fe00,d033a65766f0b6f4b39c31bd0f823f60,pair_dissolved_naturally,exact,exact,1.0,1.0
227dc59151446573f4ab009cb1472868,869c4904f969563497ff854199642f74,pair_dissolved_naturally,exact,exact,1.0,1.0
227dc59151446573f4ab009cb1472868,b1f9497d79ca8a4f9cbb7fba500528a2,pair_dissolved_naturally,exact,exact,1.0,1.0
22af174751bdb622588c0f520b5ebe53,55093065e3e927c3dbbb39a83c007ac2,method_b_deleted,exact,deleted,1.0,
22af174751bdb622588c0f520b5ebe53,eb1cf0d4791aea7608dd5f6fce565f12,pair_dissolved_naturally,exact,exact,1.0,1.0
22f0d37a5a033f3445227eef77f16723,689934cdeadee583c9b26da43cd2e81a,pair_dissolved_naturally,exact,exact,1.0,1.0
22f0d37a5a033f3445227eef77f16723,7b026994b36fbcfb3a95d895d5d4abe6,pair_dissolved_naturally,exact,exact,1.0,1.0
22f0d37a5a033f3445227eef77f16723,bae532b1ebbdd2e537af9713ed4a7966,pair_dissolved_naturally,exact,exact,1.0,1.0
22f0d37a5a033f3445227eef77f16723,ddc54515a5f77dd518a728052f57fdde,pair_dissolved_naturally,exact,exact,1.0,1.0
22f0d37a5a033f3445227eef77f16723,ed2c979efd0f88dac9e043140c8dcb96,pair_dissolved_naturally,exact,exact,1.0,1.0
22f5a104f4ecab99f3b29cb1475761af,2a6ddee9a58f70800d7fbe3b654fa921,pair_dissolved_naturally,exact,exact,1.0,1.0
2302871ffee6e15620ea6517e24e81cd,44653c4d3ca0cccb8cf2d7e8c48157d7,pair_dissolved_naturally,exact,exact,1.0,1.0
2302871ffee6e15620ea6517e24e81cd,50744d616243e157f5ecb83e3887e819,pair_dissolved_naturally,exact,exact,1.0,1.0
2302871ffee6e15620ea6517e24e81cd,6ce3500860006ed85b98840fa233fe9d,pair_dissolved_naturally,exact,exact,1.0,1.0
2302871ffee6e15620ea6517e24e81cd,fc24fdca326c0beee562f6904aeac56d,pair_dissolved_naturally,exact,exact,1.0,1.0
2317b5aabcac0b3ab7ca316bd3987ce3,7735af2a3bdc1837b074df10fb3a385a,pair_dissolved_by_refactoring,refactored,exact,0.82,1.0
2317b5aabcac0b3ab7ca316bd3987ce3,bb63741ed07c0f3d720c8eff7b312166,pair_dissolved_by_refactoring,refactored,refactored,0.82,0.7
233d3355e357d359a4aadbda0a9382bb,c3a996843a8658f71700533a03220c6f,pair_dissolved_naturally,exact,exact,1.0,1.0
233d3355e357d359a4aadbda0a9382bb,dfe7b52a0eb3ddf1d2a78a8c7c10a0c5,pair_dissolved_naturally,exact,exact,1.0,1.0
235f14109df88f08bd04cb3775df37d8,7fabd0e85b9c80c10bca3f27fa0d2b7e,pair_dissolved_naturally,exact,exact,1.0,1.0
238300534623326660964a1d248c4fe7,2b34a06b753a3a496ef6813ed7696a42,pair_dissolved_by_refactoring,renamed,renamed,0.92,0.92
2393accb1544fef1788d874635618526,bdcc59371126421ce2212f0e686fb8d7,pair_dissolved_naturally,exact,exact,1.0,1.0
2393accb1544fef1788d874635618526,f104d9dd407c28ee17eed0fa6ec773ed,pair_dissolved_naturally,exact,exact,1.0,1.0
23def6961d7bd7488beedfbcf9e2933c,6121df50440f6e3a9bbd9f59fd12aba2,pair_dissolved_naturally,exact,exact,1.0,1.0
23def6961d7bd7488beedfbcf9e2933c,f1f042276901f16d4208d30cda69feb7,pair_dissolved_naturally,exact,exact,1.0,1.0
23fda1bcea2fef1ac00108963c6477a5,a07f62f88f7986536ad48427361e9ee0,pair_dissolved_naturally,exact,exact,1.0,1.0
242927f802bf6da2d74b411bac00e038,4c98fe85af68490fbfa2967393849075,pair_dissolved_by_refactoring,signature_changed,signature_changed,1.0,1.0
24322104ca5ba4c72ac626c932ea53ea,24884fc12110168f645726903d573088,pair_dissolved_naturally,exact,exact,1.0,1.0
24322104ca5ba4c72ac626c932ea53ea,2c5d0ebf7d1a1decf36dd6f49fbaf660,pair_dissolved_naturally,exact,exact,1.0,1.0
24322104ca5ba4c72ac626c932ea53ea,810ea8dc4b798e8de3b3ca8afaf0b240,pair_dissolved_naturally,exact,exact,1.0,1.0
2442c83082c622696ecb629cb1da1695,6baaf5fa654c77aa37e34dbed930dfed,pair_dissolved_naturally,exact,exact,1.0,1.0
2442c83082c622696ecb629cb1da1695,8587e726319121acddd6c94785af57df,pair_dissolved_naturally,exact,exact,1.0,1.0
244cd33b5ee2d8f6244f2d70402a1c37,ac4ac1eb5b198eba378b61d65633c0b3,pair_dissolved_naturally,exact,exact,1.0,1.0
24707450b824afbce4c6d3e3d553f53f,b8f53afca15a4cd6b658aa0e1fe37fc8,pair_dissolved_by_refactoring,signature_changed,exact,0.92,1.0
24707450b824afbce4c6d3e3d553f53f,fe295a0ac6149bb7c50d0d25b7801f56,pair_dissolved_by_refactoring,signature_changed,signature_changed,0.92,0.97
24884fc12110168f645726903d573088,2c5d0ebf7d1a1decf36dd6f49fbaf660,pair_dissolved_naturally,exact,exact,1.0,1.0
24884fc12110168f645726903d573088,810ea8dc4b798e8de3b3ca8afaf0b240,pair_dissolved_naturally,exact,exact,1.0,1.0
24a0b652ea1c7990fc3ef3236c7c729b,7b026994b36fbcfb3a95d895d5d4abe6,pair_dissolved_naturally,exact,exact,1.0,1.0
24a0b652ea1c7990fc3ef3236c7c729b,bae532b1ebbdd2e537af9713ed4a7966,pair_dissolved_naturally,exact,exact,1.0,1.0
24c23ba118330e170fd2443c315633cc,9c00a0f07db96beaa92a39c7f67eaf10,pair_dissolved_naturally,exact,exact,1.0,1.0
24c618eb749a549c4d40ab9d48ba68e9,50319546c68be20b23c0a61ea05edd9a,pair_dissolved_by_refactoring,exact,signature_changed,1.0,1.0
24c618eb749a549c4d40ab9d48ba68e9,5439dc735cf9f6dc7ac07741e279c440,pair_dissolved_naturally,exact,exact,1.0,1.0
24c618eb749a549c4d40ab9d48ba68e9,f3365135e52a88d0970e9be933354afc,pair_dissolved_naturally,exact,unknown,1.0,
24e2f357230fd0363f43abed25ecc185,54893f4858ce9d66fa14317e4bd813c2,pair_dissolved_naturally,exact,exact,1.0,1.0
250b9ead025ed50c846c444d85193361,3faa4f0fc851a933e17c30f70d7e84e4,pair_dissolved_by_refactoring,exact,signature_changed,1.0,0.86
250b9ead025ed50c846c444d85193361,b3f1c42a03f52ad5c62deb0a4c079122,pair_dissolved_naturally,exact,exact,1.0,1.0
25293e1f6f5ab9651cf5b97daf485d33,42d4524d0c8c08c36af68c0173d35926,pair_dissolved_by_refactoring,exact,signature_changed,1.0,1.0
254ee52f066ac3eaedefcaedb5f3c83d,67bd8d48215ae6f014482815ab59bf9f,pair_dissolved_naturally,exact,exact,1.0,1.0
2553f373313eb4e98ce9d73184303646,314a1509cf620f1435080c2a8d14a639,pair_dissolved_by_refactoring,exact,signature_changed,1.0,0.99
258846f4e6f403e8f5e80051382e45c2,53b22be142380bff16a0c5b8648ae22b,pair_dissolved_naturally,exact,exact,1.0,1.0
258846f4e6f403e8f5e80051382e45c2,8eef32220b3da4fcfab5e613a30c1be0,pair_dissolved_naturally,exact,exact,1.0,1.0
2599c716d50378f5520a3afe4d038d41,28a978eaf21d7ef99beaa780b27f85df,pair_dissolved_naturally,exact,exact,1.0,1.0
25b3c57444845791c6f25b199f245ded,9c59f3505ed39de5df2a49a60ecbfe76,pair_dissolved_by_refactoring,renamed,exact,0.92,1.0
25b3c57444845791c6f25b199f245ded,a50687965b5d1eeb9b81aa9d259c7ca0,pair_dissolved_by_refactoring,renamed,exact,0.92,1.0
25b5335441d937a4e83b9ab337f302cb,7471d9b9b16a24cbfe81f6c209ce366c,pair_dissolved_naturally,exact,exact,1.0,1.0
2601298ac3f0c349569a0585afe525f4,d1ab83af4beec623f9a9ac161c87636d,pair_dissolved_naturally,exact,exact,1.0,1.0
260e5b25943765f2bbdc49e60b5fc2be,873af7aa5c05b9ad4f9268cc3fbec44f,pair_dissolved_naturally,unknown,exact,,1.0
26164dbbba38e33d1b2236a5104b02ce,414928a26e5f8fba3644ff326dd839c9,pair_dissolved_naturally,exact,exact,1.0,1.0
264997be3339d1353744c8138343cc13,352bcd96136e7f278fa772980e06e2b7,pair_dissolved_by_refactoring,signature_changed,exact,1.0,1.0
264eea594225194c4d6d927834cbc4d3,6a924dca7ac6ff763635c0e8a8cd9e87,pair_dissolved_naturally,exact,exact,1.0,1.0
26929682c0bf1a4bfd5a37e5ad30aa5a,4b2dd428c077993ccbc715b6564a094d,pair_dissolved_by_refactoring,signature_changed,exact,1.0,1.0
26929682c0bf1a4bfd5a37e5ad30aa5a,df892e03f8b1dad4be64b1870c4fd332,pair_dissolved_by_refactoring,signature_changed,signature_changed,1.0,1.0
2697432d7e71110db35220d6f8efc882,5c4f05ab62133a4a2232f207e804d86f,pair_dissolved_by_refactoring,signature_changed,exact,1.0,1.0
2697432d7e71110db35220d6f8efc882,9e75a35b48bf6c2c78c1d05148b4af34,pair_dissolved_by_refactoring,signature_changed,exact,1.0,1.0
2697432d7e71110db35220d6f8efc882,c092ed362ba6ad8e7d5cbc0530b659cb,pair_dissolved_by_refactoring,signature_changed,exact,1.0,1.0
2697432d7e71110db35220d6f8efc882,d039f768dd43b73a571268ab9d49f649,pair_dissolved_by_refactoring,signature_changed,exact,1.0,1.0
2697432d7e71110db35220d6f8efc882,f8a7fe1d0848c0bbc5a2e92fe82a0b9e,pair_dissolved_by_refactoring,signature_changed,exact,1.0,1.0
26a501c875f77f8fdf3272df53016217,a6423981a46078a1747bba4323e9bc3a,pair_dissolved_naturally,exact,exact,1.0,1.0
26b88fdb1c28ed744d4e9f191c4a1f78,bc58bbd6c865b198b0809abac13614b1,method_a_deleted,deleted,signature_changed,,1.0
26c6e86f59e828058fcec4031845f990,78559105073db205214ab8a26ee8829b,pair_dissolved_naturally,exact,exact,1.0,1.0
26cb3ad37fca88968a6ba46e4758960c,4d1be2b617d68053bbda90ebfc9f46b9,pair_dissolved_naturally,exact,exact,1.0,1.0
26d2586b4df642e9ef3992fd2c98411a,d5e5a88b4417c63fe69eacf2604cd8de,pair_dissolved_naturally,exact,exact,1.0,1.0
26d65b442c9e410ddd6ed829000f90bf,4500d2db3204c8629eaebef9628344a3,pair_dissolved_naturally,exact,exact,1.0,1.0
26d65b442c9e410ddd6ed829000f90bf,8a024384500c20ac640f118e4810fed7,pair_dissolved_naturally,exact,exact,1.0,1.0
26d65b442c9e410ddd6ed829000f90bf,aa7cc1104e79c00090f89d2add1b76c8,pair_dissolved_naturally,exact,exact,1.0,1.0
26d65b442c9e410ddd6ed829000f90bf,b654649e59293ead74c1948366d50653,pair_dissolved_naturally,exact,exact,1.0,1.0
26d65b442c9e410ddd6ed829000f90bf,c67f4433c04f8bb14619ed583073dcc4,pair_dissolved_naturally,exact,exact,1.0,1.0
26e1f9c130238a1dd70340a42c02b981,f4a65e0531a93be93b4f44044a40a9dd,pair_dissolved_naturally,exact,exact,1.0,1.0
26f256e820427e1677e06b83f2bb4465,3f6628f37546a773fdd0287f4ba96d7a,pair_dissolved_naturally,exact,exact,1.0,1.0
26f256e820427e1677e06b83f2bb4465,5ca0d118253e8acff8c018df6dafcb13,pair_dissolved_naturally,exact,exact,1.0,1.0
26f256e820427e1677e06b83f2bb4465,66f4aeac30ae7b546d8c32a153c21007,pair_dissolved_naturally,exact,exact,1.0,1.0
26f256e820427e1677e06b83f2bb4465,ab3a0dac3bc5687a93273e359b6513de,pair_dissolved_naturally,exact,exact,1.0,1.0
2703fb1fed09374663f6e053e9c767ca,375860f08723e4c99ffaf7f4f351234d,pair_dissolved_naturally,exact,exact,1.0,1.0
2703fb1fed09374663f6e053e9c767ca,6b14160c11505be5172886a30e2324d2,pair_dissolved_naturally,exact,exact,1.0,1.0
2703fb1fed09374663f6e053e9c767ca,71fcb3bb90382d0e191b2db065b84800,pair_dissolved_naturally,exact,exact,1.0,1.0
2703fb1fed09374663f6e053e9c767ca,c1ca9fbc127aae94c7d5a509c2cfe946,pair_dissolved_naturally,exact,exact,1.0,1.0
271f76e6e92baf627d03e6fffa87fa35,45ab8920bb3f85adf4717a2ebdb56ec8,pair_dissolved_naturally,exact,exact,1.0,1.0
271f76e6e92baf627d03e6fffa87fa35,979fa07a5b7c05bb4454e63eeb2017ac,pair_dissolved_naturally,exact,exact,1.0,1.0
271f76e6e92baf627d03e6fffa87fa35,9c53eaef8f7066fbb7981140f9f0c162,pair_dissolved_naturally,exact,exact,1.0,1.0
2752972166c4792373ee9089ee85223e,679166070f130ebde30b915e45e63dcd,pair_dissolved_by_refactoring,signature_changed,exact,1.0,1.0
2755a57c5b560c1a7c7531420d0df789,a8cb1038c0b7233f43f54ae318eb28b9,pair_dissolved_naturally,exact,exact,1.0,1.0
2759faceeaa06cd52fa5e635aaed5088,af2b85a6315b9ba37fe837a15bb4df7a,method_b_deleted,refactored,deleted,0.77,
2759faceeaa06cd52fa5e635aaed5088,d30ab1e1f29802e7546492a201effafb,method_b_deleted,refactored,deleted,0.77,
275a44420c384510ecf3bc567f576d28,af7dffcf987c76a38464152b47c140e7,pair_dissolved_by_refactoring,exact,signature_changed,1.0,0.98
277035b46e8d33423ee4e3bbc0ef9de8,28e06a2bbac22d0aedfacf58ffeaaacb,pair_dissolved_naturally,exact,exact,1.0,1.0
277035b46e8d33423ee4e3bbc0ef9de8,4705dba082f62446c8bf05f797def82f,pair_dissolved_naturally,exact,exact,1.0,1.0
277035b46e8d33423ee4e3bbc0ef9de8,78ba978b28538788f99cbe041d6bb3d7,pair_dissolved_naturally,exact,exact,1.0,1.0
27e4a2a5b16d397a495168257cd3daa7,563dcba0add8c610e2106a971688d3bf,pair_dissolved_naturally,exact,exact,1.0,1.0
27efc4b32ea99e1b208392166b044d9e,53a9d52f3df637d7e56ffe2454022fe4,pair_dissolved_naturally,exact,exact,1.0,1.0
27efc4b32ea99e1b208392166b044d9e,92601e2d3548a477033dec636d4cd843,pair_dissolved_naturally,exact,exact,1.0,1.0
28125f15a6e88c22d5d6b09a8c50fe4d,42e869da43a96c9839cc82bb63ad047a,pair_dissolved_naturally,exact,exact,1.0,1.0
2824e44eecdeed7c5dd229c7ef849319,4d5b90e457b45471a35fb5ab4c724e6a,pair_dissolved_naturally,exact,exact,1.0,1.0
2824e44eecdeed7c5dd229c7ef849319,5d7f2c264242bb8a04a5341043236e9b,pair_dissolved_naturally,exact,exact,1.0,1.0
2824e44eecdeed7c5dd229c7ef849319,6f6037cf07472aafa89d4574ec613442,pair_dissolved_naturally,exact,exact,1.0,1.0
2824e44eecdeed7c5dd229c7ef849319,971666a1d7f8097e126143577795753d,pair_dissolved_naturally,exact,exact,1.0,1.0
2824e44eecdeed7c5dd229c7ef849319,bf4c577a1ee28db4c59f0e3d6ad7354a,pair_dissolved_naturally,exact,exact,1.0,1.0
2824e44eecdeed7c5dd229c7ef849319,e6fbebc9c4e602d0e6f009c125c0a8fe,pair_dissolved_naturally,exact,exact,1.0,1.0
2824e44eecdeed7c5dd229c7ef849319,fcb2afdf98d419d41f1b0ac7a448a621,pair_dissolved_naturally,exact,exact,1.0,1.0
283f8cff7fea23ec1fa0da6a944981c1,43cb4a082e543afda3c8240aa2ff0a19,pair_dissolved_naturally,exact,exact,1.0,1.0
28a978eaf21d7ef99beaa780b27f85df,4aa0044637d5414894af09a3971c2f00,pair_dissolved_naturally,exact,exact,1.0,1.0
28a978eaf21d7ef99beaa780b27f85df,50003c6e088c004e66fc83f94ca9942e,pair_dissolved_naturally,exact,exact,1.0,1.0
28a978eaf21d7ef99beaa780b27f85df,768690717c4c47050b577188895948d3,pair_dissolved_naturally,exact,exact,1.0,1.0
28a978eaf21d7ef99beaa780b27f85df,82c2dd3952b40d89e4b4aec1262be054,pair_dissolved_naturally,exact,exact,1.0,1.0
28a978eaf21d7ef99beaa780b27f85df,8ca1755134922d2fbd434f6774a5ce93,pair_dissolved_naturally,exact,exact,1.0,1.0
28a978eaf21d7ef99beaa780b27f85df,8e38a8dff7cc84a1b503a54da493d80b,pair_dissolved_naturally,exact,exact,1.0,1.0
28a978eaf21d7ef99beaa780b27f85df,92c08b77f9d378b40d34af561f810de6,pair_dissolved_naturally,exact,exact,1.0,1.0
28a978eaf21d7ef99beaa780b27f85df,9a52aa62def0c178dc412f9e8e24aff0,pair_dissolved_naturally,exact,exact,1.0,1.0
28a978eaf21d7ef99beaa780b27f85df,9d3ffa6dd309537012ece80dcedf8357,pair_dissolved_naturally,exact,exact,1.0,1.0
28a978eaf21d7ef99beaa780b27f85df,a1f60d7b54ce926a4b5a508c9fc118d9,pair_dissolved_naturally,exact,exact,1.0,1.0
28a978eaf21d7ef99beaa780b27f85df,ac80fa64ea9fb9fb776f766c6d029ab9,pair_dissolved_naturally,exact,exact,1.0,1.0
28a978eaf21d7ef99beaa780b27f85df,c7aa4ea10ee91223bd47d893360bcba3,pair_dissolved_naturally,exact,exact,1.0,1.0
28a978eaf21d7ef99beaa780b27f85df,cdf0a1e634fa6b7a717a75c3020c48d3,pair_dissolved_naturally,exact,exact,1.0,1.0
28a978eaf21d7ef99beaa780b27f85df,ce6fe27c08f0e741d45af23b6fc24c97,pair_dissolved_naturally,exact,exact,1.0,1.0
28a978eaf21d7ef99beaa780b27f85df,d2de5daca62470c9b7c8ee039578af0e,pair_dissolved_naturally,exact,exact,1.0,1.0
28a978eaf21d7ef99beaa780b27f85df,f49104062a8a091bdd64b13cbcf23343,pair_dissolved_naturally,exact,exact,1.0,1.0
28a978eaf21d7ef99beaa780b27f85df,f4c884fb1f0f8548033512fc5c8fdd76,pair_dissolved_naturally,exact,exact,1.0,1.0
28a978eaf21d7ef99beaa780b27f85df,fd9e62dbf5e1bc25abdea3c42e0fdff9,pair_dissolved_naturally,exact,exact,1.0,1.0
28b31abe1dd0c2b97fab7b8dbb93b144,2b114e5456accadcb142d73df15070d5,pair_dissolved_naturally,exact,exact,1.0,1.0
28b31abe1dd0c2b97fab7b8dbb93b144,bdcc59371126421ce2212f0e686fb8d7,pair_dissolved_naturally,exact,exact,1.0,1.0
28d459b66f0e36961a1ab1498618a2fe,4524cd516dd8a820fa60eb25a9489c01,pair_dissolved_naturally,exact,exact,1.0,1.0
28e06a2bbac22d0aedfacf58ffeaaacb,44ab8157f639534d8e7a4291a155af03,pair_dissolved_naturally,exact,exact,1.0,1.0
28e06a2bbac22d0aedfacf58ffeaaacb,4705dba082f62446c8bf05f797def82f,pair_dissolved_naturally,exact,exact,1.0,1.0
28e06a2bbac22d0aedfacf58ffeaaacb,78ba978b28538788f99cbe041d6bb3d7,pair_dissolved_naturally,exact,exact,1.0,1.0
28ed9ca88935924ec0ef374b7f97548f,764aeb7f1083401367075e130120e4e8,pair_dissolved_naturally,exact,exact,1.0,1.0
28ed9ca88935924ec0ef374b7f97548f,92d2b0f4cfdaf5204d0d62e2dfcb985b,pair_dissolved_naturally,exact,exact,1.0,1.0
28ed9ca88935924ec0ef374b7f97548f,bc8a7317caa3335783c9bdc81875693c,pair_dissolved_naturally,exact,exact,1.0,1.0
28ed9ca88935924ec0ef374b7f97548f,ddf6cdf3569af4d328c9740a86e73c28,pair_dissolved_naturally,exact,exact,1.0,1.0
28ed9ca88935924ec0ef374b7f97548f,fab3d75e3eab49a188c4b8f838983a9b,pair_dissolved_naturally,exact,exact,1.0,1.0
290d8da41f81c27213a79cc26830183b,74671fb64b7fe0d4c99bd88698bbece0,pair_dissolved_by_refactoring,signature_changed,exact,0.98,1.0
290d8da41f81c27213a79cc26830183b,f54a5f4b0a5bfd7511e0029de61778a3,pair_dissolved_by_refactoring,signature_changed,exact,0.98,1.0
291e8f177d306f383548e2ef05a5a579,7fabd0e85b9c80c10bca3f27fa0d2b7e,pair_dissolved_naturally,exact,exact,1.0,1.0
291e8f177d306f383548e2ef05a5a579,9af5b7ee8478526e498ac4342491ed23,pair_dissolved_naturally,exact,exact,1.0,1.0
291e8f177d306f383548e2ef05a5a579,b6fa7142063b6d0434976698c9bb56c7,pair_dissolved_naturally,exact,exact,1.0,1.0
29328616b2bd096dd07bdbcbd054b753,2f4ece8b89ead5be73eb1d1d5db39f28,pair_dissolved_naturally,exact,exact,1.0,1.0
29328616b2bd096dd07bdbcbd054b753,75bf62737a3f7063bbad4a6029b371d5,pair_dissolved_naturally,exact,exact,1.0,1.0
29328616b2bd096dd07bdbcbd054b753,81b8837b5e6f52694493748d73867a3b,pair_dissolved_naturally,exact,exact,1.0,1.0
2961cb997a5ef212aa5e6bffae9ad1c1,859da26fd6b4414441c833195c857616,pair_dissolved_naturally,exact,exact,1.0,1.0
2961cb997a5ef212aa5e6bffae9ad1c1,ee22f6b6f4252b589ad64afa893cb7b4,pair_dissolved_naturally,exact,exact,1.0,1.0
2961cb997a5ef212aa5e6bffae9ad1c1,f4754c85b0bf4a83a8ee9829b04ae90b,pair_dissolved_naturally,exact,exact,1.0,1.0
2962be83308c6f2b277aea40dcddf92b,c9887f14389e8e662539d9420b0583d0,pair_dissolved_naturally,exact,exact,1.0,1.0
29e0060fcffcd971cde7b1dec2e7855b,54335d6203285796b3b6cf6dfc02db89,pair_dissolved_naturally,exact,exact,1.0,1.0
29e0060fcffcd971cde7b1dec2e7855b,85805e059ec3be60a15a02b26486cb3c,pair_dissolved_naturally,exact,exact,1.0,1.0
29e0060fcffcd971cde7b1dec2e7855b,a4f74b58b8c2a8f9ee6f52d5b838df8c,pair_dissolved_naturally,exact,exact,1.0,1.0
29ebe3a0a54f20429022e3f63524d5a3,f920e13038842da0f47ade34aae64b11,pair_dissolved_naturally,exact,exact,1.0,1.0
29f2f1abd2ef42f14d631943baee3d43,3a7b2e03cf8cc2290e2a9a6f256bd472,pair_dissolved_by_refactoring,signature_changed,exact,1.0,1.0
29f2f1abd2ef42f14d631943baee3d43,a574ab5606fbb13ec16c75ed7bde0628,pair_dissolved_by_refactoring,signature_changed,exact,1.0,1.0
29f2f1abd2ef42f14d631943baee3d43,d042090319ac421c80a019d6e3847b7d,pair_dissolved_by_refactoring,signature_changed,exact,1.0,1.0
2a6744a20472c120212f7b44c3cc8715,768312725f56fcc427d5d1c6987ed1b4,pair_dissolved_naturally,unknown,exact,,1.0
2a6744a20472c120212f7b44c3cc8715,83362ecf7dce06ef7a54b33f1ce1b267,pair_dissolved_naturally,unknown,exact,,1.0
2ab35bbda63c0715e3b3fe05563c35ef,558c7d80a4748c5c247e805626d54b03,pair_dissolved_naturally,exact,exact,1.0,1.0
2ab35bbda63c0715e3b3fe05563c35ef,6672ff6fc840d3dbef0947c374bf7460,pair_dissolved_naturally,exact,exact,1.0,1.0
2ab35bbda63c0715e3b3fe05563c35ef,7ebbacd3d142e759238d75fb464aff0d,pair_dissolved_naturally,exact,exact,1.0,1.0
2ab35bbda63c0715e3b3fe05563c35ef,c6f02c0ab16231805a0a5b28447788f9,pair_dissolved_naturally,exact,exact,1.0,1.0
2acb4e44b7b83db9c9b3d18be4d1a5ef,ad6eaf58462f3708d3cce6bfd7567c58,pair_dissolved_naturally,exact,exact,1.0,1.0
2ad52e84f8c5a6bf99509deed9961f81,56a6aa3c8167be042baeaf662fbc50c2,pair_dissolved_by_refactoring,signature_changed,signature_changed,1.0,1.0
2ada58520cf50e0749e41e57ee6e179a,6baaf5fa654c77aa37e34dbed930dfed,pair_dissolved_naturally,exact,exact,1.0,1.0
2af28be57a00faa6a8f02c6681a3c094,35485b686403e7c3896a87dbca7461cc,pair_dissolved_naturally,exact,exact,1.0,1.0
2af28be57a00faa6a8f02c6681a3c094,9383ab44a4cf255ac84539f457d8dcbb,pair_dissolved_naturally,exact,exact,1.0,1.0
2b114e5456accadcb142d73df15070d5,57d1c9f630d0a6c291b174876cc5d5ea,pair_dissolved_naturally,exact,exact,1.0,1.0
2b114e5456accadcb142d73df15070d5,a3b4d71635aaa7cef5bf0aab510f4ad5,pair_dissolved_naturally,exact,exact,1.0,1.0
2b114e5456accadcb142d73df15070d5,adb7b8c0380e705d2cc3e38796249e51,pair_dissolved_naturally,exact,exact,1.0,1.0
2b114e5456accadcb142d73df15070d5,ea65ee7496967ab795b3ddcbcc572f9f,pair_dissolved_naturally,exact,exact,1.0,1.0
2b282a6bc6367ed42dffacba63be7400,c388847bac1c3a82053407739c63b1e1,pair_dissolved_naturally,exact,exact,1.0,1.0
2b3f828ee2c91489cc1c3d7c902cbca6,5e5df0519142797be73bc6b5a032a32e,pair_dissolved_naturally,exact,exact,1.0,1.0
2b3f828ee2c91489cc1c3d7c902cbca6,7b026994b36fbcfb3a95d895d5d4abe6,pair_dissolved_naturally,exact,exact,1.0,1.0
2b3f828ee2c91489cc1c3d7c902cbca6,9316504218006bf13cf95459ebf5a545,pair_dissolved_naturally,exact,exact,1.0,1.0
2b3f828ee2c91489cc1c3d7c902cbca6,bae532b1ebbdd2e537af9713ed4a7966,pair_dissolved_naturally,exact,exact,1.0,1.0
2b3f828ee2c91489cc1c3d7c902cbca6,ddc54515a5f77dd518a728052f57fdde,pair_dissolved_naturally,exact,exact,1.0,1.0
2b3f828ee2c91489cc1c3d7c902cbca6,ed2c979efd0f88dac9e043140c8dcb96,pair_dissolved_naturally,exact,exact,1.0,1.0
2b3f828ee2c91489cc1c3d7c902cbca6,f5a4f3d5fbe0f0cfb88cf2b2f7ee50c0,pair_dissolved_naturally,exact,exact,1.0,1.0
2bab975f8c9c9626cad998819526afed,88ac2a5dc9624e2a1ff13fa6a124d9f7,pair_dissolved_by_refactoring,exact,signature_changed,1.0,1.0
2bc70963b8a5b0e1792740a6aa1d29d1,675b4de4742f3f9c468d766ad3caaf32,pair_dissolved_naturally,exact,exact,1.0,1.0
2bd96f592aa94e50790b18f09593ad07,2c5d0ebf7d1a1decf36dd6f49fbaf660,pair_dissolved_naturally,exact,exact,1.0,1.0
2bd96f592aa94e50790b18f09593ad07,810ea8dc4b798e8de3b3ca8afaf0b240,pair_dissolved_naturally,exact,exact,1.0,1.0
2c09e2ee4d60a879547e55312264e489,66064295e5eec941ccf0f8f1a0e1913e,pair_dissolved_naturally,exact,exact,1.0,1.0
2c09e2ee4d60a879547e55312264e489,6f6331ea783b16f4ad2d69b5d8d82e76,pair_dissolved_naturally,exact,exact,1.0,1.0
2c46a5eea784c8075a4b23bda8e03e4c,97c4cad7b79dff95c637807b66fa5def,pair_dissolved_by_refactoring,exact,signature_changed,1.0,0.98
2c46a5eea784c8075a4b23bda8e03e4c,edaf28b63734785f7016dfda14a6d967,pair_dissolved_by_refactoring,exact,signature_changed,1.0,0.93
2c53f0e339fc370b99e821e172fc4127,9592a5c869d84a49c6616f70ffc12c4c,pair_dissolved_naturally,exact,exact,1.0,1.0
2c53f0e339fc370b99e821e172fc4127,e3eef4bae80e395878a100af72ba89a0,pair_dissolved_naturally,exact,exact,1.0,1.0
2c53f0e339fc370b99e821e172fc4127,f3ecbbfb095e5b36d611b2f4a1937253,pair_dissolved_naturally,exact,exact,1.0,1.0
2c5d0ebf7d1a1decf36dd6f49fbaf660,810ea8dc4b798e8de3b3ca8afaf0b240,pair_dissolved_naturally,exact,exact,1.0,1.0
2c7c2de58d8324ddc3ba41e037afdd59,6c04820ddc5921c0a9e653a87b283404,pair_dissolved_naturally,exact,exact,1.0,1.0
2c822e7542c68c5860fbcd81c2999598,4b0ca51dc895be06e9487374e717ce18,pair_dissolved_naturally,exact,exact,1.0,1.0
2c82eccd2590dc0a0498c989ee94b24a,bdcc59371126421ce2212f0e686fb8d7,pair_dissolved_naturally,exact,exact,1.0,1.0
2cf0cf769b39ab0b1fd8fadc99398234,41c51fcc957b113a519688515962681e,pair_dissolved_naturally,exact,exact,1.0,1.0
2cf0cf769b39ab0b1fd8fadc99398234,6cdb811be8c475fd6a8d795e800c6ea5,pair_dissolved_naturally,exact,exact,1.0,1.0
2cf0cf769b39ab0b1fd8fadc99398234,c2acde01d022961e88be6552d82e6597,pair_dissolved_naturally,exact,exact,1.0,1.0
2d0088f5fc1085951ef80f678ea38bfe,70d09344d0785b98201ffd991329e449,pair_dissolved_naturally,exact,exact,1.0,1.0
2d07ddae3ac0b9e305ddbcac458435c4,ce0cd76bf8cf5a76532cad5bae5cec1a,pair_dissolved_naturally,exact,exact,1.0,1.0
2d117dd854b91e41cf72498efbb7b504,3c91d5877772e12879674d3d2dff8d12,pair_dissolved_naturally,exact,exact,1.0,1.0
2d376f70dfada3f4f3a4a05150c6f15b,a07f62f88f7986536ad48427361e9ee0,pair_dissolved_naturally,exact,exact,1.0,1.0
2d3c7581043d96e70356a9f0d669c0a5,67bd8d48215ae6f014482815ab59bf9f,pair_dissolved_naturally,exact,exact,1.0,1.0
2d3c7581043d96e70356a9f0d669c0a5,97c4cad7b79dff95c637807b66fa5def,pair_dissolved_by_refactoring,exact,signature_changed,1.0,0.98
2d3c7581043d96e70356a9f0d669c0a5,e6c5c2372d10297300315dfaa9a59c6f,pair_dissolved_naturally,exact,exact,1.0,1.0
2d88aaca36459e0f32f6a98ef069f335,88ac2a5dc9624e2a1ff13fa6a124d9f7,pair_dissolved_by_refactoring,exact,signature_changed,1.0,1.0
2d88aaca36459e0f32f6a98ef069f335,ca03be750993312a74fa826e6baeedf4,pair_dissolved_naturally,exact,exact,1.0,1.0
2db9dc3c1a7a7c8fafedb1e957b1b65c,64cac86245e9e532fa0212080c31d693,pair_dissolved_naturally,exact,exact,1.0,1.0
2db9dc3c1a7a7c8fafedb1e957b1b65c,9295b4212327ff6097a50e28972ec9db,pair_dissolved_naturally,exact,exact,1.0,1.0
2db9dc3c1a7a7c8fafedb1e957b1b65c,a6d6875c2500a67b579c9609611de769,pair_dissolved_naturally,exact,exact,1.0,1.0
2db9dc3c1a7a7c8fafedb1e957b1b65c,d8bd409a61eed0290d225be07489b42c,pair_dissolved_naturally,exact,exact,1.0,1.0
2db9dc3c1a7a7c8fafedb1e957b1b65c,ec2b16be29a1fce84d9787a5dff47794,pair_dissolved_naturally,exact,exact,1.0,1.0
2e13765f99f03824bac39887c87aa91f,fc27f49403c4a743ab7205bcae57fa6c,pair_dissolved_by_refactoring,signature_changed,exact,0.95,1.0
2e3093b736c12f6bcb3c3c844badd6e9,8c0cd197899d2a1da3c38fa029168ac4,pair_dissolved_naturally,exact,exact,1.0,1.0
2e31afae94b7144bbc929110349936f1,ec2f0bc7ed6535ef2be355f5f6a65ad6,pair_dissolved_naturally,exact,exact,1.0,1.0
2e38993056072a4c6e67695eb9d4fc7c,5b51fa1bec4c921dfe89fa7211764ed4,pair_dissolved_naturally,exact,exact,1.0,1.0
2e8eb345a0534cf4d5524eb334015d08,c5a2d2b47dfdf67d3bf11eae4495ef0b,pair_dissolved_naturally,exact,exact,1.0,1.0
2e920c97c720213981c6f99e85b89fdb,5d8a107e1aadc7d197ceca87f3e86caa,method_a_deleted,deleted,refactored,,0.87
2e920c97c720213981c6f99e85b89fdb,696c083fb6fce70e529cbb7df30d7c81,method_a_deleted,deleted,exact,,1.0
2e9d64a8d6c7dcde3f5b405f52e35f35,b8521fc77c6e021daaa54386e2820c52,pair_dissolved_naturally,exact,exact,1.0,1.0
2ec36710146d8f6005d3c9a29ece96ae,e6c5c2372d10297300315dfaa9a59c6f,pair_dissolved_naturally,exact,exact,1.0,1.0
2ee8073d55b0bb75df56da02dc745856,2f8df3cf36d7597a9a048fb7a602c26c,pair_dissolved_by_refactoring,refactored,exact,0.87,1.0
2ef59322a3ed67945aa2c7898d84f63f,5ab455e39e6b295f2d3471037e787aa4,pair_dissolved_by_refactoring,signature_changed,exact,0.95,1.0
2f0a6d6d16d30262df8ed2c051f803db,b7382a062c0fa544310176f71166353e,pair_dissolved_naturally,exact,exact,1.0,1.0
2f301ca06f5fd63ec02e31e0dcca4ea1,6c0ae3e02d1d2e2052e08c6362b80d97,pair_dissolved_naturally,exact,exact,1.0,1.0
2f428d4fed5e18a1677617e2b7a06a4e,62a7b034d22fdfb9ab8578fcfccada9a,pair_dissolved_naturally,exact,exact,1.0,1.0
2f4ece8b89ead5be73eb1d1d5db39f28,310a951b87541a4655208ff09127076a,pair_dissolved_naturally,exact,exact,1.0,1.0
2f4ece8b89ead5be73eb1d1d5db39f28,40b684a801702094f82f429dc03e1745,pair_dissolved_naturally,exact,exact,1.0,1.0
2f4ece8b89ead5be73eb1d1d5db39f28,4f85dadf452984366748667b0378ed33,pair_dissolved_naturally,exact,exact,1.0,1.0
2f4ece8b89ead5be73eb1d1d5db39f28,5bf6afcc019db545a46b767de0809762,pair_dissolved_naturally,exact,exact,1.0,1.0
2f4ece8b89ead5be73eb1d1d5db39f28,673be5791c08ecc53c6da6c8725c778f,pair_dissolved_naturally,exact,exact,1.0,1.0
2f4ece8b89ead5be73eb1d1d5db39f28,69ec5caa3d24bc3333a53f44e2476450,pair_dissolved_naturally,exact,exact,1.0,1.0
2f4ece8b89ead5be73eb1d1d5db39f28,69fec695c2f64594319f48a49abf231f,pair_dissolved_naturally,exact,exact,1.0,1.0
2f4ece8b89ead5be73eb1d1d5db39f28,75bf62737a3f7063bbad4a6029b371d5,pair_dissolved_naturally,exact,exact,1.0,1.0
2f4ece8b89ead5be73eb1d1d5db39f28,81b8837b5e6f52694493748d73867a3b,pair_dissolved_naturally,exact,exact,1.0,1.0
2f4ece8b89ead5be73eb1d1d5db39f28,878a59c975c0b0af67a0b00c16d26179,pair_dissolved_naturally,exact,exact,1.0,1.0
2f4ece8b89ead5be73eb1d1d5db39f28,8b8f7c5a4545c890340c34630598abfc,pair_dissolved_naturally,exact,exact,1.0,1.0
2f4ece8b89ead5be73eb1d1d5db39f28,8c6e4f9d4cd1a8fc13eb934df1396262,pair_dissolved_naturally,exact,exact,1.0,1.0
2f4ece8b89ead5be73eb1d1d5db39f28,8ccf2a898958420c8d6016237bae3120,pair_dissolved_naturally,exact,exact,1.0,1.0
2f4ece8b89ead5be73eb1d1d5db39f28,8f682925c769dbe4beb74a1d1823d422,pair_dissolved_naturally,exact,exact,1.0,1.0
2f4ece8b89ead5be73eb1d1d5db39f28,90307823bd132788f557ec7a2f843687,pair_dissolved_naturally,exact,exact,1.0,1.0
2f4ece8b89ead5be73eb1d1d5db39f28,a1a990e6c3199513c5ef6527cdb275a2,pair_dissolved_naturally,exact,exact,1.0,1.0
2f4ece8b89ead5be73eb1d1d5db39f28,afa94efff64e2caccd087414f7e8a9d3,pair_dissolved_naturally,exact,exact,1.0,1.0
2f4ece8b89ead5be73eb1d1d5db39f28,d2fc7b8e472b048fe6a7251690972bdd,pair_dissolved_naturally,exact,exact,1.0,1.0
2f4ece8b89ead5be73eb1d1d5db39f28,de3c29417096eff33b523a4f838d7d5b,pair_dissolved_naturally,exact,exact,1.0,1.0
2f4ece8b89ead5be73eb1d1d5db39f28,e3e06ae43f9c7b4d44e6d443eeab5894,pair_dissolved_naturally,exact,exact,1.0,1.0
2f5851ba7d9d40dad76155546344c0f1,7c8b3fe8b31870907454f55bffe23a4a,pair_dissolved_naturally,exact,exact,1.0,1.0
2f653db09b8a66fab46e43b17b2f0e16,4721a3b9da1f47b98904755e3256dffa,pair_dissolved_naturally,exact,exact,1.0,1.0
2f653db09b8a66fab46e43b17b2f0e16,53a9d52f3df637d7e56ffe2454022fe4,pair_dissolved_naturally,exact,exact,1.0,1.0
2f653db09b8a66fab46e43b17b2f0e16,850f62beaf67818389de892eb0c4c4a8,pair_dissolved_naturally,exact,exact,1.0,1.0
2f653db09b8a66fab46e43b17b2f0e16,92601e2d3548a477033dec636d4cd843,pair_dissolved_naturally,exact,exact,1.0,1.0
2f653db09b8a66fab46e43b17b2f0e16,e0bc445137c4097325344a9fbf641b24,pair_dissolved_naturally,exact,exact,1.0,1.0
2f6aa2f13ca35d445e3d69465fc725e9,944187b48f2956484235248945e7216d,pair_dissolved_naturally,exact,exact,1.0,1.0
2f8155d6faef2d1cf96ef53b33d48693,6fe8ca4075ea6bda7921706eb13fc9c2,pair_dissolved_naturally,exact,unknown,1.0,
2f8e4d90e070a66fe5f524d121c10f09,cf3e22c8ad599ecc38cf7c33ac9da8b1,pair_dissolved_by_refactoring,exact,signature_changed,1.0,1.0
2fe6e871394a0bf4772438176326f2ff,eec61256c59c8f10640df6cc32af5968,pair_dissolved_naturally,exact,exact,1.0,1.0
2ffb664d7878b5284730080818e36c82,30735ba9533ed1ae8c682fdc463a67a2,pair_dissolved_by_refactoring,renamed,exact,0.92,1.0
3047005876808ff6c7158065161921b0,77f2cdac6974b846d7a4fdeb61e94391,pair_dissolved_by_refactoring,signature_changed,signature_changed,1.0,1.0
30542a1ad0d401da8ed4917a4145a1c2,4f4b98690b4b60f0a700c1271796b349,pair_dissolved_naturally,exact,exact,1.0,1.0
30542a1ad0d401da8ed4917a4145a1c2,b63ca1ef1627dbbbfb3802523a3a8b03,pair_dissolved_naturally,exact,exact,1.0,1.0
30781828b99327ec66dc44598d0cc76e,878608454149454f738caf7af2b265a4,pair_dissolved_naturally,exact,exact,1.0,1.0
30a277ebacca18d065060038a414b21d,3cb37f16b753f89101b773c1c6b8f3f0,pair_dissolved_naturally,exact,exact,1.0,1.0
30a277ebacca18d065060038a414b21d,6ff91d3140b6daf7df09d693b4de70d6,pair_dissolved_naturally,exact,exact,1.0,1.0
30a277ebacca18d065060038a414b21d,8045700bcc349f90c6fe6e9b8fe60e85,pair_dissolved_naturally,exact,exact,1.0,1.0
30ce7af70e144bf8acb2408127928c9f,6c67d987bb9431e7a478759d0d00c2ec,pair_dissolved_naturally,exact,exact,1.0,1.0
30e18fd41a7bedc785d057b6001ac1cd,7e062df21d318bb0ff9fe2be1b867743,pair_dissolved_by_refactoring,signature_changed,signature_changed,0.73,0.75
30f81807e1f670e65061a6d1f2e16cdd,e2ff8a74fce4346e0068b34d519de9a5,pair_dissolved_naturally,exact,exact,1.0,1.0
310142c7efae28f1f7a257e30e938a4e,7611fa4345eedb81d42241fb7abf9852,pair_dissolved_naturally,exact,exact,1.0,1.0
3109eb1e7fc019e4c48b00adc552e113,692750a5d2c79155f816b47f30df4357,pair_dissolved_naturally,exact,exact,1.0,1.0
310a951b87541a4655208ff09127076a,75bf62737a3f7063bbad4a6029b371d5,pair_dissolved_naturally,exact,exact,1.0,1.0
310a951b87541a4655208ff09127076a,81b8837b5e6f52694493748d73867a3b,pair_dissolved_naturally,exact,exact,1.0,1.0
3124b4a732d4e1dbc8cc9967ab77d0ce,3a90f91e8c5cbc4af9b91702fc9c66b4,pair_dissolved_naturally,exact,exact,1.0,1.0
3147f2b34c95a1bcfda9c3f146202c08,abce3c5e7d8a4f36f3a0f4d3c52a9b5f,pair_dissolved_by_refactoring,signature_changed,exact,1.0,1.0
3147f2b34c95a1bcfda9c3f146202c08,b071f07acc09b5a5b86427fcffa8dc58,pair_dissolved_by_refactoring,signature_changed,exact,1.0,1.0
3147f2b34c95a1bcfda9c3f146202c08,c1ca9fbc127aae94c7d5a509c2cfe946,pair_dissolved_by_refactoring,signature_changed,exact,1.0,1.0
3147f2b34c95a1bcfda9c3f146202c08,cad437a1be62f2d39eba0348f88c7411,pair_dissolved_by_refactoring,signature_changed,exact,1.0,1.0
31487f54f16866ea2d8776f8b1fc0aa3,4214f2e7a6a7609c2eb5ca7246cc7f57,pair_dissolved_naturally,exact,exact,1.0,1.0
31487f54f16866ea2d8776f8b1fc0aa3,42e869da43a96c9839cc82bb63ad047a,pair_dissolved_naturally,exact,exact,1.0,1.0
314a1509cf620f1435080c2a8d14a639,4162cc7c5484764fbf56c45b89da453a,pair_dissolved_by_refactoring,signature_changed,exact,0.99,1.0
314a1509cf620f1435080c2a8d14a639,519a9a465c7da19668b11e2a11171fd6,pair_dissolved_by_refactoring,signature_changed,exact,0.99,1.0
316f0191976e0b536a517d126efcc9de,3a92e14b6d924863ca94ed810784e002,pair_dissolved_by_refactoring,exact,signature_changed,1.0,0.91
31a63c4ce10d5eaa1c67d6e195e5ae83,3b5ba815078aceb02c52ae0fcaa0f659,pair_dissolved_naturally,exact,exact,1.0,1.0
31a63c4ce10d5eaa1c67d6e195e5ae83,3ee240f97a558d1107a5932a0c9806cf,pair_dissolved_naturally,exact,exact,1.0,1.0
31a63c4ce10d5eaa1c67d6e195e5ae83,5d757dbbb07bb17874bcb63ca28c0444,pair_dissolved_naturally,exact,exact,1.0,1.0
31a63c4ce10d5eaa1c67d6e195e5ae83,692750a5d2c79155f816b47f30df4357,pair_dissolved_naturally,exact,exact,1.0,1.0
31a63c4ce10d5eaa1c67d6e195e5ae83,79c577e961f1b9ec26e7b435089d9425,pair_dissolved_naturally,exact,exact,1.0,1.0
31a63c4ce10d5eaa1c67d6e195e5ae83,95f172d855d381562934806ab3d9af30,pair_dissolved_naturally,exact,exact,1.0,1.0
31a63c4ce10d5eaa1c67d6e195e5ae83,9c34580629a998613a26b656184974b5,pair_dissolved_naturally,exact,exact,1.0,1.0
31a63c4ce10d5eaa1c67d6e195e5ae83,a08a069cfa5175970a0f09246345c02c,pair_dissolved_naturally,exact,exact,1.0,1.0
31a63c4ce10d5eaa1c67d6e195e5ae83,b4e532d9dbe47b3ee8ae4f1776672c3f,pair_dissolved_naturally,exact,exact,1.0,1.0
31a63c4ce10d5eaa1c67d6e195e5ae83,c7d27289667cfe504bb91203c0bd6e92,pair_dissolved_by_refactoring,exact,signature_changed,1.0,1.0
31a63c4ce10d5eaa1c67d6e195e5ae83,d5dc6d956f07ea7e4526920b52b236a1,pair_dissolved_naturally,exact,exact,1.0,1.0
31c3d3a3f769525240da95910ff422bc,62981585453405393da9f48a1fbadf9f,pair_dissolved_naturally,exact,exact,1.0,1.0
31c75399418abe23ca0ff369b3449bd8,ccf410503278d14b128d9646c995f6eb,pair_dissolved_naturally,exact,exact,1.0,1.0
31cfcc27f94bb5a676cdac7260f8672d,7bf671a1f3c1f7edec5e836a2b1352e1,pair_dissolved_naturally,exact,exact,1.0,1.0
31d2b24076632ebbb05e937c7e368c81,9c3b68aafe18639b33f949928a5ceed0,pair_dissolved_by_refactoring,signature_changed,exact,1.0,1.0
3212a54036965ddc27c80841641db2b5,93f03c64ad38c8dded8499f3e7338749,pair_dissolved_by_refactoring,signature_changed,exact,0.98,1.0
3212a54036965ddc27c80841641db2b5,b1ecac6dbf81285518c526e6f5a364d1,pair_dissolved_by_refactoring,signature_changed,signature_changed,0.98,0.96
3212a54036965ddc27c80841641db2b5,bd858793121751eb993bfa3ea21cf1df,pair_dissolved_by_refactoring,signature_changed,signature_changed,0.98,0.96
3212ba6be23ac8debf67332019d1b917,36d592a320dbe1ccb7b28ec549192415,pair_dissolved_naturally,exact,exact,1.0,1.0
32391409eb32d472afebc6552e44b574,45171cd1b01c845e546eb23976836eaa,pair_dissolved_naturally,exact,exact,1.0,1.0
32391409eb32d472afebc6552e44b574,7b290493d3e8a10706d607015331c050,pair_dissolved_naturally,exact,exact,1.0,1.0
326685d2ae785823b1c39b5fa8fd6594,40886da80576a4f6a15f81455e795e3d,pair_dissolved_by_refactoring,exact,signature_changed,1.0,1.0
326685d2ae785823b1c39b5fa8fd6594,592b98c01ef440d9ef1bee213d42636f,pair_dissolved_by_refactoring,exact,signature_changed,1.0,1.0
32b331e36900e880fc3053be63509468,7dca555c7fafaa0df3a8c9aba26d4b06,pair_dissolved_naturally,exact,exact,1.0,1.0
333ba354468e39f1322794bfa499fd83,d3a8ac9eadc24ad6bad6a7aa2a37a22e,pair_dissolved_naturally,exact,exact,1.0,1.0
3342a20c37206c75d574a8dd9123d1aa,73a87f3302bc99e96f76d5bc7bbb4fcd,pair_dissolved_by_refactoring,signature_changed,signature_changed,0.96,0.98
3364d65a547937e781297d192d4c9a79,d44bccd98d40d0995447d29a1ffdddba,pair_dissolved_naturally,exact,exact,1.0,1.0
338e3001910d3db20d4fd2109c1a7712,7c026745ac8a40eeccf73590e6303130,pair_dissolved_naturally,exact,exact,1.0,1.0
339dfa560da8874edc0fad221c25233f,c8c0a945ffe184e3c8443441c25b9ece,pair_dissolved_by_refactoring,exact,signature_changed,1.0,0.91
33abb617b12eca47dbc3311826341f56,c3d07666c9d5d7ba045bd33617bad358,pair_dissolved_naturally,exact,exact,1.0,1.0
33df1a7e2198a4cfee4ff7a771334825,d5246b4877c83882b2a1ba5d8e85ba17,pair_dissolved_naturally,exact,exact,1.0,1.0
33e0fe8ca5e0a41f1e3e8f8aa6c239ad,37675327928fec3ce07f6a3de2c5dd2a,pair_dissolved_naturally,exact,exact,1.0,1.0
33e0fe8ca5e0a41f1e3e8f8aa6c239ad,44b0129270854a64d64092fb787ca82a,pair_dissolved_naturally,exact,exact,1.0,1.0
33e0fe8ca5e0a41f1e3e8f8aa6c239ad,64381560125b6fea9663d5a40a49f8af,pair_dissolved_naturally,exact,exact,1.0,1.0
33e0fe8ca5e0a41f1e3e8f8aa6c239ad,663888d5474dfa1345d1c6bb69325a3e,pair_dissolved_naturally,exact,exact,1.0,1.0
33e0fe8ca5e0a41f1e3e8f8aa6c239ad,6663badef695a2c2f04d4df10a65a961,pair_dissolved_naturally,exact,exact,1.0,1.0
33e0fe8ca5e0a41f1e3e8f8aa6c239ad,689934cdeadee583c9b26da43cd2e81a,pair_dissolved_naturally,exact,exact,1.0,1.0
33e0fe8ca5e0a41f1e3e8f8aa6c239ad,6baaf5fa654c77aa37e34dbed930dfed,pair_dissolved_naturally,exact,exact,1.0,1.0
33e0fe8ca5e0a41f1e3e8f8aa6c239ad,785b80a38bbcf682106c52f06c336fd2,pair_dissolved_naturally,exact,exact,1.0,1.0
33e0fe8ca5e0a41f1e3e8f8aa6c239ad,7b026994b36fbcfb3a95d895d5d4abe6,pair_dissolved_naturally,exact,exact,1.0,1.0
33e0fe8ca5e0a41f1e3e8f8aa6c239ad,7dc7493b71e3a9a44c2e42a302025e57,pair_dissolved_naturally,exact,exact,1.0,1.0
33e0fe8ca5e0a41f1e3e8f8aa6c239ad,8587e726319121acddd6c94785af57df,pair_dissolved_naturally,exact,exact,1.0,1.0
33e0fe8ca5e0a41f1e3e8f8aa6c239ad,bae532b1ebbdd2e537af9713ed4a7966,pair_dissolved_naturally,exact,exact,1.0,1.0
33e0fe8ca5e0a41f1e3e8f8aa6c239ad,c4efa54c2540d009d46c45beb7dde41b,pair_dissolved_naturally,exact,exact,1.0,1.0
33e0fe8ca5e0a41f1e3e8f8aa6c239ad,d9d43c043ac6949a9cdf9ec6ef457602,pair_dissolved_by_refactoring,exact,signature_changed,1.0,1.0
33e0fe8ca5e0a41f1e3e8f8aa6c239ad,ddc54515a5f77dd518a728052f57fdde,pair_dissolved_naturally,exact,exact,1.0,1.0
33e0fe8ca5e0a41f1e3e8f8aa6c239ad,e5d48eaa4e45615ed36e9c2a89d64130,pair_dissolved_naturally,exact,exact,1.0,1.0
33e0fe8ca5e0a41f1e3e8f8aa6c239ad,e726492d30ba647aff35e0dc5c0942a6,pair_dissolved_naturally,exact,exact,1.0,1.0
33e0fe8ca5e0a41f1e3e8f8aa6c239ad,ed2c979efd0f88dac9e043140c8dcb96,pair_dissolved_naturally,exact,exact,1.0,1.0
341281652cf0e2fd71c80d790a55b4c3,d85bb59a454eba182cea9af0817d1234,pair_dissolved_naturally,exact,exact,1.0,1.0
343864d85c1e542efdeda2220d205eeb,44b0129270854a64d64092fb787ca82a,pair_dissolved_naturally,exact,exact,1.0,1.0
343864d85c1e542efdeda2220d205eeb,57705a4999902e49b0ee91b5acb03bc9,pair_dissolved_naturally,exact,exact,1.0,1.0
343864d85c1e542efdeda2220d205eeb,64381560125b6fea9663d5a40a49f8af,pair_dissolved_naturally,exact,exact,1.0,1.0
343864d85c1e542efdeda2220d205eeb,6663badef695a2c2f04d4df10a65a961,pair_dissolved_naturally,exact,exact,1.0,1.0
343864d85c1e542efdeda2220d205eeb,6baaf5fa654c77aa37e34dbed930dfed,pair_dissolved_naturally,exact,exact,1.0,1.0
343864d85c1e542efdeda2220d205eeb,785b80a38bbcf682106c52f06c336fd2,pair_dissolved_naturally,exact,exact,1.0,1.0
343864d85c1e542efdeda2220d205eeb,7b756f8a893f3b85e135c8e94a41619d,pair_dissolved_naturally,exact,exact,1.0,1.0
343864d85c1e542efdeda2220d205eeb,8587e726319121acddd6c94785af57df,pair_dissolved_naturally,exact,exact,1.0,1.0
343864d85c1e542efdeda2220d205eeb,a1703a55e1cedae0c733cff9ce9a5d49,pair_dissolved_naturally,exact,exact,1.0,1.0
343864d85c1e542efdeda2220d205eeb,d9d43c043ac6949a9cdf9ec6ef457602,pair_dissolved_by_refactoring,exact,signature_changed,1.0,1.0
343864d85c1e542efdeda2220d205eeb,e726492d30ba647aff35e0dc5c0942a6,pair_dissolved_naturally,exact,exact,1.0,1.0
343864d85c1e542efdeda2220d205eeb,e8138eabe191e0bd1c16129055010879,pair_dissolved_naturally,exact,exact,1.0,1.0
3470e7eebe0e0b44daefec0c75c46766,3c336106a6966fb4ca2a2d6539c8f4ca,pair_dissolved_naturally,exact,exact,1.0,1.0
3470e7eebe0e0b44daefec0c75c46766,b21631cc941961eba16cfac2068d8aa7,pair_dissolved_naturally,exact,exact,1.0,1.0
348fd50bb2a9557bc7230330556d25c7,401994ecb6afb3d99d1e2d59d33a63fd,pair_dissolved_naturally,exact,exact,1.0,1.0
348fd50bb2a9557bc7230330556d25c7,89b4ca7c26ef8645d1e151982c2e4984,pair_dissolved_naturally,exact,exact,1.0,1.0
34db7723d3080d3f9fab644d796f9049,7b026994b36fbcfb3a95d895d5d4abe6,pair_dissolved_naturally,exact,exact,1.0,1.0
34db7723d3080d3f9fab644d796f9049,87eb76512d998911b5284b73613cb337,pair_dissolved_by_refactoring,exact,signature_changed,1.0,0.98
34db7723d3080d3f9fab644d796f9049,ddc54515a5f77dd518a728052f57fdde,pair_dissolved_naturally,exact,exact,1.0,1.0
3507dcff6bf221ad8c2c14fadfebbae9,a7b6f30165ec9ec07947e22d7c21b11c,pair_dissolved_by_refactoring,refactored,exact,0.8,1.0
350bfcc033df774b6e41bc657faaa489,aa929b1df82494ea4813a44698d72848,pair_dissolved_naturally,exact,exact,1.0,1.0
352a71d66a5508c41e6785e9bccaec36,4e8ffd25967655713e02e075bc0dcaab,pair_dissolved_by_refactoring,signature_changed,exact,0.88,1.0
352a71d66a5508c41e6785e9bccaec36,c8eaee12606c097180561e1ff16a9606,pair_dissolved_by_refactoring,signature_changed,exact,0.88,1.0
352e61b3b5303e2c9a391459d413b3c0,bcb8d403512a82e229c12814374b3c34,pair_dissolved_naturally,exact,exact,1.0,1.0
35426580cb0e1acd32a162726016d489,37675327928fec3ce07f6a3de2c5dd2a,pair_dissolved_by_refactoring,signature_changed,exact,0.97,1.0
35426580cb0e1acd32a162726016d489,689934cdeadee583c9b26da43cd2e81a,pair_dissolved_by_refactoring,signature_changed,exact,0.97,1.0
35426580cb0e1acd32a162726016d489,7b026994b36fbcfb3a95d895d5d4abe6,pair_dissolved_by_refactoring,signature_changed,exact,0.97,1.0
35426580cb0e1acd32a162726016d489,81705270f23b0b85df446b748accfc86,pair_dissolved_by_refactoring,signature_changed,exact,0.97,1.0
35426580cb0e1acd32a162726016d489,86b47db165e6651f3485a3fb83adb754,pair_dissolved_by_refactoring,signature_changed,exact,0.97,1.0
35426580cb0e1acd32a162726016d489,8714dcb7df036e6f1e5af53fb1f97772,pair_dissolved_by_refactoring,signature_changed,exact,0.97,1.0
35426580cb0e1acd32a162726016d489,9f812f0731df6aa00b1f1bee73e1781e,pair_dissolved_by_refactoring,signature_changed,exact,0.97,1.0
35426580cb0e1acd32a162726016d489,c4efa54c2540d009d46c45beb7dde41b,pair_dissolved_by_refactoring,signature_changed,exact,0.97,1.0
35426580cb0e1acd32a162726016d489,ddc54515a5f77dd518a728052f57fdde,pair_dissolved_by_refactoring,signature_changed,exact,0.97,1.0
35426580cb0e1acd32a162726016d489,e371464255e166a8f49eb7ffcb555333,pair_dissolved_by_refactoring,signature_changed,exact,0.97,1.0
35426580cb0e1acd32a162726016d489,ed2c979efd0f88dac9e043140c8dcb96,pair_dissolved_by_refactoring,signature_changed,exact,0.97,1.0
35485b686403e7c3896a87dbca7461cc,9383ab44a4cf255ac84539f457d8dcbb,pair_dissolved_naturally,exact,exact,1.0,1.0
35b73fd3811076168098ef1eddc233eb,3ab6133bee2cb8a12c03bff8f22eb385,pair_dissolved_naturally,exact,exact,1.0,1.0
35b73fd3811076168098ef1eddc233eb,93eae7c30bf99ea0961848c4b342f6b3,pair_dissolved_naturally,exact,exact,1.0,1.0
35b73fd3811076168098ef1eddc233eb,aa2019976583b18fd0f32a389033c81b,pair_dissolved_naturally,exact,exact,1.0,1.0
35b73fd3811076168098ef1eddc233eb,c30700dcf1e4ef69f8300d6d0dd4580c,pair_dissolved_naturally,exact,exact,1.0,1.0
35c6179a3508c5d4ffc0239a63f67c14,7cc33757460952c4f188ee84b4f400e9,pair_dissolved_naturally,exact,exact,1.0,1.0
35c96f2bc10f2b074d038a923ac53180,45f7bd2a171c45490f971913cd047661,pair_dissolved_naturally,exact,exact,1.0,1.0
35c96f2bc10f2b074d038a923ac53180,d2c0947b90819eb39fbf3e2968d1e99e,pair_dissolved_naturally,exact,unknown,1.0,
35e1ed01c9a6484c211348bc314cfc8a,b004e2536097aa8f2d5df6346a312671,pair_dissolved_naturally,exact,exact,1.0,1.0
35ffa8ab4dceb4c59d0f2b446413df0c,5254dbe2c09742834d7d6520981815b8,pair_dissolved_naturally,exact,exact,1.0,1.0
361fa59fd7061492637164a46edf57f7,8587e726319121acddd6c94785af57df,pair_dissolved_naturally,exact,exact,1.0,1.0
364f97549d54c18634bb7d9b719ae0ab,f1f042276901f16d4208d30cda69feb7,pair_dissolved_naturally,exact,exact,1.0,1.0
365f71021ac62e600ff0cb0490bd683d,b101a970c8b637e08c9f62ab26a36826,pair_dissolved_naturally,exact,exact,1.0,1.0
3668ea30213dff4548266f7d9624976a,97c4cad7b79dff95c637807b66fa5def,pair_dissolved_by_refactoring,exact,signature_changed,1.0,0.98
366ceb715cf563ead293cabdb7c8d28f,374cbc1a44e4f735c49a6da43f923f37,pair_dissolved_naturally,exact,exact,1.0,1.0
366ceb715cf563ead293cabdb7c8d28f,4dcc95757531865a212b2a89e5c4e63a,pair_dissolved_naturally,exact,exact,1.0,1.0
366ceb715cf563ead293cabdb7c8d28f,5193b66cd44b68ff573f221273abda35,pair_dissolved_naturally,exact,exact,1.0,1.0
366ceb715cf563ead293cabdb7c8d28f,611709544ee25f4802028abf1d6ae903,pair_dissolved_naturally,exact,exact,1.0,1.0
366ceb715cf563ead293cabdb7c8d28f,afd7a6f7e472a06d53797178481495d8,pair_dissolved_naturally,exact,exact,1.0,1.0
366ceb715cf563ead293cabdb7c8d28f,d94ed59415fb7f6d27aec0f08fc64a00,pair_dissolved_naturally,exact,exact,1.0,1.0
367427e25811a64b02acfff91aea423c,49faa5420c18389d12c29daa7d200b29,pair_dissolved_naturally,exact,exact,1.0,1.0
36985f1f6386bcb015bce51f03db1d59,519a9a465c7da19668b11e2a11171fd6,pair_dissolved_by_refactoring,signature_changed,exact,0.95,1.0
369e815df19869a39aaaa6100779eca0,9472ea8ee7021943543c0fdc91cc4e27,pair_dissolved_naturally,exact,exact,1.0,1.0
36db6b6d31039fbf80f91423d4182dbb,7b026994b36fbcfb3a95d895d5d4abe6,pair_dissolved_naturally,exact,exact,1.0,1.0
36db6b6d31039fbf80f91423d4182dbb,bae532b1ebbdd2e537af9713ed4a7966,pair_dissolved_naturally,exact,exact,1.0,1.0
36db6b6d31039fbf80f91423d4182dbb,ddc54515a5f77dd518a728052f57fdde,pair_dissolved_naturally,exact,exact,1.0,1.0
36e8f70c424bda41383561b26c3e3b82,7542676a90b7a06fe0023b5202b1b180,pair_dissolved_naturally,exact,exact,1.0,1.0
36f6d15b3aa2c08688a409684715117b,7b026994b36fbcfb3a95d895d5d4abe6,pair_dissolved_naturally,exact,exact,1.0,1.0
36f6d15b3aa2c08688a409684715117b,bae532b1ebbdd2e537af9713ed4a7966,pair_dissolved_naturally,exact,exact,1.0,1.0
371f5843e94d541adc18e99bd998a9db,5e221de55ee7ffa9959e1382d6e90c86,pair_dissolved_by_refactoring,signature_changed,signature_changed,0.78,0.98
371f5843e94d541adc18e99bd998a9db,70b6eb443ca7871a5c6b4057f04f4555,pair_dissolved_by_refactoring,signature_changed,signature_changed,0.78,0.98
371f5843e94d541adc18e99bd998a9db,cc24e64e73cb43cbcdf6eadc0eef77da,pair_dissolved_by_refactoring,signature_changed,signature_changed,0.78,0.98
375677b05ba5ede85117f4b57f74ae13,7a2926bffcff0118c669d30a211ec786,pair_dissolved_naturally,exact,exact,1.0,1.0
375860f08723e4c99ffaf7f4f351234d,c98479fd9221106c5d5a36c2931d05f8,pair_dissolved_naturally,exact,exact,1.0,1.0
37668a9bfc959a3d723fe17c9ca373ed,cf78e7be57109702fc33adebe85381e8,pair_dissolved_naturally,exact,exact,1.0,1.0
37675327928fec3ce07f6a3de2c5dd2a,4360025f66a2a640c253f877c4b4ae43,pair_dissolved_naturally,exact,exact,1.0,1.0
37675327928fec3ce07f6a3de2c5dd2a,5b28ea2372dc95ce7902cd44a4074c19,pair_dissolved_naturally,exact,exact,1.0,1.0
37675327928fec3ce07f6a3de2c5dd2a,86b47db165e6651f3485a3fb83adb754,pair_dissolved_naturally,exact,exact,1.0,1.0
37675327928fec3ce07f6a3de2c5dd2a,b1509bb2712b5bed159a488ad762d6c5,pair_dissolved_naturally,exact,exact,1.0,1.0
37675327928fec3ce07f6a3de2c5dd2a,c4efa54c2540d009d46c45beb7dde41b,pair_dissolved_naturally,exact,exact,1.0,1.0
3771aab170de28cce53a86f25f85803d,4b987f9c21f9c46ea58f7797e76e7830,pair_dissolved_naturally,exact,exact,1.0,1.0
377721fa0f813b631a4a6c0280774661,a3129d86b7f3b86f4d821c65817bd825,pair_dissolved_naturally,exact,unknown,1.0,
3790a504bdea513326c4f7b5f3340293,7d7273eaa877230c0361a46942159f0c,pair_dissolved_naturally,exact,exact,1.0,1.0
379626e11cb00693c3865c6e4d3da1f2,481c0fa942083b53bb53b8e925b64492,pair_dissolved_naturally,exact,exact,1.0,1.0
37e918582f89b883262bd035b9568952,e0b43bd09a0ae220c8fbde90d87bafa3,pair_dissolved_naturally,unknown,unknown,,
37ef57770a52bfbd9d5f70d5fcb6b295,37ef57770a52bfbd9d5f70d5fcb6b295,pair_dissolved_naturally,exact,exact,1.0,1.0
37ef57770a52bfbd9d5f70d5fcb6b295,67a1584edb8c8482ea05b358591a6014,method_b_deleted,exact,deleted,1.0,
380d46a0cd8f44eff79d3dbfa65ff70e,830f1746b57e02bb8363794a63b890f0,pair_dissolved_naturally,exact,exact,1.0,1.0
380d46a0cd8f44eff79d3dbfa65ff70e,9b16c5c6428f72a7d94c7b122f872a69,pair_dissolved_naturally,exact,exact,1.0,1.0
3814b8e63e9f8fc8663bd98a0250a9d3,61bf21240888d7fa6c67c5411898f8ea,pair_dissolved_naturally,exact,exact,1.0,1.0
3831ffcec80cad4acb88053373b907db,b01c5a37f8758825944fff2709c84e81,pair_dissolved_by_refactoring,exact,signature_changed,1.0,1.0
3872c1d389a8a6ba88f363f5566908f8,a5a5700b235e094c581422c9b2a50db0,method_b_deleted,moved,deleted,0.93,
3872c1d389a8a6ba88f363f5566908f8,ba3f5e6862c5bd75e4ce751bfd4c8927,pair_dissolved_by_refactoring,moved,moved,0.93,0.93
3884d27bad1c46200bf76f4bdabc5609,67bd8d48215ae6f014482815ab59bf9f,pair_dissolved_naturally,exact,exact,1.0,1.0
3894af09eac452660e8b8c233f70b2e1,e02c69396df0f4b61836290caee4be05,pair_dissolved_naturally,exact,exact,1.0,1.0
38d57c28ae47a3f58ef49e78b80e8302,3b5ba815078aceb02c52ae0fcaa0f659,pair_dissolved_naturally,exact,exact,1.0,1.0
38d57c28ae47a3f58ef49e78b80e8302,692750a5d2c79155f816b47f30df4357,pair_dissolved_naturally,exact,exact,1.0,1.0
38d57c28ae47a3f58ef49e78b80e8302,7ebbacd3d142e759238d75fb464aff0d,pair_dissolved_naturally,exact,exact,1.0,1.0
38d57c28ae47a3f58ef49e78b80e8302,d5dc6d956f07ea7e4526920b52b236a1,pair_dissolved_naturally,exact,exact,1.0,1.0
38fe8335b0147c28dbfac0315c755ef0,3b3956eb653227fe0af1f5d6344d9181,pair_dissolved_naturally,exact,exact,1.0,1.0
39479c8b9768f78fb1524ff5e5bea3da,8fc0dcfdd14b37012ba741cafc8651b9,both_deleted,deleted,deleted,,
39479c8b9768f78fb1524ff5e5bea3da,a0e5fd21640926c5860ad201b420d030,method_a_deleted,deleted,exact,,1.0
395caf6ad4dd1030fe4d8a1669fde53f,9844ebeb7bc2f585b88b842ef38ff754,pair_dissolved_naturally,exact,exact,1.0,1.0
395caf6ad4dd1030fe4d8a1669fde53f,bb2bd9f40a2aa28a136bae09b03e17bb,pair_dissolved_naturally,exact,exact,1.0,1.0
39a1ceca400c161c9b4f1e2c73e44c3d,70ffa5c59506554d76d5d2308a32a532,pair_dissolved_by_refactoring,signature_changed,exact,0.98,1.0
39a1ceca400c161c9b4f1e2c73e44c3d,8e52c179965a8fea45061f10764c9784,pair_dissolved_by_refactoring,signature_changed,exact,0.98,1.0
39a1ceca400c161c9b4f1e2c73e44c3d,9fa9e618388b7ebf6e28511c6f79ba87,pair_dissolved_by_refactoring,signature_changed,exact,0.98,1.0
39a1ceca400c161c9b4f1e2c73e44c3d,a9f90d5fba5344811b4676a66e8982ea,pair_dissolved_by_refactoring,signature_changed,exact,0.98,1.0
39a1ceca400c161c9b4f1e2c73e44c3d,d80d8c87065c7ad46da8a9fd47888004,pair_dissolved_by_refactoring,signature_changed,exact,0.98,1.0
39a1ceca400c161c9b4f1e2c73e44c3d,e68cb6dce48a3b1ca0f5f165697e810c,pair_dissolved_by_refactoring,signature_changed,exact,0.98,1.0
39a1ceca400c161c9b4f1e2c73e44c3d,ea80d2aa647748466cfdd0cef654e5e5,pair_dissolved_by_refactoring,signature_changed,exact,0.98,1.0
39a2107bb21f2397246486cb8c74bbad,415df96675dbf801e4765d346a5145ce,pair_dissolved_by_refactoring,signature_changed,exact,0.9,1.0
39a2107bb21f2397246486cb8c74bbad,6c949c040560b755ab2fdeb0eca54d1c,pair_dissolved_by_refactoring,signature_changed,exact,0.9,1.0
39d179dee6d2b94a5392dd753b872b0e,7a2926bffcff0118c669d30a211ec786,pair_dissolved_naturally,exact,exact,1.0,1.0
39db232dff192185bb79da819bdd890d,92c892d5c311131ff69c9a961adc06b8,pair_dissolved_naturally,exact,exact,1.0,1.0
39de125d6ec7fa59748564738e71daf8,b096405376b84c6ad0968f0a3472e518,pair_dissolved_naturally,exact,exact,1.0,1.0
39e2a6159ec571cdc42d5aaddd0cc459,af327b9024eec410aa2fb0619cd4c801,pair_dissolved_naturally,exact,exact,1.0,1.0
39e2a6159ec571cdc42d5aaddd0cc459,f5b631fcce6691cb245b34b665764421,pair_dissolved_naturally,exact,exact,1.0,1.0
39ed57f906597ee545b0312d2e34db96,e754d29b2dbd6a74a7a696ec8298153d,pair_dissolved_naturally,exact,exact,1.0,1.0
3a2e49d1370c251398e2efa0be64fbc1,7b42d64333058ab48b158f7a409f8e8f,pair_dissolved_naturally,exact,exact,1.0,1.0
3a2e49d1370c251398e2efa0be64fbc1,9f5fe1273bc01f14512282eb58d01785,pair_dissolved_naturally,exact,exact,1.0,1.0
3a2e49d1370c251398e2efa0be64fbc1,fb169197e553ad013a785a774ca37953,pair_dissolved_naturally,exact,exact,1.0,1.0
3a691b75adf93cbc5e5f9fbe6dcc2a25,8d849ebbbd8792e4d968a22f4e9a095f,pair_dissolved_naturally,exact,exact,1.0,1.0
3a7b2e03cf8cc2290e2a9a6f256bd472,3faa4f0fc851a933e17c30f70d7e84e4,pair_dissolved_by_refactoring,exact,signature_changed,1.0,0.86
3a7b2e03cf8cc2290e2a9a6f256bd472,436110919854a211bd47f70e81756fd8,pair_dissolved_by_refactoring,exact,signature_changed,1.0,1.0
3a7b2e03cf8cc2290e2a9a6f256bd472,583acf26cbb4478629f73deb9447b225,pair_dissolved_naturally,exact,exact,1.0,1.0
3a7b2e03cf8cc2290e2a9a6f256bd472,b3f1c42a03f52ad5c62deb0a4c079122,pair_dissolved_naturally,exact,exact,1.0,1.0
3a7b2e03cf8cc2290e2a9a6f256bd472,c24949ee13a13f1ee0616ebada324456,pair_dissolved_naturally,exact,exact,1.0,1.0
3a7b2e03cf8cc2290e2a9a6f256bd472,d5dc6d956f07ea7e4526920b52b236a1,pair_dissolved_naturally,exact,exact,1.0,1.0
3a7b2e03cf8cc2290e2a9a6f256bd472,d8b09f1d40b55a4bc37d7f4dccfbea4b,method_b_deleted,exact,deleted,1.0,
3a7b2e03cf8cc2290e2a9a6f256bd472,e2dbb01c0f520efe2c8048b23358519b,pair_dissolved_naturally,exact,exact,1.0,1.0
3a8b17fc00d7ba6f529facc7e6fe6737,a1b2af88e5568f4115bc53806962b698,pair_dissolved_by_refactoring,exact,signature_changed,1.0,0.98
3a90f91e8c5cbc4af9b91702fc9c66b4,3ebf2701685f40aaf1d7b01f0a29375a,pair_dissolved_naturally,exact,exact,1.0,1.0
3a90f91e8c5cbc4af9b91702fc9c66b4,ad2dd7120ace2c7fe890949cb6a5411b,pair_dissolved_naturally,exact,exact,1.0,1.0
3a9170e0e25e58c3ab876670be0e1bbb,e0bc445137c4097325344a9fbf641b24,pair_dissolved_naturally,exact,exact,1.0,1.0
3a92e14b6d924863ca94ed810784e002,71a878b3781034052c6c3e2a9b326de5,pair_dissolved_by_refactoring,signature_changed,exact,0.91,1.0
3a92e14b6d924863ca94ed810784e002,eb8993fcd49e1716eaa7cc498fa47c5d,pair_dissolved_by_refactoring,signature_changed,exact,0.91,1.0
3ab009344bd277f1f672707eee776cdd,b01c5a37f8758825944fff2709c84e81,pair_dissolved_by_refactoring,exact,signature_changed,1.0,1.0
3ab6133bee2cb8a12c03bff8f22eb385,aa2019976583b18fd0f32a389033c81b,pair_dissolved_naturally,exact,exact,1.0,1.0
3ab6133bee2cb8a12c03bff8f22eb385,e08602b98e628f6c6ebc444387368782,pair_dissolved_naturally,exact,exact,1.0,1.0
3ae08ca5129fb5fe3ff9bd8c168d9d65,92601e2d3548a477033dec636d4cd843,pair_dissolved_naturally,exact,exact,1.0,1.0
3ae08ca5129fb5fe3ff9bd8c168d9d65,e0bc445137c4097325344a9fbf641b24,pair_dissolved_naturally,exact,exact,1.0,1.0
3aeaadd526f3ac26be28e502eb9a87b0,7d2b51b11f753e9b27491e43d60a68b0,pair_dissolved_naturally,unknown,unknown,,
3b018b573c49fbd16df560cec9c0ad44,5988f6d2af2bf1a86790ec7cf55d4082,pair_dissolved_naturally,exact,exact,1.0,1.0
3b100dbe4a5647c508a08ee82c0692fd,5b51fa1bec4c921dfe89fa7211764ed4,pair_dissolved_naturally,exact,exact,1.0,1.0
3b100dbe4a5647c508a08ee82c0692fd,f6a960723b0164359925e256ffc229f7,pair_dissolved_naturally,exact,exact,1.0,1.0
3b5ba815078aceb02c52ae0fcaa0f659,44b0129270854a64d64092fb787ca82a,pair_dissolved_naturally,exact,exact,1.0,1.0
3b5ba815078aceb02c52ae0fcaa0f659,58c734e41803e638218aeb9a322d3073,pair_dissolved_naturally,exact,exact,1.0,1.0
3b5ba815078aceb02c52ae0fcaa0f659,64381560125b6fea9663d5a40a49f8af,pair_dissolved_naturally,exact,exact,1.0,1.0
3b5ba815078aceb02c52ae0fcaa0f659,6663badef695a2c2f04d4df10a65a961,pair_dissolved_naturally,exact,exact,1.0,1.0
3b5ba815078aceb02c52ae0fcaa0f659,6baaf5fa654c77aa37e34dbed930dfed,pair_dissolved_naturally,exact,exact,1.0,1.0
3b5ba815078aceb02c52ae0fcaa0f659,785b80a38bbcf682106c52f06c336fd2,pair_dissolved_naturally,exact,exact,1.0,1.0
3b5ba815078aceb02c52ae0fcaa0f659,8587e726319121acddd6c94785af57df,pair_dissolved_naturally,exact,exact,1.0,1.0
3b5ba815078aceb02c52ae0fcaa0f659,d9d43c043ac6949a9cdf9ec6ef457602,pair_dissolved_by_refactoring,exact,signature_changed,1.0,1.0
3b5ba815078aceb02c52ae0fcaa0f659,e726492d30ba647aff35e0dc5c0942a6,pair_dissolved_naturally,exact,exact,1.0,1.0
3b5ba815078aceb02c52ae0fcaa0f659,e8138eabe191e0bd1c16129055010879,pair_dissolved_naturally,exact,exact,1.0,1.0
3ba545caa7cc9b7b639df77b308a2377,e23990a8d22e88a06f385578e1cc3b54,pair_dissolved_naturally,exact,exact,1.0,1.0
3badaf318df81a92b6f175db756838bc,53a9d52f3df637d7e56ffe2454022fe4,pair_dissolved_naturally,exact,exact,1.0,1.0
3badaf318df81a92b6f175db756838bc,e0bc445137c4097325344a9fbf641b24,pair_dissolved_naturally,exact,exact,1.0,1.0
3be7fb23d5f91f1f13024ccf913a5226,66cddc0d55518a2b2c4208e7b0b8643a,pair_dissolved_naturally,exact,exact,1.0,1.0
3c0fea8e613b6bc30a218c7a80c592d6,61a5c02ac0131600c3b02f5ff586a1b2,pair_dissolved_naturally,exact,exact,1.0,1.0
3c0fea8e613b6bc30a218c7a80c592d6,b44c0964b8599c4b999ca6bbdba68738,pair_dissolved_naturally,exact,exact,1.0,1.0
3c280737ef51ba3a1fa05859375546a4,9b657765e10b2962067da3151578a842,pair_dissolved_naturally,exact,exact,1.0,1.0
3c2c964949166f2798a752b41d40bcdd,9c86305cd4d80e19968b259a7603c698,pair_dissolved_naturally,exact,exact,1.0,1.0
3c336106a6966fb4ca2a2d6539c8f4ca,b21631cc941961eba16cfac2068d8aa7,pair_dissolved_naturally,exact,exact,1.0,1.0
3c614ae745f226da0fcb3c14e1183ab3,f552e381ff3cfbf0528e1ceeaef12434,pair_dissolved_naturally,exact,exact,1.0,1.0
3c91d5877772e12879674d3d2dff8d12,88c03cc77d6d28589f0f18efbe09426c,pair_dissolved_by_refactoring,exact,signature_changed,1.0,0.98
3cb3376d177ec53497479f2dd62d5967,40f86328fdf8b421e956fb75deb2c17b,pair_dissolved_by_refactoring,refactored,refactored,0.76,0.86
3cb3376d177ec53497479f2dd62d5967,8c471c95bf9426c5136706a91f75f0d1,pair_dissolved_by_refactoring,refactored,refactored,0.76,0.8
3cb3376d177ec53497479f2dd62d5967,bb63741ed07c0f3d720c8eff7b312166,pair_dissolved_by_refactoring,refactored,refactored,0.76,0.7
3cb3376d177ec53497479f2dd62d5967,f6133ac6df1be76bd0db46422cd9ba7c,pair_dissolved_by_refactoring,refactored,exact,0.76,1.0
3cb37f16b753f89101b773c1c6b8f3f0,8045700bcc349f90c6fe6e9b8fe60e85,pair_dissolved_naturally,exact,exact,1.0,1.0
3d244b43721f8125f12540fa766d7903,e6018f18bfa692f111c3670beffc8ad0,pair_dissolved_naturally,exact,exact,1.0,1.0
3d81ff5a18dedb8db592f5e7394cd52d,43541ba724b9cdb9cdad30cd3636e0ba,pair_dissolved_naturally,exact,exact,1.0,1.0
3d81ff5a18dedb8db592f5e7394cd52d,cf78e7be57109702fc33adebe85381e8,pair_dissolved_naturally,exact,exact,1.0,1.0
3d81ff5a18dedb8db592f5e7394cd52d,f86dc1c6b6a8fbb3817c03fa22d2bb4a,pair_dissolved_naturally,exact,exact,1.0,1.0
3d856020a9e09be6e8ccc22ea144a7ee,69521fc4026c2a036cd96e780a7d1f28,pair_dissolved_naturally,exact,exact,1.0,1.0
3d944e6a6d4f26aa59ed88026de24d5d,e0bc445137c4097325344a9fbf641b24,pair_dissolved_naturally,exact,exact,1.0,1.0
3db9e14095afeb210a6749ea43c25054,b10c29e5cae6045d60826d725d8158d7,pair_dissolved_naturally,exact,exact,1.0,1.0
3dc534cfaef5354b97f8bf69ecce3b40,5ff26feafeac8d497582b4ab254ec76a,pair_dissolved_naturally,exact,exact,1.0,1.0
3ddd176a848585fab8b0c901132846d0,cfbdd38aee26fbe818b08fd68236358d,pair_dissolved_naturally,unknown,exact,,1.0
3df8d7a65118007cf73bd1bd750065e6,e6c5c2372d10297300315dfaa9a59c6f,pair_dissolved_naturally,exact,exact,1.0,1.0
3e03ee681073d53f8e429b4e5c165ef9,bb06c2d514fdc26f8e2d79667383ce3e,pair_dissolved_naturally,exact,exact,1.0,1.0
3e9445c8f0ddbd061fc51b808bd4f89c,428a0747a3660bb4e4914955f8077ccc,pair_dissolved_naturally,exact,exact,1.0,1.0
3ea0bb96a8edca38d1296a71a611bc72,53fee5a0bb88078cfdce4ec8be98ba48,pair_dissolved_by_refactoring,exact,moved,1.0,0.95
3eca5d6af231d5ab841506d9bbbfacc9,45171cd1b01c845e546eb23976836eaa,pair_dissolved_naturally,exact,exact,1.0,1.0
3eca5d6af231d5ab841506d9bbbfacc9,5fc336859d98ddb76f8c7845a862c430,pair_dissolved_naturally,exact,exact,1.0,1.0
3eca5d6af231d5ab841506d9bbbfacc9,b516c09191755aa36ce00291be671ada,pair_dissolved_naturally,exact,exact,1.0,1.0
3eca5d6af231d5ab841506d9bbbfacc9,d875a8df53ce9a330688a52c2151d756,pair_dissolved_naturally,exact,exact,1.0,1.0
3ee240f97a558d1107a5932a0c9806cf,44b0129270854a64d64092fb787ca82a,pair_dissolved_naturally,exact,exact,1.0,1.0
3ee240f97a558d1107a5932a0c9806cf,5d757dbbb07bb17874bcb63ca28c0444,pair_dissolved_naturally,exact,exact,1.0,1.0
3ee240f97a558d1107a5932a0c9806cf,64381560125b6fea9663d5a40a49f8af,pair_dissolved_naturally,exact,exact,1.0,1.0
3ee240f97a558d1107a5932a0c9806cf,6663badef695a2c2f04d4df10a65a961,pair_dissolved_naturally,exact,exact,1.0,1.0
3ee240f97a558d1107a5932a0c9806cf,692750a5d2c79155f816b47f30df4357,pair_dissolved_naturally,exact,exact,1.0,1.0
3ee240f97a558d1107a5932a0c9806cf,6b2204839735cb7bf1081d46e8739da7,pair_dissolved_naturally,exact,exact,1.0,1.0
3ee240f97a558d1107a5932a0c9806cf,785b80a38bbcf682106c52f06c336fd2,pair_dissolved_naturally,exact,exact,1.0,1.0
3ee240f97a558d1107a5932a0c9806cf,8587e726319121acddd6c94785af57df,pair_dissolved_naturally,exact,exact,1.0,1.0
3ee240f97a558d1107a5932a0c9806cf,cc8c9c5b9895bcdb6692ef0af59a238a,pair_dissolved_naturally,exact,exact,1.0,1.0
3ee240f97a558d1107a5932a0c9806cf,d5dc6d956f07ea7e4526920b52b236a1,pair_dissolved_naturally,exact,exact,1.0,1.0
3ee240f97a558d1107a5932a0c9806cf,e678bbb0e6cef3236c516a72c7581441,pair_dissolved_naturally,exact,exact,1.0,1.0
3ee240f97a558d1107a5932a0c9806cf,e726492d30ba647aff35e0dc5c0942a6,pair_dissolved_naturally,exact,exact,1.0,1.0
3f4b7639b8ce1a20857807aa22764a85,bbbaba0bb770a7dd1ca2e3bba17ffd88,pair_dissolved_naturally,exact,exact,1.0,1.0
3f5f8820b723c6da2649c8eeeb55fa55,8192b3f61b771018040e114450166065,pair_dissolved_by_refactoring,signature_changed,signature_changed,0.92,0.92
3f6628f37546a773fdd0287f4ba96d7a,5ca0d118253e8acff8c018df6dafcb13,pair_dissolved_naturally,exact,exact,1.0,1.0
3f6628f37546a773fdd0287f4ba96d7a,66f4aeac30ae7b546d8c32a153c21007,pair_dissolved_naturally,exact,exact,1.0,1.0
3f6628f37546a773fdd0287f4ba96d7a,ab3a0dac3bc5687a93273e359b6513de,pair_dissolved_naturally,exact,exact,1.0,1.0
3f79a02817ce74d083ca50f799cec11a,5d7f2c264242bb8a04a5341043236e9b,pair_dissolved_naturally,exact,exact,1.0,1.0
3f79a02817ce74d083ca50f799cec11a,971666a1d7f8097e126143577795753d,pair_dissolved_naturally,exact,exact,1.0,1.0
3f79a02817ce74d083ca50f799cec11a,bf4c577a1ee28db4c59f0e3d6ad7354a,pair_dissolved_naturally,exact,exact,1.0,1.0
3f79a02817ce74d083ca50f799cec11a,fcb2afdf98d419d41f1b0ac7a448a621,pair_dissolved_naturally,exact,exact,1.0,1.0
3faa4f0fc851a933e17c30f70d7e84e4,81705270f23b0b85df446b748accfc86,pair_dissolved_by_refactoring,signature_changed,exact,0.86,1.0
3faa4f0fc851a933e17c30f70d7e84e4,9f812f0731df6aa00b1f1bee73e1781e,pair_dissolved_by_refactoring,signature_changed,exact,0.86,1.0
3faa4f0fc851a933e17c30f70d7e84e4,d042090319ac421c80a019d6e3847b7d,pair_dissolved_by_refactoring,signature_changed,exact,0.86,1.0
3faa4f0fc851a933e17c30f70d7e84e4,ebfc2ef447d515ec3e00aa5d67e4fc34,pair_dissolved_by_refactoring,signature_changed,exact,0.86,1.0
3fcb56cacd32ddaeb1009f2a7b072b54,7cfeef1bbfa11144271059b23ddc3420,pair_dissolved_by_refactoring,exact,signature_changed,1.0,0.78
3fcb56cacd32ddaeb1009f2a7b072b54,e0c326c22d1fe5101e78d4d42d2ba92d,pair_dissolved_by_refactoring,exact,signature_changed,1.0,0.79
3fd19b6f9d1dbf040447eb3879c68616,81705270f23b0b85df446b748accfc86,pair_dissolved_naturally,exact,exact,1.0,1.0
4020ca7580f21ff5d512d6942ffbefff,db52ff020f7bc2c0a0ab83d923640875,pair_dissolved_naturally,exact,exact,1.0,1.0
404f39122892b5615279b41f05ccf605,414928a26e5f8fba3644ff326dd839c9,pair_dissolved_naturally,unknown,exact,,1.0
404f39122892b5615279b41f05ccf605,548d8cdcc496b84f6509f6e0fae9f8c5,pair_dissolved_naturally,unknown,unknown,,
406bca09072260b35bb0d46aafbe6ce3,8587e726319121acddd6c94785af57df,pair_dissolved_naturally,exact,exact,1.0,1.0
40886da80576a4f6a15f81455e795e3d,4798ec0f64fd7957c6c40082345eabbd,pair_dissolved_by_refactoring,signature_changed,exact,1.0,1.0
40886da80576a4f6a15f81455e795e3d,fe56e48d1143f9afe2334ba5c10ec147,pair_dissolved_by_refactoring,signature_changed,exact,1.0,1.0
4088fcaae52f5dfa033884282863ed87,60763d7a697378a18c4f4d6f7bc22135,pair_dissolved_naturally,exact,exact,1.0,1.0
4088fcaae52f5dfa033884282863ed87,d1478fac271e465d959cceab8695722c,pair_dissolved_naturally,exact,exact,1.0,1.0
4088fcaae52f5dfa033884282863ed87,dcb7727aa1792a84abc8b7efc124a0d0,pair_dissolved_naturally,exact,exact,1.0,1.0
4088fcaae52f5dfa033884282863ed87,f0c47a51445908e133447f491ae07f09,pair_dissolved_naturally,exact,exact,1.0,1.0
408b7c4242512bc45ea8a30fd7a23eda,73a87f3302bc99e96f76d5bc7bbb4fcd,pair_dissolved_by_refactoring,signature_changed,signature_changed,0.98,0.98
408b7c4242512bc45ea8a30fd7a23eda,afef6b539e262f254bfe5667c8b175c0,pair_dissolved_by_refactoring,signature_changed,signature_changed,0.98,0.98
40a1894f8a17989511856c783b6a7a8c,98ba42446dfedc32182d4fbe927788e0,pair_dissolved_naturally,exact,exact,1.0,1.0
40a5d00cf911401bcfba15ef41c56b53,b2ec5a89d3044a8b1c3cac6c6704cef5,pair_dissolved_naturally,exact,exact,1.0,1.0
40b684a801702094f82f429dc03e1745,75bf62737a3f7063bbad4a6029b371d5,pair_dissolved_naturally,exact,exact,1.0,1.0
40b684a801702094f82f429dc03e1745,81b8837b5e6f52694493748d73867a3b,pair_dissolved_naturally,exact,exact,1.0,1.0
40bfcd64ab2f95488f1587a1a4f276c8,5d757dbbb07bb17874bcb63ca28c0444,pair_dissolved_naturally,exact,exact,1.0,1.0
40bfcd64ab2f95488f1587a1a4f276c8,d5dc6d956f07ea7e4526920b52b236a1,pair_dissolved_naturally,exact,exact,1.0,1.0
40c6b9962f33cb66f7861e6af6d64c86,dc405154486a159b16830929965d9352,pair_dissolved_naturally,exact,exact,1.0,1.0
40c6b9962f33cb66f7861e6af6d64c86,f16fff6e730a56733cd8c5d8dc5985f6,pair_dissolved_naturally,exact,exact,1.0,1.0
40db9520408ad24d152b26efb1921dda,a8ee5876b18dad4e38c684b070ea0465,pair_dissolved_naturally,exact,exact,1.0,1.0
40f86328fdf8b421e956fb75deb2c17b,8c471c95bf9426c5136706a91f75f0d1,pair_dissolved_by_refactoring,refactored,refactored,0.86,0.8
40f86328fdf8b421e956fb75deb2c17b,a9439c4c630288eadbe014cf675974e0,method_b_deleted,refactored,deleted,0.86,
40f86328fdf8b421e956fb75deb2c17b,bb63741ed07c0f3d720c8eff7b312166,pair_dissolved_by_refactoring,refactored,refactored,0.86,0.7
40f86328fdf8b421e956fb75deb2c17b,f6133ac6df1be76bd0db46422cd9ba7c,pair_dissolved_by_refactoring,refactored,exact,0.86,1.0
40f86328fdf8b421e956fb75deb2c17b,fde6e238ff24a35eaef1aed702698a9e,method_b_deleted,refactored,deleted,0.86,
4111654ff2cc9fb09f1b246eeb2d34f2,e42249c42bf884241f13e64bea87f767,pair_dissolved_naturally,exact,exact,1.0,1.0
414928a26e5f8fba3644ff326dd839c9,548d8cdcc496b84f6509f6e0fae9f8c5,pair_dissolved_naturally,exact,unknown,1.0,
415054fd12739d099d4b311226ff8e7f,f5894381f116fe9b7cb0199d4580eea6,pair_dissolved_naturally,exact,exact,1.0,1.0
41733e8390953cb064e5e79a54c8089e,7a20290e452d9e748e693b2cebd637b0,pair_dissolved_naturally,exact,exact,1.0,1.0
4186723c571d9cb4ecb0531fb9f392a6,88ac2a5dc9624e2a1ff13fa6a124d9f7,pair_dissolved_by_refactoring,exact,signature_changed,1.0,1.0
4186723c571d9cb4ecb0531fb9f392a6,ca03be750993312a74fa826e6baeedf4,pair_dissolved_naturally,exact,exact,1.0,1.0
418f52dfd3d04a777f5c1e4fa2660af1,a7a429cd3dc25ddbcb5b8b5e1163c87c,pair_dissolved_naturally,exact,exact,1.0,1.0
41c51fcc957b113a519688515962681e,c2acde01d022961e88be6552d82e6597,pair_dissolved_naturally,exact,exact,1.0,1.0
41c551a00c5f9bb5c0c2ab86444a9870,888b23cf8987571451884b52723ee50c,pair_dissolved_naturally,exact,exact,1.0,1.0
41ca292d6be345c122f20b9289fa937d,d539eaf4f308d62c52a7c3e1e4f3a785,pair_dissolved_naturally,unknown,unknown,,
42069caf4e2555493c64497982ee2f7a,52b097286a02d26e7b2423fab074352b,both_deleted,deleted,deleted,,
4214f2e7a6a7609c2eb5ca7246cc7f57,42e869da43a96c9839cc82bb63ad047a,pair_dissolved_naturally,exact,exact,1.0,1.0
4251ae1c4de60f0648e6b3b93dbd4f0e,a53ec9ef4d517af8276b64df0601fa06,pair_dissolved_naturally,exact,exact,1.0,1.0
426b84f264fefb4b990e4709637ef8e9,b7382a062c0fa544310176f71166353e,pair_dissolved_naturally,exact,exact,1.0,1.0
426b84f264fefb4b990e4709637ef8e9,e879aa61a1256aa66a5e6d3bb47f8fc5,pair_dissolved_naturally,exact,exact,1.0,1.0
428a0747a3660bb4e4914955f8077ccc,79a2f5291d2df8ce5eaacecbf5583bb4,pair_dissolved_naturally,exact,exact,1.0,1.0
428a0747a3660bb4e4914955f8077ccc,992ee9db73f2407d991aecf3d5aa4680,pair_dissolved_naturally,exact,exact,1.0,1.0
428a0747a3660bb4e4914955f8077ccc,99e9393fcc88b1cc4a9e4bc40bfd1d63,pair_dissolved_naturally,exact,exact,1.0,1.0
42b57b47cc0aadd124cbbfc9350e9da4,527421720bf79f4b2cef698e17f328e2,pair_dissolved_naturally,exact,exact,1.0,1.0
42c2ce68ed634f476ca8b7fb256a27fe,49faa5420c18389d12c29daa7d200b29,pair_dissolved_naturally,exact,exact,1.0,1.0
42cab4b0f92a094ade8d57f291b10325,c5a0c4a282b45973632984e3328776a9,pair_dissolved_naturally,exact,exact,1.0,1.0
42cab4b0f92a094ade8d57f291b10325,e3df2fc4060737ac4aa109ce1bfa55b8,pair_dissolved_naturally,exact,exact,1.0,1.0
42d4524d0c8c08c36af68c0173d35926,62a0b8da26e2853cd51601444f0e4637,pair_dissolved_by_refactoring,signature_changed,exact,1.0,1.0
42d4524d0c8c08c36af68c0173d35926,805d86524a2dbe031036544149052d7d,pair_dissolved_by_refactoring,signature_changed,signature_changed,1.0,1.0
42d4524d0c8c08c36af68c0173d35926,8193e12e2397eeba22cbafb310ad7f5c,pair_dissolved_by_refactoring,signature_changed,exact,1.0,1.0
42d4524d0c8c08c36af68c0173d35926,f6cad743d729ae667b10410321b5404a,pair_dissolved_by_refactoring,signature_changed,signature_changed,1.0,1.0
42f10c311f3bfa7bab2540c160ce461f,607ae40c118bf4d88aa5bbe54df89c75,pair_dissolved_naturally,exact,exact,1.0,1.0
42f10c311f3bfa7bab2540c160ce461f,703bf78cc392d99d673faece3891baaf,pair_dissolved_naturally,exact,exact,1.0,1.0
42f10c311f3bfa7bab2540c160ce461f,865a4f310016eaffcd1a3a7117b43d53,pair_dissolved_naturally,exact,exact,1.0,1.0
42f10c311f3bfa7bab2540c160ce461f,e6278584e5de30122bd351c4d4f627a4,pair_dissolved_naturally,exact,exact,1.0,1.0
42f10c311f3bfa7bab2540c160ce461f,f7fbef3dfd44716dc58b8ebd008477ac,pair_dissolved_naturally,exact,exact,1.0,1.0
42f56922156c4dc7fce2b79e602f060b,f0c63c7dcbb6ed9c15ca3c7e27464bdf,pair_dissolved_naturally,exact,exact,1.0,1.0
4301b45fcba9fff854958dd879bfa2e2,752a2f6a8e94747d6b9c54e399391dd8,pair_dissolved_naturally,exact,exact,1.0,1.0
4301b45fcba9fff854958dd879bfa2e2,91750d7f36cbb7326301f9a7b7ea4e49,pair_dissolved_naturally,exact,exact,1.0,1.0
430ea8fcd6c1033587cc43f6e67f81af,ca8c2246881cac98ef5c9c73afe83457,pair_dissolved_by_refactoring,signature_changed,signature_changed,0.91,1.0
43246e28da3a067f288dd90aa5b40c85,53fee5a0bb88078cfdce4ec8be98ba48,pair_dissolved_by_refactoring,exact,moved,1.0,0.95
432ca6511be4cd0bb7d9fe121a2ac302,89e2207968904bf4a1d1e6037623ed10,pair_dissolved_naturally,exact,exact,1.0,1.0
4331d245debe31bba48f890242923687,b3be53cc868ab0bbe4ae937ef9720cce,pair_dissolved_naturally,exact,exact,1.0,1.0
434016bc17fb3839d63a0a6202ce4640,481c0fa942083b53bb53b8e925b64492,pair_dissolved_naturally,unknown,exact,,1.0
434016bc17fb3839d63a0a6202ce4640,7d5b7e83376084749273df810a02b1ed,pair_dissolved_naturally,unknown,exact,,1.0
4360025f66a2a640c253f877c4b4ae43,c4efa54c2540d009d46c45beb7dde41b,pair_dissolved_naturally,exact,exact,1.0,1.0
43a259bb7846dd5648bb95db31daee05,9af5b7ee8478526e498ac4342491ed23,pair_dissolved_naturally,exact,exact,1.0,1.0
43b52b10eca2f7795a09a82840342c5d,548d8cdcc496b84f6509f6e0fae9f8c5,pair_dissolved_naturally,exact,unknown,1.0,
43b52b10eca2f7795a09a82840342c5d,d11ba7a9b8680f476f52655fb53b176c,pair_dissolved_naturally,exact,exact,1.0,1.0
43b52b10eca2f7795a09a82840342c5d,fe18d31ee780d7a9ae1b5ff6517091cd,pair_dissolved_naturally,exact,exact,1.0,1.0
43cb4a082e543afda3c8240aa2ff0a19,81222283f935bf2261985705d5ae03f8,pair_dissolved_naturally,exact,exact,1.0,1.0
43cb4a082e543afda3c8240aa2ff0a19,92f279e5694d605efc356e4915048988,pair_dissolved_naturally,exact,exact,1.0,1.0
43dec2a44a3350cd0542abc177fd8055,d2c0947b90819eb39fbf3e2968d1e99e,pair_dissolved_naturally,unknown,unknown,,
43ea2147dbf7ba96fd87d1be39e1afe4,44b0129270854a64d64092fb787ca82a,pair_dissolved_naturally,exact,exact,1.0,1.0
43ea2147dbf7ba96fd87d1be39e1afe4,4f1ad4b7b9570c590c7f8452741dd57a,pair_dissolved_naturally,exact,exact,1.0,1.0
43ea2147dbf7ba96fd87d1be39e1afe4,64381560125b6fea9663d5a40a49f8af,pair_dissolved_naturally,exact,exact,1.0,1.0
43ea2147dbf7ba96fd87d1be39e1afe4,6663badef695a2c2f04d4df10a65a961,pair_dissolved_naturally,exact,exact,1.0,1.0
43ea2147dbf7ba96fd87d1be39e1afe4,6801f573b4a1138726f72bf1f5d45dc5,pair_dissolved_naturally,exact,exact,1.0,1.0
43ea2147dbf7ba96fd87d1be39e1afe4,785b80a38bbcf682106c52f06c336fd2,pair_dissolved_naturally,exact,exact,1.0,1.0
43ea2147dbf7ba96fd87d1be39e1afe4,8587e726319121acddd6c94785af57df,pair_dissolved_naturally,exact,exact,1.0,1.0
43ea2147dbf7ba96fd87d1be39e1afe4,cfe87a3bd5655127bc8b23b2bd12afee,pair_dissolved_naturally,exact,exact,1.0,1.0
43ea2147dbf7ba96fd87d1be39e1afe4,e726492d30ba647aff35e0dc5c0942a6,pair_dissolved_naturally,exact,exact,1.0,1.0
43f89b17c66806dd7b06421c3dbe6ab6,fae53f80e315c2cf330794d1f04b00e6,both_deleted,deleted,deleted,,
44653c4d3ca0cccb8cf2d7e8c48157d7,50744d616243e157f5ecb83e3887e819,pair_dissolved_naturally,exact,exact,1.0,1.0
44653c4d3ca0cccb8cf2d7e8c48157d7,fc24fdca326c0beee562f6904aeac56d,pair_dissolved_naturally,exact,exact,1.0,1.0
44895606a6eade53684f532636031977,59f535f387e53a4d78e937027040cf8b,pair_dissolved_naturally,exact,exact,1.0,1.0
449c36e4d3d8833293e082e1700939a2,8a29d7ac2bfc733e795b8ddee7caf073,pair_dissolved_by_refactoring,exact,signature_changed,1.0,0.99
44ab8157f639534d8e7a4291a155af03,4705dba082f62446c8bf05f797def82f,pair_dissolved_naturally,exact,exact,1.0,1.0
44ab8157f639534d8e7a4291a155af03,78ba978b28538788f99cbe041d6bb3d7,pair_dissolved_naturally,exact,exact,1.0,1.0
44b0129270854a64d64092fb787ca82a,4f1ad4b7b9570c590c7f8452741dd57a,pair_dissolved_naturally,exact,exact,1.0,1.0
44b0129270854a64d64092fb787ca82a,4f7054768161087145dbb5af1421e5a0,pair_dissolved_naturally,exact,exact,1.0,1.0
44b0129270854a64d64092fb787ca82a,5b51fa1bec4c921dfe89fa7211764ed4,pair_dissolved_naturally,exact,exact,1.0,1.0
44b0129270854a64d64092fb787ca82a,5d757dbbb07bb17874bcb63ca28c0444,pair_dissolved_naturally,exact,exact,1.0,1.0
44b0129270854a64d64092fb787ca82a,616ea3bf4d86a967e25c9b654e4f8027,pair_dissolved_naturally,exact,exact,1.0,1.0
44b0129270854a64d64092fb787ca82a,6480988484bbf170b75670154c055c39,pair_dissolved_naturally,exact,exact,1.0,1.0
44b0129270854a64d64092fb787ca82a,692750a5d2c79155f816b47f30df4357,pair_dissolved_naturally,exact,exact,1.0,1.0
44b0129270854a64d64092fb787ca82a,6baaf5fa654c77aa37e34dbed930dfed,pair_dissolved_naturally,exact,exact,1.0,1.0
44b0129270854a64d64092fb787ca82a,6d5b7f15bc781c4679d29ddbcd955b7f,pair_dissolved_naturally,exact,exact,1.0,1.0
44b0129270854a64d64092fb787ca82a,6f528d4cb02d8d85dbe2e93237c4b12d,pair_dissolved_naturally,exact,exact,1.0,1.0
44b0129270854a64d64092fb787ca82a,787f5892c95c70ed079fb6f384be575f,pair_dissolved_naturally,exact,exact,1.0,1.0
44b0129270854a64d64092fb787ca82a,79c577e961f1b9ec26e7b435089d9425,pair_dissolved_naturally,exact,exact,1.0,1.0
44b0129270854a64d64092fb787ca82a,7ebbacd3d142e759238d75fb464aff0d,pair_dissolved_naturally,exact,exact,1.0,1.0
44b0129270854a64d64092fb787ca82a,8587e726319121acddd6c94785af57df,pair_dissolved_naturally,exact,exact,1.0,1.0
44b0129270854a64d64092fb787ca82a,95f172d855d381562934806ab3d9af30,pair_dissolved_naturally,exact,exact,1.0,1.0
44b0129270854a64d64092fb787ca82a,97320c321e30251af91919e3eff5a917,pair_dissolved_naturally,exact,exact,1.0,1.0
44b0129270854a64d64092fb787ca82a,98b5fb1da4c71899d2f784068ea91bc3,pair_dissolved_naturally,exact,exact,1.0,1.0
44b0129270854a64d64092fb787ca82a,9c34580629a998613a26b656184974b5,pair_dissolved_naturally,exact,exact,1.0,1.0
44b0129270854a64d64092fb787ca82a,a08a069cfa5175970a0f09246345c02c,pair_dissolved_naturally,exact,exact,1.0,1.0
44b0129270854a64d64092fb787ca82a,b4e532d9dbe47b3ee8ae4f1776672c3f,pair_dissolved_naturally,exact,exact,1.0,1.0
44b0129270854a64d64092fb787ca82a,b6401b1c58dc255970cc13156ec9a3bf,pair_dissolved_naturally,exact,exact,1.0,1.0
44b0129270854a64d64092fb787ca82a,c7d27289667cfe504bb91203c0bd6e92,pair_dissolved_by_refactoring,exact,signature_changed,1.0,1.0
44b0129270854a64d64092fb787ca82a,ca919f5411a44b64830d7f947313acf8,pair_dissolved_naturally,exact,exact,1.0,1.0
44b0129270854a64d64092fb787ca82a,cc8c9c5b9895bcdb6692ef0af59a238a,pair_dissolved_naturally,exact,exact,1.0,1.0
44b0129270854a64d64092fb787ca82a,cfe87a3bd5655127bc8b23b2bd12afee,pair_dissolved_naturally,exact,exact,1.0,1.0
44b0129270854a64d64092fb787ca82a,d5dc6d956f07ea7e4526920b52b236a1,pair_dissolved_naturally,exact,exact,1.0,1.0
44b0129270854a64d64092fb787ca82a,d9815cce8636a6285ff48acd14d4805c,pair_dissolved_naturally,exact,exact,1.0,1.0
44b0129270854a64d64092fb787ca82a,d9d43c043ac6949a9cdf9ec6ef457602,pair_dissolved_by_refactoring,exact,signature_changed,1.0,1.0
44b0129270854a64d64092fb787ca82a,f15b21da974d4b289a8a26842eb2e8af,pair_dissolved_naturally,exact,exact,1.0,1.0
44b0129270854a64d64092fb787ca82a,f6a960723b0164359925e256ffc229f7,pair_dissolved_naturally,exact,exact,1.0,1.0
44be0a5311e3015355c8ab4a09e2a2ec,4721a3b9da1f47b98904755e3256dffa,pair_dissolved_naturally,exact,exact,1.0,1.0
44be0a5311e3015355c8ab4a09e2a2ec,53a9d52f3df637d7e56ffe2454022fe4,pair_dissolved_naturally,exact,exact,1.0,1.0
44be0a5311e3015355c8ab4a09e2a2ec,e0bc445137c4097325344a9fbf641b24,pair_dissolved_naturally,exact,exact,1.0,1.0
44e08531a82d8231bb578e30991538d6,e19c33c48b2a7ce525a7e14fc7e046db,pair_dissolved_naturally,exact,exact,1.0,1.0
44e6b8f2ceb4513472577e2a48fa8d69,e1fdb318e850c2a9c44206eb1b701f81,method_b_deleted,exact,deleted,1.0,
450d69fd4bc99e487aa109ff51a8e731,80973e843e707a9fcf3c73aab2af86b8,pair_dissolved_naturally,exact,exact,1.0,1.0
450d69fd4bc99e487aa109ff51a8e731,bd28c2b944cf0e2701c0a39287cde2aa,pair_dissolved_naturally,exact,exact,1.0,1.0
45171cd1b01c845e546eb23976836eaa,7b290493d3e8a10706d607015331c050,pair_dissolved_naturally,exact,exact,1.0,1.0
45171cd1b01c845e546eb23976836eaa,b516c09191755aa36ce00291be671ada,pair_dissolved_naturally,exact,exact,1.0,1.0
451e2720f02ab4fbb6e1866ff3e22281,58c0ab45c98a714cf8840215ca0fe6dd,pair_dissolved_naturally,exact,exact,1.0,1.0
4524cd516dd8a820fa60eb25a9489c01,7471352e30fdddb268d6219831852ca8,pair_dissolved_naturally,exact,exact,1.0,1.0
458bbdeb69b4ab071321e1f6b487eb8a,5a9b15826c9b7cd648dd356caa6024f4,pair_dissolved_by_refactoring,exact,signature_changed,1.0,1.0
45a157324f618d0e38dcac753a52e1de,5b7c7b03b56296b0867fe6fce45f18db,pair_dissolved_naturally,exact,exact,1.0,1.0
45ab8920bb3f85adf4717a2ebdb56ec8,9c53eaef8f7066fbb7981140f9f0c162,pair_dissolved_naturally,exact,exact,1.0,1.0
45d247db41277b55c17e8d643b47c159,7182b9eedcf0dda09ca8e5baadeb530a,pair_dissolved_naturally,exact,exact,1.0,1.0
45d247db41277b55c17e8d643b47c159,73dd4f61d955d0528a209fc81dfa74b7,pair_dissolved_naturally,exact,exact,1.0,1.0
45d247db41277b55c17e8d643b47c159,8b5f77959f4be7049d1833f31d02e80a,pair_dissolved_naturally,exact,exact,1.0,1.0
45d8da20eeb82c876bf5ab26c84ebad2,b1b59f9a16aac9273806331533ab6e63,pair_dissolved_naturally,exact,exact,1.0,1.0
45f7bd2a171c45490f971913cd047661,d2c0947b90819eb39fbf3e2968d1e99e,pair_dissolved_naturally,exact,unknown,1.0,
460608ebbc419bfb171cceb5b355f807,7b026994b36fbcfb3a95d895d5d4abe6,pair_dissolved_naturally,exact,exact,1.0,1.0
460608ebbc419bfb171cceb5b355f807,7ec10458ed04b6228e04adf60f521898,pair_dissolved_naturally,exact,exact,1.0,1.0
460608ebbc419bfb171cceb5b355f807,8714dcb7df036e6f1e5af53fb1f97772,pair_dissolved_naturally,exact,exact,1.0,1.0
460608ebbc419bfb171cceb5b355f807,87eb76512d998911b5284b73613cb337,pair_dissolved_by_refactoring,exact,signature_changed,1.0,0.98
460608ebbc419bfb171cceb5b355f807,8a4b1385d348cd8c5a5d2218653dd9a5,pair_dissolved_by_refactoring,exact,signature_changed,1.0,0.97
460608ebbc419bfb171cceb5b355f807,b84ab04203fcb94af3c4c8bc39d95b8d,pair_dissolved_naturally,exact,exact,1.0,1.0
460608ebbc419bfb171cceb5b355f807,bae532b1ebbdd2e537af9713ed4a7966,pair_dissolved_naturally,exact,exact,1.0,1.0
460608ebbc419bfb171cceb5b355f807,c9989b27cdcfbbc7fd47d87d17c93831,method_b_deleted,exact,deleted,1.0,
4612877ff914c12557ad6161985c484b,607fbb23f34c7ae53858130fef89e2b8,pair_dissolved_naturally,exact,exact,1.0,1.0
4612877ff914c12557ad6161985c484b,6c1b78cab2005d78e3e8bd1cc87f05fa,pair_dissolved_naturally,exact,exact,1.0,1.0
4612877ff914c12557ad6161985c484b,7b026994b36fbcfb3a95d895d5d4abe6,pair_dissolved_naturally,exact,exact,1.0,1.0
4612877ff914c12557ad6161985c484b,7dc7493b71e3a9a44c2e42a302025e57,pair_dissolved_naturally,exact,exact,1.0,1.0
4612877ff914c12557ad6161985c484b,87eb76512d998911b5284b73613cb337,pair_dissolved_by_refactoring,exact,signature_changed,1.0,0.98
4612877ff914c12557ad6161985c484b,a6d91a37b0fcaff9209bb5b29392034d,pair_dissolved_naturally,exact,exact,1.0,1.0
4612877ff914c12557ad6161985c484b,b84ab04203fcb94af3c4c8bc39d95b8d,pair_dissolved_naturally,exact,exact,1.0,1.0
4612877ff914c12557ad6161985c484b,bae532b1ebbdd2e537af9713ed4a7966,pair_dissolved_naturally,exact,exact,1.0,1.0
4612877ff914c12557ad6161985c484b,dfedb1c8e2f8fbecff8bb52fc5cbcad0,pair_dissolved_naturally,exact,exact,1.0,1.0
4612877ff914c12557ad6161985c484b,e5d48eaa4e45615ed36e9c2a89d64130,pair_dissolved_naturally,exact,exact,1.0,1.0
4612877ff914c12557ad6161985c484b,ed2c979efd0f88dac9e043140c8dcb96,pair_dissolved_naturally,exact,exact,1.0,1.0
4623432b2df699663de3be67dbcb2e2b,74eaf09a38ff7425694441c34dc7baa5,pair_dissolved_naturally,exact,exact,1.0,1.0
46348179af38a76186c663f7ad6e0019,c644696716ef970d53733f603c713e11,pair_dissolved_naturally,exact,exact,1.0,1.0
46348179af38a76186c663f7ad6e0019,c7f9c86f92f82b202698478355b769de,pair_dissolved_naturally,exact,exact,1.0,1.0
46348179af38a76186c663f7ad6e0019,fb8d3f8769afc4be0ef7aaf2f605293c,pair_dissolved_naturally,exact,exact,1.0,1.0
4677c3daaa4ee35ff8ddcf04de01e448,d5dc6d956f07ea7e4526920b52b236a1,pair_dissolved_naturally,exact,exact,1.0,1.0
4677c3daaa4ee35ff8ddcf04de01e448,d8b09f1d40b55a4bc37d7f4dccfbea4b,method_b_deleted,exact,deleted,1.0,
46b62b63e4d72e5b9f4a90a04cff96f3,b1bb11a80474426c2831450ec1596b29,pair_dissolved_naturally,exact,exact,1.0,1.0
46bbe3b7e2c507a895e031bc8853e4fe,66f6ebc01fc92d08a89a23bacabd51d4,pair_dissolved_naturally,exact,exact,1.0,1.0
46c4a0258ebc9ba39a948e04aaceed1d,67bd8d48215ae6f014482815ab59bf9f,pair_dissolved_naturally,exact,exact,1.0,1.0
46c4a0258ebc9ba39a948e04aaceed1d,69ba5673034cb6f3c8155f56d0167328,pair_dissolved_naturally,exact,exact,1.0,1.0
46c4a0258ebc9ba39a948e04aaceed1d,97c4cad7b79dff95c637807b66fa5def,pair_dissolved_by_refactoring,exact,signature_changed,1.0,0.98
46c4a0258ebc9ba39a948e04aaceed1d,9af5b7ee8478526e498ac4342491ed23,pair_dissolved_naturally,exact,exact,1.0,1.0
46c83187131ec374fd87643f9354efbc,57a69f30d6f540636f56aec23c7f890c,pair_dissolved_by_refactoring,exact,signature_changed,1.0,1.0
46f12350fa5b363210e4bcb5ec9e49a3,5b45fa7314ab8b76e9bd55dbffd93b9d,pair_dissolved_naturally,exact,exact,1.0,1.0
46f12350fa5b363210e4bcb5ec9e49a3,b9a700fb28fd97d4f1c8d7b2c27fc9c9,pair_dissolved_naturally,exact,exact,1.0,1.0
46f12350fa5b363210e4bcb5ec9e49a3,e1a48b4709533823cf00c4c07ec1bbc7,pair_dissolved_naturally,exact,exact,1.0,1.0
4705dba082f62446c8bf05f797def82f,78ba978b28538788f99cbe041d6bb3d7,pair_dissolved_naturally,exact,exact,1.0,1.0
470ac323cf12830684e765654a130238,b58382d13716cc09cbf9b7b9c10aad75,pair_dissolved_by_refactoring,signature_changed,signature_changed,0.92,0.94
4721a3b9da1f47b98904755e3256dffa,53a9d52f3df637d7e56ffe2454022fe4,pair_dissolved_naturally,exact,exact,1.0,1.0
4721a3b9da1f47b98904755e3256dffa,c67ee8fde1439f842583d4e5a0361dcd,pair_dissolved_naturally,exact,exact,1.0,1.0
4721a3b9da1f47b98904755e3256dffa,e0bc445137c4097325344a9fbf641b24,pair_dissolved_naturally,exact,exact,1.0,1.0
472db0db36996bbd39c9ec7fdee25618,ab30d74f4dbc6d637c58587d89aa6917,method_b_deleted,signature_changed,deleted,0.77,
473f0c906c29e2e2a0d2390f9a568fcb,a3dba2ad101e1ddfe7fad66cab94c20c,pair_dissolved_naturally,exact,exact,1.0,1.0
47536de39b969a09f43cf454df16217a,5ee5269a68bffa8767a7f97509617722,pair_dissolved_naturally,exact,exact,1.0,1.0
47536de39b969a09f43cf454df16217a,960055bd774f5db50767c2966a55953b,pair_dissolved_naturally,exact,exact,1.0,1.0
47536de39b969a09f43cf454df16217a,b4b53bd784e05fc72677c43000cf4fdb,pair_dissolved_naturally,exact,exact,1.0,1.0
47536de39b969a09f43cf454df16217a,bb6476156ce4700f36c9b1243b691893,pair_dissolved_naturally,exact,exact,1.0,1.0
47536de39b969a09f43cf454df16217a,e8553e5fab62cf882b50d5bba2701e8e,pair_dissolved_naturally,exact,exact,1.0,1.0
47536de39b969a09f43cf454df16217a,feb988ce310e25c8413bec774ccda2d7,pair_dissolved_naturally,exact,exact,1.0,1.0
4798ec0f64fd7957c6c40082345eabbd,592b98c01ef440d9ef1bee213d42636f,pair_dissolved_by_refactoring,exact,signature_changed,1.0,1.0
47a7a722eef3b56d73fdbd914e397872,c3f216adf1ab77a5e80358bc6148dc74,pair_dissolved_naturally,exact,exact,1.0,1.0
47f5446d6f44284110e95721b3c1fad5,d1ab83af4beec623f9a9ac161c87636d,pair_dissolved_naturally,exact,exact,1.0,1.0
481c0fa942083b53bb53b8e925b64492,fb5a8793926011249e897ddfaee648a7,pair_dissolved_naturally,exact,exact,1.0,1.0
4822db5739e026cd04d8d6601722339d,8536f2d390fa4316a8c1a48c67681075,pair_dissolved_by_refactoring,exact,signature_changed,1.0,1.0
4822db5739e026cd04d8d6601722339d,ca8c2246881cac98ef5c9c73afe83457,pair_dissolved_by_refactoring,exact,signature_changed,1.0,1.0
4870bd36620c92cc24c14aa31e6052db,655c17847d6e62f6d9baf4162a8aadfb,pair_dissolved_naturally,exact,exact,1.0,1.0
48acdb2b8293adcfb004351fc142596f,7b026994b36fbcfb3a95d895d5d4abe6,pair_dissolved_naturally,exact,exact,1.0,1.0
48acdb2b8293adcfb004351fc142596f,8587e726319121acddd6c94785af57df,pair_dissolved_naturally,exact,exact,1.0,1.0
48acdb2b8293adcfb004351fc142596f,ddc54515a5f77dd518a728052f57fdde,pair_dissolved_naturally,exact,exact,1.0,1.0
48c99492baad850675a9e3465b3ab3a8,b8b32a9defdae2e263aab9fa0cf6c523,pair_dissolved_naturally,exact,exact,1.0,1.0
48cafc1347b24f050804810ee3cec1eb,92601e2d3548a477033dec636d4cd843,pair_dissolved_naturally,exact,exact,1.0,1.0
48cafc1347b24f050804810ee3cec1eb,e0bc445137c4097325344a9fbf641b24,pair_dissolved_naturally,exact,exact,1.0,1.0
48d802f25435bae14e0540407795f528,74e07a6361c0319a0251bef9b0c1a63b,pair_dissolved_naturally,exact,exact,1.0,1.0
48fc5a2e868675443518de3fb7b77a18,4b89724efe1aef90171e4c4784108c7e,pair_dissolved_naturally,exact,exact,1.0,1.0
48fc5a2e868675443518de3fb7b77a18,ee8493b70240bbb2b65ad2346a538928,pair_dissolved_naturally,exact,exact,1.0,1.0
491bee84c610725fa893a48170ac3c95,e7d68d36930fdf52765555efd01b4431,pair_dissolved_naturally,exact,exact,1.0,1.0
4926e5086955f32efcd9f67f9b07a796,f1b186198d59c4a26e1f5ab48ff76ce1,pair_dissolved_naturally,exact,exact,1.0,1.0
492b8ff978b8c8aadfe2538e23754cc8,d539eaf4f308d62c52a7c3e1e4f3a785,pair_dissolved_naturally,exact,unknown,1.0,
494db1a70dac70a4c49ec4fa1f538fcf,a33e662a5720b8f74ee17d88d22a9584,pair_dissolved_naturally,exact,exact,1.0,1.0
495223ef4155385c8c6af590bd53cd71,64f0f50f331d09ef77c2da8cc7ae748c,pair_dissolved_by_refactoring,exact,signature_changed,1.0,1.0
495223ef4155385c8c6af590bd53cd71,92182414f692714b419138985cafcbf1,pair_dissolved_by_refactoring,exact,renamed,1.0,0.99
49618a1ef5218fc0e70883790be1edf1,8e888e3c1d873ff0817b1bd2bf32d094,pair_dissolved_naturally,exact,exact,1.0,1.0
4978919ed819229ef80f6225bc1e366b,f29ff0d43f792160c66a2dfa7535a675,method_b_deleted,exact,deleted,1.0,
497b7a096d89cf058fe2b4abe4006cce,abce3c5e7d8a4f36f3a0f4d3c52a9b5f,pair_dissolved_naturally,exact,exact,1.0,1.0
498e3402bee64136f2237705a3bbc5c9,c8f576d1239f9969f4fef37a26e9aba2,pair_dissolved_naturally,exact,exact,1.0,1.0
498e3402bee64136f2237705a3bbc5c9,ea12218df616f93d0e2d29c18b956675,pair_dissolved_naturally,exact,exact,1.0,1.0
499c11be895fc999368eb46e87a7a534,711cda3abad1f411a797d6172d372706,pair_dissolved_by_refactoring,exact,signature_changed,1.0,1.0
499c11be895fc999368eb46e87a7a534,92dcdaa5e23a2024694044b719c6938b,pair_dissolved_by_refactoring,exact,signature_changed,1.0,1.0
499c11be895fc999368eb46e87a7a534,bbedb5db370389f2600d1bd2dab5e6d7,pair_dissolved_by_refactoring,exact,signature_changed,1.0,1.0
49cac4b24a5f383cb91d906f79eb6c64,5ca51a9f95463ae57805193b8519f699,pair_dissolved_naturally,exact,exact,1.0,1.0
49ccdc69cead28313dc858db7ab1127b,ce9988dd74ed743003e39954a8c6e08e,pair_dissolved_naturally,exact,exact,1.0,1.0
49e3fbbd0db867f1efddaac0dc3bd964,a28a12df6ec334839fc4ea8eb9609a8b,pair_dissolved_naturally,exact,exact,1.0,1.0
4a23711032343737577710c86d65f2ac,67f1a9059732abfabb1203f674794e09,pair_dissolved_naturally,exact,exact,1.0,1.0
4a23711032343737577710c86d65f2ac,97c4cad7b79dff95c637807b66fa5def,pair_dissolved_by_refactoring,exact,signature_changed,1.0,0.98
4a2df9f79071ee92782f4020e097a201,5b4e45846438ea74fb9a10206dddc876,pair_dissolved_naturally,exact,exact,1.0,1.0
4a34178d6e678b5d4a027b5fab28d375,4bed339169439578f46a75084f4dfb83,pair_dissolved_by_refactoring,exact,signature_changed,1.0,0.98
4a586a6c5d3652e3f8f60b6c27d27a17,6848826a0f86de13450a0ce8caf8878d,pair_dissolved_naturally,exact,exact,1.0,1.0
4a586a6c5d3652e3f8f60b6c27d27a17,fd63d9b51ca17674524df28cea04310e,pair_dissolved_naturally,exact,exact,1.0,1.0
4a74f96f67f6653a2e41e59497c03c39,944187b48f2956484235248945e7216d,pair_dissolved_naturally,exact,exact,1.0,1.0
4a96d93f328e7e77fa8c8062828ede1b,f7c4e6a8cdf1abe57d691e981a8d3fcf,pair_dissolved_naturally,exact,exact,1.0,1.0
4aa0044637d5414894af09a3971c2f00,50003c6e088c004e66fc83f94ca9942e,pair_dissolved_naturally,exact,exact,1.0,1.0
4aa0044637d5414894af09a3971c2f00,768690717c4c47050b577188895948d3,pair_dissolved_naturally,exact,exact,1.0,1.0
4aa0044637d5414894af09a3971c2f00,82c2dd3952b40d89e4b4aec1262be054,pair_dissolved_naturally,exact,exact,1.0,1.0
4aa0044637d5414894af09a3971c2f00,8ca1755134922d2fbd434f6774a5ce93,pair_dissolved_naturally,exact,exact,1.0,1.0
4aa0044637d5414894af09a3971c2f00,8e38a8dff7cc84a1b503a54da493d80b,pair_dissolved_naturally,exact,exact,1.0,1.0
4aa0044637d5414894af09a3971c2f00,92c08b77f9d378b40d34af561f810de6,pair_dissolved_naturally,exact,exact,1.0,1.0
4aa0044637d5414894af09a3971c2f00,9a52aa62def0c178dc412f9e8e24aff0,pair_dissolved_naturally,exact,exact,1.0,1.0
4aa0044637d5414894af09a3971c2f00,9d3ffa6dd309537012ece80dcedf8357,pair_dissolved_naturally,exact,exact,1.0,1.0
4aa0044637d5414894af09a3971c2f00,a1f60d7b54ce926a4b5a508c9fc118d9,pair_dissolved_naturally,exact,exact,1.0,1.0
4aa0044637d5414894af09a3971c2f00,b9362dd57ec2d1de61b60079c2b8e2bf,pair_dissolved_naturally,exact,exact,1.0,1.0
4aa0044637d5414894af09a3971c2f00,c2e140c0d114294d5871ac56290ba7d7,pair_dissolved_naturally,exact,exact,1.0,1.0
4aa0044637d5414894af09a3971c2f00,c7aa4ea10ee91223bd47d893360bcba3,pair_dissolved_naturally,exact,exact,1.0,1.0
4aa0044637d5414894af09a3971c2f00,cdf0a1e634fa6b7a717a75c3020c48d3,pair_dissolved_naturally,exact,exact,1.0,1.0
4aa0044637d5414894af09a3971c2f00,d2de5daca62470c9b7c8ee039578af0e,pair_dissolved_naturally,exact,exact,1.0,1.0
4aa0044637d5414894af09a3971c2f00,f49104062a8a091bdd64b13cbcf23343,pair_dissolved_naturally,exact,exact,1.0,1.0
4aa0044637d5414894af09a3971c2f00,f4c884fb1f0f8548033512fc5c8fdd76,pair_dissolved_naturally,exact,exact,1.0,1.0
4aa0044637d5414894af09a3971c2f00,fd9e62dbf5e1bc25abdea3c42e0fdff9,pair_dissolved_naturally,exact,exact,1.0,1.0
4ac1d2c374223385483fdad7fe2363a9,e96ebd2a05a01ba02d07a18c1fd21689,pair_dissolved_naturally,exact,exact,1.0,1.0
4ad53f95500ec6774cc4c447be3da9cf,c53f78997d8707ae16cdf9b5ea155f05,pair_dissolved_naturally,exact,exact,1.0,1.0
4aeb5205cdc45b6ca21576edfee9fdb8,6b146301947b16274ad6010e6349852c,pair_dissolved_by_refactoring,exact,signature_changed,1.0,0.93
4b06cf1480358bd7c1835f6a6ed5343d,55441f4fdf82358d95d85240a193e537,pair_dissolved_naturally,exact,exact,1.0,1.0
4b06cf1480358bd7c1835f6a6ed5343d,63d9ffae204bbe333df5a221799e2cc6,pair_dissolved_naturally,exact,exact,1.0,1.0
4b06cf1480358bd7c1835f6a6ed5343d,968bac117b81f824cfca6bb3bea37d74,pair_dissolved_naturally,exact,exact,1.0,1.0
4b06cf1480358bd7c1835f6a6ed5343d,ef79cafc6690601cf97469a0bbef7f27,pair_dissolved_naturally,exact,exact,1.0,1.0
4b06cf1480358bd7c1835f6a6ed5343d,f4f258cf12e6b2dcb1a41464fddf6773,pair_dissolved_naturally,exact,exact,1.0,1.0
4b0ca51dc895be06e9487374e717ce18,b751d2d713a7fc98a69a33bc4f871e47,pair_dissolved_naturally,exact,exact,1.0,1.0
4b2dd428c077993ccbc715b6564a094d,df892e03f8b1dad4be64b1870c4fd332,pair_dissolved_by_refactoring,exact,signature_changed,1.0,1.0
4b89724efe1aef90171e4c4784108c7e,8f4b26331494d63518d884e636e6d39a,pair_dissolved_by_refactoring,exact,signature_changed,1.0,0.96
4b8c6b588d9514a5ac1c273969aae7d3,6c32efc133c0a56bbd15a5d2b7c6be6d,pair_dissolved_naturally,exact,exact,1.0,1.0
4b920b37f70cedb734f3a3d07aa6c916,9766ffab3da00872562b69d3232a1fb7,pair_dissolved_naturally,exact,exact,1.0,1.0
4bc7fe230dae5c08cd699df526ee4d9f,67bd8d48215ae6f014482815ab59bf9f,pair_dissolved_naturally,exact,exact,1.0,1.0
4bc7fe230dae5c08cd699df526ee4d9f,97c4cad7b79dff95c637807b66fa5def,pair_dissolved_by_refactoring,exact,signature_changed,1.0,0.98
4be9eee7c6cccb30535f51c61c8b1525,9f96ab0a30df047773427e78504c0c95,pair_dissolved_naturally,exact,exact,1.0,1.0
4c0ba2d16d373b67d2ea828fd8eb2db5,b01c5a37f8758825944fff2709c84e81,pair_dissolved_by_refactoring,exact,signature_changed,1.0,1.0
4c21ab42514bb6cd1c385eda2bd44ffa,8587e726319121acddd6c94785af57df,pair_dissolved_naturally,exact,exact,1.0,1.0
4c787ae7e6e11c8c75348fe304d29591,7b026994b36fbcfb3a95d895d5d4abe6,pair_dissolved_naturally,exact,exact,1.0,1.0
4c787ae7e6e11c8c75348fe304d29591,bae532b1ebbdd2e537af9713ed4a7966,pair_dissolved_naturally,exact,exact,1.0,1.0
4cb80093fdf3100d715c0b859052c852,8587e726319121acddd6c94785af57df,pair_dissolved_naturally,exact,exact,1.0,1.0
4cd0a22e4aafbe0367d29d4a36443d44,c74f5a64ad0cc7fddb5c5509c16da152,pair_dissolved_naturally,exact,exact,1.0,1.0
4cdae6e765860c3d0ac310ae6a2dbfcb,69cae44d0d0556536f072e2edfc5a9ad,pair_dissolved_naturally,exact,exact,1.0,1.0
4ce74c87e5c8ece5805f8f7f550eaf26,a792a050565ea03c4e600e1976875798,both_deleted,deleted,deleted,,
4ce74c87e5c8ece5805f8f7f550eaf26,d7192fc8d93a1e117166243ac69fab30,both_deleted,deleted,deleted,,
4cfa158f159a65f5417afbf3bc20e090,5b51fa1bec4c921dfe89fa7211764ed4,pair_dissolved_naturally,exact,exact,1.0,1.0
4d1b955898bb4d1c7b2adf25f5dfc9a6,5e14393acc4ef84db82ad763d7078ff8,pair_dissolved_naturally,exact,exact,1.0,1.0
4d1c154d5c7c2c8b6cc99be37db06712,b686b4e36b37d1ecabd64025ac589d3d,pair_dissolved_naturally,exact,exact,1.0,1.0
4d3b1e88799ec79aeb475a22a2502aef,6fed26fcb4cfaca552a41b2eaa2c7466,pair_dissolved_naturally,exact,exact,1.0,1.0
4d81062c0290f30e73e6d725d7c3b2f3,603dd4195db57db48f648f11838b158b,pair_dissolved_naturally,exact,exact,1.0,1.0
4d942ab6f32d5eb9502cba31f4107f9f,b55f8e0cda82c9f4b45ba65e1a40de78,pair_dissolved_naturally,exact,exact,1.0,1.0
4d942ab6f32d5eb9502cba31f4107f9f,cf2b3be2acc2bc2bf15a5730adf154bb,pair_dissolved_naturally,exact,exact,1.0,1.0
4d9f595c505a0c3ebb4f89e41722428b,ba568219a3c3c6b6dde0513b113f6154,pair_dissolved_naturally,exact,exact,1.0,1.0
4dcc95757531865a212b2a89e5c4e63a,611709544ee25f4802028abf1d6ae903,pair_dissolved_naturally,exact,exact,1.0,1.0
4dcc95757531865a212b2a89e5c4e63a,c74880cfaf12a79aab642e9194fcea6e,pair_dissolved_naturally,exact,exact,1.0,1.0
4dcc95757531865a212b2a89e5c4e63a,e54d9f788be3537ca85695d44b13e8ac,pair_dissolved_naturally,exact,exact,1.0,1.0
4ddc6d271a9670dac20ac91c075f0537,6a45b8c78da3254e325c1f2aafb52ba1,pair_dissolved_naturally,exact,exact,1.0,1.0
4ddc6d271a9670dac20ac91c075f0537,82ef34de411c1d415358b10de69a7f23,pair_dissolved_naturally,exact,exact,1.0,1.0
4ddc6d271a9670dac20ac91c075f0537,a829e8b48aa1a25922e65543220695d9,pair_dissolved_naturally,exact,exact,1.0,1.0
4e0ae32b54afbf1fd2718afda9a25178,52c1e6879601f810c7c7f4106e2bcd6d,pair_dissolved_naturally,unknown,exact,,1.0
4e0ae32b54afbf1fd2718afda9a25178,82ef34de411c1d415358b10de69a7f23,pair_dissolved_naturally,unknown,exact,,1.0
4e13094f96c97d9235d4345075abd4f4,6a62937fe9d99e40958ee074b3361b84,pair_dissolved_naturally,exact,exact,1.0,1.0
4e44d858e03d7f1c68ca000f6b5ef8ae,99b070d6817475eb5d29a14ebe8cad91,pair_dissolved_naturally,exact,exact,1.0,1.0
4e66b93c4d90a3001e7a4ad978baa860,6c8c2f7ed9283d859cc37da1410b2f60,pair_dissolved_naturally,exact,exact,1.0,1.0
4e6cba39c3298c2bda6ca9823f2c7f1f,5439dc735cf9f6dc7ac07741e279c440,pair_dissolved_naturally,exact,exact,1.0,1.0
4e6e94310b8b5ee07c7ed976a4220e2c,537f84c92c84f27450bc8fa1f8d67034,pair_dissolved_naturally,exact,exact,1.0,1.0
4e6e94310b8b5ee07c7ed976a4220e2c,5ae5a280f7743e77b5c6fca35f50ee80,pair_dissolved_naturally,exact,exact,1.0,1.0
4e6e94310b8b5ee07c7ed976a4220e2c,5fc8a7e61c1d6463fa342f25bf7706b9,pair_dissolved_naturally,exact,exact,1.0,1.0
4e6e94310b8b5ee07c7ed976a4220e2c,64cac86245e9e532fa0212080c31d693,pair_dissolved_naturally,exact,exact,1.0,1.0
4e6e94310b8b5ee07c7ed976a4220e2c,75c8d68e13c4591905d34b822c85d743,pair_dissolved_naturally,exact,exact,1.0,1.0
4e6e94310b8b5ee07c7ed976a4220e2c,82494615163bf2f25446be77dc319420,pair_dissolved_naturally,exact,exact,1.0,1.0
4e6e94310b8b5ee07c7ed976a4220e2c,9295b4212327ff6097a50e28972ec9db,pair_dissolved_naturally,exact,exact,1.0,1.0
4e6e94310b8b5ee07c7ed976a4220e2c,a6d6875c2500a67b579c9609611de769,pair_dissolved_naturally,exact,exact,1.0,1.0
4e6e94310b8b5ee07c7ed976a4220e2c,b93ff050bc8cc544f875174d6c64d51a,pair_dissolved_naturally,exact,exact,1.0,1.0
4e6e94310b8b5ee07c7ed976a4220e2c,d8bd409a61eed0290d225be07489b42c,pair_dissolved_naturally,exact,exact,1.0,1.0
4e6e94310b8b5ee07c7ed976a4220e2c,ec2b16be29a1fce84d9787a5dff47794,pair_dissolved_naturally,exact,exact,1.0,1.0
4e6e94310b8b5ee07c7ed976a4220e2c,ee2401fb49c256d8f92e50dbf3a4d160,pair_dissolved_naturally,exact,exact,1.0,1.0
4e8ffd25967655713e02e075bc0dcaab,c8eaee12606c097180561e1ff16a9606,pair_dissolved_naturally,exact,exact,1.0,1.0
4e9040354e6b6f9ddf392ca197abd350,6c34646235ea8489c766bf5639cd318e,pair_dissolved_naturally,exact,exact,1.0,1.0
4e9040354e6b6f9ddf392ca197abd350,c2ff278386b05c7a4cf6add35cc45e8d,pair_dissolved_naturally,exact,exact,1.0,1.0
4e9040354e6b6f9ddf392ca197abd350,c3f216adf1ab77a5e80358bc6148dc74,pair_dissolved_naturally,exact,exact,1.0,1.0
4e9040354e6b6f9ddf392ca197abd350,cebf752d1482d785441f17d2ac97d457,pair_dissolved_naturally,exact,exact,1.0,1.0
4e9040354e6b6f9ddf392ca197abd350,d50e7b756e0ba7ddffe0f9098c37c745,pair_dissolved_naturally,exact,exact,1.0,1.0
4e9040354e6b6f9ddf392ca197abd350,dedb994cb7ea19d4a053fb920a633865,pair_dissolved_naturally,exact,exact,1.0,1.0
4e9040354e6b6f9ddf392ca197abd350,f6b8d1b9263f6576942524dcf122f1f1,pair_dissolved_naturally,exact,exact,1.0,1.0
4e9c33a42bf2db6cc0aff402f7ef7bab,818b58ada12fd1296d243b17891ad4a6,pair_dissolved_naturally,exact,exact,1.0,1.0
4ee08a60db2b62f23f76f32950c7e8a6,b598452da2daddcf69897b361d0d843f,pair_dissolved_naturally,exact,exact,1.0,1.0
4f1ad4b7b9570c590c7f8452741dd57a,64381560125b6fea9663d5a40a49f8af,pair_dissolved_naturally,exact,exact,1.0,1.0
4f1ad4b7b9570c590c7f8452741dd57a,6663badef695a2c2f04d4df10a65a961,pair_dissolved_naturally,exact,exact,1.0,1.0
4f1ad4b7b9570c590c7f8452741dd57a,785b80a38bbcf682106c52f06c336fd2,pair_dissolved_naturally,exact,exact,1.0,1.0
4f1ad4b7b9570c590c7f8452741dd57a,8587e726319121acddd6c94785af57df,pair_dissolved_naturally,exact,exact,1.0,1.0
4f1ad4b7b9570c590c7f8452741dd57a,cfe87a3bd5655127bc8b23b2bd12afee,pair_dissolved_naturally,exact,exact,1.0,1.0
4f1ad4b7b9570c590c7f8452741dd57a,e726492d30ba647aff35e0dc5c0942a6,pair_dissolved_naturally,exact,exact,1.0,1.0
4f1ad4b7b9570c590c7f8452741dd57a,f6a960723b0164359925e256ffc229f7,pair_dissolved_naturally,exact,exact,1.0,1.0
4f260c7aea8580beb0ffc10831c08286,e6c5c2372d10297300315dfaa9a59c6f,pair_dissolved_naturally,exact,exact,1.0,1.0
4f313dca244c63ae98ad9adb008fd81a,5f11c996b7af94f26efd91e8fb128f21,pair_dissolved_naturally,exact,exact,1.0,1.0
4f425997646472d4c51d001ae7e84283,65e9094bd94a539c94c5183f7e1ebceb,pair_dissolved_naturally,exact,exact,1.0,1.0
4f7054768161087145dbb5af1421e5a0,6663badef695a2c2f04d4df10a65a961,pair_dissolved_naturally,exact,exact,1.0,1.0
4f7054768161087145dbb5af1421e5a0,785b80a38bbcf682106c52f06c336fd2,pair_dissolved_naturally,exact,exact,1.0,1.0
4f7054768161087145dbb5af1421e5a0,8587e726319121acddd6c94785af57df,pair_dissolved_naturally,exact,exact,1.0,1.0
4f7054768161087145dbb5af1421e5a0,e726492d30ba647aff35e0dc5c0942a6,pair_dissolved_naturally,exact,exact,1.0,1.0
4f85dadf452984366748667b0378ed33,75bf62737a3f7063bbad4a6029b371d5,pair_dissolved_naturally,exact,exact,1.0,1.0
4f85dadf452984366748667b0378ed33,81b8837b5e6f52694493748d73867a3b,pair_dissolved_naturally,exact,exact,1.0,1.0
4f89acfa9ecfb1c0f752ba83397d307a,563dcba0add8c610e2106a971688d3bf,pair_dissolved_naturally,exact,exact,1.0,1.0
4f8e66ecb7362d712b1c8013a477c2e1,71e6137d661759aeb42275a398b820d2,pair_dissolved_naturally,exact,exact,1.0,1.0
4f9bce1a27554a408644174e2571f8f9,8a29d7ac2bfc733e795b8ddee7caf073,pair_dissolved_by_refactoring,exact,signature_changed,1.0,0.99
4f9bce1a27554a408644174e2571f8f9,c4efa54c2540d009d46c45beb7dde41b,pair_dissolved_naturally,exact,exact,1.0,1.0
4fa8ea3258014eeed2e8f39854a077c5,866cc13cdbeb94378a5087bde3a439db,pair_dissolved_naturally,exact,exact,1.0,1.0
4fe89ba0f6023bdde43f3ae3be25e860,74ee930ca75cc6eefa06b6a8fb4d1789,pair_dissolved_naturally,exact,exact,1.0,1.0
4ff6683967b272b79965981315d31cfe,822f4f536fb6c1f6d64f0c55ff583c23,pair_dissolved_by_refactoring,exact,signature_changed,1.0,0.98
4ff6683967b272b79965981315d31cfe,b7dab1119a91eaacda5c343f0bc93273,pair_dissolved_by_refactoring,exact,signature_changed,1.0,1.0
4ff6683967b272b79965981315d31cfe,eff9383c80ccb7092a1659ba10faf4eb,pair_dissolved_naturally,exact,exact,1.0,1.0
50003c6e088c004e66fc83f94ca9942e,768690717c4c47050b577188895948d3,pair_dissolved_naturally,exact,exact,1.0,1.0
50003c6e088c004e66fc83f94ca9942e,82c2dd3952b40d89e4b4aec1262be054,pair_dissolved_naturally,exact,exact,1.0,1.0
50003c6e088c004e66fc83f94ca9942e,8ca1755134922d2fbd434f6774a5ce93,pair_dissolved_naturally,exact,exact,1.0,1.0
50003c6e088c004e66fc83f94ca9942e,92c08b77f9d378b40d34af561f810de6,pair_dissolved_naturally,exact,exact,1.0,1.0
50003c6e088c004e66fc83f94ca9942e,9a52aa62def0c178dc412f9e8e24aff0,pair_dissolved_naturally,exact,exact,1.0,1.0
50003c6e088c004e66fc83f94ca9942e,a1f60d7b54ce926a4b5a508c9fc118d9,pair_dissolved_naturally,exact,exact,1.0,1.0
50003c6e088c004e66fc83f94ca9942e,ac80fa64ea9fb9fb776f766c6d029ab9,pair_dissolved_naturally,exact,exact,1.0,1.0
50003c6e088c004e66fc83f94ca9942e,af13f84d9637d58518c1930a904b07bc,pair_dissolved_naturally,exact,exact,1.0,1.0
50003c6e088c004e66fc83f94ca9942e,c7aa4ea10ee91223bd47d893360bcba3,pair_dissolved_naturally,exact,exact,1.0,1.0
50003c6e088c004e66fc83f94ca9942e,cdf0a1e634fa6b7a717a75c3020c48d3,pair_dissolved_naturally,exact,exact,1.0,1.0
50003c6e088c004e66fc83f94ca9942e,ce6fe27c08f0e741d45af23b6fc24c97,pair_dissolved_naturally,exact,exact,1.0,1.0
50003c6e088c004e66fc83f94ca9942e,d2de5daca62470c9b7c8ee039578af0e,pair_dissolved_naturally,exact,exact,1.0,1.0
50003c6e088c004e66fc83f94ca9942e,f49104062a8a091bdd64b13cbcf23343,pair_dissolved_naturally,exact,exact,1.0,1.0
50003c6e088c004e66fc83f94ca9942e,f4c884fb1f0f8548033512fc5c8fdd76,pair_dissolved_naturally,exact,exact,1.0,1.0
50003c6e088c004e66fc83f94ca9942e,fd548dc6620da0921c68dfa855d2400e,pair_dissolved_naturally,exact,exact,1.0,1.0
50003c6e088c004e66fc83f94ca9942e,fd9e62dbf5e1bc25abdea3c42e0fdff9,pair_dissolved_naturally,exact,exact,1.0,1.0
500b18e94c0d65392eda849b7aa77278,a1c30abd1eb52c68e7f453e992cdef2d,pair_dissolved_naturally,exact,exact,1.0,1.0
500b18e94c0d65392eda849b7aa77278,e7b180d659539565f6827c3beb21f7f3,method_b_deleted,exact,deleted,1.0,
500b18e94c0d65392eda849b7aa77278,fde6e238ff24a35eaef1aed702698a9e,method_b_deleted,exact,deleted,1.0,
501c17c0e61636ce15cc5aedd2f7b87d,f3735463449ebf2f0c7a6064c44a4286,pair_dissolved_naturally,exact,exact,1.0,1.0
50319546c68be20b23c0a61ea05edd9a,5439dc735cf9f6dc7ac07741e279c440,pair_dissolved_by_refactoring,signature_changed,exact,1.0,1.0
50319546c68be20b23c0a61ea05edd9a,5c47f3d35350af00f5def99d59f3edad,pair_dissolved_by_refactoring,signature_changed,exact,1.0,1.0
50319546c68be20b23c0a61ea05edd9a,8c9150a1c64958888dd57f258a2ea3a7,pair_dissolved_by_refactoring,signature_changed,exact,1.0,1.0
50319546c68be20b23c0a61ea05edd9a,d79ebc215e2d365201430dacbc49fa8a,pair_dissolved_by_refactoring,signature_changed,exact,1.0,1.0
50319546c68be20b23c0a61ea05edd9a,f3365135e52a88d0970e9be933354afc,pair_dissolved_by_refactoring,signature_changed,unknown,1.0,
50319546c68be20b23c0a61ea05edd9a,f7c7820ced6604f3e589070f9279802b,pair_dissolved_by_refactoring,signature_changed,exact,1.0,1.0
50744d616243e157f5ecb83e3887e819,fc24fdca326c0beee562f6904aeac56d,pair_dissolved_naturally,exact,exact,1.0,1.0
50c8c20ea4a5b96db9dc08bc37039ce6,e54d9f788be3537ca85695d44b13e8ac,pair_dissolved_naturally,exact,exact,1.0,1.0
50effd668b361eaf026e669a7dfe6d13,82ef34de411c1d415358b10de69a7f23,pair_dissolved_naturally,exact,exact,1.0,1.0
51154efd3d531723059a1a8f7f845d60,61795701e345fe23046cdbcdae0d1695,method_b_deleted,renamed,deleted,0.91,
512243026c89515929bb4970f2cdff80,94cdf72e1d6e13398b43ccc08170a966,pair_dissolved_naturally,exact,exact,1.0,1.0
51d7480c39cc330d0beda58b5dc078c6,f8e51279cbea2c1f3d4e23874dd3285f,pair_dissolved_naturally,exact,exact,1.0,1.0
51f1f72ee3b555b7b8cbe7ecb0a78269,6a01b1eb40244a7b594579f9b75adc4d,pair_dissolved_naturally,exact,exact,1.0,1.0
5225afe069529e2ae4cf240540b8dfef,bb5c99dd86d528415ac930085ffe2154,pair_dissolved_naturally,exact,exact,1.0,1.0
52506a2e44e1b2a856b91ffac5f06067,68a9f97f2b0e833e8649c65cb3162a98,pair_dissolved_naturally,exact,exact,1.0,1.0
52506a2e44e1b2a856b91ffac5f06067,a9a385bad56fea73c96315363c0e5b0e,pair_dissolved_naturally,exact,exact,1.0,1.0
5254dbe2c09742834d7d6520981815b8,d2544cb0b7cc8c9a208d9179fb783677,pair_dissolved_naturally,exact,exact,1.0,1.0
5287e5dbf9f22414a4123f6f7f27f4b8,b7936e7c3343c41972d7d1a808d2a902,pair_dissolved_naturally,exact,exact,1.0,1.0
52b097286a02d26e7b2423fab074352b,b59d923af39cbff29ecbe3860817af9d,method_a_deleted,deleted,refactored,,0.8
52b864e3e1e1977781c1d7cf2b06154a,f4870e22e27b9ce94346ddaefb551b5e,pair_dissolved_naturally,exact,exact,1.0,1.0
52c1e6879601f810c7c7f4106e2bcd6d,5c01befe3a779e98cd582457119b12dd,pair_dissolved_naturally,exact,exact,1.0,1.0
52c1e6879601f810c7c7f4106e2bcd6d,a34a4f27e11f1fcc682f55bb45597583,pair_dissolved_naturally,exact,exact,1.0,1.0
52c1e6879601f810c7c7f4106e2bcd6d,ed64cc654b16706044d253a7e102a819,pair_dissolved_naturally,exact,exact,1.0,1.0
53222f435a0478c59a9cbcb7ed8750e5,a8ee5876b18dad4e38c684b070ea0465,pair_dissolved_naturally,exact,exact,1.0,1.0
53222f435a0478c59a9cbcb7ed8750e5,c74f5a64ad0cc7fddb5c5509c16da152,pair_dissolved_naturally,exact,exact,1.0,1.0
53239ab3e9f82a640d4cf2616808e176,71a878b3781034052c6c3e2a9b326de5,pair_dissolved_naturally,exact,exact,1.0,1.0
53239ab3e9f82a640d4cf2616808e176,afba3bddc8df1aeb5f3bd295b10ac0e4,pair_dissolved_naturally,exact,exact,1.0,1.0
53239ab3e9f82a640d4cf2616808e176,eb8993fcd49e1716eaa7cc498fa47c5d,pair_dissolved_naturally,exact,exact,1.0,1.0
5343655bbc6aacaa67620e6ca73a52f3,7ff7164567fd160d068d4307d4138c82,pair_dissolved_naturally,exact,exact,1.0,1.0
537688e5b238f95a24f43fc0605bbf03,f41ba44988f8490ed24bcfb7e31d341e,pair_dissolved_naturally,exact,exact,1.0,1.0
537f84c92c84f27450bc8fa1f8d67034,5ae5a280f7743e77b5c6fca35f50ee80,pair_dissolved_naturally,exact,exact,1.0,1.0
537f84c92c84f27450bc8fa1f8d67034,5fc8a7e61c1d6463fa342f25bf7706b9,pair_dissolved_naturally,exact,exact,1.0,1.0
537f84c92c84f27450bc8fa1f8d67034,64cac86245e9e532fa0212080c31d693,pair_dissolved_naturally,exact,exact,1.0,1.0
537f84c92c84f27450bc8fa1f8d67034,9295b4212327ff6097a50e28972ec9db,pair_dissolved_naturally,exact,exact,1.0,1.0
537f84c92c84f27450bc8fa1f8d67034,d8bd409a61eed0290d225be07489b42c,pair_dissolved_naturally,exact,exact,1.0,1.0
537f84c92c84f27450bc8fa1f8d67034,ec2b16be29a1fce84d9787a5dff47794,pair_dissolved_naturally,exact,exact,1.0,1.0
53811b7f73757b683ef3ed931f763bd3,8587e726319121acddd6c94785af57df,pair_dissolved_naturally,exact,exact,1.0,1.0
53880af71c8d940aae2750109a81a7a4,bcb8d403512a82e229c12814374b3c34,pair_dissolved_naturally,exact,exact,1.0,1.0
538c74eed3de7e67eff2b5dd4190e4ce,94cdf72e1d6e13398b43ccc08170a966,pair_dissolved_naturally,exact,exact,1.0,1.0
53a9d52f3df637d7e56ffe2454022fe4,850f62beaf67818389de892eb0c4c4a8,pair_dissolved_naturally,exact,exact,1.0,1.0
53a9d52f3df637d7e56ffe2454022fe4,912356a679ba499e4a5d11eaa1849567,pair_dissolved_naturally,exact,exact,1.0,1.0
53a9d52f3df637d7e56ffe2454022fe4,a95bf7744fe6cd8c8c1cf61da46db3c8,pair_dissolved_naturally,exact,exact,1.0,1.0
53a9d52f3df637d7e56ffe2454022fe4,b6bb492c747865d5c6b881963f19d44e,pair_dissolved_naturally,exact,exact,1.0,1.0
53a9d52f3df637d7e56ffe2454022fe4,c67ee8fde1439f842583d4e5a0361dcd,pair_dissolved_naturally,exact,exact,1.0,1.0
53a9d52f3df637d7e56ffe2454022fe4,c6fec515cd6b4b483af0361d57f4f38b,pair_dissolved_naturally,exact,exact,1.0,1.0
53a9d52f3df637d7e56ffe2454022fe4,d838203a9aa3ec7d77132d3bdbc0805c,pair_dissolved_naturally,exact,exact,1.0,1.0
53a9d52f3df637d7e56ffe2454022fe4,dfceed03a74e93db23209672b08ab262,pair_dissolved_naturally,exact,exact,1.0,1.0
53a9d52f3df637d7e56ffe2454022fe4,e0bc445137c4097325344a9fbf641b24,pair_dissolved_naturally,exact,exact,1.0,1.0
53a9d52f3df637d7e56ffe2454022fe4,fb3d4d6a1a3ddde48b4b933327eac52e,pair_dissolved_naturally,exact,exact,1.0,1.0
53d926b0d5ee0780b2186cfe99034fcf,f3ede47c14aeb348b9654b42164d5977,pair_dissolved_naturally,exact,exact,1.0,1.0
53db524990260f35d481dd07783735fa,e754d29b2dbd6a74a7a696ec8298153d,pair_dissolved_naturally,exact,exact,1.0,1.0
53f5c4c94b5a2997f9cbd2a176c7dfd9,6fabed7454d41077b7429474b3efbdcb,pair_dissolved_naturally,exact,exact,1.0,1.0
53fee5a0bb88078cfdce4ec8be98ba48,a0e389581023c5441360ba326c8dacc4,pair_dissolved_by_refactoring,moved,exact,0.95,1.0
540ce0b5fd97144da5dfaeca9bf6ddc6,540ce0b5fd97144da5dfaeca9bf6ddc6,pair_dissolved_naturally,token_hash,token_hash,1.0,1.0
541d324608685b02f43a560445dcf2dc,cc40ad9f59a605f4f7251b2105ee11fa,pair_dissolved_naturally,exact,exact,1.0,1.0
5439dc735cf9f6dc7ac07741e279c440,8c9150a1c64958888dd57f258a2ea3a7,pair_dissolved_naturally,exact,exact,1.0,1.0
5439dc735cf9f6dc7ac07741e279c440,d79ebc215e2d365201430dacbc49fa8a,pair_dissolved_naturally,exact,exact,1.0,1.0
5439dc735cf9f6dc7ac07741e279c440,f3365135e52a88d0970e9be933354afc,pair_dissolved_naturally,exact,unknown,1.0,
54893f4858ce9d66fa14317e4bd813c2,8229da128861742e7b24397207cbde63,pair_dissolved_naturally,exact,exact,1.0,1.0
548d8cdcc496b84f6509f6e0fae9f8c5,d11ba7a9b8680f476f52655fb53b176c,pair_dissolved_naturally,unknown,exact,,1.0
548d8cdcc496b84f6509f6e0fae9f8c5,fe18d31ee780d7a9ae1b5ff6517091cd,pair_dissolved_naturally,unknown,exact,,1.0
5497c8bf699bbe065a7b359e0c1eb93b,c3e6ad27a7d7d1d14ec9999cfa686b56,pair_dissolved_naturally,exact,exact,1.0,1.0
549d38c8e66cdc2f8df4a519e7c593bd,9a52aa62def0c178dc412f9e8e24aff0,pair_dissolved_naturally,exact,exact,1.0,1.0
549d38c8e66cdc2f8df4a519e7c593bd,a1f60d7b54ce926a4b5a508c9fc118d9,pair_dissolved_naturally,exact,exact,1.0,1.0
549d38c8e66cdc2f8df4a519e7c593bd,d81f42d84fc0442984eb791a7af253ae,pair_dissolved_naturally,exact,exact,1.0,1.0
549d38c8e66cdc2f8df4a519e7c593bd,fbe8ea5e89955dc52a1c7cc6c0ae84ca,pair_dissolved_naturally,exact,exact,1.0,1.0
55093065e3e927c3dbbb39a83c007ac2,b53390c20d4338bc375d9251db542f54,method_a_deleted,deleted,exact,,1.0
55093065e3e927c3dbbb39a83c007ac2,eb1cf0d4791aea7608dd5f6fce565f12,method_a_deleted,deleted,exact,,1.0
55093065e3e927c3dbbb39a83c007ac2,f3b631e0e5352156923366830f6d5c67,method_a_deleted,deleted,exact,,1.0
55441f4fdf82358d95d85240a193e537,ef79cafc6690601cf97469a0bbef7f27,pair_dissolved_naturally,exact,exact,1.0,1.0
5550ad990f0615a0e2a4736a3669eadf,9b66a025b39170d3ad7c075fe66e51cb,pair_dissolved_naturally,exact,exact,1.0,1.0
5550ad990f0615a0e2a4736a3669eadf,c5504c22cc1c51866d9379955f2714be,pair_dissolved_naturally,exact,exact,1.0,1.0
5550ad990f0615a0e2a4736a3669eadf,ce6978d3d4edd86606a8b9e75b769b31,pair_dissolved_naturally,exact,exact,1.0,1.0
558c7d80a4748c5c247e805626d54b03,7ebbacd3d142e759238d75fb464aff0d,pair_dissolved_naturally,exact,exact,1.0,1.0
55a3a71fa53aa05a8f443efb8c51eb1d,665b62f740aa811f1fdc401776429275,pair_dissolved_naturally,exact,exact,1.0,1.0
55a3a71fa53aa05a8f443efb8c51eb1d,7b026994b36fbcfb3a95d895d5d4abe6,pair_dissolved_naturally,exact,exact,1.0,1.0
55a3a71fa53aa05a8f443efb8c51eb1d,bae532b1ebbdd2e537af9713ed4a7966,pair_dissolved_naturally,exact,exact,1.0,1.0
55a3a71fa53aa05a8f443efb8c51eb1d,ed2c979efd0f88dac9e043140c8dcb96,pair_dissolved_naturally,exact,exact,1.0,1.0
55c7be2ff0f067696137d93ecf3d61c1,63a8744d047dd16df98b3fc66c9a6231,pair_dissolved_naturally,exact,exact,1.0,1.0
55d04d5dc3da30dde5468c299d4a0b48,bc8ecbff20897f58422ebc5ef0d5799e,pair_dissolved_by_refactoring,signature_changed,exact,0.99,1.0
55e341e98efc097d60f0a7a821bbd3af,c49ba511749b3c0a39114b83fc17ed10,pair_dissolved_naturally,exact,exact,1.0,1.0
56030728dbbeb8518bcaf693264d4422,563dcba0add8c610e2106a971688d3bf,pair_dissolved_naturally,exact,exact,1.0,1.0
5619c3bb200752b8cec636c32c4e231c,84dd18d4f7472e7eafb696030d7c7e50,pair_dissolved_naturally,exact,exact,1.0,1.0
569b29f73fcb613c81d60f9d47cfd7b1,a3ff971ba00239ef14580ec4f754100a,pair_dissolved_naturally,exact,exact,1.0,1.0
56b84928e037fb3511d559ccc8eea38a,c9de702776b70bcae5549b7fd7339e9b,pair_dissolved_naturally,exact,exact,1.0,1.0
56b84928e037fb3511d559ccc8eea38a,d52a12e5e9593aaa140bb174c5bf24ad,pair_dissolved_naturally,exact,exact,1.0,1.0
56b84928e037fb3511d559ccc8eea38a,ed9f45d249197b38c7e6854ea7cf5048,pair_dissolved_naturally,exact,exact,1.0,1.0
56b84928e037fb3511d559ccc8eea38a,fc7335404eeef3a9517f5c5749acebf3,pair_dissolved_naturally,exact,exact,1.0,1.0
56d283a60c5998331915bb47b083040f,a7a429cd3dc25ddbcb5b8b5e1163c87c,pair_dissolved_naturally,exact,exact,1.0,1.0
56f401c06c6bbae089767aadb3321edc,e867ec0e7757d96d85b8fe5f826b44af,pair_dissolved_naturally,exact,exact,1.0,1.0
570af606a3533d63c7b462a850ec01e4,6a1f3fd81dc59403b3e58d678e657fd0,pair_dissolved_naturally,exact,exact,1.0,1.0
570af606a3533d63c7b462a850ec01e4,6ff91d3140b6daf7df09d693b4de70d6,pair_dissolved_naturally,exact,exact,1.0,1.0
570af606a3533d63c7b462a850ec01e4,ef43eb60e1cc04aeb1823107cb420435,pair_dissolved_naturally,exact,exact,1.0,1.0
570c6a5c5976e12777d321ff36190d49,689934cdeadee583c9b26da43cd2e81a,pair_dissolved_naturally,exact,exact,1.0,1.0
570c6a5c5976e12777d321ff36190d49,7b026994b36fbcfb3a95d895d5d4abe6,pair_dissolved_naturally,exact,exact,1.0,1.0
570c6a5c5976e12777d321ff36190d49,7dc7493b71e3a9a44c2e42a302025e57,pair_dissolved_naturally,exact,exact,1.0,1.0
570c6a5c5976e12777d321ff36190d49,8714dcb7df036e6f1e5af53fb1f97772,pair_dissolved_naturally,exact,exact,1.0,1.0
570c6a5c5976e12777d321ff36190d49,8a4b1385d348cd8c5a5d2218653dd9a5,pair_dissolved_by_refactoring,exact,signature_changed,1.0,0.97
570c6a5c5976e12777d321ff36190d49,b84ab04203fcb94af3c4c8bc39d95b8d,pair_dissolved_naturally,exact,exact,1.0,1.0
570c6a5c5976e12777d321ff36190d49,bae532b1ebbdd2e537af9713ed4a7966,pair_dissolved_naturally,exact,exact,1.0,1.0
570c6a5c5976e12777d321ff36190d49,ddc54515a5f77dd518a728052f57fdde,pair_dissolved_naturally,exact,exact,1.0,1.0
570c6a5c5976e12777d321ff36190d49,e371464255e166a8f49eb7ffcb555333,pair_dissolved_naturally,exact,exact,1.0,1.0
570c6a5c5976e12777d321ff36190d49,e5d48eaa4e45615ed36e9c2a89d64130,pair_dissolved_naturally,exact,exact,1.0,1.0
570c6a5c5976e12777d321ff36190d49,ed2c979efd0f88dac9e043140c8dcb96,pair_dissolved_naturally,exact,exact,1.0,1.0
570c6a5c5976e12777d321ff36190d49,f02f52759adfb0c53e270d7988ab70d5,pair_dissolved_naturally,exact,exact,1.0,1.0
572715f8c9d55854f2e27619ad3ae7da,60fdd527baece0b26f29fbc1d6ad9e7d,pair_dissolved_by_refactoring,exact,signature_changed,1.0,0.81
572715f8c9d55854f2e27619ad3ae7da,9def3ab11e5b7f70056c8d2024f43587,pair_dissolved_naturally,exact,exact,1.0,1.0
572715f8c9d55854f2e27619ad3ae7da,d4160e0557f7906386ef8e6b01151f82,pair_dissolved_naturally,exact,exact,1.0,1.0
572715f8c9d55854f2e27619ad3ae7da,d53aec51bc1052b8335b4ab7bf4a66b9,pair_dissolved_by_refactoring,exact,signature_changed,1.0,0.74
572715f8c9d55854f2e27619ad3ae7da,da191e4f21834a1559710564907be507,pair_dissolved_naturally,exact,exact,1.0,1.0
5737717138623450533f6dcfd9f1325e,5b51fa1bec4c921dfe89fa7211764ed4,pair_dissolved_naturally,exact,exact,1.0,1.0
5737717138623450533f6dcfd9f1325e,5d757dbbb07bb17874bcb63ca28c0444,pair_dissolved_naturally,exact,exact,1.0,1.0
5737717138623450533f6dcfd9f1325e,f6a960723b0164359925e256ffc229f7,pair_dissolved_naturally,exact,exact,1.0,1.0
57705a4999902e49b0ee91b5acb03bc9,5d757dbbb07bb17874bcb63ca28c0444,pair_dissolved_naturally,exact,exact,1.0,1.0
57705a4999902e49b0ee91b5acb03bc9,7ebbacd3d142e759238d75fb464aff0d,pair_dissolved_naturally,exact,exact,1.0,1.0
57705a4999902e49b0ee91b5acb03bc9,d5dc6d956f07ea7e4526920b52b236a1,pair_dissolved_naturally,exact,exact,1.0,1.0
57885bbcf2f7eab3383a67e2801e0b83,9213afb68eab52da0121d834ae7625f1,pair_dissolved_by_refactoring,signature_changed,exact,1.0,1.0
57d1c9f630d0a6c291b174876cc5d5ea,bdcc59371126421ce2212f0e686fb8d7,pair_dissolved_naturally,exact,exact,1.0,1.0
57ea5b2ac8ec693ddb33c1de458bfcfa,b3961a36c0ebff2a6d6cc66c2c46afdf,pair_dissolved_naturally,exact,exact,1.0,1.0
57f45e1920b9e39296d0f288f47dc03f,81a972393c3e6d2f93420a9104a2b42f,pair_dissolved_naturally,exact,exact,1.0,1.0
581aae1671523d7c9258beac3b1331dc,baded1f33e6d21d8a4a4a25a17ecfce9,pair_dissolved_naturally,exact,exact,1.0,1.0
58597c1a5130abe3f15e55c4fcefe917,b6f30cb77b5fe810091c80e059f6358e,pair_dissolved_by_refactoring,unknown,refactored,,0.75
589cd986754991ffd667dfd4d2650d85,5d757dbbb07bb17874bcb63ca28c0444,pair_dissolved_naturally,exact,exact,1.0,1.0
589cd986754991ffd667dfd4d2650d85,d5dc6d956f07ea7e4526920b52b236a1,pair_dissolved_naturally,exact,exact,1.0,1.0
58c734e41803e638218aeb9a322d3073,5d757dbbb07bb17874bcb63ca28c0444,pair_dissolved_naturally,exact,exact,1.0,1.0
58c734e41803e638218aeb9a322d3073,7ebbacd3d142e759238d75fb464aff0d,pair_dissolved_naturally,exact,exact,1.0,1.0
58c734e41803e638218aeb9a322d3073,d5dc6d956f07ea7e4526920b52b236a1,pair_dissolved_naturally,exact,exact,1.0,1.0
58c734e41803e638218aeb9a322d3073,f15b21da974d4b289a8a26842eb2e8af,pair_dissolved_naturally,exact,exact,1.0,1.0
58e92cd16f2fa29fd88bff4842c13fe9,7b026994b36fbcfb3a95d895d5d4abe6,pair_dissolved_naturally,exact,exact,1.0,1.0
58e92cd16f2fa29fd88bff4842c13fe9,bae532b1ebbdd2e537af9713ed4a7966,pair_dissolved_naturally,exact,exact,1.0,1.0
58e92cd16f2fa29fd88bff4842c13fe9,c9989b27cdcfbbc7fd47d87d17c93831,method_b_deleted,exact,deleted,1.0,
58e92cd16f2fa29fd88bff4842c13fe9,f02f52759adfb0c53e270d7988ab70d5,pair_dissolved_naturally,exact,exact,1.0,1.0
592b98c01ef440d9ef1bee213d42636f,5eeeea0412729fa989d3a4b32a1564fa,pair_dissolved_by_refactoring,signature_changed,exact,1.0,1.0
592b98c01ef440d9ef1bee213d42636f,fe56e48d1143f9afe2334ba5c10ec147,pair_dissolved_by_refactoring,signature_changed,exact,1.0,1.0
5973aa33826ec2a0717d449e0bbc5cdb,9e0e0b5ff22e54de1bf611a28036e445,pair_dissolved_by_refactoring,exact,signature_changed,1.0,1.0
599903c8e3108ca1acf6af4646946601,8587e726319121acddd6c94785af57df,pair_dissolved_naturally,exact,exact,1.0,1.0
59a487417544132e9c36725e2012239a,cf3a1db66112a9b249d01718f843cdc1,pair_dissolved_naturally,exact,exact,1.0,1.0
59bb35cbc2958a6343b8d67d80d75b0a,67d8c4f755b22478d0253f9493a51b9c,pair_dissolved_naturally,exact,exact,1.0,1.0
5a0539f6284f1da9fcca1cbc8bd6a7d1,84291ba2051658a4d2a122d1480cda3a,pair_dissolved_naturally,exact,exact,1.0,1.0
5a52cd355510bd925fad87bd3f419161,92601e2d3548a477033dec636d4cd843,pair_dissolved_naturally,exact,exact,1.0,1.0
5a52cd355510bd925fad87bd3f419161,e0bc445137c4097325344a9fbf641b24,pair_dissolved_naturally,exact,exact,1.0,1.0
5a61bcea97ccd89cbc81749086f2466d,8ed3e39ef17f664ba5d36d6fd679ce3a,pair_dissolved_by_refactoring,signature_changed,signature_changed,1.0,1.0
5a7b57b5469c5da321ace8a7621a673d,5b51fa1bec4c921dfe89fa7211764ed4,pair_dissolved_naturally,exact,exact,1.0,1.0
5aa699e7ace4eca33cb81a291c990e9c,e084ca75112db6dcbeeb4b703792508d,pair_dissolved_naturally,exact,exact,1.0,1.0
5ac4b82b7e5ea109dbcb891fb6ca9e23,71e6137d661759aeb42275a398b820d2,pair_dissolved_naturally,exact,exact,1.0,1.0
5ae5a280f7743e77b5c6fca35f50ee80,5fc8a7e61c1d6463fa342f25bf7706b9,pair_dissolved_naturally,exact,exact,1.0,1.0
5ae5a280f7743e77b5c6fca35f50ee80,64cac86245e9e532fa0212080c31d693,pair_dissolved_naturally,exact,exact,1.0,1.0
5ae5a280f7743e77b5c6fca35f50ee80,75c8d68e13c4591905d34b822c85d743,pair_dissolved_naturally,exact,exact,1.0,1.0
5ae5a280f7743e77b5c6fca35f50ee80,9295b4212327ff6097a50e28972ec9db,pair_dissolved_naturally,exact,exact,1.0,1.0
5ae5a280f7743e77b5c6fca35f50ee80,a6d6875c2500a67b579c9609611de769,pair_dissolved_naturally,exact,exact,1.0,1.0
5ae5a280f7743e77b5c6fca35f50ee80,b93ff050bc8cc544f875174d6c64d51a,pair_dissolved_naturally,exact,exact,1.0,1.0
5ae5a280f7743e77b5c6fca35f50ee80,d8bd409a61eed0290d225be07489b42c,pair_dissolved_naturally,exact,exact,1.0,1.0
5ae5a280f7743e77b5c6fca35f50ee80,ec2b16be29a1fce84d9787a5dff47794,pair_dissolved_naturally,exact,exact,1.0,1.0
5b28ea2372dc95ce7902cd44a4074c19,c4efa54c2540d009d46c45beb7dde41b,pair_dissolved_naturally,exact,exact,1.0,1.0
5b45fa7314ab8b76e9bd55dbffd93b9d,b9a700fb28fd97d4f1c8d7b2c27fc9c9,pair_dissolved_naturally,exact,exact,1.0,1.0
5b45fa7314ab8b76e9bd55dbffd93b9d,e1a48b4709533823cf00c4c07ec1bbc7,pair_dissolved_naturally,exact,exact,1.0,1.0
5b46fad11e65fbf5883dd70c0625203c,7c8e853ad53c0161fc83c1425924ea54,pair_dissolved_naturally,exact,exact,1.0,1.0
5b51fa1bec4c921dfe89fa7211764ed4,64381560125b6fea9663d5a40a49f8af,pair_dissolved_naturally,exact,exact,1.0,1.0
5b51fa1bec4c921dfe89fa7211764ed4,663888d5474dfa1345d1c6bb69325a3e,pair_dissolved_naturally,exact,exact,1.0,1.0
5b51fa1bec4c921dfe89fa7211764ed4,6663badef695a2c2f04d4df10a65a961,pair_dissolved_naturally,exact,exact,1.0,1.0
5b51fa1bec4c921dfe89fa7211764ed4,6b2204839735cb7bf1081d46e8739da7,pair_dissolved_naturally,exact,exact,1.0,1.0
5b51fa1bec4c921dfe89fa7211764ed4,6baaf5fa654c77aa37e34dbed930dfed,pair_dissolved_naturally,exact,exact,1.0,1.0
5b51fa1bec4c921dfe89fa7211764ed4,6e4c98f700c7ebe963c96db55985d4e3,pair_dissolved_naturally,exact,exact,1.0,1.0
5b51fa1bec4c921dfe89fa7211764ed4,785b80a38bbcf682106c52f06c336fd2,pair_dissolved_naturally,exact,exact,1.0,1.0
5b51fa1bec4c921dfe89fa7211764ed4,8587e726319121acddd6c94785af57df,pair_dissolved_naturally,exact,exact,1.0,1.0
5b51fa1bec4c921dfe89fa7211764ed4,a743036ed1f9d134a8a50546e763df53,pair_dissolved_naturally,exact,exact,1.0,1.0
5b51fa1bec4c921dfe89fa7211764ed4,b68fd5ba8157b7bd382a43453e53e390,pair_dissolved_naturally,exact,exact,1.0,1.0
5b51fa1bec4c921dfe89fa7211764ed4,e726492d30ba647aff35e0dc5c0942a6,pair_dissolved_naturally,exact,exact,1.0,1.0
5b51fa1bec4c921dfe89fa7211764ed4,f8df199a07b834ea66677339caa28bc4,pair_dissolved_naturally,exact,exact,1.0,1.0
5b66b1b08922a5a8c8275362b110d1c2,6663badef695a2c2f04d4df10a65a961,pair_dissolved_naturally,exact,exact,1.0,1.0
5b66b1b08922a5a8c8275362b110d1c2,8d41407c9e21b4deac8c3a2f051da9d2,pair_dissolved_naturally,exact,exact,1.0,1.0
5b66b1b08922a5a8c8275362b110d1c2,e726492d30ba647aff35e0dc5c0942a6,pair_dissolved_naturally,exact,exact,1.0,1.0
5b7c7b03b56296b0867fe6fce45f18db,ba60ef6be6e862c4625aecc5475e22b7,pair_dissolved_naturally,exact,exact,1.0,1.0
5b7c7b03b56296b0867fe6fce45f18db,e5d6950904f8c757b51283ab13f79b32,pair_dissolved_naturally,exact,exact,1.0,1.0
5b7c7b03b56296b0867fe6fce45f18db,f79dba7e0497196a5e02c1684fd12b38,pair_dissolved_naturally,exact,exact,1.0,1.0
5b84b229e251b34fefc79ceb1a0114f4,f6d1645468ef50fb0accb2d38d2bfd1e,pair_dissolved_naturally,exact,exact,1.0,1.0
5bc0cb3be979a61f27b5fe3516264090,b4da9e114e4030c7323beeb38e69abcb,pair_dissolved_naturally,exact,exact,1.0,1.0
5bc0cb3be979a61f27b5fe3516264090,bbbaba0bb770a7dd1ca2e3bba17ffd88,pair_dissolved_naturally,exact,exact,1.0,1.0
5bc0cb3be979a61f27b5fe3516264090,c57fc1de8bf4592f427c36b3d0a53c26,pair_dissolved_naturally,exact,exact,1.0,1.0
5bd11da68810cebf1c5db26fd3e7c378,d68427136e0848633321f4e02966ad27,pair_dissolved_naturally,exact,exact,1.0,1.0
5bd1dc288e62cc1337573d0333fe79ca,cdb7714108d402baab6cfbfddee42895,pair_dissolved_naturally,exact,exact,1.0,1.0
5bd31551ba381dbee23005f36031245d,b6fa7142063b6d0434976698c9bb56c7,pair_dissolved_naturally,exact,exact,1.0,1.0
5bd31551ba381dbee23005f36031245d,d8f7da02e1283904238933b4efb20392,pair_dissolved_naturally,exact,exact,1.0,1.0
5bf6afcc019db545a46b767de0809762,75bf62737a3f7063bbad4a6029b371d5,pair_dissolved_naturally,exact,exact,1.0,1.0
5bf6afcc019db545a46b767de0809762,81b8837b5e6f52694493748d73867a3b,pair_dissolved_naturally,exact,exact,1.0,1.0
5c01befe3a779e98cd582457119b12dd,82ef34de411c1d415358b10de69a7f23,pair_dissolved_naturally,exact,exact,1.0,1.0
5c01befe3a779e98cd582457119b12dd,a34a4f27e11f1fcc682f55bb45597583,pair_dissolved_naturally,exact,exact,1.0,1.0
5c3d677ed8b2176d2a0808633298c467,d68427136e0848633321f4e02966ad27,pair_dissolved_naturally,exact,exact,1.0,1.0
5c4a5ee78af20342045aae0b35cfde13,dd1e4d7f119f774125d6ac19576ada39,pair_dissolved_naturally,exact,exact,1.0,1.0
5d2050bd6eb2a43e8c7ef7528ca5070d,f82e09c83a102dbd2059f663bdb55659,pair_dissolved_naturally,exact,exact,1.0,1.0
5d3de1ed625fb128d8d139616e5fffa9,8e86669bd6874a4ef88a0439caf5e2a7,pair_dissolved_naturally,exact,exact,1.0,1.0
5d6c387c4ded9a5e5054c37c88f73947,9592a5c869d84a49c6616f70ffc12c4c,pair_dissolved_naturally,exact,exact,1.0,1.0
5d757dbbb07bb17874bcb63ca28c0444,64381560125b6fea9663d5a40a49f8af,pair_dissolved_naturally,exact,exact,1.0,1.0
5d757dbbb07bb17874bcb63ca28c0444,6663badef695a2c2f04d4df10a65a961,pair_dissolved_naturally,exact,exact,1.0,1.0
5d757dbbb07bb17874bcb63ca28c0444,6b2204839735cb7bf1081d46e8739da7,pair_dissolved_naturally,exact,exact,1.0,1.0
5d757dbbb07bb17874bcb63ca28c0444,6baaf5fa654c77aa37e34dbed930dfed,pair_dissolved_naturally,exact,exact,1.0,1.0
5d757dbbb07bb17874bcb63ca28c0444,785b80a38bbcf682106c52f06c336fd2,pair_dissolved_naturally,exact,exact,1.0,1.0
5d757dbbb07bb17874bcb63ca28c0444,787f5892c95c70ed079fb6f384be575f,pair_dissolved_naturally,exact,exact,1.0,1.0
5d757dbbb07bb17874bcb63ca28c0444,8587e726319121acddd6c94785af57df,pair_dissolved_naturally,exact,exact,1.0,1.0
5d757dbbb07bb17874bcb63ca28c0444,a1703a55e1cedae0c733cff9ce9a5d49,pair_dissolved_naturally,exact,exact,1.0,1.0
5d757dbbb07bb17874bcb63ca28c0444,a81e226fd81222d5633bc72eb6c5fc22,pair_dissolved_naturally,exact,exact,1.0,1.0
5d757dbbb07bb17874bcb63ca28c0444,d9d43c043ac6949a9cdf9ec6ef457602,pair_dissolved_by_refactoring,exact,signature_changed,1.0,1.0
5d757dbbb07bb17874bcb63ca28c0444,dc191bbec37fc53a5a0fec0e7edd4eba,pair_dissolved_naturally,exact,exact,1.0,1.0
5d757dbbb07bb17874bcb63ca28c0444,e726492d30ba647aff35e0dc5c0942a6,pair_dissolved_naturally,exact,exact,1.0,1.0
5d757dbbb07bb17874bcb63ca28c0444,f426bc0d6c6df6fc306a1afd12806757,pair_dissolved_naturally,exact,exact,1.0,1.0
5dcac1542d74efcd954c06e8d9d56f9b,7fa1f2dfcc640fad7745c9cf0a38e195,pair_dissolved_by_refactoring,signature_changed,signature_changed,1.0,1.0
5de52e609b209e454decd56f7ed1ff8b,811241e51c4d38c16d453aa529c8e6b6,pair_dissolved_by_refactoring,exact,signature_changed,1.0,0.96
5de52e609b209e454decd56f7ed1ff8b,b48d6e225e7f826be28dd2ff360bbd8c,pair_dissolved_naturally,exact,exact,1.0,1.0
5e052bb1d8c9b49a4567ba4679952743,d76a9fbbafdab3a9790dca49e646452d,pair_dissolved_naturally,exact,exact,1.0,1.0
5e09df3148a1c35bb1324459bd7b7ce2,fd822ed38a99bee8735c58e830529ee2,pair_dissolved_by_refactoring,signature_changed,exact,0.81,1.0
5e221de55ee7ffa9959e1382d6e90c86,70b6eb443ca7871a5c6b4057f04f4555,pair_dissolved_by_refactoring,signature_changed,signature_changed,0.98,0.98
5e221de55ee7ffa9959e1382d6e90c86,cc24e64e73cb43cbcdf6eadc0eef77da,pair_dissolved_by_refactoring,signature_changed,signature_changed,0.98,0.98
5e5bb93c8b94ed11d2fec3ce6fa6f810,ae6dd1eeb84f5af2e7f9ff4e4b497df5,pair_dissolved_naturally,exact,exact,1.0,1.0
5e5df0519142797be73bc6b5a032a32e,611e4ab2bbf097919a40fdc2ce862602,pair_dissolved_naturally,exact,exact,1.0,1.0
5e5df0519142797be73bc6b5a032a32e,7b026994b36fbcfb3a95d895d5d4abe6,pair_dissolved_naturally,exact,exact,1.0,1.0
5e5df0519142797be73bc6b5a032a32e,bae532b1ebbdd2e537af9713ed4a7966,pair_dissolved_naturally,exact,exact,1.0,1.0
5e5df0519142797be73bc6b5a032a32e,ddc54515a5f77dd518a728052f57fdde,pair_dissolved_naturally,exact,exact,1.0,1.0
5e5df0519142797be73bc6b5a032a32e,ed2c979efd0f88dac9e043140c8dcb96,pair_dissolved_naturally,exact,exact,1.0,1.0
5e5df0519142797be73bc6b5a032a32e,f5a4f3d5fbe0f0cfb88cf2b2f7ee50c0,pair_dissolved_naturally,exact,exact,1.0,1.0
5e7c78505b6ae24283889457484c6f06,cd7f5bb0b7bcdad47424fb0bfac4dddc,pair_dissolved_naturally,exact,exact,1.0,1.0
5e7c78505b6ae24283889457484c6f06,cd9b9248eb3d4c80e9ac06ec7bb446d7,pair_dissolved_naturally,exact,exact,1.0,1.0
5e7c78505b6ae24283889457484c6f06,e58874455c41f04b7a1ebcc71cf76bf8,pair_dissolved_naturally,exact,exact,1.0,1.0
5ea353d114831a5e389c19567ea5ede5,e4583e21ea6ce3b361cb9edfe7b81617,pair_dissolved_naturally,exact,exact,1.0,1.0
5eb192d01d1e8c95a9ecade0a3d0991b,89543dce06d1516ce7dedf1caf927399,pair_dissolved_naturally,exact,exact,1.0,1.0
5eb192d01d1e8c95a9ecade0a3d0991b,99bbe3c1490ed88f635c525eb7007628,pair_dissolved_naturally,exact,exact,1.0,1.0
5eb192d01d1e8c95a9ecade0a3d0991b,a25d2cd3011c56c218bd6ebbb67af0d8,pair_dissolved_naturally,exact,exact,1.0,1.0
5ed3b080d376ece9d368707c461a2cda,db99a54bf17410902b3b2ba6613a36a0,pair_dissolved_naturally,exact,exact,1.0,1.0
5ee5269a68bffa8767a7f97509617722,960055bd774f5db50767c2966a55953b,pair_dissolved_naturally,exact,exact,1.0,1.0
5f6bb2a65cf2cc6fff57a2ffe21ce372,eacfbb0a710fb63946600028e9ab4e78,pair_dissolved_by_refactoring,signature_changed,signature_changed,0.91,0.94
5f84d54d371e2ee2b19d9e644a1b9911,5f9b34ea416c2f6452532c2c8399098c,pair_dissolved_by_refactoring,signature_changed,unknown,1.0,
5f84d54d371e2ee2b19d9e644a1b9911,73dd503575fccf8368f266d320667378,pair_dissolved_by_refactoring,signature_changed,signature_changed,1.0,1.0
5f84d54d371e2ee2b19d9e644a1b9911,e71bd4363cfc9652598aecae667dbdf3,pair_dissolved_by_refactoring,signature_changed,exact,1.0,1.0
5f898a1b81810f2fad6cbf73b339970b,81fb003f9f6318fba44f8e7821ad6a98,pair_dissolved_naturally,exact,exact,1.0,1.0
5f9b34ea416c2f6452532c2c8399098c,655cb4244873224f79cb84e06989572a,pair_dissolved_naturally,unknown,unknown,,
5f9b34ea416c2f6452532c2c8399098c,73dd503575fccf8368f266d320667378,pair_dissolved_by_refactoring,unknown,signature_changed,,1.0
5f9b34ea416c2f6452532c2c8399098c,e71bd4363cfc9652598aecae667dbdf3,pair_dissolved_naturally,unknown,exact,,1.0
5fc0971f37dd7f82cf891bd1c6114c9e,963dbc44c8bf4abf1388b4a91da8f56b,pair_dissolved_naturally,exact,exact,1.0,1.0
5fc8a7e61c1d6463fa342f25bf7706b9,64cac86245e9e532fa0212080c31d693,pair_dissolved_naturally,exact,exact,1.0,1.0
5fc8a7e61c1d6463fa342f25bf7706b9,75c8d68e13c4591905d34b822c85d743,pair_dissolved_naturally,exact,exact,1.0,1.0
5fc8a7e61c1d6463fa342f25bf7706b9,82494615163bf2f25446be77dc319420,pair_dissolved_naturally,exact,exact,1.0,1.0
5fc8a7e61c1d6463fa342f25bf7706b9,9295b4212327ff6097a50e28972ec9db,pair_dissolved_naturally,exact,exact,1.0,1.0
5fc8a7e61c1d6463fa342f25bf7706b9,a6d6875c2500a67b579c9609611de769,pair_dissolved_naturally,exact,exact,1.0,1.0
5fc8a7e61c1d6463fa342f25bf7706b9,b93ff050bc8cc544f875174d6c64d51a,pair_dissolved_naturally,exact,exact,1.0,1.0
5fc8a7e61c1d6463fa342f25bf7706b9,d8bd409a61eed0290d225be07489b42c,pair_dissolved_naturally,exact,exact,1.0,1.0
5fc8a7e61c1d6463fa342f25bf7706b9,def0912b5f1c659fda8f276d54ed282d,pair_dissolved_naturally,exact,exact,1.0,1.0
5fc8a7e61c1d6463fa342f25bf7706b9,ec2b16be29a1fce84d9787a5dff47794,pair_dissolved_naturally,exact,exact,1.0,1.0
5fc8a7e61c1d6463fa342f25bf7706b9,ee2401fb49c256d8f92e50dbf3a4d160,pair_dissolved_naturally,exact,exact,1.0,1.0
603dd4195db57db48f648f11838b158b,967433e64c39769d8b9ec0585a1b89dc,pair_dissolved_naturally,exact,exact,1.0,1.0
603dd4195db57db48f648f11838b158b,fb5ba9702347f1cfdb7a0e5033327fa7,pair_dissolved_naturally,exact,exact,1.0,1.0
6048771564cdfef912c274b74a3328c1,89170f4f0e6018503a69a7c0942600dc,pair_dissolved_by_refactoring,signature_changed,signature_changed,0.99,1.0
60763d7a697378a18c4f4d6f7bc22135,a982cf5729dad8ecb71c5cb3e4e6491b,pair_dissolved_naturally,exact,exact,1.0,1.0
60763d7a697378a18c4f4d6f7bc22135,d1478fac271e465d959cceab8695722c,pair_dissolved_naturally,exact,exact,1.0,1.0
60763d7a697378a18c4f4d6f7bc22135,dcb7727aa1792a84abc8b7efc124a0d0,pair_dissolved_naturally,exact,exact,1.0,1.0
60763d7a697378a18c4f4d6f7bc22135,e956e136901857481b89c798a6248a3c,pair_dissolved_naturally,exact,exact,1.0,1.0
60763d7a697378a18c4f4d6f7bc22135,f0c47a51445908e133447f491ae07f09,pair_dissolved_naturally,exact,exact,1.0,1.0
607ae40c118bf4d88aa5bbe54df89c75,69ba5673034cb6f3c8155f56d0167328,pair_dissolved_naturally,exact,exact,1.0,1.0
607ae40c118bf4d88aa5bbe54df89c75,865a4f310016eaffcd1a3a7117b43d53,pair_dissolved_naturally,exact,exact,1.0,1.0
607fbb23f34c7ae53858130fef89e2b8,7b026994b36fbcfb3a95d895d5d4abe6,pair_dissolved_naturally,exact,exact,1.0,1.0
607fbb23f34c7ae53858130fef89e2b8,bae532b1ebbdd2e537af9713ed4a7966,pair_dissolved_naturally,exact,exact,1.0,1.0
607fbb23f34c7ae53858130fef89e2b8,ed2c979efd0f88dac9e043140c8dcb96,pair_dissolved_naturally,exact,exact,1.0,1.0
607fbb23f34c7ae53858130fef89e2b8,fe0c04e85071cc21be49cf586b9e9988,pair_dissolved_naturally,exact,exact,1.0,1.0
60fdd527baece0b26f29fbc1d6ad9e7d,9def3ab11e5b7f70056c8d2024f43587,pair_dissolved_by_refactoring,signature_changed,exact,0.81,1.0
60fdd527baece0b26f29fbc1d6ad9e7d,d4160e0557f7906386ef8e6b01151f82,pair_dissolved_by_refactoring,signature_changed,exact,0.81,1.0
60fdd527baece0b26f29fbc1d6ad9e7d,d53aec51bc1052b8335b4ab7bf4a66b9,pair_dissolved_by_refactoring,signature_changed,signature_changed,0.81,0.74
60fdd527baece0b26f29fbc1d6ad9e7d,da191e4f21834a1559710564907be507,pair_dissolved_by_refactoring,signature_changed,exact,0.81,1.0
611e4ab2bbf097919a40fdc2ce862602,d7fff0144aff799daa6037d6cc41e09c,pair_dissolved_by_refactoring,exact,signature_changed,1.0,1.0
6121df50440f6e3a9bbd9f59fd12aba2,edd75641859c0844ab930797bbb364b5,pair_dissolved_naturally,exact,exact,1.0,1.0
6121df50440f6e3a9bbd9f59fd12aba2,f1f042276901f16d4208d30cda69feb7,pair_dissolved_naturally,exact,exact,1.0,1.0
616ea3bf4d86a967e25c9b654e4f8027,6663badef695a2c2f04d4df10a65a961,pair_dissolved_naturally,exact,exact,1.0,1.0
616ea3bf4d86a967e25c9b654e4f8027,8587e726319121acddd6c94785af57df,pair_dissolved_naturally,exact,exact,1.0,1.0
616ea3bf4d86a967e25c9b654e4f8027,b6401b1c58dc255970cc13156ec9a3bf,pair_dissolved_naturally,exact,exact,1.0,1.0
616ea3bf4d86a967e25c9b654e4f8027,e726492d30ba647aff35e0dc5c0942a6,pair_dissolved_naturally,exact,exact,1.0,1.0
61a5c02ac0131600c3b02f5ff586a1b2,b44c0964b8599c4b999ca6bbdba68738,pair_dissolved_naturally,exact,exact,1.0,1.0
61b93dd5cae463549072317d2547ae6a,6380f7a62a07b3c1cf8dfbd6e6494850,pair_dissolved_naturally,exact,exact,1.0,1.0
61c911d5285261f53740b7ae6036afe8,9cdd131e3020d1e128a21329256b13da,pair_dissolved_naturally,exact,exact,1.0,1.0
61c911d5285261f53740b7ae6036afe8,c051e7b45f5eb8bf8a906de34b56af66,pair_dissolved_naturally,exact,exact,1.0,1.0
61c911d5285261f53740b7ae6036afe8,e0a54de59530f733aa1f3a87321b53cd,pair_dissolved_naturally,exact,exact,1.0,1.0
6237c9223a9cad470ec0d4d095262c8c,bb63741ed07c0f3d720c8eff7b312166,pair_dissolved_by_refactoring,refactored,refactored,0.72,0.7
6237c9223a9cad470ec0d4d095262c8c,e67d33b492d92097ccde01905bf64cdb,pair_dissolved_by_refactoring,refactored,exact,0.72,1.0
6254ffffb0087838b60366080fbd4868,a212863b7c50ddb010549dc91eb43b9e,pair_dissolved_by_refactoring,signature_changed,exact,0.98,1.0
62c80abe0b862c10c54dd3640af08f67,d55ed607f9efc63651827d77d8b3cecd,pair_dissolved_naturally,exact,exact,1.0,1.0
62dfcd5e7f9b331aeef617c897a66e1d,ae082ac44298ea83966dcb71ad9ddb92,pair_dissolved_naturally,exact,exact,1.0,1.0
62dfcd5e7f9b331aeef617c897a66e1d,b7382a062c0fa544310176f71166353e,pair_dissolved_naturally,exact,exact,1.0,1.0
631c968829ae7c9479edc0834180a396,f2ac99a406e10fb9bd1cffce1686abfb,method_b_deleted,exact,deleted,1.0,
63373b6274923ad2e4ee54a8ce99ce81,99e913f9d64d69d00a099227c76ea741,pair_dissolved_naturally,exact,exact,1.0,1.0
635a8ac7444aa2d209bb4ff249462514,944187b48f2956484235248945e7216d,pair_dissolved_naturally,exact,exact,1.0,1.0
63652e90c893b2cf1d7dbbca1afaeb9e,8b7cac7d8575184d4d640288f9d7a5c4,pair_dissolved_naturally,unknown,exact,,1.0
638e2b458a7501298a6a1ed9c6e75991,d5dc6d956f07ea7e4526920b52b236a1,pair_dissolved_naturally,exact,exact,1.0,1.0
638f7313cb760f5eb42fb55a1f956769,67d8c4f755b22478d0253f9493a51b9c,pair_dissolved_naturally,exact,exact,1.0,1.0
63bd3bff9193c2a205dc75d5b4acc53f,e20e232c8d6a46574970ab137264b04e,pair_dissolved_naturally,exact,exact,1.0,1.0
63d9ffae204bbe333df5a221799e2cc6,ef79cafc6690601cf97469a0bbef7f27,pair_dissolved_naturally,exact,exact,1.0,1.0
63e9153d015f61e4154070f62142ac48,943c8d8a8d848365f09d7cd28c4a4e8a,pair_dissolved_naturally,exact,exact,1.0,1.0
63e9153d015f61e4154070f62142ac48,fb5a8793926011249e897ddfaee648a7,pair_dissolved_naturally,exact,exact,1.0,1.0
6409633f71a655792772b02e0052b6d8,7231367bc8cd59b8a400437ea52c8196,method_b_deleted,exact,deleted,1.0,
64381560125b6fea9663d5a40a49f8af,692750a5d2c79155f816b47f30df4357,pair_dissolved_naturally,exact,exact,1.0,1.0
64381560125b6fea9663d5a40a49f8af,6baaf5fa654c77aa37e34dbed930dfed,pair_dissolved_naturally,exact,exact,1.0,1.0
64381560125b6fea9663d5a40a49f8af,6d5b7f15bc781c4679d29ddbcd955b7f,pair_dissolved_naturally,exact,exact,1.0,1.0
64381560125b6fea9663d5a40a49f8af,79c577e961f1b9ec26e7b435089d9425,pair_dissolved_naturally,exact,exact,1.0,1.0
64381560125b6fea9663d5a40a49f8af,7ebbacd3d142e759238d75fb464aff0d,pair_dissolved_naturally,exact,exact,1.0,1.0
64381560125b6fea9663d5a40a49f8af,8587e726319121acddd6c94785af57df,pair_dissolved_naturally,exact,exact,1.0,1.0
64381560125b6fea9663d5a40a49f8af,97320c321e30251af91919e3eff5a917,pair_dissolved_naturally,exact,exact,1.0,1.0
64381560125b6fea9663d5a40a49f8af,98b5fb1da4c71899d2f784068ea91bc3,pair_dissolved_naturally,exact,exact,1.0,1.0
64381560125b6fea9663d5a40a49f8af,9c34580629a998613a26b656184974b5,pair_dissolved_naturally,exact,exact,1.0,1.0
64381560125b6fea9663d5a40a49f8af,a08a069cfa5175970a0f09246345c02c,pair_dissolved_naturally,exact,exact,1.0,1.0
64381560125b6fea9663d5a40a49f8af,b4e532d9dbe47b3ee8ae4f1776672c3f,pair_dissolved_naturally,exact,exact,1.0,1.0
64381560125b6fea9663d5a40a49f8af,c7d27289667cfe504bb91203c0bd6e92,pair_dissolved_by_refactoring,exact,signature_changed,1.0,1.0
64381560125b6fea9663d5a40a49f8af,cc8c9c5b9895bcdb6692ef0af59a238a,pair_dissolved_naturally,exact,exact,1.0,1.0
64381560125b6fea9663d5a40a49f8af,cfe87a3bd5655127bc8b23b2bd12afee,pair_dissolved_naturally,exact,exact,1.0,1.0
64381560125b6fea9663d5a40a49f8af,d5dc6d956f07ea7e4526920b52b236a1,pair_dissolved_naturally,exact,exact,1.0,1.0
64381560125b6fea9663d5a40a49f8af,d9815cce8636a6285ff48acd14d4805c,pair_dissolved_naturally,exact,exact,1.0,1.0
64381560125b6fea9663d5a40a49f8af,d9d43c043ac6949a9cdf9ec6ef457602,pair_dissolved_by_refactoring,exact,signature_changed,1.0,1.0
64381560125b6fea9663d5a40a49f8af,f6a960723b0164359925e256ffc229f7,pair_dissolved_naturally,exact,exact,1.0,1.0
643a2ed1d7240fefaca5188b20142e15,81a972393c3e6d2f93420a9104a2b42f,pair_dissolved_by_refactoring,signature_changed,exact,0.97,1.0
643a2ed1d7240fefaca5188b20142e15,a0ed59259c469c34807478194018f1bb,pair_dissolved_by_refactoring,signature_changed,exact,0.97,1.0
6480988484bbf170b75670154c055c39,6663badef695a2c2f04d4df10a65a961,pair_dissolved_naturally,exact,exact,1.0,1.0
6480988484bbf170b75670154c055c39,8587e726319121acddd6c94785af57df,pair_dissolved_naturally,exact,exact,1.0,1.0
6480988484bbf170b75670154c055c39,e726492d30ba647aff35e0dc5c0942a6,pair_dissolved_naturally,exact,exact,1.0,1.0
64cac86245e9e532fa0212080c31d693,75c8d68e13c4591905d34b822c85d743,pair_dissolved_naturally,exact,exact,1.0,1.0
64cac86245e9e532fa0212080c31d693,9295b4212327ff6097a50e28972ec9db,pair_dissolved_naturally,exact,exact,1.0,1.0
64cac86245e9e532fa0212080c31d693,a6d6875c2500a67b579c9609611de769,pair_dissolved_naturally,exact,exact,1.0,1.0
64cac86245e9e532fa0212080c31d693,b93ff050bc8cc544f875174d6c64d51a,pair_dissolved_naturally,exact,exact,1.0,1.0
64cac86245e9e532fa0212080c31d693,d8bd409a61eed0290d225be07489b42c,pair_dissolved_naturally,exact,exact,1.0,1.0
64cac86245e9e532fa0212080c31d693,ec2b16be29a1fce84d9787a5dff47794,pair_dissolved_naturally,exact,exact,1.0,1.0
64cac86245e9e532fa0212080c31d693,ee2401fb49c256d8f92e50dbf3a4d160,pair_dissolved_naturally,exact,exact,1.0,1.0
64dd98a7245a9f15d82af3cc4fb17827,70f0e7fa44061c9b3f602e2aeec08bb9,pair_dissolved_naturally,exact,exact,1.0,1.0
64dd98a7245a9f15d82af3cc4fb17827,b942d9453d8582740fb63c92f1c4f21f,pair_dissolved_by_refactoring,exact,refactored,1.0,0.87
64e1351990cbdcff36444ee789f92747,685f7dd13c473b2b2c1cbcf858aff200,pair_dissolved_naturally,exact,exact,1.0,1.0
64e1351990cbdcff36444ee789f92747,f40620875edc07e50139eac977a9bbfc,pair_dissolved_naturally,exact,exact,1.0,1.0
64f0f50f331d09ef77c2da8cc7ae748c,7b9f4afabe264edead33003a3d8059ff,pair_dissolved_by_refactoring,signature_changed,exact,1.0,1.0
64f0f50f331d09ef77c2da8cc7ae748c,9c36b9c350672f79168a07ef91c092f5,pair_dissolved_by_refactoring,signature_changed,exact,1.0,1.0
64f0f50f331d09ef77c2da8cc7ae748c,fd63d9b51ca17674524df28cea04310e,pair_dissolved_by_refactoring,signature_changed,exact,1.0,1.0
650e402cf0de8edd24798dce4908ce74,dfe7b52a0eb3ddf1d2a78a8c7c10a0c5,pair_dissolved_naturally,exact,exact,1.0,1.0
6516fe8a5ed07cfd37e25e8f7002c231,e858c1f793b70dced2e9dfb871a5bb77,pair_dissolved_naturally,exact,exact,1.0,1.0
655c17847d6e62f6d9baf4162a8aadfb,ef30a95b532ac2e96f74783d1494b50b,pair_dissolved_naturally,exact,exact,1.0,1.0
655cb4244873224f79cb84e06989572a,e71bd4363cfc9652598aecae667dbdf3,pair_dissolved_naturally,unknown,exact,,1.0
65b40c60c59121605b24bc06bf6c1b6a,6ef07774a02dccd5e1acba683818cc7f,pair_dissolved_naturally,exact,exact,1.0,1.0
65b5f1420413b4077d8aea1538cf2903,c5d4e6a74c51acaea851449afa0b98b0,pair_dissolved_naturally,exact,exact,1.0,1.0
65c4812856a3d36f0009e8af91ddd42e,704bce56af9b4b3fd3cc45eed4a76c7c,pair_dissolved_naturally,exact,exact,1.0,1.0
66054412891161bfe15a5d48289cd418,b58bd12fd25be54c48b135a8e4c669f5,pair_dissolved_naturally,exact,exact,1.0,1.0
663888d5474dfa1345d1c6bb69325a3e,6baaf5fa654c77aa37e34dbed930dfed,pair_dissolved_naturally,exact,exact,1.0,1.0
663888d5474dfa1345d1c6bb69325a3e,8587e726319121acddd6c94785af57df,pair_dissolved_naturally,exact,exact,1.0,1.0
663888d5474dfa1345d1c6bb69325a3e,c7d27289667cfe504bb91203c0bd6e92,pair_dissolved_by_refactoring,exact,signature_changed,1.0,1.0
663888d5474dfa1345d1c6bb69325a3e,d5dc6d956f07ea7e4526920b52b236a1,pair_dissolved_naturally,exact,exact,1.0,1.0
6651e8371548c99d6dcf56dacc0a29c5,7aca9fd4b3b6991285c051c5422123ca,pair_dissolved_naturally,exact,exact,1.0,1.0
6651e8371548c99d6dcf56dacc0a29c5,8e172cb357cde5f6f1a6de802b5019cf,pair_dissolved_naturally,exact,exact,1.0,1.0
6651e8371548c99d6dcf56dacc0a29c5,bcd9bcef2853467f810110a25b0d3395,pair_dissolved_naturally,exact,exact,1.0,1.0
665b62f740aa811f1fdc401776429275,7b026994b36fbcfb3a95d895d5d4abe6,pair_dissolved_naturally,exact,exact,1.0,1.0
665b62f740aa811f1fdc401776429275,bae532b1ebbdd2e537af9713ed4a7966,pair_dissolved_naturally,exact,exact,1.0,1.0
665b62f740aa811f1fdc401776429275,ed2c979efd0f88dac9e043140c8dcb96,pair_dissolved_naturally,exact,exact,1.0,1.0
6663a73e526c07af31b3a2a01deb2a0d,721be4a9ed6b76f7f600e94a0148a647,pair_dissolved_naturally,exact,exact,1.0,1.0
6663a73e526c07af31b3a2a01deb2a0d,a40b51c89ff1545740ba2944f0b22eef,pair_dissolved_naturally,exact,exact,1.0,1.0
6663badef695a2c2f04d4df10a65a961,692750a5d2c79155f816b47f30df4357,pair_dissolved_naturally,exact,exact,1.0,1.0
6663badef695a2c2f04d4df10a65a961,6baaf5fa654c77aa37e34dbed930dfed,pair_dissolved_naturally,exact,exact,1.0,1.0
6663badef695a2c2f04d4df10a65a961,6d5b7f15bc781c4679d29ddbcd955b7f,pair_dissolved_naturally,exact,exact,1.0,1.0
6663badef695a2c2f04d4df10a65a961,6f528d4cb02d8d85dbe2e93237c4b12d,pair_dissolved_naturally,exact,exact,1.0,1.0
6663badef695a2c2f04d4df10a65a961,787f5892c95c70ed079fb6f384be575f,pair_dissolved_naturally,exact,exact,1.0,1.0
6663badef695a2c2f04d4df10a65a961,79c577e961f1b9ec26e7b435089d9425,pair_dissolved_naturally,exact,exact,1.0,1.0
6663badef695a2c2f04d4df10a65a961,7ebbacd3d142e759238d75fb464aff0d,pair_dissolved_naturally,exact,exact,1.0,1.0
6663badef695a2c2f04d4df10a65a961,8587e726319121acddd6c94785af57df,pair_dissolved_naturally,exact,exact,1.0,1.0
6663badef695a2c2f04d4df10a65a961,8d41407c9e21b4deac8c3a2f051da9d2,pair_dissolved_naturally,exact,exact,1.0,1.0
6663badef695a2c2f04d4df10a65a961,95f172d855d381562934806ab3d9af30,pair_dissolved_naturally,exact,exact,1.0,1.0
6663badef695a2c2f04d4df10a65a961,97320c321e30251af91919e3eff5a917,pair_dissolved_naturally,exact,exact,1.0,1.0
6663badef695a2c2f04d4df10a65a961,98b5fb1da4c71899d2f784068ea91bc3,pair_dissolved_naturally,exact,exact,1.0,1.0
6663badef695a2c2f04d4df10a65a961,9c34580629a998613a26b656184974b5,pair_dissolved_naturally,exact,exact,1.0,1.0
6663badef695a2c2f04d4df10a65a961,a08a069cfa5175970a0f09246345c02c,pair_dissolved_naturally,exact,exact,1.0,1.0
6663badef695a2c2f04d4df10a65a961,b4e532d9dbe47b3ee8ae4f1776672c3f,pair_dissolved_naturally,exact,exact,1.0,1.0
6663badef695a2c2f04d4df10a65a961,b6401b1c58dc255970cc13156ec9a3bf,pair_dissolved_naturally,exact,exact,1.0,1.0
6663badef695a2c2f04d4df10a65a961,c7d27289667cfe504bb91203c0bd6e92,pair_dissolved_by_refactoring,exact,signature_changed,1.0,1.0
6663badef695a2c2f04d4df10a65a961,ca919f5411a44b64830d7f947313acf8,pair_dissolved_naturally,exact,exact,1.0,1.0
6663badef695a2c2f04d4df10a65a961,cc8c9c5b9895bcdb6692ef0af59a238a,pair_dissolved_naturally,exact,exact,1.0,1.0
6663badef695a2c2f04d4df10a65a961,cfe87a3bd5655127bc8b23b2bd12afee,pair_dissolved_naturally,exact,exact,1.0,1.0
6663badef695a2c2f04d4df10a65a961,d5dc6d956f07ea7e4526920b52b236a1,pair_dissolved_naturally,exact,exact,1.0,1.0
6663badef695a2c2f04d4df10a65a961,d9815cce8636a6285ff48acd14d4805c,pair_dissolved_naturally,exact,exact,1.0,1.0
6663badef695a2c2f04d4df10a65a961,d9d43c043ac6949a9cdf9ec6ef457602,pair_dissolved_by_refactoring,exact,signature_changed,1.0,1.0
6663badef695a2c2f04d4df10a65a961,e08b650bc0d1ebb0b0ed038bfc2d6641,pair_dissolved_naturally,exact,exact,1.0,1.0
6663badef695a2c2f04d4df10a65a961,f6a960723b0164359925e256ffc229f7,pair_dissolved_naturally,exact,exact,1.0,1.0
666f3d5af4ea4f8906d92ed5da074c46,f104d9dd407c28ee17eed0fa6ec773ed,pair_dissolved_naturally,unknown,exact,,1.0
66e1f30f54409659e5d754e773fa3f0a,c2235df452aefab1bc9289462f72151d,pair_dissolved_by_refactoring,exact,signature_changed,1.0,1.0
66e627ff333cc58a3cb1615cab253eb0,9805bf3695566755ea48a9b33e87a081,pair_dissolved_naturally,exact,exact,1.0,1.0
673be5791c08ecc53c6da6c8725c778f,75bf62737a3f7063bbad4a6029b371d5,pair_dissolved_naturally,exact,exact,1.0,1.0
673be5791c08ecc53c6da6c8725c778f,81b8837b5e6f52694493748d73867a3b,pair_dissolved_naturally,exact,exact,1.0,1.0
674b3d54aca9610a877152bdfe386cfd,e02ae97c7daebc86fd182699d91cd159,pair_dissolved_naturally,exact,exact,1.0,1.0
675b4de4742f3f9c468d766ad3caaf32,952d0760c0ad5d49daad1742690f0df7,pair_dissolved_naturally,exact,exact,1.0,1.0
67a1584edb8c8482ea05b358591a6014,7dbfe9b7042b01129967cff1bbfd6786,method_a_deleted,deleted,token_hash,,1.0
67bc07a87eeb33675b2f5439128367fc,809c85c888e95a02c088a6561ca1c1ff,pair_dissolved_naturally,exact,exact,1.0,1.0
67bd8d48215ae6f014482815ab59bf9f,703bf78cc392d99d673faece3891baaf,pair_dissolved_naturally,exact,exact,1.0,1.0
67bd8d48215ae6f014482815ab59bf9f,71800f3c438adfb819b8d7755b389413,pair_dissolved_naturally,exact,exact,1.0,1.0
67bd8d48215ae6f014482815ab59bf9f,97c4cad7b79dff95c637807b66fa5def,pair_dissolved_by_refactoring,exact,signature_changed,1.0,0.98
67bd8d48215ae6f014482815ab59bf9f,ba7bc6e4986ca28dad35c118fa602d4e,pair_dissolved_naturally,exact,exact,1.0,1.0
67bd8d48215ae6f014482815ab59bf9f,d65cf5b669c962301fe6dba2a0512bda,pair_dissolved_naturally,exact,exact,1.0,1.0
67bd8d48215ae6f014482815ab59bf9f,d7c52fbe31eca476df11d25cdc71dfd4,pair_dissolved_naturally,exact,exact,1.0,1.0
67bd8d48215ae6f014482815ab59bf9f,d7f95d5c565749d319f5b6a91a4fe9d9,pair_dissolved_naturally,exact,exact,1.0,1.0
67bd8d48215ae6f014482815ab59bf9f,dc4e04234a81652444e87f7f74e52f65,pair_dissolved_naturally,exact,exact,1.0,1.0
67bd8d48215ae6f014482815ab59bf9f,e51fa59bba0cccafc7b2dfcb8d3fa5d5,pair_dissolved_naturally,exact,exact,1.0,1.0
67bd8d48215ae6f014482815ab59bf9f,e6278584e5de30122bd351c4d4f627a4,pair_dissolved_naturally,exact,exact,1.0,1.0
67bd8d48215ae6f014482815ab59bf9f,e68cb6dce48a3b1ca0f5f165697e810c,pair_dissolved_naturally,exact,exact,1.0,1.0
67bd8d48215ae6f014482815ab59bf9f,e6c5c2372d10297300315dfaa9a59c6f,pair_dissolved_naturally,exact,exact,1.0,1.0
67bd8d48215ae6f014482815ab59bf9f,ea62a27f0b5a573cfe371768a910c9a0,pair_dissolved_naturally,exact,exact,1.0,1.0
67bd8d48215ae6f014482815ab59bf9f,ebfeec4ff3f513974ed14eb32055768c,pair_dissolved_naturally,exact,exact,1.0,1.0
67bd8d48215ae6f014482815ab59bf9f,edaf28b63734785f7016dfda14a6d967,pair_dissolved_by_refactoring,exact,signature_changed,1.0,0.93
67bd8d48215ae6f014482815ab59bf9f,f69335cf0c7743be83f004ff1d8a2ec1,pair_dissolved_naturally,exact,exact,1.0,1.0
67d8c4f755b22478d0253f9493a51b9c,9f5c003c62893da9c68f93ee1dedc8e4,pair_dissolved_naturally,exact,exact,1.0,1.0
67ed6874dbbe7cbe68e26bedec05d951,f90f7aa6c853f9ed31fbbd4963d01072,pair_dissolved_naturally,exact,exact,1.0,1.0
6801f573b4a1138726f72bf1f5d45dc5,8587e726319121acddd6c94785af57df,pair_dissolved_naturally,exact,exact,1.0,1.0
6801f573b4a1138726f72bf1f5d45dc5,cfe87a3bd5655127bc8b23b2bd12afee,pair_dissolved_naturally,exact,exact,1.0,1.0
6801f573b4a1138726f72bf1f5d45dc5,f6a960723b0164359925e256ffc229f7,pair_dissolved_naturally,exact,exact,1.0,1.0
680f03749718a9ec5159f614fe1d8030,868705fbbc51ecfda5ed39c2e93ba30a,pair_dissolved_naturally,exact,exact,1.0,1.0
6848826a0f86de13450a0ce8caf8878d,c08eab8f5592b55a14025317c246a4ac,pair_dissolved_naturally,exact,exact,1.0,1.0
6848826a0f86de13450a0ce8caf8878d,d5dc6d956f07ea7e4526920b52b236a1,pair_dissolved_naturally,exact,exact,1.0,1.0
685f7dd13c473b2b2c1cbcf858aff200,93eae7c30bf99ea0961848c4b342f6b3,pair_dissolved_naturally,exact,exact,1.0,1.0
685f7dd13c473b2b2c1cbcf858aff200,e914e75645e95085b9e1db919e0b17f7,pair_dissolved_naturally,exact,exact,1.0,1.0
685f7dd13c473b2b2c1cbcf858aff200,f40620875edc07e50139eac977a9bbfc,pair_dissolved_naturally,exact,exact,1.0,1.0
689934cdeadee583c9b26da43cd2e81a,7b026994b36fbcfb3a95d895d5d4abe6,pair_dissolved_naturally,exact,exact,1.0,1.0
689934cdeadee583c9b26da43cd2e81a,86b47db165e6651f3485a3fb83adb754,pair_dissolved_naturally,exact,exact,1.0,1.0
689934cdeadee583c9b26da43cd2e81a,8714dcb7df036e6f1e5af53fb1f97772,pair_dissolved_naturally,exact,exact,1.0,1.0
689934cdeadee583c9b26da43cd2e81a,87eb76512d998911b5284b73613cb337,pair_dissolved_by_refactoring,exact,signature_changed,1.0,0.98
689934cdeadee583c9b26da43cd2e81a,8a29d7ac2bfc733e795b8ddee7caf073,pair_dissolved_by_refactoring,exact,signature_changed,1.0,0.99
689934cdeadee583c9b26da43cd2e81a,b84ab04203fcb94af3c4c8bc39d95b8d,pair_dissolved_naturally,exact,exact,1.0,1.0
689934cdeadee583c9b26da43cd2e81a,c05ca84f950af644456f453870549a68,pair_dissolved_naturally,exact,exact,1.0,1.0
689934cdeadee583c9b26da43cd2e81a,ddc54515a5f77dd518a728052f57fdde,pair_dissolved_naturally,exact,exact,1.0,1.0
689934cdeadee583c9b26da43cd2e81a,e371464255e166a8f49eb7ffcb555333,pair_dissolved_naturally,exact,exact,1.0,1.0
689934cdeadee583c9b26da43cd2e81a,ed2c979efd0f88dac9e043140c8dcb96,pair_dissolved_naturally,exact,exact,1.0,1.0
68a9f97f2b0e833e8649c65cb3162a98,a9a385bad56fea73c96315363c0e5b0e,pair_dissolved_naturally,exact,exact,1.0,1.0
68a9f97f2b0e833e8649c65cb3162a98,cc3179513b813c1df4573152cc72b154,pair_dissolved_naturally,exact,exact,1.0,1.0
68a9f97f2b0e833e8649c65cb3162a98,e64e3429f2c18849ba90b8c90f7cb0fa,pair_dissolved_naturally,exact,exact,1.0,1.0
68a9f97f2b0e833e8649c65cb3162a98,ed472583217ec23d0454de060bec2020,pair_dissolved_naturally,exact,exact,1.0,1.0
68f4354fba9f5d4aa4ab3241ba6047f8,d5643db4a0764ac33db7e72c2cb70621,pair_dissolved_naturally,exact,exact,1.0,1.0
692750a5d2c79155f816b47f30df4357,6b2204839735cb7bf1081d46e8739da7,pair_dissolved_naturally,exact,exact,1.0,1.0
692750a5d2c79155f816b47f30df4357,6baaf5fa654c77aa37e34dbed930dfed,pair_dissolved_naturally,exact,exact,1.0,1.0
692750a5d2c79155f816b47f30df4357,785b80a38bbcf682106c52f06c336fd2,pair_dissolved_naturally,exact,exact,1.0,1.0
692750a5d2c79155f816b47f30df4357,8587e726319121acddd6c94785af57df,pair_dissolved_naturally,exact,exact,1.0,1.0
692750a5d2c79155f816b47f30df4357,d9d43c043ac6949a9cdf9ec6ef457602,pair_dissolved_by_refactoring,exact,signature_changed,1.0,1.0
692750a5d2c79155f816b47f30df4357,e726492d30ba647aff35e0dc5c0942a6,pair_dissolved_naturally,exact,exact,1.0,1.0
6962487ef3d7234e80b70e5a6f44c785,9d194762ef91994669ecaa89563cbb94,pair_dissolved_by_refactoring,exact,signature_changed,1.0,1.0
6962487ef3d7234e80b70e5a6f44c785,b58bd12fd25be54c48b135a8e4c669f5,pair_dissolved_naturally,exact,exact,1.0,1.0
69ba5673034cb6f3c8155f56d0167328,703bf78cc392d99d673faece3891baaf,pair_dissolved_naturally,exact,exact,1.0,1.0
69ba5673034cb6f3c8155f56d0167328,71800f3c438adfb819b8d7755b389413,pair_dissolved_naturally,exact,exact,1.0,1.0
69ba5673034cb6f3c8155f56d0167328,865a4f310016eaffcd1a3a7117b43d53,pair_dissolved_naturally,exact,exact,1.0,1.0
69ba5673034cb6f3c8155f56d0167328,d1e741cc1de83b35054c8679ab4084fd,pair_dissolved_naturally,exact,exact,1.0,1.0
69ba5673034cb6f3c8155f56d0167328,d7c52fbe31eca476df11d25cdc71dfd4,pair_dissolved_naturally,exact,exact,1.0,1.0
69e20666d8b7e79db422b85862d30cbb,7182b9eedcf0dda09ca8e5baadeb530a,pair_dissolved_naturally,exact,exact,1.0,1.0
69e20666d8b7e79db422b85862d30cbb,73dd4f61d955d0528a209fc81dfa74b7,pair_dissolved_naturally,exact,exact,1.0,1.0
69ec5caa3d24bc3333a53f44e2476450,75bf62737a3f7063bbad4a6029b371d5,pair_dissolved_naturally,exact,exact,1.0,1.0
69ec5caa3d24bc3333a53f44e2476450,81b8837b5e6f52694493748d73867a3b,pair_dissolved_naturally,exact,exact,1.0,1.0
69fec695c2f64594319f48a49abf231f,75bf62737a3f7063bbad4a6029b371d5,pair_dissolved_naturally,exact,exact,1.0,1.0
69fec695c2f64594319f48a49abf231f,81b8837b5e6f52694493748d73867a3b,pair_dissolved_naturally,exact,exact,1.0,1.0
6a01b1eb40244a7b594579f9b75adc4d,f104d9dd407c28ee17eed0fa6ec773ed,pair_dissolved_naturally,exact,exact,1.0,1.0
6a1f3fd81dc59403b3e58d678e657fd0,ef43eb60e1cc04aeb1823107cb420435,pair_dissolved_naturally,exact,exact,1.0,1.0
6a2d76da2e185648f13c183a5043b1e3,c9989b27cdcfbbc7fd47d87d17c93831,both_deleted,deleted,deleted,,
6a45b8c78da3254e325c1f2aafb52ba1,82ef34de411c1d415358b10de69a7f23,pair_dissolved_naturally,exact,exact,1.0,1.0
6a45b8c78da3254e325c1f2aafb52ba1,a829e8b48aa1a25922e65543220695d9,pair_dissolved_naturally,exact,exact,1.0,1.0
6a62937fe9d99e40958ee074b3361b84,adec226a5b4a7252506b1f79a1f93b5d,pair_dissolved_naturally,exact,exact,1.0,1.0
6a924dca7ac6ff763635c0e8a8cd9e87,d09b9332e8764b9c980e0b167395e97a,pair_dissolved_naturally,exact,exact,1.0,1.0
6acdc8ca4003411f24d44e9f7d834669,9af5b7ee8478526e498ac4342491ed23,pair_dissolved_naturally,exact,exact,1.0,1.0
6b152911612f8803c592017928b750db,eedce98ce3a33c88329b7fffb7d2f250,pair_dissolved_naturally,exact,exact,1.0,1.0
6b1cd6862288f4a2c76934ee14c0159f,6b1cd6862288f4a2c76934ee14c0159f,pair_dissolved_naturally,exact,exact,1.0,1.0
6b1cd6862288f4a2c76934ee14c0159f,e5e43abfbbb05741b5b7b055b4054b77,pair_dissolved_naturally,exact,unknown,1.0,
6b1ff6ed9ed3167047164f6f0e872762,854dc50e18b6b8f0a09625d5c8a149af,pair_dissolved_by_refactoring,signature_changed,renamed,0.93,0.95
6b2204839735cb7bf1081d46e8739da7,79c577e961f1b9ec26e7b435089d9425,pair_dissolved_naturally,exact,exact,1.0,1.0
6b2204839735cb7bf1081d46e8739da7,944187b48f2956484235248945e7216d,pair_dissolved_naturally,exact,exact,1.0,1.0
6b2204839735cb7bf1081d46e8739da7,9997354751c41ea9ecfab79d778acef2,pair_dissolved_naturally,exact,exact,1.0,1.0
6b2204839735cb7bf1081d46e8739da7,9c34580629a998613a26b656184974b5,pair_dissolved_naturally,exact,exact,1.0,1.0
6b2204839735cb7bf1081d46e8739da7,a5a8b78b23ad7ca0237d4ed91a7abcd4,pair_dissolved_naturally,exact,exact,1.0,1.0
6b2204839735cb7bf1081d46e8739da7,b4e532d9dbe47b3ee8ae4f1776672c3f,pair_dissolved_naturally,exact,exact,1.0,1.0
6b2204839735cb7bf1081d46e8739da7,c7d27289667cfe504bb91203c0bd6e92,pair_dissolved_by_refactoring,exact,signature_changed,1.0,1.0
6b2204839735cb7bf1081d46e8739da7,d5dc6d956f07ea7e4526920b52b236a1,pair_dissolved_naturally,exact,exact,1.0,1.0
6b41b35b42064f7db52e2b3e10ea917a,baec0fb405ac44f3eae338ec836e4d67,pair_dissolved_naturally,exact,exact,1.0,1.0
6b423be2bd6b369886533b02ccf0976c,e956e136901857481b89c798a6248a3c,pair_dissolved_naturally,exact,exact,1.0,1.0
6baaf5fa654c77aa37e34dbed930dfed,6d5b7f15bc781c4679d29ddbcd955b7f,pair_dissolved_naturally,exact,exact,1.0,1.0
6baaf5fa654c77aa37e34dbed930dfed,72e2f9f6d3e541efbef1418b4dd295ca,pair_dissolved_naturally,exact,exact,1.0,1.0
6baaf5fa654c77aa37e34dbed930dfed,785b80a38bbcf682106c52f06c336fd2,pair_dissolved_naturally,exact,exact,1.0,1.0
6baaf5fa654c77aa37e34dbed930dfed,7ebbacd3d142e759238d75fb464aff0d,pair_dissolved_naturally,exact,exact,1.0,1.0
6baaf5fa654c77aa37e34dbed930dfed,8587e726319121acddd6c94785af57df,pair_dissolved_naturally,exact,exact,1.0,1.0
6baaf5fa654c77aa37e34dbed930dfed,8e0eafdb6d3f4d82a4ab2abbab33fdb2,pair_dissolved_naturally,exact,exact,1.0,1.0
6baaf5fa654c77aa37e34dbed930dfed,9007dbb50ef74125b2df2cd1f6539b0e,pair_dissolved_naturally,exact,exact,1.0,1.0
6baaf5fa654c77aa37e34dbed930dfed,acfc4b03eb6466a26d7ca31a8647403c,pair_dissolved_naturally,exact,exact,1.0,1.0
6baaf5fa654c77aa37e34dbed930dfed,b4e532d9dbe47b3ee8ae4f1776672c3f,pair_dissolved_naturally,exact,exact,1.0,1.0
6baaf5fa654c77aa37e34dbed930dfed,c7d27289667cfe504bb91203c0bd6e92,pair_dissolved_by_refactoring,exact,signature_changed,1.0,1.0
6baaf5fa654c77aa37e34dbed930dfed,cc8c9c5b9895bcdb6692ef0af59a238a,pair_dissolved_naturally,exact,exact,1.0,1.0
6baaf5fa654c77aa37e34dbed930dfed,d5dc6d956f07ea7e4526920b52b236a1,pair_dissolved_naturally,exact,exact,1.0,1.0
6baaf5fa654c77aa37e34dbed930dfed,e08b650bc0d1ebb0b0ed038bfc2d6641,pair_dissolved_naturally,exact,exact,1.0,1.0
6baaf5fa654c77aa37e34dbed930dfed,e726492d30ba647aff35e0dc5c0942a6,pair_dissolved_naturally,exact,exact,1.0,1.0
6baaf5fa654c77aa37e34dbed930dfed,f6a960723b0164359925e256ffc229f7,pair_dissolved_naturally,exact,exact,1.0,1.0
6bb942a5805a99192d000df3cfdc69f6,e2dbb01c0f520efe2c8048b23358519b,pair_dissolved_naturally,exact,exact,1.0,1.0
6bf0d6378a70d9406deffbad35467843,d527a8f11727867723f42987e0f9cad3,pair_dissolved_naturally,exact,exact,1.0,1.0
6c194e8abcba771f7393b777a961893c,b660b33f8754ce453ea8f2bbd877bbfe,pair_dissolved_naturally,exact,exact,1.0,1.0
6c1b78cab2005d78e3e8bd1cc87f05fa,7444707268740d9d832a5694d7d95e37,pair_dissolved_naturally,exact,exact,1.0,1.0
6c1b78cab2005d78e3e8bd1cc87f05fa,7b026994b36fbcfb3a95d895d5d4abe6,pair_dissolved_naturally,exact,exact,1.0,1.0
6c1b78cab2005d78e3e8bd1cc87f05fa,bae532b1ebbdd2e537af9713ed4a7966,pair_dissolved_naturally,exact,exact,1.0,1.0
6c1b78cab2005d78e3e8bd1cc87f05fa,dfedb1c8e2f8fbecff8bb52fc5cbcad0,pair_dissolved_naturally,exact,exact,1.0,1.0
6c1b78cab2005d78e3e8bd1cc87f05fa,ed2c979efd0f88dac9e043140c8dcb96,pair_dissolved_naturally,exact,exact,1.0,1.0
6c1b78cab2005d78e3e8bd1cc87f05fa,f5a4f3d5fbe0f0cfb88cf2b2f7ee50c0,pair_dissolved_naturally,exact,exact,1.0,1.0
6c34646235ea8489c766bf5639cd318e,8a8865820e0ad9e2ca348e725138af41,pair_dissolved_naturally,exact,exact,1.0,1.0
6c34646235ea8489c766bf5639cd318e,a4b20bb7294ef6ee64a8f0e3bc19a033,pair_dissolved_naturally,exact,exact,1.0,1.0
6c34646235ea8489c766bf5639cd318e,c2ff278386b05c7a4cf6add35cc45e8d,pair_dissolved_naturally,exact,exact,1.0,1.0
6c34646235ea8489c766bf5639cd318e,c3f216adf1ab77a5e80358bc6148dc74,pair_dissolved_naturally,exact,exact,1.0,1.0
6c34646235ea8489c766bf5639cd318e,cebf752d1482d785441f17d2ac97d457,pair_dissolved_naturally,exact,exact,1.0,1.0
6c34646235ea8489c766bf5639cd318e,d50e7b756e0ba7ddffe0f9098c37c745,pair_dissolved_naturally,exact,exact,1.0,1.0
6c34646235ea8489c766bf5639cd318e,dedb994cb7ea19d4a053fb920a633865,pair_dissolved_naturally,exact,exact,1.0,1.0
6c34646235ea8489c766bf5639cd318e,f6b8d1b9263f6576942524dcf122f1f1,pair_dissolved_naturally,exact,exact,1.0,1.0
6c38e3ec27d22ad7d1e402104dd80e7b,b8b54e7311aaee9b971d5da429bac48d,method_a_deleted,deleted,exact,,1.0
6c4c28835ff3a9a9b4da43c0f2fd6b76,89fd5af843107367fe78cc0f4824b297,pair_dissolved_naturally,exact,exact,1.0,1.0
6c8c2f7ed9283d859cc37da1410b2f60,e74ae8ab7ed6219ead7ffbdf12cd7f95,pair_dissolved_naturally,exact,exact,1.0,1.0
6c8c2f7ed9283d859cc37da1410b2f60,eeaa5aa3550d60ab50add10930bd4e5b,pair_dissolved_naturally,exact,exact,1.0,1.0
6c9bf8ad4b1d16ced0d965d7dcaab29c,cd78f084fb1da971c73dfd48207cbe47,pair_dissolved_naturally,exact,exact,1.0,1.0
6cc4ba78f1462b5510b3c780c4fb4678,99e913f9d64d69d00a099227c76ea741,pair_dissolved_naturally,exact,exact,1.0,1.0
6cdb811be8c475fd6a8d795e800c6ea5,c2acde01d022961e88be6552d82e6597,pair_dissolved_naturally,exact,exact,1.0,1.0
6ce3500860006ed85b98840fa233fe9d,dd0108386e6e4ecbff8f9ecc467fd6e7,pair_dissolved_naturally,exact,exact,1.0,1.0
6ce3500860006ed85b98840fa233fe9d,ea6965ca77aaae53cce744eb20749166,method_b_deleted,exact,deleted,1.0,
6ce3500860006ed85b98840fa233fe9d,f1fb7742a7eafe8073459ed92686b9c1,pair_dissolved_naturally,exact,exact,1.0,1.0
6d0e7510529b6461ac14a7abd26ef823,f70a1a5b31e46f411b3e52bd8ff6d156,pair_dissolved_naturally,exact,exact,1.0,1.0
6d38dbb352d679e158154d46b22f72a2,abcc38d781391eee710d1fce60e175ff,pair_dissolved_naturally,exact,exact,1.0,1.0
6d38dbb352d679e158154d46b22f72a2,fb3c2f1a6a3dae362f1e1490f57d280d,pair_dissolved_naturally,exact,exact,1.0,1.0
6d5b7f15bc781c4679d29ddbcd955b7f,785b80a38bbcf682106c52f06c336fd2,pair_dissolved_naturally,exact,exact,1.0,1.0
6d5b7f15bc781c4679d29ddbcd955b7f,8587e726319121acddd6c94785af57df,pair_dissolved_naturally,exact,exact,1.0,1.0
6d5b7f15bc781c4679d29ddbcd955b7f,e726492d30ba647aff35e0dc5c0942a6,pair_dissolved_naturally,exact,exact,1.0,1.0
6daca30e7d90fdd149c1c7e49b0a974c,ac485886257a5f870eb7968b84b45a02,pair_dissolved_by_refactoring,signature_changed,signature_changed,0.93,0.93
6dd62c9f7f3eb6430b7f5974704de67e,75968c1bf845c7e10bc1e9b9a10d7bcb,pair_dissolved_naturally,exact,exact,1.0,1.0
6dd62c9f7f3eb6430b7f5974704de67e,ffe535651d2f213222ed3629cd8f5e47,pair_dissolved_naturally,exact,exact,1.0,1.0
6e048bf4019cd3939a692d86917c0eb7,8587e726319121acddd6c94785af57df,pair_dissolved_naturally,exact,exact,1.0,1.0
6e996060b1d3ed198cbb306d0c937a5f,e2b918741910a04d59da71ab77952711,pair_dissolved_naturally,exact,exact,1.0,1.0
6f116df30dba64c60313531e7d51d357,e0bc445137c4097325344a9fbf641b24,pair_dissolved_naturally,exact,exact,1.0,1.0
6f1a70c3075213c94d16150f58d48c35,a0f4ad6445a658ee56e81fae6cc43b90,pair_dissolved_by_refactoring,signature_changed,exact,0.95,1.0
6f1a70c3075213c94d16150f58d48c35,ad4adb98442547bedda170941f0a1d15,pair_dissolved_by_refactoring,signature_changed,signature_changed,0.95,0.95
6f21a52706d2170fb21ad0f07b8d667f,b52f69c329c453151185cde2d9a0ba27,pair_dissolved_naturally,exact,exact,1.0,1.0
6f4b97f444ba4fefd8d8eb76fee18b85,f58b9d6d25ec584ba1754017d834cd51,pair_dissolved_by_refactoring,signature_changed,signature_changed,1.0,1.0
6f528d4cb02d8d85dbe2e93237c4b12d,785b80a38bbcf682106c52f06c336fd2,pair_dissolved_naturally,exact,exact,1.0,1.0
6f528d4cb02d8d85dbe2e93237c4b12d,8587e726319121acddd6c94785af57df,pair_dissolved_naturally,exact,exact,1.0,1.0
6f528d4cb02d8d85dbe2e93237c4b12d,d5dc6d956f07ea7e4526920b52b236a1,pair_dissolved_naturally,exact,exact,1.0,1.0
6f528d4cb02d8d85dbe2e93237c4b12d,e726492d30ba647aff35e0dc5c0942a6,pair_dissolved_naturally,exact,exact,1.0,1.0
6ff91d3140b6daf7df09d693b4de70d6,ef43eb60e1cc04aeb1823107cb420435,pair_dissolved_naturally,exact,exact,1.0,1.0
703bf78cc392d99d673faece3891baaf,9af5b7ee8478526e498ac4342491ed23,pair_dissolved_naturally,exact,exact,1.0,1.0
703bf78cc392d99d673faece3891baaf,f7fbef3dfd44716dc58b8ebd008477ac,pair_dissolved_naturally,exact,exact,1.0,1.0
705791432d62ea959f63d71a2220192e,9fb2e70d6fd685adb10ac5ab11146969,pair_dissolved_naturally,exact,exact,1.0,1.0
706cc3767e02999be9b6064994b7f917,eaffb09b28264b23d2bb6c9b1fd2088f,pair_dissolved_naturally,exact,exact,1.0,1.0
7073c1759baa3fda760fe28833dcaa3e,9766ffab3da00872562b69d3232a1fb7,pair_dissolved_naturally,exact,exact,1.0,1.0
70b6eb443ca7871a5c6b4057f04f4555,cc24e64e73cb43cbcdf6eadc0eef77da,pair_dissolved_by_refactoring,signature_changed,signature_changed,0.98,0.98
70f0e7fa44061c9b3f602e2aeec08bb9,b942d9453d8582740fb63c92f1c4f21f,pair_dissolved_by_refactoring,exact,refactored,1.0,0.87
711cda3abad1f411a797d6172d372706,92dcdaa5e23a2024694044b719c6938b,pair_dissolved_by_refactoring,signature_changed,signature_changed,1.0,1.0
711cda3abad1f411a797d6172d372706,bbedb5db370389f2600d1bd2dab5e6d7,pair_dissolved_by_refactoring,signature_changed,signature_changed,1.0,1.0
71800f3c438adfb819b8d7755b389413,97c4cad7b79dff95c637807b66fa5def,pair_dissolved_by_refactoring,exact,signature_changed,1.0,0.98
7182b9eedcf0dda09ca8e5baadeb530a,73dd4f61d955d0528a209fc81dfa74b7,pair_dissolved_naturally,exact,exact,1.0,1.0
7182b9eedcf0dda09ca8e5baadeb530a,8b5f77959f4be7049d1833f31d02e80a,pair_dissolved_naturally,exact,exact,1.0,1.0
71b3962dc1f055bf5fad14ad4d8bb4e9,9980e4b84411f92cc8f1a7e43a42553c,pair_dissolved_naturally,exact,exact,1.0,1.0
71b3962dc1f055bf5fad14ad4d8bb4e9,ba1ac6c1b03185606f0268a721a25f3d,pair_dissolved_naturally,exact,exact,1.0,1.0
71e6137d661759aeb42275a398b820d2,8623c241b97bb6118cd5b35edec6f326,pair_dissolved_naturally,exact,exact,1.0,1.0
71e6137d661759aeb42275a398b820d2,e498fc7c1012a8af8d1b74af20c074ea,pair_dissolved_naturally,exact,exact,1.0,1.0
7231367bc8cd59b8a400437ea52c8196,cdf2361df3b72e2c0657d8c896fa8053,method_a_deleted,deleted,exact,,1.0
72de9985da42cbd42f575f59f28e0639,fd3db7bda698b3386f9a159befa51d7c,method_b_deleted,refactored,deleted,0.77,
7303e07d482912d9625697494d0f0eab,c5ea95d31150f6ef8bc587e90b04bb13,pair_dissolved_naturally,exact,exact,1.0,1.0
7332d9b73dbaf60adf207b8dc5040070,89a8b147462a934a901fef4e928106b2,pair_dissolved_naturally,exact,exact,1.0,1.0
736ea770bf1dd585a01326addcba49cd,7b026994b36fbcfb3a95d895d5d4abe6,pair_dissolved_naturally,exact,exact,1.0,1.0
736ea770bf1dd585a01326addcba49cd,e8138eabe191e0bd1c16129055010879,pair_dissolved_naturally,exact,exact,1.0,1.0
736ea770bf1dd585a01326addcba49cd,ed2c979efd0f88dac9e043140c8dcb96,pair_dissolved_naturally,exact,exact,1.0,1.0
736ea770bf1dd585a01326addcba49cd,fb3e65422f3608a1d8410417b55191ad,pair_dissolved_naturally,exact,exact,1.0,1.0
73718123113ee745b1d3f8de22daf84e,7cb8475d6c72684113e77f64699f6c18,pair_dissolved_by_refactoring,exact,signature_changed,1.0,0.83
738ea33ec6d5bf82d0b3912dceecd96c,831121b20c1d8f6d8b76376e9d9e1f5f,pair_dissolved_naturally,exact,exact,1.0,1.0
738ea33ec6d5bf82d0b3912dceecd96c,bfbfaad1a40ecbb183ddef3b9890e1fd,pair_dissolved_naturally,exact,exact,1.0,1.0
739006013fe31bfc02b81a5f5ddce9ac,8e699111ec723d8a828d58a9db9e617b,pair_dissolved_naturally,exact,exact,1.0,1.0
739006013fe31bfc02b81a5f5ddce9ac,90a7bae1d2d1c9cc9794fc1aa0fec6cf,pair_dissolved_naturally,exact,exact,1.0,1.0
739006013fe31bfc02b81a5f5ddce9ac,bc905bf92b57cf7782c4365a90d6c898,pair_dissolved_naturally,exact,unknown,1.0,
739006013fe31bfc02b81a5f5ddce9ac,c903271a9ba8df7f436caeec0aecb2f4,pair_dissolved_naturally,exact,exact,1.0,1.0
739006013fe31bfc02b81a5f5ddce9ac,e96ebd2a05a01ba02d07a18c1fd21689,pair_dissolved_naturally,exact,exact,1.0,1.0
739006013fe31bfc02b81a5f5ddce9ac,f677f5cf9aad22709ead4a94bc1266b7,pair_dissolved_naturally,exact,exact,1.0,1.0
739dcd5af9cc51b815c81a4583b39a42,c2a15eeb2c95d6cab304b18ae1e99bb2,pair_dissolved_naturally,exact,unknown,1.0,
73a87f3302bc99e96f76d5bc7bbb4fcd,afef6b539e262f254bfe5667c8b175c0,pair_dissolved_by_refactoring,signature_changed,signature_changed,0.98,0.98
73ac888f029f1111e80991eb173d93f9,89fd5af843107367fe78cc0f4824b297,pair_dissolved_naturally,exact,exact,1.0,1.0
73c060b4af51137cb6595742d43ffa78,f90b43a2202b590cacf049b48310b4c0,pair_dissolved_naturally,exact,exact,1.0,1.0
73c9af7130ce28b9e1618696dc28aaf8,a567088a9a7e93263bf6fca37574c887,pair_dissolved_naturally,exact,exact,1.0,1.0
73dd4f61d955d0528a209fc81dfa74b7,8b5f77959f4be7049d1833f31d02e80a,pair_dissolved_naturally,exact,exact,1.0,1.0
73dd503575fccf8368f266d320667378,e71bd4363cfc9652598aecae667dbdf3,pair_dissolved_by_refactoring,signature_changed,exact,1.0,1.0
73fd83f7a7a517357c93e868b89b5f11,a8dfb8655a7cfd9cd08faec3f6cd9b76,pair_dissolved_naturally,exact,exact,1.0,1.0
73fd83f7a7a517357c93e868b89b5f11,bcb8d403512a82e229c12814374b3c34,pair_dissolved_naturally,exact,exact,1.0,1.0
7444707268740d9d832a5694d7d95e37,a6d91a37b0fcaff9209bb5b29392034d,pair_dissolved_naturally,exact,exact,1.0,1.0
750416b15660d2ab9886585d013cd2a5,801676d694093a223a78637487801d7f,pair_dissolved_naturally,exact,exact,1.0,1.0
752a2f6a8e94747d6b9c54e399391dd8,b6e78c57b5ee25ea891db8558552acd9,pair_dissolved_naturally,exact,exact,1.0,1.0
756533eea72f1df7e218a661198d7640,9b12d59f7d0a15d785ca9623192aae20,pair_dissolved_by_refactoring,signature_changed,exact,0.87,1.0
75a2b6db9b400ae70e90ebfce914fed5,970eae28186af77ed9faf88fd486ac91,pair_dissolved_naturally,exact,exact,1.0,1.0
75a2b6db9b400ae70e90ebfce914fed5,d5cc9ede85d7aec8afccfad280adee27,pair_dissolved_naturally,exact,exact,1.0,1.0
75bf62737a3f7063bbad4a6029b371d5,81b8837b5e6f52694493748d73867a3b,pair_dissolved_naturally,exact,exact,1.0,1.0
75bf62737a3f7063bbad4a6029b371d5,878a59c975c0b0af67a0b00c16d26179,pair_dissolved_naturally,exact,exact,1.0,1.0
75bf62737a3f7063bbad4a6029b371d5,8b8f7c5a4545c890340c34630598abfc,pair_dissolved_naturally,exact,exact,1.0,1.0
75bf62737a3f7063bbad4a6029b371d5,8c6e4f9d4cd1a8fc13eb934df1396262,pair_dissolved_naturally,exact,exact,1.0,1.0
75bf62737a3f7063bbad4a6029b371d5,8ccf2a898958420c8d6016237bae3120,pair_dissolved_naturally,exact,exact,1.0,1.0
75bf62737a3f7063bbad4a6029b371d5,8f682925c769dbe4beb74a1d1823d422,pair_dissolved_naturally,exact,exact,1.0,1.0
75bf62737a3f7063bbad4a6029b371d5,90307823bd132788f557ec7a2f843687,pair_dissolved_naturally,exact,exact,1.0,1.0
75bf62737a3f7063bbad4a6029b371d5,a1a990e6c3199513c5ef6527cdb275a2,pair_dissolved_naturally,exact,exact,1.0,1.0
75bf62737a3f7063bbad4a6029b371d5,afa94efff64e2caccd087414f7e8a9d3,pair_dissolved_naturally,exact,exact,1.0,1.0
75bf62737a3f7063bbad4a6029b371d5,d2fc7b8e472b048fe6a7251690972bdd,pair_dissolved_naturally,exact,exact,1.0,1.0
75bf62737a3f7063bbad4a6029b371d5,de3c29417096eff33b523a4f838d7d5b,pair_dissolved_naturally,exact,exact,1.0,1.0
75bf62737a3f7063bbad4a6029b371d5,e3e06ae43f9c7b4d44e6d443eeab5894,pair_dissolved_naturally,exact,exact,1.0,1.0
75c8d68e13c4591905d34b822c85d743,9295b4212327ff6097a50e28972ec9db,pair_dissolved_naturally,exact,exact,1.0,1.0
75c8d68e13c4591905d34b822c85d743,a6d6875c2500a67b579c9609611de769,pair_dissolved_naturally,exact,exact,1.0,1.0
75c8d68e13c4591905d34b822c85d743,d8bd409a61eed0290d225be07489b42c,pair_dissolved_naturally,exact,exact,1.0,1.0
75c8d68e13c4591905d34b822c85d743,ec2b16be29a1fce84d9787a5dff47794,pair_dissolved_naturally,exact,exact,1.0,1.0
764aeb7f1083401367075e130120e4e8,92d2b0f4cfdaf5204d0d62e2dfcb985b,pair_dissolved_naturally,exact,exact,1.0,1.0
764aeb7f1083401367075e130120e4e8,bc8a7317caa3335783c9bdc81875693c,pair_dissolved_naturally,exact,exact,1.0,1.0
764aeb7f1083401367075e130120e4e8,ddf6cdf3569af4d328c9740a86e73c28,pair_dissolved_naturally,exact,exact,1.0,1.0
764aeb7f1083401367075e130120e4e8,fab3d75e3eab49a188c4b8f838983a9b,pair_dissolved_naturally,exact,exact,1.0,1.0
768690717c4c47050b577188895948d3,82c2dd3952b40d89e4b4aec1262be054,pair_dissolved_naturally,exact,exact,1.0,1.0
768690717c4c47050b577188895948d3,8ca1755134922d2fbd434f6774a5ce93,pair_dissolved_naturally,exact,exact,1.0,1.0
768690717c4c47050b577188895948d3,8e38a8dff7cc84a1b503a54da493d80b,pair_dissolved_naturally,exact,exact,1.0,1.0
768690717c4c47050b577188895948d3,92c08b77f9d378b40d34af561f810de6,pair_dissolved_naturally,exact,exact,1.0,1.0
768690717c4c47050b577188895948d3,9a52aa62def0c178dc412f9e8e24aff0,pair_dissolved_naturally,exact,exact,1.0,1.0
768690717c4c47050b577188895948d3,9d3ffa6dd309537012ece80dcedf8357,pair_dissolved_naturally,exact,exact,1.0,1.0
768690717c4c47050b577188895948d3,a1f60d7b54ce926a4b5a508c9fc118d9,pair_dissolved_naturally,exact,exact,1.0,1.0
768690717c4c47050b577188895948d3,ac80fa64ea9fb9fb776f766c6d029ab9,pair_dissolved_naturally,exact,exact,1.0,1.0
768690717c4c47050b577188895948d3,b9362dd57ec2d1de61b60079c2b8e2bf,pair_dissolved_naturally,exact,exact,1.0,1.0
768690717c4c47050b577188895948d3,c7aa4ea10ee91223bd47d893360bcba3,pair_dissolved_naturally,exact,exact,1.0,1.0
768690717c4c47050b577188895948d3,cdf0a1e634fa6b7a717a75c3020c48d3,pair_dissolved_naturally,exact,exact,1.0,1.0
768690717c4c47050b577188895948d3,ce6fe27c08f0e741d45af23b6fc24c97,pair_dissolved_naturally,exact,exact,1.0,1.0
768690717c4c47050b577188895948d3,d2de5daca62470c9b7c8ee039578af0e,pair_dissolved_naturally,exact,exact,1.0,1.0
768690717c4c47050b577188895948d3,d81f42d84fc0442984eb791a7af253ae,pair_dissolved_naturally,exact,exact,1.0,1.0
768690717c4c47050b577188895948d3,e5df5ae69c2f7041013d24aa76957f10,pair_dissolved_naturally,exact,exact,1.0,1.0
768690717c4c47050b577188895948d3,f49104062a8a091bdd64b13cbcf23343,pair_dissolved_naturally,exact,exact,1.0,1.0
768690717c4c47050b577188895948d3,f4c884fb1f0f8548033512fc5c8fdd76,pair_dissolved_naturally,exact,exact,1.0,1.0
768690717c4c47050b577188895948d3,fb4093651d63d2425a190bc3b807255e,pair_dissolved_naturally,exact,exact,1.0,1.0
768690717c4c47050b577188895948d3,fbe8ea5e89955dc52a1c7cc6c0ae84ca,pair_dissolved_naturally,exact,exact,1.0,1.0
768690717c4c47050b577188895948d3,fd9e62dbf5e1bc25abdea3c42e0fdff9,pair_dissolved_naturally,exact,exact,1.0,1.0
769ebe77d3c13e22e43d162cc5682e81,d5dc6d956f07ea7e4526920b52b236a1,pair_dissolved_naturally,exact,exact,1.0,1.0
769ebe77d3c13e22e43d162cc5682e81,f15b21da974d4b289a8a26842eb2e8af,pair_dissolved_naturally,exact,exact,1.0,1.0
7735af2a3bdc1837b074df10fb3a385a,e67d33b492d92097ccde01905bf64cdb,pair_dissolved_naturally,exact,exact,1.0,1.0
7735af2a3bdc1837b074df10fb3a385a,f6133ac6df1be76bd0db46422cd9ba7c,pair_dissolved_naturally,exact,exact,1.0,1.0
77686676714cf37ae814485122714117,bb06c2d514fdc26f8e2d79667383ce3e,pair_dissolved_naturally,exact,exact,1.0,1.0
776d45b2ea39f1788440a986a5a6afcb,8e2f124558d92aea5871f24f050677e2,pair_dissolved_naturally,exact,exact,1.0,1.0
77f2cdac6974b846d7a4fdeb61e94391,b01c5a37f8758825944fff2709c84e81,pair_dissolved_by_refactoring,signature_changed,signature_changed,1.0,1.0
78004df158fec86d89a2c13ad2596db9,91ed9e981b6cfeebaac146d9c0964fbb,pair_dissolved_by_refactoring,exact,signature_changed,1.0,1.0
78465f7899382b0257f78f3aefbdb30f,b7382a062c0fa544310176f71166353e,pair_dissolved_naturally,exact,exact,1.0,1.0
78465f7899382b0257f78f3aefbdb30f,e879aa61a1256aa66a5e6d3bb47f8fc5,pair_dissolved_naturally,exact,exact,1.0,1.0
785b80a38bbcf682106c52f06c336fd2,787f5892c95c70ed079fb6f384be575f,pair_dissolved_naturally,exact,exact,1.0,1.0
785b80a38bbcf682106c52f06c336fd2,79c577e961f1b9ec26e7b435089d9425,pair_dissolved_naturally,exact,exact,1.0,1.0
785b80a38bbcf682106c52f06c336fd2,7ebbacd3d142e759238d75fb464aff0d,pair_dissolved_naturally,exact,exact,1.0,1.0
785b80a38bbcf682106c52f06c336fd2,8587e726319121acddd6c94785af57df,pair_dissolved_naturally,exact,exact,1.0,1.0
785b80a38bbcf682106c52f06c336fd2,95f172d855d381562934806ab3d9af30,pair_dissolved_naturally,exact,exact,1.0,1.0
785b80a38bbcf682106c52f06c336fd2,97320c321e30251af91919e3eff5a917,pair_dissolved_naturally,exact,exact,1.0,1.0
785b80a38bbcf682106c52f06c336fd2,98b5fb1da4c71899d2f784068ea91bc3,pair_dissolved_naturally,exact,exact,1.0,1.0
785b80a38bbcf682106c52f06c336fd2,9c34580629a998613a26b656184974b5,pair_dissolved_naturally,exact,exact,1.0,1.0
785b80a38bbcf682106c52f06c336fd2,a08a069cfa5175970a0f09246345c02c,pair_dissolved_naturally,exact,exact,1.0,1.0
785b80a38bbcf682106c52f06c336fd2,b4e532d9dbe47b3ee8ae4f1776672c3f,pair_dissolved_naturally,exact,exact,1.0,1.0
785b80a38bbcf682106c52f06c336fd2,c7d27289667cfe504bb91203c0bd6e92,pair_dissolved_by_refactoring,exact,signature_changed,1.0,1.0
785b80a38bbcf682106c52f06c336fd2,ca919f5411a44b64830d7f947313acf8,pair_dissolved_naturally,exact,exact,1.0,1.0
785b80a38bbcf682106c52f06c336fd2,cc8c9c5b9895bcdb6692ef0af59a238a,pair_dissolved_naturally,exact,exact,1.0,1.0
785b80a38bbcf682106c52f06c336fd2,cfe87a3bd5655127bc8b23b2bd12afee,pair_dissolved_naturally,exact,exact,1.0,1.0
785b80a38bbcf682106c52f06c336fd2,d5dc6d956f07ea7e4526920b52b236a1,pair_dissolved_naturally,exact,exact,1.0,1.0
785b80a38bbcf682106c52f06c336fd2,d9815cce8636a6285ff48acd14d4805c,pair_dissolved_naturally,exact,exact,1.0,1.0
785b80a38bbcf682106c52f06c336fd2,d9d43c043ac6949a9cdf9ec6ef457602,pair_dissolved_by_refactoring,exact,signature_changed,1.0,1.0
785b80a38bbcf682106c52f06c336fd2,f6a960723b0164359925e256ffc229f7,pair_dissolved_naturally,exact,exact,1.0,1.0
787f5892c95c70ed079fb6f384be575f,8587e726319121acddd6c94785af57df,pair_dissolved_naturally,exact,exact,1.0,1.0
787f5892c95c70ed079fb6f384be575f,d5dc6d956f07ea7e4526920b52b236a1,pair_dissolved_naturally,exact,exact,1.0,1.0
787f5892c95c70ed079fb6f384be575f,e726492d30ba647aff35e0dc5c0942a6,pair_dissolved_naturally,exact,exact,1.0,1.0
7889dc764b8c2269c3e1a42ac0788732,f7d7b70bf7dbce399c6e52dbd721505e,pair_dissolved_naturally,exact,exact,1.0,1.0
78981e158fdfd3ae193434df5e53c17a,d1e86a8ed1219eba780fcac62aa38f97,pair_dissolved_naturally,exact,exact,1.0,1.0
78981e158fdfd3ae193434df5e53c17a,d383ddd24d3a94dbc69e1389ada49064,pair_dissolved_naturally,exact,exact,1.0,1.0
78cfafe46539035c9c07cde1d366dbfa,81705270f23b0b85df446b748accfc86,pair_dissolved_naturally,exact,exact,1.0,1.0
78e1353f17ec9d6a714394aa60ff6735,92601e2d3548a477033dec636d4cd843,pair_dissolved_naturally,exact,exact,1.0,1.0
78e1353f17ec9d6a714394aa60ff6735,e0bc445137c4097325344a9fbf641b24,pair_dissolved_naturally,exact,exact,1.0,1.0
78f4b6b4e1b8b3e28309dd5b4c310b54,f3b90a6938e9f27112a0413c74a3663e,pair_dissolved_naturally,exact,exact,1.0,1.0
791767c893a7edce78e1654059d59436,8422b5ef93248841cee13e72c5eb7162,pair_dissolved_naturally,exact,exact,1.0,1.0
79980f3da6bc9bce11aaedf02917a9bb,ef5fb9528061bb83b314e149f6a8e146,pair_dissolved_naturally,exact,exact,1.0,1.0
79a566312637522ca67249c0f166919f,7c8e853ad53c0161fc83c1425924ea54,pair_dissolved_naturally,exact,exact,1.0,1.0
79c577e961f1b9ec26e7b435089d9425,8587e726319121acddd6c94785af57df,pair_dissolved_naturally,exact,exact,1.0,1.0
79c577e961f1b9ec26e7b435089d9425,d9d43c043ac6949a9cdf9ec6ef457602,pair_dissolved_by_refactoring,exact,signature_changed,1.0,1.0
79c577e961f1b9ec26e7b435089d9425,e726492d30ba647aff35e0dc5c0942a6,pair_dissolved_naturally,exact,exact,1.0,1.0
7a2926bffcff0118c669d30a211ec786,a81e226fd81222d5633bc72eb6c5fc22,pair_dissolved_naturally,exact,exact,1.0,1.0
7a2926bffcff0118c669d30a211ec786,bbcaaa9d2e93ed884c4f6d98f5eb59b0,pair_dissolved_naturally,exact,exact,1.0,1.0
7a2926bffcff0118c669d30a211ec786,be7094eea2cd8da5a9eb5b309b537aa8,pair_dissolved_naturally,exact,exact,1.0,1.0
7a4b0c85bbc4ded3cfee8055d4b2b9b5,c817245d808fcc63d1532f4ba9b3f5af,pair_dissolved_by_refactoring,signature_changed,exact,0.94,1.0
7a6fe2ee145cf39ef2b1aa1bbecc3747,9af5b7ee8478526e498ac4342491ed23,pair_dissolved_naturally,exact,exact,1.0,1.0
7a6fe2ee145cf39ef2b1aa1bbecc3747,b6fa7142063b6d0434976698c9bb56c7,pair_dissolved_naturally,exact,exact,1.0,1.0
7a8871623ed7011f2d0d21600cb9af39,e6c5c2372d10297300315dfaa9a59c6f,pair_dissolved_naturally,exact,exact,1.0,1.0
7ac9f9da83916c57defd14d706a030fb,88ac2a5dc9624e2a1ff13fa6a124d9f7,pair_dissolved_by_refactoring,exact,signature_changed,1.0,1.0
7ac9f9da83916c57defd14d706a030fb,ca03be750993312a74fa826e6baeedf4,pair_dissolved_naturally,exact,exact,1.0,1.0
7b026994b36fbcfb3a95d895d5d4abe6,7dc7493b71e3a9a44c2e42a302025e57,pair_dissolved_naturally,exact,exact,1.0,1.0
7b026994b36fbcfb3a95d895d5d4abe6,7ec10458ed04b6228e04adf60f521898,pair_dissolved_naturally,exact,exact,1.0,1.0
7b026994b36fbcfb3a95d895d5d4abe6,86b47db165e6651f3485a3fb83adb754,pair_dissolved_naturally,exact,exact,1.0,1.0
7b026994b36fbcfb3a95d895d5d4abe6,8714dcb7df036e6f1e5af53fb1f97772,pair_dissolved_naturally,exact,exact,1.0,1.0
7b026994b36fbcfb3a95d895d5d4abe6,87eb76512d998911b5284b73613cb337,pair_dissolved_by_refactoring,exact,signature_changed,1.0,0.98
7b026994b36fbcfb3a95d895d5d4abe6,8a29d7ac2bfc733e795b8ddee7caf073,pair_dissolved_by_refactoring,exact,signature_changed,1.0,0.99
7b026994b36fbcfb3a95d895d5d4abe6,8a4b1385d348cd8c5a5d2218653dd9a5,pair_dissolved_by_refactoring,exact,signature_changed,1.0,0.97
7b026994b36fbcfb3a95d895d5d4abe6,9134d94f0397c73601932972ed2e137b,pair_dissolved_naturally,exact,exact,1.0,1.0
7b026994b36fbcfb3a95d895d5d4abe6,9316504218006bf13cf95459ebf5a545,pair_dissolved_naturally,exact,exact,1.0,1.0
7b026994b36fbcfb3a95d895d5d4abe6,9f673c5fe49a7db80be2f62fab1cbc15,pair_dissolved_naturally,exact,exact,1.0,1.0
7b026994b36fbcfb3a95d895d5d4abe6,a6d91a37b0fcaff9209bb5b29392034d,pair_dissolved_naturally,exact,exact,1.0,1.0
7b026994b36fbcfb3a95d895d5d4abe6,a771d8d0055f7bf8b1c60e4d1fdde873,pair_dissolved_naturally,exact,exact,1.0,1.0
7b026994b36fbcfb3a95d895d5d4abe6,b84ab04203fcb94af3c4c8bc39d95b8d,pair_dissolved_naturally,exact,exact,1.0,1.0
7b026994b36fbcfb3a95d895d5d4abe6,ba742b698905fd8adb4899fd00deede7,pair_dissolved_naturally,exact,exact,1.0,1.0
7b026994b36fbcfb3a95d895d5d4abe6,bae532b1ebbdd2e537af9713ed4a7966,pair_dissolved_naturally,exact,exact,1.0,1.0
7b026994b36fbcfb3a95d895d5d4abe6,c05ca84f950af644456f453870549a68,pair_dissolved_naturally,exact,exact,1.0,1.0
7b026994b36fbcfb3a95d895d5d4abe6,c6ea07d78dcc18189935dd526d6effc9,pair_dissolved_naturally,exact,exact,1.0,1.0
7b026994b36fbcfb3a95d895d5d4abe6,c9989b27cdcfbbc7fd47d87d17c93831,method_b_deleted,exact,deleted,1.0,
7b026994b36fbcfb3a95d895d5d4abe6,ddc54515a5f77dd518a728052f57fdde,pair_dissolved_naturally,exact,exact,1.0,1.0
7b026994b36fbcfb3a95d895d5d4abe6,dfedb1c8e2f8fbecff8bb52fc5cbcad0,pair_dissolved_naturally,exact,exact,1.0,1.0
7b026994b36fbcfb3a95d895d5d4abe6,e371464255e166a8f49eb7ffcb555333,pair_dissolved_naturally,exact,exact,1.0,1.0
7b026994b36fbcfb3a95d895d5d4abe6,e5d48eaa4e45615ed36e9c2a89d64130,pair_dissolved_naturally,exact,exact,1.0,1.0
7b026994b36fbcfb3a95d895d5d4abe6,ed2c979efd0f88dac9e043140c8dcb96,pair_dissolved_naturally,exact,exact,1.0,1.0
7b026994b36fbcfb3a95d895d5d4abe6,f02f52759adfb0c53e270d7988ab70d5,pair_dissolved_naturally,exact,exact,1.0,1.0
7b026994b36fbcfb3a95d895d5d4abe6,f1a056288e58eca7595a0072e1eb9e1a,pair_dissolved_naturally,exact,exact,1.0,1.0
7b026994b36fbcfb3a95d895d5d4abe6,f5a4f3d5fbe0f0cfb88cf2b2f7ee50c0,pair_dissolved_naturally,exact,exact,1.0,1.0
7b026994b36fbcfb3a95d895d5d4abe6,f65e1485f95a4680c237af15e05502d2,pair_dissolved_naturally,exact,exact,1.0,1.0
7b756f8a893f3b85e135c8e94a41619d,7ebbacd3d142e759238d75fb464aff0d,pair_dissolved_naturally,exact,exact,1.0,1.0
7b756f8a893f3b85e135c8e94a41619d,d5dc6d956f07ea7e4526920b52b236a1,pair_dissolved_naturally,exact,exact,1.0,1.0
7b81ab22887ea18950b44ccee17c6562,7b8e03e73c35be4d2196fc500b2149ec,pair_dissolved_naturally,exact,exact,1.0,1.0
7b9406cc24e40a8233d1672486b0b581,850f62beaf67818389de892eb0c4c4a8,pair_dissolved_naturally,exact,exact,1.0,1.0
7b9406cc24e40a8233d1672486b0b581,e0bc445137c4097325344a9fbf641b24,pair_dissolved_naturally,exact,exact,1.0,1.0
7bfbd5ee94e228e2e22b555777c219e6,90997b1dc1b3745f3171ac661b8b2539,pair_dissolved_naturally,exact,exact,1.0,1.0
7c026745ac8a40eeccf73590e6303130,b6978a4b070d0fd9b6f91d8328ba112a,pair_dissolved_naturally,exact,exact,1.0,1.0
7c026745ac8a40eeccf73590e6303130,fdfa1dc87b7762411ae16b573c3dca11,pair_dissolved_naturally,exact,exact,1.0,1.0
7c72d6497ea184a71a5ec07c1698e302,fb42784d1cf276199b36eda10457bafa,pair_dissolved_naturally,exact,exact,1.0,1.0
7c8e853ad53c0161fc83c1425924ea54,96cbd128751ff864a86f10d837f63711,pair_dissolved_naturally,exact,exact,1.0,1.0
7c8e853ad53c0161fc83c1425924ea54,9ec9a80c3b8342a33358e0a4132dbd0c,pair_dissolved_naturally,exact,exact,1.0,1.0
7c9650984fd513a94e1b39310aa51f80,bd1b4b9d3a7c4f1de648fc1ecc9b6a97,pair_dissolved_naturally,exact,exact,1.0,1.0
7c9650984fd513a94e1b39310aa51f80,fb14bc1d9969c975fb025bf0a91790b8,pair_dissolved_naturally,exact,exact,1.0,1.0
7cc08efc392f615a7b3013470eb7c1c3,f38d45660d881e036f68ca94d300804c,pair_dissolved_naturally,exact,exact,1.0,1.0
7ce6289325c76a31e2268384cae73d3e,ce9988dd74ed743003e39954a8c6e08e,pair_dissolved_naturally,exact,exact,1.0,1.0
7ceab1d8c5c9e94e482b6719f82fc092,9b427aa900fa8c136d673fdc0ecbe11d,pair_dissolved_naturally,exact,exact,1.0,1.0
7cfaed979e49860b81775c3a0a1b0f66,e0bc445137c4097325344a9fbf641b24,pair_dissolved_naturally,exact,exact,1.0,1.0
7cfeef1bbfa11144271059b23ddc3420,cca73eaa4a102c489fe6e78c43432046,pair_dissolved_by_refactoring,signature_changed,exact,0.78,1.0
7cfeef1bbfa11144271059b23ddc3420,e0c326c22d1fe5101e78d4d42d2ba92d,pair_dissolved_by_refactoring,signature_changed,signature_changed,0.78,0.79
7d22f0899703e4eae8931038e682ddbb,971de7e13436c2715764435d0c50490d,pair_dissolved_naturally,exact,exact,1.0,1.0
7d22f0899703e4eae8931038e682ddbb,9c8eab3f68a75abe3633554fb01804cd,pair_dissolved_naturally,exact,exact,1.0,1.0
7d23c8eeb1f66c6103308df099e1853c,d033a65766f0b6f4b39c31bd0f823f60,pair_dissolved_naturally,exact,exact,1.0,1.0
7d5b7e83376084749273df810a02b1ed,e0aba817fe357850049d888a919707da,pair_dissolved_naturally,exact,exact,1.0,1.0
7d7273eaa877230c0361a46942159f0c,8fc718381c1e1aeb178c22809dc32c91,pair_dissolved_naturally,exact,exact,1.0,1.0
7db5f5943aff372432aeb3dade2f9773,bdcc59371126421ce2212f0e686fb8d7,pair_dissolved_naturally,exact,exact,1.0,1.0
7dc7493b71e3a9a44c2e42a302025e57,7ec10458ed04b6228e04adf60f521898,pair_dissolved_naturally,exact,exact,1.0,1.0
7dc7493b71e3a9a44c2e42a302025e57,8714dcb7df036e6f1e5af53fb1f97772,pair_dissolved_naturally,exact,exact,1.0,1.0
7dc7493b71e3a9a44c2e42a302025e57,87eb76512d998911b5284b73613cb337,pair_dissolved_by_refactoring,exact,signature_changed,1.0,0.98
7dc7493b71e3a9a44c2e42a302025e57,b84ab04203fcb94af3c4c8bc39d95b8d,pair_dissolved_naturally,exact,exact,1.0,1.0
7dc7493b71e3a9a44c2e42a302025e57,bae532b1ebbdd2e537af9713ed4a7966,pair_dissolved_naturally,exact,exact,1.0,1.0
7dc7493b71e3a9a44c2e42a302025e57,c05ca84f950af644456f453870549a68,pair_dissolved_naturally,exact,exact,1.0,1.0
7dc7493b71e3a9a44c2e42a302025e57,e5d48eaa4e45615ed36e9c2a89d64130,pair_dissolved_naturally,exact,exact,1.0,1.0
7dc7493b71e3a9a44c2e42a302025e57,ed2c979efd0f88dac9e043140c8dcb96,pair_dissolved_naturally,exact,exact,1.0,1.0
7df2f5ca35c5241e83ebf162e43dc249,bc79ad26ab30f297bc3b03e43a833cce,pair_dissolved_naturally,exact,exact,1.0,1.0
7e8ef76c1368e3804a180bf9ddbc71a8,92601e2d3548a477033dec636d4cd843,pair_dissolved_naturally,exact,exact,1.0,1.0
7e8ef76c1368e3804a180bf9ddbc71a8,e0bc445137c4097325344a9fbf641b24,pair_dissolved_naturally,exact,exact,1.0,1.0
7e9a5ea68da16a776820b29dbf4c00ef,bb2bd9f40a2aa28a136bae09b03e17bb,pair_dissolved_naturally,exact,exact,1.0,1.0
7ebbacd3d142e759238d75fb464aff0d,8587e726319121acddd6c94785af57df,pair_dissolved_naturally,exact,exact,1.0,1.0
7ebbacd3d142e759238d75fb464aff0d,ad06a4e56e82de266a9731daa3df6596,pair_dissolved_naturally,exact,exact,1.0,1.0
7ebbacd3d142e759238d75fb464aff0d,bf29269963aad76eea9e8c7facfd4798,pair_dissolved_naturally,exact,exact,1.0,1.0
7ebbacd3d142e759238d75fb464aff0d,d9d43c043ac6949a9cdf9ec6ef457602,pair_dissolved_by_refactoring,exact,signature_changed,1.0,1.0
7ebbacd3d142e759238d75fb464aff0d,e726492d30ba647aff35e0dc5c0942a6,pair_dissolved_naturally,exact,exact,1.0,1.0
7ebbacd3d142e759238d75fb464aff0d,e8138eabe191e0bd1c16129055010879,pair_dissolved_naturally,exact,exact,1.0,1.0
7ec10458ed04b6228e04adf60f521898,bae532b1ebbdd2e537af9713ed4a7966,pair_dissolved_naturally,exact,exact,1.0,1.0
7ec10458ed04b6228e04adf60f521898,e5d48eaa4e45615ed36e9c2a89d64130,pair_dissolved_naturally,exact,exact,1.0,1.0
7ec10458ed04b6228e04adf60f521898,ed2c979efd0f88dac9e043140c8dcb96,pair_dissolved_naturally,exact,exact,1.0,1.0
7f10729881bc220a25c218a932444e8c,d5100568a8ed9ee88bfbcb1c7e1a08e6,pair_dissolved_naturally,exact,exact,1.0,1.0
7f84e4e77ab69bfcd1b75e9c52239bb9,bdcc59371126421ce2212f0e686fb8d7,pair_dissolved_naturally,exact,exact,1.0,1.0
7fabd0e85b9c80c10bca3f27fa0d2b7e,c80ed6e4aa1f251f35952653b7c9ca8e,pair_dissolved_naturally,exact,exact,1.0,1.0
7fabf4f768d412ba2b3dd0cdf32fd873,b516c09191755aa36ce00291be671ada,pair_dissolved_naturally,exact,exact,1.0,1.0
7fabf4f768d412ba2b3dd0cdf32fd873,d875a8df53ce9a330688a52c2151d756,pair_dissolved_naturally,exact,exact,1.0,1.0
7fbfdd63e08dec218cc2226195919196,822f4f536fb6c1f6d64f0c55ff583c23,pair_dissolved_by_refactoring,exact,signature_changed,1.0,0.98
7fbfdd63e08dec218cc2226195919196,b7dab1119a91eaacda5c343f0bc93273,pair_dissolved_by_refactoring,exact,signature_changed,1.0,1.0
7fbfdd63e08dec218cc2226195919196,ed8e56a288e8ac2a9460c67792480644,pair_dissolved_by_refactoring,exact,signature_changed,1.0,1.0
7fbfdd63e08dec218cc2226195919196,eff9383c80ccb7092a1659ba10faf4eb,pair_dissolved_naturally,exact,exact,1.0,1.0
7fd6828e97e785593e8bb7b6148e8e58,8b3583c4be2ea903592f008776c3cd14,pair_dissolved_naturally,exact,exact,1.0,1.0
7ffb0630b358a59de79127ffb5cfefcc,87bd188071e2a9a6336bc72d2ae8bbc7,method_a_deleted,deleted,signature_changed,,0.87
802fa384851b49fd7c9eac417623a84b,e2dbb01c0f520efe2c8048b23358519b,pair_dissolved_naturally,exact,exact,1.0,1.0
802fa384851b49fd7c9eac417623a84b,e46372f6a6fd6271b314c1d42334faa8,pair_dissolved_naturally,exact,exact,1.0,1.0
805d86524a2dbe031036544149052d7d,a0eb9326bb4bda31c9e7e1577b13dd3e,pair_dissolved_by_refactoring,signature_changed,signature_changed,1.0,1.0
805d86524a2dbe031036544149052d7d,b7fd10cf9ae6ae0aceda75e99c84b97f,pair_dissolved_by_refactoring,signature_changed,signature_changed,1.0,1.0
805d86524a2dbe031036544149052d7d,c390ac33284f65f4723b8822019a1bea,pair_dissolved_by_refactoring,signature_changed,signature_changed,1.0,1.0
805d86524a2dbe031036544149052d7d,f6cad743d729ae667b10410321b5404a,pair_dissolved_by_refactoring,signature_changed,signature_changed,1.0,1.0
80730f6255341783d54b5f0c23bb7a4d,bedac488122e52f7f0a4eb03f598ac9a,pair_dissolved_naturally,exact,exact,1.0,1.0
80815ba3c17cac6b786400d728f2c0e2,c2ff278386b05c7a4cf6add35cc45e8d,pair_dissolved_naturally,exact,exact,1.0,1.0
80973e843e707a9fcf3c73aab2af86b8,bd28c2b944cf0e2701c0a39287cde2aa,pair_dissolved_naturally,exact,exact,1.0,1.0
80aab09ce5b2b79c3a4a0b104d3718b4,d3dab6a6d54dc100ca20387889f0b839,pair_dissolved_naturally,exact,exact,1.0,1.0
80d23b67cd6a588ce69791801da126c9,e51eda92031e7a4100c269ef5e783363,pair_dissolved_naturally,exact,exact,1.0,1.0
811241e51c4d38c16d453aa529c8e6b6,b48d6e225e7f826be28dd2ff360bbd8c,pair_dissolved_by_refactoring,signature_changed,exact,0.96,1.0
8141ee1f762d5bc24decb4d667974751,c877e103f4ed48f618efbea821be09b9,pair_dissolved_by_refactoring,signature_changed,unknown,0.95,
81705270f23b0b85df446b748accfc86,846ec10bddcc070f04578e5e44c108c7,pair_dissolved_naturally,exact,exact,1.0,1.0
81705270f23b0b85df446b748accfc86,8823b42fecfe0f08451e8ab4af8af854,pair_dissolved_naturally,exact,exact,1.0,1.0
81705270f23b0b85df446b748accfc86,b3f1c42a03f52ad5c62deb0a4c079122,pair_dissolved_naturally,exact,exact,1.0,1.0
81a972393c3e6d2f93420a9104a2b42f,a0ed59259c469c34807478194018f1bb,pair_dissolved_naturally,exact,exact,1.0,1.0
81a972393c3e6d2f93420a9104a2b42f,a8b935108ce539835291460607aaaea9,pair_dissolved_naturally,exact,exact,1.0,1.0
81a972393c3e6d2f93420a9104a2b42f,c74f5a64ad0cc7fddb5c5509c16da152,pair_dissolved_naturally,exact,exact,1.0,1.0
81a972393c3e6d2f93420a9104a2b42f,e076979c0e020c4592368fccca6e52b6,pair_dissolved_naturally,exact,exact,1.0,1.0
81b707500013ebd3e089167fb53ec14b,c5d4e6a74c51acaea851449afa0b98b0,pair_dissolved_naturally,exact,exact,1.0,1.0
81b8837b5e6f52694493748d73867a3b,878a59c975c0b0af67a0b00c16d26179,pair_dissolved_naturally,exact,exact,1.0,1.0
81b8837b5e6f52694493748d73867a3b,8b8f7c5a4545c890340c34630598abfc,pair_dissolved_naturally,exact,exact,1.0,1.0
81b8837b5e6f52694493748d73867a3b,8c6e4f9d4cd1a8fc13eb934df1396262,pair_dissolved_naturally,exact,exact,1.0,1.0
81b8837b5e6f52694493748d73867a3b,8ccf2a898958420c8d6016237bae3120,pair_dissolved_naturally,exact,exact,1.0,1.0
81b8837b5e6f52694493748d73867a3b,8f682925c769dbe4beb74a1d1823d422,pair_dissolved_naturally,exact,exact,1.0,1.0
81b8837b5e6f52694493748d73867a3b,90307823bd132788f557ec7a2f843687,pair_dissolved_naturally,exact,exact,1.0,1.0
81b8837b5e6f52694493748d73867a3b,a1a990e6c3199513c5ef6527cdb275a2,pair_dissolved_naturally,exact,exact,1.0,1.0
81b8837b5e6f52694493748d73867a3b,afa94efff64e2caccd087414f7e8a9d3,pair_dissolved_naturally,exact,exact,1.0,1.0
81b8837b5e6f52694493748d73867a3b,d2fc7b8e472b048fe6a7251690972bdd,pair_dissolved_naturally,exact,exact,1.0,1.0
81b8837b5e6f52694493748d73867a3b,de3c29417096eff33b523a4f838d7d5b,pair_dissolved_naturally,exact,exact,1.0,1.0
81b8837b5e6f52694493748d73867a3b,e3e06ae43f9c7b4d44e6d443eeab5894,pair_dissolved_naturally,exact,exact,1.0,1.0
822f4f536fb6c1f6d64f0c55ff583c23,b7dab1119a91eaacda5c343f0bc93273,pair_dissolved_by_refactoring,signature_changed,signature_changed,0.98,1.0
822f4f536fb6c1f6d64f0c55ff583c23,d6bd69ebfd37f73f1fb518c06bba508c,pair_dissolved_by_refactoring,signature_changed,signature_changed,0.98,0.99
822f4f536fb6c1f6d64f0c55ff583c23,ed8e56a288e8ac2a9460c67792480644,pair_dissolved_by_refactoring,signature_changed,signature_changed,0.98,1.0
822f4f536fb6c1f6d64f0c55ff583c23,eff9383c80ccb7092a1659ba10faf4eb,pair_dissolved_by_refactoring,signature_changed,exact,0.98,1.0
823684ac5c66e2b75e08db06bcda269e,94c7b9568a0de5179e96050b3acca609,pair_dissolved_naturally,exact,exact,1.0,1.0
82494615163bf2f25446be77dc319420,a6d6875c2500a67b579c9609611de769,pair_dissolved_naturally,exact,exact,1.0,1.0
824fcf3e35291693ebd62687ad9ce76e,94a2844f9a7b069d0794a4ca9db2e970,pair_dissolved_naturally,exact,exact,1.0,1.0
824fcf3e35291693ebd62687ad9ce76e,a889717e029c02a2199af790adcd0b3a,pair_dissolved_naturally,exact,exact,1.0,1.0
824fcf3e35291693ebd62687ad9ce76e,c51bbd87749b79c028e10dab2397c828,pair_dissolved_naturally,exact,exact,1.0,1.0
824fcf3e35291693ebd62687ad9ce76e,dbe87b494dc46b3bd517dba2994ad4d0,pair_dissolved_naturally,exact,exact,1.0,1.0
825a26fa7d33e3135cb2348d6b3bc7d1,b1befb288e08886342959d0c2e4fd462,pair_dissolved_by_refactoring,signature_changed,refactored,0.91,0.83
82c2dd3952b40d89e4b4aec1262be054,8ca1755134922d2fbd434f6774a5ce93,pair_dissolved_naturally,exact,exact,1.0,1.0
82c2dd3952b40d89e4b4aec1262be054,92c08b77f9d378b40d34af561f810de6,pair_dissolved_naturally,exact,exact,1.0,1.0
82c2dd3952b40d89e4b4aec1262be054,9a52aa62def0c178dc412f9e8e24aff0,pair_dissolved_naturally,exact,exact,1.0,1.0
82c2dd3952b40d89e4b4aec1262be054,a1f60d7b54ce926a4b5a508c9fc118d9,pair_dissolved_naturally,exact,exact,1.0,1.0
82c2dd3952b40d89e4b4aec1262be054,ac80fa64ea9fb9fb776f766c6d029ab9,pair_dissolved_naturally,exact,exact,1.0,1.0
82c2dd3952b40d89e4b4aec1262be054,af13f84d9637d58518c1930a904b07bc,pair_dissolved_naturally,exact,exact,1.0,1.0
82c2dd3952b40d89e4b4aec1262be054,c7aa4ea10ee91223bd47d893360bcba3,pair_dissolved_naturally,exact,exact,1.0,1.0
82c2dd3952b40d89e4b4aec1262be054,cdf0a1e634fa6b7a717a75c3020c48d3,pair_dissolved_naturally,exact,exact,1.0,1.0
82c2dd3952b40d89e4b4aec1262be054,ce6fe27c08f0e741d45af23b6fc24c97,pair_dissolved_naturally,exact,exact,1.0,1.0
82c2dd3952b40d89e4b4aec1262be054,d2de5daca62470c9b7c8ee039578af0e,pair_dissolved_naturally,exact,exact,1.0,1.0
82c2dd3952b40d89e4b4aec1262be054,f49104062a8a091bdd64b13cbcf23343,pair_dissolved_naturally,exact,exact,1.0,1.0
82c2dd3952b40d89e4b4aec1262be054,f4c884fb1f0f8548033512fc5c8fdd76,pair_dissolved_naturally,exact,exact,1.0,1.0
82c2dd3952b40d89e4b4aec1262be054,fd548dc6620da0921c68dfa855d2400e,pair_dissolved_naturally,exact,exact,1.0,1.0
82c2dd3952b40d89e4b4aec1262be054,fd9e62dbf5e1bc25abdea3c42e0fdff9,pair_dissolved_naturally,exact,exact,1.0,1.0
82ef34de411c1d415358b10de69a7f23,a829e8b48aa1a25922e65543220695d9,pair_dissolved_naturally,exact,exact,1.0,1.0
82ef34de411c1d415358b10de69a7f23,bc66beb31b66294b9c3e337a7e091bc4,pair_dissolved_naturally,exact,exact,1.0,1.0
82ef34de411c1d415358b10de69a7f23,bec905a68bd661e23d9f8e50562ff627,pair_dissolved_naturally,exact,exact,1.0,1.0
82efeffb950072030b928fe22b80b1c6,9980e4b84411f92cc8f1a7e43a42553c,pair_dissolved_naturally,exact,exact,1.0,1.0
82efeffb950072030b928fe22b80b1c6,ba1ac6c1b03185606f0268a721a25f3d,pair_dissolved_naturally,exact,exact,1.0,1.0
82f46245fa62fab2475cb916a85543a8,ce816d04efd82f409182277b9e6a3145,pair_dissolved_naturally,exact,exact,1.0,1.0
82fb6963b4567775f872aadf0ad94214,82fb6963b4567775f872aadf0ad94214,pair_dissolved_naturally,token_hash,token_hash,1.0,1.0
831121b20c1d8f6d8b76376e9d9e1f5f,bfbfaad1a40ecbb183ddef3b9890e1fd,pair_dissolved_naturally,exact,exact,1.0,1.0
8367f00a522578a7111beb0c6e9538c4,b73a6788c6e3ca5540a0dead93740196,pair_dissolved_naturally,exact,exact,1.0,1.0
83f1724d804c483deee220aeb2f8ce8e,c46cbd0d2e0e96fca2b74b079c4a2461,pair_dissolved_naturally,exact,exact,1.0,1.0
83f31584e1893939b91733b668f06b76,9f8370b9ff9ca7fed337ade949154e49,pair_dissolved_by_refactoring,signature_changed,exact,0.88,1.0
842a602ff10e86cd261517f0a2985b1c,c2e140c0d114294d5871ac56290ba7d7,pair_dissolved_naturally,exact,exact,1.0,1.0
842a602ff10e86cd261517f0a2985b1c,c3a996843a8658f71700533a03220c6f,pair_dissolved_naturally,exact,exact,1.0,1.0
842a602ff10e86cd261517f0a2985b1c,dfe7b52a0eb3ddf1d2a78a8c7c10a0c5,pair_dissolved_naturally,exact,exact,1.0,1.0
850f62beaf67818389de892eb0c4c4a8,aaf20efb4e625e63fe2ea93abc7b5f2d,pair_dissolved_naturally,exact,exact,1.0,1.0
850f62beaf67818389de892eb0c4c4a8,c6fec515cd6b4b483af0361d57f4f38b,pair_dissolved_naturally,exact,exact,1.0,1.0
850f62beaf67818389de892eb0c4c4a8,d4fe2c0b8d29ae7dcea508d05fcad947,pair_dissolved_naturally,exact,exact,1.0,1.0
850f62beaf67818389de892eb0c4c4a8,d838203a9aa3ec7d77132d3bdbc0805c,pair_dissolved_naturally,exact,exact,1.0,1.0
850f62beaf67818389de892eb0c4c4a8,df5ef076896081968334b89ddd0de1f4,pair_dissolved_naturally,exact,exact,1.0,1.0
850f62beaf67818389de892eb0c4c4a8,fb3d4d6a1a3ddde48b4b933327eac52e,pair_dissolved_naturally,exact,exact,1.0,1.0
8587e726319121acddd6c94785af57df,8e0eafdb6d3f4d82a4ab2abbab33fdb2,pair_dissolved_naturally,exact,exact,1.0,1.0
8587e726319121acddd6c94785af57df,9007dbb50ef74125b2df2cd1f6539b0e,pair_dissolved_naturally,exact,exact,1.0,1.0
8587e726319121acddd6c94785af57df,95f172d855d381562934806ab3d9af30,pair_dissolved_naturally,exact,exact,1.0,1.0
8587e726319121acddd6c94785af57df,97320c321e30251af91919e3eff5a917,pair_dissolved_naturally,exact,exact,1.0,1.0
8587e726319121acddd6c94785af57df,98b5fb1da4c71899d2f784068ea91bc3,pair_dissolved_naturally,exact,exact,1.0,1.0
8587e726319121acddd6c94785af57df,99c4abbb16d00b6fe2209ffa43e35ef8,pair_dissolved_naturally,exact,exact,1.0,1.0
8587e726319121acddd6c94785af57df,9c34580629a998613a26b656184974b5,pair_dissolved_naturally,exact,exact,1.0,1.0
8587e726319121acddd6c94785af57df,a08a069cfa5175970a0f09246345c02c,pair_dissolved_naturally,exact,exact,1.0,1.0
8587e726319121acddd6c94785af57df,a59557cdb7833cccd54721138b5e68ca,pair_dissolved_naturally,exact,exact,1.0,1.0
8587e726319121acddd6c94785af57df,a743036ed1f9d134a8a50546e763df53,pair_dissolved_naturally,exact,exact,1.0,1.0
8587e726319121acddd6c94785af57df,acfc4b03eb6466a26d7ca31a8647403c,pair_dissolved_naturally,exact,exact,1.0,1.0
8587e726319121acddd6c94785af57df,b4e532d9dbe47b3ee8ae4f1776672c3f,pair_dissolved_naturally,exact,exact,1.0,1.0
8587e726319121acddd6c94785af57df,b6401b1c58dc255970cc13156ec9a3bf,pair_dissolved_naturally,exact,exact,1.0,1.0
8587e726319121acddd6c94785af57df,c7d27289667cfe504bb91203c0bd6e92,pair_dissolved_by_refactoring,exact,signature_changed,1.0,1.0
8587e726319121acddd6c94785af57df,ca919f5411a44b64830d7f947313acf8,pair_dissolved_naturally,exact,exact,1.0,1.0
8587e726319121acddd6c94785af57df,cc8c9c5b9895bcdb6692ef0af59a238a,pair_dissolved_naturally,exact,exact,1.0,1.0
8587e726319121acddd6c94785af57df,cfe87a3bd5655127bc8b23b2bd12afee,pair_dissolved_naturally,exact,exact,1.0,1.0
8587e726319121acddd6c94785af57df,d5dc6d956f07ea7e4526920b52b236a1,pair_dissolved_naturally,exact,exact,1.0,1.0
8587e726319121acddd6c94785af57df,d9815cce8636a6285ff48acd14d4805c,pair_dissolved_naturally,exact,exact,1.0,1.0
8587e726319121acddd6c94785af57df,d9d43c043ac6949a9cdf9ec6ef457602,pair_dissolved_by_refactoring,exact,signature_changed,1.0,1.0
8587e726319121acddd6c94785af57df,dd98811698826b2642916ba05b7e475d,pair_dissolved_naturally,exact,exact,1.0,1.0
8587e726319121acddd6c94785af57df,e08b650bc0d1ebb0b0ed038bfc2d6641,pair_dissolved_naturally,exact,exact,1.0,1.0
8587e726319121acddd6c94785af57df,e678bbb0e6cef3236c516a72c7581441,pair_dissolved_naturally,exact,exact,1.0,1.0
8587e726319121acddd6c94785af57df,e726492d30ba647aff35e0dc5c0942a6,pair_dissolved_naturally,exact,exact,1.0,1.0
8587e726319121acddd6c94785af57df,e92a211b212c7820181eb53bdc739324,pair_dissolved_naturally,exact,exact,1.0,1.0
8587e726319121acddd6c94785af57df,f6a960723b0164359925e256ffc229f7,pair_dissolved_naturally,exact,exact,1.0,1.0
8587e726319121acddd6c94785af57df,ffef24aa810be416486036113404530f,pair_dissolved_naturally,exact,exact,1.0,1.0
85a8451316d527b2542d5b4784c21f73,92601e2d3548a477033dec636d4cd843,pair_dissolved_naturally,exact,exact,1.0,1.0
85a8451316d527b2542d5b4784c21f73,e0bc445137c4097325344a9fbf641b24,pair_dissolved_naturally,exact,exact,1.0,1.0
8649684832914c733573dc23d819759c,9bd40c1c38a130542685cdd2f901b0ec,pair_dissolved_naturally,exact,exact,1.0,1.0
8649684832914c733573dc23d819759c,c57087bfd72da7aa2a58a56df0b59e83,pair_dissolved_naturally,exact,exact,1.0,1.0
8649684832914c733573dc23d819759c,e62b8b4040775de71ecbe1c10e76bbaf,pair_dissolved_naturally,exact,exact,1.0,1.0
865a4f310016eaffcd1a3a7117b43d53,f7fbef3dfd44716dc58b8ebd008477ac,pair_dissolved_naturally,exact,exact,1.0,1.0
866cc13cdbeb94378a5087bde3a439db,94256bcee58851bb13723cb0366708a8,pair_dissolved_naturally,exact,exact,1.0,1.0
866cc13cdbeb94378a5087bde3a439db,b3e73b4a4801b537924a95c9cba2683a,pair_dissolved_naturally,exact,exact,1.0,1.0
866cc13cdbeb94378a5087bde3a439db,c381525f583f18be07510aa70dd14a43,pair_dissolved_naturally,exact,exact,1.0,1.0
866cc13cdbeb94378a5087bde3a439db,c4ce02691b4ec7022e6e41a6aa59efde,pair_dissolved_naturally,exact,exact,1.0,1.0
866cc13cdbeb94378a5087bde3a439db,dfe2765af8b28f171d8a1d9d3cf221d2,pair_dissolved_naturally,exact,exact,1.0,1.0
869c4904f969563497ff854199642f74,b1f9497d79ca8a4f9cbb7fba500528a2,pair_dissolved_naturally,exact,exact,1.0,1.0
86b47db165e6651f3485a3fb83adb754,ddc54515a5f77dd518a728052f57fdde,pair_dissolved_naturally,exact,exact,1.0,1.0
86b47db165e6651f3485a3fb83adb754,e371464255e166a8f49eb7ffcb555333,pair_dissolved_naturally,exact,exact,1.0,1.0
86b47db165e6651f3485a3fb83adb754,ed2c979efd0f88dac9e043140c8dcb96,pair_dissolved_naturally,exact,exact,1.0,1.0
8714dcb7df036e6f1e5af53fb1f97772,bae532b1ebbdd2e537af9713ed4a7966,pair_dissolved_naturally,exact,exact,1.0,1.0
8714dcb7df036e6f1e5af53fb1f97772,ddc54515a5f77dd518a728052f57fdde,pair_dissolved_naturally,exact,exact,1.0,1.0
8714dcb7df036e6f1e5af53fb1f97772,e5d48eaa4e45615ed36e9c2a89d64130,pair_dissolved_naturally,exact,exact,1.0,1.0
8714dcb7df036e6f1e5af53fb1f97772,ed2c979efd0f88dac9e043140c8dcb96,pair_dissolved_naturally,exact,exact,1.0,1.0
87eb76512d998911b5284b73613cb337,bae532b1ebbdd2e537af9713ed4a7966,pair_dissolved_by_refactoring,signature_changed,exact,0.98,1.0
87eb76512d998911b5284b73613cb337,ddc54515a5f77dd518a728052f57fdde,pair_dissolved_by_refactoring,signature_changed,exact,0.98,1.0
87eb76512d998911b5284b73613cb337,e5d48eaa4e45615ed36e9c2a89d64130,pair_dissolved_by_refactoring,signature_changed,exact,0.98,1.0
87eb76512d998911b5284b73613cb337,ed2c979efd0f88dac9e043140c8dcb96,pair_dissolved_by_refactoring,signature_changed,exact,0.98,1.0
87ff884664780739b9fe4b278f572a98,a25d2cd3011c56c218bd6ebbb67af0d8,pair_dissolved_naturally,exact,exact,1.0,1.0
88815a49a02bc93905cafde33e3d34a7,ccbef4f404f58cc2b00bf79d10d8a87d,pair_dissolved_naturally,exact,exact,1.0,1.0
88a2147bb69339ae7827e7ef3eb79a99,91ff7d3512e1263e8eb0810d2eaced65,pair_dissolved_naturally,exact,exact,1.0,1.0
88a2147bb69339ae7827e7ef3eb79a99,9f4eb0b5f515338a7ff3d7d9ddddd297,pair_dissolved_naturally,exact,exact,1.0,1.0
88ac2a5dc9624e2a1ff13fa6a124d9f7,ca03be750993312a74fa826e6baeedf4,pair_dissolved_by_refactoring,signature_changed,exact,1.0,1.0
88ac2a5dc9624e2a1ff13fa6a124d9f7,f87e5a7c356404543af4e87034b3f8ba,pair_dissolved_by_refactoring,signature_changed,exact,1.0,1.0
88ac2a5dc9624e2a1ff13fa6a124d9f7,fd570aadcb89016fe785f95a862ef69b,pair_dissolved_by_refactoring,signature_changed,exact,1.0,1.0
89543dce06d1516ce7dedf1caf927399,a25d2cd3011c56c218bd6ebbb67af0d8,pair_dissolved_naturally,exact,exact,1.0,1.0
899f1f3b5b3d9b07cbe130b6681f2a40,8b2cb7dbf6d954e226321b97aa3d5f39,pair_dissolved_naturally,exact,exact,1.0,1.0
8a077a4540417e40e5e7834815bbc49c,ebe051f8caee62ce526919bcd9857f60,pair_dissolved_naturally,exact,exact,1.0,1.0
8a29d7ac2bfc733e795b8ddee7caf073,bae532b1ebbdd2e537af9713ed4a7966,pair_dissolved_by_refactoring,signature_changed,exact,0.99,1.0
8a29d7ac2bfc733e795b8ddee7caf073,c4efa54c2540d009d46c45beb7dde41b,pair_dissolved_by_refactoring,signature_changed,exact,0.99,1.0
8a29d7ac2bfc733e795b8ddee7caf073,ddc54515a5f77dd518a728052f57fdde,pair_dissolved_by_refactoring,signature_changed,exact,0.99,1.0
8a29d7ac2bfc733e795b8ddee7caf073,ed2c979efd0f88dac9e043140c8dcb96,pair_dissolved_by_refactoring,signature_changed,exact,0.99,1.0
8a4b1385d348cd8c5a5d2218653dd9a5,bae532b1ebbdd2e537af9713ed4a7966,pair_dissolved_by_refactoring,signature_changed,exact,0.97,1.0
8a4b1385d348cd8c5a5d2218653dd9a5,c05ca84f950af644456f453870549a68,pair_dissolved_by_refactoring,signature_changed,exact,0.97,1.0
8a4b1385d348cd8c5a5d2218653dd9a5,ddc54515a5f77dd518a728052f57fdde,pair_dissolved_by_refactoring,signature_changed,exact,0.97,1.0
8a4b1385d348cd8c5a5d2218653dd9a5,ed2c979efd0f88dac9e043140c8dcb96,pair_dissolved_by_refactoring,signature_changed,exact,0.97,1.0
8a8865820e0ad9e2ca348e725138af41,a4b20bb7294ef6ee64a8f0e3bc19a033,pair_dissolved_naturally,exact,exact,1.0,1.0
8a8865820e0ad9e2ca348e725138af41,cebf752d1482d785441f17d2ac97d457,pair_dissolved_naturally,exact,exact,1.0,1.0
8a8865820e0ad9e2ca348e725138af41,f5894381f116fe9b7cb0199d4580eea6,pair_dissolved_naturally,exact,exact,1.0,1.0
8abc92cc5b3a55a035a03665730bfa93,ba49deff3044813536fe463d44e5c914,pair_dissolved_naturally,exact,exact,1.0,1.0
8b27917cf92b00ffe9298478d4a5ad2f,f90f7aa6c853f9ed31fbbd4963d01072,pair_dissolved_naturally,exact,exact,1.0,1.0
8b474507d1bc33da4627318f6c8821dd,9eb5a3ca79433e7b877dce6853347270,pair_dissolved_naturally,exact,exact,1.0,1.0
8b474507d1bc33da4627318f6c8821dd,ee9ac5514d645b98b6593eee78fa55d3,pair_dissolved_naturally,exact,exact,1.0,1.0
8b7cac7d8575184d4d640288f9d7a5c4,95cec349a30b0cea1e6b875ab2036eea,pair_dissolved_naturally,exact,exact,1.0,1.0
8b7cac7d8575184d4d640288f9d7a5c4,c09e29a4c9dafc49fdc1485d397e39f8,pair_dissolved_naturally,exact,exact,1.0,1.0
8c471c95bf9426c5136706a91f75f0d1,a9439c4c630288eadbe014cf675974e0,method_b_deleted,refactored,deleted,0.8,
8c471c95bf9426c5136706a91f75f0d1,fde6e238ff24a35eaef1aed702698a9e,method_b_deleted,refactored,deleted,0.8,
8c812a91e0bb6a0ce6e98e3a571f8f07,8c812a91e0bb6a0ce6e98e3a571f8f07,pair_dissolved_naturally,token_hash,token_hash,1.0,1.0
8c9150a1c64958888dd57f258a2ea3a7,f3365135e52a88d0970e9be933354afc,pair_dissolved_naturally,exact,unknown,1.0,
8ca1755134922d2fbd434f6774a5ce93,8e38a8dff7cc84a1b503a54da493d80b,pair_dissolved_naturally,exact,exact,1.0,1.0
8ca1755134922d2fbd434f6774a5ce93,92c08b77f9d378b40d34af561f810de6,pair_dissolved_naturally,exact,exact,1.0,1.0
8ca1755134922d2fbd434f6774a5ce93,9a52aa62def0c178dc412f9e8e24aff0,pair_dissolved_naturally,exact,exact,1.0,1.0
8ca1755134922d2fbd434f6774a5ce93,a1f60d7b54ce926a4b5a508c9fc118d9,pair_dissolved_naturally,exact,exact,1.0,1.0
8ca1755134922d2fbd434f6774a5ce93,c2e140c0d114294d5871ac56290ba7d7,pair_dissolved_naturally,exact,exact,1.0,1.0
8ca1755134922d2fbd434f6774a5ce93,c7aa4ea10ee91223bd47d893360bcba3,pair_dissolved_naturally,exact,exact,1.0,1.0
8ca1755134922d2fbd434f6774a5ce93,cdf0a1e634fa6b7a717a75c3020c48d3,pair_dissolved_naturally,exact,exact,1.0,1.0
8ca1755134922d2fbd434f6774a5ce93,d2de5daca62470c9b7c8ee039578af0e,pair_dissolved_naturally,exact,exact,1.0,1.0
8ca1755134922d2fbd434f6774a5ce93,f49104062a8a091bdd64b13cbcf23343,pair_dissolved_naturally,exact,exact,1.0,1.0
8ca1755134922d2fbd434f6774a5ce93,f4c884fb1f0f8548033512fc5c8fdd76,pair_dissolved_naturally,exact,exact,1.0,1.0
8ca1755134922d2fbd434f6774a5ce93,fb4093651d63d2425a190bc3b807255e,pair_dissolved_naturally,exact,exact,1.0,1.0
8ca1755134922d2fbd434f6774a5ce93,fd9e62dbf5e1bc25abdea3c42e0fdff9,pair_dissolved_naturally,exact,exact,1.0,1.0
8d41407c9e21b4deac8c3a2f051da9d2,e726492d30ba647aff35e0dc5c0942a6,pair_dissolved_naturally,exact,exact,1.0,1.0
8d57360f9917e783a7237f508570bce1,ea4cacd1b57493ed6ffa6a1d592fa14c,pair_dissolved_naturally,exact,exact,1.0,1.0
8dbb6eccd931ced09da583c6c7bf6c60,a55ebede8fddee54500c61cac2aab18d,pair_dissolved_by_refactoring,exact,signature_changed,1.0,1.0
8e38a8dff7cc84a1b503a54da493d80b,92c08b77f9d378b40d34af561f810de6,pair_dissolved_naturally,exact,exact,1.0,1.0
8e38a8dff7cc84a1b503a54da493d80b,9d3ffa6dd309537012ece80dcedf8357,pair_dissolved_naturally,exact,exact,1.0,1.0
8e38a8dff7cc84a1b503a54da493d80b,ac80fa64ea9fb9fb776f766c6d029ab9,pair_dissolved_naturally,exact,exact,1.0,1.0
8e38a8dff7cc84a1b503a54da493d80b,b9362dd57ec2d1de61b60079c2b8e2bf,pair_dissolved_naturally,exact,exact,1.0,1.0
8e38a8dff7cc84a1b503a54da493d80b,c7aa4ea10ee91223bd47d893360bcba3,pair_dissolved_naturally,exact,exact,1.0,1.0
8e38a8dff7cc84a1b503a54da493d80b,cdf0a1e634fa6b7a717a75c3020c48d3,pair_dissolved_naturally,exact,exact,1.0,1.0
8e38a8dff7cc84a1b503a54da493d80b,ce6fe27c08f0e741d45af23b6fc24c97,pair_dissolved_naturally,exact,exact,1.0,1.0
8e38a8dff7cc84a1b503a54da493d80b,d81f42d84fc0442984eb791a7af253ae,pair_dissolved_naturally,exact,exact,1.0,1.0
8e38a8dff7cc84a1b503a54da493d80b,e5df5ae69c2f7041013d24aa76957f10,pair_dissolved_naturally,exact,exact,1.0,1.0
8e38a8dff7cc84a1b503a54da493d80b,f49104062a8a091bdd64b13cbcf23343,pair_dissolved_naturally,exact,exact,1.0,1.0
8e38a8dff7cc84a1b503a54da493d80b,f4c884fb1f0f8548033512fc5c8fdd76,pair_dissolved_naturally,exact,exact,1.0,1.0
8e38a8dff7cc84a1b503a54da493d80b,fb4093651d63d2425a190bc3b807255e,pair_dissolved_naturally,exact,exact,1.0,1.0
8e38a8dff7cc84a1b503a54da493d80b,fbe8ea5e89955dc52a1c7cc6c0ae84ca,pair_dissolved_naturally,exact,exact,1.0,1.0
8e38a8dff7cc84a1b503a54da493d80b,fd9e62dbf5e1bc25abdea3c42e0fdff9,pair_dissolved_naturally,exact,exact,1.0,1.0
8e505f1dfbf508dd54e5abd7399453bd,c02e3988378964b5a75932c12837fecc,pair_dissolved_naturally,exact,exact,1.0,1.0
8e505f1dfbf508dd54e5abd7399453bd,fca47729a386529df98f57e82bb747ff,pair_dissolved_naturally,exact,exact,1.0,1.0
8eb0b4430ecf4404792693c839fda19d,a6d6875c2500a67b579c9609611de769,pair_dissolved_naturally,exact,exact,1.0,1.0
8eba7b124b9fe457b92ccbd822ded47d,e7ca4ca3bc9256449ffb69b91922c0d9,pair_dissolved_naturally,exact,exact,1.0,1.0
8ee9070f7f30ebea36d53a4aac752baf,c723779618e878183e6bf2563dc41d4f,pair_dissolved_naturally,exact,exact,1.0,1.0
8f321c0cd5013f92c0f20ddbde46d6d8,9a7ae6a9ebec329db22e6f40d3c08947,pair_dissolved_naturally,exact,exact,1.0,1.0
8f4e63700d80bbe4a6f2143628cd3384,a7a429cd3dc25ddbcb5b8b5e1163c87c,pair_dissolved_naturally,exact,exact,1.0,1.0
8f72e57d361bff816323d3fc3c2d1063,e6c5c2372d10297300315dfaa9a59c6f,pair_dissolved_naturally,exact,exact,1.0,1.0
8fae441e8232c53ac5b3c3e913da5124,ff3fdcad790d37e64e813bbb6e0f59ee,pair_dissolved_naturally,exact,exact,1.0,1.0
8fc0dcfdd14b37012ba741cafc8651b9,a0e5fd21640926c5860ad201b420d030,method_a_deleted,deleted,exact,,1.0
9024e5be880604d69d3933cab99ea6b2,c48df99c18fc422b32706976490b4a38,pair_dissolved_naturally,exact,exact,1.0,1.0
912356a679ba499e4a5d11eaa1849567,92601e2d3548a477033dec636d4cd843,pair_dissolved_naturally,exact,exact,1.0,1.0
9134d94f0397c73601932972ed2e137b,bae532b1ebbdd2e537af9713ed4a7966,pair_dissolved_naturally,exact,exact,1.0,1.0
9134d94f0397c73601932972ed2e137b,ddc54515a5f77dd518a728052f57fdde,pair_dissolved_naturally,exact,exact,1.0,1.0
917356a99dbb7bc5d5f19f37c0c008ce,b2080a3912dc274f062bd2c788d022f4,pair_dissolved_by_refactoring,exact,signature_changed,1.0,1.0
917b31b3976cf246d9171dbf64871c79,9540f2f1ef5c0e23048d2edffa07e8f5,pair_dissolved_naturally,exact,exact,1.0,1.0
917b31b3976cf246d9171dbf64871c79,c81ee1906b111276630ba0c09b055ff3,pair_dissolved_naturally,exact,exact,1.0,1.0
917b55ebc7b44f2aa404006522d53be2,b7f99a13465fa041338692f47cfe3d2b,pair_dissolved_naturally,exact,exact,1.0,1.0
91a41628987a9107ab18db55ab11273f,b3a0e0108e2692523d62a45cf0fbf9ca,pair_dissolved_naturally,exact,exact,1.0,1.0
91a41628987a9107ab18db55ab11273f,f68800002b6d3c4df0340144956898d1,pair_dissolved_naturally,exact,exact,1.0,1.0
91a7e4a6b7cf4157468df92bafebe32a,a8dfb8655a7cfd9cd08faec3f6cd9b76,pair_dissolved_naturally,exact,exact,1.0,1.0
91a7e4a6b7cf4157468df92bafebe32a,bcb8d403512a82e229c12814374b3c34,pair_dissolved_naturally,exact,exact,1.0,1.0
91cf26a4a05f321b60a7bc279db71e52,e6c5c2372d10297300315dfaa9a59c6f,pair_dissolved_naturally,exact,exact,1.0,1.0
91d59c3ddd12d2187a930d7ee4f06f61,bc991a32f5980ce587de20e8bc35def5,pair_dissolved_naturally,exact,exact,1.0,1.0
91db55039383bec873e00fc6a6bb8196,92182414f692714b419138985cafcbf1,pair_dissolved_by_refactoring,exact,renamed,1.0,0.99
91ff7d3512e1263e8eb0810d2eaced65,9f4eb0b5f515338a7ff3d7d9ddddd297,pair_dissolved_naturally,exact,exact,1.0,1.0
920de0dcf7ed3491057ce3c85985a4e0,c2e140c0d114294d5871ac56290ba7d7,pair_dissolved_naturally,exact,exact,1.0,1.0
920de0dcf7ed3491057ce3c85985a4e0,c3a996843a8658f71700533a03220c6f,pair_dissolved_naturally,exact,exact,1.0,1.0
920de0dcf7ed3491057ce3c85985a4e0,dfe7b52a0eb3ddf1d2a78a8c7c10a0c5,pair_dissolved_naturally,exact,exact,1.0,1.0
92601e2d3548a477033dec636d4cd843,a7669d6fc8f46d263cc895a3e955cfe8,pair_dissolved_naturally,exact,exact,1.0,1.0
92601e2d3548a477033dec636d4cd843,a95bf7744fe6cd8c8c1cf61da46db3c8,pair_dissolved_naturally,exact,exact,1.0,1.0
92601e2d3548a477033dec636d4cd843,bbcccdbd0ae0458cf52a8077ec2e0f42,pair_dissolved_naturally,exact,exact,1.0,1.0
92601e2d3548a477033dec636d4cd843,d947e045407dd3f82ef6a90b4ea053ff,pair_dissolved_naturally,exact,exact,1.0,1.0
92601e2d3548a477033dec636d4cd843,dfceed03a74e93db23209672b08ab262,pair_dissolved_naturally,exact,exact,1.0,1.0
92601e2d3548a477033dec636d4cd843,e0bc445137c4097325344a9fbf641b24,pair_dissolved_naturally,exact,exact,1.0,1.0
92601e2d3548a477033dec636d4cd843,e79f617a9123f418b3a73d51c9ae7f83,pair_dissolved_naturally,exact,exact,1.0,1.0
92601e2d3548a477033dec636d4cd843,f84fdcf165aa220c2668e7460dd9ee12,pair_dissolved_naturally,exact,exact,1.0,1.0
9295b4212327ff6097a50e28972ec9db,a6d6875c2500a67b579c9609611de769,pair_dissolved_naturally,exact,exact,1.0,1.0
9295b4212327ff6097a50e28972ec9db,b93ff050bc8cc544f875174d6c64d51a,pair_dissolved_naturally,exact,exact,1.0,1.0
9295b4212327ff6097a50e28972ec9db,d8bd409a61eed0290d225be07489b42c,pair_dissolved_naturally,exact,exact,1.0,1.0
9295b4212327ff6097a50e28972ec9db,ec2b16be29a1fce84d9787a5dff47794,pair_dissolved_naturally,exact,exact,1.0,1.0
9295b4212327ff6097a50e28972ec9db,ee2401fb49c256d8f92e50dbf3a4d160,pair_dissolved_naturally,exact,exact,1.0,1.0
92c08b77f9d378b40d34af561f810de6,9a52aa62def0c178dc412f9e8e24aff0,pair_dissolved_naturally,exact,exact,1.0,1.0
92c08b77f9d378b40d34af561f810de6,9d3ffa6dd309537012ece80dcedf8357,pair_dissolved_naturally,exact,exact,1.0,1.0
92c08b77f9d378b40d34af561f810de6,a1f60d7b54ce926a4b5a508c9fc118d9,pair_dissolved_naturally,exact,exact,1.0,1.0
92c08b77f9d378b40d34af561f810de6,c2e140c0d114294d5871ac56290ba7d7,pair_dissolved_naturally,exact,exact,1.0,1.0
92c08b77f9d378b40d34af561f810de6,c7aa4ea10ee91223bd47d893360bcba3,pair_dissolved_naturally,exact,exact,1.0,1.0
92c08b77f9d378b40d34af561f810de6,cdf0a1e634fa6b7a717a75c3020c48d3,pair_dissolved_naturally,exact,exact,1.0,1.0
92c08b77f9d378b40d34af561f810de6,d2de5daca62470c9b7c8ee039578af0e,pair_dissolved_naturally,exact,exact,1.0,1.0
92c08b77f9d378b40d34af561f810de6,f49104062a8a091bdd64b13cbcf23343,pair_dissolved_naturally,exact,exact,1.0,1.0
92c08b77f9d378b40d34af561f810de6,f4c884fb1f0f8548033512fc5c8fdd76,pair_dissolved_naturally,exact,exact,1.0,1.0
92c08b77f9d378b40d34af561f810de6,fd9e62dbf5e1bc25abdea3c42e0fdff9,pair_dissolved_naturally,exact,exact,1.0,1.0
92c909e785d259e96ab720d5315a8e9c,be7094eea2cd8da5a9eb5b309b537aa8,pair_dissolved_naturally,exact,exact,1.0,1.0
92d2b0f4cfdaf5204d0d62e2dfcb985b,bc8a7317caa3335783c9bdc81875693c,pair_dissolved_naturally,exact,exact,1.0,1.0
92d2b0f4cfdaf5204d0d62e2dfcb985b,ddf6cdf3569af4d328c9740a86e73c28,pair_dissolved_naturally,exact,exact,1.0,1.0
92d2b0f4cfdaf5204d0d62e2dfcb985b,fab3d75e3eab49a188c4b8f838983a9b,pair_dissolved_naturally,exact,exact,1.0,1.0
92d316d91bff778a3ce6ce14e78006fd,a567088a9a7e93263bf6fca37574c887,pair_dissolved_naturally,exact,exact,1.0,1.0
92db08f64131c920de7441a610f1dbfe,9adef2604ade49ea0a6e82c1f55cff72,pair_dissolved_naturally,exact,exact,1.0,1.0
92dcdaa5e23a2024694044b719c6938b,bbedb5db370389f2600d1bd2dab5e6d7,pair_dissolved_by_refactoring,signature_changed,signature_changed,1.0,1.0
9316504218006bf13cf95459ebf5a545,b84ab04203fcb94af3c4c8bc39d95b8d,pair_dissolved_naturally,exact,exact,1.0,1.0
9316504218006bf13cf95459ebf5a545,bae532b1ebbdd2e537af9713ed4a7966,pair_dissolved_naturally,exact,exact,1.0,1.0
9316504218006bf13cf95459ebf5a545,c9989b27cdcfbbc7fd47d87d17c93831,method_b_deleted,exact,deleted,1.0,
9316504218006bf13cf95459ebf5a545,ddc54515a5f77dd518a728052f57fdde,pair_dissolved_naturally,exact,exact,1.0,1.0
9316504218006bf13cf95459ebf5a545,dfedb1c8e2f8fbecff8bb52fc5cbcad0,pair_dissolved_naturally,exact,exact,1.0,1.0
934c22ac03dca120d37f25e8933b6922,a567088a9a7e93263bf6fca37574c887,pair_dissolved_naturally,exact,exact,1.0,1.0
93eae7c30bf99ea0961848c4b342f6b3,c30700dcf1e4ef69f8300d6d0dd4580c,pair_dissolved_naturally,exact,exact,1.0,1.0
93eae7c30bf99ea0961848c4b342f6b3,e08602b98e628f6c6ebc444387368782,pair_dissolved_naturally,exact,exact,1.0,1.0
944187b48f2956484235248945e7216d,9e0574b64f60d8f1600c5af749592769,pair_dissolved_naturally,exact,exact,1.0,1.0
944187b48f2956484235248945e7216d,a81e226fd81222d5633bc72eb6c5fc22,pair_dissolved_naturally,exact,exact,1.0,1.0
944187b48f2956484235248945e7216d,b2b75252e1a50bf2bf2d5b2f77db098b,pair_dissolved_naturally,exact,exact,1.0,1.0
944187b48f2956484235248945e7216d,bbcaaa9d2e93ed884c4f6d98f5eb59b0,pair_dissolved_naturally,exact,exact,1.0,1.0
9447ef22a55ffb092694baa948bde154,f02edd7e31cf302e61bb917712d1ff00,pair_dissolved_naturally,exact,exact,1.0,1.0
944decf8e25c7242942fd084d8c92a71,ba484a5e5d2a24ac2f59e4755ad9f76b,pair_dissolved_by_refactoring,exact,signature_changed,1.0,0.92
94a119564f3cfcf46997d6ba3712ee67,9766ffab3da00872562b69d3232a1fb7,pair_dissolved_naturally,exact,exact,1.0,1.0
9513a83544d4d98185928179d5dbc518,96382aa6f67e6ee357f75d62aef63209,pair_dissolved_naturally,exact,exact,1.0,1.0
9513a83544d4d98185928179d5dbc518,e879aa61a1256aa66a5e6d3bb47f8fc5,pair_dissolved_naturally,exact,exact,1.0,1.0
952d0760c0ad5d49daad1742690f0df7,b72df5aefeccc1a7018726a21574aa8b,pair_dissolved_naturally,exact,exact,1.0,1.0
95f172d855d381562934806ab3d9af30,e726492d30ba647aff35e0dc5c0942a6,pair_dissolved_naturally,exact,exact,1.0,1.0
961201232f3747e62632980212e35227,c08eab8f5592b55a14025317c246a4ac,pair_dissolved_naturally,exact,exact,1.0,1.0
961201232f3747e62632980212e35227,e0408cdb7eb0e9f477990058087ec13a,pair_dissolved_naturally,exact,exact,1.0,1.0
96382aa6f67e6ee357f75d62aef63209,b7382a062c0fa544310176f71166353e,pair_dissolved_naturally,exact,exact,1.0,1.0
96382aa6f67e6ee357f75d62aef63209,c2ef0d4d9c474fa66cfaccdbaa7bdd8b,pair_dissolved_naturally,exact,exact,1.0,1.0
96382aa6f67e6ee357f75d62aef63209,e383d3d03b75cf5bd90d0eef5bebedbd,pair_dissolved_naturally,exact,exact,1.0,1.0
96382aa6f67e6ee357f75d62aef63209,fa891bcacddbc497cd534d9273bbbf70,pair_dissolved_naturally,exact,exact,1.0,1.0
96497873bed1afdfaf5153088ebec85c,c48df99c18fc422b32706976490b4a38,pair_dissolved_naturally,exact,exact,1.0,1.0
96497873bed1afdfaf5153088ebec85c,fb8cf5fa63631e51d8fad9af43d3552d,pair_dissolved_naturally,exact,exact,1.0,1.0
967433e64c39769d8b9ec0585a1b89dc,a93d7107e713043d578fe4d229b2c3c4,pair_dissolved_naturally,exact,exact,1.0,1.0
968bac117b81f824cfca6bb3bea37d74,ef79cafc6690601cf97469a0bbef7f27,pair_dissolved_naturally,exact,exact,1.0,1.0
96912960cfac55eef07df9b5cbea4021,af7dffcf987c76a38464152b47c140e7,pair_dissolved_by_refactoring,exact,signature_changed,1.0,0.98
970640e35b80ca90419b4cdcc46749d1,e42792947e27bde90a37785b4ff24cfa,pair_dissolved_naturally,exact,exact,1.0,1.0
971de7e13436c2715764435d0c50490d,9c8eab3f68a75abe3633554fb01804cd,pair_dissolved_naturally,exact,exact,1.0,1.0
97320c321e30251af91919e3eff5a917,e726492d30ba647aff35e0dc5c0942a6,pair_dissolved_naturally,exact,exact,1.0,1.0
974a02f23eb9c72a8a2a4292a691ebdc,d55ed607f9efc63651827d77d8b3cecd,pair_dissolved_naturally,exact,exact,1.0,1.0
97c4cad7b79dff95c637807b66fa5def,ba7bc6e4986ca28dad35c118fa602d4e,pair_dissolved_by_refactoring,signature_changed,exact,0.98,1.0
97c4cad7b79dff95c637807b66fa5def,d65cf5b669c962301fe6dba2a0512bda,pair_dissolved_by_refactoring,signature_changed,exact,0.98,1.0
97c4cad7b79dff95c637807b66fa5def,d7c52fbe31eca476df11d25cdc71dfd4,pair_dissolved_by_refactoring,signature_changed,exact,0.98,1.0
97c4cad7b79dff95c637807b66fa5def,d7f95d5c565749d319f5b6a91a4fe9d9,pair_dissolved_by_refactoring,signature_changed,exact,0.98,1.0
97c4cad7b79dff95c637807b66fa5def,dc4e04234a81652444e87f7f74e52f65,pair_dissolved_by_refactoring,signature_changed,exact,0.98,1.0
97c4cad7b79dff95c637807b66fa5def,e68cb6dce48a3b1ca0f5f165697e810c,pair_dissolved_by_refactoring,signature_changed,exact,0.98,1.0
97c4cad7b79dff95c637807b66fa5def,ea62a27f0b5a573cfe371768a910c9a0,pair_dissolved_by_refactoring,signature_changed,exact,0.98,1.0
97c4cad7b79dff95c637807b66fa5def,edaf28b63734785f7016dfda14a6d967,pair_dissolved_by_refactoring,signature_changed,signature_changed,0.98,0.93
985d19d79273c9d24d8f5aba088b38e4,b89b2e591f36b31e062e71c9cb39c0b4,pair_dissolved_by_refactoring,signature_changed,signature_changed,1.0,1.0
98b5fb1da4c71899d2f784068ea91bc3,e726492d30ba647aff35e0dc5c0942a6,pair_dissolved_naturally,exact,exact,1.0,1.0
98b8650d16643696897849e14e187e3b,9fce574a41fa8487779c9b9aa0826362,pair_dissolved_naturally,exact,exact,1.0,1.0
98e4fc7d37642ffc5c2a15e32fb4071a,c7f9c86f92f82b202698478355b769de,pair_dissolved_naturally,exact,exact,1.0,1.0
9980e4b84411f92cc8f1a7e43a42553c,9bb853fa25f481c6072b1caaad0fe775,pair_dissolved_naturally,exact,exact,1.0,1.0
9980e4b84411f92cc8f1a7e43a42553c,ba1ac6c1b03185606f0268a721a25f3d,pair_dissolved_naturally,exact,exact,1.0,1.0
99c4abbb16d00b6fe2209ffa43e35ef8,e08b650bc0d1ebb0b0ed038bfc2d6641,pair_dissolved_naturally,exact,exact,1.0,1.0
99f65ee7a01d61a01621abe19760835b,ab47afa0f749d8e700c013e75c1635d0,pair_dissolved_naturally,exact,exact,1.0,1.0
9a16275b80c59f5f6a3ff330d76003a9,a414e7e1919785c50fa27c0e72323c23,pair_dissolved_naturally,exact,exact,1.0,1.0
9a4891a3f97c7a2414af54c625f1c093,9a638929b8b16ee300d822eb6614eadc,pair_dissolved_naturally,exact,exact,1.0,1.0
9a52aa62def0c178dc412f9e8e24aff0,a1f60d7b54ce926a4b5a508c9fc118d9,pair_dissolved_naturally,exact,exact,1.0,1.0
9a52aa62def0c178dc412f9e8e24aff0,b09a2d607a9a695058809f20a1fd1bab,pair_dissolved_naturally,exact,exact,1.0,1.0
9a52aa62def0c178dc412f9e8e24aff0,c7aa4ea10ee91223bd47d893360bcba3,pair_dissolved_naturally,exact,exact,1.0,1.0
9a52aa62def0c178dc412f9e8e24aff0,cdf0a1e634fa6b7a717a75c3020c48d3,pair_dissolved_naturally,exact,exact,1.0,1.0
9a52aa62def0c178dc412f9e8e24aff0,d2de5daca62470c9b7c8ee039578af0e,pair_dissolved_naturally,exact,exact,1.0,1.0
9a52aa62def0c178dc412f9e8e24aff0,d81f42d84fc0442984eb791a7af253ae,pair_dissolved_naturally,exact,exact,1.0,1.0
9a52aa62def0c178dc412f9e8e24aff0,f49104062a8a091bdd64b13cbcf23343,pair_dissolved_naturally,exact,exact,1.0,1.0
9a52aa62def0c178dc412f9e8e24aff0,f4c884fb1f0f8548033512fc5c8fdd76,pair_dissolved_naturally,exact,exact,1.0,1.0
9a52aa62def0c178dc412f9e8e24aff0,fbe8ea5e89955dc52a1c7cc6c0ae84ca,pair_dissolved_naturally,exact,exact,1.0,1.0
9a52aa62def0c178dc412f9e8e24aff0,fd9e62dbf5e1bc25abdea3c42e0fdff9,pair_dissolved_naturally,exact,exact,1.0,1.0
9a66cb9aad85fa22bc48aab35bed8989,cdb0535aa74043ccea17cf0ea0b77191,both_deleted,deleted,deleted,,
9a66cb9aad85fa22bc48aab35bed8989,ecd1885ee6dd67327b985fee57fe97d0,both_deleted,deleted,deleted,,
9ab304fea20a421301b1b0f39de95e66,afd63bb0dc22b760e1fea00147665c09,pair_dissolved_naturally,exact,exact,1.0,1.0
9af5b7ee8478526e498ac4342491ed23,e5969826153fdacfc282af9e6e55900c,pair_dissolved_naturally,exact,exact,1.0,1.0
9b1d35f928575be8e5de11214d77f0f0,b4da9e114e4030c7323beeb38e69abcb,pair_dissolved_naturally,exact,exact,1.0,1.0
9b1d35f928575be8e5de11214d77f0f0,bbbaba0bb770a7dd1ca2e3bba17ffd88,pair_dissolved_naturally,exact,exact,1.0,1.0
9b1d35f928575be8e5de11214d77f0f0,c57fc1de8bf4592f427c36b3d0a53c26,pair_dissolved_naturally,exact,exact,1.0,1.0
9b1d35f928575be8e5de11214d77f0f0,e7d68d36930fdf52765555efd01b4431,pair_dissolved_naturally,exact,exact,1.0,1.0
9b427aa900fa8c136d673fdc0ecbe11d,a0aaf9c0f0db6f4ec50ebc21f29f4031,pair_dissolved_naturally,exact,exact,1.0,1.0
9b66a025b39170d3ad7c075fe66e51cb,ce6978d3d4edd86606a8b9e75b769b31,pair_dissolved_naturally,exact,exact,1.0,1.0
9ba2458267cfd07b811dcfd2944a2a2b,cf3fb8ebab63ea7e39cb87657946669c,pair_dissolved_naturally,exact,exact,1.0,1.0
9babe881a69489d7d47d516d979bc374,b6fa7142063b6d0434976698c9bb56c7,pair_dissolved_naturally,exact,exact,1.0,1.0
9babe881a69489d7d47d516d979bc374,e6b7460485f8c72b34ca8de6b8176687,pair_dissolved_naturally,exact,exact,1.0,1.0
9bb853fa25f481c6072b1caaad0fe775,ba1ac6c1b03185606f0268a721a25f3d,pair_dissolved_naturally,exact,exact,1.0,1.0
9c34580629a998613a26b656184974b5,e726492d30ba647aff35e0dc5c0942a6,pair_dissolved_naturally,exact,exact,1.0,1.0
9c511f61ad3c5ff8ae9b05dc78d9abfd,e0bc445137c4097325344a9fbf641b24,pair_dissolved_naturally,exact,exact,1.0,1.0
9cd2d6d7846d16925de1621e54c649f0,d1ab83af4beec623f9a9ac161c87636d,pair_dissolved_naturally,exact,exact,1.0,1.0
9cda1cd9df540c1a320e1e8c90711519,f6be7b4100599a86b61d4cf3f83a3d97,pair_dissolved_naturally,exact,exact,1.0,1.0
9cdd131e3020d1e128a21329256b13da,c051e7b45f5eb8bf8a906de34b56af66,pair_dissolved_naturally,exact,exact,1.0,1.0
9cdd131e3020d1e128a21329256b13da,e0a54de59530f733aa1f3a87321b53cd,pair_dissolved_naturally,exact,exact,1.0,1.0
9d20835c62ad11b0001c02a8bfc1488f,cd9b9248eb3d4c80e9ac06ec7bb446d7,pair_dissolved_naturally,exact,exact,1.0,1.0
9d28686312f4fb09e5935896c826a507,f3ede47c14aeb348b9654b42164d5977,pair_dissolved_naturally,exact,exact,1.0,1.0
9d3ffa6dd309537012ece80dcedf8357,ac80fa64ea9fb9fb776f766c6d029ab9,pair_dissolved_naturally,exact,exact,1.0,1.0
9d3ffa6dd309537012ece80dcedf8357,b9362dd57ec2d1de61b60079c2b8e2bf,pair_dissolved_naturally,exact,exact,1.0,1.0
9d3ffa6dd309537012ece80dcedf8357,c7aa4ea10ee91223bd47d893360bcba3,pair_dissolved_naturally,exact,exact,1.0,1.0
9d3ffa6dd309537012ece80dcedf8357,cdf0a1e634fa6b7a717a75c3020c48d3,pair_dissolved_naturally,exact,exact,1.0,1.0
9d3ffa6dd309537012ece80dcedf8357,ce6fe27c08f0e741d45af23b6fc24c97,pair_dissolved_naturally,exact,exact,1.0,1.0
9d3ffa6dd309537012ece80dcedf8357,d2de5daca62470c9b7c8ee039578af0e,pair_dissolved_naturally,exact,exact,1.0,1.0
9d3ffa6dd309537012ece80dcedf8357,d81f42d84fc0442984eb791a7af253ae,pair_dissolved_naturally,exact,exact,1.0,1.0
9d3ffa6dd309537012ece80dcedf8357,e5df5ae69c2f7041013d24aa76957f10,pair_dissolved_naturally,exact,exact,1.0,1.0
9d3ffa6dd309537012ece80dcedf8357,f49104062a8a091bdd64b13cbcf23343,pair_dissolved_naturally,exact,exact,1.0,1.0
9d3ffa6dd309537012ece80dcedf8357,f4c884fb1f0f8548033512fc5c8fdd76,pair_dissolved_naturally,exact,exact,1.0,1.0
9d3ffa6dd309537012ece80dcedf8357,fb4093651d63d2425a190bc3b807255e,pair_dissolved_naturally,exact,exact,1.0,1.0
9d3ffa6dd309537012ece80dcedf8357,fbe8ea5e89955dc52a1c7cc6c0ae84ca,pair_dissolved_naturally,exact,exact,1.0,1.0
9d3ffa6dd309537012ece80dcedf8357,fd9e62dbf5e1bc25abdea3c42e0fdff9,pair_dissolved_naturally,exact,exact,1.0,1.0
9def3ab11e5b7f70056c8d2024f43587,d4160e0557f7906386ef8e6b01151f82,pair_dissolved_naturally,exact,exact,1.0,1.0
9def3ab11e5b7f70056c8d2024f43587,d53aec51bc1052b8335b4ab7bf4a66b9,pair_dissolved_by_refactoring,exact,signature_changed,1.0,0.74
9def3ab11e5b7f70056c8d2024f43587,da191e4f21834a1559710564907be507,pair_dissolved_naturally,exact,exact,1.0,1.0
9e02faa1364ea33ae7d33a7092f8a180,cfd3ea0356b97580316a3a135162bc00,pair_dissolved_naturally,exact,exact,1.0,1.0
9e0e0b5ff22e54de1bf611a28036e445,cf3e22c8ad599ecc38cf7c33ac9da8b1,pair_dissolved_by_refactoring,signature_changed,signature_changed,1.0,1.0
9e4032a059c77341efee2a4c3b3d497e,b5f94874ec7d340e3046a971224e5df9,pair_dissolved_naturally,exact,exact,1.0,1.0
9f008cc6dd29b2dcc533f9eb3e742e7b,ae6dd1eeb84f5af2e7f9ff4e4b497df5,pair_dissolved_naturally,exact,exact,1.0,1.0
9f673c5fe49a7db80be2f62fab1cbc15,bae532b1ebbdd2e537af9713ed4a7966,pair_dissolved_naturally,exact,exact,1.0,1.0
9f673c5fe49a7db80be2f62fab1cbc15,ddc54515a5f77dd518a728052f57fdde,pair_dissolved_naturally,exact,exact,1.0,1.0
9f812f0731df6aa00b1f1bee73e1781e,c24949ee13a13f1ee0616ebada324456,pair_dissolved_naturally,exact,exact,1.0,1.0
9f812f0731df6aa00b1f1bee73e1781e,d5dc6d956f07ea7e4526920b52b236a1,pair_dissolved_naturally,exact,exact,1.0,1.0
9f812f0731df6aa00b1f1bee73e1781e,f4b3929ae5bdd27691b655b9ce995f7e,pair_dissolved_naturally,exact,exact,1.0,1.0
9fecd18a0a2df8d4da9be282402e0fc7,c1257124fd5c3f4f9a9ed7144a567bcd,pair_dissolved_naturally,exact,exact,1.0,1.0
9fecd18a0a2df8d4da9be282402e0fc7,dc6c1bdb6de35d310eed4e79dfab7ea6,pair_dissolved_naturally,exact,exact,1.0,1.0
9fecd18a0a2df8d4da9be282402e0fc7,e3bc22b9ac9159acc52356380dc7fa82,pair_dissolved_naturally,exact,exact,1.0,1.0
a00734464a28629aad4e6bcdf48b2a33,e89f82077699acc6096214eb7ca18876,pair_dissolved_naturally,exact,exact,1.0,1.0
a08a069cfa5175970a0f09246345c02c,a743036ed1f9d134a8a50546e763df53,pair_dissolved_naturally,exact,exact,1.0,1.0
a08a069cfa5175970a0f09246345c02c,e726492d30ba647aff35e0dc5c0942a6,pair_dissolved_naturally,exact,exact,1.0,1.0
a0eb9326bb4bda31c9e7e1577b13dd3e,b7fd10cf9ae6ae0aceda75e99c84b97f,pair_dissolved_by_refactoring,signature_changed,signature_changed,1.0,1.0
a0eb9326bb4bda31c9e7e1577b13dd3e,c390ac33284f65f4723b8822019a1bea,pair_dissolved_by_refactoring,signature_changed,signature_changed,1.0,1.0
a0f4ad6445a658ee56e81fae6cc43b90,ad4adb98442547bedda170941f0a1d15,pair_dissolved_by_refactoring,exact,signature_changed,1.0,0.95
a1703a55e1cedae0c733cff9ce9a5d49,d5dc6d956f07ea7e4526920b52b236a1,pair_dissolved_naturally,exact,exact,1.0,1.0
a1b2af88e5568f4115bc53806962b698,a55adf5b02630a07a7e4bf7573140126,pair_dissolved_by_refactoring,signature_changed,exact,0.98,1.0
a1e95a7e2a033fb15b6e8ac9896fc065,e0bc445137c4097325344a9fbf641b24,pair_dissolved_naturally,exact,exact,1.0,1.0
a1f60d7b54ce926a4b5a508c9fc118d9,b09a2d607a9a695058809f20a1fd1bab,pair_dissolved_naturally,exact,exact,1.0,1.0
a1f60d7b54ce926a4b5a508c9fc118d9,c7aa4ea10ee91223bd47d893360bcba3,pair_dissolved_naturally,exact,exact,1.0,1.0
a1f60d7b54ce926a4b5a508c9fc118d9,cdf0a1e634fa6b7a717a75c3020c48d3,pair_dissolved_naturally,exact,exact,1.0,1.0
a1f60d7b54ce926a4b5a508c9fc118d9,d2de5daca62470c9b7c8ee039578af0e,pair_dissolved_naturally,exact,exact,1.0,1.0
a1f60d7b54ce926a4b5a508c9fc118d9,d81f42d84fc0442984eb791a7af253ae,pair_dissolved_naturally,exact,exact,1.0,1.0
a1f60d7b54ce926a4b5a508c9fc118d9,f49104062a8a091bdd64b13cbcf23343,pair_dissolved_naturally,exact,exact,1.0,1.0
a1f60d7b54ce926a4b5a508c9fc118d9,f4c884fb1f0f8548033512fc5c8fdd76,pair_dissolved_naturally,exact,exact,1.0,1.0
a1f60d7b54ce926a4b5a508c9fc118d9,fbe8ea5e89955dc52a1c7cc6c0ae84ca,pair_dissolved_naturally,exact,exact,1.0,1.0
a1f60d7b54ce926a4b5a508c9fc118d9,fd9e62dbf5e1bc25abdea3c42e0fdff9,pair_dissolved_naturally,exact,exact,1.0,1.0
a20fdfb2fb8c71cb0cc4c7d7edab056f,bcb8628ce64763e7c0c97099ce481e48,pair_dissolved_naturally,exact,exact,1.0,1.0
a212863b7c50ddb010549dc91eb43b9e,c3f216adf1ab77a5e80358bc6148dc74,pair_dissolved_naturally,exact,exact,1.0,1.0
a212863b7c50ddb010549dc91eb43b9e,d50e7b756e0ba7ddffe0f9098c37c745,pair_dissolved_naturally,exact,exact,1.0,1.0
a212863b7c50ddb010549dc91eb43b9e,dedb994cb7ea19d4a053fb920a633865,pair_dissolved_naturally,exact,exact,1.0,1.0
a228a1d6c316654710fc940fb707fe1b,ebbdeafcf4b6f672f106b80f2b0724dc,pair_dissolved_naturally,exact,exact,1.0,1.0
a2d030beee41376d69341299567c3d54,adfda7e62360702f59d6a2876848e9be,pair_dissolved_naturally,exact,exact,1.0,1.0
a2d030beee41376d69341299567c3d54,d95da4437912e319a6838c3d484be255,pair_dissolved_by_refactoring,exact,signature_changed,1.0,0.86
a2d030beee41376d69341299567c3d54,fbc994194514e4086a267854853e4465,pair_dissolved_naturally,exact,exact,1.0,1.0
a32038dc601f0581704a4e11ff50bb60,a55ebede8fddee54500c61cac2aab18d,pair_dissolved_by_refactoring,exact,signature_changed,1.0,1.0
a34461e2a2b87034b6f784f7d1b92c5e,d1f9faa5bc1993a2bb50a2ed6f95ea49,pair_dissolved_by_refactoring,signature_changed,signature_changed,1.0,1.0
a34a4f27e11f1fcc682f55bb45597583,ed64cc654b16706044d253a7e102a819,pair_dissolved_naturally,exact,exact,1.0,1.0
a38aca1ee518bff0cbd1a546e4f0e07c,bb0228b2b42506bef921b82bda5662e7,pair_dissolved_naturally,exact,exact,1.0,1.0
a38aca1ee518bff0cbd1a546e4f0e07c,c510256e9671804fe641f7628ee925d0,pair_dissolved_naturally,exact,exact,1.0,1.0
a38aca1ee518bff0cbd1a546e4f0e07c,c7367f62152acb64962242f58a8aaa6b,pair_dissolved_naturally,exact,exact,1.0,1.0
a38aca1ee518bff0cbd1a546e4f0e07c,c780ab1dc891384bb510e9a729389c3b,pair_dissolved_naturally,exact,exact,1.0,1.0
a3939f8d560788a9bd0dd7a0994397aa,f21f2e3b8aeba80571960a8483025913,pair_dissolved_by_refactoring,exact,signature_changed,1.0,0.99
a393cc2e4dab86451600fafc02a0c3b3,b59db2d81643e1216c30e35ffb7fb333,method_a_deleted,deleted,exact,,1.0
a39b2d0af72604fd06d1d16ba63abebd,bf0f28e9d0d6603873bd3951434526bc,pair_dissolved_by_refactoring,exact,signature_changed,1.0,0.92
a39b2d0af72604fd06d1d16ba63abebd,c1242d522060aa201aa3fd278c837e9b,pair_dissolved_naturally,exact,exact,1.0,1.0
a39b2d0af72604fd06d1d16ba63abebd,fcdb92069587083655b8cd0f14311a32,pair_dissolved_naturally,exact,exact,1.0,1.0
a3acb5169253deed47f03426b3ee669c,b4d8306a00788e15882687c52240084d,pair_dissolved_by_refactoring,signature_changed,unknown,0.95,
a3b4d71635aaa7cef5bf0aab510f4ad5,bdcc59371126421ce2212f0e686fb8d7,pair_dissolved_naturally,exact,exact,1.0,1.0
a3b4d71635aaa7cef5bf0aab510f4ad5,e9e030c31bb32395a2d13c694730e4d4,pair_dissolved_naturally,exact,exact,1.0,1.0
a3e72e5050bbe92a58fcd54578167602,c5a2c8bd828ae85fcdad4341fede9466,pair_dissolved_naturally,exact,exact,1.0,1.0
a4b20bb7294ef6ee64a8f0e3bc19a033,cebf752d1482d785441f17d2ac97d457,pair_dissolved_naturally,exact,exact,1.0,1.0
a4b784126722c15fe8e4021430e27fde,b76264845e7b6145c70c6e94400c3c66,pair_dissolved_naturally,exact,exact,1.0,1.0
a527bdf8b2adf0e93349398a841d4764,a6423981a46078a1747bba4323e9bc3a,pair_dissolved_naturally,exact,exact,1.0,1.0
a554e5e0c2b7feb58410f6f9e1499fce,dd6bad931335a572a62500769867234d,pair_dissolved_naturally,exact,exact,1.0,1.0
a574ab5606fbb13ec16c75ed7bde0628,b3f1c42a03f52ad5c62deb0a4c079122,pair_dissolved_naturally,exact,exact,1.0,1.0
a5a5700b235e094c581422c9b2a50db0,ba3f5e6862c5bd75e4ce751bfd4c8927,method_a_deleted,deleted,moved,,0.93
a5a8b78b23ad7ca0237d4ed91a7abcd4,a81e226fd81222d5633bc72eb6c5fc22,pair_dissolved_naturally,exact,exact,1.0,1.0
a5a8b78b23ad7ca0237d4ed91a7abcd4,bbcaaa9d2e93ed884c4f6d98f5eb59b0,pair_dissolved_naturally,exact,exact,1.0,1.0
a62865efc7fb8c53ac25440b601c0073,c61b13cc40753778204ff9eb865cf377,pair_dissolved_naturally,exact,exact,1.0,1.0
a6423981a46078a1747bba4323e9bc3a,b2511f6417f44a54c21d7b9be48e09e0,pair_dissolved_naturally,exact,exact,1.0,1.0
a6423981a46078a1747bba4323e9bc3a,efb27db69d41551b6f38e30d37578fc3,pair_dissolved_naturally,exact,exact,1.0,1.0
a69936697f40dc16697cf338411600fd,c5a7b9bb7d5fad946572300ccc3d0ffa,pair_dissolved_naturally,exact,exact,1.0,1.0
a69936697f40dc16697cf338411600fd,dc623c3e68dd3e2f9c7ec85dc6686c1f,pair_dissolved_naturally,exact,exact,1.0,1.0
a6d6875c2500a67b579c9609611de769,d8bd409a61eed0290d225be07489b42c,pair_dissolved_naturally,exact,exact,1.0,1.0
a6d6875c2500a67b579c9609611de769,ec2b16be29a1fce84d9787a5dff47794,pair_dissolved_naturally,exact,exact,1.0,1.0
a6d6875c2500a67b579c9609611de769,ee2401fb49c256d8f92e50dbf3a4d160,pair_dissolved_naturally,exact,exact,1.0,1.0
a6d91a37b0fcaff9209bb5b29392034d,bae532b1ebbdd2e537af9713ed4a7966,pair_dissolved_naturally,exact,exact,1.0,1.0
a6d91a37b0fcaff9209bb5b29392034d,ddc54515a5f77dd518a728052f57fdde,pair_dissolved_naturally,exact,exact,1.0,1.0
a6d91a37b0fcaff9209bb5b29392034d,ed2c979efd0f88dac9e043140c8dcb96,pair_dissolved_naturally,exact,exact,1.0,1.0
a6d91a37b0fcaff9209bb5b29392034d,f5a4f3d5fbe0f0cfb88cf2b2f7ee50c0,pair_dissolved_naturally,exact,exact,1.0,1.0
a6d91a37b0fcaff9209bb5b29392034d,fe0c04e85071cc21be49cf586b9e9988,pair_dissolved_naturally,exact,exact,1.0,1.0
a743036ed1f9d134a8a50546e763df53,d5dc6d956f07ea7e4526920b52b236a1,pair_dissolved_naturally,exact,exact,1.0,1.0
a76148b259e7e3fef5331e115824bfb9,d452cb1fa615dbf8438726aa845669a4,pair_dissolved_naturally,exact,exact,1.0,1.0
a7669d6fc8f46d263cc895a3e955cfe8,e0bc445137c4097325344a9fbf641b24,pair_dissolved_naturally,exact,exact,1.0,1.0
a76b013b0fd55853831585523a7a0aa3,f9d5cc210958d25222344991716fc95d,pair_dissolved_by_refactoring,signature_changed,exact,0.76,1.0
a771d8d0055f7bf8b1c60e4d1fdde873,bae532b1ebbdd2e537af9713ed4a7966,pair_dissolved_naturally,exact,exact,1.0,1.0
a792a050565ea03c4e600e1976875798,d7192fc8d93a1e117166243ac69fab30,both_deleted,deleted,deleted,,
a7a429cd3dc25ddbcb5b8b5e1163c87c,c3d7a5b86e4bd1d0f1e53ec3647f35ac,pair_dissolved_naturally,exact,exact,1.0,1.0
a7a429cd3dc25ddbcb5b8b5e1163c87c,e9497611af5a6f61aedd181b433003ad,pair_dissolved_naturally,exact,exact,1.0,1.0
a7a429cd3dc25ddbcb5b8b5e1163c87c,f68217a997310f03184808242f8b121d,pair_dissolved_naturally,exact,exact,1.0,1.0
a7be59c7261c41895b85704cf46c62e4,c84cef2aa6399141e7a35f74698aeff1,pair_dissolved_naturally,exact,exact,1.0,1.0
a7be59c7261c41895b85704cf46c62e4,f426bc0d6c6df6fc306a1afd12806757,pair_dissolved_naturally,exact,exact,1.0,1.0
a81e226fd81222d5633bc72eb6c5fc22,b4e532d9dbe47b3ee8ae4f1776672c3f,pair_dissolved_naturally,exact,exact,1.0,1.0
a81e226fd81222d5633bc72eb6c5fc22,d5dc6d956f07ea7e4526920b52b236a1,pair_dissolved_naturally,exact,exact,1.0,1.0
a889717e029c02a2199af790adcd0b3a,dbe87b494dc46b3bd517dba2994ad4d0,pair_dissolved_naturally,exact,exact,1.0,1.0
a8b935108ce539835291460607aaaea9,c74f5a64ad0cc7fddb5c5509c16da152,pair_dissolved_naturally,exact,exact,1.0,1.0
a8dfb8655a7cfd9cd08faec3f6cd9b76,bcb8d403512a82e229c12814374b3c34,pair_dissolved_naturally,exact,exact,1.0,1.0
a8dfb8655a7cfd9cd08faec3f6cd9b76,e3b7f1943f4882a02ae46ba2558c5caf,pair_dissolved_naturally,exact,exact,1.0,1.0
a8ee5876b18dad4e38c684b070ea0465,c74f5a64ad0cc7fddb5c5509c16da152,pair_dissolved_naturally,exact,exact,1.0,1.0
a93d7107e713043d578fe4d229b2c3c4,f6be546363aac1870fdaf4add0933a00,pair_dissolved_naturally,exact,exact,1.0,1.0
a9439c4c630288eadbe014cf675974e0,fde6e238ff24a35eaef1aed702698a9e,both_deleted,deleted,deleted,,
a9a385bad56fea73c96315363c0e5b0e,cc3179513b813c1df4573152cc72b154,pair_dissolved_naturally,exact,exact,1.0,1.0
a9a385bad56fea73c96315363c0e5b0e,e64e3429f2c18849ba90b8c90f7cb0fa,pair_dissolved_naturally,exact,exact,1.0,1.0
a9a385bad56fea73c96315363c0e5b0e,ed472583217ec23d0454de060bec2020,pair_dissolved_naturally,exact,exact,1.0,1.0
aa1db3540f0a7eef7a95cf9917024d30,e0bc445137c4097325344a9fbf641b24,pair_dissolved_naturally,exact,exact,1.0,1.0
aa2019976583b18fd0f32a389033c81b,e08602b98e628f6c6ebc444387368782,pair_dissolved_naturally,exact,exact,1.0,1.0
aaf20efb4e625e63fe2ea93abc7b5f2d,e0bc445137c4097325344a9fbf641b24,pair_dissolved_naturally,exact,exact,1.0,1.0
ab3749ddeb1690832781ff2ff0732d5e,af8c843006a941c4e919ab02931966de,pair_dissolved_naturally,exact,exact,1.0,1.0
ac18e27bc5109d7b02476fa1f2e049cb,c98479fd9221106c5d5a36c2931d05f8,pair_dissolved_naturally,exact,exact,1.0,1.0
ac80fa64ea9fb9fb776f766c6d029ab9,af13f84d9637d58518c1930a904b07bc,pair_dissolved_naturally,exact,exact,1.0,1.0
ac80fa64ea9fb9fb776f766c6d029ab9,c7aa4ea10ee91223bd47d893360bcba3,pair_dissolved_naturally,exact,exact,1.0,1.0
ac80fa64ea9fb9fb776f766c6d029ab9,ce6fe27c08f0e741d45af23b6fc24c97,pair_dissolved_naturally,exact,exact,1.0,1.0
ac80fa64ea9fb9fb776f766c6d029ab9,d81f42d84fc0442984eb791a7af253ae,pair_dissolved_naturally,exact,exact,1.0,1.0
ac80fa64ea9fb9fb776f766c6d029ab9,f4c884fb1f0f8548033512fc5c8fdd76,pair_dissolved_naturally,exact,exact,1.0,1.0
ac80fa64ea9fb9fb776f766c6d029ab9,fbe8ea5e89955dc52a1c7cc6c0ae84ca,pair_dissolved_naturally,exact,exact,1.0,1.0
ac80fa64ea9fb9fb776f766c6d029ab9,fd548dc6620da0921c68dfa855d2400e,pair_dissolved_naturally,exact,exact,1.0,1.0
ac80fa64ea9fb9fb776f766c6d029ab9,fd9e62dbf5e1bc25abdea3c42e0fdff9,pair_dissolved_naturally,exact,exact,1.0,1.0
acdb305016c3a5181ee9e0c994f176d7,e2ab8fa19e28da93874b6ca95dc72c72,pair_dissolved_naturally,exact,exact,1.0,1.0
ad5c99676c51b52db3a9053044679109,adedcad551c96d6f5d04b08cb1156d3f,pair_dissolved_by_refactoring,signature_changed,exact,0.88,1.0
adb7b8c0380e705d2cc3e38796249e51,bdcc59371126421ce2212f0e686fb8d7,pair_dissolved_naturally,exact,exact,1.0,1.0
addc72d3203b6dcbef23629adb3e3370,df686900505a32648fdc62c04c3b07c6,pair_dissolved_naturally,exact,exact,1.0,1.0
addfa41f3a669e94dc743259b9d2aa12,e06a0bbe28a015503a6dee2603a00e48,pair_dissolved_by_refactoring,exact,signature_changed,1.0,1.0
adfda7e62360702f59d6a2876848e9be,d95da4437912e319a6838c3d484be255,pair_dissolved_by_refactoring,exact,signature_changed,1.0,0.86
adfda7e62360702f59d6a2876848e9be,fbc994194514e4086a267854853e4465,pair_dissolved_naturally,exact,exact,1.0,1.0
ae082ac44298ea83966dcb71ad9ddb92,b7382a062c0fa544310176f71166353e,pair_dissolved_naturally,exact,exact,1.0,1.0
ae6dd1eeb84f5af2e7f9ff4e4b497df5,d9a04c09924901ea1017af38dd14bb7f,pair_dissolved_naturally,exact,exact,1.0,1.0
af12b2097c0cd6f757c25fc62c097167,e7d63ac48928b8281bcf801b75500ea3,pair_dissolved_by_refactoring,unknown,signature_changed,,0.85
af13f84d9637d58518c1930a904b07bc,ce6fe27c08f0e741d45af23b6fc24c97,pair_dissolved_naturally,exact,exact,1.0,1.0
af2b85a6315b9ba37fe837a15bb4df7a,d30ab1e1f29802e7546492a201effafb,both_deleted,deleted,deleted,,
aff25d496599510eb569b87674002a2e,d7d3021c998e2cba2306265e92574c25,pair_dissolved_naturally,exact,exact,1.0,1.0
aff8ab6e2849500bed160956a8eefa3b,f9fcc22dfd25b796b1c6c685ee3c20fb,pair_dissolved_naturally,exact,exact,1.0,1.0
b01c5a37f8758825944fff2709c84e81,b3a002547a0325213eab3fb2563d9d2d,pair_dissolved_by_refactoring,signature_changed,exact,1.0,1.0
b096405376b84c6ad0968f0a3472e518,cabd147c612ba1d580e423c9bad713c9,pair_dissolved_naturally,exact,exact,1.0,1.0
b096405376b84c6ad0968f0a3472e518,d5dc6d956f07ea7e4526920b52b236a1,pair_dissolved_naturally,exact,exact,1.0,1.0
b09a2d607a9a695058809f20a1fd1bab,d81f42d84fc0442984eb791a7af253ae,pair_dissolved_naturally,exact,exact,1.0,1.0
b09a2d607a9a695058809f20a1fd1bab,fbe8ea5e89955dc52a1c7cc6c0ae84ca,pair_dissolved_naturally,exact,exact,1.0,1.0
b10c29e5cae6045d60826d725d8158d7,fc42a6f6b04962a4f147a844f7afcf91,pair_dissolved_naturally,exact,exact,1.0,1.0
b1509bb2712b5bed159a488ad762d6c5,c4efa54c2540d009d46c45beb7dde41b,pair_dissolved_naturally,exact,exact,1.0,1.0
b166da1b41f614152adaae079258157d,b3f1c42a03f52ad5c62deb0a4c079122,pair_dissolved_naturally,exact,exact,1.0,1.0
b1ecac6dbf81285518c526e6f5a364d1,bd858793121751eb993bfa3ea21cf1df,pair_dissolved_by_refactoring,signature_changed,signature_changed,0.96,0.96
b21d79a1392e41f51268815652f4836b,ccfca1bfad8aa0c9c5ff355a8887568b,pair_dissolved_by_refactoring,signature_changed,exact,0.97,1.0
b2aa79460710836a2ad88b5a32303e7c,bc991a32f5980ce587de20e8bc35def5,pair_dissolved_naturally,exact,exact,1.0,1.0
b2cb539c6f4f9d57a38bca4915d9049b,c9f7f75b8226c2c24d4cdea0870b5941,pair_dissolved_naturally,exact,exact,1.0,1.0
b3424f71c6df2a3ee3f7aac423f11455,cb7573f5ad222021965021927f894ab2,pair_dissolved_naturally,exact,exact,1.0,1.0
b3424f71c6df2a3ee3f7aac423f11455,f7eb00d06e97860e758e040ff55e27d1,pair_dissolved_naturally,exact,exact,1.0,1.0
b360b84f4a7d75401fd1640237f12951,f1f042276901f16d4208d30cda69feb7,pair_dissolved_naturally,exact,exact,1.0,1.0
b365088344da6276053be121bee47df7,dd995d5157ad385158a487cf39c0b42e,pair_dissolved_naturally,exact,exact,1.0,1.0
b365088344da6276053be121bee47df7,ff2ba54ebd5e33d73e0ba1dbd71816aa,method_b_deleted,exact,deleted,1.0,
b3a0e0108e2692523d62a45cf0fbf9ca,f68800002b6d3c4df0340144956898d1,pair_dissolved_naturally,exact,exact,1.0,1.0
b3f1c42a03f52ad5c62deb0a4c079122,d042090319ac421c80a019d6e3847b7d,pair_dissolved_naturally,exact,exact,1.0,1.0
b40ec6dae83cae3d0f21c56cc7ed0d9c,e5d6950904f8c757b51283ab13f79b32,pair_dissolved_naturally,exact,exact,1.0,1.0
b4b53bd784e05fc72677c43000cf4fdb,bb6476156ce4700f36c9b1243b691893,pair_dissolved_naturally,exact,exact,1.0,1.0
b4b53bd784e05fc72677c43000cf4fdb,e8553e5fab62cf882b50d5bba2701e8e,pair_dissolved_naturally,exact,exact,1.0,1.0
b4da9e114e4030c7323beeb38e69abcb,bbbaba0bb770a7dd1ca2e3bba17ffd88,pair_dissolved_naturally,exact,exact,1.0,1.0
b4da9e114e4030c7323beeb38e69abcb,c57fc1de8bf4592f427c36b3d0a53c26,pair_dissolved_naturally,exact,exact,1.0,1.0
b4da9e114e4030c7323beeb38e69abcb,e7d68d36930fdf52765555efd01b4431,pair_dissolved_naturally,exact,exact,1.0,1.0
b4e532d9dbe47b3ee8ae4f1776672c3f,d9d43c043ac6949a9cdf9ec6ef457602,pair_dissolved_by_refactoring,exact,signature_changed,1.0,1.0
b4e532d9dbe47b3ee8ae4f1776672c3f,e726492d30ba647aff35e0dc5c0942a6,pair_dissolved_naturally,exact,exact,1.0,1.0
b4e6729816d817189f5ee7d7ef1bd5bf,f8c36d02f4eaef60eebbc351da9d82d6,pair_dissolved_naturally,exact,exact,1.0,1.0
b503a17df27ee29b11bc0a396be71890,b5d5c2325af24ce16352446f07d8f352,pair_dissolved_naturally,exact,exact,1.0,1.0
b516c09191755aa36ce00291be671ada,d875a8df53ce9a330688a52c2151d756,pair_dissolved_naturally,exact,exact,1.0,1.0
b53390c20d4338bc375d9251db542f54,eb1cf0d4791aea7608dd5f6fce565f12,pair_dissolved_naturally,exact,exact,1.0,1.0
b5409e0453ca0e03248bd7e963f24802,eadd07a9afcb9c9b6acf4bb21a2800d2,pair_dissolved_naturally,exact,exact,1.0,1.0
b54ef3d7848bfdfe8a552889bb46566a,e6c5c2372d10297300315dfaa9a59c6f,pair_dissolved_naturally,exact,exact,1.0,1.0
b59422836aa22eec0336ddb5693f9856,b7382a062c0fa544310176f71166353e,pair_dissolved_naturally,exact,exact,1.0,1.0
b6401b1c58dc255970cc13156ec9a3bf,e726492d30ba647aff35e0dc5c0942a6,pair_dissolved_naturally,exact,exact,1.0,1.0
b6a0aba18d1298924eb6ef5e020f1c2e,bf99bb3ec69434a13170bc725aa24146,pair_dissolved_naturally,exact,exact,1.0,1.0
b6bb492c747865d5c6b881963f19d44e,e0bc445137c4097325344a9fbf641b24,pair_dissolved_naturally,exact,exact,1.0,1.0
b6fa7142063b6d0434976698c9bb56c7,c80ed6e4aa1f251f35952653b7c9ca8e,pair_dissolved_naturally,exact,exact,1.0,1.0
b6fa7142063b6d0434976698c9bb56c7,e6b7460485f8c72b34ca8de6b8176687,pair_dissolved_naturally,exact,exact,1.0,1.0
b7382a062c0fa544310176f71166353e,e879aa61a1256aa66a5e6d3bb47f8fc5,pair_dissolved_naturally,exact,exact,1.0,1.0
b751d2d713a7fc98a69a33bc4f871e47,d5e80206710818a1c4c5c118be7d9a6f,pair_dissolved_naturally,exact,exact,1.0,1.0
b78eaf51a8bd314c0075baea6c90cc58,cb9e70ed93dbe873647b825fdee99b3b,pair_dissolved_by_refactoring,signature_changed,signature_changed,1.0,1.0
b78eaf51a8bd314c0075baea6c90cc58,d1f9faa5bc1993a2bb50a2ed6f95ea49,pair_dissolved_by_refactoring,signature_changed,signature_changed,1.0,1.0
b7dab1119a91eaacda5c343f0bc93273,ed8e56a288e8ac2a9460c67792480644,pair_dissolved_by_refactoring,signature_changed,signature_changed,1.0,1.0
b7fd10cf9ae6ae0aceda75e99c84b97f,c390ac33284f65f4723b8822019a1bea,pair_dissolved_by_refactoring,signature_changed,signature_changed,1.0,1.0
b84ab04203fcb94af3c4c8bc39d95b8d,bae532b1ebbdd2e537af9713ed4a7966,pair_dissolved_naturally,exact,exact,1.0,1.0
b84ab04203fcb94af3c4c8bc39d95b8d,ddc54515a5f77dd518a728052f57fdde,pair_dissolved_naturally,exact,exact,1.0,1.0
b84ab04203fcb94af3c4c8bc39d95b8d,e5d48eaa4e45615ed36e9c2a89d64130,pair_dissolved_naturally,exact,exact,1.0,1.0
b84ab04203fcb94af3c4c8bc39d95b8d,ed2c979efd0f88dac9e043140c8dcb96,pair_dissolved_naturally,exact,exact,1.0,1.0
b8955fb785c78703ed40f9b4ab8f5330,d564ef5ac0a129a4122163ebc255ccac,pair_dissolved_naturally,exact,exact,1.0,1.0
b8f53afca15a4cd6b658aa0e1fe37fc8,fe295a0ac6149bb7c50d0d25b7801f56,pair_dissolved_by_refactoring,exact,signature_changed,1.0,0.97
b900e6cb292b723371932a88ba09eebb,bdcc59371126421ce2212f0e686fb8d7,pair_dissolved_naturally,exact,exact,1.0,1.0
b900e6cb292b723371932a88ba09eebb,f104d9dd407c28ee17eed0fa6ec773ed,pair_dissolved_naturally,exact,exact,1.0,1.0
b9362dd57ec2d1de61b60079c2b8e2bf,c7aa4ea10ee91223bd47d893360bcba3,pair_dissolved_naturally,exact,exact,1.0,1.0
b9362dd57ec2d1de61b60079c2b8e2bf,f4c884fb1f0f8548033512fc5c8fdd76,pair_dissolved_naturally,exact,exact,1.0,1.0
b9362dd57ec2d1de61b60079c2b8e2bf,fd9e62dbf5e1bc25abdea3c42e0fdff9,pair_dissolved_naturally,exact,exact,1.0,1.0
b93ff050bc8cc544f875174d6c64d51a,d8bd409a61eed0290d225be07489b42c,pair_dissolved_naturally,exact,exact,1.0,1.0
b93ff050bc8cc544f875174d6c64d51a,ec2b16be29a1fce84d9787a5dff47794,pair_dissolved_naturally,exact,exact,1.0,1.0
b9a700fb28fd97d4f1c8d7b2c27fc9c9,e1a48b4709533823cf00c4c07ec1bbc7,pair_dissolved_naturally,exact,exact,1.0,1.0
b9fa59be6577e62b9e2405c1093af8a6,ead069ab6b00e94ce9099eb2d1cc84cf,pair_dissolved_naturally,exact,exact,1.0,1.0
ba85e78a62cb0da5086a6d87ecb41eb7,d1ab83af4beec623f9a9ac161c87636d,pair_dissolved_naturally,exact,exact,1.0,1.0
bac76b07a3d457fdf41f9043657c7316,db99a54bf17410902b3b2ba6613a36a0,pair_dissolved_naturally,exact,exact,1.0,1.0
bae532b1ebbdd2e537af9713ed4a7966,c9989b27cdcfbbc7fd47d87d17c93831,method_b_deleted,exact,deleted,1.0,
bae532b1ebbdd2e537af9713ed4a7966,ddc54515a5f77dd518a728052f57fdde,pair_dissolved_naturally,exact,exact,1.0,1.0
bae532b1ebbdd2e537af9713ed4a7966,dfedb1c8e2f8fbecff8bb52fc5cbcad0,pair_dissolved_naturally,exact,exact,1.0,1.0
bae532b1ebbdd2e537af9713ed4a7966,e5d48eaa4e45615ed36e9c2a89d64130,pair_dissolved_naturally,exact,exact,1.0,1.0
bae532b1ebbdd2e537af9713ed4a7966,ed2c979efd0f88dac9e043140c8dcb96,pair_dissolved_naturally,exact,exact,1.0,1.0
bae532b1ebbdd2e537af9713ed4a7966,f02f52759adfb0c53e270d7988ab70d5,pair_dissolved_naturally,exact,exact,1.0,1.0
bae532b1ebbdd2e537af9713ed4a7966,f5a4f3d5fbe0f0cfb88cf2b2f7ee50c0,pair_dissolved_naturally,exact,exact,1.0,1.0
bb0228b2b42506bef921b82bda5662e7,c510256e9671804fe641f7628ee925d0,pair_dissolved_naturally,exact,exact,1.0,1.0
bb0228b2b42506bef921b82bda5662e7,c7367f62152acb64962242f58a8aaa6b,pair_dissolved_naturally,exact,exact,1.0,1.0
bb0228b2b42506bef921b82bda5662e7,c780ab1dc891384bb510e9a729389c3b,pair_dissolved_naturally,exact,exact,1.0,1.0
bb57d953b5e022526b95ec65061eb96e,c81c4dff157efcc10b9964d4d22be041,pair_dissolved_naturally,exact,exact,1.0,1.0
bb63741ed07c0f3d720c8eff7b312166,e67d33b492d92097ccde01905bf64cdb,pair_dissolved_by_refactoring,refactored,exact,0.7,1.0
bb63741ed07c0f3d720c8eff7b312166,f6133ac6df1be76bd0db46422cd9ba7c,pair_dissolved_by_refactoring,refactored,exact,0.7,1.0
bb6476156ce4700f36c9b1243b691893,e8553e5fab62cf882b50d5bba2701e8e,pair_dissolved_naturally,exact,exact,1.0,1.0
bba6c8795f44b03243ff6eb519c714b0,c9e6c6a31de4af447bb9ab2ec919936b,pair_dissolved_naturally,exact,exact,1.0,1.0
bbb80243c46204d574030711fb5e8565,f71af4abac24642318848a5d00dd63cc,pair_dissolved_naturally,exact,exact,1.0,1.0
bbbaba0bb770a7dd1ca2e3bba17ffd88,c57fc1de8bf4592f427c36b3d0a53c26,pair_dissolved_naturally,exact,exact,1.0,1.0
bbc8438430dd30b3da2a6cba4311bcb7,f1ae1afdd2f7a0e2487a618af269798e,pair_dissolved_naturally,exact,exact,1.0,1.0
bbcccdbd0ae0458cf52a8077ec2e0f42,e0bc445137c4097325344a9fbf641b24,pair_dissolved_naturally,exact,exact,1.0,1.0
bc8a7317caa3335783c9bdc81875693c,ddf6cdf3569af4d328c9740a86e73c28,pair_dissolved_naturally,exact,exact,1.0,1.0
bc8a7317caa3335783c9bdc81875693c,fab3d75e3eab49a188c4b8f838983a9b,pair_dissolved_naturally,exact,exact,1.0,1.0
bc930fc3d4dc55873de0af5d8c68ca43,cdd78975ce5a3ac3189de2ab1313046b,pair_dissolved_naturally,exact,exact,1.0,1.0
bcb8d403512a82e229c12814374b3c34,eb08656a54baf31a83a50ea76716140e,pair_dissolved_naturally,exact,exact,1.0,1.0
bcb8d403512a82e229c12814374b3c34,ec9e59dffbff05e7d9657ba074f07f3b,pair_dissolved_naturally,exact,exact,1.0,1.0
bd483fd51196e8fdfc90a8ef3ad4b827,c788d3e68b600d2fa97e5a3fa6298537,pair_dissolved_naturally,exact,exact,1.0,1.0
bdcc59371126421ce2212f0e686fb8d7,cf8783e8219bad9a12b4a9fab9fe81ec,pair_dissolved_naturally,exact,exact,1.0,1.0
bdcc59371126421ce2212f0e686fb8d7,e9e030c31bb32395a2d13c694730e4d4,pair_dissolved_naturally,exact,exact,1.0,1.0
bdcc59371126421ce2212f0e686fb8d7,ea65ee7496967ab795b3ddcbcc572f9f,pair_dissolved_naturally,exact,exact,1.0,1.0
be55cd54e272a7b04555bb5f37409520,eb213ad641cd24410bcbada4d1f891f5,pair_dissolved_naturally,exact,exact,1.0,1.0
bf0f28e9d0d6603873bd3951434526bc,c1242d522060aa201aa3fd278c837e9b,pair_dissolved_by_refactoring,signature_changed,exact,0.92,1.0
bf0f28e9d0d6603873bd3951434526bc,fcdb92069587083655b8cd0f14311a32,pair_dissolved_by_refactoring,signature_changed,exact,0.92,1.0
bf282fbd22f97f5b7b29d7d25e85e5dd,d66beb2b45f67bc953dccd2be8d554c1,pair_dissolved_naturally,exact,exact,1.0,1.0
bf96ed92add44c7e25d574f20e128a06,f38d45660d881e036f68ca94d300804c,pair_dissolved_naturally,exact,exact,1.0,1.0
c027bb9d2c43861585b28a0a79dc71bc,ca8c2246881cac98ef5c9c73afe83457,pair_dissolved_by_refactoring,signature_changed,signature_changed,0.99,1.0
c027bb9d2c43861585b28a0a79dc71bc,ecf43ba32cf9460d6c7d89d8e23c1deb,pair_dissolved_by_refactoring,signature_changed,signature_changed,0.99,0.98
c02e3988378964b5a75932c12837fecc,fca47729a386529df98f57e82bb747ff,pair_dissolved_naturally,exact,exact,1.0,1.0
c03652b7baa417d784bdeda18f3d7328,c2a15eeb2c95d6cab304b18ae1e99bb2,pair_dissolved_naturally,unknown,unknown,,
c051e7b45f5eb8bf8a906de34b56af66,e0a54de59530f733aa1f3a87321b53cd,pair_dissolved_naturally,exact,exact,1.0,1.0
c05ca84f950af644456f453870549a68,ddc54515a5f77dd518a728052f57fdde,pair_dissolved_naturally,exact,exact,1.0,1.0
c05ca84f950af644456f453870549a68,e5d48eaa4e45615ed36e9c2a89d64130,pair_dissolved_naturally,exact,exact,1.0,1.0
c05ca84f950af644456f453870549a68,f02f52759adfb0c53e270d7988ab70d5,pair_dissolved_naturally,exact,exact,1.0,1.0
c1242d522060aa201aa3fd278c837e9b,fcdb92069587083655b8cd0f14311a32,pair_dissolved_naturally,exact,exact,1.0,1.0
c1257124fd5c3f4f9a9ed7144a567bcd,dc6c1bdb6de35d310eed4e79dfab7ea6,pair_dissolved_naturally,exact,exact,1.0,1.0
c1257124fd5c3f4f9a9ed7144a567bcd,e3bc22b9ac9159acc52356380dc7fa82,pair_dissolved_naturally,exact,exact,1.0,1.0
c1257124fd5c3f4f9a9ed7144a567bcd,ec5c1f39fb64eb9a03be159e20859bcd,pair_dissolved_naturally,exact,exact,1.0,1.0
c1257124fd5c3f4f9a9ed7144a567bcd,ef7d9791d731721fc678eed00a03c8b4,pair_dissolved_naturally,exact,exact,1.0,1.0
c1257124fd5c3f4f9a9ed7144a567bcd,f9c6e0483c1d11e4f6a33925a37cfecf,pair_dissolved_naturally,exact,exact,1.0,1.0
c2235df452aefab1bc9289462f72151d,e82aff28b4a2689852494ccc77e1e196,pair_dissolved_by_refactoring,signature_changed,exact,1.0,1.0
c24949ee13a13f1ee0616ebada324456,e06e0ee60dadd2bef960edc7f60b6dff,pair_dissolved_naturally,exact,exact,1.0,1.0
c289350f98245b9a3e11163b3eefb1d9,dd6eb1f3fa16997569ca283b6b096a3d,pair_dissolved_naturally,exact,exact,1.0,1.0
c2e140c0d114294d5871ac56290ba7d7,cdf0a1e634fa6b7a717a75c3020c48d3,pair_dissolved_naturally,exact,exact,1.0,1.0
c2e140c0d114294d5871ac56290ba7d7,d2de5daca62470c9b7c8ee039578af0e,pair_dissolved_naturally,exact,exact,1.0,1.0
c2e140c0d114294d5871ac56290ba7d7,e98d3a67aa7e6aceead308a461a63ea5,pair_dissolved_naturally,exact,exact,1.0,1.0
c2e140c0d114294d5871ac56290ba7d7,f49104062a8a091bdd64b13cbcf23343,pair_dissolved_naturally,exact,exact,1.0,1.0
c2ff278386b05c7a4cf6add35cc45e8d,d50e7b756e0ba7ddffe0f9098c37c745,pair_dissolved_naturally,exact,exact,1.0,1.0
c3f216adf1ab77a5e80358bc6148dc74,cebf752d1482d785441f17d2ac97d457,pair_dissolved_naturally,exact,exact,1.0,1.0
c3f216adf1ab77a5e80358bc6148dc74,d50e7b756e0ba7ddffe0f9098c37c745,pair_dissolved_naturally,exact,exact,1.0,1.0
c3f216adf1ab77a5e80358bc6148dc74,dedb994cb7ea19d4a053fb920a633865,pair_dissolved_naturally,exact,exact,1.0,1.0
c510256e9671804fe641f7628ee925d0,c7367f62152acb64962242f58a8aaa6b,pair_dissolved_naturally,exact,exact,1.0,1.0
c510256e9671804fe641f7628ee925d0,c780ab1dc891384bb510e9a729389c3b,pair_dissolved_naturally,exact,exact,1.0,1.0
c5504c22cc1c51866d9379955f2714be,ce6978d3d4edd86606a8b9e75b769b31,pair_dissolved_naturally,exact,exact,1.0,1.0
c57fc1de8bf4592f427c36b3d0a53c26,e7d68d36930fdf52765555efd01b4431,pair_dissolved_naturally,exact,exact,1.0,1.0
c5a2c8bd828ae85fcdad4341fede9466,e14556235dfad5570e44bb1db0b7d956,pair_dissolved_naturally,exact,exact,1.0,1.0
c67ee8fde1439f842583d4e5a0361dcd,e0bc445137c4097325344a9fbf641b24,pair_dissolved_naturally,exact,exact,1.0,1.0
c6ea07d78dcc18189935dd526d6effc9,ed2c979efd0f88dac9e043140c8dcb96,pair_dissolved_naturally,exact,exact,1.0,1.0
c6ea07d78dcc18189935dd526d6effc9,f65e1485f95a4680c237af15e05502d2,pair_dissolved_naturally,exact,exact,1.0,1.0
c6ea07d78dcc18189935dd526d6effc9,f6a960723b0164359925e256ffc229f7,pair_dissolved_naturally,exact,exact,1.0,1.0
c7367f62152acb64962242f58a8aaa6b,c780ab1dc891384bb510e9a729389c3b,pair_dissolved_naturally,exact,exact,1.0,1.0
c74f5a64ad0cc7fddb5c5509c16da152,e6c5c2372d10297300315dfaa9a59c6f,pair_dissolved_naturally,exact,exact,1.0,1.0
c7aa4ea10ee91223bd47d893360bcba3,cdf0a1e634fa6b7a717a75c3020c48d3,pair_dissolved_naturally,exact,exact,1.0,1.0
c7aa4ea10ee91223bd47d893360bcba3,ce6fe27c08f0e741d45af23b6fc24c97,pair_dissolved_naturally,exact,exact,1.0,1.0
c7aa4ea10ee91223bd47d893360bcba3,d2de5daca62470c9b7c8ee039578af0e,pair_dissolved_naturally,exact,exact,1.0,1.0
c7aa4ea10ee91223bd47d893360bcba3,d81f42d84fc0442984eb791a7af253ae,pair_dissolved_naturally,exact,exact,1.0,1.0
c7aa4ea10ee91223bd47d893360bcba3,e5df5ae69c2f7041013d24aa76957f10,pair_dissolved_naturally,exact,exact,1.0,1.0
c7aa4ea10ee91223bd47d893360bcba3,f49104062a8a091bdd64b13cbcf23343,pair_dissolved_naturally,exact,exact,1.0,1.0
c7aa4ea10ee91223bd47d893360bcba3,f4c884fb1f0f8548033512fc5c8fdd76,pair_dissolved_naturally,exact,exact,1.0,1.0
c7aa4ea10ee91223bd47d893360bcba3,fb4093651d63d2425a190bc3b807255e,pair_dissolved_naturally,exact,exact,1.0,1.0
c7aa4ea10ee91223bd47d893360bcba3,fbe8ea5e89955dc52a1c7cc6c0ae84ca,pair_dissolved_naturally,exact,exact,1.0,1.0
c7aa4ea10ee91223bd47d893360bcba3,fd9e62dbf5e1bc25abdea3c42e0fdff9,pair_dissolved_naturally,exact,exact,1.0,1.0
c7d27289667cfe504bb91203c0bd6e92,d9d43c043ac6949a9cdf9ec6ef457602,pair_dissolved_by_refactoring,signature_changed,signature_changed,1.0,1.0
c7d27289667cfe504bb91203c0bd6e92,e726492d30ba647aff35e0dc5c0942a6,pair_dissolved_by_refactoring,signature_changed,exact,1.0,1.0
c7f9c86f92f82b202698478355b769de,f1fb7742a7eafe8073459ed92686b9c1,pair_dissolved_naturally,exact,exact,1.0,1.0
c81ee1906b111276630ba0c09b055ff3,f4a65e0531a93be93b4f44044a40a9dd,pair_dissolved_naturally,exact,exact,1.0,1.0
c82f0bad013692836e5f19cb7dfcefa3,f90b43a2202b590cacf049b48310b4c0,pair_dissolved_naturally,exact,exact,1.0,1.0
c89f398d55325ab0c5f43822d4f406f9,e48727382464cbdb358d700b61b46f0a,pair_dissolved_naturally,exact,exact,1.0,1.0
c8f576d1239f9969f4fef37a26e9aba2,ea12218df616f93d0e2d29c18b956675,pair_dissolved_naturally,exact,exact,1.0,1.0
c92cc19b22795c222b1fb716a1461317,e076979c0e020c4592368fccca6e52b6,pair_dissolved_naturally,exact,exact,1.0,1.0
c92cc19b22795c222b1fb716a1461317,e6c5c2372d10297300315dfaa9a59c6f,pair_dissolved_naturally,exact,exact,1.0,1.0
c92cc19b22795c222b1fb716a1461317,ea80d2aa647748466cfdd0cef654e5e5,pair_dissolved_naturally,exact,exact,1.0,1.0
c9989b27cdcfbbc7fd47d87d17c93831,ed2c979efd0f88dac9e043140c8dcb96,method_a_deleted,deleted,exact,,1.0
c9989b27cdcfbbc7fd47d87d17c93831,f02f52759adfb0c53e270d7988ab70d5,method_a_deleted,deleted,exact,,1.0
ca03be750993312a74fa826e6baeedf4,f87e5a7c356404543af4e87034b3f8ba,pair_dissolved_naturally,exact,exact,1.0,1.0
ca8c2246881cac98ef5c9c73afe83457,ce053ca1e3ec8cb8a13b309101fe3946,pair_dissolved_by_refactoring,signature_changed,unknown,1.0,
ca8c2246881cac98ef5c9c73afe83457,ecf43ba32cf9460d6c7d89d8e23c1deb,pair_dissolved_by_refactoring,signature_changed,signature_changed,1.0,0.98
ca919f5411a44b64830d7f947313acf8,e726492d30ba647aff35e0dc5c0942a6,pair_dissolved_naturally,exact,exact,1.0,1.0
cb9e70ed93dbe873647b825fdee99b3b,d1f9faa5bc1993a2bb50a2ed6f95ea49,pair_dissolved_by_refactoring,signature_changed,signature_changed,1.0,1.0
cc89ae4fdfac9b45b0644e923a202e34,e3e9e0ca9d2e98d87ffe4d7b656f75cd,pair_dissolved_naturally,exact,exact,1.0,1.0
cc8c9c5b9895bcdb6692ef0af59a238a,e726492d30ba647aff35e0dc5c0942a6,pair_dissolved_naturally,exact,exact,1.0,1.0
cca73eaa4a102c489fe6e78c43432046,e0c326c22d1fe5101e78d4d42d2ba92d,pair_dissolved_by_refactoring,exact,signature_changed,1.0,0.79
ccbef4f404f58cc2b00bf79d10d8a87d,d894cc6e30325bfd8247c0f7e6decff3,pair_dissolved_naturally,exact,exact,1.0,1.0
ccbef4f404f58cc2b00bf79d10d8a87d,edf3b5be196d3f03d9d135a904a079cd,pair_dissolved_naturally,exact,exact,1.0,1.0
ccf410503278d14b128d9646c995f6eb,fb77badbf1298386f41fbe111895abfe,pair_dissolved_naturally,exact,exact,1.0,1.0
cd9b9248eb3d4c80e9ac06ec7bb446d7,e58874455c41f04b7a1ebcc71cf76bf8,pair_dissolved_naturally,exact,exact,1.0,1.0
cdb0535aa74043ccea17cf0ea0b77191,ecd1885ee6dd67327b985fee57fe97d0,both_deleted,deleted,deleted,,
cdb7714108d402baab6cfbfddee42895,f1e85021063d44bb4e5e3a3205fd6e93,pair_dissolved_naturally,exact,exact,1.0,1.0
cdf0a1e634fa6b7a717a75c3020c48d3,d2de5daca62470c9b7c8ee039578af0e,pair_dissolved_naturally,exact,exact,1.0,1.0
cdf0a1e634fa6b7a717a75c3020c48d3,f49104062a8a091bdd64b13cbcf23343,pair_dissolved_naturally,exact,exact,1.0,1.0
cdf0a1e634fa6b7a717a75c3020c48d3,f4c884fb1f0f8548033512fc5c8fdd76,pair_dissolved_naturally,exact,exact,1.0,1.0
cdf0a1e634fa6b7a717a75c3020c48d3,fd9e62dbf5e1bc25abdea3c42e0fdff9,pair_dissolved_naturally,exact,exact,1.0,1.0
ce130fc8e214b4aa59f725f0f94ae851,daf5ebe80b20d072eaa8b5fa856b95d9,pair_dissolved_naturally,exact,exact,1.0,1.0
ce130fc8e214b4aa59f725f0f94ae851,de04bfee5aa475959c125eb0f11ef485,pair_dissolved_naturally,exact,exact,1.0,1.0
ce6fe27c08f0e741d45af23b6fc24c97,d81f42d84fc0442984eb791a7af253ae,pair_dissolved_naturally,exact,exact,1.0,1.0
ce6fe27c08f0e741d45af23b6fc24c97,f4c884fb1f0f8548033512fc5c8fdd76,pair_dissolved_naturally,exact,exact,1.0,1.0
ce6fe27c08f0e741d45af23b6fc24c97,fbe8ea5e89955dc52a1c7cc6c0ae84ca,pair_dissolved_naturally,exact,exact,1.0,1.0
ce6fe27c08f0e741d45af23b6fc24c97,fd548dc6620da0921c68dfa855d2400e,pair_dissolved_naturally,exact,exact,1.0,1.0
ce6fe27c08f0e741d45af23b6fc24c97,fd9e62dbf5e1bc25abdea3c42e0fdff9,pair_dissolved_naturally,exact,exact,1.0,1.0
ce9988dd74ed743003e39954a8c6e08e,e0f5f3c58cef003ad1dcb0d2bd78013a,pair_dissolved_naturally,exact,exact,1.0,1.0
cebf752d1482d785441f17d2ac97d457,d50e7b756e0ba7ddffe0f9098c37c745,pair_dissolved_naturally,exact,exact,1.0,1.0
cebf752d1482d785441f17d2ac97d457,dedb994cb7ea19d4a053fb920a633865,pair_dissolved_naturally,exact,exact,1.0,1.0
cebf752d1482d785441f17d2ac97d457,f6b8d1b9263f6576942524dcf122f1f1,pair_dissolved_naturally,exact,exact,1.0,1.0
cf0025fc9c9132c9cc56953e5d903ad0,db52ff020f7bc2c0a0ab83d923640875,pair_dissolved_naturally,exact,exact,1.0,1.0
cf917c7c9352a90669a1d635c3301c54,dd384d159532460b79ad054519ac64d2,method_a_deleted,deleted,renamed,,0.9
cfe87a3bd5655127bc8b23b2bd12afee,e726492d30ba647aff35e0dc5c0942a6,pair_dissolved_naturally,exact,exact,1.0,1.0
cfe87a3bd5655127bc8b23b2bd12afee,f6a960723b0164359925e256ffc229f7,pair_dissolved_naturally,exact,exact,1.0,1.0
d042090319ac421c80a019d6e3847b7d,e2dbb01c0f520efe2c8048b23358519b,pair_dissolved_naturally,exact,exact,1.0,1.0
d0e1b91e8078201c3cd5c2a8cb8c1f90,e6c5c2372d10297300315dfaa9a59c6f,pair_dissolved_naturally,exact,exact,1.0,1.0
d112888a5a340dfc5de9b98a379b4c51,da735cbc6da031e77349481730336be4,pair_dissolved_naturally,exact,exact,1.0,1.0
d11ba7a9b8680f476f52655fb53b176c,fe18d31ee780d7a9ae1b5ff6517091cd,pair_dissolved_naturally,exact,exact,1.0,1.0
d1478fac271e465d959cceab8695722c,e956e136901857481b89c798a6248a3c,pair_dissolved_naturally,exact,exact,1.0,1.0
d19d1a4fcdeca0946ebcfaa8bd1127f4,e51fa59bba0cccafc7b2dfcb8d3fa5d5,pair_dissolved_by_refactoring,signature_changed,exact,0.98,1.0
d19d1a4fcdeca0946ebcfaa8bd1127f4,e5969826153fdacfc282af9e6e55900c,pair_dissolved_by_refactoring,signature_changed,exact,0.98,1.0
d19d1a4fcdeca0946ebcfaa8bd1127f4,e6c5c2372d10297300315dfaa9a59c6f,pair_dissolved_by_refactoring,signature_changed,exact,0.98,1.0
d1be8a243074ececa276a59998c8b2c8,ec127b3826275edd8205f9f7d4989aed,pair_dissolved_naturally,exact,exact,1.0,1.0
d2c0947b90819eb39fbf3e2968d1e99e,d6bd69ebfd37f73f1fb518c06bba508c,pair_dissolved_by_refactoring,unknown,signature_changed,,0.99
d2de5daca62470c9b7c8ee039578af0e,f49104062a8a091bdd64b13cbcf23343,pair_dissolved_naturally,exact,exact,1.0,1.0
d2de5daca62470c9b7c8ee039578af0e,f4c884fb1f0f8548033512fc5c8fdd76,pair_dissolved_naturally,exact,exact,1.0,1.0
d2de5daca62470c9b7c8ee039578af0e,fd9e62dbf5e1bc25abdea3c42e0fdff9,pair_dissolved_naturally,exact,exact,1.0,1.0
d3a0961f6050de2f28f2580d8db9b35b,e427fb2b5c5b36903f316acebe2615b3,pair_dissolved_naturally,exact,exact,1.0,1.0
d4160e0557f7906386ef8e6b01151f82,da191e4f21834a1559710564907be507,pair_dissolved_naturally,exact,exact,1.0,1.0
d42f036479fbab953c14d984443d8c22,fccbad553a6e85521a88bcfc549fb1f9,pair_dissolved_naturally,token_hash,exact,1.0,1.0
d4fe2c0b8d29ae7dcea508d05fcad947,e0bc445137c4097325344a9fbf641b24,pair_dissolved_naturally,exact,exact,1.0,1.0
d50e7b756e0ba7ddffe0f9098c37c745,dedb994cb7ea19d4a053fb920a633865,pair_dissolved_naturally,exact,exact,1.0,1.0
d50e7b756e0ba7ddffe0f9098c37c745,eb9deb0429107d6b98c15f0f3ebdeaa8,pair_dissolved_naturally,exact,exact,1.0,1.0
d53aec51bc1052b8335b4ab7bf4a66b9,da191e4f21834a1559710564907be507,pair_dissolved_by_refactoring,signature_changed,exact,0.74,1.0
d53aec51bc1052b8335b4ab7bf4a66b9,f57e7e06aa864c442a92851c740d2539,pair_dissolved_by_refactoring,signature_changed,signature_changed,0.74,1.0
d564ef5ac0a129a4122163ebc255ccac,d8a23157a2d65d475878c390450f8e26,pair_dissolved_naturally,exact,exact,1.0,1.0
d5dc6d956f07ea7e4526920b52b236a1,d9d43c043ac6949a9cdf9ec6ef457602,pair_dissolved_by_refactoring,exact,signature_changed,1.0,1.0
d5dc6d956f07ea7e4526920b52b236a1,dc191bbec37fc53a5a0fec0e7edd4eba,pair_dissolved_naturally,exact,exact,1.0,1.0
d5dc6d956f07ea7e4526920b52b236a1,e726492d30ba647aff35e0dc5c0942a6,pair_dissolved_naturally,exact,exact,1.0,1.0
d5dc6d956f07ea7e4526920b52b236a1,e8138eabe191e0bd1c16129055010879,pair_dissolved_naturally,exact,exact,1.0,1.0
d5dc6d956f07ea7e4526920b52b236a1,f426bc0d6c6df6fc306a1afd12806757,pair_dissolved_naturally,exact,exact,1.0,1.0
d65cf5b669c962301fe6dba2a0512bda,edaf28b63734785f7016dfda14a6d967,pair_dissolved_by_refactoring,exact,signature_changed,1.0,0.93
d6bd69ebfd37f73f1fb518c06bba508c,ed8e56a288e8ac2a9460c67792480644,pair_dissolved_by_refactoring,signature_changed,signature_changed,0.99,1.0
d79ebc215e2d365201430dacbc49fa8a,f3365135e52a88d0970e9be933354afc,pair_dissolved_naturally,exact,unknown,1.0,
d7c52fbe31eca476df11d25cdc71dfd4,edaf28b63734785f7016dfda14a6d967,pair_dissolved_by_refactoring,exact,signature_changed,1.0,0.93
d81f42d84fc0442984eb791a7af253ae,f4c884fb1f0f8548033512fc5c8fdd76,pair_dissolved_naturally,exact,exact,1.0,1.0
d81f42d84fc0442984eb791a7af253ae,fbe8ea5e89955dc52a1c7cc6c0ae84ca,pair_dissolved_naturally,exact,exact,1.0,1.0
d81f42d84fc0442984eb791a7af253ae,fd9e62dbf5e1bc25abdea3c42e0fdff9,pair_dissolved_naturally,exact,exact,1.0,1.0
d834dc88327d505bb2e4b9aa7cd19b43,ddd5b0cf0a593bc168237c53e3b41df2,pair_dissolved_naturally,exact,exact,1.0,1.0
d838203a9aa3ec7d77132d3bdbc0805c,e0bc445137c4097325344a9fbf641b24,pair_dissolved_naturally,exact,exact,1.0,1.0
d8bd409a61eed0290d225be07489b42c,ec2b16be29a1fce84d9787a5dff47794,pair_dissolved_naturally,exact,exact,1.0,1.0
d8bd409a61eed0290d225be07489b42c,ee2401fb49c256d8f92e50dbf3a4d160,pair_dissolved_naturally,exact,exact,1.0,1.0
d947e045407dd3f82ef6a90b4ea053ff,e0bc445137c4097325344a9fbf641b24,pair_dissolved_naturally,exact,exact,1.0,1.0
d95da4437912e319a6838c3d484be255,fbc994194514e4086a267854853e4465,pair_dissolved_by_refactoring,signature_changed,exact,0.86,1.0
d9815cce8636a6285ff48acd14d4805c,e726492d30ba647aff35e0dc5c0942a6,pair_dissolved_naturally,exact,exact,1.0,1.0
d9d43c043ac6949a9cdf9ec6ef457602,e678bbb0e6cef3236c516a72c7581441,pair_dissolved_by_refactoring,signature_changed,exact,1.0,1.0
d9d43c043ac6949a9cdf9ec6ef457602,e726492d30ba647aff35e0dc5c0942a6,pair_dissolved_by_refactoring,signature_changed,exact,1.0,1.0
daf5ebe80b20d072eaa8b5fa856b95d9,de04bfee5aa475959c125eb0f11ef485,pair_dissolved_naturally,exact,exact,1.0,1.0
dc0ff6019072a549f032144fff0c62a4,f2a9cb3b9dbb59c6ff15979a84677758,pair_dissolved_naturally,exact,exact,1.0,1.0
dc405154486a159b16830929965d9352,f16fff6e730a56733cd8c5d8dc5985f6,pair_dissolved_naturally,exact,exact,1.0,1.0
dc6c1bdb6de35d310eed4e79dfab7ea6,e3bc22b9ac9159acc52356380dc7fa82,pair_dissolved_naturally,exact,exact,1.0,1.0
dcb7727aa1792a84abc8b7efc124a0d0,e956e136901857481b89c798a6248a3c,pair_dissolved_naturally,exact,exact,1.0,1.0
dd0108386e6e4ecbff8f9ecc467fd6e7,ea6965ca77aaae53cce744eb20749166,method_b_deleted,exact,deleted,1.0,
dd0108386e6e4ecbff8f9ecc467fd6e7,f1fb7742a7eafe8073459ed92686b9c1,pair_dissolved_naturally,exact,exact,1.0,1.0
dd995d5157ad385158a487cf39c0b42e,e7d208c07fdb3f12a77ce88ebeff9615,pair_dissolved_naturally,exact,exact,1.0,1.0
ddc54515a5f77dd518a728052f57fdde,e371464255e166a8f49eb7ffcb555333,pair_dissolved_naturally,exact,exact,1.0,1.0
ddc54515a5f77dd518a728052f57fdde,ed2c979efd0f88dac9e043140c8dcb96,pair_dissolved_naturally,exact,exact,1.0,1.0
ddc54515a5f77dd518a728052f57fdde,f5a4f3d5fbe0f0cfb88cf2b2f7ee50c0,pair_dissolved_naturally,exact,exact,1.0,1.0
ddf6cdf3569af4d328c9740a86e73c28,fab3d75e3eab49a188c4b8f838983a9b,pair_dissolved_naturally,exact,exact,1.0,1.0
de0c92c2adaca88324adb1e44696e237,ff446ec120497deeaaba986649a9a1c3,pair_dissolved_naturally,exact,exact,1.0,1.0
de56ca92699a00becd80a2234f43cef4,ef79cafc6690601cf97469a0bbef7f27,pair_dissolved_naturally,exact,exact,1.0,1.0
dedb994cb7ea19d4a053fb920a633865,f6b8d1b9263f6576942524dcf122f1f1,pair_dissolved_naturally,exact,exact,1.0,1.0
df0aecc4c9298724cbdcfea5c94493ce,f9d5cc210958d25222344991716fc95d,pair_dissolved_naturally,exact,exact,1.0,1.0
df5ef076896081968334b89ddd0de1f4,e0bc445137c4097325344a9fbf641b24,pair_dissolved_naturally,exact,exact,1.0,1.0
dfedb1c8e2f8fbecff8bb52fc5cbcad0,ed2c979efd0f88dac9e043140c8dcb96,pair_dissolved_naturally,exact,exact,1.0,1.0
dfedb1c8e2f8fbecff8bb52fc5cbcad0,f5a4f3d5fbe0f0cfb88cf2b2f7ee50c0,pair_dissolved_naturally,exact,exact,1.0,1.0
e08b650bc0d1ebb0b0ed038bfc2d6641,e726492d30ba647aff35e0dc5c0942a6,pair_dissolved_naturally,exact,exact,1.0,1.0
e0bc445137c4097325344a9fbf641b24,e79f617a9123f418b3a73d51c9ae7f83,pair_dissolved_naturally,exact,exact,1.0,1.0
e0bc445137c4097325344a9fbf641b24,eeedafbcb3b6ef3dbb4bc2c5ec0f1c3a,pair_dissolved_naturally,exact,exact,1.0,1.0
e0bc445137c4097325344a9fbf641b24,f84fdcf165aa220c2668e7460dd9ee12,pair_dissolved_naturally,exact,exact,1.0,1.0
e0bc445137c4097325344a9fbf641b24,fa235eb3d19f25182b39935c1240baa8,pair_dissolved_naturally,exact,exact,1.0,1.0
e0bc445137c4097325344a9fbf641b24,fb3d4d6a1a3ddde48b4b933327eac52e,pair_dissolved_naturally,exact,exact,1.0,1.0
e1fdb318e850c2a9c44206eb1b701f81,f9179f210512cc17973b577008026992,method_a_deleted,deleted,exact,,1.0
e2dbb01c0f520efe2c8048b23358519b,eca850e8d0eeea5e5efc26a84fd31d86,pair_dissolved_naturally,exact,exact,1.0,1.0
e3eef4bae80e395878a100af72ba89a0,f3ecbbfb095e5b36d611b2f4a1937253,pair_dissolved_naturally,exact,exact,1.0,1.0
e3eef4bae80e395878a100af72ba89a0,f924e3c79442a12dede811a80686421f,pair_dissolved_naturally,exact,exact,1.0,1.0
e4a2b54db0e9882156fb9365d28763c9,f2a9cb3b9dbb59c6ff15979a84677758,pair_dissolved_naturally,exact,exact,1.0,1.0
e5d48eaa4e45615ed36e9c2a89d64130,ed2c979efd0f88dac9e043140c8dcb96,pair_dissolved_naturally,exact,exact,1.0,1.0
e5df5ae69c2f7041013d24aa76957f10,f49104062a8a091bdd64b13cbcf23343,pair_dissolved_naturally,exact,exact,1.0,1.0
e5df5ae69c2f7041013d24aa76957f10,f4c884fb1f0f8548033512fc5c8fdd76,pair_dissolved_naturally,exact,exact,1.0,1.0
e5df5ae69c2f7041013d24aa76957f10,fd9e62dbf5e1bc25abdea3c42e0fdff9,pair_dissolved_naturally,exact,exact,1.0,1.0
e6278584e5de30122bd351c4d4f627a4,f7fbef3dfd44716dc58b8ebd008477ac,pair_dissolved_naturally,exact,exact,1.0,1.0
e67d33b492d92097ccde01905bf64cdb,f6133ac6df1be76bd0db46422cd9ba7c,pair_dissolved_naturally,exact,exact,1.0,1.0
e68cb6dce48a3b1ca0f5f165697e810c,edaf28b63734785f7016dfda14a6d967,pair_dissolved_by_refactoring,exact,signature_changed,1.0,0.93
e726492d30ba647aff35e0dc5c0942a6,f6a960723b0164359925e256ffc229f7,pair_dissolved_naturally,exact,exact,1.0,1.0
e756b5f5cb851d4a0cc419e2239b4536,ef31198d348b7d723224d1c552368cf5,pair_dissolved_naturally,exact,exact,1.0,1.0
e7b180d659539565f6827c3beb21f7f3,fde6e238ff24a35eaef1aed702698a9e,both_deleted,deleted,deleted,,
e8a01063dacc5df88d1904e287db28d6,f3331bc10977879b0b6d6e68843fd097,pair_dissolved_by_refactoring,signature_changed,exact,0.95,1.0
e914e75645e95085b9e1db919e0b17f7,f40620875edc07e50139eac977a9bbfc,pair_dissolved_naturally,exact,exact,1.0,1.0
e956e136901857481b89c798a6248a3c,f0c47a51445908e133447f491ae07f09,pair_dissolved_naturally,exact,exact,1.0,1.0
ea62a27f0b5a573cfe371768a910c9a0,edaf28b63734785f7016dfda14a6d967,pair_dissolved_by_refactoring,exact,signature_changed,1.0,0.93
ea6965ca77aaae53cce744eb20749166,f1fb7742a7eafe8073459ed92686b9c1,method_a_deleted,deleted,exact,,1.0
eb1cf0d4791aea7608dd5f6fce565f12,f3b631e0e5352156923366830f6d5c67,pair_dissolved_naturally,exact,exact,1.0,1.0
ec2b16be29a1fce84d9787a5dff47794,ee2401fb49c256d8f92e50dbf3a4d160,pair_dissolved_naturally,exact,exact,1.0,1.0
ed2c979efd0f88dac9e043140c8dcb96,f02f52759adfb0c53e270d7988ab70d5,pair_dissolved_naturally,exact,exact,1.0,1.0
ed2c979efd0f88dac9e043140c8dcb96,f5a4f3d5fbe0f0cfb88cf2b2f7ee50c0,pair_dissolved_naturally,exact,exact,1.0,1.0
ed2c979efd0f88dac9e043140c8dcb96,f65e1485f95a4680c237af15e05502d2,pair_dissolved_naturally,exact,exact,1.0,1.0
ed4fd4b5391ccfbc985a96b9bc5c2170,fc3f97cfc4a55b88e31136a13ea24596,pair_dissolved_by_refactoring,exact,signature_changed,1.0,1.0
ed6c7ccb1f720fccc4e0a1389f2a6b2a,f3365135e52a88d0970e9be933354afc,pair_dissolved_naturally,unknown,unknown,,
ed9f45d249197b38c7e6854ea7cf5048,fc7335404eeef3a9517f5c5749acebf3,pair_dissolved_naturally,exact,exact,1.0,1.0
edd75641859c0844ab930797bbb364b5,f1f042276901f16d4208d30cda69feb7,pair_dissolved_naturally,exact,exact,1.0,1.0
eedce98ce3a33c88329b7fffb7d2f250,efea479c7947e5ba8967eb126453faef,pair_dissolved_naturally,exact,exact,1.0,1.0
eef1bf6a966e09a4193530dee5a4b5c0,f59a9b4e8a41767980b49fda687dbe5e,pair_dissolved_naturally,exact,exact,1.0,1.0
ef79cafc6690601cf97469a0bbef7f27,f4f258cf12e6b2dcb1a41464fddf6773,pair_dissolved_naturally,exact,exact,1.0,1.0
f3b90a6938e9f27112a0413c74a3663e,fba7fb68f7ca38c82587ff5a53a2b547,pair_dissolved_naturally,exact,exact,1.0,1.0
f49104062a8a091bdd64b13cbcf23343,f4c884fb1f0f8548033512fc5c8fdd76,pair_dissolved_naturally,exact,exact,1.0,1.0
f49104062a8a091bdd64b13cbcf23343,fd9e62dbf5e1bc25abdea3c42e0fdff9,pair_dissolved_naturally,exact,exact,1.0,1.0
f4c884fb1f0f8548033512fc5c8fdd76,fb4093651d63d2425a190bc3b807255e,pair_dissolved_naturally,exact,exact,1.0,1.0
f4c884fb1f0f8548033512fc5c8fdd76,fbe8ea5e89955dc52a1c7cc6c0ae84ca,pair_dissolved_naturally,exact,exact,1.0,1.0
f4c884fb1f0f8548033512fc5c8fdd76,fd9e62dbf5e1bc25abdea3c42e0fdff9,pair_dissolved_naturally,exact,exact,1.0,1.0
f65e1485f95a4680c237af15e05502d2,f6a960723b0164359925e256ffc229f7,pair_dissolved_naturally,exact,exact,1.0,1.0
fb4093651d63d2425a190bc3b807255e,fd9e62dbf5e1bc25abdea3c42e0fdff9,pair_dissolved_naturally,exact,exact,1.0,1.0
fbe8ea5e89955dc52a1c7cc6c0ae84ca,fd9e62dbf5e1bc25abdea3c42e0fdff9,pair_dissolved_naturally,exact,exact,1.0,1.0
