method_a,method_b,change_category,method_a_change_type,method_b_change_type,method_a_similarity,method_b_similarity
0008ebc5cefeec12daa8a8925e884aa8,5cda578da1ac5cffc23c81f09752f8fd,stable_unchanged,exact,exact,1.0,1.0
00624f0a9e3e7b328d8791b1e1d9055f,01a03d134420e799dc597b7f256dd0cc,stable_unchanged,exact,exact,1.0,1.0
008516d5b1c7707b42377578307d006b,20a413f26dc13716e939ec95126529f2,stable_unchanged,exact,exact,1.0,1.0
008516d5b1c7707b42377578307d006b,c1a81bb83f4bf28ef45d1fcaa52927e4,stable_unchanged,exact,exact,1.0,1.0
00b3f769b9a596018a62a86f98e407f4,d10fd9c7d301d78f4627375fdd2d3f0d,stable_unchanged,exact,exact,1.0,1.0
00b3f769b9a596018a62a86f98e407f4,e4ca304b75ddbb83b6b46152f705185d,stable_unchanged,exact,exact,1.0,1.0
00c36bcb01167a983ad267ae41ccf01a,97fbd734bb40b24cba3eb7f867e2e4fc,stable_unchanged,exact,exact,1.0,1.0
00c36bcb01167a983ad267ae41ccf01a,a9a7dc6becf17b7220317c22523789e7,stable_unchanged,exact,exact,1.0,1.0
00c46a2676d2cb60bc35f977e9e42be6,59cb78a41f857939fbb0ca93d094559e,stable_with_minor_changes,exact,unknown,1.0,
0118b63ab299d3c75f2157801eab40b1,bf8957c982fe95c0753ceea9756e1ece,stable_unchanged,exact,exact,1.0,1.0
0179abf0599a146eb3659ba7eed47b5b,b868638a58e7e7f8eabacdcc84c698f0,stable_unchanged,exact,exact,1.0,1.0
0179abf0599a146eb3659ba7eed47b5b,cba29bb1efab5a4f5cf8093764843b57,stable_unchanged,exact,exact,1.0,1.0
0188d59750f1e142f6ce38d069d195e0,44c6485ebe7a91c63fc7d7d3996527a6,stable_unchanged,exact,exact,1.0,1.0
01a03d134420e799dc597b7f256dd0cc,8f58fb09614f57eefdb373c0c911d237,stable_unchanged,exact,exact,1.0,1.0
01b59848bfd3a53bf98711da9c9f064f,03be27f13cc928dad784fbcc7b811cbe,stable_unchanged,exact,exact,1.0,1.0
01b59848bfd3a53bf98711da9c9f064f,53ebbf4c888fce159205b36dcae7e398,stable_unchanged,exact,exact,1.0,1.0
01b736183f8036b0f2c9e14e347dc085,2b584cdeaef025014ae6b2c4a4bf8c5f,stable_unchanged,exact,exact,1.0,1.0
01b736183f8036b0f2c9e14e347dc085,5fcfa78c270b0406bb7abb81ae950260,stable_unchanged,exact,exact,1.0,1.0
01b736183f8036b0f2c9e14e347dc085,6ea259cb3b13bab3b2cc3a7c69213f28,stable_unchanged,exact,exact,1.0,1.0
023ecff50e698d19f0ce1cdc63680041,cdc86efc1bae62cce857051e26da1152,stable_unchanged,exact,exact,1.0,1.0
0245c170683f886570c5d65fec8a5110,b6cd2615d44b2f1e3f5beb564bf138a1,stable_unchanged,exact,exact,1.0,1.0
029627d0fc5f90a61ee606f19e5de04c,09856b8d0765e997dd958d97bf7a4a14,stable_with_minor_changes,unknown,unknown,,
029627d0fc5f90a61ee606f19e5de04c,112c8a6ad2a620f93656f3ff239b3131,stable_with_minor_changes,unknown,unknown,,
029627d0fc5f90a61ee606f19e5de04c,1b01f5d4dce2967b2d444aebbff7462b,stable_with_minor_changes,unknown,unknown,,
029627d0fc5f90a61ee606f19e5de04c,1e7f3f51b8fed8eefd7df374acbf09d6,stable_with_minor_changes,unknown,unknown,,
029627d0fc5f90a61ee606f19e5de04c,1f537ba165a96dd161e065c9d26d4131,stable_with_minor_changes,unknown,unknown,,
029627d0fc5f90a61ee606f19e5de04c,603990ae118957fce43a360bccb67e64,stable_with_minor_changes,unknown,unknown,,
029627d0fc5f90a61ee606f19e5de04c,78a8a0495388a1f149a6ec381355c2b1,stable_with_minor_changes,unknown,unknown,,
029627d0fc5f90a61ee606f19e5de04c,acee7c30b4c1330b786b237cfd2412f5,stable_with_minor_changes,unknown,unknown,,
029627d0fc5f90a61ee606f19e5de04c,eef87ad93302388d516651b8b1892978,stable_with_minor_changes,unknown,unknown,,
02bcfdd6e39495d42c1c49d2d2d81d63,2aa27b9f9462cea49e9a980e97128d29,stable_unchanged,exact,exact,1.0,1.0
02bd9b30cdb0fb4fdab1b4cbf3b78071,53e3ab2549cfe23df70f5b8bb4a45b21,stable_unchanged,exact,exact,1.0,1.0
02bd9b30cdb0fb4fdab1b4cbf3b78071,7218fcca83177b809c560f4fcd535f04,stable_unchanged,exact,exact,1.0,1.0
02bf3cb57f95e99299497c07cbe625af,5661cd375a4137a1cf71e0ee8a89ccb9,stable_unchanged,exact,exact,1.0,1.0
02dcefe838d837cc66a63b036725d62b,864eb8d28ec6b54da25d617dd748dacb,stable_unchanged,exact,exact,1.0,1.0
02fb7ab2f2d99ea4f86b5324fbd90b8e,dfb867c9c236339fd47b3cf5229d3923,stable_unchanged,exact,exact,1.0,1.0
0309af813b896833f52901103ffc25a6,6416dbe97520f6f69d12e2bcdb57b957,stable_unchanged,exact,exact,1.0,1.0
035235d67e32768c062118b4628a28de,f5ff47ffbf49764e7cb33957171ac52a,stable_unchanged,exact,exact,1.0,1.0
0357d96aefe0def264cbc081c7b30550,2b0d5edc866a68e6a63d1db53ecfbcaf,stable_unchanged,exact,exact,1.0,1.0
0357d96aefe0def264cbc081c7b30550,45181fe0c735e6c7cb16c54deb39a01e,stable_unchanged,exact,exact,1.0,1.0
0357d96aefe0def264cbc081c7b30550,824a8d639de954fc20b43d69ae1a5364,stable_unchanged,exact,exact,1.0,1.0
0357d96aefe0def264cbc081c7b30550,8f85dce030bab26b18fef69f32cec65d,stable_unchanged,exact,exact,1.0,1.0
036431f26420d9b82675e0fa6a84bc74,d32d1ce2ce225ae690950c89f97f930f,stable_unchanged,exact,exact,1.0,1.0
0366783649072171a5d84845cdd694bb,f9b7929a7d99f703c1260473f7704ead,stable_unchanged,exact,exact,1.0,1.0
037ac1fc816f80d3bcc60848887354ce,92a25b9075275f68085c113d96518f5f,stable_unchanged,exact,exact,1.0,1.0
0399222251df962ec8caeac8161d71ef,b6b6a0e474dd657f1fd369e14a7734be,stable_unchanged,exact,exact,1.0,1.0
03ad08e521e4659edfdf06c930f57cb0,e0d8113e09db8805fa89dd2700671288,stable_unchanged,exact,exact,1.0,1.0
03ad08e521e4659edfdf06c930f57cb0,ffe9ca553eb55086233f48a64d45259d,stable_unchanged,exact,exact,1.0,1.0
03be27f13cc928dad784fbcc7b811cbe,5436e4fd9ed168802b1e3512b7dbefc5,stable_unchanged,exact,exact,1.0,1.0
03d0647e52185ea31d3482efa6417cdf,c9236aca2823a2eefa4fd9f5025e2844,stable_unchanged,exact,exact,1.0,1.0
03d7508a6fc6e4b3516e13a32b649116,095295195b85f810a54a049e7cad5b98,stable_unchanged,exact,exact,1.0,1.0
03d7508a6fc6e4b3516e13a32b649116,b3bec09724ec1f151a9f50b081928b1f,stable_unchanged,exact,exact,1.0,1.0
041bed2bc0908241b55c29cdc40d2cb7,9027388ccd9d86042416b847a7bf07b5,stable_unchanged,exact,exact,1.0,1.0
04236c83e4404a00cd31a766f1510a66,1807cad5e881595e2c97785e8301dcb4,stable_unchanged,exact,exact,1.0,1.0
042be0e0696d7c7bc6f7f321d026fcf8,7b7bd12e7b302e85ed49d8eec08421a8,stable_unchanged,exact,exact,1.0,1.0
04341c5119192e9f49d4443f5d1780de,32db3b900d54c1d26251e97e8e3178c0,stable_unchanged,exact,exact,1.0,1.0
04341c5119192e9f49d4443f5d1780de,77033b33056cd8ffc8a8396c5d3715a0,stable_unchanged,exact,exact,1.0,1.0
04341c5119192e9f49d4443f5d1780de,93cebd5c988dc653d7f685c46ff0dab3,stable_unchanged,exact,exact,1.0,1.0
04493f4fc1c2f5c92f2c66286f8f3031,2b584cdeaef025014ae6b2c4a4bf8c5f,stable_unchanged,exact,exact,1.0,1.0
04493f4fc1c2f5c92f2c66286f8f3031,5fcfa78c270b0406bb7abb81ae950260,stable_unchanged,exact,exact,1.0,1.0
04493f4fc1c2f5c92f2c66286f8f3031,6ea259cb3b13bab3b2cc3a7c69213f28,stable_unchanged,exact,exact,1.0,1.0
04493f4fc1c2f5c92f2c66286f8f3031,71ea184de0436a0f4bdc032dc08b5f2b,stable_unchanged,exact,exact,1.0,1.0
046926a914b0ce7d9a89cb9c1746e75c,8717f29d32bbfae54c6648b35aedb23f,stable_unchanged,exact,exact,1.0,1.0
0483164bc0ee51de049aa0397c95dfb1,51ada83a42c48705938a8a31d29cb9bb,stable_with_minor_changes,exact,unknown,1.0,
048fa0f493b3018b79b52fc7b70b374b,0eb803da01f77182d0cc4287b4ed04e1,stable_unchanged,exact,exact,1.0,1.0
048fa0f493b3018b79b52fc7b70b374b,1ca879e5dc6950f8ba828f6f4bc50311,stable_unchanged,exact,exact,1.0,1.0
04a06736c42c4e3005aeb15cafc1549e,0a32fdb0d8222705e4bd917c71d98a1f,stable_unchanged,exact,exact,1.0,1.0
04a06736c42c4e3005aeb15cafc1549e,2a1a38529a99a62c09cec05e6f8a9d58,stable_unchanged,exact,exact,1.0,1.0
04a06736c42c4e3005aeb15cafc1549e,3e3b88a55b25338505fe1963850772de,stable_unchanged,exact,exact,1.0,1.0
04a06736c42c4e3005aeb15cafc1549e,3fe0b6277d6bf08268e5c34291547295,stable_unchanged,exact,exact,1.0,1.0
04a06736c42c4e3005aeb15cafc1549e,42504eb20df67b32ca65f96cfee28b09,stable_unchanged,exact,exact,1.0,1.0
04a06736c42c4e3005aeb15cafc1549e,8a71c01a1b024f4531cbca798099adc5,stable_unchanged,exact,exact,1.0,1.0
04a06736c42c4e3005aeb15cafc1549e,af06e583ef42d1f262014f347d18bed7,stable_unchanged,exact,exact,1.0,1.0
04a06736c42c4e3005aeb15cafc1549e,c34fb5d3828e898bc3e6e6a7d44e0816,stable_unchanged,exact,exact,1.0,1.0
04a06736c42c4e3005aeb15cafc1549e,d09629f22c29c214af83d03742b1be92,stable_unchanged,exact,exact,1.0,1.0
04a06736c42c4e3005aeb15cafc1549e,d817fc759fd925b25f833a493f9b6882,stable_unchanged,exact,exact,1.0,1.0
04a06736c42c4e3005aeb15cafc1549e,daf05783ae532c2db4315a89036c3bc8,stable_unchanged,exact,exact,1.0,1.0
04a06736c42c4e3005aeb15cafc1549e,dcf710abe2b117d6c20589f91b339e3e,stable_unchanged,exact,exact,1.0,1.0
04a06736c42c4e3005aeb15cafc1549e,e2dd215686f32195b0bcf7f6ff791fec,stable_unchanged,exact,exact,1.0,1.0
04a06736c42c4e3005aeb15cafc1549e,e47ab97fdb038d5e2e5e36d2a498d9a5,stable_unchanged,exact,exact,1.0,1.0
04b9fb1b2c75a22fce5bb3a4da52bdbd,f6eb7b0c664dc6e862304cf9c33c8d48,stable_unchanged,exact,exact,1.0,1.0
04bad04488c2b1fd7737e2829607dea4,6b4fb8a449bee5fb28cdc8bddad34782,stable_unchanged,exact,exact,1.0,1.0
04beda0a9dcbbd08da86b7115c0514ab,7c550c9f98f4933931cfeadca9326c7e,stable_with_minor_changes,unknown,unknown,,
04beda0a9dcbbd08da86b7115c0514ab,f005b178876244b8a97f4b8a7ad7f998,stable_with_minor_changes,unknown,unknown,,
04e31261e2dd79a38061438b93b4647a,2f7cd3461fe0772f4604d62043bb1590,stable_unchanged,exact,exact,1.0,1.0
054bf73f5e1503581b1eef108e2c1bb5,b503f0f2fd182161053a995402108e98,stable_unchanged,exact,exact,1.0,1.0
05535ff23c4ec9e38f52aee02c8e333e,e8016f1f53b367bbd0cf7e28ba804791,stable_unchanged,exact,exact,1.0,1.0
0580d9f63837b3712c6dadfb05058e07,c859cfaccba88e19c91abccc82963092,stable_unchanged,exact,exact,1.0,1.0
0580d9f63837b3712c6dadfb05058e07,f2877111eb043232593e71404bf8181d,stable_unchanged,exact,exact,1.0,1.0
05ebafaed14d587b3336d338e0a416d5,5a8154f4618cd9906a8d278161ef3278,stable_unchanged,exact,exact,1.0,1.0
05ebafaed14d587b3336d338e0a416d5,a302749217fc022a464f97be044d28ad,stable_unchanged,exact,exact,1.0,1.0
05f8cd36ae812d6cde7d71665cee60d0,9cf044d3a3145c05143d2e97c9b45525,stable_unchanged,exact,exact,1.0,1.0
06017846059d50cc1c1736653f4a71c6,17eeff2138c7a641d84b10621ceb0e56,stable_unchanged,exact,exact,1.0,1.0
06017846059d50cc1c1736653f4a71c6,4469136618157e6db3da7813477a5b9d,stable_unchanged,exact,exact,1.0,1.0
060cc16e34cfbe81aa770d2f6f0b985a,ea20d64548b0ceb015e703c301e9ac15,stable_unchanged,exact,exact,1.0,1.0
0610ab7a76367293f7d45b9fd18e2dc4,33c1459c026e25ac6bf901b94e11bfbd,stable_unchanged,exact,exact,1.0,1.0
067cbad5569f512ba9c9a1051bd6c54e,62093f960fbd788595d5073058b768d2,stable_unchanged,exact,exact,1.0,1.0
067cbad5569f512ba9c9a1051bd6c54e,70de9f0c108317853a9c6af48be9259f,stable_unchanged,exact,exact,1.0,1.0
067cbad5569f512ba9c9a1051bd6c54e,779ce58bfea1bb050f05a34a23d3e955,stable_unchanged,exact,exact,1.0,1.0
067cbad5569f512ba9c9a1051bd6c54e,ac6a2b4cf0688ae32b2cd6c3bafd891e,stable_unchanged,exact,exact,1.0,1.0
067cbad5569f512ba9c9a1051bd6c54e,fec23d57a2771f24bd3fce951ab87ded,stable_unchanged,exact,exact,1.0,1.0
06ad120ccfdfaaf44fd6f4156b31f762,0c234568ccacdad6e126b0066fb74bc7,stable_unchanged,exact,exact,1.0,1.0
06ad120ccfdfaaf44fd6f4156b31f762,220377048031faf1c81c168978f9b565,stable_unchanged,exact,exact,1.0,1.0
06ad120ccfdfaaf44fd6f4156b31f762,6585e6c5dfef1d38cebd5584103c3b0d,stable_unchanged,exact,exact,1.0,1.0
06ad120ccfdfaaf44fd6f4156b31f762,c4677d0b4cf7b08680ff67eb28e62175,stable_unchanged,exact,exact,1.0,1.0
06b8a5df25bb93e1c8ec149a7d7600a7,1245fce0159df70f1841b87450b9feda,stable_with_minor_changes,exact,unknown,1.0,
0720f2938ed92e64c9f66a4a601259fc,fc4aefa35135a3d68ce9b54e0dbc0373,stable_unchanged,exact,exact,1.0,1.0
0730bfaa8c9734d4b99f5d6e5f26d36d,33e5d85ebd71b3ea5f94fdfa7e603bfd,stable_unchanged,exact,exact,1.0,1.0
076dd2370fa12277079763135f6932ad,e1dc57df61dc39babae787673f757890,stable_unchanged,exact,exact,1.0,1.0
0771bc6e0bcc6361fd5be71c77ee4826,d82bb25760795e157f06951043de2049,stable_unchanged,exact,exact,1.0,1.0
078eb280422614936d8ec8656da2c328,b442296f0580613346d54fef4f49a3a8,stable_unchanged,exact,exact,1.0,1.0
07cd594312c31b90cc26ada72391f14c,c19a55a8dc4f37e3a93c2e49f7ad2f0b,stable_unchanged,exact,exact,1.0,1.0
080d1e63a5c52a3e171676decc6f8665,a9935fc8c809107f91042c68726b532d,stable_unchanged,exact,exact,1.0,1.0
082108d8c4574110c58b2f80e2771883,b2e91914ed4d55ef13710decce71e925,stable_unchanged,exact,exact,1.0,1.0
082108d8c4574110c58b2f80e2771883,b84ed48518b0b44767f27f76f9a67f1e,stable_with_minor_changes,exact,unknown,1.0,
08789b48836a02946340f45bb4b65cf3,e6ccabb8747c0f3aa2f221bf1ef01d59,stable_unchanged,exact,exact,1.0,1.0
088a22b67477e69c97cdc09ff46d1b7c,47c2049b12019a8cc90d788be678f3f3,stable_unchanged,token_hash,token_hash,1.0,1.0
088a22b67477e69c97cdc09ff46d1b7c,5733b5bcf5154027c8c01be74f6deecb,stable_unchanged,token_hash,token_hash,1.0,1.0
088a22b67477e69c97cdc09ff46d1b7c,84738d39cda4d33c137ee1fa6a57e6ac,stable_unchanged,token_hash,token_hash,1.0,1.0
088a22b67477e69c97cdc09ff46d1b7c,da7b0101abc10a108bad2ed142b660d4,stable_unchanged,token_hash,token_hash,1.0,1.0
08a0c40b9780e5c9394ceb0f38886c08,6629956afce5942e20dc414117db3ad8,stable_unchanged,exact,exact,1.0,1.0
08c8000c01ff2a6ffb75bf1020dcd835,c3c89aa21cadf512e0f87aa43613c7bb,stable_unchanged,exact,exact,1.0,1.0
08e84288b4c9a9aea42f242114e9f792,554d6b1ef5ea53c060b96bc788efd105,stable_unchanged,exact,exact,1.0,1.0
092a2620afb71869f13e589e7643ac06,e0c71ae349fb10e7b9b377aaf78b3740,stable_unchanged,exact,exact,1.0,1.0
0935a3fc534aa7601857e01390049f8d,1b0eebf07cb9cfe131ab13586e019096,stable_unchanged,exact,exact,1.0,1.0
094fdbb2e5c19215576458bf37ebeb83,7db3b4ecb0ece3cba7760a981d90b16e,stable_unchanged,exact,exact,1.0,1.0
095295195b85f810a54a049e7cad5b98,3be8cf3c0b43d9eb62caf00bcc23844c,stable_unchanged,exact,exact,1.0,1.0
095295195b85f810a54a049e7cad5b98,a9a0b988438e6b4099ef935faaea0d4e,stable_unchanged,exact,exact,1.0,1.0
0963fa96be79d341b894cd55bc58f480,15c63f16843076beaf688df7a992ac71,stable_unchanged,exact,exact,1.0,1.0
0963fa96be79d341b894cd55bc58f480,3819b32c9b3db64718b45acddd692572,stable_unchanged,exact,exact,1.0,1.0
0963fa96be79d341b894cd55bc58f480,8c60150a38d6d5c2adcb7d79f0baeb3d,stable_unchanged,exact,exact,1.0,1.0
0963fa96be79d341b894cd55bc58f480,fb291e288b423d4c8bb8f3c7c03dfb9c,stable_unchanged,exact,exact,1.0,1.0
09856b8d0765e997dd958d97bf7a4a14,1b01f5d4dce2967b2d444aebbff7462b,stable_with_minor_changes,unknown,unknown,,
09856b8d0765e997dd958d97bf7a4a14,1e7f3f51b8fed8eefd7df374acbf09d6,stable_with_minor_changes,unknown,unknown,,
09856b8d0765e997dd958d97bf7a4a14,1f537ba165a96dd161e065c9d26d4131,stable_with_minor_changes,unknown,unknown,,
09856b8d0765e997dd958d97bf7a4a14,603990ae118957fce43a360bccb67e64,stable_with_minor_changes,unknown,unknown,,
09856b8d0765e997dd958d97bf7a4a14,646fcf26285f5b35f1b4bd5455b84e02,stable_with_minor_changes,unknown,unknown,,
09856b8d0765e997dd958d97bf7a4a14,768a990c9f9a66dcb6498dd5e27969b1,stable_with_minor_changes,unknown,unknown,,
09856b8d0765e997dd958d97bf7a4a14,78a8a0495388a1f149a6ec381355c2b1,stable_with_minor_changes,unknown,unknown,,
09856b8d0765e997dd958d97bf7a4a14,acee7c30b4c1330b786b237cfd2412f5,stable_with_minor_changes,unknown,unknown,,
09856b8d0765e997dd958d97bf7a4a14,b0fef8bf7b01e4e89a6a8c82de36c67c,stable_with_minor_changes,unknown,exact,,1.0
09856b8d0765e997dd958d97bf7a4a14,ed06254bb1daf2193cada281a5b7a772,stable_with_minor_changes,unknown,unknown,,
09856b8d0765e997dd958d97bf7a4a14,eef87ad93302388d516651b8b1892978,stable_with_minor_changes,unknown,unknown,,
09b3927cfc5b2a47014f2883c8dabe46,ccc1a08fc6662942015685e30c0e4ee2,stable_unchanged,exact,exact,1.0,1.0
09b7ef1ff906aefa581c93793156c55c,89aafadf3ca17f2c7b762c3f6fad1ac0,stable_unchanged,exact,exact,1.0,1.0
09b7ef1ff906aefa581c93793156c55c,e0499d68abd447b64c20d77d3c0617da,stable_unchanged,exact,exact,1.0,1.0
09cc2bdc6447f4ac9f0361bdb3d2e561,5cedbd5c2bef9d0742d3b40d769d35fc,stable_unchanged,exact,exact,1.0,1.0
09d89f331271ebf2eeab3a631f227c4b,5d7effdd14cf1ae4df372d2ad03bcbfc,stable_unchanged,exact,exact,1.0,1.0
09f2996af1794f50f7c9c11fbb2818d7,19eda20b5cfde4885f49f81d84201122,stable_with_minor_changes,exact,unknown,1.0,
09f2996af1794f50f7c9c11fbb2818d7,37d9319639d0925793c130451dfb33f1,stable_with_minor_changes,exact,unknown,1.0,
09f2996af1794f50f7c9c11fbb2818d7,537ef07008ec748fc63e9b43c2278d52,stable_unchanged,exact,exact,1.0,1.0
09f2996af1794f50f7c9c11fbb2818d7,a17755645cd1eed08536979c0c72c792,stable_unchanged,exact,exact,1.0,1.0
09f2996af1794f50f7c9c11fbb2818d7,f40315c29489cccaaf4ebdbe6cf741bc,stable_with_minor_changes,exact,unknown,1.0,
09f2996af1794f50f7c9c11fbb2818d7,fcd803077fd2090becc30ebc1bc8697e,stable_with_minor_changes,exact,unknown,1.0,
0a0a891b32a281d62583963107b79253,262bbda5597a68298edcceee2603d489,stable_with_minor_changes,unknown,unknown,,
0a0a891b32a281d62583963107b79253,75eb2350104020b3fd5fe8313650779f,stable_with_minor_changes,unknown,unknown,,
0a0a891b32a281d62583963107b79253,98dc47c7e98577fff4f4ec0c1d19eba6,stable_with_minor_changes,unknown,unknown,,
0a32fdb0d8222705e4bd917c71d98a1f,1b456650f60cd071aa686b7c2f900bbe,stable_unchanged,exact,exact,1.0,1.0
0a32fdb0d8222705e4bd917c71d98a1f,2a1a38529a99a62c09cec05e6f8a9d58,stable_unchanged,exact,exact,1.0,1.0
0a32fdb0d8222705e4bd917c71d98a1f,3e3b88a55b25338505fe1963850772de,stable_unchanged,exact,exact,1.0,1.0
0a32fdb0d8222705e4bd917c71d98a1f,3fe0b6277d6bf08268e5c34291547295,stable_unchanged,exact,exact,1.0,1.0
0a32fdb0d8222705e4bd917c71d98a1f,42504eb20df67b32ca65f96cfee28b09,stable_unchanged,exact,exact,1.0,1.0
0a32fdb0d8222705e4bd917c71d98a1f,5121e32c952168ac2372e716f82043bf,stable_with_minor_changes,exact,unknown,1.0,
0a32fdb0d8222705e4bd917c71d98a1f,8a71c01a1b024f4531cbca798099adc5,stable_unchanged,exact,exact,1.0,1.0
0a32fdb0d8222705e4bd917c71d98a1f,af06e583ef42d1f262014f347d18bed7,stable_unchanged,exact,exact,1.0,1.0
0a32fdb0d8222705e4bd917c71d98a1f,b2b03fbaa0687fc5ed49cd8d76412f71,stable_unchanged,exact,exact,1.0,1.0
0a32fdb0d8222705e4bd917c71d98a1f,c34fb5d3828e898bc3e6e6a7d44e0816,stable_unchanged,exact,exact,1.0,1.0
0a32fdb0d8222705e4bd917c71d98a1f,d09629f22c29c214af83d03742b1be92,stable_unchanged,exact,exact,1.0,1.0
0a32fdb0d8222705e4bd917c71d98a1f,d817fc759fd925b25f833a493f9b6882,stable_unchanged,exact,exact,1.0,1.0
0a32fdb0d8222705e4bd917c71d98a1f,daf05783ae532c2db4315a89036c3bc8,stable_unchanged,exact,exact,1.0,1.0
0a32fdb0d8222705e4bd917c71d98a1f,dcf710abe2b117d6c20589f91b339e3e,stable_unchanged,exact,exact,1.0,1.0
0a32fdb0d8222705e4bd917c71d98a1f,e2dd215686f32195b0bcf7f6ff791fec,stable_unchanged,exact,exact,1.0,1.0
0a32fdb0d8222705e4bd917c71d98a1f,e47ab97fdb038d5e2e5e36d2a498d9a5,stable_unchanged,exact,exact,1.0,1.0
0a73e35d0377126c7bd45c03c500b011,57cb89e7baa6e731180aaf3cc6527e9f,stable_unchanged,exact,exact,1.0,1.0
0a8e9448fd8f8ce5b5521957fdc8589c,8de99722af4b6caabf1b920ff5653c55,stable_unchanged,exact,exact,1.0,1.0
0a92283bd4436c05a495edd2173cf374,123ef2129a326c4f50093cd2cdccedad,stable_with_minor_changes,unknown,unknown,,
0a92283bd4436c05a495edd2173cf374,541a8841493eb4ff0c85bb1207a098dc,stable_with_minor_changes,unknown,unknown,,
0a92283bd4436c05a495edd2173cf374,8a2f77c7ff8317d52cbfa0765bec1ed2,stable_with_minor_changes,unknown,unknown,,
0a92283bd4436c05a495edd2173cf374,8f3583538a1f4765400361ee838d3936,stable_with_minor_changes,unknown,unknown,,
0b3130cd6493b78e5148f377f1897368,609ab1221240c219923fbbf6edcddc32,stable_unchanged,exact,exact,1.0,1.0
0b3130cd6493b78e5148f377f1897368,df7bf9250d56d79c53aff88f94b44669,stable_unchanged,exact,exact,1.0,1.0
0bbe83ebe625b09a2e37dca7ac876572,478239a24adebce0825573a67c67e8b6,stable_unchanged,exact,exact,1.0,1.0
0bc67383133ebec0efad1a7316a9c2ba,7c6d4386abdcd1bac6c5f5fd4adc89d2,stable_with_minor_changes,unknown,unknown,,
0bc67383133ebec0efad1a7316a9c2ba,81ea028fd444afabcfd2e21777a500ec,stable_with_minor_changes,unknown,unknown,,
0bc67383133ebec0efad1a7316a9c2ba,a79e05c12899931056e5f98c06dc5051,stable_with_minor_changes,unknown,unknown,,
0bc67383133ebec0efad1a7316a9c2ba,cbb2c52e20327e97902b4b521d0d7b95,stable_with_minor_changes,unknown,exact,,1.0
0bc67383133ebec0efad1a7316a9c2ba,f19404df9778b0a84922bb8ee6d7c1b9,stable_with_minor_changes,unknown,unknown,,
0bd5883bf24e86f0af4da200f7c29d2f,5157e4a6c9f9f4173907327dd7509af3,stable_unchanged,exact,exact,1.0,1.0
0bd5883bf24e86f0af4da200f7c29d2f,52c1ce43bde19cfd19379af8ad1acd3d,stable_unchanged,exact,exact,1.0,1.0
0bd5883bf24e86f0af4da200f7c29d2f,cfea7ab751cca6d2f9b498450ce990ca,stable_unchanged,exact,exact,1.0,1.0
0bdadd0b1a21a3b23fb9f82cba0fd5c7,1fe24a0f2da89ff5f36ed710bb981c31,stable_unchanged,exact,exact,1.0,1.0
0bfce300886845fe4bfe061b44f42f6c,3bc03204fe183c920f80531bfb449898,stable_unchanged,exact,exact,1.0,1.0
0c234568ccacdad6e126b0066fb74bc7,6585e6c5dfef1d38cebd5584103c3b0d,stable_unchanged,exact,exact,1.0,1.0
0c234568ccacdad6e126b0066fb74bc7,c4677d0b4cf7b08680ff67eb28e62175,stable_unchanged,exact,exact,1.0,1.0
0c686dfb2f6ee7799b3d9343b71862f8,0fab8ac44a061513483adc60a04535f6,stable_unchanged,exact,exact,1.0,1.0
0c686dfb2f6ee7799b3d9343b71862f8,53c069c6a66e5ec2908ae34ddf68dcbc,stable_unchanged,exact,exact,1.0,1.0
0c980946a3773b7fc94b1a614a4eb693,3552fa2d1ad38b22fc2255a99dac6a0b,stable_unchanged,exact,exact,1.0,1.0
0ce2bb09fae08e8aaa8b24e1d27d526b,a1be820e6ec3536753775d1b25be358a,stable_with_minor_changes,token_hash,unknown,1.0,
0cf916ed4f75ba844e95211d08cac88e,7d7dd04daf7713d9c17204677f90c70d,stable_unchanged,exact,exact,1.0,1.0
0d3127072b1e23eb189576bbe7dd4f12,98f7c874a2541195aa7d053a9a450716,stable_with_minor_changes,unknown,unknown,,
0d3127072b1e23eb189576bbe7dd4f12,a79e05c12899931056e5f98c06dc5051,stable_with_minor_changes,unknown,unknown,,
0d3127072b1e23eb189576bbe7dd4f12,cbb2c52e20327e97902b4b521d0d7b95,stable_with_minor_changes,unknown,exact,,1.0
0d3127072b1e23eb189576bbe7dd4f12,d550d3bd27ed744db0664eaea5dc7b1e,stable_with_minor_changes,unknown,unknown,,
0d3127072b1e23eb189576bbe7dd4f12,f19404df9778b0a84922bb8ee6d7c1b9,stable_with_minor_changes,unknown,unknown,,
0d4370f63f5983e77eb27d3a995e0d4b,aac21e2762dcc59b6b59530d4ffb2305,stable_unchanged,exact,exact,1.0,1.0
0d4ba7ead8234d904b8e0cbdcaebd843,2f2de19330c4936a4aece1346d029101,stable_unchanged,exact,exact,1.0,1.0
0d4ba7ead8234d904b8e0cbdcaebd843,d3e350759a82840432c48717a1047b60,stable_unchanged,exact,exact,1.0,1.0
0d4ba7ead8234d904b8e0cbdcaebd843,e8b0bf53de98a85c3aff8ece0eb47098,stable_with_minor_changes,exact,unknown,1.0,
0daa68998af646543e5e9c2618cacd92,ee85d99e2f1844d4352d43b836aa1208,stable_unchanged,exact,exact,1.0,1.0
0dd7758341d84f26a28855443c55456f,39cacf07a28c74c3ec8d689a862caf77,stable_unchanged,exact,exact,1.0,1.0
0e397ab833ac03e782ef8a3f1b47e0b5,789d8522f093f00feb35aa0d295dab4b,stable_unchanged,exact,exact,1.0,1.0
0e730eeb57e21bf96740be68681dd763,611829b232ba0299040be63fd0ed7feb,stable_with_minor_changes,exact,unknown,1.0,
0e979d68d538d9f2538dc6157bccd659,860ac493d128342da660a4e4d4926cd2,stable_unchanged,exact,exact,1.0,1.0
0eb803da01f77182d0cc4287b4ed04e1,1ca879e5dc6950f8ba828f6f4bc50311,stable_unchanged,exact,exact,1.0,1.0
0ec49a2810bc89209c6c98e68b4a08e1,f56cc54333389ee6e8edef3d8c7008ab,stable_unchanged,exact,exact,1.0,1.0
0ec49a2810bc89209c6c98e68b4a08e1,fd40bf689002999fc04acfb63241e64f,stable_unchanged,exact,exact,1.0,1.0
0ec5105498c3fc5aeaaf78962a7918b5,3ed787332691d54a0a2164a06136c75d,stable_with_minor_changes,exact,unknown,1.0,
0ec5105498c3fc5aeaaf78962a7918b5,afb229db4fa7896b8c76d6eaa442fce9,stable_unchanged,exact,exact,1.0,1.0
0ef47f82f52f4f2c943dd366f1b337ef,7ba97139efffd6926bbbba6cc02c09eb,stable_unchanged,exact,exact,1.0,1.0
0ef47f82f52f4f2c943dd366f1b337ef,92d5aa1e5aaf986fbe7ec2e701448032,stable_unchanged,exact,exact,1.0,1.0
0f12274621a35850ee766ce076892b90,565c1cd1ceb699bba7931fccdc65c808,stable_unchanged,exact,exact,1.0,1.0
0f122c70e28d316033f7709015e54ed0,aac21e2762dcc59b6b59530d4ffb2305,stable_unchanged,exact,exact,1.0,1.0
0f3db8eff32ba1e785da1366fdd7b73f,ac45ff2da9363c3eeee276b8aa69a81b,stable_unchanged,exact,exact,1.0,1.0
0f862346b3f350ed495e24ed9faf4683,3151e7eea65ae3f8533bf628ddedd4e2,stable_unchanged,exact,exact,1.0,1.0
0fab8ac44a061513483adc60a04535f6,53c069c6a66e5ec2908ae34ddf68dcbc,stable_unchanged,exact,exact,1.0,1.0
0fe3a322fb95df1b1d686d55c54e6981,12bda333943fe14b228e717551432975,stable_unchanged,exact,exact,1.0,1.0
0fe3a322fb95df1b1d686d55c54e6981,e7dfd11f7a08de00468434e536178d4c,stable_unchanged,exact,exact,1.0,1.0
0fed3720a74b8f9f4273b0bed6b1984b,ddf145d8c4987051504e51f4186466f3,stable_unchanged,exact,exact,1.0,1.0
0fed3720a74b8f9f4273b0bed6b1984b,e927f341d29b94c4542c0a614a523f86,stable_unchanged,exact,exact,1.0,1.0
0ff5874d2b83bfeeb63d80b1a0bf3d76,53b633a440f7f3121ad651f56557b8a9,stable_with_minor_changes,unknown,unknown,,
0ff5874d2b83bfeeb63d80b1a0bf3d76,7281be3c7df0333371b9d342bba9e0f8,stable_with_minor_changes,unknown,exact,,1.0
0ff5874d2b83bfeeb63d80b1a0bf3d76,ba1868ed08eac2f264d4bbbd31d6c995,stable_with_minor_changes,unknown,unknown,,
0ff7da8baff1c9256c60393f6d105979,9f584bbe41c8e09bc71924ac0ffe168f,stable_unchanged,exact,exact,1.0,1.0
10348bb8c7656c52728b33f0fdaeca69,a05a489ec89050dbe867a8d2277e15d5,stable_with_minor_changes,exact,unknown,1.0,
106fac5ac55f32cceae79d507b76c6e3,6df29376b295fab2a4928d73a52ec9f5,stable_unchanged,exact,exact,1.0,1.0
10e828f9ca8bee2bdef4b484e791760c,44d4eb20b42c9030ea9a3552d9e28e9c,stable_unchanged,exact,exact,1.0,1.0
10e828f9ca8bee2bdef4b484e791760c,cc30138b62188b46068a9ba1349cd7fb,stable_unchanged,exact,exact,1.0,1.0
10e828f9ca8bee2bdef4b484e791760c,dfc1d80d9119f2c8359b99eeb3da60f2,stable_unchanged,exact,exact,1.0,1.0
11080cd6760c736721d74e40f79ad2c8,bcf54771134ee82811f12ac59abc02b4,stable_unchanged,exact,exact,1.0,1.0
11221df639021eec7e8787ab7a82a2cc,19a7aa5ba61fc255b2e2312b4d6df18f,stable_unchanged,exact,exact,1.0,1.0
11221df639021eec7e8787ab7a82a2cc,a65f39826725b578cf2ca88f6ba0b975,stable_unchanged,exact,exact,1.0,1.0
11221df639021eec7e8787ab7a82a2cc,ede3e427492fd906b25f815a96c072d6,stable_unchanged,exact,exact,1.0,1.0
112c8a6ad2a620f93656f3ff239b3131,1b01f5d4dce2967b2d444aebbff7462b,stable_with_minor_changes,unknown,unknown,,
112c8a6ad2a620f93656f3ff239b3131,1e7f3f51b8fed8eefd7df374acbf09d6,stable_with_minor_changes,unknown,unknown,,
112c8a6ad2a620f93656f3ff239b3131,1f537ba165a96dd161e065c9d26d4131,stable_with_minor_changes,unknown,unknown,,
112c8a6ad2a620f93656f3ff239b3131,44f67d906a65672c292e6b772b0e03d7,stable_with_minor_changes,unknown,unknown,,
112c8a6ad2a620f93656f3ff239b3131,646fcf26285f5b35f1b4bd5455b84e02,stable_with_minor_changes,unknown,unknown,,
112c8a6ad2a620f93656f3ff239b3131,768a990c9f9a66dcb6498dd5e27969b1,stable_with_minor_changes,unknown,unknown,,
112c8a6ad2a620f93656f3ff239b3131,b0fef8bf7b01e4e89a6a8c82de36c67c,stable_with_minor_changes,unknown,exact,,1.0
112c8a6ad2a620f93656f3ff239b3131,ed06254bb1daf2193cada281a5b7a772,stable_with_minor_changes,unknown,unknown,,
112c8a6ad2a620f93656f3ff239b3131,eef87ad93302388d516651b8b1892978,stable_with_minor_changes,unknown,unknown,,
11353c646d1277e0e296408305cbaf62,38267e1e8d3f8c0b59c8c47733418f1a,stable_unchanged,exact,exact,1.0,1.0
117f1164a417c91447add42f662d29a1,f4a714d2164362c0a6260a406abaf1a1,stable_with_minor_changes,exact,unknown,1.0,
118601faa4d6f312b1769fd7a39976a9,29cd351318c74bb0e355504190196bab,stable_unchanged,exact,exact,1.0,1.0
118601faa4d6f312b1769fd7a39976a9,e9a207d3375d51b3efb8c451daa122e3,stable_unchanged,exact,exact,1.0,1.0
118695fa6ff523d2454924e329dd3f01,e01743362c382787c95e6f12a349d433,stable_unchanged,exact,exact,1.0,1.0
118d2013c7c0fac4cca2d0a38c6cbfe3,7c3f1f4a528e3c6332b3c2f627595709,stable_unchanged,exact,exact,1.0,1.0
118d2013c7c0fac4cca2d0a38c6cbfe3,b7bd3a57b538fd3d0e1e3acdd91cb20b,stable_unchanged,exact,exact,1.0,1.0
118d2013c7c0fac4cca2d0a38c6cbfe3,cbc34221287df23e611e2b891b636ed7,stable_unchanged,exact,exact,1.0,1.0
11a3c525e5b1d3491ef4bc0f527ba59e,b1d16ff65fb575aaf8853077b2dd24f5,stable_unchanged,exact,exact,1.0,1.0
11b1b8732d774124fd6ed5fa844a8769,29cce75d0700f53d0f4559e63c65d588,stable_unchanged,exact,exact,1.0,1.0
11bff4fe562dd644942a67693e6c87e8,78ad618a651acac181b33bf29ef0ed7d,stable_unchanged,exact,exact,1.0,1.0
120788eb2ddc3de71eef7b78738c324d,8404c9585c29f0d30d8197d657090753,stable_with_minor_changes,unknown,unknown,,
121908813f59c6e55d2ab2da84929ec9,3173d3fa466c911fdeedb78edb9450d6,stable_unchanged,exact,exact,1.0,1.0
121908813f59c6e55d2ab2da84929ec9,918449c6fe6d39a251e10df6f4d0de6f,stable_unchanged,exact,exact,1.0,1.0
123ef2129a326c4f50093cd2cdccedad,477a26d2f43377135754ec66a1a5339a,stable_with_minor_changes,unknown,unknown,,
123ef2129a326c4f50093cd2cdccedad,8a2f77c7ff8317d52cbfa0765bec1ed2,stable_with_minor_changes,unknown,unknown,,
1257dd585ffe7d8db1c49e4304d1c263,1d7787af72a5e607917068b59ca76b5a,stable_unchanged,exact,exact,1.0,1.0
1267054922ce2355026bbcadb1c1a9bb,3e10519c1192e7f34132734b671755ed,stable_unchanged,exact,exact,1.0,1.0
1267054922ce2355026bbcadb1c1a9bb,49613da06fcefdde505a985039aa6b52,stable_unchanged,exact,exact,1.0,1.0
129e221307a1e773ffc431a0b5a9828e,32e6f53b950aa161862196fe9d30e5bb,stable_unchanged,exact,exact,1.0,1.0
12a3266367f9ca5e153d0f1a71bd1361,323a5ac26a2db532babd50be42fb71ab,stable_unchanged,exact,exact,1.0,1.0
12db088c6ab2a8390fc4ece15a7f5b98,867863157f12f5baa22d4e3232fe0469,stable_unchanged,exact,exact,1.0,1.0
12f43a2dd2cccb08ddde415ea64cb33f,570ec6e4f7962f5758e962ea2e4fcb3e,stable_with_minor_changes,unknown,unknown,,
12f43a2dd2cccb08ddde415ea64cb33f,5a6d0e971b8fbdd1368e26b99bfab85d,stable_with_minor_changes,unknown,exact,,1.0
12f43a2dd2cccb08ddde415ea64cb33f,6deaa78e34652412281d59336c7a0e73,stable_with_minor_changes,unknown,unknown,,
1315e7b30880f21e4cb3e9d6f30256bc,41347aed5862cca77dafb8f08ba5a9f1,stable_unchanged,exact,exact,1.0,1.0
1315e7b30880f21e4cb3e9d6f30256bc,56708c667e868f3bdff73e225d7b448f,stable_unchanged,exact,exact,1.0,1.0
1315e7b30880f21e4cb3e9d6f30256bc,e65cb32d92d25837eb2aea54808fe324,stable_unchanged,exact,exact,1.0,1.0
1399ca869415724172afe420a12d36e7,41db5673ba617f181e902f1d8b6184c4,stable_with_minor_changes,exact,unknown,1.0,
13c475b330394e6b7842f1c846fe69ae,92d87bc87ca41b57346cc6d3e94d851c,stable_unchanged,exact,exact,1.0,1.0
13ee5ea7e62db5f46089b6892e3f2208,169206ba9a31fd6811f84b7e7af79bbe,stable_unchanged,exact,exact,1.0,1.0
13ee5ea7e62db5f46089b6892e3f2208,17f6cd2c128bfd0b8391b11b3c7ea417,stable_unchanged,exact,exact,1.0,1.0
13ee5ea7e62db5f46089b6892e3f2208,1dffe98bd8ec345e7ae79f93d0984a3c,stable_unchanged,exact,exact,1.0,1.0
13ee5ea7e62db5f46089b6892e3f2208,b481c8d252cdf1b90c53b152806c79db,stable_unchanged,exact,exact,1.0,1.0
13fde0d37df70bf4b662241890413fec,4e43c08c90cb0f46884bb08528a862b4,stable_unchanged,exact,exact,1.0,1.0
145882a01cd64b9111dba641b016ae02,d1ea951705d49157ede3021c94612cd7,stable_unchanged,exact,exact,1.0,1.0
145b70f6f35c7924e08fdaffae18da0b,ffefb11c7832fff0065b8c24323bb595,stable_unchanged,exact,exact,1.0,1.0
14617f6eefd9f97e22aed0731a9d78b3,7c0f06384724e4a703b8d20d79f020b3,stable_unchanged,exact,exact,1.0,1.0
14d3d3f56d12f16ad5f50ef86b76042c,20914b0f3795d8757eebcb31829ab40b,stable_unchanged,exact,exact,1.0,1.0
14d505f527bcefcaf760d1e4c598f0b4,3f6f11d0ca6aa1b8c6149ef9880ed351,stable_unchanged,exact,exact,1.0,1.0
14f8738eb45b995f6ed97996477567cf,4034d5e92c01c1706933ca7f38f204f2,stable_unchanged,exact,exact,1.0,1.0
154aa566741a39603fedd8c8c97f5819,745ab374328631097a5a25f32e803af8,stable_with_minor_changes,exact,unknown,1.0,
15a0048afe6986da8f55b2fbe80abe54,9a0e92e89017ccbf867683f99eadcf03,stable_unchanged,exact,exact,1.0,1.0
15b830874b9d1d8cf8b6a51e8f928920,8c18a46eedadee5fc3fc070e32ffdbec,stable_unchanged,exact,exact,1.0,1.0
15b830874b9d1d8cf8b6a51e8f928920,e5b20938817524daa4319daba3897f57,stable_unchanged,exact,exact,1.0,1.0
15bce3cde5e9cb184e4f92161e15c250,e95fd15c6f189e56a098785d0ab54af1,stable_unchanged,exact,exact,1.0,1.0
15c63f16843076beaf688df7a992ac71,3819b32c9b3db64718b45acddd692572,stable_unchanged,exact,exact,1.0,1.0
15c63f16843076beaf688df7a992ac71,565c1cd1ceb699bba7931fccdc65c808,stable_unchanged,exact,exact,1.0,1.0
15c63f16843076beaf688df7a992ac71,881fe1d6876285e6ee0dfe5bbb26f472,stable_unchanged,exact,exact,1.0,1.0
15db675be7a2d2f8aff609a0c07c4d9d,942b8958c639daa788cf825fa6422df1,stable_unchanged,exact,exact,1.0,1.0
164ac15d2d9498ee80b4846370091f5e,4b2f1dd5cca5f96f64465e1ebbc4182f,stable_unchanged,exact,exact,1.0,1.0
166b44da28ad874a9226849a2e396898,412855079610d2ac97b1cdc9a9722cc1,stable_with_minor_changes,unknown,exact,,1.0
169206ba9a31fd6811f84b7e7af79bbe,17f6cd2c128bfd0b8391b11b3c7ea417,stable_unchanged,exact,exact,1.0,1.0
169206ba9a31fd6811f84b7e7af79bbe,1dffe98bd8ec345e7ae79f93d0984a3c,stable_unchanged,exact,exact,1.0,1.0
16bc287d9adbc8ce3174cc940e584a82,2c84068c03dd9201a4eb2d5a04d379fc,stable_unchanged,exact,exact,1.0,1.0
16d6aaaceb8af6835299079b08265676,fdaae74b8165aedc1e1113586b2eb400,stable_unchanged,exact,exact,1.0,1.0
16daf8e191d8ab7572b3a5790e3bb8c3,1a90835fcfbb072ca8dd9c8ee59c6f6c,stable_unchanged,exact,exact,1.0,1.0
17336499f2bbba61880b7007d4f3c38c,a59726eb623857fdd1c5dd6975b33821,stable_unchanged,exact,exact,1.0,1.0
173937204160d124b1947f298dbd7aed,60d17322a53bf4078ed136bd04589c96,stable_unchanged,exact,exact,1.0,1.0
173e1ecd4753a23fbb764df3843e2fbb,8034c5b07f8aaf2c0adff776466d7cf6,stable_unchanged,exact,exact,1.0,1.0
177c4e411eab353aed5ef852b9f3ee8e,8cd6ae5ab8a308f0682f312eae44ba82,stable_unchanged,exact,exact,1.0,1.0
177c4e411eab353aed5ef852b9f3ee8e,c035a33aa5d33e438f6924c70ddbd3fd,stable_unchanged,exact,exact,1.0,1.0
177c4e411eab353aed5ef852b9f3ee8e,d58044e17f5dca2d6ee89f8be7b96923,stable_unchanged,exact,exact,1.0,1.0
179a19396994718ab16bf9888728479a,780451f7a00659107f2f58b19170ed44,stable_unchanged,exact,exact,1.0,1.0
17eeff2138c7a641d84b10621ceb0e56,4469136618157e6db3da7813477a5b9d,stable_unchanged,exact,exact,1.0,1.0
17f6cd2c128bfd0b8391b11b3c7ea417,1dffe98bd8ec345e7ae79f93d0984a3c,stable_unchanged,exact,exact,1.0,1.0
182d38a1f1d451486d4c4b63c2126246,a77274c3bebc7e7aabce18c4fb542623,stable_unchanged,exact,exact,1.0,1.0
184b66cfe3871ffc1d4b9e621a26afcc,1b224bb6fc962bbd727e108f7cda3ea8,stable_unchanged,exact,exact,1.0,1.0
185099c55478a38c9525bdf33abaac1a,489dc6f0d6d3fc115ef9c5638b09e9c7,stable_unchanged,exact,exact,1.0,1.0
185099c55478a38c9525bdf33abaac1a,d8833902225cb43709e51c5dc2dbf396,stable_unchanged,exact,exact,1.0,1.0
185410c7b247605d07e2c40fdd02817d,28f1ca9396081d7ee741236fa17cf22a,stable_unchanged,exact,exact,1.0,1.0
185410c7b247605d07e2c40fdd02817d,625ba4dcb61cee69173c13177af9935b,stable_unchanged,exact,exact,1.0,1.0
185410c7b247605d07e2c40fdd02817d,b193ba8e1c5d14c61c942065a492a57f,stable_unchanged,exact,exact,1.0,1.0
185410c7b247605d07e2c40fdd02817d,c611652eeef3768467cb863e43eb4854,stable_unchanged,exact,exact,1.0,1.0
18c959016a10ed5813ffc4eb473b1ab1,4871ce25ecd656bff6da51ba38072ffe,stable_with_minor_changes,unknown,exact,,1.0
18c959016a10ed5813ffc4eb473b1ab1,4f7711d1d324e78ab9d627feb93f7a26,stable_with_minor_changes,unknown,exact,,1.0
18f4b0b641f74758c6c830b0785ed149,6b187a2406600f705e086980cc08150f,stable_unchanged,exact,exact,1.0,1.0
190f70dfda38e6aefa8e484f3e0bbcc5,25ae855eb0dfdf7b0b0dc346b48fd870,stable_unchanged,exact,exact,1.0,1.0
190f70dfda38e6aefa8e484f3e0bbcc5,317ffea9c763fe88e105a7d65d00f9a0,stable_unchanged,exact,exact,1.0,1.0
190f70dfda38e6aefa8e484f3e0bbcc5,4c54e96f209a652c8a4afc8f53065f93,stable_unchanged,exact,exact,1.0,1.0
190f70dfda38e6aefa8e484f3e0bbcc5,8617062d79f237bd6463e12cf3a50e18,stable_unchanged,exact,exact,1.0,1.0
190f70dfda38e6aefa8e484f3e0bbcc5,8f73a3675409f604be616ab899017e53,stable_unchanged,exact,exact,1.0,1.0
190f70dfda38e6aefa8e484f3e0bbcc5,9d2dae7ac5ee5ea1ea4eabca7c1a37a3,stable_unchanged,exact,exact,1.0,1.0
192f9e4941307987c4edb9d3235e1241,d4235d8b5c62ec7194156b03464cc1a5,stable_unchanged,exact,exact,1.0,1.0
1930623a0d31bdbec61f13af0c7b726d,3be8cf3c0b43d9eb62caf00bcc23844c,stable_unchanged,exact,exact,1.0,1.0
1930623a0d31bdbec61f13af0c7b726d,913e318da94b59a8d6046e4af2b110b2,stable_unchanged,exact,exact,1.0,1.0
1930623a0d31bdbec61f13af0c7b726d,a9a0b988438e6b4099ef935faaea0d4e,stable_unchanged,exact,exact,1.0,1.0
1930623a0d31bdbec61f13af0c7b726d,dac83ab1cffc0e0f18a438e507be0f44,stable_unchanged,exact,exact,1.0,1.0
1930623a0d31bdbec61f13af0c7b726d,de0ef0c0133a44d4a5cdf85513be4d19,stable_unchanged,exact,exact,1.0,1.0
19a7aa5ba61fc255b2e2312b4d6df18f,a65f39826725b578cf2ca88f6ba0b975,stable_unchanged,exact,exact,1.0,1.0
19a7aa5ba61fc255b2e2312b4d6df18f,ede3e427492fd906b25f815a96c072d6,stable_unchanged,exact,exact,1.0,1.0
19a99813a01be07228b3efd4b075ee5f,535b6b5fb73c8bd99112a3adc916c6b1,stable_unchanged,exact,exact,1.0,1.0
19c2cbd01f7ffcc29162d55175223e0f,4d39d759867cacd4c4fb10b4d7c401c1,stable_with_minor_changes,unknown,unknown,,
19c2cbd01f7ffcc29162d55175223e0f,98f7c874a2541195aa7d053a9a450716,stable_with_minor_changes,unknown,unknown,,
19c2cbd01f7ffcc29162d55175223e0f,cbb2c52e20327e97902b4b521d0d7b95,stable_with_minor_changes,unknown,exact,,1.0
19c2cbd01f7ffcc29162d55175223e0f,cd8ff1011b7264c7dcb2c71cb44f3aa3,stable_with_minor_changes,unknown,unknown,,
19c2cbd01f7ffcc29162d55175223e0f,ce1648667936aa07c3972d2d39c8cb60,stable_with_minor_changes,unknown,unknown,,
19c8176b22117aedd4ccea2fb5f96a7c,d39ce8ce744d25b43161ce52c2394d7d,stable_unchanged,exact,exact,1.0,1.0
19eda20b5cfde4885f49f81d84201122,37d9319639d0925793c130451dfb33f1,stable_with_minor_changes,unknown,unknown,,
19eda20b5cfde4885f49f81d84201122,537ef07008ec748fc63e9b43c2278d52,stable_with_minor_changes,unknown,exact,,1.0
19eda20b5cfde4885f49f81d84201122,a17755645cd1eed08536979c0c72c792,stable_with_minor_changes,unknown,exact,,1.0
19eda20b5cfde4885f49f81d84201122,f40315c29489cccaaf4ebdbe6cf741bc,stable_with_minor_changes,unknown,unknown,,
19eda20b5cfde4885f49f81d84201122,fcd803077fd2090becc30ebc1bc8697e,stable_with_minor_changes,unknown,unknown,,
1a256afa07293a492e349d4ddd8da780,5bedd7f7c5ec78665901912696bd302d,stable_unchanged,exact,exact,1.0,1.0
1a317d1b966f4c7b3509ae582ff59eca,baa88fb1c8420c1219de35e7a03168a0,stable_unchanged,exact,exact,1.0,1.0
1a38bafc173ef51cd34f892ecf29b93f,6a62356b4e519f4f2c3df0e17a0732c2,stable_unchanged,exact,exact,1.0,1.0
1a38bafc173ef51cd34f892ecf29b93f,92dcd71339983110de0bf30aba85a610,stable_unchanged,exact,exact,1.0,1.0
1a3bc2edd8f51f2fbe7a8d8e648b98ec,231edf04897455289a507f619143e6f9,stable_unchanged,exact,exact,1.0,1.0
1a3bc2edd8f51f2fbe7a8d8e648b98ec,6750fa05703d56c0d47387cad553db4a,stable_unchanged,exact,exact,1.0,1.0
1a724af95964db647843be1c86e3b426,bee30b31d2dd713c51fef44a9f3dd4de,stable_unchanged,exact,exact,1.0,1.0
1b01f5d4dce2967b2d444aebbff7462b,1e7f3f51b8fed8eefd7df374acbf09d6,stable_with_minor_changes,unknown,unknown,,
1b01f5d4dce2967b2d444aebbff7462b,1f537ba165a96dd161e065c9d26d4131,stable_with_minor_changes,unknown,unknown,,
1b01f5d4dce2967b2d444aebbff7462b,44f67d906a65672c292e6b772b0e03d7,stable_with_minor_changes,unknown,unknown,,
1b01f5d4dce2967b2d444aebbff7462b,603990ae118957fce43a360bccb67e64,stable_with_minor_changes,unknown,unknown,,
1b01f5d4dce2967b2d444aebbff7462b,646fcf26285f5b35f1b4bd5455b84e02,stable_with_minor_changes,unknown,unknown,,
1b01f5d4dce2967b2d444aebbff7462b,768a990c9f9a66dcb6498dd5e27969b1,stable_with_minor_changes,unknown,unknown,,
1b01f5d4dce2967b2d444aebbff7462b,78a8a0495388a1f149a6ec381355c2b1,stable_with_minor_changes,unknown,unknown,,
1b01f5d4dce2967b2d444aebbff7462b,96385f9b5348b79c469cedb6d1aa4b78,stable_with_minor_changes,unknown,unknown,,
1b01f5d4dce2967b2d444aebbff7462b,acee7c30b4c1330b786b237cfd2412f5,stable_with_minor_changes,unknown,unknown,,
1b01f5d4dce2967b2d444aebbff7462b,b0fef8bf7b01e4e89a6a8c82de36c67c,stable_with_minor_changes,unknown,exact,,1.0
1b01f5d4dce2967b2d444aebbff7462b,ed06254bb1daf2193cada281a5b7a772,stable_with_minor_changes,unknown,unknown,,
1b01f5d4dce2967b2d444aebbff7462b,eef87ad93302388d516651b8b1892978,stable_with_minor_changes,unknown,unknown,,
1b1bf7aa40dd9e35a34a2c8b506e16d8,45fc34cbccbecf2837d9f804ec7895d8,stable_unchanged,exact,exact,1.0,1.0
1b1bf7aa40dd9e35a34a2c8b506e16d8,47e9bbf07883be6932d602f9cc63a226,stable_with_minor_changes,exact,unknown,1.0,
1b1bf7aa40dd9e35a34a2c8b506e16d8,8912e554cd71c23e84b777fbe99c14d7,stable_unchanged,exact,exact,1.0,1.0
1b1bf7aa40dd9e35a34a2c8b506e16d8,ae73946d11cef36c24cab516701cb9d4,stable_unchanged,exact,exact,1.0,1.0
1b1bf7aa40dd9e35a34a2c8b506e16d8,b9d3c653c0e13629327ece0f619b6cb4,stable_unchanged,exact,exact,1.0,1.0
1b1bf7aa40dd9e35a34a2c8b506e16d8,ede3ea7b2bdd9f424ebf88dc8ae29f20,stable_unchanged,exact,exact,1.0,1.0
1b3795551975577f43a6c56e3c8550f1,e4970b5675559bddb6a5b6e78ddd48ac,stable_unchanged,exact,exact,1.0,1.0
1b39037d9069d488e1c0455e508aedd2,9f1f2ad56e7bca8c0eb6f75af93cd87a,stable_unchanged,exact,exact,1.0,1.0
1b456650f60cd071aa686b7c2f900bbe,2a1a38529a99a62c09cec05e6f8a9d58,stable_unchanged,exact,exact,1.0,1.0
1b456650f60cd071aa686b7c2f900bbe,3fe0b6277d6bf08268e5c34291547295,stable_unchanged,exact,exact,1.0,1.0
1b456650f60cd071aa686b7c2f900bbe,42504eb20df67b32ca65f96cfee28b09,stable_unchanged,exact,exact,1.0,1.0
1b456650f60cd071aa686b7c2f900bbe,8a71c01a1b024f4531cbca798099adc5,stable_unchanged,exact,exact,1.0,1.0
1b456650f60cd071aa686b7c2f900bbe,af06e583ef42d1f262014f347d18bed7,stable_unchanged,exact,exact,1.0,1.0
1b456650f60cd071aa686b7c2f900bbe,b2b03fbaa0687fc5ed49cd8d76412f71,stable_unchanged,exact,exact,1.0,1.0
1b456650f60cd071aa686b7c2f900bbe,c34fb5d3828e898bc3e6e6a7d44e0816,stable_unchanged,exact,exact,1.0,1.0
1b456650f60cd071aa686b7c2f900bbe,d09629f22c29c214af83d03742b1be92,stable_unchanged,exact,exact,1.0,1.0
1b456650f60cd071aa686b7c2f900bbe,d817fc759fd925b25f833a493f9b6882,stable_unchanged,exact,exact,1.0,1.0
1b456650f60cd071aa686b7c2f900bbe,daf05783ae532c2db4315a89036c3bc8,stable_unchanged,exact,exact,1.0,1.0
1b456650f60cd071aa686b7c2f900bbe,e47ab97fdb038d5e2e5e36d2a498d9a5,stable_unchanged,exact,exact,1.0,1.0
1b71e9f1c887cdd51c03c65959d14e15,b8d69f50fbf07d74e5348d04744791fb,stable_unchanged,exact,exact,1.0,1.0
1b71e9f1c887cdd51c03c65959d14e15,fd8a06a5f5f803ec34158ce2bbf15f82,stable_unchanged,exact,exact,1.0,1.0
1bc88c6b2a1b97992bda03f7db67820a,97866ac98cf1ed38a56e2ff1c10d26ca,stable_unchanged,exact,exact,1.0,1.0
1be5f517a546ba2ed53dca71ab95e739,d6519c2397d082d327bbdfd30a2785bf,stable_unchanged,exact,exact,1.0,1.0
1beca86046d481369a3413802085c4a6,1faf457fa31f161463998f85ef3b7712,stable_unchanged,exact,exact,1.0,1.0
1beca86046d481369a3413802085c4a6,4855c396862df28e43d42bea93188ce7,stable_unchanged,exact,exact,1.0,1.0
1beca86046d481369a3413802085c4a6,8e6b3ce5cd763b1699475ac43567da99,stable_unchanged,exact,exact,1.0,1.0
1c646be94d502bf34d60063789ab15f6,a44f0419b13fec08e23965f3970c6981,stable_unchanged,exact,exact,1.0,1.0
1cc7188a5d2f4583812c0d1ce926a0b9,9f6e8af8007f92aa4edf9433dfbfcf91,stable_unchanged,exact,exact,1.0,1.0
1d0b43012d01a649f44f86165d06f7bd,9f872c0588b4a715a09bbf4d94be4a81,stable_unchanged,exact,exact,1.0,1.0
1d49b8d65f0528dcd3c9d70f5c02f1e2,91e5039f21a05e19ef0abc45dacffc23,stable_unchanged,exact,exact,1.0,1.0
1d503cf21909e35203783886295ff328,55ba0ff5b4e41b5f92566c5fd89841ff,stable_with_minor_changes,unknown,exact,,1.0
1d503cf21909e35203783886295ff328,8a9768afa71a2fcf82e34d7744f75880,stable_with_minor_changes,unknown,exact,,1.0
1d503cf21909e35203783886295ff328,e925e7e97cdf14061e006a5931d86448,stable_with_minor_changes,unknown,unknown,,
1d56f9d5213063cf96ab29397e7cf1d7,6011490dc5b7f1861cc83acbc51b51bf,stable_unchanged,exact,exact,1.0,1.0
1d6da87ed37d3272f4a521f5463aada3,b557e9decbde49a93011e82827b40671,stable_unchanged,exact,exact,1.0,1.0
1d8e17cc327173941d1a974a71751862,3895e96915ac7d86f0b978faae3614cd,stable_with_minor_changes,unknown,exact,,1.0
1d93b0891d0b0fa6071528c18ab440d7,8b9281d081018bf0fc444bbfa9b1eeb1,stable_unchanged,exact,exact,1.0,1.0
1d93b0891d0b0fa6071528c18ab440d7,ac8721b39a49785e4622401cec79fc55,stable_unchanged,exact,exact,1.0,1.0
1db8f8b2b02e02949baf0f639ab11daf,1db8f8b2b02e02949baf0f639ab11daf,stable_unchanged,exact,exact,1.0,1.0
1dbb8d50d6a39e0b7257f4bbd7c45b49,3895e96915ac7d86f0b978faae3614cd,stable_unchanged,exact,exact,1.0,1.0
1dbb8d50d6a39e0b7257f4bbd7c45b49,97cf8c5d4834432e74a7433cfaada01b,stable_unchanged,exact,exact,1.0,1.0
1dbb8d50d6a39e0b7257f4bbd7c45b49,cd5cd1f3750c5c805b4038ddaac3bf46,stable_with_minor_changes,exact,unknown,1.0,
1dbc7c60f6610833d4ca84d4e1854cb5,3e2c477692f3ebf3069b4ffe8689b078,stable_unchanged,exact,exact,1.0,1.0
1dc728817c08f081141cac075f69625e,e7378d42022e46c26a5f61d241a96217,stable_unchanged,exact,exact,1.0,1.0
1dd42c76683273e6bba06d75b76020dc,c0169c24679398ce654485955c3d7277,stable_with_minor_changes,unknown,unknown,,
1de09d57a2ecba0c00a679c677beb785,7660fc1e3e9f0192a224d3ae9122c5af,stable_unchanged,exact,exact,1.0,1.0
1dffe98bd8ec345e7ae79f93d0984a3c,2558749442c92083530014f1a3705830,stable_unchanged,exact,exact,1.0,1.0
1dffe98bd8ec345e7ae79f93d0984a3c,25c05e8349de6ac1d5f01ccb06d7d3d7,stable_unchanged,exact,exact,1.0,1.0
1dffe98bd8ec345e7ae79f93d0984a3c,4ca81beeebe3277908537993497660af,stable_unchanged,exact,exact,1.0,1.0
1dffe98bd8ec345e7ae79f93d0984a3c,5a7f2d09ac545ff5e846ab277a21e6c4,stable_unchanged,exact,exact,1.0,1.0
1dffe98bd8ec345e7ae79f93d0984a3c,b479d6b5d304e52f6671439f4c44927b,stable_unchanged,exact,exact,1.0,1.0
1e055d4f85cc29126c47bb3848accf6c,ffa9d2c4a014934b1c3fd266e90aea86,stable_unchanged,exact,exact,1.0,1.0
1e7f3f51b8fed8eefd7df374acbf09d6,1f537ba165a96dd161e065c9d26d4131,stable_with_minor_changes,unknown,unknown,,
1e7f3f51b8fed8eefd7df374acbf09d6,44f67d906a65672c292e6b772b0e03d7,stable_with_minor_changes,unknown,unknown,,
1e7f3f51b8fed8eefd7df374acbf09d6,603990ae118957fce43a360bccb67e64,stable_with_minor_changes,unknown,unknown,,
1e7f3f51b8fed8eefd7df374acbf09d6,646fcf26285f5b35f1b4bd5455b84e02,stable_with_minor_changes,unknown,unknown,,
1e7f3f51b8fed8eefd7df374acbf09d6,768a990c9f9a66dcb6498dd5e27969b1,stable_with_minor_changes,unknown,unknown,,
1e7f3f51b8fed8eefd7df374acbf09d6,78a8a0495388a1f149a6ec381355c2b1,stable_with_minor_changes,unknown,unknown,,
1e7f3f51b8fed8eefd7df374acbf09d6,96385f9b5348b79c469cedb6d1aa4b78,stable_with_minor_changes,unknown,unknown,,
1e7f3f51b8fed8eefd7df374acbf09d6,acee7c30b4c1330b786b237cfd2412f5,stable_with_minor_changes,unknown,unknown,,
1e7f3f51b8fed8eefd7df374acbf09d6,b0fef8bf7b01e4e89a6a8c82de36c67c,stable_with_minor_changes,unknown,exact,,1.0
1e7f3f51b8fed8eefd7df374acbf09d6,ed06254bb1daf2193cada281a5b7a772,stable_with_minor_changes,unknown,unknown,,
1e7f3f51b8fed8eefd7df374acbf09d6,eef87ad93302388d516651b8b1892978,stable_with_minor_changes,unknown,unknown,,
1ea97ef3dbbbe4ba5244770921637928,9e0fee4e2323861d8b96d7dada8983ed,stable_unchanged,exact,exact,1.0,1.0
1ec142dae826d4582f5de3bb12226b9c,20b19d9fe4e2eb500f985a8e550736c9,stable_unchanged,exact,exact,1.0,1.0
1ee5a54ef25d27bc7bedbcc142433e10,5baef03c7922bfe4aaa330563533445a,stable_unchanged,exact,exact,1.0,1.0
1ee5a54ef25d27bc7bedbcc142433e10,df1f81edfca60bf2f7c3402024a022fa,stable_unchanged,exact,exact,1.0,1.0
1eedc3125dac43dae6d97ce7a6185b54,94abef1aaa827dc5f9d9370c645008b7,stable_unchanged,exact,exact,1.0,1.0
1f484ad1537f72057ce3274b73965063,5c7bc2d084daed29fdc6aeb9ff6878b0,stable_unchanged,exact,exact,1.0,1.0
1f484ad1537f72057ce3274b73965063,76065e380113061db60b2f09935e4299,stable_unchanged,exact,exact,1.0,1.0
1f5153ccdb6671f6fab889cc1d05a377,1faf457fa31f161463998f85ef3b7712,stable_unchanged,exact,exact,1.0,1.0
1f5153ccdb6671f6fab889cc1d05a377,4855c396862df28e43d42bea93188ce7,stable_unchanged,exact,exact,1.0,1.0
1f5153ccdb6671f6fab889cc1d05a377,6b6f94b9f3c23eec424fbee43632aae4,stable_unchanged,exact,exact,1.0,1.0
1f5153ccdb6671f6fab889cc1d05a377,8e6b3ce5cd763b1699475ac43567da99,stable_unchanged,exact,exact,1.0,1.0
1f537ba165a96dd161e065c9d26d4131,44f67d906a65672c292e6b772b0e03d7,stable_with_minor_changes,unknown,unknown,,
1f537ba165a96dd161e065c9d26d4131,603990ae118957fce43a360bccb67e64,stable_with_minor_changes,unknown,unknown,,
1f537ba165a96dd161e065c9d26d4131,646fcf26285f5b35f1b4bd5455b84e02,stable_with_minor_changes,unknown,unknown,,
1f537ba165a96dd161e065c9d26d4131,768a990c9f9a66dcb6498dd5e27969b1,stable_with_minor_changes,unknown,unknown,,
1f537ba165a96dd161e065c9d26d4131,78a8a0495388a1f149a6ec381355c2b1,stable_with_minor_changes,unknown,unknown,,
1f537ba165a96dd161e065c9d26d4131,acee7c30b4c1330b786b237cfd2412f5,stable_with_minor_changes,unknown,unknown,,
1f537ba165a96dd161e065c9d26d4131,b0fef8bf7b01e4e89a6a8c82de36c67c,stable_with_minor_changes,unknown,exact,,1.0
1f537ba165a96dd161e065c9d26d4131,ed06254bb1daf2193cada281a5b7a772,stable_with_minor_changes,unknown,unknown,,
1f537ba165a96dd161e065c9d26d4131,eef87ad93302388d516651b8b1892978,stable_with_minor_changes,unknown,unknown,,
1f894c5d29f7559a96b8a1551a7f4e9c,3251b89f394d6173a3944e2d8810ee51,stable_unchanged,exact,exact,1.0,1.0
1f894c5d29f7559a96b8a1551a7f4e9c,32ca0551f1fec62c3a6ee59b4ea30d55,stable_unchanged,exact,exact,1.0,1.0
1f911db9bc24194c75e27a8011112ac7,26d18f41f1569dfce88b5ad2f9571517,stable_unchanged,exact,exact,1.0,1.0
1faf457fa31f161463998f85ef3b7712,4855c396862df28e43d42bea93188ce7,stable_unchanged,exact,exact,1.0,1.0
1faf457fa31f161463998f85ef3b7712,6b6f94b9f3c23eec424fbee43632aae4,stable_unchanged,exact,exact,1.0,1.0
1faf457fa31f161463998f85ef3b7712,8e6b3ce5cd763b1699475ac43567da99,stable_unchanged,exact,exact,1.0,1.0
1fb628fd05757252bd5ecf949f26d2d7,4839e96e5323e3e5deb5c695a05ae2f4,stable_unchanged,exact,exact,1.0,1.0
1fb628fd05757252bd5ecf949f26d2d7,4d023561f270a99fc2fa6fa339a01edd,stable_unchanged,exact,exact,1.0,1.0
1fb628fd05757252bd5ecf949f26d2d7,5c6f8bf2cf28516e222f8d3606dab3b5,stable_unchanged,exact,exact,1.0,1.0
1fb628fd05757252bd5ecf949f26d2d7,60d80a8d0da0aa9cba14ce7f2c6d39bc,stable_unchanged,exact,exact,1.0,1.0
1fe604847d6e2bd36d271590b78050a1,aac21e2762dcc59b6b59530d4ffb2305,stable_unchanged,exact,exact,1.0,1.0
201ea8f26999621228a98fec59e08b5b,6e43968220b069edfdda4303d8b468d4,stable_unchanged,exact,exact,1.0,1.0
203d3614e9bbdb2aa8b40872c02c0d09,31d983952cf4c03aa89414684f59ab4b,stable_unchanged,exact,exact,1.0,1.0
203d3614e9bbdb2aa8b40872c02c0d09,7ab3c389cc3fa35fea85eebc2ad00923,stable_unchanged,exact,exact,1.0,1.0
203d3614e9bbdb2aa8b40872c02c0d09,d6248c223675214ce0e8a2e432c40cab,stable_unchanged,exact,exact,1.0,1.0
20a413f26dc13716e939ec95126529f2,b014becc105855fbd352eea2d272050e,stable_unchanged,exact,exact,1.0,1.0
20a413f26dc13716e939ec95126529f2,c1a81bb83f4bf28ef45d1fcaa52927e4,stable_unchanged,exact,exact,1.0,1.0
20ad3c6f7b1bc843a0b8f8c6e889f472,69aa30d93afba2b7396db15139884de7,stable_unchanged,exact,exact,1.0,1.0
20b071145c3b1309fd84d5db23cf3719,2ac341ad38237563405b643c9333fa7b,stable_with_minor_changes,exact,unknown,1.0,
20b071145c3b1309fd84d5db23cf3719,455a5824b2ea45028a0a0c4720178a50,stable_unchanged,exact,exact,1.0,1.0
20b071145c3b1309fd84d5db23cf3719,ab859376bb3b92d82a7df5307aa7aee0,stable_with_minor_changes,exact,unknown,1.0,
20b071145c3b1309fd84d5db23cf3719,afd7bc9ae8f1fe7fcd3485658aafbf9d,stable_with_minor_changes,exact,unknown,1.0,
20b071145c3b1309fd84d5db23cf3719,d93b227c7305762909308f3820fb48e8,stable_with_minor_changes,exact,unknown,1.0,
20c3bcd9be28507fc81a7c97e1099ef3,3650f6a8d5613fc6cdf62cbfb82de9c6,stable_unchanged,exact,exact,1.0,1.0
20c3bcd9be28507fc81a7c97e1099ef3,ecee434d6ac77a8a9fe7dd4b314afdc2,stable_unchanged,exact,exact,1.0,1.0
211990c71b138da0d9914709e629f628,7b7a74e633b9fe6e4e24c2a9d0fe1347,stable_unchanged,exact,exact,1.0,1.0
211990c71b138da0d9914709e629f628,a3c98212ccea4daed81556505fe6c37d,stable_unchanged,exact,exact,1.0,1.0
211990c71b138da0d9914709e629f628,b7af529a6a212f585eb646e10bf2c374,stable_unchanged,exact,exact,1.0,1.0
211990c71b138da0d9914709e629f628,ebb732e3afce606d674d8fe8af7d7ad2,stable_unchanged,exact,exact,1.0,1.0
213825af0a506bb6e8727c1224b034c3,3490ba9f894c0071095a966cc3ef76ea,stable_unchanged,exact,exact,1.0,1.0
213825af0a506bb6e8727c1224b034c3,7cb47f4ac64e87885237022f2285d541,stable_unchanged,exact,exact,1.0,1.0
213825af0a506bb6e8727c1224b034c3,a0d388a1c554c14804dca39c83812591,stable_unchanged,exact,exact,1.0,1.0
213825af0a506bb6e8727c1224b034c3,ee8f2d305a7d95257e64005adc9afa83,stable_unchanged,exact,exact,1.0,1.0
213825af0a506bb6e8727c1224b034c3,f174b8202fe6afb1ea167afdafd8a69e,stable_unchanged,exact,exact,1.0,1.0
213825af0a506bb6e8727c1224b034c3,fe54389df1a3b70a88487c710e99e061,stable_unchanged,exact,exact,1.0,1.0
215aa7f86414f906316d18ac4a6c5675,d3cda0c2066e9b980696e27f9cace570,stable_unchanged,exact,exact,1.0,1.0
2161fbfc8d335e8c549896df94c65cbf,ec9144e4eee3df6b7eb6d190602013ec,stable_unchanged,exact,exact,1.0,1.0
2197cd1d037b842675f3f8872c366da0,7be924e63d1070623e5bce439367620a,stable_unchanged,exact,exact,1.0,1.0
2197cd1d037b842675f3f8872c366da0,8fc93c29ddbec6ec7f8453c64f00e0aa,stable_unchanged,exact,exact,1.0,1.0
21e4bc4dc44257efcbb16a8a53f8afcb,8d60bd0e744086bdd7c9628899944160,stable_unchanged,exact,exact,1.0,1.0
220377048031faf1c81c168978f9b565,8a5b275886d0b750b80653b29302839a,stable_unchanged,exact,exact,1.0,1.0
220377048031faf1c81c168978f9b565,cd9b389437737a3694739f3bba040892,stable_unchanged,exact,exact,1.0,1.0
220377048031faf1c81c168978f9b565,d5fafe9f35d22508fe53a29f59ecf673,stable_unchanged,exact,exact,1.0,1.0
220377048031faf1c81c168978f9b565,d97bdad086f08351febc702c60ebb030,stable_unchanged,exact,exact,1.0,1.0
220377048031faf1c81c168978f9b565,e522988bda8128fbc654566846f46f71,stable_unchanged,exact,exact,1.0,1.0
22179a092ac888a91903418c66f2681f,5980c61ba8fb19eba5cb8a06d97ee298,stable_with_minor_changes,exact,unknown,1.0,
2234187952a4c0c968cd033fe2b73200,634fe3801bec811c27922dd81dd8110c,stable_unchanged,exact,exact,1.0,1.0
2234187952a4c0c968cd033fe2b73200,7334a3ecb08d7be924c649df303d18c8,stable_unchanged,exact,exact,1.0,1.0
227f238afed2b40c1708e79cb2510c5f,2d0418b6c09aee07ac0d95931993ef44,stable_unchanged,exact,exact,1.0,1.0
229c81bab1183c210e0ffa2d89b69592,9681d5336965a40c1321787788af095b,stable_unchanged,exact,exact,1.0,1.0
22aab7864944ece3e691a76bb4b6915c,7f6b68c16527e104d90d3e62e54266b6,stable_unchanged,exact,exact,1.0,1.0
22aab7864944ece3e691a76bb4b6915c,b1519145febb08caefdc8b0733f8aba8,stable_unchanged,exact,exact,1.0,1.0
23122688fc107dccddb2e32aac7db78f,cdf318f78bfab1dcf40f1fb996d647ac,stable_unchanged,exact,exact,1.0,1.0
2316975b39e8a1cb947f9fb135b59342,7cd1a7aa080e5e9469f83cf9ed3e2b86,stable_unchanged,exact,exact,1.0,1.0
231edf04897455289a507f619143e6f9,8a887c47c530eddc96a4f99135f9ad86,stable_unchanged,exact,exact,1.0,1.0
231edf04897455289a507f619143e6f9,eede9cd4eb4b5a462a7df57385f148f6,stable_unchanged,exact,exact,1.0,1.0
231edf04897455289a507f619143e6f9,f2505655d297723994a4710db8ca71c2,stable_unchanged,exact,exact,1.0,1.0
23443a4ed709f871e4b005291e52de29,9b8b3b4a8d8ca6df57ffadb3d1f392bf,stable_unchanged,exact,exact,1.0,1.0
23443a4ed709f871e4b005291e52de29,a40d3f505f47782617ee70a9ceba2710,stable_unchanged,exact,exact,1.0,1.0
23473d616f999c11d06a5a79fbe1cf12,26f424a9bc2ee0b9545d399f617c637f,stable_unchanged,exact,exact,1.0,1.0
23473d616f999c11d06a5a79fbe1cf12,7d2b7842cce79877b54a7a7c42c48240,stable_unchanged,exact,exact,1.0,1.0
23473d616f999c11d06a5a79fbe1cf12,b13793bdaab971434dae3c366bf693ed,stable_unchanged,exact,exact,1.0,1.0
2392e9812f688a6dc512adc44bf8469c,56d598d4c6c549051d32452c3117c860,stable_unchanged,exact,exact,1.0,1.0
23ac2caf219d54b917c134d9c9ab0774,2b3d10f2730dbf2c01823f3f310bdcd8,stable_unchanged,exact,exact,1.0,1.0
23ac2caf219d54b917c134d9c9ab0774,9b8b3b4a8d8ca6df57ffadb3d1f392bf,stable_unchanged,exact,exact,1.0,1.0
23ae00d401f1c8521d9ae1b6015a8937,3a871acac73f7a982f8ed1be53e3bd7f,stable_with_minor_changes,unknown,exact,,1.0
23ae00d401f1c8521d9ae1b6015a8937,a8efef32f78624e9040a7fe9043372ba,stable_with_minor_changes,unknown,exact,,1.0
23c67fc06cc602b65c86aae7fdbd08a6,ae73946d11cef36c24cab516701cb9d4,stable_with_minor_changes,unknown,exact,,1.0
23c67fc06cc602b65c86aae7fdbd08a6,b5e98366227505b4c1271c592ce78a81,stable_with_minor_changes,unknown,exact,,1.0
23e214b34ab135bc3e2b10b1f3420037,874d3ab3b7ad14168a514f8d4e067e25,stable_with_minor_changes,unknown,unknown,,
23ecce00412ac9874a9ef761139cab9f,3641ffa430f353f4ea3aabe532f5dcf6,stable_unchanged,exact,exact,1.0,1.0
24a8e193c8ec27490939606cdbd5f4bc,93cdc471281d12bef8c1963a8b51436a,stable_unchanged,exact,exact,1.0,1.0
24d6503ae0885dbc74747c945f8d83c6,f75b300de2c5e58b247ffb707e9d3ca3,stable_unchanged,exact,exact,1.0,1.0
24ddb9dd14c2ee784b762927c41cfb5e,469590749ad1ec773d274062765b60ac,stable_unchanged,exact,exact,1.0,1.0
24ddb9dd14c2ee784b762927c41cfb5e,9e803f1a0e311e64bcb71f1ba28dc25c,stable_unchanged,exact,exact,1.0,1.0
24ddb9dd14c2ee784b762927c41cfb5e,f25c705672be34ca864e386ea6808c6c,stable_unchanged,exact,exact,1.0,1.0
24f303e323cc7d36f553b5aa2dda247e,44c6376ed87bf0e3a62ea812e3ec4c8b,stable_unchanged,exact,exact,1.0,1.0
253bc91a33e9edae533dff9d68a42d91,3d84becdc4b60ae2f8eb4edbb7447d20,stable_unchanged,exact,exact,1.0,1.0
2564e38678a38e7422f8a16287efe285,e6fd2ef8183188b21ee42dc9f8795fca,stable_unchanged,exact,exact,1.0,1.0
25ae855eb0dfdf7b0b0dc346b48fd870,4f462914df0ff048bfd24e05bbf08ebb,stable_unchanged,exact,exact,1.0,1.0
25ae855eb0dfdf7b0b0dc346b48fd870,8617062d79f237bd6463e12cf3a50e18,stable_unchanged,exact,exact,1.0,1.0
25ae855eb0dfdf7b0b0dc346b48fd870,9d2dae7ac5ee5ea1ea4eabca7c1a37a3,stable_unchanged,exact,exact,1.0,1.0
25ae855eb0dfdf7b0b0dc346b48fd870,9fc93d561e5fc5f6dfb7461e9593f8da,stable_unchanged,exact,exact,1.0,1.0
25ae855eb0dfdf7b0b0dc346b48fd870,f4e12b479de966de565e8d5602b1a6d0,stable_unchanged,exact,exact,1.0,1.0
25cd58d7ac8efc1bc1a59a4274c6b5ae,aa5671239444dd9e1e1fdcba1612cf63,stable_unchanged,exact,exact,1.0,1.0
262bbda5597a68298edcceee2603d489,b4d0a70ea5f152097b7e04afacbe36db,stable_with_minor_changes,unknown,unknown,,
26325467b7e01d1002e4889c9922c668,c392f021d705296e2099d48bae0a38aa,stable_unchanged,exact,exact,1.0,1.0
26467df8415e005aaf95bf1ca10dc95c,59333771f70535082019538556b45182,stable_unchanged,exact,exact,1.0,1.0
26c706012ca9746b51ff1b541c84ae0b,ff975321376e0b3b99637680ec3b1ea0,stable_unchanged,exact,exact,1.0,1.0
26d18f41f1569dfce88b5ad2f9571517,78e464360d1b65c58a57317af19ff5d2,stable_unchanged,exact,exact,1.0,1.0
26e9bd730740906fbfbdbbbba3b4ed54,3490ba9f894c0071095a966cc3ef76ea,stable_unchanged,exact,exact,1.0,1.0
26e9bd730740906fbfbdbbbba3b4ed54,a0d388a1c554c14804dca39c83812591,stable_unchanged,exact,exact,1.0,1.0
26e9bd730740906fbfbdbbbba3b4ed54,ee8f2d305a7d95257e64005adc9afa83,stable_unchanged,exact,exact,1.0,1.0
26e9bd730740906fbfbdbbbba3b4ed54,f174b8202fe6afb1ea167afdafd8a69e,stable_unchanged,exact,exact,1.0,1.0
26e9bd730740906fbfbdbbbba3b4ed54,fe54389df1a3b70a88487c710e99e061,stable_unchanged,exact,exact,1.0,1.0
26f424a9bc2ee0b9545d399f617c637f,7d2b7842cce79877b54a7a7c42c48240,stable_unchanged,exact,exact,1.0,1.0
26f424a9bc2ee0b9545d399f617c637f,b13793bdaab971434dae3c366bf693ed,stable_unchanged,exact,exact,1.0,1.0
277203d6606d548f81ae4aa94175a982,9da6fd9a75caa44ce19f78add5e8c564,stable_unchanged,exact,exact,1.0,1.0
27aa57aa9b025ad25327cbe23d600bde,534a9974fe4c2d2bc408c7c09a848978,stable_unchanged,exact,exact,1.0,1.0
27aa57aa9b025ad25327cbe23d600bde,eec56f42e08d34535fe148c3247c4e48,stable_unchanged,exact,exact,1.0,1.0
27ddb1cfaf17a93cb6a0db925082c8af,ff2dbe6396621b6b470ae7258b98fe2b,stable_unchanged,token_hash,token_hash,1.0,1.0
27ec3683920e6291e84c0411717289de,7c658c2dda8366fb016f9118c2b613a3,stable_unchanged,exact,exact,1.0,1.0
285de3edbaab86bf43142966fabc14b3,fd49c75594fa5bf7eda86a1b8e14a685,stable_unchanged,exact,exact,1.0,1.0
286c99a1deffd19f6b239ebde25e10a4,e5b80b62ad78382c746cda86f67538ad,stable_unchanged,exact,exact,1.0,1.0
28f1ca9396081d7ee741236fa17cf22a,625ba4dcb61cee69173c13177af9935b,stable_unchanged,exact,exact,1.0,1.0
28f1ca9396081d7ee741236fa17cf22a,8177ae289fe421df93cefad66dc19599,stable_with_minor_changes,exact,unknown,1.0,
28f1ca9396081d7ee741236fa17cf22a,b193ba8e1c5d14c61c942065a492a57f,stable_unchanged,exact,exact,1.0,1.0
28f1ca9396081d7ee741236fa17cf22a,c611652eeef3768467cb863e43eb4854,stable_unchanged,exact,exact,1.0,1.0
29052d981acf30ddf711d4af46da8009,7ba97139efffd6926bbbba6cc02c09eb,stable_unchanged,exact,exact,1.0,1.0
29052d981acf30ddf711d4af46da8009,92d5aa1e5aaf986fbe7ec2e701448032,stable_unchanged,exact,exact,1.0,1.0
29884c8dc780ce080bea2118cae8b086,574050a39696e14dca96d3f2d12f967f,stable_unchanged,exact,exact,1.0,1.0
2992251cbf2d363683426f04e1bc3daa,a8282f7ac20dc4edb71f643dfd51a585,stable_unchanged,exact,exact,1.0,1.0
29bd6ec543baed36c240fd37084abfd7,8ee07d8ee00c7aa070ba9e2304a1616c,stable_unchanged,exact,exact,1.0,1.0
29cd351318c74bb0e355504190196bab,e9a207d3375d51b3efb8c451daa122e3,stable_unchanged,exact,exact,1.0,1.0
2a1a38529a99a62c09cec05e6f8a9d58,3fe0b6277d6bf08268e5c34291547295,stable_unchanged,exact,exact,1.0,1.0
2a1a38529a99a62c09cec05e6f8a9d58,42504eb20df67b32ca65f96cfee28b09,stable_unchanged,exact,exact,1.0,1.0
2a1a38529a99a62c09cec05e6f8a9d58,c34fb5d3828e898bc3e6e6a7d44e0816,stable_unchanged,exact,exact,1.0,1.0
2a1a38529a99a62c09cec05e6f8a9d58,d09629f22c29c214af83d03742b1be92,stable_unchanged,exact,exact,1.0,1.0
2a1a38529a99a62c09cec05e6f8a9d58,d817fc759fd925b25f833a493f9b6882,stable_unchanged,exact,exact,1.0,1.0
2a1a38529a99a62c09cec05e6f8a9d58,daf05783ae532c2db4315a89036c3bc8,stable_unchanged,exact,exact,1.0,1.0
2a1a38529a99a62c09cec05e6f8a9d58,e2dd215686f32195b0bcf7f6ff791fec,stable_unchanged,exact,exact,1.0,1.0
2a1a38529a99a62c09cec05e6f8a9d58,e47ab97fdb038d5e2e5e36d2a498d9a5,stable_unchanged,exact,exact,1.0,1.0
2a493c38d227b07ed4ddfbb0598127f4,85974023c6c7865eda984000a5ab5d23,stable_unchanged,exact,exact,1.0,1.0
2a493c38d227b07ed4ddfbb0598127f4,98e9d172f774aad2b4cd32020ca5afc3,stable_unchanged,exact,exact,1.0,1.0
2a493c38d227b07ed4ddfbb0598127f4,a8bda78a96318caeb571957936cd37ca,stable_unchanged,exact,exact,1.0,1.0
2a493c38d227b07ed4ddfbb0598127f4,ba184b5b2d338ee80d16e16d20410bde,stable_unchanged,exact,exact,1.0,1.0
2a493c38d227b07ed4ddfbb0598127f4,eb5ffa6ba9fb7f8a3a9d9315fc69b176,stable_unchanged,exact,exact,1.0,1.0
2a7f1cb42ba9fb2f82d62e392a251c20,33209f108b6278975e1837f1a186f11a,stable_unchanged,exact,exact,1.0,1.0
2a7f1cb42ba9fb2f82d62e392a251c20,99853d3b5e64211717082e6bd712c39d,stable_unchanged,exact,exact,1.0,1.0
2a7f1cb42ba9fb2f82d62e392a251c20,b014becc105855fbd352eea2d272050e,stable_unchanged,exact,exact,1.0,1.0
2a95dc6be72ba57537daae7d43e64f25,2b72444756cc745f0e4eeb31f8906814,stable_with_minor_changes,unknown,unknown,,
2a95dc6be72ba57537daae7d43e64f25,d2bfcb98455fe2d2135e4894f935e33a,stable_with_minor_changes,unknown,exact,,1.0
2ac341ad38237563405b643c9333fa7b,455a5824b2ea45028a0a0c4720178a50,stable_with_minor_changes,unknown,exact,,1.0
2ac341ad38237563405b643c9333fa7b,ab859376bb3b92d82a7df5307aa7aee0,stable_with_minor_changes,unknown,unknown,,
2ac341ad38237563405b643c9333fa7b,afd7bc9ae8f1fe7fcd3485658aafbf9d,stable_with_minor_changes,unknown,unknown,,
2ac341ad38237563405b643c9333fa7b,d93b227c7305762909308f3820fb48e8,stable_with_minor_changes,unknown,unknown,,
2ae341f11aeb5140b966b1603b4aa016,5835f227f9232e0f778c5aa48a0b144f,stable_unchanged,exact,exact,1.0,1.0
2ae341f11aeb5140b966b1603b4aa016,8e7e2b36d01118cfd960fc06aef93840,stable_unchanged,exact,exact,1.0,1.0
2ae341f11aeb5140b966b1603b4aa016,f41991b1c62d04564cc9f42720e84c4b,stable_unchanged,exact,exact,1.0,1.0
2b0d5edc866a68e6a63d1db53ecfbcaf,45181fe0c735e6c7cb16c54deb39a01e,stable_unchanged,exact,exact,1.0,1.0
2b0d5edc866a68e6a63d1db53ecfbcaf,824a8d639de954fc20b43d69ae1a5364,stable_unchanged,exact,exact,1.0,1.0
2b0d5edc866a68e6a63d1db53ecfbcaf,8f85dce030bab26b18fef69f32cec65d,stable_unchanged,exact,exact,1.0,1.0
2b2a72d848a6fa9eb2bb6648cd71fedf,988cdebe2d5355df7087610acb3edd7f,stable_unchanged,exact,exact,1.0,1.0
2b30108a305c359b9700610bb503a5d0,6c8c2394e5d57ebc6d91b804f49294fc,stable_unchanged,exact,exact,1.0,1.0
2b3d10f2730dbf2c01823f3f310bdcd8,8a5b8b5d135f9419e1e279afbaabf0cd,stable_unchanged,exact,exact,1.0,1.0
2b3d10f2730dbf2c01823f3f310bdcd8,9a8e6597216c75f8071cddb29a4eceaa,stable_unchanged,exact,exact,1.0,1.0
2b3d10f2730dbf2c01823f3f310bdcd8,9b8b3b4a8d8ca6df57ffadb3d1f392bf,stable_unchanged,exact,exact,1.0,1.0
2b584cdeaef025014ae6b2c4a4bf8c5f,6ea259cb3b13bab3b2cc3a7c69213f28,stable_unchanged,exact,exact,1.0,1.0
2b622abeb3f17bf68842d87f1c177149,745fe1ccb469655865ba03c9da29be0e,stable_unchanged,token_hash,token_hash,1.0,1.0
2b6b7f5a634442ad76f93706e1a1bd53,ebb0e0540db33b74969c2cce850e029d,stable_unchanged,exact,exact,1.0,1.0
2b72444756cc745f0e4eeb31f8906814,da267c45ce8a5b70d8713f0332146a9a,stable_with_minor_changes,unknown,exact,,1.0
2c59c468c9db5f4235f6aacd8f710f8b,329ebf4dbf726400cd830564b49da494,stable_unchanged,exact,exact,1.0,1.0
2cd2a3617e5c6dfecdb8dec902962db4,7d1b359102faa9204af226d63c90e59a,stable_unchanged,exact,exact,1.0,1.0
2d0b34bc7a034b6f023002e747e3f7e5,dbd8d62deca18c92c2d2773c9d53d629,stable_unchanged,exact,exact,1.0,1.0
2d21ce9942f635e3eb448c95cc62fe20,aafb5c6f39459c78c49042feda4c89bc,stable_unchanged,exact,exact,1.0,1.0
2d2d9304a3431efdf4715db552c76b99,db13b12c6a01f96af002ec0f98fba460,stable_unchanged,exact,exact,1.0,1.0
2d4c5822038a839f4e0769d629482d8e,6c726899100be567c125df67390a3ca1,stable_with_minor_changes,unknown,exact,,1.0
2d4c5822038a839f4e0769d629482d8e,99006a4c695b5d014e563a97fc811c13,stable_with_minor_changes,unknown,exact,,1.0
2d4c5822038a839f4e0769d629482d8e,d8587552a39aba241c195dcfe4235011,stable_with_minor_changes,unknown,exact,,1.0
2d4c5822038a839f4e0769d629482d8e,fbdc84517f2fbbb3983928f78a333c51,stable_with_minor_changes,unknown,unknown,,
2d7e1d8fd63eef35e9932ef7d2588a12,4f09f5fd2b7d8bc341f2172e1a4512c5,stable_unchanged,exact,exact,1.0,1.0
2d7e1d8fd63eef35e9932ef7d2588a12,91aea81c241ffba6f08089a964280bdb,stable_unchanged,exact,exact,1.0,1.0
2ddd1c558304da343704f96f8095ff95,ccef1ed59e7605358408040d2d51ba12,stable_unchanged,exact,exact,1.0,1.0
2dfb8ac5ebc7488c04219bfa0ee71919,55634a4729ca934b707179b61972cf3c,stable_unchanged,exact,exact,1.0,1.0
2e135c538e211142d4b943c3b49f87ab,93f080c83cb42d211b8b2498126e2ced,stable_unchanged,exact,exact,1.0,1.0
2e54d04b0161b55732c483b288ce27b5,8b9281d081018bf0fc444bbfa9b1eeb1,stable_unchanged,exact,exact,1.0,1.0
2e8abff582a73ebba41d9de30da9a571,bf731d6a8dcd4b59335c57dd49a3b8c9,stable_unchanged,exact,exact,1.0,1.0
2ecb1174c2ef19336304e5b144b0914f,3536ae1c022800dc897e66f891b36283,stable_with_minor_changes,unknown,exact,,1.0
2ecb1174c2ef19336304e5b144b0914f,420b5d0a071165b04413e47ca846a7ec,stable_with_minor_changes,unknown,exact,,1.0
2ecb1174c2ef19336304e5b144b0914f,9d1fccfe945ca758eb4426b54e593efc,stable_with_minor_changes,unknown,exact,,1.0
2f2de19330c4936a4aece1346d029101,5644624d5694e6841b33ca347db429fd,stable_unchanged,exact,exact,1.0,1.0
2f2de19330c4936a4aece1346d029101,d3e350759a82840432c48717a1047b60,stable_unchanged,exact,exact,1.0,1.0
2f2de19330c4936a4aece1346d029101,e8b0bf53de98a85c3aff8ece0eb47098,stable_with_minor_changes,exact,unknown,1.0,
2f59ddf0a0d402b780ac84d9ff4ab510,eae4ec072532a8f5ddb8529b8d39ce52,stable_unchanged,exact,exact,1.0,1.0
2fa78db756fe64ad69d4efddec58ea3b,4a16d4bf8128f63dc7519c5ecf007e29,stable_unchanged,exact,exact,1.0,1.0
3018be39076169621b9f1c54ff731795,9028197da9e651cddab1053872343501,stable_unchanged,exact,exact,1.0,1.0
3029a5ab369849b275e20bb74e535df8,6387d6ad87e3e2b23d8201b3563d2ca5,stable_unchanged,exact,exact,1.0,1.0
3029a5ab369849b275e20bb74e535df8,8be797a458af39129b666f7bc2ed83eb,stable_unchanged,exact,exact,1.0,1.0
3029a5ab369849b275e20bb74e535df8,f8ff522173f9c3f37060a555140cc39f,stable_unchanged,exact,exact,1.0,1.0
304a22c5740c2e2781b966fecf6d63d6,c50286354d4afb3b30b3974796e0538c,stable_unchanged,exact,exact,1.0,1.0
3061c891b094eaba8aca7f7474bad896,d4bbbe18865c78f611b175246fc1854c,stable_unchanged,exact,exact,1.0,1.0
3068e99e3b29ed4a65b1f81462aa5103,7f33fad8cc062a80b40a30a2620ae479,stable_unchanged,exact,exact,1.0,1.0
3081d764ae96a25d52ff958ab66491c8,557f54b2bbdde19ea7caf81cc9e7e373,stable_with_minor_changes,exact,unknown,1.0,
3081d764ae96a25d52ff958ab66491c8,6c64459ae8c7faf266e4c3570478a1bd,stable_unchanged,exact,exact,1.0,1.0
3081d764ae96a25d52ff958ab66491c8,c9752daa60f41e608222164d0f06b497,stable_unchanged,exact,exact,1.0,1.0
3081d764ae96a25d52ff958ab66491c8,e997276c917f9de79f13981b1dce9876,stable_unchanged,exact,exact,1.0,1.0
3081d764ae96a25d52ff958ab66491c8,fead7a5c7ac57f6d4f79ff242909cfab,stable_unchanged,exact,exact,1.0,1.0
30d552ff4fbb1e0e50bc09972dbb7010,b5a6fe55a5831e7247693f1efd36e2de,stable_unchanged,exact,exact,1.0,1.0
30fbd3b744305257fc16720a7de2ffa9,493bf880abed3c7c70c42ae31f2459eb,stable_unchanged,exact,exact,1.0,1.0
30fbd3b744305257fc16720a7de2ffa9,4a062bfc900e63ff81c60af3d7050bb0,stable_unchanged,exact,exact,1.0,1.0
311829129c36c3c0a3748ba79b3ea889,a6dfc9db337bb2e91c565b2b92925bd6,stable_with_minor_changes,unknown,exact,,1.0
31550a679896e79ae58d2b0ae4d83985,3c76bc106a7720aa5b28dd2b1d0838f9,stable_unchanged,exact,exact,1.0,1.0
3173d3fa466c911fdeedb78edb9450d6,918449c6fe6d39a251e10df6f4d0de6f,stable_unchanged,exact,exact,1.0,1.0
317ffea9c763fe88e105a7d65d00f9a0,4c54e96f209a652c8a4afc8f53065f93,stable_unchanged,exact,exact,1.0,1.0
317ffea9c763fe88e105a7d65d00f9a0,8617062d79f237bd6463e12cf3a50e18,stable_unchanged,exact,exact,1.0,1.0
317ffea9c763fe88e105a7d65d00f9a0,8f73a3675409f604be616ab899017e53,stable_unchanged,exact,exact,1.0,1.0
317ffea9c763fe88e105a7d65d00f9a0,9d2dae7ac5ee5ea1ea4eabca7c1a37a3,stable_unchanged,exact,exact,1.0,1.0
3196d3c0b76c560492c7f9dce55f6d39,ec9144e4eee3df6b7eb6d190602013ec,stable_unchanged,exact,exact,1.0,1.0
31a37f75bde1ba9759c66fdb3a3d1b19,6ff4e4a64ce93ffc1a821528f6b8fc95,stable_unchanged,exact,exact,1.0,1.0
31afdd483fe611d6a0c787b3ca6492fb,c8f8fc9236ccb5388316566a49d21a31,stable_unchanged,exact,exact,1.0,1.0
31d983952cf4c03aa89414684f59ab4b,7ab3c389cc3fa35fea85eebc2ad00923,stable_unchanged,exact,exact,1.0,1.0
31d983952cf4c03aa89414684f59ab4b,d6248c223675214ce0e8a2e432c40cab,stable_unchanged,exact,exact,1.0,1.0
31ebc5a13c98eb1163aaf882fee9f7ca,867ea311d820119b1fdf42385f2738b0,stable_unchanged,exact,exact,1.0,1.0
31f6e6a3cfa3eaacf5f1a0eb9c875dd3,5cac5c44acf61aa91dcdc3512440eda5,stable_with_minor_changes,unknown,exact,,1.0
31f6e6a3cfa3eaacf5f1a0eb9c875dd3,9586b6a449bcc0fb3d7979e9a21d27c5,stable_with_minor_changes,unknown,exact,,1.0
31f6e6a3cfa3eaacf5f1a0eb9c875dd3,dceb9cca7b96e8761bd5e7e920b4180e,stable_with_minor_changes,unknown,exact,,1.0
3251b89f394d6173a3944e2d8810ee51,feace88a211c535084f2c9a91ceb624c,stable_unchanged,exact,exact,1.0,1.0
329ebf4dbf726400cd830564b49da494,bb98e71a7185c0cba7c18a371b724944,stable_unchanged,exact,exact,1.0,1.0
32b48df75c084a47217a1ba44c1ba6c7,84df574c2444eba8f53a326e0391a7e1,stable_unchanged,exact,exact,1.0,1.0
32b730789fb6d1068323110a156dacfd,c7b9387164bd52a103bdcd07bc44b272,stable_unchanged,exact,exact,1.0,1.0
32db3b900d54c1d26251e97e8e3178c0,77033b33056cd8ffc8a8396c5d3715a0,stable_unchanged,exact,exact,1.0,1.0
32db3b900d54c1d26251e97e8e3178c0,93cebd5c988dc653d7f685c46ff0dab3,stable_unchanged,exact,exact,1.0,1.0
32f8fead74e56afd65e1a9a2074b04d0,73170fa71c9e7e91d3f2cd42d5701ed7,stable_unchanged,exact,exact,1.0,1.0
33209f108b6278975e1837f1a186f11a,b014becc105855fbd352eea2d272050e,stable_unchanged,exact,exact,1.0,1.0
33209f108b6278975e1837f1a186f11a,c178cde7088fc62609507e604c69eddc,stable_unchanged,exact,exact,1.0,1.0
33209f108b6278975e1837f1a186f11a,eee8e88dcf4dafe010a9a9c33607287b,stable_unchanged,exact,exact,1.0,1.0
3381f8076d962ca44fcce0e353c6d6c5,8d69d167ec6e3373e33f34adef859dff,stable_unchanged,exact,exact,1.0,1.0
3381f8076d962ca44fcce0e353c6d6c5,d2dddad5eff9b9600052d1ca37d25fc3,stable_unchanged,exact,exact,1.0,1.0
3381f8076d962ca44fcce0e353c6d6c5,da9d1616fa811e0dd60cb5555f05fa2e,stable_unchanged,exact,exact,1.0,1.0
3381f8076d962ca44fcce0e353c6d6c5,feb76765b322ba49c62c61f0ae6f23d9,stable_unchanged,exact,exact,1.0,1.0
33a1c0ea570e233c212a68cd0470de14,c750a9874a0bbe261381a3b7fbab8e85,stable_unchanged,exact,exact,1.0,1.0
33c1459c026e25ac6bf901b94e11bfbd,c750a9874a0bbe261381a3b7fbab8e85,stable_unchanged,exact,exact,1.0,1.0
344e6bbe044df57d0d500d02db222d88,94a1b8d2f562b2350f62db72231204fa,stable_unchanged,exact,exact,1.0,1.0
3453a2fa7a88f8814c02975d1e3ceae2,d5f966548c45af15c057da86c2c7b482,stable_unchanged,exact,exact,1.0,1.0
346e04ee7e959b11db48b94b3c735ef6,b6a5dd8e82979c0b5e5bc397ca163a58,stable_unchanged,exact,exact,1.0,1.0
3490ba9f894c0071095a966cc3ef76ea,7cb47f4ac64e87885237022f2285d541,stable_unchanged,exact,exact,1.0,1.0
3490ba9f894c0071095a966cc3ef76ea,a0d388a1c554c14804dca39c83812591,stable_unchanged,exact,exact,1.0,1.0
3490ba9f894c0071095a966cc3ef76ea,ee8f2d305a7d95257e64005adc9afa83,stable_unchanged,exact,exact,1.0,1.0
3490ba9f894c0071095a966cc3ef76ea,f174b8202fe6afb1ea167afdafd8a69e,stable_unchanged,exact,exact,1.0,1.0
3490ba9f894c0071095a966cc3ef76ea,fe54389df1a3b70a88487c710e99e061,stable_unchanged,exact,exact,1.0,1.0
34995e5a7def0abe4a76bf804a8d4b0e,932e32316887da9eaaa163e060e9da12,stable_unchanged,exact,exact,1.0,1.0
34995e5a7def0abe4a76bf804a8d4b0e,c20c2e1fa2aed5496916c6f7b707f73f,stable_with_minor_changes,exact,unknown,1.0,
34b658cd3b491e06b11d9cdcef4f3c81,9eb3a29a198830c53c0577405aa4947f,stable_unchanged,exact,exact,1.0,1.0
34b658cd3b491e06b11d9cdcef4f3c81,a79cebe16377980d28a47f40845d2c82,stable_unchanged,exact,exact,1.0,1.0
3536ae1c022800dc897e66f891b36283,420b5d0a071165b04413e47ca846a7ec,stable_unchanged,exact,exact,1.0,1.0
3536ae1c022800dc897e66f891b36283,9d1fccfe945ca758eb4426b54e593efc,stable_unchanged,exact,exact,1.0,1.0
353967a127778f6af827a8cec854e2e9,5c00d92709a1712eed619463da895383,stable_with_minor_changes,exact,unknown,1.0,
3577d9fdc61ce9d72b6d512240b49e1f,e06b3e514a9264414b94b5fbe6819094,stable_unchanged,exact,exact,1.0,1.0
3577d9fdc61ce9d72b6d512240b49e1f,ebc96c956d38a4ca10bedca55161f161,stable_unchanged,exact,exact,1.0,1.0
3577d9fdc61ce9d72b6d512240b49e1f,ec5854541b6d326905d7d9c3d9e85a44,stable_unchanged,exact,exact,1.0,1.0
35c8f2b4eb548dd04a8d768328943d47,c672bddd35766b2b775cd0574645c7f5,stable_with_minor_changes,unknown,unknown,,
36013902bf3276a2d3d7598eafd199aa,997ad37d633fa0474cab513b13d8268e,stable_with_minor_changes,exact,unknown,1.0,
36313610531998c86c80ccc1e5f2b339,a1f0f5ce9408aa013b5dc5c33dc66f8f,stable_unchanged,exact,exact,1.0,1.0
3650f6a8d5613fc6cdf62cbfb82de9c6,4774ce688f987d9b28f45d44a0fe8a5a,stable_unchanged,exact,exact,1.0,1.0
3650f6a8d5613fc6cdf62cbfb82de9c6,ecee434d6ac77a8a9fe7dd4b314afdc2,stable_unchanged,exact,exact,1.0,1.0
3684a665d8744788442c5b630e1b9d6f,d97a717209a10d4cc6907dddb066cbd1,stable_unchanged,exact,exact,1.0,1.0
3689ea88da56c8933c9f4100fddc0f01,78fae35b42a38f9700edb45c70e92ab6,stable_unchanged,exact,exact,1.0,1.0
36a119e164bc149b93a93f7ea31cbaa8,7fcc2129c46f6305d69021a8fc708549,stable_unchanged,exact,exact,1.0,1.0
37052f1bdfc61e6dfcb581e7aab4e952,429418c7e2ead92ea5dade18c36ca798,stable_unchanged,exact,exact,1.0,1.0
37052f1bdfc61e6dfcb581e7aab4e952,c7cd54a0d3902c89ea369f8bfa398e15,stable_unchanged,exact,exact,1.0,1.0
37052f1bdfc61e6dfcb581e7aab4e952,f945de5626cd569b19e66e2d8dd69fd0,stable_unchanged,exact,exact,1.0,1.0
375c43a0c8a50d40d0a0d97bf78a541b,3eae94234209fd636708311a95c3031a,stable_with_minor_changes,unknown,exact,,1.0
375d9dd4b95c5af6c9a8bfc8fc5a3eee,3bd22dd54e25f2d4bda95271a8325fd5,stable_unchanged,exact,exact,1.0,1.0
376bab0c9c062d9505850b2b9a033261,5df7ce5d90f56f389ce6d0af487ab541,stable_unchanged,exact,exact,1.0,1.0
3770709f47e14b264d0a3ae184a68e62,d5727ed204ce0ba4115c1ed5e79a6917,stable_with_minor_changes,exact,unknown,1.0,
3770709f47e14b264d0a3ae184a68e62,f005b178876244b8a97f4b8a7ad7f998,stable_with_minor_changes,exact,unknown,1.0,
37d326ba09b4f8fa0f475b3ff57e8137,3f794e9c03819143a1a796b23e3713d2,stable_unchanged,exact,exact,1.0,1.0
37d9319639d0925793c130451dfb33f1,537ef07008ec748fc63e9b43c2278d52,stable_with_minor_changes,unknown,exact,,1.0
37d9319639d0925793c130451dfb33f1,a17755645cd1eed08536979c0c72c792,stable_with_minor_changes,unknown,exact,,1.0
37d9319639d0925793c130451dfb33f1,f40315c29489cccaaf4ebdbe6cf741bc,stable_with_minor_changes,unknown,unknown,,
37d9319639d0925793c130451dfb33f1,fcd803077fd2090becc30ebc1bc8697e,stable_with_minor_changes,unknown,unknown,,
37ea3079e05176dc6dc210ef5242d48a,7634c45cba407d755e4a59e2650213b2,stable_unchanged,exact,exact,1.0,1.0
37ea3079e05176dc6dc210ef5242d48a,f5ab833d5354877d988a9f72cd1601f0,stable_unchanged,exact,exact,1.0,1.0
3819b32c9b3db64718b45acddd692572,565c1cd1ceb699bba7931fccdc65c808,stable_unchanged,exact,exact,1.0,1.0
3819b32c9b3db64718b45acddd692572,8c60150a38d6d5c2adcb7d79f0baeb3d,stable_unchanged,exact,exact,1.0,1.0
382c0548ef7ea2c366c4cdffa2b6e01c,c08945dd0910ec6a91d56fdb51cd4b3e,stable_unchanged,exact,exact,1.0,1.0
38330b72451a85c43e6c88da169de629,51d969c4c053f17c29e05e7ee4bc4d37,stable_unchanged,exact,exact,1.0,1.0
3888337d7c3e9bdea2724ce64d45df23,81db2b331bbfe92040eb5ccf99564f53,stable_unchanged,exact,exact,1.0,1.0
3895e96915ac7d86f0b978faae3614cd,cd5cd1f3750c5c805b4038ddaac3bf46,stable_with_minor_changes,exact,unknown,1.0,
38a44501cedaae513ee32e9ce4d93012,3ff9a3f8c5a01596f96dc9f35834d7c4,stable_unchanged,exact,exact,1.0,1.0
38c5a1c35da97be7c40e304eb8ba26b6,67dea24b030dd4678dfcd010eca7d529,stable_unchanged,exact,exact,1.0,1.0
38d8e156ba632258cd7c07c56d96ace4,b95bc0cc6cdd2820202269d841451c68,stable_unchanged,exact,exact,1.0,1.0
38dfd41f825c72d128af6e80cfb15a6e,a724c74e517e97684f7f3197caee8869,stable_unchanged,exact,exact,1.0,1.0
38e0332b3cf37173f3738fdf1d9e122a,8bdd34677fe327cc0febe0be1130611c,stable_with_minor_changes,unknown,unknown,,
38e8465e114842768601e9013f1fcf42,b1d16ff65fb575aaf8853077b2dd24f5,stable_unchanged,exact,exact,1.0,1.0
3917a394e08e6841ffc0f60f2001cd07,6e81db534cf4c0d956e482ab22f8ea91,stable_unchanged,exact,exact,1.0,1.0
3917a394e08e6841ffc0f60f2001cd07,c811680e041a779d7b69440922ef0209,stable_unchanged,exact,exact,1.0,1.0
3945cadfec355f121123024402a54407,c0bcea7ad8fa22b1bcfd2fb3850c3c88,stable_unchanged,exact,exact,1.0,1.0
3945cadfec355f121123024402a54407,ec6858e272bc0ab222c0c2e92bb2b7ee,stable_unchanged,exact,exact,1.0,1.0
3950ae792c1565683ce2ff81468dc1f1,69a047c1465e5a8720c09cbc8f778d8b,stable_unchanged,exact,exact,1.0,1.0
39597714def6dd645ae1964e8b522acc,cce2943d28968cf24fa8fff992b80d60,stable_unchanged,exact,exact,1.0,1.0
39785c745dc74b05c44a6e436cd2bcc8,e3afc131bfd7e6763ce48f025925b5b0,stable_unchanged,exact,exact,1.0,1.0
3980df0218ead9cc704fe248414c81d7,7758330a12591893f7c70885e5aa5474,stable_with_minor_changes,exact,unknown,1.0,
399919f301ba57a86a455cfc9be1a3bd,d5727ed204ce0ba4115c1ed5e79a6917,stable_with_minor_changes,unknown,unknown,,
399919f301ba57a86a455cfc9be1a3bd,f005b178876244b8a97f4b8a7ad7f998,stable_with_minor_changes,unknown,unknown,,
39aca5474e6183787c7b703936278fc2,50a7e4b3f15d2532f04a8d03c2ff06a6,stable_with_minor_changes,unknown,exact,,1.0
39c510844a58a07b000ab817558f2c29,3a1910fa17ae088ed91889e124e642d6,stable_unchanged,exact,exact,1.0,1.0
39d26f457f16ad8bc00d86ccb232a47b,8991c2661021143eeb0e7d023d515e6e,stable_unchanged,exact,exact,1.0,1.0
39d91ee9bc51ddeb087ee502d0951c1a,8ceeb95ea11c52a38cfc53fbe5d3cb0f,stable_unchanged,exact,exact,1.0,1.0
39d91ee9bc51ddeb087ee502d0951c1a,926a365deeb7635c57709d3e9272141f,stable_unchanged,exact,exact,1.0,1.0
39d91ee9bc51ddeb087ee502d0951c1a,d150ffbb3e6db806c69f96364b1c9527,stable_unchanged,exact,exact,1.0,1.0
39e07a2620d879b82a070532bf421e5c,42a8c48a45e0f5fe2b72c72d15f3c1cc,stable_unchanged,exact,exact,1.0,1.0
39e07a2620d879b82a070532bf421e5c,496053ab9062bd10fe6eb2d87f1d68bf,stable_unchanged,exact,exact,1.0,1.0
39e07a2620d879b82a070532bf421e5c,c13498a8e446752ded7b5743d35e1f56,stable_unchanged,exact,exact,1.0,1.0
39e07a2620d879b82a070532bf421e5c,f03b19e9d18be858a37e304b11cd79de,stable_unchanged,exact,exact,1.0,1.0
39e07a2620d879b82a070532bf421e5c,f35bd626410bf49fdb7818feb6e47100,stable_unchanged,exact,exact,1.0,1.0
3a871acac73f7a982f8ed1be53e3bd7f,a8efef32f78624e9040a7fe9043372ba,stable_unchanged,exact,exact,1.0,1.0
3a9e274de0c90785f3e341a7268ecce3,e98726bce5b6e1d4d5bebee751a5b430,stable_unchanged,exact,exact,1.0,1.0
3aafa749c1d5b226a11da90105f8280c,eab1f27ac0a2938e607e0181453a87b4,stable_unchanged,exact,exact,1.0,1.0
3b0143d2f1706713fdc2978f8de9e5a1,98f7c874a2541195aa7d053a9a450716,stable_with_minor_changes,exact,unknown,1.0,
3b0143d2f1706713fdc2978f8de9e5a1,cbb2c52e20327e97902b4b521d0d7b95,stable_unchanged,exact,exact,1.0,1.0
3b0143d2f1706713fdc2978f8de9e5a1,ce1648667936aa07c3972d2d39c8cb60,stable_with_minor_changes,exact,unknown,1.0,
3b2637ac3005a469e266391417d4ff40,488ed69d069eea00274dcfec3d2a4641,stable_unchanged,exact,exact,1.0,1.0
3b2637ac3005a469e266391417d4ff40,a8be63249075a2cee2e4604c7e310061,stable_unchanged,exact,exact,1.0,1.0
3b4ca9b6b702b6aa84be4723fa7bc9a8,b3c545c2158cb67f870ad20963805ab7,stable_unchanged,exact,exact,1.0,1.0
3bba86e76b43385a832b8f7067e8de59,410a2137e11dad416c1ae511bc67d0d9,stable_unchanged,exact,exact,1.0,1.0
3bba86e76b43385a832b8f7067e8de59,e4767825aa9f9f87ed2da17aadad4229,stable_unchanged,exact,exact,1.0,1.0
3bba86e76b43385a832b8f7067e8de59,ee14c6e6b18fc495ffc82fbe45d6f6ce,stable_unchanged,exact,exact,1.0,1.0
3bba86e76b43385a832b8f7067e8de59,f910502a277e14a8e94d27407dbb7122,stable_unchanged,exact,exact,1.0,1.0
3be8cf3c0b43d9eb62caf00bcc23844c,a9a0b988438e6b4099ef935faaea0d4e,stable_unchanged,exact,exact,1.0,1.0
3be8cf3c0b43d9eb62caf00bcc23844c,de0ef0c0133a44d4a5cdf85513be4d19,stable_unchanged,exact,exact,1.0,1.0
3bef726baa8856aee0d71c964b752106,aff312503c958092f79fc92382d11713,stable_unchanged,exact,exact,1.0,1.0
3c1717181a386ba1ee7f99eb00d7c094,4afb149b0afe782a892dec239abb07cf,stable_unchanged,exact,exact,1.0,1.0
3c2e58fd13d8520b737b46aa1cc5f4f9,abffecf02ba37ffa90eaa3ca4567c75c,stable_unchanged,exact,exact,1.0,1.0
3cb01b6e6d75f420d6cfb79fefd107c4,c4c85f20a4cab96f4a0c672903b0734d,stable_unchanged,exact,exact,1.0,1.0
3cca5deef150ad4c8e714dbb9add718a,d79117c63e71149b3486ddb3b19cf72e,stable_unchanged,exact,exact,1.0,1.0
3cd224f11dce4c71e83ee582caae48ee,a36d198df79af7c55d19b1b6e3bd5830,stable_unchanged,exact,exact,1.0,1.0
3d237cd653c4f5fa418f5a46179de762,5c957c05a0b9a300f72a1f6e0c91de1e,stable_unchanged,exact,exact,1.0,1.0
3d237cd653c4f5fa418f5a46179de762,9b0b9245d11770a572ebb83af4418f74,stable_unchanged,exact,exact,1.0,1.0
3e10519c1192e7f34132734b671755ed,49613da06fcefdde505a985039aa6b52,stable_unchanged,exact,exact,1.0,1.0
3e19afe96b6220ef1babd8d34fa2d946,8b5f7edeaef49e0450af36722cd26f9a,stable_with_minor_changes,unknown,exact,,1.0
3e2dae7197703e0785dd6b1029b8d333,724085de4440cf9b67e9eeabb4ed31e2,stable_unchanged,exact,exact,1.0,1.0
3e3b88a55b25338505fe1963850772de,3fe0b6277d6bf08268e5c34291547295,stable_unchanged,exact,exact,1.0,1.0
3e3b88a55b25338505fe1963850772de,42504eb20df67b32ca65f96cfee28b09,stable_unchanged,exact,exact,1.0,1.0
3e3b88a55b25338505fe1963850772de,8a71c01a1b024f4531cbca798099adc5,stable_unchanged,exact,exact,1.0,1.0
3e3b88a55b25338505fe1963850772de,af06e583ef42d1f262014f347d18bed7,stable_unchanged,exact,exact,1.0,1.0
3e3b88a55b25338505fe1963850772de,c34fb5d3828e898bc3e6e6a7d44e0816,stable_unchanged,exact,exact,1.0,1.0
3e3b88a55b25338505fe1963850772de,d09629f22c29c214af83d03742b1be92,stable_unchanged,exact,exact,1.0,1.0
3e3b88a55b25338505fe1963850772de,d817fc759fd925b25f833a493f9b6882,stable_unchanged,exact,exact,1.0,1.0
3e3b88a55b25338505fe1963850772de,daf05783ae532c2db4315a89036c3bc8,stable_unchanged,exact,exact,1.0,1.0
3e3b88a55b25338505fe1963850772de,dcf710abe2b117d6c20589f91b339e3e,stable_unchanged,exact,exact,1.0,1.0
3e3b88a55b25338505fe1963850772de,e47ab97fdb038d5e2e5e36d2a498d9a5,stable_unchanged,exact,exact,1.0,1.0
3e45f441df4651d1e601271cd206b8e0,b02786098dafb7fec3d0dac893c46d5d,stable_unchanged,exact,exact,1.0,1.0
3e45f441df4651d1e601271cd206b8e0,d80ddbbe97ca3787418077a46cfc6425,stable_unchanged,exact,exact,1.0,1.0
3e96b9691d7c8ec911e7bc1925cc555f,b8e2720e5156287b58ff6439e6bbd92c,stable_unchanged,exact,exact,1.0,1.0
3eae94234209fd636708311a95c3031a,44f4ab673e14b02c1f8fbaaffd7d8ba0,stable_with_minor_changes,exact,unknown,1.0,
3eae94234209fd636708311a95c3031a,ebc1d4c6756b38eadc264ab20f698bd5,stable_unchanged,exact,exact,1.0,1.0
3f794e9c03819143a1a796b23e3713d2,9d2db67c9e99927bff188343ab13a4b8,stable_unchanged,exact,exact,1.0,1.0
3f794e9c03819143a1a796b23e3713d2,b3b047e45e4c5caba26b91440bbed4b1,stable_unchanged,exact,exact,1.0,1.0
3f794e9c03819143a1a796b23e3713d2,c83a2f6130b8c009b045bfda5c99f5f5,stable_unchanged,exact,exact,1.0,1.0
3f9802735e5ef9c1df88a97b4d7562b3,3f9802735e5ef9c1df88a97b4d7562b3,stable_unchanged,exact,exact,1.0,1.0
3fe0b6277d6bf08268e5c34291547295,42504eb20df67b32ca65f96cfee28b09,stable_unchanged,exact,exact,1.0,1.0
3fe0b6277d6bf08268e5c34291547295,5121e32c952168ac2372e716f82043bf,stable_with_minor_changes,exact,unknown,1.0,
3fe0b6277d6bf08268e5c34291547295,8a71c01a1b024f4531cbca798099adc5,stable_unchanged,exact,exact,1.0,1.0
3fe0b6277d6bf08268e5c34291547295,af06e583ef42d1f262014f347d18bed7,stable_unchanged,exact,exact,1.0,1.0
3fe0b6277d6bf08268e5c34291547295,b2b03fbaa0687fc5ed49cd8d76412f71,stable_unchanged,exact,exact,1.0,1.0
3fe0b6277d6bf08268e5c34291547295,c34fb5d3828e898bc3e6e6a7d44e0816,stable_unchanged,exact,exact,1.0,1.0
3fe0b6277d6bf08268e5c34291547295,d09629f22c29c214af83d03742b1be92,stable_unchanged,exact,exact,1.0,1.0
3fe0b6277d6bf08268e5c34291547295,d817fc759fd925b25f833a493f9b6882,stable_unchanged,exact,exact,1.0,1.0
3fe0b6277d6bf08268e5c34291547295,daf05783ae532c2db4315a89036c3bc8,stable_unchanged,exact,exact,1.0,1.0
3fe0b6277d6bf08268e5c34291547295,dcf710abe2b117d6c20589f91b339e3e,stable_unchanged,exact,exact,1.0,1.0
3fe0b6277d6bf08268e5c34291547295,e2dd215686f32195b0bcf7f6ff791fec,stable_unchanged,exact,exact,1.0,1.0
3fe0b6277d6bf08268e5c34291547295,e47ab97fdb038d5e2e5e36d2a498d9a5,stable_unchanged,exact,exact,1.0,1.0
3feb4003e5d5f081c41a2ff6e446cc3b,6b2a8c20e80c3026fde42ac14b745cc4,stable_unchanged,exact,exact,1.0,1.0
404ddd221097a12d8ee22bd5411198bf,b670987e92351d49537f63d2a470526b,stable_unchanged,exact,exact,1.0,1.0
4071cb60564fbd785b8d50328c44c3ec,5e3cf6c45659dff4beb6e48b0e590ced,stable_unchanged,exact,exact,1.0,1.0
408ebca62d0055fb8c5d5de289e55da4,63bb3475da23456fc0f7520134842b21,stable_unchanged,exact,exact,1.0,1.0
408ebca62d0055fb8c5d5de289e55da4,b7709cfc60525bbbf9c2aa4e8851e55d,stable_with_minor_changes,exact,unknown,1.0,
408ebca62d0055fb8c5d5de289e55da4,beb583b2be0d52675b18ba2c82759ba9,stable_unchanged,exact,exact,1.0,1.0
408ebca62d0055fb8c5d5de289e55da4,d7dd352725bff70197c623ca2c6f0e29,stable_unchanged,exact,exact,1.0,1.0
408ebca62d0055fb8c5d5de289e55da4,ec0d63c98bd48240654acb52172090ac,stable_with_minor_changes,exact,unknown,1.0,
410a2137e11dad416c1ae511bc67d0d9,e4767825aa9f9f87ed2da17aadad4229,stable_unchanged,exact,exact,1.0,1.0
410a2137e11dad416c1ae511bc67d0d9,ee14c6e6b18fc495ffc82fbe45d6f6ce,stable_unchanged,exact,exact,1.0,1.0
410a2137e11dad416c1ae511bc67d0d9,f910502a277e14a8e94d27407dbb7122,stable_unchanged,exact,exact,1.0,1.0
412d095219691fbae313688119a608e6,9bb03667d6cdd39cc8d001c342cdcd8d,stable_unchanged,exact,exact,1.0,1.0
41347aed5862cca77dafb8f08ba5a9f1,56708c667e868f3bdff73e225d7b448f,stable_unchanged,exact,exact,1.0,1.0
41347aed5862cca77dafb8f08ba5a9f1,e65cb32d92d25837eb2aea54808fe324,stable_unchanged,exact,exact,1.0,1.0
414093578aae9cbf42b74ae00bbd809c,d375472d80b6dc77c7d36a1406ecc939,stable_unchanged,exact,exact,1.0,1.0
416664e48aa68d643e531c59108b5b84,e4edc704090adde7c28df7c69428615a,stable_unchanged,exact,exact,1.0,1.0
4195d56016da836ea5de57c6e1872a10,75dfec0d2f994252ad9f965488b4dff1,stable_unchanged,exact,exact,1.0,1.0
4195d56016da836ea5de57c6e1872a10,bc823fd15a22cc07ed7b42f895961e2a,stable_unchanged,exact,exact,1.0,1.0
419e08f7d76283debe7447c33abaa354,7c6e7d2390816364ef8f803f2d1dc06f,stable_with_minor_changes,unknown,exact,,1.0
41b7a905d561a38eaa3182ab59551b98,51a262aa39d7f955cd44e6b665944cd3,stable_unchanged,exact,exact,1.0,1.0
41b7a905d561a38eaa3182ab59551b98,ec8a4f80926a88cda17867373f1f9fa1,stable_unchanged,exact,exact,1.0,1.0
420b5d0a071165b04413e47ca846a7ec,60bbec18797997fde95bf6e494852bec,stable_unchanged,exact,exact,1.0,1.0
420b5d0a071165b04413e47ca846a7ec,9d1fccfe945ca758eb4426b54e593efc,stable_unchanged,exact,exact,1.0,1.0
420b5d0a071165b04413e47ca846a7ec,fd078408f52799e523d399e7696522f4,stable_unchanged,exact,exact,1.0,1.0
42192c65cb571fcf555e9c6e6dd2de5a,8ecfca2145c67a332d81292615346631,stable_unchanged,exact,exact,1.0,1.0
422b852842fa764ad3bcc3243e881b9a,a97aeb65526e73a1eecaaa1036a748a2,stable_with_minor_changes,unknown,exact,,1.0
422b852842fa764ad3bcc3243e881b9a,fc37cd5d95dd29ec53965ad0a7a5c0eb,stable_with_minor_changes,unknown,exact,,1.0
42504eb20df67b32ca65f96cfee28b09,5121e32c952168ac2372e716f82043bf,stable_with_minor_changes,exact,unknown,1.0,
42504eb20df67b32ca65f96cfee28b09,8a71c01a1b024f4531cbca798099adc5,stable_unchanged,exact,exact,1.0,1.0
42504eb20df67b32ca65f96cfee28b09,af06e583ef42d1f262014f347d18bed7,stable_unchanged,exact,exact,1.0,1.0
42504eb20df67b32ca65f96cfee28b09,b2b03fbaa0687fc5ed49cd8d76412f71,stable_unchanged,exact,exact,1.0,1.0
42504eb20df67b32ca65f96cfee28b09,c34fb5d3828e898bc3e6e6a7d44e0816,stable_unchanged,exact,exact,1.0,1.0
42504eb20df67b32ca65f96cfee28b09,d09629f22c29c214af83d03742b1be92,stable_unchanged,exact,exact,1.0,1.0
42504eb20df67b32ca65f96cfee28b09,d817fc759fd925b25f833a493f9b6882,stable_unchanged,exact,exact,1.0,1.0
42504eb20df67b32ca65f96cfee28b09,daf05783ae532c2db4315a89036c3bc8,stable_unchanged,exact,exact,1.0,1.0
42504eb20df67b32ca65f96cfee28b09,dcf710abe2b117d6c20589f91b339e3e,stable_unchanged,exact,exact,1.0,1.0
42504eb20df67b32ca65f96cfee28b09,e2dd215686f32195b0bcf7f6ff791fec,stable_unchanged,exact,exact,1.0,1.0
42504eb20df67b32ca65f96cfee28b09,e47ab97fdb038d5e2e5e36d2a498d9a5,stable_unchanged,exact,exact,1.0,1.0
4257e0ebfb979be6893d294892ba292d,db8a834cc73f63385c2fc96116a5a049,stable_unchanged,exact,exact,1.0,1.0
4278edd51e252a16b8a9d9b1a4d259a5,ef3fa33ec59d2a0bc7351ed1ad53f401,stable_unchanged,exact,exact,1.0,1.0
427e07c63eda6376e48730d35b67766b,ba7b438aa50a7840194d6e12064f8526,stable_unchanged,exact,exact,1.0,1.0
4280f369a600f486b914c34a479c93e3,447014162c1bd85fbd2ec557d3d911d4,stable_unchanged,exact,exact,1.0,1.0
428b3eaa78231b7518ce172dcf757995,ce7fc45365016ad4ed4541fcb65603d9,stable_with_minor_changes,exact,unknown,1.0,
429418c7e2ead92ea5dade18c36ca798,c7cd54a0d3902c89ea369f8bfa398e15,stable_unchanged,exact,exact,1.0,1.0
429418c7e2ead92ea5dade18c36ca798,f945de5626cd569b19e66e2d8dd69fd0,stable_unchanged,exact,exact,1.0,1.0
42a8c48a45e0f5fe2b72c72d15f3c1cc,496053ab9062bd10fe6eb2d87f1d68bf,stable_unchanged,exact,exact,1.0,1.0
42a8c48a45e0f5fe2b72c72d15f3c1cc,c13498a8e446752ded7b5743d35e1f56,stable_unchanged,exact,exact,1.0,1.0
42a8c48a45e0f5fe2b72c72d15f3c1cc,f03b19e9d18be858a37e304b11cd79de,stable_unchanged,exact,exact,1.0,1.0
42a8c48a45e0f5fe2b72c72d15f3c1cc,f35bd626410bf49fdb7818feb6e47100,stable_unchanged,exact,exact,1.0,1.0
42d09b06d5cb47c30c2aa9f39f2561ea,48bc7c38df01e412b0af21fe553fb161,stable_unchanged,exact,exact,1.0,1.0
42da41c340c3cfc88bc448a16c345e64,a7b0d26267ae007bbe33275e8a41a60b,stable_unchanged,exact,exact,1.0,1.0
42e0cbd2f65bfca40437b122dde0d079,bfd9ccbc995b2735f1e455e624726df3,stable_unchanged,exact,exact,1.0,1.0
42f4a40a22a4786fb1ac6535775ea937,e56589d10a4c7a8746a2c526733c291a,stable_unchanged,exact,exact,1.0,1.0
42f9035396fc178f0b8286ab60f5ff86,4d8092b4af5b77732f58ff9f5a7806ce,stable_unchanged,exact,exact,1.0,1.0
42fd11e0ec120fd8320da7e536caeac9,d8075bd634d0b78bafab65281059546a,stable_unchanged,exact,exact,1.0,1.0
4312e3e3f4a405842f8c633c37e9e2fe,729ca2f0f45194df2a7dd55569a63c37,stable_unchanged,exact,exact,1.0,1.0
4312e3e3f4a405842f8c633c37e9e2fe,79bf6d0942d3cac584651a37eaa630b0,stable_unchanged,exact,exact,1.0,1.0
4312e3e3f4a405842f8c633c37e9e2fe,95c63a1a67fbe397237d4e30c8f61ce2,stable_unchanged,exact,exact,1.0,1.0
436303b036c570a0d93e6dbbfddd30c7,f7474dbef87078165ed98ff61a7b9844,stable_unchanged,exact,exact,1.0,1.0
4363c6a8ad0c13e8c1b07a14ed2a58a6,6dc7fdd826d8ca9be0d6647a0c4cd1ab,stable_unchanged,exact,exact,1.0,1.0
4363c6a8ad0c13e8c1b07a14ed2a58a6,ad7e19894522a27810333fa7eae3275f,stable_unchanged,exact,exact,1.0,1.0
4363c6a8ad0c13e8c1b07a14ed2a58a6,dafafe134bfbe2f610706f86e1037d7d,stable_unchanged,exact,exact,1.0,1.0
43737ef3530581d3d2d2e1d6e9565ed9,9601547f520df09b0c720fd312f06bb9,stable_unchanged,exact,exact,1.0,1.0
438e9c4624fdeed662735a15d364e2e9,d40538b7f1bf6ed9f897b61877863b79,stable_unchanged,exact,exact,1.0,1.0
43a9364b77e9154d45b6fc6759a3982a,88aa38059243bc260d5dfd6c37e37a3a,stable_with_minor_changes,exact,unknown,1.0,
4484840478a7acc08a9ab46ebae45465,c4d116a7667ee858d13c71e8fce1b87c,stable_unchanged,exact,exact,1.0,1.0
44a06e0cab0d894a0b7a03aa2c130f8e,c297db1f4dd12d98795d2ee26a31c87c,stable_unchanged,exact,exact,1.0,1.0
44c6485ebe7a91c63fc7d7d3996527a6,5fcfa78c270b0406bb7abb81ae950260,stable_unchanged,exact,exact,1.0,1.0
44d4eb20b42c9030ea9a3552d9e28e9c,6e6ed335f3d94a947d2aefee87e40e08,stable_unchanged,exact,exact,1.0,1.0
44d4eb20b42c9030ea9a3552d9e28e9c,cc30138b62188b46068a9ba1349cd7fb,stable_unchanged,exact,exact,1.0,1.0
44d4eb20b42c9030ea9a3552d9e28e9c,dfc1d80d9119f2c8359b99eeb3da60f2,stable_unchanged,exact,exact,1.0,1.0
44eec884a19a7d1a6c9b9b44fc79301c,f873615496004c253dda686305edfc1c,stable_unchanged,exact,exact,1.0,1.0
44f41a757aef74877e03fd22f1fe932c,fd4797e3bfb46bda28fd767b94029038,stable_unchanged,exact,exact,1.0,1.0
44f4ab673e14b02c1f8fbaaffd7d8ba0,ebc1d4c6756b38eadc264ab20f698bd5,stable_with_minor_changes,unknown,exact,,1.0
44f67d906a65672c292e6b772b0e03d7,78a8a0495388a1f149a6ec381355c2b1,stable_with_minor_changes,unknown,unknown,,
44f67d906a65672c292e6b772b0e03d7,acee7c30b4c1330b786b237cfd2412f5,stable_with_minor_changes,unknown,unknown,,
4516418e96d3286065b6b3024983bd6a,688721d2e9526e2c516185c36c4ae8dd,stable_unchanged,exact,exact,1.0,1.0
455a5824b2ea45028a0a0c4720178a50,ab859376bb3b92d82a7df5307aa7aee0,stable_with_minor_changes,exact,unknown,1.0,
455a5824b2ea45028a0a0c4720178a50,afd7bc9ae8f1fe7fcd3485658aafbf9d,stable_with_minor_changes,exact,unknown,1.0,
455a5824b2ea45028a0a0c4720178a50,d93b227c7305762909308f3820fb48e8,stable_with_minor_changes,exact,unknown,1.0,
4582f90ba0d8131a12bc917ef2074369,915a86f4c7911d652bc6edce020dfe0a,stable_unchanged,exact,exact,1.0,1.0
45d2d5ef7f45f106176566fedd65149c,76f65121110781836559bed473c545d8,stable_unchanged,exact,exact,1.0,1.0
45df3e07c1d1033640c8526cbab04ea7,c1d8d12f3ae89927f3b16d143d1cb3e5,stable_unchanged,exact,exact,1.0,1.0
45fc34cbccbecf2837d9f804ec7895d8,47e9bbf07883be6932d602f9cc63a226,stable_with_minor_changes,exact,unknown,1.0,
45fc34cbccbecf2837d9f804ec7895d8,8912e554cd71c23e84b777fbe99c14d7,stable_unchanged,exact,exact,1.0,1.0
45fc34cbccbecf2837d9f804ec7895d8,ede3ea7b2bdd9f424ebf88dc8ae29f20,stable_unchanged,exact,exact,1.0,1.0
46004520a1a032dde36bd52b9724f5bd,600b08b1a73a304276884114a1e3b35a,stable_unchanged,exact,exact,1.0,1.0
469590749ad1ec773d274062765b60ac,9e803f1a0e311e64bcb71f1ba28dc25c,stable_unchanged,exact,exact,1.0,1.0
469590749ad1ec773d274062765b60ac,f25c705672be34ca864e386ea6808c6c,stable_unchanged,exact,exact,1.0,1.0
46b576bb99487bfd5f031b4ba9670cf0,e98726bce5b6e1d4d5bebee751a5b430,stable_unchanged,exact,exact,1.0,1.0
46feb378e44ca1cac5ee8ff87e319d93,98312244a26e14effaf84d7941f62403,stable_unchanged,exact,exact,1.0,1.0
46feb378e44ca1cac5ee8ff87e319d93,bdcb44ccc09a67da4e71695d738b1474,stable_unchanged,exact,exact,1.0,1.0
46feb378e44ca1cac5ee8ff87e319d93,ef6c2e1883a717bb4e834dee82ef6cd3,stable_unchanged,exact,exact,1.0,1.0
4774ce688f987d9b28f45d44a0fe8a5a,99163092f47b2c03c9719681b31bb5ac,stable_unchanged,exact,exact,1.0,1.0
4774ce688f987d9b28f45d44a0fe8a5a,a9acf9924453886d217a156086499d49,stable_unchanged,exact,exact,1.0,1.0
477a26d2f43377135754ec66a1a5339a,8a2f77c7ff8317d52cbfa0765bec1ed2,stable_with_minor_changes,unknown,unknown,,
478239a24adebce0825573a67c67e8b6,f666808ae558503ab32e3e1f72c46a13,stable_unchanged,exact,exact,1.0,1.0
47c2049b12019a8cc90d788be678f3f3,5733b5bcf5154027c8c01be74f6deecb,stable_unchanged,token_hash,token_hash,1.0,1.0
47c2049b12019a8cc90d788be678f3f3,84738d39cda4d33c137ee1fa6a57e6ac,stable_unchanged,token_hash,token_hash,1.0,1.0
47c2049b12019a8cc90d788be678f3f3,da7b0101abc10a108bad2ed142b660d4,stable_unchanged,token_hash,token_hash,1.0,1.0
47e9bbf07883be6932d602f9cc63a226,8912e554cd71c23e84b777fbe99c14d7,stable_with_minor_changes,unknown,exact,,1.0
47e9bbf07883be6932d602f9cc63a226,ae73946d11cef36c24cab516701cb9d4,stable_with_minor_changes,unknown,exact,,1.0
47e9bbf07883be6932d602f9cc63a226,b9d3c653c0e13629327ece0f619b6cb4,stable_with_minor_changes,unknown,exact,,1.0
47e9bbf07883be6932d602f9cc63a226,ede3ea7b2bdd9f424ebf88dc8ae29f20,stable_with_minor_changes,unknown,exact,,1.0
4821547be32c4e1af71e2b8103fefbf8,7a72578d23c907fc80805a7409a63eb8,stable_with_minor_changes,exact,unknown,1.0,
4839e96e5323e3e5deb5c695a05ae2f4,4d023561f270a99fc2fa6fa339a01edd,stable_unchanged,exact,exact,1.0,1.0
4839e96e5323e3e5deb5c695a05ae2f4,5c6f8bf2cf28516e222f8d3606dab3b5,stable_unchanged,exact,exact,1.0,1.0
4839e96e5323e3e5deb5c695a05ae2f4,60d80a8d0da0aa9cba14ce7f2c6d39bc,stable_unchanged,exact,exact,1.0,1.0
483fdbdda33e5b4c5d6044652b668b99,550372997fd43870fab046b514dac82b,stable_unchanged,exact,exact,1.0,1.0
4855c396862df28e43d42bea93188ce7,6b6f94b9f3c23eec424fbee43632aae4,stable_unchanged,exact,exact,1.0,1.0
4855c396862df28e43d42bea93188ce7,8e6b3ce5cd763b1699475ac43567da99,stable_unchanged,exact,exact,1.0,1.0
4871ce25ecd656bff6da51ba38072ffe,4f7711d1d324e78ab9d627feb93f7a26,stable_unchanged,exact,exact,1.0,1.0
488015645aaf78fc29a620dd9fd5e9fa,518a600ed8fcdd772a6509bba7da988f,stable_unchanged,exact,exact,1.0,1.0
488ed69d069eea00274dcfec3d2a4641,a8be63249075a2cee2e4604c7e310061,stable_unchanged,exact,exact,1.0,1.0
4897fc08c939b8588c9c42635e4f6df6,aca0c67221d5ddd0114bfccfcae14e48,stable_unchanged,exact,exact,1.0,1.0
4897fc08c939b8588c9c42635e4f6df6,ded7cad8f4b23e1567ad7c497edf4839,stable_unchanged,exact,exact,1.0,1.0
4897fc08c939b8588c9c42635e4f6df6,f432c256a87a8541aa14ef94e6def926,stable_unchanged,exact,exact,1.0,1.0
489dc6f0d6d3fc115ef9c5638b09e9c7,d8833902225cb43709e51c5dc2dbf396,stable_unchanged,exact,exact,1.0,1.0
48a367e2319362127fa9a7bbfcc8aae7,49f86d43a17a57fd392c3a1682a8669d,stable_unchanged,exact,exact,1.0,1.0
4907675dfec6f893fdea6bb31f97a16b,eb735339d1834d17b20a0e936bed543d,stable_unchanged,exact,exact,1.0,1.0
493bf880abed3c7c70c42ae31f2459eb,4a062bfc900e63ff81c60af3d7050bb0,stable_unchanged,exact,exact,1.0,1.0
493bf880abed3c7c70c42ae31f2459eb,584ba1b4cd334c33b5ccd8cfd9eb7f5e,stable_unchanged,exact,exact,1.0,1.0
493bf880abed3c7c70c42ae31f2459eb,d64a5ea657a8b83310691b976f903b7b,stable_unchanged,exact,exact,1.0,1.0
494698b6e0f84c3323b0f3c873b35bb2,dd137572922ae977ccb1b23a0dd1f251,stable_unchanged,exact,exact,1.0,1.0
496053ab9062bd10fe6eb2d87f1d68bf,c13498a8e446752ded7b5743d35e1f56,stable_unchanged,exact,exact,1.0,1.0
496053ab9062bd10fe6eb2d87f1d68bf,f03b19e9d18be858a37e304b11cd79de,stable_unchanged,exact,exact,1.0,1.0
496053ab9062bd10fe6eb2d87f1d68bf,f35bd626410bf49fdb7818feb6e47100,stable_unchanged,exact,exact,1.0,1.0
49ae6a1f02c3e64e915e0ad02a21849f,f3e17b8b6328ca1dc206d866fab47721,stable_unchanged,exact,exact,1.0,1.0
49cc739ab029fb74ae1aff6fb85d44dd,ffb2376a155fd60bc9da1bcad0bfbdc6,stable_unchanged,exact,exact,1.0,1.0
4a16d4bf8128f63dc7519c5ecf007e29,d76dbcf8a25876ddb1c79730f975a916,stable_with_minor_changes,exact,unknown,1.0,
4a516eb3373633746e77eb1039270bf8,5052a92f3777ee877ecc4f6c07877e0e,stable_unchanged,exact,exact,1.0,1.0
4a516eb3373633746e77eb1039270bf8,87cba7e6df2a8b95c8dc8d985d873a98,stable_with_minor_changes,exact,unknown,1.0,
4a516eb3373633746e77eb1039270bf8,9709b7c80321214cc800152f62e691c4,stable_unchanged,exact,exact,1.0,1.0
4a96f7a35a579224a2e2c005da49061a,553b42428de74ddb5917c3b61c5511e0,stable_unchanged,exact,exact,1.0,1.0
4aa536148844673e51bef639b6b8e3be,d08966bcc4b587491e13359f8b2144da,stable_unchanged,exact,exact,1.0,1.0
4abac3cb169242c1dbe2f0d4d48cc0b7,db1d3556b14728b7057126d10fe66c9b,stable_unchanged,exact,exact,1.0,1.0
4ad0a38740dfe9cb9748d53ffa113932,d9980eaad42b39bdf48adfd44a3e79da,stable_unchanged,exact,exact,1.0,1.0
4af9c66e0135cf1227b554d54916da1c,6032390a550c23b3c0c2893ea92f90c5,stable_unchanged,exact,exact,1.0,1.0
4af9c66e0135cf1227b554d54916da1c,6482e8470d88cd6a98bd28fc8002540e,stable_unchanged,exact,exact,1.0,1.0
4af9c66e0135cf1227b554d54916da1c,a535ad7899bcd8cdb7f90ac2f28dd965,stable_unchanged,exact,exact,1.0,1.0
4af9c66e0135cf1227b554d54916da1c,d09a709c64ffbb1aff2897eacbafcd64,stable_unchanged,exact,exact,1.0,1.0
4af9c66e0135cf1227b554d54916da1c,e9497c45f0680139c6e2b4bf3c466f33,stable_unchanged,exact,exact,1.0,1.0
4afb149b0afe782a892dec239abb07cf,9b01e22ad7107293787012afe5b9cfcb,stable_unchanged,exact,exact,1.0,1.0
4b8ffb2c23ee7a5dea507770ce5ff8d6,7c658c2dda8366fb016f9118c2b613a3,stable_unchanged,exact,exact,1.0,1.0
4bac1e05325d05e8f9fcf6898bcd2a6f,ab28fa3a4866837983ab5c12ca3dcf51,stable_with_minor_changes,unknown,exact,,1.0
4bac1e05325d05e8f9fcf6898bcd2a6f,bd211994114cbceb842ba1b954760ea4,stable_with_minor_changes,unknown,exact,,1.0
4bac1e05325d05e8f9fcf6898bcd2a6f,f8c6b93c69f022df57bc9b9d7ad633eb,stable_with_minor_changes,unknown,exact,,1.0
4bbf887b454639226b2e50d488336f8d,64af433846a9a5001c67dc8b3c481bca,stable_unchanged,exact,exact,1.0,1.0
4bbf887b454639226b2e50d488336f8d,697da103bc91ed67ba7b3ad50f756016,stable_unchanged,exact,exact,1.0,1.0
4bf91f48e086449e9cc106499d4f6773,bd7ab541571f9185d09350ad87f91990,stable_unchanged,exact,exact,1.0,1.0
4c12510efecc9deba29cf8204e1c35a2,6309a380fc245ef01a192453190c77ba,stable_unchanged,exact,exact,1.0,1.0
4c12510efecc9deba29cf8204e1c35a2,c2c01f24e44a067bbeaeae368a93a674,stable_with_minor_changes,exact,unknown,1.0,
4c3ef9d2f9c65acaaa2c4d0f53aee2cd,4e6612fce9f94b3bf7f3e323d8b8bf8e,stable_with_minor_changes,exact,unknown,1.0,
4c54e96f209a652c8a4afc8f53065f93,8617062d79f237bd6463e12cf3a50e18,stable_unchanged,exact,exact,1.0,1.0
4c54e96f209a652c8a4afc8f53065f93,8f73a3675409f604be616ab899017e53,stable_unchanged,exact,exact,1.0,1.0
4c54e96f209a652c8a4afc8f53065f93,9d2dae7ac5ee5ea1ea4eabca7c1a37a3,stable_unchanged,exact,exact,1.0,1.0
4c66120714d45ce9ead95ca9e35ecfd0,96ca0fec27917f2f79eb29892c87031b,stable_unchanged,exact,exact,1.0,1.0
4c69c559f430f6637ef667544bdbe716,769f6823fc137070cc8a4a841acdf49c,stable_with_minor_changes,exact,unknown,1.0,
4c69c559f430f6637ef667544bdbe716,8d40050adac4eb83b935989f73ab0b38,stable_unchanged,exact,exact,1.0,1.0
4c6db9ba20a1c1655d4eb7e96afdf1f3,7423d7c61eeb52af3382a6511d18a8eb,stable_unchanged,exact,exact,1.0,1.0
4c6db9ba20a1c1655d4eb7e96afdf1f3,7cb29ac1652a1e36a37eddd52da00225,stable_unchanged,exact,exact,1.0,1.0
4c73eb7cc1002b36c1f0bfd2056d1ad9,d10fd9c7d301d78f4627375fdd2d3f0d,stable_unchanged,exact,exact,1.0,1.0
4c96c8c12b524739c91d5912f534659a,c1585c2a530dd1d495b70491b021aa99,stable_unchanged,exact,exact,1.0,1.0
4d023561f270a99fc2fa6fa339a01edd,5c6f8bf2cf28516e222f8d3606dab3b5,stable_unchanged,exact,exact,1.0,1.0
4d023561f270a99fc2fa6fa339a01edd,60d80a8d0da0aa9cba14ce7f2c6d39bc,stable_unchanged,exact,exact,1.0,1.0
4d023561f270a99fc2fa6fa339a01edd,640d4c841046e50953791a7eae68c743,stable_unchanged,exact,exact,1.0,1.0
4d132242925e01dde73937d3f61f4a4c,cb50f036b99c39cac7b192a129a14f09,stable_with_minor_changes,exact,unknown,1.0,
4d2220c6d866d3c2fd070eb16f999d3f,fe7bc78d08fdd35d4406d0c62af130d8,stable_unchanged,exact,exact,1.0,1.0
4d39d759867cacd4c4fb10b4d7c401c1,98f7c874a2541195aa7d053a9a450716,stable_with_minor_changes,unknown,unknown,,
4d39d759867cacd4c4fb10b4d7c401c1,cd8ff1011b7264c7dcb2c71cb44f3aa3,stable_with_minor_changes,unknown,unknown,,
4d39d759867cacd4c4fb10b4d7c401c1,ce1648667936aa07c3972d2d39c8cb60,stable_with_minor_changes,unknown,unknown,,
4da0fd00fb4e1dd1b717c96fd7cbd812,932e32316887da9eaaa163e060e9da12,stable_with_minor_changes,unknown,exact,,1.0
4da0fd00fb4e1dd1b717c96fd7cbd812,c20c2e1fa2aed5496916c6f7b707f73f,stable_with_minor_changes,unknown,unknown,,
4e96d2dac25a84b82254d94e2796d010,f99b372ed68da9eeaff02930bc06517c,stable_unchanged,exact,exact,1.0,1.0
4ede0dfa9567734e6aee9d11f2c05e11,94d6aa35ca505a35d438d7f0e951d98a,stable_unchanged,exact,exact,1.0,1.0
4f09f5fd2b7d8bc341f2172e1a4512c5,91aea81c241ffba6f08089a964280bdb,stable_unchanged,exact,exact,1.0,1.0
4f462914df0ff048bfd24e05bbf08ebb,8617062d79f237bd6463e12cf3a50e18,stable_unchanged,exact,exact,1.0,1.0
4f462914df0ff048bfd24e05bbf08ebb,8f73a3675409f604be616ab899017e53,stable_unchanged,exact,exact,1.0,1.0
4f462914df0ff048bfd24e05bbf08ebb,9d2dae7ac5ee5ea1ea4eabca7c1a37a3,stable_unchanged,exact,exact,1.0,1.0
4f462914df0ff048bfd24e05bbf08ebb,9fc93d561e5fc5f6dfb7461e9593f8da,stable_unchanged,exact,exact,1.0,1.0
4f462914df0ff048bfd24e05bbf08ebb,f4e12b479de966de565e8d5602b1a6d0,stable_unchanged,exact,exact,1.0,1.0
4fd0d03f78a0527b72c1a04070ccb8ad,d645dd000262474635dca6112b7755a1,stable_with_minor_changes,unknown,exact,,1.0
4fd6f05dacf0c8d4e3a9e8c553232b0a,e2e7d0407b89b8c1f35df2cc9c3471f4,stable_unchanged,exact,exact,1.0,1.0
5052a92f3777ee877ecc4f6c07877e0e,87cba7e6df2a8b95c8dc8d985d873a98,stable_with_minor_changes,exact,unknown,1.0,
5052a92f3777ee877ecc4f6c07877e0e,9709b7c80321214cc800152f62e691c4,stable_unchanged,exact,exact,1.0,1.0
508b9c72f97888875d328489fc4814db,60fe3d8126d54c263e3e4fcdb996cf15,stable_unchanged,exact,exact,1.0,1.0
509fa90ce4b6ea118ffb4e6859c7d176,f612284aecca5c71270b624b3efdd480,stable_with_minor_changes,unknown,exact,,1.0
50d5fb534acbac251e6925ba41e69a61,530fde5abd93e504f0a578841b67c371,stable_unchanged,exact,exact,1.0,1.0
50eea1824437adeaeb7571f82ea7f8e3,916d40c1666ea63f8f04e841960e9896,stable_unchanged,exact,exact,1.0,1.0
511506f461c40be1f5f257b2f142c3df,f66f842e85d67ced89bc5aee05ecd2bb,stable_unchanged,exact,exact,1.0,1.0
5121e32c952168ac2372e716f82043bf,c34fb5d3828e898bc3e6e6a7d44e0816,stable_with_minor_changes,unknown,exact,,1.0
5121e32c952168ac2372e716f82043bf,d09629f22c29c214af83d03742b1be92,stable_with_minor_changes,unknown,exact,,1.0
5121e32c952168ac2372e716f82043bf,d817fc759fd925b25f833a493f9b6882,stable_with_minor_changes,unknown,exact,,1.0
5121e32c952168ac2372e716f82043bf,daf05783ae532c2db4315a89036c3bc8,stable_with_minor_changes,unknown,exact,,1.0
5121e32c952168ac2372e716f82043bf,e47ab97fdb038d5e2e5e36d2a498d9a5,stable_with_minor_changes,unknown,exact,,1.0
5143e9b6417e5ecf5f6eace257bb7dd1,6629956afce5942e20dc414117db3ad8,stable_unchanged,exact,exact,1.0,1.0
5143e9b6417e5ecf5f6eace257bb7dd1,b481c8d252cdf1b90c53b152806c79db,stable_unchanged,exact,exact,1.0,1.0
5157e4a6c9f9f4173907327dd7509af3,cfea7ab751cca6d2f9b498450ce990ca,stable_unchanged,exact,exact,1.0,1.0
519952fb528a2fb46d95b259fbc788d8,8aa82311095d6d8b8eb77344e0f0e9b9,stable_unchanged,exact,exact,1.0,1.0
51a262aa39d7f955cd44e6b665944cd3,5fea46aa49fd36f25428450d47697721,stable_unchanged,exact,exact,1.0,1.0
51a262aa39d7f955cd44e6b665944cd3,867ea311d820119b1fdf42385f2738b0,stable_unchanged,exact,exact,1.0,1.0
51dcd98251a871ae19fcf403d0ff1b2b,b5044d57423129ae9cef2c8b794805ff,stable_with_minor_changes,exact,unknown,1.0,
51f2b851fd1da16a99cc6197d9c26657,a62360d875ba90cd7c945508b788c6e5,stable_unchanged,exact,exact,1.0,1.0
5287691246d2f149a37c7d3a20c92866,eb7b6101f7a533e1288be1750453f1f7,stable_unchanged,exact,exact,1.0,1.0
534a9974fe4c2d2bc408c7c09a848978,eec56f42e08d34535fe148c3247c4e48,stable_unchanged,exact,exact,1.0,1.0
537ef07008ec748fc63e9b43c2278d52,a17755645cd1eed08536979c0c72c792,stable_unchanged,exact,exact,1.0,1.0
537ef07008ec748fc63e9b43c2278d52,f40315c29489cccaaf4ebdbe6cf741bc,stable_with_minor_changes,exact,unknown,1.0,
537ef07008ec748fc63e9b43c2278d52,fcd803077fd2090becc30ebc1bc8697e,stable_with_minor_changes,exact,unknown,1.0,
539b13aa3659a231eb60d43f1022ac91,a1fa0c09110001f6cf3a35d0ad5bec42,stable_unchanged,exact,exact,1.0,1.0
53a15d285b3047655529ba14fc61bbdf,a3b673d62993ccd7a70ab81ac04e1825,stable_unchanged,exact,exact,1.0,1.0
53b633a440f7f3121ad651f56557b8a9,7281be3c7df0333371b9d342bba9e0f8,stable_with_minor_changes,unknown,exact,,1.0
53b633a440f7f3121ad651f56557b8a9,ba1868ed08eac2f264d4bbbd31d6c995,stable_with_minor_changes,unknown,unknown,,
53bf0ef1ee574b041cf7ae73fc5b4541,6b14d6e3acdf23fe8d33df271c63e347,stable_unchanged,exact,exact,1.0,1.0
53ebbf4c888fce159205b36dcae7e398,5436e4fd9ed168802b1e3512b7dbefc5,stable_unchanged,exact,exact,1.0,1.0
541a8841493eb4ff0c85bb1207a098dc,896a2530362ab68f80768a9a221118f7,stable_with_minor_changes,unknown,unknown,,
541a8841493eb4ff0c85bb1207a098dc,8a2f77c7ff8317d52cbfa0765bec1ed2,stable_with_minor_changes,unknown,unknown,,
541a8841493eb4ff0c85bb1207a098dc,8f3583538a1f4765400361ee838d3936,stable_with_minor_changes,unknown,unknown,,
5431a20499be67b3e3f655532ecd6f35,770a9d4de47c32679a2c0f6a9fc7e928,stable_unchanged,exact,exact,1.0,1.0
54333de4cc95dc7a8b3289957671b590,ef19acb17e189908d0f47f96c282ab74,stable_with_minor_changes,exact,unknown,1.0,
5445ae8b59510428b3f86f5bfd521841,e43a73e4873dd2aba080b3299fb2c720,stable_with_minor_changes,unknown,exact,,1.0
548aef42165bd934f9fe0eae69124bb5,6c30f5673f50d21bf3de49629c7da58c,stable_unchanged,exact,exact,1.0,1.0
54b636953555e5d79a22fddf2af6c784,6898e0bfa9b8f485c3dff1f1f0c33b66,stable_unchanged,exact,exact,1.0,1.0
54b636953555e5d79a22fddf2af6c784,c7b3fbb055a222ec237e8f03c85ffe3b,stable_unchanged,exact,exact,1.0,1.0
54bc5f6c8b5f4edaa58d4abf37fbd1fd,f5050b0349de2b454d339649e23e7494,stable_unchanged,exact,exact,1.0,1.0
54ee224c10cb3a036a3cc553ecdeb138,e1451491b29ec1993978cca150204e74,stable_unchanged,exact,exact,1.0,1.0
54f6d418be650895bb8c8711ed5c7b56,7f413671602da5141c85847d74ae6d03,stable_unchanged,exact,exact,1.0,1.0
54f6d418be650895bb8c8711ed5c7b56,9a11dbce1a84ec4a3a710b84c416f07b,stable_unchanged,exact,exact,1.0,1.0
551409dd264e8b86d7f01f018b117fe9,e5c941fe2c197f2e07b58c4806047bef,stable_with_minor_changes,unknown,exact,,1.0
554d6b1ef5ea53c060b96bc788efd105,e045b8e7442dd7f8ddc7acdbdd233125,stable_unchanged,exact,exact,1.0,1.0
5552355625eb4d8dc3b899b2e01d0e97,c94629dc5ed80038994c89abb5fc3400,stable_unchanged,exact,exact,1.0,1.0
5569176f5cd99e5e2c591a9f7916c57d,c896769186193636671f2f20ab7ea355,stable_unchanged,exact,exact,1.0,1.0
557f54b2bbdde19ea7caf81cc9e7e373,6c64459ae8c7faf266e4c3570478a1bd,stable_with_minor_changes,unknown,exact,,1.0
557f54b2bbdde19ea7caf81cc9e7e373,c9752daa60f41e608222164d0f06b497,stable_with_minor_changes,unknown,exact,,1.0
557f54b2bbdde19ea7caf81cc9e7e373,e997276c917f9de79f13981b1dce9876,stable_with_minor_changes,unknown,exact,,1.0
557f54b2bbdde19ea7caf81cc9e7e373,fead7a5c7ac57f6d4f79ff242909cfab,stable_with_minor_changes,unknown,exact,,1.0
55ba0ff5b4e41b5f92566c5fd89841ff,8a9768afa71a2fcf82e34d7744f75880,stable_unchanged,exact,exact,1.0,1.0
55ba0ff5b4e41b5f92566c5fd89841ff,e925e7e97cdf14061e006a5931d86448,stable_with_minor_changes,exact,unknown,1.0,
56265aea3f1076e908d71ef94161ba4b,e50dcc46a01d2de1883f83d7b4610c91,stable_unchanged,exact,exact,1.0,1.0
5644624d5694e6841b33ca347db429fd,e8b0bf53de98a85c3aff8ece0eb47098,stable_with_minor_changes,exact,unknown,1.0,
565bcdfe6b94044e3257ef37231dc8d7,80f532d33600e2dccea078e1a4dafaa1,stable_unchanged,exact,exact,1.0,1.0
565c1cd1ceb699bba7931fccdc65c808,82cd1a3a19329200edbc0beac4b2516b,stable_unchanged,exact,exact,1.0,1.0
565c1cd1ceb699bba7931fccdc65c808,865bdbfbedf3ac2763f1589bf74564f4,stable_unchanged,exact,exact,1.0,1.0
565c1cd1ceb699bba7931fccdc65c808,881fe1d6876285e6ee0dfe5bbb26f472,stable_unchanged,exact,exact,1.0,1.0
565c1cd1ceb699bba7931fccdc65c808,8c60150a38d6d5c2adcb7d79f0baeb3d,stable_unchanged,exact,exact,1.0,1.0
565c1cd1ceb699bba7931fccdc65c808,933d8c9eb64131af717a9cdc426e536d,stable_unchanged,exact,exact,1.0,1.0
565c1cd1ceb699bba7931fccdc65c808,9f59df43a23142bc9344707f383dc97c,stable_unchanged,exact,exact,1.0,1.0
565c1cd1ceb699bba7931fccdc65c808,aa75aa233ecae2433d8567b30860f50a,stable_unchanged,exact,exact,1.0,1.0
56708c667e868f3bdff73e225d7b448f,e65cb32d92d25837eb2aea54808fe324,stable_unchanged,exact,exact,1.0,1.0
570ec6e4f7962f5758e962ea2e4fcb3e,5a6d0e971b8fbdd1368e26b99bfab85d,stable_with_minor_changes,unknown,exact,,1.0
570ec6e4f7962f5758e962ea2e4fcb3e,6deaa78e34652412281d59336c7a0e73,stable_with_minor_changes,unknown,unknown,,
5733b5bcf5154027c8c01be74f6deecb,84738d39cda4d33c137ee1fa6a57e6ac,stable_unchanged,token_hash,token_hash,1.0,1.0
5733b5bcf5154027c8c01be74f6deecb,da7b0101abc10a108bad2ed142b660d4,stable_unchanged,token_hash,token_hash,1.0,1.0
5760b32ac839b4df62db86f982e4eab7,fd1b712ec2716098c0f800c9e5bbfa42,stable_unchanged,exact,exact,1.0,1.0
5790f165573328fa858be1f23e32551d,596670c50df2fb2fca79b6262a5717ad,stable_unchanged,exact,exact,1.0,1.0
57ee22f7b33dd6d4b236beb11b46fb0e,78e0f74701c05a4b3b688ece3c70f908,stable_unchanged,exact,exact,1.0,1.0
58063d182f2c0fa3ccbbce5eb3937a99,c9157fbc150c014bc25f184609ca9a91,stable_unchanged,exact,exact,1.0,1.0
5835f227f9232e0f778c5aa48a0b144f,8e7e2b36d01118cfd960fc06aef93840,stable_unchanged,exact,exact,1.0,1.0
5835f227f9232e0f778c5aa48a0b144f,f41991b1c62d04564cc9f42720e84c4b,stable_unchanged,exact,exact,1.0,1.0
584b3d011ec5e695db03e514c3fd6ea3,df16daf289446af1a7459fa62122a33a,stable_unchanged,exact,exact,1.0,1.0
58a788d1982283c73ef35e822874d0d7,6edcfbaa8ff58d975ad472c703001fc8,stable_unchanged,exact,exact,1.0,1.0
58a788d1982283c73ef35e822874d0d7,9f462c7d5fd1c9111bcc4066b4bc88ae,stable_unchanged,exact,exact,1.0,1.0
59084cb2dee1f45d672fe68599af8918,a67004da14e412f39bdf954b028e320b,stable_with_minor_changes,unknown,unknown,,
59084cb2dee1f45d672fe68599af8918,e6ae0e4b9c4c834cf04bedf2365b50d0,stable_with_minor_changes,unknown,unknown,,
590ab6476271961593e4ab33ab90a273,9601547f520df09b0c720fd312f06bb9,stable_unchanged,exact,exact,1.0,1.0
590bf39452ef3923d8df6a58a07f2d19,bf2667ec423b03fa9284a0e8e18b6c29,stable_unchanged,exact,exact,1.0,1.0
59333771f70535082019538556b45182,a64c89b46af6ff1b4193f9ba0fae012b,stable_unchanged,exact,exact,1.0,1.0
59333771f70535082019538556b45182,b7b3bcd2ac46498c1437b07596c6b660,stable_unchanged,exact,exact,1.0,1.0
59333771f70535082019538556b45182,e4ca304b75ddbb83b6b46152f705185d,stable_unchanged,exact,exact,1.0,1.0
59333771f70535082019538556b45182,f029aa7e4a09237f47c1e5b52225f787,stable_unchanged,exact,exact,1.0,1.0
59333771f70535082019538556b45182,f48663ec3e236b01215f7ba29c27f4f9,stable_unchanged,exact,exact,1.0,1.0
594cdfbf1a49205aa5b16d5ac2744f50,83bb016b1b02d7c37d95d13b3b6a0d18,stable_unchanged,exact,exact,1.0,1.0
594cdfbf1a49205aa5b16d5ac2744f50,c6267220a143c1b5b8720e5bc2c153ab,stable_unchanged,exact,exact,1.0,1.0
595490260bb9e353370619ef51ebb66a,f929ad307971e5c36acf461146551b38,stable_unchanged,exact,exact,1.0,1.0
598e1bb9a5770ddaf551bce9e750ce5d,d10a10bd93a61826d4218ed7f29459c8,stable_unchanged,exact,exact,1.0,1.0
599eb06b588873779bb0056402560cc8,9599c58d7f1410a9be3463e7cf605dc9,stable_unchanged,exact,exact,1.0,1.0
5a05bbf43c3f9cb096b8e08fea3d4028,7d79d1cccc0a45d0918963f33fcd70af,stable_unchanged,exact,exact,1.0,1.0
5a27cf4d7c8450e85fd37255dfd8fcff,9b95c5e5ce4b6e84f2b1b0bc7d46bd6e,stable_unchanged,exact,exact,1.0,1.0
5a2f53dc95d5325787c424e44e9a3015,90583781b41c1dc82d98a0dd7beb801f,stable_unchanged,exact,exact,1.0,1.0
5a2f53dc95d5325787c424e44e9a3015,c7cd54a0d3902c89ea369f8bfa398e15,stable_unchanged,exact,exact,1.0,1.0
5a5a7740665c929a4aef4e58ac4ab8cb,f611c811a4b349f1b715d0abf1321195,stable_unchanged,exact,exact,1.0,1.0
5a6d0e971b8fbdd1368e26b99bfab85d,6deaa78e34652412281d59336c7a0e73,stable_with_minor_changes,exact,unknown,1.0,
5a8154f4618cd9906a8d278161ef3278,a302749217fc022a464f97be044d28ad,stable_unchanged,exact,exact,1.0,1.0
5b407187320673c11eb4a4c1fb1017eb,62093f960fbd788595d5073058b768d2,stable_unchanged,exact,exact,1.0,1.0
5b407187320673c11eb4a4c1fb1017eb,779ce58bfea1bb050f05a34a23d3e955,stable_unchanged,exact,exact,1.0,1.0
5b407187320673c11eb4a4c1fb1017eb,7bb9e532a25a642a3a066eeefc19df94,stable_unchanged,exact,exact,1.0,1.0
5b407187320673c11eb4a4c1fb1017eb,abd18900a5e5b1f6b2daad66025a1c19,stable_unchanged,exact,exact,1.0,1.0
5b407187320673c11eb4a4c1fb1017eb,c4606d083a06c5b8c373024621d5fe25,stable_unchanged,exact,exact,1.0,1.0
5b407187320673c11eb4a4c1fb1017eb,d53370c8d4583539454b7e686f4bf24d,stable_unchanged,exact,exact,1.0,1.0
5b407187320673c11eb4a4c1fb1017eb,e335f4587754cb6c0b80e1108d3f108f,stable_unchanged,exact,exact,1.0,1.0
5b407187320673c11eb4a4c1fb1017eb,f994618c4929b77ed21a7897c5abc783,stable_unchanged,exact,exact,1.0,1.0
5b407187320673c11eb4a4c1fb1017eb,fec23d57a2771f24bd3fce951ab87ded,stable_unchanged,exact,exact,1.0,1.0
5b899d24a3d85a0de8b820c6f9073533,867ea311d820119b1fdf42385f2738b0,stable_unchanged,exact,exact,1.0,1.0
5ba2c61379aae3420ccf36d3d215832c,ca2648423a852c1507ce53740bdc03e5,stable_unchanged,exact,exact,1.0,1.0
5baef03c7922bfe4aaa330563533445a,df1f81edfca60bf2f7c3402024a022fa,stable_unchanged,exact,exact,1.0,1.0
5bedd7f7c5ec78665901912696bd302d,8aa82311095d6d8b8eb77344e0f0e9b9,stable_unchanged,exact,exact,1.0,1.0
5c0bb0028e13be949926345372abe4a7,6f059550b92f75d97f4b4d1238705b41,stable_with_minor_changes,unknown,exact,,1.0
5c0bc82c5a7f161f83c949f66d6ef14c,f2799254aaf600488b5034f87617e787,stable_unchanged,exact,exact,1.0,1.0
5c13499287259a86f035e83c0632bc87,7f6b68c16527e104d90d3e62e54266b6,stable_unchanged,exact,exact,1.0,1.0
5c486480370c30c486489a278fc80a38,a82b2f28b37116a8abd4e592f7b563ba,stable_unchanged,exact,exact,1.0,1.0
5c486480370c30c486489a278fc80a38,e0648f0d15ea4e08ec4f5d7db439e115,stable_unchanged,exact,exact,1.0,1.0
5c6f8bf2cf28516e222f8d3606dab3b5,60d80a8d0da0aa9cba14ce7f2c6d39bc,stable_unchanged,exact,exact,1.0,1.0
5c7bc2d084daed29fdc6aeb9ff6878b0,63862fa9c6e84a4b232b2186d602c468,stable_with_minor_changes,exact,unknown,1.0,
5c90f99681fa92cf80c3267646cb261d,ba851e0162196616fdeb099d1090b2c7,stable_unchanged,exact,exact,1.0,1.0
5c957c05a0b9a300f72a1f6e0c91de1e,9b0b9245d11770a572ebb83af4418f74,stable_unchanged,exact,exact,1.0,1.0
5c957c05a0b9a300f72a1f6e0c91de1e,eff45e7ac2cdb3739235031d18f7eedb,stable_unchanged,exact,exact,1.0,1.0
5cac5c44acf61aa91dcdc3512440eda5,9586b6a449bcc0fb3d7979e9a21d27c5,stable_unchanged,exact,exact,1.0,1.0
5cac5c44acf61aa91dcdc3512440eda5,dceb9cca7b96e8761bd5e7e920b4180e,stable_unchanged,exact,exact,1.0,1.0
5cbe544365c09612fc218392bf2de916,ec5f4c8fe7710184cdb4c366e898fbbd,stable_unchanged,exact,exact,1.0,1.0
5cbfbc88c6eec5135879a747a5e8798a,96a8490e342ce6e8e472f75591c12835,stable_unchanged,exact,exact,1.0,1.0
5d30b584b2397d7e8af28c467223e9e5,80ab7cc5fa126cdd628842f7680b0f8d,stable_with_minor_changes,unknown,exact,,1.0
5d50166ac2c9a0635c985248b4919472,750e0e97d7e705c11001691499c53a82,stable_unchanged,exact,exact,1.0,1.0
5d7397b4e1f830c29f70e27a13bbb724,988cdebe2d5355df7087610acb3edd7f,stable_unchanged,exact,exact,1.0,1.0
5e3cf6c45659dff4beb6e48b0e590ced,5ed0fe813413a5b9ca065c73bdf7241f,stable_unchanged,exact,exact,1.0,1.0
5e86943b22d81836129b2a5ee54832c2,66ade8400146bddf258705a80a5e34b2,stable_unchanged,exact,exact,1.0,1.0
5e86943b22d81836129b2a5ee54832c2,a1aabaa02987335c375c30ef3103a02d,stable_unchanged,exact,exact,1.0,1.0
5eb6d19d41ab31681068d40f26f5fe55,dc08016b923b5c37c6090be2fcfa2119,stable_unchanged,exact,exact,1.0,1.0
5ed0fe813413a5b9ca065c73bdf7241f,5ed0fe813413a5b9ca065c73bdf7241f,stable_unchanged,exact,exact,1.0,1.0
5ed0fe813413a5b9ca065c73bdf7241f,fd8c2c0c702dd9cbc4f44e20814680b0,stable_unchanged,exact,exact,1.0,1.0
5efe5cf2c3b72188629845d2968e8a9f,c6b799f7aeeb98864a11af71784cfcd8,stable_unchanged,exact,exact,1.0,1.0
5f0c7b46210003309f0621a3db638be3,b02786098dafb7fec3d0dac893c46d5d,stable_unchanged,exact,exact,1.0,1.0
5f0f2651eb674316031552b516162a2e,fecbf39328154fc77e11fa37c91f536c,stable_unchanged,exact,exact,1.0,1.0
5f7f20ef5f820514ac1cd1fc79f95ed2,a10b013be06622b6c5f2b82129b27932,stable_unchanged,exact,exact,1.0,1.0
5fb3b854b84151703deee03f3e14304a,82cc250371a080c4e4a9e30c9f4d104f,stable_unchanged,exact,exact,1.0,1.0
5fcfa78c270b0406bb7abb81ae950260,ddc0a9ba3c1a74f9e9622ca3b80f1147,stable_with_minor_changes,exact,unknown,1.0,
5fea46aa49fd36f25428450d47697721,867ea311d820119b1fdf42385f2738b0,stable_unchanged,exact,exact,1.0,1.0
601b86651df7633a8a8da1d147fdc708,634fe3801bec811c27922dd81dd8110c,stable_unchanged,exact,exact,1.0,1.0
6032390a550c23b3c0c2893ea92f90c5,6482e8470d88cd6a98bd28fc8002540e,stable_unchanged,exact,exact,1.0,1.0
603990ae118957fce43a360bccb67e64,646fcf26285f5b35f1b4bd5455b84e02,stable_with_minor_changes,unknown,unknown,,
603990ae118957fce43a360bccb67e64,768a990c9f9a66dcb6498dd5e27969b1,stable_with_minor_changes,unknown,unknown,,
603990ae118957fce43a360bccb67e64,78a8a0495388a1f149a6ec381355c2b1,stable_with_minor_changes,unknown,unknown,,
603990ae118957fce43a360bccb67e64,acee7c30b4c1330b786b237cfd2412f5,stable_with_minor_changes,unknown,unknown,,
603990ae118957fce43a360bccb67e64,b0fef8bf7b01e4e89a6a8c82de36c67c,stable_with_minor_changes,unknown,exact,,1.0
603990ae118957fce43a360bccb67e64,ed06254bb1daf2193cada281a5b7a772,stable_with_minor_changes,unknown,unknown,,
603990ae118957fce43a360bccb67e64,eef87ad93302388d516651b8b1892978,stable_with_minor_changes,unknown,unknown,,
6040185770bcaf5a607e5eea7ca156a8,7238cd99eb46f858bfa4398c594c91c3,stable_with_minor_changes,unknown,exact,,1.0
6040185770bcaf5a607e5eea7ca156a8,7f1a69d1f86448f66a39dd73b54db540,stable_with_minor_changes,unknown,exact,,1.0
609a74a4bf255ef9fbdecb0afeda684a,7896a738e2186b094ee465a15783532f,stable_unchanged,exact,exact,1.0,1.0
609ab1221240c219923fbbf6edcddc32,df7bf9250d56d79c53aff88f94b44669,stable_unchanged,exact,exact,1.0,1.0
60bbec18797997fde95bf6e494852bec,fd078408f52799e523d399e7696522f4,stable_unchanged,exact,exact,1.0,1.0
61c27a310960524fc6351d9ef58a1f14,7d2b7842cce79877b54a7a7c42c48240,stable_unchanged,exact,exact,1.0,1.0
62093f960fbd788595d5073058b768d2,779ce58bfea1bb050f05a34a23d3e955,stable_unchanged,exact,exact,1.0,1.0
62093f960fbd788595d5073058b768d2,7bb9e532a25a642a3a066eeefc19df94,stable_unchanged,exact,exact,1.0,1.0
62093f960fbd788595d5073058b768d2,abd18900a5e5b1f6b2daad66025a1c19,stable_unchanged,exact,exact,1.0,1.0
62093f960fbd788595d5073058b768d2,fec23d57a2771f24bd3fce951ab87ded,stable_unchanged,exact,exact,1.0,1.0
6221bbf874ea3bd2012f4ef450888df3,854b3692e7d0e84a43738bfa7e363efa,stable_unchanged,exact,exact,1.0,1.0
625ba4dcb61cee69173c13177af9935b,b193ba8e1c5d14c61c942065a492a57f,stable_unchanged,exact,exact,1.0,1.0
625ba4dcb61cee69173c13177af9935b,c611652eeef3768467cb863e43eb4854,stable_unchanged,exact,exact,1.0,1.0
62931cc15879d72150118c612d40a1c7,9674876bf79b007f75573a6c7de66751,stable_with_minor_changes,exact,unknown,1.0,
62931cc15879d72150118c612d40a1c7,dde8c0690665b399aaa854473d4cfc9f,stable_unchanged,exact,exact,1.0,1.0
62aaac70b9c9898799cc0071000af7c0,ce0f39c1c9957efa22e7c7424ea1dea7,stable_unchanged,exact,exact,1.0,1.0
6309a380fc245ef01a192453190c77ba,c2c01f24e44a067bbeaeae368a93a674,stable_with_minor_changes,exact,unknown,1.0,
6334b3b14a8c8dfc577877e0482c01fd,e0811ea9f280c69af73ecbd35b17f84d,stable_unchanged,exact,exact,1.0,1.0
634fe3801bec811c27922dd81dd8110c,7334a3ecb08d7be924c649df303d18c8,stable_unchanged,exact,exact,1.0,1.0
6387d6ad87e3e2b23d8201b3563d2ca5,8be797a458af39129b666f7bc2ed83eb,stable_unchanged,exact,exact,1.0,1.0
6387d6ad87e3e2b23d8201b3563d2ca5,f8ff522173f9c3f37060a555140cc39f,stable_unchanged,exact,exact,1.0,1.0
63ba642caa050c79abec19bb30d7d4c9,9671abd388a00f8ad7d4ab7a7a9c6019,stable_unchanged,exact,exact,1.0,1.0
63ba642caa050c79abec19bb30d7d4c9,a9a79815b752984627bb06c9a36b7abc,stable_unchanged,exact,exact,1.0,1.0
63ba642caa050c79abec19bb30d7d4c9,cb1c7cd0fdc3b8b1e350f1f8eceb2219,stable_unchanged,exact,exact,1.0,1.0
63bb3475da23456fc0f7520134842b21,b7709cfc60525bbbf9c2aa4e8851e55d,stable_with_minor_changes,exact,unknown,1.0,
63bb3475da23456fc0f7520134842b21,beb583b2be0d52675b18ba2c82759ba9,stable_unchanged,exact,exact,1.0,1.0
646fcf26285f5b35f1b4bd5455b84e02,78a8a0495388a1f149a6ec381355c2b1,stable_with_minor_changes,unknown,unknown,,
646fcf26285f5b35f1b4bd5455b84e02,96385f9b5348b79c469cedb6d1aa4b78,stable_with_minor_changes,unknown,unknown,,
646fcf26285f5b35f1b4bd5455b84e02,acee7c30b4c1330b786b237cfd2412f5,stable_with_minor_changes,unknown,unknown,,
646fcf26285f5b35f1b4bd5455b84e02,b0fef8bf7b01e4e89a6a8c82de36c67c,stable_with_minor_changes,unknown,exact,,1.0
646fcf26285f5b35f1b4bd5455b84e02,ed06254bb1daf2193cada281a5b7a772,stable_with_minor_changes,unknown,unknown,,
6482e8470d88cd6a98bd28fc8002540e,e9497c45f0680139c6e2b4bf3c466f33,stable_unchanged,exact,exact,1.0,1.0
64af433846a9a5001c67dc8b3c481bca,697da103bc91ed67ba7b3ad50f756016,stable_unchanged,exact,exact,1.0,1.0
64d1e6ad7b73a50845d7f9c47f70a022,98ad5468e1e5bbffaa4cb29d7faeb134,stable_unchanged,exact,exact,1.0,1.0
652106f792025da3cb9a68fc3e73c044,809c5b782795c1ba3da4de1a6ed1ddc8,stable_unchanged,exact,exact,1.0,1.0
65648eaf312ece95319d93bfb3c73d93,90d8eef1d7aa93ce6e7f1b568934d6c7,stable_unchanged,exact,exact,1.0,1.0
65648eaf312ece95319d93bfb3c73d93,d3c010b2dbc37e7e9b94d689a02f45fe,stable_unchanged,exact,exact,1.0,1.0
6567210cedfa5d140be522e88fa0ec7c,f83194186b69a0ce111040fcb57fbb47,stable_unchanged,exact,exact,1.0,1.0
6585e6c5dfef1d38cebd5584103c3b0d,c4677d0b4cf7b08680ff67eb28e62175,stable_unchanged,exact,exact,1.0,1.0
6585e6c5dfef1d38cebd5584103c3b0d,d5fafe9f35d22508fe53a29f59ecf673,stable_unchanged,exact,exact,1.0,1.0
65a7678ecc4cb9110f8506491ee2e4a3,9f0c675074301998bdec52a11adbcd14,stable_unchanged,exact,exact,1.0,1.0
65a7678ecc4cb9110f8506491ee2e4a3,dd178c4e3be64aabdd03ca7c72524513,stable_unchanged,exact,exact,1.0,1.0
65a7f638936d150ce186e5f74115666e,eba8100ac2fc5bc7a15c506711475e32,stable_unchanged,exact,exact,1.0,1.0
65df482d21351565b79b56a6432aa988,fe979decb024e998c0b601c95db32938,stable_unchanged,exact,exact,1.0,1.0
6629956afce5942e20dc414117db3ad8,b481c8d252cdf1b90c53b152806c79db,stable_unchanged,exact,exact,1.0,1.0
665fb130323825398b27edb8fe7e2f29,c242a0f1e6d89ca89a78a2a0ff1d2a5c,stable_unchanged,exact,exact,1.0,1.0
6675a0dfed44e49c96511030aec219f6,dc251996f8e1951002c68ba1210fae17,stable_unchanged,exact,exact,1.0,1.0
669298a8f5737c7f9bd3f43e0bd0045c,b481c8d252cdf1b90c53b152806c79db,stable_unchanged,exact,exact,1.0,1.0
66ade8400146bddf258705a80a5e34b2,a1aabaa02987335c375c30ef3103a02d,stable_unchanged,exact,exact,1.0,1.0
66f4840ee032632ec8b2ab13a7a0c61d,6c4bdcdde717f7435a99acdccb95b06c,stable_unchanged,exact,exact,1.0,1.0
670cf36a17c63c67912245c5c8d8cb62,8481768235f7b689ef6dff446fbcbdf9,stable_unchanged,token_hash,token_hash,1.0,1.0
673cee7ceb733a14fba0bac7eb1607a1,6aeef5fb8c354f16004d702a51f4353c,stable_with_minor_changes,unknown,exact,,1.0
673cee7ceb733a14fba0bac7eb1607a1,8c10b71189e31789ba71e8590c5e4cd4,stable_with_minor_changes,unknown,exact,,1.0
673cee7ceb733a14fba0bac7eb1607a1,ecd2e6f75a6012be5594628749bb8f5d,stable_with_minor_changes,unknown,exact,,1.0
6774d0d1d9b895e74eb0bc2c249774e8,7af4e1442c395e8ac342a5c81f73587a,stable_with_minor_changes,exact,unknown,1.0,
6790d60b06d8c69d528e4a4f34862d5b,a8b3e481675e6574af68a17e40f05e19,stable_with_minor_changes,exact,unknown,1.0,
67bd19f1e6efecde0a1b6afa03ab5b90,b823711271439654f1a34109d24952aa,stable_unchanged,exact,exact,1.0,1.0
682ca42124874028fbc76d3084652d95,7f5c89d91e8628e3431611728eddd980,stable_unchanged,exact,exact,1.0,1.0
6898e0bfa9b8f485c3dff1f1f0c33b66,9edc7d1be8fb5da3f234d7cc074d7962,stable_unchanged,exact,exact,1.0,1.0
6898e0bfa9b8f485c3dff1f1f0c33b66,c7b3fbb055a222ec237e8f03c85ffe3b,stable_unchanged,exact,exact,1.0,1.0
689e749f827eb86580ef364f0e9dacda,a7413ae067c8973642a0aef1397e0b1a,stable_unchanged,exact,exact,1.0,1.0
68eea492c30dc2ae8c47af506351e6c6,70e55d6bc7ab5ebb0f976ff584c3c379,stable_unchanged,exact,exact,1.0,1.0
68eea492c30dc2ae8c47af506351e6c6,f916f280d322ebe8761a8155f6c6db38,stable_unchanged,exact,exact,1.0,1.0
694e52047bebaead599576c9bb1de796,7dc9b7a62deccc358fbabc28e4921f9b,stable_unchanged,exact,exact,1.0,1.0
694e52047bebaead599576c9bb1de796,d6324696eeb5fe0661392fc0f832654f,stable_unchanged,exact,exact,1.0,1.0
69e45093fceefbeacb18887ae8b05b3b,81c9711c4944301ba0649b0ace43e4f2,stable_unchanged,exact,exact,1.0,1.0
6a5d0a6722b68ab0ad15aa05b160dfad,6e543087e35edba4c054439483c16547,stable_unchanged,exact,exact,1.0,1.0
6a8c7d6d0da4fa89a2a904b8c5a9542a,6c16e088fab8df97a5c0fae08939ebe5,stable_unchanged,exact,exact,1.0,1.0
6a8c7d6d0da4fa89a2a904b8c5a9542a,8bd9b03c809c52a29599dea9fa177920,stable_unchanged,exact,exact,1.0,1.0
6aeef5fb8c354f16004d702a51f4353c,8c10b71189e31789ba71e8590c5e4cd4,stable_unchanged,exact,exact,1.0,1.0
6afc47b36be21c44c9c12f54afbd985a,c46c6fb2b71f7d23111802f9e92a5ccb,stable_with_minor_changes,unknown,exact,,1.0
6afc47b36be21c44c9c12f54afbd985a,d36bc62ce6f5c0c8e81855836a46b033,stable_with_minor_changes,unknown,exact,,1.0
6b1f802705a0d45f616c30b8feb589bc,b48362d0d7ae17551fcfb0c1761d2ad3,stable_unchanged,exact,exact,1.0,1.0
6b4636b4108520452a7307f126b3a5bd,f13a9fed0cabb7f71ece96f83b914206,stable_unchanged,exact,exact,1.0,1.0
6b4f092b00e114631beede25dcf1455f,d2bfcb98455fe2d2135e4894f935e33a,stable_unchanged,exact,exact,1.0,1.0
6b6f94b9f3c23eec424fbee43632aae4,8e6b3ce5cd763b1699475ac43567da99,stable_unchanged,exact,exact,1.0,1.0
6c35bea1e7b14430dbd85c94b5c5f7cc,f6c9bf98a6432cd0322c4da9d267a6cd,stable_unchanged,exact,exact,1.0,1.0
6c3d832d563af822be5cbef1ea00cd2f,fac6f844bdcbc507ee39b54c724d8c55,stable_unchanged,exact,exact,1.0,1.0
6c64459ae8c7faf266e4c3570478a1bd,c9752daa60f41e608222164d0f06b497,stable_unchanged,exact,exact,1.0,1.0
6c64459ae8c7faf266e4c3570478a1bd,e997276c917f9de79f13981b1dce9876,stable_unchanged,exact,exact,1.0,1.0
6c64459ae8c7faf266e4c3570478a1bd,fead7a5c7ac57f6d4f79ff242909cfab,stable_unchanged,exact,exact,1.0,1.0
6c726899100be567c125df67390a3ca1,99006a4c695b5d014e563a97fc811c13,stable_unchanged,exact,exact,1.0,1.0
6c726899100be567c125df67390a3ca1,d8587552a39aba241c195dcfe4235011,stable_unchanged,exact,exact,1.0,1.0
6c726899100be567c125df67390a3ca1,fbdc84517f2fbbb3983928f78a333c51,stable_with_minor_changes,exact,unknown,1.0,
6c99b46089f5412b8817d5d1354f131e,eb9879db4f1a2e6f9768d5e11c48c270,stable_unchanged,exact,exact,1.0,1.0
6d03a146c1c403a1157df4458e0841ae,8a2f77c7ff8317d52cbfa0765bec1ed2,stable_with_minor_changes,unknown,unknown,,
6d5093cc2fe132196b002c6435b8c490,f33f0e240d9760433ee88bdf55bdaf3a,stable_unchanged,exact,exact,1.0,1.0
6d90558b3495d243cbc2efc5f116790c,71d7b9e78043b7effe1d3b35babfe993,stable_with_minor_changes,unknown,unknown,,
6d912baacfcb577bb449311503696033,aae85ff030aa9aed8fdb91e928ed69a8,stable_unchanged,exact,exact,1.0,1.0
6deee48df871dd82b20ae15c5347e41a,bc24c1695b9a7ea543612195750a4ecb,stable_unchanged,exact,exact,1.0,1.0
6df29376b295fab2a4928d73a52ec9f5,d41b5a8e456df933e33e55faf7f38733,stable_unchanged,exact,exact,1.0,1.0
6df9a7a74fe678012a2afbb6e6c1c07c,f2a5a199b518259bb14a7cf64592a3a6,stable_unchanged,exact,exact,1.0,1.0
6e33e24d26a5cf191c07d970fce9378a,87d3f6cd465ed7311e120e26f7febd96,stable_unchanged,exact,exact,1.0,1.0
6e4a6209ec61a05b7d1c0f437120e15a,9cab402061ed5eed90ed8c5e2ab5f0f3,stable_unchanged,exact,exact,1.0,1.0
6e689869b0381b6df13bdcec01367539,b481c8d252cdf1b90c53b152806c79db,stable_unchanged,exact,exact,1.0,1.0
6e6ed335f3d94a947d2aefee87e40e08,cc30138b62188b46068a9ba1349cd7fb,stable_unchanged,exact,exact,1.0,1.0
6e81db534cf4c0d956e482ab22f8ea91,c811680e041a779d7b69440922ef0209,stable_unchanged,exact,exact,1.0,1.0
6edcfbaa8ff58d975ad472c703001fc8,9f462c7d5fd1c9111bcc4066b4bc88ae,stable_unchanged,exact,exact,1.0,1.0
6f034eb3b172dac637621246c46f4c5b,ee8b18ebf85d19c1d2ed883082f6e4e9,stable_unchanged,exact,exact,1.0,1.0
6f06b00e37cf2d36f01d84fe03dd8071,cc211649911e604b7c7d5de639ebc71e,stable_unchanged,exact,exact,1.0,1.0
6f2a5bdb42a65abc9008c0366d2042f6,87f9279c2f1f24fc66528c0e72452da0,stable_unchanged,exact,exact,1.0,1.0
6f2a5bdb42a65abc9008c0366d2042f6,8c726add7ca2a8f03a00e62003e560ba,stable_unchanged,exact,exact,1.0,1.0
6f5f5fb019f60b5176ef9aca939b6a48,725c2c0c0110eabc6d72c96a1ea60dd6,stable_with_minor_changes,unknown,unknown,,
6f5f5fb019f60b5176ef9aca939b6a48,828da8008e994bc1d958be0f29a683ac,stable_with_minor_changes,unknown,unknown,,
6f5f5fb019f60b5176ef9aca939b6a48,98f7c874a2541195aa7d053a9a450716,stable_with_minor_changes,unknown,unknown,,
6f5f5fb019f60b5176ef9aca939b6a48,cbb2c52e20327e97902b4b521d0d7b95,stable_with_minor_changes,unknown,exact,,1.0
6f5f5fb019f60b5176ef9aca939b6a48,d2f3aa86b2b2186e1b0b2f4037262418,stable_with_minor_changes,unknown,unknown,,
70de9f0c108317853a9c6af48be9259f,cfec9aa12a6b86cf188e57c5557ca62d,stable_unchanged,exact,exact,1.0,1.0
70e55d6bc7ab5ebb0f976ff584c3c379,f916f280d322ebe8761a8155f6c6db38,stable_unchanged,exact,exact,1.0,1.0
71ea184de0436a0f4bdc032dc08b5f2b,b3849777818d4bb63ba6b94dd4101d9c,stable_unchanged,exact,exact,1.0,1.0
722f50285b03cf552237f556a9df999b,7491a973538b24248b9d2088757a6ac4,stable_unchanged,exact,exact,1.0,1.0
722f50285b03cf552237f556a9df999b,cbf2ff17b3db99fa52fa61fb2f18f782,stable_unchanged,exact,exact,1.0,1.0
7238cd99eb46f858bfa4398c594c91c3,7f1a69d1f86448f66a39dd73b54db540,stable_unchanged,exact,exact,1.0,1.0
725c2c0c0110eabc6d72c96a1ea60dd6,828da8008e994bc1d958be0f29a683ac,stable_with_minor_changes,unknown,unknown,,
725c2c0c0110eabc6d72c96a1ea60dd6,cbb2c52e20327e97902b4b521d0d7b95,stable_with_minor_changes,unknown,exact,,1.0
725c2c0c0110eabc6d72c96a1ea60dd6,ce1648667936aa07c3972d2d39c8cb60,stable_with_minor_changes,unknown,unknown,,
725c2c0c0110eabc6d72c96a1ea60dd6,d2f3aa86b2b2186e1b0b2f4037262418,stable_with_minor_changes,unknown,unknown,,
7281be3c7df0333371b9d342bba9e0f8,ba1868ed08eac2f264d4bbbd31d6c995,stable_with_minor_changes,exact,unknown,1.0,
729ca2f0f45194df2a7dd55569a63c37,dd137572922ae977ccb1b23a0dd1f251,stable_unchanged,exact,exact,1.0,1.0
72d6e9fe8c84a61d81642ddf6603ddeb,af5dd2b1e7b57a982a05d305dc7c4fa1,stable_unchanged,exact,exact,1.0,1.0
73170fa71c9e7e91d3f2cd42d5701ed7,95f2a4113af3c6d76fd6b2e943fb2d1f,stable_unchanged,exact,exact,1.0,1.0
73170fa71c9e7e91d3f2cd42d5701ed7,a38b2cba68843ebf59ec76c32ff697d3,stable_unchanged,exact,exact,1.0,1.0
74114d5caf9d4243a2f19973672692dc,97a3f358b6062b5b2e0b2420a186635d,stable_unchanged,exact,exact,1.0,1.0
7423d7c61eeb52af3382a6511d18a8eb,7cb29ac1652a1e36a37eddd52da00225,stable_unchanged,exact,exact,1.0,1.0
75cde898621b765df48880fec97ee83c,7f6b68c16527e104d90d3e62e54266b6,stable_unchanged,exact,exact,1.0,1.0
75cde898621b765df48880fec97ee83c,b1519145febb08caefdc8b0733f8aba8,stable_unchanged,exact,exact,1.0,1.0
75dfec0d2f994252ad9f965488b4dff1,bc823fd15a22cc07ed7b42f895961e2a,stable_unchanged,exact,exact,1.0,1.0
75eb2350104020b3fd5fe8313650779f,98dc47c7e98577fff4f4ec0c1d19eba6,stable_with_minor_changes,unknown,unknown,,
7634c45cba407d755e4a59e2650213b2,f5ab833d5354877d988a9f72cd1601f0,stable_unchanged,exact,exact,1.0,1.0
763c13d3c731111286a01f9f67c95b86,9474abca4691595ba2652dc144274f80,stable_with_minor_changes,unknown,unknown,,
764daf77dc5d0df4d42c21accda62ec8,7f5582e850952aba83abbe861b42ea21,stable_unchanged,exact,exact,1.0,1.0
768a990c9f9a66dcb6498dd5e27969b1,78a8a0495388a1f149a6ec381355c2b1,stable_with_minor_changes,unknown,unknown,,
768a990c9f9a66dcb6498dd5e27969b1,96385f9b5348b79c469cedb6d1aa4b78,stable_with_minor_changes,unknown,unknown,,
768a990c9f9a66dcb6498dd5e27969b1,acee7c30b4c1330b786b237cfd2412f5,stable_with_minor_changes,unknown,unknown,,
769f6823fc137070cc8a4a841acdf49c,8d40050adac4eb83b935989f73ab0b38,stable_with_minor_changes,unknown,exact,,1.0
76a089d36558aea26f24707dbcef1cf0,780451f7a00659107f2f58b19170ed44,stable_unchanged,exact,exact,1.0,1.0
76e10e42ccb511b635bc39d0af0c5e96,a002b01245f71bbd18b3b05d7bdea2fa,stable_unchanged,exact,exact,1.0,1.0
76e10e42ccb511b635bc39d0af0c5e96,ddc4a6c342996cdb6321f43575d0dc32,stable_unchanged,exact,exact,1.0,1.0
76ff38bb78958c73307a11d54c1beea3,db79cafff4cc862ac3d1bbb717438744,stable_unchanged,exact,exact,1.0,1.0
77033b33056cd8ffc8a8396c5d3715a0,93cebd5c988dc653d7f685c46ff0dab3,stable_unchanged,exact,exact,1.0,1.0
772422fe3c97c289fa958d5973163b94,d66a5d9bd013599cc08d7c00c4c9ed63,stable_unchanged,exact,exact,1.0,1.0
772422fe3c97c289fa958d5973163b94,dead7d5954813a7242eed2b7d68ce962,stable_unchanged,exact,exact,1.0,1.0
7725e217881054504753209bc83f1f9c,809c5b782795c1ba3da4de1a6ed1ddc8,stable_unchanged,exact,exact,1.0,1.0
772a9cdb8189baa689c40386310a3fac,d13ff06016855ed89f6811399092f2af,stable_unchanged,exact,exact,1.0,1.0
779ce58bfea1bb050f05a34a23d3e955,7bb9e532a25a642a3a066eeefc19df94,stable_unchanged,exact,exact,1.0,1.0
779ce58bfea1bb050f05a34a23d3e955,abd18900a5e5b1f6b2daad66025a1c19,stable_unchanged,exact,exact,1.0,1.0
779ce58bfea1bb050f05a34a23d3e955,ac6a2b4cf0688ae32b2cd6c3bafd891e,stable_unchanged,exact,exact,1.0,1.0
779ce58bfea1bb050f05a34a23d3e955,c4606d083a06c5b8c373024621d5fe25,stable_unchanged,exact,exact,1.0,1.0
779ce58bfea1bb050f05a34a23d3e955,d53370c8d4583539454b7e686f4bf24d,stable_unchanged,exact,exact,1.0,1.0
779ce58bfea1bb050f05a34a23d3e955,e335f4587754cb6c0b80e1108d3f108f,stable_unchanged,exact,exact,1.0,1.0
779ce58bfea1bb050f05a34a23d3e955,f994618c4929b77ed21a7897c5abc783,stable_unchanged,exact,exact,1.0,1.0
779ce58bfea1bb050f05a34a23d3e955,fec23d57a2771f24bd3fce951ab87ded,stable_unchanged,exact,exact,1.0,1.0
787eca644f6fb17bd0b12b0d673093d0,b640790b44a5462b56c372a9b7e2aff1,stable_unchanged,exact,exact,1.0,1.0
788f762652bd2eeba541197aaa462649,8de1380085a0caf4ad8c49efe19cb52e,stable_unchanged,exact,exact,1.0,1.0
7892edfe41d2a7157f8a55e1dab9a33b,b84c279949a95bd38a202a356ee8c1c2,stable_unchanged,exact,exact,1.0,1.0
78a8a0495388a1f149a6ec381355c2b1,96385f9b5348b79c469cedb6d1aa4b78,stable_with_minor_changes,unknown,unknown,,
78a8a0495388a1f149a6ec381355c2b1,acee7c30b4c1330b786b237cfd2412f5,stable_with_minor_changes,unknown,unknown,,
78a8a0495388a1f149a6ec381355c2b1,b0fef8bf7b01e4e89a6a8c82de36c67c,stable_with_minor_changes,unknown,exact,,1.0
78a8a0495388a1f149a6ec381355c2b1,ed06254bb1daf2193cada281a5b7a772,stable_with_minor_changes,unknown,unknown,,
78a8a0495388a1f149a6ec381355c2b1,eef87ad93302388d516651b8b1892978,stable_with_minor_changes,unknown,unknown,,
78f32cac08922e3ff7673922a997abdc,7cae9d46540f4af419489ae3925367be,stable_unchanged,exact,exact,1.0,1.0
79bf6d0942d3cac584651a37eaa630b0,95c63a1a67fbe397237d4e30c8f61ce2,stable_unchanged,exact,exact,1.0,1.0
7a246d3f150d5b69db32e90b37701a24,8bd9b03c809c52a29599dea9fa177920,stable_unchanged,exact,exact,1.0,1.0
7ab3c389cc3fa35fea85eebc2ad00923,d6248c223675214ce0e8a2e432c40cab,stable_unchanged,exact,exact,1.0,1.0
7abcfa96c7d77339f574eac01689a293,c49ba446dcccc0e01b03f0f362355068,stable_with_minor_changes,unknown,unknown,,
7afdefeab74b26022c1edffcdc7833bc,ab28fa3a4866837983ab5c12ca3dcf51,stable_unchanged,exact,exact,1.0,1.0
7b413570d7d737a64e8afd85135f7d32,e63be134ae902c0e87dfdd4d099a9857,stable_unchanged,exact,exact,1.0,1.0
7b7a74e633b9fe6e4e24c2a9d0fe1347,a3c98212ccea4daed81556505fe6c37d,stable_unchanged,exact,exact,1.0,1.0
7b7a74e633b9fe6e4e24c2a9d0fe1347,b7af529a6a212f585eb646e10bf2c374,stable_unchanged,exact,exact,1.0,1.0
7ba97139efffd6926bbbba6cc02c09eb,92d5aa1e5aaf986fbe7ec2e701448032,stable_unchanged,exact,exact,1.0,1.0
7bb9e532a25a642a3a066eeefc19df94,abd18900a5e5b1f6b2daad66025a1c19,stable_unchanged,exact,exact,1.0,1.0
7bb9e532a25a642a3a066eeefc19df94,c4606d083a06c5b8c373024621d5fe25,stable_unchanged,exact,exact,1.0,1.0
7bb9e532a25a642a3a066eeefc19df94,d53370c8d4583539454b7e686f4bf24d,stable_unchanged,exact,exact,1.0,1.0
7bb9e532a25a642a3a066eeefc19df94,e335f4587754cb6c0b80e1108d3f108f,stable_unchanged,exact,exact,1.0,1.0
7bb9e532a25a642a3a066eeefc19df94,f994618c4929b77ed21a7897c5abc783,stable_unchanged,exact,exact,1.0,1.0
7bb9e532a25a642a3a066eeefc19df94,fec23d57a2771f24bd3fce951ab87ded,stable_unchanged,exact,exact,1.0,1.0
7be4140cf69ab63367895bbe6346e708,c834dc89715bdfebb21c42ca8ec7301a,stable_unchanged,exact,exact,1.0,1.0
7be924e63d1070623e5bce439367620a,8bdd2ee29272620cbf9a04e8da881b57,stable_unchanged,exact,exact,1.0,1.0
7be924e63d1070623e5bce439367620a,8fc93c29ddbec6ec7f8453c64f00e0aa,stable_unchanged,exact,exact,1.0,1.0
7befc68c5f6fd8d11761bc69b5d986da,891a56e77ac05c23bd84a6af8a1488fc,stable_unchanged,exact,exact,1.0,1.0
7c03199fda49af384c64fb120dbd063d,f5bbca57527c21627c55601cefad3cb9,stable_unchanged,exact,exact,1.0,1.0
7c2fdf55e7fc20cfffdcf17c5dbcaa25,a2fe0f34cd3c911d26178823eb248c07,stable_unchanged,exact,exact,1.0,1.0
7c3f1f4a528e3c6332b3c2f627595709,b7bd3a57b538fd3d0e1e3acdd91cb20b,stable_unchanged,exact,exact,1.0,1.0
7c4013e8f345ed5f226382897e491c01,9123297949755b4cd4dc707d602fd8b6,stable_unchanged,exact,exact,1.0,1.0
7c4c745eea197e3a9cd2aaf0e3dc88d1,b4fe2a44b1a024703e6062db0502a5fb,stable_unchanged,exact,exact,1.0,1.0
7c550c9f98f4933931cfeadca9326c7e,d5727ed204ce0ba4115c1ed5e79a6917,stable_with_minor_changes,unknown,unknown,,
7c550c9f98f4933931cfeadca9326c7e,f005b178876244b8a97f4b8a7ad7f998,stable_with_minor_changes,unknown,unknown,,
7c6d4386abdcd1bac6c5f5fd4adc89d2,81ea028fd444afabcfd2e21777a500ec,stable_with_minor_changes,unknown,unknown,,
7c6d4386abdcd1bac6c5f5fd4adc89d2,a79e05c12899931056e5f98c06dc5051,stable_with_minor_changes,unknown,unknown,,
7c6d4386abdcd1bac6c5f5fd4adc89d2,cbb2c52e20327e97902b4b521d0d7b95,stable_with_minor_changes,unknown,exact,,1.0
7c6d4386abdcd1bac6c5f5fd4adc89d2,f19404df9778b0a84922bb8ee6d7c1b9,stable_with_minor_changes,unknown,unknown,,
7cae9d46540f4af419489ae3925367be,c088438d5b4eede6d66307582088ec19,stable_unchanged,exact,exact,1.0,1.0
7cb47f4ac64e87885237022f2285d541,a0d388a1c554c14804dca39c83812591,stable_unchanged,exact,exact,1.0,1.0
7cb47f4ac64e87885237022f2285d541,ee8f2d305a7d95257e64005adc9afa83,stable_unchanged,exact,exact,1.0,1.0
7cb47f4ac64e87885237022f2285d541,f174b8202fe6afb1ea167afdafd8a69e,stable_unchanged,exact,exact,1.0,1.0
7cb47f4ac64e87885237022f2285d541,fe54389df1a3b70a88487c710e99e061,stable_unchanged,exact,exact,1.0,1.0
7cf8de04fb77a859ce5a552f31653f8f,cd2f3efaf591aea93f250600c296801c,stable_unchanged,exact,exact,1.0,1.0
7d2b7842cce79877b54a7a7c42c48240,b13793bdaab971434dae3c366bf693ed,stable_unchanged,exact,exact,1.0,1.0
7d63c5cb9188dc5f1918c4c494cfbb91,ffefb11c7832fff0065b8c24323bb595,stable_unchanged,exact,exact,1.0,1.0
7d759b0f46e62ca646eb221452dae94a,a36e958d683d6024109ee4428c1bf6cd,stable_unchanged,exact,exact,1.0,1.0
7d759b0f46e62ca646eb221452dae94a,ba182fcd865b40f7c1e3bbf53128d10d,stable_unchanged,exact,exact,1.0,1.0
7d759b0f46e62ca646eb221452dae94a,cbfe9813b82b4767e3ab936ee27643bc,stable_unchanged,exact,exact,1.0,1.0
7d759b0f46e62ca646eb221452dae94a,d59dd46e47707a6f9abfbb18418b01b5,stable_unchanged,exact,exact,1.0,1.0
7d759b0f46e62ca646eb221452dae94a,f600ec2308cec57bfdaeb71f5a9ec0df,stable_unchanged,exact,exact,1.0,1.0
7d79d1cccc0a45d0918963f33fcd70af,cc211649911e604b7c7d5de639ebc71e,stable_unchanged,exact,exact,1.0,1.0
7db0cca2b2d2e99a36b8a26507f38237,aa70466ccd5928b819147674e07eafe3,stable_unchanged,exact,exact,1.0,1.0
7dc9b7a62deccc358fbabc28e4921f9b,d6324696eeb5fe0661392fc0f832654f,stable_unchanged,exact,exact,1.0,1.0
7e3b0e0d5248755b32bcb92644c35b90,b1d08916b45fc20c296cdf196a9310b2,stable_unchanged,exact,exact,1.0,1.0
7e70cd4ad3af203d4e7fecab7bd4cb1a,99f372e7eb664d1dda28308b9d162a37,stable_unchanged,exact,exact,1.0,1.0
7edd2daba2eb8518f7fab33b3683d5d1,fa61aa42dc1cd17d89206356fab5faae,stable_unchanged,exact,exact,1.0,1.0
7f413671602da5141c85847d74ae6d03,9a11dbce1a84ec4a3a710b84c416f07b,stable_unchanged,exact,exact,1.0,1.0
7f6b68c16527e104d90d3e62e54266b6,b1519145febb08caefdc8b0733f8aba8,stable_unchanged,exact,exact,1.0,1.0
8049400b684cf5c988bb6f61bb1d2914,8722be0729170a497eca009b40f22348,stable_unchanged,exact,exact,1.0,1.0
8049400b684cf5c988bb6f61bb1d2914,9784f036fa0dadf2a0204be68622a29a,stable_unchanged,exact,exact,1.0,1.0
8055e9732b2096605e892664440d88c7,eef7b999498621501c1a48da174383f4,stable_unchanged,exact,exact,1.0,1.0
809c5b782795c1ba3da4de1a6ed1ddc8,9edc7d1be8fb5da3f234d7cc074d7962,stable_unchanged,exact,exact,1.0,1.0
809c5b782795c1ba3da4de1a6ed1ddc8,aa5671239444dd9e1e1fdcba1612cf63,stable_unchanged,exact,exact,1.0,1.0
809c5b782795c1ba3da4de1a6ed1ddc8,b20ccc21b199a427f9cc93f62e6f28dd,stable_unchanged,exact,exact,1.0,1.0
81c43f35ac07400f28b19e4cd0741f0e,ab74c32c49bbbab171bc8222c3bdaaa4,stable_unchanged,exact,exact,1.0,1.0
81ea028fd444afabcfd2e21777a500ec,a79e05c12899931056e5f98c06dc5051,stable_with_minor_changes,unknown,unknown,,
81ea028fd444afabcfd2e21777a500ec,cbb2c52e20327e97902b4b521d0d7b95,stable_with_minor_changes,unknown,exact,,1.0
81ea028fd444afabcfd2e21777a500ec,f19404df9778b0a84922bb8ee6d7c1b9,stable_with_minor_changes,unknown,unknown,,
824a8d639de954fc20b43d69ae1a5364,8f85dce030bab26b18fef69f32cec65d,stable_unchanged,exact,exact,1.0,1.0
828da8008e994bc1d958be0f29a683ac,98f7c874a2541195aa7d053a9a450716,stable_with_minor_changes,unknown,unknown,,
828da8008e994bc1d958be0f29a683ac,cbb2c52e20327e97902b4b521d0d7b95,stable_with_minor_changes,unknown,exact,,1.0
828da8008e994bc1d958be0f29a683ac,d2f3aa86b2b2186e1b0b2f4037262418,stable_with_minor_changes,unknown,unknown,,
82abf5c027fb7f8bf83a7f6383356a2c,f2799254aaf600488b5034f87617e787,stable_unchanged,exact,exact,1.0,1.0
82cd1a3a19329200edbc0beac4b2516b,865bdbfbedf3ac2763f1589bf74564f4,stable_unchanged,exact,exact,1.0,1.0
82cd1a3a19329200edbc0beac4b2516b,881fe1d6876285e6ee0dfe5bbb26f472,stable_unchanged,exact,exact,1.0,1.0
82cd1a3a19329200edbc0beac4b2516b,933d8c9eb64131af717a9cdc426e536d,stable_unchanged,exact,exact,1.0,1.0
83560d52542901293573e46877072a39,bbccc6c766b7ece266ac78a6ba5c4ece,stable_unchanged,exact,exact,1.0,1.0
8368bc426521c2e84f1534be1ff8a7bb,f817076ae9b929814df17b0051b19fd3,stable_unchanged,exact,exact,1.0,1.0
83bb016b1b02d7c37d95d13b3b6a0d18,c6267220a143c1b5b8720e5bc2c153ab,stable_unchanged,exact,exact,1.0,1.0
84738d39cda4d33c137ee1fa6a57e6ac,da7b0101abc10a108bad2ed142b660d4,stable_unchanged,token_hash,token_hash,1.0,1.0
84c2fdd1f9f0a277a848a46a006e7e7e,a83edae834fde2e1ef6e1e17e9dbc461,stable_unchanged,exact,exact,1.0,1.0
84c2fdd1f9f0a277a848a46a006e7e7e,bc5bdbf3ab63827d94d71468b9c20f97,stable_unchanged,exact,exact,1.0,1.0
84c2fdd1f9f0a277a848a46a006e7e7e,be8287330d3aaaddec7075c246e53406,stable_unchanged,exact,exact,1.0,1.0
84c3893e3f9865d9b9e178c8cd9b19d9,e5b98777907464de0a02c724f20e4409,stable_unchanged,exact,exact,1.0,1.0
84da269ccb2bab26c2b7230811b2b935,f8dd25db525068a7b3b147053aadf2df,stable_unchanged,exact,exact,1.0,1.0
85974023c6c7865eda984000a5ab5d23,98e9d172f774aad2b4cd32020ca5afc3,stable_unchanged,exact,exact,1.0,1.0
85974023c6c7865eda984000a5ab5d23,a8bda78a96318caeb571957936cd37ca,stable_unchanged,exact,exact,1.0,1.0
85974023c6c7865eda984000a5ab5d23,ba184b5b2d338ee80d16e16d20410bde,stable_unchanged,exact,exact,1.0,1.0
85974023c6c7865eda984000a5ab5d23,eb5ffa6ba9fb7f8a3a9d9315fc69b176,stable_unchanged,exact,exact,1.0,1.0
85ebbf28dcc8123d8510522a7a629729,fb765f5a8c16b7f426c6598a5a09641a,stable_unchanged,exact,exact,1.0,1.0
8617062d79f237bd6463e12cf3a50e18,8f73a3675409f604be616ab899017e53,stable_unchanged,exact,exact,1.0,1.0
8617062d79f237bd6463e12cf3a50e18,9d2dae7ac5ee5ea1ea4eabca7c1a37a3,stable_unchanged,exact,exact,1.0,1.0
8617062d79f237bd6463e12cf3a50e18,9fc93d561e5fc5f6dfb7461e9593f8da,stable_unchanged,exact,exact,1.0,1.0
8617062d79f237bd6463e12cf3a50e18,c0b578dce5e6c0002f85cac9e8ef5bc8,stable_unchanged,exact,exact,1.0,1.0
8617062d79f237bd6463e12cf3a50e18,f4e12b479de966de565e8d5602b1a6d0,stable_unchanged,exact,exact,1.0,1.0
865bdbfbedf3ac2763f1589bf74564f4,881fe1d6876285e6ee0dfe5bbb26f472,stable_unchanged,exact,exact,1.0,1.0
865bdbfbedf3ac2763f1589bf74564f4,933d8c9eb64131af717a9cdc426e536d,stable_unchanged,exact,exact,1.0,1.0
8673cdf82d233e41d5a625a7f036f2ce,f9e8d93d9ee999cfe5eb84ee32ef7b9d,stable_with_minor_changes,exact,unknown,1.0,
8691bc0f8d2e78ab9076a14b67938e83,a7e31b89a41440ceae3c11051adddc9a,stable_with_minor_changes,unknown,unknown,,
8722be0729170a497eca009b40f22348,9784f036fa0dadf2a0204be68622a29a,stable_unchanged,exact,exact,1.0,1.0
874387f0a8e303dd14f4643c2fc7b05a,f7d46bb651fec5df4eb621a5fe49b0e8,stable_unchanged,exact,exact,1.0,1.0
874d3ab3b7ad14168a514f8d4e067e25,8a2f77c7ff8317d52cbfa0765bec1ed2,stable_with_minor_changes,unknown,unknown,,
8791815ece029ef2c5ed419e69dc19e8,889f5becf4baf4c55d469cd6b2b270b5,stable_unchanged,exact,exact,1.0,1.0
8791815ece029ef2c5ed419e69dc19e8,997ad37d633fa0474cab513b13d8268e,stable_with_minor_changes,exact,unknown,1.0,
879ecd9bc7414258c696809605f4e16d,bc22071ea4ea4b27e4d4c5e85a356879,stable_with_minor_changes,unknown,unknown,,
87a8ebae219628e517c6a2fc8a0257b7,d64a5ea657a8b83310691b976f903b7b,stable_unchanged,exact,exact,1.0,1.0
87cba7e6df2a8b95c8dc8d985d873a98,9709b7c80321214cc800152f62e691c4,stable_with_minor_changes,unknown,exact,,1.0
87cba7e6df2a8b95c8dc8d985d873a98,feb6f28854d27fac9e62ee82ac868bf8,stable_with_minor_changes,unknown,exact,,1.0
87f9279c2f1f24fc66528c0e72452da0,8c726add7ca2a8f03a00e62003e560ba,stable_unchanged,exact,exact,1.0,1.0
881fe1d6876285e6ee0dfe5bbb26f472,8c60150a38d6d5c2adcb7d79f0baeb3d,stable_unchanged,exact,exact,1.0,1.0
881fe1d6876285e6ee0dfe5bbb26f472,933d8c9eb64131af717a9cdc426e536d,stable_unchanged,exact,exact,1.0,1.0
881fe1d6876285e6ee0dfe5bbb26f472,9f59df43a23142bc9344707f383dc97c,stable_unchanged,exact,exact,1.0,1.0
881fe1d6876285e6ee0dfe5bbb26f472,aa75aa233ecae2433d8567b30860f50a,stable_unchanged,exact,exact,1.0,1.0
887265d7e9e5f7e582f80372b4015a91,acfe7ca04fc67ff3768463cc0435276f,stable_unchanged,token_hash,token_hash,1.0,1.0
88ca2a875d443b5e65fc3016559d78be,ee618a655269d68775c37220d670b9e5,stable_unchanged,exact,exact,1.0,1.0
88e8741961db4471ee2fd9fbdfbd3adb,dc2710be5107743e4cfafc961fda6f96,stable_unchanged,exact,exact,1.0,1.0
8912e554cd71c23e84b777fbe99c14d7,ede3ea7b2bdd9f424ebf88dc8ae29f20,stable_unchanged,exact,exact,1.0,1.0
8921c4a7faaffd8c66287ae122964b1b,ddc0a9ba3c1a74f9e9622ca3b80f1147,stable_with_minor_changes,exact,unknown,1.0,
896a2530362ab68f80768a9a221118f7,8a2f77c7ff8317d52cbfa0765bec1ed2,stable_with_minor_changes,unknown,unknown,,
896a2530362ab68f80768a9a221118f7,8f3583538a1f4765400361ee838d3936,stable_with_minor_changes,unknown,unknown,,
896a2530362ab68f80768a9a221118f7,f48f9f08424188e726c9dd6b4b19847c,stable_with_minor_changes,unknown,unknown,,
89782c5de74406a9fd173c51ee500927,a99b3b9643b5fe3ded9d97f70a5761af,stable_unchanged,exact,exact,1.0,1.0
89782c5de74406a9fd173c51ee500927,b834aa93adba57b1ab51fd33f11b05d8,stable_unchanged,exact,exact,1.0,1.0
89aafadf3ca17f2c7b762c3f6fad1ac0,e0499d68abd447b64c20d77d3c0617da,stable_unchanged,exact,exact,1.0,1.0
89bf7082fbbaee394d25d6c3bbdd765c,ce58ed32d152bb827586afbc29b55126,stable_unchanged,exact,exact,1.0,1.0
8a012d07355b7855317ac32a613d9276,c7da59509e87e46c58a5dd20ca7b9dc1,stable_unchanged,exact,exact,1.0,1.0
8a2f77c7ff8317d52cbfa0765bec1ed2,8f3583538a1f4765400361ee838d3936,stable_with_minor_changes,unknown,unknown,,
8a2f77c7ff8317d52cbfa0765bec1ed2,f48f9f08424188e726c9dd6b4b19847c,stable_with_minor_changes,unknown,unknown,,
8a5b275886d0b750b80653b29302839a,cd9b389437737a3694739f3bba040892,stable_unchanged,exact,exact,1.0,1.0
8a5b275886d0b750b80653b29302839a,d5fafe9f35d22508fe53a29f59ecf673,stable_unchanged,exact,exact,1.0,1.0
8a5b275886d0b750b80653b29302839a,d97bdad086f08351febc702c60ebb030,stable_unchanged,exact,exact,1.0,1.0
8a5b275886d0b750b80653b29302839a,e522988bda8128fbc654566846f46f71,stable_unchanged,exact,exact,1.0,1.0
8a71268e0bd8b020b6f667349130b601,d264f91a33225f4acc1f8274fba60815,stable_unchanged,exact,exact,1.0,1.0
8a71c01a1b024f4531cbca798099adc5,af06e583ef42d1f262014f347d18bed7,stable_unchanged,exact,exact,1.0,1.0
8a71c01a1b024f4531cbca798099adc5,b2b03fbaa0687fc5ed49cd8d76412f71,stable_unchanged,exact,exact,1.0,1.0
8a71c01a1b024f4531cbca798099adc5,c34fb5d3828e898bc3e6e6a7d44e0816,stable_unchanged,exact,exact,1.0,1.0
8a71c01a1b024f4531cbca798099adc5,d09629f22c29c214af83d03742b1be92,stable_unchanged,exact,exact,1.0,1.0
8a71c01a1b024f4531cbca798099adc5,d817fc759fd925b25f833a493f9b6882,stable_unchanged,exact,exact,1.0,1.0
8a71c01a1b024f4531cbca798099adc5,daf05783ae532c2db4315a89036c3bc8,stable_unchanged,exact,exact,1.0,1.0
8a71c01a1b024f4531cbca798099adc5,dcf710abe2b117d6c20589f91b339e3e,stable_unchanged,exact,exact,1.0,1.0
8a71c01a1b024f4531cbca798099adc5,e2dd215686f32195b0bcf7f6ff791fec,stable_unchanged,exact,exact,1.0,1.0
8a71c01a1b024f4531cbca798099adc5,e47ab97fdb038d5e2e5e36d2a498d9a5,stable_unchanged,exact,exact,1.0,1.0
8a9768afa71a2fcf82e34d7744f75880,e925e7e97cdf14061e006a5931d86448,stable_with_minor_changes,exact,unknown,1.0,
8ab923659b163ba0225c3a1be849177a,f3040d0e69d62d31e799acfd920fa3fd,stable_unchanged,exact,exact,1.0,1.0
8b39cce9f67dc2126bd678295d22140d,b481c8d252cdf1b90c53b152806c79db,stable_unchanged,exact,exact,1.0,1.0
8b39cce9f67dc2126bd678295d22140d,ef29e51573dc1ff682487041f9456a94,stable_with_minor_changes,exact,unknown,1.0,
8b9281d081018bf0fc444bbfa9b1eeb1,ac8721b39a49785e4622401cec79fc55,stable_unchanged,exact,exact,1.0,1.0
8bb4942396dc4a8186a8130afbb5ce85,915aa72ad0d6295f2ceb69e1acc84072,stable_unchanged,exact,exact,1.0,1.0
8bdd2ee29272620cbf9a04e8da881b57,8fc93c29ddbec6ec7f8453c64f00e0aa,stable_unchanged,exact,exact,1.0,1.0
8be797a458af39129b666f7bc2ed83eb,f8ff522173f9c3f37060a555140cc39f,stable_unchanged,exact,exact,1.0,1.0
8bf8376546515aee52076fde2e93bb00,e43734ef8781a3302a96c2647112e644,stable_unchanged,exact,exact,1.0,1.0
8c10b71189e31789ba71e8590c5e4cd4,ecd2e6f75a6012be5594628749bb8f5d,stable_unchanged,exact,exact,1.0,1.0
8c18a46eedadee5fc3fc070e32ffdbec,e5b20938817524daa4319daba3897f57,stable_unchanged,exact,exact,1.0,1.0
8c1b3041fe79145bb16064d4ce75c9d0,97cf8c5d4834432e74a7433cfaada01b,stable_with_minor_changes,unknown,exact,,1.0
8cd0e8315511449ae90989f36d3daa94,8cd0e8315511449ae90989f36d3daa94,stable_unchanged,exact,exact,1.0,1.0
8cd0e8315511449ae90989f36d3daa94,c94559bd602d3a6e11172bf194625b0c,stable_unchanged,exact,exact,1.0,1.0
8cd0e8315511449ae90989f36d3daa94,fe505b9a2e1103a6491c4cfc229c7f03,stable_unchanged,exact,exact,1.0,1.0
8cd6ae5ab8a308f0682f312eae44ba82,d58044e17f5dca2d6ee89f8be7b96923,stable_unchanged,exact,exact,1.0,1.0
8d229acca6880f2c66243bf0fb4366dc,cf6ad5ae23096f12703d37d29ada7202,stable_unchanged,exact,exact,1.0,1.0
8d69d167ec6e3373e33f34adef859dff,d2dddad5eff9b9600052d1ca37d25fc3,stable_unchanged,exact,exact,1.0,1.0
8d69d167ec6e3373e33f34adef859dff,feb76765b322ba49c62c61f0ae6f23d9,stable_unchanged,exact,exact,1.0,1.0
8d7cf3b1ef07a3fa015363ade6f1fb84,9180c2cfccb38276e3f65430ea98c122,stable_unchanged,exact,exact,1.0,1.0
8d7cf3b1ef07a3fa015363ade6f1fb84,f111d7c588ee26beaa71aead8a195831,stable_unchanged,exact,exact,1.0,1.0
8db25a3083c70fbcf26d4300f991b52e,bba359f11d0238fa85e7c378ac34c2cd,stable_with_minor_changes,exact,unknown,1.0,
8dcebbaa6b6047e3d8b5abb63d1e61a0,cda30abe0547d8da0d1ff2d1040186eb,stable_unchanged,exact,exact,1.0,1.0
8ddf217c0dfb5da4e20986d1acbe33eb,959cd1f29ce9e2efae57b9ec76818f8d,stable_unchanged,exact,exact,1.0,1.0
8e7e2b36d01118cfd960fc06aef93840,f41991b1c62d04564cc9f42720e84c4b,stable_unchanged,exact,exact,1.0,1.0
8f73a3675409f604be616ab899017e53,9d2dae7ac5ee5ea1ea4eabca7c1a37a3,stable_unchanged,exact,exact,1.0,1.0
8f73a3675409f604be616ab899017e53,f4e12b479de966de565e8d5602b1a6d0,stable_unchanged,exact,exact,1.0,1.0
8f76d6e5a94f6854a06dcc8e1bf78891,987efd16b88d11e8c250d77d2fb3af38,stable_unchanged,exact,exact,1.0,1.0
90aeeedc0dc05810892c88c56df6a160,f87ff74342a1fefc805bb9c810beefce,stable_unchanged,exact,exact,1.0,1.0
9103e82b047e3ff2fa49e4eff01b4a41,d2a1500a61f5bfbe50820c175a36e513,stable_with_minor_changes,unknown,exact,,1.0
91309440171d34fb08f4149516cd2722,e98726bce5b6e1d4d5bebee751a5b430,stable_unchanged,exact,exact,1.0,1.0
913e318da94b59a8d6046e4af2b110b2,dac83ab1cffc0e0f18a438e507be0f44,stable_unchanged,exact,exact,1.0,1.0
915ff298eb261d2f6dd824d264f04a04,f5050b0349de2b454d339649e23e7494,stable_unchanged,exact,exact,1.0,1.0
9180c2cfccb38276e3f65430ea98c122,f111d7c588ee26beaa71aead8a195831,stable_unchanged,exact,exact,1.0,1.0
918ae927c301957aaedb857d0aa8fefe,ffb75eb4928613088b8534563636b95c,stable_unchanged,exact,exact,1.0,1.0
91c2b68e9feec5a2ca2cff9ea811f79f,c587b0a73c81da27e7b406f2c8816b36,stable_unchanged,exact,exact,1.0,1.0
9239233fe11bacdcf0be885b7089bf5b,f14c7d8947b508e97b3948ba9a28072c,stable_unchanged,exact,exact,1.0,1.0
926a365deeb7635c57709d3e9272141f,d150ffbb3e6db806c69f96364b1c9527,stable_unchanged,exact,exact,1.0,1.0
932e32316887da9eaaa163e060e9da12,c20c2e1fa2aed5496916c6f7b707f73f,stable_with_minor_changes,exact,unknown,1.0,
93618f7515228c71c5c3dd1278fa80f8,d895ed03b90d0f89f936a3e61cafa4ea,stable_with_minor_changes,exact,unknown,1.0,
94a1b8d2f562b2350f62db72231204fa,9d17f8c3a60c24a349c0727ee7e9129a,stable_unchanged,exact,exact,1.0,1.0
94e042cfe4818099bdd5af92acc22c46,c6b799f7aeeb98864a11af71784cfcd8,stable_unchanged,exact,exact,1.0,1.0
950a462c5ad647d1ad212157df1003ee,b2defe37f0fbea093bf98874fcd42b51,stable_unchanged,exact,exact,1.0,1.0
9518ad9b0956aeb0763fe1295e1dc249,bbda2e17b848075b2e951f1309616bb2,stable_unchanged,exact,exact,1.0,1.0
9537430a9d74695a562100c99429ff6e,9537430a9d74695a562100c99429ff6e,stable_with_minor_changes,unknown,unknown,,
9586b6a449bcc0fb3d7979e9a21d27c5,dceb9cca7b96e8761bd5e7e920b4180e,stable_unchanged,exact,exact,1.0,1.0
962fde0527d7a83c42dd6bde97dcb706,ad77cbe6fae52bf675a8cdb71cacc6fc,stable_unchanged,exact,exact,1.0,1.0
96385f9b5348b79c469cedb6d1aa4b78,acee7c30b4c1330b786b237cfd2412f5,stable_with_minor_changes,unknown,unknown,,
96385f9b5348b79c469cedb6d1aa4b78,ed06254bb1daf2193cada281a5b7a772,stable_with_minor_changes,unknown,unknown,,
96385f9b5348b79c469cedb6d1aa4b78,eef87ad93302388d516651b8b1892978,stable_with_minor_changes,unknown,unknown,,
96577dea7f2f450b72531bef5e60b494,c537c5ad5facc693537ba9d3afe4db74,stable_with_minor_changes,unknown,unknown,,
9671abd388a00f8ad7d4ab7a7a9c6019,a9a79815b752984627bb06c9a36b7abc,stable_unchanged,exact,exact,1.0,1.0
9671abd388a00f8ad7d4ab7a7a9c6019,cb1c7cd0fdc3b8b1e350f1f8eceb2219,stable_unchanged,exact,exact,1.0,1.0
9674876bf79b007f75573a6c7de66751,9674876bf79b007f75573a6c7de66751,stable_with_minor_changes,unknown,unknown,,
9674876bf79b007f75573a6c7de66751,dde8c0690665b399aaa854473d4cfc9f,stable_with_minor_changes,unknown,exact,,1.0
96e5d428a057dc033d3e801f84050c9f,eee8e88dcf4dafe010a9a9c33607287b,stable_unchanged,exact,exact,1.0,1.0
9753f32ed32367d3ee3593a3e2475ffd,97a3f358b6062b5b2e0b2420a186635d,stable_unchanged,exact,exact,1.0,1.0
97645d95108d8a8a3681d7a07448687d,edf7d065a31f787685e85c865b7c04c9,stable_unchanged,exact,exact,1.0,1.0
97869f18b0c215e95642e8ea7687f3d0,f5050b0349de2b454d339649e23e7494,stable_unchanged,exact,exact,1.0,1.0
98312244a26e14effaf84d7941f62403,bdcb44ccc09a67da4e71695d738b1474,stable_unchanged,exact,exact,1.0,1.0
98312244a26e14effaf84d7941f62403,ef6c2e1883a717bb4e834dee82ef6cd3,stable_unchanged,exact,exact,1.0,1.0
986b7c385ddf9517584c45077aa90362,986b7c385ddf9517584c45077aa90362,stable_unchanged,exact,exact,1.0,1.0
98e9d172f774aad2b4cd32020ca5afc3,a8bda78a96318caeb571957936cd37ca,stable_unchanged,exact,exact,1.0,1.0
98e9d172f774aad2b4cd32020ca5afc3,ba184b5b2d338ee80d16e16d20410bde,stable_unchanged,exact,exact,1.0,1.0
98e9d172f774aad2b4cd32020ca5afc3,eb5ffa6ba9fb7f8a3a9d9315fc69b176,stable_unchanged,exact,exact,1.0,1.0
98f4b1c4cf6bf603467021d45fd57da0,e59f7d3d1500a2edec7abfbd89b5c371,stable_unchanged,exact,exact,1.0,1.0
98f7c874a2541195aa7d053a9a450716,a79e05c12899931056e5f98c06dc5051,stable_with_minor_changes,unknown,unknown,,
98f7c874a2541195aa7d053a9a450716,cd8ff1011b7264c7dcb2c71cb44f3aa3,stable_with_minor_changes,unknown,unknown,,
98f7c874a2541195aa7d053a9a450716,ce1648667936aa07c3972d2d39c8cb60,stable_with_minor_changes,unknown,unknown,,
98f7c874a2541195aa7d053a9a450716,d550d3bd27ed744db0664eaea5dc7b1e,stable_with_minor_changes,unknown,unknown,,
98f7c874a2541195aa7d053a9a450716,f19404df9778b0a84922bb8ee6d7c1b9,stable_with_minor_changes,unknown,unknown,,
99006a4c695b5d014e563a97fc811c13,d8587552a39aba241c195dcfe4235011,stable_unchanged,exact,exact,1.0,1.0
99006a4c695b5d014e563a97fc811c13,da5f627156c46b6b9412f394df491833,stable_unchanged,exact,exact,1.0,1.0
99006a4c695b5d014e563a97fc811c13,fbdc84517f2fbbb3983928f78a333c51,stable_with_minor_changes,exact,unknown,1.0,
9949ca6cc53e672654a19e388ebff6cd,f3e7a4b2947caa1eb74ccba990ae8fd9,stable_unchanged,exact,exact,1.0,1.0
99576733553057ab47a73f2c6b4e1c50,b4bcb15fc97abc847cc1a329af3c0769,stable_unchanged,exact,exact,1.0,1.0
99576733553057ab47a73f2c6b4e1c50,bcd9f30b03b37035a0bab127f4779a38,stable_unchanged,exact,exact,1.0,1.0
99576733553057ab47a73f2c6b4e1c50,c859cfaccba88e19c91abccc82963092,stable_unchanged,exact,exact,1.0,1.0
99576733553057ab47a73f2c6b4e1c50,f1569f0f332db7bf0f194f291d50b366,stable_unchanged,exact,exact,1.0,1.0
99576733553057ab47a73f2c6b4e1c50,f2877111eb043232593e71404bf8181d,stable_unchanged,exact,exact,1.0,1.0
99790562f2cee165208d84acefc492be,99d69f8f2489c93875cd5e433fc425d3,stable_unchanged,exact,exact,1.0,1.0
99853d3b5e64211717082e6bd712c39d,c178cde7088fc62609507e604c69eddc,stable_unchanged,exact,exact,1.0,1.0
99fc8f567b7a786285a28753cebf33b4,b2defe37f0fbea093bf98874fcd42b51,stable_unchanged,exact,exact,1.0,1.0
9a8e6597216c75f8071cddb29a4eceaa,9b8b3b4a8d8ca6df57ffadb3d1f392bf,stable_unchanged,exact,exact,1.0,1.0
9b30ef8570fd5c355218d5f5f0597a2e,dcd62e9a7fdef495e15ba0e1f0bfbe2e,stable_unchanged,exact,exact,1.0,1.0
9b8b3b4a8d8ca6df57ffadb3d1f392bf,a40d3f505f47782617ee70a9ceba2710,stable_unchanged,exact,exact,1.0,1.0
9c17ddba2dcb390a2651b4b991688e53,e49b2e5a22a6877e6fbbda3587602f60,stable_unchanged,token_hash,token_hash,1.0,1.0
9c60d7db96999800cc1e26710c7196d7,a67de8962d870be9f3fa8c12a1d8c5ed,stable_unchanged,exact,exact,1.0,1.0
9ce99b00d838270a33add7f2b945daac,c7d27dd32a6d9c3e90311dd21dcbc3e8,stable_unchanged,exact,exact,1.0,1.0
9d1fccfe945ca758eb4426b54e593efc,ee7417b8692349e69361c5a02a99a79c,stable_unchanged,exact,exact,1.0,1.0
9d2dae7ac5ee5ea1ea4eabca7c1a37a3,9fc93d561e5fc5f6dfb7461e9593f8da,stable_unchanged,exact,exact,1.0,1.0
9d2dae7ac5ee5ea1ea4eabca7c1a37a3,c0b578dce5e6c0002f85cac9e8ef5bc8,stable_unchanged,exact,exact,1.0,1.0
9d2dae7ac5ee5ea1ea4eabca7c1a37a3,f4e12b479de966de565e8d5602b1a6d0,stable_unchanged,exact,exact,1.0,1.0
9d2db67c9e99927bff188343ab13a4b8,b3b047e45e4c5caba26b91440bbed4b1,stable_unchanged,exact,exact,1.0,1.0
9de71449ed22ad205dd58051a19f11f8,e71e9bdb8cc625f674d29b25806ecfcf,stable_unchanged,exact,exact,1.0,1.0
9e35f2d6f9b070d967c35885b416ec92,b833d3894171dcc5ff11ed170b59bdbe,stable_unchanged,exact,exact,1.0,1.0
9e803f1a0e311e64bcb71f1ba28dc25c,f25c705672be34ca864e386ea6808c6c,stable_unchanged,exact,exact,1.0,1.0
9eb1e6f01da0d43b5ab5502349848364,e465ad7600c5e256d9007736f08e3d9d,stable_with_minor_changes,unknown,exact,,1.0
9edc7d1be8fb5da3f234d7cc074d7962,dc1fa6908933f9ea77c5c97acb0df95e,stable_unchanged,exact,exact,1.0,1.0
9ee5945bbdbebe8f609886878b65225d,b2defe37f0fbea093bf98874fcd42b51,stable_unchanged,exact,exact,1.0,1.0
9f0c675074301998bdec52a11adbcd14,dd178c4e3be64aabdd03ca7c72524513,stable_unchanged,exact,exact,1.0,1.0
9f59df43a23142bc9344707f383dc97c,aa75aa233ecae2433d8567b30860f50a,stable_unchanged,exact,exact,1.0,1.0
9f6feb184365b67f5161ba08626f7fae,bc823fd15a22cc07ed7b42f895961e2a,stable_unchanged,exact,exact,1.0,1.0
9fc93d561e5fc5f6dfb7461e9593f8da,c0b578dce5e6c0002f85cac9e8ef5bc8,stable_unchanged,exact,exact,1.0,1.0
a002b01245f71bbd18b3b05d7bdea2fa,ddc4a6c342996cdb6321f43575d0dc32,stable_unchanged,exact,exact,1.0,1.0
a0105277e8f3aa14380104617287182d,db44caabc0ecefa3bd3d4b169622627a,stable_unchanged,exact,exact,1.0,1.0
a021b90ee8f88e30992acbeee11e0849,c8633da4f8036fcedafe48dfae421d76,stable_unchanged,exact,exact,1.0,1.0
a06a55553759747bb9c67e0ddfd9eb88,f55389482d802f17d5855e5aa7cd323f,stable_with_minor_changes,exact,unknown,1.0,
a083967c224a9014b032ae8fd8d90ca2,ca7077ca2e9d563e3006213e15ab5e42,stable_unchanged,exact,exact,1.0,1.0
a0bbaab97643642d2b93e30d5cef62ab,f54ff588b90779c56a1e27291c485668,stable_unchanged,exact,exact,1.0,1.0
a0d388a1c554c14804dca39c83812591,ee8f2d305a7d95257e64005adc9afa83,stable_unchanged,exact,exact,1.0,1.0
a0d388a1c554c14804dca39c83812591,f174b8202fe6afb1ea167afdafd8a69e,stable_unchanged,exact,exact,1.0,1.0
a0d388a1c554c14804dca39c83812591,fe54389df1a3b70a88487c710e99e061,stable_unchanged,exact,exact,1.0,1.0
a134c1d68941c8bd26e01cbed6b7e472,dd178c4e3be64aabdd03ca7c72524513,stable_unchanged,exact,exact,1.0,1.0
a1418cd96883fb33ccca1c0a9f862512,dfb6bf4952800eaf2a915a57d16db921,stable_unchanged,exact,exact,1.0,1.0
a17755645cd1eed08536979c0c72c792,f40315c29489cccaaf4ebdbe6cf741bc,stable_with_minor_changes,exact,unknown,1.0,
a17755645cd1eed08536979c0c72c792,fcd803077fd2090becc30ebc1bc8697e,stable_with_minor_changes,exact,unknown,1.0,
a1a09beb870e006771a3983b5f59d427,c992c1c0170486a16df99437277d73aa,stable_unchanged,exact,exact,1.0,1.0
a1f148583416034c03b3cbb4955ae67c,ccc06d826ab74b8c15ba2e88805c45db,stable_unchanged,exact,exact,1.0,1.0
a203d78682d1570cbaf65672b0400138,a80cc2b6b270501d69176c993d76d0cd,stable_unchanged,exact,exact,1.0,1.0
a2b8a5feec729a37a39ad2a09fd97e8d,aa20546bec3cc45e496a5b642e595321,stable_unchanged,exact,exact,1.0,1.0
a2b8a5feec729a37a39ad2a09fd97e8d,cabf71fbf7e644b0d22c7e71e3c8241f,stable_unchanged,exact,exact,1.0,1.0
a30f8e1373cd54960c77595d01ba4a15,aaadd7b97fce0fe9e8d74291f20d0541,stable_unchanged,exact,exact,1.0,1.0
a337b26c5202c486afc9ef9c8920517e,c9f498d8ced6d6c03906b1762b0fa377,stable_with_minor_changes,unknown,exact,,1.0
a337b26c5202c486afc9ef9c8920517e,e351ac5a6b3cbf5198adfa9b913e3f6a,stable_with_minor_changes,unknown,exact,,1.0
a36e958d683d6024109ee4428c1bf6cd,d59dd46e47707a6f9abfbb18418b01b5,stable_unchanged,exact,exact,1.0,1.0
a3c98212ccea4daed81556505fe6c37d,b7af529a6a212f585eb646e10bf2c374,stable_unchanged,exact,exact,1.0,1.0
a3c98212ccea4daed81556505fe6c37d,ebb732e3afce606d674d8fe8af7d7ad2,stable_unchanged,exact,exact,1.0,1.0
a406b8ccc6eef8f7c03749f73843f17c,e0d5cff379ee796af77c86c0be3796fa,stable_unchanged,exact,exact,1.0,1.0
a407058a8e31686cc5d6c11faa691e82,a8282f7ac20dc4edb71f643dfd51a585,stable_unchanged,exact,exact,1.0,1.0
a4acd846906a317963a720fbc35a2a1d,cbd354a99900179b01917c4b973477a9,stable_unchanged,exact,exact,1.0,1.0
a4cbedc8abff7d8ba469dbcda84ee900,c1d3c64be703c427f5f1d661568148fe,stable_unchanged,exact,exact,1.0,1.0
a535ad7899bcd8cdb7f90ac2f28dd965,d09a709c64ffbb1aff2897eacbafcd64,stable_unchanged,exact,exact,1.0,1.0
a59726eb623857fdd1c5dd6975b33821,c9157fbc150c014bc25f184609ca9a91,stable_unchanged,exact,exact,1.0,1.0
a614ceb3dd28e24a384f70846b3d217f,b1d08916b45fc20c296cdf196a9310b2,stable_unchanged,exact,exact,1.0,1.0
a64c89b46af6ff1b4193f9ba0fae012b,f029aa7e4a09237f47c1e5b52225f787,stable_unchanged,exact,exact,1.0,1.0
a65f39826725b578cf2ca88f6ba0b975,ede3e427492fd906b25f815a96c072d6,stable_unchanged,exact,exact,1.0,1.0
a67004da14e412f39bdf954b028e320b,e6ae0e4b9c4c834cf04bedf2365b50d0,stable_with_minor_changes,unknown,unknown,,
a79e05c12899931056e5f98c06dc5051,cbb2c52e20327e97902b4b521d0d7b95,stable_with_minor_changes,unknown,exact,,1.0
a79e05c12899931056e5f98c06dc5051,d2f3aa86b2b2186e1b0b2f4037262418,stable_with_minor_changes,unknown,unknown,,
a79e05c12899931056e5f98c06dc5051,d550d3bd27ed744db0664eaea5dc7b1e,stable_with_minor_changes,unknown,unknown,,
a79e05c12899931056e5f98c06dc5051,f19404df9778b0a84922bb8ee6d7c1b9,stable_with_minor_changes,unknown,unknown,,
a83edae834fde2e1ef6e1e17e9dbc461,bc5bdbf3ab63827d94d71468b9c20f97,stable_unchanged,exact,exact,1.0,1.0
a83edae834fde2e1ef6e1e17e9dbc461,be8287330d3aaaddec7075c246e53406,stable_unchanged,exact,exact,1.0,1.0
a850919ef1ea486ea63496d014df0ed7,ba7b438aa50a7840194d6e12064f8526,stable_unchanged,exact,exact,1.0,1.0
a8bda78a96318caeb571957936cd37ca,ba184b5b2d338ee80d16e16d20410bde,stable_unchanged,exact,exact,1.0,1.0
a8bda78a96318caeb571957936cd37ca,eb5ffa6ba9fb7f8a3a9d9315fc69b176,stable_unchanged,exact,exact,1.0,1.0
a8fe6db90cc6d38399b8d9b5d5e1c017,bb06e929d2030419dee8f37bd57c499b,stable_unchanged,exact,exact,1.0,1.0
a97aeb65526e73a1eecaaa1036a748a2,fc37cd5d95dd29ec53965ad0a7a5c0eb,stable_unchanged,exact,exact,1.0,1.0
a99b3b9643b5fe3ded9d97f70a5761af,b834aa93adba57b1ab51fd33f11b05d8,stable_unchanged,exact,exact,1.0,1.0
a99b3b9643b5fe3ded9d97f70a5761af,ee8b18ebf85d19c1d2ed883082f6e4e9,stable_unchanged,exact,exact,1.0,1.0
a9a79815b752984627bb06c9a36b7abc,cb1c7cd0fdc3b8b1e350f1f8eceb2219,stable_unchanged,exact,exact,1.0,1.0
a9ab6cf2a0bac47918d6ec4665623b88,b826f6656737752c9f8de3780dc8037f,stable_unchanged,exact,exact,1.0,1.0
a9ab6cf2a0bac47918d6ec4665623b88,cc72c48afda21c6bc8d458d88cdb1052,stable_unchanged,exact,exact,1.0,1.0
a9c95fd1317f1045fba4409d05fc5a04,ad92f1680182bc8512a2057db0fd7632,stable_unchanged,exact,exact,1.0,1.0
aa20546bec3cc45e496a5b642e595321,cabf71fbf7e644b0d22c7e71e3c8241f,stable_unchanged,exact,exact,1.0,1.0
aa20546bec3cc45e496a5b642e595321,d2b7b354e4fe21abd7464a51f88e8f49,stable_unchanged,exact,exact,1.0,1.0
aa396d86e7169c3d59ea52c9f96f4473,c5716aa1aa8da734c607c36afe14637a,stable_unchanged,exact,exact,1.0,1.0
aa808b5da06328a23ed32fc56f3ab479,c774b9a6bc994e621476b0ad765860de,stable_unchanged,exact,exact,1.0,1.0
aa9a0ebc3dca44be855cc049780b4e93,c58aa0637c2cc5f23f8d096c88365494,stable_unchanged,exact,exact,1.0,1.0
aac21e2762dcc59b6b59530d4ffb2305,d3fb9c14f0a4ce345bf4f8e590e26ab1,stable_unchanged,exact,exact,1.0,1.0
aac21e2762dcc59b6b59530d4ffb2305,d66a5d9bd013599cc08d7c00c4c9ed63,stable_unchanged,exact,exact,1.0,1.0
ab0d9a149d31eb88b4d4352081ba3f80,dc30168cab9db6f0f6df788df789ce23,stable_unchanged,exact,exact,1.0,1.0
ab28fa3a4866837983ab5c12ca3dcf51,bd211994114cbceb842ba1b954760ea4,stable_unchanged,exact,exact,1.0,1.0
ab28fa3a4866837983ab5c12ca3dcf51,f8c6b93c69f022df57bc9b9d7ad633eb,stable_unchanged,exact,exact,1.0,1.0
ab859376bb3b92d82a7df5307aa7aee0,d93b227c7305762909308f3820fb48e8,stable_with_minor_changes,unknown,unknown,,
abd18900a5e5b1f6b2daad66025a1c19,c4606d083a06c5b8c373024621d5fe25,stable_unchanged,exact,exact,1.0,1.0
abd18900a5e5b1f6b2daad66025a1c19,d53370c8d4583539454b7e686f4bf24d,stable_unchanged,exact,exact,1.0,1.0
abd18900a5e5b1f6b2daad66025a1c19,e335f4587754cb6c0b80e1108d3f108f,stable_unchanged,exact,exact,1.0,1.0
abd18900a5e5b1f6b2daad66025a1c19,f994618c4929b77ed21a7897c5abc783,stable_unchanged,exact,exact,1.0,1.0
abd18900a5e5b1f6b2daad66025a1c19,fec23d57a2771f24bd3fce951ab87ded,stable_unchanged,exact,exact,1.0,1.0
ac36c94e00d60934a23d3ef09d7c40f3,db79cafff4cc862ac3d1bbb717438744,stable_unchanged,exact,exact,1.0,1.0
aca0c67221d5ddd0114bfccfcae14e48,ded7cad8f4b23e1567ad7c497edf4839,stable_unchanged,exact,exact,1.0,1.0
aca0c67221d5ddd0114bfccfcae14e48,f432c256a87a8541aa14ef94e6def926,stable_unchanged,exact,exact,1.0,1.0
acee7c30b4c1330b786b237cfd2412f5,b0fef8bf7b01e4e89a6a8c82de36c67c,stable_with_minor_changes,unknown,exact,,1.0
acee7c30b4c1330b786b237cfd2412f5,ed06254bb1daf2193cada281a5b7a772,stable_with_minor_changes,unknown,unknown,,
acee7c30b4c1330b786b237cfd2412f5,eef87ad93302388d516651b8b1892978,stable_with_minor_changes,unknown,unknown,,
ad7e19894522a27810333fa7eae3275f,dafafe134bfbe2f610706f86e1037d7d,stable_unchanged,exact,exact,1.0,1.0
ae14fcee8d107520dce9a38a0f9e8dd6,d4628a9c0c22eee62ef2ba78f2b17c8f,stable_unchanged,exact,exact,1.0,1.0
ae62be5f3c5bc7e7f4f7ca28e916be57,c712196a5c0d8193901baf62f229fe7f,stable_unchanged,exact,exact,1.0,1.0
ae62be5f3c5bc7e7f4f7ca28e916be57,e9dd271743e172c9c87554e0b93e2c68,stable_unchanged,exact,exact,1.0,1.0
ae73946d11cef36c24cab516701cb9d4,ede3ea7b2bdd9f424ebf88dc8ae29f20,stable_unchanged,exact,exact,1.0,1.0
af06e583ef42d1f262014f347d18bed7,c34fb5d3828e898bc3e6e6a7d44e0816,stable_unchanged,exact,exact,1.0,1.0
af06e583ef42d1f262014f347d18bed7,d09629f22c29c214af83d03742b1be92,stable_unchanged,exact,exact,1.0,1.0
af06e583ef42d1f262014f347d18bed7,d817fc759fd925b25f833a493f9b6882,stable_unchanged,exact,exact,1.0,1.0
af06e583ef42d1f262014f347d18bed7,daf05783ae532c2db4315a89036c3bc8,stable_unchanged,exact,exact,1.0,1.0
af06e583ef42d1f262014f347d18bed7,dcf710abe2b117d6c20589f91b339e3e,stable_unchanged,exact,exact,1.0,1.0
af06e583ef42d1f262014f347d18bed7,e2dd215686f32195b0bcf7f6ff791fec,stable_unchanged,exact,exact,1.0,1.0
af06e583ef42d1f262014f347d18bed7,e47ab97fdb038d5e2e5e36d2a498d9a5,stable_unchanged,exact,exact,1.0,1.0
afd7bc9ae8f1fe7fcd3485658aafbf9d,d93b227c7305762909308f3820fb48e8,stable_with_minor_changes,unknown,unknown,,
b014becc105855fbd352eea2d272050e,c178cde7088fc62609507e604c69eddc,stable_unchanged,exact,exact,1.0,1.0
b0990e55544e35e9e5ebfada35c3478b,e71eb6b5afa6b259222f236d08ba0d55,stable_unchanged,exact,exact,1.0,1.0
b0e0e8cea2b088c9c690f1e6baa9f39f,de2e243f2a5ec5fa39e69fdf4188ec9c,stable_unchanged,exact,exact,1.0,1.0
b0fef8bf7b01e4e89a6a8c82de36c67c,ed06254bb1daf2193cada281a5b7a772,stable_with_minor_changes,exact,unknown,1.0,
b193ba8e1c5d14c61c942065a492a57f,c611652eeef3768467cb863e43eb4854,stable_unchanged,exact,exact,1.0,1.0
b218a349c1d5e9667474ffb9a270caf2,d870a660e8b53b908b0c4d563ecc0fcd,stable_unchanged,exact,exact,1.0,1.0
b2b03fbaa0687fc5ed49cd8d76412f71,c34fb5d3828e898bc3e6e6a7d44e0816,stable_unchanged,exact,exact,1.0,1.0
b2b03fbaa0687fc5ed49cd8d76412f71,d09629f22c29c214af83d03742b1be92,stable_unchanged,exact,exact,1.0,1.0
b2b03fbaa0687fc5ed49cd8d76412f71,d817fc759fd925b25f833a493f9b6882,stable_unchanged,exact,exact,1.0,1.0
b2b03fbaa0687fc5ed49cd8d76412f71,daf05783ae532c2db4315a89036c3bc8,stable_unchanged,exact,exact,1.0,1.0
b2b03fbaa0687fc5ed49cd8d76412f71,e2dd215686f32195b0bcf7f6ff791fec,stable_unchanged,exact,exact,1.0,1.0
b2b03fbaa0687fc5ed49cd8d76412f71,e47ab97fdb038d5e2e5e36d2a498d9a5,stable_unchanged,exact,exact,1.0,1.0
b2e91914ed4d55ef13710decce71e925,b84ed48518b0b44767f27f76f9a67f1e,stable_with_minor_changes,exact,unknown,1.0,
b3123a1a259636bb754c4f73832d1e92,ce8227208701a417d468ece78f030ef7,stable_unchanged,exact,exact,1.0,1.0
b369d377e0b4ac5eec5c5ed0bb69a029,f5ff0e9e8a75dad269fa95bc19f57181,stable_unchanged,exact,exact,1.0,1.0
b37d2312f1d9472e21bb414cdabda0dc,b37d2312f1d9472e21bb414cdabda0dc,stable_unchanged,exact,exact,1.0,1.0
b37d2312f1d9472e21bb414cdabda0dc,bf785c7c6be79ef5e26d347e0d1c422f,stable_unchanged,exact,exact,1.0,1.0
b491e24c283c52b1c87780054f4aa04b,fd072e92a163eeb4c0fb73e9192a1cec,stable_unchanged,exact,exact,1.0,1.0
b4bcb15fc97abc847cc1a329af3c0769,bcd9f30b03b37035a0bab127f4779a38,stable_unchanged,exact,exact,1.0,1.0
b4bcb15fc97abc847cc1a329af3c0769,c859cfaccba88e19c91abccc82963092,stable_unchanged,exact,exact,1.0,1.0
b4bcb15fc97abc847cc1a329af3c0769,f1569f0f332db7bf0f194f291d50b366,stable_unchanged,exact,exact,1.0,1.0
b4bcb15fc97abc847cc1a329af3c0769,f2877111eb043232593e71404bf8181d,stable_unchanged,exact,exact,1.0,1.0
b6151282b4fc155d6465d913eb46c6f6,c0169c24679398ce654485955c3d7277,stable_with_minor_changes,exact,unknown,1.0,
b66e47c665e8fa99677481534b2323d2,c3fac8c8d13342855ba5ad4235c53afd,stable_unchanged,exact,exact,1.0,1.0
b6f01cd4d787cf7b871904565f232b9d,b6fea0a8b147e73110dc725ed37651fe,stable_unchanged,exact,exact,1.0,1.0
b7709cfc60525bbbf9c2aa4e8851e55d,beb583b2be0d52675b18ba2c82759ba9,stable_with_minor_changes,unknown,exact,,1.0
b7709cfc60525bbbf9c2aa4e8851e55d,d7dd352725bff70197c623ca2c6f0e29,stable_with_minor_changes,unknown,exact,,1.0
b7709cfc60525bbbf9c2aa4e8851e55d,ec0d63c98bd48240654acb52172090ac,stable_with_minor_changes,unknown,unknown,,
b7af529a6a212f585eb646e10bf2c374,ebb732e3afce606d674d8fe8af7d7ad2,stable_unchanged,exact,exact,1.0,1.0
b7bd3a57b538fd3d0e1e3acdd91cb20b,cbc34221287df23e611e2b891b636ed7,stable_unchanged,exact,exact,1.0,1.0
b826f6656737752c9f8de3780dc8037f,cc72c48afda21c6bc8d458d88cdb1052,stable_unchanged,exact,exact,1.0,1.0
b868638a58e7e7f8eabacdcc84c698f0,cba29bb1efab5a4f5cf8093764843b57,stable_unchanged,exact,exact,1.0,1.0
b8d69f50fbf07d74e5348d04744791fb,fd8a06a5f5f803ec34158ce2bbf15f82,stable_unchanged,exact,exact,1.0,1.0
b95bc0cc6cdd2820202269d841451c68,f832c4589043262bf8da62e8b1627b97,stable_unchanged,exact,exact,1.0,1.0
b980605e951c594a1abc95602769be0e,d91f4457f56d4644a18ca6849e1d7c71,stable_unchanged,exact,exact,1.0,1.0
b9d3c653c0e13629327ece0f619b6cb4,ede3ea7b2bdd9f424ebf88dc8ae29f20,stable_unchanged,exact,exact,1.0,1.0
ba182fcd865b40f7c1e3bbf53128d10d,cbfe9813b82b4767e3ab936ee27643bc,stable_unchanged,exact,exact,1.0,1.0
ba182fcd865b40f7c1e3bbf53128d10d,d59dd46e47707a6f9abfbb18418b01b5,stable_unchanged,exact,exact,1.0,1.0
ba182fcd865b40f7c1e3bbf53128d10d,f600ec2308cec57bfdaeb71f5a9ec0df,stable_unchanged,exact,exact,1.0,1.0
ba184b5b2d338ee80d16e16d20410bde,eb5ffa6ba9fb7f8a3a9d9315fc69b176,stable_unchanged,exact,exact,1.0,1.0
ba851e0162196616fdeb099d1090b2c7,e0cdb2fae3154b9aa946e95b40f64167,stable_unchanged,exact,exact,1.0,1.0
baa88fb1c8420c1219de35e7a03168a0,c9728713969be15c287426d778b8aabf,stable_unchanged,exact,exact,1.0,1.0
bc5bdbf3ab63827d94d71468b9c20f97,be8287330d3aaaddec7075c246e53406,stable_unchanged,exact,exact,1.0,1.0
bcd9f30b03b37035a0bab127f4779a38,c859cfaccba88e19c91abccc82963092,stable_unchanged,exact,exact,1.0,1.0
bcd9f30b03b37035a0bab127f4779a38,f1569f0f332db7bf0f194f291d50b366,stable_unchanged,exact,exact,1.0,1.0
bcd9f30b03b37035a0bab127f4779a38,f2877111eb043232593e71404bf8181d,stable_unchanged,exact,exact,1.0,1.0
bd211994114cbceb842ba1b954760ea4,f8c6b93c69f022df57bc9b9d7ad633eb,stable_unchanged,exact,exact,1.0,1.0
bd8cdec8ccd120a02c9ef6ab121486f5,c5f74d523c92fa0300b9ce1f63a59542,stable_unchanged,exact,exact,1.0,1.0
bd8cdec8ccd120a02c9ef6ab121486f5,fa528c0eaf9be4d677f81316d4b2fb35,stable_unchanged,exact,exact,1.0,1.0
bdcb44ccc09a67da4e71695d738b1474,ef6c2e1883a717bb4e834dee82ef6cd3,stable_unchanged,exact,exact,1.0,1.0
bdcf079fac7cd9e77d916e63740fb3dd,d89593aee5c4aeaa7bdff6d61fa8399e,stable_unchanged,exact,exact,1.0,1.0
be09d27197ccab3533c7399b20a7d59e,cd2207cbe95d9dedd986d3313b2fc10e,stable_unchanged,exact,exact,1.0,1.0
be143c60a66af014862af05ec2a1ad66,c8ee2016fb3c533ada23816d23f37660,stable_with_minor_changes,exact,unknown,1.0,
be70d228ea083aca2b96651d87dea581,c8633da4f8036fcedafe48dfae421d76,stable_unchanged,exact,exact,1.0,1.0
beb583b2be0d52675b18ba2c82759ba9,d7dd352725bff70197c623ca2c6f0e29,stable_unchanged,exact,exact,1.0,1.0
beb583b2be0d52675b18ba2c82759ba9,ec0d63c98bd48240654acb52172090ac,stable_with_minor_changes,exact,unknown,1.0,
bf33e5272b5e108941876cd6eb998434,f120ee7c83e08bdc40d6cd69de226212,stable_unchanged,exact,exact,1.0,1.0
bfa716aff8124501c39bfe29859853a2,f1f0a62bd2e789e30204144bcf419e69,stable_unchanged,exact,exact,1.0,1.0
bfd05076063c74224e3e95aa6f2fa7d9,c834dc89715bdfebb21c42ca8ec7301a,stable_unchanged,exact,exact,1.0,1.0
c035a33aa5d33e438f6924c70ddbd3fd,d58044e17f5dca2d6ee89f8be7b96923,stable_unchanged,exact,exact,1.0,1.0
c0bcea7ad8fa22b1bcfd2fb3850c3c88,ec6858e272bc0ab222c0c2e92bb2b7ee,stable_unchanged,exact,exact,1.0,1.0
c127a5b2b7195065b619184345f276c9,ca7bdb3665db063226cd40fe66cf8622,stable_unchanged,exact,exact,1.0,1.0
c13498a8e446752ded7b5743d35e1f56,f03b19e9d18be858a37e304b11cd79de,stable_unchanged,exact,exact,1.0,1.0
c13498a8e446752ded7b5743d35e1f56,f35bd626410bf49fdb7818feb6e47100,stable_unchanged,exact,exact,1.0,1.0
c178cde7088fc62609507e604c69eddc,d4b68ebd2fe07dcb93af72ab82a936bc,stable_unchanged,exact,exact,1.0,1.0
c178cde7088fc62609507e604c69eddc,eee8e88dcf4dafe010a9a9c33607287b,stable_unchanged,exact,exact,1.0,1.0
c1d3c64be703c427f5f1d661568148fe,e3e4d68cb433ba61dfa9e0baae50a2ee,stable_unchanged,exact,exact,1.0,1.0
c34fb5d3828e898bc3e6e6a7d44e0816,d09629f22c29c214af83d03742b1be92,stable_unchanged,exact,exact,1.0,1.0
c34fb5d3828e898bc3e6e6a7d44e0816,d817fc759fd925b25f833a493f9b6882,stable_unchanged,exact,exact,1.0,1.0
c34fb5d3828e898bc3e6e6a7d44e0816,daf05783ae532c2db4315a89036c3bc8,stable_unchanged,exact,exact,1.0,1.0
c34fb5d3828e898bc3e6e6a7d44e0816,dcf710abe2b117d6c20589f91b339e3e,stable_unchanged,exact,exact,1.0,1.0
c34fb5d3828e898bc3e6e6a7d44e0816,e2dd215686f32195b0bcf7f6ff791fec,stable_unchanged,exact,exact,1.0,1.0
c34fb5d3828e898bc3e6e6a7d44e0816,e47ab97fdb038d5e2e5e36d2a498d9a5,stable_unchanged,exact,exact,1.0,1.0
c37bf243ff153d670d02dc41db6182ec,ce119ad75cd5f8e8b19b0542a47e2eb3,stable_unchanged,exact,exact,1.0,1.0
c3d0b7f7a1a64fd5382189a53515c8a9,fb2936a1b177c091249eedc2b761e723,stable_unchanged,exact,exact,1.0,1.0
c4118b0064f3886a7c243fdd3a0dc6d6,ed9a4db57fea43356e33f55ed7fc0601,stable_unchanged,exact,exact,1.0,1.0
c45accf20ed83d8c92ae61c9deda76c2,e6ca8e22f773591b48e87465d3153a60,stable_unchanged,exact,exact,1.0,1.0
c4606d083a06c5b8c373024621d5fe25,d53370c8d4583539454b7e686f4bf24d,stable_unchanged,exact,exact,1.0,1.0
c4606d083a06c5b8c373024621d5fe25,e335f4587754cb6c0b80e1108d3f108f,stable_unchanged,exact,exact,1.0,1.0
c4606d083a06c5b8c373024621d5fe25,f994618c4929b77ed21a7897c5abc783,stable_unchanged,exact,exact,1.0,1.0
c4677d0b4cf7b08680ff67eb28e62175,cd9b389437737a3694739f3bba040892,stable_unchanged,exact,exact,1.0,1.0
c46c6fb2b71f7d23111802f9e92a5ccb,d36bc62ce6f5c0c8e81855836a46b033,stable_unchanged,exact,exact,1.0,1.0
c46c6fb2b71f7d23111802f9e92a5ccb,eef7426aaad8373d6e6b4681189a0495,stable_unchanged,exact,exact,1.0,1.0
c5c556e04d86d31b6b3bff8474cd8588,ef19acb17e189908d0f47f96c282ab74,stable_with_minor_changes,exact,unknown,1.0,
c5f74d523c92fa0300b9ce1f63a59542,fa528c0eaf9be4d677f81316d4b2fb35,stable_unchanged,exact,exact,1.0,1.0
c649de8c7926e8a766591aacdc4b611f,dc09beab7dfdbfa8ba8bd02cf562b497,stable_unchanged,exact,exact,1.0,1.0
c712196a5c0d8193901baf62f229fe7f,e9dd271743e172c9c87554e0b93e2c68,stable_unchanged,exact,exact,1.0,1.0
c767ea106e7ad003ea2ec75c7936caa4,f608859669a9e96ddcc54acb6f45b208,stable_unchanged,exact,exact,1.0,1.0
c7cd54a0d3902c89ea369f8bfa398e15,f945de5626cd569b19e66e2d8dd69fd0,stable_unchanged,exact,exact,1.0,1.0
c859cfaccba88e19c91abccc82963092,f1569f0f332db7bf0f194f291d50b366,stable_unchanged,exact,exact,1.0,1.0
c859cfaccba88e19c91abccc82963092,f2877111eb043232593e71404bf8181d,stable_unchanged,exact,exact,1.0,1.0
c899ca9d05e21aa4bc56e4f6f0ff5949,ed9a4db57fea43356e33f55ed7fc0601,stable_unchanged,exact,exact,1.0,1.0
c94559bd602d3a6e11172bf194625b0c,fe505b9a2e1103a6491c4cfc229c7f03,stable_unchanged,exact,exact,1.0,1.0
c947f3a44073d5ea2e1424a923bd5f58,d5a14308a7380a07fefebc67659dd8ad,stable_unchanged,exact,exact,1.0,1.0
c9704cb315c9106d87f8a3e8cc99e345,f78173ca68cf5a0fdd0e9c0ad4648ad7,stable_unchanged,exact,exact,1.0,1.0
c9752daa60f41e608222164d0f06b497,e997276c917f9de79f13981b1dce9876,stable_unchanged,exact,exact,1.0,1.0
c9752daa60f41e608222164d0f06b497,fead7a5c7ac57f6d4f79ff242909cfab,stable_unchanged,exact,exact,1.0,1.0
cbb2c52e20327e97902b4b521d0d7b95,cd8ff1011b7264c7dcb2c71cb44f3aa3,stable_with_minor_changes,exact,unknown,1.0,
cbb2c52e20327e97902b4b521d0d7b95,d2f3aa86b2b2186e1b0b2f4037262418,stable_with_minor_changes,exact,unknown,1.0,
cbb2c52e20327e97902b4b521d0d7b95,d550d3bd27ed744db0664eaea5dc7b1e,stable_with_minor_changes,exact,unknown,1.0,
cbb2c52e20327e97902b4b521d0d7b95,f19404df9778b0a84922bb8ee6d7c1b9,stable_with_minor_changes,exact,unknown,1.0,
cbfe9813b82b4767e3ab936ee27643bc,d59dd46e47707a6f9abfbb18418b01b5,stable_unchanged,exact,exact,1.0,1.0
cbfe9813b82b4767e3ab936ee27643bc,f600ec2308cec57bfdaeb71f5a9ec0df,stable_unchanged,exact,exact,1.0,1.0
cc30138b62188b46068a9ba1349cd7fb,f5050b0349de2b454d339649e23e7494,stable_unchanged,exact,exact,1.0,1.0
cc34cc7c10b3783c6705d456e8d4be4d,eee8e88dcf4dafe010a9a9c33607287b,stable_unchanged,exact,exact,1.0,1.0
cd8ff1011b7264c7dcb2c71cb44f3aa3,ce1648667936aa07c3972d2d39c8cb60,stable_with_minor_changes,unknown,unknown,,
cd8ff1011b7264c7dcb2c71cb44f3aa3,d2f3aa86b2b2186e1b0b2f4037262418,stable_with_minor_changes,unknown,unknown,,
cd9b389437737a3694739f3bba040892,d5fafe9f35d22508fe53a29f59ecf673,stable_unchanged,exact,exact,1.0,1.0
cd9b389437737a3694739f3bba040892,d97bdad086f08351febc702c60ebb030,stable_unchanged,exact,exact,1.0,1.0
cd9b389437737a3694739f3bba040892,e522988bda8128fbc654566846f46f71,stable_unchanged,exact,exact,1.0,1.0
cea2f8ec3f49dae82b174f77070c5585,f3059ccd8b8f5fad1b0c81577b95ac5e,stable_unchanged,exact,exact,1.0,1.0
d09629f22c29c214af83d03742b1be92,d817fc759fd925b25f833a493f9b6882,stable_unchanged,exact,exact,1.0,1.0
d09629f22c29c214af83d03742b1be92,daf05783ae532c2db4315a89036c3bc8,stable_unchanged,exact,exact,1.0,1.0
d09629f22c29c214af83d03742b1be92,dcf710abe2b117d6c20589f91b339e3e,stable_unchanged,exact,exact,1.0,1.0
d09629f22c29c214af83d03742b1be92,e2dd215686f32195b0bcf7f6ff791fec,stable_unchanged,exact,exact,1.0,1.0
d09629f22c29c214af83d03742b1be92,e47ab97fdb038d5e2e5e36d2a498d9a5,stable_unchanged,exact,exact,1.0,1.0
d2b7b354e4fe21abd7464a51f88e8f49,e2dcdc9626806cafb0de9b67816fa00d,stable_unchanged,exact,exact,1.0,1.0
d2dddad5eff9b9600052d1ca37d25fc3,da9d1616fa811e0dd60cb5555f05fa2e,stable_unchanged,exact,exact,1.0,1.0
d2dddad5eff9b9600052d1ca37d25fc3,feb76765b322ba49c62c61f0ae6f23d9,stable_unchanged,exact,exact,1.0,1.0
d2f3aa86b2b2186e1b0b2f4037262418,f19404df9778b0a84922bb8ee6d7c1b9,stable_with_minor_changes,unknown,unknown,,
d36bc62ce6f5c0c8e81855836a46b033,eef7426aaad8373d6e6b4681189a0495,stable_unchanged,exact,exact,1.0,1.0
d39ce8ce744d25b43161ce52c2394d7d,fd8c2c0c702dd9cbc4f44e20814680b0,stable_unchanged,exact,exact,1.0,1.0
d3e350759a82840432c48717a1047b60,e8b0bf53de98a85c3aff8ece0eb47098,stable_with_minor_changes,exact,unknown,1.0,
d4191a656b61619eb2a833441ff1c9ee,e38d88927eb81b7c882d48a6e5d88c0e,stable_unchanged,exact,exact,1.0,1.0
d53370c8d4583539454b7e686f4bf24d,e335f4587754cb6c0b80e1108d3f108f,stable_unchanged,exact,exact,1.0,1.0
d53370c8d4583539454b7e686f4bf24d,f994618c4929b77ed21a7897c5abc783,stable_unchanged,exact,exact,1.0,1.0
d550d3bd27ed744db0664eaea5dc7b1e,f19404df9778b0a84922bb8ee6d7c1b9,stable_with_minor_changes,unknown,unknown,,
d5727ed204ce0ba4115c1ed5e79a6917,f005b178876244b8a97f4b8a7ad7f998,stable_with_minor_changes,unknown,unknown,,
d59dd46e47707a6f9abfbb18418b01b5,f600ec2308cec57bfdaeb71f5a9ec0df,stable_unchanged,exact,exact,1.0,1.0
d5fafe9f35d22508fe53a29f59ecf673,d97bdad086f08351febc702c60ebb030,stable_unchanged,exact,exact,1.0,1.0
d5fafe9f35d22508fe53a29f59ecf673,e522988bda8128fbc654566846f46f71,stable_unchanged,exact,exact,1.0,1.0
d66a5d9bd013599cc08d7c00c4c9ed63,dead7d5954813a7242eed2b7d68ce962,stable_unchanged,exact,exact,1.0,1.0
d677721ced2e866a0aedc385317bc362,e5b20938817524daa4319daba3897f57,stable_unchanged,exact,exact,1.0,1.0
d794b4cb394bec9ccb20a0da8a3b7f50,f4c78abdddc858d07c2a0866222ff0fd,stable_unchanged,exact,exact,1.0,1.0
d7dd352725bff70197c623ca2c6f0e29,ec0d63c98bd48240654acb52172090ac,stable_with_minor_changes,exact,unknown,1.0,
d817fc759fd925b25f833a493f9b6882,daf05783ae532c2db4315a89036c3bc8,stable_unchanged,exact,exact,1.0,1.0
d817fc759fd925b25f833a493f9b6882,dcf710abe2b117d6c20589f91b339e3e,stable_unchanged,exact,exact,1.0,1.0
d817fc759fd925b25f833a493f9b6882,e2dd215686f32195b0bcf7f6ff791fec,stable_unchanged,exact,exact,1.0,1.0
d817fc759fd925b25f833a493f9b6882,e47ab97fdb038d5e2e5e36d2a498d9a5,stable_unchanged,exact,exact,1.0,1.0
d8587552a39aba241c195dcfe4235011,da5f627156c46b6b9412f394df491833,stable_unchanged,exact,exact,1.0,1.0
d8587552a39aba241c195dcfe4235011,fbdc84517f2fbbb3983928f78a333c51,stable_with_minor_changes,exact,unknown,1.0,
d97bdad086f08351febc702c60ebb030,e522988bda8128fbc654566846f46f71,stable_unchanged,exact,exact,1.0,1.0
d987c87c419b8f4c33edb845149bb12a,e27254fb366c53c67590aa616185c035,stable_unchanged,exact,exact,1.0,1.0
da5f627156c46b6b9412f394df491833,fbdc84517f2fbbb3983928f78a333c51,stable_with_minor_changes,exact,unknown,1.0,
daf05783ae532c2db4315a89036c3bc8,dcf710abe2b117d6c20589f91b339e3e,stable_unchanged,exact,exact,1.0,1.0
daf05783ae532c2db4315a89036c3bc8,e2dd215686f32195b0bcf7f6ff791fec,stable_unchanged,exact,exact,1.0,1.0
daf05783ae532c2db4315a89036c3bc8,e47ab97fdb038d5e2e5e36d2a498d9a5,stable_unchanged,exact,exact,1.0,1.0
db7ff4a42f4338bdf920fb4c3bdc2d13,f5050b0349de2b454d339649e23e7494,stable_unchanged,exact,exact,1.0,1.0
dc003c05cad59cfbeaf5e3cad38a16d7,dc003c05cad59cfbeaf5e3cad38a16d7,stable_unchanged,exact,exact,1.0,1.0
dcf710abe2b117d6c20589f91b339e3e,e47ab97fdb038d5e2e5e36d2a498d9a5,stable_unchanged,exact,exact,1.0,1.0
dd7f56070598b893888535c89587ec4f,f22103ef507b537a56ef3c7cc31505dd,stable_with_minor_changes,exact,unknown,1.0,
ddf145d8c4987051504e51f4186466f3,e927f341d29b94c4542c0a614a523f86,stable_unchanged,exact,exact,1.0,1.0
de009fa94a76526575601549a84ac200,f75b300de2c5e58b247ffb707e9d3ca3,stable_unchanged,exact,exact,1.0,1.0
de0d1e7836f6c54d8ec9564e29759707,ed50e2241ec2aca936349d310d8b36a8,stable_unchanged,exact,exact,1.0,1.0
ded7cad8f4b23e1567ad7c497edf4839,f432c256a87a8541aa14ef94e6def926,stable_unchanged,exact,exact,1.0,1.0
e06b3e514a9264414b94b5fbe6819094,ebc96c956d38a4ca10bedca55161f161,stable_unchanged,exact,exact,1.0,1.0
e06b3e514a9264414b94b5fbe6819094,ec5854541b6d326905d7d9c3d9e85a44,stable_unchanged,exact,exact,1.0,1.0
e0d8113e09db8805fa89dd2700671288,ffe9ca553eb55086233f48a64d45259d,stable_unchanged,exact,exact,1.0,1.0
e2dd215686f32195b0bcf7f6ff791fec,e47ab97fdb038d5e2e5e36d2a498d9a5,stable_unchanged,exact,exact,1.0,1.0
e335f4587754cb6c0b80e1108d3f108f,f994618c4929b77ed21a7897c5abc783,stable_unchanged,exact,exact,1.0,1.0
e335f4587754cb6c0b80e1108d3f108f,fec23d57a2771f24bd3fce951ab87ded,stable_unchanged,exact,exact,1.0,1.0
e4767825aa9f9f87ed2da17aadad4229,ee14c6e6b18fc495ffc82fbe45d6f6ce,stable_unchanged,exact,exact,1.0,1.0
e4767825aa9f9f87ed2da17aadad4229,f910502a277e14a8e94d27407dbb7122,stable_unchanged,exact,exact,1.0,1.0
e91e3eab5903b677731d7baeea2a65a8,e91e3eab5903b677731d7baeea2a65a8,stable_unchanged,exact,exact,1.0,1.0
e98726bce5b6e1d4d5bebee751a5b430,f99aa256bed11425510cacc00f048555,stable_unchanged,exact,exact,1.0,1.0
e997276c917f9de79f13981b1dce9876,fead7a5c7ac57f6d4f79ff242909cfab,stable_unchanged,exact,exact,1.0,1.0
e9c0289b06692d1327214b7a0aea99e8,fd86d278546a8b2f42e2304a7d8160a3,stable_unchanged,exact,exact,1.0,1.0
ea0d1f55508af5e5ebea21edd6d4ff94,fb1b252d7ffb21ee0fcb5a315a94ae28,stable_unchanged,exact,exact,1.0,1.0
ebc96c956d38a4ca10bedca55161f161,ec5854541b6d326905d7d9c3d9e85a44,stable_unchanged,exact,exact,1.0,1.0
edca5bff50fbfe4d711462d647f1884a,f55389482d802f17d5855e5aa7cd323f,stable_with_minor_changes,unknown,unknown,,
ee14c6e6b18fc495ffc82fbe45d6f6ce,f910502a277e14a8e94d27407dbb7122,stable_unchanged,exact,exact,1.0,1.0
ee8f2d305a7d95257e64005adc9afa83,f174b8202fe6afb1ea167afdafd8a69e,stable_unchanged,exact,exact,1.0,1.0
ee8f2d305a7d95257e64005adc9afa83,fe54389df1a3b70a88487c710e99e061,stable_unchanged,exact,exact,1.0,1.0
f03b19e9d18be858a37e304b11cd79de,f35bd626410bf49fdb7818feb6e47100,stable_unchanged,exact,exact,1.0,1.0
f0dcffe711b28caf4c11d2e18b2ffb61,f873615496004c253dda686305edfc1c,stable_unchanged,exact,exact,1.0,1.0
f1569f0f332db7bf0f194f291d50b366,f2877111eb043232593e71404bf8181d,stable_unchanged,exact,exact,1.0,1.0
f174b8202fe6afb1ea167afdafd8a69e,fe54389df1a3b70a88487c710e99e061,stable_unchanged,exact,exact,1.0,1.0
f40315c29489cccaaf4ebdbe6cf741bc,fcd803077fd2090becc30ebc1bc8697e,stable_with_minor_changes,unknown,unknown,,
f56cc54333389ee6e8edef3d8c7008ab,fd40bf689002999fc04acfb63241e64f,stable_unchanged,exact,exact,1.0,1.0
f5861e51f265c6699c0bda8d9a3923af,fce0e12315a423a7daf48a05f5eabad5,stable_with_minor_changes,exact,unknown,1.0,
f6567ead598bf12c0ba982886484deb4,f94c02c57caf5e8e481a2b17e5a93195,stable_unchanged,exact,exact,1.0,1.0
f84fbf5daf30057f489a5391b7bb8898,f84fbf5daf30057f489a5391b7bb8898,stable_unchanged,exact,exact,1.0,1.0
f994618c4929b77ed21a7897c5abc783,fec23d57a2771f24bd3fce951ab87ded,stable_unchanged,exact,exact,1.0,1.0
