method_a,method_b
000d8311d721c7dc4b180aabc5ed5385,4e25a5014b4179b90637b04f9902ac31
001b82c2b1a71979e3576e74398a34f5,7acd5d462ce8a6dce8495e159e383935
003a81147bcd3148d9cb14dc6f699a72,30de623c9b9643d22b753a8cc371d69e
00cfefa887f25eebd27f61cf8b5eb9b2,055ec3faa510ed5d08f99dc57f78df78
00cfefa887f25eebd27f61cf8b5eb9b2,af26c37d2cbac0d242ab74867eca3cf0
00f587db74d44ab0691e4396daadedcc,6f0b4267befd3655a76f0e9e4ea7fa2e
0100a23d68180d45c54bfab21e081a7b,87257e991f73bc32d9f0e6cdc4dbed0c
0100a23d68180d45c54bfab21e081a7b,dbcd73d3b4ff3d480cbb196e16794e8f
0119eff7633a1d4282118efe2fa0b017,1e84dc0f599c60b211eaee400e59649a
0119eff7633a1d4282118efe2fa0b017,2002e80efa9fcc3d419f1e7439633b7a
0119eff7633a1d4282118efe2fa0b017,4ab91e013bb8e43721661265a5f26876
0119eff7633a1d4282118efe2fa0b017,6df45efaf7162a8048012bb8a3e89f2b
0119eff7633a1d4282118efe2fa0b017,c964ceab99f0e6769806b84d35b5aa12
012e7374bbc7d12a7144522ac855c85a,32bcb0b6509c6ae101b128c533c91fe6
01370a7fea682fe661d9ab5522135eda,040d495dd4cdce97dce8b781dc12a1f1
01370a7fea682fe661d9ab5522135eda,0abd97fd325b646b887d0d19b141c345
01370a7fea682fe661d9ab5522135eda,22e2fd1e473e9dc05f654495c6123197
01370a7fea682fe661d9ab5522135eda,720bccec7bbb0f35095b54857ac95abd
01370a7fea682fe661d9ab5522135eda,8ff099acb79da4d0bbcc3065c3930e10
01370a7fea682fe661d9ab5522135eda,cef4f659af2ff19515fe4207db8a5125
01370a7fea682fe661d9ab5522135eda,e79a26779cb2af035a2de65d98c8a8c3
014bc393713d5a6bef90ad4a86cd85d8,732580df618fab457bfe8c0062337710
016c1cb7f7760867f25a402c9b3126ea,e2b81266ff38c57c751966701bcfb357
0188756a11c6ec700f31bebd2fa8aec9,3c3e81acaeb81ed139f6c7808df244fc
019072c87deb08fd31aead1a5820cd4e,1874d04965cb06f216c021b790b43ba8
019072c87deb08fd31aead1a5820cd4e,24bc83fa9404cc2713a0ef51cacb2279
019072c87deb08fd31aead1a5820cd4e,41891f6ad8b3a85f8273beda3d29c2c6
019072c87deb08fd31aead1a5820cd4e,56014da055e3dcb886b61c4f76d62c2d
019072c87deb08fd31aead1a5820cd4e,5a9700d470cb32896b3be960cd6cc5bc
019072c87deb08fd31aead1a5820cd4e,84c45a71b83b550acc444f41bedc62d3
019072c87deb08fd31aead1a5820cd4e,aaae7a7f70066143d50e9c6a4a4a9cfd
019072c87deb08fd31aead1a5820cd4e,ad999ee7df648e78a172cd108c9b6b8b
019072c87deb08fd31aead1a5820cd4e,be0718b8be64533d732274d0ee2f21ba
019072c87deb08fd31aead1a5820cd4e,f62a7583d3feddd4a43e616f74cf29c5
019072c87deb08fd31aead1a5820cd4e,fe0bac08f92aef9b78691fc7780dbedd
0196992f6656fe605c293a3451b318c2,9e3958b0575537f6529414db474bd8d9
019bbf46ba075b5d982c08292c9a3f53,8b727b90f5e91cee4ba6fd57ef96f12a
019bbf46ba075b5d982c08292c9a3f53,af51eb624386eb6783182c37052ccafe
01ae8f564109c963bea94160d57d6774,7036e824cdd8b28e6516d7dc81fa5c28
01bd247b9cb95579a48c42173dc37247,0548443ab12a68829e5fcfa22c968f8c
01c0c8e0948d56fe2721555604096669,09a5473f89475fb750ce650580f5990e
01ca6999be8cf60c6b8e3e86e3df42ee,01ca6999be8cf60c6b8e3e86e3df42ee
01ca6999be8cf60c6b8e3e86e3df42ee,740239cc996e89a6d61117b92a0925ce
01e8b3225ed2751fe19421a82b4ffdb6,162a6822abc97a688f2afa0ef67d2a3a
02408bf197440da280998077574f3bbc,78a9f7cde1239b2aee9c1b1733e36617
02408bf197440da280998077574f3bbc,91824e4a3a596fc3b375208a520442d6
026e229c41a276766d58d2d0ee3f977f,c9a804c4005703f1d8b3317c2a40c859
028a0e2951f67fadd8dd2dfc53ed3910,76df3ab216e2c7dc46855b27c7b53120
028a0e2951f67fadd8dd2dfc53ed3910,7f61a1379c6c9f2010a2026384f96e47
028a0e2951f67fadd8dd2dfc53ed3910,88dece0f93dcd0013b3dfdf260f9f95f
028a0e2951f67fadd8dd2dfc53ed3910,e580e1edd441fc1c6a477dd257b4e2fd
028a0e2951f67fadd8dd2dfc53ed3910,fe947ba139695ddcfa9064d1359a1dcf
02a4d67eb630995c975e47930de3e748,f996c677be42781d418373a537803ea6
02aa7721bff34e2023302aee71f39de6,47bdae3669f66039b28f56839f746eea
02aa7721bff34e2023302aee71f39de6,b936948fad56a759145717bdf7b35ef6
02aa7721bff34e2023302aee71f39de6,d0334cb16c19f7f337ccc9406ff3d116
02aa7721bff34e2023302aee71f39de6,db6c656eadf7c55cdbfe924b937422df
02c01f2468cc1eaee0777279014e4c4f,3d231b9b4a7f7ecf0b8ebcbb79394e80
02c01f2468cc1eaee0777279014e4c4f,b12d1e8ebbecb654477d41ed517689bf
02eff8179c1ed8a210dee71a3706e430,9357d74058b1c9021f171f5c0e94e7e4
03089dace114aeb8926dd24e8c23e437,4f98bd1e19f279db228dd1db5e372f11
03089dace114aeb8926dd24e8c23e437,59130e4ee5af7c1101459d8cd0c97bbf
03089dace114aeb8926dd24e8c23e437,81bce4561689675f999893b6f307103e
03089dace114aeb8926dd24e8c23e437,890e48b624b7b5048a49deea51b32833
03089dace114aeb8926dd24e8c23e437,b192821bb850b9ef5eea6104317ffe97
030e5e8dfe44e9c12a4bf9274d853159,2ea140cbcbb8b8a78943465526e6a17b
030e5e8dfe44e9c12a4bf9274d853159,33aa88cadd81d5da43dae505b466cc33
030e5e8dfe44e9c12a4bf9274d853159,8d6f7c291e8a310aad3080e35177631c
030e5e8dfe44e9c12a4bf9274d853159,9041c8b53032be402624a70ab2588e01
030e5e8dfe44e9c12a4bf9274d853159,cb8ce96c2471ad2fe47208c1066bff41
030e5e8dfe44e9c12a4bf9274d853159,cf0f87a3dd5625aac2da5cefd2c805f2
0318cbe751ec60bb534672ab93d05a3d,0a1cb1e1cb5258d8b135d2203257b527
0318cbe751ec60bb534672ab93d05a3d,112a962b901906da21e7c030bb1b91a2
0318cbe751ec60bb534672ab93d05a3d,15e55940088132b36da8813902cbbac2
0318cbe751ec60bb534672ab93d05a3d,40d95ffa4567b72de481e98ca4124b73
0318cbe751ec60bb534672ab93d05a3d,60d0632cdce6e8e3eb8a899a571cd7f9
0318cbe751ec60bb534672ab93d05a3d,8d8084918328160a03fc94d05e363f54
0318cbe751ec60bb534672ab93d05a3d,ccfcef1c94db285e86a0e02f01471cd9
0318cbe751ec60bb534672ab93d05a3d,f93c1fe7c4ba7aaf705760f43418c9b6
032648fed20ade1b88037902b99e66e7,b9ab51c5f57d184d9413908bc5857f25
03312479889d0d94976ce6bf36198ccf,c4ba4cf6734c445ab67a0502e2c8d870
03312479889d0d94976ce6bf36198ccf,ec30d988e5f672ad8213bd9ce3ccfb3b
033f7b992c0a84e2f61f21672a691233,0d43323105a8fb2353067d3de822f1c6
033f7b992c0a84e2f61f21672a691233,4b8fc8961f99f94e8fa75b3f4a0396e0
037582511f00f7c9f74563ae40647ee4,e8d62c15859be0a39c1b9a2c93e014e7
03a1eecabac2c7872030e7048e7b7d7b,dcbb050c878777f4a4a81414b3a1eff6
03a762988f707bc9f6f129e781f52518,5c702e258eee1837de8873ab23a0f23d
03c9a062baac43f3070f82e74ece62ea,56d1288f39ba6f6b511d37fdc40f2ca7
03f8728af6bc0efe6613f1de645ef076,9111f4e4e6c331f02f7148f8aaf8363a
03f8728af6bc0efe6613f1de645ef076,fa24ff81369a81e100c3425f409d450e
04090ae0278692e1822884c0f27265cb,0cafbcb40fc4a8a32f0184448213bdd5
04090ae0278692e1822884c0f27265cb,107b6610829cb184614d94d876050e49
04090ae0278692e1822884c0f27265cb,13e98d0577717d8f73dfb1b8d614714b
04090ae0278692e1822884c0f27265cb,1fd5fdeacb8c826b90564c90cff9caa9
04090ae0278692e1822884c0f27265cb,357e729c67bab01ab90069c2b8153cac
04090ae0278692e1822884c0f27265cb,592b98c01ef440d9ef1bee213d42636f
04090ae0278692e1822884c0f27265cb,5eeeea0412729fa989d3a4b32a1564fa
04090ae0278692e1822884c0f27265cb,dc60c82f3845d7e2204e732a8d530629
040d495dd4cdce97dce8b781dc12a1f1,0abd97fd325b646b887d0d19b141c345
040d495dd4cdce97dce8b781dc12a1f1,720bccec7bbb0f35095b54857ac95abd
040d495dd4cdce97dce8b781dc12a1f1,cef4f659af2ff19515fe4207db8a5125
045395116620d085b947f1ac6b307556,c12c32a5b04fe6981cf1ce9204c33dce
045fdf5282640a88d0b1742c456c4316,2dcca1a638f0136487097c5844748a2f
0464e075470410e1bef4ea86584af4ad,70d0b721cce72565f4159bc688627acd
0496f5e6e3cc25d67bf3e8537ef01d27,40d95ffa4567b72de481e98ca4124b73
0496f5e6e3cc25d67bf3e8537ef01d27,60d0632cdce6e8e3eb8a899a571cd7f9
0496f5e6e3cc25d67bf3e8537ef01d27,6d06085f91df5b6805ce8851ddd32a0f
04b96b70f238d795bb1d3cea1757c42d,59e59954a57a5b41503aec13f9c5c6cb
04c9e2b710ec047657628633b1ce147b,0f39aa86c8fe574ee502597e921b22c3
04fbb52cd96abcff7f3c498f909ebf83,709d13f709fe9f071ccabb5141eb9c1d
04fbb52cd96abcff7f3c498f909ebf83,8d1b1bd5b4fe4d6ed3683db3e8624fa2
04fbb52cd96abcff7f3c498f909ebf83,d5805336baec170b50277856b0d47f7a
052dac06c8f7e00380ab47518dea1223,827629d91ec492feff1f3922764f36a7
0548443ab12a68829e5fcfa22c968f8c,3a965cdbb002edc947edfcf27352793a
055ec3faa510ed5d08f99dc57f78df78,af26c37d2cbac0d242ab74867eca3cf0
05781d691b28965179c7ffaedb569836,6ceffe96f6623f6e248a223a5c2c269c
05916014f7214a2394ae86ec093ebfe2,c8425ce4a1ab0e040fc5200bf0f3cb43
059a111dca4850165e661c3a15459c13,dba25861f910904d7f57b2db9cd4fa91
05aece8ffea792a0eba695f06a2269d8,65f2505a7c1fd3f9f727dc100c47f190
05aece8ffea792a0eba695f06a2269d8,6cd8569d13032d26ae80bc0ee23ca86b
05aece8ffea792a0eba695f06a2269d8,b0a6a5633334f0868476555c05f5acc2
05aece8ffea792a0eba695f06a2269d8,e520b091140415f139945e1037181ffb
05c8ffdfdc56c23f37b9da24e4c42420,6fabed7454d41077b7429474b3efbdcb
05c9f3b86f293cdda1589feefb969b52,0f4cb4d871bff2154a57480f387ac5c7
064e9d381f3f7093de9fa64c0028112a,aafc32cbee0b60ccc090fc1f7bab9f78
064e9d381f3f7093de9fa64c0028112a,f834023e7ccc3753364fc5332bf7434e
0664df805cd17d66f3f357191e4f6f45,9917e2cce876d835b26d908f0b56c24a
06753a82c9e9705cb3e450b76c8074cb,40361e74323eccdec890f87d7faa9060
06753a82c9e9705cb3e450b76c8074cb,8ec5fadb6ab5ae799ba678ec3b57f9cd
06755d5cbc09c9cf158e41dc7eb59f5e,1e90aba4fcbfb3ec2bf604341de04a02
06755d5cbc09c9cf158e41dc7eb59f5e,bdd906f646febda87708f9c138220540
0680391011ccf395ed60c75717acc5f0,f1a7bb1a7af7a5ac3f12f8b5e7559aa8
06a194a1ee918cb13f2236cb6cd3ab4c,33161c49cc7b1bfab731ed2a6f0abc76
06a196a4bb441f373a592f5d846c61aa,1d4db93c977aeed0ca3b524536368f14
06a196a4bb441f373a592f5d846c61aa,5722f15b36824c9710ddf00fb49d64f3
06ab7690e34b04140a449dbb22c3899b,3fd3b86f28c45280450846b4843cc392
06ab7690e34b04140a449dbb22c3899b,4786b052cccefc85578a944ec0e11754
06ab7690e34b04140a449dbb22c3899b,daeebabd940db340031db9750f479766
070b0f13af847c79a7bda7e203534d5e,7a02d1cdd5d544455d1f9eb96d6bd1e9
075a932a7c5a10e205abace072ee5aaf,7c5dae67ef8e54f3f9e6ff4fa2005dc1
075a932a7c5a10e205abace072ee5aaf,e017a9001bc606ddc393e8be1febc810
075a932a7c5a10e205abace072ee5aaf,e1d52eb12375623ad86ffcbf39fa7a6d
075a932a7c5a10e205abace072ee5aaf,f5a7b89db1c6f0bdc6111a8d2a1a1224
079c540acbef0e0f34059e7ccf79ab4d,148fa35b9fd09e65f3ba987842ddc997
079c540acbef0e0f34059e7ccf79ab4d,c2053c60f9ff8dff6ee4917cac579c43
07c0bab0d13b24d3f45e63ce9ccf7783,1a86aa96d3120bed5d5dd00a4a0d69aa
07e4423f0f195099bb99689637a26a50,27ef246defd1caf8affaef9b81a14a23
07e4423f0f195099bb99689637a26a50,dd924c9b4e330ce1d29f0de701629fb9
07e4423f0f195099bb99689637a26a50,e4ff47fe280c0112528e7edc1c9a6bdd
07e53b4a2892ec454ea4333ad115fa9a,0e26c77a540b5456313719372aa48728
07e996426b0d067a3a2fc2bdad587e9e,6f12b9d7a11b5e5e4b4a93f98d406818
07f935fd1d38f30ab135554e5af76944,338383e552c50b0daa453e64caebfffd
080aac4e48e75d5c50b603eaa5fe1aa8,3c13eb4b39904d4e9ed757ab6b58678e
0827400f9f3b692815c92fe9b9dbd275,0f51054426360fa0c57d3665495ea1cf
082b6aa23d00bd93a7cd4879344497e0,abe040ce1d6c30f5894d5a41eac0af86
086ab6f21150adc9982f6827a14cc283,fa9480ebdc4a47a401ef2dff473bf144
086cf44a26859b64d7242ec66830a2b4,4c7136e7840b22ada500a1ba2eac3294
086cf44a26859b64d7242ec66830a2b4,88d7367254eac7d141286508d4b55d1b
086cf44a26859b64d7242ec66830a2b4,bcdd063bdf250a09a87effb6d60b44f6
086cf44a26859b64d7242ec66830a2b4,c6a0f4d903eca1654f90c60d0928f8fc
086cf44a26859b64d7242ec66830a2b4,fdd23b59c172d64525ec9b6fcc6b5eec
08aada157d3e52113fa2b75109c80fe8,b943f30834f7ab95e3a6d91985202c77
08b1b4966d73f90c72aa13f0c80e9c58,790db9f6fb24c137260dc3c4561826fc
08b1b4966d73f90c72aa13f0c80e9c58,ee685b2d458f2182222af875c9fcc275
08b8570bd1acc405c360b54c3c629599,a482c0de9101183976f4af8494194fdc
08bb8bef0496788b4cbf50bfa3633141,98c3806bf82cec6bd01cd2f501fef358
08cdb32542156bc067bd4556ce14b5f0,6b80d2ebfe68d28a3f152e443c2ece26
0910cfc6439f0fc53c660a29cbd7b376,4c4dd4d51429b35d71cdaf13ec24189b
0910cfc6439f0fc53c660a29cbd7b376,835632595ecab906544b7f97069bf6d7
0910cfc6439f0fc53c660a29cbd7b376,fb7072e309c7090f3efd9ed957ef0c5f
091706106ce78afe019c7e0d52407ddd,2864e053030e34d298464c98cbce240f
091bbded0fb9f58fe2856f7216077b82,4793ce41599cbab2c98e162f569c6b60
092b41830d10778447dcb03043ade21e,6848826a0f86de13450a0ce8caf8878d
092b41830d10778447dcb03043ade21e,b096405376b84c6ad0968f0a3472e518
0930596b8132d951410d182cbd3dfed6,1b5a711e903574d80e6d9749b568c667
0930596b8132d951410d182cbd3dfed6,6dee9d44938b0038bee99e7b20271250
0930596b8132d951410d182cbd3dfed6,6efbb7c182ad1bc51bf8ec6ba2f9bdcd
0930596b8132d951410d182cbd3dfed6,9b8b65a97be839be69bcfb0e23a3d88e
094acf6e82ec7e02324c43ede0f4798b,0bd3e2e12fbf8edf2e80393720137617
094acf6e82ec7e02324c43ede0f4798b,7d51d4d6088339c89aed8269c397d451
094acf6e82ec7e02324c43ede0f4798b,caff0bc106a1a2f25342cd003efaa54a
0956e65f3cb63657351edd98d290f362,51249e040c28ed4dbc51cd68426cda57
09a5473f89475fb750ce650580f5990e,cf65fa2936c5207cbe64def8c04e3fb2
09a9aefcefee2463164924387546bc01,b22ff41a2ad26394996d80412b87305f
09a9aefcefee2463164924387546bc01,c2d0adf619cc2d553b9787902beb4ad1
09a9aefcefee2463164924387546bc01,d4c7b97ee228ac8b68ffc04e325c6746
09b4b0eb74031e7d649ed381b3ba3f7c,7075e6b4661435356c477861dd2599c4
09d6602c65b76e8f4157a06f5638c874,28db76f30215727b8fc427b0976b467c
0a038cfc7ceadf4e4feb496ae20f3d36,5247db9703309d63689bc6e1468057cd
0a038cfc7ceadf4e4feb496ae20f3d36,d41f4df7da92293191e8b3003f0fd601
0a1884dfc4fa60ea6c56bcae34902229,0d121df2ab1097d0a1aee9ea140026e9
0a1884dfc4fa60ea6c56bcae34902229,f87ebd8b7f6c3b4695cda2e1a9314cec
0a1cb1e1cb5258d8b135d2203257b527,40d95ffa4567b72de481e98ca4124b73
0a1cb1e1cb5258d8b135d2203257b527,8d8084918328160a03fc94d05e363f54
0a210b7416cbfa0d2276e9b215c580cd,2de65906fa34bcc86e39c209f07345b2
0a210b7416cbfa0d2276e9b215c580cd,4843b8bf5a8c3a525dcda53a40809414
0a210b7416cbfa0d2276e9b215c580cd,4940cefe1211c6721e0d077791413d1d
0a210b7416cbfa0d2276e9b215c580cd,4e1a249e4bcd5b31f8813fc078697971
0a210b7416cbfa0d2276e9b215c580cd,6e5adb869ee0777852b2c9bb785141fa
0a210b7416cbfa0d2276e9b215c580cd,86b76b34e3efc27a0bcd51c0681290c9
0a210b7416cbfa0d2276e9b215c580cd,f7f465094f210b4056d7712bc80b59c4
0a4bd2ed8ae85bed76e6b975dab64a55,5a22795739bcbde57426cab064d26c6c
0a63256e3fc5418960d57e15eac59bc1,d77e4c022635eb85e82589eaeb2f6baf
0aaa0724e9ccd43d71c10a864089cfc6,7d0db8e35960280698e1c7ae7b3dde02
0ab600b21a163f7c535957abd61d9d5f,471472c2e342ff08bccb59ce6528c22f
0abd97fd325b646b887d0d19b141c345,22e2fd1e473e9dc05f654495c6123197
0abd97fd325b646b887d0d19b141c345,8ff099acb79da4d0bbcc3065c3930e10
0abd97fd325b646b887d0d19b141c345,cef4f659af2ff19515fe4207db8a5125
0abd97fd325b646b887d0d19b141c345,e79a26779cb2af035a2de65d98c8a8c3
0ac012ba6a52cd11df587b0e7e913086,44407ca3a1b5f329dc1d4205e764494d
0ac012ba6a52cd11df587b0e7e913086,94e1a1b3b3263baaa22182bdd90db975
0ac012ba6a52cd11df587b0e7e913086,bcd9af99c59ad11ba41ec8e171d55e8c
0ad3af07cd5a9df30d05cf09873ef536,69226637df33fdd63f19270becb53f62
0ad3af07cd5a9df30d05cf09873ef536,c98ccab8cfa09c46a8a6c6b219ecfaf1
0aef1738e4947834678c982cc471c56c,c98ccab8cfa09c46a8a6c6b219ecfaf1
0af2b4467d3cf77f841fd452e4e58dce,ece6be0cc9ef9223ebaf4d58bce839b3
0aff4683d8219e105911d87550ff0e90,2cdc3557a21025a528ac3897f3fe0635
0aff4683d8219e105911d87550ff0e90,379c603468d06445184006482bf42857
0aff4683d8219e105911d87550ff0e90,8ec5e1f0cc27a9b2ef0994d043a24870
0aff4683d8219e105911d87550ff0e90,9e3958b0575537f6529414db474bd8d9
0aff4683d8219e105911d87550ff0e90,b528a759df698676a9c5aaf28c567b8e
0aff4683d8219e105911d87550ff0e90,bbbae082eb45f67825a9da9e8003a2b6
0b202b3db2446726aabd1db45db4dfb4,75b9175c82d24b202dd89a8bc7b0a8c4
0b202b3db2446726aabd1db45db4dfb4,9a6fe4cf8ee903e5872e5f33ac3c41e6
0b3bfa5c5372018457eeccd1f6643b39,997d422dff2b023b3d83c618c41bb5cf
0b8d0e7eb9491d66f14cd36dfa1b0d9a,3fb7436a912d67e7df03915d49287648
0b8dbb3a30d9369745bc87e95f23220e,0bd23e87ec03faec52b90c1bb0d0fbd9
0b8dbb3a30d9369745bc87e95f23220e,3ff768c0ba21f8587541f467176e5f10
0b8dbb3a30d9369745bc87e95f23220e,83f62460c3f638f74adf6a0afb45bb25
0ba6cc478d29c42bb77dc523e5018df7,7c70cda2e78852621bd509b68e0df878
0baf910308d38d5ae8023f7300bdaf30,dba9df93630b6e7cb0b54f28562cc801
0bd23e87ec03faec52b90c1bb0d0fbd9,0e610d94f99638b3bf4958c286fff49a
0bd23e87ec03faec52b90c1bb0d0fbd9,127bd097c696f96be7ad346b5c396ca5
0bd23e87ec03faec52b90c1bb0d0fbd9,3ff768c0ba21f8587541f467176e5f10
0bd23e87ec03faec52b90c1bb0d0fbd9,64327b70ff30b5c4dc7c524fe3ee3c7c
0bd23e87ec03faec52b90c1bb0d0fbd9,7d8c00baef8a3324932400f91de87e25
0bd23e87ec03faec52b90c1bb0d0fbd9,9e215dea4b5a6ddc6686a4e479b608e7
0bd23e87ec03faec52b90c1bb0d0fbd9,cf1ad48286c73490b7621d9672b4e596
0bd23e87ec03faec52b90c1bb0d0fbd9,cf911d84e0fec676d49546df58259de7
0bd23e87ec03faec52b90c1bb0d0fbd9,d05f840ee7c18669595c34bbb023ed3c
0bd23e87ec03faec52b90c1bb0d0fbd9,dd54032a91a4a63498b6effa7c6bdf19
0bd3e2e12fbf8edf2e80393720137617,100093a318a25e7a637e29ff3930ccf3
0bd3e2e12fbf8edf2e80393720137617,ab91f7c0d1ef07014bfd401ededfe594
0bd3e2e12fbf8edf2e80393720137617,b5d08627f5d1fa35d429eea336072709
0bd3e2e12fbf8edf2e80393720137617,cb26c9f1abdded714639bb3da63afb60
0be39be86e6a17a2acd863c95e508575,92a193e7a3499a0389b2b8ed58bbfea8
0be555c9629599a22a9e28d03291ea9e,837badc1364e4ed34c45fab390c07a09
0be555c9629599a22a9e28d03291ea9e,bd9d9e8bdcb5896010590ab040d318aa
0be555c9629599a22a9e28d03291ea9e,ea063eed431b434ec9d4296589d2781e
0bf5cf0896109b5839f2da4e82cfd3bf,3e9152f964d15c00f2c3d2408c3063c9
0c015fab5fc0f082de540ba3df00c19f,3e54de61e74c0cdf7fdd6edb274e0b98
0c015fab5fc0f082de540ba3df00c19f,5ac37449811da1ccf44e893a557cdeed
0c015fab5fc0f082de540ba3df00c19f,c4f8681234d52bef2de7dec990d94e14
0c049c6ff205823f5aa9f741d0c9af9e,949564eed8e6a34ff9eeb384987c7506
0c049c6ff205823f5aa9f741d0c9af9e,cf1ad48286c73490b7621d9672b4e596
0c21e84a46585496f885020429e01d7d,b56b07d5b570fe453ede0218f9091111
0c476203a1f183ec4866529356f4e82e,d15d74fc807a078b9e4b16295f013142
0c58783a1138491c01096ee07d655736,14618c705bafdfd003af162412e65ef4
0c6b4a45936b34c5532c0107304bd391,c1074415e909b7ac408754a16fcf2ea2
0c756af3d87ff4ca7bfb77e16be95324,6b0e14e41e9b939556acbcc4de0d29a6
0c82701279f2c18357c90eae4d809a5e,314e805f31c45a07ebbb0a4c84a750cf
0c82701279f2c18357c90eae4d809a5e,459b1ab2b672939f4cb4b300e433d31e
0c8fa9cdd09afbf75dc3e4bbf8cbb87f,6b3157cad695d5d2480b9af1488c156c
0c8fa9cdd09afbf75dc3e4bbf8cbb87f,ae8162fddae65c3b075193abfe2c083d
0cafbcb40fc4a8a32f0184448213bdd5,107b6610829cb184614d94d876050e49
0cafbcb40fc4a8a32f0184448213bdd5,13e98d0577717d8f73dfb1b8d614714b
0cafbcb40fc4a8a32f0184448213bdd5,15428aea3a5596cd96fa87c882133378
0cafbcb40fc4a8a32f0184448213bdd5,326685d2ae785823b1c39b5fa8fd6594
0cafbcb40fc4a8a32f0184448213bdd5,4798ec0f64fd7957c6c40082345eabbd
0cafbcb40fc4a8a32f0184448213bdd5,592b98c01ef440d9ef1bee213d42636f
0cafbcb40fc4a8a32f0184448213bdd5,5eeeea0412729fa989d3a4b32a1564fa
0cafbcb40fc4a8a32f0184448213bdd5,fe56e48d1143f9afe2334ba5c10ec147
0cb6e82fb527f7f86f35ab0f11e66319,1e90aba4fcbfb3ec2bf604341de04a02
0cce5bac3d565f0b90aa17d3497e9a97,6f4607c3d3f389e3ff308e34685e305e
0cce5bac3d565f0b90aa17d3497e9a97,8191c778f2235edd3f412d79084e0eb5
0cce5bac3d565f0b90aa17d3497e9a97,b713fba008fd920122cd33e23f9ac11f
0cce5bac3d565f0b90aa17d3497e9a97,c6aa4eaa991e19fd16cf2d0c4d1ba304
0cce5bac3d565f0b90aa17d3497e9a97,ce607380b620a5a0223f5ff6ae2d2609
0cce5bac3d565f0b90aa17d3497e9a97,d768a8e09bcc94d291061cadab0f58ec
0cce5bac3d565f0b90aa17d3497e9a97,e59220d22a745e04ac4e3f4d11ca50ca
0cd61dd5b9a9c169dd663ce03110e2e3,647014fbc3f1641f81975335d87c93e1
0cd61dd5b9a9c169dd663ce03110e2e3,7d51d4d6088339c89aed8269c397d451
0cd61dd5b9a9c169dd663ce03110e2e3,ceeabab368381b7868f78e017ba0f617
0cd64353a2a8bf2fa3241e265ae72c4a,a66a69779de5ee096f91a8e95617630d
0cd64353a2a8bf2fa3241e265ae72c4a,c594b88b4ff64a93a94f601d7a2f8bbc
0cd64353a2a8bf2fa3241e265ae72c4a,e05faac5cafeff4fe4a0d216e2adac28
0d121df2ab1097d0a1aee9ea140026e9,e0bef1fb914b2359eef200aa5fee9d4a
0d171600ebcce36996e32d749a571190,46f4dec8dca90329be3159fbcaff28a9
0d171600ebcce36996e32d749a571190,866e426cc399fe642f5518afa9a9576f
0d171600ebcce36996e32d749a571190,a47fb1d30592a05df698950888092faf
0d2427f26c8085b2153bf49d4d2ac623,1008d8059cae13542131043b8f3c490d
0d2427f26c8085b2153bf49d4d2ac623,2a11b27f92b2754ea63b8b95abf03f07
0d2427f26c8085b2153bf49d4d2ac623,d358230c2c1384f51d28d4c6dbc04bd2
0d43323105a8fb2353067d3de822f1c6,20562156e5a834e6549da288986baa86
0d43323105a8fb2353067d3de822f1c6,afcc9541aba03f40967d9bb1bee8c5c0
0d43323105a8fb2353067d3de822f1c6,f4178c56bdcae74b89bb91c4a5254fa7
0d7c68de3d8b63ba03af596865ced904,eca127c60c230bb794055081e8e3e2e9
0d92629bd789a4a639d7f1a0e5990168,40eb769a87c3f4125c1f17e62ac3271c
0d92629bd789a4a639d7f1a0e5990168,6ef56857309e6cfb42e09561100f3443
0dbfba122eb8d3d38a4be9a415a6f4de,46e27d81aff18b2325d6c46735b83357
0dbfba122eb8d3d38a4be9a415a6f4de,c0992cb9da246ed222eaf72adcf67867
0df464e8a6ac857cb9e00259cc2b372d,6001e46a1f1ede162882e43fdc52cf59
0df464e8a6ac857cb9e00259cc2b372d,7e3e3b645566fb093e6dff6a581c2e68
0df464e8a6ac857cb9e00259cc2b372d,d24bfa1c21cd1a1f727e20c3087132f0
0e18ff953b81ba3ca25e96ea46f1a247,4584221122deef4b3593d9b30c411893
0e1f7f250b6afc57c4560c1f1b6d149d,d4b4a855595db37f5b74197ef47253f2
0e26c77a540b5456313719372aa48728,820272be8be404a8b84db8cb86984aeb
0e26c77a540b5456313719372aa48728,92809975d3dee9bee47eafd25eae3aac
0e26c77a540b5456313719372aa48728,cf28f0ac5d2587ab1d68f970ebbdcaaa
0e26c77a540b5456313719372aa48728,e66170001eb014f751e792c1db18bf1c
0e26fa78c628b7044941c6b040d0ee80,800021e750f4d5f800f306c1bf5af479
0e2ba8f935d06762bf6f1d3947a3d8fe,6267690117226e80832f45145151b3d9
0e4076cb99262b596e85a3cd243fbec0,7b5b2e4066381ddbdfd256ac49109edb
0e4076cb99262b596e85a3cd243fbec0,7d4330193bf8bd8acb36e359e98aec48
0e5a200109485331273b1b6c6ccc328c,11dfe445e4c9014f583933f06790ee5f
0e5a200109485331273b1b6c6ccc328c,2cb7e685b500770fff0132301796f7ed
0e5a200109485331273b1b6c6ccc328c,414ec24eaecabad2f0ace34dc7a09185
0e5a200109485331273b1b6c6ccc328c,7e674585de549bd78421f62bddb5e457
0e5a200109485331273b1b6c6ccc328c,8a29164c02b79d1fcbd6edd060db2fe0
0e5a200109485331273b1b6c6ccc328c,c6433c0cca50dcdb2cd2076a0c079d6d
0e610d94f99638b3bf4958c286fff49a,3ff768c0ba21f8587541f467176e5f10
0e610d94f99638b3bf4958c286fff49a,7d8c00baef8a3324932400f91de87e25
0e610d94f99638b3bf4958c286fff49a,982cdaf5c2c342b7f78c552dabf0bba6
0e610d94f99638b3bf4958c286fff49a,cf1ad48286c73490b7621d9672b4e596
0e70efe34d9c71eadac93d0c960eaa1f,40cf3f68345128b56a798c5fb7105ac4
0e70efe34d9c71eadac93d0c960eaa1f,e32bb53d13b083912e894f00e516381f
0e9ecd7c52567cab0e506a674664279e,54344170b7cf5e9b5d9d856c518dcfea
0ea30e4e24faf3017bcf03045973cab1,dd66035d9087bdb071df6c25f9e821e7
0ec8aea8ac7007ac073c5d1efb6edf15,e487dc13f9f62ab1289619871e0bb58d
0ecfd8d7f97f6622338e4be56bdf732a,25acec928c9de6214e67054047a32f13
0ecfd8d7f97f6622338e4be56bdf732a,5d389510f88964aa1e13eb99755a9ed7
0ed15f078c58ef272f6cc18b5be23b79,cb159c433c410934ed2216605216fefb
0ed2e9afbc728d77c3803ffbea61da5c,49ccdc69cead28313dc858db7ab1127b
0ed2e9afbc728d77c3803ffbea61da5c,7ce6289325c76a31e2268384cae73d3e
0ed2e9afbc728d77c3803ffbea61da5c,e0f5f3c58cef003ad1dcb0d2bd78013a
0eea796010781b1dca63ee73f1191a04,689b1b43b26ba3b8bd1d04183478fa64
0eea796010781b1dca63ee73f1191a04,72ecd3233cee2b44c6368c70f7d26d7f
0eea796010781b1dca63ee73f1191a04,f3951e86a3735a7b1768cba065be11ae
0eeaac78da06b007196c7fed244abde1,ba6334eadef6c56b6cb94d24de47728a
0f51054426360fa0c57d3665495ea1cf,20938546d1ca27519229e7594e032003
0f51054426360fa0c57d3665495ea1cf,e693f5a355fd553cf687cafbc89a553b
0f5c0a3cd92ccf149caf46125cd5b807,e856405a69c0a411504e49c77855d9db
0f60c5537d07b40d06afdb2a9ae97940,62ee10b5ae016ee472c78609c360939c
0f630b70f39959b726f4a5ad5aa2c25a,82e39465e54636687d6ea442ef135771
0f630b70f39959b726f4a5ad5aa2c25a,960ebe8e73e397b49dd24e69e5d1eab0
0f630b70f39959b726f4a5ad5aa2c25a,9d80233bf0cbbdc34390eaecb47f2b9b
0f656b7d453520f390ac72b077ac9003,4d71f3303115a162cf3fb60223714473
0fb9d510bb94c2674a288c41e56553c2,774b4b740fc85eab5663838a1172bac5
0fb9d510bb94c2674a288c41e56553c2,bd7cfad46268e119f27dde5ea2de9a19
0fcd7a91371036f2a835052cac000177,9ef6b90bf382c3c6ee039e5505108947
0fcd7a91371036f2a835052cac000177,c1f704de2a6f16b74c961952114e3e6f
0fcd7a91371036f2a835052cac000177,ffb94249d7f35cf9c3a87dd510369cc3
0feb90cbcede388efac10d8c73177c96,e693f5a355fd553cf687cafbc89a553b
0ffceda81300712417534a61a3902495,2d5d25c03ceaffc54684426e890501a5
0ffceda81300712417534a61a3902495,7b5b2e4066381ddbdfd256ac49109edb
100093a318a25e7a637e29ff3930ccf3,2318736ec88090103db9dd4769d8514d
100093a318a25e7a637e29ff3930ccf3,4a3e65ab6292cbc424f259a09b350b2c
100093a318a25e7a637e29ff3930ccf3,5a4acf70f009769f216aa540650d1413
100093a318a25e7a637e29ff3930ccf3,6e1afa585563645f270dbf2a9413ef00
100093a318a25e7a637e29ff3930ccf3,8af2ed8064034114e005b79ec59f81e4
100093a318a25e7a637e29ff3930ccf3,9ef8b5786d678c03c8c0e8986245d7dd
100093a318a25e7a637e29ff3930ccf3,a7097a73492ede9d8919e6fd1649bb18
100093a318a25e7a637e29ff3930ccf3,a74b0f73a94019110b2ff1fd1f314305
100093a318a25e7a637e29ff3930ccf3,e96454c906d20ed9a2b75fe0d47bdc88
1008d8059cae13542131043b8f3c490d,2a11b27f92b2754ea63b8b95abf03f07
1008d8059cae13542131043b8f3c490d,d358230c2c1384f51d28d4c6dbc04bd2
100962c84d93551155601910f384422f,f13661c6e6d329f08456e355c81dcae8
105369195e96d0f0df7ee793fc497c8a,55978e18bf3c380c5914d4ec2223c3c0
106969a1df7422d160a3655d9c33fb42,833826090b8db5e3af2e6293150e8f1d
107b6610829cb184614d94d876050e49,13e98d0577717d8f73dfb1b8d614714b
107b6610829cb184614d94d876050e49,15428aea3a5596cd96fa87c882133378
107b6610829cb184614d94d876050e49,4798ec0f64fd7957c6c40082345eabbd
107b6610829cb184614d94d876050e49,592b98c01ef440d9ef1bee213d42636f
107b6610829cb184614d94d876050e49,5eeeea0412729fa989d3a4b32a1564fa
107b6610829cb184614d94d876050e49,fe56e48d1143f9afe2334ba5c10ec147
108afb959b155ab6a07993c0cfb0639a,46e2bc92a12cd9e8aba844e1c4c38223
10ac89a387912778834b5f2eaf8ff94d,bb9a5311437e32878616ef130cccd857
10afcf63af2065749ba21200f422af3e,23de20fb246b4d61baaf9a424d9c38a8
10afcf63af2065749ba21200f422af3e,8ba2d7cc779cf89c056347ff8437941a
10afcf63af2065749ba21200f422af3e,be8c379cfd8092839805ce3b32ece928
10e7c45832a2c7274ad65f13e9fc769a,13b582dc233c64c016598728f0a247fd
10f4a9d5f1cfef3d6737b8262bb74737,5b927f91dbb55cec800067bf767dbf58
11014a9fc3733cd8a65051952c775bd5,a7d02ef9cb621d2f00437a931c6710f3
112a962b901906da21e7c030bb1b91a2,15e55940088132b36da8813902cbbac2
112a962b901906da21e7c030bb1b91a2,40d95ffa4567b72de481e98ca4124b73
112a962b901906da21e7c030bb1b91a2,ccfcef1c94db285e86a0e02f01471cd9
11422a4d4b0804d381a0bfe09d230870,d70baeb639ec3bf9a4a2302d454c7362
1164be3f66b76ce43ce9741ed09d025e,5ad825aadfb1a7e2da1ee44a27768933
1164be3f66b76ce43ce9741ed09d025e,d85dae2786c2f0218c313908c21ad935
116a6f6a059d890978d81372cad8dd27,9d53f1b9133cfa91a092e344cfff1eb4
116a6f6a059d890978d81372cad8dd27,eb1cedd42f29896715362e2e5c1ac3d9
11799e5c81a64e741aa878cbdc74d56d,bf236ad64d8f263be387b080bdf0df71
11cfdd2ca14357b865ce6185a0beb331,7c64be01003f3f3560e415e7a756e5f8
11dfe445e4c9014f583933f06790ee5f,2cb7e685b500770fff0132301796f7ed
11f2ea1d2b221d0e458274822450719b,2dd21cbee268cb5898703a08e355910e
11f2ea1d2b221d0e458274822450719b,4190de685d0bc705463e28fd41645bb9
11f2ea1d2b221d0e458274822450719b,53f50b6d497f1d490485e5d894f5d740
11f2ea1d2b221d0e458274822450719b,6afe876fdf031bdc1339577c8e5bd1c3
11f2ea1d2b221d0e458274822450719b,b5e2e372bf7bec6066d8c07839ba836c
11f2ea1d2b221d0e458274822450719b,dccae463de53e77bfb3322a6bbb51da0
11f2ea1d2b221d0e458274822450719b,e05b07a377543ceeda236def2614367f
11f2ea1d2b221d0e458274822450719b,e605a4282118806466e0980fe6e409d9
12308013430d4606488da8466754201c,2e560b527b31c288dc25410c95b3a540
12308013430d4606488da8466754201c,3ed41ae9968941e8beeb2d754b778c29
12308013430d4606488da8466754201c,4c09d9bdd26b2548b2bfea840ba5603b
12308013430d4606488da8466754201c,50538d846f134eeba814d0f27af920cc
12308013430d4606488da8466754201c,d7fdf872654e33dd3b85155fe8a17ab7
12308013430d4606488da8466754201c,fa6c6054127abfbc2c89dcd3ce444c11
127bd097c696f96be7ad346b5c396ca5,3ff768c0ba21f8587541f467176e5f10
127bd097c696f96be7ad346b5c396ca5,982cdaf5c2c342b7f78c552dabf0bba6
127bd097c696f96be7ad346b5c396ca5,cf1ad48286c73490b7621d9672b4e596
1287c5eca40ba5317a1763bd604103da,f2a2b7a2269c59b906a0c1bcdca763b5
129fae7c923ee681cc3548e6ee90dd8a,bd1b89a4e73d54b1fea2de763a75507a
12a66f104b75a43e9718ce2ef7f51c05,1b76d5ea3f8ed39cb43d535f1ca3024d
12ded4c0be11bd56443c71e50aab139f,4b52325b845135336260f4fa0f7b51a9
131efbb1b2069259ebc2e7fc6ccc1719,4fba01a8771de1e1d3b5930def7c6f5e
131fb80476631856f4fcb9d5cfae9ab1,e9154e774dbf50c8fe4340f39778a6a3
1322c7ca9056154c35424071803772f5,9a8e7086105dfccd98272cac5fbd9703
1322c7ca9056154c35424071803772f5,d1b699a1e0b30abc1cb7b053aed9a4b7
1322c7ca9056154c35424071803772f5,f996c677be42781d418373a537803ea6
1323b70695388b483bf7664785b88997,1323b70695388b483bf7664785b88997
13636ea912585aa286f0cd360893ec71,e431f1d7a490b57f7011f2d6e4f84040
1369dc3bf699bf67246baa73f59a00d8,202628446531877e638c5763708a8dcb
1369dc3bf699bf67246baa73f59a00d8,32917df7cd68f5e7169f4b4efde496e2
1369dc3bf699bf67246baa73f59a00d8,4872f5edb529bb71ca9ca8be9406b4e2
1369dc3bf699bf67246baa73f59a00d8,7cdacac814432157de0edc5820102640
136e87597b3df47d074ee1433bdbcae6,2e87b7b3bb3f83e695eb47b5d9931016
137d3a44269144723378f9f8c5d7f076,75406b3c9c133b9a6e5329d0493b135f
137ee6ab672a3c2743255875b10eb659,c3b501698ea0e4778d70d3bb1eb67ee5
13aa4d849f91d0675efae364221f1385,409823e7dc20d4a277ba5a1ae7bf47b4
13b219294fa071195fa46a0b34d5ed75,318fea94039fd1f43838b5998c20535b
13c05b338e2af3aa45b9de36bc6b980c,c4aa3943a14a4f3c10b2696669938dcf
13c05b338e2af3aa45b9de36bc6b980c,e51010ff09b93d224adbb1a01e8e1aea
13c25c732a94201abe167fc10d14f4d4,5e02bc2fefd28c23c1287a8005232a68
13c25c732a94201abe167fc10d14f4d4,e903ce0e0a7ec9f5f06d1e68b990aff3
13c25c732a94201abe167fc10d14f4d4,f6400f18ccc786c3992c15c51aa5de07
13c25c732a94201abe167fc10d14f4d4,f80830032f73d853924bbf6ccb4ae7ad
13d6afbef77453453fd26bd7b0f027bf,a71ac0414dc0b73a630d4442cec668fd
13e98d0577717d8f73dfb1b8d614714b,15428aea3a5596cd96fa87c882133378
13e98d0577717d8f73dfb1b8d614714b,1947b6a258cb703f94943bddac20ef20
13e98d0577717d8f73dfb1b8d614714b,1fd5fdeacb8c826b90564c90cff9caa9
13e98d0577717d8f73dfb1b8d614714b,357e729c67bab01ab90069c2b8153cac
13e98d0577717d8f73dfb1b8d614714b,3832d72cadedbd55e25f5f115bbeaa08
13e98d0577717d8f73dfb1b8d614714b,592b98c01ef440d9ef1bee213d42636f
13e98d0577717d8f73dfb1b8d614714b,5eeeea0412729fa989d3a4b32a1564fa
13e98d0577717d8f73dfb1b8d614714b,dc60c82f3845d7e2204e732a8d530629
13e98d0577717d8f73dfb1b8d614714b,e3ebfb13c2ff1271fe85155c48fc3de7
13e98d0577717d8f73dfb1b8d614714b,fe56e48d1143f9afe2334ba5c10ec147
13ecf08060eab08dc12519972e28b6ee,a90aac4b2138d62fb90ff5fdeef07d65
13f28891d6f9591665bf1178d2a68922,74bb9247a3b22dd5c2c3be6b336f03e2
13f28891d6f9591665bf1178d2a68922,a03556a9b02e1cf8040972a7a18a5094
13f28891d6f9591665bf1178d2a68922,be29706325e1daa06638f34bba1910e5
13f28891d6f9591665bf1178d2a68922,d36950c1b2c02b45eec77ff699349290
13f28891d6f9591665bf1178d2a68922,ed99571a42fc8617addd948262fab159
14341d4436d2cec86e6c5ffba71b386f,b0cc3deed0a1d0fce8c1fc1a834ff532
1439a2c79a4a3b6b438380e92ff7ccfd,c1cf08c464e5209fe43c32c2f5cfcbe5
1439a2c79a4a3b6b438380e92ff7ccfd,d711d544c2b6ca6e9bec5ab0b38fd896
144f8a68d7b46631ebb33adc981bedf3,44b1ab21486cacd99addc9397211c653
14543d695e362bb7880f6096ab9a6c41,93bd5de705e712bffd402a7bd9f565cc
146973ef44b19396ed2fab69c5ea5b87,94714989f61d1cc2837a57a6af1ce670
146973ef44b19396ed2fab69c5ea5b87,d91b980e5c1ff5ceeb8de222f8cceb1f
146973ef44b19396ed2fab69c5ea5b87,e39a9816d6fcb3974848e1ba2606926b
147c36c9e729d6b8aff6bba133b55ece,2821ae23e8e224a46c2e22e831a2ab33
147c36c9e729d6b8aff6bba133b55ece,8a1954babbe888843daac0e38a18f3ae
147c36c9e729d6b8aff6bba133b55ece,8ee8c012fe1372e8ca897cc6e35b0097
147c36c9e729d6b8aff6bba133b55ece,c66dbee8cb83e424b9b6cce98158b7c8
148fa35b9fd09e65f3ba987842ddc997,6ad9416129b98c635d57da8389a82080
148fa35b9fd09e65f3ba987842ddc997,c2053c60f9ff8dff6ee4917cac579c43
14c2a574e017a5a7ee359c2a682032d3,dde422997a924e84d63726a23168b405
14d6288f0438da2d2f0705523bb24083,4d371d4786685a28de41d9976e9ff12d
14d6288f0438da2d2f0705523bb24083,5010786f2a7884bef314b583e0519a81
14d6288f0438da2d2f0705523bb24083,5d068f878789948ecfd82593d746f442
14d6288f0438da2d2f0705523bb24083,71489c3f9c05948218caae8cab26e30d
14d6288f0438da2d2f0705523bb24083,ba93b1f54fe44b86243137d828c0f9a3
14d6288f0438da2d2f0705523bb24083,f194544ba2911f3782e8b6e865d895aa
14d6288f0438da2d2f0705523bb24083,f4499f180e6b8e4fbc2b46c1e4ee5567
14f0f752f9ead90c255c3ee640c07120,275b3a48b2ff90959d4f01f6371f389b
14f0f752f9ead90c255c3ee640c07120,a8a563249b86dbfc336177c335003346
14f0f752f9ead90c255c3ee640c07120,cc69c46e442c514fa0e383b388388b71
15019ec777d6f3ffcdcf8b8092113704,1cfdbc29e6c7577c8d0f57e1efdf7f9c
150bf15ca1674c6fdea4314a1d93fe2a,586cb79a75ce4d4815f71aa4dcefccb8
150bf15ca1674c6fdea4314a1d93fe2a,b3b5568b4bd43b5dc074bd2fb7d48ee5
15428aea3a5596cd96fa87c882133378,4798ec0f64fd7957c6c40082345eabbd
15428aea3a5596cd96fa87c882133378,592b98c01ef440d9ef1bee213d42636f
15428aea3a5596cd96fa87c882133378,5eeeea0412729fa989d3a4b32a1564fa
15428aea3a5596cd96fa87c882133378,fe56e48d1143f9afe2334ba5c10ec147
15511ca1569fce4b9d77d1c415c5a036,c39adc2f62fdcbe658930695d88db636
15602e719b2e94a8a3981b6b77ce9324,e5f687461f71984d30e1afacaa7db4ca
156e8704673c196ffc4bdb50dbdb2ff4,af01ef8701c36eb7a19875d2fd546aab
157c8f1e6fd5bb8e23b50d7489c80499,80f681d7d0b1691e014ae0ef3f2919ce
15a1c83d2d59db3e590b1f252edf3b17,e256e06b0461126b00bde33800a88e2e
15a1c83d2d59db3e590b1f252edf3b17,e9244747902fbd6a17b9d4ac5c2032ea
15ae0007e5c413fe0c1f859047bf78d3,b096405376b84c6ad0968f0a3472e518
15d5f9b3eb2df80c720217c8c5f63388,248bd6e5686dcc1050204f20ec3e6687
15e19f1f84fba6d65df0bf043e9e0351,bc521117293cdcf2c85fa279d5f1186e
15e216587d1625f26b9c0ae319ffc648,63299850b6ed2edb7dbff095f4448b1c
15e55940088132b36da8813902cbbac2,40d95ffa4567b72de481e98ca4124b73
15e55940088132b36da8813902cbbac2,ccfcef1c94db285e86a0e02f01471cd9
167073fe3cf15dd5e66c50ba731b5a22,56ad8823e4bab139058a690d6d4883fa
16854cb3918d1c5a07a77533671fdd8a,fd660c1fb67f2a9150e3bc38cf606a43
16abfe2cddc992db9e323f3f03e0592f,65029aadcfe47c97f4541f158aed3a05
16afd48304ea5661e8b6f8c3254c51ed,45ecad969830e28a38c5ba3cf6bcecbe
16bab50509e90e457682f23272935843,4bab3d7ea82b9eeead9d5e7e63806b0b
16bab50509e90e457682f23272935843,ef438325f8862a6c1e2de00faf29a3e7
16d671afed2bf0cf09c362e346a2a07d,8ab7d00c8978bd31de57e22f563cfb85
17646d9ce9c3a9b5717785cf14b4aaf4,65f2505a7c1fd3f9f727dc100c47f190
17d899607c0f350082bfafe2edeca6d5,b467f5c2b942c2338bcb2169b2057b24
17d899607c0f350082bfafe2edeca6d5,daf9b579eab6d24a27208ef4e2185764
17d899607c0f350082bfafe2edeca6d5,de8a9922fbf7bdbd0714bab197b5da61
17feea5d90575d6b92e8f582e0890e49,800021e750f4d5f800f306c1bf5af479
18229948016e5ec6748f5e2d9686d9b0,fd4e0a293bd1c439086f869070d817cc
183a1ee3a0c5c6de79ea1146d5c90e04,a3eda9c5bd282806c0c2faa852f624c9
1864420ea29d2fc98faab16e1bd6e94f,eebfd463b76c696a991a806eac5c6497
1874d04965cb06f216c021b790b43ba8,1987cdb86eb69d62fa2c5522d4c065b3
1874d04965cb06f216c021b790b43ba8,24bc83fa9404cc2713a0ef51cacb2279
1874d04965cb06f216c021b790b43ba8,41891f6ad8b3a85f8273beda3d29c2c6
1874d04965cb06f216c021b790b43ba8,56014da055e3dcb886b61c4f76d62c2d
1874d04965cb06f216c021b790b43ba8,752424bf44aa868c6589e37cf2ed1e3a
1874d04965cb06f216c021b790b43ba8,84c45a71b83b550acc444f41bedc62d3
1874d04965cb06f216c021b790b43ba8,aaae7a7f70066143d50e9c6a4a4a9cfd
1874d04965cb06f216c021b790b43ba8,ad999ee7df648e78a172cd108c9b6b8b
1874d04965cb06f216c021b790b43ba8,be0718b8be64533d732274d0ee2f21ba
1874d04965cb06f216c021b790b43ba8,deced0987baaf024bf721895125c72c2
1874d04965cb06f216c021b790b43ba8,f62a7583d3feddd4a43e616f74cf29c5
1874d04965cb06f216c021b790b43ba8,fe0bac08f92aef9b78691fc7780dbedd
188725069e5b9dee26f3f118c900e9f3,2fbb112b649bdb126ac283df1edf4172
18af58d9c139c3c8233ba09002f15a69,2e39b4f338865759d887195378d3d1ae
18af58d9c139c3c8233ba09002f15a69,39345eafeb0e25f7e06ff96e109c1445
18af58d9c139c3c8233ba09002f15a69,567a9a1e1d2e9caebe26019e4c8c3a59
18af58d9c139c3c8233ba09002f15a69,84bc1bba8fb25e15c1f8cf84f819ad3a
18af58d9c139c3c8233ba09002f15a69,8a0253b3065c6c27e30f200cb205b026
18af58d9c139c3c8233ba09002f15a69,a897511005a91b06494f7353aa5be8cb
18af58d9c139c3c8233ba09002f15a69,ac146db4fc36ca76c6d67fe81f11c44f
18af58d9c139c3c8233ba09002f15a69,bf90d60e5f67185147f878537a5ea893
18af58d9c139c3c8233ba09002f15a69,d4efff86ebb2d631615d729aed3ace96
18af58d9c139c3c8233ba09002f15a69,d8a0fec825032a406513f949773dc0d3
18bda080113b5bc9fc8c4c6fec7ca486,4369088f1acfd16bdcef526aa3cf47d6
18bda080113b5bc9fc8c4c6fec7ca486,55f4021d6aaac479d3d8026aef34b493
191b924c5a312cab79c9780e8adbfcff,4cbb565aca9c56c7b213f6c3488ee8d7
193dc21b04ac4986b030e78d13148ba3,45983498f310dbf6a5ef52663532b4dd
193dc21b04ac4986b030e78d13148ba3,b9917e6044829bf8fb11ed303a85b131
193dc21b04ac4986b030e78d13148ba3,fa6f28dde56b5de48d8c2cf1aebad5b9
1947b6a258cb703f94943bddac20ef20,4798ec0f64fd7957c6c40082345eabbd
1947b6a258cb703f94943bddac20ef20,7ddd57ab323d2bd62f4ede19279489e3
1947b6a258cb703f94943bddac20ef20,e3ebfb13c2ff1271fe85155c48fc3de7
1955d85280ada8102b42925447f38f18,e02006f5f2eb62cd85dbb5ed8e6aa1b4
19575eeac8beea48b931dafa4d84ba4f,73ed932e6d7910fd516cd24c548724b3
19575eeac8beea48b931dafa4d84ba4f,ffe9465d4e1324690eb695538bde314c
196f7d04317a04dac4623e27ed9ea598,427a213a02f8bda0bc9694558a62e5a3
196f7d04317a04dac4623e27ed9ea598,5957029e983550f4dd5409c3affa7063
196f7d04317a04dac4623e27ed9ea598,8052c5dae848e3ad729bac22725b2391
196f7d04317a04dac4623e27ed9ea598,a0c6101763f8883880b4228bad549522
196f7d04317a04dac4623e27ed9ea598,a28fabec43b7e6a94e7e2402cc5b2838
196f7d04317a04dac4623e27ed9ea598,b675ed8d30e37cf8b8d2a0dd2ebe2ee1
19744a6e131e3a95b9532cb5fda56cc9,19744a6e131e3a95b9532cb5fda56cc9
19744a6e131e3a95b9532cb5fda56cc9,61829644b1251818745035135b3b4c97
19795ab21f7ed943e3139581a1d4780c,ffab1629642c473a210b500c7870a41f
1987cdb86eb69d62fa2c5522d4c065b3,aaae7a7f70066143d50e9c6a4a4a9cfd
1987cdb86eb69d62fa2c5522d4c065b3,ad999ee7df648e78a172cd108c9b6b8b
1987cdb86eb69d62fa2c5522d4c065b3,f62a7583d3feddd4a43e616f74cf29c5
1987cdb86eb69d62fa2c5522d4c065b3,fe0bac08f92aef9b78691fc7780dbedd
198deb928c947e42c633a73c6f16310d,324a009d5c2e69930b6a766b65d935aa
198deb928c947e42c633a73c6f16310d,f8a011746c2b3786425dd3b23afed62d
198ee04ab29561ec07a5aa0c03548fc8,2a0bd4cf4c907310d60a8c19a11a925e
198ee04ab29561ec07a5aa0c03548fc8,985a49265a29afa6af0bc584c15f2327
199648d9ecd15c9f8821b80e1dcadf27,b29ea059120dfd8f94a574830cc3465b
19caee2df20ce3119a94e107fdf9d636,7aebad460e217188c6bf24fe559367c3
19cc2255059cc6d991f32ee8da99a333,401be20f934d230f0e12dc15626920c3
1a5390a64e76f0bd0b3d0130870239ae,b67ec6501f5605d1ff26d54c7d27d100
1a5390a64e76f0bd0b3d0130870239ae,b905fe961510b19e5fbb35e381379316
1a7c76258bb48808c2d8f9ea69d35d57,5772c2133d6a9c1e1f4f579144d29c19
1a7da934a57ad27f67e014bcfb656bdc,808e6645d8991a420a76f1db3058acb3
1a86aa96d3120bed5d5dd00a4a0d69aa,95dd59ea5705816db1bdeee2d51d98fc
1a86aa96d3120bed5d5dd00a4a0d69aa,ea77fb6b68efc293217f57f62e838ede
1aa3234c7788f791d5bb00e71f75c964,93c331163fb30a25a438b82a8d5c49ff
1abffc981bcbf2c07c432989966a08d1,af9012d0e382f86efa1c351178aaf1bf
1ac032531fa5c80e8c72cb1c3bd57bc8,b467f5c2b942c2338bcb2169b2057b24
1ac032531fa5c80e8c72cb1c3bd57bc8,daf9b579eab6d24a27208ef4e2185764
1aea352af5d8f1e6b532fe1c19985181,dac536eb6352c48038efb97ecd5d3b61
1b03bf83728a868704ba4fabf48ddfba,56d1288f39ba6f6b511d37fdc40f2ca7
1b436412fa69dad94bd55b29445bcb57,2da7a2a7e8e89fbf0c758f1effda703f
1b436412fa69dad94bd55b29445bcb57,f95c31a41c1142f0d04de0f76092ea1e
1b4e905f555a0d5860b0a7506cea5911,402290a4f9c5a069b652d8207215942f
1b598d4800cd134e2400c2b57ef14d05,8433da0ab60b6e38f339eba6a907df20
1b6f49e5a8294a3594bab7775b6f386b,4f6cd552b8ee95f7920054faf46c3872
1b7b3b3d9c53225b031de018abac69e9,aa7ada3f8c7dfbd24f1580af05959e47
1b84c3c57afe24b535656889e103f561,7553e7188efa8e58d3d9ebd553f6f082
1b84c3c57afe24b535656889e103f561,a909775f5b47fd85f03cc3d61b6f2db3
1bcf8a63324e44f4a97196462cb7d703,bd517908f72ccb1deec295bd70b84898
1bdced5628b857e07ffe41a744104f98,28a7f89c6382d15075bafdd827729a6e
1be860f73a17766d1a95b7bc730b4884,54c6ca0831e4b50c8754638f855a1bce
1bf77463f81f3a05e7405e2a7991dd79,ad837c2015ffd77b13c54ca25d4337de
1bf77463f81f3a05e7405e2a7991dd79,ba440406c822e2fbaad76d1f3c3061d9
1bf9d04616cc921be72cd330f0f773b2,6848826a0f86de13450a0ce8caf8878d
1bf9d04616cc921be72cd330f0f773b2,b096405376b84c6ad0968f0a3472e518
1bfaa4160c52b9034b91c3e99bbfc737,1eeb7a4942b9249cd52b8735c7f40b53
1c0b88b9c9a55a9cab2d7fc29cb173b9,7ac33bf9403df5ee8d72f41d50e0efc4
1c35d30a13bcfbfbb7010262fe6b6123,34f31a85bdfb8627932292b75fd630da
1c35d30a13bcfbfbb7010262fe6b6123,474e1d6e985482cc2d16d1356b728c77
1c35d30a13bcfbfbb7010262fe6b6123,582f897ea500367acb68cde4cf581f2c
1c35d30a13bcfbfbb7010262fe6b6123,653ea7ea57981d2ec60e750436246ae9
1c35d30a13bcfbfbb7010262fe6b6123,665d81d4e467241e78929239163f74cd
1c35d30a13bcfbfbb7010262fe6b6123,68076a432624fea3d50410b717d79cea
1c35d30a13bcfbfbb7010262fe6b6123,8cad7cb2b43210f5d783ccd5c767a2e0
1c35d30a13bcfbfbb7010262fe6b6123,bd666cb26ae417d7c92c2824d6b504d6
1c35d30a13bcfbfbb7010262fe6b6123,fc685c9d0b47cddbd90a0b0a240cd55b
1c50fd613b7d721224622f6c670a263a,27abacdb4a185ea9579bb677ccd2cf63
1c50fd613b7d721224622f6c670a263a,288c1593d26887e5a2207dfb294f09c7
1c50fd613b7d721224622f6c670a263a,6c31cf7a2decdc8ea96a6dac62f1d3c1
1c50fd613b7d721224622f6c670a263a,aeb7685103e1f9227614892aa3097665
1c50fd613b7d721224622f6c670a263a,e73ea449ed550c8626725ae55b6b791d
1c57dc84505a080bf46c0a5940a0ed01,76175148f7002a4fcaf0d92ff79727e8
1c689381e61001e97f9e119f95f4d343,e0bef1fb914b2359eef200aa5fee9d4a
1cf581f19acf3d5494f85a0aafd8a524,3829ea9935991f30d246cc60ad45d115
1cf763750cffdea979c4cc92f97c90fc,26f7c8659535722c93ec161a13ddb0f0
1cf763750cffdea979c4cc92f97c90fc,b46bfb500c6542ccca62a10de1923563
1cf763750cffdea979c4cc92f97c90fc,b905fe961510b19e5fbb35e381379316
1cfdbc29e6c7577c8d0f57e1efdf7f9c,4b2ae5f0dfb2fc777639feb22c7f2c2c
1cfdbc29e6c7577c8d0f57e1efdf7f9c,78bd50da469c6dfee71c899413b6424c
1d16a1c36065024fe50eef8ecbcad0bb,21d5d8054244ba2041ba0c24254784a1
1d4db93c977aeed0ca3b524536368f14,5722f15b36824c9710ddf00fb49d64f3
1d60191c403d7e4a7e6b773ff7e3ebf2,65f2505a7c1fd3f9f727dc100c47f190
1d60191c403d7e4a7e6b773ff7e3ebf2,cb58c4c1620a2a7a8329775822e8f635
1d60191c403d7e4a7e6b773ff7e3ebf2,fd4bb3f19ab9b5a4d551452e15df9f6e
1da2671da469d5e17e25ab7dfdf3032a,4920ce9513545f7d7652c1821f17288c
1da2671da469d5e17e25ab7dfdf3032a,66f6ebc01fc92d08a89a23bacabd51d4
1da2671da469d5e17e25ab7dfdf3032a,6aa4bd5d4464e2460e04f4119ec69952
1da2671da469d5e17e25ab7dfdf3032a,a7c916804f814642b6a54513865b33a0
1dc916486434d9f1a365f64c3bf502b4,555dbc2a021a9f5d1022af20ebabca88
1dd6e851f5c5733ed8b3cb26011cffde,27e7a96e890b0ef702d776accdfdce19
1dd6e851f5c5733ed8b3cb26011cffde,8eabc793a9a456d4e5d88aa4e815282c
1dd7d55fd799cce47a9cb408015a7af4,7b9eede6e35b116c7dfd0b15b2f074c3
1dd7d55fd799cce47a9cb408015a7af4,d16b699cad191c561ed9ff3a44b02bd0
1dd7d55fd799cce47a9cb408015a7af4,e3e28b8d935f9ac58631cd03b6b2423d
1df3d860948b96c2d75a41a8ffa335b5,c3316ca21de610268a9f5677b8b6eaa4
1df3d860948b96c2d75a41a8ffa335b5,d71382dad57787393ffdb0f10e346670
1dfc02a3ba7d7ee770fab06d90d70a4f,aeb7685103e1f9227614892aa3097665
1e25d76b47bcf8b68afcd7af277cdf4e,24b77b8262806516fd66f095dd35b812
1e25d76b47bcf8b68afcd7af277cdf4e,4b2ae5f0dfb2fc777639feb22c7f2c2c
1e25d76b47bcf8b68afcd7af277cdf4e,78bd50da469c6dfee71c899413b6424c
1e25d76b47bcf8b68afcd7af277cdf4e,7d5554be3a999c904bcefead8afd54ef
1e25d76b47bcf8b68afcd7af277cdf4e,a79b2083baec7774389617d755d4e8de
1e25d76b47bcf8b68afcd7af277cdf4e,bc477c95f6de5c9c99c92b70589db22f
1e25d76b47bcf8b68afcd7af277cdf4e,c3073a044365388de46709e474dc785c
1e2621ca0b8362bfe8587fe6b78cecb7,293c4dcdb1b49afc0b336071af38f6ad
1e2621ca0b8362bfe8587fe6b78cecb7,39c891a474dee6b84bd6dd0b9e48b15b
1e2621ca0b8362bfe8587fe6b78cecb7,4c433c787ec8e5a6f4f80df143bf8cd9
1e2621ca0b8362bfe8587fe6b78cecb7,cc1276d65f7026358e7b66ef63f03c92
1e5299a08fa70217048a675a3d314877,3ffedc7c80ebdd82c939b50b489517a0
1e5299a08fa70217048a675a3d314877,ce7c883fa3ff466f73db3dd3afed7029
1e5299a08fa70217048a675a3d314877,ffe535651d2f213222ed3629cd8f5e47
1e66a7a951a611550d60db1bf428cf0a,7c5dae67ef8e54f3f9e6ff4fa2005dc1
1e66a7a951a611550d60db1bf428cf0a,e017a9001bc606ddc393e8be1febc810
1e66a7a951a611550d60db1bf428cf0a,e1d52eb12375623ad86ffcbf39fa7a6d
1e66a7a951a611550d60db1bf428cf0a,f5a7b89db1c6f0bdc6111a8d2a1a1224
1e66a7a951a611550d60db1bf428cf0a,fd7a0ab5ecb9aee9ef9d6b05e4950632
1e84dc0f599c60b211eaee400e59649a,2002e80efa9fcc3d419f1e7439633b7a
1e84dc0f599c60b211eaee400e59649a,6df45efaf7162a8048012bb8a3e89f2b
1e84dc0f599c60b211eaee400e59649a,900c2a5c0f66b2a19fafb5fe53bfa04b
1e84dc0f599c60b211eaee400e59649a,f3710d84c6dfe78a789deae694bd1e9e
1e90aba4fcbfb3ec2bf604341de04a02,b096405376b84c6ad0968f0a3472e518
1e90aba4fcbfb3ec2bf604341de04a02,e14556235dfad5570e44bb1db0b7d956
1ec9dba48eedaaef2a948d3052048575,9c59bd3123da3aadc601965f335a5ac1
1ed5581d4cef11dd6ce60a1ac223845e,600e322d1e504230259ce62982082cf7
1eeb7a4942b9249cd52b8735c7f40b53,2856f923ec50cadf45ebf99e6f127012
1f09d69aa6f1d359869037b250aa76c5,abe040ce1d6c30f5894d5a41eac0af86
1f2d17608fe981d1c75feff0a6fa950f,366219e483d345aca79c380a1c1bf12b
1f31997c413b7ebd79382c398635aa90,bb95bf8565ac41124b27691b7c510789
1f394dafb7387f7f24345eddf9e34df8,3156063572db14c26ab2f931652adefa
1f394dafb7387f7f24345eddf9e34df8,6a1e68a4b9a88224b830345f9f2ab530
1f394dafb7387f7f24345eddf9e34df8,7b08f56b9de56c00700d2a2ea1b127d1
1f41834e0ade2d83384d65a33636ba13,4a0645888bf7bffe7fc97b4446102526
1f512f52f57847f2dd8a1e04462a3edb,501869854fe51e4857e4107ffc90920b
1f512f52f57847f2dd8a1e04462a3edb,bd4d77d52e664e8916ff0f44c65bfca7
1f88b6ba1cfda63f8d75865f0e038f88,94424c23c74e21de52452bb366f744e0
1f88b6ba1cfda63f8d75865f0e038f88,b5bc6824f9ee7130512822e0f232b220
1fd5fdeacb8c826b90564c90cff9caa9,4798ec0f64fd7957c6c40082345eabbd
1fd5fdeacb8c826b90564c90cff9caa9,fe56e48d1143f9afe2334ba5c10ec147
1fe837d445659a46899be2c29cdf14c3,c5315f132ea1b1624e35d4e7802e4cd7
2002e80efa9fcc3d419f1e7439633b7a,4ab91e013bb8e43721661265a5f26876
2002e80efa9fcc3d419f1e7439633b7a,6df45efaf7162a8048012bb8a3e89f2b
2002e80efa9fcc3d419f1e7439633b7a,900c2a5c0f66b2a19fafb5fe53bfa04b
2007e49a7c5eb1a7c41db85144b7d077,910efe790640da21c4c79ef2693e3d71
200fc09daad19eec0c57324217c81246,e5e6cb1bd9f9b1f61e5a01c03b1b13bc
201281f1569abe247efb6e9ac7fb041f,42665e867d1e6894f144cc36ce7cc9db
202628446531877e638c5763708a8dcb,4872f5edb529bb71ca9ca8be9406b4e2
202628446531877e638c5763708a8dcb,5f6b673f305acdcbce4b9725707e886c
202628446531877e638c5763708a8dcb,7cdacac814432157de0edc5820102640
20562156e5a834e6549da288986baa86,afcc9541aba03f40967d9bb1bee8c5c0
20562156e5a834e6549da288986baa86,bfdfc4305eac0a4b009705ea0d71ec8c
20562156e5a834e6549da288986baa86,f4178c56bdcae74b89bb91c4a5254fa7
20755e4458f8c2a2b873fbc6adf9ddf8,890421f3707daafa7df782a8f9e079cd
20755e4458f8c2a2b873fbc6adf9ddf8,b29812a8a408d03bcb06008dbc335847
20938546d1ca27519229e7594e032003,ebfe1324b54a1fbf4db48f61e131e818
20b3c2884da7a9f44058c579583055ad,5b7a7c8b6c8a926e831f1506854b75cc
20cea617db76f254f4292062154130c3,9a4d019f16508854881d7236fa3371a2
20d2cd7904924949c1089daf21e5fbfa,9429d9db136d5c24ebccd019266565cd
20f6ecb2998ff69b015612c16d061cd0,9428e7b04a6e48031bf4926202871c3f
21225c0d470c2d27adf4e2d05d06453c,e0c43d30d89f5f92015c0624b64b601e
2143542c60d901069fd35ff89920f323,a1907ee3b7796c1ab0f31c037a9e166d
2143542c60d901069fd35ff89920f323,a28fabec43b7e6a94e7e2402cc5b2838
2143542c60d901069fd35ff89920f323,b280d9211c50ff5c02438d6784445cbd
214ae382ee7b39ef6591ee50242c5e85,b05ea1831498ee6e16577d0f1a9718d4
214faa57a8980a13af09a12f4fc63757,f32ac61985799218d804484d77d635c9
2154eb78b14182d9e14e34c78e5c0902,5a213ef2a3df704d3c45178e96e70ab5
2154eb78b14182d9e14e34c78e5c0902,70aa16dad0a7729ff9195998fcb8eea0
2158602085c336d518da81f4f2847190,7573a14cf52b74be330f443aeea0ae99
21b14e561f6b25d5760cced93d81827d,7a5a5a33d28b23fc261bda872515c7c9
21b44f48addca3f35a7286c4beca5f42,8103f6b627557d9630a1c8b61d1729a7
21b44f48addca3f35a7286c4beca5f42,eae8e239ae29c4273cb4addacb3e2340
21d5d8054244ba2041ba0c24254784a1,236fa69625f701fae1a63200ca3c28c4
21d8990675161a4dc02a8234f8b3e7c5,c39849ee2e96bf9cf17969b3e8d9ce70
21d8990675161a4dc02a8234f8b3e7c5,c8425ce4a1ab0e040fc5200bf0f3cb43
21f52bfbb52bd9ee0f5dd8e0b42963e0,661f1de6c4d3a0bb45f8650a60814163
21f52bfbb52bd9ee0f5dd8e0b42963e0,695fd2086ac3e1d89150f18d3d5a2277
21f52bfbb52bd9ee0f5dd8e0b42963e0,6e00464a4a4edc53ed02cd997cc43675
21f52bfbb52bd9ee0f5dd8e0b42963e0,70e3113009a30fbb6cf57114d0b54470
2202fdb5432f22791f13aed1141c00dd,5f8acd600e7b9c6b160fbfe196a99c3a
2242086f3f3d9fadb2914f8a23e9058a,ac5fd23f9bb262ba103c370040e22399
224f9aee3c282f80dc1bf015e3753481,4f8d9a6616427d677e100898b4e0bf36
22662e181ed2e360f9be3ab52a61630b,fd82f2c29c09ba94abb70dc75343146a
226fe8204d400413b9bfb8a8e5245832,fe9d4212f25ca3a60011106367b0b978
22847fdfb60634c390fab42761a75eee,285abd06a919f428a34a8174701683ef
22847fdfb60634c390fab42761a75eee,bf4bb721585f87f986fdef73320b5011
228f2921f4a11e9c8b406dd12e68ad41,3d7b5a7a116c1b13820716288ddf821d
228f2921f4a11e9c8b406dd12e68ad41,49b6284f862db692aae6b297307d3a91
228f2921f4a11e9c8b406dd12e68ad41,6f6c990e32d6c1f1201f5e2c21f53e98
228f2921f4a11e9c8b406dd12e68ad41,856f848402ce59ecf0785c965b9eaab2
228f2921f4a11e9c8b406dd12e68ad41,f06bbb4831b13e944157985d3826ce00
228f2921f4a11e9c8b406dd12e68ad41,f9d251b6e2baeae1c3f69237280cc464
228f2921f4a11e9c8b406dd12e68ad41,fb6ffcdd81da6e8086bd6e1b366a990b
22ada9b28fd9037343e0993314fbe09d,e70803267b3e1f38f50bda3afce48145
22b0e11461e065cc3cfb2bc1d5c53bcd,ed2db94feabef857bae82db7a3c15b39
22e2fd1e473e9dc05f654495c6123197,720bccec7bbb0f35095b54857ac95abd
22e2fd1e473e9dc05f654495c6123197,cef4f659af2ff19515fe4207db8a5125
233a3bd3acbcfbe1d9829c4806faadcd,5e370b97eac1b39321a7807e5f84b53d
233a3bd3acbcfbe1d9829c4806faadcd,9c4c6c3d79fc5b6e5ee8f74f10e0ebf6
236851690d3fdaa39419a177a85706c1,9cac1ae1875f1e83d0e3d70e65e76dd2
2380cfb11d5af659a6fcf873fe17f20e,a39ff7ff54d60adb51b7cdc952cd6a77
2380cfb11d5af659a6fcf873fe17f20e,f0c2d183325c450a1960421ee4adb0fd
239837bad9f1b219f302df4b365ac0b5,c31576369529ca0ce09d2eb67df0931d
23d0173c97d1933ae35430782e140ae0,b0acd6b4f6f0321cd44dee47c49d3d79
23d3ad4870ab430f279c52b4d59a45f1,585f031adaf24464d850f6f636ecfc5f
23de20fb246b4d61baaf9a424d9c38a8,8ba2d7cc779cf89c056347ff8437941a
23de20fb246b4d61baaf9a424d9c38a8,be8c379cfd8092839805ce3b32ece928
2416b8bfbeb125179810397b712617c0,519a9a465c7da19668b11e2a11171fd6
2416b8bfbeb125179810397b712617c0,db36874eacd476f973e74b3ce861cf37
24746d1229ebdb0f9d2d2f75407e6d0a,f4e693ad30945cad375c530bab0597e9
2483cfe429767a2bfcfee5399fb6e3d2,3947ef6dc0925bb60cfdbc264d6aec1b
2483cfe429767a2bfcfee5399fb6e3d2,59d1eafaa2e931333edc3633a71068fb
2483cfe429767a2bfcfee5399fb6e3d2,feec86d9323af0674a4e3df60ff22bf7
249356d320df161af97ee64be466ab10,7947ec3f03947bfddc1baba352b4255a
24b77b8262806516fd66f095dd35b812,4b2ae5f0dfb2fc777639feb22c7f2c2c
24b77b8262806516fd66f095dd35b812,78bd50da469c6dfee71c899413b6424c
24b77b8262806516fd66f095dd35b812,800021e750f4d5f800f306c1bf5af479
24b77b8262806516fd66f095dd35b812,a79b2083baec7774389617d755d4e8de
24b77b8262806516fd66f095dd35b812,bc477c95f6de5c9c99c92b70589db22f
24b77b8262806516fd66f095dd35b812,c3073a044365388de46709e474dc785c
24bc83fa9404cc2713a0ef51cacb2279,41891f6ad8b3a85f8273beda3d29c2c6
24bc83fa9404cc2713a0ef51cacb2279,56014da055e3dcb886b61c4f76d62c2d
24bc83fa9404cc2713a0ef51cacb2279,63b0ecf3a4103521f3fd50206bdecacb
24bc83fa9404cc2713a0ef51cacb2279,752424bf44aa868c6589e37cf2ed1e3a
24bc83fa9404cc2713a0ef51cacb2279,84c45a71b83b550acc444f41bedc62d3
24bc83fa9404cc2713a0ef51cacb2279,aaae7a7f70066143d50e9c6a4a4a9cfd
24bc83fa9404cc2713a0ef51cacb2279,ad999ee7df648e78a172cd108c9b6b8b
24bc83fa9404cc2713a0ef51cacb2279,be0718b8be64533d732274d0ee2f21ba
24bc83fa9404cc2713a0ef51cacb2279,deced0987baaf024bf721895125c72c2
24bc83fa9404cc2713a0ef51cacb2279,f62a7583d3feddd4a43e616f74cf29c5
24bc83fa9404cc2713a0ef51cacb2279,fe0bac08f92aef9b78691fc7780dbedd
25105795c6a037fa3628ecb7a15b0248,7fc2bd245002712fa10f382eb6636247
2516e0f5601f30ecc8a1ba03228bcbc4,c31a0f2b85c305c31ecd300e262c874b
253f81d0576844d3032745242cb9b401,e520b091140415f139945e1037181ffb
259863e76484286af55e0447983d04af,a34ed35cdeba0df3ec3c16249ecc5011
25acec928c9de6214e67054047a32f13,5d389510f88964aa1e13eb99755a9ed7
25c7e45ce8325d4676a7046a8d39a5e4,fdd62694debeb51ebc5231338dbc4b73
25d52154d455d709c055fb414bcbff72,82ec75dcebf1772cf2d791f5441efc6e
25dd8d9576100ed5813cb40b56cbcf48,4563381646c16a318afb907e76508fe8
25df3704224ff19c7d7cfbffa6e17b91,55c2514fd905d39a553bf348a65b2a33
25df3704224ff19c7d7cfbffa6e17b91,98cec158fcea4dbbcf9817d60123f1d9
25df3704224ff19c7d7cfbffa6e17b91,cee3d5e17a24b9324e6fd20a1413a898
25e36695da3ae487e49803c6e4580f8e,29f9f668d751d3a67d36e51163c88097
25e36695da3ae487e49803c6e4580f8e,65f2505a7c1fd3f9f727dc100c47f190
25e36695da3ae487e49803c6e4580f8e,6b4636b4108520452a7307f126b3a5bd
25f66c53589a6d360851ac03bea182d2,4ec63951cf2e4f48793df6492c25986a
263f0da8377c624d0c751253a97b608d,6dd7ffed0cde7b260ee26685b524c5db
266b9052e89e6f502122f68a1fdb1002,45546263c518cc663676ce7d5cb3e237
266b9052e89e6f502122f68a1fdb1002,87e7a5d793c9d9437080eb1ac5513aa6
26925663c683e25f7e0788bafdaab5e1,407f018f36242669b95089d21cdc126b
26ac8371c3fd58efac66db57aa99b5f5,8ece18cf79ec56e18fca1ac5e0a585d3
26d7df762c815ac812367c9ae70d59e4,54192077534ff1e32d814814aa8a9510
26f7c8659535722c93ec161a13ddb0f0,b46bfb500c6542ccca62a10de1923563
26f7c8659535722c93ec161a13ddb0f0,b905fe961510b19e5fbb35e381379316
270a7cc477a7f1b4d3fdf4108e04accb,27f1fab23c43d31c0758b69cb8611e70
270a7cc477a7f1b4d3fdf4108e04accb,4ad795c161303df8a8bc8041440c5529
270a7cc477a7f1b4d3fdf4108e04accb,5fbc38d45708bc1c9b6ca78b10c68fa3
271a40293b23249fa69ebbd46e5db1b5,3a3345c41508d304ccf2a1bc4925b28d
272343500f999a926cfbe78c97e7dc00,b27437ec7d0fc4ea186c147d2bee10f6
27266840e39d32f014b47f4bd7bbd41f,b23038e8a9ccf3e8ada3183376c97b94
275b3a48b2ff90959d4f01f6371f389b,a8a563249b86dbfc336177c335003346
275b3a48b2ff90959d4f01f6371f389b,cc69c46e442c514fa0e383b388388b71
275b3a48b2ff90959d4f01f6371f389b,d03217bdda681b9e276f18b074eb7023
2767107a546a213d2155e3d907e268b4,951f3d98555eae1df1b48d7bb8db7d81
2767107a546a213d2155e3d907e268b4,f7e0ac04113b802d07c931a377e6b85f
27aab2c5067dd8677942a22fcf4a85b7,34d4ca308bf18ab8af99885fe8b5a92e
27abacdb4a185ea9579bb677ccd2cf63,6c31cf7a2decdc8ea96a6dac62f1d3c1
27abacdb4a185ea9579bb677ccd2cf63,aeb7685103e1f9227614892aa3097665
27c5361528dd6b261af23bc659432869,7fc0d97bd14357a098fee1810c03241d
27da33f981b63af7db2ec7585bd87eae,8c51ca2551e4791a0288876437276c2f
27e104b21e4e399684002e0d4ef78441,bda7d2a0bcb617b659e04e020e2f2b34
27e7a96e890b0ef702d776accdfdce19,8eabc793a9a456d4e5d88aa4e815282c
27f1fab23c43d31c0758b69cb8611e70,4ad795c161303df8a8bc8041440c5529
27f1fab23c43d31c0758b69cb8611e70,5fbc38d45708bc1c9b6ca78b10c68fa3
27f1fab23c43d31c0758b69cb8611e70,ef9898668cf1e4c4475df21035de4c0c
28071d4aee6c2b9789891fa4d16fdfd2,46e2bc92a12cd9e8aba844e1c4c38223
2811e6a6d51bc683c797e3a62019fb3c,f5b2aaac840ccb7f8e778dc428d8ffd8
2818653ba94d708553161c01f79bdc72,ccca24d647c4ca81468866ecf97c1d35
2821ae23e8e224a46c2e22e831a2ab33,c66dbee8cb83e424b9b6cce98158b7c8
2823e40e614fde772204f6b6e13d4f71,e32bb53d13b083912e894f00e516381f
2856f923ec50cadf45ebf99e6f127012,a160826610f128eb4f410f640be79e56
2860428acb848e1fa11af472ce50bea9,2a43bbd478e2d094b8fc73a208fa8332
286048529e54d65456e23aae306d1dde,5d9ef7399749b12dda80467104f5466c
286da8d26c529bfdb49c8c0e86286a19,ca1f55fe0777fb9be6a67ddd014f3806
286e6c2867e69761d89361e17edb313a,d5c4c030e0152e500a11d409fd5202d9
2886caf63d707497128d439da48ff42b,5d19b5f8b888f6c2da07362213f4a915
288c1593d26887e5a2207dfb294f09c7,e2b8b00b056cadb9bb802ef74adfbff4
288c1593d26887e5a2207dfb294f09c7,e73ea449ed550c8626725ae55b6b791d
28a7f89c6382d15075bafdd827729a6e,78a3198ca3948be97ac9f921f9ad296c
28b65503a32a525528d3a53c91be0814,c81d4b170897b5d84487b937b459ed47
28d9229e2ff243f368e356b9e266dcc4,db79113269c182790ce9c11beba6622d
29019cbc7bc2af4c071fbbfc06d3e806,e7b94782c1e1e29bb45b6f1488c373ad
2916ad52d6c7b6e601c2b1cb7faabfac,77e8c287175bddb180302cb17b3bf571
2965e757073f1128f8821897477ce2ad,7c64be01003f3f3560e415e7a756e5f8
2965e757073f1128f8821897477ce2ad,9728c41a8109db5dcccb42d4dbcc1cd4
2965e757073f1128f8821897477ce2ad,ab3a8671211ba800c56a7308d7355cfd
297fc34284606328952d9a8e0707acd9,b7eda78914e3c631088a5318b90923b4
29accf3d7d7ee69168052846934c5984,7c70cda2e78852621bd509b68e0df878
29ba3368091c566193c70bccc79a4fbf,9489e13155cfad6888f3b295d1ebcd5d
29d2e81df76bcd7b1c62a197f8244fba,961154229346f6bb46f18179c6037ee7
29f9f668d751d3a67d36e51163c88097,65f2505a7c1fd3f9f727dc100c47f190
2a0bd4cf4c907310d60a8c19a11a925e,985a49265a29afa6af0bc584c15f2327
2a0d5a8bbf0262a1d1f56f5a6a7c307a,4522dcbd7d24f4f2519ec2a3a27ada23
2a11b27f92b2754ea63b8b95abf03f07,d358230c2c1384f51d28d4c6dbc04bd2
2a2f79d221e6f6e81e641ee49cfd8506,381317e94976c76a831529ffddf4f1a7
2a2f79d221e6f6e81e641ee49cfd8506,f4178c56bdcae74b89bb91c4a5254fa7
2a3f61412b45dcd4cd3b3f5bfb109985,58bd101ee0940ec2eb5da241938bdd80
2a48cf6f2b3f3c616ea273b3cc36c3fe,368b65e7f20542084803031dc40782ba
2a48cf6f2b3f3c616ea273b3cc36c3fe,7a17fa99ed03bca31053fd8e53bd3d69
2a48cf6f2b3f3c616ea273b3cc36c3fe,85b039e16bea5b0f5fd2f22ab7513ca5
2a67db98b7d683625534f2ac43f20bc9,b096405376b84c6ad0968f0a3472e518
2a95f3d28ffc111573bb15d01fefc55b,e0f0e0eb17eeccb80f6006005c95f244
2b4010d9ba4407c573b768918274703b,ca64de66731dc646b7a131894e8b60bf
2b5527c9c335b0f15918a283f7ee8619,7313f87ea6e729710062e65a5ab93c35
2b8e2168cff726fff2163a6ff48ce2cd,4d371d4786685a28de41d9976e9ff12d
2b8e2168cff726fff2163a6ff48ce2cd,52627d1f1aa3167eb52dd57b838a08df
2b8e2168cff726fff2163a6ff48ce2cd,5a630d885ac18415caff74de06c84f84
2b8e2168cff726fff2163a6ff48ce2cd,5d068f878789948ecfd82593d746f442
2b8e2168cff726fff2163a6ff48ce2cd,ba93b1f54fe44b86243137d828c0f9a3
2b8e2168cff726fff2163a6ff48ce2cd,dfc522bfe4b7520c68514ec54bf13beb
2b8e2168cff726fff2163a6ff48ce2cd,f194544ba2911f3782e8b6e865d895aa
2b8e2168cff726fff2163a6ff48ce2cd,f4499f180e6b8e4fbc2b46c1e4ee5567
2bef8d790e5d7a905efc1157edf78eb5,3e75de0340ee65629b7c6bb0c008a9e1
2c68a910486c4a7c544d6b33eab3a153,ae862dbe03fbda84eb4b6c1fe05525bd
2c8a4a55073704fa5f5015563c93166b,a160826610f128eb4f410f640be79e56
2c8a4a55073704fa5f5015563c93166b,f6aa241f69a2322848576508537fda73
2cb7e685b500770fff0132301796f7ed,414ec24eaecabad2f0ace34dc7a09185
2cb7e685b500770fff0132301796f7ed,7e674585de549bd78421f62bddb5e457
2cb7e685b500770fff0132301796f7ed,8a29164c02b79d1fcbd6edd060db2fe0
2cb7e685b500770fff0132301796f7ed,c6433c0cca50dcdb2cd2076a0c079d6d
2cca697705d2d4d9ed4e60bf6c21ba8e,50109589da1ad7863e108ef3534f6dc9
2cca697705d2d4d9ed4e60bf6c21ba8e,83c7faeddc19d0a8bbb010ab9d774718
2cd7209c9213da2679f1bbe13d6f62a6,fbe108a9b3d68da9075d1d9b0700685c
2cdc3557a21025a528ac3897f3fe0635,c64296d21a0bce762ccf2405e97f420c
2d02014520cec4f94c23e0e3c67b7870,32137b182b86241d89895acb43f2614f
2d02014520cec4f94c23e0e3c67b7870,6522eecaeaeb7b67ac414ce5bbf0c0fd
2d02014520cec4f94c23e0e3c67b7870,65395eef18df3e629ea16faf30a1ed35
2d36938621fc7f9a1e891477e47ab9ce,414f6d34e44aca14504a46e5ec7e4563
2d3e01c864b6ed20f9f48df0c0852733,af26db63e94ca16c91c41a386290e6f3
2d49d705979ff4dcd81b4f0f3f7af373,f5923a58a8f6b36abe072318e1eab216
2d49d705979ff4dcd81b4f0f3f7af373,fa269c4edbe8f08278339e1e5da079e9
2d534d4d7379de103be152f660854f3d,a971496060c5abc8bb9d28001261cb12
2d5d25c03ceaffc54684426e890501a5,4e6550a298799803a58b72bf09e30143
2d70e886b6c217014b3083905a633cb5,5811a3b32549578148dadf247393e26d
2d70e886b6c217014b3083905a633cb5,be2025b6d56f8b591de93d71ce04ae94
2d70e886b6c217014b3083905a633cb5,e59e679cceac78e71c315e7fc23ad84f
2d8f03cc85ad7d08ecc467833b7b03cd,6dff54ac27b6836f485359320c8d79b9
2da7a2a7e8e89fbf0c758f1effda703f,f95c31a41c1142f0d04de0f76092ea1e
2db5ab2645bc1e7c5010970c4e7bcb4d,b16ad60a1429736f7ee0e1cc191047b9
2dd21cbee268cb5898703a08e355910e,4190de685d0bc705463e28fd41645bb9
2dd21cbee268cb5898703a08e355910e,53f50b6d497f1d490485e5d894f5d740
2dd21cbee268cb5898703a08e355910e,6afe876fdf031bdc1339577c8e5bd1c3
2dd21cbee268cb5898703a08e355910e,6f1cfb71857d71dfa6cad0fd3bb8e7a5
2dd21cbee268cb5898703a08e355910e,8ff099acb79da4d0bbcc3065c3930e10
2dd21cbee268cb5898703a08e355910e,dccae463de53e77bfb3322a6bbb51da0
2dd21cbee268cb5898703a08e355910e,e05b07a377543ceeda236def2614367f
2dd21cbee268cb5898703a08e355910e,e605a4282118806466e0980fe6e409d9
2dd21cbee268cb5898703a08e355910e,e79a26779cb2af035a2de65d98c8a8c3
2de65906fa34bcc86e39c209f07345b2,f7f465094f210b4056d7712bc80b59c4
2dee48c6e8e9057b67feb2b16317f113,c3316ca21de610268a9f5677b8b6eaa4
2e39b4f338865759d887195378d3d1ae,39345eafeb0e25f7e06ff96e109c1445
2e39b4f338865759d887195378d3d1ae,567a9a1e1d2e9caebe26019e4c8c3a59
2e39b4f338865759d887195378d3d1ae,84bc1bba8fb25e15c1f8cf84f819ad3a
2e39b4f338865759d887195378d3d1ae,8a0253b3065c6c27e30f200cb205b026
2e39b4f338865759d887195378d3d1ae,a897511005a91b06494f7353aa5be8cb
2e39b4f338865759d887195378d3d1ae,ac146db4fc36ca76c6d67fe81f11c44f
2e39b4f338865759d887195378d3d1ae,bf90d60e5f67185147f878537a5ea893
2e39b4f338865759d887195378d3d1ae,d4efff86ebb2d631615d729aed3ace96
2e39b4f338865759d887195378d3d1ae,d8a0fec825032a406513f949773dc0d3
2e560b527b31c288dc25410c95b3a540,d7fdf872654e33dd3b85155fe8a17ab7
2e560b527b31c288dc25410c95b3a540,fa6c6054127abfbc2c89dcd3ce444c11
2e87b7b3bb3f83e695eb47b5d9931016,3d489b6181c4c0b00a7f61f91725472a
2e87b7b3bb3f83e695eb47b5d9931016,3e9fbc0c39f7b69754dfa7f80446d861
2e87b7b3bb3f83e695eb47b5d9931016,6d82800f4c9a305f34812ee6cd035d9a
2e87b7b3bb3f83e695eb47b5d9931016,7756d2b4afb64e55cb9fa51da2246dad
2e87b7b3bb3f83e695eb47b5d9931016,ce08f161d8b7b54692cfbd29562d7ff0
2e87b7b3bb3f83e695eb47b5d9931016,d30e06df6912d1a282c91dc258467b1a
2ea140cbcbb8b8a78943465526e6a17b,cf0f87a3dd5625aac2da5cefd2c805f2
2ebf1655fa70447878392affd7a78b0e,d4a6c4abe01c5e8b6476ed118c403c01
2ec4ca0c286c1938545faeaf02454a02,cd546185154a441364c10afcf7216990
2f2eccf2db48e33f88f93228db280500,82ec75dcebf1772cf2d791f5441efc6e
2f2eccf2db48e33f88f93228db280500,a1937ecc5d35f7239b5a0c49457ec9a5
2f2eccf2db48e33f88f93228db280500,d56f5ee7fccdde8f8fd17998c35fad23
2f2eccf2db48e33f88f93228db280500,d57e35feea3866170ec5cd1d67de223c
2f3e2359e7a4e1a0de897b1e7a9ea8cb,6aed8e742ec6a38fb8e0f0fac331d67c
2f639b6da650b381edd6bfe4a10ce524,34a7448f04f00e03479dd204e8cdea02
2fd28f26d8a2cb6c3387ae09d34a6927,3e5e25be6f69c0b9ae9977928bd1d606
2ff9e1444d02fb381f5f020a0a66ba03,e0bb2a3fcc9409d6f60b6173087fc829
300810c1226a1b6298c01bcba26602b1,66b8842ebdc610583f6d7c161cfc5a96
30408ae4027003b7cb61619caf6c6d21,37d76edceeb04abe94c40060a1d5a863
305a3979b2e2792c51330e29512afdb6,65f2505a7c1fd3f9f727dc100c47f190
305a3979b2e2792c51330e29512afdb6,9ea2ed9120cf0b03464106578f7ec929
3062937ec85ad2cc3d37c6ef5570b43c,a28cbc9aee28ae8b8d62417bd47d70ec
3076493218ba15250c61aeea55ef41e1,4f79ca520679df4d825c3231c001c2bc
30bac271f7982b032a12e11e8a8ec6a8,4de1608880097b3fd3d517a1245a8226
30de623c9b9643d22b753a8cc371d69e,6fae3f1d97963d6df6602d3aea9b71d4
31256a44e66981dcea421b0a047d3226,5bd7f611741cdc88b2944f366f3dbcaf
31497ee241af5059b55a768692bc000e,de99616c12bec95caca75b73195ad06a
314ed17387625f4cedf8fe54eca13fff,5966681071c976011e66bc7b1108abff
3156063572db14c26ab2f931652adefa,6a1e68a4b9a88224b830345f9f2ab530
3156063572db14c26ab2f931652adefa,7b08f56b9de56c00700d2a2ea1b127d1
31af497ff6f5428429943c12ed1607e7,ce3c2fab04c6de5d44d2c014b072fbc9
31d31b3b666006f18ef0b0f32f61a73a,4d60875dec0ea19494dfd794398dbfdb
31d31b3b666006f18ef0b0f32f61a73a,ad837c2015ffd77b13c54ca25d4337de
31d9418703f214568b6626c0a48a7b98,6bd50342e52781aadbd32d8bbf594dfe
31f6dc1d52ee392bb763bdf83da6ebf6,f12065cc3402213c5d85bcf6ecc3812c
31ff63fd85fd9a1019247f500d849f60,c4aa3943a14a4f3c10b2696669938dcf
32137b182b86241d89895acb43f2614f,3594ec963afb9829acc0ae09833970a0
32137b182b86241d89895acb43f2614f,be3922339c0fc892f9351f1451815fe4
3227b489bb4bdef6703bb62a3ed30ff4,5055ff0e3d0795cbb250ba3ac18c66c4
3227b489bb4bdef6703bb62a3ed30ff4,7c5dae67ef8e54f3f9e6ff4fa2005dc1
3227b489bb4bdef6703bb62a3ed30ff4,e1d52eb12375623ad86ffcbf39fa7a6d
3227b489bb4bdef6703bb62a3ed30ff4,e72618fc468b4a86b1df08a653e885f4
3227b489bb4bdef6703bb62a3ed30ff4,fd7a0ab5ecb9aee9ef9d6b05e4950632
326685d2ae785823b1c39b5fa8fd6594,553f1e5dfd56ee0aa86d7da0c9603090
326685d2ae785823b1c39b5fa8fd6594,592b98c01ef440d9ef1bee213d42636f
326685d2ae785823b1c39b5fa8fd6594,5eeeea0412729fa989d3a4b32a1564fa
32917df7cd68f5e7169f4b4efde496e2,7cdacac814432157de0edc5820102640
32d508e41d8003e59ae19b0068ad7e9b,5e370b97eac1b39321a7807e5f84b53d
32db038c408cd07234adfd2ed4ee36c4,733400c6ebb21858e4e69d6d9f85b011
32db038c408cd07234adfd2ed4ee36c4,8ba0db8b3ac93911bd1a04c20e147430
32db038c408cd07234adfd2ed4ee36c4,d356e51222f41bb67a9814eed3a7093c
32db038c408cd07234adfd2ed4ee36c4,f3de827457426f2c8b3442c5141a131c
330e44394373ccbc353540f32d776419,533a12e4dec6fb4108f5089a90bf97dc
330e44394373ccbc353540f32d776419,af5eaa9d13b463eac26a3b2102e3af07
330e44394373ccbc353540f32d776419,eb33e0cba8a5fd24fa5990db6c386582
33161c49cc7b1bfab731ed2a6f0abc76,7ebe70e5056e44abbe8f033d1e6fca15
33161c49cc7b1bfab731ed2a6f0abc76,e04cace92764a2c7ea20aecbaf7335f1
3375149a0c82a027951651894c858088,9534c7d8569e726d7d2e10425ea9dbba
33917b3688d0d144bd20c531e437db55,9795e6cae57ac531477801629a15c863
33a6d8fce14deb1b303804d4e8a5ca94,586cb79a75ce4d4815f71aa4dcefccb8
33a6d8fce14deb1b303804d4e8a5ca94,b3b5568b4bd43b5dc074bd2fb7d48ee5
33a8115bf414092f9a36c3904d277bb1,e376c287beeab445208b93ac83380556
33aa88cadd81d5da43dae505b466cc33,8d6f7c291e8a310aad3080e35177631c
33aa88cadd81d5da43dae505b466cc33,cf0f87a3dd5625aac2da5cefd2c805f2
33c60ba2142ea819f534ccd010a05648,cea2a8b83dec90b7bf94f0b1697513b0
33ecdf775e59b40d7049bca6a6235f9c,eb56f5e31b4d10dac0a1ce8d0063236f
33fe91c7f9acec8d906f548c1ce72475,401be20f934d230f0e12dc15626920c3
33fe91c7f9acec8d906f548c1ce72475,4cad35744372b6d8089edc8ed4fd2068
33fe91c7f9acec8d906f548c1ce72475,ed65a5259ebcdf88297d8427fdb83bfc
340866eaf613b78f8adc09d71d056ca2,72a7b25fd1a4958cb37c9bb43b0de863
340866eaf613b78f8adc09d71d056ca2,d94e55b69357aa05cfad3d093ec49b62
340866eaf613b78f8adc09d71d056ca2,ece56a17b13a36a56dbd24889dad731b
340866eaf613b78f8adc09d71d056ca2,fec1ce0676487aad6a36f886d981abe0
343aa9d30020ead87c9f88a6dec26a8a,ca44885aadf1e091d7089e957b1dfc69
3467fd003705d70c01a56bc18372a823,8c205c17759f154956e5738c2cd7df3a
3467fd003705d70c01a56bc18372a823,906eb161e5842c71b49d43f6af100f8b
346b4725202644bd918824aafcdf45c3,5e297b14cfe4bd616ea3005e8969f17d
34a7448f04f00e03479dd204e8cdea02,f433aa8f15f03590b460e2380d39d08e
34f31a85bdfb8627932292b75fd630da,474e1d6e985482cc2d16d1356b728c77
34f31a85bdfb8627932292b75fd630da,582f897ea500367acb68cde4cf581f2c
34f31a85bdfb8627932292b75fd630da,653ea7ea57981d2ec60e750436246ae9
34f31a85bdfb8627932292b75fd630da,665d81d4e467241e78929239163f74cd
34f31a85bdfb8627932292b75fd630da,8cad7cb2b43210f5d783ccd5c767a2e0
34f31a85bdfb8627932292b75fd630da,bd666cb26ae417d7c92c2824d6b504d6
34f31a85bdfb8627932292b75fd630da,c680083b845c6bc24cf02ac8a98d1b57
34f31a85bdfb8627932292b75fd630da,d05a6ed07c0893e200b00be5231f580d
34f31a85bdfb8627932292b75fd630da,fc685c9d0b47cddbd90a0b0a240cd55b
34fe1da493847e917f6a4f7f3804469c,bfbc40625b5338369658d18ba1666723
34fe1da493847e917f6a4f7f3804469c,c910a251b63524000b626c31d93117f3
35038714628f3a7b57c72f8f2b39ca33,df4523e5c0e26ce33807188cdf03fc77
3516fcb5fbc697ab6b81c9d99556579b,a55e183889c086627f0ff744b17d48b5
357e729c67bab01ab90069c2b8153cac,4798ec0f64fd7957c6c40082345eabbd
357e729c67bab01ab90069c2b8153cac,dc60c82f3845d7e2204e732a8d530629
357e729c67bab01ab90069c2b8153cac,fe56e48d1143f9afe2334ba5c10ec147
359f40f1a2a62fed1b6f74a6103e1432,69da0de50299e22186868614e1dae067
35cd6390b2af8680558e6e8ddd14f1d0,bb33cc329391a40769735403d74533fb
360b3c00ef27dcae84a9a17edec164d6,46754ff0eb573559a5c9d9a23a3c1bb6
360b3c00ef27dcae84a9a17edec164d6,a208ca57cd9c478b49e9d4b04a7c2da2
366219e483d345aca79c380a1c1bf12b,5f8d6b9a7ba8c571b3cd55746331becb
3664e76c789cf99df4ff7fb8bf13c1d2,8484b0d50b4306c28935449a5dcbaedf
368b65e7f20542084803031dc40782ba,7a17fa99ed03bca31053fd8e53bd3d69
368b65e7f20542084803031dc40782ba,85b039e16bea5b0f5fd2f22ab7513ca5
36a17b19f7e816525a0708f061bda9a5,3782eb66838fc76991c40c46b21cc560
3740856ce530b6ba54f9c19ba4779896,f59802ac88ff061662aa9c927e42b3ec
375495f4066e5dc779d7e10af068bf58,6308aa19a00745a2aafac2333638cda2
375495f4066e5dc779d7e10af068bf58,e1ce91b077650569fed3d79b01699c59
376c740e890ee8817db2c008faa4787f,65f2505a7c1fd3f9f727dc100c47f190
376c740e890ee8817db2c008faa4787f,6b00fac77fe9e13b02ae336c0aa0c73b
37845abf2b4fb384a12f92d0da0e5d76,53df1987570069127f8945636cf57670
379c603468d06445184006482bf42857,3bdf059f00a230e39f636de736393fb2
379c603468d06445184006482bf42857,725302719996b4e329588de0ac09b29b
379c603468d06445184006482bf42857,788086f2be8ae712d46d3236f05ee3d4
379c603468d06445184006482bf42857,82d081928a5f42d07e3e12ca8f09d2e2
379c603468d06445184006482bf42857,8ec5e1f0cc27a9b2ef0994d043a24870
379c603468d06445184006482bf42857,9fa7c38eea8a9cb7c1c03b3d3e1ab42c
379c603468d06445184006482bf42857,b528a759df698676a9c5aaf28c567b8e
379c603468d06445184006482bf42857,bbbae082eb45f67825a9da9e8003a2b6
379c603468d06445184006482bf42857,c0e32862501d8ac0e1c8458a60639480
379c603468d06445184006482bf42857,c247dd7abf21f09ba2f70c0eb72be9b0
379c603468d06445184006482bf42857,ce1d445ab7ee705fcc47b21fb4d3f645
37c24ec403d1132e36b57e37e8b3c712,3bc824b6c200b758a87abc5c92e8c93e
37c24ec403d1132e36b57e37e8b3c712,fe7696b4ebab10eddcf81f4e52d86374
37ca1db246a1d3a2169fba547f7403f8,6ba7d1fde7290ec7703ab5750a435b43
37ca1db246a1d3a2169fba547f7403f8,a37c33d3e6d4806f781de37457550432
37e98807a2d3b9885e76e042f5357343,66ed21ba5836ed8e12c4eb1944984bcc
37f3aa014bff25d56406986db4b34c18,ab3bcb2f2845be58771a6a9a020a4bdd
381317e94976c76a831529ffddf4f1a7,4b8fc8961f99f94e8fa75b3f4a0396e0
381317e94976c76a831529ffddf4f1a7,72536f45cf796d738f8b5e83e18b43d6
385185f9c2175726e829687445eeff0c,4a5ccc33faf64671ebb310150f4259f4
385185f9c2175726e829687445eeff0c,4b73449752cc20dc2d3e179fa430d103
385185f9c2175726e829687445eeff0c,7bfe758e8c3521c77e47c15b69649a39
38b31e93e98e721fcc8a45ec72b53d94,fee7a8ec336267595f4c2348910af1ec
38c3620ba6a83c983cd693ec931ac8c5,7e63b9ffa495909a3decb20263343433
38e72ccd5b992916a24fd3c9e523fb37,5ac37449811da1ccf44e893a557cdeed
38f73c750446f23fa50fa5b5efded8a2,6e1f4bc23a5f7bf900df4d25b1109ac9
3928c5fb06666ce83fd1488947bbaf7b,679a29ff60fefd5cea5ef6956a4161c9
39345eafeb0e25f7e06ff96e109c1445,567a9a1e1d2e9caebe26019e4c8c3a59
39345eafeb0e25f7e06ff96e109c1445,84bc1bba8fb25e15c1f8cf84f819ad3a
39345eafeb0e25f7e06ff96e109c1445,8a0253b3065c6c27e30f200cb205b026
39345eafeb0e25f7e06ff96e109c1445,a897511005a91b06494f7353aa5be8cb
39345eafeb0e25f7e06ff96e109c1445,ac146db4fc36ca76c6d67fe81f11c44f
39345eafeb0e25f7e06ff96e109c1445,bf90d60e5f67185147f878537a5ea893
39345eafeb0e25f7e06ff96e109c1445,d4efff86ebb2d631615d729aed3ace96
39345eafeb0e25f7e06ff96e109c1445,d8a0fec825032a406513f949773dc0d3
3937d65829fe3ed2670fdb885aefa34d,e64bf01807c5cee47dfda34eb9cb8d3d
3947ef6dc0925bb60cfdbc264d6aec1b,59d1eafaa2e931333edc3633a71068fb
3947ef6dc0925bb60cfdbc264d6aec1b,feec86d9323af0674a4e3df60ff22bf7
395f1e25973e8c7e2051b0cf77ddd70a,551b9cf8f2fd15d3befbd43a84e658d7
39629d3276b0eb319ebbeb686270362b,80c09bc496942236da7fc296707b9b1e
39931d1dfb566d60b71ed78c79817e4a,7e68de6961de4e26398e77e3f3431a83
39931d1dfb566d60b71ed78c79817e4a,d0c079cbf896b766a226aafa64e2a2d7
3a643817f5e8d6a58be03d54ca9a744d,b89949a15a7c077078521cf6f7988e3c
3a837e8ee385877abc8e82d75b77f905,e8747b18657fa43c6d286f4d9c8c9007
3a850a8860ec415f5a422b1c4d04d417,db1207f1576111ed9d4b4248c89a590e
3a850ac62003172419d519b6e9e6702f,a5ea1c38cac8d677ce4dc4f22874dfc5
3a8bac9a86a79ee856431573cede3d0d,ee3a5b295c7b3ff27b0a62302cf636f9
3a965cdbb002edc947edfcf27352793a,cd546185154a441364c10afcf7216990
3abf160d346e55f0bee7a4499b0e1b85,dd9d5c4b9c95a1977af727c018da7c6a
3aec25aa43fe25c24ca1d3573bf3e15d,ad24f8b4283c4add329c8362407fb42b
3b47f361a385e33b542ddffa3f563cef,cc300c6596919b24c7cd3b281a00becb
3b4fe2aaf8428298175388d228be114f,dd80f7ea72fc4a218d98f30993d1b5d0
3b66239f67a516a06f75f8affef7ce6d,ef5a8a6f5eb53da05390d5f0bc95503d
3bb35acdc728834db853b44990eeb168,5055ff0e3d0795cbb250ba3ac18c66c4
3bc4a85ee4982c68c0e7720228f58183,4f98bd1e19f279db228dd1db5e372f11
3bc4a85ee4982c68c0e7720228f58183,b46bfb500c6542ccca62a10de1923563
3bc4a85ee4982c68c0e7720228f58183,b905fe961510b19e5fbb35e381379316
3bc824b6c200b758a87abc5c92e8c93e,fe7696b4ebab10eddcf81f4e52d86374
3bdf059f00a230e39f636de736393fb2,c64296d21a0bce762ccf2405e97f420c
3bf0c4827459fa9d9bba890498af7995,42b42d40a2c5d54fba097045c2f79a93
3bfb0e940313741af156a2834f60b0ab,58d6bb062175b749ec0176f3325256ee
3c2ec9498fd15743bb017b34c40a2e0f,a1b33cf8c6151ab75cadde65868973b6
3c3e81acaeb81ed139f6c7808df244fc,7d1c4c2adb5b7afd61f376da3a834f1a
3c98fa0b3b7e2a4d08dd2ccd0d14b244,533a12e4dec6fb4108f5089a90bf97dc
3c98fa0b3b7e2a4d08dd2ccd0d14b244,a926830726bdb27da0f7dadbc67fbfd1
3c98fa0b3b7e2a4d08dd2ccd0d14b244,b7322fc803e93b38b6efdd93a2257a87
3c98fa0b3b7e2a4d08dd2ccd0d14b244,eb33e0cba8a5fd24fa5990db6c386582
3ca631284d8c5a5c59882203d65c05f7,7075e6b4661435356c477861dd2599c4
3ca631284d8c5a5c59882203d65c05f7,bda96e013ca6cd0a9a81b0459a5c6f22
3cc9742ddb5db0621bc0dfeba54c2698,f822d640f00d248f3695aee6fff78454
3d231b9b4a7f7ecf0b8ebcbb79394e80,b12d1e8ebbecb654477d41ed517689bf
3d2b4679eb86a3af620bb47e98ee72df,837badc1364e4ed34c45fab390c07a09
3d2c1a5247919676bbac0c4759a773ac,81c92f861bccdca5e18bff45e189eea3
3d3cfaaad63aa46b7b1f3e067c0447cc,6c5fcc1a835944e07cb463cafc44a6bb
3d489b6181c4c0b00a7f61f91725472a,6750fa05703d56c0d47387cad553db4a
3d76e86a4f60e59d9f16ddce93cad7fa,77c595cfeb9d2266e8f1295cd01adeff
3d7b5a7a116c1b13820716288ddf821d,49b6284f862db692aae6b297307d3a91
3d8e5e30ce163b3adc85b38f04cceda4,961482232e51025c80d0f1572d6c0eaa
3e01054775a94f6091c4002f0d6627ff,92e2f4f8eff640448aa3c95442de5108
3e42cb1326040863961b8d47f3904332,6b00fac77fe9e13b02ae336c0aa0c73b
3e42cb1326040863961b8d47f3904332,e520b091140415f139945e1037181ffb
3e54de61e74c0cdf7fdd6edb274e0b98,5ac37449811da1ccf44e893a557cdeed
3e54de61e74c0cdf7fdd6edb274e0b98,c4f8681234d52bef2de7dec990d94e14
3e9ffca4d6764ecf9322606b3f4cac20,d26c1dd72c2ed2e1bb95d5dd8d183f9d
3ea1b67f29233dce9559fbb4a4c749f0,bd333f97e7a8497109ddcb0c2ececf6b
3ebebfec8f2c2a206602bf61d23d05e8,6d82800f4c9a305f34812ee6cd035d9a
3ec7d39515c9a7ead45749f988715b7a,c88a1ce5e10c38a1070c30a3f0a416f8
3ed41ae9968941e8beeb2d754b778c29,50538d846f134eeba814d0f27af920cc
3ed41ae9968941e8beeb2d754b778c29,fa6c6054127abfbc2c89dcd3ce444c11
3ed9aa590bdb4dcae4f9eb548c4fc06e,774b4b740fc85eab5663838a1172bac5
3ed9aa590bdb4dcae4f9eb548c4fc06e,bd7cfad46268e119f27dde5ea2de9a19
3f15a4f123e1168b57fcd14332458041,503083d5cc8ede744104ebedbdf82b4a
3f6c7d38d81cc783159e469a98ee64eb,81b828ceaf2ee764ade2521ca1db0530
3f9a8b380cb7f76cd09240be4a80fae8,4369088f1acfd16bdcef526aa3cf47d6
3f9a8b380cb7f76cd09240be4a80fae8,55f4021d6aaac479d3d8026aef34b493
3fa1a7b0901bad8b53a7bb5011d7aaf7,56d1288f39ba6f6b511d37fdc40f2ca7
3fa1a7b0901bad8b53a7bb5011d7aaf7,edaa3cee2cde20107d698159498952ae
3fbecabd7d869b24482f0f105704a08a,46754ff0eb573559a5c9d9a23a3c1bb6
3fbecabd7d869b24482f0f105704a08a,a208ca57cd9c478b49e9d4b04a7c2da2
3fc109f6b1891a3593300d937896e960,f656f808d8790e1c2389afc21e587991
3fd4b9987eb74713086326511c26e039,f76a7c6afef38367331bfbdce07dd637
3ff768c0ba21f8587541f467176e5f10,64327b70ff30b5c4dc7c524fe3ee3c7c
3ff768c0ba21f8587541f467176e5f10,7d8c00baef8a3324932400f91de87e25
3ff768c0ba21f8587541f467176e5f10,982cdaf5c2c342b7f78c552dabf0bba6
3ff768c0ba21f8587541f467176e5f10,cb4c5a1e508d22833c65703a822e1949
3ff768c0ba21f8587541f467176e5f10,cf911d84e0fec676d49546df58259de7
3ff768c0ba21f8587541f467176e5f10,d05f840ee7c18669595c34bbb023ed3c
3ff768c0ba21f8587541f467176e5f10,dd54032a91a4a63498b6effa7c6bdf19
3ffedc7c80ebdd82c939b50b489517a0,7aebad460e217188c6bf24fe559367c3
401be20f934d230f0e12dc15626920c3,4cad35744372b6d8089edc8ed4fd2068
401be20f934d230f0e12dc15626920c3,ed65a5259ebcdf88297d8427fdb83bfc
401ccbb321f8b8c7daef6828a9825698,92b85ba5b82b7805b219a9332ece26ba
401ccbb321f8b8c7daef6828a9825698,e15fbaa4f821c7e9a06e14b619d08ed8
403072a5b1e36c3cb541685c833bec67,4185b5f78227c5c468cb9eefa8e4defd
40361e74323eccdec890f87d7faa9060,8ec5fadb6ab5ae799ba678ec3b57f9cd
4052afda4d54dc18aadf521b10b34f19,54105913bc696b4c9066855a4d1dc11e
4052afda4d54dc18aadf521b10b34f19,de8c95412ce4142de8b7d4813afa2e77
40cf3f68345128b56a798c5fb7105ac4,6a7819807b0a99be25790dfef305e177
40cf3f68345128b56a798c5fb7105ac4,8f3320ad35f667bd1694fd6e2651de2b
40cf3f68345128b56a798c5fb7105ac4,cd3882bb631167c7793eed27586802fb
40cf3f68345128b56a798c5fb7105ac4,e32bb53d13b083912e894f00e516381f
40cf3f68345128b56a798c5fb7105ac4,ecadea4f4cac6c65cd342909a0e11c2c
40cf3f68345128b56a798c5fb7105ac4,ef2cd2253fc93615411894128e73e68d
40d95ffa4567b72de481e98ca4124b73,60d0632cdce6e8e3eb8a899a571cd7f9
40d95ffa4567b72de481e98ca4124b73,6d06085f91df5b6805ce8851ddd32a0f
40d95ffa4567b72de481e98ca4124b73,8d8084918328160a03fc94d05e363f54
40d95ffa4567b72de481e98ca4124b73,9b5288dd6d7f56d00fc071f649f24ca8
40d95ffa4567b72de481e98ca4124b73,a97d344b4e1509eb299c212632e02d4e
40d95ffa4567b72de481e98ca4124b73,ccfcef1c94db285e86a0e02f01471cd9
40d95ffa4567b72de481e98ca4124b73,f93c1fe7c4ba7aaf705760f43418c9b6
410ee04d34ffff53f3495f2277ba55cd,97fab8248126bacb930b588ae0f39a46
4133ab167e608dffa74f3e96e8507d43,8fd957ea9ace25395edec9e0eb705afd
415bc45f0cae2b649c2bd72637eb4e9f,65f2505a7c1fd3f9f727dc100c47f190
415bc45f0cae2b649c2bd72637eb4e9f,c09fe336cc4c1226ee40d2d5ce32397f
41722a78f0fc9bd8d14e64838c70da8e,8683b73b6749d75f2c979603e2e6dcbc
41722a78f0fc9bd8d14e64838c70da8e,8cf14c7ebc52b725349bb2886cf10d09
4172580814aeb73861f0457132593016,fc7e13e2a460b0012618097a8cfbd5cc
41891f6ad8b3a85f8273beda3d29c2c6,56014da055e3dcb886b61c4f76d62c2d
41891f6ad8b3a85f8273beda3d29c2c6,5a9700d470cb32896b3be960cd6cc5bc
41891f6ad8b3a85f8273beda3d29c2c6,84c45a71b83b550acc444f41bedc62d3
41891f6ad8b3a85f8273beda3d29c2c6,aaae7a7f70066143d50e9c6a4a4a9cfd
41891f6ad8b3a85f8273beda3d29c2c6,ad999ee7df648e78a172cd108c9b6b8b
41891f6ad8b3a85f8273beda3d29c2c6,f62a7583d3feddd4a43e616f74cf29c5
41891f6ad8b3a85f8273beda3d29c2c6,fe0bac08f92aef9b78691fc7780dbedd
4190de685d0bc705463e28fd41645bb9,6afe876fdf031bdc1339577c8e5bd1c3
4190de685d0bc705463e28fd41645bb9,6f1cfb71857d71dfa6cad0fd3bb8e7a5
4190de685d0bc705463e28fd41645bb9,8ff099acb79da4d0bbcc3065c3930e10
4190de685d0bc705463e28fd41645bb9,b5e2e372bf7bec6066d8c07839ba836c
4190de685d0bc705463e28fd41645bb9,dccae463de53e77bfb3322a6bbb51da0
4190de685d0bc705463e28fd41645bb9,e605a4282118806466e0980fe6e409d9
4190de685d0bc705463e28fd41645bb9,e79a26779cb2af035a2de65d98c8a8c3
419d7575d80766f7060e3edc2446bce2,8aae4cc9e81bcf893bcc67d94909a23f
420c5e1cfd82ddbc61649a951e9531c0,a3b1218c24f559237a19aeddbd0cf5f0
420e70af6cab16842759bf363bb87f1e,d0e5363cb3dba90c9b0d560aa040aafd
423bed534802eda1fe70ec776a1c4103,baa765efd0e8e4727aebc3e5330f2570
42507f4a970cfdcd9ef641a4db6ddcc6,55b6cf6cca899a4f7a3718af1299434b
42507f4a970cfdcd9ef641a4db6ddcc6,61783c008df4a17f2b2d22b1593bf6ab
427a213a02f8bda0bc9694558a62e5a3,a0c6101763f8883880b4228bad549522
427a213a02f8bda0bc9694558a62e5a3,a1907ee3b7796c1ab0f31c037a9e166d
427a213a02f8bda0bc9694558a62e5a3,a28fabec43b7e6a94e7e2402cc5b2838
427a213a02f8bda0bc9694558a62e5a3,b280d9211c50ff5c02438d6784445cbd
427a213a02f8bda0bc9694558a62e5a3,b675ed8d30e37cf8b8d2a0dd2ebe2ee1
42876d89879afbf96df4c472fcf53e86,5101ff83f6cd5156fd1951b01f1e3e57
42fd8bbc326af3fc5dc4b33a1152b7a6,44091014ac0b649f75661d0a30584bec
42fd8bbc326af3fc5dc4b33a1152b7a6,5659d850e294a9e2203b24458856a442
42fd8bbc326af3fc5dc4b33a1152b7a6,8ef47211d429c90c96f387b598184af0
42fd8bbc326af3fc5dc4b33a1152b7a6,997d422dff2b023b3d83c618c41bb5cf
431d5e6b65ff9ed736aaa657e8fef66d,d554e77817301b74bb606546d0b6f080
4338ceeb48eaa1eaec8e28b2f5e7df32,dfc522bfe4b7520c68514ec54bf13beb
434a2ff1007ce255cd31188798067dc8,5fa19398d1d92e49c4a63b7fbc0bf696
4369088f1acfd16bdcef526aa3cf47d6,55f4021d6aaac479d3d8026aef34b493
436d1e3b1a3bd2d8b6a61f008f14c9e9,85855c0821f5c80923f771be366d2c28
436d1e3b1a3bd2d8b6a61f008f14c9e9,9111f4e4e6c331f02f7148f8aaf8363a
43737ef3530581d3d2d2e1d6e9565ed9,944f3eae93aaa32bf5da7f7af2baa50d
43a4a546d373758f17095435f7a58a46,fe9e01b8a8ccf0ce3e65af5870a106de
4408be24a1147cd9a798d4afe95f15c4,b46bfb500c6542ccca62a10de1923563
4408be24a1147cd9a798d4afe95f15c4,b905fe961510b19e5fbb35e381379316
4408be24a1147cd9a798d4afe95f15c4,e0d03913840096efb1189d4797b96973
44091014ac0b649f75661d0a30584bec,8ef47211d429c90c96f387b598184af0
4438130a7fd6690ccd74bbd3d53973d0,fe11e940004816a538056f535d6563ae
443bc408a3dc13936608e77305f04b2f,944f3eae93aaa32bf5da7f7af2baa50d
443f3d87bf73393ef1ab3fc5c88c93cd,585f031adaf24464d850f6f636ecfc5f
44407ca3a1b5f329dc1d4205e764494d,94e1a1b3b3263baaa22182bdd90db975
44407ca3a1b5f329dc1d4205e764494d,bcd9af99c59ad11ba41ec8e171d55e8c
448dce42ac221c79964045e5ddb6de1b,9ac6fb5d5e07aae453ef0d906240b342
448dce42ac221c79964045e5ddb6de1b,f5d3b20f4c86904a60ac85e8fc3b5726
44a51dcf39c8e62aced5c6d25905e715,fa00bdc14c65d341db4f208c36293b22
44d830226a54920ed285e720b5d66ae5,61e85e9b6a6b9b539869da7950bf8edf
44d830226a54920ed285e720b5d66ae5,b9c7c275abad6979975525d06e044d43
44d980901e7de3ded2b93328a9d0b802,d03b84ee5a59297b5da3dd91b91058e4
44ffc26ae2055fa58b759cd05dc814c5,f022f0e95f7291d48f9497ae79da516e
450043b6d849ae83b048c1abbdcbecc1,59157f07df5b0b10f5e4c2609c66a5f4
450043b6d849ae83b048c1abbdcbecc1,ce0075cfcae73f629c7016eff6496bbf
451201420d19d374db1c8b17d82b7314,479e106ae33fc738e477a0ae40b87c6b
45262e54c86f3ec3e8718eefa0fdd5a9,9d2eb4b2b878bd8a36befd2941f14783
45262e54c86f3ec3e8718eefa0fdd5a9,a8c1d8a2a3bb37d30edc38bd0f015344
452fce308c6d2c744aff737ecbea7d9b,cfe884cd8925c160410eb09cdf892d1c
45989cff09da5f034edf18250eb1e7b1,65f2505a7c1fd3f9f727dc100c47f190
45989cff09da5f034edf18250eb1e7b1,c113e6fec17a8ef19420ab422093cd47
45bebd3c96aebbe76904d79581a1d673,a94cc5ee70eaac5118827cdb45980401
45dec741d810e199c705f65bda762d47,c551359425a734ca05b7b4c56c169f67
46044f86d6069b6c7310004ba5ee2d29,a75a31928c3ddcb5e2c3794f443eed1c
460ef34c59915b28b8ea26004bf6d7df,c5828c5b7cb570cf6e4b8ca3e601372f
460ef34c59915b28b8ea26004bf6d7df,d40d8ae885d7f47026db363fc334346a
46270deb4fe0641fab44fd08fb21bc13,86e9ed91a8e0a3e97a448f208df7e744
46270deb4fe0641fab44fd08fb21bc13,c8beef349910e6e7cc46fe92b40d3030
46754ff0eb573559a5c9d9a23a3c1bb6,a208ca57cd9c478b49e9d4b04a7c2da2
4693430b338d7b4279d280018d2c31dc,46debb830c63aaa9c76042f460447d9e
4693430b338d7b4279d280018d2c31dc,b3000c85d046d50641e11a0c84935e81
4693430b338d7b4279d280018d2c31dc,b32435c39c8cc17dc4d0e57ecd8985e6
469e753674df18cb7bbce003e8d607e8,6d4df4d72d5f6c63c1f48f3e7550cb09
46dbb4f2f30e2b722b8838807306b6b8,92e02a472bb4cd90dc88fcf8fda46a18
46dbb4f2f30e2b722b8838807306b6b8,954ba28e4e343e35dbb10ebbe668c486
46dbb4f2f30e2b722b8838807306b6b8,cf9c72b730e3c8d7deb7eb44620a7345
46debb830c63aaa9c76042f460447d9e,b32435c39c8cc17dc4d0e57ecd8985e6
46debb830c63aaa9c76042f460447d9e,b374ab7f70160f2d5b154f8794e5a703
46e27d81aff18b2325d6c46735b83357,c0992cb9da246ed222eaf72adcf67867
46e2bc92a12cd9e8aba844e1c4c38223,65f2505a7c1fd3f9f727dc100c47f190
46e2bc92a12cd9e8aba844e1c4c38223,c113e6fec17a8ef19420ab422093cd47
46f4429b08762d44e39bd7eaa929925a,6c1d848fd983c490385baeb2fd36373f
46f4dec8dca90329be3159fbcaff28a9,866e426cc399fe642f5518afa9a9576f
4730b646c623eb6d2a5e5b3926c30889,4e27898d8cf531ef6d11ec56a736acbf
474e1d6e985482cc2d16d1356b728c77,582f897ea500367acb68cde4cf581f2c
474e1d6e985482cc2d16d1356b728c77,653ea7ea57981d2ec60e750436246ae9
474e1d6e985482cc2d16d1356b728c77,665d81d4e467241e78929239163f74cd
474e1d6e985482cc2d16d1356b728c77,8cad7cb2b43210f5d783ccd5c767a2e0
474e1d6e985482cc2d16d1356b728c77,bd666cb26ae417d7c92c2824d6b504d6
474e1d6e985482cc2d16d1356b728c77,c680083b845c6bc24cf02ac8a98d1b57
474e1d6e985482cc2d16d1356b728c77,d05a6ed07c0893e200b00be5231f580d
474e1d6e985482cc2d16d1356b728c77,fc685c9d0b47cddbd90a0b0a240cd55b
476ce52a933a087423a562e4cda80be9,95dd59ea5705816db1bdeee2d51d98fc
476ce52a933a087423a562e4cda80be9,ea77fb6b68efc293217f57f62e838ede
4798ec0f64fd7957c6c40082345eabbd,592b98c01ef440d9ef1bee213d42636f
4798ec0f64fd7957c6c40082345eabbd,5eeeea0412729fa989d3a4b32a1564fa
4798ec0f64fd7957c6c40082345eabbd,dc60c82f3845d7e2204e732a8d530629
4798ec0f64fd7957c6c40082345eabbd,e3ebfb13c2ff1271fe85155c48fc3de7
47bbee6e55fe8ba523d8a3f16c5e0c70,e696f924b5225f012ba4450113d1bc65
47bdae3669f66039b28f56839f746eea,b936948fad56a759145717bdf7b35ef6
47bdae3669f66039b28f56839f746eea,d0334cb16c19f7f337ccc9406ff3d116
47ea0a32fb90d8a48d8fb38c00429b34,d837f6dff34f939a3fe1877619817f9a
47f63e9dda2f1b9f99516a63d39365bc,b519824b114fc965e345b4f0f7a274ca
47f928e4c510572f8d741e75151dda1f,d06cf750904b83ea25da1c82e1714b3c
4843b8bf5a8c3a525dcda53a40809414,f7f465094f210b4056d7712bc80b59c4
48538d5cdfe9680f969f747d761913f3,727cc93da71ad32058b3247dae0458da
48538d5cdfe9680f969f747d761913f3,e00876516de6a59671f64d1357e7b043
4872f5edb529bb71ca9ca8be9406b4e2,5f6b673f305acdcbce4b9725707e886c
4872f5edb529bb71ca9ca8be9406b4e2,7cdacac814432157de0edc5820102640
4883e1b080067a59df6dace17558a51d,99a2ec647de95d4438961bbc5572450e
48b3f7b911519d340a74ee84f1214c0b,a882c841368be29f8ebd10bd7dc85ed2
48fec5c38b2e53e9c0ec35a36fd3c5ab,faa11541f3069012acd2f7920a002efd
492c9eeb149d8fd82ee47cd82e507a2e,b240b09e77fc2121de8bad5ec94709e7
492c9eeb149d8fd82ee47cd82e507a2e,ede7421514b48f424a358d946bc61cfa
4940cefe1211c6721e0d077791413d1d,f7f465094f210b4056d7712bc80b59c4
4948d398d74e24bdbfc319a25b52e21b,b4b413017da9f9a5fd7d98b9578a51b7
4955348df55957b41b6e99a47fe95f4f,75ebd33762d2e67088a20260a283e7b5
496a8e367c7f47066d217bf988b16246,c52811b8e623e350e23a8fa9a093fba3
496a8e367c7f47066d217bf988b16246,cd66c23fb121143511cde722f7d06572
49b6284f862db692aae6b297307d3a91,6f6c990e32d6c1f1201f5e2c21f53e98
49b6284f862db692aae6b297307d3a91,a6d2ce0ff7447ff9207cf281485eb704
49b6284f862db692aae6b297307d3a91,fb6ffcdd81da6e8086bd6e1b366a990b
49f8b2ba7347428f8eeca271f09ce535,7f2d45ff5d23886e5f8bae4074c7cf04
49f8b2ba7347428f8eeca271f09ce535,ade4b64bc44dda65d8af5809d77bb1a3
49f8b2ba7347428f8eeca271f09ce535,fe9d0334234177d0db0ef92a13a0a594
4a3004520b76a18226f3bd7d22960f9c,dd70dc2013b283f49e31c00fea81c2e5
4a3dd42da13469eb2da0e3dd3d4c8a28,62ce90b47e41e4ca4fe05cb4c4fb55dc
4a4789aa8c9b830bcc78b224079285af,5b5c0dcd889f942deeff858f24570038
4a5ccc33faf64671ebb310150f4259f4,4b73449752cc20dc2d3e179fa430d103
4a5ccc33faf64671ebb310150f4259f4,7bfe758e8c3521c77e47c15b69649a39
4a69e53272bdc8a3512f924f670104e3,bd397991b0d079e26cb54f09a0f8e180
4a894e3dceee14f87e3f94fe4b633764,a06476e873c809b0af74bd634c6a4012
4a894e3dceee14f87e3f94fe4b633764,b8ab60944b98ddeac3577d703ed32664
4a894e3dceee14f87e3f94fe4b633764,eb1cedd42f29896715362e2e5c1ac3d9
4a8eb1aba4bd7f65d877ebc2788442d5,4a8eb1aba4bd7f65d877ebc2788442d5
4a8eb1aba4bd7f65d877ebc2788442d5,7acc86de4ef4193cc6941395fa408711
4a8eb1aba4bd7f65d877ebc2788442d5,84e41b0aa3b5a97a9ef9707b75cf3231
4aabebae8e863630afa669765b3d317b,df6603ba230030b6a7832dca24c313cf
4aada9f34140ed71343477ed7ce47046,b2703f57cc02292bd3e732c4d86cf10e
4aada9f34140ed71343477ed7ce47046,b9fa93d40701e893b4670f77cdd4e0d7
4aada9f34140ed71343477ed7ce47046,c53b15a5e526b75366ef370eb14077b8
4aada9f34140ed71343477ed7ce47046,d3e1355a98b49a54cc07cbe7acfa5f01
4ab91e013bb8e43721661265a5f26876,900c2a5c0f66b2a19fafb5fe53bfa04b
4ad795c161303df8a8bc8041440c5529,5fbc38d45708bc1c9b6ca78b10c68fa3
4ad795c161303df8a8bc8041440c5529,ef9898668cf1e4c4475df21035de4c0c
4b2ae5f0dfb2fc777639feb22c7f2c2c,71eac9ad67ea8aa81532fbdcf223b2cc
4b2ae5f0dfb2fc777639feb22c7f2c2c,78bd50da469c6dfee71c899413b6424c
4b2ae5f0dfb2fc777639feb22c7f2c2c,7d5554be3a999c904bcefead8afd54ef
4b2ae5f0dfb2fc777639feb22c7f2c2c,a79b2083baec7774389617d755d4e8de
4b2ae5f0dfb2fc777639feb22c7f2c2c,bc477c95f6de5c9c99c92b70589db22f
4b2ae5f0dfb2fc777639feb22c7f2c2c,c3073a044365388de46709e474dc785c
4b628aa031fca5c830f95b2c1347a969,8d777bfeaf1655381a15a62113587f54
4b628aa031fca5c830f95b2c1347a969,8f3259ed06c519525e55136f222e2f89
4b628aa031fca5c830f95b2c1347a969,b750c9487327e1ce414b08d10f5097e4
4b64953c8db00395a5658c70e7899b0c,77e40fe1822c6ba9c9f4a3e1d4e47850
4b64953c8db00395a5658c70e7899b0c,c29dc3d20b318c5d7fb9c44b42b0ace2
4b64953c8db00395a5658c70e7899b0c,c3c1321ff94335e90fbd75a64d8df912
4b66ca2d7bb226155717e57e51b4abbe,b12cedf43b22324e5e98d3b2c157ed31
4b6e9ce6e4da725dba883b46181c0410,a69964728733449f1259a82076e9f04e
4b6e9ce6e4da725dba883b46181c0410,a6af414468e4f2288d88f83f5902b51b
4b6e9ce6e4da725dba883b46181c0410,ea2ecbfef56151bebd4ef9cb5a893a88
4b73449752cc20dc2d3e179fa430d103,7bfe758e8c3521c77e47c15b69649a39
4b7a0091f1f07a39b6c87f4b65f10abd,94d6aa35ca505a35d438d7f0e951d98a
4b818d1e46aea919b7e654ea1e4758ac,c98ccab8cfa09c46a8a6c6b219ecfaf1
4b8fc8961f99f94e8fa75b3f4a0396e0,87a5a51e526b18a6660b11297c1f3860
4b8fc8961f99f94e8fa75b3f4a0396e0,9a1720e507658a28b209be251f9ea8f8
4bab3d7ea82b9eeead9d5e7e63806b0b,78d75b994d739ca3f12258643478e1c0
4bab3d7ea82b9eeead9d5e7e63806b0b,ef438325f8862a6c1e2de00faf29a3e7
4bb33ccad16c3373c9520330ec40909b,955ed813522bfeed37a93c99be5174de
4c09d9bdd26b2548b2bfea840ba5603b,50538d846f134eeba814d0f27af920cc
4c09d9bdd26b2548b2bfea840ba5603b,fa6c6054127abfbc2c89dcd3ce444c11
4c0ba2d16d373b67d2ea828fd8eb2db5,7f7bdc583527665a143420dcd30f7a4d
4c27de6c6b2ec4b0a2d0480609077804,733400c6ebb21858e4e69d6d9f85b011
4c49ab53e91e0508e69ecad914eae290,8ec5128efbf66a494196f209914de0e3
4c49ab53e91e0508e69ecad914eae290,b139a8253b9da7f6bccdf455bc62bf9d
4c4dd4d51429b35d71cdaf13ec24189b,835632595ecab906544b7f97069bf6d7
4c4dd4d51429b35d71cdaf13ec24189b,fb7072e309c7090f3efd9ed957ef0c5f
4c661f25b8a25ae575ede28e0ce7819d,ac3d443259e45d00c0e2948c704dcca7
4c7136e7840b22ada500a1ba2eac3294,bcdd063bdf250a09a87effb6d60b44f6
4c7136e7840b22ada500a1ba2eac3294,c6a0f4d903eca1654f90c60d0928f8fc
4c8b8e92ab3aa4b88235b9e13f510083,d2d6672c70fb9130d2c99fb3c46931b8
4ce7ec9169ad865caeb79cf7b936abdc,eb5397a8acd8430bfc89d43f97dc480b
4d371d4786685a28de41d9976e9ff12d,5d068f878789948ecfd82593d746f442
4d371d4786685a28de41d9976e9ff12d,ba93b1f54fe44b86243137d828c0f9a3
4d371d4786685a28de41d9976e9ff12d,e142cb54b380f817cda4601ba94ddd4f
4d371d4786685a28de41d9976e9ff12d,f194544ba2911f3782e8b6e865d895aa
4d371d4786685a28de41d9976e9ff12d,f4499f180e6b8e4fbc2b46c1e4ee5567
4d4d2b28fb0c64081ca3986c625f0e26,eb5397a8acd8430bfc89d43f97dc480b
4d59fb58c6f8aa00acd801a941d623c8,dde422997a924e84d63726a23168b405
4d60875dec0ea19494dfd794398dbfdb,ad837c2015ffd77b13c54ca25d4337de
4d71f3303115a162cf3fb60223714473,6ceffe96f6623f6e248a223a5c2c269c
4d8b0b772cf7cdbab5cc392da66ddc6d,66ed21ba5836ed8e12c4eb1944984bcc
4d8b0b772cf7cdbab5cc392da66ddc6d,b08ab93da47c66ee85a1e64f330c414f
4d8fd23c11e25816f61c05b49fd1bc8f,7e68de6961de4e26398e77e3f3431a83
4d8fd23c11e25816f61c05b49fd1bc8f,d0c079cbf896b766a226aafa64e2a2d7
4daf0aa05a86d8c7fcbcf8c28cd61fda,7d3f7093251151719650ab6eb1806926
4e1a249e4bcd5b31f8813fc078697971,f7f465094f210b4056d7712bc80b59c4
4e25a5014b4179b90637b04f9902ac31,6326351c2faefbf3895126069a8130cf
4e25a5014b4179b90637b04f9902ac31,66d058863603b4f8c4d86cb60a347b1d
4e25a5014b4179b90637b04f9902ac31,88280f7ebd40ae0520899c2d22c017b1
4e25a5014b4179b90637b04f9902ac31,beb49aa624b1b73ccd139ada4e85c0c9
4e2d5a2519e753874d16ea8e52e00eec,c8dcab8d56d975b2c7bec0bdadb62032
4ea90af5e77170e0ed64c5887a98271d,9b4656afb249e35cd051e5943ab72e74
4ecfbb1f0e557755efc61bc46eb11413,94b71a513e64a31ff6cf524d7a2555b2
4ecfbb1f0e557755efc61bc46eb11413,a8932dd5727da6b2b75ab469cb4a4b03
4f427e5e2af9196679fd0f6a801357d6,6b51c0605403675e95931de8e3e2282e
4f6993f3b370e500b9231e4371b3a179,65f2505a7c1fd3f9f727dc100c47f190
4f6993f3b370e500b9231e4371b3a179,6b00fac77fe9e13b02ae336c0aa0c73b
4f6993f3b370e500b9231e4371b3a179,e520b091140415f139945e1037181ffb
4f98bd1e19f279db228dd1db5e372f11,81bce4561689675f999893b6f307103e
4f98bd1e19f279db228dd1db5e372f11,b192821bb850b9ef5eea6104317ffe97
4f98bd1e19f279db228dd1db5e372f11,b46bfb500c6542ccca62a10de1923563
4f98bd1e19f279db228dd1db5e372f11,b905fe961510b19e5fbb35e381379316
5010786f2a7884bef314b583e0519a81,71489c3f9c05948218caae8cab26e30d
5010786f2a7884bef314b583e0519a81,ba93b1f54fe44b86243137d828c0f9a3
5010786f2a7884bef314b583e0519a81,e142cb54b380f817cda4601ba94ddd4f
50109589da1ad7863e108ef3534f6dc9,83c7faeddc19d0a8bbb010ab9d774718
501869854fe51e4857e4107ffc90920b,bd4d77d52e664e8916ff0f44c65bfca7
5018c7e3e3fa1b95c425daa8760e7630,6ebd6f18e25e1651793ba65f89596cf9
503c0fa30fc6e2de6c72ed09f3306dd8,d231af347a59038c3467b4d03edbefb1
503c0fa30fc6e2de6c72ed09f3306dd8,f0eb4a5920f705fd92395dade4b22be5
503c0fa30fc6e2de6c72ed09f3306dd8,fffd459bcfe0e0726048128c5e7a57d9
50538d846f134eeba814d0f27af920cc,fa6c6054127abfbc2c89dcd3ce444c11
5055ff0e3d0795cbb250ba3ac18c66c4,5a17e1f4104175832649f0e428846eff
5084a71523b18325431198d02177bae7,7f2d45ff5d23886e5f8bae4074c7cf04
5084a71523b18325431198d02177bae7,a27e4d0736fc5ead32e51fabeae22f44
5084a71523b18325431198d02177bae7,a59c5114ce0ba8f3bdcb8e55983db04c
5084a71523b18325431198d02177bae7,ade4b64bc44dda65d8af5809d77bb1a3
508ed51cc0251c86d52c6d20e3674bd5,6de417cf690666b1e018ca5607b92455
508ed51cc0251c86d52c6d20e3674bd5,c783fe4120bc26886476bf81cbd51431
510a41b424e7815ece805fdc70f863dc,fa8dda159605d0c1eb6f0755c84d9065
513f21a13a77a2c71c665c1c0b6d3689,df6603ba230030b6a7832dca24c313cf
5141028a0109ac964a54e170c1373992,f9a5531757626d921868f49268e81272
519a9a465c7da19668b11e2a11171fd6,6bc90e557dcf154b735c3bf2f74ff0fc
519a9a465c7da19668b11e2a11171fd6,8b8ffc966ce1682ff1a90dff8ca735eb
51c0f7f201e161c0a4e3c658c8474620,89565551d855cba30bd548b01507ef74
521aa1867b9c74a41f06d7d015eb715f,d872b653b6d025e7ef9864c82728224f
5247db9703309d63689bc6e1468057cd,d41f4df7da92293191e8b3003f0fd601
524ff783b1e5d615ef751d19e3286bfa,8f3320ad35f667bd1694fd6e2651de2b
52716c1846e4d9aebc53da990ccb2213,e6db0c6a4e430f52a14ce176b3de783e
5287e5dbf9f22414a4123f6f7f27f4b8,b7936e7c3343c41972d7d1a808d2a902
52a4ac7d69d3380f64000afc1eff98f4,97b3f6c4312908ac6d91badd128518cb
530ee4b812e69781e4bcfed392195f19,6677481748a8ccf7868f41ef2694586c
530ee4b812e69781e4bcfed392195f19,920bf7278fae992f3494a8e781a718d8
533a12e4dec6fb4108f5089a90bf97dc,739b1bf9ecec74b24f188876b5078649
533a12e4dec6fb4108f5089a90bf97dc,a7828f84216de079289de0d59fb12e1d
533a12e4dec6fb4108f5089a90bf97dc,a926830726bdb27da0f7dadbc67fbfd1
533a12e4dec6fb4108f5089a90bf97dc,b7322fc803e93b38b6efdd93a2257a87
533a12e4dec6fb4108f5089a90bf97dc,b816cf253618152849306d71b8dd2e3a
533a12e4dec6fb4108f5089a90bf97dc,bc8bb2ea1ad08e71e8221397bf27d469
533a12e4dec6fb4108f5089a90bf97dc,dfd2ae123f75372f22849ddd7f31c1cd
533a12e4dec6fb4108f5089a90bf97dc,eb33e0cba8a5fd24fa5990db6c386582
533a12e4dec6fb4108f5089a90bf97dc,f95b11249a9b22022972ec4b1a4d58ce
5343655bbc6aacaa67620e6ca73a52f3,7a4d937f3d6d3a0ba6ebc4f30bc6b2d8
5343655bbc6aacaa67620e6ca73a52f3,e291055363ec77c10d5a57d05be6e746
537c2f3da5fce5ad4c8e92a619a234cb,6677481748a8ccf7868f41ef2694586c
537c2f3da5fce5ad4c8e92a619a234cb,920bf7278fae992f3494a8e781a718d8
537c2f3da5fce5ad4c8e92a619a234cb,b8a5bdc378d2f25d90c42df932bd600a
5383d9838d32a6dbc059cff0841422ca,65e98f79c0eacb12aa6ae314be3c358d
53b3cdd114cb5a695f61decf280560e3,eeb956becc8c988e6744b084bb0c094b
53d2da51dc3702268b676ee6eaea7c62,ab3e03a36f4112b9c2330176154b506d
53f50b6d497f1d490485e5d894f5d740,6f1cfb71857d71dfa6cad0fd3bb8e7a5
53f50b6d497f1d490485e5d894f5d740,e05b07a377543ceeda236def2614367f
54105913bc696b4c9066855a4d1dc11e,de8c95412ce4142de8b7d4813afa2e77
54471dedaf3adf75ef99ab60db12464f,64dccc362a989238b124cdbe08b52731
54471dedaf3adf75ef99ab60db12464f,fed713f37481ef9aefda2f28db5a15fe
54504e121055df77fb9bb5e4da8d2cb9,d1f4fdae135b1a078f91958652d6033b
54abfeec7c8d3428de5373d2489f87b4,f4ab1cdff663b6d8fee953d176b03956
54bcbb81379d85392448e3ffa05443ef,b39bee7c768fb4d252a1fa36a3c18218
54ec297cd1b1ac8e3f582c3bf9b06cff,dd80f7ea72fc4a218d98f30993d1b5d0
54f7511547111e533eb6d6bb8bcf0633,7ee5f6d526fd56e46357ffaaca56c8b8
5534a3eb78a1b8611273c2bc1999265e,e5f5d3dec86db8bb31a41f9992094e68
554db8909389aeea671983ecd353248b,e2003f302076651c4d807e5f76700aea
555a2acfc9183c6eb35101ced9c0d484,8484b0d50b4306c28935449a5dcbaedf
5583ee1b33d7dbfdc09f1c0aa6487a52,8fc79d1c87c46e736c5b286ea5d45e99
5594dc96ad157eda2df0da3d7bcdb654,ea6b94343da39ad0c207a77c6f82d772
55a4592e51498686d0216fe1b631e94e,ccebd04d0915b80df76aa56eb8c5f264
55a6010ec1409788ff05e3673bf2da2c,7d51d4d6088339c89aed8269c397d451
55b38c964f8f9255b5e0971eed597171,64a6699eb33ecf2c95ff80e67f75b78b
55c2514fd905d39a553bf348a65b2a33,98cec158fcea4dbbcf9817d60123f1d9
55c2514fd905d39a553bf348a65b2a33,cee3d5e17a24b9324e6fd20a1413a898
55dd15e69f88dfd07b0ff4379662ccc9,88e9623cc3a93b86a815d627093817c5
55dd15e69f88dfd07b0ff4379662ccc9,bfb538cdc4ddb45a9b52947981564490
56014da055e3dcb886b61c4f76d62c2d,752424bf44aa868c6589e37cf2ed1e3a
56014da055e3dcb886b61c4f76d62c2d,75aae03d09a921ba157006dd0b16310e
56014da055e3dcb886b61c4f76d62c2d,84c45a71b83b550acc444f41bedc62d3
56014da055e3dcb886b61c4f76d62c2d,aaae7a7f70066143d50e9c6a4a4a9cfd
56014da055e3dcb886b61c4f76d62c2d,ad999ee7df648e78a172cd108c9b6b8b
56014da055e3dcb886b61c4f76d62c2d,deced0987baaf024bf721895125c72c2
56014da055e3dcb886b61c4f76d62c2d,f62a7583d3feddd4a43e616f74cf29c5
56014da055e3dcb886b61c4f76d62c2d,fe0bac08f92aef9b78691fc7780dbedd
56115ed40ac33cb7640df90806a6b73b,87dad99d88596f4f1bf83664bfeee3db
5659d850e294a9e2203b24458856a442,8ef47211d429c90c96f387b598184af0
5659d850e294a9e2203b24458856a442,997d422dff2b023b3d83c618c41bb5cf
5670d347d93197aa5bfde26e9102038b,ffce20a19f943e796ae85fee45019c1a
567a9a1e1d2e9caebe26019e4c8c3a59,84bc1bba8fb25e15c1f8cf84f819ad3a
567a9a1e1d2e9caebe26019e4c8c3a59,8a0253b3065c6c27e30f200cb205b026
567a9a1e1d2e9caebe26019e4c8c3a59,a897511005a91b06494f7353aa5be8cb
567a9a1e1d2e9caebe26019e4c8c3a59,ac146db4fc36ca76c6d67fe81f11c44f
567a9a1e1d2e9caebe26019e4c8c3a59,bf90d60e5f67185147f878537a5ea893
567a9a1e1d2e9caebe26019e4c8c3a59,d4efff86ebb2d631615d729aed3ace96
567a9a1e1d2e9caebe26019e4c8c3a59,d8a0fec825032a406513f949773dc0d3
56921079e7320c9422283289ff37e630,b7cfa80c2724d47b340502125b34b25b
56921079e7320c9422283289ff37e630,e0712aebf0e0ec124f2f571943d17e7f
56a38178bff5cbfc0f5d99999eeb8aa7,c3605a14634ec0134a5e47a057f7bbbb
56a61c4f0660cf794990c8761dc2a49b,92a193e7a3499a0389b2b8ed58bbfea8
56ad8823e4bab139058a690d6d4883fa,c529a407927c986e9655f8e78e0c1954
56ad8823e4bab139058a690d6d4883fa,c86bc9ff8e21410097cf4b2bdec0473c
56ad8823e4bab139058a690d6d4883fa,f382b2177003a0a3df4847099f942570
56d1288f39ba6f6b511d37fdc40f2ca7,87a411275d50eb84132a8617dc815969
56d1288f39ba6f6b511d37fdc40f2ca7,f5923a58a8f6b36abe072318e1eab216
56d1288f39ba6f6b511d37fdc40f2ca7,fa269c4edbe8f08278339e1e5da079e9
56eb62649e1b9b726ba304ed2dff6ad3,810217bc2b436d32a74a85b53c7e8870
57613c65e42e48824627978c2f160989,c13285a934dbbee9de46d0e26b0bda2d
578c893b521bb72c4dfd6d68c16a5557,e2e1957601d92fed90777adc63bf9452
57b14aa7cad8934fb22662f55148e866,7d1f53c9b03de6b67035d0db88c93b2a
57dea4a0e82d0ac4695f5bf6e3ad887e,98a0201c49f71065d17d2324c340c0b5
57dea4a0e82d0ac4695f5bf6e3ad887e,b984b5fa4aee1c345596c1f3d3507649
580dc3339940863f7af8351022fcc36c,d042e315f7992226c8ca71c68ee08e93
5811a3b32549578148dadf247393e26d,be2025b6d56f8b591de93d71ce04ae94
5811a3b32549578148dadf247393e26d,e59e679cceac78e71c315e7fc23ad84f
5817b6f83784e761cae27c81920baa91,64dbe6dc916d3d184112ac4ca2ff5ea6
582f897ea500367acb68cde4cf581f2c,653ea7ea57981d2ec60e750436246ae9
582f897ea500367acb68cde4cf581f2c,665d81d4e467241e78929239163f74cd
582f897ea500367acb68cde4cf581f2c,8cad7cb2b43210f5d783ccd5c767a2e0
582f897ea500367acb68cde4cf581f2c,bd666cb26ae417d7c92c2824d6b504d6
582f897ea500367acb68cde4cf581f2c,c680083b845c6bc24cf02ac8a98d1b57
582f897ea500367acb68cde4cf581f2c,d05a6ed07c0893e200b00be5231f580d
582f897ea500367acb68cde4cf581f2c,fc685c9d0b47cddbd90a0b0a240cd55b
586cb79a75ce4d4815f71aa4dcefccb8,b3b5568b4bd43b5dc074bd2fb7d48ee5
587fe9d316a5e3487132cebce15f0c66,879870d67152954dd18571f8e78bbacb
587fe9d316a5e3487132cebce15f0c66,929d5b293fd712488b8380fbb2a2c242
58986faabb32d6a241601902f61cacf0,835632595ecab906544b7f97069bf6d7
58bfa38eaccb9ae752d7f170d26dc343,bca15554a352cf020d565d4288979134
59130e4ee5af7c1101459d8cd0c97bbf,81bce4561689675f999893b6f307103e
59130e4ee5af7c1101459d8cd0c97bbf,890e48b624b7b5048a49deea51b32833
59130e4ee5af7c1101459d8cd0c97bbf,b192821bb850b9ef5eea6104317ffe97
59130e4ee5af7c1101459d8cd0c97bbf,b905fe961510b19e5fbb35e381379316
59157f07df5b0b10f5e4c2609c66a5f4,7d9186992b5e1cc1d97f6bbe3385eaa1
591d4252ce44f6cd45fec8cff383d9be,61abacb610fdcdf270a287e6ef4cd398
592b98c01ef440d9ef1bee213d42636f,5eeeea0412729fa989d3a4b32a1564fa
592b98c01ef440d9ef1bee213d42636f,fe56e48d1143f9afe2334ba5c10ec147
5943d7f2a2349561b8db2034f4ee171e,d974db25e8e97e204ced85bfd6305838
594812da3c2cad90b42282e8e5dff5ee,7df2f5ca35c5241e83ebf162e43dc249
5957029e983550f4dd5409c3affa7063,8052c5dae848e3ad729bac22725b2391
5957029e983550f4dd5409c3affa7063,d9293ddf1d245b44ba3df0d99740e15d
5957029e983550f4dd5409c3affa7063,ed76488536974cb0f9ed4038857dcc40
59d1c00b0b6913f9999355bf43f549af,a04e50ff9cf336ff2b99bba42b76baa9
59d1eafaa2e931333edc3633a71068fb,feec86d9323af0674a4e3df60ff22bf7
5a33348483796f16604dabb9875e43f6,62321c4bf0ed32c75ebaaab21bdfa22a
5a33348483796f16604dabb9875e43f6,a6ed48606b3686c0a695b13274f28905
5aadb31e0973ebaef3d3ccad8145e6d9,78ec378a428dad2ef908ba70aa750daf
5aadb31e0973ebaef3d3ccad8145e6d9,88b8fceff71a718f018230f1004acde2
5ac37449811da1ccf44e893a557cdeed,9b0b27df6175250ff9125bd4396071e3
5ac37449811da1ccf44e893a557cdeed,c4cd97617c1ec3fa4e6e59a19d4a5ab6
5ac37449811da1ccf44e893a557cdeed,c4f8681234d52bef2de7dec990d94e14
5acfb271526ec63f878b96080afdcb1e,f65360b5eb285551bba2e2800fd92741
5ad825aadfb1a7e2da1ee44a27768933,bd197d3d9a17a6ad970eaf41679a0a42
5ad825aadfb1a7e2da1ee44a27768933,d85dae2786c2f0218c313908c21ad935
5afef2cc38ac834aba29d68c72043dc1,98fe3eaa509ed010bf115aeec4585c7e
5b1f0694c7e1f56464874c938e5108d4,93935b55b19b824e5e94d8f6178e33f1
5b2f7a6b67ffbb86c32c07b355852eda,89565551d855cba30bd548b01507ef74
5b3a8098ab6bc628e050543c872013dd,602c38ba3ba5f5933bb50de3f2bdbc2d
5b3a8098ab6bc628e050543c872013dd,fc7324e5b5bfb24eb0d0d3459f833b5c
5b5c0dcd889f942deeff858f24570038,d205a4ea65ae48caa63933e50e86a423
5b63a347686c381a7755ab22f09fa8bb,d1e2db9bee220f9e20052a3fd619cc72
5b74237df0d036f1cd596f5293d83de8,a160826610f128eb4f410f640be79e56
5b8491a35abde707a730292e188a70a1,8bd8d51abe2f96345776dbce6267cfa4
5b8491a35abde707a730292e188a70a1,92b156a6e06a493c0ddd33849d4f461c
5b8491a35abde707a730292e188a70a1,f55ba1b6db17a1d1db9163f7917dd0e4
5b8652f3602f0600d354611c4aac91e7,85df13f4f4ff10ebc2098881e0de4bda
5b9e9bcc633a380330e6a3ee6872efa7,725ddb2c777a8ddbe8dba962708f05b8
5bba03fdcc3316daf238e0b1e069fee5,89381b9460322afb25540fe63185f9e7
5bba03fdcc3316daf238e0b1e069fee5,ab25b98635c046b9bb4b7debeffeb741
5bbea93346d47d672fe629fbfbb8347b,720bccec7bbb0f35095b54857ac95abd
5bbea93346d47d672fe629fbfbb8347b,cef4f659af2ff19515fe4207db8a5125
5beb87668544f93c8e363f206a033c7e,e6d6ced41e39449fcd52a452feb359c4
5c04e677130b0b40d66401687b3996d0,f61d55f0ef5d7f264b04870cdbf5791d
5c4a5ee78af20342045aae0b35cfde13,dd1e4d7f119f774125d6ac19576ada39
5c4dff908232e4efcd55d236dd440086,e0d57fbf563d43d0fea91dce5965e8b0
5c764706353062817a58cc34fb0ed7d6,c4e117d94dea4a03ae81ce855e2693d4
5d068f878789948ecfd82593d746f442,ba93b1f54fe44b86243137d828c0f9a3
5d068f878789948ecfd82593d746f442,e142cb54b380f817cda4601ba94ddd4f
5d068f878789948ecfd82593d746f442,f194544ba2911f3782e8b6e865d895aa
5d068f878789948ecfd82593d746f442,f4499f180e6b8e4fbc2b46c1e4ee5567
5d412fa102cedf6037b2eda2a43136cd,afcc9541aba03f40967d9bb1bee8c5c0
5d44bc859a0d7c1e6c8ec3d3675ba081,f45dbe2f7eebe6efe73888cf992f8893
5e02bc2fefd28c23c1287a8005232a68,e903ce0e0a7ec9f5f06d1e68b990aff3
5e02bc2fefd28c23c1287a8005232a68,f80830032f73d853924bbf6ccb4ae7ad
5e370b97eac1b39321a7807e5f84b53d,9c4c6c3d79fc5b6e5ee8f74f10e0ebf6
5ed406d5b65fcea71b945a0387ea5179,e3906eed3e0b57a41f76f5df8ed91c89
5edd59fca9fbff2e092066e1bd7e265d,87868d969ab6bdf9cdb9a15c772fe9b8
5eeeea0412729fa989d3a4b32a1564fa,fe56e48d1143f9afe2334ba5c10ec147
5f0f74476ec04d68309c19bad842927f,6f4607c3d3f389e3ff308e34685e305e
5f0f74476ec04d68309c19bad842927f,8191c778f2235edd3f412d79084e0eb5
5f0f74476ec04d68309c19bad842927f,93d6b0e9f1a0c89052e63caea85ee273
5f0f74476ec04d68309c19bad842927f,b713fba008fd920122cd33e23f9ac11f
5f0f74476ec04d68309c19bad842927f,c6aa4eaa991e19fd16cf2d0c4d1ba304
5f0f74476ec04d68309c19bad842927f,ce607380b620a5a0223f5ff6ae2d2609
5f0f74476ec04d68309c19bad842927f,d768a8e09bcc94d291061cadab0f58ec
5f0f74476ec04d68309c19bad842927f,e59220d22a745e04ac4e3f4d11ca50ca
5f27ee0e5398fb1b2ee37514d25eb692,a47fb1d30592a05df698950888092faf
5f2b0e602371819102e811acd269f035,e693f5a355fd553cf687cafbc89a553b
5f6b673f305acdcbce4b9725707e886c,7cdacac814432157de0edc5820102640
5f832237074155918ab49b3394b8a708,862ae7aa0445b8ddc1e6c1d7dc08911f
5f8d6b9a7ba8c571b3cd55746331becb,896ebabc707b6bd3c92ee5260ea5fb27
5f94dd4a6dc72509493a924999264752,cf1f5b2863631bea83a03551d7105a7b
5fa255f34487822ac7c02e4bf69d55e6,e32bb53d13b083912e894f00e516381f
5fbc38d45708bc1c9b6ca78b10c68fa3,ef9898668cf1e4c4475df21035de4c0c
5fc31c020c67a57b64923d16833e8211,6efbb7c182ad1bc51bf8ec6ba2f9bdcd
5fc31c020c67a57b64923d16833e8211,77915fdc75f29845b8e4d0a301a002a1
5fc31c020c67a57b64923d16833e8211,830b3c779ff2ac28445ef7203dd57936
5fc31c020c67a57b64923d16833e8211,f5923a58a8f6b36abe072318e1eab216
5fc9cd2fbc63f131a1996a88ab083a9b,9865c23e14a359ea5772b28c02054f31
5fc9cd2fbc63f131a1996a88ab083a9b,a6cdb13aba898c5a95aa8012eca25710
6040c9ecfe3264f490a1bfff6fb24aff,c2f0e47722fbb91c294da541b639c2dd
6040c9ecfe3264f490a1bfff6fb24aff,cc0979e165a60d3c0cf404a9f796cf2b
60785f11576aa49311d990cebb0ee96d,70267c101927cdf02b613546ebed0e3e
60785f11576aa49311d990cebb0ee96d,e9dbe3d5bc38b9b0f4c24a5f3133981e
60785f11576aa49311d990cebb0ee96d,ff94c5f4719e5985dcbca75f99300f38
60932ae6bfb8e44c6f7e17189a2cbc18,a6d8b70a4d2e1deb7b7a636a806bea35
60932ae6bfb8e44c6f7e17189a2cbc18,b936948fad56a759145717bdf7b35ef6
6093ecb8af6f75aedd6f78032314cf03,8047ea7fef7eb2e258601fe5a7d429d3
60b83ff3e33ddde34de9943ab8855daf,877c02794256f3c2446072cdffa69605
60d0632cdce6e8e3eb8a899a571cd7f9,6a8fe876c005337e6647e7c949a21891
60d0632cdce6e8e3eb8a899a571cd7f9,6d49917bba98ee6c308df8514556bb7f
60d0632cdce6e8e3eb8a899a571cd7f9,e520b091140415f139945e1037181ffb
6136ea4d6adee1de57dd168e43e74aca,9fe92e4bea579f521cf0bbe4a1193671
6143a009efe306e61d9a995641360017,eca127c60c230bb794055081e8e3e2e9
615fa32d93fc9ad32754bbffc0e682f5,aa3ccd0686dccc812eaa108643a2a7cb
61e85e9b6a6b9b539869da7950bf8edf,b9c7c275abad6979975525d06e044d43
6207e2a789df7f6ec98b257d1452c773,db9277ed54ad8973b4095e1a0c72f22b
620ee87c153705cd7aaa1bfe11a7d8d0,af30c13a96258a222341e2d1d7da548d
6226ceabba0c78938664b6015c8b550f,8a1eb71f38df07510e53b2c356c82516
6226ceabba0c78938664b6015c8b550f,a7e5a80007982b7422ca96dc675f5330
62321c4bf0ed32c75ebaaab21bdfa22a,a6ed48606b3686c0a695b13274f28905
62792bc4bf075822cd3ceab5f256a587,de8c95412ce4142de8b7d4813afa2e77
62ae99a43e1da8e3f0501b2de34800b0,8cfc6e0aba058403f2b451c4bd86c6ac
6308aa19a00745a2aafac2333638cda2,e1ce91b077650569fed3d79b01699c59
631c8f06cda82c718a347d795137be91,89a3b737b7d22de02317f28ecf342da2
631c8f06cda82c718a347d795137be91,ea9113368dd6fa40f43db805b99d07d8
63221a93f9756e539525946fa8f2ec5a,e0bef1fb914b2359eef200aa5fee9d4a
6382099846762403270b16c16dc70d83,7e681fb21e3f3614bb0ae38f60fbc3aa
63a9b866b28b2467719923ce9076e383,f4499f180e6b8e4fbc2b46c1e4ee5567
63b0ecf3a4103521f3fd50206bdecacb,75aae03d09a921ba157006dd0b16310e
63b0ecf3a4103521f3fd50206bdecacb,be0718b8be64533d732274d0ee2f21ba
63b21b6a389948b412f846a3744de58c,d6208d06d73f4b8b7d9193227c04067f
63b61071d9b8dbb02d10e48544832fbe,8e9e2ca9ee0d36d7b787072b56e6aa1b
63baef3c8a296683dee8c5c7a824911c,e0c4b924dc538c81d854043a686d4101
63bfc7d958d06ae318cdd697fd90511a,cf29f7ef22e028f4ee31772f6fd0a01b
63bfc7d958d06ae318cdd697fd90511a,e83ae40e123ec285942671689584d7cb
63f74cb64cf1412ba6978f1335462023,af685954839f70fa8d19e69fa0a0ec5f
63f74cb64cf1412ba6978f1335462023,dad51bce713d5aa882b1be0e344a21c4
641a82ea981247e929fa110a4419dd54,c93cab75d818c88c25f8e54484a26392
64327b70ff30b5c4dc7c524fe3ee3c7c,83f62460c3f638f74adf6a0afb45bb25
64327b70ff30b5c4dc7c524fe3ee3c7c,9e215dea4b5a6ddc6686a4e479b608e7
643d0d0a4361a4537360bf9d53f1e982,947e8d62a90238f4ac0333a36eceabc4
64cb3a477e2ce1a5b9fd32b3611beba9,99debad4c4b82fc66337ca19ee2efd23
64f278558c01f8ac20cd727a8fc68d5a,98f337f5da74c5d15a4f334aae69a581
651b2091f2d7c54a15a472117e6a6697,b9d5c19343fa638ebd7c25d3ed4b81f6
6522eecaeaeb7b67ac414ce5bbf0c0fd,be3922339c0fc892f9351f1451815fe4
65395eef18df3e629ea16faf30a1ed35,be3922339c0fc892f9351f1451815fe4
653ea7ea57981d2ec60e750436246ae9,665d81d4e467241e78929239163f74cd
653ea7ea57981d2ec60e750436246ae9,8cad7cb2b43210f5d783ccd5c767a2e0
653ea7ea57981d2ec60e750436246ae9,bd666cb26ae417d7c92c2824d6b504d6
653ea7ea57981d2ec60e750436246ae9,c680083b845c6bc24cf02ac8a98d1b57
653ea7ea57981d2ec60e750436246ae9,d05a6ed07c0893e200b00be5231f580d
653ea7ea57981d2ec60e750436246ae9,fc685c9d0b47cddbd90a0b0a240cd55b
6554356b5eec887261f6ad4c92f9c22b,6de417cf690666b1e018ca5607b92455
6554356b5eec887261f6ad4c92f9c22b,c783fe4120bc26886476bf81cbd51431
6564f345844f079cdf9ebc90ff252233,7d0063920ddc60457ec3f8c76308df47
6564f345844f079cdf9ebc90ff252233,a28fabec43b7e6a94e7e2402cc5b2838
6564f345844f079cdf9ebc90ff252233,b45d9faa2515b8214eb5c64f1dc06dee
6564f345844f079cdf9ebc90ff252233,e05be60f84a348427adccdf04e9c9212
6564f345844f079cdf9ebc90ff252233,f4858b031f1acadec2747219c7540170
657359e930bd00e4a2eef5bdac2f7fc7,dae838fb1e33f1f8ade5919d26a398de
65c2b015b8644d8d59ce4ed728841dc2,a909775f5b47fd85f03cc3d61b6f2db3
65c2b015b8644d8d59ce4ed728841dc2,e39fee850220cd138c03dd81c3351fe2
65cabe8497fe5cba1c7298314d783d5b,a160826610f128eb4f410f640be79e56
65f2505a7c1fd3f9f727dc100c47f190,6efbb7c182ad1bc51bf8ec6ba2f9bdcd
65f2505a7c1fd3f9f727dc100c47f190,725ddb2c777a8ddbe8dba962708f05b8
65f2505a7c1fd3f9f727dc100c47f190,a374710ce0bc2b014e5eac2e1f2e280b
65f2505a7c1fd3f9f727dc100c47f190,b56b07d5b570fe453ede0218f9091111
65f2505a7c1fd3f9f727dc100c47f190,b7776ef2ed5d58e940e7110c80f411d1
65f2505a7c1fd3f9f727dc100c47f190,b7df6d9a56079a7ec586f6db0b99771d
65f2505a7c1fd3f9f727dc100c47f190,be39d1eafba56d4b81d5169d80d6f760
65f2505a7c1fd3f9f727dc100c47f190,cb58c4c1620a2a7a8329775822e8f635
65f2505a7c1fd3f9f727dc100c47f190,d755f33f9748557edacae12f44f165e6
65f2505a7c1fd3f9f727dc100c47f190,dfd02db1a877afb191061a93043132e8
65f2505a7c1fd3f9f727dc100c47f190,fd4bb3f19ab9b5a4d551452e15df9f6e
6613a44438b77356af3e705ecd3f56a8,b0a067e902cd4356168fc7fa4f75ba10
6618c893f5fc84c8f5e91a0638bebcfd,6730bb67262c58f7ab8e5adcb49425b5
6626e9a2c929522a6f06cb6491707957,dc3043df9cbcbd44dfa6eb16259b6a6d
664600a387132ccec9fa63d4f029be2c,a6621e57c851ad9c56b48f600f5175d8
665d81d4e467241e78929239163f74cd,8cad7cb2b43210f5d783ccd5c767a2e0
665d81d4e467241e78929239163f74cd,bd666cb26ae417d7c92c2824d6b504d6
665d81d4e467241e78929239163f74cd,c680083b845c6bc24cf02ac8a98d1b57
665d81d4e467241e78929239163f74cd,d05a6ed07c0893e200b00be5231f580d
665d81d4e467241e78929239163f74cd,fc685c9d0b47cddbd90a0b0a240cd55b
666b40e8720c5ceb9f00a2fe6559d308,d6c00304fd86fd1b1cf90e53744871be
666b40e8720c5ceb9f00a2fe6559d308,e59c5494db3e7ab9f11bef417c3c64ac
6677481748a8ccf7868f41ef2694586c,920bf7278fae992f3494a8e781a718d8
6677481748a8ccf7868f41ef2694586c,b8a5bdc378d2f25d90c42df932bd600a
6696f9c9272ed5ca412368bf69a85336,a11ae452809b7f9877b4109adf4c9608
669e5251e1364ff95c19414d4431798d,89381b9460322afb25540fe63185f9e7
669e5251e1364ff95c19414d4431798d,ab25b98635c046b9bb4b7debeffeb741
669e5251e1364ff95c19414d4431798d,d989161b40b3faa15a41a5a6eb9a7a2f
66ed21ba5836ed8e12c4eb1944984bcc,b08ab93da47c66ee85a1e64f330c414f
67137ccc34749d7e9252b07b07ca62fe,e0487f42d8bd70fb9468222ac1b355b6
675b47f770df27fb85d1a0f4d110f642,d5805336baec170b50277856b0d47f7a
675ef4a5d7946650119afe968e47c9d1,df40a2ab7c9bf60bfebff8d2c15df87e
675ef4a5d7946650119afe968e47c9d1,e14556235dfad5570e44bb1db0b7d956
67aac82fb0ff0603a55c1785507ea302,7a05984dbc51990edce1b39ab02f2901
67aac82fb0ff0603a55c1785507ea302,a156357fb3b0bbd26f0f3a68446c00b5
67b3768fa9490c10592712d76a6ce568,c33e4bbbe548d5ce56a610c3e100b060
67fcc3bc64ca5460d4ddcfe5f1c281fc,72b6701dcbc3da8199d79e41ccdb01cc
68076a432624fea3d50410b717d79cea,8cad7cb2b43210f5d783ccd5c767a2e0
68076a432624fea3d50410b717d79cea,bd666cb26ae417d7c92c2824d6b504d6
6819821d2ae8ac99c5059233e2e387d5,e5f69b31d2d533882198c02009d0acd9
682e25e63c7afa7ae683619a5bf4f3a6,c021c172f1a784bcedf1ff2dc1defdb5
6880a5ee552d426f100b2edaedc96251,918a846c7989ea0bae251bce94d450a7
6880a5ee552d426f100b2edaedc96251,bc10c2afddee245798fd523cb3258e15
6880a5ee552d426f100b2edaedc96251,bdfcf7091e593cdc213fcdf1dbfb0965
6880a5ee552d426f100b2edaedc96251,d3ecae39e76250202cdc0a800ca4cd4c
689b1b43b26ba3b8bd1d04183478fa64,72ecd3233cee2b44c6368c70f7d26d7f
689b1b43b26ba3b8bd1d04183478fa64,f3951e86a3735a7b1768cba065be11ae
68f376fda6dd1a0c47327629954a33a7,9263134fc3d44f2b1ae077010300c826
6918c01141b407cd5480c2c0e88373ee,a9a24026fe016a48c2f9142b35bb89de
6918c01141b407cd5480c2c0e88373ee,ee8956934ad6ee1f55715018856a4c99
6918c01141b407cd5480c2c0e88373ee,f6b4cceb3912acaaccdbe9e42db27376
69226637df33fdd63f19270becb53f62,aad2e583a6248efd208363932ca3acbe
69226637df33fdd63f19270becb53f62,c98ccab8cfa09c46a8a6c6b219ecfaf1
69a2285fb21863a7f013a80f611ad904,f022f0e95f7291d48f9497ae79da516e
69a4b57d1518045ba65c9d76c9779af4,9bd421a147474e6f13a0c223f5abe956
69b611168cf8958ed27489a75778c065,8c1a709d76016d597d25dbd676c19be5
69b611168cf8958ed27489a75778c065,a64c292302ec1299af0a103ea6352a28
6a1e68a4b9a88224b830345f9f2ab530,7b08f56b9de56c00700d2a2ea1b127d1
6a60e4b495fc402a2f9bdbe94c735f48,73a502fd5a2130f0d31726879e963492
6a60e4b495fc402a2f9bdbe94c735f48,8ab12b9f0f88d4acfd0d70f43338c1c2
6a7819807b0a99be25790dfef305e177,e32bb53d13b083912e894f00e516381f
6a8fe876c005337e6647e7c949a21891,6d06085f91df5b6805ce8851ddd32a0f
6a8fe876c005337e6647e7c949a21891,6d49917bba98ee6c308df8514556bb7f
6a8fe876c005337e6647e7c949a21891,d93503cea1d68890a132c35de42e08af
6ab5f269045fc75cab534ff2359a2e01,b83443d969de24d3d3c11e450e6a6b20
6abb774f1c23d9265855d643aec3f1fe,a97c53c1630dbfa6dd0466c81d749d08
6ac2242b11f7b270c0355c73946e9677,c5565190fbc1241de00830d291b2ea05
6afe876fdf031bdc1339577c8e5bd1c3,b5e2e372bf7bec6066d8c07839ba836c
6afe876fdf031bdc1339577c8e5bd1c3,dccae463de53e77bfb3322a6bbb51da0
6afe876fdf031bdc1339577c8e5bd1c3,e05b07a377543ceeda236def2614367f
6afe876fdf031bdc1339577c8e5bd1c3,e605a4282118806466e0980fe6e409d9
6b00fac77fe9e13b02ae336c0aa0c73b,725ddb2c777a8ddbe8dba962708f05b8
6b163117c34ba6237ee496f9ed70fe68,b21932138eb89da049b8346ec40b9b7f
6b17c06b8c02e3d5c6da0981e4b4d19b,7f61a1379c6c9f2010a2026384f96e47
6b17c06b8c02e3d5c6da0981e4b4d19b,fe947ba139695ddcfa9064d1359a1dcf
6b1e972ed56730567e304a006ad5c63b,ad24f8b4283c4add329c8362407fb42b
6ba7d1fde7290ec7703ab5750a435b43,a37c33d3e6d4806f781de37457550432
6c146bd9a74ac3fbb149dd5bc5a9723d,918a846c7989ea0bae251bce94d450a7
6c146bd9a74ac3fbb149dd5bc5a9723d,bdfcf7091e593cdc213fcdf1dbfb0965
6c31cf7a2decdc8ea96a6dac62f1d3c1,738ed23cd88775a616b995d58b1cb28e
6c31cf7a2decdc8ea96a6dac62f1d3c1,aeb7685103e1f9227614892aa3097665
6c62c84adf44a2b7ed0b9db45a0a9a00,a751c56f069352a1f19286085078c973
6cceaa32195080d6f5fb09c0d24bbf6d,a7c1ea8392bb0dbf47762c8fb348cd68
6cd8569d13032d26ae80bc0ee23ca86b,b0a6a5633334f0868476555c05f5acc2
6d06085f91df5b6805ce8851ddd32a0f,6d49917bba98ee6c308df8514556bb7f
6d2239d09a82226eb2af26832c3021e3,b5356a1a9e9e28b0c85db1d6a4cab0c5
6d49917bba98ee6c308df8514556bb7f,d93503cea1d68890a132c35de42e08af
6d64958e7272cc061305847b030fa2a5,eb1cedd42f29896715362e2e5c1ac3d9
6d78a1c43841792822442bd7900c32a0,7a98c6d0bfcd9e4c84e18771755a078e
6dbca33c621a19fe63690ac0af8ef084,a0127f775fdcc284066a72e5c440f16c
6dee9d44938b0038bee99e7b20271250,9b8b65a97be839be69bcfb0e23a3d88e
6df45efaf7162a8048012bb8a3e89f2b,900c2a5c0f66b2a19fafb5fe53bfa04b
6df45efaf7162a8048012bb8a3e89f2b,f3710d84c6dfe78a789deae694bd1e9e
6e18709745be813111ea092ff5214583,93935b55b19b824e5e94d8f6178e33f1
6e5adb869ee0777852b2c9bb785141fa,f7f465094f210b4056d7712bc80b59c4
6e6282fdc9a1c51abf181472640c836b,d296b7f4e1fd8831ac01bddee09d4c0b
6f0b4267befd3655a76f0e9e4ea7fa2e,ed65a5259ebcdf88297d8427fdb83bfc
6f14135230338862757a3da0c1d806be,c6fe7cb519e9fec085339afa98486e0f
6f1cfb71857d71dfa6cad0fd3bb8e7a5,8ff099acb79da4d0bbcc3065c3930e10
6f1cfb71857d71dfa6cad0fd3bb8e7a5,b5e2e372bf7bec6066d8c07839ba836c
6f1cfb71857d71dfa6cad0fd3bb8e7a5,e05b07a377543ceeda236def2614367f
6f1cfb71857d71dfa6cad0fd3bb8e7a5,e605a4282118806466e0980fe6e409d9
6f1cfb71857d71dfa6cad0fd3bb8e7a5,e79a26779cb2af035a2de65d98c8a8c3
6f4607c3d3f389e3ff308e34685e305e,8191c778f2235edd3f412d79084e0eb5
6f4607c3d3f389e3ff308e34685e305e,b713fba008fd920122cd33e23f9ac11f
6f4607c3d3f389e3ff308e34685e305e,c6aa4eaa991e19fd16cf2d0c4d1ba304
6f4607c3d3f389e3ff308e34685e305e,ce607380b620a5a0223f5ff6ae2d2609
6f4607c3d3f389e3ff308e34685e305e,d768a8e09bcc94d291061cadab0f58ec
6f4607c3d3f389e3ff308e34685e305e,e59220d22a745e04ac4e3f4d11ca50ca
6f575d81d407ae6fe53d1f61ff1a262d,80179e9d89a9808a728881ecdde5b386
6fae3f1d97963d6df6602d3aea9b71d4,ed34fa3bf84d5a056d3c2ce85ed3092b
6fef9a309980cae3e174717652c86b6a,742632593d15fcbc32d529ae0db97d9c
70130081b3e6ed0ca0ba098d4743ca73,de8c95412ce4142de8b7d4813afa2e77
70267c101927cdf02b613546ebed0e3e,ff94c5f4719e5985dcbca75f99300f38
7075e6b4661435356c477861dd2599c4,e90046fef33e5dc64b28add93e4342d5
7089764cfa12abc6ed8c73e4e1ac3d8d,87a57b8efded2cc324050688b592b8d5
7113ba146378118c66d333445638cc44,d15d74fc807a078b9e4b16295f013142
71489c3f9c05948218caae8cab26e30d,ba93b1f54fe44b86243137d828c0f9a3
71489c3f9c05948218caae8cab26e30d,e142cb54b380f817cda4601ba94ddd4f
71665ef66486e06bcd5c3a97f8a23a7d,7d368e01852a71a7bb63ab4051e8643d
71d00eef0a6757e5c6d90d2063fdfc0b,e0cefe663c39727336b511535210dbc4
71eac9ad67ea8aa81532fbdcf223b2cc,78bd50da469c6dfee71c899413b6424c
71eac9ad67ea8aa81532fbdcf223b2cc,7d5554be3a999c904bcefead8afd54ef
71eac9ad67ea8aa81532fbdcf223b2cc,c3073a044365388de46709e474dc785c
720bccec7bbb0f35095b54857ac95abd,8ff099acb79da4d0bbcc3065c3930e10
720bccec7bbb0f35095b54857ac95abd,cef4f659af2ff19515fe4207db8a5125
720bccec7bbb0f35095b54857ac95abd,e79a26779cb2af035a2de65d98c8a8c3
724122e103d73652c87c22f18d492487,7f36cbf7594020316fa7123b3063b516
725302719996b4e329588de0ac09b29b,bbbae082eb45f67825a9da9e8003a2b6
725ddb2c777a8ddbe8dba962708f05b8,9bd739d88c62170a2d0c3c9fc231f676
72a1c97444b709315bb1926da50e185b,d2b23be681cbd598d913ea481c732c18
72a7b25fd1a4958cb37c9bb43b0de863,bff1995f759cc36ec4a27f30a7fe7b26
72b62cbee49b2c0b2f54ee37407d3c81,9428e7b04a6e48031bf4926202871c3f
72dc6357401f34e3e4be0061d3e8ab07,9fe5d15a89ec5e8832d323a2d7ad53a3
72ecd3233cee2b44c6368c70f7d26d7f,f3951e86a3735a7b1768cba065be11ae
72f117319e58f058f2f1840495d28528,ad24f8b4283c4add329c8362407fb42b
730a460a18e538629a3ea4b15f1c5e99,dc3043df9cbcbd44dfa6eb16259b6a6d
733400c6ebb21858e4e69d6d9f85b011,82c9b9386d19301b9d2b7cca79507e79
733400c6ebb21858e4e69d6d9f85b011,d356e51222f41bb67a9814eed3a7093c
734bfd45851286ff88e6b682e09298fc,d18553ab831ce8a831670956ad4da45d
736b7ed1182e70dfc645702b2ee32ce1,e7c2a6f3bb671d0a596a1cfc7808923e
739730d2e962808314b965894451d867,a6621e57c851ad9c56b48f600f5175d8
739b1bf9ecec74b24f188876b5078649,eb33e0cba8a5fd24fa5990db6c386582
73a502fd5a2130f0d31726879e963492,8ab12b9f0f88d4acfd0d70f43338c1c2
73d5e76e692cfda59ef1280034acfa9e,ebe0f878a812c13951e0290851018623
73e27d86ca03d012d645cebf7900e80e,bc17884c9da11a0b02c9e283a61752f6
73e83c2c9c8906cf90154279fa00ffeb,dd8de44100a8e3a874016905431a6031
740239cc996e89a6d61117b92a0925ce,8ba0db8b3ac93911bd1a04c20e147430
746eb8e243251bfc8e1c6139cc75b63e,d215a9ccc86a7ef1626c749c848c9ae6
74bb9247a3b22dd5c2c3be6b336f03e2,a03556a9b02e1cf8040972a7a18a5094
74bb9247a3b22dd5c2c3be6b336f03e2,be29706325e1daa06638f34bba1910e5
74bb9247a3b22dd5c2c3be6b336f03e2,d36950c1b2c02b45eec77ff699349290
74bb9247a3b22dd5c2c3be6b336f03e2,ed99571a42fc8617addd948262fab159
74c529b9f1e4a2b2e29cc430675db8f7,78a3198ca3948be97ac9f921f9ad296c
752424bf44aa868c6589e37cf2ed1e3a,84c45a71b83b550acc444f41bedc62d3
752424bf44aa868c6589e37cf2ed1e3a,aaae7a7f70066143d50e9c6a4a4a9cfd
752424bf44aa868c6589e37cf2ed1e3a,ad999ee7df648e78a172cd108c9b6b8b
752424bf44aa868c6589e37cf2ed1e3a,be0718b8be64533d732274d0ee2f21ba
752424bf44aa868c6589e37cf2ed1e3a,deced0987baaf024bf721895125c72c2
752424bf44aa868c6589e37cf2ed1e3a,f62a7583d3feddd4a43e616f74cf29c5
752424bf44aa868c6589e37cf2ed1e3a,fe0bac08f92aef9b78691fc7780dbedd
7553e7188efa8e58d3d9ebd553f6f082,c5fcdd15a9de4076fbc023b8f7ba8004
7573a14cf52b74be330f443aeea0ae99,a46188e10bc92e4afc111b86ff942d14
7599526f632a67c0a2129ca25fc925f3,918a846c7989ea0bae251bce94d450a7
7599526f632a67c0a2129ca25fc925f3,bdfcf7091e593cdc213fcdf1dbfb0965
75b9175c82d24b202dd89a8bc7b0a8c4,a882c841368be29f8ebd10bd7dc85ed2
75c0aee9bcbff0111fe351479ed18fb3,c618f535e5117b08ab12e24553e5cd82
75c0aee9bcbff0111fe351479ed18fb3,d03217bdda681b9e276f18b074eb7023
75c0aee9bcbff0111fe351479ed18fb3,eae5c85f431e89ff18a1dedebee6c324
75c0aee9bcbff0111fe351479ed18fb3,fe11e940004816a538056f535d6563ae
75ebd33762d2e67088a20260a283e7b5,b8fe6ec1196db8c9be2c70bba6239fdb
767022acb2fc3b5a9502216580b9cd7e,bee6247383798a15bc629a4a620bc5f0
76a81026412408132ea30f62182552e9,8c7b30d2c27581f3f1d7af4f7a97a24f
76cf69ae13810e5d68ee298c00106ee9,e6b8196879f9d56dee790492e9cf9fa4
76d66d592a095b9cb11ee09d4b5d1dee,ffce20a19f943e796ae85fee45019c1a
76db251505e89df3cca2a6435b018551,a6d2ce0ff7447ff9207cf281485eb704
76df3ab216e2c7dc46855b27c7b53120,e580e1edd441fc1c6a477dd257b4e2fd
7726f7684a95b8455887411f2b195f5c,c9a804c4005703f1d8b3317c2a40c859
77367b9fb4652959a3954d5fb59e5878,cce7e1d0eae0fc1bca97fbae8333713e
77658637e3c4281d94d6191c6376bb5c,e64bf01807c5cee47dfda34eb9cb8d3d
77915fdc75f29845b8e4d0a301a002a1,c1eefd06d1abd25a909d61d8b2c82018
77943a60dcb8a3250c23dc9c5b0f1dec,800021e750f4d5f800f306c1bf5af479
77e40fe1822c6ba9c9f4a3e1d4e47850,c29dc3d20b318c5d7fb9c44b42b0ace2
77e40fe1822c6ba9c9f4a3e1d4e47850,c3c1321ff94335e90fbd75a64d8df912
7814adfdd0c6e64c2ece8058825bd6f8,8a6f960eb27e8c4d59e251f2f4866214
78802862e8f978d67c89c110337331f6,d3c56511739933153b4616b08586655f
78977f2d88f3b2438206176544c0e721,ca9420b31aebb3f326d08c8bc9a0d9ed
78977f2d88f3b2438206176544c0e721,cc1a1b8b84808e0eaa6a3018c59da022
78a9f7cde1239b2aee9c1b1733e36617,91824e4a3a596fc3b375208a520442d6
78b349b7181a2b500577f329613bbdf5,d48e744a57b1503448c19ccb8f931a39
78bd50da469c6dfee71c899413b6424c,7d5554be3a999c904bcefead8afd54ef
78bd50da469c6dfee71c899413b6424c,a79b2083baec7774389617d755d4e8de
78bd50da469c6dfee71c899413b6424c,bc477c95f6de5c9c99c92b70589db22f
78bd50da469c6dfee71c899413b6424c,c3073a044365388de46709e474dc785c
78d342f62c15bfb0983d939e451eff01,f1e9526aa2d57ed25bf8084d856daf80
78d9827457e20bb441a620bca88384a7,b096405376b84c6ad0968f0a3472e518
7908f14202da65b7cd7bc9e3dfb826fd,ac4bd2994a2583d10c64352f879d5316
790db9f6fb24c137260dc3c4561826fc,ee685b2d458f2182222af875c9fcc275
79560e2287c898b33869207c9a4ab999,ffd1b597e1ce249e71654c3e8f84c567
79a688079a1ef3b0f5779c69b6240973,bc8e27b6c2735abea6e646523d63d537
79df9ea4d76446a38178a1f0189f6aa0,80a827a3b5dc3148d98193ac49c29d63
7a1ffd13595bc75a4fc490c7ece6d4c0,be9f7b97ba8cd60bb51a83b10c8ce7ec
7aa4f71dd9cb0bd79819f8fb50f797fd,7bc1989c101c27940a9ed09aa49761eb
7ac33bf9403df5ee8d72f41d50e0efc4,b3a51d3caac008f2624df400a27e114d
7acc86de4ef4193cc6941395fa408711,84e41b0aa3b5a97a9ef9707b75cf3231
7aebad460e217188c6bf24fe559367c3,b61cba9ff2c1cc04f353988c0086cea1
7aebad460e217188c6bf24fe559367c3,ffe535651d2f213222ed3629cd8f5e47
7afadce191890034721adfed470f86e3,f7a17d75e129e0330a06205d0e34d883
7afe510bfee69f98c8accc649975d2ae,899718f7d1ae725ee0752f99a695b24d
7b11087d5c461d2db6c161a745b21ca7,c8e018c7c3709335cd5ff2ceb46998ce
7b11087d5c461d2db6c161a745b21ca7,faaad2f26ad44323c82254b2048cd9b0
7b227d21006014a1fe2ca18a814b6fd0,bb958b64f7c4a03d90fa4fd36512bcdc
7b227d21006014a1fe2ca18a814b6fd0,eb1eeba00584ae2f4f6ff6545dc0f854
7b3c358a9d487ff00858e8d5c121dc60,ffce20a19f943e796ae85fee45019c1a
7b5b2e4066381ddbdfd256ac49109edb,7d4330193bf8bd8acb36e359e98aec48
7b5b2e4066381ddbdfd256ac49109edb,af6d4ee396a4369ff518acd362f9e346
7b8f377f5e891e6d65e1af46bcc1b402,ae6f62ddd72c36c0c364b27d3bd7d125
7b9eede6e35b116c7dfd0b15b2f074c3,d16b699cad191c561ed9ff3a44b02bd0
7b9eede6e35b116c7dfd0b15b2f074c3,e3e28b8d935f9ac58631cd03b6b2423d
7bb93af9ee9ac571741a9e9e4c3b1535,99991e0860bafd42fb830f6ff498bc64
7bf717c723032dae086344aed2b07719,dbdb34405ff21339aa771387b895644c
7c48711af2fa23d73af5c9d3e646d1e8,97c18b2abbfda3d0854e3774ac403796
7c4d125f36bc27dfe838756de34830b2,d9733588b456ba807b7661fb86512efb
7c5dae67ef8e54f3f9e6ff4fa2005dc1,e017a9001bc606ddc393e8be1febc810
7c5dae67ef8e54f3f9e6ff4fa2005dc1,e1d52eb12375623ad86ffcbf39fa7a6d
7c5dae67ef8e54f3f9e6ff4fa2005dc1,e72618fc468b4a86b1df08a653e885f4
7c5dae67ef8e54f3f9e6ff4fa2005dc1,f5a7b89db1c6f0bdc6111a8d2a1a1224
7c5dae67ef8e54f3f9e6ff4fa2005dc1,fd7a0ab5ecb9aee9ef9d6b05e4950632
7c64be01003f3f3560e415e7a756e5f8,9728c41a8109db5dcccb42d4dbcc1cd4
7c64be01003f3f3560e415e7a756e5f8,b3a8ed76cca1ae38fbe0b698293873da
7c87736e531efd6209d6fa8dd9d234fc,9a213a5414d5d81ef253a991e66af497
7ca64d7d78befde146f79103324da450,d911bea7f1482ae282d6bba99860a2cf
7d0063920ddc60457ec3f8c76308df47,b45d9faa2515b8214eb5c64f1dc06dee
7d0063920ddc60457ec3f8c76308df47,e05be60f84a348427adccdf04e9c9212
7d0063920ddc60457ec3f8c76308df47,f4858b031f1acadec2747219c7540170
7d1c4c2adb5b7afd61f376da3a834f1a,92d285e2427b9c77664d1e6e0a43efdf
7d4330193bf8bd8acb36e359e98aec48,db1cf910009b6e23d2b9e40ee71a135c
7d51d4d6088339c89aed8269c397d451,bdde2f21780dcf0e73cdf53c52bfb635
7d5554be3a999c904bcefead8afd54ef,a79b2083baec7774389617d755d4e8de
7d5554be3a999c904bcefead8afd54ef,bc477c95f6de5c9c99c92b70589db22f
7d5554be3a999c904bcefead8afd54ef,c3073a044365388de46709e474dc785c
7d8c00baef8a3324932400f91de87e25,982cdaf5c2c342b7f78c552dabf0bba6
7d8c00baef8a3324932400f91de87e25,cf1ad48286c73490b7621d9672b4e596
7d9186992b5e1cc1d97f6bbe3385eaa1,ce0075cfcae73f629c7016eff6496bbf
7d981359d03370ad053e55cb8887cb8d,963b72bf04c646374edaa8c1df55ad16
7da90324b5298a73d9491d6bb9d2a49d,f384dd41ea0dd6113c25ac0a26b0650f
7dd34d0517eeaf8e52f58c3045e30034,c9c93814bb6fde4c3c292f59a7feb695
7df2f5ca35c5241e83ebf162e43dc249,b78fd0e23b74acd96ccf519d9731d337
7e681fb21e3f3614bb0ae38f60fbc3aa,a69964728733449f1259a82076e9f04e
7e681fb21e3f3614bb0ae38f60fbc3aa,ea2ecbfef56151bebd4ef9cb5a893a88
7e68de6961de4e26398e77e3f3431a83,d0c079cbf896b766a226aafa64e2a2d7
7e9bad1f676f0a951d057f5aad3897e6,aebdae5de44ecbbf4c6b918a067faea7
7e9bad1f676f0a951d057f5aad3897e6,b3cd769ab41d73b881f827466a2c765d
7e9bad1f676f0a951d057f5aad3897e6,b9c5156e3586d6d36af52983e5da5a78
7e9bad1f676f0a951d057f5aad3897e6,ca21f525cc951d4c8880948bfa020af6
7ebe70e5056e44abbe8f033d1e6fca15,e04cace92764a2c7ea20aecbaf7335f1
7ecd32b4307d7944b11c800d5c267bd7,e740673497ac11887d8e820d2853f7b9
7eed53a57a595400793661f48f22b0b7,c28957e4cf55a19e07c4632af2491976
7eef07dc9c31a8c72f68093b7187be25,de5372a8c0c92a7fc8d1e5241f67602b
7ef3d9b024eedb49166d2ff6680a3d0f,b32fce66e91a3d2677ec5618625817c4
7ef3d9b024eedb49166d2ff6680a3d0f,bf9bf6145a3518aef55e9eb786922820
7f1a86a117731582946823b81f09c78b,ed65a5259ebcdf88297d8427fdb83bfc
7f23e429ea707cdd76e032b2cbfd89b9,7f7bdc583527665a143420dcd30f7a4d
7f2d45ff5d23886e5f8bae4074c7cf04,a27e4d0736fc5ead32e51fabeae22f44
7f2d45ff5d23886e5f8bae4074c7cf04,a59c5114ce0ba8f3bdcb8e55983db04c
7f2d45ff5d23886e5f8bae4074c7cf04,a80fdc615ccd1dea4b233a8fea48156e
7f2d45ff5d23886e5f8bae4074c7cf04,ade4b64bc44dda65d8af5809d77bb1a3
7f2d45ff5d23886e5f8bae4074c7cf04,c853529608ae5b46ee339896985967db
7f2d45ff5d23886e5f8bae4074c7cf04,fe9d0334234177d0db0ef92a13a0a594
7f492acc2e4c4622e78b2f06bc68623a,9fe92e4bea579f521cf0bbe4a1193671
7f492acc2e4c4622e78b2f06bc68623a,f349454b68febdb808420b2d001a1921
7f61a1379c6c9f2010a2026384f96e47,88dece0f93dcd0013b3dfdf260f9f95f
7f61a1379c6c9f2010a2026384f96e47,fe947ba139695ddcfa9064d1359a1dcf
7f7bdc583527665a143420dcd30f7a4d,9234dc92fbe61d5bbc3a40fb8a3b4b04
7f7bdc583527665a143420dcd30f7a4d,f98d83fad2c8cf81c5f72a210d5da0af
7f7bdc583527665a143420dcd30f7a4d,feba051f7dfade557045d7ac3d2ea9fe
7fb140e22a56e694f8a22326aa441335,8b36947fc3068acdedfbeec81a0fb239
7fc2bd245002712fa10f382eb6636247,bf23c6d0c0162451b921e4812cb97845
800021e750f4d5f800f306c1bf5af479,c3073a044365388de46709e474dc785c
8052c5dae848e3ad729bac22725b2391,b675ed8d30e37cf8b8d2a0dd2ebe2ee1
8052c5dae848e3ad729bac22725b2391,d9293ddf1d245b44ba3df0d99740e15d
8052c5dae848e3ad729bac22725b2391,ed76488536974cb0f9ed4038857dcc40
8076251c7a2ca20a2c7542be12043153,95db4eb0709bdc7bec663c37bf4ce423
8076251c7a2ca20a2c7542be12043153,e4756e7056430b7a72c19c4c5a69b712
80764f55460f9ecd3fe970ff029f3560,98fe3eaa509ed010bf115aeec4585c7e
80814c850263fc4ab244cb58ad0a516d,b096405376b84c6ad0968f0a3472e518
809338fd6b2089d0fee8e656cb1044e9,98a0d48e4c6e6be76fdd3ecd44da69e3
80b73e2ead3fc0854e8368852aca7b28,ebfbc92fe066db6e26fa4b7f3ce1a6fa
80f13d8fc0d2c1982c0f8c5148e4ef74,9c0b8058557c3082e718627e7f6d5ded
8103f6b627557d9630a1c8b61d1729a7,eae8e239ae29c4273cb4addacb3e2340
8133b5aa5c16ce2712f1b84b30832b66,e4756e7056430b7a72c19c4c5a69b712
8191c778f2235edd3f412d79084e0eb5,93d6b0e9f1a0c89052e63caea85ee273
8191c778f2235edd3f412d79084e0eb5,b713fba008fd920122cd33e23f9ac11f
8191c778f2235edd3f412d79084e0eb5,c6aa4eaa991e19fd16cf2d0c4d1ba304
8191c778f2235edd3f412d79084e0eb5,ce607380b620a5a0223f5ff6ae2d2609
8191c778f2235edd3f412d79084e0eb5,d768a8e09bcc94d291061cadab0f58ec
8191c778f2235edd3f412d79084e0eb5,e59220d22a745e04ac4e3f4d11ca50ca
81abef67f61c0f9118bb521a22bc5d6e,c2e4878956c29c140652b818bd69403e
81bce4561689675f999893b6f307103e,890e48b624b7b5048a49deea51b32833
81bce4561689675f999893b6f307103e,b192821bb850b9ef5eea6104317ffe97
820272be8be404a8b84db8cb86984aeb,b841ee0b42e91d3ea42a54d53f458501
820272be8be404a8b84db8cb86984aeb,be39d1eafba56d4b81d5169d80d6f760
820272be8be404a8b84db8cb86984aeb,f87ebd8b7f6c3b4695cda2e1a9314cec
8206a4fffd8cc431b92fed0dbd354172,b3000c85d046d50641e11a0c84935e81
8206a4fffd8cc431b92fed0dbd354172,b32435c39c8cc17dc4d0e57ecd8985e6
8206a4fffd8cc431b92fed0dbd354172,b9cfcbca417c2c3844f6d1444d722d39
821182bcb85939b5b49d3df520bffec2,9fae931dcdb1e2fe45b27af21a192efa
827629d91ec492feff1f3922764f36a7,cd3dc073eb815b8711ed65a27f976aec
82e39465e54636687d6ea442ef135771,960ebe8e73e397b49dd24e69e5d1eab0
830b3c779ff2ac28445ef7203dd57936,c1eefd06d1abd25a909d61d8b2c82018
833cea0ce080ab744bd9b693687a60ea,d6c00304fd86fd1b1cf90e53744871be
835632595ecab906544b7f97069bf6d7,8a794d1971baa53db39a91a28bfa3cef
835632595ecab906544b7f97069bf6d7,c3a3c61604892d48080354c32a4fd286
835632595ecab906544b7f97069bf6d7,f8b941aa1a07fec0f37d4cc0ca59ab41
835632595ecab906544b7f97069bf6d7,fb7072e309c7090f3efd9ed957ef0c5f
837badc1364e4ed34c45fab390c07a09,bd9d9e8bdcb5896010590ab040d318aa
837badc1364e4ed34c45fab390c07a09,be7cc60e2ce828b9a272da39f87b7a94
837badc1364e4ed34c45fab390c07a09,e4d9abf0a09d50d6ed95934aadc5189d
837badc1364e4ed34c45fab390c07a09,ea063eed431b434ec9d4296589d2781e
83f62460c3f638f74adf6a0afb45bb25,9e215dea4b5a6ddc6686a4e479b608e7
83ff1bf9f5c863c9b9b55f928ceced98,8506b676a621bb87638890978604d19c
8421691cc2e0248a7915e4f294323e43,9263134fc3d44f2b1ae077010300c826
8433da0ab60b6e38f339eba6a907df20,fad449cd14acea1fe85f7c70cd213026
84bc1bba8fb25e15c1f8cf84f819ad3a,8a0253b3065c6c27e30f200cb205b026
84bc1bba8fb25e15c1f8cf84f819ad3a,a897511005a91b06494f7353aa5be8cb
84bc1bba8fb25e15c1f8cf84f819ad3a,ac146db4fc36ca76c6d67fe81f11c44f
84bc1bba8fb25e15c1f8cf84f819ad3a,bf90d60e5f67185147f878537a5ea893
84bc1bba8fb25e15c1f8cf84f819ad3a,d4efff86ebb2d631615d729aed3ace96
84bc1bba8fb25e15c1f8cf84f819ad3a,d8a0fec825032a406513f949773dc0d3
84c45a71b83b550acc444f41bedc62d3,aaae7a7f70066143d50e9c6a4a4a9cfd
84c45a71b83b550acc444f41bedc62d3,ad999ee7df648e78a172cd108c9b6b8b
84c45a71b83b550acc444f41bedc62d3,be0718b8be64533d732274d0ee2f21ba
84c45a71b83b550acc444f41bedc62d3,deced0987baaf024bf721895125c72c2
84c45a71b83b550acc444f41bedc62d3,f62a7583d3feddd4a43e616f74cf29c5
84c45a71b83b550acc444f41bedc62d3,fe0bac08f92aef9b78691fc7780dbedd
84ce7698d69ebf5773e8b14c1de43cd7,ca44885aadf1e091d7089e957b1dfc69
84e06f4c67e619ba72cf8a0cdd40bf66,b816cf253618152849306d71b8dd2e3a
84e06f4c67e619ba72cf8a0cdd40bf66,eb33e0cba8a5fd24fa5990db6c386582
855cb84c4b7206da5daf3021f535fe08,a9dd3a0661c6ed5487279126f9c5c145
8651e7e23f77f586ce26f2a61ef71188,e1706e7bab99c669a0cb0479b768e0c8
8683b73b6749d75f2c979603e2e6dcbc,8cf14c7ebc52b725349bb2886cf10d09
8683b73b6749d75f2c979603e2e6dcbc,a4bf769941661a40fe6799069dd581b1
8683b73b6749d75f2c979603e2e6dcbc,d5e03aa04e1d3bb600dd5dc37525e231
86b76b34e3efc27a0bcd51c0681290c9,f7f465094f210b4056d7712bc80b59c4
86c06fcb2ba9d080bb42849367802498,d78a003a8556cccccd8705e1df99c626
86c06fcb2ba9d080bb42849367802498,eb35252d97fa01c73a25d95cb9d65987
86d55c582ad04fae6c521b1442bd29c6,9bd421a147474e6f13a0c223f5abe956
86e0b0fb810d1f93f9f3c6623fbd99f1,dbcfe0a7241ac91c4e9a5370869809e8
86e9ed91a8e0a3e97a448f208df7e744,c8beef349910e6e7cc46fe92b40d3030
87257e991f73bc32d9f0e6cdc4dbed0c,dbcd73d3b4ff3d480cbb196e16794e8f
8773b8eb52ed47d46af874c0792e143f,df49db8f2852dea6b0b23ea5f005df79
879870d67152954dd18571f8e78bbacb,929d5b293fd712488b8380fbb2a2c242
87a4eaede123655f8ee1ea2822c578d1,f6aa241f69a2322848576508537fda73
87a5a51e526b18a6660b11297c1f3860,9c8345be568bb6013a0a35c1cb6061a6
87a5a51e526b18a6660b11297c1f3860,a47fb1d30592a05df698950888092faf
880d0da3d10cc4abc6b6e3dead22b8bf,f49a2dad7dcd80f5598d260115621753
889f2de92bef134080ba4767e7e9e3e6,d86c0b13d5b59b28ad995683016e57e0
889f5becf4baf4c55d469cd6b2b270b5,d11cc1e30f91f0f3423f6442f198baff
88a4dc4cf350702d325625163b9bef3f,a0c6101763f8883880b4228bad549522
88a4dc4cf350702d325625163b9bef3f,a28fabec43b7e6a94e7e2402cc5b2838
88bdd14911abb857242b1e6c606ec9c7,faaeb5744a3672f625846184d8103db0
88e9623cc3a93b86a815d627093817c5,bfb538cdc4ddb45a9b52947981564490
88e9623cc3a93b86a815d627093817c5,f428bd1ca60f90b92205e245ddf93e03
88e9623cc3a93b86a815d627093817c5,fdc02db13c34fcb9a0d6c4672a4112c4
890e48b624b7b5048a49deea51b32833,b192821bb850b9ef5eea6104317ffe97
890e48b624b7b5048a49deea51b32833,bfacc9643498b64315db925333255eee
89381b9460322afb25540fe63185f9e7,ab25b98635c046b9bb4b7debeffeb741
89381b9460322afb25540fe63185f9e7,d989161b40b3faa15a41a5a6eb9a7a2f
89af6435d57ea35a9db05f4c3a048124,a7f78547325d6698b2f20ebd9ab1986e
89ffc2ccbba036fdfa589954c1267cad,94ddef112c47ffc368e8ec64b32b16c7
8a0253b3065c6c27e30f200cb205b026,a897511005a91b06494f7353aa5be8cb
8a0253b3065c6c27e30f200cb205b026,ac146db4fc36ca76c6d67fe81f11c44f
8a0253b3065c6c27e30f200cb205b026,bf90d60e5f67185147f878537a5ea893
8a0253b3065c6c27e30f200cb205b026,d4efff86ebb2d631615d729aed3ace96
8a0253b3065c6c27e30f200cb205b026,d8a0fec825032a406513f949773dc0d3
8a1954babbe888843daac0e38a18f3ae,c66dbee8cb83e424b9b6cce98158b7c8
8a1954babbe888843daac0e38a18f3ae,ee8956934ad6ee1f55715018856a4c99
8a1954babbe888843daac0e38a18f3ae,f6b4cceb3912acaaccdbe9e42db27376
8a4280ffaba6a723630e465b669a10d8,b29812a8a408d03bcb06008dbc335847
8a6e6b3ac2c832b44b374fb9f472eae4,d520930328410848cc538e1724d5858d
8a794d1971baa53db39a91a28bfa3cef,f8b941aa1a07fec0f37d4cc0ca59ab41
8a97827e0fc5d68206ce1a2939304cf3,bf93a84a44970104167f068acc6a5d49
8aae4cc9e81bcf893bcc67d94909a23f,9ba51df3cc8a3b0d1480144c9625f5c3
8ad8502ae8f2b2b6cde8452d8fa33b01,d2c028e0455d83f3bcda3b5f02139de6
8ae96569b911441d566ee4cc5b558dec,e36bcc895d7a7f203754fba30c4539a6
8b33be483dce56210cd0efe237d5bae3,b29812a8a408d03bcb06008dbc335847
8b33be483dce56210cd0efe237d5bae3,ea5942ef2fd45d0318f20a7f843fe07b
8b727b90f5e91cee4ba6fd57ef96f12a,af51eb624386eb6783182c37052ccafe
8b923dea8d2a6cb2b0fdc27351c5343b,f55b5d0fad7472bf39aa68785cc2e27c
8ba0db8b3ac93911bd1a04c20e147430,d356e51222f41bb67a9814eed3a7093c
8ba0db8b3ac93911bd1a04c20e147430,f3de827457426f2c8b3442c5141a131c
8ba2d7cc779cf89c056347ff8437941a,be8c379cfd8092839805ce3b32ece928
8baa41696dbf546af2a7e7c8f3f28b8f,f158f323b621f88eaefb8d729523c531
8bd8d51abe2f96345776dbce6267cfa4,92b156a6e06a493c0ddd33849d4f461c
8bd8d51abe2f96345776dbce6267cfa4,f55ba1b6db17a1d1db9163f7917dd0e4
8c1a709d76016d597d25dbd676c19be5,a64c292302ec1299af0a103ea6352a28
8c6039c1108da771e83b1dd9976f3608,9a6fe4cf8ee903e5872e5f33ac3c41e6
8c6039c1108da771e83b1dd9976f3608,b3b36a4a92a507bb497dc29528d3201d
8c7cf64beda042ca00cf36c5ce92d022,f5f23dd03afa179be12fa874a4e9955f
8cad7cb2b43210f5d783ccd5c767a2e0,bd666cb26ae417d7c92c2824d6b504d6
8cad7cb2b43210f5d783ccd5c767a2e0,fc685c9d0b47cddbd90a0b0a240cd55b
8cf0765d6112f62d6748f23b524b86ce,f5452bd8e9f57fa87c809811413b2cda
8cf14c7ebc52b725349bb2886cf10d09,a4bf769941661a40fe6799069dd581b1
8d20e8379c43ad08354ba5880c942d8b,dce2e3f720bd91850dfc641ffdc453fc
8d20e8379c43ad08354ba5880c942d8b,fbf2118c185a348587a1e9f34fd34f05
8d6f7c291e8a310aad3080e35177631c,9041c8b53032be402624a70ab2588e01
8d6f7c291e8a310aad3080e35177631c,cb8ce96c2471ad2fe47208c1066bff41
8d777bfeaf1655381a15a62113587f54,8f3259ed06c519525e55136f222e2f89
8d777bfeaf1655381a15a62113587f54,b750c9487327e1ce414b08d10f5097e4
8d8084918328160a03fc94d05e363f54,f93c1fe7c4ba7aaf705760f43418c9b6
8e7467ea1c6bc66f07bc530b32f8b338,ecffb1b1a33bf6340cb2bbad4222e764
8eabc793a9a456d4e5d88aa4e815282c,9fd089216b9c81960d3663354752c804
8eabc793a9a456d4e5d88aa4e815282c,ab719d78e90e31f12e9bf25cc8684309
8eabc793a9a456d4e5d88aa4e815282c,b56b07d5b570fe453ede0218f9091111
8ec5e1f0cc27a9b2ef0994d043a24870,c0e32862501d8ac0e1c8458a60639480
8ec5e1f0cc27a9b2ef0994d043a24870,c247dd7abf21f09ba2f70c0eb72be9b0
8ec5e1f0cc27a9b2ef0994d043a24870,c64296d21a0bce762ccf2405e97f420c
8ec5fadb6ab5ae799ba678ec3b57f9cd,960585a02e23071b43ff27bcfe36ef0c
8ed81925cc70ab7ab093529dd537c021,9d80233bf0cbbdc34390eaecb47f2b9b
8ee770151edc57db88cf4d9a9abbe0c2,f3de827457426f2c8b3442c5141a131c
8ee770151edc57db88cf4d9a9abbe0c2,fc33a8278cec03798f010714d53a7434
8ee770151edc57db88cf4d9a9abbe0c2,fe13f9cd895d5df41073cf48d2ebf4a9
8ee8c012fe1372e8ca897cc6e35b0097,c66dbee8cb83e424b9b6cce98158b7c8
8f3259ed06c519525e55136f222e2f89,b750c9487327e1ce414b08d10f5097e4
8fee4309bc0cace63646225f43bb9c4a,9e9d367a325a4f30896bc1c50fb8da3f
8ff099acb79da4d0bbcc3065c3930e10,b5e2e372bf7bec6066d8c07839ba836c
8ff099acb79da4d0bbcc3065c3930e10,cef4f659af2ff19515fe4207db8a5125
8ff099acb79da4d0bbcc3065c3930e10,dccae463de53e77bfb3322a6bbb51da0
8ff099acb79da4d0bbcc3065c3930e10,e605a4282118806466e0980fe6e409d9
8ff618c11788737025fb65781857986f,ea167cc29c4d19301edeb6eecd6f45cb
900c2a5c0f66b2a19fafb5fe53bfa04b,f3710d84c6dfe78a789deae694bd1e9e
9030c4a4cf57da54b7e5dff066b491a0,93e96d56c428e2fbfe4f72ad0068584b
9030c4a4cf57da54b7e5dff066b491a0,953fe9b2ec1ddae8e3a1dbca9dd5272b
9041c8b53032be402624a70ab2588e01,cf0f87a3dd5625aac2da5cefd2c805f2
905dc2141a3e5c2b05425bf89b53124c,e376c287beeab445208b93ac83380556
905f86b2c75818f19408acb0933cbdcb,e2d3f9f24ba2338c5409833c04bfa572
905f86b2c75818f19408acb0933cbdcb,e70e40346ff9f1105c1608e1317ed44c
9075d1cbbb3cfcad80e4fd2b9f68ec35,ff2eb3b6ced8c70fc1478b7bad437351
9172fdc05f0309f28a33416744d90be7,b6f652371d634257ac430bbb1a609715
918a846c7989ea0bae251bce94d450a7,918a846c7989ea0bae251bce94d450a7
918a846c7989ea0bae251bce94d450a7,bc10c2afddee245798fd523cb3258e15
918a846c7989ea0bae251bce94d450a7,bdfcf7091e593cdc213fcdf1dbfb0965
918a846c7989ea0bae251bce94d450a7,c191518917d0462eb933724ed35ad102
91f052ade9d87295494b3b10da83252f,f5923a58a8f6b36abe072318e1eab216
91ff0cd61f590b2d1e8360c1478242dc,a909775f5b47fd85f03cc3d61b6f2db3
920bf7278fae992f3494a8e781a718d8,b8a5bdc378d2f25d90c42df932bd600a
92809975d3dee9bee47eafd25eae3aac,b841ee0b42e91d3ea42a54d53f458501
92809975d3dee9bee47eafd25eae3aac,be39d1eafba56d4b81d5169d80d6f760
92809975d3dee9bee47eafd25eae3aac,f87ebd8b7f6c3b4695cda2e1a9314cec
92b156a6e06a493c0ddd33849d4f461c,f55ba1b6db17a1d1db9163f7917dd0e4
92b85ba5b82b7805b219a9332ece26ba,e15fbaa4f821c7e9a06e14b619d08ed8
92c605cf38b2fa4031a924c63bd86461,946926d38cf9aaa3c1beed52c3cf0b0c
92e02a472bb4cd90dc88fcf8fda46a18,954ba28e4e343e35dbb10ebbe668c486
9304d84c09aeb319588c57eb1e642290,de27161f517cd69bc3d0a62852837a7a
932aadc3648c4d3ee7c9b5af95e0fad2,c594b88b4ff64a93a94f601d7a2f8bbc
935b252ca163956dba708a3828922292,d1aaa6d9fa9c1a69c4d2c2747f09343b
937c18aca07484468ee7f99297459057,b12d1e8ebbecb654477d41ed517689bf
937c18aca07484468ee7f99297459057,b2bad501f368a14705bb7312dfed8c3e
93c331163fb30a25a438b82a8d5c49ff,f963d22d197da3c981ed7e2fa3a5ce6b
93d6b0e9f1a0c89052e63caea85ee273,b713fba008fd920122cd33e23f9ac11f
93d6b0e9f1a0c89052e63caea85ee273,c6aa4eaa991e19fd16cf2d0c4d1ba304
93d6b0e9f1a0c89052e63caea85ee273,ce607380b620a5a0223f5ff6ae2d2609
93d6b0e9f1a0c89052e63caea85ee273,e59220d22a745e04ac4e3f4d11ca50ca
93e96d56c428e2fbfe4f72ad0068584b,953fe9b2ec1ddae8e3a1dbca9dd5272b
94424c23c74e21de52452bb366f744e0,b5bc6824f9ee7130512822e0f232b220
944c43c7c28ffe3ef78350d2565d4b07,fb7072e309c7090f3efd9ed957ef0c5f
94714989f61d1cc2837a57a6af1ce670,d91b980e5c1ff5ceeb8de222f8cceb1f
94714989f61d1cc2837a57a6af1ce670,e39a9816d6fcb3974848e1ba2606926b
947516be6dd68916a931511c7f5778ad,c86875105df81815fe55e30befe002b6
947516be6dd68916a931511c7f5778ad,d95ce2ca0481a5fcaf5eb5c43e356dee
9480dd7eaaa793e1d08a1bf75b0c71c6,e5f80bef644c90c460a41af3d3d06e15
949564eed8e6a34ff9eeb384987c7506,cf1ad48286c73490b7621d9672b4e596
94a8b70ddcd368dcedbff334d12c387e,fcc22697f0522465ee02e0636d3787bc
94b71a513e64a31ff6cf524d7a2555b2,9b5ecbb6a28fdbc17da5c4bc9ddc57f7
94b71a513e64a31ff6cf524d7a2555b2,a8932dd5727da6b2b75ab469cb4a4b03
94b71a513e64a31ff6cf524d7a2555b2,c2f0e47722fbb91c294da541b639c2dd
94e1a1b3b3263baaa22182bdd90db975,bcd9af99c59ad11ba41ec8e171d55e8c
95066bc28871b97783f31fa4d728a6d1,95066bc28871b97783f31fa4d728a6d1
95066bc28871b97783f31fa4d728a6d1,fda7af5662eb881598aca3cc349907c2
951f3d98555eae1df1b48d7bb8db7d81,f7e0ac04113b802d07c931a377e6b85f
952397ee29b612331868636e49dc5e97,fb40f04e7bb04d17951f4634d68ff6b1
9534c7d8569e726d7d2e10425ea9dbba,a878a4eeaec098783d0d5a30f33b35df
954ba28e4e343e35dbb10ebbe668c486,cf9c72b730e3c8d7deb7eb44620a7345
9560d8a459171a8250a6ca225ba39a9b,a75a31928c3ddcb5e2c3794f443eed1c
95d77ef16159201d0afb8a9d89446aba,9bbd5aae677735b6bff923df907775b5
95db4eb0709bdc7bec663c37bf4ce423,e431f1d7a490b57f7011f2d6e4f84040
95db4eb0709bdc7bec663c37bf4ce423,e4756e7056430b7a72c19c4c5a69b712
95dd59ea5705816db1bdeee2d51d98fc,ea77fb6b68efc293217f57f62e838ede
95f5ddfa8801664af22ba54a14c44197,b4d3c774a2d970586c6004c3352f99fd
965b27b8b26a3f208b2e4793f88745cd,ca44885aadf1e091d7089e957b1dfc69
97113299d79dea2f6c699d0ae1c772d3,dc3f77bff01ced0f9d00aa5650dffa81
9728c41a8109db5dcccb42d4dbcc1cd4,ab3a8671211ba800c56a7308d7355cfd
97f029a25190bed7b96d1f8a011bef2a,a909775f5b47fd85f03cc3d61b6f2db3
9811e471066065a54ceffaac26236113,dea6eb38fa4c6578c995b3830d90d2ee
982cdaf5c2c342b7f78c552dabf0bba6,cf1ad48286c73490b7621d9672b4e596
982cdaf5c2c342b7f78c552dabf0bba6,cf911d84e0fec676d49546df58259de7
98495aedbc469bcd6c21a18b26e6e648,aaff1222272c6fe113154c4a7e2e69a4
987b56c68d72b60a29029368f025fa26,f4499f180e6b8e4fbc2b46c1e4ee5567
98a0201c49f71065d17d2324c340c0b5,b984b5fa4aee1c345596c1f3d3507649
98c3806bf82cec6bd01cd2f501fef358,be562ef264fedcb27b5098894a280940
98cec158fcea4dbbcf9817d60123f1d9,cee3d5e17a24b9324e6fd20a1413a898
98f3b0736bdba56d4d1b2c0b29e55d89,bf4c671c2ab41f019f84bf6a1c4eaa81
9909113adb4379bc803173b20a428782,ae6f62ddd72c36c0c364b27d3bd7d125
99d278341c120005bf662839dfb04edb,ff2eb3b6ced8c70fc1478b7bad437351
9a6fe4cf8ee903e5872e5f33ac3c41e6,b3b36a4a92a507bb497dc29528d3201d
9a8e7086105dfccd98272cac5fbd9703,d1b699a1e0b30abc1cb7b053aed9a4b7
9a8e7086105dfccd98272cac5fbd9703,f996c677be42781d418373a537803ea6
9b5288dd6d7f56d00fc071f649f24ca8,a97d344b4e1509eb299c212632e02d4e
9b5ecbb6a28fdbc17da5c4bc9ddc57f7,a8932dd5727da6b2b75ab469cb4a4b03
9ba0fe17c6963afa874fc800f56d673b,b2a4b91166bb57a8a672eb87b6dc1f90
9bd53c43bfa2800c5bcf075c5fc57244,f4f021293a6b352ca75210fa1d1f7fb7
9c27a27f0028359ae626b9b01f2d87cf,f6b7ccb9e91c8284d33e2bb33d4ba5af
9cf1d6a8e968952f450e3395ca29e16d,b7eda78914e3c631088a5318b90923b4
9d1fc3c419b940e95fc50fae2a82e6b7,f3c16a057deaa5ae1a8b6211b781adc1
9d2eb4b2b878bd8a36befd2941f14783,a8c1d8a2a3bb37d30edc38bd0f015344
9d3bb70d6cff2a38d145e6b738534888,9d3bb70d6cff2a38d145e6b738534888
9d3e6e99abd81fee32485429ea70aa8e,c29a85dd73ab7a15cbd8e1aa371252b4
9d53f1b9133cfa91a092e344cfff1eb4,eb1cedd42f29896715362e2e5c1ac3d9
9db4d980023a35d2370c45394f15038a,f676f93d37e896a8883a247529935552
9e02faa1364ea33ae7d33a7092f8a180,cfd3ea0356b97580316a3a135162bc00
9e3958b0575537f6529414db474bd8d9,c64296d21a0bce762ccf2405e97f420c
9ec343cc11c8938c58796778328b5f57,e0d57fbf563d43d0fea91dce5965e8b0
9edf34227e386970f0ca58ced090bb7b,b0801dbaf8ef41737a593e664d67c379
9ef6b90bf382c3c6ee039e5505108947,c1f704de2a6f16b74c961952114e3e6f
9ef6b90bf382c3c6ee039e5505108947,ffb94249d7f35cf9c3a87dd510369cc3
9f414c3b1e920339c4d4157af3b5aca6,db79113269c182790ce9c11beba6622d
9f414c3b1e920339c4d4157af3b5aca6,f23bebbdcb3ead5144783d3bad1f6cf4
9f607b56b4b8b51cb3af4c78d4837875,c3a55b0f3e61b2291a62b28401e19260
9f780b5ae42d261a11cf8ea8e374ca97,9fc033c86036222bfbe7781ee8181b39
9f780b5ae42d261a11cf8ea8e374ca97,a061e30eaed46dac54dfd9ef89eca074
9f780b5ae42d261a11cf8ea8e374ca97,c2f8e48a867d35c74f6e1e87a66f4000
9f780b5ae42d261a11cf8ea8e374ca97,d47c0e46c8364960c2cb3de9bb37e3a6
9fc033c86036222bfbe7781ee8181b39,a061e30eaed46dac54dfd9ef89eca074
9fc033c86036222bfbe7781ee8181b39,c2f8e48a867d35c74f6e1e87a66f4000
9fc033c86036222bfbe7781ee8181b39,d47c0e46c8364960c2cb3de9bb37e3a6
9fd3c7df25a4e30e0625865d1c1536d1,e7228ec3567867ae842f44f74a9907a2
9fe92e4bea579f521cf0bbe4a1193671,f349454b68febdb808420b2d001a1921
a03556a9b02e1cf8040972a7a18a5094,be29706325e1daa06638f34bba1910e5
a03556a9b02e1cf8040972a7a18a5094,d36950c1b2c02b45eec77ff699349290
a03556a9b02e1cf8040972a7a18a5094,ed99571a42fc8617addd948262fab159
a0509edc05c27a899d64e67950472747,ab0a89b7862cf5d1fd8e0c1cee94ff1c
a061e30eaed46dac54dfd9ef89eca074,c2f8e48a867d35c74f6e1e87a66f4000
a061e30eaed46dac54dfd9ef89eca074,d47c0e46c8364960c2cb3de9bb37e3a6
a0c6101763f8883880b4228bad549522,a28fabec43b7e6a94e7e2402cc5b2838
a0c6101763f8883880b4228bad549522,b675ed8d30e37cf8b8d2a0dd2ebe2ee1
a0f08212454ed43dd5ab196e4699d607,e136c73d9dca8cb8f300d6722296f949
a0f0b5c4a9ebc7a23025ea4299ba9ea6,ffd1289559ee078a4b7c56927e48930e
a155277d64e176469ffc8ee76c7fcb33,d05f840ee7c18669595c34bbb023ed3c
a155277d64e176469ffc8ee76c7fcb33,dd54032a91a4a63498b6effa7c6bdf19
a160826610f128eb4f410f640be79e56,cba387cb102e4f8d3946358ffcc5835d
a160826610f128eb4f410f640be79e56,f7aacd6ca3aa561cb8955d8279f5f4b9
a18f9fd899ab9b1fc9a5b298b8bc2bca,f175ab8b7f1994e1f29dbf49256cf149
a1907ee3b7796c1ab0f31c037a9e166d,b280d9211c50ff5c02438d6784445cbd
a1937ecc5d35f7239b5a0c49457ec9a5,d56f5ee7fccdde8f8fd17998c35fad23
a1a99c37c836e259de135f531f2d5a3f,fb7a122a7fdd8267b728872b355a9f89
a27e4d0736fc5ead32e51fabeae22f44,a59c5114ce0ba8f3bdcb8e55983db04c
a27e4d0736fc5ead32e51fabeae22f44,ade4b64bc44dda65d8af5809d77bb1a3
a28b030543485438a3d331bfbe0cfd67,a361da498ddc1cc84f3bb5c03f722355
a28b030543485438a3d331bfbe0cfd67,fa59f45b3c95f4b3fd0027c0514b97b1
a28fabec43b7e6a94e7e2402cc5b2838,b280d9211c50ff5c02438d6784445cbd
a28fabec43b7e6a94e7e2402cc5b2838,b675ed8d30e37cf8b8d2a0dd2ebe2ee1
a2eb0cc2f2213429003c584267f4f78c,c9d3bb11b6802af566f14b86ed8e93c6
a35040741e3a62e62be8af1d8644b463,b14e424f64281065a17ae5cdc58b2652
a35040741e3a62e62be8af1d8644b463,d3e6743684453c31253ea42b6dc8a39a
a361da498ddc1cc84f3bb5c03f722355,fa59f45b3c95f4b3fd0027c0514b97b1
a374710ce0bc2b014e5eac2e1f2e280b,a9a24026fe016a48c2f9142b35bb89de
a374710ce0bc2b014e5eac2e1f2e280b,e520b091140415f139945e1037181ffb
a38aca1ee518bff0cbd1a546e4f0e07c,bb0228b2b42506bef921b82bda5662e7
a39ff7ff54d60adb51b7cdc952cd6a77,f0c2d183325c450a1960421ee4adb0fd
a437e4ae0acdd5ffef814980922bc835,f469611ff3e3e6f2b7c86a94b8ec362d
a45335c8447957a4e99a0834e00759b0,f6b7ccb9e91c8284d33e2bb33d4ba5af
a47fb1d30592a05df698950888092faf,b29812a8a408d03bcb06008dbc335847
a59c5114ce0ba8f3bdcb8e55983db04c,c853529608ae5b46ee339896985967db
a59ed8502db70dd34e503845f0698d64,e45d69f9e9effcdee7cd43f20b3b03bf
a60137052635832af5bdb5b803c11f23,fe27d145ba147e26834c54c919e57a05
a615c6ae891c34fa812d47472f712caa,bf93a84a44970104167f068acc6a5d49
a617ee3b02abd5c34bc66130d47b1eb3,afbcc9b994ee1a5d96741490481eb49d
a64dbf95db3efa9be201634f505ce49f,d5e9fc3adf91964a89a84a8bfde8d3a9
a64e335d06d430a2ba7b9eb8958d87ed,a7160f519d7b78bcb86b6fe7e47ff950
a653a9dc605f1194adaa1a3cc2598747,ac2883881b82b3618801dcba1cb23f1e
a6621e57c851ad9c56b48f600f5175d8,f212a882f08d438a418fb45b3fcb79fa
a66a69779de5ee096f91a8e95617630d,e05faac5cafeff4fe4a0d216e2adac28
a6894ae94dda0af46bedb1d350b43c9f,d837f6dff34f939a3fe1877619817f9a
a68a497a35b179547d29f85bf7d70abe,eb5397a8acd8430bfc89d43f97dc480b
a6af414468e4f2288d88f83f5902b51b,ea2ecbfef56151bebd4ef9cb5a893a88
a6d2ce0ff7447ff9207cf281485eb704,fb6ffcdd81da6e8086bd6e1b366a990b
a70d8d39df34b8494e5e060ff2e84d0f,c55291cc9c8919b46476129a9a066009
a7717c2d7f0a1c7a0a34c752f87cb848,ec67e816fa1cb54c7fad113a7b4d4b69
a7828f84216de079289de0d59fb12e1d,eb33e0cba8a5fd24fa5990db6c386582
a79b2083baec7774389617d755d4e8de,bc477c95f6de5c9c99c92b70589db22f
a79b2083baec7774389617d755d4e8de,c3073a044365388de46709e474dc785c
a80fdc615ccd1dea4b233a8fea48156e,ade4b64bc44dda65d8af5809d77bb1a3
a83bf07cc46a3e2afbc330872785d09c,d213bdc903a5acd54aa056ed564e9490
a8932dd5727da6b2b75ab469cb4a4b03,c2f0e47722fbb91c294da541b639c2dd
a897511005a91b06494f7353aa5be8cb,ac146db4fc36ca76c6d67fe81f11c44f
a897511005a91b06494f7353aa5be8cb,bf90d60e5f67185147f878537a5ea893
a897511005a91b06494f7353aa5be8cb,d4efff86ebb2d631615d729aed3ace96
a897511005a91b06494f7353aa5be8cb,d8a0fec825032a406513f949773dc0d3
a8a563249b86dbfc336177c335003346,cc69c46e442c514fa0e383b388388b71
a926830726bdb27da0f7dadbc67fbfd1,eb33e0cba8a5fd24fa5990db6c386582
a94109a578d532f864f045028061a438,d3764274d278d4729aa3b5d694f8e0a4
a9702bcb3e66da96aaee5621a51b2ee7,d4d2e8dbfe8ab73957d82bdcf2ce90ff
a97a6e4f65d00a16eb02c419be3c2c29,c551359425a734ca05b7b4c56c169f67
a9acb5de4b5d6f43ef684452c754c49f,cc6a50f1e63e20d59829a67744c1dffb
a9acb5de4b5d6f43ef684452c754c49f,ed908be471909993c44bf5b4099587c3
a9f8a6ae7d0ca78a694f1af3ad1a0373,ec9ae380cf2225d3f369f164823b1536
aaae7a7f70066143d50e9c6a4a4a9cfd,ad999ee7df648e78a172cd108c9b6b8b
aaae7a7f70066143d50e9c6a4a4a9cfd,deced0987baaf024bf721895125c72c2
aaae7a7f70066143d50e9c6a4a4a9cfd,f62a7583d3feddd4a43e616f74cf29c5
aaae7a7f70066143d50e9c6a4a4a9cfd,fe0bac08f92aef9b78691fc7780dbedd
aafc32cbee0b60ccc090fc1f7bab9f78,f834023e7ccc3753364fc5332bf7434e
ab91f7c0d1ef07014bfd401ededfe594,c09fe336cc4c1226ee40d2d5ce32397f
ab91f7c0d1ef07014bfd401ededfe594,f2f3cd0617fb3f8659d1c9230681f48f
ac146db4fc36ca76c6d67fe81f11c44f,bf90d60e5f67185147f878537a5ea893
ac146db4fc36ca76c6d67fe81f11c44f,d4efff86ebb2d631615d729aed3ace96
ac146db4fc36ca76c6d67fe81f11c44f,d8a0fec825032a406513f949773dc0d3
ac5fd23f9bb262ba103c370040e22399,dcd5cd64c4a9f5e7e925aa3a74d18d81
ac761a925bf0d467c0c43e383dc935ee,b096405376b84c6ad0968f0a3472e518
acc0979010121210f70234b73d14e134,dc3043df9cbcbd44dfa6eb16259b6a6d
ad421c7329feb8b8029e17b94c4a5721,eb1cedd42f29896715362e2e5c1ac3d9
ad7edbfff1ae74fe6f420a793cf90831,c976477a494693a9f63207bb19ce4ebf
ad7edbfff1ae74fe6f420a793cf90831,d31c05b5fbae2cafd0f01c0dd038a88f
ad7edbfff1ae74fe6f420a793cf90831,e13b8ed2ed35bad96f9a5885d3eef99a
ad909c1a7e37e49c1b6119137388d30d,ad909c1a7e37e49c1b6119137388d30d
ad999ee7df648e78a172cd108c9b6b8b,be0718b8be64533d732274d0ee2f21ba
ad999ee7df648e78a172cd108c9b6b8b,deced0987baaf024bf721895125c72c2
ad999ee7df648e78a172cd108c9b6b8b,f62a7583d3feddd4a43e616f74cf29c5
ad999ee7df648e78a172cd108c9b6b8b,fe0bac08f92aef9b78691fc7780dbedd
ade4b64bc44dda65d8af5809d77bb1a3,c853529608ae5b46ee339896985967db
ae00a603a3600330ea34cfe1dba017b9,ffce20a19f943e796ae85fee45019c1a
ae4f6e67175904f5e7ee6fe09c6ff341,d65da23b93876d8f6b3c9660d3972586
aeb7685103e1f9227614892aa3097665,e2b8b00b056cadb9bb802ef74adfbff4
aebdae5de44ecbbf4c6b918a067faea7,b3cd769ab41d73b881f827466a2c765d
aebdae5de44ecbbf4c6b918a067faea7,b9c5156e3586d6d36af52983e5da5a78
aebdae5de44ecbbf4c6b918a067faea7,ca21f525cc951d4c8880948bfa020af6
af42b9d78ac39d1f2dc1066c72ce1ea9,b0a067e902cd4356168fc7fa4f75ba10
af685954839f70fa8d19e69fa0a0ec5f,dad51bce713d5aa882b1be0e344a21c4
af9012d0e382f86efa1c351178aaf1bf,b7bc1e397555df3beabaee014fae0afb
af9272414b76a5108f8dfcc3a7da6d9b,d4a81823da65aeba6e0fecc0cfc2f526
af9272414b76a5108f8dfcc3a7da6d9b,df8b51e42539035e15f7aa5a815bfb7e
afcc9541aba03f40967d9bb1bee8c5c0,f4178c56bdcae74b89bb91c4a5254fa7
afe83e3836dcbce50181b036803b192d,e4fed46501bfaee822fdeea5753f6e00
b096405376b84c6ad0968f0a3472e518,b56b07d5b570fe453ede0218f9091111
b096405376b84c6ad0968f0a3472e518,bdd906f646febda87708f9c138220540
b096405376b84c6ad0968f0a3472e518,c1bfad530869ef53911cdaa94ed91638
b0a067e902cd4356168fc7fa4f75ba10,d039f768dd43b73a571268ab9d49f649
b131f1835bcf6994ed1a9d4ff93ba542,bf4938135cc8378c9e9c3e61a37f052c
b14e424f64281065a17ae5cdc58b2652,d3e6743684453c31253ea42b6dc8a39a
b15ec654386495ac3742dee8ea7489e5,dfc84ea46a8650dc8b079dceea4b3b3d
b216522bb507e4e951d06e55c1a48ed2,b5e780ec727fe71d1ed7c676b731646d
b240b09e77fc2121de8bad5ec94709e7,ede7421514b48f424a358d946bc61cfa
b2703f57cc02292bd3e732c4d86cf10e,ba93b1f54fe44b86243137d828c0f9a3
b2703f57cc02292bd3e732c4d86cf10e,d3e1355a98b49a54cc07cbe7acfa5f01
b2afc0286dd6a5ba9db0b1cc30092342,c7d0dae622e18a8f0422a74fe154495a
b3000c85d046d50641e11a0c84935e81,b32435c39c8cc17dc4d0e57ecd8985e6
b32435c39c8cc17dc4d0e57ecd8985e6,b374ab7f70160f2d5b154f8794e5a703
b32435c39c8cc17dc4d0e57ecd8985e6,d3c56511739933153b4616b08586655f
b32fce66e91a3d2677ec5618625817c4,bf9bf6145a3518aef55e9eb786922820
b3aa4e4b95cb931f9dc42e0e65fc5135,da73b4dcb480dae0fe55f1f3fee670f3
b3cd769ab41d73b881f827466a2c765d,b9c5156e3586d6d36af52983e5da5a78
b3cd769ab41d73b881f827466a2c765d,ca21f525cc951d4c8880948bfa020af6
b3f1b08e9ef741aeb85383b46f637987,f5de4cbbe7f3b379beb4945a75b25c3c
b45d9faa2515b8214eb5c64f1dc06dee,e05be60f84a348427adccdf04e9c9212
b45d9faa2515b8214eb5c64f1dc06dee,f4858b031f1acadec2747219c7540170
b467f5c2b942c2338bcb2169b2057b24,daf9b579eab6d24a27208ef4e2185764
b467f5c2b942c2338bcb2169b2057b24,de8a9922fbf7bdbd0714bab197b5da61
b46bfb500c6542ccca62a10de1923563,b905fe961510b19e5fbb35e381379316
b4b25bccd06e961625fc5ca0e66fc5b5,bd99d242de89f70d95e6f865fbacfff2
b4b25bccd06e961625fc5ca0e66fc5b5,f43737144a1ad9cd6391d08f3b91d873
b4b797e8300fa344fa20dd28f788d7ba,fe11e940004816a538056f535d6563ae
b4ec90aae2bfd5ad5b63e926d57a44d9,ee77a280d0e3340bca7c4ad234a3dc51
b519824b114fc965e345b4f0f7a274ca,e1dceddce77a7f9d8a728cc278ac9f17
b56b07d5b570fe453ede0218f9091111,e520b091140415f139945e1037181ffb
b5b89cd31860c5f346fda4feba7a092e,db2cae82ac36066a7f76e5281042b69d
b5e2e372bf7bec6066d8c07839ba836c,dccae463de53e77bfb3322a6bbb51da0
b5e2e372bf7bec6066d8c07839ba836c,e605a4282118806466e0980fe6e409d9
b5e2e372bf7bec6066d8c07839ba836c,e79a26779cb2af035a2de65d98c8a8c3
b609c86cc1cd17baabfcad1169aa3a9d,e67267312262e00baae294ac5e7c71ef
b675ed8d30e37cf8b8d2a0dd2ebe2ee1,ed76488536974cb0f9ed4038857dcc40
b6810989df47ebbc496dcc5380dc3061,de27161f517cd69bc3d0a62852837a7a
b713fba008fd920122cd33e23f9ac11f,c6aa4eaa991e19fd16cf2d0c4d1ba304
b713fba008fd920122cd33e23f9ac11f,ce607380b620a5a0223f5ff6ae2d2609
b713fba008fd920122cd33e23f9ac11f,d768a8e09bcc94d291061cadab0f58ec
b713fba008fd920122cd33e23f9ac11f,e59220d22a745e04ac4e3f4d11ca50ca
b7322fc803e93b38b6efdd93a2257a87,eb33e0cba8a5fd24fa5990db6c386582
b79fe7697c122b6f0cde0c15891a0702,da20de1746fea2be1167459879db28f5
b79fe7697c122b6f0cde0c15891a0702,f2f7912017b8fa58864ff8ff7b4e1083
b7eda78914e3c631088a5318b90923b4,c717d8875913cea85b4b426b091a9634
b7eda78914e3c631088a5318b90923b4,e4a46302cbc8f4a355a16e1f531abc62
b816cf253618152849306d71b8dd2e3a,eb33e0cba8a5fd24fa5990db6c386582
b841ee0b42e91d3ea42a54d53f458501,e66170001eb014f751e792c1db18bf1c
b8acca709f2d1c572b6f63930f054e0a,de7ed1dc57d6b5e45f394b6284a4028f
b8acca709f2d1c572b6f63930f054e0a,f49ae446823d6f28913962c4353f84ce
b936948fad56a759145717bdf7b35ef6,db6c656eadf7c55cdbfe924b937422df
b9c1c7e3730c270856a14b7adefe3e1f,de6ea441059e958018a6d1aaeaeb4d9f
b9c5156e3586d6d36af52983e5da5a78,ca21f525cc951d4c8880948bfa020af6
b9c5156e3586d6d36af52983e5da5a78,e0d337ea5f839bf2f6b467d85bd535d8
b9c5156e3586d6d36af52983e5da5a78,fccb548b077af16b453a1e6c28e1400d
b9cfcbca417c2c3844f6d1444d722d39,d3c56511739933153b4616b08586655f
b9fa93d40701e893b4670f77cdd4e0d7,ba93b1f54fe44b86243137d828c0f9a3
b9fa93d40701e893b4670f77cdd4e0d7,c53b15a5e526b75366ef370eb14077b8
b9fa93d40701e893b4670f77cdd4e0d7,d3e1355a98b49a54cc07cbe7acfa5f01
ba3f49ff4c7db770d832ca5616c8812e,ff367f32cdc196cec295b2c2a0738f5b
ba93b1f54fe44b86243137d828c0f9a3,c53b15a5e526b75366ef370eb14077b8
ba93b1f54fe44b86243137d828c0f9a3,dfc522bfe4b7520c68514ec54bf13beb
ba93b1f54fe44b86243137d828c0f9a3,e142cb54b380f817cda4601ba94ddd4f
ba93b1f54fe44b86243137d828c0f9a3,f194544ba2911f3782e8b6e865d895aa
ba93b1f54fe44b86243137d828c0f9a3,f4499f180e6b8e4fbc2b46c1e4ee5567
bb0228b2b42506bef921b82bda5662e7,c510256e9671804fe641f7628ee925d0
bb0228b2b42506bef921b82bda5662e7,c7367f62152acb64962242f58a8aaa6b
bb0228b2b42506bef921b82bda5662e7,c780ab1dc891384bb510e9a729389c3b
bb10b397048263b69c443ea763703640,d6944f1089ef4bb0a7bb2d221f0108cb
bbbae082eb45f67825a9da9e8003a2b6,c64296d21a0bce762ccf2405e97f420c
bbc1f5e8404fb2c25eb95dbd2ac0b60a,bf998baa2f5cfbba65011086f0b417a4
bc10c2afddee245798fd523cb3258e15,bdfcf7091e593cdc213fcdf1dbfb0965
bc1e71d6d0e4e1370577a17bfd33e3de,e9f91df2c2dccafce090d9c057c0ee15
bc477c95f6de5c9c99c92b70589db22f,c3073a044365388de46709e474dc785c
bc8bb2ea1ad08e71e8221397bf27d469,eb33e0cba8a5fd24fa5990db6c386582
bd197d3d9a17a6ad970eaf41679a0a42,d85dae2786c2f0218c313908c21ad935
bd517908f72ccb1deec295bd70b84898,c57fd4711b2a4b4afce8dc744bb7a4e3
bd666cb26ae417d7c92c2824d6b504d6,fc685c9d0b47cddbd90a0b0a240cd55b
bdac279c7c30dcc6277b6720825a5854,dffda014507eb853cbebe4a8311b2754
bdd906f646febda87708f9c138220540,e14556235dfad5570e44bb1db0b7d956
bdfcf7091e593cdc213fcdf1dbfb0965,c191518917d0462eb933724ed35ad102
be0718b8be64533d732274d0ee2f21ba,fe0bac08f92aef9b78691fc7780dbedd
be2025b6d56f8b591de93d71ce04ae94,e59e679cceac78e71c315e7fc23ad84f
be29706325e1daa06638f34bba1910e5,d36950c1b2c02b45eec77ff699349290
be29706325e1daa06638f34bba1910e5,ed99571a42fc8617addd948262fab159
be39d1eafba56d4b81d5169d80d6f760,e66170001eb014f751e792c1db18bf1c
be870da39418ec1be4e8e382e7b484cc,c3316ca21de610268a9f5677b8b6eaa4
bf4938135cc8378c9e9c3e61a37f052c,f6b7ccb9e91c8284d33e2bb33d4ba5af
bf7414ce2b3c64039d6e2e736e7755b2,ea9bb77dbe235e0d176acd2dfc9fef1f
bf90d60e5f67185147f878537a5ea893,d4efff86ebb2d631615d729aed3ace96
bf90d60e5f67185147f878537a5ea893,d8a0fec825032a406513f949773dc0d3
bf93a84a44970104167f068acc6a5d49,c2fe8fb09664adfbf5b7d88d17137203
bfb538cdc4ddb45a9b52947981564490,fdc02db13c34fcb9a0d6c4672a4112c4
c009f86a8e56a068dc764790d4729df8,d57ec7de7d3edf07626bcc13a1ee327c
c092ed362ba6ad8e7d5cbc0530b659cb,d3d70a4a0415a08484b333adb64f2fa1
c09fe336cc4c1226ee40d2d5ce32397f,c113e6fec17a8ef19420ab422093cd47
c09fe336cc4c1226ee40d2d5ce32397f,c57c9508789f5b7b467def43858971df
c0e32862501d8ac0e1c8458a60639480,f9413a111bc23a1c5a6c389914e6a542
c113e6fec17a8ef19420ab422093cd47,fd4bb3f19ab9b5a4d551452e15df9f6e
c123805937649376973d46ade51f6fb1,f1dc532c22b1ad62f23cfce477e4d3f0
c1f704de2a6f16b74c961952114e3e6f,ffb94249d7f35cf9c3a87dd510369cc3
c2f8e48a867d35c74f6e1e87a66f4000,d47c0e46c8364960c2cb3de9bb37e3a6
c3316ca21de610268a9f5677b8b6eaa4,d71382dad57787393ffdb0f10e346670
c3316ca21de610268a9f5677b8b6eaa4,e8019c1a94c06639ecb7275705e75685
c3316ca21de610268a9f5677b8b6eaa4,f05915300311b4aadbea3fdcbaed7af2
c33e4bbbe548d5ce56a610c3e100b060,fcfd9ebacdeb833473792b4fb4ef5aa8
c39849ee2e96bf9cf17969b3e8d9ce70,c8425ce4a1ab0e040fc5200bf0f3cb43
c3a3c61604892d48080354c32a4fd286,f8b941aa1a07fec0f37d4cc0ca59ab41
c475045e331ba97f9b4c9fab1d5d6e76,e62683a8a130f1b7b58937ea798e7eb4
c475045e331ba97f9b4c9fab1d5d6e76,f963d22d197da3c981ed7e2fa3a5ce6b
c511a6660d9b0bbe29764573e5974a8c,ede0e2a95d6378196ea3d198bd2f97c1
c52811b8e623e350e23a8fa9a093fba3,cd66c23fb121143511cde722f7d06572
c529a407927c986e9655f8e78e0c1954,c86bc9ff8e21410097cf4b2bdec0473c
c529a407927c986e9655f8e78e0c1954,f382b2177003a0a3df4847099f942570
c53a88edc3c67661ca899cddfd4a79ea,c8184b1985105c34f525034c7ba71161
c53b15a5e526b75366ef370eb14077b8,d3e1355a98b49a54cc07cbe7acfa5f01
c54eabaff06e3840e2cc848bdd655d28,e3f5145e172e615e72b6e64747c42e06
c57e28988cccbcdccbe04ff1811d8ea5,e858b676bc892d036d810698de0b3d8e
c5828c5b7cb570cf6e4b8ca3e601372f,d40d8ae885d7f47026db363fc334346a
c618f535e5117b08ab12e24553e5cd82,eae5c85f431e89ff18a1dedebee6c324
c618f535e5117b08ab12e24553e5cd82,fe11e940004816a538056f535d6563ae
c64296d21a0bce762ccf2405e97f420c,ccb358f37eba25e017aafc165856924a
c680083b845c6bc24cf02ac8a98d1b57,d05a6ed07c0893e200b00be5231f580d
c680083b845c6bc24cf02ac8a98d1b57,fc685c9d0b47cddbd90a0b0a240cd55b
c6838c1dbddbe088f2d3f6979e4591d0,e520b091140415f139945e1037181ffb
c6aa4eaa991e19fd16cf2d0c4d1ba304,e59220d22a745e04ac4e3f4d11ca50ca
c73e971813a41c2f83c15d1ba8711f0b,dbd67880c1ad612bb566c0b096202867
c7757a20c127597dfaf0935d85c858ac,fef53999ac332a7ec2f4a74cddc9dceb
c7a5673a1a84ef6795a1170ec4da73dd,e1dceddce77a7f9d8a728cc278ac9f17
c853529608ae5b46ee339896985967db,fe9d0334234177d0db0ef92a13a0a594
c86bc9ff8e21410097cf4b2bdec0473c,f382b2177003a0a3df4847099f942570
cb4c5a1e508d22833c65703a822e1949,cf1ad48286c73490b7621d9672b4e596
cb58c4c1620a2a7a8329775822e8f635,fd4bb3f19ab9b5a4d551452e15df9f6e
cb6ab4a4f568e4dd43ca1f9fa8896f30,fe14b4d60b2303a6932fa0576f90dcdc
cb8ce96c2471ad2fe47208c1066bff41,cf0f87a3dd5625aac2da5cefd2c805f2
cc0979e165a60d3c0cf404a9f796cf2b,d2185edfc533a31cacdf546fae2f66eb
cc4f5507da99cad18bc3556c7fb631b8,f7f45cd8acac96299b0fc7bedd638d57
cc69c46e442c514fa0e383b388388b71,d03217bdda681b9e276f18b074eb7023
cc6a50f1e63e20d59829a67744c1dffb,ed908be471909993c44bf5b4099587c3
ccbda91141f14831e77bd5a5e6bc2929,d626db71129ff2d099889b61736520c8
ccc0c92dfb2d3fe6ea4cecaac296d67e,de2818a8f6a5b7fde720fb58be4a4d3c
cccccbd092c4eec42c93d38d510534a5,d0bd3106b1f37ab9ac0d6e5c86699ddf
cd3882bb631167c7793eed27586802fb,e32bb53d13b083912e894f00e516381f
ce607380b620a5a0223f5ff6ae2d2609,d768a8e09bcc94d291061cadab0f58ec
ce607380b620a5a0223f5ff6ae2d2609,e59220d22a745e04ac4e3f4d11ca50ca
cef4f659af2ff19515fe4207db8a5125,e79a26779cb2af035a2de65d98c8a8c3
cf1ad48286c73490b7621d9672b4e596,cf911d84e0fec676d49546df58259de7
cf1ad48286c73490b7621d9672b4e596,d05f840ee7c18669595c34bbb023ed3c
cf1ad48286c73490b7621d9672b4e596,dd54032a91a4a63498b6effa7c6bdf19
cf911d84e0fec676d49546df58259de7,d05f840ee7c18669595c34bbb023ed3c
cf911d84e0fec676d49546df58259de7,dd54032a91a4a63498b6effa7c6bdf19
d02f38acaab04a7545cc325ea9e44538,fda0eac8a2289d6f0aad0ea45c142a0a
d039f768dd43b73a571268ab9d49f649,d3d70a4a0415a08484b333adb64f2fa1
d039f768dd43b73a571268ab9d49f649,e941c4e962576b7b8cb0dd3776604bdf
d05a6ed07c0893e200b00be5231f580d,fc685c9d0b47cddbd90a0b0a240cd55b
d05f840ee7c18669595c34bbb023ed3c,dd54032a91a4a63498b6effa7c6bdf19
d16b699cad191c561ed9ff3a44b02bd0,e3e28b8d935f9ac58631cd03b6b2423d
d190c078de6af53b3db08349f60fc354,dec52107d1a59febeb39759cb50f1e60
d1aaa6d9fa9c1a69c4d2c2747f09343b,ebafde4ed4c1e8b0a828c1caa38424de
d1b699a1e0b30abc1cb7b053aed9a4b7,f996c677be42781d418373a537803ea6
d31143b37bee37b8b87c37061d0489a0,eb90b59ba7dde9376a610de7690e3ec4
d356e51222f41bb67a9814eed3a7093c,f3de827457426f2c8b3442c5141a131c
d36950c1b2c02b45eec77ff699349290,ed99571a42fc8617addd948262fab159
d4b19cb0dbbc091a479f1411b712524b,fa929b1357bb05fdc379b411169110c9
d4efff86ebb2d631615d729aed3ace96,d8a0fec825032a406513f949773dc0d3
d5710f938443c67f64fe8c804a905c95,f9a5531757626d921868f49268e81272
d6208d06d73f4b8b7d9193227c04067f,f92275c923d023b21d4c171b361dc325
d6c00304fd86fd1b1cf90e53744871be,e59c5494db3e7ab9f11bef417c3c64ac
d71382dad57787393ffdb0f10e346670,e8019c1a94c06639ecb7275705e75685
d755f33f9748557edacae12f44f165e6,e8d62c15859be0a39c1b9a2c93e014e7
d75b2ad3642c276d09a77b4b0706df39,fe7696b4ebab10eddcf81f4e52d86374
d7612f0659e2c3694c6969b44661365f,e8dbe1b77d9e3bd10ba99ef11b17d737
d7fdf872654e33dd3b85155fe8a17ab7,fa6c6054127abfbc2c89dcd3ce444c11
d8693cd9c4d46cd639f295a35b85919c,de5372a8c0c92a7fc8d1e5241f67602b
d8693cd9c4d46cd639f295a35b85919c,ebfe1324b54a1fbf4db48f61e131e818
d91b980e5c1ff5ceeb8de222f8cceb1f,e39a9816d6fcb3974848e1ba2606926b
d9293ddf1d245b44ba3df0d99740e15d,ed76488536974cb0f9ed4038857dcc40
d9733588b456ba807b7661fb86512efb,f2eca2ead68f9c726dfd3dd60667f72a
da13cf77c1a35262322f8b74861bfd9d,f0f6bfa8f56bf8b25dc67ee8df1b106c
da20de1746fea2be1167459879db28f5,f2f7912017b8fa58864ff8ff7b4e1083
da371589b228299c9ce18e738def2eb5,eacd666cbc8011bcb91037d544be955f
daf9b579eab6d24a27208ef4e2185764,de8a9922fbf7bdbd0714bab197b5da61
db79113269c182790ce9c11beba6622d,f23bebbdcb3ead5144783d3bad1f6cf4
dbb7bc2b3f25b8f1e4c0ad37b6d31ae4,f39a8cc781561e31af289dcd85516191
dc36a21b7ae0b589adb97c80088cd25f,e1834e9bf79e4646bb21ae65f1a86956
dc3f77bff01ced0f9d00aa5650dffa81,ef9e0c5631efc4a67957064b59941f36
dc60c82f3845d7e2204e732a8d530629,fe56e48d1143f9afe2334ba5c10ec147
dc61d2e7b4d7f8860f29f47d28f32f7a,e51010ff09b93d224adbb1a01e8e1aea
dccae463de53e77bfb3322a6bbb51da0,e605a4282118806466e0980fe6e409d9
dccae463de53e77bfb3322a6bbb51da0,e79a26779cb2af035a2de65d98c8a8c3
dd7faafcdc1e10e01f1f634ec071eedb,f1a7fb647e34fe40284b8ca5b0ed516e
de5372a8c0c92a7fc8d1e5241f67602b,e693f5a355fd553cf687cafbc89a553b
de7ed1dc57d6b5e45f394b6284a4028f,f49ae446823d6f28913962c4353f84ce
deced0987baaf024bf721895125c72c2,f62a7583d3feddd4a43e616f74cf29c5
deced0987baaf024bf721895125c72c2,fe0bac08f92aef9b78691fc7780dbedd
df49db8f2852dea6b0b23ea5f005df79,fda0eac8a2289d6f0aad0ea45c142a0a
dfc522bfe4b7520c68514ec54bf13beb,f4499f180e6b8e4fbc2b46c1e4ee5567
dfd2ae123f75372f22849ddd7f31c1cd,eb33e0cba8a5fd24fa5990db6c386582
e00af48cfb798a5dc76e4766a70e2e63,ec148a35355fa858f1d34395a987dd02
e017a9001bc606ddc393e8be1febc810,e1d52eb12375623ad86ffcbf39fa7a6d
e05be60f84a348427adccdf04e9c9212,f4858b031f1acadec2747219c7540170
e0bef1fb914b2359eef200aa5fee9d4a,f6b4cceb3912acaaccdbe9e42db27376
e142cb54b380f817cda4601ba94ddd4f,e740e109fd1fcbbdaf5da986bfd0b3fb
e142cb54b380f817cda4601ba94ddd4f,f194544ba2911f3782e8b6e865d895aa
e1d52eb12375623ad86ffcbf39fa7a6d,e72618fc468b4a86b1df08a653e885f4
e1d52eb12375623ad86ffcbf39fa7a6d,f5a7b89db1c6f0bdc6111a8d2a1a1224
e1d52eb12375623ad86ffcbf39fa7a6d,fd7a0ab5ecb9aee9ef9d6b05e4950632
e256e06b0461126b00bde33800a88e2e,e9244747902fbd6a17b9d4ac5c2032ea
e2d3f9f24ba2338c5409833c04bfa572,e70e40346ff9f1105c1608e1317ed44c
e32bb53d13b083912e894f00e516381f,ecadea4f4cac6c65cd342909a0e11c2c
e32bb53d13b083912e894f00e516381f,ef2cd2253fc93615411894128e73e68d
e47ea47745d3717cc9576e5d327da2cf,ebfbc92fe066db6e26fa4b7f3ce1a6fa
e520b091140415f139945e1037181ffb,fd4bb3f19ab9b5a4d551452e15df9f6e
e605a4282118806466e0980fe6e409d9,e79a26779cb2af035a2de65d98c8a8c3
e62683a8a130f1b7b58937ea798e7eb4,f963d22d197da3c981ed7e2fa3a5ce6b
e658eafed74175cb04a089ad2785721c,e740673497ac11887d8e820d2853f7b9
e66170001eb014f751e792c1db18bf1c,f87ebd8b7f6c3b4695cda2e1a9314cec
e693f5a355fd553cf687cafbc89a553b,ea13bd05b816f82c7752fd531f310eac
e693f5a355fd553cf687cafbc89a553b,ebfe1324b54a1fbf4db48f61e131e818
e6d6ced41e39449fcd52a452feb359c4,fc4d609ef90d7253e72a5b0f1b744b20
e72618fc468b4a86b1df08a653e885f4,fd7a0ab5ecb9aee9ef9d6b05e4950632
e903ce0e0a7ec9f5f06d1e68b990aff3,f80830032f73d853924bbf6ccb4ae7ad
e9dbe3d5bc38b9b0f4c24a5f3133981e,ff94c5f4719e5985dcbca75f99300f38
eb33e0cba8a5fd24fa5990db6c386582,f95b11249a9b22022972ec4b1a4d58ce
eda70271eef5307a30c2d0c9410507e5,fbd47ff16228e624b288102a86fdcf4e
ee8956934ad6ee1f55715018856a4c99,f6b4cceb3912acaaccdbe9e42db27376
efe7183b6a01fca8afd53ecb443f31ae,fe68176b00bb7e367b0033d0c5083dfd
f0eb4a5920f705fd92395dade4b22be5,fffd459bcfe0e0726048128c5e7a57d9
f194544ba2911f3782e8b6e865d895aa,f4499f180e6b8e4fbc2b46c1e4ee5567
f428132470c5c46273ed932b68692605,f9136d090a668aea3b5bb69aba9f0150
f62a7583d3feddd4a43e616f74cf29c5,fe0bac08f92aef9b78691fc7780dbedd
fc33a8278cec03798f010714d53a7434,fe13f9cd895d5df41073cf48d2ebf4a9
