method_a,method_b,change_category,method_a_change_type,method_b_change_type,method_a_similarity,method_b_similarity
000bd2e9027bbf1d8620582b39537287,52c4e117ca701c5b8f760c22ac424f1d,pair_formed_naturally,exact,exact,1.0,1.0
000cd2f8456cfcaae67a9c98faba9e60,78ee8858d2d9ac9a682a8cd96b7a9f14,method_a_added,added,exact,,1.0
000cd2f8456cfcaae67a9c98faba9e60,b12d1e8ebbecb654477d41ed517689bf,method_a_added,added,token_hash,,1.0
000cd2f8456cfcaae67a9c98faba9e60,e9348b5fca4a9da5088863174058c01b,both_added,added,added,,
000d8311d721c7dc4b180aabc5ed5385,6326351c2faefbf3895126069a8130cf,pair_formed_naturally,unknown,exact,,1.0
000d8311d721c7dc4b180aabc5ed5385,66d058863603b4f8c4d86cb60a347b1d,pair_formed_naturally,unknown,unknown,,
000d8311d721c7dc4b180aabc5ed5385,88280f7ebd40ae0520899c2d22c017b1,method_b_added,unknown,added,,
000d8311d721c7dc4b180aabc5ed5385,9dd1d8260a612b929e1c29114686a7a8,pair_formed_naturally,unknown,exact,,1.0
00202142a97f78cfe5a0043d0bdf6d3b,df55255acde853c7182998c777e8396b,pair_formed_naturally,exact,exact,1.0,1.0
002bc73c2ac9f581489d5cff521fa4c4,9427a8572907860ef9c9d5e4401b8989,both_added,added,added,,
002bc73c2ac9f581489d5cff521fa4c4,a27127e026068d4fd4de2e5725f87e5b,both_added,added,added,,
002bc73c2ac9f581489d5cff521fa4c4,c4434b4172ea93bc0adc18d43c10cd37,both_added,added,added,,
00516d420473889ab1557f18700139b1,2d4a233de9b794ea875410b5935458fb,pair_formed_by_refactoring,signature_changed,signature_changed,0.73,0.83
00516d420473889ab1557f18700139b1,601908e1a9fa123b866ec852447b7b42,pair_formed_by_refactoring,signature_changed,refactored,0.73,0.76
00516d420473889ab1557f18700139b1,c8f0d646f1c7419ccfc64b498380dd19,pair_formed_by_refactoring,signature_changed,signature_changed,0.73,0.86
006a7d0bd315fee28c70f20cc8fb8d0b,095cd87c7f83282d341fddd562ec5219,both_added,added,added,,
006a7d0bd315fee28c70f20cc8fb8d0b,0ca708a2b6e9314e3b748e6e303225f9,both_added,added,added,,
0098bc49101f91d6c45fb3297ebd5016,5a43c83c4ee58327340a192d192e0da2,pair_formed_naturally,exact,exact,1.0,1.0
009c93ac68acf687057b241aa0a432c4,48e9eeda74174c655b82cb838e170628,pair_formed_naturally,exact,exact,1.0,1.0
00c696b8c83b3d5bc50c96209483b646,7a10ac3d0d04ec6a9f65c55188ed5f50,pair_formed_by_refactoring,moved,moved,0.98,0.98
00ecc177d49dd50aa587d9b70931edd3,c3181302b3b69a87f166c4bda7e672b7,pair_formed_naturally,exact,exact,1.0,1.0
00ecc177d49dd50aa587d9b70931edd3,f7aeed1289fb1600531b5babd6201b6f,pair_formed_naturally,exact,exact,1.0,1.0
00fa0252ae52cf2ffe31e7348812afee,db375fb8283904ca6e86ee136370bee1,pair_formed_by_refactoring,signature_changed,signature_changed,0.93,0.94
00fb8e52e5b0a62bd151874989421378,631eda01d48a8da5033902b78bc18cd7,both_added,added,added,,
00fb8e52e5b0a62bd151874989421378,f492db2be2b777f72f168aaa34edce6e,both_added,added,added,,
01077c0e382e36333824e6055a7f3809,07b7c4f5b81c9a160321ce7beae9b362,pair_formed_naturally,exact,exact,1.0,1.0
011c3adf691643bfbd5ab3e09f53bee2,7d33f33700d50344489fff1011fcb9ec,method_b_added,refactored,added,0.86,
012296fb0ebcb5f98818bb85859a6fa2,2ead1b834edc157f9f27cd0ef08b5e0a,pair_formed_naturally,exact,exact,1.0,1.0
012296fb0ebcb5f98818bb85859a6fa2,a31b9bee0a3502bd1243fcaaf29d809f,pair_formed_naturally,exact,exact,1.0,1.0
012296fb0ebcb5f98818bb85859a6fa2,d3072a78edbfc2acaf609a62fa61d44d,pair_formed_naturally,exact,exact,1.0,1.0
012296fb0ebcb5f98818bb85859a6fa2,e19957a3e2371e9457d6615282f1ee50,pair_formed_naturally,exact,exact,1.0,1.0
0125b3f3cbebfc3c50b2e5016056cb18,fded01a4284ef8968f8258b4647a4e93,pair_formed_naturally,exact,exact,1.0,1.0
0144fea48fa23ca4916ddb0a511d1d98,3fd4b9987eb74713086326511c26e039,both_added,added,added,,
014af9f2aaf3e1b391abd5a16a37c224,324a009d5c2e69930b6a766b65d935aa,pair_formed_naturally,exact,exact,1.0,1.0
014af9f2aaf3e1b391abd5a16a37c224,f8a011746c2b3786425dd3b23afed62d,pair_formed_naturally,exact,exact,1.0,1.0
014bf9341199ec5577bf431c932c6c6f,226070d611ffc614e16cfcee3150dc90,pair_formed_naturally,exact,exact,1.0,1.0
0152fed80b5178f0656ce0c51ca34464,53c266ec4d09dc440dacd9c0b8a4b434,pair_formed_by_refactoring,signature_changed,signature_changed,0.92,0.94
0152fed80b5178f0656ce0c51ca34464,6dfd4d5d2fccf93f77c00975e6a3a4d7,method_b_added,signature_changed,added,0.92,
0177e7002ec6816860a9ad4f725010be,76ba9a0ea8b8fedd69c2bb54f82bb929,pair_formed_naturally,exact,exact,1.0,1.0
017fa09975b10a48063ed85aa7512dbd,85d92e1223903bd5f49dcab54758c3d3,pair_formed_naturally,exact,exact,1.0,1.0
017fa09975b10a48063ed85aa7512dbd,87bdcaf92cdbea3db97c36ae95cca89b,pair_formed_naturally,exact,exact,1.0,1.0
017fa09975b10a48063ed85aa7512dbd,fefbde81e166287fe35d8cb0bfc10c53,pair_formed_naturally,exact,exact,1.0,1.0
0181c8dc901f33db78ab482161bcc64d,6d533d74222fde377a8756222bb5c4dd,pair_formed_naturally,exact,exact,1.0,1.0
018e77ae9d53d3b95223702cd34ff0de,695ac57defc3a36ce9a9e7fae460485b,both_added,added,added,,
018e77ae9d53d3b95223702cd34ff0de,79128f4fdc3c16911b87a06641cbd7de,both_added,added,added,,
0198ea5c57ce016e89324f740db57727,8e743996541d781bd75234779844998c,method_a_added,added,signature_changed,,1.0
0198ea5c57ce016e89324f740db57727,fa1d19469482edda7d80665a86986f8c,both_added,added,added,,
0198ea5c57ce016e89324f740db57727,fb1c898077360ca1831acc31a6262c9c,method_a_added,added,exact,,1.0
01a7578b3aaad06e2875d26c1529b117,a838a688d3631f7745e4035781be4989,pair_formed_by_copy,exact,refactored,1.0,0.79
01b3813e95ed6c24496685b41018d026,4edb0cc1509d87bb9d2995176038b9d0,both_added,added,added,,
01b3813e95ed6c24496685b41018d026,9adce5be1d30fb05e9a17b2f2763f1fc,method_a_added,added,exact,,1.0
01b3813e95ed6c24496685b41018d026,f9b904de716a16db820c15085f74df24,method_a_added,added,exact,,1.0
01e55894306b83c157015b43f3d88da1,dcf65721981b47990c4636ae6022a23d,pair_formed_by_refactoring,exact,signature_changed,1.0,0.92
01f1ffb8bbe4a49991ab47fdb8ebfa26,409ccee0c949dc86ef30a1178465b15a,both_added,added,added,,
01f1ffb8bbe4a49991ab47fdb8ebfa26,d8bb0d1e57c31d9e4e91e1f879c14269,both_added,added,added,,
02378fc35964113ccc15a7fef2bd84c8,2bfc3c7056d5cb928eb398bb0f749770,pair_formed_by_refactoring,exact,signature_changed,1.0,0.75
023e40c22ac838a1f744ad2310200549,2f00fd31cc5bf03fceda2a9adbdb3672,pair_formed_naturally,exact,unknown,1.0,
0257403211257b97d0727b02a96d4ec9,36e481edca4caf91c4355a2ee9268766,pair_formed_by_refactoring,signature_changed,signature_changed,0.8,0.77
0269c70170882b5f00b40577343a5924,f78c7ebe54366ad804920e7602070997,pair_formed_naturally,exact,unknown,1.0,
02726eb724f4f62a45c2e950426247ff,d7a218adb1386d2638cca2365cbeb9a3,pair_formed_naturally,exact,exact,1.0,1.0
02c2146b7f566616d2091712bc9d7d62,9fa02d795b95686cd106ddaa99e3f188,pair_formed_naturally,exact,exact,1.0,1.0
02c3106cb5afd49ba126c6f98cef09bf,2d4a233de9b794ea875410b5935458fb,pair_formed_by_refactoring,exact,signature_changed,1.0,0.83
02c3106cb5afd49ba126c6f98cef09bf,601908e1a9fa123b866ec852447b7b42,pair_formed_by_copy,exact,refactored,1.0,0.76
02cc86b156156cc0a6be49d8cbb7a7c9,38d6b949148cf98d25e347eb7f9afb5e,pair_formed_naturally,exact,exact,1.0,1.0
02cc86b156156cc0a6be49d8cbb7a7c9,5e524a246dad4ec683faea9068da3fe9,pair_formed_naturally,exact,exact,1.0,1.0
02e11060dac1e7297b7e66ff16886e71,079c4befa0a200b6b2549c2e748bfa2f,pair_formed_naturally,exact,exact,1.0,1.0
02eff8179c1ed8a210dee71a3706e430,2ac3473ca99791892e019738116daafa,pair_formed_naturally,exact,exact,1.0,1.0
0304a5440fd2565a1f0a6ca7ed5d9f41,5c634fe17031177bad2e2c2a9019d1d3,pair_formed_by_refactoring,refactored,refactored,0.8,0.72
033f7b992c0a84e2f61f21672a691233,08c4115dff961dcdb9229874f14b8f49,pair_formed_by_refactoring,signature_changed,signature_changed,0.94,1.0
033f7b992c0a84e2f61f21672a691233,2a2f79d221e6f6e81e641ee49cfd8506,pair_formed_by_refactoring,signature_changed,signature_changed,0.94,0.94
033f7b992c0a84e2f61f21672a691233,5d412fa102cedf6037b2eda2a43136cd,pair_formed_by_refactoring,signature_changed,signature_changed,0.94,0.87
033f7b992c0a84e2f61f21672a691233,7fc81a48fc3dbb034b8e105be9cfc9dd,pair_formed_by_refactoring,signature_changed,signature_changed,0.94,0.9
033f7b992c0a84e2f61f21672a691233,bfdfc4305eac0a4b009705ea0d71ec8c,method_b_added,signature_changed,added,0.94,
034207e5ac498b34a2b08aec1d31776f,24d983cdebdb05f2ddda2a8d8ca2416c,pair_formed_by_refactoring,moved,moved,1.0,0.99
03731a46615d54f26c66cee1fcfc365d,88ef76d4374a73fd8c95ed6dc64f1300,pair_formed_naturally,exact,exact,1.0,1.0
0378e69d6db7f77a478fd6c1bd771b77,20da7f2a57f663c049e82dbdebd4ce52,pair_formed_naturally,exact,exact,1.0,1.0
037df0f2d831957c8476049853460c57,8aaea0236ca8a720c08eb884ff5bcee1,both_added,added,added,,
03b56290ba8d6020b43d3cabd3e0b618,7237c14851f13bae81d555e8f6e405c8,method_b_added,moved,added,1.0,
03b56290ba8d6020b43d3cabd3e0b618,7dfbb378d7c5f69e17d01c6010dd8fc4,pair_formed_by_refactoring,moved,token_hash,1.0,1.0
03ce51a79055727f917e6ba974508578,22e622f1c8e0dd4177a49965fc540540,method_b_added,exact,added,1.0,
03ce51a79055727f917e6ba974508578,4f70899916769b8fef01b3740e050f22,pair_formed_naturally,exact,exact,1.0,1.0
03ce51a79055727f917e6ba974508578,dc18e2bbf4ecb04b1f624071483be058,pair_formed_naturally,exact,exact,1.0,1.0
0408da8fc3ef5eb5ab1fee751049ba00,46f2436b790e354d23cc5d631151adb1,pair_formed_naturally,exact,exact,1.0,1.0
0408da8fc3ef5eb5ab1fee751049ba00,93307239ad5cd3bd338e61241720be84,pair_formed_naturally,exact,exact,1.0,1.0
0408da8fc3ef5eb5ab1fee751049ba00,aac8cb7af081b3dd4ada5411c06a6575,pair_formed_naturally,exact,exact,1.0,1.0
0408da8fc3ef5eb5ab1fee751049ba00,ca0838e83ef14252266c28dd145097bd,pair_formed_naturally,exact,exact,1.0,1.0
0408da8fc3ef5eb5ab1fee751049ba00,fc7cc09bbb98b61355da966bf3421d5a,pair_formed_naturally,exact,exact,1.0,1.0
040a0bdd2b2e0daf2e6a2588e2a215ff,18f6cda084d1babb1607562f71a73137,pair_formed_naturally,exact,exact,1.0,1.0
040a37d02c7f88fb91528a6c72805874,a71e1bece3b4073bd80ca088ea8509ff,pair_formed_by_refactoring,refactored,moved,0.85,1.0
040a37d02c7f88fb91528a6c72805874,d62546bcf9999e1ffbec710433a67f47,pair_formed_by_refactoring,refactored,moved,0.85,1.0
040d495dd4cdce97dce8b781dc12a1f1,08bcd33b6387eabe3e39f7af6a4f170c,both_added,added,added,,
040d495dd4cdce97dce8b781dc12a1f1,22e2fd1e473e9dc05f654495c6123197,both_added,added,added,,
040d495dd4cdce97dce8b781dc12a1f1,3b7e760c0238a76f75506ae5692f95d2,both_added,added,added,,
040d495dd4cdce97dce8b781dc12a1f1,8ff099acb79da4d0bbcc3065c3930e10,both_added,added,added,,
040d495dd4cdce97dce8b781dc12a1f1,d059ffbb7789b8f0e6ec459e0a6ecb49,both_added,added,added,,
040d495dd4cdce97dce8b781dc12a1f1,e5f4240dfd0eeb354a560fbadc120160,both_added,added,added,,
040d495dd4cdce97dce8b781dc12a1f1,e79a26779cb2af035a2de65d98c8a8c3,both_added,added,added,,
0417314a2721e6ff2ddfbde5dbac6faf,781609cd77313ebc7f63bf79420f6572,pair_formed_naturally,exact,exact,1.0,1.0
0417314a2721e6ff2ddfbde5dbac6faf,d2b0024ae20e993424911a4d2bd96f09,pair_formed_naturally,exact,exact,1.0,1.0
041a082762a85a93a9b107546f0b58fa,d1a8c50e1485eca47865c3c051d18cfa,pair_formed_naturally,exact,exact,1.0,1.0
0425ee70960c86256d5ff5a1bc87ee99,99102eb513914333643b7cbf7e1382dc,both_added,added,added,,
0425ee70960c86256d5ff5a1bc87ee99,c18fc475698eccb48bb3ce1d6c91db25,method_a_added,added,refactored,,0.76
0429fb904729860ba9d5df45453433b3,31b5479800b5f0bd92eff4b9bd8447ff,pair_formed_naturally,exact,exact,1.0,1.0
0429fb904729860ba9d5df45453433b3,56cf8b906fc3a0bb5d028e430767c0dd,pair_formed_naturally,exact,exact,1.0,1.0
043bb4aa5c069a080645f2695d00ea14,043bb4aa5c069a080645f2695d00ea14,both_added,added,added,,
04605c702e0ba94df7c8bf66ccb48ae5,724b63e9d92feaed276dc07d5d224f3c,pair_formed_naturally,exact,exact,1.0,1.0
04605c702e0ba94df7c8bf66ccb48ae5,aa74d28e6fe9b491571f7881f0d0051b,pair_formed_naturally,exact,exact,1.0,1.0
046adc8a1f594aebd5992b1b33b3cfdc,8dbc0faec4c72a64fe2f19467b485a99,both_added,added,added,,
048415fa25637e51dde477edb2be2ecb,14e1e5c268a37665ca9976316a720cf2,pair_formed_naturally,exact,exact,1.0,1.0
0496bddbb23f36a10be6c256c14dba51,53a529b433df7820720b71a7d8316f42,pair_formed_naturally,exact,exact,1.0,1.0
0496bddbb23f36a10be6c256c14dba51,65d73deb2357bbf66ad0e582272a5cec,pair_formed_naturally,exact,unknown,1.0,
0496bddbb23f36a10be6c256c14dba51,7f058c88aff093bf1aaaa2a952eb106b,pair_formed_naturally,exact,unknown,1.0,
0496bddbb23f36a10be6c256c14dba51,83c9cc20576dfeba9ee832eccaf88925,pair_formed_naturally,exact,exact,1.0,1.0
0496bddbb23f36a10be6c256c14dba51,fc7031a0318eb0e4c0c4377450f17fcd,pair_formed_naturally,exact,exact,1.0,1.0
049970db278a4fe5f0b0c4145d33b72d,af0539deb71fb1cabbc8a1cb19cda517,pair_formed_naturally,exact,exact,1.0,1.0
04a5d01dadc048588d6f4130414d9d8e,40384808eee69f3f6c7604e52c04f2f8,both_added,added,added,,
04be02b3f0cc47d296d67c403e9835cd,57e291f023322f32ce97a6fbce61f5e3,pair_formed_by_refactoring,exact,moved,1.0,0.99
04c33212b82356f8fd771663b27e85c7,091c2fab43a18a74982c667e4bdd1584,both_added,added,added,,
04ddf7880d5460f8077642b537a94447,b5213162c6f68d65679346d31d0c4da8,pair_formed_naturally,exact,exact,1.0,1.0
05359456de81efa86dcc56352b19e00f,0832022131e55dfabd208b83c607debe,both_added,added,added,,
05359456de81efa86dcc56352b19e00f,cac541baba8973d95bc96394669f8064,method_a_added,added,exact,,1.0
05580ef5ad6e9a11e920ef7770fdeb2f,d6bd4d8384257fd9fc8975e5a3c9605e,pair_formed_naturally,exact,exact,1.0,1.0
0565388ecbb906bbb1d63339cc95f217,18c444ba1493376aee796c05cc5f1f4c,both_added,added,added,,
0565388ecbb906bbb1d63339cc95f217,cbf4653b4029ebf549e58836d85606da,both_added,added,added,,
058aa724f06bb476f8232ced978761be,27dc2aa15ae93040c4a80235d3fb9c49,method_b_added,refactored,added,0.77,
058aa724f06bb476f8232ced978761be,44d71ad1ac2214da3f691c384f77e9a5,method_b_added,refactored,added,0.77,
058aa724f06bb476f8232ced978761be,4a8e6c8cd8b666945c8a65c728b1d333,method_b_added,refactored,added,0.77,
058aa724f06bb476f8232ced978761be,57f16a9f51e2adc9dc965efc6d76093a,method_b_added,refactored,added,0.77,
058aa724f06bb476f8232ced978761be,68396dbb5558caeed5af6a01f590195d,method_b_added,refactored,added,0.77,
058aa724f06bb476f8232ced978761be,69feca93d7db14d8221da3e87b27aec7,method_b_added,refactored,added,0.77,
058aa724f06bb476f8232ced978761be,9e67d8649137f72aa4c5de6dc58d9b68,method_b_added,refactored,added,0.77,
058aa724f06bb476f8232ced978761be,c87fc65067f38fbd48f85739a34df1a1,method_b_added,refactored,added,0.77,
058aa724f06bb476f8232ced978761be,d9f46e95f090a988f9f901aa8cafba7d,method_b_added,refactored,added,0.77,
058aa724f06bb476f8232ced978761be,e045de35638561946bfe61c3cee57c79,method_b_added,refactored,added,0.77,
058aa724f06bb476f8232ced978761be,fe109b50c258b3a43cef6fdf531fb5f6,method_b_added,refactored,added,0.77,
05a77598d31282845441f0ab24d4d6b2,8ff099acb79da4d0bbcc3065c3930e10,method_b_added,exact,added,1.0,
05a77598d31282845441f0ab24d4d6b2,ac03ac9598e832e7251786b1300a3865,pair_formed_naturally,exact,exact,1.0,1.0
05a77598d31282845441f0ab24d4d6b2,e79a26779cb2af035a2de65d98c8a8c3,method_b_added,exact,added,1.0,
05b3a9bb5efcdfb7277cf9efc5554e30,b4d2120a8b7e5b19b11886d7bcdc11ca,pair_formed_naturally,exact,exact,1.0,1.0
05cb1b9ea8da82700e1ba1a273d9b2b0,1c1e6ea63b28591ce98ea9cbde394df1,pair_formed_naturally,exact,exact,1.0,1.0
05e4547fa65f31504a00cad1c0561642,697718e1ad92275e362794768352508b,pair_formed_by_refactoring,refactored,refactored,0.87,0.89
05ea2afc7d9eb881874b56723b862d6c,f5de4cbbe7f3b379beb4945a75b25c3c,pair_formed_naturally,exact,exact,1.0,1.0
0618fd94e5f5bbe2326283859de0f0a4,dc7870ac33ab773a9214910088ae11db,pair_formed_naturally,exact,exact,1.0,1.0
0632e8b33965753d88f448db583b5bdf,878a84f9de372f79dd3492f4cc747721,pair_formed_naturally,exact,exact,1.0,1.0
0632e8b33965753d88f448db583b5bdf,93d36b6b577383a81f6bd122dfe2fc58,pair_formed_naturally,exact,exact,1.0,1.0
0632e8b33965753d88f448db583b5bdf,9d0d0983efade2901351b3eb1a9d77e3,pair_formed_naturally,exact,exact,1.0,1.0
0648de11c227a48628cdbf494a7544e1,c3181302b3b69a87f166c4bda7e672b7,pair_formed_naturally,exact,exact,1.0,1.0
0648de11c227a48628cdbf494a7544e1,f7aeed1289fb1600531b5babd6201b6f,pair_formed_naturally,exact,exact,1.0,1.0
06755d5cbc09c9cf158e41dc7eb59f5e,b096405376b84c6ad0968f0a3472e518,both_added,added,added,,
06755d5cbc09c9cf158e41dc7eb59f5e,ecddbb34526dc3dc23b7da9323e24235,both_added,added,added,,
067b0936db633399843bf22882cac8aa,b7d184e88ab1d34df648cdb7e8d4b26e,both_added,added,added,,
0693b4bfddb721045b2c54ea483934a1,68f6380ed2a933bb53cd1b0d002c0a0e,pair_formed_naturally,exact,exact,1.0,1.0
0693b4bfddb721045b2c54ea483934a1,c38cea28d0fdcc2f2e3d590fce635a51,pair_formed_naturally,exact,exact,1.0,1.0
0696bb9adcff90f40587c82c2af03c16,d1d146e25375d606a457840f807f8f1d,method_b_added,signature_changed,added,0.7,
069e9cb5d74539fe49a746a9e2e58667,91ca2c8b085be5bdec2bb657c5e5d48f,method_b_added,exact,added,1.0,
06a23d33019f54f56f334800fa31fa36,bebe8b8229f58d0f3efde46a36b67e46,pair_formed_by_refactoring,signature_changed,exact,0.87,1.0
06b7cdfb6476860ce9eb70fb9340221a,8c205c17759f154956e5738c2cd7df3a,method_b_added,exact,added,1.0,
06b7cdfb6476860ce9eb70fb9340221a,906eb161e5842c71b49d43f6af100f8b,method_b_added,exact,added,1.0,
06c69eb3b6bdfc47429a2606c0140725,159764fa37ee6a3fdc4dc3c3e31e207c,pair_formed_naturally,exact,exact,1.0,1.0
06de9d281abc3264ff73c15f75085abb,4815f0540dc8c9d535d68b9315554e23,method_b_added,refactored,added,0.83,
06edfbaf0d91c2f0ebab1abb33100c58,857c0db0ef3f3c558296b4b8e68994da,pair_formed_by_refactoring,moved,exact,1.0,1.0
06eefd38167d8ab445b6eea8b2fc49b1,29409381e3edec551cc8364139a26059,pair_formed_naturally,exact,exact,1.0,1.0
071369aa5bfb43428dee8aec706cf8cb,2437cb3e372bab28e1417c316b338018,pair_formed_naturally,exact,exact,1.0,1.0
071369aa5bfb43428dee8aec706cf8cb,b7be13ae74f19d6b0e2001cb0244e372,pair_formed_naturally,exact,exact,1.0,1.0
073b6f219067cfacea34f9560b2ecc10,60c94f44e03a8e742f1e4776a1b94273,pair_formed_naturally,exact,exact,1.0,1.0
073b6f219067cfacea34f9560b2ecc10,bcd53dea55af037c26a3e2f0d30b9367,pair_formed_naturally,exact,exact,1.0,1.0
073ef05034c51fc6eeab1b19df80a315,1705afc6041b1d0941c1d3e2fe3c588e,pair_formed_naturally,exact,exact,1.0,1.0
073ef05034c51fc6eeab1b19df80a315,5918c4b980c03557f05a9913766c7c28,pair_formed_naturally,exact,exact,1.0,1.0
073ef05034c51fc6eeab1b19df80a315,8ff099acb79da4d0bbcc3065c3930e10,method_b_added,exact,added,1.0,
073ef05034c51fc6eeab1b19df80a315,ddb9f41a5f06ad7321c99a6b9bd732c0,pair_formed_naturally,exact,exact,1.0,1.0
073ef05034c51fc6eeab1b19df80a315,e79a26779cb2af035a2de65d98c8a8c3,method_b_added,exact,added,1.0,
0759f4d9f29e91785c47bb25f63c9626,4647d9d7bebf839617c9805bb2787395,pair_formed_naturally,unknown,exact,,1.0
075f66aef54ba5abffbeced68b824c7e,9750f00bd9e7ea744975484cf84247cf,both_added,added,added,,
075f66aef54ba5abffbeced68b824c7e,e0d80a1a4d020db1bf8ca54916382cd8,both_added,added,added,,
075f66aef54ba5abffbeced68b824c7e,e7a09f0ded7f332ddf2ae0b527fabcd0,both_added,added,added,,
075f66aef54ba5abffbeced68b824c7e,f2497f24cb6a115a6b03ff3b1e351a5b,both_added,added,added,,
077a861baba797631de306782633a05c,3ba337b90cc10436a383031356d56033,pair_formed_naturally,exact,exact,1.0,1.0
0783e6b39fa61c72b7f32ded97bcdf64,97613a531fbf64196c00c51d206f8023,pair_formed_naturally,exact,exact,1.0,1.0
078d8b600ccd254568cfae60dd2102f3,3d16594278505b2225952fe70c93caaf,both_added,added,added,,
079c4befa0a200b6b2549c2e748bfa2f,639fe1456c925a71aac96f26de0e1662,pair_formed_naturally,exact,exact,1.0,1.0
079c4befa0a200b6b2549c2e748bfa2f,811014b54487359a0a6c01cb08ffea46,pair_formed_naturally,exact,exact,1.0,1.0
079c4befa0a200b6b2549c2e748bfa2f,e796d50b6d48be829b2d74b310d14d5d,pair_formed_naturally,exact,exact,1.0,1.0
07a5dfcad24b82f55fb1436083de9b54,1a8609fcc2a09d5bd132db95e82052e2,pair_formed_naturally,exact,exact,1.0,1.0
07a5dfcad24b82f55fb1436083de9b54,6273c91073ef1cc6fe69c0b79a89ef04,pair_formed_naturally,exact,exact,1.0,1.0
07a5dfcad24b82f55fb1436083de9b54,676cb77e682a2b411c80572d975b00a4,pair_formed_naturally,exact,exact,1.0,1.0
07a5dfcad24b82f55fb1436083de9b54,69226d6303e71dfcb94fc542ebcd62f4,pair_formed_naturally,exact,exact,1.0,1.0
07a5dfcad24b82f55fb1436083de9b54,81a4d361dd968b29d549c255ecd09311,pair_formed_naturally,exact,exact,1.0,1.0
07a5dfcad24b82f55fb1436083de9b54,933345909e1a78f9c9be546004f26d50,pair_formed_naturally,exact,exact,1.0,1.0
07a5dfcad24b82f55fb1436083de9b54,a79e72f6bdf429a406369fde7cd337a3,pair_formed_naturally,exact,exact,1.0,1.0
07a5dfcad24b82f55fb1436083de9b54,e73007039d275412b0b3021d678992b3,pair_formed_naturally,exact,exact,1.0,1.0
07a5dfcad24b82f55fb1436083de9b54,f3d878b84342a9fbd714e4fb73f4d5a7,pair_formed_naturally,exact,exact,1.0,1.0
07ae3aa6436fe45412954db5a0927b12,c4c348fb0098bb83e9afeb0d47b64fba,method_b_added,signature_changed,added,0.82,
07c710362356387a0faf83f8f87977c8,cc8351ab642887167248a51488a3cdcd,pair_formed_naturally,unknown,exact,,1.0
07f4c73fb988fe6df564ea6c70b01638,2b68a68df44a21aa6e06f9ab2ee7827c,pair_formed_naturally,unknown,exact,,1.0
08027139b57c97bf98879d4133e3d380,82d39f07ad2832672f59650d41395bc6,pair_formed_by_refactoring,refactored,refactored,0.88,0.86
0809813594ccba12d325c13ac6c5d28c,72fdf836423b51acae785c0e0adf56f2,method_a_added,added,signature_changed,,0.93
08105971ad52f733746895e5201ce074,0f5752065c861fe023f0ee1ede66e33d,method_a_added,added,exact,,1.0
0832022131e55dfabd208b83c607debe,cac541baba8973d95bc96394669f8064,method_a_added,added,exact,,1.0
0837fda75e37a39aabaafc3f1108a568,98aff05213ac8038603175dd0f788278,pair_formed_naturally,exact,exact,1.0,1.0
083a3ebb4d141ab1d696170f25f1da5b,17d81017cce04284d701848fb898646b,pair_formed_naturally,exact,exact,1.0,1.0
083eb4d72ea4120b11d70d9a71997515,b280ebf3985108f29e25b5a39172a832,pair_formed_naturally,exact,exact,1.0,1.0
089921b8c920b87a0159215880b35f1c,a98d623e48d69877dd553aa506e85b45,pair_formed_by_refactoring,moved,moved,0.96,0.98
08a01dc1a661ced290e7a059493b3b02,fd0aeaff1bb3b75b54b98ede740d8f15,pair_formed_naturally,unknown,exact,,1.0
08b02405a946a9713ab92d14f1631167,5574152f722e495b945a7ba60f298978,pair_formed_naturally,exact,exact,1.0,1.0
08bc0a80b8b5d1207205ff580c8b5c5e,203bca65f5e8e063631b1b82cda1765e,pair_formed_naturally,exact,exact,1.0,1.0
08bcd33b6387eabe3e39f7af6a4f170c,22e2fd1e473e9dc05f654495c6123197,both_added,added,added,,
08bcd33b6387eabe3e39f7af6a4f170c,65b672a2c3d844036f1b8f57b6e20317,both_added,added,added,,
08bcd33b6387eabe3e39f7af6a4f170c,8ff099acb79da4d0bbcc3065c3930e10,both_added,added,added,,
08bcd33b6387eabe3e39f7af6a4f170c,d059ffbb7789b8f0e6ec459e0a6ecb49,both_added,added,added,,
08bcd33b6387eabe3e39f7af6a4f170c,e5f4240dfd0eeb354a560fbadc120160,both_added,added,added,,
08bcd33b6387eabe3e39f7af6a4f170c,e79a26779cb2af035a2de65d98c8a8c3,both_added,added,added,,
08c4115dff961dcdb9229874f14b8f49,6d8107efe348079c1e02e416ddff1e27,pair_formed_by_refactoring,signature_changed,signature_changed,1.0,1.0
08c4115dff961dcdb9229874f14b8f49,94c3d0891e89d40aadd3fcc59a7b200f,pair_formed_by_refactoring,signature_changed,signature_changed,1.0,1.0
08cf3082bc2897d77bda87d7a9cce8ec,2b3aa04c96849e0f32dd6121d28015aa,both_added,added,added,,
08d60ef7387ed8b62e251383b15c2712,4f70899916769b8fef01b3740e050f22,pair_formed_naturally,exact,exact,1.0,1.0
08f60fe15b6f2e182f260ce103528640,b88548bb194867592db595ac82fce36a,pair_formed_by_refactoring,renamed,renamed,0.98,0.99
090eb79c78e788828fd95a6732c1664a,50199f42dcd6a13fa81bb01be4551578,pair_formed_by_refactoring,token_hash,moved,1.0,0.98
09197d01f8023ba922cab9e0e9f13752,77c943f508ddd548cf10f3249704e7dc,both_added,added,added,,
093b9dd7002d1e9e3eb20ec5df603430,56ff8e59fc4c98f15ff271d4d0584738,both_added,added,added,,
093b9dd7002d1e9e3eb20ec5df603430,57f16a9f51e2adc9dc965efc6d76093a,both_added,added,added,,
093b9dd7002d1e9e3eb20ec5df603430,7b8b0ab09adcac9deadca5318b2491f8,both_added,added,added,,
095cd87c7f83282d341fddd562ec5219,0ca708a2b6e9314e3b748e6e303225f9,both_added,added,added,,
0985096ce00478df79fb22030978bb4f,7d2b7656497f21ec574ad9bf23238440,pair_formed_naturally,exact,exact,1.0,1.0
098cce83709a8cfdc7b69955b18e0931,f3b485df2449c9a9d0fd0171dcb9cea4,pair_formed_naturally,exact,exact,1.0,1.0
09953c2b9b70a0bfd5671916c2b0e5e2,625aca134bd524fa34631ee1976e6da7,both_added,added,added,,
0a1f9b3bf09b23fad896c61c36001d1a,293c4dcdb1b49afc0b336071af38f6ad,method_a_added,added,refactored,,0.73
0a1f9b3bf09b23fad896c61c36001d1a,39c891a474dee6b84bd6dd0b9e48b15b,both_added,added,added,,
0a285975493e40cd1f667def16ec0348,90e75b9f36e7836bc588f7ae72497da8,pair_formed_naturally,unknown,exact,,1.0
0a379e15d79eaf1e045282239b3dda28,fded01a4284ef8968f8258b4647a4e93,pair_formed_naturally,exact,exact,1.0,1.0
0a718496add7571847bafcb4babf06b1,800b2a85c1538dc46f1f3aedfa58c0f6,pair_formed_by_refactoring,exact,renamed,1.0,0.95
0a8d6d7ac8ae41b8da6564f911c8b1a6,112db356b0c08d33e48f91a155829eb9,method_a_added,added,exact,,1.0
0a8d6d7ac8ae41b8da6564f911c8b1a6,4e06205be996f2ba95b12f548d4b9175,both_added,added,added,,
0a8d6d7ac8ae41b8da6564f911c8b1a6,f8dd8b8b7951eaed3b77c242c2d7f52a,both_added,added,added,,
0a8e33e28b89af8ea54e838f619b203a,7d0342d64df0dee764cfe27214ed4709,pair_formed_naturally,exact,exact,1.0,1.0
0aae7a389e98024b1a3f37e2cae5fd29,78ee8858d2d9ac9a682a8cd96b7a9f14,pair_formed_by_refactoring,moved,exact,1.0,1.0
0aae7a389e98024b1a3f37e2cae5fd29,b12d1e8ebbecb654477d41ed517689bf,pair_formed_by_refactoring,moved,token_hash,1.0,1.0
0ac76fb1f1b833549f828eec7cf1a14b,b14a3c674bfffdd2ea155f2e82ea951c,pair_formed_by_refactoring,signature_changed,exact,0.98,1.0
0aca6d3985da32b4a3718b963693acca,811014b54487359a0a6c01cb08ffea46,pair_formed_naturally,exact,exact,1.0,1.0
0aca6d3985da32b4a3718b963693acca,a8bd43a2e6bc8b1d13ea827956a23b9a,pair_formed_naturally,exact,exact,1.0,1.0
0afa073c0d74d34e97b17001b028c58a,5138be22d3cc30a9267ef19b56b20d41,pair_formed_by_refactoring,signature_changed,signature_changed,0.94,0.95
0afa073c0d74d34e97b17001b028c58a,792bb04389ea99c4ca03002511e6404f,pair_formed_by_refactoring,signature_changed,signature_changed,0.94,0.96
0afa073c0d74d34e97b17001b028c58a,c082d3a3d9a3534679b77cef282815d0,pair_formed_by_refactoring,signature_changed,signature_changed,0.94,0.89
0b045ec5c65e51e7d79651ae3f7aec9c,1e45d453341be8b4048e4656675a2197,both_added,added,added,,
0b045ec5c65e51e7d79651ae3f7aec9c,ff9c0c55ab44d5dfb91e04943bc41fcb,both_added,added,added,,
0b2ad9fdae0e2a0a40bbd3c0959e87ca,94899138d197149f6e9f31b39e0cbb5e,pair_formed_naturally,exact,exact,1.0,1.0
0b2ad9fdae0e2a0a40bbd3c0959e87ca,ca9f62e66e00ed1f18e7b2156ce7cff0,pair_formed_naturally,exact,exact,1.0,1.0
0b2ad9fdae0e2a0a40bbd3c0959e87ca,d76cf14654b16057bca9b71d5d72d278,pair_formed_naturally,exact,exact,1.0,1.0
0b30d32f2d6ad9a4d14e563926dc0149,72fba09ea4a3dbadaebc7aaf7a6b0128,both_added,added,added,,
0b30d32f2d6ad9a4d14e563926dc0149,a3ae60ca2f3aae61a2a4ac3ef965db80,method_a_added,added,exact,,1.0
0b30d32f2d6ad9a4d14e563926dc0149,f60fdab852b898cc405f3ca331453e31,both_added,added,added,,
0b39af5123fd49bb853e23eface1db7e,b7342d0909145456072532e5993b4aef,pair_formed_by_refactoring,exact,signature_changed,1.0,1.0
0b402d359ec11bd16798d93866c26571,51ef80c81e2d51d912a1b1a63a803e17,pair_formed_by_refactoring,exact,renamed,1.0,0.95
0b402d359ec11bd16798d93866c26571,e39289785da038fa0ddf677d9b4f7c2e,pair_formed_naturally,exact,exact,1.0,1.0
0b4083576508a3dfebf86e13da597b58,58e42ce0d326d7a3b8182ed0f9501a21,both_added,added,added,,
0b4e44e1f43c365bb01f160e5a08ca68,d40538b7f1bf6ed9f897b61877863b79,pair_formed_naturally,exact,exact,1.0,1.0
0b696a0a863cf373349c9bfd815ebf69,a515c25a50a9d3d7de1498a6b502e752,pair_formed_naturally,exact,exact,1.0,1.0
0bc0de4978ea23ee4761fd627762ab4f,30b4f883879e1d0fb66b5781b1ee6ea6,pair_formed_naturally,exact,exact,1.0,1.0
0bc731877e008521831a9696d63da67a,11ab8d0c6db7474424af99bc1821c5cf,pair_formed_naturally,unknown,exact,,1.0
0bc731877e008521831a9696d63da67a,20edb1a49e9cb2b55a42cb5671689508,pair_formed_naturally,unknown,exact,,1.0
0bc731877e008521831a9696d63da67a,2a5f3b94fc4feca838fc94b0adb724b5,pair_formed_naturally,unknown,unknown,,
0bc731877e008521831a9696d63da67a,4f70d471e780b93881bcbec3f564a99c,pair_formed_naturally,unknown,exact,,1.0
0bc731877e008521831a9696d63da67a,a709ec451500abc718b9ed1a811fa02a,pair_formed_naturally,unknown,unknown,,
0bc731877e008521831a9696d63da67a,b996863d88c04f2d215c89d20c13e039,pair_formed_naturally,unknown,exact,,1.0
0bc731877e008521831a9696d63da67a,e101254a310dd366a80c20e295105d30,pair_formed_naturally,unknown,unknown,,
0c11a2b4c0a04b0da658faedbccbdeee,dee1d79ca5981a62c58183a4f0e44eda,pair_formed_naturally,exact,exact,1.0,1.0
0c2a1f0966284e230bedc186b0d743b2,786fd269cc2caaa7dd5b51f8ff0dbdc1,pair_formed_naturally,exact,exact,1.0,1.0
0c81825fc60cb9d5b6e936eb071212e5,1c090e3d76792d5a97936a2a47dc2ac2,pair_formed_naturally,exact,exact,1.0,1.0
0c8469cc84dcf1346722c0a237403b22,8263ea7e26dc6a61cc66d4dd61f35465,method_b_added,exact,added,1.0,
0c95360fa0ba5c066258eab98d182f99,3c3e81acaeb81ed139f6c7808df244fc,pair_formed_naturally,exact,exact,1.0,1.0
0c95360fa0ba5c066258eab98d182f99,92d285e2427b9c77664d1e6e0a43efdf,pair_formed_naturally,exact,exact,1.0,1.0
0cb0f52555f4acd40248e672592fc8ea,19b23363d6b8953a6bebec48825337bb,both_added,added,added,,
0cb0f52555f4acd40248e672592fc8ea,2823e40e614fde772204f6b6e13d4f71,both_added,added,added,,
0cb0f52555f4acd40248e672592fc8ea,524ff783b1e5d615ef751d19e3286bfa,both_added,added,added,,
0cb0f52555f4acd40248e672592fc8ea,5fa255f34487822ac7c02e4bf69d55e6,both_added,added,added,,
0cb0f52555f4acd40248e672592fc8ea,ba888a6eb491a060a5d5cca52dbb9251,both_added,added,added,,
0cb0f52555f4acd40248e672592fc8ea,dadda8e54224b3e72951c2eb1cbb7320,both_added,added,added,,
0cb0f52555f4acd40248e672592fc8ea,df91be44c96b95ee7828e0aa2f857de9,both_added,added,added,,
0cb0f52555f4acd40248e672592fc8ea,f5f73c0ec17d62359279993fe6eae29c,both_added,added,added,,
0cc1683e0100fb8d65265c2fa68f0dc2,d18d21f7abb8e5b73aba5c1d79975a32,pair_formed_by_refactoring,renamed,refactored,0.92,0.89
0ccf664b599bff5297e77097a82eb597,1700200d642ccbe4483636e95bd840b5,pair_formed_naturally,exact,exact,1.0,1.0
0ccf664b599bff5297e77097a82eb597,7715d85538ea2977d9c4269e5b7e0a00,pair_formed_naturally,exact,exact,1.0,1.0
0ccf664b599bff5297e77097a82eb597,b6d7f354402010d31c4a0b9bccbd1352,pair_formed_naturally,exact,exact,1.0,1.0
0cec12ed61fa11ff9b0f3589a105d651,6952862c55898d7dbfcba1b6b9bbbf8c,pair_formed_naturally,exact,exact,1.0,1.0
0cfc4b50c37e9f3ddb23e2c79d6fc85a,46645ba0b09019f19098309e3fa778a6,pair_formed_by_refactoring,exact,signature_changed,1.0,0.97
0d0b849ad6c405f648b53fdfde516bf2,c6f30d568fc0fd370a6df0aed2833850,pair_formed_naturally,exact,exact,1.0,1.0
0d0b849ad6c405f648b53fdfde516bf2,f43ff4dd31267d5e73846d872dda654c,pair_formed_naturally,exact,exact,1.0,1.0
0d2b84d4588f8f0b324a8aea4a36a345,6f1afc18eb2c53073198c8cec2f34d32,pair_formed_by_refactoring,refactored,refactored,0.87,0.84
0d435978158e7ef2f56399a71a8b2486,f1c1db4ace5ecbe4036fae54116d47dc,both_added,added,added,,
0d45046725ff50a3308a3cb17a44c9a0,c4151cef9510a53a08eb34f0f179fa56,pair_formed_naturally,exact,exact,1.0,1.0
0d65cf21a2b9b786056e2a4c14dde655,9d1a2448b86bf228c25abd7cbde79225,pair_formed_by_refactoring,signature_changed,signature_changed,0.82,0.82
0d65cf21a2b9b786056e2a4c14dde655,b34c1c93d977c97e5d33b2a0398c88b8,pair_formed_by_refactoring,signature_changed,signature_changed,0.82,0.83
0d65cf21a2b9b786056e2a4c14dde655,d9c61ce1f05773419eecb364617df84d,pair_formed_by_refactoring,signature_changed,signature_changed,0.82,0.83
0d9697856ce9214bc6070f4110a386a7,11ab8d0c6db7474424af99bc1821c5cf,pair_formed_naturally,unknown,exact,,1.0
0d9697856ce9214bc6070f4110a386a7,20edb1a49e9cb2b55a42cb5671689508,pair_formed_naturally,unknown,exact,,1.0
0d9697856ce9214bc6070f4110a386a7,28fc27a8bf2cd1bbd41c6f45441336d7,pair_formed_naturally,unknown,exact,,1.0
0d9697856ce9214bc6070f4110a386a7,2a5f3b94fc4feca838fc94b0adb724b5,pair_formed_naturally,unknown,unknown,,
0d9697856ce9214bc6070f4110a386a7,4f70d471e780b93881bcbec3f564a99c,pair_formed_naturally,unknown,exact,,1.0
0d9697856ce9214bc6070f4110a386a7,a709ec451500abc718b9ed1a811fa02a,pair_formed_naturally,unknown,unknown,,
0d9697856ce9214bc6070f4110a386a7,e101254a310dd366a80c20e295105d30,pair_formed_naturally,unknown,unknown,,
0d9697856ce9214bc6070f4110a386a7,f01dd05ca756595e1ba4dc06010f08b4,pair_formed_naturally,unknown,exact,,1.0
0daeb17da5488966282c0bcbd87fed10,9d3f2adc9a3c97aec96389bed58f6fd1,pair_formed_naturally,exact,exact,1.0,1.0
0dcb1c6a4224a15757a4eeb3b50f2fcf,c9ec79831032bfca04e715315e64b986,pair_formed_naturally,exact,exact,1.0,1.0
0df5479229e57f4752267b535e46dd04,63580892b02c8b5e712a1ddf7c100cec,pair_formed_naturally,exact,exact,1.0,1.0
0df5479229e57f4752267b535e46dd04,702a3e14522131cffbe32e329ef2ce4d,pair_formed_naturally,exact,exact,1.0,1.0
0df64caab6c024cdfb196d77068fb1f1,7fabb49588da72e7131eb0e0501928b5,pair_formed_naturally,exact,exact,1.0,1.0
0e18ff953b81ba3ca25e96ea46f1a247,77598d458a0a71a407b7906936abf52b,pair_formed_naturally,exact,exact,1.0,1.0
0e277ddbc2d8ab48be260883b8476f79,112db356b0c08d33e48f91a155829eb9,pair_formed_naturally,exact,exact,1.0,1.0
0e277ddbc2d8ab48be260883b8476f79,d88ce9b775ba21c6e16705914637b5c0,pair_formed_naturally,exact,exact,1.0,1.0
0e50fce5b23b05092d4e15bc1bfdeb7e,29b07bf54aaaaab58eeb136bc729ab69,pair_formed_naturally,exact,exact,1.0,1.0
0e50fce5b23b05092d4e15bc1bfdeb7e,97f63d0e042dc1a48179a11635a02ae7,pair_formed_by_refactoring,exact,moved,1.0,0.94
0e50fce5b23b05092d4e15bc1bfdeb7e,e9bd2f4165c3653c1c069fe4769b31b5,pair_formed_naturally,exact,exact,1.0,1.0
0e63409ea8a2c70b79d55e31aa0ab382,7d0db8e35960280698e1c7ae7b3dde02,pair_formed_by_refactoring,signature_changed,signature_changed,0.9,0.92
0e6377c6b03936599f74242b7d6da1a8,1191a9b603fa8f6ce80d84cb5f0a2372,pair_formed_by_refactoring,signature_changed,signature_changed,0.93,0.93
0e75288315b9c16cc1fbee62786f756e,797667ceced02a7cfb3a773ffcd670ac,pair_formed_naturally,exact,exact,1.0,1.0
0e9cdc7656fec35d3c90e456dbc6470c,8a56f6e8f8e03202249a9d461266c1a8,pair_formed_naturally,exact,exact,1.0,1.0
0ee894c29339f01ec181640c1a20b77a,31fc76dc97865f2d60ec120c5cdb7fa0,both_added,added,added,,
0ee894c29339f01ec181640c1a20b77a,e0f17506c908bf71963bb6de1194893f,both_added,added,added,,
0f0272f96608041f56996b020198757e,705ffbcdf306a9905ff7d9df52266284,pair_formed_naturally,exact,unknown,1.0,
0f0bec75bacb0a94b0a522ceb2a9e195,37e5891248c284cec0b052f0e3174daf,pair_formed_naturally,exact,exact,1.0,1.0
0f0bec75bacb0a94b0a522ceb2a9e195,886ba468c984eb3d628f39e6536522dd,pair_formed_naturally,exact,exact,1.0,1.0
0f0bec75bacb0a94b0a522ceb2a9e195,94c1b81a57b1c6adb52c3f0ea0821e05,pair_formed_naturally,exact,exact,1.0,1.0
0f0bec75bacb0a94b0a522ceb2a9e195,aac87c7048af094d18e7c69ca2bf230d,pair_formed_naturally,exact,exact,1.0,1.0
0f5752065c861fe023f0ee1ede66e33d,2cdbe99b4cd047573d36c72c78d8f31e,pair_formed_naturally,exact,exact,1.0,1.0
0f5752065c861fe023f0ee1ede66e33d,51c0f7f201e161c0a4e3c658c8474620,pair_formed_naturally,exact,exact,1.0,1.0
0f658b60be6e32b51027b9744560fdb3,202721a97ef19df2d0cfe91d5dc42af1,both_added,added,added,,
0f658b60be6e32b51027b9744560fdb3,27bdb58dfe925cff98d9450ec74414c9,both_added,added,added,,
0f658b60be6e32b51027b9744560fdb3,7d6a5fdd57b8481bd62902dd80c90caa,both_added,added,added,,
0f6deb598f660fae032399a6afc34c04,2646b5f8c59b212fc49c57d6c8d42b44,pair_formed_naturally,exact,exact,1.0,1.0
0f6deb598f660fae032399a6afc34c04,60c94f44e03a8e742f1e4776a1b94273,pair_formed_naturally,exact,exact,1.0,1.0
0f6deb598f660fae032399a6afc34c04,f54ed108a797ac111500453570952279,pair_formed_naturally,exact,exact,1.0,1.0
0f6f1b0339a5ca805126641830d39f5d,68695a169277ae4c4895ffa57cc8a275,pair_formed_naturally,exact,exact,1.0,1.0
0f6f1b0339a5ca805126641830d39f5d,b3d1afeb215963c9c051af075515db66,pair_formed_naturally,exact,exact,1.0,1.0
0f7c4cc6f4018ddbace0bc7315680066,c9379a7ebe33a1cf504867e819574469,pair_formed_naturally,exact,exact,1.0,1.0
0f9af5890ea687a2ffa22ddd68e9a7a3,2fb488fc01ec19397a691f94c5cd4cae,pair_formed_naturally,exact,exact,1.0,1.0
0fa2f9c00054ebbb0d9e2777222ce706,d45c92796bf055e355ab2b3496b41299,pair_formed_by_refactoring,signature_changed,signature_changed,0.98,0.97
0fad48ba037931290f06ef30e675e0f5,10537467c76a7a367044c6b6651463f5,pair_formed_naturally,exact,exact,1.0,1.0
0fad48ba037931290f06ef30e675e0f5,14988d998505f5300ad581bf4221f79d,pair_formed_naturally,exact,exact,1.0,1.0
0fad48ba037931290f06ef30e675e0f5,156718e75a8f0099444b3762e2437509,pair_formed_naturally,exact,exact,1.0,1.0
0fad48ba037931290f06ef30e675e0f5,6901972125171b3870698be6ca02d6db,pair_formed_naturally,exact,exact,1.0,1.0
0fad48ba037931290f06ef30e675e0f5,c3668cd1ffe077ec9aadb67e083691f4,pair_formed_naturally,exact,exact,1.0,1.0
0fafef28d14d65dbdde506ad427415f7,d161794cbf3ca72830ac227e4c8a56c6,pair_formed_naturally,exact,exact,1.0,1.0
0fc211fb7a2ff11be4046c9cd9934198,25e370dcdbd8537e9b28772ae81e7ae0,pair_formed_naturally,exact,exact,1.0,1.0
0fee5c17bdb53b63ca9b650860de840c,a006736735354bc2ee8a5e649c8283f5,pair_formed_naturally,exact,exact,1.0,1.0
100f0642358fd84becff898997ed9385,376391141ec555afdf1c4bac7b35cfb4,pair_formed_naturally,exact,exact,1.0,1.0
10537467c76a7a367044c6b6651463f5,14988d998505f5300ad581bf4221f79d,pair_formed_naturally,exact,exact,1.0,1.0
10537467c76a7a367044c6b6651463f5,156718e75a8f0099444b3762e2437509,pair_formed_naturally,exact,exact,1.0,1.0
10537467c76a7a367044c6b6651463f5,6901972125171b3870698be6ca02d6db,pair_formed_naturally,exact,exact,1.0,1.0
10537467c76a7a367044c6b6651463f5,c3668cd1ffe077ec9aadb67e083691f4,pair_formed_naturally,exact,exact,1.0,1.0
107d0aca2eb704af86f51068c20af388,d1303c4af02d70548bf158a51d947ef2,pair_formed_naturally,exact,exact,1.0,1.0
1087a04b9e6b917c164b80895f7d3ce6,9638ad2ab726839c36a9477fa15f267f,pair_formed_naturally,exact,exact,1.0,1.0
1087a04b9e6b917c164b80895f7d3ce6,f2eca2ead68f9c726dfd3dd60667f72a,pair_formed_naturally,exact,exact,1.0,1.0
1087f95e91ac18138674e3801b56cca7,63d6a5176e5edf97229e063429125354,pair_formed_naturally,exact,exact,1.0,1.0
109bfb6df92a49243beaa5426f8dbfce,e7c03983e9b5ad88c44e6503ea2820a7,method_a_added,added,exact,,1.0
10a4f8718a7a155fda3c11b97dc6553f,220efb8d3ce50bc2eb98e7680479066c,pair_formed_naturally,exact,exact,1.0,1.0
10ae45b97b0a3b0d65b3fe597417dff6,587dbe33810c8430ae527206e68fc9ab,pair_formed_naturally,exact,exact,1.0,1.0
10d79487a50f62b64213a9afed4230ec,804b193fe6a687725bdff6a88454e9dd,pair_formed_naturally,exact,exact,1.0,1.0
10d79487a50f62b64213a9afed4230ec,a72e7a75017de6642031e36411859a24,pair_formed_naturally,exact,exact,1.0,1.0
10d896dcbef33d1f8dd94655788923a5,3c3e81acaeb81ed139f6c7808df244fc,pair_formed_naturally,exact,exact,1.0,1.0
10db359a7cf11178814af7bab60a4b0c,2c6d1b921eebbf69bc4e4b57a5befc5f,method_b_added,moved,added,1.0,
10db359a7cf11178814af7bab60a4b0c,3bba202b2989032db03f3355889cc9e6,method_b_added,moved,added,1.0,
10db359a7cf11178814af7bab60a4b0c,afa36a4a8b39f95f30d30ec5f0b04716,pair_formed_by_refactoring,moved,moved,1.0,1.0
10ead55b7b4f32ba39a9ad6bb761adab,274afd21ffa74ea3ed5db1a234ad5ebd,pair_formed_by_refactoring,signature_changed,signature_changed,1.0,1.0
10ead55b7b4f32ba39a9ad6bb761adab,8aa28fd48d29e5867ccc903b53169001,pair_formed_by_refactoring,signature_changed,signature_changed,1.0,1.0
10f39a40585829b923d24e1a10e6a66a,25409e3d1ee3c91132ac085e8ba2256b,method_a_added,added,exact,,1.0
10fce7fe5108c19010ab683e971918cc,1ca50b9b4e1324aa89447c356874ffdb,pair_formed_naturally,exact,exact,1.0,1.0
10fce7fe5108c19010ab683e971918cc,a4c36aecf00d2af7e123d2e35a468e2e,pair_formed_naturally,exact,exact,1.0,1.0
111a6820a09d6b6079f03a96222bbf59,170f2b82fd051c52c08776804cd1bf84,pair_formed_naturally,exact,exact,1.0,1.0
112db356b0c08d33e48f91a155829eb9,5f4785cde9b48d1879056049130eeb36,pair_formed_naturally,exact,exact,1.0,1.0
112db356b0c08d33e48f91a155829eb9,6c427e2dbb0f25967c6f1cd47b0b07f3,pair_formed_naturally,exact,exact,1.0,1.0
112db356b0c08d33e48f91a155829eb9,765743cb51802bffc1d00d1cb54f256d,pair_formed_naturally,exact,exact,1.0,1.0
112db356b0c08d33e48f91a155829eb9,bcb40c75c241d44382cafeab4751fa6f,pair_formed_naturally,exact,exact,1.0,1.0
112db356b0c08d33e48f91a155829eb9,f23c5f27a7041422b54844302fcbb70c,pair_formed_naturally,exact,exact,1.0,1.0
113b859ed0e369dee6c98ae169bd6115,3b2766d4fd164d091f36131340f413bb,both_added,added,added,,
115483676fede5723ae61bd96d03e3bb,f65e8922f73c431189f46717cfa2ed99,pair_formed_naturally,exact,exact,1.0,1.0
1154d78bd2f7f945c980bd0e62751f88,2ed93d5d8327d5ca40f4ba34acfb11f9,method_b_added,exact,added,1.0,
1154d78bd2f7f945c980bd0e62751f88,955c556eaeee75a62d03127be30529ae,pair_formed_by_refactoring,exact,signature_changed,1.0,0.78
115641fe16142cd39b512a45673d0fec,906590621b4a478f696e94bdb601d8c6,pair_formed_naturally,exact,exact,1.0,1.0
11898dd520e9310dda8cfa387060a4c7,3345595bb59681b5ace9ab212b0e2c2b,pair_formed_naturally,exact,exact,1.0,1.0
11898dd520e9310dda8cfa387060a4c7,a8b543b8d2f434aed710831be91aa3e8,pair_formed_naturally,exact,exact,1.0,1.0
11a583f67d85d0dfdb53399a0d7b8c69,c062bf7b0669a2b61760b0e1ccd93364,both_added,added,added,,
11a6cc4f901329d81a7f651ea2d5c645,f1a1fbd3af7cbb98a62a195c5914a3d3,both_added,added,added,,
11ab8d0c6db7474424af99bc1821c5cf,20edb1a49e9cb2b55a42cb5671689508,pair_formed_naturally,exact,exact,1.0,1.0
11ab8d0c6db7474424af99bc1821c5cf,28fc27a8bf2cd1bbd41c6f45441336d7,pair_formed_naturally,exact,exact,1.0,1.0
11ab8d0c6db7474424af99bc1821c5cf,2a5f3b94fc4feca838fc94b0adb724b5,pair_formed_naturally,exact,unknown,1.0,
11ab8d0c6db7474424af99bc1821c5cf,4f70d471e780b93881bcbec3f564a99c,pair_formed_naturally,exact,exact,1.0,1.0
11ab8d0c6db7474424af99bc1821c5cf,a709ec451500abc718b9ed1a811fa02a,pair_formed_naturally,exact,unknown,1.0,
11ab8d0c6db7474424af99bc1821c5cf,b996863d88c04f2d215c89d20c13e039,pair_formed_naturally,exact,exact,1.0,1.0
11ab8d0c6db7474424af99bc1821c5cf,e101254a310dd366a80c20e295105d30,pair_formed_naturally,exact,unknown,1.0,
11ab8d0c6db7474424af99bc1821c5cf,f01dd05ca756595e1ba4dc06010f08b4,pair_formed_naturally,exact,exact,1.0,1.0
11ac6435fa72521a9aacd6d23687749f,66ac7edc38dcf29b814d9ea9541cdab2,pair_formed_naturally,exact,exact,1.0,1.0
11dfe445e4c9014f583933f06790ee5f,68d70c6125af1048d5c01459d0285f6f,pair_formed_naturally,exact,exact,1.0,1.0
11dfe445e4c9014f583933f06790ee5f,b84f1df7e8ea5099cbf4bf2ff2384019,pair_formed_naturally,exact,exact,1.0,1.0
11dfe445e4c9014f583933f06790ee5f,e39289785da038fa0ddf677d9b4f7c2e,pair_formed_naturally,exact,exact,1.0,1.0
11fa10a7209ef787ebb8f4b2cc301d5b,ac6f5c1658ed8c6ccdb4c85cada51f33,pair_formed_naturally,exact,exact,1.0,1.0
11fa10a7209ef787ebb8f4b2cc301d5b,ebac27c9447735d77b9f145e8f2eade8,pair_formed_naturally,exact,exact,1.0,1.0
1212551a8cf2e63e3fb0619da5a4a1a4,8daec52793653c8c64fd59f0625f650d,pair_formed_naturally,exact,exact,1.0,1.0
122a0ea9e02d1eb02d80b17dcc9140c7,9389b77b5cbd428ab957f9095a67e5ae,pair_formed_naturally,exact,exact,1.0,1.0
123d09af4e8e8747bd75aa1015f53525,f826f630a6b8991ad6c3d5aaf978ff5f,pair_formed_naturally,exact,exact,1.0,1.0
124d1fa9ae716452c6a77d94efeab82f,87e462d05eebdce06b53cc7e26c50dd9,pair_formed_naturally,exact,exact,1.0,1.0
12573b566124b31d2130444789c189ca,864d5a8ca8eee59398bce2e9a33bbd5e,both_added,added,added,,
12573b566124b31d2130444789c189ca,a6b92eebae9cf5a382153df418fa12d3,both_added,added,added,,
1295497b0a9e4cba263d302e1a9693e1,5ed6329fc5c8a49573d566d1b759c11a,pair_formed_by_refactoring,signature_changed,exact,1.0,1.0
1295497b0a9e4cba263d302e1a9693e1,c3a35226b2f270aa03b3e18ae859afb2,method_b_added,signature_changed,added,1.0,
1295497b0a9e4cba263d302e1a9693e1,c8e3675e1beb2c011690664431da852d,pair_formed_by_refactoring,signature_changed,signature_changed,1.0,1.0
129f4d05058a0e68caa6a63dde08bb0a,135f2b1c5e7e347a013190434a95b6b2,pair_formed_naturally,unknown,exact,,1.0
129f4d05058a0e68caa6a63dde08bb0a,47c267574f4f1796b5ca7a5efe5431e0,pair_formed_naturally,unknown,exact,,1.0
129fb1b80d3ba07e945b6258216fff23,1adb93968240627301d8eac43415f726,pair_formed_naturally,exact,exact,1.0,1.0
129fb1b80d3ba07e945b6258216fff23,c0542fd216fcb9af924d7c20d736919a,pair_formed_naturally,exact,exact,1.0,1.0
12a02e23ab07e6dae6ada73b3577c5bf,5f0f83b100763335f4170e7de35778dc,pair_formed_naturally,exact,exact,1.0,1.0
12a5fbec86e9ac12267ca22efe61ee6a,13b09306c7c11dfa751982c4de04d3d6,both_added,added,added,,
12a83821f49df302d6d61de13ea5082a,2d37f37398b40e5fcdccbf2e18ee3d1b,pair_formed_by_copy,refactored,exact,0.72,1.0
12ac180bdc757f6ad374ee194e075b02,51fa33ba3703e891ca679eba3bfd89a7,pair_formed_naturally,exact,exact,1.0,1.0
12ac180bdc757f6ad374ee194e075b02,eb19009507396beea16fd83aaa7d4456,pair_formed_naturally,exact,exact,1.0,1.0
12ac51a8849d38b60370c4717107fd91,fe69e7835cb7b170daecbed214243bfc,pair_formed_by_copy,refactored,exact,0.71,1.0
12d479965a59e5220990cdc21affb893,6540ea281babf5a634845f59cbc4945e,both_added,added,added,,
12f032d0287fcde4dad234d0db1f6b1f,eb102efda0e030ef1391120a4757cfce,both_added,added,added,,
131500c669463dd4984efa8795aacf80,5d94e07fa4eb070f1c9d1a5b30cb0e38,both_added,added,added,,
131500c669463dd4984efa8795aacf80,b5a3787ef9decb1e576bbcf37ede9286,both_added,added,added,,
133ff304673991a5e0e95cfa239f2ad2,68f6380ed2a933bb53cd1b0d002c0a0e,pair_formed_naturally,exact,exact,1.0,1.0
13471a12200f982de1ce6e0609a40b6d,deb06c14884d5bd93e3c4ecbd811cd2d,pair_formed_naturally,exact,exact,1.0,1.0
135f2b1c5e7e347a013190434a95b6b2,808ed8880891e207493193ceb0d18e03,pair_formed_naturally,exact,exact,1.0,1.0
137898abec179c4f6b2445de8d177e76,4b0a920cb6fa6bf9e68e49a62f36988c,pair_formed_naturally,exact,exact,1.0,1.0
137898abec179c4f6b2445de8d177e76,d908523a11f550063d2b48ab56954eec,pair_formed_naturally,exact,exact,1.0,1.0
1389092f3f4192b20519d310b579d086,84194db821757f9ffa5a780cf0f3c301,pair_formed_by_refactoring,exact,signature_changed,1.0,1.0
139c431f3c005fdee5b805228edb0500,39c891a474dee6b84bd6dd0b9e48b15b,both_added,added,added,,
13b09306c7c11dfa751982c4de04d3d6,2c051d4b1d2719c9ca84de994a80cda5,both_added,added,added,,
13b09306c7c11dfa751982c4de04d3d6,3d16594278505b2225952fe70c93caaf,both_added,added,added,,
13d29fa694ba61afc20339ab153cb44a,40a9489e2570ebcfa6e1ec1335aaa179,both_added,added,added,,
13d29fa694ba61afc20339ab153cb44a,8457745f01112649c047d97fa5262369,both_added,added,added,,
13f43e2c94502401d9d0ccd29d1023c4,6d9f518dc3d6b1470adc88b2d96b1e21,pair_formed_naturally,exact,exact,1.0,1.0
1404a9ab77a81c059b9e34ddc7b99896,3772d5f6f1e0821a6012b3446b3bd68a,method_a_added,added,exact,,1.0
141d04effec4b3198462c9da70491c7a,69feca93d7db14d8221da3e87b27aec7,both_added,added,added,,
1422c74dad6e004314e21f68a3a23fbf,fd0aeaff1bb3b75b54b98ede740d8f15,pair_formed_naturally,unknown,exact,,1.0
143d5cd0976fa9115634cbadabde03d6,d1150e5cc03d9caa251a98216028ded0,both_added,added,added,,
1462ec61bd8971d8acb0ba4f4c9b63df,5ccfb4ceb9175892192caf82aa5f991c,pair_formed_naturally,exact,exact,1.0,1.0
14735e8346bb22f52a9919cb139b8c75,dd571bc3922b89da753bf07be2be9060,pair_formed_naturally,exact,exact,1.0,1.0
148f80f6b609ef74fcd3ba55cfe76e2e,28ab5f6bda08fb40e60304d71086f484,pair_formed_naturally,exact,exact,1.0,1.0
148f80f6b609ef74fcd3ba55cfe76e2e,807303496a0607d8caeadf2db5317f1c,pair_formed_naturally,exact,exact,1.0,1.0
14988d998505f5300ad581bf4221f79d,c3668cd1ffe077ec9aadb67e083691f4,pair_formed_naturally,exact,exact,1.0,1.0
14c72afb38ce63442de4da15482ab7a9,5676b5facd9d897af5132f4f9dd45e8d,pair_formed_by_refactoring,signature_changed,exact,0.96,1.0
14c72afb38ce63442de4da15482ab7a9,cc1a1b8b84808e0eaa6a3018c59da022,pair_formed_by_refactoring,signature_changed,exact,0.96,1.0
14e31f115df3d10e8e350abb7bfa6c30,3f18869ba9bc1f69917db01948af3a48,method_a_added,added,moved,,0.94
14e31f115df3d10e8e350abb7bfa6c30,60b849c2cb36b2ba46812ed929e1cb6c,method_a_added,added,exact,,1.0
14f7bdea93587336dc869544127eacb7,28b21f1a8b78d327718c0d764f000dc3,pair_formed_naturally,exact,exact,1.0,1.0
159f664252f82d3840967a8c5ddef8f1,1d42aa7115c0496a856b92aa0fdf806f,pair_formed_naturally,exact,exact,1.0,1.0
159f664252f82d3840967a8c5ddef8f1,7e268c12f4736fdcbd4b5c3d0a128af7,pair_formed_naturally,exact,exact,1.0,1.0
15d646f3d8cd98583957ce433d115340,686769538ffa2cd3c906ddacd9518a82,method_b_added,renamed,added,0.98,
15df3221b8b10bb99b0933ec13231405,92d62b7d3939d9b8dba34fc3485407a1,both_added,added,added,,
15df3221b8b10bb99b0933ec13231405,d964e33eeff203b3e93f54eca93296ab,both_added,added,added,,
15f493bf654dfcc9568b02e80e0ffe01,2cfb5edcc17ccdac15b7ef5f6916dacc,pair_formed_naturally,exact,exact,1.0,1.0
1649bca5bb7e6ec752e2759dd86e3813,b34260fd8b5124669543a3f3b9ed04d1,both_added,added,added,,
165496baee2e4385d7b703343a3014d2,71ea84cebda6cd5599adada12a4f7b4b,method_a_added,added,exact,,1.0
165a882522eac3df0787377cdcc2c83b,1700200d642ccbe4483636e95bd840b5,pair_formed_naturally,exact,exact,1.0,1.0
165a882522eac3df0787377cdcc2c83b,7715d85538ea2977d9c4269e5b7e0a00,pair_formed_naturally,exact,exact,1.0,1.0
165a882522eac3df0787377cdcc2c83b,b6d7f354402010d31c4a0b9bccbd1352,pair_formed_naturally,exact,exact,1.0,1.0
1660afb0e49fa0c1b47ca5dea1697bd6,cdb107983f8b47d75b20429430967ada,pair_formed_naturally,exact,exact,1.0,1.0
167360d23f815021e61b4322495dfe54,965381bb51e481e1cbd574d582973784,pair_formed_naturally,exact,exact,1.0,1.0
167360d23f815021e61b4322495dfe54,ec8c84b0bd4163e1846e568646e6ab06,pair_formed_naturally,exact,exact,1.0,1.0
1684e92f1ff7a99f62ffdda350c7d919,7d00b9cf6d1a32ec74e41a3e81cff87e,both_added,added,added,,
1684e92f1ff7a99f62ffdda350c7d919,cbaf01a3284c713378a1fca58ad019ff,both_added,added,added,,
1692dbb1075715388749937f920c132f,c226a87a57abfcfbbc0bb472ff3b3aa7,method_a_added,added,exact,,1.0
16937006a51573f1983e4494d891b529,2d2af3e6122d9f43d3d6e661f6f082e9,pair_formed_naturally,exact,exact,1.0,1.0
16937006a51573f1983e4494d891b529,6cd0ec05d22fec7958d7517139c441a0,pair_formed_naturally,exact,exact,1.0,1.0
169e0a47e3d6a166773e4a86b2563e3b,54a100158f8eb9263d93528677f51988,pair_formed_naturally,exact,exact,1.0,1.0
16a5f84b5724c9bcd5df195ed02e173d,829f088c7407472c601d5398510df48f,pair_formed_naturally,exact,exact,1.0,1.0
16a5f84b5724c9bcd5df195ed02e173d,8d42b0d43574a0a3963eba8557236280,pair_formed_naturally,exact,exact,1.0,1.0
16a5f84b5724c9bcd5df195ed02e173d,90f9f5d1a6308b7ad1f2298b7376ea32,pair_formed_naturally,exact,exact,1.0,1.0
16a5f84b5724c9bcd5df195ed02e173d,d93a7d8f3434b8ee6807a3cef1d008b8,pair_formed_naturally,exact,exact,1.0,1.0
16bcb8094e9ee107446c80fababc0b06,554092d7cec1d0a1acde7cbbacc85608,pair_formed_naturally,exact,exact,1.0,1.0
16dec94d8c3cbff33d0737526690b0fb,22672e2fba92036440da6eb18fc668f6,pair_formed_naturally,unknown,unknown,,
1700200d642ccbe4483636e95bd840b5,488ed69d069eea00274dcfec3d2a4641,pair_formed_naturally,exact,exact,1.0,1.0
1700200d642ccbe4483636e95bd840b5,67a3711c3fb3ef108be12c9026b91567,pair_formed_naturally,exact,exact,1.0,1.0
1700200d642ccbe4483636e95bd840b5,7715d85538ea2977d9c4269e5b7e0a00,pair_formed_naturally,exact,exact,1.0,1.0
1700200d642ccbe4483636e95bd840b5,98a0b37fa16611954b94d6144887bb4e,pair_formed_naturally,exact,exact,1.0,1.0
1700200d642ccbe4483636e95bd840b5,b6d7f354402010d31c4a0b9bccbd1352,pair_formed_naturally,exact,exact,1.0,1.0
1702fc5015c6e6d992320291ace2c391,4936708bf5c76c393cbd9e0ec02558d7,pair_formed_naturally,exact,exact,1.0,1.0
1705afc6041b1d0941c1d3e2fe3c588e,5918c4b980c03557f05a9913766c7c28,pair_formed_naturally,exact,exact,1.0,1.0
1705afc6041b1d0941c1d3e2fe3c588e,ddb9f41a5f06ad7321c99a6b9bd732c0,pair_formed_naturally,exact,exact,1.0,1.0
173ad0dffde65ab11d3a9154cb32e828,f7aa3146f497c060168bcb14c199cf95,pair_formed_naturally,exact,exact,1.0,1.0
1749e83eb03b282819fd329f0fc3d1a6,5afaba3bd1ca0c362930ff8c0f5792ea,both_added,added,added,,
1749e83eb03b282819fd329f0fc3d1a6,b2483ae9276381083719e934f15bf804,both_added,added,added,,
1749e83eb03b282819fd329f0fc3d1a6,c4863ccc5844df01837cc644ff247480,both_added,added,added,,
17560204db356f70868e4080886fdaf7,3feed9944c0a2f952ed416396104a89e,pair_formed_naturally,exact,exact,1.0,1.0
1775939108cfe5bf2e18257ec13de0de,6b01ebadcfea0bff9f3c328cac2ee912,both_added,added,added,,
1786be14f9cdabcaa692c28f986e866c,40b746fbcff751e324d375709bed15d7,pair_formed_naturally,exact,exact,1.0,1.0
1791cf1268dd8768c15b7e85061e772d,7256254f8f8b7fb35ebb813ff5c25586,pair_formed_naturally,exact,exact,1.0,1.0
17b15711ab1810a6e2ebb4bbbf2f0cee,f785607f559ecda5f68796a34ea86b31,pair_formed_naturally,exact,exact,1.0,1.0
17c86b12fe804204526198c3bebff962,968e708f9c81a9710ace21bf67951d78,pair_formed_naturally,exact,exact,1.0,1.0
17de0284cceab4d576a4978b2847ebfc,6ff73dfc7039addd8b0c1ab08dfe5bdc,pair_formed_naturally,exact,exact,1.0,1.0
17ea720a612141669ac379eb68ace6f2,c4a41718b702fa29d134cb247ab590f7,method_b_added,exact,added,1.0,
17f5325fcdee7022598b13331b4b6421,875a1246c25456e55a48dac09ab44788,pair_formed_naturally,exact,exact,1.0,1.0
17f5325fcdee7022598b13331b4b6421,c9379a7ebe33a1cf504867e819574469,pair_formed_naturally,exact,exact,1.0,1.0
1814e377bb4f52a21e269b3a40953117,af3460a5cb825076ecc752ce80c9aa5e,pair_formed_naturally,exact,exact,1.0,1.0
1814e377bb4f52a21e269b3a40953117,c2c559a9ce47d5f33b9a4c893fecf4d5,pair_formed_naturally,exact,exact,1.0,1.0
1814e377bb4f52a21e269b3a40953117,db46581ddb749bb22f85f2e6e31d1356,pair_formed_naturally,exact,exact,1.0,1.0
1829949a2208ec4ac5ba9ffb398887eb,76ba9a0ea8b8fedd69c2bb54f82bb929,pair_formed_naturally,exact,exact,1.0,1.0
1851354511a6381ecdf12c750e17f79a,c4ba4cf6734c445ab67a0502e2c8d870,pair_formed_naturally,exact,exact,1.0,1.0
1851354511a6381ecdf12c750e17f79a,ec30d988e5f672ad8213bd9ce3ccfb3b,pair_formed_naturally,exact,exact,1.0,1.0
1863b699f5c4830f29680230c78a808c,59311a9ec8453cd3d5e3f2758aba7bc6,both_added,added,added,,
18653b18babb62a7d8aee9f0a3f636a5,31ff63fd85fd9a1019247f500d849f60,pair_formed_naturally,exact,exact,1.0,1.0
18653b18babb62a7d8aee9f0a3f636a5,7f11782afcbf3544e3f6e43cc4574e7c,pair_formed_naturally,exact,exact,1.0,1.0
187e264d6c506515a0445e1b95ae2e69,1eec7ae18f8955a395e3896d01998ace,pair_formed_naturally,exact,exact,1.0,1.0
189857d3a0a47fada7cbaaab37834fcc,7d1765d30b9bd6c230378746d897e77c,pair_formed_naturally,exact,exact,1.0,1.0
18c444ba1493376aee796c05cc5f1f4c,1a2492927f0a6bc75fafdef49548263a,both_added,added,added,,
18e7e03ffbaa1b4e6cbe69b4c4c32cf5,438d48e0bd7a096c1b188235c00dfb8f,both_added,added,added,,
18e7e03ffbaa1b4e6cbe69b4c4c32cf5,489d46239a672f1166b6927cbb480fd6,both_added,added,added,,
18f9d5ad0deeb2cdd32af3153036bc5c,399dc6ec9db751dcad66eb12f492ceef,both_added,added,added,,
18f9d5ad0deeb2cdd32af3153036bc5c,f5b569de0bcae1dfe29c062c81cff1d2,both_added,added,added,,
1904259b6c7ef862fc580ac1072c89b7,9c8345be568bb6013a0a35c1cb6061a6,pair_formed_by_refactoring,exact,signature_changed,1.0,1.0
191b924c5a312cab79c9780e8adbfcff,469e753674df18cb7bbce003e8d607e8,both_added,added,added,,
191b924c5a312cab79c9780e8adbfcff,d4bb78cc54c33e7dba1c5d0620b299d3,both_added,added,added,,
193b59d9e3d6e1bacfab9b70e8db8cb3,385ec05945b217b160378799a3d8e0bf,method_b_added,refactored,added,0.76,
193b59d9e3d6e1bacfab9b70e8db8cb3,69feca93d7db14d8221da3e87b27aec7,method_b_added,refactored,added,0.76,
193b59d9e3d6e1bacfab9b70e8db8cb3,c25984d863d9952b160034adf384f500,method_b_added,refactored,added,0.76,
194e59fa7601536f2fbd5a59141ce9c2,251ab4a4e5d7c33176077c556731f9b3,both_added,added,added,,
194e59fa7601536f2fbd5a59141ce9c2,a92593a1d0909d3423c4d5a6b2b80255,both_added,added,added,,
194e59fa7601536f2fbd5a59141ce9c2,ea7ee7a1c2640a23f64211e9a509b8d7,both_added,added,added,,
194ea3a7a2a06e24bb69a66876c2213c,fc5b5da8ec7a249557dabe8158dc4169,both_added,added,added,,
1952279dc72c6d2773f2b711f553e5f6,225bc9aed58a99e6b6326327d0e17aae,pair_formed_naturally,exact,exact,1.0,1.0
1952279dc72c6d2773f2b711f553e5f6,3a67a2b7a2c7d6b8db9ab80aca28fb3d,pair_formed_naturally,exact,exact,1.0,1.0
1952279dc72c6d2773f2b711f553e5f6,edb8d0c5aea863b70014557b91000dbf,pair_formed_naturally,exact,exact,1.0,1.0
197e1bed5ebe062b98d22a3e2f8e25f9,48b62716839b3e8cc2e68e086f89e3f7,pair_formed_naturally,exact,exact,1.0,1.0
19893983cf68c252f4422c8eb92aacad,40a66ce1fff9859012a2bebb589b5e29,both_added,added,added,,
199acfbbe48daf35e794cdb5f9024252,2696df784b2731560e298f299dc1adcf,both_added,added,added,,
19a4cfefcb91018045fb90ffedfe50ad,53674ad5dfb438a78c6b4e0213ac9566,pair_formed_naturally,unknown,exact,,1.0
19b23363d6b8953a6bebec48825337bb,2823e40e614fde772204f6b6e13d4f71,both_added,added,added,,
19b23363d6b8953a6bebec48825337bb,524ff783b1e5d615ef751d19e3286bfa,both_added,added,added,,
19b23363d6b8953a6bebec48825337bb,5fa255f34487822ac7c02e4bf69d55e6,both_added,added,added,,
19b23363d6b8953a6bebec48825337bb,ba888a6eb491a060a5d5cca52dbb9251,both_added,added,added,,
19b23363d6b8953a6bebec48825337bb,dadda8e54224b3e72951c2eb1cbb7320,both_added,added,added,,
19b23363d6b8953a6bebec48825337bb,df91be44c96b95ee7828e0aa2f857de9,both_added,added,added,,
19b23363d6b8953a6bebec48825337bb,f5f73c0ec17d62359279993fe6eae29c,both_added,added,added,,
19cad16bbfb572dd1083c74b1d17365a,48b5163d81676e9aec375ca3b652c879,pair_formed_naturally,exact,exact,1.0,1.0
19cc2255059cc6d991f32ee8da99a333,4cad35744372b6d8089edc8ed4fd2068,method_a_added,added,exact,,1.0
19ce6fdfb032061a847493c8bdcaefe6,88c030fa234aaf9c94ecfadd73be429a,pair_formed_naturally,exact,exact,1.0,1.0
19ce6fdfb032061a847493c8bdcaefe6,9602ad376ef7e004aaa0a4980d183686,pair_formed_naturally,exact,exact,1.0,1.0
19e64e1d3f3b2b27c80ca632f63db0a6,94d6aa35ca505a35d438d7f0e951d98a,pair_formed_by_refactoring,signature_changed,exact,0.97,1.0
1a0390e92fd195bf0b1df233bd859ae1,306357e3d88481a3f60db1641de9cebb,both_added,added,added,,
1a4e9a2ea8e81e7d9d89dc3f60ecbb76,20225d650c2475de734941192a2474cf,both_added,added,added,,
1a5a30a5e315ef4f09cfc1357cbfc281,7d82f9d6dc24562f9f4227f1ef2fd042,pair_formed_naturally,exact,exact,1.0,1.0
1a8609fcc2a09d5bd132db95e82052e2,6273c91073ef1cc6fe69c0b79a89ef04,pair_formed_naturally,exact,exact,1.0,1.0
1a8609fcc2a09d5bd132db95e82052e2,676cb77e682a2b411c80572d975b00a4,pair_formed_naturally,exact,exact,1.0,1.0
1a8609fcc2a09d5bd132db95e82052e2,69226d6303e71dfcb94fc542ebcd62f4,pair_formed_naturally,exact,exact,1.0,1.0
1a8609fcc2a09d5bd132db95e82052e2,81a4d361dd968b29d549c255ecd09311,pair_formed_naturally,exact,exact,1.0,1.0
1a8609fcc2a09d5bd132db95e82052e2,933345909e1a78f9c9be546004f26d50,pair_formed_naturally,exact,exact,1.0,1.0
1a8609fcc2a09d5bd132db95e82052e2,a79e72f6bdf429a406369fde7cd337a3,pair_formed_naturally,exact,exact,1.0,1.0
1a8609fcc2a09d5bd132db95e82052e2,e73007039d275412b0b3021d678992b3,pair_formed_naturally,exact,exact,1.0,1.0
1a8609fcc2a09d5bd132db95e82052e2,f3d878b84342a9fbd714e4fb73f4d5a7,pair_formed_naturally,exact,exact,1.0,1.0
1a8bd6adecdc4a1522ab99856cac1422,c0ab1cb67cc9bb65daf90252019ea88f,pair_formed_by_refactoring,moved,moved,0.97,0.99
1aa4130844bb07088afe0d285421377a,785dff603b61d827f3a36e695a3c97fc,pair_formed_naturally,exact,exact,1.0,1.0
1ab4a05dbcace719ca282fbbf752b96a,c0c1bc22057a4d3e07ba53ee0168e374,pair_formed_naturally,exact,exact,1.0,1.0
1adae3821f91c3d71a4712a17abe50cd,23c53340cbef61f3b04f32ff260603d4,pair_formed_by_refactoring,exact,signature_changed,1.0,0.93
1b0aa7a1ee4802e9b1f3860a57e7ab75,50e44ded09ad3c07711bb5d522ff4359,method_a_added,added,exact,,1.0
1b39401be0fcb5c8426172c633c2a672,46db5a460f7aacdb45c4ac52f349087b,both_added,added,added,,
1b5df5a2859eba00b1cd1f1d8cbba84b,1bf0f5b1ea5d756e347d1bba2cac520d,pair_formed_naturally,exact,exact,1.0,1.0
1b5df5a2859eba00b1cd1f1d8cbba84b,591dfa06cb98614ac1d77894317eb539,method_b_added,exact,added,1.0,
1b6daf62b9883336d0085592aac72a48,a8a10de6875b178581f23402eb76c653,pair_formed_naturally,exact,exact,1.0,1.0
1b6daf62b9883336d0085592aac72a48,ae434a1a6cb8e16916b646103c68fc26,pair_formed_naturally,exact,exact,1.0,1.0
1b6daf62b9883336d0085592aac72a48,cd42fd78e997cf68955128cc608e4a8e,pair_formed_naturally,exact,exact,1.0,1.0
1b74fbc45c4ff330fc086e363b85bf8e,5b42cea4ab6b6cf9fd5b24ccd2faef7d,pair_formed_naturally,exact,exact,1.0,1.0
1b9a6c5769c06a718fb0261ba101460e,d7eaccdf9ce4efea4bb90c448121583f,pair_formed_naturally,exact,exact,1.0,1.0
1ba1a98ef664cf9ec922545e4e2159ff,9d43ca86ba40d59780f96bb1565eb307,pair_formed_naturally,exact,exact,1.0,1.0
1bb3d8dbbff105d77f4b481faf30e433,8c7ee2d1b901cdf671824388bd37ca58,pair_formed_by_refactoring,signature_changed,signature_changed,1.0,0.94
1bb3d8dbbff105d77f4b481faf30e433,dbe90c9d42d17133fe9ffda503837909,pair_formed_by_refactoring,signature_changed,signature_changed,1.0,0.96
1bd1981e0adf1a038589b3d6caa39982,7a31b98d9375473783e8b1f8f7012faf,method_b_added,exact,added,1.0,
1bd1981e0adf1a038589b3d6caa39982,b0c61f6d50d93bc1d5618835bdd23986,method_b_added,exact,added,1.0,
1bfcfafb2848388860c768e82abec324,b096405376b84c6ad0968f0a3472e518,method_b_added,exact,added,1.0,
1c2148c8aab5c224738598a6455576a8,34fc0be9c0d6be8b4f1020a97db73dd6,pair_formed_naturally,exact,exact,1.0,1.0
1c2473c681666e51c9238ca2d275489b,61820c718f7207784661df598548a862,both_added,added,added,,
1c438019b06095d631912709dcc036dc,efd16c4e9587836732ff6163ca1563dc,both_added,added,added,,
1c496e8452dcc31fb5d790961679d04c,a326ffee33f0f75b78ac8de923228b9e,pair_formed_naturally,exact,exact,1.0,1.0
1c66b5035ca7abeeab6350d3d9c0f570,31d0cd90420d542c3c16c2637d3a7538,both_added,added,added,,
1c66b5035ca7abeeab6350d3d9c0f570,6b876c643ab20acedc954de3b6905ca6,both_added,added,added,,
1c66b5035ca7abeeab6350d3d9c0f570,81d66439d5387839f9a8eaa61344f74c,both_added,added,added,,
1c66b5035ca7abeeab6350d3d9c0f570,932ed8d306ad11d16d6a6286ebc47142,both_added,added,added,,
1c66b5035ca7abeeab6350d3d9c0f570,a12fa711d8635ac9ca8ac03a750036ba,both_added,added,added,,
1c66b5035ca7abeeab6350d3d9c0f570,a776c62221f9d8ccde3bf430999b09a7,both_added,added,added,,
1c66b5035ca7abeeab6350d3d9c0f570,db4aabab9d060f08934c0d6a9cc01948,both_added,added,added,,
1c66b5035ca7abeeab6350d3d9c0f570,dbb2e21416e94cea8c9513914ab9f13e,both_added,added,added,,
1c66b5035ca7abeeab6350d3d9c0f570,ea4b0129228912f9e088a7706d801b92,both_added,added,added,,
1c68208d0a92bca96645c357e4d6a83d,e6f3bb40154d62165d47df5b06702c8c,pair_formed_naturally,exact,exact,1.0,1.0
1c6d17d6ee3bb269f7a57c5d589eb10a,59f05de2516e8c8be6278901dcc89f9a,pair_formed_naturally,exact,exact,1.0,1.0
1ca50b9b4e1324aa89447c356874ffdb,a4c36aecf00d2af7e123d2e35a468e2e,pair_formed_naturally,exact,exact,1.0,1.0
1ced5cc8e7815ece512fe2f9dcad3775,caac86243d80f379d918a2f884ce494a,both_added,added,added,,
1cf1734e5af58b27649ed56f0cb979f4,cea2a8b83dec90b7bf94f0b1697513b0,pair_formed_by_refactoring,signature_changed,exact,0.96,1.0
1cf53e990a7c58da8c8969a34205d9ea,ec1b413e30d1efd9aeb41b5cde6fcfec,pair_formed_naturally,exact,exact,1.0,1.0
1d0b61955f20578bc563878a316f8300,9cd830774f68601277affeb063245c12,pair_formed_naturally,exact,exact,1.0,1.0
1d954af75d7d81f32b81c3e603c97d2e,7f6e0c7de6522b6f6dad62138d9bc004,pair_formed_by_refactoring,signature_changed,exact,0.76,1.0
1da869d5355ac67ddc65d214a90d8505,34a76d1929cfb4086227b8cb47ed1205,pair_formed_naturally,exact,exact,1.0,1.0
1db13aee2497e34d03fb1f8c68d54a1b,4a8e6c8cd8b666945c8a65c728b1d333,both_added,added,added,,
1db13aee2497e34d03fb1f8c68d54a1b,af7424a5ba9142c4ff5ca4d40ba242ef,both_added,added,added,,
1db13aee2497e34d03fb1f8c68d54a1b,c8bbcad099444a5337b50e536a82c392,both_added,added,added,,
1db13aee2497e34d03fb1f8c68d54a1b,e7a35d0a40f5864e92383dc843c1898d,both_added,added,added,,
1db13aee2497e34d03fb1f8c68d54a1b,fb1e278b364f7b4975d0d4c2a2211edd,both_added,added,added,,
1dc9b086ea12600b28779bce8a0b21ce,59157f07df5b0b10f5e4c2609c66a5f4,pair_formed_naturally,exact,exact,1.0,1.0
1dc9b086ea12600b28779bce8a0b21ce,ce0075cfcae73f629c7016eff6496bbf,pair_formed_naturally,exact,exact,1.0,1.0
1de3226e3d0c182664165db5ed94b331,841f7f265a8bb562b8f676276e0d0dd2,both_added,added,added,,
1de3226e3d0c182664165db5ed94b331,9c16de8b42790faa8cffa72fa86febbc,both_added,added,added,,
1de41e5e62fc132a334bc7f22c5015a0,db5f57da90e82ec4367ff1622497e21f,pair_formed_naturally,exact,exact,1.0,1.0
1e358ac3051bb99fd21aa877f7fa4f20,7a984385460c6d0d42c45901a8390dd1,pair_formed_by_refactoring,signature_changed,signature_changed,1.0,0.93
1e358ac3051bb99fd21aa877f7fa4f20,c02d7599b21158c19c49a9a6ac19a6a2,pair_formed_by_refactoring,signature_changed,signature_changed,1.0,1.0
1e45d453341be8b4048e4656675a2197,ff9c0c55ab44d5dfb91e04943bc41fcb,both_added,added,added,,
1e7487eb4711984592be2d7c0f99df49,4647d9d7bebf839617c9805bb2787395,pair_formed_naturally,exact,exact,1.0,1.0
1e98dd9aacd6b0f6a48b2c0af3911a66,d726f8aa2f119cc872da9362e02d05e4,pair_formed_by_refactoring,moved,moved,0.98,0.98
1eb244f43dc3604cdb1e87233fc8076f,9792669937e9d91f59ae67f8d5363603,both_added,added,added,,
1ec9aacc91a419677e9df53d00e9489f,7352d982d66f42dfb72e359bd614ff86,both_added,added,added,,
1eca76e1eda78b0fcb83554d2a6e9497,4833aa5a98ea560f23104a510b1d0856,pair_formed_naturally,exact,exact,1.0,1.0
1ee52a9c7ab588a5a89f27b43b3efc99,e23be1c31fc84f4a79b795492be790d3,pair_formed_naturally,exact,exact,1.0,1.0
1ee97b801b064dbc4678a41e9908fbd0,29fbff759d7e9043a879227631ee3cdf,pair_formed_naturally,exact,exact,1.0,1.0
1ee97b801b064dbc4678a41e9908fbd0,42abfc9d8ecaa1e6d05a4de32b7f52fd,pair_formed_naturally,exact,exact,1.0,1.0
1eec7ae18f8955a395e3896d01998ace,f1d2707f035e390978129d7013eae378,pair_formed_naturally,exact,exact,1.0,1.0
1f00a1e8569cb07974035185de417580,1f50356ff637877a91bd631596fdfebc,both_added,added,added,,
1f00a1e8569cb07974035185de417580,43dc844e2bf4f4a592e2d74c17441335,both_added,added,added,,
1f00a1e8569cb07974035185de417580,b53e470154bcab64c3732470e965a76a,both_added,added,added,,
1f048fd97411dc751bcb9708d22d69bd,df8ce2a261f72c7ec11192dde981b28b,pair_formed_naturally,exact,exact,1.0,1.0
1f0d5373f6bb76403df24dc6e740828c,81e93d5d04c961acacf1c87d39fb4f79,pair_formed_naturally,exact,exact,1.0,1.0
1f1f6a66ad07e4a4663c2a2b195ac7b2,a6c31f0bcbb6bd811a0afa56c58653ae,both_added,added,added,,
1f1f6a66ad07e4a4663c2a2b195ac7b2,f1e4d9e011d5d21b6aab40b82e2ae233,both_added,added,added,,
1f3c61eb29ad30fd9a007bd5926481a9,e412135f58733e256de01ff814fa65dc,pair_formed_naturally,exact,exact,1.0,1.0
1f479b0fbed5f18708032b39e64bebaf,f9bf60d70a6dcb2025bd095e621981cb,method_a_added,added,refactored,,0.72
1f50356ff637877a91bd631596fdfebc,43dc844e2bf4f4a592e2d74c17441335,both_added,added,added,,
1f50356ff637877a91bd631596fdfebc,b53e470154bcab64c3732470e965a76a,both_added,added,added,,
1f56bb29cef491aac37922b395db9485,dd48cc035d3dc7e1cb01dc8216b4af20,pair_formed_naturally,exact,exact,1.0,1.0
1fc7c61b5af6cca79c1eb9492e929150,77536574e821a959783fa094b9954b20,both_added,added,added,,
1fc7c61b5af6cca79c1eb9492e929150,bd895edcc540019f1f8654ae68b39021,both_added,added,added,,
1fd15044417c326978da45f3b3e8578e,e73007039d275412b0b3021d678992b3,pair_formed_naturally,exact,exact,1.0,1.0
1fe42a57f4951377d4c0467d11d4ce42,2f8ee1ba396478476f08ff4c83bb83d5,both_added,added,added,,
1fe42a57f4951377d4c0467d11d4ce42,b6e570add69dd18bc4fd93ee6c0fee3d,method_a_added,added,refactored,,0.88
1fe42a57f4951377d4c0467d11d4ce42,df960fb1ae0346fe931d1a42695c4851,method_a_added,added,refactored,,0.89
1fec4db53cdd3d80cb8dc40b83bb2c35,84e53691e7098c2ad50e42c5993013d5,pair_formed_naturally,exact,exact,1.0,1.0
1fff61e9cbc77d2a2e18f24739dddd6c,2e7053716ee759b22a06b892de793c8e,pair_formed_naturally,exact,exact,1.0,1.0
1fff61e9cbc77d2a2e18f24739dddd6c,c7838726ccb72bcdae1bb41ddfea5239,pair_formed_naturally,exact,exact,1.0,1.0
200dfc78f2c576d9c02e1fdd646090f9,4c5b5b4e25f5bbb8ab3065c7bd3b0026,pair_formed_naturally,exact,exact,1.0,1.0
202721a97ef19df2d0cfe91d5dc42af1,7d6a5fdd57b8481bd62902dd80c90caa,both_added,added,added,,
203216c4dac63a420002b78304182455,d9c14525b207b700118cb89f54cb3b8e,pair_formed_naturally,exact,exact,1.0,1.0
2062a3ee8ad1b45745b4016dcfe78b3a,560eaa95a35ee65958c94c6ca84bc739,pair_formed_naturally,exact,exact,1.0,1.0
2062a3ee8ad1b45745b4016dcfe78b3a,77e6e337ca38c749641e09a5c86d4447,pair_formed_naturally,exact,exact,1.0,1.0
208351e65b3896bfdf154a64777be34e,925225ca2c03365bf100604f6d5dd82b,pair_formed_by_refactoring,moved,moved,0.95,1.0
208351e65b3896bfdf154a64777be34e,a2a29d1a23e65d84a0cf63d84fc14cc6,pair_formed_by_refactoring,moved,moved,0.95,0.98
20acb1ac475e72b551ea778f1ace6ff3,21beac2ab57e84f50f04c52285fa5e97,pair_formed_naturally,exact,exact,1.0,1.0
20acb1ac475e72b551ea778f1ace6ff3,25ed83c38b1fef07538a61e0414d1cda,pair_formed_naturally,exact,exact,1.0,1.0
20acb1ac475e72b551ea778f1ace6ff3,b779e459e42f9e1be09083283e336516,pair_formed_naturally,exact,exact,1.0,1.0
20acb1ac475e72b551ea778f1ace6ff3,e02368c13c127cf7f6386ffe4fd31ecb,method_b_added,exact,added,1.0,
20bb1e900faaad4148528ffd787acbee,39ed609004f42d14795249be9b534125,pair_formed_by_refactoring,signature_changed,exact,0.91,1.0
20edb1a49e9cb2b55a42cb5671689508,28fc27a8bf2cd1bbd41c6f45441336d7,pair_formed_naturally,exact,exact,1.0,1.0
20edb1a49e9cb2b55a42cb5671689508,2a5f3b94fc4feca838fc94b0adb724b5,pair_formed_naturally,exact,unknown,1.0,
20edb1a49e9cb2b55a42cb5671689508,4f70d471e780b93881bcbec3f564a99c,pair_formed_naturally,exact,exact,1.0,1.0
20edb1a49e9cb2b55a42cb5671689508,a709ec451500abc718b9ed1a811fa02a,pair_formed_naturally,exact,unknown,1.0,
20edb1a49e9cb2b55a42cb5671689508,b996863d88c04f2d215c89d20c13e039,pair_formed_naturally,exact,exact,1.0,1.0
20edb1a49e9cb2b55a42cb5671689508,e101254a310dd366a80c20e295105d30,pair_formed_naturally,exact,unknown,1.0,
20edb1a49e9cb2b55a42cb5671689508,f01dd05ca756595e1ba4dc06010f08b4,pair_formed_naturally,exact,exact,1.0,1.0
20ffc5e592e7611c4af58807d1c19355,69331652680052583c25b9a3334eeb6e,pair_formed_naturally,exact,exact,1.0,1.0
211f40d094ae75b7afe98f54890b5d1d,98e785d4af78c09adcb2a25f409d136b,pair_formed_by_refactoring,signature_changed,exact,0.93,1.0
2125e4a0e7aa7df59e5f73d4a1d1f1f7,6b2c57e772dd2e50d073f1f0da698c9f,pair_formed_naturally,exact,exact,1.0,1.0
2125e4a0e7aa7df59e5f73d4a1d1f1f7,908ce4faf80cbf7f5c5b12c879b3e86f,pair_formed_naturally,exact,exact,1.0,1.0
21462a3817bb9608c726c12e3e403096,4504abf3663dfe090c713f92b706fb20,pair_formed_naturally,exact,exact,1.0,1.0
214883b5f490b1d5c5c9c69d3d50f72d,e19d066ae4fd0fd60f5981a293b9d944,pair_formed_naturally,unknown,exact,,1.0
21beac2ab57e84f50f04c52285fa5e97,341e036da84c886caf9dc5420227fd16,pair_formed_naturally,exact,exact,1.0,1.0
21beac2ab57e84f50f04c52285fa5e97,4fc8d78ee653e092493fc666be63c759,pair_formed_naturally,exact,exact,1.0,1.0
21beac2ab57e84f50f04c52285fa5e97,513f21a13a77a2c71c665c1c0b6d3689,pair_formed_naturally,exact,exact,1.0,1.0
21beac2ab57e84f50f04c52285fa5e97,66ac7edc38dcf29b814d9ea9541cdab2,pair_formed_naturally,exact,exact,1.0,1.0
21beac2ab57e84f50f04c52285fa5e97,804b193fe6a687725bdff6a88454e9dd,pair_formed_naturally,exact,exact,1.0,1.0
21beac2ab57e84f50f04c52285fa5e97,8d57944ef3d164eca8f7f21bbec25def,pair_formed_naturally,exact,exact,1.0,1.0
21beac2ab57e84f50f04c52285fa5e97,9c8c278e90d23fb9a92d9ece945e1160,pair_formed_naturally,exact,exact,1.0,1.0
21beac2ab57e84f50f04c52285fa5e97,a41e3ac79923c164abce2e1f8db76b9c,pair_formed_naturally,exact,exact,1.0,1.0
21beac2ab57e84f50f04c52285fa5e97,b19c4a2c371b4892a211a652f50ef6df,pair_formed_naturally,exact,exact,1.0,1.0
21beac2ab57e84f50f04c52285fa5e97,cb182ce76186819035b2379f96c39910,pair_formed_naturally,exact,exact,1.0,1.0
21beac2ab57e84f50f04c52285fa5e97,df9bc57362a34c916f6fa5763b610629,pair_formed_naturally,exact,exact,1.0,1.0
21beac2ab57e84f50f04c52285fa5e97,ebabf3af1ff66f556311b6d8a1734cdc,pair_formed_naturally,exact,exact,1.0,1.0
21beac2ab57e84f50f04c52285fa5e97,efe449a07e94582b54dc4d71ccd8aca4,pair_formed_naturally,exact,exact,1.0,1.0
21cc8d943fbc78e9221ed5452faa11aa,be8e0a934dbaa19d2de16314195b3b3d,pair_formed_naturally,exact,exact,1.0,1.0
21e25ce4a46723874d72ea17cceb9080,5cc34a50b64417c1603aa59d9e6a03c5,pair_formed_naturally,exact,exact,1.0,1.0
21e25ce4a46723874d72ea17cceb9080,669813a3639bf764b0388011b1d002a6,pair_formed_naturally,exact,exact,1.0,1.0
21e25ce4a46723874d72ea17cceb9080,82fd9ecaa566d830d99212ab1d12076a,pair_formed_naturally,exact,exact,1.0,1.0
21e25ce4a46723874d72ea17cceb9080,92cbc53edce88dd0a6e584d364fe841c,pair_formed_naturally,exact,exact,1.0,1.0
21e25ce4a46723874d72ea17cceb9080,e58d5ce246fb3699c7d2caafce64ac1a,pair_formed_naturally,exact,exact,1.0,1.0
21e5eece434c90f7ecc1f1efc1000bf7,515022c5f4000447a08bc0f1c4eaef2a,pair_formed_naturally,exact,exact,1.0,1.0
221e3bd36c0ba8f0babd26c649bf64fd,30c213dcbf6fb61ac4afb29571901a58,both_added,added,added,,
221e3bd36c0ba8f0babd26c649bf64fd,47aefbc68c7917d10c4506de3f89fc5a,both_added,added,added,,
221e3bd36c0ba8f0babd26c649bf64fd,48f9ef965d8f60cc3011de293db9a215,both_added,added,added,,
221e3bd36c0ba8f0babd26c649bf64fd,9e6bdbd7c537913b504d1b0d51954164,both_added,added,added,,
221e3bd36c0ba8f0babd26c649bf64fd,f3a4454aee96d64f85e70296da88a385,both_added,added,added,,
221e3bd36c0ba8f0babd26c649bf64fd,f9bbe9e74de9cb9788755a22ead22556,both_added,added,added,,
2228849c6c4c68a72596225c73dfa1cc,3bee48e85fc503477116ac6c4fc83c8c,pair_formed_naturally,exact,exact,1.0,1.0
224585ce3e5b9385ede13a60246ea7bd,5d1536f166b1979a6bdf606f9a30d090,pair_formed_naturally,exact,exact,1.0,1.0
224585ce3e5b9385ede13a60246ea7bd,92b01d4d81bb369ba2163ac6e2b7c90d,pair_formed_naturally,exact,exact,1.0,1.0
224585ce3e5b9385ede13a60246ea7bd,fbf174c70fabbf3ac3a7e5cf1aac2ffa,pair_formed_naturally,exact,exact,1.0,1.0
2246da650dab8c21384aef06601d77d7,c5aed35a6b33100e22d3e674fa5b25ac,both_added,added,added,,
225bc9aed58a99e6b6326327d0e17aae,3a67a2b7a2c7d6b8db9ab80aca28fb3d,pair_formed_naturally,exact,exact,1.0,1.0
225bc9aed58a99e6b6326327d0e17aae,acd51beece06877cae492fce77cb5fec,pair_formed_naturally,exact,exact,1.0,1.0
225bc9aed58a99e6b6326327d0e17aae,edb8d0c5aea863b70014557b91000dbf,pair_formed_naturally,exact,exact,1.0,1.0
226070d611ffc614e16cfcee3150dc90,67fcc3bc64ca5460d4ddcfe5f1c281fc,pair_formed_naturally,exact,exact,1.0,1.0
22611c31de469500415c0c3b514ca260,285baff14da51f76c831f5d8e43de87c,both_added,added,added,,
22672e2fba92036440da6eb18fc668f6,e6f3bb40154d62165d47df5b06702c8c,pair_formed_naturally,unknown,exact,,1.0
2269a598194ba29f05015c0cd466ed31,6fe27b28de3ef0cb2afe7c981559188f,both_added,added,added,,
2269a598194ba29f05015c0cd466ed31,86e2902281e6c7d69d3b9cb1f3d4e030,both_added,added,added,,
2269a598194ba29f05015c0cd466ed31,f2ab35e4cefd09e08dc47ebf996d16e6,both_added,added,added,,
22768fdf7414e64ea8b8dad43a2380c5,a42e8bdd03e1061b60b83bbad3e22846,pair_formed_naturally,exact,exact,1.0,1.0
22a1d004972573216d92a1b872154db8,8fcecb97d2d80723bb7dcc75b8f62bd6,pair_formed_naturally,exact,exact,1.0,1.0
22c67e38dddb07e2395456295aa67c59,31497ee241af5059b55a768692bc000e,pair_formed_by_copy,exact,refactored,1.0,0.8
22d148cdef94f1abe0800b28853a324f,7d1402e90137234b1447b7dbb4e36781,pair_formed_naturally,exact,exact,1.0,1.0
22e2fd1e473e9dc05f654495c6123197,3b7e760c0238a76f75506ae5692f95d2,both_added,added,added,,
22e2fd1e473e9dc05f654495c6123197,8ff099acb79da4d0bbcc3065c3930e10,both_added,added,added,,
22e2fd1e473e9dc05f654495c6123197,d059ffbb7789b8f0e6ec459e0a6ecb49,both_added,added,added,,
22e2fd1e473e9dc05f654495c6123197,e5f4240dfd0eeb354a560fbadc120160,both_added,added,added,,
22e2fd1e473e9dc05f654495c6123197,e79a26779cb2af035a2de65d98c8a8c3,both_added,added,added,,
22fccd5415726aaab825f1891068f00f,7dec7ade0bcb663b3e00f1b5e3b0aecb,pair_formed_by_copy,exact,refactored,1.0,0.73
230b4f045d0052c4f2df086220eb9538,35e14b7851c02ba85381682c8cea7983,pair_formed_naturally,exact,exact,1.0,1.0
230b4f045d0052c4f2df086220eb9538,433ae43c7cee7052864773e339faf4d5,pair_formed_naturally,exact,exact,1.0,1.0
230b4f045d0052c4f2df086220eb9538,45c1cc6e91362367c53d666d586a51c1,pair_formed_naturally,exact,exact,1.0,1.0
230b4f045d0052c4f2df086220eb9538,51726bce436a85b3e9b7b490a2c3201b,pair_formed_naturally,exact,exact,1.0,1.0
230b4f045d0052c4f2df086220eb9538,5a6028485173c1b991052c9940b210cd,pair_formed_naturally,exact,exact,1.0,1.0
230b4f045d0052c4f2df086220eb9538,aae96615e4d09bdc445ab9edd8a7f412,pair_formed_naturally,exact,exact,1.0,1.0
231edf04897455289a507f619143e6f9,c62532909353354caf4c3f34091f5d21,pair_formed_naturally,exact,exact,1.0,1.0
23225aa8cac7d4b5192a0550bb40d5a8,90f9ca364f8d6abb1c441b9796ec1f15,pair_formed_naturally,exact,exact,1.0,1.0
23225aa8cac7d4b5192a0550bb40d5a8,a9d66ea8c86379d4bcfbb3cf312b1b53,pair_formed_naturally,exact,exact,1.0,1.0
23225aa8cac7d4b5192a0550bb40d5a8,c3c2c9bceee87cfa818206299386f4b4,pair_formed_naturally,exact,exact,1.0,1.0
2357db4b3bbae8f3588dc2a9eb193745,b096405376b84c6ad0968f0a3472e518,method_b_added,exact,added,1.0,
236d7a8dc9ad2dfed6d9e758a3feaa06,9a2f97be75f1209ff5953d2309c21035,pair_formed_naturally,exact,exact,1.0,1.0
23977dabd20e22fbb77e57a9e4e869f2,c64d9f5b177f7c8ca24539b40ecaec2a,both_added,added,added,,
239a0de22375cc4dd85d9e7204778a2e,432242d58d59ca919b3c969085ec3120,pair_formed_naturally,exact,exact,1.0,1.0
239a0de22375cc4dd85d9e7204778a2e,56f159fc546498a95a509962e81da009,pair_formed_naturally,exact,exact,1.0,1.0
23ad28cfd80ac8688c9864834fdf2438,4c4209db19f1c05ba39462d5719de930,pair_formed_naturally,exact,exact,1.0,1.0
23ad28cfd80ac8688c9864834fdf2438,d03bcf831dc5d26f8ce2173c8d70ed74,pair_formed_naturally,exact,exact,1.0,1.0
23f86255146f62f550c94900551df7b5,286d2f66f17674cacaed58db33c311a3,pair_formed_naturally,exact,exact,1.0,1.0
23f86255146f62f550c94900551df7b5,45983498f310dbf6a5ef52663532b4dd,pair_formed_naturally,exact,exact,1.0,1.0
23f86255146f62f550c94900551df7b5,b9917e6044829bf8fb11ed303a85b131,pair_formed_naturally,exact,exact,1.0,1.0
244e178d10dcdc94e9421636f2a6e7a0,b11a3241f5e07e12f10bd6356990833d,pair_formed_naturally,unknown,exact,,1.0
246627a864556fcf39d8240aa3feb1ad,c783fe4120bc26886476bf81cbd51431,method_b_added,exact,added,1.0,
248b846aa4be032aef6bb464e56d5d26,76b51e29cb5648aec59dcb96e5461343,pair_formed_naturally,exact,exact,1.0,1.0
24a58494d97947c8278f5c41a583e352,5167c1a87950d0da8f6b0bdf5b4050d8,pair_formed_naturally,exact,exact,1.0,1.0
24bb0967ac5cdf91ebdc067315cd528f,731819d2aae1e82b7a1c0fdb40c3af39,pair_formed_naturally,exact,exact,1.0,1.0
24cf7bc6764538ddb2e2db1653a49f19,8ae8e1c926cf46fd446731ff886265f1,pair_formed_naturally,exact,exact,1.0,1.0
24cf7bc6764538ddb2e2db1653a49f19,b75ec619ac84b0aeb9442fbcaa62b5bf,pair_formed_naturally,exact,exact,1.0,1.0
24cf7bc6764538ddb2e2db1653a49f19,d160d8b3894c838157dbdf113ffec28d,pair_formed_naturally,exact,exact,1.0,1.0
24d983cdebdb05f2ddda2a8d8ca2416c,e6e88a34cc93f1abd27c9e37340efc03,pair_formed_by_refactoring,moved,signature_changed,0.99,0.98
251b0e8b6aab49062789223d1139d813,e889263f5dc4663a5a01e13873411402,pair_formed_naturally,exact,exact,1.0,1.0
2552455b22108b18ea315a64ec32aa6e,fd0aeaff1bb3b75b54b98ede740d8f15,pair_formed_naturally,unknown,exact,,1.0
2558749442c92083530014f1a3705830,ed65a5259ebcdf88297d8427fdb83bfc,pair_formed_naturally,exact,exact,1.0,1.0
2558749442c92083530014f1a3705830,f4d851770f29071e4ebfb2d62e6c18a0,pair_formed_naturally,exact,exact,1.0,1.0
256b7eab6318089864d01c93d255ffd2,937448a243cde1cbbe50285eb01e9b7c,pair_formed_naturally,exact,exact,1.0,1.0
25952f05780a8f0c05dbce5f71766e57,9a6ea0351c30a6d63bda81127a14000d,both_added,added,added,,
25a483d332590e452e4ef8c72e046047,d3a64c9a4a543c0ee0b1d640db8d56a6,both_added,added,added,,
25a483d332590e452e4ef8c72e046047,f94b2ef996f2f084a03d133f89a91c18,both_added,added,added,,
25abc1c37cb4a3677573a3c391360997,c3909295a4039b2a959097ffc482b9c3,pair_formed_naturally,exact,exact,1.0,1.0
25d4b51b6d3bdb9723790aa35ecc4c1b,285cac7c94dad382070bd77c2c0925a6,method_b_added,exact,added,1.0,
25d4b51b6d3bdb9723790aa35ecc4c1b,696f07b7849ded67f3a74ef41ec8d53b,pair_formed_naturally,exact,exact,1.0,1.0
25d4b51b6d3bdb9723790aa35ecc4c1b,a7aab367dcaefab41b9ecb79ba5aa377,method_b_added,exact,added,1.0,
25d4b51b6d3bdb9723790aa35ecc4c1b,bca23154a1c1b4f18f911620fa39ca05,method_b_added,exact,added,1.0,
25d4b51b6d3bdb9723790aa35ecc4c1b,d83acbe2742269bf9509236cfb8ecdd5,method_b_added,exact,added,1.0,
25d4d1a93bf11a45cc644c2327bb9e35,828d0d42830a9560d0e27cc814c84238,method_b_added,exact,added,1.0,
25ec40b8094e08adae562482b9df8196,731819d2aae1e82b7a1c0fdb40c3af39,pair_formed_naturally,exact,exact,1.0,1.0
25ed83c38b1fef07538a61e0414d1cda,d6ad0f0a2f1f69e412469ce57945d43d,method_b_added,exact,added,1.0,
2646b5f8c59b212fc49c57d6c8d42b44,60c94f44e03a8e742f1e4776a1b94273,pair_formed_naturally,exact,exact,1.0,1.0
2646b5f8c59b212fc49c57d6c8d42b44,f54ed108a797ac111500453570952279,pair_formed_naturally,exact,exact,1.0,1.0
267c4ea1c2fb099d73ed10c14045a92e,a7affc80c3def38b3eed84df059e2ecd,pair_formed_by_refactoring,exact,signature_changed,1.0,1.0
26990faa792c1e65f1da0614cc19283c,418ebe5b9822ee0e9c8bdbb0049cedba,pair_formed_naturally,exact,exact,1.0,1.0
26ac8371c3fd58efac66db57aa99b5f5,2b3a4aab03e788a632654bc30a52da94,pair_formed_naturally,exact,exact,1.0,1.0
26fa062e498ab799fed97f76931df78c,df0cb0169d4bb553d7c616167505e8ae,pair_formed_by_refactoring,exact,signature_changed,1.0,1.0
2708cd75354707c17f8196e4502d5130,3d306b1fd0d9ea79816710fe6a50d078,pair_formed_naturally,exact,exact,1.0,1.0
2721c49ce5dc7ed7ddb5510f000d700e,e15f936768ac7c2e70be709a50801be2,pair_formed_by_refactoring,moved,exact,1.0,1.0
272d0ae9138d2080a5559a85fac73224,a28501f204fc6d4f06d71c33382aa2c8,pair_formed_by_refactoring,moved,exact,1.0,1.0
274afd21ffa74ea3ed5db1a234ad5ebd,50bd6ffcf5906767e0c762b9f9b9135b,method_b_added,signature_changed,added,1.0,
274afd21ffa74ea3ed5db1a234ad5ebd,8aa28fd48d29e5867ccc903b53169001,pair_formed_by_refactoring,signature_changed,signature_changed,1.0,1.0
27527c3d90393d605ed461d72d94eba5,581178941920ed60bf81a4d882a7d272,pair_formed_by_refactoring,signature_changed,signature_changed,0.83,0.9
277546da6ca1e3a5600bb722a906ef77,af0609fb5240c03849a4dfeb2f63009d,pair_formed_naturally,exact,exact,1.0,1.0
277546da6ca1e3a5600bb722a906ef77,bbe9542e669586e3c7c0a245397c6d13,pair_formed_naturally,exact,exact,1.0,1.0
277546da6ca1e3a5600bb722a906ef77,c002418ea337bdbf757c42c19807be23,pair_formed_naturally,exact,exact,1.0,1.0
279640d9962782fcceff11b671f38271,3f93ac90828347504e6310fe5ddb793d,pair_formed_naturally,exact,exact,1.0,1.0
279640d9962782fcceff11b671f38271,be2f4a39cb6a616d47755dcac33a00c5,pair_formed_naturally,exact,exact,1.0,1.0
27bdb58dfe925cff98d9450ec74414c9,4f9422554b24da4fc8492818c44c131a,both_added,added,added,,
27bdb58dfe925cff98d9450ec74414c9,6f8a3d04c6457883332c342803ef5bb0,both_added,added,added,,
280e590af9aab00a8aadc8ef5ecdb09b,46466d932b09911988b396e823f49748,pair_formed_naturally,exact,exact,1.0,1.0
280e590af9aab00a8aadc8ef5ecdb09b,692129a055295d373e737c37b19b583a,pair_formed_naturally,exact,exact,1.0,1.0
2823e40e614fde772204f6b6e13d4f71,5fa255f34487822ac7c02e4bf69d55e6,both_added,added,added,,
2823e40e614fde772204f6b6e13d4f71,ba888a6eb491a060a5d5cca52dbb9251,both_added,added,added,,
2823e40e614fde772204f6b6e13d4f71,dadda8e54224b3e72951c2eb1cbb7320,both_added,added,added,,
2823e40e614fde772204f6b6e13d4f71,df91be44c96b95ee7828e0aa2f857de9,both_added,added,added,,
2823e40e614fde772204f6b6e13d4f71,f5f73c0ec17d62359279993fe6eae29c,both_added,added,added,,
285cac7c94dad382070bd77c2c0925a6,bca23154a1c1b4f18f911620fa39ca05,both_added,added,added,,
2899b52928d78bce819d8480d0050ee7,3c0e7f0fb538a2550ed193799fd91a0e,pair_formed_by_refactoring,signature_changed,signature_changed,0.77,0.78
2899b52928d78bce819d8480d0050ee7,85418a5681950b2ee079db9f9458cc3a,pair_formed_by_refactoring,signature_changed,signature_changed,0.77,0.8
28ab5f6bda08fb40e60304d71086f484,807303496a0607d8caeadf2db5317f1c,pair_formed_naturally,exact,exact,1.0,1.0
28aedf42bf9885dd6969ba82acd39012,ed33052ff2c0ef7b4673e997d433cc41,pair_formed_naturally,exact,exact,1.0,1.0
28c566b538c2edb22fd0cd4dc268c46e,f391323140c6e1ce99e53a47b927f5f6,pair_formed_by_refactoring,moved,exact,0.96,1.0
28ceaa7aa5a301141cafc8fe670bd5e5,2fde8d415cfc9f83df28afdb860c311e,both_added,added,added,,
28ceaa7aa5a301141cafc8fe670bd5e5,319b47029c8861f6d5ab2ef42eaddbc1,both_added,added,added,,
28ceaa7aa5a301141cafc8fe670bd5e5,49179d9346ae1cb54541e037ff5b3969,method_a_added,added,refactored,,0.75
28ceaa7aa5a301141cafc8fe670bd5e5,97d1ca200828d7ad1bbd7a97e1eb3731,both_added,added,added,,
28ceaa7aa5a301141cafc8fe670bd5e5,a5497ce90b83cb081f49dd7107cb2c8e,both_added,added,added,,
28ceaa7aa5a301141cafc8fe670bd5e5,b1d85f40eeaebe07ce63b310f61b30b0,both_added,added,added,,
28ceaa7aa5a301141cafc8fe670bd5e5,c2ddb56d2e51ced635eee3fdaec9e424,both_added,added,added,,
28ceaa7aa5a301141cafc8fe670bd5e5,d7bb0aeae2b991122feb3c042a898d75,both_added,added,added,,
28ceaa7aa5a301141cafc8fe670bd5e5,df7004a1c8839e393b922c3300dbd136,both_added,added,added,,
28d82e967e96162ed8d72c63eeab2413,fbe85df1f97030d4bafef1220fa94849,pair_formed_naturally,unknown,unknown,,
28fc27a8bf2cd1bbd41c6f45441336d7,2a5f3b94fc4feca838fc94b0adb724b5,pair_formed_naturally,exact,unknown,1.0,
28fc27a8bf2cd1bbd41c6f45441336d7,4f70d471e780b93881bcbec3f564a99c,pair_formed_naturally,exact,exact,1.0,1.0
28fc27a8bf2cd1bbd41c6f45441336d7,a709ec451500abc718b9ed1a811fa02a,pair_formed_naturally,exact,unknown,1.0,
28fc27a8bf2cd1bbd41c6f45441336d7,e101254a310dd366a80c20e295105d30,pair_formed_naturally,exact,unknown,1.0,
28fc27a8bf2cd1bbd41c6f45441336d7,f01dd05ca756595e1ba4dc06010f08b4,pair_formed_naturally,exact,exact,1.0,1.0
2907670f53c2291cae9086dea83b3603,b47a1244b454e57000c225d99f99ed5b,pair_formed_naturally,exact,exact,1.0,1.0
2907670f53c2291cae9086dea83b3603,b606d214511fa47db86123f3cdfa69cb,pair_formed_naturally,exact,exact,1.0,1.0
29166464b7d2134a6c751fc55c717b52,b05811d6340a94ee7a8b41dbad4375e6,pair_formed_naturally,exact,exact,1.0,1.0
293b293e2f93ba2748ce3b253bd2cb30,c9c977df252b1a17333808b17d20df55,both_added,added,added,,
293c4dcdb1b49afc0b336071af38f6ad,302c5ef380d44b12179f68cb1e5b13e4,method_b_added,refactored,added,0.73,
293c4dcdb1b49afc0b336071af38f6ad,42ab544077cb438db2209cf284ff2c1d,method_b_added,refactored,added,0.73,
293c4dcdb1b49afc0b336071af38f6ad,9e1f101c49f086e68827deedc68ca9e1,method_b_added,refactored,added,0.73,
293c4dcdb1b49afc0b336071af38f6ad,bce5971c0b980d8c2f92f7b56fb999eb,method_b_added,refactored,added,0.73,
295f3db09639469ee4a11f37f6d41d86,3ba337b90cc10436a383031356d56033,pair_formed_naturally,exact,exact,1.0,1.0
2965b73d15b840cfebd038dd544ffb3e,4815f0540dc8c9d535d68b9315554e23,both_added,added,added,,
298dda10c5baef2bed24ca31e9e5397b,827784845cf64152ffafad342724ce1b,pair_formed_naturally,exact,unknown,1.0,
298dda10c5baef2bed24ca31e9e5397b,e08c1193d08ad1ed6cb08c90ac31146e,pair_formed_naturally,exact,exact,1.0,1.0
29b07bf54aaaaab58eeb136bc729ab69,97f63d0e042dc1a48179a11635a02ae7,pair_formed_by_refactoring,exact,moved,1.0,0.94
29b07bf54aaaaab58eeb136bc729ab69,e9bd2f4165c3653c1c069fe4769b31b5,pair_formed_naturally,exact,exact,1.0,1.0
29b71394ecd5b0cb2dd732da991fda61,8b5103566f0696338ab1729994e2496b,pair_formed_naturally,exact,exact,1.0,1.0
29b71394ecd5b0cb2dd732da991fda61,92d62b7d3939d9b8dba34fc3485407a1,method_b_added,exact,added,1.0,
29c001892d55e3f36151de54db20af1c,ca9eaf7bc364752ff95f5421ef184eb1,pair_formed_by_refactoring,moved,moved,1.0,0.99
29cc4736a20faf6a8e90af7eb78e28ee,528d58b7a8beb497aa10830146b4bd09,both_added,added,added,,
29cc4736a20faf6a8e90af7eb78e28ee,52f69b1b36bfe5610a05b011adfad978,both_added,added,added,,
29d0877ff63c363a181a67093034b4c2,2f611ff7408658723ddd2ae7235e90a6,both_added,added,added,,
29f15c65101f1c17eeec4a534ebd64f6,368883ca087022ef1128d4e1323288dc,method_a_added,added,refactored,,0.85
29f15c65101f1c17eeec4a534ebd64f6,bb4b06f898c47a1e9bb43c46c14032bd,method_a_added,added,refactored,,0.84
29fbff759d7e9043a879227631ee3cdf,3c002290de7c43991aad4277a6c2994c,pair_formed_naturally,exact,exact,1.0,1.0
29fbff759d7e9043a879227631ee3cdf,42abfc9d8ecaa1e6d05a4de32b7f52fd,pair_formed_naturally,exact,exact,1.0,1.0
2a0de8ec2618edddc81f22f0a004b015,5d9553320158d0c6a30860653851f827,both_added,added,added,,
2a0de8ec2618edddc81f22f0a004b015,60e0586b60a0a5e8c078dafdd9470c28,both_added,added,added,,
2a0de8ec2618edddc81f22f0a004b015,7dcfdb782817dadab7e8488119d60bc8,both_added,added,added,,
2a2f79d221e6f6e81e641ee49cfd8506,5d412fa102cedf6037b2eda2a43136cd,pair_formed_by_refactoring,signature_changed,signature_changed,0.94,0.87
2a2f79d221e6f6e81e641ee49cfd8506,6d8107efe348079c1e02e416ddff1e27,pair_formed_by_refactoring,signature_changed,signature_changed,0.94,1.0
2a2f79d221e6f6e81e641ee49cfd8506,7fc81a48fc3dbb034b8e105be9cfc9dd,pair_formed_by_refactoring,signature_changed,signature_changed,0.94,0.9
2a2f79d221e6f6e81e641ee49cfd8506,bfdfc4305eac0a4b009705ea0d71ec8c,method_b_added,signature_changed,added,0.94,
2a4ab6cdc5714726ab3e374a9ab08e87,30c213dcbf6fb61ac4afb29571901a58,both_added,added,added,,
2a4ab6cdc5714726ab3e374a9ab08e87,48f9ef965d8f60cc3011de293db9a215,both_added,added,added,,
2a4ab6cdc5714726ab3e374a9ab08e87,f3a4454aee96d64f85e70296da88a385,both_added,added,added,,
2a4ab6cdc5714726ab3e374a9ab08e87,f9bbe9e74de9cb9788755a22ead22556,both_added,added,added,,
2a4fe6e44de21b86eab18f73d21828d1,f59802ac88ff061662aa9c927e42b3ec,pair_formed_naturally,exact,exact,1.0,1.0
2a5f3b94fc4feca838fc94b0adb724b5,4f70d471e780b93881bcbec3f564a99c,pair_formed_naturally,unknown,exact,,1.0
2a5f3b94fc4feca838fc94b0adb724b5,a709ec451500abc718b9ed1a811fa02a,pair_formed_naturally,unknown,unknown,,
2a5f3b94fc4feca838fc94b0adb724b5,b996863d88c04f2d215c89d20c13e039,pair_formed_naturally,unknown,exact,,1.0
2a5f3b94fc4feca838fc94b0adb724b5,e101254a310dd366a80c20e295105d30,pair_formed_naturally,unknown,unknown,,
2a5f3b94fc4feca838fc94b0adb724b5,f01dd05ca756595e1ba4dc06010f08b4,pair_formed_naturally,unknown,exact,,1.0
2a955a85e6e052b5f20231b1ac211eed,2c30de6f524ac5aa683d32e9330e5597,pair_formed_naturally,exact,exact,1.0,1.0
2a955a85e6e052b5f20231b1ac211eed,886968ae9e1a6ae319dbb07b8ba9776a,pair_formed_naturally,exact,exact,1.0,1.0
2a955a85e6e052b5f20231b1ac211eed,dbe44c4d5d0dc6d8bafda74d53303aa3,pair_formed_naturally,exact,exact,1.0,1.0
2aebb19789194ba3084665a88deb7c5c,8a3192c922f65d254197dae069368842,pair_formed_naturally,exact,exact,1.0,1.0
2aebb19789194ba3084665a88deb7c5c,a6452052fc7bf48a99a875016042c460,pair_formed_naturally,exact,exact,1.0,1.0
2b162db0d386bb90810e9090d93f3014,df6137e86d1e25f3d6969ba936328438,both_added,added,added,,
2b162db0d386bb90810e9090d93f3014,ef79b83617cdebc96b6609029b31012f,method_a_added,added,refactored,,0.77
2b23bb9dd1dd65b523d85603ce185c59,c1133db95f113168eab73fd2565cf737,both_added,added,added,,
2b6878464192fd89b116ee5fe5f19486,2eae61dafd2a382f2cf0adfb87576cf9,pair_formed_naturally,exact,unknown,1.0,
2b6878464192fd89b116ee5fe5f19486,660efe8651c01fba92416027fe6e4663,pair_formed_naturally,exact,unknown,1.0,
2b6878464192fd89b116ee5fe5f19486,b99bef2011fee1b30690f29eb3a58f00,pair_formed_naturally,exact,unknown,1.0,
2b6878464192fd89b116ee5fe5f19486,da8289a39351ea27ec783a9cbcce31a6,pair_formed_naturally,exact,exact,1.0,1.0
2b6878464192fd89b116ee5fe5f19486,dbb65ffc961a5d664ba6f79375bba2d6,pair_formed_naturally,exact,exact,1.0,1.0
2bb65d4d0e4439eaf7c43c8588d5d168,3e5e25be6f69c0b9ae9977928bd1d606,pair_formed_naturally,exact,exact,1.0,1.0
2bc5de043849c86e244426328da8ceae,ee6db94d8591978315812649e71c9bd8,pair_formed_naturally,exact,exact,1.0,1.0
2bcf32d3cabc5af7042aadbf2c741fac,b0df65cbb0ab7d7f909d908afcf29bc6,both_added,added,added,,
2bfc3c7056d5cb928eb398bb0f749770,492eb62f0975ffcc43962bdd540d2fc4,pair_formed_by_refactoring,signature_changed,signature_changed,0.75,0.7
2bfc3c7056d5cb928eb398bb0f749770,c1c8ed0cdcac4d9d3ab25b313fb25488,pair_formed_by_refactoring,signature_changed,signature_changed,0.75,0.91
2c051d4b1d2719c9ca84de994a80cda5,b071f07acc09b5a5b86427fcffa8dc58,both_added,added,added,,
2c0c19daffac6e2607dd46b95764bbec,35b38fb76faa7d0a22bbfe5a346eb6ee,pair_formed_naturally,exact,exact,1.0,1.0
2c30de6f524ac5aa683d32e9330e5597,dbe44c4d5d0dc6d8bafda74d53303aa3,pair_formed_naturally,exact,exact,1.0,1.0
2c5b2d4d18e2c2106ba6c8a39a6faa28,aff678c225279657ff70dea145f4e135,pair_formed_naturally,exact,exact,1.0,1.0
2c64e469328925baae222c06f0b12a9a,b94896cae66ae0373b2229d277fd2c15,pair_formed_naturally,exact,exact,1.0,1.0
2c6d1b921eebbf69bc4e4b57a5befc5f,3bba202b2989032db03f3355889cc9e6,both_added,added,added,,
2c6d1b921eebbf69bc4e4b57a5befc5f,afa36a4a8b39f95f30d30ec5f0b04716,method_a_added,added,moved,,1.0
2c724ed90d7253ffd0d5e92860cc665d,880e5d625ec2e43697368b3010a6df3d,pair_formed_naturally,exact,exact,1.0,1.0
2c724ed90d7253ffd0d5e92860cc665d,cdb5589590f3ae374ac6c70d4438a631,pair_formed_naturally,exact,exact,1.0,1.0
2cdbe99b4cd047573d36c72c78d8f31e,481661736b85dd65f93b1cba244aafe2,pair_formed_naturally,exact,exact,1.0,1.0
2cdc3557a21025a528ac3897f3fe0635,8c8fd60f2836c751dd35790b8a168953,method_b_added,exact,added,1.0,
2cdc3557a21025a528ac3897f3fe0635,9f379f1840033cbff05f0533c66055e0,pair_formed_naturally,exact,exact,1.0,1.0
2cdc3557a21025a528ac3897f3fe0635,b528a759df698676a9c5aaf28c567b8e,method_b_added,exact,added,1.0,
2cfb5edcc17ccdac15b7ef5f6916dacc,ba0ec85a07bae889311fdc3e02cf5b25,pair_formed_naturally,exact,exact,1.0,1.0
2cffdf0d215a07f7e81bd8d640bbffb3,5112bab9f1c7beca9bf613b2399c5ce1,pair_formed_by_refactoring,exact,signature_changed,1.0,0.89
2d1933d7662f0f0b77591e11485ebaea,dc9097596af7a1af23d2a3b00ed1ffe6,pair_formed_naturally,exact,exact,1.0,1.0
2d1a86c3cfd73dade8406e9b189c4dbf,a2fe2b90101712007817fb4bbe292301,pair_formed_naturally,unknown,unknown,,
2d2af3e6122d9f43d3d6e661f6f082e9,6cd0ec05d22fec7958d7517139c441a0,pair_formed_naturally,exact,exact,1.0,1.0
2d31352b4093917debe436af74f7183f,6b11fbe7edd58fb25f71ef3b50a5a6a9,pair_formed_naturally,exact,exact,1.0,1.0
2d4a233de9b794ea875410b5935458fb,3237b38622f13be317f1a7f08e79cde8,pair_formed_by_refactoring,signature_changed,exact,0.83,1.0
2d4a233de9b794ea875410b5935458fb,601908e1a9fa123b866ec852447b7b42,pair_formed_by_refactoring,signature_changed,refactored,0.83,0.76
2d4a233de9b794ea875410b5935458fb,8ed75b294c090914a9851d3c79f2368f,pair_formed_by_refactoring,signature_changed,signature_changed,0.83,0.83
2d4a233de9b794ea875410b5935458fb,9211753c8a594345fa48da7fa829fcf8,pair_formed_by_refactoring,signature_changed,exact,0.83,1.0
2d4a233de9b794ea875410b5935458fb,a63ade4c7aa5c808a3051f6f6d3178ae,pair_formed_by_refactoring,signature_changed,exact,0.83,1.0
2d4a233de9b794ea875410b5935458fb,c8f0d646f1c7419ccfc64b498380dd19,pair_formed_by_refactoring,signature_changed,signature_changed,0.83,0.86
2d6eb90776259cde5d3a1be80cd5800b,cfb0d970f1e4d2f871a73e1adf70c527,pair_formed_naturally,exact,exact,1.0,1.0
2d7eee3000385e281dab5d9abbbc2781,583e1cb5307d17d575ebcbf82ec222bf,pair_formed_naturally,exact,exact,1.0,1.0
2dc91f8fbc53d2f3805efd293f85ddbf,7b6fdd19a6eb86dd1f9bf8669a18a24f,pair_formed_naturally,exact,exact,1.0,1.0
2dd1144be530333063ebbd882572afd8,52e341dcb6183004645b71a4f9753bd7,both_added,added,added,,
2dd1144be530333063ebbd882572afd8,9bbc67768d2de88978a8577e97d4061c,both_added,added,added,,
2dd1144be530333063ebbd882572afd8,ae0aff7720f2d597e8e51440fa4d359b,both_added,added,added,,
2dd1144be530333063ebbd882572afd8,dbe736e78fed3b0f4703c4ce05472b7e,both_added,added,added,,
2e04213d4689d9b4cfe4af8ad65b8973,400513d190dbc7a0966f6d4a0128fe4a,both_added,added,added,,
2e1903abe2671357b191cf0a624c4646,737b244109904d79c93d5326a7b57705,both_added,added,added,,
2e1c7bf44a24b65c711c1c88e9915fbf,b5a3787ef9decb1e576bbcf37ede9286,both_added,added,added,,
2e455801bad06abd4399f5c9474ddbaf,d3ccd4e5736a7e60b19415173fd1a597,pair_formed_naturally,exact,exact,1.0,1.0
2e7053716ee759b22a06b892de793c8e,93b7d1eec77885f1e0a839b083de489a,pair_formed_naturally,exact,exact,1.0,1.0
2ea376cfeb331f29cd11ff99f17f9cf2,a4369ca81c9afe04292e092a358b44e2,pair_formed_naturally,exact,exact,1.0,1.0
2ead1b834edc157f9f27cd0ef08b5e0a,979f526d77916dc2f56f311b63917ad5,pair_formed_naturally,exact,exact,1.0,1.0
2ead1b834edc157f9f27cd0ef08b5e0a,a31b9bee0a3502bd1243fcaaf29d809f,pair_formed_naturally,exact,exact,1.0,1.0
2ead1b834edc157f9f27cd0ef08b5e0a,add2723a6d685a4d38dec0ef886c730a,pair_formed_naturally,exact,exact,1.0,1.0
2ead1b834edc157f9f27cd0ef08b5e0a,d3072a78edbfc2acaf609a62fa61d44d,pair_formed_naturally,exact,exact,1.0,1.0
2eae61dafd2a382f2cf0adfb87576cf9,57036916462bdd8131eba80d1cc88758,pair_formed_naturally,unknown,exact,,1.0
2eae61dafd2a382f2cf0adfb87576cf9,660efe8651c01fba92416027fe6e4663,pair_formed_naturally,unknown,unknown,,
2eae61dafd2a382f2cf0adfb87576cf9,b99bef2011fee1b30690f29eb3a58f00,pair_formed_naturally,unknown,unknown,,
2eae61dafd2a382f2cf0adfb87576cf9,da8289a39351ea27ec783a9cbcce31a6,pair_formed_naturally,unknown,exact,,1.0
2eae61dafd2a382f2cf0adfb87576cf9,dbb65ffc961a5d664ba6f79375bba2d6,pair_formed_naturally,unknown,exact,,1.0
2eb00326fb60b3dd112d0c88803f280d,9f379f1840033cbff05f0533c66055e0,pair_formed_naturally,exact,exact,1.0,1.0
2ec6d5f5cabd75a44778b803634e5fa7,b2560c2b3afe5e62d4466528df9a678b,pair_formed_naturally,exact,exact,1.0,1.0
2ed93d5d8327d5ca40f4ba34acfb11f9,955c556eaeee75a62d03127be30529ae,method_a_added,added,signature_changed,,0.78
2f0dc5b0ea53facc89b613e0fb26f772,64b4f9ba3521b7ff5c034e5bff9ed593,both_added,added,added,,
2f0dc5b0ea53facc89b613e0fb26f772,b9ae369df37bf887c1ac9a05b736f042,method_a_added,added,unknown,,
2f0dc5b0ea53facc89b613e0fb26f772,c254ece5f0c184f31a6fa5ca08e1b3e4,method_a_added,added,signature_changed,,0.75
2f68bb86a3b64bd700f37d1b5ccd609f,88df1683804e0010e45419910662eb2e,pair_formed_naturally,exact,exact,1.0,1.0
2f7c5751ffa10f7ddcbf30e78e646daf,d185948c26bb9c473989bbaa709fa24a,pair_formed_naturally,exact,exact,1.0,1.0
2f8a8ab333a829f9f302a1594f912d04,6b4636b4108520452a7307f126b3a5bd,pair_formed_naturally,exact,exact,1.0,1.0
2f8a8ab333a829f9f302a1594f912d04,812c41880c474b9d37adef15b14d7cfd,pair_formed_naturally,exact,exact,1.0,1.0
2f9276878879a1155b5e6fa8ed74de8a,528a14954ba7c8f9e2ad301607686adb,pair_formed_naturally,exact,unknown,1.0,
2f92fcd1eb347c798e44f47191dfd171,360010f56b6865950b4e8170ae997959,both_added,added,added,,
2f92fcd1eb347c798e44f47191dfd171,7b8b0ab09adcac9deadca5318b2491f8,both_added,added,added,,
2f92fcd1eb347c798e44f47191dfd171,8345bd863566b98934a7bed5d779f74d,both_added,added,added,,
2f92fcd1eb347c798e44f47191dfd171,cab9793b2b20a7e8b0649d781e598c69,both_added,added,added,,
2f9ef64eef26b6810543200d5e244c5c,833f04f7f6784d427cae534ab181a022,pair_formed_by_refactoring,exact,signature_changed,1.0,0.91
2fb177788fc0f5b27485464e948c931f,b096405376b84c6ad0968f0a3472e518,method_b_added,exact,added,1.0,
2fb488fc01ec19397a691f94c5cd4cae,6adb534043dea875d9ed1a92187cfc2a,pair_formed_naturally,exact,exact,1.0,1.0
2fc2b96f15511455c31b1eb169df7346,65db85305e63bc9b5e244db3ff192fbc,both_added,added,added,,
2fceb9fe0a35173e51fe000026f7f56b,44218368a44cc3853fae88af93f15d1c,pair_formed_naturally,unknown,unknown,,
2fceb9fe0a35173e51fe000026f7f56b,626b900eb086cbb879cabd65c599de09,pair_formed_naturally,unknown,exact,,1.0
2fceb9fe0a35173e51fe000026f7f56b,a2db591353a4cf1fc5b5e71c389bd1fd,pair_formed_naturally,unknown,unknown,,
2fde8d415cfc9f83df28afdb860c311e,319b47029c8861f6d5ab2ef42eaddbc1,both_added,added,added,,
2fde8d415cfc9f83df28afdb860c311e,a5497ce90b83cb081f49dd7107cb2c8e,both_added,added,added,,
2fde8d415cfc9f83df28afdb860c311e,d7bb0aeae2b991122feb3c042a898d75,both_added,added,added,,
2fde8d415cfc9f83df28afdb860c311e,df7004a1c8839e393b922c3300dbd136,both_added,added,added,,
2fe394946f3a786e3785e67928ba9fc0,c9c977df252b1a17333808b17d20df55,both_added,added,added,,
301e3a610a575982a5481eedecc338c1,dadde3873f9926f7ef1af0e40966f5c2,pair_formed_naturally,exact,exact,1.0,1.0
3067db557b0370677145f0dead3d6bac,c3353c3fe935267a4737a205ce64e081,pair_formed_by_refactoring,signature_changed,signature_changed,1.0,1.0
30bb806db6f04c7316c8e32f4ca8ac5b,5072246fb6857af503e61216004bdfe1,pair_formed_naturally,exact,exact,1.0,1.0
30c213dcbf6fb61ac4afb29571901a58,e997ae94e79e0b55afe439b578b6a2f9,both_added,added,added,,
30c213dcbf6fb61ac4afb29571901a58,f9bbe9e74de9cb9788755a22ead22556,both_added,added,added,,
30cda983dd2c6a764b397b8a8ffcc28a,5e292aae3fa6638641c6e95ecc38529b,pair_formed_naturally,exact,exact,1.0,1.0
30e2a0a923f2d84addf0420adc2398e7,49179d9346ae1cb54541e037ff5b3969,method_a_added,added,refactored,,0.75
30efb9feb2c49ebc868b213459793b78,f50b6266e3db141c18577b97820bc950,pair_formed_naturally,exact,unknown,1.0,
312d3f60bc6951b09c1d5d8022b48be7,34fbf1dbc4b9489b8b5b8660b71c4e19,pair_formed_naturally,exact,exact,1.0,1.0
312d3f60bc6951b09c1d5d8022b48be7,81dd77fe562982f78eb8380bef6134cc,pair_formed_naturally,exact,exact,1.0,1.0
31497ee241af5059b55a768692bc000e,7fe5c7b0e51f25711be8102e50de7ebb,pair_formed_by_copy,refactored,exact,0.8,1.0
314aa0dba635b58e99a0420620639523,7b5e188844e3582957b88a4a751b539a,both_added,added,added,,
315667e042993dc92fae048bc187060c,61cfefeef63cee931c3e2c61ab201611,pair_formed_by_refactoring,signature_changed,exact,1.0,1.0
316b9cce85bded4a1edb62344d48eb33,998a00d8a613e56ff92504d40a04905b,pair_formed_naturally,exact,exact,1.0,1.0
316f0191976e0b536a517d126efcc9de,385ec05945b217b160378799a3d8e0bf,both_added,added,added,,
316f0191976e0b536a517d126efcc9de,3fc29d13563ac12e9b0daccce50c24f6,method_a_added,added,refactored,,0.76
316f0191976e0b536a517d126efcc9de,4e34d455d713ea70724b930e5c8e97d3,method_a_added,added,refactored,,0.82
316f0191976e0b536a517d126efcc9de,569bd778267da49c9ddaa97cd690842d,both_added,added,added,,
316f0191976e0b536a517d126efcc9de,68396dbb5558caeed5af6a01f590195d,both_added,added,added,,
316f0191976e0b536a517d126efcc9de,69feca93d7db14d8221da3e87b27aec7,both_added,added,added,,
316f0191976e0b536a517d126efcc9de,739b1bf9ecec74b24f188876b5078649,method_a_added,added,refactored,,0.76
316f0191976e0b536a517d126efcc9de,7b8b0ab09adcac9deadca5318b2491f8,both_added,added,added,,
316f0191976e0b536a517d126efcc9de,99102eb513914333643b7cbf7e1382dc,both_added,added,added,,
316f0191976e0b536a517d126efcc9de,add4818f271e358137e1b100e86d9cac,both_added,added,added,,
316f0191976e0b536a517d126efcc9de,b28fd29882126ae335f446ca4ec20947,both_added,added,added,,
316f0191976e0b536a517d126efcc9de,d7da85fffdd05d967ce6995e33f0d8c4,both_added,added,added,,
316f0191976e0b536a517d126efcc9de,d9f46e95f090a988f9f901aa8cafba7d,both_added,added,added,,
316f0191976e0b536a517d126efcc9de,fd547e7ba98229be09d54518d1f0eb50,both_added,added,added,,
319b47029c8861f6d5ab2ef42eaddbc1,a5497ce90b83cb081f49dd7107cb2c8e,both_added,added,added,,
319b47029c8861f6d5ab2ef42eaddbc1,d7bb0aeae2b991122feb3c042a898d75,both_added,added,added,,
319b47029c8861f6d5ab2ef42eaddbc1,df7004a1c8839e393b922c3300dbd136,both_added,added,added,,
31c0263c95cccb303d8814762039e7bc,35deae0045cd46450f14f98849a3715e,pair_formed_naturally,exact,exact,1.0,1.0
31d0cd90420d542c3c16c2637d3a7538,6b876c643ab20acedc954de3b6905ca6,both_added,added,added,,
31d0cd90420d542c3c16c2637d3a7538,932ed8d306ad11d16d6a6286ebc47142,both_added,added,added,,
31d0cd90420d542c3c16c2637d3a7538,a12fa711d8635ac9ca8ac03a750036ba,both_added,added,added,,
31d0cd90420d542c3c16c2637d3a7538,a776c62221f9d8ccde3bf430999b09a7,both_added,added,added,,
31d0cd90420d542c3c16c2637d3a7538,db4aabab9d060f08934c0d6a9cc01948,both_added,added,added,,
31d0cd90420d542c3c16c2637d3a7538,ea4b0129228912f9e088a7706d801b92,both_added,added,added,,
31fc76dc97865f2d60ec120c5cdb7fa0,e0f17506c908bf71963bb6de1194893f,both_added,added,added,,
3234bcd89bff016b6929ba6139da26ee,c8761ba2c602286d3663813bfe8f2d8c,pair_formed_naturally,exact,exact,1.0,1.0
3237b38622f13be317f1a7f08e79cde8,601908e1a9fa123b866ec852447b7b42,pair_formed_by_copy,exact,refactored,1.0,0.76
3237b38622f13be317f1a7f08e79cde8,9211753c8a594345fa48da7fa829fcf8,pair_formed_naturally,exact,exact,1.0,1.0
3237b38622f13be317f1a7f08e79cde8,a3f32618fae54884ee5020fafa3584bb,pair_formed_naturally,exact,exact,1.0,1.0
3237b38622f13be317f1a7f08e79cde8,a63ade4c7aa5c808a3051f6f6d3178ae,pair_formed_naturally,exact,exact,1.0,1.0
323f5ecc414a29711e21ec6b969a985f,f0ef811f73e061bc2cc118fea51c11fc,pair_formed_naturally,exact,exact,1.0,1.0
325ab155728153a8738877ab294fea02,47d4412ff1dff6d92cb907b335e98311,pair_formed_naturally,exact,exact,1.0,1.0
325ab155728153a8738877ab294fea02,5635e344d82c0d92e0b3fd140c18c9a5,pair_formed_naturally,exact,exact,1.0,1.0
325ab155728153a8738877ab294fea02,708e5dc8b374cab814b04bcaf8524997,pair_formed_naturally,exact,exact,1.0,1.0
325bda25b893a2b4134df8af87843515,db268fc6a67ba48ac3073c2cc21e5c82,pair_formed_naturally,exact,exact,1.0,1.0
3261d3b533e642607ff71c07fcd8a651,69e0fc2f4ec57a7c204d8266da47d0b9,pair_formed_naturally,exact,exact,1.0,1.0
327d39bdfe1f9105cfb6b959f8bfc3f2,a72e7a75017de6642031e36411859a24,pair_formed_naturally,exact,exact,1.0,1.0
3345595bb59681b5ace9ab212b0e2c2b,a8b543b8d2f434aed710831be91aa3e8,pair_formed_naturally,exact,exact,1.0,1.0
336ade90a3f5f45b4a87782a599aae0b,630ad851750f29e93acbd619629a6641,both_added,added,added,,
337850cece5455575bc6af270ae330bf,8799ef962ffb26a1cc89bef6dbb64719,pair_formed_naturally,exact,exact,1.0,1.0
3383e7100e7d73ff8e05a0f6ecf011fb,5ff73c60087cee358b697107c340ba15,pair_formed_naturally,exact,exact,1.0,1.0
3383e7100e7d73ff8e05a0f6ecf011fb,7c3f1f4a528e3c6332b3c2f627595709,pair_formed_naturally,exact,exact,1.0,1.0
3383e7100e7d73ff8e05a0f6ecf011fb,8e483bdb452f71b36649c37f6077ffe9,pair_formed_naturally,exact,exact,1.0,1.0
338e1ff3f7ca8670818f09e9bd8517ea,3663c670f641414ede05d82b43a495d3,pair_formed_naturally,exact,exact,1.0,1.0
3390bd3edf0cc60a73c6fcd4143063f8,3c20e5a366b06d625c0eff31847d1542,pair_formed_naturally,exact,exact,1.0,1.0
33be310bfb777007e76ae583a9753e1e,7a7f6d667e993b6357f83544d19af54d,pair_formed_naturally,exact,exact,1.0,1.0
33be310bfb777007e76ae583a9753e1e,eea8db517c32563be5b72f1cbf8b296f,pair_formed_naturally,exact,exact,1.0,1.0
33efff084e4dfccd2cf732a19a8a58ff,7c5c41544614cce536958e9f4ae4dee5,pair_formed_naturally,exact,exact,1.0,1.0
341e0b170b27406e98bb9ffd8a653d30,3d985abb3770ec0ddfa0d9e3162a4287,pair_formed_by_refactoring,signature_changed,signature_changed,0.78,0.72
34322fc8b158c451459f2fde74541a43,df9bc57362a34c916f6fa5763b610629,pair_formed_naturally,exact,exact,1.0,1.0
345b151523287b6bef89e937c09b0793,5b3075b24b800dda22db0c3cab0d78f8,pair_formed_naturally,exact,exact,1.0,1.0
345c14fe5bea4fc72e6ea2ccfa195db6,b470891029d2f14049d0054f1657c7d5,pair_formed_naturally,exact,exact,1.0,1.0
34d07c1217d53e412220c8a4314fa5c2,701221c1bfe207c4f7554bca00872c47,pair_formed_naturally,exact,exact,1.0,1.0
34fbf1dbc4b9489b8b5b8660b71c4e19,81dd77fe562982f78eb8380bef6134cc,pair_formed_naturally,exact,exact,1.0,1.0
34fbf1dbc4b9489b8b5b8660b71c4e19,a811a6c99e0a02200fa444dcbf527a37,pair_formed_naturally,exact,exact,1.0,1.0
3514122b3b750cd56b9a76b6c773ff35,3c1d823a8390e661f1e8a6e3cd3ed9a4,pair_formed_by_refactoring,signature_changed,signature_changed,0.97,0.97
352bd9fd56bbc7b9e06a2ee46e9e39f5,7df79108dc8aca39d46522a0839ab40f,method_b_added,exact,added,1.0,
354a04ee66186c701a8b6fbbfec65550,76ba9a0ea8b8fedd69c2bb54f82bb929,pair_formed_naturally,exact,exact,1.0,1.0
3578918a4274a479557a06757fd1f0da,3e2c2f63402425031e06298a546ca817,both_added,added,added,,
35b20d22f190f2c974187be9a1cb80f0,52f69b1b36bfe5610a05b011adfad978,both_added,added,added,,
35dbea15c3ea07b2d0fd34f5288c18d2,4207a02590af6b90a950d8c2a71a7cfb,pair_formed_naturally,exact,exact,1.0,1.0
35dbea15c3ea07b2d0fd34f5288c18d2,d797426071982a93070a2702c724d30a,pair_formed_naturally,exact,exact,1.0,1.0
35e14b7851c02ba85381682c8cea7983,433ae43c7cee7052864773e339faf4d5,pair_formed_naturally,exact,exact,1.0,1.0
35e14b7851c02ba85381682c8cea7983,45c1cc6e91362367c53d666d586a51c1,pair_formed_naturally,exact,exact,1.0,1.0
35e14b7851c02ba85381682c8cea7983,51726bce436a85b3e9b7b490a2c3201b,pair_formed_naturally,exact,exact,1.0,1.0
35e14b7851c02ba85381682c8cea7983,5a6028485173c1b991052c9940b210cd,pair_formed_naturally,exact,exact,1.0,1.0
35e14b7851c02ba85381682c8cea7983,aae96615e4d09bdc445ab9edd8a7f412,pair_formed_naturally,exact,exact,1.0,1.0
35f04ad6199ae5c0adf09ebb1bdd5506,5574152f722e495b945a7ba60f298978,pair_formed_naturally,exact,exact,1.0,1.0
35f04ad6199ae5c0adf09ebb1bdd5506,c81659d768c1345f67200de8d41d57e1,pair_formed_naturally,exact,exact,1.0,1.0
360010f56b6865950b4e8170ae997959,7b8b0ab09adcac9deadca5318b2491f8,both_added,added,added,,
360010f56b6865950b4e8170ae997959,8345bd863566b98934a7bed5d779f74d,both_added,added,added,,
360010f56b6865950b4e8170ae997959,cab9793b2b20a7e8b0649d781e598c69,both_added,added,added,,
3610ecf278ad8c052d4c960335a6e9d3,81d66439d5387839f9a8eaa61344f74c,method_b_added,exact,added,1.0,
3610ecf278ad8c052d4c960335a6e9d3,dbb2e21416e94cea8c9513914ab9f13e,method_b_added,exact,added,1.0,
3627cc19cef2b3a488b29d9bdef77ca6,409213f48b03508509d3c6c2044d70cb,both_added,added,added,,
3642f1eab45f8dc793717b8f547cbe45,4aed3cb3e708d3089c08e5ee1f73210a,pair_formed_by_refactoring,signature_changed,signature_changed,1.0,1.0
3642f1eab45f8dc793717b8f547cbe45,57a070f47fee8bba4b9c0af5165ed93a,pair_formed_by_refactoring,signature_changed,signature_changed,1.0,0.92
3642f1eab45f8dc793717b8f547cbe45,826b5875900df8e4b774a67e661f2b6e,pair_formed_by_refactoring,signature_changed,signature_changed,1.0,1.0
3642f1eab45f8dc793717b8f547cbe45,c3353c3fe935267a4737a205ce64e081,pair_formed_by_refactoring,signature_changed,signature_changed,1.0,1.0
364cb76794edae7f0ab4133980820400,cbd5b0eea0e6945647b21b6b0604daa6,both_added,added,added,,
364db6ea086b91cd71d90fa440b8ceab,eea8db517c32563be5b72f1cbf8b296f,pair_formed_naturally,exact,exact,1.0,1.0
3663c670f641414ede05d82b43a495d3,41ec1a5ab55a6b1155cdb11417bf568a,pair_formed_naturally,exact,exact,1.0,1.0
368666098cb19c4053e32cb20a204b51,a4e621bb8328839609557e5739192606,pair_formed_by_refactoring,renamed,renamed,0.92,0.9
36879f200e23f6154a8aab8d1b83fb01,fe69e7835cb7b170daecbed214243bfc,pair_formed_naturally,exact,exact,1.0,1.0
368883ca087022ef1128d4e1323288dc,bb4b06f898c47a1e9bb43c46c14032bd,pair_formed_by_refactoring,refactored,refactored,0.85,0.84
36920b77cb593500310348478cef5a84,4752702bbdbc576dc4cef48278782ec0,pair_formed_naturally,exact,exact,1.0,1.0
36920b77cb593500310348478cef5a84,5548a1c914b50f002a507ba95a9409e0,pair_formed_naturally,exact,exact,1.0,1.0
36920b77cb593500310348478cef5a84,e05faac5cafeff4fe4a0d216e2adac28,method_b_added,exact,added,1.0,
36c696d066db351fde9c776c1138d62b,fbf2fb408ed048aca08832511310e148,pair_formed_naturally,exact,exact,1.0,1.0
36d73fbfcaf1bdf8949006c91789c620,cbd5b0eea0e6945647b21b6b0604daa6,both_added,added,added,,
3718ffab63571c0cf0c1ca9104cce7f7,440e395b1e096f6b86487988e0d290c0,pair_formed_naturally,exact,exact,1.0,1.0
3718ffab63571c0cf0c1ca9104cce7f7,db94a6e4c5164b270165169ae26383b5,pair_formed_naturally,exact,exact,1.0,1.0
37205f205089b6e3840af242729550f2,e4ff47fe280c0112528e7edc1c9a6bdd,pair_formed_naturally,exact,exact,1.0,1.0
372942b4df005a5e12f88237bc02a7e2,a0e87fb23d2b735bcc4eee1d76396f2c,both_added,added,added,,
37bc35ad8364f6f182ce75bf1fa3d60a,e8060e4105f5f69168a6f8c5669520c3,both_added,added,added,,
37e5891248c284cec0b052f0e3174daf,8e675b6649f839fa24e40c374b18d21c,pair_formed_naturally,exact,exact,1.0,1.0
37e5891248c284cec0b052f0e3174daf,94c1b81a57b1c6adb52c3f0ea0821e05,pair_formed_naturally,exact,exact,1.0,1.0
381e19869e2152688434b753c7dc6bb6,6f38d48c2abb9b7a2edb9e5343b65e08,both_added,added,added,,
381e19869e2152688434b753c7dc6bb6,82493caa17bb440d9e5bb2bc726635f2,both_added,added,added,,
381e19869e2152688434b753c7dc6bb6,f5b569de0bcae1dfe29c062c81cff1d2,both_added,added,added,,
384baa9003a50cc2117fae0e25ce8ff0,4aada1d6c9c0ecafa599b81a0724db21,both_added,added,added,,
384baa9003a50cc2117fae0e25ce8ff0,bd94247be2ecf6c7a35627ff56ea25ab,both_added,added,added,,
3850a7a19a80a24cdf64d58d3fbdae19,72fdf836423b51acae785c0e0adf56f2,pair_formed_by_refactoring,exact,signature_changed,1.0,0.93
385ec05945b217b160378799a3d8e0bf,69feca93d7db14d8221da3e87b27aec7,both_added,added,added,,
3883f95f2d7fd0146902b64b0825a5c2,c8bbcad099444a5337b50e536a82c392,both_added,added,added,,
3883f95f2d7fd0146902b64b0825a5c2,fb1e278b364f7b4975d0d4c2a2211edd,both_added,added,added,,
389ee441b294d6bd610bca67bc94edc2,da7dc9e6d1b1c7bb0bba3b2163a89141,pair_formed_naturally,exact,exact,1.0,1.0
38bc821ef74449510a4840e7e8881229,c0772a27622776d58a11aa10b268aff8,pair_formed_naturally,exact,exact,1.0,1.0
38e0499d8d19436a76274764320ca907,95824869e68d0aa40b87aea46a1e9b85,pair_formed_naturally,exact,exact,1.0,1.0
391796f4137c8f7bb06ea02c4c5bcdda,7a7f6d667e993b6357f83544d19af54d,pair_formed_naturally,exact,exact,1.0,1.0
3921ca09c370aed97e15a193f15e18c3,af50c56505a559bd4afc8d0229f7e0e2,pair_formed_by_refactoring,unknown,signature_changed,,0.95
395f1e25973e8c7e2051b0cf77ddd70a,d964e33eeff203b3e93f54eca93296ab,both_added,added,added,,
3965f4eb6dfe3f9d630b1ea2df5c74d7,57cae39c0beaf415666ac159c0949f70,method_a_added,added,exact,,1.0
398ca1eaa810413eedcd2b68aebde0a6,444e2031dbfb8d802daa269fd93d2eed,pair_formed_by_refactoring,signature_changed,signature_changed,0.99,0.73
39c891a474dee6b84bd6dd0b9e48b15b,3b63019f5e6d7f69e05b3a2879d5760e,both_added,added,added,,
39c891a474dee6b84bd6dd0b9e48b15b,8303571ba00115dd87097a0f45fb8b4e,both_added,added,added,,
39c891a474dee6b84bd6dd0b9e48b15b,9e1f101c49f086e68827deedc68ca9e1,both_added,added,added,,
39c891a474dee6b84bd6dd0b9e48b15b,bce5971c0b980d8c2f92f7b56fb999eb,both_added,added,added,,
39c891a474dee6b84bd6dd0b9e48b15b,dd835e2337d5d73e438b1d734c0f642b,both_added,added,added,,
3a0e3a746a0d258e721b8bc7f4f7d928,ab1cd215e589b7f19924800197f312d6,pair_formed_naturally,exact,exact,1.0,1.0
3a0e3a746a0d258e721b8bc7f4f7d928,d2bc1b99f427b29e1a0ca8936bf02e24,pair_formed_naturally,exact,exact,1.0,1.0
3a4954cd73157a5ba3f064083f251958,57036916462bdd8131eba80d1cc88758,pair_formed_naturally,exact,exact,1.0,1.0
3a4954cd73157a5ba3f064083f251958,5bb8a829c72a5b7f47440d3f9dddbeac,pair_formed_naturally,exact,exact,1.0,1.0
3a4954cd73157a5ba3f064083f251958,5cc58d82279deb111124ce5ead9d94aa,pair_formed_naturally,exact,exact,1.0,1.0
3a4954cd73157a5ba3f064083f251958,b99bef2011fee1b30690f29eb3a58f00,pair_formed_naturally,exact,unknown,1.0,
3a4e29a7980102af39fb60b2ece6dedf,e8db439ed682f73ed7949bbef1e58277,pair_formed_naturally,exact,exact,1.0,1.0
3a67a2b7a2c7d6b8db9ab80aca28fb3d,edb8d0c5aea863b70014557b91000dbf,pair_formed_naturally,exact,exact,1.0,1.0
3a6a11b91e5bd426d0f4562aaada2314,fcf88c0126084b51393e2a48a50b34f0,pair_formed_naturally,exact,exact,1.0,1.0
3a8bac9a86a79ee856431573cede3d0d,518fef321ea13a555467a1b14f4ed914,pair_formed_naturally,exact,exact,1.0,1.0
3a965cdbb002edc947edfcf27352793a,6110b0e4db1a9852c49981d57884aced,pair_formed_naturally,exact,exact,1.0,1.0
3a965cdbb002edc947edfcf27352793a,b203420808adedb1ef40cfb0071e3544,pair_formed_by_refactoring,exact,moved,1.0,0.98
3ac8c737ed6d7205099ebaa4dac3c50f,424fd50721960bd09fd636a6228fb806,pair_formed_naturally,exact,exact,1.0,1.0
3acdedf80897581566362e859f4366e5,811014b54487359a0a6c01cb08ffea46,pair_formed_naturally,exact,exact,1.0,1.0
3acdedf80897581566362e859f4366e5,a42e8bdd03e1061b60b83bbad3e22846,pair_formed_naturally,exact,exact,1.0,1.0
3aec25aa43fe25c24ca1d3573bf3e15d,fb88cc816e5d2be18bbc692d4b6f0fd3,pair_formed_naturally,exact,exact,1.0,1.0
3b0d500777d227fbbf3008e12af5f14b,829f088c7407472c601d5398510df48f,pair_formed_naturally,exact,exact,1.0,1.0
3b1730b5317b4781fdfea7c5572aec5c,82b41c7ed4b69e96df5803afe1ed5f66,pair_formed_naturally,exact,exact,1.0,1.0
3b1ddbf17103cd2f7fd6fde9d31e71ae,f9f2b931701a0ed34fae276f413ab002,pair_formed_by_refactoring,token_hash,moved,1.0,1.0
3b3c6b625ee52338272d65dce5f90b87,e95fd15c6f189e56a098785d0ab54af1,pair_formed_naturally,exact,exact,1.0,1.0
3b4e47100e7784bb135fc557643591e7,e637712bd168db134cb7c245a5b72d6b,pair_formed_naturally,exact,exact,1.0,1.0
3b63019f5e6d7f69e05b3a2879d5760e,8303571ba00115dd87097a0f45fb8b4e,both_added,added,added,,
3b63019f5e6d7f69e05b3a2879d5760e,dd835e2337d5d73e438b1d734c0f642b,both_added,added,added,,
3b7e760c0238a76f75506ae5692f95d2,8ff099acb79da4d0bbcc3065c3930e10,both_added,added,added,,
3b7e760c0238a76f75506ae5692f95d2,d059ffbb7789b8f0e6ec459e0a6ecb49,both_added,added,added,,
3b7e760c0238a76f75506ae5692f95d2,e5f4240dfd0eeb354a560fbadc120160,both_added,added,added,,
3b7e760c0238a76f75506ae5692f95d2,e79a26779cb2af035a2de65d98c8a8c3,both_added,added,added,,
3b9cea4b12699644b8f56e255f760b8f,7cc226d9278e21fa89fc517e3082db2e,pair_formed_naturally,exact,exact,1.0,1.0
3b9cea4b12699644b8f56e255f760b8f,e1930c6af70e2120e0dfff97feb1ed3f,pair_formed_naturally,exact,exact,1.0,1.0
3b9cea4b12699644b8f56e255f760b8f,fa2c87ad40c2e798218b4b23ac670da2,pair_formed_naturally,exact,unknown,1.0,
3ba337b90cc10436a383031356d56033,74c01591ee7e3ee4107c50d261ec3b4d,pair_formed_naturally,exact,exact,1.0,1.0
3ba337b90cc10436a383031356d56033,7d3db004f44b929a2aecd4315a868d9b,pair_formed_naturally,exact,exact,1.0,1.0
3ba337b90cc10436a383031356d56033,d4cbd6ea5c8845cb90a9cda662b989cf,pair_formed_naturally,exact,unknown,1.0,
3ba337b90cc10436a383031356d56033,fe08b9c1ac1acaecad2d08d0befa9a08,pair_formed_naturally,exact,exact,1.0,1.0
3bba202b2989032db03f3355889cc9e6,afa36a4a8b39f95f30d30ec5f0b04716,method_a_added,added,moved,,1.0
3bc1e865b1428e0374178fda706c401c,681120d89747e99099bb29a710c4d3fd,pair_formed_naturally,exact,exact,1.0,1.0
3bd091c5f4176dcf08840f41031712ba,cddbe50a74321d687c9fe6f84279422d,both_added,added,added,,
3be2c719784dc56eefe878687f9c8835,ef0fd8e94e9a8ffc6394bfb3af7f63f0,method_a_added,added,refactored,,0.89
3be9a13cd73993564919cbaaa17cb238,586af603d08b0fceffdcc7753055d0d2,pair_formed_by_refactoring,exact,signature_changed,1.0,1.0
3bee48e85fc503477116ac6c4fc83c8c,7ba8461f6aaeb415727f8642762cd3d4,pair_formed_naturally,exact,exact,1.0,1.0
3c0e7f0fb538a2550ed193799fd91a0e,85418a5681950b2ee079db9f9458cc3a,pair_formed_by_refactoring,signature_changed,signature_changed,0.78,0.8
3c13fc35afd7761496cc327d084055bf,86e352eaee66b9b24dd8cce59279517c,pair_formed_naturally,exact,exact,1.0,1.0
3c2a8d5edfb46c4e51b700316f1f8f0c,4313286d8541165778ca514815700b30,pair_formed_naturally,exact,exact,1.0,1.0
3c3911f98cee9b861679ca7152c96d8e,984c0cb6674ea57a5d06596476ea9f7c,pair_formed_naturally,exact,exact,1.0,1.0
3c435656bdaaa3fd90a063f8ea005a02,5b448ad17a07de11799b8ffc6a41e41e,pair_formed_naturally,exact,exact,1.0,1.0
3c6893b7c713673f9a0b41e52b02b26c,ec62e82836e71d7c0d22693c14d08177,both_added,added,added,,
3c844f706f6ae0cff3db1cec8d11a564,7bec87079c97e092ef17ca0f9b3fde26,method_a_added,added,exact,,1.0
3c8a9d09bc9e2dfbd7a09ba631381ac7,604ae2b76d2edea3d5e3274598162916,both_added,added,added,,
3c9fa93723c469138a5a0b3445fa99c7,e85ee5a4aab4d3fb62c54ef98ee512d9,pair_formed_naturally,exact,exact,1.0,1.0
3c9fa93723c469138a5a0b3445fa99c7,f11de4947797eba60bf36419a669f24c,pair_formed_naturally,exact,exact,1.0,1.0
3cc0c27ab00c24f6af874d7554039523,808ed8880891e207493193ceb0d18e03,pair_formed_naturally,exact,exact,1.0,1.0
3cfbdab63201e8f84ec0a10d66289742,3cfbdab63201e8f84ec0a10d66289742,pair_formed_naturally,exact,exact,1.0,1.0
3d006b0df55c727d07c8c90dc2d22213,99d278341c120005bf662839dfb04edb,pair_formed_naturally,exact,exact,1.0,1.0
3d1085c4e7b1ca2910abc22337340ca8,da8ce7b6e9596dd850490bb9309508e8,pair_formed_naturally,exact,exact,1.0,1.0
3d6798f5a2f9b16383346a5fc73c6278,7f53227b7542475abaae787a5439a2a7,pair_formed_naturally,exact,exact,1.0,1.0
3d6798f5a2f9b16383346a5fc73c6278,99751da2453de13593dfdd93e978aed4,pair_formed_naturally,exact,exact,1.0,1.0
3d7b7ff988ef10c79702a2d23681aadd,402cb2752b39014ac09dc0ec6a11b282,pair_formed_naturally,exact,exact,1.0,1.0
3d7b7ff988ef10c79702a2d23681aadd,637bb0024a7b7227cf0273fea3e35785,pair_formed_naturally,exact,exact,1.0,1.0
3d7b7ff988ef10c79702a2d23681aadd,79e8f7e6072b2e6c5cd365da883d1350,pair_formed_naturally,exact,unknown,1.0,
3d7b7ff988ef10c79702a2d23681aadd,8d1ea89b956a1e018ab953dc8c696a67,pair_formed_naturally,exact,exact,1.0,1.0
3d7b7ff988ef10c79702a2d23681aadd,937448a243cde1cbbe50285eb01e9b7c,pair_formed_naturally,exact,exact,1.0,1.0
3d7b7ff988ef10c79702a2d23681aadd,a0b27916203a50cdc063c8103004cd62,pair_formed_naturally,exact,exact,1.0,1.0
3d7b7ff988ef10c79702a2d23681aadd,ac6cf2a1221a50df7febd548e3a12329,pair_formed_naturally,exact,exact,1.0,1.0
3d7b7ff988ef10c79702a2d23681aadd,b19c4a2c371b4892a211a652f50ef6df,pair_formed_naturally,exact,exact,1.0,1.0
3d7b7ff988ef10c79702a2d23681aadd,cb182ce76186819035b2379f96c39910,pair_formed_naturally,exact,exact,1.0,1.0
3d7b7ff988ef10c79702a2d23681aadd,d332d52143da4ae83f51784b4fe617c6,pair_formed_naturally,exact,exact,1.0,1.0
3d7b7ff988ef10c79702a2d23681aadd,e032e8388c870cab11ade591dc250d41,pair_formed_naturally,exact,exact,1.0,1.0
3d8c77fc0d243cd76ba574764ecfab2d,f46243cee12ce7d78926d7612a4edf63,pair_formed_naturally,exact,exact,1.0,1.0
3d97307b670dbb0819c9259e0ec3beaf,443c5fcf5511fffa477c12ab01ed322c,both_added,added,added,,
3d97307b670dbb0819c9259e0ec3beaf,56f57c750491795335510180e92f2c68,both_added,added,added,,
3d97307b670dbb0819c9259e0ec3beaf,75b381508757fa5ad8fec72bf8a16328,both_added,added,added,,
3db245caf1f800fb63d4ebbcbafae35b,bb7d915cb07789c184b1651c87b29f03,pair_formed_naturally,exact,exact,1.0,1.0
3df243b3ae77bec8f372f864cb709aef,effe7e77b8ef9f0697620b02b486d1b0,method_a_added,added,exact,,1.0
3df52517e8554eb92930bc11b6266515,a0a6704d652a9ac2664e64e169bbe166,both_added,added,added,,
3df52517e8554eb92930bc11b6266515,cfc44e8461ca157e646144ad7051b13e,both_added,added,added,,
3e059e18fa3865c172ff90093a5b9c32,ed03179b33e34da03ffb29da3f780df1,pair_formed_by_refactoring,signature_changed,signature_changed,0.97,0.98
3e1b75412e41ffd7030170530f905db1,44fbb41a9f0bebab9f0ef346c4873cbf,pair_formed_naturally,exact,exact,1.0,1.0
3e1f1f38ac58d2020c151012298ab99f,9f85610050f2ea58d2c729115365db38,method_b_added,refactored,added,0.81,
3e4f117888e44f904b576e595f216f99,ed65a5259ebcdf88297d8427fdb83bfc,pair_formed_naturally,exact,exact,1.0,1.0
3e4f117888e44f904b576e595f216f99,fe7c9d38baa4694c39413c4d23f83563,pair_formed_naturally,exact,exact,1.0,1.0
3e5e25be6f69c0b9ae9977928bd1d606,d4e4f27272692aef1e688da14daea215,pair_formed_naturally,exact,exact,1.0,1.0
3e5ea7f564dea2ba6f7153c895e2b847,7a7f6d667e993b6357f83544d19af54d,pair_formed_naturally,exact,exact,1.0,1.0
3e5ea7f564dea2ba6f7153c895e2b847,eea8db517c32563be5b72f1cbf8b296f,pair_formed_naturally,exact,exact,1.0,1.0
3e6bb75fc8906d71d50b5bd0a068f458,8a54f5710710435cbff5610eb1534373,pair_formed_naturally,unknown,unknown,,
3e9b093a31114848d268f817a98f0271,76603b6b28d16598203c7608a1fee8e1,pair_formed_naturally,exact,exact,1.0,1.0
3e9b093a31114848d268f817a98f0271,9111f4e4e6c331f02f7148f8aaf8363a,pair_formed_naturally,exact,exact,1.0,1.0
3eb7816334d7c3433c5fc19cb7204991,584dacaf05433042f511a52f5d54cd03,pair_formed_naturally,exact,exact,1.0,1.0
3eb7816334d7c3433c5fc19cb7204991,b8f39251ddfb9c43d6e7e627566e7d1b,pair_formed_naturally,exact,exact,1.0,1.0
3ed993fcc3b755efe557cc901fd50fd6,3fd4b9987eb74713086326511c26e039,both_added,added,added,,
3ed993fcc3b755efe557cc901fd50fd6,53900cab89111e2cb1545b428d97eab4,both_added,added,added,,
3f18869ba9bc1f69917db01948af3a48,60b849c2cb36b2ba46812ed929e1cb6c,pair_formed_by_refactoring,moved,exact,0.94,1.0
3f68b22af74e5a8c870721917407fbd5,da10932d3ee0f528f5f7e87ef98be88f,pair_formed_naturally,exact,exact,1.0,1.0
3f7dea1f1c7aa2667177a110ebbf81f7,d078ed556a5cb4c6e31dae346e88e251,pair_formed_naturally,exact,exact,1.0,1.0
3f87d036478ed87da6b54b35bf8b43e0,85bde026ca069b463af0b9fe55c1eb3d,pair_formed_naturally,exact,exact,1.0,1.0
3f9c337f38cd4ed80b0be39976efbd0a,968e708f9c81a9710ace21bf67951d78,pair_formed_naturally,exact,exact,1.0,1.0
3fb14ca88896fb638307312e629116de,b016c3d6f40e4c683b4140fb0b0d812f,method_b_added,refactored,added,0.85,
3fb14ca88896fb638307312e629116de,c18fc475698eccb48bb3ce1d6c91db25,pair_formed_by_refactoring,refactored,refactored,0.85,0.76
3fc29d13563ac12e9b0daccce50c24f6,69feca93d7db14d8221da3e87b27aec7,method_b_added,refactored,added,0.76,
4002e66aaa06880a24b35878723bc834,f71eb3b4fc4dc010dcadb93e435ea90e,method_b_added,exact,added,1.0,
4012d2818379a2eb21425856c26145b6,584a1edf051303d5f1e4cfa89eb4c1d1,pair_formed_naturally,exact,exact,1.0,1.0
4012d2818379a2eb21425856c26145b6,8ff099acb79da4d0bbcc3065c3930e10,method_b_added,exact,added,1.0,
4012d2818379a2eb21425856c26145b6,e79a26779cb2af035a2de65d98c8a8c3,method_b_added,exact,added,1.0,
40279854eec3eff1adc5ac0cac091c05,6b6a11774d4d8981c70047c25e1a5e91,pair_formed_naturally,exact,exact,1.0,1.0
4028f5aac1adda4dfb69a851b2ba27ca,a8a10de6875b178581f23402eb76c653,pair_formed_naturally,exact,exact,1.0,1.0
4028f5aac1adda4dfb69a851b2ba27ca,ae434a1a6cb8e16916b646103c68fc26,pair_formed_naturally,exact,exact,1.0,1.0
4028f5aac1adda4dfb69a851b2ba27ca,cd42fd78e997cf68955128cc608e4a8e,pair_formed_naturally,exact,exact,1.0,1.0
402cb2752b39014ac09dc0ec6a11b282,51726bce436a85b3e9b7b490a2c3201b,pair_formed_naturally,exact,exact,1.0,1.0
402cb2752b39014ac09dc0ec6a11b282,637bb0024a7b7227cf0273fea3e35785,pair_formed_naturally,exact,exact,1.0,1.0
402cb2752b39014ac09dc0ec6a11b282,79e8f7e6072b2e6c5cd365da883d1350,pair_formed_naturally,exact,unknown,1.0,
402cb2752b39014ac09dc0ec6a11b282,937448a243cde1cbbe50285eb01e9b7c,pair_formed_naturally,exact,exact,1.0,1.0
402cb2752b39014ac09dc0ec6a11b282,ac6cf2a1221a50df7febd548e3a12329,pair_formed_naturally,exact,exact,1.0,1.0
402cb2752b39014ac09dc0ec6a11b282,b19c4a2c371b4892a211a652f50ef6df,pair_formed_naturally,exact,exact,1.0,1.0
402cb2752b39014ac09dc0ec6a11b282,d332d52143da4ae83f51784b4fe617c6,pair_formed_naturally,exact,exact,1.0,1.0
402cb2752b39014ac09dc0ec6a11b282,e032e8388c870cab11ade591dc250d41,pair_formed_naturally,exact,exact,1.0,1.0
409a84d19bcf339e80f09af9d662e8f0,7abdd613ebd6a3ce8c384d3613ad9559,pair_formed_by_refactoring,signature_changed,refactored,1.0,0.86
409c0da97152af7457395c5fd866fa2a,e60ffbb782fe170cdfefc416a525efb5,pair_formed_naturally,exact,exact,1.0,1.0
409ccee0c949dc86ef30a1178465b15a,d8bb0d1e57c31d9e4e91e1f879c14269,both_added,added,added,,
40a9489e2570ebcfa6e1ec1335aaa179,8457745f01112649c047d97fa5262369,both_added,added,added,,
40c8c6ede6fb1654787ca2a2382a9332,7d6277dbcb28586c1e568a0a53633840,method_a_added,added,signature_changed,,1.0
40c8c6ede6fb1654787ca2a2382a9332,aecee3f7d901962638143a818e64a738,both_added,added,added,,
40d6f8246fc777b8c5158aa92c29569b,caf64f587791cec61242fb1d3539ab0b,pair_formed_naturally,exact,exact,1.0,1.0
40f56d2717adcebbbc9e51b2b44e1b38,fded01a4284ef8968f8258b4647a4e93,pair_formed_naturally,exact,exact,1.0,1.0
40fbd0b3c658584801b52bc78c278596,6b12572eb1283bcc31047506f09767f4,both_added,added,added,,
40fc7586c068b1ba475e61316ef43412,780a05568d3fa3b7ab829dc992a33582,pair_formed_by_refactoring,signature_changed,signature_changed,1.0,1.0
410ce9242a2822876bb8e59ce1db77a3,c66523b4e04a52f9df782bc14983515d,both_added,added,added,,
410ce9242a2822876bb8e59ce1db77a3,e27700e30f339d5f458259a0381c0592,both_added,added,added,,
414ec24eaecabad2f0ace34dc7a09185,68d70c6125af1048d5c01459d0285f6f,pair_formed_naturally,exact,exact,1.0,1.0
4156ecd9009a6e189ffd5b3bcdb60b37,f5e928e93931310aa61a0372d8808ed3,pair_formed_naturally,exact,exact,1.0,1.0
41696c97e1ad703f958077a545c973bf,5fc5baf1bde0f27dfe517cd7bf680dbe,pair_formed_naturally,exact,exact,1.0,1.0
417fd8f3e2e94d18d25808d62cf8d5e8,abde2e4bce59c4641500256cb0cef419,pair_formed_naturally,exact,exact,1.0,1.0
417fd8f3e2e94d18d25808d62cf8d5e8,c4d9c1801a8bbb15767ef7a3c97a932e,pair_formed_naturally,exact,exact,1.0,1.0
417fd8f3e2e94d18d25808d62cf8d5e8,d98f44a5bbb7030405382805e5902334,pair_formed_by_copy,exact,refactored,1.0,0.89
41a5056cbf000929fc03f2ff4774fbd3,6009fc69091e3dfba40b8a02ce6d6978,both_added,added,added,,
41a5056cbf000929fc03f2ff4774fbd3,fe0f76f9bb92c16b1f52d8a27d47abb3,both_added,added,added,,
41d5b8a41565b37b33fd2280e474c4af,4a8a20f00113cfb3611a865cc7dcfb22,pair_formed_naturally,exact,exact,1.0,1.0
41d92ba576455c403331fb5a293174ca,8b5103566f0696338ab1729994e2496b,pair_formed_naturally,exact,exact,1.0,1.0
41def25ecfe174258154e68f5c6b606c,9271eaae64b68f9414c8b4b231ebdfd0,pair_formed_naturally,unknown,exact,,1.0
41f50cb3bfd4002b68781982de4f92db,4db51d8a61d06d0d278867c5280d63fe,pair_formed_by_refactoring,signature_changed,signature_changed,1.0,1.0
421b4f24370c6272181117a1edf6fc9b,ff9c0c55ab44d5dfb91e04943bc41fcb,method_b_added,exact,added,1.0,
423bed534802eda1fe70ec776a1c4103,689b361521711696f8c40b611012fc00,both_added,added,added,,
423bed534802eda1fe70ec776a1c4103,cf11f92783a0749184e968f7154339d4,both_added,added,added,,
42528876b9b142a9759882938bc0b1f6,76ba9a0ea8b8fedd69c2bb54f82bb929,pair_formed_naturally,exact,exact,1.0,1.0
42abfc9d8ecaa1e6d05a4de32b7f52fd,9ff35d8485ede7937dcb09e1fc522f41,pair_formed_naturally,exact,unknown,1.0,
42cedd5a27b85256ce2750f1de299240,656f608b12a9a74eaccb385f1444df52,pair_formed_naturally,exact,exact,1.0,1.0
42cedd5a27b85256ce2750f1de299240,696f07b7849ded67f3a74ef41ec8d53b,pair_formed_naturally,exact,exact,1.0,1.0
42cedd5a27b85256ce2750f1de299240,8b959e8fe4856d501f902dd05008c1de,pair_formed_naturally,exact,exact,1.0,1.0
42cedd5a27b85256ce2750f1de299240,a7aab367dcaefab41b9ecb79ba5aa377,method_b_added,exact,added,1.0,
42cedd5a27b85256ce2750f1de299240,c93d64c02356466a6d65e79bebed8236,pair_formed_naturally,exact,exact,1.0,1.0
42cedd5a27b85256ce2750f1de299240,d83acbe2742269bf9509236cfb8ecdd5,method_b_added,exact,added,1.0,
432242d58d59ca919b3c969085ec3120,b2165b8612b751c6defe56415fa0bf6a,pair_formed_naturally,exact,exact,1.0,1.0
43254c46c0c3603c29d8284da63b8c5c,49dd6be9d13c1b60f7099d8d15f2431c,method_a_added,added,exact,,1.0
433ae43c7cee7052864773e339faf4d5,45c1cc6e91362367c53d666d586a51c1,pair_formed_naturally,exact,exact,1.0,1.0
433ae43c7cee7052864773e339faf4d5,5a6028485173c1b991052c9940b210cd,pair_formed_naturally,exact,exact,1.0,1.0
433ae43c7cee7052864773e339faf4d5,aae96615e4d09bdc445ab9edd8a7f412,pair_formed_naturally,exact,exact,1.0,1.0
43442167f2d4cc9448fe21d218a8e85d,69891e71ee1984501aa4f7414324af74,pair_formed_by_refactoring,unknown,refactored,,0.82
43452dd11eafdd9bfe87ec3e3419e84b,7adb63679575161387f2fd7899cd0bbb,pair_formed_naturally,exact,exact,1.0,1.0
435832c773ae2f58b933a3b953e8a7ed,f465e2661d9bfab4808026becc097b2a,pair_formed_naturally,exact,exact,1.0,1.0
436c07bf368b973f518a4f9ece4594ed,7e9ad5c686bca09704173a22484e406e,method_a_added,added,moved,,1.0
43737ef3530581d3d2d2e1d6e9565ed9,6d9f518dc3d6b1470adc88b2d96b1e21,pair_formed_naturally,exact,exact,1.0,1.0
4389a8cd29ec37bfdf1ff1c84ee97db3,746115a2a4e038eb597a4dcd1da8b76a,pair_formed_naturally,exact,exact,1.0,1.0
438d48e0bd7a096c1b188235c00dfb8f,489d46239a672f1166b6927cbb480fd6,both_added,added,added,,
439184349bc58cbcafe3429c68356eef,569bd778267da49c9ddaa97cd690842d,both_added,added,added,,
43b0f8ae67664dc279c1571be15edd8a,708b5d5dc990955ea9cc5743c0d85174,both_added,added,added,,
43ba4d06b364cbd90874ff598f3a4d67,5727f51a19043f161ba4fe8f4254dc14,pair_formed_naturally,unknown,unknown,,
43ba4d06b364cbd90874ff598f3a4d67,b1664f87d4cb624e791169f7ed4cc9cc,pair_formed_naturally,unknown,unknown,,
43ba4d06b364cbd90874ff598f3a4d67,d97bc52cd487f2dbc65475c5710e8de6,pair_formed_naturally,unknown,exact,,1.0
43d1a0fd7c1462b7b945578bdd336e38,65f1f8c627000a4ff59171acc7b709a2,pair_formed_naturally,exact,exact,1.0,1.0
43dc844e2bf4f4a592e2d74c17441335,b53e470154bcab64c3732470e965a76a,both_added,added,added,,
43f3053b8085e951d8705c92e863bf56,b6e570add69dd18bc4fd93ee6c0fee3d,pair_formed_by_copy,exact,refactored,1.0,0.88
44020381da86dc717a63475161eaaeb7,f139af1b36032d9f949af39d3506eed9,pair_formed_naturally,exact,exact,1.0,1.0
440c290b14b46426714fcd38eb631e3e,a1f80becb554a8f94f0b5de7fb6b810a,pair_formed_naturally,exact,exact,1.0,1.0
440e395b1e096f6b86487988e0d290c0,db94a6e4c5164b270165169ae26383b5,pair_formed_naturally,exact,exact,1.0,1.0
44218368a44cc3853fae88af93f15d1c,626b900eb086cbb879cabd65c599de09,pair_formed_naturally,unknown,exact,,1.0
44218368a44cc3853fae88af93f15d1c,a2db591353a4cf1fc5b5e71c389bd1fd,pair_formed_naturally,unknown,unknown,,
443c5fcf5511fffa477c12ab01ed322c,56f57c750491795335510180e92f2c68,both_added,added,added,,
443c5fcf5511fffa477c12ab01ed322c,75b381508757fa5ad8fec72bf8a16328,both_added,added,added,,
4453e271ffa4e1869b094e1898b3b0b9,85855c0821f5c80923f771be366d2c28,pair_formed_naturally,exact,exact,1.0,1.0
4453e271ffa4e1869b094e1898b3b0b9,9111f4e4e6c331f02f7148f8aaf8363a,pair_formed_naturally,exact,exact,1.0,1.0
448b36c283d1d9c3fd9e07f9fb5ebeeb,7352d982d66f42dfb72e359bd614ff86,both_added,added,added,,
448b36c283d1d9c3fd9e07f9fb5ebeeb,f9bf60d70a6dcb2025bd095e621981cb,method_a_added,added,refactored,,0.72
44d71ad1ac2214da3f691c384f77e9a5,69feca93d7db14d8221da3e87b27aec7,both_added,added,added,,
44e46dbd164d9f5af66b0b929ff2c4c8,f5847c4814ed0eba241ce00d78863c30,method_a_added,added,exact,,1.0
44fbb41a9f0bebab9f0ef346c4873cbf,79dacf26d6abc38faeb5d4a3222f67eb,pair_formed_naturally,exact,exact,1.0,1.0
4504abf3663dfe090c713f92b706fb20,81a0a76bbcda12ca3b38985b5f1b68b2,pair_formed_naturally,exact,exact,1.0,1.0
45372734675616961f48bb66040e0a5a,9f52e6e9ff3db165b60a1f4e9b95b088,pair_formed_by_refactoring,signature_changed,signature_changed,0.83,0.83
454e5e96ddbaf8e60ac169d8c8de0f90,803b89b2679490b434ccd049ecf87f61,pair_formed_naturally,exact,exact,1.0,1.0
45c1cc6e91362367c53d666d586a51c1,51726bce436a85b3e9b7b490a2c3201b,pair_formed_naturally,exact,exact,1.0,1.0
45c1cc6e91362367c53d666d586a51c1,5a6028485173c1b991052c9940b210cd,pair_formed_naturally,exact,exact,1.0,1.0
45c1cc6e91362367c53d666d586a51c1,aae96615e4d09bdc445ab9edd8a7f412,pair_formed_naturally,exact,exact,1.0,1.0
45dd530bde861a372aa75fe314ad3bfe,666a23ba062e3fe2e87678f2022f766b,pair_formed_naturally,exact,exact,1.0,1.0
45dd530bde861a372aa75fe314ad3bfe,81a0a76bbcda12ca3b38985b5f1b68b2,pair_formed_naturally,exact,exact,1.0,1.0
45ea6e6c339a052c2dd03b045b3f320e,be97b20b5c26b9da4925cfe828de663e,pair_formed_naturally,exact,exact,1.0,1.0
45ea6e6c339a052c2dd03b045b3f320e,cb06d830829c4e2f3c3880fcb24d839d,pair_formed_naturally,exact,exact,1.0,1.0
462794d431652bb1beca0f62da805a14,47ce2c3e7d24b3e4857aab3a1f02cd18,pair_formed_naturally,exact,exact,1.0,1.0
462794d431652bb1beca0f62da805a14,4940cefe1211c6721e0d077791413d1d,pair_formed_naturally,exact,exact,1.0,1.0
462794d431652bb1beca0f62da805a14,6f1246035a196b195348a23ef4747784,pair_formed_by_refactoring,exact,signature_changed,1.0,0.97
462794d431652bb1beca0f62da805a14,86b76b34e3efc27a0bcd51c0681290c9,pair_formed_naturally,exact,exact,1.0,1.0
462794d431652bb1beca0f62da805a14,8a217ba22103b20fb63dcf9702423800,pair_formed_naturally,exact,exact,1.0,1.0
462794d431652bb1beca0f62da805a14,b8f39251ddfb9c43d6e7e627566e7d1b,pair_formed_naturally,exact,exact,1.0,1.0
462794d431652bb1beca0f62da805a14,e2bdfb838aa6b4417cbd2de06b45ac50,pair_formed_by_refactoring,exact,signature_changed,1.0,0.97
46466d932b09911988b396e823f49748,62792bc4bf075822cd3ceab5f256a587,pair_formed_naturally,exact,exact,1.0,1.0
46466d932b09911988b396e823f49748,692129a055295d373e737c37b19b583a,pair_formed_naturally,exact,exact,1.0,1.0
46466d932b09911988b396e823f49748,70130081b3e6ed0ca0ba098d4743ca73,pair_formed_naturally,exact,exact,1.0,1.0
4647d9d7bebf839617c9805bb2787395,e6f3bb40154d62165d47df5b06702c8c,pair_formed_naturally,exact,exact,1.0,1.0
464a46dc60dbd0e799cb6fede15c0a0e,cfb0d970f1e4d2f871a73e1adf70c527,pair_formed_naturally,exact,exact,1.0,1.0
4651e2c52cc77bb7ac4132e6a3fbf0e2,c7c9298cdd2ffacf3bbd7be2b324f3c5,pair_formed_naturally,exact,exact,1.0,1.0
468051e5f0043b840ec699daf3c3d4f5,db843c20b6db397bbd4e19a00fc8b38f,pair_formed_naturally,exact,exact,1.0,1.0
4690ffff9efdbad999b60cef73cf971d,6b72ae42177d5a06fabf1baaca404dbe,method_b_added,refactored,added,0.79,
46f472c3cf269627dff06c76138c9823,572f28f723c1e4dd855f59bd825a5617,pair_formed_naturally,exact,exact,1.0,1.0
470d116d0d2d3f7e4626be43145f3fe9,efe0d338384a3584354d16621995d7f7,method_b_added,signature_changed,added,1.0,
4752702bbdbc576dc4cef48278782ec0,5548a1c914b50f002a507ba95a9409e0,pair_formed_naturally,exact,exact,1.0,1.0
4752702bbdbc576dc4cef48278782ec0,eb964687c360d4a8e32fb2ed7d4ae619,pair_formed_naturally,exact,exact,1.0,1.0
475f0286ff9ebcf8de92e1060b2efadc,a515c25a50a9d3d7de1498a6b502e752,pair_formed_naturally,exact,exact,1.0,1.0
47aefbc68c7917d10c4506de3f89fc5a,e997ae94e79e0b55afe439b578b6a2f9,both_added,added,added,,
47aefbc68c7917d10c4506de3f89fc5a,f9bbe9e74de9cb9788755a22ead22556,both_added,added,added,,
47c733558783cf0719389b5df0537439,4bb7dbc50391e56ee815a777ef4a4618,pair_formed_naturally,exact,unknown,1.0,
47ce2c3e7d24b3e4857aab3a1f02cd18,4940cefe1211c6721e0d077791413d1d,pair_formed_naturally,exact,exact,1.0,1.0
47ce2c3e7d24b3e4857aab3a1f02cd18,6f1246035a196b195348a23ef4747784,pair_formed_by_refactoring,exact,signature_changed,1.0,0.97
47ce2c3e7d24b3e4857aab3a1f02cd18,86b76b34e3efc27a0bcd51c0681290c9,pair_formed_naturally,exact,exact,1.0,1.0
47ce2c3e7d24b3e4857aab3a1f02cd18,8a217ba22103b20fb63dcf9702423800,pair_formed_naturally,exact,exact,1.0,1.0
47ce2c3e7d24b3e4857aab3a1f02cd18,b8f39251ddfb9c43d6e7e627566e7d1b,pair_formed_naturally,exact,exact,1.0,1.0
47ce2c3e7d24b3e4857aab3a1f02cd18,e2bdfb838aa6b4417cbd2de06b45ac50,pair_formed_by_refactoring,exact,signature_changed,1.0,0.97
47d4412ff1dff6d92cb907b335e98311,5635e344d82c0d92e0b3fd140c18c9a5,pair_formed_naturally,exact,exact,1.0,1.0
47d4412ff1dff6d92cb907b335e98311,708e5dc8b374cab814b04bcaf8524997,pair_formed_naturally,exact,exact,1.0,1.0
47d4412ff1dff6d92cb907b335e98311,7a327b9ae1f19726733d127f81ab6903,pair_formed_naturally,exact,exact,1.0,1.0
481661736b85dd65f93b1cba244aafe2,77eaddad371dfd37737bb36622dbd509,pair_formed_naturally,exact,exact,1.0,1.0
48232d7cde7682cc771dc0fde0f9da9d,65ea7ac9a0dff1ad1b5097abbaaa1e07,pair_formed_naturally,exact,exact,1.0,1.0
48232d7cde7682cc771dc0fde0f9da9d,dfbab2274ed03d1ee4331d2a00890222,pair_formed_naturally,exact,exact,1.0,1.0
4832304b5183b9abbccf9d4060f8b8a0,c9a7ad0c21366d39196c9bbcae5a1cb9,pair_formed_by_refactoring,exact,moved,1.0,0.96
485f18b622b63957fdf56b2c7b0eb450,e4e5bf977396af8718db9519e8489d51,pair_formed_naturally,exact,exact,1.0,1.0
488ed69d069eea00274dcfec3d2a4641,7715d85538ea2977d9c4269e5b7e0a00,pair_formed_naturally,exact,exact,1.0,1.0
488ed69d069eea00274dcfec3d2a4641,b6d7f354402010d31c4a0b9bccbd1352,pair_formed_naturally,exact,exact,1.0,1.0
489d82309d94c51067c99ffe9b1e4f3a,82c8e4a5055cb722eecbab2596e74f0d,pair_formed_naturally,exact,exact,1.0,1.0
48b62716839b3e8cc2e68e086f89e3f7,856603b9e9ccf36ace8cccdd0f6d0e7a,pair_formed_naturally,exact,exact,1.0,1.0
48eb198fdbd62930fdd117568e42235e,653a762504a2656a064f9b83b3ada589,pair_formed_by_refactoring,signature_changed,signature_changed,0.86,0.94
48eb198fdbd62930fdd117568e42235e,657a6112c752fc845a2b57f32cda2df9,pair_formed_by_refactoring,signature_changed,signature_changed,0.86,0.97
48f85a8181021b818edc10e50f940511,6534e724ae2099799eb35a48fb4646e5,pair_formed_by_refactoring,renamed,renamed,0.9,0.9
48f9ef965d8f60cc3011de293db9a215,f3a4454aee96d64f85e70296da88a385,both_added,added,added,,
48f9ef965d8f60cc3011de293db9a215,f9bbe9e74de9cb9788755a22ead22556,both_added,added,added,,
49179d9346ae1cb54541e037ff5b3969,714c7680bc6c7a4e303642cd57b3d977,pair_formed_by_refactoring,refactored,refactored,0.75,0.76
49179d9346ae1cb54541e037ff5b3969,7d762f4986ba0c803931c0f6d89e17e6,method_b_added,refactored,added,0.75,
49179d9346ae1cb54541e037ff5b3969,97d1ca200828d7ad1bbd7a97e1eb3731,method_b_added,refactored,added,0.75,
49179d9346ae1cb54541e037ff5b3969,afba3bddc8df1aeb5f3bd295b10ac0e4,method_b_added,refactored,added,0.75,
49179d9346ae1cb54541e037ff5b3969,bc8eab047d7b9721637d3ee9110ad0b6,method_b_added,refactored,added,0.75,
49179d9346ae1cb54541e037ff5b3969,c2ddb56d2e51ced635eee3fdaec9e424,method_b_added,refactored,added,0.75,
49179d9346ae1cb54541e037ff5b3969,c60f9eba537b35ff7402160333e25e25,method_b_added,refactored,added,0.75,
492185029f5bb71d22fdab0274040dc3,e1dceddce77a7f9d8a728cc278ac9f17,pair_formed_naturally,exact,exact,1.0,1.0
49386724a3bcec617a6e082c924e62a2,c432a01ad9b982b2eae4cc9b218cb86b,method_a_added,added,exact,,1.0
493d6a2188f6d0a6c36d6ebb582031c0,882225b987d85b79be35bd2ee9b7e990,method_b_added,exact,added,1.0,
493e21364a99533e9b86c22c4e951878,67a959a505f88b76a54a26611964c4dc,pair_formed_naturally,exact,exact,1.0,1.0
4940cefe1211c6721e0d077791413d1d,6f1246035a196b195348a23ef4747784,pair_formed_by_refactoring,exact,signature_changed,1.0,0.97
4940cefe1211c6721e0d077791413d1d,86b76b34e3efc27a0bcd51c0681290c9,pair_formed_naturally,exact,exact,1.0,1.0
4940cefe1211c6721e0d077791413d1d,e2bdfb838aa6b4417cbd2de06b45ac50,pair_formed_by_refactoring,exact,signature_changed,1.0,0.97
495475ccc00c6fc841543a32f6d9e652,f285129f362ab281f0d9fb716af81784,pair_formed_by_refactoring,moved,moved,1.0,1.0
495475ccc00c6fc841543a32f6d9e652,f9f2b931701a0ed34fae276f413ab002,pair_formed_by_refactoring,moved,moved,1.0,1.0
4a0951e58e7b8c3a8c648dbd206ca6af,768b96ab6377665ac7e19086bcfc3fdb,pair_formed_naturally,exact,exact,1.0,1.0
4a0951e58e7b8c3a8c648dbd206ca6af,85ed9f463592437689719dc9bccbe1f2,pair_formed_naturally,exact,exact,1.0,1.0
4a0951e58e7b8c3a8c648dbd206ca6af,8bbfebb9c0d68757b4aef9407cc679a0,pair_formed_naturally,exact,exact,1.0,1.0
4a0951e58e7b8c3a8c648dbd206ca6af,a0bf34f4ef3a4d1f040bfcbc78af35f4,pair_formed_naturally,exact,exact,1.0,1.0
4a2a5f2bcda0726867238a8cdb09a06b,988834ee3fbfb1a42c7a493bd2a9e043,pair_formed_naturally,exact,exact,1.0,1.0
4a2f0a8d8bcc534d341ba5efbc6bc230,f72ebb975d704a17a1e637d6a72aeac6,pair_formed_naturally,exact,exact,1.0,1.0
4a40afe906d138544f3ccca35d491ba8,f8a5e664d676e75d9ba3e165ae7ef544,both_added,added,added,,
4a42ab0a1b2369d890dc17a3c442363f,a1bb0b872417f6e25d135b26882f6d9a,pair_formed_naturally,exact,exact,1.0,1.0
4a62f184fc902422447ee47064749316,d29b773eb621adfd213ad2b298ee85c1,pair_formed_naturally,exact,exact,1.0,1.0
4a8e6c8cd8b666945c8a65c728b1d333,69feca93d7db14d8221da3e87b27aec7,both_added,added,added,,
4a8e6c8cd8b666945c8a65c728b1d333,af7424a5ba9142c4ff5ca4d40ba242ef,both_added,added,added,,
4a8e6c8cd8b666945c8a65c728b1d333,fe109b50c258b3a43cef6fdf531fb5f6,both_added,added,added,,
4aada1d6c9c0ecafa599b81a0724db21,bd94247be2ecf6c7a35627ff56ea25ab,both_added,added,added,,
4ab80394ef72235ef1f478278d60c4f6,53d840c718304b70858d07ac35659d80,pair_formed_naturally,exact,exact,1.0,1.0
4ab80394ef72235ef1f478278d60c4f6,87e462d05eebdce06b53cc7e26c50dd9,pair_formed_naturally,exact,exact,1.0,1.0
4ab80394ef72235ef1f478278d60c4f6,be8f6cfecb061429379ab76597fb2dcf,pair_formed_naturally,exact,exact,1.0,1.0
4ad2ca561dd79c156b812ada3265d6c0,5a38c5368e0167cb22ea712c28d2e92a,both_added,added,added,,
4ad2ca561dd79c156b812ada3265d6c0,6dcded80a43ac5972a7c6b68232362d5,both_added,added,added,,
4ad2ca561dd79c156b812ada3265d6c0,6ff71043def3fb92ba9b08969c1e0579,both_added,added,added,,
4ad2ca561dd79c156b812ada3265d6c0,743fd6cfbcb98c88cba2c70b3f93b38f,both_added,added,added,,
4ae7637ad5b0cd65d1a3430bc86dc801,ac6f5c1658ed8c6ccdb4c85cada51f33,pair_formed_naturally,exact,exact,1.0,1.0
4ae7637ad5b0cd65d1a3430bc86dc801,ebac27c9447735d77b9f145e8f2eade8,pair_formed_naturally,exact,exact,1.0,1.0
4aed3cb3e708d3089c08e5ee1f73210a,57a070f47fee8bba4b9c0af5165ed93a,pair_formed_by_refactoring,signature_changed,signature_changed,1.0,0.92
4aed3cb3e708d3089c08e5ee1f73210a,c3353c3fe935267a4737a205ce64e081,pair_formed_by_refactoring,signature_changed,signature_changed,1.0,1.0
4af62e40c81a0f4a4e51a69cc295cb57,5a432a92944234a7d70b4d66a294ab10,pair_formed_naturally,exact,exact,1.0,1.0
4afa5fc3b30c39562058b2e05a81d3c2,5d5b2e11e7bf9ae0a47af8e28f04ca40,pair_formed_naturally,exact,exact,1.0,1.0
4b299e849da22709735d053fb3335d89,ed65a5259ebcdf88297d8427fdb83bfc,pair_formed_naturally,exact,exact,1.0,1.0
4b320677cecaaf0af74e8c3547473469,d0bbb9a3de80acf197c18b673fadd17a,pair_formed_naturally,exact,exact,1.0,1.0
4be5e9349434727d2800ee9141b2383d,739b1bf9ecec74b24f188876b5078649,pair_formed_by_refactoring,refactored,refactored,0.75,0.76
4be5e9349434727d2800ee9141b2383d,7755846b8088e5365ee5accde147cecb,pair_formed_by_refactoring,refactored,refactored,0.75,0.76
4be5e9349434727d2800ee9141b2383d,de20f994f491701cbfbf318cd629487e,method_b_added,refactored,added,0.75,
4c11c5cf60b9e793401f69c8b74b4678,c29dc3d20b318c5d7fb9c44b42b0ace2,pair_formed_naturally,exact,unknown,1.0,
4c11c5cf60b9e793401f69c8b74b4678,c3c1321ff94335e90fbd75a64d8df912,pair_formed_naturally,exact,exact,1.0,1.0
4c11c5cf60b9e793401f69c8b74b4678,e09cd4044f74cd70160c110227a777be,pair_formed_naturally,exact,exact,1.0,1.0
4c3a9b3bf8b7d18daabfdbcee44645a8,c4c348fb0098bb83e9afeb0d47b64fba,method_b_added,signature_changed,added,0.81,
4c621572a88dbf70fd70649d360587db,e4f5ad7e4193867cbe8cd93ea59acc77,pair_formed_naturally,exact,exact,1.0,1.0
4c6fadb35e3a4a9f9bb8a32f696c2764,57e291f023322f32ce97a6fbce61f5e3,pair_formed_by_refactoring,moved,moved,0.97,0.99
4cad35744372b6d8089edc8ed4fd2068,ed65a5259ebcdf88297d8427fdb83bfc,pair_formed_naturally,exact,exact,1.0,1.0
4ccbb6f9fc45a806afa4598038e9765f,daf1f2fc1b440a480b240652b37bffa4,pair_formed_naturally,exact,exact,1.0,1.0
4ce7ec9169ad865caeb79cf7b936abdc,bd15dca7d26161fc78729557f9d503d4,pair_formed_naturally,exact,exact,1.0,1.0
4ce9d94b4796a67ac38d75357968b64d,75060994db1d88f6f71d9aa4e02ec775,method_a_added,added,refactored,,0.83
4ce9d94b4796a67ac38d75357968b64d,7b1094954983e2021457d9b8a85e6f44,method_a_added,added,refactored,,0.76
4ce9d94b4796a67ac38d75357968b64d,c92424624e08757fa3de37aa37b09820,method_a_added,added,refactored,,0.86
4d20379645c286563165a510a629893c,5a58261945ea913e74fb21db7fc3ccef,pair_formed_naturally,exact,exact,1.0,1.0
4d216ec8b08828ce44d12c6c19d51e38,76633334210a8b027f5aa3c8ffc1a2fe,both_added,added,added,,
4d250a117d274732e2321c9369f0e48f,c7baf0e29897ae5d62f301dbd051d878,pair_formed_naturally,exact,exact,1.0,1.0
4d27a3c2173d23be8b33bdb61bdca19e,f9bf60d70a6dcb2025bd095e621981cb,method_a_added,added,refactored,,0.72
4d34211568cff015767970234533a9c1,de17ebfc14b0ae1b104a292f62efd4e2,pair_formed_naturally,exact,exact,1.0,1.0
4d70ef7a9b6f48a08451cd6acfe8faca,b3ed0a64bdaac08232ba4f2b4b0b8d3c,pair_formed_naturally,exact,exact,1.0,1.0
4d73d6f72950178c674811d52f5b8127,845965f5bafc5a7b1132798bd765aca1,pair_formed_naturally,exact,exact,1.0,1.0
4dfc25ce7edf26e7cdc29f8f89d476b1,5af740e30c45dbb2c775de56443685c6,pair_formed_naturally,exact,exact,1.0,1.0
4e06205be996f2ba95b12f548d4b9175,f8dd8b8b7951eaed3b77c242c2d7f52a,both_added,added,added,,
4e34d455d713ea70724b930e5c8e97d3,69feca93d7db14d8221da3e87b27aec7,method_b_added,refactored,added,0.82,
4e34d455d713ea70724b930e5c8e97d3,b50232bfbd9d6d6edf67d3d7ad77747a,method_b_added,refactored,added,0.82,
4e58b15a1f68fdf28bccb67fe1813f00,b6bfc960b9d8fe1bdcbd386b0a752d8a,pair_formed_naturally,unknown,exact,,1.0
4e8114ef0e8d658a2968e176126251b1,b567d1b0a7c25e2bec970a1c6c8b2b29,pair_formed_naturally,exact,exact,1.0,1.0
4e8114ef0e8d658a2968e176126251b1,f566eed344426cceb6c03209fff15cb3,pair_formed_naturally,exact,exact,1.0,1.0
4ed1829beba4adffa9ec1354a58cefe8,dac693268428270769b270c72a0a5dc8,pair_formed_naturally,exact,exact,1.0,1.0
4edb0cc1509d87bb9d2995176038b9d0,9adce5be1d30fb05e9a17b2f2763f1fc,method_a_added,added,exact,,1.0
4edb0cc1509d87bb9d2995176038b9d0,f9b904de716a16db820c15085f74df24,method_a_added,added,exact,,1.0
4f09b12ccb1211d598568612d4d62fa5,851b48a7080af444ffacf08147815592,both_added,added,added,,
4f09b12ccb1211d598568612d4d62fa5,a7f28eacce8846c69c7c34c454fa5da0,both_added,added,added,,
4f09b12ccb1211d598568612d4d62fa5,ee9e6e51d18ed85755e541a44e2dbb1d,both_added,added,added,,
4f2066899f871ca4f492c7395da5a1f0,d82d3ac23597920e8afb081e1dd7b35a,pair_formed_naturally,exact,exact,1.0,1.0
4f70d471e780b93881bcbec3f564a99c,a709ec451500abc718b9ed1a811fa02a,pair_formed_naturally,exact,unknown,1.0,
4f70d471e780b93881bcbec3f564a99c,b996863d88c04f2d215c89d20c13e039,pair_formed_naturally,exact,exact,1.0,1.0
4f70d471e780b93881bcbec3f564a99c,e101254a310dd366a80c20e295105d30,pair_formed_naturally,exact,unknown,1.0,
4f70d471e780b93881bcbec3f564a99c,f01dd05ca756595e1ba4dc06010f08b4,pair_formed_naturally,exact,exact,1.0,1.0
4f85bbf18e4ec4556fd23fb9e2d22b49,5787bea9d614c65449e63e648430b4cd,both_added,added,added,,
4f9422554b24da4fc8492818c44c131a,6f8a3d04c6457883332c342803ef5bb0,both_added,added,added,,
4f94d794958c6770d10b2451408612a0,63d3c5f6b102a3ebf745aa1fad3867e2,pair_formed_naturally,exact,exact,1.0,1.0
50043a0cd2b54d06da0ab333d5b2e679,dc2bc3634cc59021d18facae3fdd9681,pair_formed_by_refactoring,token_hash,moved,1.0,1.0
5006289fa9e6a72a196561d275fe5117,8c205c17759f154956e5738c2cd7df3a,method_b_added,exact,added,1.0,
5006289fa9e6a72a196561d275fe5117,906eb161e5842c71b49d43f6af100f8b,method_b_added,exact,added,1.0,
50199f42dcd6a13fa81bb01be4551578,c8b8ae469864edb6eb014ad835ff5365,pair_formed_by_refactoring,moved,moved,0.98,1.0
50223244c27a9a1bd111347a7fb26a9a,721ca77d21294dfb4329482e11d6a1dc,both_added,added,added,,
5027e288a79d2523ff8f655489be24ce,53d840c718304b70858d07ac35659d80,pair_formed_naturally,exact,exact,1.0,1.0
5027e288a79d2523ff8f655489be24ce,58ef07a1a27f6a55e194054adbec728f,pair_formed_naturally,exact,exact,1.0,1.0
503880bbabb433fda75b2f28964ddeb6,f44949026744a022b80da99a059a98cc,both_added,added,added,,
504bc13c9f0719619d63be46b8da05cc,6051478a687e1ca51c1561fcf4c8ff4c,pair_formed_naturally,exact,exact,1.0,1.0
504bc13c9f0719619d63be46b8da05cc,e7af66cf5dbd0e84f88a34952545331c,pair_formed_naturally,exact,exact,1.0,1.0
50884208f5cd767a84c30b8d4651336b,8263ea7e26dc6a61cc66d4dd61f35465,method_b_added,exact,added,1.0,
50884208f5cd767a84c30b8d4651336b,945c31eee869c849f5fb32334d428570,pair_formed_naturally,exact,exact,1.0,1.0
50f316b9118c9bdd9e14bba82a183a4d,577a2434bc60607a490c54fe47f57804,pair_formed_by_refactoring,moved,moved,1.0,1.0
5138be22d3cc30a9267ef19b56b20d41,74897d98f47ee53e97130d4d574fcf0b,pair_formed_by_refactoring,signature_changed,exact,0.95,1.0
5138be22d3cc30a9267ef19b56b20d41,792bb04389ea99c4ca03002511e6404f,pair_formed_by_refactoring,signature_changed,signature_changed,0.95,0.96
5138be22d3cc30a9267ef19b56b20d41,c082d3a3d9a3534679b77cef282815d0,pair_formed_by_refactoring,signature_changed,signature_changed,0.95,0.89
513e13412727ded2b2b06c6d7a804ae8,74bcad07e95f72aa3abb2ef9a80d0369,both_added,added,added,,
513f21a13a77a2c71c665c1c0b6d3689,91ca2c8b085be5bdec2bb657c5e5d48f,method_b_added,exact,added,1.0,
513f21a13a77a2c71c665c1c0b6d3689,fa954bf9988ad1382a360557ee7a2c5c,method_b_added,exact,added,1.0,
5155390e6970d35aea3b76c720ff3ccb,c9a7ad0c21366d39196c9bbcae5a1cb9,pair_formed_by_refactoring,exact,moved,1.0,0.96
51726bce436a85b3e9b7b490a2c3201b,5a6028485173c1b991052c9940b210cd,pair_formed_naturally,exact,exact,1.0,1.0
51726bce436a85b3e9b7b490a2c3201b,aae96615e4d09bdc445ab9edd8a7f412,pair_formed_naturally,exact,exact,1.0,1.0
517f0d96b80371e19dd84195994fd325,b3e5bdb3870c6c4ac66c346df7718433,pair_formed_naturally,exact,exact,1.0,1.0
51c0f7f201e161c0a4e3c658c8474620,e889263f5dc4663a5a01e13873411402,pair_formed_naturally,exact,exact,1.0,1.0
51c0f7f201e161c0a4e3c658c8474620,fdef680b1bf7bd33ce1a1860ad62d7d3,pair_formed_naturally,exact,exact,1.0,1.0
51ef80c81e2d51d912a1b1a63a803e17,b84f1df7e8ea5099cbf4bf2ff2384019,pair_formed_by_refactoring,renamed,exact,0.95,1.0
5234c03ba1166e2a56cbafdcd462d8d9,69008fc2ebb8e6e0f9e8ebff5042fe69,both_added,added,added,,
524ff783b1e5d615ef751d19e3286bfa,ba888a6eb491a060a5d5cca52dbb9251,both_added,added,added,,
524ff783b1e5d615ef751d19e3286bfa,dadda8e54224b3e72951c2eb1cbb7320,both_added,added,added,,
524ff783b1e5d615ef751d19e3286bfa,df91be44c96b95ee7828e0aa2f857de9,both_added,added,added,,
524ff783b1e5d615ef751d19e3286bfa,f5f73c0ec17d62359279993fe6eae29c,both_added,added,added,,
52612944d66802dc27b942b85ed02ed5,97ffb4de749d9f57f32cf057435a4c45,both_added,added,added,,
52612944d66802dc27b942b85ed02ed5,c27d621a7be1ca79cdd5dae633af8588,both_added,added,added,,
527a2d40f53f0662b3df05128beb465b,7a984385460c6d0d42c45901a8390dd1,pair_formed_by_refactoring,refactored,signature_changed,0.72,0.93
527a2d40f53f0662b3df05128beb465b,bb4b06f898c47a1e9bb43c46c14032bd,pair_formed_by_refactoring,refactored,refactored,0.72,0.84
527a2d40f53f0662b3df05128beb465b,d936a4b3980e476bfa10d72d21744110,method_b_added,refactored,added,0.72,
5292cc361c70af57a334d7696fb5ef5b,7306159f54d8d17b1bf773115e31ef77,pair_formed_naturally,exact,exact,1.0,1.0
5292cc361c70af57a334d7696fb5ef5b,b8776629c1936543666270e4ed8d98a8,method_b_added,exact,added,1.0,
52e341dcb6183004645b71a4f9753bd7,9bbc67768d2de88978a8577e97d4061c,both_added,added,added,,
52ee1e3d4313a88164884146cb0c602c,be97b20b5c26b9da4925cfe828de663e,pair_formed_naturally,exact,exact,1.0,1.0
53410bc2cd187dc15aa537bc944f3232,5987c890c95a10c176d56bae4ad5ce77,pair_formed_naturally,exact,exact,1.0,1.0
53410bc2cd187dc15aa537bc944f3232,877ce6d2d1f5c0d1cbb1432d01867f81,pair_formed_naturally,exact,exact,1.0,1.0
53410bc2cd187dc15aa537bc944f3232,8ff099acb79da4d0bbcc3065c3930e10,method_b_added,exact,added,1.0,
53410bc2cd187dc15aa537bc944f3232,e79a26779cb2af035a2de65d98c8a8c3,method_b_added,exact,added,1.0,
5341c0fa3aef509b4128cdff4f8798d6,810484fcd63c38fbd22b2d75c13f6b0d,both_added,added,added,,
5377780849cfb0776e4e875ad5689f24,aaaa7110c254ebe30f945ffa049f15f8,pair_formed_naturally,exact,exact,1.0,1.0
5377780849cfb0776e4e875ad5689f24,b8eb5cafef4725022ccdd2a59fcee7a1,pair_formed_naturally,exact,exact,1.0,1.0
537a539e8438a467a4a71189e05422fa,e6f3bb40154d62165d47df5b06702c8c,pair_formed_naturally,unknown,exact,,1.0
5383d9838d32a6dbc059cff0841422ca,db1c832cbd98ccf53197b85ab378f0a3,pair_formed_naturally,exact,exact,1.0,1.0
538b06f600a49e1ef03a9cd2218c6cb2,c41328b4f6e0522340ae7066b21b4d9b,pair_formed_by_refactoring,signature_changed,refactored,0.82,0.72
53aba94d3351606b307d5420e8ae2716,e4ab453bfdc8858070f4f23e6ca20fe2,pair_formed_by_refactoring,signature_changed,signature_changed,0.99,0.7
53d2da51dc3702268b676ee6eaea7c62,6b808fa1b31defa0a05f33a3f944f8da,pair_formed_naturally,exact,exact,1.0,1.0
53d840c718304b70858d07ac35659d80,58ef07a1a27f6a55e194054adbec728f,pair_formed_naturally,exact,exact,1.0,1.0
53d840c718304b70858d07ac35659d80,b5c07f6ce9d3f7b7276d80b15a99afdb,pair_formed_naturally,exact,exact,1.0,1.0
53e3ab2549cfe23df70f5b8bb4a45b21,9073c88225cc22668382cdca6dda138d,pair_formed_naturally,exact,exact,1.0,1.0
54118b0bfa3aa8e3c816bd5873fea8b0,d7eaccdf9ce4efea4bb90c448121583f,pair_formed_naturally,exact,exact,1.0,1.0
5433710f31040f58839b251b8c282a49,ed65a5259ebcdf88297d8427fdb83bfc,pair_formed_naturally,exact,exact,1.0,1.0
5435888afeafdc94f66f9534dac6004e,d8e918e126bf46b76b44549f64780a33,both_added,added,added,,
543ba3aea525ab8ce71876f51868aa47,afd78b33c62fc9c38bc99b5e3acacc8c,pair_formed_naturally,exact,exact,1.0,1.0
54596035692ad50085449d395cc0a197,6a411ffec00613bae35cac90b7d74df3,pair_formed_naturally,exact,exact,1.0,1.0
546adee5d66619b5e13ddeb9620d1ec0,5555a9377ab67259a11f01991ddd1107,pair_formed_naturally,exact,exact,1.0,1.0
546b9e0dfee125b9f8f491c58bc933eb,6b75fe222c976041a9daeac3a26dfaef,method_a_added,added,exact,,1.0
546b9e0dfee125b9f8f491c58bc933eb,c72a2a2fd9f01671781c62e01e669a52,method_a_added,added,exact,,1.0
54960f07e39f1f82159860ae6b3bed3d,b24fb0acd8ca4a54c709a88591558f89,pair_formed_by_refactoring,signature_changed,signature_changed,0.82,0.93
549e145514abc4a84a1f6b838fe661cf,e178a900852073855fa1d7cdb08be594,both_added,added,added,,
549fbe1fed5d7517fd22f53f8b982ffc,6b75fe222c976041a9daeac3a26dfaef,method_a_added,added,exact,,1.0
549fbe1fed5d7517fd22f53f8b982ffc,7f79673ef10ae1467ba9a1ea515a3f21,both_added,added,added,,
549fbe1fed5d7517fd22f53f8b982ffc,ba7fc187d55de62a093b75e6a0c9cc87,method_a_added,added,exact,,1.0
549fbe1fed5d7517fd22f53f8b982ffc,f6f3fedfb784bfac0fc2cbdb187b60d5,method_a_added,added,exact,,1.0
54a100158f8eb9263d93528677f51988,b4ac1d48a92ac09be5827be1dced858f,pair_formed_naturally,exact,exact,1.0,1.0
54a10cf31a05fd83361d01e123fd4b21,abf4a6c7ba5edc6bfb9dfead05640fb4,pair_formed_naturally,exact,exact,1.0,1.0
54d12c93e29c3465220ddc260dd5d530,60be608171a03439a7537f5746f323e1,both_added,added,added,,
54d8aef6f105418c54f960b0fc6c943a,69feca93d7db14d8221da3e87b27aec7,both_added,added,added,,
54d8aef6f105418c54f960b0fc6c943a,afba3bddc8df1aeb5f3bd295b10ac0e4,both_added,added,added,,
54d8aef6f105418c54f960b0fc6c943a,b016c3d6f40e4c683b4140fb0b0d812f,both_added,added,added,,
54ed0f8a4062984513c809f0617540b0,c648ffb8301f49cb9ede8bd4c211e30b,pair_formed_naturally,exact,exact,1.0,1.0
5512147d27cb11ad0624fa02491b2997,98d6d7743f52253c98b85c02b4c81a98,pair_formed_by_refactoring,exact,signature_changed,1.0,0.96
55191e30d364fe40307e42b28e4e5524,b316cbc90faee4718f235eb485bb5083,pair_formed_naturally,exact,exact,1.0,1.0
55431a5cbe11956ba7fa4642264a76b1,57625b1e0cd1f46ad86e676afa2ccf07,method_b_added,exact,added,1.0,
55431a5cbe11956ba7fa4642264a76b1,ed042067105f4abd9d666e041e7f74e1,method_b_added,exact,added,1.0,
55483bdc04cab4ba2af15068549a72f5,93b7d1eec77885f1e0a839b083de489a,pair_formed_naturally,exact,exact,1.0,1.0
55483bdc04cab4ba2af15068549a72f5,e8f9ae2b6e72ddfb79b274d3d5e5e1a4,pair_formed_naturally,exact,exact,1.0,1.0
5548a1c914b50f002a507ba95a9409e0,e05faac5cafeff4fe4a0d216e2adac28,method_b_added,exact,added,1.0,
558e3ae93c4cc6afaeee4d4c924f5d2d,be46a4ea25e82fff47fc378cc63c1ab0,method_a_added,added,exact,,1.0
558e43d4f26c546fb9806f95a78d0979,e0901effb1a21c1687fb7a8cd1e46e18,pair_formed_naturally,exact,exact,1.0,1.0
55db8eb5b50e20c5ca420ca5fc200107,c8ba239bf4c68be5715264584418da0c,pair_formed_naturally,exact,exact,1.0,1.0
55ea61e9e0ccc8a925c8d36f93e7be0b,eb60a1ed60459bbc03e81d562dc6d605,method_a_added,added,exact,,1.0
560467548837528e2b1a3a404cbb95d2,84972745a8ed21387635dd1c0389690a,pair_formed_naturally,exact,exact,1.0,1.0
5605f002471393be692a68569ca320aa,84f13eec3a73381d77c2a25d939141ce,pair_formed_naturally,exact,exact,1.0,1.0
5605f002471393be692a68569ca320aa,90530d72659afe489ee41c5a459ed821,pair_formed_naturally,exact,exact,1.0,1.0
5605f002471393be692a68569ca320aa,b26f61fc5c635608670c5bfbbf4e9506,pair_formed_naturally,exact,exact,1.0,1.0
560eaa95a35ee65958c94c6ca84bc739,77e6e337ca38c749641e09a5c86d4447,pair_formed_naturally,exact,exact,1.0,1.0
560eaa95a35ee65958c94c6ca84bc739,dd44754bf127d08140ad9645188246b7,pair_formed_naturally,exact,exact,1.0,1.0
5635e344d82c0d92e0b3fd140c18c9a5,708e5dc8b374cab814b04bcaf8524997,pair_formed_naturally,exact,exact,1.0,1.0
5635e344d82c0d92e0b3fd140c18c9a5,7a327b9ae1f19726733d127f81ab6903,pair_formed_naturally,exact,exact,1.0,1.0
5670d347d93197aa5bfde26e9102038b,7b3c358a9d487ff00858e8d5c121dc60,pair_formed_by_copy,exact,refactored,1.0,0.89
569bd778267da49c9ddaa97cd690842d,68396dbb5558caeed5af6a01f590195d,both_added,added,added,,
569bd778267da49c9ddaa97cd690842d,c18fc475698eccb48bb3ce1d6c91db25,method_a_added,added,refactored,,0.76
569bd778267da49c9ddaa97cd690842d,d9f46e95f090a988f9f901aa8cafba7d,both_added,added,added,,
56a36ff3e22d3e8a173a27cd1dbbb805,91d7b36dcb62f8396759378ed467a9f7,both_added,added,added,,
56d209499b580db3626bc7c343cf6fa5,74583927aa7da082a44f858bdf4e9b4b,pair_formed_naturally,exact,exact,1.0,1.0
56e5dfbe750836f13c648fc04abcbee8,5d94e07fa4eb070f1c9d1a5b30cb0e38,both_added,added,added,,
56e5dfbe750836f13c648fc04abcbee8,b5a3787ef9decb1e576bbcf37ede9286,both_added,added,added,,
56f57c750491795335510180e92f2c68,75b381508757fa5ad8fec72bf8a16328,both_added,added,added,,
56ff0185829e3dcdc266fa7c9d0d86e9,70b4807cbafa479c65f32865e32b8cd5,pair_formed_naturally,exact,exact,1.0,1.0
56ff0185829e3dcdc266fa7c9d0d86e9,d908523a11f550063d2b48ab56954eec,pair_formed_naturally,exact,exact,1.0,1.0
56ff0185829e3dcdc266fa7c9d0d86e9,dd48cc035d3dc7e1cb01dc8216b4af20,pair_formed_naturally,exact,exact,1.0,1.0
56ff0185829e3dcdc266fa7c9d0d86e9,fc7c142ae7990eabf9f7171383d51f8b,pair_formed_naturally,exact,exact,1.0,1.0
56ff8e59fc4c98f15ff271d4d0584738,57f16a9f51e2adc9dc965efc6d76093a,both_added,added,added,,
56ff8e59fc4c98f15ff271d4d0584738,7b8b0ab09adcac9deadca5318b2491f8,both_added,added,added,,
57036916462bdd8131eba80d1cc88758,660efe8651c01fba92416027fe6e4663,pair_formed_naturally,exact,unknown,1.0,
57036916462bdd8131eba80d1cc88758,b99bef2011fee1b30690f29eb3a58f00,pair_formed_naturally,exact,unknown,1.0,
57036916462bdd8131eba80d1cc88758,da8289a39351ea27ec783a9cbcce31a6,pair_formed_naturally,exact,exact,1.0,1.0
57036916462bdd8131eba80d1cc88758,dbb65ffc961a5d664ba6f79375bba2d6,pair_formed_naturally,exact,exact,1.0,1.0
5727f51a19043f161ba4fe8f4254dc14,d97bc52cd487f2dbc65475c5710e8de6,pair_formed_naturally,unknown,exact,,1.0
572f28f723c1e4dd855f59bd825a5617,97d278d0ccb479cacc909c44f2e839d9,pair_formed_naturally,exact,exact,1.0,1.0
57323f06e211d51e273ca2e4148d36ee,ee295d0951e3a4e1d392fc7c8bed2d83,pair_formed_by_refactoring,signature_changed,signature_changed,0.88,0.88
57625b1e0cd1f46ad86e676afa2ccf07,ed042067105f4abd9d666e041e7f74e1,both_added,added,added,,
5786a941b8b94014869b3a23732056cd,7e268c12f4736fdcbd4b5c3d0a128af7,pair_formed_naturally,exact,exact,1.0,1.0
579a801ff5f08ce8769a84a0f219fc23,6273c91073ef1cc6fe69c0b79a89ef04,pair_formed_naturally,exact,exact,1.0,1.0
579a801ff5f08ce8769a84a0f219fc23,676cb77e682a2b411c80572d975b00a4,pair_formed_naturally,exact,exact,1.0,1.0
579a801ff5f08ce8769a84a0f219fc23,69226d6303e71dfcb94fc542ebcd62f4,pair_formed_naturally,exact,exact,1.0,1.0
579a801ff5f08ce8769a84a0f219fc23,e73007039d275412b0b3021d678992b3,pair_formed_naturally,exact,exact,1.0,1.0
57a070f47fee8bba4b9c0af5165ed93a,c3353c3fe935267a4737a205ce64e081,pair_formed_by_refactoring,signature_changed,signature_changed,0.92,1.0
57ac9f8495b91c0746ace02abeba0c64,e2ef52d0f7821cbf46463c71c1073af6,pair_formed_by_refactoring,refactored,refactored,0.82,0.79
57f16a9f51e2adc9dc965efc6d76093a,7b8b0ab09adcac9deadca5318b2491f8,both_added,added,added,,
581c88ed19db96d5f8e541828fb6acf0,aa2f35278fe1565587eb910161cf8375,both_added,added,added,,
581c88ed19db96d5f8e541828fb6acf0,b4a5ebde868162afa9deaf75416c0ec1,both_added,added,added,,
584a10f3fedc0fb2d831c21e10822897,d4edf57ad7fc7c0951162a850f2081af,pair_formed_by_refactoring,signature_changed,signature_changed,0.9,0.9
584a1edf051303d5f1e4cfa89eb4c1d1,8ff099acb79da4d0bbcc3065c3930e10,method_b_added,exact,added,1.0,
584a1edf051303d5f1e4cfa89eb4c1d1,e79a26779cb2af035a2de65d98c8a8c3,method_b_added,exact,added,1.0,
584dacaf05433042f511a52f5d54cd03,b8f39251ddfb9c43d6e7e627566e7d1b,pair_formed_naturally,exact,exact,1.0,1.0
5894a9638419ef13dd8d0dbc2b5e3f15,80b5af8c40a5b726d3e6e15eb39885c7,method_a_added,added,exact,,1.0
58bd101ee0940ec2eb5da241938bdd80,6afcb3b0f5ebcf13d161ff15f37def09,pair_formed_naturally,exact,exact,1.0,1.0
58f24bd3333b18f8a9651c61dc9865ea,6acbc1590dc89d992938d00fed1f5389,pair_formed_by_refactoring,moved,moved,0.96,0.96
59181fd5c2d9312f3cc0a4657144e3f9,bfac5384c284ad7cf2a362999fbb5881,pair_formed_naturally,exact,exact,1.0,1.0
5918c4b980c03557f05a9913766c7c28,8ff099acb79da4d0bbcc3065c3930e10,method_b_added,exact,added,1.0,
5918c4b980c03557f05a9913766c7c28,ddb9f41a5f06ad7321c99a6b9bd732c0,pair_formed_naturally,exact,exact,1.0,1.0
5918c4b980c03557f05a9913766c7c28,e79a26779cb2af035a2de65d98c8a8c3,method_b_added,exact,added,1.0,
59620f7b103604d2e32759f75667555c,db71d37d51aa7b880bb3613f8ec65d93,pair_formed_naturally,exact,exact,1.0,1.0
596a8311bd15fdba3a0a9cf3d48dcc87,8f8e93818cc695c52d109d3ddd67c2dd,both_added,added,added,,
596bd20d088b0ebcc9370fb11c7de344,6009fc69091e3dfba40b8a02ce6d6978,both_added,added,added,,
596bd20d088b0ebcc9370fb11c7de344,fe0f76f9bb92c16b1f52d8a27d47abb3,both_added,added,added,,
5987c890c95a10c176d56bae4ad5ce77,877ce6d2d1f5c0d1cbb1432d01867f81,pair_formed_naturally,exact,exact,1.0,1.0
5987c890c95a10c176d56bae4ad5ce77,8ff099acb79da4d0bbcc3065c3930e10,method_b_added,exact,added,1.0,
5987c890c95a10c176d56bae4ad5ce77,e79a26779cb2af035a2de65d98c8a8c3,method_b_added,exact,added,1.0,
59f6d67d363fd1d273e25d64cd822f7d,5b22bff880590f91522fd00e2696faac,pair_formed_naturally,exact,exact,1.0,1.0
5a38c5368e0167cb22ea712c28d2e92a,6ff71043def3fb92ba9b08969c1e0579,both_added,added,added,,
5a38c5368e0167cb22ea712c28d2e92a,743fd6cfbcb98c88cba2c70b3f93b38f,both_added,added,added,,
5a53fe08c9ff91c1ed270048e745d6bd,5e75bff5cc97d71ffaf47830350aa1f0,pair_formed_naturally,exact,exact,1.0,1.0
5a6028485173c1b991052c9940b210cd,aae96615e4d09bdc445ab9edd8a7f412,pair_formed_naturally,exact,exact,1.0,1.0
5aca88bf86820be134252afeaf8ce57d,904f71ecf641aacb4af7ad3d28364700,pair_formed_naturally,exact,exact,1.0,1.0
5ad926ad9a8e69f733de7c7e72c49414,853f7bf1d7e668ef34699e9c6092474c,pair_formed_naturally,exact,exact,1.0,1.0
5ad926ad9a8e69f733de7c7e72c49414,ed65a5259ebcdf88297d8427fdb83bfc,pair_formed_naturally,exact,exact,1.0,1.0
5ad926ad9a8e69f733de7c7e72c49414,fe7c9d38baa4694c39413c4d23f83563,pair_formed_naturally,exact,exact,1.0,1.0
5afaba3bd1ca0c362930ff8c0f5792ea,b2483ae9276381083719e934f15bf804,both_added,added,added,,
5afaba3bd1ca0c362930ff8c0f5792ea,c4863ccc5844df01837cc644ff247480,both_added,added,added,,
5b01fb50b06449ec8859f3b648b6b886,efb1a1bae900d34deec9442b5b456c65,pair_formed_naturally,exact,exact,1.0,1.0
5b22bff880590f91522fd00e2696faac,ae62992e45a6510fb86a1f8c1a468bff,pair_formed_naturally,exact,exact,1.0,1.0
5b32b57b24e8fc272d1b19b79c48957a,944c78dc65c897d1e3579e040e2fc867,pair_formed_naturally,exact,exact,1.0,1.0
5b32b57b24e8fc272d1b19b79c48957a,c579b6b210ffa53d7246c1faa3337dd7,pair_formed_naturally,exact,exact,1.0,1.0
5b341d1da618524ae07a90c709faf029,947a1d3642602aba7a0c312c97ef8a88,method_a_added,added,signature_changed,,0.92
5b341d1da618524ae07a90c709faf029,9cf3bb41a485206d2ed50a8747aebbe7,both_added,added,added,,
5b567482844bb4c5f719a4bb4bf2781d,63b81787c93fbdf7a66f1fa9909488dd,pair_formed_naturally,exact,exact,1.0,1.0
5b567482844bb4c5f719a4bb4bf2781d,6e26d3b0c3b8a81a25d8cf6657b372d2,pair_formed_naturally,exact,exact,1.0,1.0
5b567482844bb4c5f719a4bb4bf2781d,85f205f99b1ae707029b62af29c9c5e6,method_b_added,exact,added,1.0,
5b567482844bb4c5f719a4bb4bf2781d,cd6db394231b996371e9ca8e77bd5cf6,method_b_added,exact,added,1.0,
5b567482844bb4c5f719a4bb4bf2781d,ed898974f7a157cf7c418df55d1c3287,pair_formed_naturally,exact,exact,1.0,1.0
5b899d24a3d85a0de8b820c6f9073533,85bde026ca069b463af0b9fe55c1eb3d,pair_formed_naturally,exact,exact,1.0,1.0
5bb8a829c72a5b7f47440d3f9dddbeac,c25fa095cfcc1d922a9c2d69ae75343c,pair_formed_naturally,exact,unknown,1.0,
5c1fa44337331438b70996bb6ea05706,870d562e3c6cdaf9fb1b44fd000a65d6,pair_formed_naturally,exact,exact,1.0,1.0
5c6da97f07962aa2ead7f4102c63afc8,87feedfe15418b0033be511bab822e36,pair_formed_naturally,exact,exact,1.0,1.0
5c6da97f07962aa2ead7f4102c63afc8,c27c67b98de9f81dd77295c8146bdffd,method_b_added,exact,added,1.0,
5c89a7bee6b49293f0a8f99ea4fe1082,fbe85df1f97030d4bafef1220fa94849,pair_formed_naturally,exact,unknown,1.0,
5cae1d4be6321a9589a6f8eb3235e71f,c6df0a7f3bc36d6e6e3d5dae88eb7566,pair_formed_naturally,exact,unknown,1.0,
5cc34a50b64417c1603aa59d9e6a03c5,92cbc53edce88dd0a6e584d364fe841c,pair_formed_naturally,exact,exact,1.0,1.0
5cc34a50b64417c1603aa59d9e6a03c5,e58d5ce246fb3699c7d2caafce64ac1a,pair_formed_naturally,exact,exact,1.0,1.0
5ccfb4ceb9175892192caf82aa5f991c,e56b512a1c5acb24e438beb90c230ac2,pair_formed_naturally,exact,exact,1.0,1.0
5cd4f5c337754abf3d5d172ea308f31e,689fe6b1ed614663755ee58ae9975c43,pair_formed_naturally,exact,exact,1.0,1.0
5d1536f166b1979a6bdf606f9a30d090,92b01d4d81bb369ba2163ac6e2b7c90d,pair_formed_naturally,exact,exact,1.0,1.0
5d1536f166b1979a6bdf606f9a30d090,f8cb4a7b861bf429b9d3c7525d31de13,pair_formed_by_refactoring,exact,renamed,1.0,0.95
5d1536f166b1979a6bdf606f9a30d090,fbf174c70fabbf3ac3a7e5cf1aac2ffa,pair_formed_naturally,exact,exact,1.0,1.0
5d39c4cf0616daac97ea5a8baabf9d43,deec1c8766461bbd8381518165ad6288,pair_formed_naturally,exact,exact,1.0,1.0
5d412fa102cedf6037b2eda2a43136cd,7fc81a48fc3dbb034b8e105be9cfc9dd,pair_formed_by_refactoring,signature_changed,signature_changed,0.87,0.9
5d412fa102cedf6037b2eda2a43136cd,97f63d0e042dc1a48179a11635a02ae7,pair_formed_by_refactoring,signature_changed,moved,0.87,0.94
5d412fa102cedf6037b2eda2a43136cd,bfdfc4305eac0a4b009705ea0d71ec8c,method_b_added,signature_changed,added,0.87,
5d50c269e29a6699a5eb190f605d1220,bcf0693cc491d4b15d52c0ee59bd6f15,pair_formed_naturally,exact,exact,1.0,1.0
5d5b2e11e7bf9ae0a47af8e28f04ca40,6b75fe222c976041a9daeac3a26dfaef,pair_formed_naturally,exact,exact,1.0,1.0
5d5b2e11e7bf9ae0a47af8e28f04ca40,ebf4bda98c15d70f95ebb7c8245070db,pair_formed_naturally,exact,exact,1.0,1.0
5d94e07fa4eb070f1c9d1a5b30cb0e38,6005f33c019969b7ecbbb13259d61153,both_added,added,added,,
5d94e07fa4eb070f1c9d1a5b30cb0e38,71b35cb126fb991436d57e33d9d8a46e,both_added,added,added,,
5d94e07fa4eb070f1c9d1a5b30cb0e38,b2f4c5cf9ce3e8bc83e0e9470629ecfe,both_added,added,added,,
5d94e07fa4eb070f1c9d1a5b30cb0e38,b5a3787ef9decb1e576bbcf37ede9286,both_added,added,added,,
5d94e07fa4eb070f1c9d1a5b30cb0e38,b8244e5ad0141d3b2bdd667bacf1a9f7,both_added,added,added,,
5d9553320158d0c6a30860653851f827,60e0586b60a0a5e8c078dafdd9470c28,both_added,added,added,,
5d9553320158d0c6a30860653851f827,7dcfdb782817dadab7e8488119d60bc8,both_added,added,added,,
5db0ce431273c4f062931391b1bdd8e9,9e3b8bc3d300007a2539e2b13a29563f,pair_formed_naturally,exact,exact,1.0,1.0
5e207d0af75e4b836050151f87e04699,7ac2381a2870934896922f75fb58dbcb,method_b_added,exact,added,1.0,
5e207d0af75e4b836050151f87e04699,7b3c358a9d487ff00858e8d5c121dc60,pair_formed_by_copy,exact,refactored,1.0,0.89
5e292aae3fa6638641c6e95ecc38529b,8e27148a4b8a11b50d36f2e5a4557605,pair_formed_naturally,exact,exact,1.0,1.0
5e524a246dad4ec683faea9068da3fe9,a11998b38314411ea784a3f9a34f1e5c,pair_formed_naturally,exact,exact,1.0,1.0
5ea353d114831a5e389c19567ea5ede5,6b5c4919eea10ec827fdecd710edfafc,method_b_added,refactored,added,0.8,
5ea84a71b6b096c5f43bb7c5595b0458,83144df7d17ca334b0a3a8fc0901f366,pair_formed_by_refactoring,signature_changed,exact,0.98,1.0
5eb6d19d41ab31681068d40f26f5fe55,bc0a9bc96a6727b6a1fae0078897bad9,pair_formed_naturally,exact,exact,1.0,1.0
5eda1a28bb186a2dc62940dd82c6cbbf,df20a75dd82602569ad453799ae4775b,method_b_added,moved,added,0.91,
5eea74d28137ce1700c8489519010038,883f0a7f4f1aabfede622d2ff6c3df4f,pair_formed_naturally,unknown,exact,,1.0
5f25ad8f8d7ab84d53ea609d76f2a378,b5e83b66a2a74d9983e3e33a21427cc6,pair_formed_naturally,exact,exact,1.0,1.0
5f2a662c0c2a4672b09a0db5138c6a04,6bad286f6e55716e54757318e1b3aba9,pair_formed_naturally,exact,exact,1.0,1.0
5f4785cde9b48d1879056049130eeb36,765743cb51802bffc1d00d1cb54f256d,pair_formed_naturally,exact,exact,1.0,1.0
5fa255f34487822ac7c02e4bf69d55e6,ba888a6eb491a060a5d5cca52dbb9251,both_added,added,added,,
5fa255f34487822ac7c02e4bf69d55e6,dadda8e54224b3e72951c2eb1cbb7320,both_added,added,added,,
5fa255f34487822ac7c02e4bf69d55e6,df91be44c96b95ee7828e0aa2f857de9,both_added,added,added,,
5fa255f34487822ac7c02e4bf69d55e6,f5f73c0ec17d62359279993fe6eae29c,both_added,added,added,,
5fc5baf1bde0f27dfe517cd7bf680dbe,e1dceddce77a7f9d8a728cc278ac9f17,pair_formed_naturally,exact,exact,1.0,1.0
5fd85380fc09d65832042a370619d9d0,b81abb166c2c2b990ebf968117492dbe,both_added,added,added,,
5ff73c60087cee358b697107c340ba15,7c3f1f4a528e3c6332b3c2f627595709,pair_formed_naturally,exact,exact,1.0,1.0
5ff73c60087cee358b697107c340ba15,8e483bdb452f71b36649c37f6077ffe9,pair_formed_naturally,exact,exact,1.0,1.0
6005f33c019969b7ecbbb13259d61153,624da84df2f4aed798e13190fadfe09f,both_added,added,added,,
6005f33c019969b7ecbbb13259d61153,b5a3787ef9decb1e576bbcf37ede9286,both_added,added,added,,
6009fc69091e3dfba40b8a02ce6d6978,fe0f76f9bb92c16b1f52d8a27d47abb3,both_added,added,added,,
601908e1a9fa123b866ec852447b7b42,8ed75b294c090914a9851d3c79f2368f,pair_formed_by_refactoring,refactored,signature_changed,0.76,0.83
601908e1a9fa123b866ec852447b7b42,9211753c8a594345fa48da7fa829fcf8,pair_formed_by_copy,refactored,exact,0.76,1.0
601908e1a9fa123b866ec852447b7b42,a63ade4c7aa5c808a3051f6f6d3178ae,pair_formed_by_copy,refactored,exact,0.76,1.0
601908e1a9fa123b866ec852447b7b42,c8f0d646f1c7419ccfc64b498380dd19,pair_formed_by_refactoring,refactored,signature_changed,0.76,0.86
601908e1a9fa123b866ec852447b7b42,d6d8843721cfbe78882e66634ce10870,pair_formed_by_refactoring,refactored,signature_changed,0.76,0.89
602dd87540edecdd98ae57de75b98231,d42c568cd45d2aa7a7d0938dc3d29433,pair_formed_naturally,exact,exact,1.0,1.0
60390cc0ea55c2575a033e1a5479bf7e,67a2602cae79bb81190b44f2fe2ac5d8,pair_formed_by_refactoring,signature_changed,exact,1.0,1.0
60390cc0ea55c2575a033e1a5479bf7e,b08da9fb4842a2efe1e5350687f097cf,pair_formed_by_refactoring,signature_changed,unknown,1.0,
60390cc0ea55c2575a033e1a5479bf7e,c3353c3fe935267a4737a205ce64e081,pair_formed_by_refactoring,signature_changed,signature_changed,1.0,1.0
6039262f559f47eb9783c06391d5701e,6104fc71736e9b1116b432f3e993f00d,pair_formed_naturally,exact,exact,1.0,1.0
6051478a687e1ca51c1561fcf4c8ff4c,e7af66cf5dbd0e84f88a34952545331c,pair_formed_naturally,exact,exact,1.0,1.0
60760d3b7168cf6efa84b9bc3c4e8a8b,ccde957c0f8f181fa9858f6fab5ad748,pair_formed_naturally,exact,exact,1.0,1.0
60c94f44e03a8e742f1e4776a1b94273,bcd53dea55af037c26a3e2f0d30b9367,pair_formed_naturally,exact,exact,1.0,1.0
60c94f44e03a8e742f1e4776a1b94273,f54ed108a797ac111500453570952279,pair_formed_naturally,exact,exact,1.0,1.0
60dd365fa725489dda54c723a82f391e,b474fe5d9fb9c774e894f178a833c1f0,pair_formed_naturally,exact,exact,1.0,1.0
60dd365fa725489dda54c723a82f391e,e4ff47fe280c0112528e7edc1c9a6bdd,pair_formed_naturally,exact,exact,1.0,1.0
60e071af4107c7e50f3495ab0d5c4624,6dcc9a771d0d6ee7c093638b4bf676f0,pair_formed_naturally,exact,exact,1.0,1.0
60e071af4107c7e50f3495ab0d5c4624,d2e484610b920dd07bba7272e03309e3,pair_formed_by_refactoring,exact,renamed,1.0,0.96
6110b0e4db1a9852c49981d57884aced,b203420808adedb1ef40cfb0071e3544,pair_formed_by_refactoring,exact,moved,1.0,0.98
6110b0e4db1a9852c49981d57884aced,dbf8c2dd30264fbeee696f29cd09b531,method_b_added,exact,added,1.0,
6115eb386ddc6a488c0ba1459332bd54,98424a6b43badc068afdec06fe671ff0,pair_formed_naturally,exact,exact,1.0,1.0
615808d261a65abaadb7b9de70565dd9,9d3128d77ee81ffcdf0e4f40c2b11b96,method_a_added,added,refactored,,0.85
61684ee83e21c3c7941c31e60dc13f5a,be0f81203aa7491f398c9f775d25f181,pair_formed_naturally,unknown,unknown,,
61684ee83e21c3c7941c31e60dc13f5a,ee0b390063eb549eb87ffa6109fbd912,pair_formed_naturally,unknown,unknown,,
619c803a1e91fe6e13e9d90ab2a29854,c4c348fb0098bb83e9afeb0d47b64fba,method_b_added,signature_changed,added,0.75,
61d095ac9713a238c2d8b7b4372af492,944141c6bf42f1e845ff670967634e3b,pair_formed_naturally,exact,exact,1.0,1.0
61d095ac9713a238c2d8b7b4372af492,a97801c6276ee20f3c80f1b653e4fc66,pair_formed_naturally,exact,exact,1.0,1.0
61d095ac9713a238c2d8b7b4372af492,bd857376896b756573e0b62198c5b486,pair_formed_naturally,exact,exact,1.0,1.0
624da84df2f4aed798e13190fadfe09f,782ac7d13c8ee88c25a09d8b337cce57,both_added,added,added,,
624da84df2f4aed798e13190fadfe09f,b2f4c5cf9ce3e8bc83e0e9470629ecfe,both_added,added,added,,
624da84df2f4aed798e13190fadfe09f,b8244e5ad0141d3b2bdd667bacf1a9f7,both_added,added,added,,
626b900eb086cbb879cabd65c599de09,a2db591353a4cf1fc5b5e71c389bd1fd,pair_formed_naturally,exact,unknown,1.0,
6273c91073ef1cc6fe69c0b79a89ef04,676cb77e682a2b411c80572d975b00a4,pair_formed_naturally,exact,exact,1.0,1.0
6273c91073ef1cc6fe69c0b79a89ef04,e73007039d275412b0b3021d678992b3,pair_formed_naturally,exact,exact,1.0,1.0
6273c91073ef1cc6fe69c0b79a89ef04,f3d878b84342a9fbd714e4fb73f4d5a7,pair_formed_naturally,exact,exact,1.0,1.0
62784774307f07200390ba89334e59a0,71989558f0ab9d703381b7bfd5c914e2,pair_formed_naturally,exact,exact,1.0,1.0
62792bc4bf075822cd3ceab5f256a587,70130081b3e6ed0ca0ba098d4743ca73,pair_formed_naturally,exact,exact,1.0,1.0
627d8b31eb11f53cd8dcfdc93fa8bb1e,b4d2120a8b7e5b19b11886d7bcdc11ca,pair_formed_naturally,exact,exact,1.0,1.0
62e0b0ae4cdedbc487ea18a4c8934347,8195a0a6d3ec29986fa075e89f835dc6,pair_formed_by_refactoring,refactored,refactored,0.86,0.73
62e0b0ae4cdedbc487ea18a4c8934347,b726c97a9de1e0af57a6365bedae1309,pair_formed_by_copy,refactored,exact,0.86,1.0
62eff1bcb9b9bf706efd99566ee40021,6e8efaccd4097f4cba3bc8424657ef47,pair_formed_naturally,exact,exact,1.0,1.0
6326351c2faefbf3895126069a8130cf,88280f7ebd40ae0520899c2d22c017b1,method_b_added,exact,added,1.0,
63580892b02c8b5e712a1ddf7c100cec,702a3e14522131cffbe32e329ef2ce4d,pair_formed_naturally,exact,exact,1.0,1.0
637bb0024a7b7227cf0273fea3e35785,79e8f7e6072b2e6c5cd365da883d1350,pair_formed_naturally,exact,unknown,1.0,
637bb0024a7b7227cf0273fea3e35785,8d1ea89b956a1e018ab953dc8c696a67,pair_formed_naturally,exact,exact,1.0,1.0
637bb0024a7b7227cf0273fea3e35785,937448a243cde1cbbe50285eb01e9b7c,pair_formed_naturally,exact,exact,1.0,1.0
637bb0024a7b7227cf0273fea3e35785,ac6cf2a1221a50df7febd548e3a12329,pair_formed_naturally,exact,exact,1.0,1.0
637bb0024a7b7227cf0273fea3e35785,b19c4a2c371b4892a211a652f50ef6df,pair_formed_naturally,exact,exact,1.0,1.0
637bb0024a7b7227cf0273fea3e35785,cb182ce76186819035b2379f96c39910,pair_formed_naturally,exact,exact,1.0,1.0
637bb0024a7b7227cf0273fea3e35785,d332d52143da4ae83f51784b4fe617c6,pair_formed_naturally,exact,exact,1.0,1.0
637bb0024a7b7227cf0273fea3e35785,e032e8388c870cab11ade591dc250d41,pair_formed_naturally,exact,exact,1.0,1.0
639fe1456c925a71aac96f26de0e1662,671e39fe3680e87a2c34eb99111fd413,pair_formed_naturally,exact,exact,1.0,1.0
639fe1456c925a71aac96f26de0e1662,b096405376b84c6ad0968f0a3472e518,method_b_added,exact,added,1.0,
63a2d54be57d67e3fb67434f57e1c270,67b0679db048c06362f400288ef39fbf,pair_formed_by_refactoring,signature_changed,signature_changed,1.0,1.0
63b4e84c62e643ab6e27e72ba0c266ca,8bbd62f60fa0b1a3fd48e048c1297860,both_added,added,added,,
63b4e84c62e643ab6e27e72ba0c266ca,f0254ea26f052e6f9d38f3fca4465489,both_added,added,added,,
63b81787c93fbdf7a66f1fa9909488dd,6e26d3b0c3b8a81a25d8cf6657b372d2,pair_formed_naturally,exact,exact,1.0,1.0
63b81787c93fbdf7a66f1fa9909488dd,af0c5c64ae94812694f3aeecd7e1c4e6,pair_formed_naturally,exact,exact,1.0,1.0
63b81787c93fbdf7a66f1fa9909488dd,d5a9450c717f8eb4ed547d8d4bcdfd30,pair_formed_naturally,exact,exact,1.0,1.0
63b81787c93fbdf7a66f1fa9909488dd,ed898974f7a157cf7c418df55d1c3287,pair_formed_naturally,exact,exact,1.0,1.0
63b81787c93fbdf7a66f1fa9909488dd,fbb22c54ca583d138458fab41a2131d5,pair_formed_naturally,exact,exact,1.0,1.0
64721179437d69d191b5ec6ada525385,bbbfee61822a0077d6f62a608018710a,method_a_added,added,refactored,,0.84
64aea63de5608fccc0f1e87dac89b487,7a7f6d667e993b6357f83544d19af54d,pair_formed_naturally,exact,exact,1.0,1.0
64aea63de5608fccc0f1e87dac89b487,eea8db517c32563be5b72f1cbf8b296f,pair_formed_naturally,exact,exact,1.0,1.0
64b2dbe35464100d3b8bf96f9bddedfc,6f2835567dca8a2b09c73de3d52163d2,pair_formed_by_refactoring,moved,moved,1.0,0.98
64b2dbe35464100d3b8bf96f9bddedfc,da406c86a4d1c3e30acbfa6cac3b15e8,pair_formed_by_refactoring,moved,moved,1.0,0.97
64b4f9ba3521b7ff5c034e5bff9ed593,b9ae369df37bf887c1ac9a05b736f042,method_a_added,added,unknown,,
64b4f9ba3521b7ff5c034e5bff9ed593,c254ece5f0c184f31a6fa5ca08e1b3e4,method_a_added,added,signature_changed,,0.75
64dd48b220205d4c647de50975d9a2bc,d4e31cbc99b5d785623a4499a061a5d6,pair_formed_by_refactoring,signature_changed,exact,0.98,1.0
650420146bfb885ea73a687073fc08a8,e09eec9c394f47d598a6d5c315e892c4,both_added,added,added,,
6508f0f722a3c9b5afaa8b9dbbd44798,b7d9f8011d03fd2a46e4405374bd3fce,pair_formed_naturally,exact,exact,1.0,1.0
653a762504a2656a064f9b83b3ada589,657a6112c752fc845a2b57f32cda2df9,pair_formed_by_refactoring,signature_changed,signature_changed,0.94,0.97
656f608b12a9a74eaccb385f1444df52,696f07b7849ded67f3a74ef41ec8d53b,pair_formed_naturally,exact,exact,1.0,1.0
656f608b12a9a74eaccb385f1444df52,6d500eb660d46c53d6c5c2fff8a24774,method_b_added,exact,added,1.0,
656f608b12a9a74eaccb385f1444df52,a7aab367dcaefab41b9ecb79ba5aa377,method_b_added,exact,added,1.0,
656f608b12a9a74eaccb385f1444df52,d83acbe2742269bf9509236cfb8ecdd5,method_b_added,exact,added,1.0,
656f608b12a9a74eaccb385f1444df52,f4d8be30bf850c5e1af21158412404c9,pair_formed_naturally,exact,exact,1.0,1.0
65a8b1cbdc6a755b011ba2f753b941ae,77ba886f48e9478799dbbefe3f563f00,pair_formed_by_refactoring,signature_changed,signature_changed,0.92,0.92
65a8b1cbdc6a755b011ba2f753b941ae,d83aaf9c437290de5ab015387ed84e8e,pair_formed_by_refactoring,signature_changed,signature_changed,0.92,0.92
65b672a2c3d844036f1b8f57b6e20317,d059ffbb7789b8f0e6ec459e0a6ecb49,both_added,added,added,,
65bb71308611f03e0a4a9defd45516dc,97077fbf1e6b7f64d91005009ae92b0b,pair_formed_naturally,exact,exact,1.0,1.0
65bb71308611f03e0a4a9defd45516dc,bca66524d9ab1e6ffefa4a3b5d2540b6,pair_formed_naturally,exact,exact,1.0,1.0
660aa313b2e0d60d2ef96341403604a6,fa1d19469482edda7d80665a86986f8c,method_b_added,exact,added,1.0,
660efe8651c01fba92416027fe6e4663,b99bef2011fee1b30690f29eb3a58f00,pair_formed_naturally,unknown,unknown,,
660efe8651c01fba92416027fe6e4663,da8289a39351ea27ec783a9cbcce31a6,pair_formed_naturally,unknown,exact,,1.0
660efe8651c01fba92416027fe6e4663,dbb65ffc961a5d664ba6f79375bba2d6,pair_formed_naturally,unknown,exact,,1.0
663621e55ca7b79cb6edb3e503ea686b,c5a8c40d85bba2aa3750b0f0f34335c9,pair_formed_naturally,exact,exact,1.0,1.0
669813a3639bf764b0388011b1d002a6,82fd9ecaa566d830d99212ab1d12076a,pair_formed_naturally,exact,exact,1.0,1.0
66ac7edc38dcf29b814d9ea9541cdab2,8263ea7e26dc6a61cc66d4dd61f35465,method_b_added,exact,added,1.0,
66d058863603b4f8c4d86cb60a347b1d,88280f7ebd40ae0520899c2d22c017b1,method_b_added,unknown,added,,
66dbaa8728acc28623559646e39cab3c,ba9909761b293f6095ef8c468ed4bb45,pair_formed_naturally,exact,exact,1.0,1.0
66e1697292b38a5188cbe08ffda4bbf2,99c2ec87d41017c19dcdae85a79f3a21,pair_formed_naturally,exact,exact,1.0,1.0
671e39fe3680e87a2c34eb99111fd413,e796d50b6d48be829b2d74b310d14d5d,pair_formed_naturally,exact,exact,1.0,1.0
676cb77e682a2b411c80572d975b00a4,69226d6303e71dfcb94fc542ebcd62f4,pair_formed_naturally,exact,exact,1.0,1.0
676cb77e682a2b411c80572d975b00a4,81a4d361dd968b29d549c255ecd09311,pair_formed_naturally,exact,exact,1.0,1.0
676cb77e682a2b411c80572d975b00a4,877821b05c209ec7087a39202a6a1b19,pair_formed_naturally,exact,exact,1.0,1.0
676cb77e682a2b411c80572d975b00a4,a79e72f6bdf429a406369fde7cd337a3,pair_formed_naturally,exact,exact,1.0,1.0
676cb77e682a2b411c80572d975b00a4,b4f9a6c5e404aeed8fb333429535ba25,pair_formed_naturally,exact,exact,1.0,1.0
676cb77e682a2b411c80572d975b00a4,e73007039d275412b0b3021d678992b3,pair_formed_naturally,exact,exact,1.0,1.0
676cb77e682a2b411c80572d975b00a4,f3d878b84342a9fbd714e4fb73f4d5a7,pair_formed_naturally,exact,exact,1.0,1.0
67a3711c3fb3ef108be12c9026b91567,7715d85538ea2977d9c4269e5b7e0a00,pair_formed_naturally,exact,exact,1.0,1.0
68396dbb5558caeed5af6a01f590195d,69feca93d7db14d8221da3e87b27aec7,both_added,added,added,,
68396dbb5558caeed5af6a01f590195d,b016c3d6f40e4c683b4140fb0b0d812f,both_added,added,added,,
68396dbb5558caeed5af6a01f590195d,d9f46e95f090a988f9f901aa8cafba7d,both_added,added,added,,
6844901deaac1ef838841ab55a1ce412,7814adfdd0c6e64c2ece8058825bd6f8,method_b_added,refactored,added,0.83,
6855d211fc87390eb5a489a59090377e,bbbc902286c9bde48682a4c45193864e,pair_formed_naturally,exact,exact,1.0,1.0
6855d211fc87390eb5a489a59090377e,d3fb9c14f0a4ce345bf4f8e590e26ab1,pair_formed_naturally,exact,exact,1.0,1.0
6855d211fc87390eb5a489a59090377e,d66a5d9bd013599cc08d7c00c4c9ed63,pair_formed_naturally,exact,exact,1.0,1.0
6855d211fc87390eb5a489a59090377e,d7d002c8c093c8aa21d70a45a6740985,pair_formed_naturally,exact,exact,1.0,1.0
6855d211fc87390eb5a489a59090377e,df9348cf5156ca6b7aa9fe848b5e981c,pair_formed_naturally,exact,exact,1.0,1.0
68695a169277ae4c4895ffa57cc8a275,b3d1afeb215963c9c051af075515db66,pair_formed_naturally,exact,exact,1.0,1.0
686a925e61db42d2631d45d032be2176,a00fc5637b9bcbb0e26435b6da63dd89,pair_formed_naturally,exact,exact,1.0,1.0
689b361521711696f8c40b611012fc00,951ea0ffd962a8049844a5fcf17a35ff,method_a_added,added,signature_changed,,0.93
689b361521711696f8c40b611012fc00,cf11f92783a0749184e968f7154339d4,both_added,added,added,,
689fe6b1ed614663755ee58ae9975c43,fc9ea37009c7a50f82e9c8e315eb2dbc,pair_formed_naturally,exact,exact,1.0,1.0
68c63b7c7fb8dcb10200b30da93b0715,8ab255cde25e68f06690f6786d9c820a,pair_formed_naturally,unknown,exact,,1.0
68d70c6125af1048d5c01459d0285f6f,971fd3880820c6d708b0862c1db772d0,pair_formed_naturally,exact,exact,1.0,1.0
68d70c6125af1048d5c01459d0285f6f,b84f1df7e8ea5099cbf4bf2ff2384019,pair_formed_naturally,exact,exact,1.0,1.0
68d70c6125af1048d5c01459d0285f6f,c6433c0cca50dcdb2cd2076a0c079d6d,pair_formed_naturally,exact,exact,1.0,1.0
68d70c6125af1048d5c01459d0285f6f,f9e1531d67122436e8b9a8d4acd887c6,pair_formed_naturally,exact,exact,1.0,1.0
69226d6303e71dfcb94fc542ebcd62f4,e73007039d275412b0b3021d678992b3,pair_formed_naturally,exact,exact,1.0,1.0
69226d6303e71dfcb94fc542ebcd62f4,f3d878b84342a9fbd714e4fb73f4d5a7,pair_formed_naturally,exact,exact,1.0,1.0
692442c0ee54655eff9bfd2377017439,b77bc46836cb5bef0da25f114ece8d87,pair_formed_naturally,exact,exact,1.0,1.0
694f0d5630a6e5d5205ab820aeb77455,b2741bf1e22c3d6a952f41a2499743ba,pair_formed_naturally,exact,exact,1.0,1.0
694f0d5630a6e5d5205ab820aeb77455,b5c0f8107191e70388cd79189d8aa30d,pair_formed_naturally,exact,exact,1.0,1.0
694f0d5630a6e5d5205ab820aeb77455,c44237ce965d621f1f78e7be42af1cd4,pair_formed_naturally,exact,exact,1.0,1.0
694fd360c92a4123aa209fa3c8ef8610,fbe85df1f97030d4bafef1220fa94849,pair_formed_naturally,exact,unknown,1.0,
694fd360c92a4123aa209fa3c8ef8610,fccb548b077af16b453a1e6c28e1400d,pair_formed_naturally,exact,unknown,1.0,
696e97a45eaad00fa67551337da96da1,c68df0fb86a198c1d4e69f58617559c9,pair_formed_naturally,exact,exact,1.0,1.0
696f07b7849ded67f3a74ef41ec8d53b,696f07b7849ded67f3a74ef41ec8d53b,pair_formed_naturally,exact,exact,1.0,1.0
696f07b7849ded67f3a74ef41ec8d53b,8b959e8fe4856d501f902dd05008c1de,pair_formed_naturally,exact,exact,1.0,1.0
696f07b7849ded67f3a74ef41ec8d53b,a7aab367dcaefab41b9ecb79ba5aa377,method_b_added,exact,added,1.0,
696f07b7849ded67f3a74ef41ec8d53b,bca23154a1c1b4f18f911620fa39ca05,method_b_added,exact,added,1.0,
696f07b7849ded67f3a74ef41ec8d53b,c93d64c02356466a6d65e79bebed8236,pair_formed_naturally,exact,exact,1.0,1.0
696f07b7849ded67f3a74ef41ec8d53b,d83acbe2742269bf9509236cfb8ecdd5,method_b_added,exact,added,1.0,
696f07b7849ded67f3a74ef41ec8d53b,da258bd0efedc5fcd48c7a0598570978,pair_formed_naturally,exact,exact,1.0,1.0
696f07b7849ded67f3a74ef41ec8d53b,da62ef6dea60954724ed34a0cef5d15c,pair_formed_naturally,exact,exact,1.0,1.0
696f07b7849ded67f3a74ef41ec8d53b,e4ff7c5293f6a9a5cc0bf48f8f7ad070,pair_formed_naturally,exact,exact,1.0,1.0
696f07b7849ded67f3a74ef41ec8d53b,f4d8be30bf850c5e1af21158412404c9,pair_formed_naturally,exact,exact,1.0,1.0
699bd7dc4ec0944cf860205547756ba0,8f193b1fc60a78a71541076938c30344,pair_formed_naturally,exact,exact,1.0,1.0
69a93b67d8f7c3cdaa2df8a14b83e1ae,7bf1544d19e23483cc56c461ce7bdc1c,pair_formed_naturally,exact,exact,1.0,1.0
69b2aabe3c2139294de8156686fbb5fe,d3f69307d304afcea33889c9fbb52b57,pair_formed_naturally,exact,exact,1.0,1.0
69eb8e512b7076c17479fd580269d0ec,ce5ce4005541b433639a68e4e7eac071,pair_formed_naturally,exact,exact,1.0,1.0
69eb8e512b7076c17479fd580269d0ec,e151d5c6e14c00abdf0882631312b082,pair_formed_naturally,exact,exact,1.0,1.0
69eb8e512b7076c17479fd580269d0ec,f51583b5525d8de161bd3e892b4cc431,pair_formed_naturally,exact,exact,1.0,1.0
69feca93d7db14d8221da3e87b27aec7,7b8b0ab09adcac9deadca5318b2491f8,both_added,added,added,,
69feca93d7db14d8221da3e87b27aec7,9e67d8649137f72aa4c5de6dc58d9b68,both_added,added,added,,
69feca93d7db14d8221da3e87b27aec7,add4818f271e358137e1b100e86d9cac,both_added,added,added,,
69feca93d7db14d8221da3e87b27aec7,af7424a5ba9142c4ff5ca4d40ba242ef,both_added,added,added,,
69feca93d7db14d8221da3e87b27aec7,b28fd29882126ae335f446ca4ec20947,both_added,added,added,,
69feca93d7db14d8221da3e87b27aec7,c87fc65067f38fbd48f85739a34df1a1,both_added,added,added,,
69feca93d7db14d8221da3e87b27aec7,cf2e14fb6b435bd9a6c36177ac574849,both_added,added,added,,
69feca93d7db14d8221da3e87b27aec7,d7da85fffdd05d967ce6995e33f0d8c4,both_added,added,added,,
69feca93d7db14d8221da3e87b27aec7,d9f46e95f090a988f9f901aa8cafba7d,both_added,added,added,,
69feca93d7db14d8221da3e87b27aec7,e045de35638561946bfe61c3cee57c79,both_added,added,added,,
69feca93d7db14d8221da3e87b27aec7,e7a35d0a40f5864e92383dc843c1898d,both_added,added,added,,
69feca93d7db14d8221da3e87b27aec7,fd547e7ba98229be09d54518d1f0eb50,both_added,added,added,,
69feca93d7db14d8221da3e87b27aec7,fe109b50c258b3a43cef6fdf531fb5f6,both_added,added,added,,
6a262728c8fea36f67712f6ea34cfe1b,a01ff4e342fbea8eca0f2f88b7db2d49,pair_formed_naturally,exact,exact,1.0,1.0
6a57e0d04c7db0dea08eddd341327659,adbf083a4b26e02007a4cf8629805fb0,pair_formed_naturally,exact,exact,1.0,1.0
6aafcced66318eaeaba61daf281ebbb6,b3874525798c6314ed6799db15614185,both_added,added,added,,
6af71259e050860075f92887e7b5dba9,bfc7c899cac4b0ac992007bcecdd117e,pair_formed_naturally,exact,exact,1.0,1.0
6b299eec4923cf95892f64c676424c07,c783fe4120bc26886476bf81cbd51431,method_b_added,exact,added,1.0,
6b5c4919eea10ec827fdecd710edfafc,83935005d64f4fe1e99fb3ce168acb88,both_added,added,added,,
6b6a11774d4d8981c70047c25e1a5e91,72b3e34c47d5bb81c10d325253a0f663,pair_formed_naturally,exact,exact,1.0,1.0
6b71dd2aceabf1a12ade189a84ca4aa6,760895a2544376570cb43f82760138f8,pair_formed_naturally,exact,exact,1.0,1.0
6b75fe222c976041a9daeac3a26dfaef,c72a2a2fd9f01671781c62e01e669a52,pair_formed_naturally,exact,exact,1.0,1.0
6b876c643ab20acedc954de3b6905ca6,932ed8d306ad11d16d6a6286ebc47142,both_added,added,added,,
6b876c643ab20acedc954de3b6905ca6,a12fa711d8635ac9ca8ac03a750036ba,both_added,added,added,,
6b876c643ab20acedc954de3b6905ca6,a776c62221f9d8ccde3bf430999b09a7,both_added,added,added,,
6b876c643ab20acedc954de3b6905ca6,bcf0693cc491d4b15d52c0ee59bd6f15,method_a_added,added,exact,,1.0
6b876c643ab20acedc954de3b6905ca6,db4aabab9d060f08934c0d6a9cc01948,both_added,added,added,,
6b876c643ab20acedc954de3b6905ca6,dbb2e21416e94cea8c9513914ab9f13e,both_added,added,added,,
6b876c643ab20acedc954de3b6905ca6,ea4b0129228912f9e088a7706d801b92,both_added,added,added,,
6c04d81986e2e67603646a80c81ea1d4,b3874525798c6314ed6799db15614185,both_added,added,added,,
6c183f9d53208d02d3993395df6b283b,7f869adf9e12f023fab8ba67b6033bca,pair_formed_naturally,exact,exact,1.0,1.0
6c183f9d53208d02d3993395df6b283b,e2426375621e48180c8c0cfe41f38682,pair_formed_naturally,exact,exact,1.0,1.0
6c427e2dbb0f25967c6f1cd47b0b07f3,765743cb51802bffc1d00d1cb54f256d,pair_formed_naturally,exact,exact,1.0,1.0
6ce5137c5ad04534c820a5c9b71ed4bc,e05faac5cafeff4fe4a0d216e2adac28,method_b_added,exact,added,1.0,
6cecb1e601ddc471b0a428cd1cd1c8e7,a64c1d6c62d6fb1d0f798cb8c62ab340,pair_formed_naturally,exact,exact,1.0,1.0
6d067dc22eefbd069e97eb0373551465,a638a2ca01a29b1119feed4e805bf974,pair_formed_naturally,exact,exact,1.0,1.0
6d181a5d3fcabb86a34bb48ee3f3ee18,b891f16377c139061f4a5a1e00e5163e,both_added,added,added,,
6d2a8f828c296888bf6a8b91c0f95cc7,9073c88225cc22668382cdca6dda138d,pair_formed_naturally,exact,exact,1.0,1.0
6d533d74222fde377a8756222bb5c4dd,f9684c2676c0bb1c666441eee82c65d9,pair_formed_naturally,exact,exact,1.0,1.0
6d65e9884cc8ba18b26a107c43b4826a,bb02d2ed88f96996ba47285cf40ae092,both_added,added,added,,
6d667d7aa7fded0f8fd9eef3b1b7694c,ed65a5259ebcdf88297d8427fdb83bfc,pair_formed_by_refactoring,moved,exact,0.94,1.0
6dbca33c621a19fe63690ac0af8ef084,8313ada1796e7e8bcaa017a47306ee2b,pair_formed_naturally,exact,exact,1.0,1.0
6dcc9a771d0d6ee7c093638b4bf676f0,9915f9c5828187d62018695896f504b0,pair_formed_naturally,exact,exact,1.0,1.0
6dfd4d5d2fccf93f77c00975e6a3a4d7,b330b889f9e7c21b72ea0cd4f5c71fdc,method_a_added,added,signature_changed,,0.76
6e10c6d85b6625d3552c494f12a26e80,d7da85fffdd05d967ce6995e33f0d8c4,both_added,added,added,,
6e10c6d85b6625d3552c494f12a26e80,fd547e7ba98229be09d54518d1f0eb50,both_added,added,added,,
6e26d3b0c3b8a81a25d8cf6657b372d2,882ce905fc132c697449ca3fbc7eabcb,pair_formed_naturally,exact,exact,1.0,1.0
6e26d3b0c3b8a81a25d8cf6657b372d2,d5a9450c717f8eb4ed547d8d4bcdfd30,pair_formed_naturally,exact,exact,1.0,1.0
6e26d3b0c3b8a81a25d8cf6657b372d2,ed898974f7a157cf7c418df55d1c3287,pair_formed_naturally,exact,exact,1.0,1.0
6e26d3b0c3b8a81a25d8cf6657b372d2,fbb22c54ca583d138458fab41a2131d5,pair_formed_naturally,exact,exact,1.0,1.0
6e402af8331568a3de9246478728389f,880b9f3956a664bd9dc1cc14210c350a,pair_formed_by_refactoring,moved,moved,0.99,0.99
6e537233a23152fbb276f89e5bd7c667,9c2810847a7c201816c1b4e63f326b18,both_added,added,added,,
6e537233a23152fbb276f89e5bd7c667,9e5af01f2362045c09ba87cf0ff33671,both_added,added,added,,
6e65100357d3b4bcbdac0b16f9183c31,b096405376b84c6ad0968f0a3472e518,method_b_added,exact,added,1.0,
6e829fc60fa36aa48525aaf32a9d631c,a7afa479ea544ce342342564284eda80,method_a_added,added,exact,,1.0
6e829fc60fa36aa48525aaf32a9d631c,c50130793a7e7af30489fe178654a52e,method_a_added,added,exact,,1.0
6eb91298a350f3e04def91a3b977861d,7a984385460c6d0d42c45901a8390dd1,pair_formed_by_refactoring,signature_changed,signature_changed,0.93,0.93
6eba0fbd18bcf21c42e3bb70bfc277e2,84c5abc50f0014ba7a483705885a6dbe,method_a_added,added,signature_changed,,0.79
6eba0fbd18bcf21c42e3bb70bfc277e2,c4c348fb0098bb83e9afeb0d47b64fba,both_added,added,added,,
6f1246035a196b195348a23ef4747784,823f1e5a1e849a2f7d42bdc4aa27ff4c,pair_formed_by_refactoring,signature_changed,signature_changed,0.97,0.94
6f1246035a196b195348a23ef4747784,86b76b34e3efc27a0bcd51c0681290c9,pair_formed_by_refactoring,signature_changed,exact,0.97,1.0
6f1246035a196b195348a23ef4747784,8a217ba22103b20fb63dcf9702423800,pair_formed_by_refactoring,signature_changed,exact,0.97,1.0
6f1246035a196b195348a23ef4747784,b8f39251ddfb9c43d6e7e627566e7d1b,pair_formed_by_refactoring,signature_changed,exact,0.97,1.0
6f1246035a196b195348a23ef4747784,e2bdfb838aa6b4417cbd2de06b45ac50,pair_formed_by_refactoring,signature_changed,signature_changed,0.97,0.97
6f12b9d7a11b5e5e4b4a93f98d406818,df51bb2c4540f4252e553a7ff6859c5e,pair_formed_naturally,unknown,exact,,1.0
6f3833784847214dd90db201da617dc7,a6b8acea49094fb911b44d1f35608c4b,pair_formed_naturally,exact,exact,1.0,1.0
6f3833784847214dd90db201da617dc7,b15ec654386495ac3742dee8ea7489e5,pair_formed_naturally,exact,exact,1.0,1.0
6f38d48c2abb9b7a2edb9e5343b65e08,82493caa17bb440d9e5bb2bc726635f2,both_added,added,added,,
6f7aa0e07d5177ac5084f808092307a8,812c41880c474b9d37adef15b14d7cfd,method_a_added,added,exact,,1.0
6fe27b28de3ef0cb2afe7c981559188f,86e2902281e6c7d69d3b9cb1f3d4e030,both_added,added,added,,
6fe27b28de3ef0cb2afe7c981559188f,f2ab35e4cefd09e08dc47ebf996d16e6,both_added,added,added,,
6fef9a309980cae3e174717652c86b6a,96dce428dc7b68d62ae0e88a8f3196b2,pair_formed_naturally,exact,exact,1.0,1.0
6ff2870aaa445da8c06aac1c3f449267,baac84499263e7d7606ceae961d60bdc,pair_formed_naturally,exact,exact,1.0,1.0
6ff71043def3fb92ba9b08969c1e0579,743fd6cfbcb98c88cba2c70b3f93b38f,both_added,added,added,,
7004fa1e7f1ba92434dcc0423ceb633f,a4c22eed1963bb9766199c17a5183c82,pair_formed_naturally,exact,token_hash,1.0,1.0
701fc93b2cbfefe84c432e57823770c5,f7fada3fd9a74472d49c8fefb6e3ac28,pair_formed_naturally,exact,exact,1.0,1.0
704a1e1b7d15cfe8096e16a69e7d54fd,cd3dcfe2e49db6fcabe03995353302a6,both_added,added,added,,
705ffbcdf306a9905ff7d9df52266284,adba5ed1e4208bd64e9c5d9e74f52c33,pair_formed_naturally,unknown,unknown,,
708e5dc8b374cab814b04bcaf8524997,7a327b9ae1f19726733d127f81ab6903,pair_formed_naturally,exact,exact,1.0,1.0
70b4807cbafa479c65f32865e32b8cd5,e05faac5cafeff4fe4a0d216e2adac28,method_b_added,exact,added,1.0,
70cbfe7c2dc27c2049ba1f94dc30a9e5,dc087df5e294e5212d382ea0df4bb0e6,pair_formed_naturally,exact,exact,1.0,1.0
70f412b8dd6719bef8d518360ebb4f4c,b001148c6e8b945450f5bbb4f892e582,pair_formed_by_refactoring,signature_changed,signature_changed,0.96,0.96
70f7f53758f20195454192571a2e89be,9cf11bd8289212e78bedbf68d78fdf46,pair_formed_naturally,exact,unknown,1.0,
714b0ddbdd03aef12f7733a66927cb23,9c502dfab70e8da724e5b9f8413f6c43,pair_formed_naturally,exact,exact,1.0,1.0
714c7680bc6c7a4e303642cd57b3d977,a2dc6340c59f8d043703c6a446610638,method_b_added,refactored,added,0.76,
714c7680bc6c7a4e303642cd57b3d977,c2ddb56d2e51ced635eee3fdaec9e424,method_b_added,refactored,added,0.76,
714c7680bc6c7a4e303642cd57b3d977,d3e0cbd26515f729b64394295294c535,method_b_added,refactored,added,0.76,
71561c86cfeb0b691f9d96b93db47780,b749cceb6784d052d31a173734c983c4,method_b_added,unknown,added,,
717bedb4161e4b90df99d4939702a122,c37a447088ae07595bfa6d48b385c992,method_a_added,added,exact,,1.0
718933755dae74c77c3938a0cb54bf9c,e7ecee95c71abcf7783cfcba421ff8d8,pair_formed_naturally,exact,exact,1.0,1.0
71aa246767578cb452f23bbd57ea1eee,bc9a0ad78740a49031828fb48c6eede3,pair_formed_naturally,exact,exact,1.0,1.0
71b35cb126fb991436d57e33d9d8a46e,b5a3787ef9decb1e576bbcf37ede9286,both_added,added,added,,
71d051128d8a3635d8751bc6c585180b,a92593a1d0909d3423c4d5a6b2b80255,both_added,added,added,,
721ca77d21294dfb4329482e11d6a1dc,96495ada3721faa6510f0262e85a5c45,both_added,added,added,,
721ca77d21294dfb4329482e11d6a1dc,e341015882f0b54b2f72bd95657d22dd,both_added,added,added,,
7229cdece1fee80d4f59c36f7fb66510,adbf083a4b26e02007a4cf8629805fb0,pair_formed_naturally,exact,exact,1.0,1.0
7237c14851f13bae81d555e8f6e405c8,7dfbb378d7c5f69e17d01c6010dd8fc4,method_a_added,added,token_hash,,1.0
724b63e9d92feaed276dc07d5d224f3c,aa74d28e6fe9b491571f7881f0d0051b,pair_formed_naturally,exact,exact,1.0,1.0
726d37050cf83136b9f685dcf66281b3,bc4e405b2c8c70821a28f6d1b1c53359,pair_formed_naturally,exact,exact,1.0,1.0
726d37050cf83136b9f685dcf66281b3,ed0f167d67e937f602cbeb3950c505a2,pair_formed_naturally,exact,exact,1.0,1.0
72f4b89e87c03348bf25e10d93dde1a5,a6055149debe4111aa4c1b9b759241ed,both_added,added,added,,
72f4b89e87c03348bf25e10d93dde1a5,bdb408ca5c5e867f7396044e0f1368c4,both_added,added,added,,
72fdf836423b51acae785c0e0adf56f2,736243d298bc569588004523d982a342,pair_formed_by_refactoring,signature_changed,exact,0.93,1.0
7306159f54d8d17b1bf773115e31ef77,9986a45134f667196f3d9bf736a9a097,pair_formed_by_copy,exact,refactored,1.0,0.84
7306159f54d8d17b1bf773115e31ef77,9cc37f3690c7bd1aaaaad1f18531e158,pair_formed_naturally,exact,exact,1.0,1.0
7306159f54d8d17b1bf773115e31ef77,b8776629c1936543666270e4ed8d98a8,method_b_added,exact,added,1.0,
7306159f54d8d17b1bf773115e31ef77,dba9c354bb2d51e74cd2d98ad5a9e97b,pair_formed_naturally,exact,exact,1.0,1.0
7306159f54d8d17b1bf773115e31ef77,edf4e5ae2536d8f43797a18e02f4db41,pair_formed_naturally,exact,exact,1.0,1.0
7352d982d66f42dfb72e359bd614ff86,b071f07acc09b5a5b86427fcffa8dc58,both_added,added,added,,
7352d982d66f42dfb72e359bd614ff86,ef00e7cee769d7519c418792805de9de,both_added,added,added,,
7352d982d66f42dfb72e359bd614ff86,f492db2be2b777f72f168aaa34edce6e,both_added,added,added,,
7384431f705adcd53e31da04dee65fd2,ac961fe0bdf404ebc9f11fb899147507,method_b_added,exact,added,1.0,
7394c52cb41d2b16a8e8ed38448d459c,b5dd2e690e413ddafed2ad9f099617b4,pair_formed_naturally,exact,exact,1.0,1.0
7394c52cb41d2b16a8e8ed38448d459c,ba36cb79d437f0d91a5adb4843a51347,pair_formed_naturally,exact,exact,1.0,1.0
73cec25f6c0dec434bdc1cc1378932af,74ea9f0b797a6298b97ea47a3bfe9958,both_added,added,added,,
73e94ad774a705bdb19e3e201e41e633,eeb2a59f5ba3bc3b1b51b4ac2cf98e72,pair_formed_by_refactoring,signature_changed,signature_changed,0.85,0.85
73ed932e6d7910fd516cd24c548724b3,e61bac9813c4014da18641311ec22d72,pair_formed_naturally,exact,exact,1.0,1.0
74bf06b45c9ba0723b4cbf31c7c98bc4,ebf2745e49a88fb2ae04606c5bae7d2c,method_a_added,added,exact,,1.0
74bfba6cef8fc66ac06a6954c1a571a6,c601c081f8f2eed0b863647d061ca3c7,pair_formed_naturally,exact,exact,1.0,1.0
74c754f7e22c904512d644383daf07f1,f56615d38a16b311185b94c406776e76,pair_formed_naturally,exact,exact,1.0,1.0
74e3f22df192f982b312c8cf4bd473ab,b3e5bdb3870c6c4ac66c346df7718433,method_a_added,added,exact,,1.0
74f6797f667eaf9fa367b723e26bb937,b02b9b9043aa3cc3f625595dc5104156,pair_formed_naturally,exact,exact,1.0,1.0
74f94a6d1965cb719986df1b751cbb6a,a1b966acd24801b699c8200d07bd9930,pair_formed_naturally,exact,exact,1.0,1.0
75060994db1d88f6f71d9aa4e02ec775,7b1094954983e2021457d9b8a85e6f44,pair_formed_by_refactoring,refactored,refactored,0.83,0.76
75060994db1d88f6f71d9aa4e02ec775,c92424624e08757fa3de37aa37b09820,pair_formed_by_refactoring,refactored,refactored,0.83,0.86
752b785fa7b4274ee2b7fa651fae396c,f71eb3b4fc4dc010dcadb93e435ea90e,method_b_added,exact,added,1.0,
754ffa7df4cf837df69cb4c5c81227c1,907dda3b6615e92967144fdfe33eeea7,pair_formed_naturally,exact,exact,1.0,1.0
754ffa7df4cf837df69cb4c5c81227c1,a93c636946e66bdfa166b6af03587a37,pair_formed_naturally,exact,exact,1.0,1.0
754ffa7df4cf837df69cb4c5c81227c1,c62ca5989ecef34ba4cf67a97c807d19,pair_formed_naturally,exact,exact,1.0,1.0
754ffa7df4cf837df69cb4c5c81227c1,db171c489c378daf54d69bfdc2efafcf,pair_formed_naturally,exact,exact,1.0,1.0
757e4cd5e583f2e4f2dd0f45536489fa,c73ed87d3d69b65c5dc5a6e28f1e73f9,pair_formed_naturally,exact,exact,1.0,1.0
75c5f2f451502ee2c2ce046f9bc27b5c,e2eb6cab9e19258480ab90f73ec0701f,both_added,added,added,,
7603899c97156fb1e91561e9da834d54,b6a697a82d0daaab014c81b838908f0e,pair_formed_naturally,exact,exact,1.0,1.0
7655675e818d818fe10d23076ae21d93,8258dcc56103addcbfe5156e478a40a0,pair_formed_naturally,exact,exact,1.0,1.0
768b96ab6377665ac7e19086bcfc3fdb,85ed9f463592437689719dc9bccbe1f2,pair_formed_naturally,exact,exact,1.0,1.0
768b96ab6377665ac7e19086bcfc3fdb,8bbfebb9c0d68757b4aef9407cc679a0,pair_formed_naturally,exact,exact,1.0,1.0
768b96ab6377665ac7e19086bcfc3fdb,a0bf34f4ef3a4d1f040bfcbc78af35f4,pair_formed_naturally,exact,exact,1.0,1.0
76f37d52768ca5d4113358c0c2ba41d2,9afbe43bf4147b7f297c9f30e0714c34,pair_formed_naturally,exact,exact,1.0,1.0
76f37d52768ca5d4113358c0c2ba41d2,a8c69585bc18e8e24dcae2bb57209bef,pair_formed_naturally,exact,exact,1.0,1.0
7715d85538ea2977d9c4269e5b7e0a00,98a0b37fa16611954b94d6144887bb4e,pair_formed_naturally,exact,exact,1.0,1.0
7715d85538ea2977d9c4269e5b7e0a00,b6d7f354402010d31c4a0b9bccbd1352,pair_formed_naturally,exact,exact,1.0,1.0
7716eefe205db55286e980dea220c2fd,fded01a4284ef8968f8258b4647a4e93,pair_formed_naturally,exact,exact,1.0,1.0
771e91616659458870dae5c62ecd6e10,c286c28928d69cf37a0083518226e8fd,pair_formed_by_refactoring,exact,moved,1.0,0.92
77536574e821a959783fa094b9954b20,bd895edcc540019f1f8654ae68b39021,both_added,added,added,,
77597e664790469f10e39602689250ba,8258dcc56103addcbfe5156e478a40a0,pair_formed_naturally,exact,exact,1.0,1.0
77814bebbcde4f46e354eb4798043f63,97077fbf1e6b7f64d91005009ae92b0b,pair_formed_naturally,exact,exact,1.0,1.0
77ba886f48e9478799dbbefe3f563f00,d83aaf9c437290de5ab015387ed84e8e,pair_formed_by_refactoring,signature_changed,signature_changed,0.92,0.92
77e368c2b98a38224585952ffaf6e3a0,f357a03b46ab6da70db0f4c47917cb02,both_added,added,added,,
77e6e337ca38c749641e09a5c86d4447,dd44754bf127d08140ad9645188246b7,pair_formed_naturally,exact,exact,1.0,1.0
77efb6292f217fcb514eaa5c03b7269e,c1c12b49af22a939d4f0ae2534809f23,pair_formed_naturally,unknown,exact,,1.0
780cfbeb21ca1800473a604f575ab2ba,d58e7e2584755a92614a5982d44c7bb8,pair_formed_naturally,exact,exact,1.0,1.0
7812acaa0189dbc220ce8226287ee97c,c75348cc8bd3ff9cb4f3cd8be163d635,pair_formed_naturally,exact,unknown,1.0,
7814adfdd0c6e64c2ece8058825bd6f8,ac0c812b2e75b87fa1fa7b35691e9fc0,both_added,added,added,,
7814adfdd0c6e64c2ece8058825bd6f8,d9f46e95f090a988f9f901aa8cafba7d,both_added,added,added,,
781609cd77313ebc7f63bf79420f6572,d2b0024ae20e993424911a4d2bd96f09,pair_formed_naturally,exact,exact,1.0,1.0
782ac7d13c8ee88c25a09d8b337cce57,b2f4c5cf9ce3e8bc83e0e9470629ecfe,both_added,added,added,,
787a5297d6467fcd6afb07642acb75c5,a03b8c5ae0b3016e23fb2fab650eb218,pair_formed_naturally,exact,exact,1.0,1.0
78b94043da61d952048a4456a8f196fb,c248ac30d0ffbe4d7a1cb58af7d17139,pair_formed_naturally,exact,exact,1.0,1.0
78defa9633faf699a869f246f1363b82,cf5eba3faa38817eaae4ca488992c85e,both_added,added,added,,
78defa9633faf699a869f246f1363b82,ff212101cb92e6b91bf21dcc452c3c34,both_added,added,added,,
78e21dee7a6a3faff6ccb9ad6a9ed980,87689f24bfc6bdb0548623dad35a9a53,pair_formed_naturally,exact,exact,1.0,1.0
790129dca9fb4463ac47d64946b115ce,84e53691e7098c2ad50e42c5993013d5,pair_formed_naturally,exact,exact,1.0,1.0
79128f4fdc3c16911b87a06641cbd7de,7d762f4986ba0c803931c0f6d89e17e6,both_added,added,added,,
79128f4fdc3c16911b87a06641cbd7de,c0f5a6e5da7dfef7c5b95c025c208b40,both_added,added,added,,
79128f4fdc3c16911b87a06641cbd7de,c27bac1f9f539df3b9ffaf26fa9457f6,both_added,added,added,,
79128f4fdc3c16911b87a06641cbd7de,d475eee598a738396f0e6fbfb0a3e14c,both_added,added,added,,
79128f4fdc3c16911b87a06641cbd7de,d77ca3802d7736d444b8973e733f69a8,both_added,added,added,,
792bb04389ea99c4ca03002511e6404f,c082d3a3d9a3534679b77cef282815d0,pair_formed_by_refactoring,signature_changed,signature_changed,0.96,0.89
795a8560cdfd45e25a19c8198775f4c6,db954a6a126b92d4a4e52e8ec0aa79a7,pair_formed_naturally,exact,exact,1.0,1.0
796f9e91f231ebb62b66060407d6fe5d,d6bd4d8384257fd9fc8975e5a3c9605e,pair_formed_naturally,exact,exact,1.0,1.0
798cb3a9e41a425f17548c3bd52fc976,870aea320cb799dc3ee41994e8334dd4,pair_formed_naturally,exact,exact,1.0,1.0
79e8f7e6072b2e6c5cd365da883d1350,8d1ea89b956a1e018ab953dc8c696a67,pair_formed_naturally,unknown,exact,,1.0
79e8f7e6072b2e6c5cd365da883d1350,937448a243cde1cbbe50285eb01e9b7c,pair_formed_naturally,unknown,exact,,1.0
79e8f7e6072b2e6c5cd365da883d1350,a0b27916203a50cdc063c8103004cd62,pair_formed_naturally,unknown,exact,,1.0
79e8f7e6072b2e6c5cd365da883d1350,ac6cf2a1221a50df7febd548e3a12329,pair_formed_naturally,unknown,exact,,1.0
79e8f7e6072b2e6c5cd365da883d1350,b19c4a2c371b4892a211a652f50ef6df,pair_formed_naturally,unknown,exact,,1.0
79e8f7e6072b2e6c5cd365da883d1350,cb182ce76186819035b2379f96c39910,pair_formed_naturally,unknown,exact,,1.0
79e8f7e6072b2e6c5cd365da883d1350,d332d52143da4ae83f51784b4fe617c6,pair_formed_naturally,unknown,exact,,1.0
79e8f7e6072b2e6c5cd365da883d1350,e032e8388c870cab11ade591dc250d41,pair_formed_naturally,unknown,exact,,1.0
7a0628d0a4fd34882ca46cb37d4d5cd1,7f18ccb91cf35f2f7abb6a7b6e360c0a,method_b_added,refactored,added,0.77,
7a2ed954bb9ba934d51f239d65a4bae8,f7d7db3db45af4df986fa0d93082dc7f,pair_formed_naturally,exact,exact,1.0,1.0
7a31b98d9375473783e8b1f8f7012faf,b0c61f6d50d93bc1d5618835bdd23986,both_added,added,added,,
7a51b5a6f1480d87c68d8a47cf103a44,a81b5983f4913dc8d307152acea6199e,both_added,added,added,,
7a7f6d667e993b6357f83544d19af54d,9a9c5d0c841e2cba002b812d8a937662,pair_formed_naturally,exact,exact,1.0,1.0
7a7f6d667e993b6357f83544d19af54d,aef65f86d52da9603a85bfb238f670a8,pair_formed_naturally,exact,exact,1.0,1.0
7a7f6d667e993b6357f83544d19af54d,c4864623761a82875b501f567d060b85,pair_formed_naturally,exact,exact,1.0,1.0
7a7f6d667e993b6357f83544d19af54d,eea8db517c32563be5b72f1cbf8b296f,pair_formed_naturally,exact,exact,1.0,1.0
7a8ac9cd75dbb66b38b92422f688af72,89bf8668d5452817c9e7981a046776ca,pair_formed_naturally,exact,exact,1.0,1.0
7a8ac9cd75dbb66b38b92422f688af72,92cf14d1912fdaf73059e49ec01db638,pair_formed_naturally,exact,exact,1.0,1.0
7a984385460c6d0d42c45901a8390dd1,bb4b06f898c47a1e9bb43c46c14032bd,pair_formed_by_refactoring,signature_changed,refactored,0.93,0.84
7a984385460c6d0d42c45901a8390dd1,c02d7599b21158c19c49a9a6ac19a6a2,pair_formed_by_refactoring,signature_changed,signature_changed,0.93,1.0
7ab7d1916153f2cd30a3fa81ff6f31fe,89487e48922118cf907308b26ebfbe42,pair_formed_naturally,exact,exact,1.0,1.0
7ab7d1916153f2cd30a3fa81ff6f31fe,aa91b8b7c116c25d5a8cb4116dc1fd26,pair_formed_naturally,exact,exact,1.0,1.0
7ab9f211afc2fca095f17ad89f041d6a,c32040cdc6a56b5bd620fc28887c5665,pair_formed_naturally,exact,exact,1.0,1.0
7abdd613ebd6a3ce8c384d3613ad9559,7c913a370a20b9d01a31307c10b49cb0,pair_formed_by_refactoring,refactored,signature_changed,0.86,1.0
7acd5d462ce8a6dce8495e159e383935,df770c2343c0398248de4a2ca3cd0a5a,method_a_added,added,signature_changed,,0.77
7ace01297e41c8343c33c05059989e58,ac98f6510f16d69c0b8ddcc69d5f2ce8,both_added,added,added,,
7b1094954983e2021457d9b8a85e6f44,c92424624e08757fa3de37aa37b09820,pair_formed_by_refactoring,refactored,refactored,0.76,0.86
7b1d489e3dc14774b4fb6edc2cabd3fe,e504b3553804a3cddca1e329d811f0ce,both_added,added,added,,
7b2fcbe8493814d63024924ac30b1963,c002418ea337bdbf757c42c19807be23,pair_formed_naturally,exact,exact,1.0,1.0
7b8b0ab09adcac9deadca5318b2491f8,8345bd863566b98934a7bed5d779f74d,both_added,added,added,,
7b8b0ab09adcac9deadca5318b2491f8,cab9793b2b20a7e8b0649d781e598c69,both_added,added,added,,
7b8b0ab09adcac9deadca5318b2491f8,d9f46e95f090a988f9f901aa8cafba7d,both_added,added,added,,
7b8b0ab09adcac9deadca5318b2491f8,ebf1f531fd872453d2eb2d35ae846c57,both_added,added,added,,
7bcfca1544af39aee17ca3dfbe917020,952880ffc63dfe8f2d1bc4bda63c6a0f,pair_formed_naturally,exact,unknown,1.0,
7bcfca1544af39aee17ca3dfbe917020,dd4e4a195e4924672bffaf770c033b16,pair_formed_naturally,exact,unknown,1.0,
7bd37e7007caf50a7a33b22fd9f9a670,8d0c6eb374a6e9e08ec6608ac5642314,method_a_added,added,exact,,1.0
7be76ebc10dbe1297407b4b8ca545ab0,e2ccda636f8c943c2adc1ba5e2401a1f,pair_formed_naturally,exact,exact,1.0,1.0
7bec87079c97e092ef17ca0f9b3fde26,b853f11746144b568f3f3a0ef51da5fa,pair_formed_naturally,exact,exact,1.0,1.0
7c0c7f2dc556f6ce94a793867333ffbf,c585bcccfbe8579e17456bc0a723b2f8,pair_formed_by_refactoring,signature_changed,signature_changed,0.92,0.94
7c3e4b21d098e33b172fdbd330ade64b,80b9d245c8c5dc401fd5ca9e02a2d76b,pair_formed_naturally,exact,exact,1.0,1.0
7c3e4b21d098e33b172fdbd330ade64b,968fda648abe066e11ab80ccbc3f13f7,pair_formed_naturally,exact,exact,1.0,1.0
7c558d1113f6e2c8e32b1f328e4b970b,b10aed20adbb4a733d67ec70c9327146,both_added,added,added,,
7c558d1113f6e2c8e32b1f328e4b970b,d5c335260aa2afecf2c6e0ec6e9677d9,both_added,added,added,,
7c558d1113f6e2c8e32b1f328e4b970b,e47175f53b9f0868223011ce62299553,both_added,added,added,,
7c5c41544614cce536958e9f4ae4dee5,e93a2bc2e0ed048a5a9699a064a4b7d1,pair_formed_naturally,exact,exact,1.0,1.0
7cc226d9278e21fa89fc517e3082db2e,e1930c6af70e2120e0dfff97feb1ed3f,pair_formed_naturally,exact,exact,1.0,1.0
7cc226d9278e21fa89fc517e3082db2e,fa2c87ad40c2e798218b4b23ac670da2,pair_formed_naturally,exact,unknown,1.0,
7d00b9cf6d1a32ec74e41a3e81cff87e,cbaf01a3284c713378a1fca58ad019ff,both_added,added,added,,
7d2a1626dc27cab0c1486e4704ba201b,8a8777c57a1a6fbc02a2297177e096dc,pair_formed_naturally,exact,exact,1.0,1.0
7d4eaf171952baf951fc31375cc35516,b096405376b84c6ad0968f0a3472e518,method_b_added,exact,added,1.0,
7d6277dbcb28586c1e568a0a53633840,aecee3f7d901962638143a818e64a738,method_b_added,signature_changed,added,1.0,
7d6277dbcb28586c1e568a0a53633840,c1d3dd73f1235b92b2441fcbbec02aa6,method_b_added,signature_changed,added,1.0,
7d762f4986ba0c803931c0f6d89e17e6,c0f5a6e5da7dfef7c5b95c025c208b40,both_added,added,added,,
7d762f4986ba0c803931c0f6d89e17e6,d475eee598a738396f0e6fbfb0a3e14c,both_added,added,added,,
7d762f4986ba0c803931c0f6d89e17e6,d77ca3802d7736d444b8973e733f69a8,both_added,added,added,,
7e1ae680363fb39037c8d60310168e2a,bff30905c67d6b437dc7df1760270300,method_a_added,added,signature_changed,,1.0
7e1ae680363fb39037c8d60310168e2a,ec860975856fbb0576fc362443fb061b,method_a_added,added,signature_changed,,1.0
7e380461878860430c75721b4e1d7305,fd1b185964639cff8d8152793a2b432d,pair_formed_naturally,exact,exact,1.0,1.0
7e5954b3de59bc1707e074c1c733ebde,dbdd680f9dd75f82d292b159fe340e28,pair_formed_naturally,unknown,exact,,1.0
7e85129e84635e065584074a4cd07bf9,a4bbb9e6995956ac42e3bed463478d78,pair_formed_naturally,exact,exact,1.0,1.0
7f11782afcbf3544e3f6e43cc4574e7c,ad5fd08f24f821b445d637d8d145fcac,pair_formed_naturally,exact,exact,1.0,1.0
7f21af8024957a37e161ea5887de3f32,889f5becf4baf4c55d469cd6b2b270b5,pair_formed_naturally,exact,exact,1.0,1.0
7f53227b7542475abaae787a5439a2a7,99751da2453de13593dfdd93e978aed4,pair_formed_naturally,exact,exact,1.0,1.0
7f62f1d37559faca2beccdde6bfb7ac2,ba6e5d26e9f4119ed1a2d197af6630d5,pair_formed_naturally,exact,exact,1.0,1.0
7f869adf9e12f023fab8ba67b6033bca,e2426375621e48180c8c0cfe41f38682,pair_formed_naturally,exact,exact,1.0,1.0
7f8d9e0a1f1a9d3835d3bf1401767106,c1c12b49af22a939d4f0ae2534809f23,pair_formed_naturally,exact,exact,1.0,1.0
7fb2b52025ff1ab54033ec1e92042b6c,bd0e26f245589c455cdb04c4b91099d1,both_added,added,added,,
7ffccff9c7e951cba231b58b457e0968,be6051687d150b45c9179750ceaea2a0,both_added,added,added,,
806e8208d4adbc1720c3ba6e1eb33f4a,8ff099acb79da4d0bbcc3065c3930e10,method_b_added,exact,added,1.0,
806e8208d4adbc1720c3ba6e1eb33f4a,9afc7485a15c711dd19977d7d8f86d3f,pair_formed_naturally,exact,exact,1.0,1.0
806e8208d4adbc1720c3ba6e1eb33f4a,e79a26779cb2af035a2de65d98c8a8c3,method_b_added,exact,added,1.0,
808ed8880891e207493193ceb0d18e03,fb2a1969ae0a443ac7b27cb7a1e9685c,pair_formed_naturally,exact,exact,1.0,1.0
80a31181e522519c056fc9671258ef67,de8a9d33805c36f52188d199f0a18a06,method_a_added,added,exact,,1.0
80a31181e522519c056fc9671258ef67,ee066449d41212918ee31ac2dc36c00b,method_a_added,added,exact,,1.0
811014b54487359a0a6c01cb08ffea46,a6452052fc7bf48a99a875016042c460,pair_formed_naturally,exact,exact,1.0,1.0
811014b54487359a0a6c01cb08ffea46,a8bd43a2e6bc8b1d13ea827956a23b9a,pair_formed_naturally,exact,exact,1.0,1.0
811014b54487359a0a6c01cb08ffea46,bcf0693cc491d4b15d52c0ee59bd6f15,pair_formed_naturally,exact,exact,1.0,1.0
811014b54487359a0a6c01cb08ffea46,c3c5cf24f0dc465cb94ddd991c40c3a7,pair_formed_naturally,exact,exact,1.0,1.0
811014b54487359a0a6c01cb08ffea46,c62532909353354caf4c3f34091f5d21,pair_formed_naturally,exact,exact,1.0,1.0
811014b54487359a0a6c01cb08ffea46,e954caf75d46200e3a1f3c6a8d7e35bf,pair_formed_naturally,exact,exact,1.0,1.0
8116bb99b6f75291baab3aef880e1831,9d535d043d44cdf2a9245540524e490a,pair_formed_naturally,exact,exact,1.0,1.0
812c41880c474b9d37adef15b14d7cfd,838b2243748655f07f2c7a07a582cdeb,pair_formed_naturally,exact,exact,1.0,1.0
812c41880c474b9d37adef15b14d7cfd,e4ff7c5293f6a9a5cc0bf48f8f7ad070,pair_formed_naturally,exact,exact,1.0,1.0
81a4d361dd968b29d549c255ecd09311,f3d878b84342a9fbd714e4fb73f4d5a7,pair_formed_naturally,exact,exact,1.0,1.0
81b7c8291f5f0cfae7ba8b6c70db94dd,9a35dccfbe1f21a832fabf1994e59ecf,method_a_added,added,exact,,1.0
81d1e6e9a482bc60a929c82d6d4be9e5,b1fdfa849f67a6c1fc558706dc848856,both_added,added,added,,
81d66439d5387839f9a8eaa61344f74c,932ed8d306ad11d16d6a6286ebc47142,both_added,added,added,,
81d66439d5387839f9a8eaa61344f74c,a12fa711d8635ac9ca8ac03a750036ba,both_added,added,added,,
81d66439d5387839f9a8eaa61344f74c,dbb2e21416e94cea8c9513914ab9f13e,both_added,added,added,,
81d66439d5387839f9a8eaa61344f74c,ea4b0129228912f9e088a7706d801b92,both_added,added,added,,
81dd77fe562982f78eb8380bef6134cc,a811a6c99e0a02200fa444dcbf527a37,pair_formed_naturally,exact,exact,1.0,1.0
81e9ca7baa3f2e78f87bd8baa946793c,8a408811b8c08d02a576cd01dbcd3d0e,pair_formed_naturally,exact,exact,1.0,1.0
823f1e5a1e849a2f7d42bdc4aa27ff4c,86b76b34e3efc27a0bcd51c0681290c9,pair_formed_by_refactoring,signature_changed,exact,0.94,1.0
823f1e5a1e849a2f7d42bdc4aa27ff4c,8a217ba22103b20fb63dcf9702423800,pair_formed_by_refactoring,signature_changed,exact,0.94,1.0
823f1e5a1e849a2f7d42bdc4aa27ff4c,e2bdfb838aa6b4417cbd2de06b45ac50,pair_formed_by_refactoring,signature_changed,signature_changed,0.94,0.97
82493caa17bb440d9e5bb2bc726635f2,f5b569de0bcae1dfe29c062c81cff1d2,both_added,added,added,,
8258dcc56103addcbfe5156e478a40a0,a8e4430d3461f39bec0429c734ef7f46,pair_formed_naturally,exact,exact,1.0,1.0
8263ea7e26dc6a61cc66d4dd61f35465,8d57944ef3d164eca8f7f21bbec25def,method_a_added,added,exact,,1.0
8263ea7e26dc6a61cc66d4dd61f35465,cc4c3850572e777aab13e35b8e496e39,method_a_added,added,exact,,1.0
8263ea7e26dc6a61cc66d4dd61f35465,efe449a07e94582b54dc4d71ccd8aca4,method_a_added,added,exact,,1.0
8263ea7e26dc6a61cc66d4dd61f35465,fa89b0e16d6c4b51e74aa3a3809c58f8,method_a_added,added,exact,,1.0
826f46be35501a12211ff49ce525d8bd,998b53c7d2a6d99304fadfaf43eb847a,pair_formed_naturally,exact,exact,1.0,1.0
827784845cf64152ffafad342724ce1b,827784845cf64152ffafad342724ce1b,pair_formed_naturally,unknown,unknown,,
827784845cf64152ffafad342724ce1b,e08c1193d08ad1ed6cb08c90ac31146e,pair_formed_naturally,unknown,exact,,1.0
829f088c7407472c601d5398510df48f,8d42b0d43574a0a3963eba8557236280,pair_formed_naturally,exact,exact,1.0,1.0
829f088c7407472c601d5398510df48f,90f9f5d1a6308b7ad1f2298b7376ea32,pair_formed_naturally,exact,exact,1.0,1.0
829f088c7407472c601d5398510df48f,d93a7d8f3434b8ee6807a3cef1d008b8,pair_formed_naturally,exact,exact,1.0,1.0
829f088c7407472c601d5398510df48f,efdb268a4cadb8086edf2bd479232be8,pair_formed_naturally,exact,exact,1.0,1.0
82c3aa3d9cd22a6ef5226f0cfb78b3d2,fbdfca23c2bf5f915f638d4d1c32b603,pair_formed_naturally,exact,exact,1.0,1.0
8303571ba00115dd87097a0f45fb8b4e,dd835e2337d5d73e438b1d734c0f642b,both_added,added,added,,
830503a3b69a728c8ce04f6d9c241626,85bde026ca069b463af0b9fe55c1eb3d,pair_formed_naturally,exact,exact,1.0,1.0
83144df7d17ca334b0a3a8fc0901f366,bdbb416ee78928790a64ae88bd86fdda,pair_formed_by_copy,exact,refactored,1.0,0.89
833f04f7f6784d427cae534ab181a022,a2dde982ba7885c11ece02461ab71040,pair_formed_by_refactoring,signature_changed,exact,0.91,1.0
833f04f7f6784d427cae534ab181a022,b5e96ec76ed9aead33500ec84c5e9816,method_b_added,signature_changed,added,0.91,
833f04f7f6784d427cae534ab181a022,f55b7a1ee150b3f3a3ef1cb7eb408a0b,pair_formed_by_refactoring,signature_changed,refactored,0.91,0.86
833f04f7f6784d427cae534ab181a022,f8cb4a7b861bf429b9d3c7525d31de13,pair_formed_by_refactoring,signature_changed,renamed,0.91,0.95
8345bd863566b98934a7bed5d779f74d,cab9793b2b20a7e8b0649d781e598c69,both_added,added,added,,
838b2243748655f07f2c7a07a582cdeb,900bb7b9c75d36044dbe881614c0017b,pair_formed_naturally,exact,exact,1.0,1.0
838b2243748655f07f2c7a07a582cdeb,a4532b7d2d320ce525e54aef35562151,pair_formed_naturally,exact,exact,1.0,1.0
83b0adc6a382436330d563be6e15e2e0,87bdcaf92cdbea3db97c36ae95cca89b,pair_formed_naturally,exact,exact,1.0,1.0
83fe859206334ed749093c9272691213,95297e4f98450fa7676ccc2c180e9142,pair_formed_naturally,exact,exact,1.0,1.0
83fe859206334ed749093c9272691213,d87802c047bed1a8c981d22615030aa7,pair_formed_naturally,exact,exact,1.0,1.0
841f7f265a8bb562b8f676276e0d0dd2,9c16de8b42790faa8cffa72fa86febbc,both_added,added,added,,
8439606b4b64a341b31231546e3b4148,a5886891b1dbaeaeb24b73a5d537e1ce,pair_formed_naturally,unknown,exact,,1.0
84646d7dca9e6168ef4efd1bd70d070f,c0542fd216fcb9af924d7c20d736919a,pair_formed_naturally,exact,exact,1.0,1.0
846b6c22ca0ee878c49af167ebd7b127,b3ed0a64bdaac08232ba4f2b4b0b8d3c,pair_formed_naturally,exact,exact,1.0,1.0
84972745a8ed21387635dd1c0389690a,b9df0bf6b848cf21c26ad3c2d142c552,pair_formed_naturally,exact,exact,1.0,1.0
84972745a8ed21387635dd1c0389690a,c1e90f8f2e5e6e4ccc378dcecae08000,pair_formed_naturally,exact,exact,1.0,1.0
84c5abc50f0014ba7a483705885a6dbe,c4c348fb0098bb83e9afeb0d47b64fba,method_b_added,signature_changed,added,0.79,
84e53691e7098c2ad50e42c5993013d5,9e51868a20936fccb5004de2b0dede61,pair_formed_naturally,exact,exact,1.0,1.0
84e53691e7098c2ad50e42c5993013d5,b019c37135b4bad091fe24db858e3a0a,pair_formed_naturally,exact,unknown,1.0,
84ef50a1dfda0064eaaa4f194c982d4e,9faff128377ecd489fbcab78835b8250,pair_formed_naturally,exact,exact,1.0,1.0
84f13eec3a73381d77c2a25d939141ce,90530d72659afe489ee41c5a459ed821,pair_formed_naturally,exact,exact,1.0,1.0
84f13eec3a73381d77c2a25d939141ce,b26f61fc5c635608670c5bfbbf4e9506,pair_formed_naturally,exact,exact,1.0,1.0
84fee32449b638bd147c059f638e4b26,88a5c1c9183e8748a2090714cb4e1271,both_added,added,added,,
84fee32449b638bd147c059f638e4b26,fa836fcaa503f90652421ac0814094a1,both_added,added,added,,
851b48a7080af444ffacf08147815592,a7f28eacce8846c69c7c34c454fa5da0,both_added,added,added,,
851b48a7080af444ffacf08147815592,ee9e6e51d18ed85755e541a44e2dbb1d,both_added,added,added,,
853f7bf1d7e668ef34699e9c6092474c,ed65a5259ebcdf88297d8427fdb83bfc,pair_formed_naturally,exact,exact,1.0,1.0
853f7bf1d7e668ef34699e9c6092474c,fe7c9d38baa4694c39413c4d23f83563,pair_formed_naturally,exact,exact,1.0,1.0
85402b1fd376f8e13822bcb6d66ad747,9e9ea0825dd5f5f86bef91ec4ea658fa,pair_formed_by_refactoring,moved,moved,0.97,0.98
85402b1fd376f8e13822bcb6d66ad747,b190c0809becd12b8819b18a62b7a2a4,pair_formed_by_refactoring,moved,moved,0.97,0.98
854df433ba32953611b6fde89d0b1d30,8bbd62f60fa0b1a3fd48e048c1297860,both_added,added,added,,
854df433ba32953611b6fde89d0b1d30,b8b1852a4efe9d57b8170c997105159f,both_added,added,added,,
854df433ba32953611b6fde89d0b1d30,ce0137542e63294e767e7b3883ef5357,both_added,added,added,,
858a3985221d76d381527a670792aeba,ce2416759888ca4ccd5340449565c839,pair_formed_naturally,exact,exact,1.0,1.0
85aec851df7db5ae9161126bad3d4ac3,dc087df5e294e5212d382ea0df4bb0e6,pair_formed_naturally,exact,exact,1.0,1.0
85bde026ca069b463af0b9fe55c1eb3d,c3d089614c0b6c9c49270b66f64f65e5,pair_formed_naturally,exact,exact,1.0,1.0
85ca2e07fb9be7c96e3d41d5b25f6f22,95e1daf60398d98fec437bb36308f7f2,pair_formed_naturally,exact,exact,1.0,1.0
85ca2e07fb9be7c96e3d41d5b25f6f22,e19d066ae4fd0fd60f5981a293b9d944,pair_formed_naturally,exact,exact,1.0,1.0
85d92e1223903bd5f49dcab54758c3d3,87bdcaf92cdbea3db97c36ae95cca89b,pair_formed_naturally,exact,exact,1.0,1.0
85d92e1223903bd5f49dcab54758c3d3,fefbde81e166287fe35d8cb0bfc10c53,pair_formed_naturally,exact,exact,1.0,1.0
85e284d0c16b85aeed1c2d338d61d750,b5e96ec76ed9aead33500ec84c5e9816,both_added,added,added,,
85e284d0c16b85aeed1c2d338d61d750,ee718753855dd9713b5a2c5ee23e6047,method_a_added,added,refactored,,0.72
85e762eb5767c9e18c673c42dff547da,ad240132f91b5e238861c3af3242977d,pair_formed_naturally,exact,exact,1.0,1.0
85ed9f463592437689719dc9bccbe1f2,8bbfebb9c0d68757b4aef9407cc679a0,pair_formed_naturally,exact,exact,1.0,1.0
85ed9f463592437689719dc9bccbe1f2,a0bf34f4ef3a4d1f040bfcbc78af35f4,pair_formed_naturally,exact,exact,1.0,1.0
85f205f99b1ae707029b62af29c9c5e6,cd6db394231b996371e9ca8e77bd5cf6,both_added,added,added,,
85f205f99b1ae707029b62af29c9c5e6,d5a9450c717f8eb4ed547d8d4bcdfd30,method_a_added,added,exact,,1.0
85f205f99b1ae707029b62af29c9c5e6,ed898974f7a157cf7c418df55d1c3287,method_a_added,added,exact,,1.0
85f205f99b1ae707029b62af29c9c5e6,fbb22c54ca583d138458fab41a2131d5,method_a_added,added,exact,,1.0
85f64b3edd8ff727118103e30952f1fe,886ba468c984eb3d628f39e6536522dd,pair_formed_naturally,exact,exact,1.0,1.0
85f64b3edd8ff727118103e30952f1fe,8e675b6649f839fa24e40c374b18d21c,pair_formed_naturally,exact,exact,1.0,1.0
85f64b3edd8ff727118103e30952f1fe,94c1b81a57b1c6adb52c3f0ea0821e05,pair_formed_naturally,exact,exact,1.0,1.0
85f7417ff5741fc33a777be9c17579ec,eff384e3c249f473962605a5736ad7f7,pair_formed_by_refactoring,moved,moved,1.0,1.0
864d5a8ca8eee59398bce2e9a33bbd5e,a6b92eebae9cf5a382153df418fa12d3,both_added,added,added,,
86b76b34e3efc27a0bcd51c0681290c9,e2bdfb838aa6b4417cbd2de06b45ac50,pair_formed_by_refactoring,exact,signature_changed,1.0,0.97
86e2902281e6c7d69d3b9cb1f3d4e030,f2ab35e4cefd09e08dc47ebf996d16e6,both_added,added,added,,
86e352eaee66b9b24dd8cce59279517c,d3d7f21ab22fa3b3b37460e3619f1772,pair_formed_naturally,exact,exact,1.0,1.0
8703c578880c10b54b3998e7a30ee131,8e762526136811c66b57b18a267be936,pair_formed_naturally,exact,unknown,1.0,
870aea320cb799dc3ee41994e8334dd4,aca971bea4e28f41b7d408d894aba18b,pair_formed_naturally,exact,exact,1.0,1.0
870baab90f63da75bc40d884e261370f,8d18b0a8316c5605396ce70129e36bfa,pair_formed_naturally,unknown,exact,,1.0
870baab90f63da75bc40d884e261370f,9466e2eb84406125019602b7596972cd,pair_formed_naturally,unknown,exact,,1.0
875720d385fdd3a07cdb198daab4b9e1,a831736af06a8dc98e55a5aa6166b326,method_b_added,exact,added,1.0,
877821b05c209ec7087a39202a6a1b19,e73007039d275412b0b3021d678992b3,pair_formed_naturally,exact,exact,1.0,1.0
877ce6d2d1f5c0d1cbb1432d01867f81,8ff099acb79da4d0bbcc3065c3930e10,method_b_added,exact,added,1.0,
877ce6d2d1f5c0d1cbb1432d01867f81,e79a26779cb2af035a2de65d98c8a8c3,method_b_added,exact,added,1.0,
878a84f9de372f79dd3492f4cc747721,93d36b6b577383a81f6bd122dfe2fc58,pair_formed_naturally,exact,exact,1.0,1.0
878a84f9de372f79dd3492f4cc747721,9d0d0983efade2901351b3eb1a9d77e3,pair_formed_naturally,exact,exact,1.0,1.0
87bdcaf92cdbea3db97c36ae95cca89b,fefbde81e166287fe35d8cb0bfc10c53,pair_formed_naturally,exact,exact,1.0,1.0
87f61f137064f606eb8f9ac7a45749d7,a36759f17e8b4006501ef6387edf79c3,pair_formed_naturally,exact,unknown,1.0,
87feedfe15418b0033be511bab822e36,c27c67b98de9f81dd77295c8146bdffd,method_b_added,exact,added,1.0,
8801f0c3e0ef082309cadd041822e012,d5a63f7fab360cb9ac1eeb01c6a9eeb4,pair_formed_naturally,exact,exact,1.0,1.0
880e5d625ec2e43697368b3010a6df3d,cdb5589590f3ae374ac6c70d4438a631,pair_formed_naturally,exact,exact,1.0,1.0
88280f7ebd40ae0520899c2d22c017b1,9dd1d8260a612b929e1c29114686a7a8,method_a_added,added,exact,,1.0
882ce905fc132c697449ca3fbc7eabcb,d5a9450c717f8eb4ed547d8d4bcdfd30,pair_formed_naturally,exact,exact,1.0,1.0
88309fde0e5e57c712cf918efa976340,9f43b24beb809ace8bd247853b01ce34,pair_formed_naturally,exact,exact,1.0,1.0
886968ae9e1a6ae319dbb07b8ba9776a,dbe44c4d5d0dc6d8bafda74d53303aa3,pair_formed_naturally,exact,exact,1.0,1.0
886ba468c984eb3d628f39e6536522dd,8e675b6649f839fa24e40c374b18d21c,pair_formed_naturally,exact,exact,1.0,1.0
888e4f0bd75f2a849a80da7398e43f2b,ab9e9c66c0c483e7012708f1c933f928,pair_formed_naturally,exact,exact,1.0,1.0
88a115ad5cecd9ad5a1d3fd88c49108e,fdfe6d00270abf6c8e0f0fa56dcf77ed,pair_formed_naturally,exact,exact,1.0,1.0
88c030fa234aaf9c94ecfadd73be429a,9602ad376ef7e004aaa0a4980d183686,pair_formed_naturally,exact,exact,1.0,1.0
88d8cb648fcab1f1c9ec70e81c856bca,af8f373f574025447e8084a2f047ad19,both_added,added,added,,
891e008985dab59de9b78fdb216ea698,f0094ae310d33cce40c7154c473d6f2f,pair_formed_naturally,exact,exact,1.0,1.0
898109b03c2ef063124119b91b707eeb,fd0aeaff1bb3b75b54b98ede740d8f15,pair_formed_naturally,exact,exact,1.0,1.0
89b281467184d3f08e8d4bdfacbf3043,e3d28777705641229edeb0552142e60a,pair_formed_naturally,exact,exact,1.0,1.0
89d653352cb736e4d9f5057d78a843af,ebef02535cc702245c1001e0dbc5ea2e,pair_formed_naturally,exact,exact,1.0,1.0
89f05f67ee5103f477a0639c36c7b191,9a6d0682b6ad942b8f5bdb1f425b4a58,pair_formed_by_refactoring,exact,signature_changed,1.0,0.99
8a217ba22103b20fb63dcf9702423800,e2bdfb838aa6b4417cbd2de06b45ac50,pair_formed_by_refactoring,exact,signature_changed,1.0,0.97
8a3192c922f65d254197dae069368842,a6452052fc7bf48a99a875016042c460,pair_formed_naturally,exact,exact,1.0,1.0
8a408811b8c08d02a576cd01dbcd3d0e,c659fcf7bfb3cd4faf3ce3b3275b8802,pair_formed_naturally,exact,exact,1.0,1.0
8ab255cde25e68f06690f6786d9c820a,f78c7ebe54366ad804920e7602070997,pair_formed_naturally,exact,unknown,1.0,
8ae8e1c926cf46fd446731ff886265f1,b75ec619ac84b0aeb9442fbcaa62b5bf,pair_formed_naturally,exact,exact,1.0,1.0
8b89dc8ac93862f061748f5e091e2c0c,c0141322b2ee8c7305420bb3290e8376,pair_formed_naturally,unknown,exact,,1.0
8b9063d072fd623b35e23ef5ef81f57f,f7f89544fdd29435b89e1267a4e58859,pair_formed_naturally,exact,exact,1.0,1.0
8b959e8fe4856d501f902dd05008c1de,a7aab367dcaefab41b9ecb79ba5aa377,method_b_added,exact,added,1.0,
8b959e8fe4856d501f902dd05008c1de,d83acbe2742269bf9509236cfb8ecdd5,method_b_added,exact,added,1.0,
8b959e8fe4856d501f902dd05008c1de,f4d8be30bf850c5e1af21158412404c9,pair_formed_naturally,exact,exact,1.0,1.0
8ba4653e4698e5c72c66015b4a24b581,95704fcfd6c0587f129f4bfa81bacacd,pair_formed_by_refactoring,signature_changed,exact,1.0,1.0
8ba4bf4b0eabc228fb2409a72c7fede0,dd803cb20cdc1015d9783f2527bff4b1,both_added,added,added,,
8baa25262cec8306316e6cef9c29d2ef,c89adb51da17911fbae11e4d8033bbd6,both_added,added,added,,
8bb9b921050241f0cd3ff3b78d5e382e,f616a876602b9281aa460609e08ea65e,pair_formed_by_refactoring,moved,moved,0.94,0.99
8bbd62f60fa0b1a3fd48e048c1297860,b8b1852a4efe9d57b8170c997105159f,both_added,added,added,,
8bbd62f60fa0b1a3fd48e048c1297860,ce0137542e63294e767e7b3883ef5357,both_added,added,added,,
8bbd62f60fa0b1a3fd48e048c1297860,f0254ea26f052e6f9d38f3fca4465489,both_added,added,added,,
8bbfebb9c0d68757b4aef9407cc679a0,a0bf34f4ef3a4d1f040bfcbc78af35f4,pair_formed_naturally,exact,exact,1.0,1.0
8bd0a83ea08e435f6e72917ec3753059,e88627ef74d473f8282ddcfd1f59b846,both_added,added,added,,
8bea62051d82342b14ac22c422b349b2,9638904de377ed7c7a27290b7cae68e8,pair_formed_by_refactoring,refactored,refactored,0.72,0.86
8c205c17759f154956e5738c2cd7df3a,906eb161e5842c71b49d43f6af100f8b,both_added,added,added,,
8c7ee2d1b901cdf671824388bd37ca58,dbe90c9d42d17133fe9ffda503837909,pair_formed_by_refactoring,signature_changed,signature_changed,0.94,0.96
8c827b6afb28e7640ad7a4f9f188317a,8f977fff58a4f5f57edb5283f27b70d5,pair_formed_naturally,exact,exact,1.0,1.0
8cf4c5cc277cce4f13f5054d870c8826,acc140a118c22efc5c758a57bb09635c,both_added,added,added,,
8cf4c5cc277cce4f13f5054d870c8826,e35483cf3b96d1d326e4d98a1a176bc2,both_added,added,added,,
8d1ac0a63fb1f45e3d37f399fbbb3ae0,e05faac5cafeff4fe4a0d216e2adac28,both_added,added,added,,
8d1ea89b956a1e018ab953dc8c696a67,937448a243cde1cbbe50285eb01e9b7c,pair_formed_naturally,exact,exact,1.0,1.0
8d1ea89b956a1e018ab953dc8c696a67,a0b27916203a50cdc063c8103004cd62,pair_formed_naturally,exact,exact,1.0,1.0
8d1ea89b956a1e018ab953dc8c696a67,ac6cf2a1221a50df7febd548e3a12329,pair_formed_naturally,exact,exact,1.0,1.0
8d1ea89b956a1e018ab953dc8c696a67,b19c4a2c371b4892a211a652f50ef6df,pair_formed_naturally,exact,exact,1.0,1.0
8d1ea89b956a1e018ab953dc8c696a67,cb182ce76186819035b2379f96c39910,pair_formed_naturally,exact,exact,1.0,1.0
8d1ea89b956a1e018ab953dc8c696a67,d332d52143da4ae83f51784b4fe617c6,pair_formed_naturally,exact,exact,1.0,1.0
8d1ea89b956a1e018ab953dc8c696a67,e032e8388c870cab11ade591dc250d41,pair_formed_naturally,exact,exact,1.0,1.0
8d42b0d43574a0a3963eba8557236280,90f9f5d1a6308b7ad1f2298b7376ea32,pair_formed_naturally,exact,exact,1.0,1.0
8d42b0d43574a0a3963eba8557236280,d93a7d8f3434b8ee6807a3cef1d008b8,pair_formed_naturally,exact,exact,1.0,1.0
8d824bc50740dc9cc7725ba5f353ec38,d45ecda1789b5a4541fa66e9b52962cb,method_b_added,signature_changed,added,0.8,
8dc0cd2ff77c38b6175cce3dac5c2b6d,9db4a1444c3f94b3ca5446bdaf50f166,pair_formed_naturally,exact,exact,1.0,1.0
8e517b14d6a741f61f8966ba1667768c,ec3ca0a6cc2401fe7d75bda1755f24f7,both_added,added,added,,
8e675b6649f839fa24e40c374b18d21c,94c1b81a57b1c6adb52c3f0ea0821e05,pair_formed_naturally,exact,exact,1.0,1.0
8ea212af2e86e88295335604e3568e2f,968a2368c87f7b0bf1e6bf123c53b196,pair_formed_naturally,exact,exact,1.0,1.0
8ed75b294c090914a9851d3c79f2368f,c8f0d646f1c7419ccfc64b498380dd19,pair_formed_by_refactoring,signature_changed,signature_changed,0.83,0.86
8efdf5441351b39a38ff7db33f25b7cf,c5a8c40d85bba2aa3750b0f0f34335c9,pair_formed_naturally,exact,exact,1.0,1.0
8f3c0a1a94956fa5f9f69e0f02a67157,b35b339d651d516887f496648e5a8865,pair_formed_by_refactoring,moved,moved,1.0,0.95
8f764a13fffd8d427990a0511219725b,a02afc145018f6aab0a5787344d83ebd,pair_formed_naturally,unknown,exact,,1.0
8f764a13fffd8d427990a0511219725b,b72d3b1da634adcbeb5bdd8a10449f9e,pair_formed_naturally,unknown,unknown,,
8f9824d0f03e59b499e186b8cec2e1d1,cd0594194dada6fe188ceb2ae627d513,pair_formed_naturally,exact,exact,1.0,1.0
8fcafebb4d4eee8a5d957b45e467038c,eed45ab4af02ea26d16bda7f6974dfa8,both_added,added,added,,
8ff099acb79da4d0bbcc3065c3930e10,9afc7485a15c711dd19977d7d8f86d3f,method_a_added,added,exact,,1.0
8ff099acb79da4d0bbcc3065c3930e10,ac03ac9598e832e7251786b1300a3865,method_a_added,added,exact,,1.0
8ff099acb79da4d0bbcc3065c3930e10,d059ffbb7789b8f0e6ec459e0a6ecb49,both_added,added,added,,
8ff099acb79da4d0bbcc3065c3930e10,e5f4240dfd0eeb354a560fbadc120160,both_added,added,added,,
8ff099acb79da4d0bbcc3065c3930e10,e79a26779cb2af035a2de65d98c8a8c3,both_added,added,added,,
90193f7be859ab74851a160024675509,f37abbea06c57a5f91d13f27cc3bce69,pair_formed_naturally,unknown,unknown,,
902d4789bf6aee2311fe4a2629a72b79,9dc34f063b971b92729d255335a278fc,pair_formed_naturally,exact,exact,1.0,1.0
90480968274305eb117db2678f48f64b,e81f4d365ff060aa9f339edf65ee70a9,pair_formed_naturally,exact,exact,1.0,1.0
90530d72659afe489ee41c5a459ed821,b26f61fc5c635608670c5bfbbf4e9506,pair_formed_naturally,exact,exact,1.0,1.0
907dda3b6615e92967144fdfe33eeea7,a93c636946e66bdfa166b6af03587a37,pair_formed_naturally,exact,exact,1.0,1.0
907dda3b6615e92967144fdfe33eeea7,c62ca5989ecef34ba4cf67a97c807d19,pair_formed_naturally,exact,exact,1.0,1.0
907dda3b6615e92967144fdfe33eeea7,db171c489c378daf54d69bfdc2efafcf,pair_formed_naturally,exact,exact,1.0,1.0
90ca739839b8dacaacb8a19e47929d87,d40538b7f1bf6ed9f897b61877863b79,pair_formed_naturally,exact,exact,1.0,1.0
90f9ca364f8d6abb1c441b9796ec1f15,a9d66ea8c86379d4bcfbb3cf312b1b53,pair_formed_naturally,exact,exact,1.0,1.0
90f9ca364f8d6abb1c441b9796ec1f15,c3c2c9bceee87cfa818206299386f4b4,pair_formed_naturally,exact,exact,1.0,1.0
90f9f5d1a6308b7ad1f2298b7376ea32,d93a7d8f3434b8ee6807a3cef1d008b8,pair_formed_naturally,exact,exact,1.0,1.0
9111f4e4e6c331f02f7148f8aaf8363a,9cf11bd8289212e78bedbf68d78fdf46,pair_formed_naturally,exact,unknown,1.0,
91288e079f8258b8dfa41518250cd18f,c5992c60a415893cadd7ac98b7c776f8,pair_formed_by_refactoring,signature_changed,signature_changed,0.86,0.94
913f07c0f94cbe63c4b439ef69e12e1b,c31e2e8b2c3f31f6cf7f301be3f32c53,pair_formed_naturally,exact,exact,1.0,1.0
91fb64e791c1456c0cb3bd0e611ca276,f3e5a3a2d5ace5124592730f5c7b6c2e,pair_formed_naturally,exact,unknown,1.0,
9211753c8a594345fa48da7fa829fcf8,a3f32618fae54884ee5020fafa3584bb,pair_formed_naturally,exact,exact,1.0,1.0
9211753c8a594345fa48da7fa829fcf8,a63ade4c7aa5c808a3051f6f6d3178ae,pair_formed_naturally,exact,exact,1.0,1.0
927d34c301f5b54cb4e86582ddc8a519,f7e1e5eee74f4a659b322bf8a045b88f,pair_formed_naturally,exact,exact,1.0,1.0
92b01d4d81bb369ba2163ac6e2b7c90d,f8cb4a7b861bf429b9d3c7525d31de13,pair_formed_by_refactoring,exact,renamed,1.0,0.95
92b01d4d81bb369ba2163ac6e2b7c90d,fbf174c70fabbf3ac3a7e5cf1aac2ffa,pair_formed_naturally,exact,exact,1.0,1.0
92cbc53edce88dd0a6e584d364fe841c,e58d5ce246fb3699c7d2caafce64ac1a,pair_formed_naturally,exact,exact,1.0,1.0
92d47a80d93281bfd2ff33cdeb2def99,c3181302b3b69a87f166c4bda7e672b7,pair_formed_naturally,unknown,exact,,1.0
92d62b7d3939d9b8dba34fc3485407a1,d964e33eeff203b3e93f54eca93296ab,both_added,added,added,,
932ed8d306ad11d16d6a6286ebc47142,a12fa711d8635ac9ca8ac03a750036ba,both_added,added,added,,
932ed8d306ad11d16d6a6286ebc47142,a776c62221f9d8ccde3bf430999b09a7,both_added,added,added,,
932ed8d306ad11d16d6a6286ebc47142,bcf0693cc491d4b15d52c0ee59bd6f15,method_a_added,added,exact,,1.0
932ed8d306ad11d16d6a6286ebc47142,db4aabab9d060f08934c0d6a9cc01948,both_added,added,added,,
932ed8d306ad11d16d6a6286ebc47142,ea4b0129228912f9e088a7706d801b92,both_added,added,added,,
933345909e1a78f9c9be546004f26d50,f3d878b84342a9fbd714e4fb73f4d5a7,pair_formed_naturally,exact,exact,1.0,1.0
937448a243cde1cbbe50285eb01e9b7c,ac6cf2a1221a50df7febd548e3a12329,pair_formed_naturally,exact,exact,1.0,1.0
937448a243cde1cbbe50285eb01e9b7c,b19c4a2c371b4892a211a652f50ef6df,pair_formed_naturally,exact,exact,1.0,1.0
937448a243cde1cbbe50285eb01e9b7c,cb182ce76186819035b2379f96c39910,pair_formed_naturally,exact,exact,1.0,1.0
937448a243cde1cbbe50285eb01e9b7c,d332d52143da4ae83f51784b4fe617c6,pair_formed_naturally,exact,exact,1.0,1.0
937448a243cde1cbbe50285eb01e9b7c,e032e8388c870cab11ade591dc250d41,pair_formed_naturally,exact,exact,1.0,1.0
93a2a403942d53f04def8342bd9e773a,ce8de2084d02dd0b3a05c1f460e3c13a,pair_formed_naturally,exact,exact,1.0,1.0
93b7d1eec77885f1e0a839b083de489a,fec2d3289461373c38da46cd39a34e87,pair_formed_naturally,exact,exact,1.0,1.0
93d36b6b577383a81f6bd122dfe2fc58,9d0d0983efade2901351b3eb1a9d77e3,pair_formed_naturally,exact,exact,1.0,1.0
93dad06923bc16f0bca123127736f250,fe00efe5ce6a05ccd5fa10461e6348d4,pair_formed_naturally,exact,exact,1.0,1.0
93ec7599ba42a37e971f325812a88bd8,bda761f4af455e9314a094a6c31dd84d,pair_formed_by_refactoring,moved,moved,1.0,0.96
940cbbd8715fb3a41c52043353957794,c1157f24fe3873bb4ede70675bb9d783,pair_formed_naturally,exact,exact,1.0,1.0
9427a8572907860ef9c9d5e4401b8989,a27127e026068d4fd4de2e5725f87e5b,both_added,added,added,,
9427a8572907860ef9c9d5e4401b8989,b071f07acc09b5a5b86427fcffa8dc58,both_added,added,added,,
944c78dc65c897d1e3579e040e2fc867,c579b6b210ffa53d7246c1faa3337dd7,pair_formed_naturally,exact,exact,1.0,1.0
947a1d3642602aba7a0c312c97ef8a88,9cf3bb41a485206d2ed50a8747aebbe7,method_b_added,signature_changed,added,0.92,
948788b5d6aaabed40ac49e9c973241b,c02b8f105902241fd25305101c31cb6f,pair_formed_naturally,exact,exact,1.0,1.0
94c3d0891e89d40aadd3fcc59a7b200f,9c8345be568bb6013a0a35c1cb6061a6,pair_formed_by_refactoring,signature_changed,signature_changed,1.0,1.0
94c3d0891e89d40aadd3fcc59a7b200f,c1d3dd73f1235b92b2441fcbbec02aa6,method_b_added,signature_changed,added,1.0,
952880ffc63dfe8f2d1bc4bda63c6a0f,dd4e4a195e4924672bffaf770c033b16,pair_formed_naturally,unknown,unknown,,
95297e4f98450fa7676ccc2c180e9142,d87802c047bed1a8c981d22615030aa7,pair_formed_naturally,exact,exact,1.0,1.0
954e58ae4cc79427ecba79d1b811f528,968e708f9c81a9710ace21bf67951d78,pair_formed_naturally,exact,exact,1.0,1.0
956f5d614a94c43ee9e38d059d45599f,abc03e5491ab27c28dcf7358daf133e8,pair_formed_naturally,exact,exact,1.0,1.0
95704fcfd6c0587f129f4bfa81bacacd,dd6eb4f0d8a6ef4f70316103824cf04d,pair_formed_naturally,exact,exact,1.0,1.0
95e17928e9335d1d7e07d629b3ac4064,f3767dd3d5bb8feeba355da3ed878f50,both_added,added,added,,
9604917aa214ec93a0c8534c749e6ee5,fe7c9d38baa4694c39413c4d23f83563,pair_formed_naturally,exact,exact,1.0,1.0
9627cd4d7ec3562d74512e754f131bf2,bea3baff07c2a93781a13cf8bd659838,pair_formed_naturally,exact,exact,1.0,1.0
96495ada3721faa6510f0262e85a5c45,e341015882f0b54b2f72bd95657d22dd,both_added,added,added,,
965381bb51e481e1cbd574d582973784,9b5b5dbb7cc4fb87c2fd44be291a8b6e,pair_formed_naturally,exact,exact,1.0,1.0
968fda648abe066e11ab80ccbc3f13f7,d2e484610b920dd07bba7272e03309e3,pair_formed_by_refactoring,exact,renamed,1.0,0.96
9693065b45e2bc3027601d1bb7c0f7bb,d15fc9faee5af8891c559283106ddaa5,pair_formed_by_refactoring,exact,signature_changed,1.0,0.95
96c5964494581b5a8361136a29949f53,c73ed87d3d69b65c5dc5a6e28f1e73f9,pair_formed_naturally,exact,exact,1.0,1.0
96c5964494581b5a8361136a29949f53,e0925a78ae73d6465a169f89a85e607d,pair_formed_naturally,exact,exact,1.0,1.0
96fe3e01dfcb47b3594fe5e62722d0eb,d3162579a7a7314882c143ed4ab7abfe,pair_formed_by_refactoring,refactored,refactored,0.84,0.77
97077fbf1e6b7f64d91005009ae92b0b,bca66524d9ab1e6ffefa4a3b5d2540b6,pair_formed_naturally,exact,exact,1.0,1.0
971ca9ff9489c33f792c2df15fbdfef3,b096405376b84c6ad0968f0a3472e518,method_b_added,exact,added,1.0,
9742e83f93895193cbde364aacb5dfc7,d107002be4fee0cad2fc1e4115046334,pair_formed_naturally,unknown,unknown,,
9750f00bd9e7ea744975484cf84247cf,e0d80a1a4d020db1bf8ca54916382cd8,both_added,added,added,,
9750f00bd9e7ea744975484cf84247cf,e7a09f0ded7f332ddf2ae0b527fabcd0,both_added,added,added,,
9750f00bd9e7ea744975484cf84247cf,f2497f24cb6a115a6b03ff3b1e351a5b,both_added,added,added,,
979f526d77916dc2f56f311b63917ad5,add2723a6d685a4d38dec0ef886c730a,pair_formed_naturally,exact,exact,1.0,1.0
979f526d77916dc2f56f311b63917ad5,e19957a3e2371e9457d6615282f1ee50,pair_formed_naturally,exact,exact,1.0,1.0
979f526d77916dc2f56f311b63917ad5,fe7dfb089ff1a784d09816c3b8912649,pair_formed_naturally,exact,exact,1.0,1.0
97ac989a6025f48bd0b0a4ae41934007,b096405376b84c6ad0968f0a3472e518,method_b_added,exact,added,1.0,
97b027c61b0d1bc734d33eeb7a12dd1f,a6256138050d9596904613efbb4196a4,pair_formed_naturally,exact,exact,1.0,1.0
97b027c61b0d1bc734d33eeb7a12dd1f,f8091d31e4876689a61e9c238f0e60bd,method_b_added,exact,added,1.0,
97d1ca200828d7ad1bbd7a97e1eb3731,aedc8dba26a6e0e1104c1dabec9f973d,both_added,added,added,,
97f63d0e042dc1a48179a11635a02ae7,aecee3f7d901962638143a818e64a738,method_b_added,moved,added,0.94,
97f63d0e042dc1a48179a11635a02ae7,bfdfc4305eac0a4b009705ea0d71ec8c,method_b_added,moved,added,0.94,
97f63d0e042dc1a48179a11635a02ae7,e9bd2f4165c3653c1c069fe4769b31b5,pair_formed_by_refactoring,moved,exact,0.94,1.0
97ffb4de749d9f57f32cf057435a4c45,c27d621a7be1ca79cdd5dae633af8588,both_added,added,added,,
98275018a7f3bb4a290aa13bbd5995b1,c4255939f7af781f9a0d716911637da8,method_b_added,exact,added,1.0,
9829fd821882badddd7129346e9d6766,9f3e589b3d503b638b80b8f182a14ee3,method_b_added,signature_changed,added,0.97,
9836310354e5cdd816e192fe880e5e58,fb28f95bed780622f360ff7364465978,both_added,added,added,,
98644bdc50a5cf89b131b9e19c722ea8,e8b2dc77e88bb1a0d9b6ffa143d6bda4,pair_formed_naturally,exact,exact,1.0,1.0
98644bdc50a5cf89b131b9e19c722ea8,f0c0802b0001df446c30c4c71459cf1a,pair_formed_naturally,exact,exact,1.0,1.0
986457776d4a339fdffac91cc3e42b08,b75bb141ec12327e123d1c69eb4aab4a,method_a_added,added,unknown,,
98ac4d5ea8f4f0d2c9acdfb639393013,d5a23c1f9adc80dfa93a81878126b623,pair_formed_naturally,exact,exact,1.0,1.0
9901f4755f1a5243c964849045d0bdc7,bcf0693cc491d4b15d52c0ee59bd6f15,pair_formed_naturally,exact,exact,1.0,1.0
99102eb513914333643b7cbf7e1382dc,c18fc475698eccb48bb3ce1d6c91db25,method_a_added,added,refactored,,0.76
995d4e01dd03a9485e668df038f9c6c9,ed3c6871bc7632ce8eda728e59158fc4,pair_formed_naturally,unknown,exact,,1.0
9986a45134f667196f3d9bf736a9a097,9f3e589b3d503b638b80b8f182a14ee3,method_b_added,refactored,added,0.84,
998a00d8a613e56ff92504d40a04905b,fa61f10e8b838fc28f9d0f62631eb751,pair_formed_naturally,exact,exact,1.0,1.0
998b53c7d2a6d99304fadfaf43eb847a,a0b941e9bd7b9aa153523663149f30fe,pair_formed_naturally,exact,exact,1.0,1.0
998b53c7d2a6d99304fadfaf43eb847a,c8b75d711b0d1675d429a8e61696890d,pair_formed_naturally,exact,exact,1.0,1.0
998b53c7d2a6d99304fadfaf43eb847a,d22d46576a56164c66bc0f1c12cba405,pair_formed_naturally,exact,exact,1.0,1.0
99978231ac15642ce8965cf70150e5c2,d64eaff55c26625c81b4cd6bb102bb6f,both_added,added,added,,
99978231ac15642ce8965cf70150e5c2,e47175f53b9f0868223011ce62299553,both_added,added,added,,
99978231ac15642ce8965cf70150e5c2,e9854143efd256c554dab3dff377e5c3,both_added,added,added,,
9a0df2c7b9a623c4fdd8820562574c43,cf8938dabb4d9a686af53dc83d517716,pair_formed_naturally,unknown,unknown,,
9a6d0682b6ad942b8f5bdb1f425b4a58,f76fa40da5eafe108c6987aa213407b4,pair_formed_by_refactoring,signature_changed,exact,0.99,1.0
9afbe43bf4147b7f297c9f30e0714c34,a8c69585bc18e8e24dcae2bb57209bef,pair_formed_naturally,exact,exact,1.0,1.0
9afc7485a15c711dd19977d7d8f86d3f,e79a26779cb2af035a2de65d98c8a8c3,method_b_added,exact,added,1.0,
9b46d1611d2098823c2f97faa2dcb54c,c31e2e8b2c3f31f6cf7f301be3f32c53,pair_formed_naturally,exact,exact,1.0,1.0
9b5c69a75409138b15a194cb6ecebfb1,a03ab1fee4387e0f90f553c12f00b885,pair_formed_by_refactoring,exact,signature_changed,1.0,1.0
9b85da9e69d247f872f2246bbaf3730e,a5886891b1dbaeaeb24b73a5d537e1ce,pair_formed_naturally,exact,exact,1.0,1.0
9b93af3ed44fb0e0f679b5dad2e020ab,b280ebf3985108f29e25b5a39172a832,pair_formed_naturally,exact,exact,1.0,1.0
9bdf3b44f6de2e11832daa1ee0272f1f,fd7042dd3f44ee026eb423e3396cd049,pair_formed_naturally,exact,exact,1.0,1.0
9c2810847a7c201816c1b4e63f326b18,9e5af01f2362045c09ba87cf0ff33671,both_added,added,added,,
9c4491d891b5f2cc9a1b0bc68eec401c,f481124ca3534dfc60418dd40f11de5e,method_b_added,exact,added,1.0,
9cbfeb79ab3497227824d170a881e325,db375fb8283904ca6e86ee136370bee1,pair_formed_by_refactoring,renamed,signature_changed,0.97,0.94
9cbfeb79ab3497227824d170a881e325,e35cbf4129dc1c1a62739da88f9c0c4b,pair_formed_by_refactoring,renamed,renamed,0.97,0.98
9d1a2448b86bf228c25abd7cbde79225,b34c1c93d977c97e5d33b2a0398c88b8,pair_formed_by_refactoring,signature_changed,signature_changed,0.82,0.83
9d1a2448b86bf228c25abd7cbde79225,d9c61ce1f05773419eecb364617df84d,pair_formed_by_refactoring,signature_changed,signature_changed,0.82,0.83
9d2ac79d93252a291b33e528560a5c51,edff51fd50c7fed107ba480ca7505475,pair_formed_naturally,exact,exact,1.0,1.0
9d8ea3f2501a9888c3e1064aa076f5ed,da53fdafd1d7d79abd9950b49a2a20d4,both_added,added,added,,
9e1948d233d9ce13621a842fb017b0e9,a9061895c5c0bbf5d6eddc836ad5d264,pair_formed_naturally,exact,exact,1.0,1.0
9e2eceb4de0967e1192bd39e1c5754d5,c9a7ad0c21366d39196c9bbcae5a1cb9,pair_formed_by_refactoring,exact,moved,1.0,0.96
9e3958b0575537f6529414db474bd8d9,9f379f1840033cbff05f0533c66055e0,pair_formed_naturally,exact,exact,1.0,1.0
9e3958b0575537f6529414db474bd8d9,9f3e589b3d503b638b80b8f182a14ee3,method_b_added,exact,added,1.0,
9e3958b0575537f6529414db474bd8d9,b528a759df698676a9c5aaf28c567b8e,method_b_added,exact,added,1.0,
9e63d16afaf537c20080115cae849256,d3a64c9a4a543c0ee0b1d640db8d56a6,both_added,added,added,,
9e67d8649137f72aa4c5de6dc58d9b68,fe109b50c258b3a43cef6fdf531fb5f6,both_added,added,added,,
9e6bdbd7c537913b504d1b0d51954164,f9bbe9e74de9cb9788755a22ead22556,both_added,added,added,,
9e9ea0825dd5f5f86bef91ec4ea658fa,b190c0809becd12b8819b18a62b7a2a4,pair_formed_by_refactoring,moved,moved,0.98,0.98
9eb9c8acd103de05b270ea1c13a818cf,c37a447088ae07595bfa6d48b385c992,pair_formed_naturally,exact,exact,1.0,1.0
9ec7e1ef23c38c524a1d10692f61ca07,c32967e7f128dc5762580948274affb0,pair_formed_naturally,exact,exact,1.0,1.0
9ec7e1ef23c38c524a1d10692f61ca07,fa1d19469482edda7d80665a86986f8c,method_b_added,exact,added,1.0,
9eda0c98cab9829881ec3a22693fcd1d,b096405376b84c6ad0968f0a3472e518,method_b_added,exact,added,1.0,
9f379f1840033cbff05f0533c66055e0,9f3e589b3d503b638b80b8f182a14ee3,method_b_added,exact,added,1.0,
9f379f1840033cbff05f0533c66055e0,c0a7e1ead4ddb64f0a6f896c23803286,pair_formed_naturally,exact,exact,1.0,1.0
9f379f1840033cbff05f0533c66055e0,d193bbdbcb92303d0d23bb05720180ce,pair_formed_naturally,exact,exact,1.0,1.0
9f3e589b3d503b638b80b8f182a14ee3,b528a759df698676a9c5aaf28c567b8e,both_added,added,added,,
9f3e589b3d503b638b80b8f182a14ee3,b8776629c1936543666270e4ed8d98a8,both_added,added,added,,
9f3e589b3d503b638b80b8f182a14ee3,d193bbdbcb92303d0d23bb05720180ce,method_a_added,added,exact,,1.0
9f4dfcf8b8779b37c41aa16ad0e613f8,a0043d2392d2594af82947f05c530998,pair_formed_naturally,exact,exact,1.0,1.0
9f4dfcf8b8779b37c41aa16ad0e613f8,ff299c404c33bf2f477c686f7071a277,pair_formed_naturally,exact,exact,1.0,1.0
9f85610050f2ea58d2c729115365db38,a679ed2b3698059cef2ba6fe249ff573,method_a_added,added,moved,,0.96
9f85610050f2ea58d2c729115365db38,c583ffddc2e812d438886361e8b4b353,method_a_added,added,moved,,0.96
9ff4fa3a60843b45b62530ff007813d5,d36b3e3463f591bbe7e30af67d748f43,pair_formed_naturally,exact,exact,1.0,1.0
a01ab5329934df27d47004119c240c27,a01ab5329934df27d47004119c240c27,pair_formed_naturally,exact,exact,1.0,1.0
a03a6c84855afd0d35e47d12e3e88419,dea9d71cab7acfa70994d9c45d78fe28,pair_formed_naturally,exact,exact,1.0,1.0
a09699ae6db572e9c5be2fe6bb1aabcf,c648ffb8301f49cb9ede8bd4c211e30b,pair_formed_naturally,exact,exact,1.0,1.0
a09f45b7ac86ee0b542816b4be2cbf3d,d096c80a5b3f9970a9fc1197f37c82ef,pair_formed_naturally,exact,exact,1.0,1.0
a0a6704d652a9ac2664e64e169bbe166,cfc44e8461ca157e646144ad7051b13e,both_added,added,added,,
a0b1539d8366dff7b6aa835fee21bd3a,f2497f24cb6a115a6b03ff3b1e351a5b,both_added,added,added,,
a0b27916203a50cdc063c8103004cd62,ac6cf2a1221a50df7febd548e3a12329,pair_formed_naturally,exact,exact,1.0,1.0
a0b27916203a50cdc063c8103004cd62,d332d52143da4ae83f51784b4fe617c6,pair_formed_naturally,exact,exact,1.0,1.0
a0b27916203a50cdc063c8103004cd62,e032e8388c870cab11ade591dc250d41,pair_formed_naturally,exact,exact,1.0,1.0
a12fa711d8635ac9ca8ac03a750036ba,a776c62221f9d8ccde3bf430999b09a7,both_added,added,added,,
a12fa711d8635ac9ca8ac03a750036ba,bcf0693cc491d4b15d52c0ee59bd6f15,method_a_added,added,exact,,1.0
a12fa711d8635ac9ca8ac03a750036ba,db4aabab9d060f08934c0d6a9cc01948,both_added,added,added,,
a12fa711d8635ac9ca8ac03a750036ba,ea4b0129228912f9e088a7706d801b92,both_added,added,added,,
a16eb188b7e94d6b45b779227bd8a673,d0728a5e4b83a643df15f896e1757dd5,both_added,added,added,,
a1e9aa88f3af8fced624eb2bb76cee89,cf39a4181b322c8b6493fe198f050b7d,pair_formed_naturally,exact,exact,1.0,1.0
a1f80becb554a8f94f0b5de7fb6b810a,ba8b67a4328efd11785fcabb18d5746d,pair_formed_naturally,exact,exact,1.0,1.0
a229b9861231759920c1ff3a2be8962f,c31e2e8b2c3f31f6cf7f301be3f32c53,pair_formed_naturally,exact,exact,1.0,1.0
a23db80243b09fcecbf53e805cd84588,f9bf60d70a6dcb2025bd095e621981cb,method_a_added,added,refactored,,0.72
a27da288a695fdf7713a7aef93e25b9c,cd0594194dada6fe188ceb2ae627d513,pair_formed_naturally,exact,exact,1.0,1.0
a29cb82f473c4f78dbc24bffe95b1bfc,b6e570add69dd18bc4fd93ee6c0fee3d,pair_formed_by_copy,exact,refactored,1.0,0.88
a29cb82f473c4f78dbc24bffe95b1bfc,df960fb1ae0346fe931d1a42695c4851,pair_formed_by_copy,exact,refactored,1.0,0.89
a31b9bee0a3502bd1243fcaaf29d809f,d3072a78edbfc2acaf609a62fa61d44d,pair_formed_naturally,exact,exact,1.0,1.0
a33c4b80a1921e6b65839f3e09d8d977,c2a84df58f1b6286fb8f670d166b18d9,pair_formed_naturally,exact,exact,1.0,1.0
a342bf33960b97abc277d6b33498b5bb,d2665158a5797182d5f8f743ea3e58c0,pair_formed_by_refactoring,renamed,renamed,0.92,0.92
a342bf33960b97abc277d6b33498b5bb,e528cf8da7ab1e9c439e95a417d6a8b4,pair_formed_by_refactoring,renamed,renamed,0.92,0.92
a342bf33960b97abc277d6b33498b5bb,edfdaadab6ce1cf4ca90b65aaa0e33a0,pair_formed_by_refactoring,renamed,refactored,0.92,0.7
a34550d4d3d956ec27493f7b5c614357,c4c348fb0098bb83e9afeb0d47b64fba,both_added,added,added,,
a36ece9a62e886858ab2f9378c9d0157,c19f6fc05ce83145f87eae193209e419,method_b_added,exact,added,1.0,
a3d6990b548d6badc04b161a4a1afb48,f25f148865390f5ad1fb88336f2b5fe9,pair_formed_naturally,exact,exact,1.0,1.0
a3e1ee8f7b141ffdf2bc38b62996b2ca,b7a3d3042439c7854497c372a19513fe,pair_formed_naturally,exact,exact,1.0,1.0
a3e1ee8f7b141ffdf2bc38b62996b2ca,ee140ec5b5d0312473ed94a567451c7d,pair_formed_naturally,exact,exact,1.0,1.0
a3f32618fae54884ee5020fafa3584bb,a63ade4c7aa5c808a3051f6f6d3178ae,pair_formed_naturally,exact,exact,1.0,1.0
a3f32618fae54884ee5020fafa3584bb,d6d8843721cfbe78882e66634ce10870,pair_formed_by_refactoring,exact,signature_changed,1.0,0.89
a489b0ba7748a3fae2e572f11b4144ab,f98a5678e4fbcff3c313ff61e87c903a,pair_formed_by_refactoring,signature_changed,signature_changed,1.0,1.0
a4cfd37683f835b9021025926b8bcd74,bbde24cee184ae92dc442eb03eee604b,pair_formed_by_refactoring,signature_changed,signature_changed,0.93,0.94
a5497ce90b83cb081f49dd7107cb2c8e,d7bb0aeae2b991122feb3c042a898d75,both_added,added,added,,
a5497ce90b83cb081f49dd7107cb2c8e,df7004a1c8839e393b922c3300dbd136,both_added,added,added,,
a577514e05292a4483871a83f15fc676,c18fc475698eccb48bb3ce1d6c91db25,method_a_added,added,refactored,,0.76
a5886891b1dbaeaeb24b73a5d537e1ce,b73b8db10386ff30a6da1544b5bc31e1,pair_formed_naturally,exact,unknown,1.0,
a5886891b1dbaeaeb24b73a5d537e1ce,c048733ffcc6a69d5403635e4e573872,pair_formed_naturally,exact,exact,1.0,1.0
a5d82cee8c3cdbc04d7d7b2a94d1164d,be78f8faff0db20e603dbc9cf3e8df95,method_a_added,added,exact,,1.0
a6055149debe4111aa4c1b9b759241ed,bdb408ca5c5e867f7396044e0f1368c4,both_added,added,added,,
a6256138050d9596904613efbb4196a4,f8091d31e4876689a61e9c238f0e60bd,method_b_added,exact,added,1.0,
a679ed2b3698059cef2ba6fe249ff573,c583ffddc2e812d438886361e8b4b353,pair_formed_by_refactoring,moved,moved,0.96,0.96
a6aec592072c3add1a568e0ad564eb5e,ff8221c331b01c04f86cc8602c63db6e,pair_formed_naturally,exact,exact,1.0,1.0
a6c31f0bcbb6bd811a0afa56c58653ae,f1e4d9e011d5d21b6aab40b82e2ae233,both_added,added,added,,
a709ec451500abc718b9ed1a811fa02a,b996863d88c04f2d215c89d20c13e039,pair_formed_naturally,unknown,exact,,1.0
a709ec451500abc718b9ed1a811fa02a,e101254a310dd366a80c20e295105d30,pair_formed_naturally,unknown,unknown,,
a709ec451500abc718b9ed1a811fa02a,f01dd05ca756595e1ba4dc06010f08b4,pair_formed_naturally,unknown,exact,,1.0
a71e1bece3b4073bd80ca088ea8509ff,d62546bcf9999e1ffbec710433a67f47,pair_formed_by_refactoring,moved,moved,1.0,1.0
a722009fe1c815695c2a691c0862de49,da7dc9e6d1b1c7bb0bba3b2163a89141,pair_formed_naturally,exact,exact,1.0,1.0
a7346b582b39ba4ddef815e31e362e1b,e4e5bf977396af8718db9519e8489d51,pair_formed_naturally,exact,exact,1.0,1.0
a776c62221f9d8ccde3bf430999b09a7,bcf0693cc491d4b15d52c0ee59bd6f15,method_a_added,added,exact,,1.0
a776c62221f9d8ccde3bf430999b09a7,db4aabab9d060f08934c0d6a9cc01948,both_added,added,added,,
a776c62221f9d8ccde3bf430999b09a7,dbb2e21416e94cea8c9513914ab9f13e,both_added,added,added,,
a776c62221f9d8ccde3bf430999b09a7,ea4b0129228912f9e088a7706d801b92,both_added,added,added,,
a79e72f6bdf429a406369fde7cd337a3,e73007039d275412b0b3021d678992b3,pair_formed_naturally,exact,exact,1.0,1.0
a79e72f6bdf429a406369fde7cd337a3,f3d878b84342a9fbd714e4fb73f4d5a7,pair_formed_naturally,exact,exact,1.0,1.0
a7aab367dcaefab41b9ecb79ba5aa377,bca23154a1c1b4f18f911620fa39ca05,both_added,added,added,,
a7aab367dcaefab41b9ecb79ba5aa377,d83acbe2742269bf9509236cfb8ecdd5,both_added,added,added,,
a7aab367dcaefab41b9ecb79ba5aa377,da258bd0efedc5fcd48c7a0598570978,method_a_added,added,exact,,1.0
a7aab367dcaefab41b9ecb79ba5aa377,da62ef6dea60954724ed34a0cef5d15c,method_a_added,added,exact,,1.0
a7aab367dcaefab41b9ecb79ba5aa377,e4ff7c5293f6a9a5cc0bf48f8f7ad070,method_a_added,added,exact,,1.0
a7aab367dcaefab41b9ecb79ba5aa377,f4d8be30bf850c5e1af21158412404c9,method_a_added,added,exact,,1.0
a7afa479ea544ce342342564284eda80,ba1511d88af73b32ce41843d0bbeda4f,pair_formed_naturally,exact,exact,1.0,1.0
a7afa479ea544ce342342564284eda80,c50130793a7e7af30489fe178654a52e,pair_formed_naturally,exact,exact,1.0,1.0
a7affc80c3def38b3eed84df059e2ecd,e4aeaae8775dc474708c282c5e7682a7,pair_formed_by_refactoring,signature_changed,exact,1.0,1.0
a7f28eacce8846c69c7c34c454fa5da0,ee9e6e51d18ed85755e541a44e2dbb1d,both_added,added,added,,
a7f28eacce8846c69c7c34c454fa5da0,ef79b83617cdebc96b6609029b31012f,method_a_added,added,refactored,,0.77
a8a10de6875b178581f23402eb76c653,ae434a1a6cb8e16916b646103c68fc26,pair_formed_naturally,exact,exact,1.0,1.0
a8a10de6875b178581f23402eb76c653,cd42fd78e997cf68955128cc608e4a8e,pair_formed_naturally,exact,exact,1.0,1.0
a8bafd24dcf013aa7823f8d9b43ae43d,e7e402f6c39523b7a35d59807efbaac6,pair_formed_by_refactoring,refactored,refactored,0.88,0.78
a8bfc8f1c7491f1f7e49d5f9fd47ad3f,f1d6dcb048c24ddba2c0c0a5d0d88eff,both_added,added,added,,
a924fedff9f6f1beb2d3e707d221d9d3,cf43aa0654f93b14b94f2e5bebef849d,pair_formed_naturally,unknown,exact,,1.0
a92593a1d0909d3423c4d5a6b2b80255,ea7ee7a1c2640a23f64211e9a509b8d7,both_added,added,added,,
a92a6c29915b06905230455aa38939eb,b6e570add69dd18bc4fd93ee6c0fee3d,pair_formed_by_refactoring,signature_changed,refactored,0.91,0.88
a93b65add767f1360a8625ec65ec9100,d2e484610b920dd07bba7272e03309e3,pair_formed_by_refactoring,exact,renamed,1.0,0.96
a93c636946e66bdfa166b6af03587a37,c62ca5989ecef34ba4cf67a97c807d19,pair_formed_naturally,exact,exact,1.0,1.0
a93c636946e66bdfa166b6af03587a37,db171c489c378daf54d69bfdc2efafcf,pair_formed_naturally,exact,exact,1.0,1.0
a94b38960b78be8fc732fe6eb387fe51,bbb6475c2e9763271a9e40650dadad81,pair_formed_naturally,unknown,exact,,1.0
a97c352ef2afe4af209bb7d9be6728eb,be734212b81396c0b6e62dc5f4b98e3e,method_b_added,unknown,added,,
a9d66ea8c86379d4bcfbb3cf312b1b53,c3c2c9bceee87cfa818206299386f4b4,pair_formed_naturally,exact,exact,1.0,1.0
aa2f35278fe1565587eb910161cf8375,b4a5ebde868162afa9deaf75416c0ec1,both_added,added,added,,
aa8bbef7863dfedfa3235bbe291a01e7,fe334101465fa7b853e23e8f6194c0ba,pair_formed_naturally,exact,exact,1.0,1.0
aab9a774dbd22f4a13f21254f4502333,c3909295a4039b2a959097ffc482b9c3,pair_formed_naturally,exact,exact,1.0,1.0
ab05e9f04a707e80c2c6aeb3bc1e7e22,d9518c4b11ee3f891fc82ead76206d32,method_b_added,exact,added,1.0,
ab1cd215e589b7f19924800197f312d6,d2bc1b99f427b29e1a0ca8936bf02e24,pair_formed_naturally,exact,exact,1.0,1.0
ab73241d1d25781469e0876a15d447ce,ab73241d1d25781469e0876a15d447ce,pair_formed_naturally,exact,exact,1.0,1.0
ab99d8d9d298fb51464d5d7e5937a19c,f08de68911fb38cce19c661320d2e9a4,both_added,added,added,,
abc03e5491ab27c28dcf7358daf133e8,f1dc931dc973971b11d0cac062b1f062,pair_formed_naturally,exact,exact,1.0,1.0
abde2e4bce59c4641500256cb0cef419,c4d9c1801a8bbb15767ef7a3c97a932e,pair_formed_naturally,exact,exact,1.0,1.0
abde2e4bce59c4641500256cb0cef419,d98f44a5bbb7030405382805e5902334,pair_formed_by_copy,exact,refactored,1.0,0.89
abf4a6c7ba5edc6bfb9dfead05640fb4,cdb5589590f3ae374ac6c70d4438a631,pair_formed_naturally,exact,exact,1.0,1.0
ac03ac9598e832e7251786b1300a3865,e79a26779cb2af035a2de65d98c8a8c3,method_b_added,exact,added,1.0,
ac172caa789263b7f8925e66af88e2ac,f331fd5b4af5d0753b59136f8f4aa823,pair_formed_by_refactoring,refactored,refactored,0.77,0.76
ac32eac6e12ba394ed45729ba2559850,fa10d3bb6a9055c7cadf86babdc4a80d,pair_formed_naturally,exact,exact,1.0,1.0
ac6cf2a1221a50df7febd548e3a12329,b19c4a2c371b4892a211a652f50ef6df,pair_formed_naturally,exact,exact,1.0,1.0
ac6cf2a1221a50df7febd548e3a12329,cb182ce76186819035b2379f96c39910,pair_formed_naturally,exact,exact,1.0,1.0
ac6cf2a1221a50df7febd548e3a12329,d332d52143da4ae83f51784b4fe617c6,pair_formed_naturally,exact,exact,1.0,1.0
ac6cf2a1221a50df7febd548e3a12329,e032e8388c870cab11ade591dc250d41,pair_formed_naturally,exact,exact,1.0,1.0
ac6f5c1658ed8c6ccdb4c85cada51f33,ebac27c9447735d77b9f145e8f2eade8,pair_formed_naturally,exact,exact,1.0,1.0
ac9b3656e0dbd488866cdabc878684b3,fb88cc816e5d2be18bbc692d4b6f0fd3,pair_formed_naturally,exact,exact,1.0,1.0
acc140a118c22efc5c758a57bb09635c,e35483cf3b96d1d326e4d98a1a176bc2,both_added,added,added,,
aceb9de2e0d93295a6474412b819ad14,b8b37350e26349fa759f73cc78e10592,pair_formed_naturally,exact,exact,1.0,1.0
ad1e0dcb887fcc5ae7bbbbd00412f09e,d908523a11f550063d2b48ab56954eec,pair_formed_naturally,exact,exact,1.0,1.0
ad54e2a19b23272a7b67a5882cf0cfe0,f67b1f4dd907604e524787af71af8140,pair_formed_naturally,unknown,unknown,,
ad5fd08f24f821b445d637d8d145fcac,dc61d2e7b4d7f8860f29f47d28f32f7a,pair_formed_naturally,exact,exact,1.0,1.0
ad909c1a7e37e49c1b6119137388d30d,b25adc5a30658696c046c6d6e465a3da,pair_formed_by_copy,exact,refactored,1.0,0.78
ada83105d4f242983e1f4d4a553404ca,c1c12b49af22a939d4f0ae2534809f23,pair_formed_naturally,exact,exact,1.0,1.0
add2723a6d685a4d38dec0ef886c730a,e19957a3e2371e9457d6615282f1ee50,pair_formed_naturally,exact,exact,1.0,1.0
add2723a6d685a4d38dec0ef886c730a,fe7dfb089ff1a784d09816c3b8912649,pair_formed_naturally,exact,exact,1.0,1.0
add4818f271e358137e1b100e86d9cac,fd547e7ba98229be09d54518d1f0eb50,both_added,added,added,,
addad87cd17f3f158147cd364b47765d,dce9e9b685bb11dbf77544cc54298cd1,both_added,added,added,,
ae434a1a6cb8e16916b646103c68fc26,cd42fd78e997cf68955128cc608e4a8e,pair_formed_naturally,exact,exact,1.0,1.0
ae5181479855840414718bf82d01500e,edaf88fd1e3f38eeb2af83cb6671e5dd,pair_formed_naturally,exact,exact,1.0,1.0
ae9e51b7f2c46728b75cc701aa571ea9,cdacb6331d3685ccc84f7115b4ea0c2b,both_added,added,added,,
aeaa83ed3d6eb5aec49657d07d977e68,bd186be5cdc7382ab541e54e43f4a98f,method_b_added,exact,added,1.0,
aeab5bd910e843c2a4cc410defbcd589,c9d63be2fca4a7e64c7e7ac0feb41229,pair_formed_naturally,exact,unknown,1.0,
aef65f86d52da9603a85bfb238f670a8,eea8db517c32563be5b72f1cbf8b296f,pair_formed_naturally,exact,exact,1.0,1.0
af0609fb5240c03849a4dfeb2f63009d,bbe9542e669586e3c7c0a245397c6d13,pair_formed_naturally,exact,exact,1.0,1.0
af0bac5f8294b6ee47d611e24fc77ff9,df86c40f6e71b338b6948fa15e93feab,pair_formed_naturally,exact,exact,1.0,1.0
af0c5c64ae94812694f3aeecd7e1c4e6,fbb22c54ca583d138458fab41a2131d5,pair_formed_naturally,exact,exact,1.0,1.0
af3460a5cb825076ecc752ce80c9aa5e,c2c559a9ce47d5f33b9a4c893fecf4d5,pair_formed_naturally,exact,exact,1.0,1.0
af7424a5ba9142c4ff5ca4d40ba242ef,e7a35d0a40f5864e92383dc843c1898d,both_added,added,added,,
af7424a5ba9142c4ff5ca4d40ba242ef,fb1e278b364f7b4975d0d4c2a2211edd,both_added,added,added,,
af888cc8921288c851b4739883a8524a,e7a35d0a40f5864e92383dc843c1898d,both_added,added,added,,
afafed4aeacf7cf3e09e3d7c8337c0e1,bc38c03fec22410c6cd357c6c49e3125,both_added,added,added,,
afd747b6c98ea4e816fcb79e00442caf,f70d5ac11453dd0c4ef878bdf5dd36d2,pair_formed_naturally,exact,exact,1.0,1.0
b016c3d6f40e4c683b4140fb0b0d812f,c87fc65067f38fbd48f85739a34df1a1,both_added,added,added,,
b016c3d6f40e4c683b4140fb0b0d812f,d9f46e95f090a988f9f901aa8cafba7d,both_added,added,added,,
b02b9b9043aa3cc3f625595dc5104156,de7f534c9ad3aa41ea0964b3caf015b2,pair_formed_naturally,exact,exact,1.0,1.0
b096405376b84c6ad0968f0a3472e518,bcd93c47096e6f2844fc8a3aa90c07d4,method_a_added,added,exact,,1.0
b096405376b84c6ad0968f0a3472e518,ca03f8589b947435558b335752b8afdf,method_a_added,added,exact,,1.0
b096405376b84c6ad0968f0a3472e518,d3e0cbd26515f729b64394295294c535,both_added,added,added,,
b096405376b84c6ad0968f0a3472e518,dbf21390f258d0cfced9b385df8eea0e,method_a_added,added,exact,,1.0
b096405376b84c6ad0968f0a3472e518,df74ad4adb9037e787a272d134a9cd78,method_a_added,added,exact,,1.0
b096405376b84c6ad0968f0a3472e518,dff44582d370dbdcab485f9fbc125ebe,method_a_added,added,token_hash,,1.0
b096405376b84c6ad0968f0a3472e518,ecddbb34526dc3dc23b7da9323e24235,both_added,added,added,,
b10aed20adbb4a733d67ec70c9327146,d5c335260aa2afecf2c6e0ec6e9677d9,both_added,added,added,,
b19c4a2c371b4892a211a652f50ef6df,cb182ce76186819035b2379f96c39910,pair_formed_naturally,exact,exact,1.0,1.0
b19c4a2c371b4892a211a652f50ef6df,d332d52143da4ae83f51784b4fe617c6,pair_formed_naturally,exact,exact,1.0,1.0
b19c4a2c371b4892a211a652f50ef6df,e032e8388c870cab11ade591dc250d41,pair_formed_naturally,exact,exact,1.0,1.0
b1c15618e16eee05f54b021505402c8f,bf0cbed103a41b315888bf3405f360c1,method_a_added,added,exact,,1.0
b1d1654cff054f5b1cddb767a1fe9321,d5c998eb64a290b1b3da119deca9db0e,pair_formed_naturally,exact,exact,1.0,1.0
b203420808adedb1ef40cfb0071e3544,dbf8c2dd30264fbeee696f29cd09b531,method_b_added,moved,added,0.98,
b2483ae9276381083719e934f15bf804,c4863ccc5844df01837cc644ff247480,both_added,added,added,,
b2f4c5cf9ce3e8bc83e0e9470629ecfe,b5a3787ef9decb1e576bbcf37ede9286,both_added,added,added,,
b2f4c5cf9ce3e8bc83e0e9470629ecfe,efd16c4e9587836732ff6163ca1563dc,both_added,added,added,,
b31ef39ab134760ea0840816bd6c5582,f4c70f16bde2c323587ecb911f9f2e65,both_added,added,added,,
b34c1c93d977c97e5d33b2a0398c88b8,d9c61ce1f05773419eecb364617df84d,pair_formed_by_refactoring,signature_changed,signature_changed,0.83,0.83
b3849777818d4bb63ba6b94dd4101d9c,d10bc4221228f1421a833461aae3defd,pair_formed_naturally,exact,exact,1.0,1.0
b3adf63cef761f90e8d29f602667d08d,e291a9008472842706ffdab03cfda007,both_added,added,added,,
b474fe5d9fb9c774e894f178a833c1f0,e4ff47fe280c0112528e7edc1c9a6bdd,pair_formed_naturally,exact,exact,1.0,1.0
b47513fa4ff14d42b696712ed7e883df,e976dfcaddbfac19b0c536140903d49d,pair_formed_naturally,exact,exact,1.0,1.0
b4a5ebde868162afa9deaf75416c0ec1,f0ec156ea0d47aff1f13da702baab480,both_added,added,added,,
b4f9a6c5e404aeed8fb333429535ba25,e73007039d275412b0b3021d678992b3,pair_formed_naturally,exact,exact,1.0,1.0
b523d560ca4a26e9245c576fd9531cd6,d10bc4221228f1421a833461aae3defd,pair_formed_naturally,exact,exact,1.0,1.0
b560515f13dd03bf73420fd6d5a9e864,ce597ea2e6e399722da2b1ac89c780a0,pair_formed_naturally,exact,exact,1.0,1.0
b560515f13dd03bf73420fd6d5a9e864,e44d835af7a8a73c1469f75b127d06d5,pair_formed_naturally,exact,exact,1.0,1.0
b584afca01614f116cec7cbc3fd1aabf,dc61d2e7b4d7f8860f29f47d28f32f7a,pair_formed_naturally,exact,exact,1.0,1.0
b5a3787ef9decb1e576bbcf37ede9286,b8244e5ad0141d3b2bdd667bacf1a9f7,both_added,added,added,,
b5c0f8107191e70388cd79189d8aa30d,c44237ce965d621f1f78e7be42af1cd4,pair_formed_naturally,exact,exact,1.0,1.0
b5d909260b60d165401ecff9e1988c59,b5e96ec76ed9aead33500ec84c5e9816,both_added,added,added,,
b5e96ec76ed9aead33500ec84c5e9816,ee718753855dd9713b5a2c5ee23e6047,method_a_added,added,refactored,,0.72
b662a604a4099e2ce196ddba0f76619d,e523d6e4dfacdb6f80e6564a45317903,both_added,added,added,,
b6897a36b7bd2cca0fc2ea68e5cd3a60,c75348cc8bd3ff9cb4f3cd8be163d635,pair_formed_naturally,unknown,unknown,,
b6e570add69dd18bc4fd93ee6c0fee3d,df960fb1ae0346fe931d1a42695c4851,pair_formed_by_refactoring,refactored,refactored,0.88,0.89
b726c97a9de1e0af57a6365bedae1309,fafe200e39d246600c3f21da06555371,pair_formed_naturally,exact,exact,1.0,1.0
b7342d0909145456072532e5993b4aef,e2f8f7b8e7bb5c06c4d5e8ad951430d8,pair_formed_by_refactoring,signature_changed,exact,1.0,1.0
b7a3d3042439c7854497c372a19513fe,ee140ec5b5d0312473ed94a567451c7d,pair_formed_naturally,exact,exact,1.0,1.0
b7ae6e8e2865357d6c5a6e9b56c73a74,ea8b8eb40ee69d5cf2affd54495bf31c,pair_formed_naturally,exact,exact,1.0,1.0
b84f1df7e8ea5099cbf4bf2ff2384019,e39289785da038fa0ddf677d9b4f7c2e,pair_formed_naturally,exact,exact,1.0,1.0
b8b1852a4efe9d57b8170c997105159f,ce0137542e63294e767e7b3883ef5357,both_added,added,added,,
b8b37350e26349fa759f73cc78e10592,ca36812f995429620c0d715fdde5a7d8,pair_formed_naturally,exact,exact,1.0,1.0
b8f39251ddfb9c43d6e7e627566e7d1b,e2bdfb838aa6b4417cbd2de06b45ac50,pair_formed_by_refactoring,exact,signature_changed,1.0,0.97
b93bcbe4b7d9375b1735a45fa11d32b5,d3f69307d304afcea33889c9fbb52b57,pair_formed_naturally,exact,exact,1.0,1.0
b94896cae66ae0373b2229d277fd2c15,ed65a5259ebcdf88297d8427fdb83bfc,pair_formed_naturally,exact,exact,1.0,1.0
b983bd33f597bc89e5d2ec2e43b86b86,bbad442e9db8992b5931857fc6f0b160,pair_formed_naturally,exact,exact,1.0,1.0
b996863d88c04f2d215c89d20c13e039,e101254a310dd366a80c20e295105d30,pair_formed_naturally,exact,unknown,1.0,
b99bef2011fee1b30690f29eb3a58f00,da8289a39351ea27ec783a9cbcce31a6,pair_formed_naturally,unknown,exact,,1.0
b99bef2011fee1b30690f29eb3a58f00,dbb65ffc961a5d664ba6f79375bba2d6,pair_formed_naturally,unknown,exact,,1.0
b9ae369df37bf887c1ac9a05b736f042,c254ece5f0c184f31a6fa5ca08e1b3e4,pair_formed_by_refactoring,unknown,signature_changed,,0.75
b9c7d14f6da3360f4e0f47192ad31c4c,bcad8f753a10bddb46446c4b4bdbc068,pair_formed_naturally,exact,exact,1.0,1.0
b9df0bf6b848cf21c26ad3c2d142c552,c1e90f8f2e5e6e4ccc378dcecae08000,pair_formed_naturally,exact,exact,1.0,1.0
b9f0aef255801608ab258bc6027bd31b,dc087df5e294e5212d382ea0df4bb0e6,pair_formed_naturally,exact,exact,1.0,1.0
ba888a6eb491a060a5d5cca52dbb9251,dadda8e54224b3e72951c2eb1cbb7320,both_added,added,added,,
ba888a6eb491a060a5d5cca52dbb9251,df91be44c96b95ee7828e0aa2f857de9,both_added,added,added,,
ba888a6eb491a060a5d5cca52dbb9251,f5f73c0ec17d62359279993fe6eae29c,both_added,added,added,,
bb9a5311437e32878616ef130cccd857,f65aa6ab5d9384abc2c6650176e77f10,pair_formed_naturally,exact,exact,1.0,1.0
bc32d192462e3a3987cc13293a59f99b,da923135ffafc22851dc9b55310d1cdb,pair_formed_naturally,exact,exact,1.0,1.0
bc4e405b2c8c70821a28f6d1b1c53359,ed0f167d67e937f602cbeb3950c505a2,pair_formed_naturally,exact,exact,1.0,1.0
bca23154a1c1b4f18f911620fa39ca05,d83acbe2742269bf9509236cfb8ecdd5,both_added,added,added,,
bcd93c47096e6f2844fc8a3aa90c07d4,ecddbb34526dc3dc23b7da9323e24235,method_b_added,exact,added,1.0,
bce2b006e35f4c09abd3b6b2af496d51,f645516b3bb65bf87d35a3b4ab65df63,pair_formed_by_refactoring,moved,token_hash,0.97,1.0
bcef29366b94aaaa3c1c6b1a5abead6d,d4c7b97ee228ac8b68ffc04e325c6746,pair_formed_naturally,exact,exact,1.0,1.0
bcf0693cc491d4b15d52c0ee59bd6f15,ea4b0129228912f9e088a7706d801b92,method_b_added,exact,added,1.0,
bd15dca7d26161fc78729557f9d503d4,bddb345833609f0e8d1022ce411f0fd3,pair_formed_naturally,exact,exact,1.0,1.0
bd15dca7d26161fc78729557f9d503d4,ce411b14c00eee58a0961ee91b6f386b,pair_formed_naturally,exact,exact,1.0,1.0
bd550a88780fcd136a77e47139b7a025,d3fab756aaa83295bd689917452e1b85,pair_formed_naturally,exact,exact,1.0,1.0
bd865f06d5effa700cec5157f2bf93e8,f7e1e5eee74f4a659b322bf8a045b88f,pair_formed_naturally,exact,exact,1.0,1.0
bd895edcc540019f1f8654ae68b39021,fe3c95c974a78ac55af583dd4811bc3f,method_a_added,added,exact,,1.0
bddb345833609f0e8d1022ce411f0fd3,ce411b14c00eee58a0961ee91b6f386b,pair_formed_naturally,exact,exact,1.0,1.0
be73a94dbe2f522808e9b7519bc8aa73,d69d8380c5052837c020fa91cb93def2,pair_formed_naturally,exact,exact,1.0,1.0
be8e0a934dbaa19d2de16314195b3b3d,c1f10390c434c0dd4adc02669a6e3503,pair_formed_naturally,exact,exact,1.0,1.0
be8f6cfecb061429379ab76597fb2dcf,d5a23c1f9adc80dfa93a81878126b623,pair_formed_naturally,exact,exact,1.0,1.0
bf0cbed103a41b315888bf3405f360c1,f4773a8bcd1c1200b10dc6dc250fc7f2,pair_formed_naturally,exact,unknown,1.0,
bf2667ec423b03fa9284a0e8e18b6c29,e3d01719857c0f2817c1e80de8fddc52,method_b_added,exact,added,1.0,
bf61197af6ea5294bbd7b8a1fe72ab7d,d790e10cd1418228abdbce3a21f5936c,pair_formed_naturally,exact,exact,1.0,1.0
bf6375a2e8ad335c6a9cdec3bf45a3cf,e4ca3b8cb6e4b0b1dca3ca6c7a88a27e,pair_formed_by_refactoring,signature_changed,signature_changed,0.97,0.97
bf7bcef36686e75ed7cdd6a9484d138c,c3181302b3b69a87f166c4bda7e672b7,pair_formed_naturally,unknown,exact,,1.0
bfa716aff8124501c39bfe29859853a2,c64780614200ff0c04011bd49093f076,pair_formed_naturally,exact,exact,1.0,1.0
bff30905c67d6b437dc7df1760270300,ec860975856fbb0576fc362443fb061b,pair_formed_by_refactoring,signature_changed,signature_changed,1.0,1.0
bffb1f77ec044a0d11f307fe6bf253b7,c0772a27622776d58a11aa10b268aff8,pair_formed_naturally,exact,exact,1.0,1.0
c0b50c0d0244e230d746fd9d44a70118,ffdc811e075c55fdaa6414725f4fadab,both_added,added,added,,
c0f5a6e5da7dfef7c5b95c025c208b40,d475eee598a738396f0e6fbfb0a3e14c,both_added,added,added,,
c0f5a6e5da7dfef7c5b95c025c208b40,d77ca3802d7736d444b8973e733f69a8,both_added,added,added,,
c1c12b49af22a939d4f0ae2534809f23,c4505970643db5928dcd71f1151a94d9,pair_formed_naturally,exact,unknown,1.0,
c1c8ed0cdcac4d9d3ab25b313fb25488,cb34eaa14d1d9052c3e07b46a9f2919e,pair_formed_by_refactoring,signature_changed,signature_changed,0.91,0.9
c21dca894330f66d1d15b607ba9a0ee0,ce98b627d25d519e044c455a217758a7,pair_formed_naturally,exact,exact,1.0,1.0
c21dca894330f66d1d15b607ba9a0ee0,fd14b34fcf75389e527eff44a3a27d9d,pair_formed_naturally,exact,exact,1.0,1.0
c29dc3d20b318c5d7fb9c44b42b0ace2,e09cd4044f74cd70160c110227a777be,pair_formed_naturally,unknown,exact,,1.0
c2c559a9ce47d5f33b9a4c893fecf4d5,db46581ddb749bb22f85f2e6e31d1356,pair_formed_naturally,exact,exact,1.0,1.0
c2ddb56d2e51ced635eee3fdaec9e424,d3e0cbd26515f729b64394295294c535,both_added,added,added,,
c3181302b3b69a87f166c4bda7e672b7,f7aeed1289fb1600531b5babd6201b6f,pair_formed_naturally,exact,exact,1.0,1.0
c32967e7f128dc5762580948274affb0,fa1d19469482edda7d80665a86986f8c,method_b_added,exact,added,1.0,
c3a35226b2f270aa03b3e18ae859afb2,c8e3675e1beb2c011690664431da852d,method_a_added,added,signature_changed,,1.0
c3c1321ff94335e90fbd75a64d8df912,e09cd4044f74cd70160c110227a777be,pair_formed_naturally,exact,exact,1.0,1.0
c41328b4f6e0522340ae7066b21b4d9b,ee718753855dd9713b5a2c5ee23e6047,pair_formed_by_refactoring,refactored,refactored,0.72,0.72
c4255939f7af781f9a0d716911637da8,fbeb0945dc90095175657f21e261fb0a,method_a_added,added,exact,,1.0
c4864623761a82875b501f567d060b85,eea8db517c32563be5b72f1cbf8b296f,pair_formed_naturally,exact,exact,1.0,1.0
c4ce3ec650c1195dd53281d30faeb3c5,da7dc9e6d1b1c7bb0bba3b2163a89141,pair_formed_naturally,exact,exact,1.0,1.0
c4d9c1801a8bbb15767ef7a3c97a932e,d98f44a5bbb7030405382805e5902334,pair_formed_by_copy,exact,refactored,1.0,0.89
c5544ed7a746100086f206c052ff2440,e3bc50f478072a419149016a7fd1cf53,both_added,added,added,,
c5a8c40d85bba2aa3750b0f0f34335c9,e94f9b02977bb2d0121f40b353d38488,pair_formed_naturally,exact,exact,1.0,1.0
c62ca5989ecef34ba4cf67a97c807d19,db171c489c378daf54d69bfdc2efafcf,pair_formed_naturally,exact,exact,1.0,1.0
c64780614200ff0c04011bd49093f076,f1f0a62bd2e789e30204144bcf419e69,pair_formed_naturally,exact,exact,1.0,1.0
c66523b4e04a52f9df782bc14983515d,e27700e30f339d5f458259a0381c0592,both_added,added,added,,
c6f30d568fc0fd370a6df0aed2833850,f43ff4dd31267d5e73846d872dda654c,pair_formed_naturally,exact,exact,1.0,1.0
c73ed87d3d69b65c5dc5a6e28f1e73f9,e0925a78ae73d6465a169f89a85e607d,pair_formed_naturally,exact,exact,1.0,1.0
c7b6efd28b2879a8b70829b9cbacf0c1,cd0534ad4995b22bc568236548212a11,pair_formed_naturally,exact,exact,1.0,1.0
c8a3375b265401140f16472f7c98d4f4,eaaf26c4076c325307dfb4df0a29a0e9,method_b_added,token_hash,added,1.0,
c8bbcad099444a5337b50e536a82c392,fb1e278b364f7b4975d0d4c2a2211edd,both_added,added,added,,
c903541e2a8e9d1c8476ece62da41f1b,cf9f3126048a174332c1019cf1943271,pair_formed_naturally,exact,exact,1.0,1.0
c904db0a95d115d27c112854be88978c,f1a1fbd3af7cbb98a62a195c5914a3d3,both_added,added,added,,
c9a7ad0c21366d39196c9bbcae5a1cb9,ce14036ba8243683e44e09a6abaa06fd,pair_formed_by_refactoring,moved,exact,0.96,1.0
ca0838e83ef14252266c28dd145097bd,fc7cc09bbb98b61355da966bf3421d5a,pair_formed_naturally,exact,exact,1.0,1.0
ca3ed135db355539ccc55305b6dd02e0,ed9a017dbfcaccd7c568ac6ae854b3ae,pair_formed_naturally,exact,exact,1.0,1.0
ca3ed135db355539ccc55305b6dd02e0,f491dac3e38c3b129479ae865489d0c0,pair_formed_naturally,exact,exact,1.0,1.0
caffd191b847ed0ff718e12d48d87f13,ed65a5259ebcdf88297d8427fdb83bfc,pair_formed_by_refactoring,moved,exact,0.99,1.0
cb182ce76186819035b2379f96c39910,d332d52143da4ae83f51784b4fe617c6,pair_formed_naturally,exact,exact,1.0,1.0
cb182ce76186819035b2379f96c39910,e032e8388c870cab11ade591dc250d41,pair_formed_naturally,exact,exact,1.0,1.0
cb392a607695c6c9d1738859d646a251,d2b7a6b4a2ccf3f84d786be42d894aea,pair_formed_naturally,exact,exact,1.0,1.0
cbb389042be6909cc455fc2083fa0c20,f307328cbdcdde6259e9773737b87a71,both_added,added,added,,
cbd4d254cd3e52d7eadf2258b00c0d66,fca3039f88cdaf06e75597e16c458a00,pair_formed_by_refactoring,exact,signature_changed,1.0,0.92
cbd5b0eea0e6945647b21b6b0604daa6,fecfa2b6f07292411be3f5acf65f6145,method_a_added,added,exact,,1.0
cbf0b2c9cee841ed0bd894a3f6cd6353,eddb9c66b6800190976ebf5d176569b7,pair_formed_naturally,exact,exact,1.0,1.0
cc1ee356c625dafe76a56f5f78bb063b,ecef7785cfe53b67a90684e3a1423c5c,pair_formed_naturally,exact,exact,1.0,1.0
ccec349899f9252e9bed35530b122f54,d40538b7f1bf6ed9f897b61877863b79,pair_formed_naturally,exact,exact,1.0,1.0
ccf50b836da51e48f5a5740ce6eb20fc,dff44582d370dbdcab485f9fbc125ebe,method_a_added,added,token_hash,,1.0
cd02d67f8b85e8ead9b61c3b1316b5d7,ce6b7d4347d0d72020a0835422e4ec3a,both_added,added,added,,
cd2d3baf1600ed1bf9435705c6d73110,e43ca2eb259c481603ff3d26b0fb9b74,pair_formed_by_refactoring,unknown,signature_changed,,1.0
cd6db394231b996371e9ca8e77bd5cf6,d5a9450c717f8eb4ed547d8d4bcdfd30,method_a_added,added,exact,,1.0
cd6db394231b996371e9ca8e77bd5cf6,ed898974f7a157cf7c418df55d1c3287,method_a_added,added,exact,,1.0
cd6db394231b996371e9ca8e77bd5cf6,fbb22c54ca583d138458fab41a2131d5,method_a_added,added,exact,,1.0
ce597ea2e6e399722da2b1ac89c780a0,e44d835af7a8a73c1469f75b127d06d5,pair_formed_naturally,exact,exact,1.0,1.0
ce8a31976421743aa10569594532f6a8,f0227e6d2408653cfd0924b384837c8b,pair_formed_naturally,exact,exact,1.0,1.0
cf5eba3faa38817eaae4ca488992c85e,ff212101cb92e6b91bf21dcc452c3c34,both_added,added,added,,
cf716a6a34adbbf3c1bb11f72b7217c4,fb88cc816e5d2be18bbc692d4b6f0fd3,pair_formed_naturally,exact,exact,1.0,1.0
cf78cf1705949f5741d999cfea8ce2d7,e1dceddce77a7f9d8a728cc278ac9f17,pair_formed_naturally,exact,exact,1.0,1.0
cf9f3126048a174332c1019cf1943271,d45b209bbf5cfd212cd139aa01700b42,pair_formed_naturally,exact,exact,1.0,1.0
cff72ed1bbab73028702972bd162b491,ecef7785cfe53b67a90684e3a1423c5c,pair_formed_naturally,unknown,exact,,1.0
d0257dcc1e82c2ff11be85b95779b334,e4530fbbc93b680757b1cb6bc1456349,pair_formed_naturally,exact,exact,1.0,1.0
d059ffbb7789b8f0e6ec459e0a6ecb49,e5f4240dfd0eeb354a560fbadc120160,both_added,added,added,,
d059ffbb7789b8f0e6ec459e0a6ecb49,e79a26779cb2af035a2de65d98c8a8c3,both_added,added,added,,
d0dbbac986ee924c3eabed033d4ac05d,f5e928e93931310aa61a0372d8808ed3,pair_formed_naturally,exact,exact,1.0,1.0
d242c76658e9b454d268499baaef0867,df74ad4adb9037e787a272d134a9cd78,pair_formed_naturally,exact,exact,1.0,1.0
d25619d237760be6c93c8a7bb96a0df4,ecb869da1a326668cfdffbc67fb58782,both_added,added,added,,
d2665158a5797182d5f8f743ea3e58c0,e528cf8da7ab1e9c439e95a417d6a8b4,pair_formed_by_refactoring,renamed,renamed,0.92,0.92
d2665158a5797182d5f8f743ea3e58c0,edfdaadab6ce1cf4ca90b65aaa0e33a0,pair_formed_by_refactoring,renamed,refactored,0.92,0.7
d27ae7baefe7f571cfae078cf0683518,e7b8c30ed9cac8519edd68e0b5787019,pair_formed_naturally,exact,exact,1.0,1.0
d3072a78edbfc2acaf609a62fa61d44d,e19957a3e2371e9457d6615282f1ee50,pair_formed_naturally,exact,exact,1.0,1.0
d3072a78edbfc2acaf609a62fa61d44d,fe7dfb089ff1a784d09816c3b8912649,pair_formed_naturally,exact,exact,1.0,1.0
d332d52143da4ae83f51784b4fe617c6,e032e8388c870cab11ade591dc250d41,pair_formed_naturally,exact,exact,1.0,1.0
d36b3e3463f591bbe7e30af67d748f43,f4bcb46dcd2d518078112db89060ec10,pair_formed_naturally,exact,exact,1.0,1.0
d370c68f96e1a3cf5bd12c87b6090cd0,e431cc26d83fea01c57e11eec7290fd6,pair_formed_naturally,exact,exact,1.0,1.0
d39bdf81a821690185bb25dd159486b7,e9684d0be84be1069dca4c3a72d5162a,pair_formed_naturally,exact,exact,1.0,1.0
d3a64c9a4a543c0ee0b1d640db8d56a6,f94b2ef996f2f084a03d133f89a91c18,both_added,added,added,,
d40538b7f1bf6ed9f897b61877863b79,e1e847dd6303581322b0d062013448d1,pair_formed_naturally,exact,exact,1.0,1.0
d419b6768331f244eb39d8a78c2e16b8,dbe736e78fed3b0f4703c4ce05472b7e,both_added,added,added,,
d419f72ba2ce0bfc5240bf771e9823c6,d5a636b750c6dfa1902da0ac2e4d51da,pair_formed_naturally,exact,exact,1.0,1.0
d475eee598a738396f0e6fbfb0a3e14c,d77ca3802d7736d444b8973e733f69a8,both_added,added,added,,
d56c549b19217e804365075db9ac8ff5,ecef7785cfe53b67a90684e3a1423c5c,pair_formed_naturally,exact,exact,1.0,1.0
d5a9450c717f8eb4ed547d8d4bcdfd30,fbb22c54ca583d138458fab41a2131d5,pair_formed_naturally,exact,exact,1.0,1.0
d5c335260aa2afecf2c6e0ec6e9677d9,e9854143efd256c554dab3dff377e5c3,both_added,added,added,,
d5dc3216b41aaef2ecb1ff03cbd11677,ddf0e5c4b565ed7653e7a5d3ee2a55c8,both_added,added,added,,
d64eaff55c26625c81b4cd6bb102bb6f,e47175f53b9f0868223011ce62299553,both_added,added,added,,
d64eaff55c26625c81b4cd6bb102bb6f,e9854143efd256c554dab3dff377e5c3,both_added,added,added,,
d64eaff55c26625c81b4cd6bb102bb6f,f1a1fbd3af7cbb98a62a195c5914a3d3,both_added,added,added,,
d763260e71d30eb70b1820da173bf659,ecddbb34526dc3dc23b7da9323e24235,method_b_added,signature_changed,added,0.79,
d771a7589e7618d20bb8dbc37dfa5714,f761d5a53f9f61e778bcbdbed1298ee8,pair_formed_naturally,unknown,exact,,1.0
d7bb0aeae2b991122feb3c042a898d75,df7004a1c8839e393b922c3300dbd136,both_added,added,added,,
d7da85fffdd05d967ce6995e33f0d8c4,fd547e7ba98229be09d54518d1f0eb50,both_added,added,added,,
d83acbe2742269bf9509236cfb8ecdd5,da258bd0efedc5fcd48c7a0598570978,method_a_added,added,exact,,1.0
d83acbe2742269bf9509236cfb8ecdd5,da62ef6dea60954724ed34a0cef5d15c,method_a_added,added,exact,,1.0
d83acbe2742269bf9509236cfb8ecdd5,e4ff7c5293f6a9a5cc0bf48f8f7ad070,method_a_added,added,exact,,1.0
d83acbe2742269bf9509236cfb8ecdd5,f4d8be30bf850c5e1af21158412404c9,method_a_added,added,exact,,1.0
d8b0074b9f338c1912b057f681fad6cf,ecbccaf7cfb237bb5bb6d10a2bea76fd,pair_formed_naturally,exact,exact,1.0,1.0
d908523a11f550063d2b48ab56954eec,fe7c9d38baa4694c39413c4d23f83563,pair_formed_naturally,exact,exact,1.0,1.0
d9c12cce1912bb1446fbf15eaccedc5f,e0cc1388e0acf06a702f4484555b25da,pair_formed_naturally,exact,exact,1.0,1.0
da258bd0efedc5fcd48c7a0598570978,da62ef6dea60954724ed34a0cef5d15c,pair_formed_naturally,exact,exact,1.0,1.0
da26ac9fdfe321645395d59823d59935,f71eb3b4fc4dc010dcadb93e435ea90e,method_b_added,exact,added,1.0,
da7dc9e6d1b1c7bb0bba3b2163a89141,fa4769f0091b0ad5239c29457a0ba421,pair_formed_naturally,exact,exact,1.0,1.0
da8289a39351ea27ec783a9cbcce31a6,dbb65ffc961a5d664ba6f79375bba2d6,pair_formed_naturally,exact,exact,1.0,1.0
dadda8e54224b3e72951c2eb1cbb7320,df91be44c96b95ee7828e0aa2f857de9,both_added,added,added,,
dadda8e54224b3e72951c2eb1cbb7320,f5f73c0ec17d62359279993fe6eae29c,both_added,added,added,,
db375fb8283904ca6e86ee136370bee1,e35cbf4129dc1c1a62739da88f9c0c4b,pair_formed_by_refactoring,signature_changed,renamed,0.94,0.98
db4aabab9d060f08934c0d6a9cc01948,ea4b0129228912f9e088a7706d801b92,both_added,added,added,,
dbe736e78fed3b0f4703c4ce05472b7e,fb563909e7261bdb4178421bf0b433b0,method_a_added,added,token_hash,,1.0
ddaf244f9e0b553f77e173d7afa95141,dfcc1f08881b6ce5b44f8a9f472cfa2a,pair_formed_naturally,exact,exact,1.0,1.0
deb5adbbd0b457c47ec69306e119bbf8,fa1d19469482edda7d80665a86986f8c,method_b_added,exact,added,1.0,
df91be44c96b95ee7828e0aa2f857de9,f5f73c0ec17d62359279993fe6eae29c,both_added,added,added,,
dffe4289cc9d4edeab620699e47b8a0c,ffd14fec19b901686c0d38cd355f5e1a,both_added,added,added,,
e0d80a1a4d020db1bf8ca54916382cd8,e7a09f0ded7f332ddf2ae0b527fabcd0,both_added,added,added,,
e0d80a1a4d020db1bf8ca54916382cd8,f2497f24cb6a115a6b03ff3b1e351a5b,both_added,added,added,,
e101254a310dd366a80c20e295105d30,f01dd05ca756595e1ba4dc06010f08b4,pair_formed_naturally,unknown,exact,,1.0
e1930c6af70e2120e0dfff97feb1ed3f,fa2c87ad40c2e798218b4b23ac670da2,pair_formed_naturally,exact,unknown,1.0,
e19957a3e2371e9457d6615282f1ee50,fe7dfb089ff1a784d09816c3b8912649,pair_formed_naturally,exact,exact,1.0,1.0
e2f240d645412167569754f1d7d73dce,ed65a5259ebcdf88297d8427fdb83bfc,pair_formed_naturally,exact,exact,1.0,1.0
e39289785da038fa0ddf677d9b4f7c2e,f9e1531d67122436e8b9a8d4acd887c6,pair_formed_naturally,exact,exact,1.0,1.0
e398083b9c8b503962bbac23e31ab2a9,f43737144a1ad9cd6391d08f3b91d873,both_added,added,added,,
e3f3aba35bbffc4e7380e523d55d3516,f8a1614e9c38ff748dac1f791c4c49cb,pair_formed_by_refactoring,moved,moved,1.0,1.0
e47175f53b9f0868223011ce62299553,e9854143efd256c554dab3dff377e5c3,both_added,added,added,,
e528cf8da7ab1e9c439e95a417d6a8b4,edfdaadab6ce1cf4ca90b65aaa0e33a0,pair_formed_by_refactoring,renamed,refactored,0.92,0.7
e5f4240dfd0eeb354a560fbadc120160,e79a26779cb2af035a2de65d98c8a8c3,both_added,added,added,,
e61bac9813c4014da18641311ec22d72,ffe9465d4e1324690eb695538bde314c,pair_formed_naturally,exact,exact,1.0,1.0
e73007039d275412b0b3021d678992b3,f3d878b84342a9fbd714e4fb73f4d5a7,pair_formed_naturally,exact,exact,1.0,1.0
e7a09f0ded7f332ddf2ae0b527fabcd0,f2497f24cb6a115a6b03ff3b1e351a5b,both_added,added,added,,
e84f576dccf2c3a8a0342dfe1d7894ab,f1482afabc73f1f2c97339ab2ac2598d,pair_formed_naturally,exact,exact,1.0,1.0
e85ee5a4aab4d3fb62c54ef98ee512d9,f11de4947797eba60bf36419a669f24c,pair_formed_naturally,exact,exact,1.0,1.0
e889263f5dc4663a5a01e13873411402,fdef680b1bf7bd33ce1a1860ad62d7d3,pair_formed_naturally,exact,exact,1.0,1.0
e8b2dc77e88bb1a0d9b6ffa143d6bda4,f0c0802b0001df446c30c4c71459cf1a,pair_formed_naturally,exact,exact,1.0,1.0
e997ae94e79e0b55afe439b578b6a2f9,f9bbe9e74de9cb9788755a22ead22556,both_added,added,added,,
ea11bd3d707acd3809d004c3866bfecf,fbe85df1f97030d4bafef1220fa94849,pair_formed_naturally,exact,unknown,1.0,
ed65a5259ebcdf88297d8427fdb83bfc,f14148e7ed3cb675d94ac027f5d105e4,pair_formed_naturally,exact,exact,1.0,1.0
ed65a5259ebcdf88297d8427fdb83bfc,fe7c9d38baa4694c39413c4d23f83563,pair_formed_naturally,exact,exact,1.0,1.0
ee14443d010fd5c31ab52a6b276adfd2,f36dcd014472538e422b42b2a3e2f02a,pair_formed_naturally,exact,exact,1.0,1.0
ef6fcefc4fa3cc71318091932958d27f,feff50622a90d993d29e9625ad022269,both_added,added,added,,
f1482afabc73f1f2c97339ab2ac2598d,f9a017b1cc52254226a3e44313b718b3,pair_formed_naturally,exact,exact,1.0,1.0
f285129f362ab281f0d9fb716af81784,f9f2b931701a0ed34fae276f413ab002,pair_formed_by_refactoring,moved,moved,1.0,1.0
f3a4454aee96d64f85e70296da88a385,f9bbe9e74de9cb9788755a22ead22556,both_added,added,added,,
f3e9fe55c0e096bb1da7e6fe5a6b486a,f465e2661d9bfab4808026becc097b2a,pair_formed_naturally,exact,exact,1.0,1.0
f41ad2336883933a70e812be1f78527f,fe82255d699c9499ad5cc6dc44cbc78b,pair_formed_by_refactoring,exact,signature_changed,1.0,0.97
f4d851770f29071e4ebfb2d62e6c18a0,fe7c9d38baa4694c39413c4d23f83563,pair_formed_naturally,exact,exact,1.0,1.0
f7abf2cfa6ef0d88b75f3ea948c2d5d8,fde0c641000292a247db94c0a0d28d1e,pair_formed_naturally,exact,exact,1.0,1.0
f8df08ce18b97a559a365b95735a8a65,fbe85df1f97030d4bafef1220fa94849,pair_formed_naturally,unknown,unknown,,
fa1d19469482edda7d80665a86986f8c,fb1c898077360ca1831acc31a6262c9c,method_a_added,added,exact,,1.0
fc7c142ae7990eabf9f7171383d51f8b,fe7c9d38baa4694c39413c4d23f83563,pair_formed_naturally,exact,exact,1.0,1.0
