method_a,method_b,change_category,method_a_change_type,method_b_change_type,method_a_similarity,method_b_similarity
0034f711b5e8cea84ee936bd53202c0f,8c78998d63f7f7e621c9154c974d4f81,pair_dissolved_naturally,exact,exact,1.0,1.0
0034f711b5e8cea84ee936bd53202c0f,ec90625c07f9f44909a942bc2bffc570,pair_dissolved_naturally,exact,exact,1.0,1.0
0038317ba4c648a11c70b4047b400316,7b03f46c5d135d0aec24947c8077b9df,pair_dissolved_naturally,exact,exact,1.0,1.0
007774890c3f2ff01fc9f179ddbcb22f,684ac673226513d2c2afde2ca17395c6,pair_dissolved_naturally,exact,exact,1.0,1.0
007a6e1c1772bca8fa8d95e581524aca,fe66cdcdb2383d0d34e6f3cd8dcdb9eb,pair_dissolved_by_refactoring,signature_changed,unknown,0.94,
00cf2d99abdbfcbe870fb70259e17e7b,520dbd9ea2335a5355b370d6dbe56a40,pair_dissolved_naturally,exact,exact,1.0,1.0
00de6b4602afa67a9595137eaa1aac7d,b1c10ad29eb8e2e4dab50745c8f075fd,pair_dissolved_naturally,exact,exact,1.0,1.0
00f11805abc9a2d732f8813275a083f5,233d463f54b7f15c73ca06777c8751ac,pair_dissolved_naturally,exact,exact,1.0,1.0
0119eff7633a1d4282118efe2fa0b017,1e84dc0f599c60b211eaee400e59649a,pair_dissolved_naturally,exact,exact,1.0,1.0
0119eff7633a1d4282118efe2fa0b017,2002e80efa9fcc3d419f1e7439633b7a,pair_dissolved_naturally,exact,exact,1.0,1.0
0119eff7633a1d4282118efe2fa0b017,4ab91e013bb8e43721661265a5f26876,pair_dissolved_naturally,exact,exact,1.0,1.0
0119eff7633a1d4282118efe2fa0b017,6df45efaf7162a8048012bb8a3e89f2b,pair_dissolved_naturally,exact,exact,1.0,1.0
0119eff7633a1d4282118efe2fa0b017,c964ceab99f0e6769806b84d35b5aa12,pair_dissolved_naturally,exact,exact,1.0,1.0
011c3adf691643bfbd5ab3e09f53bee2,7d33f33700d50344489fff1011fcb9ec,both_deleted,deleted,deleted,,
01370a7fea682fe661d9ab5522135eda,040d495dd4cdce97dce8b781dc12a1f1,pair_dissolved_naturally,exact,exact,1.0,1.0
01370a7fea682fe661d9ab5522135eda,0abd97fd325b646b887d0d19b141c345,pair_dissolved_naturally,exact,exact,1.0,1.0
01370a7fea682fe661d9ab5522135eda,22e2fd1e473e9dc05f654495c6123197,pair_dissolved_naturally,exact,exact,1.0,1.0
01370a7fea682fe661d9ab5522135eda,720bccec7bbb0f35095b54857ac95abd,pair_dissolved_naturally,exact,exact,1.0,1.0
01370a7fea682fe661d9ab5522135eda,8ff099acb79da4d0bbcc3065c3930e10,pair_dissolved_naturally,exact,exact,1.0,1.0
01370a7fea682fe661d9ab5522135eda,cef4f659af2ff19515fe4207db8a5125,pair_dissolved_naturally,exact,exact,1.0,1.0
01370a7fea682fe661d9ab5522135eda,e79a26779cb2af035a2de65d98c8a8c3,pair_dissolved_naturally,exact,exact,1.0,1.0
014bc393713d5a6bef90ad4a86cd85d8,732580df618fab457bfe8c0062337710,pair_dissolved_naturally,exact,exact,1.0,1.0
0188756a11c6ec700f31bebd2fa8aec9,3c3e81acaeb81ed139f6c7808df244fc,pair_dissolved_naturally,exact,exact,1.0,1.0
0196992f6656fe605c293a3451b318c2,9e3958b0575537f6529414db474bd8d9,pair_dissolved_naturally,exact,exact,1.0,1.0
01985367300db95f63317a1d59ff93f8,c6cd58bb6ac9d01cb29e9b6764d6e99b,pair_dissolved_by_refactoring,token_hash,moved,1.0,0.95
01a49bc464ec4778c6572192c89241dd,58bd06fe26eb3e774df105014308f984,pair_dissolved_by_refactoring,exact,moved,1.0,0.9
01a5411279da8193a52be32db5880f14,fe18e1af82be05a361f392b83dc60b05,pair_dissolved_by_refactoring,signature_changed,exact,1.0,1.0
01aa12d256da25298af3dafbbd1c4fdd,5099bb68c9300d6e255531ff813edf60,pair_dissolved_naturally,exact,exact,1.0,1.0
01ae8f564109c963bea94160d57d6774,0853b3feab9d0dad5cfc0f8c526ab273,method_b_deleted,exact,deleted,1.0,
01ae8f564109c963bea94160d57d6774,7036e824cdd8b28e6516d7dc81fa5c28,pair_dissolved_naturally,exact,exact,1.0,1.0
01bd247b9cb95579a48c42173dc37247,0548443ab12a68829e5fcfa22c968f8c,pair_dissolved_by_refactoring,renamed,exact,0.97,1.0
01c0c8e0948d56fe2721555604096669,09a5473f89475fb750ce650580f5990e,pair_dissolved_by_refactoring,moved,moved,1.0,0.99
01c80c1fb62229ce711b09773c2eeb81,d45ecda1789b5a4541fa66e9b52962cb,pair_dissolved_naturally,exact,exact,1.0,1.0
020b5d201491127f81b169da77b96ec4,5db9cdff76b4b47997c4aff4eaa8bb93,pair_dissolved_by_refactoring,signature_changed,signature_changed,1.0,1.0
020b5d201491127f81b169da77b96ec4,af9012d0e382f86efa1c351178aaf1bf,pair_dissolved_by_refactoring,signature_changed,signature_changed,1.0,1.0
023ff92222af3fffc76969c91659dcbd,421b4f24370c6272181117a1edf6fc9b,pair_dissolved_naturally,exact,exact,1.0,1.0
023ff92222af3fffc76969c91659dcbd,9a8c07f833b7b4a36aaeb7feb3adeffa,pair_dissolved_naturally,exact,exact,1.0,1.0
023ff92222af3fffc76969c91659dcbd,a3973f94934685405eb1ebb6eeb3e45f,pair_dissolved_naturally,exact,exact,1.0,1.0
026e229c41a276766d58d2d0ee3f977f,c9a804c4005703f1d8b3317c2a40c859,pair_dissolved_by_refactoring,exact,signature_changed,1.0,0.95
02c01f2468cc1eaee0777279014e4c4f,3d231b9b4a7f7ecf0b8ebcbb79394e80,pair_dissolved_naturally,exact,exact,1.0,1.0
02c01f2468cc1eaee0777279014e4c4f,b12d1e8ebbecb654477d41ed517689bf,pair_dissolved_naturally,exact,exact,1.0,1.0
02f702aecf64dd730c2a9137259b71ca,0bd3e2e12fbf8edf2e80393720137617,pair_dissolved_naturally,exact,exact,1.0,1.0
02f702aecf64dd730c2a9137259b71ca,7d51d4d6088339c89aed8269c397d451,pair_dissolved_naturally,exact,exact,1.0,1.0
0303e5eea451384863b9fbaf2aa4abc9,5b67140c135fb69a33691031b3161863,pair_dissolved_by_refactoring,signature_changed,signature_changed,0.8,0.87
0304a5440fd2565a1f0a6ca7ed5d9f41,5c634fe17031177bad2e2c2a9019d1d3,pair_dissolved_naturally,exact,exact,1.0,1.0
032648fed20ade1b88037902b99e66e7,b9ab51c5f57d184d9413908bc5857f25,pair_dissolved_naturally,exact,exact,1.0,1.0
033f7b992c0a84e2f61f21672a691233,0d43323105a8fb2353067d3de822f1c6,method_a_deleted,deleted,exact,,1.0
033f7b992c0a84e2f61f21672a691233,2a2f79d221e6f6e81e641ee49cfd8506,both_deleted,deleted,deleted,,
033f7b992c0a84e2f61f21672a691233,4b8fc8961f99f94e8fa75b3f4a0396e0,method_a_deleted,deleted,exact,,1.0
033f7b992c0a84e2f61f21672a691233,5d412fa102cedf6037b2eda2a43136cd,method_a_deleted,deleted,token_hash,,1.0
033f7b992c0a84e2f61f21672a691233,9a1720e507658a28b209be251f9ea8f8,method_a_deleted,deleted,exact,,1.0
033f7b992c0a84e2f61f21672a691233,bfdfc4305eac0a4b009705ea0d71ec8c,method_a_deleted,deleted,token_hash,,1.0
036e563744162764e870431007bf4cae,3fddfee72609d8d93850ddc69400a92e,pair_dissolved_naturally,exact,exact,1.0,1.0
038bdfce4da2615e074809eeb7ba3986,04b96b70f238d795bb1d3cea1757c42d,pair_dissolved_naturally,exact,exact,1.0,1.0
03af729e24f14a8bd644ee70f4b87982,1a3bcc24988af78ba13dacda9fb2c040,pair_dissolved_naturally,exact,exact,1.0,1.0
03d3d66f970398e544c197657153d3c3,d7a800840216b9ed0995a9d7e452db69,pair_dissolved_by_refactoring,moved,token_hash,0.93,1.0
03d53d3ca96557bf289118cdf0654ef5,05fe65ab62633f959e11c51333180f7f,pair_dissolved_by_refactoring,exact,refactored,1.0,0.71
03f8728af6bc0efe6613f1de645ef076,9111f4e4e6c331f02f7148f8aaf8363a,pair_dissolved_by_refactoring,signature_changed,exact,1.0,1.0
03f8728af6bc0efe6613f1de645ef076,fa24ff81369a81e100c3425f409d450e,pair_dissolved_by_refactoring,signature_changed,exact,1.0,1.0
03ff9900fc4100ba3b1f9c5abd22e7f3,9f296896b2417ad2325bd4213bc6356c,pair_dissolved_naturally,exact,exact,1.0,1.0
040d495dd4cdce97dce8b781dc12a1f1,0abd97fd325b646b887d0d19b141c345,pair_dissolved_naturally,exact,exact,1.0,1.0
040d495dd4cdce97dce8b781dc12a1f1,cef4f659af2ff19515fe4207db8a5125,pair_dissolved_naturally,exact,exact,1.0,1.0
046b0e78991d1d90b2d173f08dee3450,acedf6a4e842b5a9c51439635845392b,pair_dissolved_naturally,exact,exact,1.0,1.0
047191863456a6f7a11ba999302b543a,6dfc39e497e81e4fe681e64655200c03,pair_dissolved_naturally,exact,exact,1.0,1.0
049ac2877ffa237c8426acee172b7c87,31d81884ecf70706abc04a49d9e7f6f2,pair_dissolved_naturally,exact,exact,1.0,1.0
049ac2877ffa237c8426acee172b7c87,70990deb0cd5147058ea53fa449259cb,pair_dissolved_naturally,exact,exact,1.0,1.0
04b96b70f238d795bb1d3cea1757c42d,59e59954a57a5b41503aec13f9c5c6cb,pair_dissolved_naturally,exact,exact,1.0,1.0
04b96b70f238d795bb1d3cea1757c42d,cfef14c3adba5a82ba5f53e88758ba93,pair_dissolved_naturally,exact,exact,1.0,1.0
04c9e2b710ec047657628633b1ce147b,0f39aa86c8fe574ee502597e921b22c3,pair_dissolved_naturally,exact,exact,1.0,1.0
04dd11ffad6d71204ef1a706fec77b51,9f6027164824f4f55f5d9afa4a22cacb,pair_dissolved_naturally,exact,unknown,1.0,
04dd11ffad6d71204ef1a706fec77b51,a156357fb3b0bbd26f0f3a68446c00b5,pair_dissolved_naturally,exact,exact,1.0,1.0
04f735f61381763eb96d61ea675114a2,674fdd60775c7e3ffb7c10f2e85aef9d,method_b_deleted,exact,deleted,1.0,
05268286396b7a719cac4ee43f9d759e,9f70c40a82bd8a63d9befa12bd8e62c3,pair_dissolved_naturally,exact,exact,1.0,1.0
05268286396b7a719cac4ee43f9d759e,adb0800c695ad5af0d09fa9c7b035a8b,pair_dissolved_naturally,exact,exact,1.0,1.0
05268286396b7a719cac4ee43f9d759e,ae9e6784deebdcf8f0ccdf2d0ce5b9f6,pair_dissolved_naturally,exact,exact,1.0,1.0
05268286396b7a719cac4ee43f9d759e,d534bfb8b32068222fe7c09127ae8020,pair_dissolved_naturally,exact,exact,1.0,1.0
05268286396b7a719cac4ee43f9d759e,f9cb8fb3b67a3951b32cceefb834d083,pair_dissolved_naturally,exact,exact,1.0,1.0
052dac06c8f7e00380ab47518dea1223,827629d91ec492feff1f3922764f36a7,pair_dissolved_naturally,exact,exact,1.0,1.0
0548443ab12a68829e5fcfa22c968f8c,3a965cdbb002edc947edfcf27352793a,method_b_deleted,exact,deleted,1.0,
059a111dca4850165e661c3a15459c13,dba25861f910904d7f57b2db9cd4fa91,pair_dissolved_naturally,exact,exact,1.0,1.0
05aece8ffea792a0eba695f06a2269d8,65f2505a7c1fd3f9f727dc100c47f190,method_b_deleted,exact,deleted,1.0,
05aece8ffea792a0eba695f06a2269d8,e520b091140415f139945e1037181ffb,method_b_deleted,exact,deleted,1.0,
05b1f87326ecf51534c44e7d99cfa9e7,d6aa01be4dc3b9c255ff13f1c75e5149,method_b_deleted,exact,deleted,1.0,
05c9f3b86f293cdda1589feefb969b52,0f4cb4d871bff2154a57480f387ac5c7,pair_dissolved_naturally,exact,exact,1.0,1.0
06100e457938e2e8dbb61daa874f0eb6,50c67e85d9557fdaaa69612ab98bf769,pair_dissolved_naturally,exact,exact,1.0,1.0
061bf4c480f6f7bd88c2db84bf6df5aa,3acfdf4ad9927b81a0b374d07bf63f8d,pair_dissolved_naturally,exact,exact,1.0,1.0
062f25a0b61a2b2b6f44a959dbbe38c5,1be77765c9c7083edbb91168e0b18421,pair_dissolved_naturally,exact,exact,1.0,1.0
062f25a0b61a2b2b6f44a959dbbe38c5,39b55a91ed8626eab1b2524f44362355,pair_dissolved_naturally,exact,exact,1.0,1.0
062f25a0b61a2b2b6f44a959dbbe38c5,651b2091f2d7c54a15a472117e6a6697,pair_dissolved_naturally,exact,exact,1.0,1.0
0634e8664e35acbd9b992a4d8f751444,60fb8a2745fce4be005559f2f9618381,pair_dissolved_naturally,exact,exact,1.0,1.0
063a38c83edd47c129cc8844337457b0,b93bcbe4b7d9375b1735a45fa11d32b5,method_b_deleted,exact,deleted,1.0,
063a38c83edd47c129cc8844337457b0,decd8db9ebc0756e18e6cee31cd7ece9,method_b_deleted,exact,deleted,1.0,
064e9d381f3f7093de9fa64c0028112a,aafc32cbee0b60ccc090fc1f7bab9f78,pair_dissolved_naturally,exact,exact,1.0,1.0
064e9d381f3f7093de9fa64c0028112a,f834023e7ccc3753364fc5332bf7434e,pair_dissolved_naturally,exact,exact,1.0,1.0
065dfa912a99171628151ef93cfac637,a69d59b893c482fee81dfc853e113dc1,pair_dissolved_naturally,exact,exact,1.0,1.0
06601191ea7d099917fc4ead224fe20b,4f9422554b24da4fc8492818c44c131a,pair_dissolved_naturally,exact,exact,1.0,1.0
06a194a1ee918cb13f2236cb6cd3ab4c,33161c49cc7b1bfab731ed2a6f0abc76,pair_dissolved_by_refactoring,signature_changed,exact,1.0,1.0
06ab7690e34b04140a449dbb22c3899b,daeebabd940db340031db9750f479766,pair_dissolved_naturally,exact,exact,1.0,1.0
06d0bd46c82193473fdcce33b42888bf,e0d337ea5f839bf2f6b467d85bd535d8,pair_dissolved_naturally,exact,unknown,1.0,
06d0bd46c82193473fdcce33b42888bf,f3b8a359931f23889dfad845bb922775,pair_dissolved_naturally,exact,exact,1.0,1.0
06edfbaf0d91c2f0ebab1abb33100c58,b09bd34e96e85367f79eb100ab7fd174,pair_dissolved_naturally,exact,exact,1.0,1.0
073b6f219067cfacea34f9560b2ecc10,3660bb3796d4a1a12561d3820303306f,pair_dissolved_naturally,exact,exact,1.0,1.0
0782554d541f12d2a80ba3c194096b27,59d41b24aac39ccdb3d38bbcba96be2c,pair_dissolved_naturally,unknown,unknown,,
0782554d541f12d2a80ba3c194096b27,fa3a47578702ff1fa59f207e691b2ff4,pair_dissolved_naturally,unknown,unknown,,
078850ccb5951caa4137beb1ae40e9a3,6a2257b8685d8ee4e38b2852ce90f63b,pair_dissolved_naturally,exact,exact,1.0,1.0
079392cd62c2f151157d9284b5bb8818,6613a44438b77356af3e705ecd3f56a8,pair_dissolved_naturally,exact,exact,1.0,1.0
08010ff2c51cb7dc16f1e1f3eb4fcb9b,83c780d148aa2e37bb3d432e3cc66ec8,pair_dissolved_naturally,exact,exact,1.0,1.0
08027139b57c97bf98879d4133e3d380,82d39f07ad2832672f59650d41395bc6,pair_dissolved_naturally,exact,exact,1.0,1.0
080aac4e48e75d5c50b603eaa5fe1aa8,3c13eb4b39904d4e9ed757ab6b58678e,pair_dissolved_naturally,exact,exact,1.0,1.0
0827400f9f3b692815c92fe9b9dbd275,0f51054426360fa0c57d3665495ea1cf,pair_dissolved_naturally,exact,exact,1.0,1.0
082b6aa23d00bd93a7cd4879344497e0,abe040ce1d6c30f5894d5a41eac0af86,pair_dissolved_naturally,exact,exact,1.0,1.0
083a233efbe6f001957a750cab7a25ea,b1bfe1df540770c9f597867df6823cef,pair_dissolved_by_refactoring,token_hash,moved,1.0,1.0
0853b3feab9d0dad5cfc0f8c526ab273,6b4496c02e21955349f8713e0f0186fb,method_a_deleted,deleted,exact,,1.0
0853b3feab9d0dad5cfc0f8c526ab273,8f9824d0f03e59b499e186b8cec2e1d1,method_a_deleted,deleted,exact,,1.0
086ab6f21150adc9982f6827a14cc283,fa9480ebdc4a47a401ef2dff473bf144,pair_dissolved_naturally,exact,exact,1.0,1.0
086cf44a26859b64d7242ec66830a2b4,4c7136e7840b22ada500a1ba2eac3294,pair_dissolved_naturally,exact,exact,1.0,1.0
086cf44a26859b64d7242ec66830a2b4,88d7367254eac7d141286508d4b55d1b,pair_dissolved_naturally,exact,exact,1.0,1.0
086cf44a26859b64d7242ec66830a2b4,bcdd063bdf250a09a87effb6d60b44f6,pair_dissolved_naturally,exact,exact,1.0,1.0
086cf44a26859b64d7242ec66830a2b4,c6a0f4d903eca1654f90c60d0928f8fc,pair_dissolved_naturally,exact,exact,1.0,1.0
086cf44a26859b64d7242ec66830a2b4,fdd23b59c172d64525ec9b6fcc6b5eec,pair_dissolved_naturally,exact,exact,1.0,1.0
0884d4163042375d2f2251dc293403b4,bbe6d6d68e4ff85c91e27c7f44e41cf3,pair_dissolved_naturally,exact,exact,1.0,1.0
08aada157d3e52113fa2b75109c80fe8,b943f30834f7ab95e3a6d91985202c77,pair_dissolved_by_refactoring,signature_changed,signature_changed,1.0,0.96
08bb8bef0496788b4cbf50bfa3633141,98c3806bf82cec6bd01cd2f501fef358,pair_dissolved_naturally,exact,exact,1.0,1.0
08cdb32542156bc067bd4556ce14b5f0,6b80d2ebfe68d28a3f152e443c2ece26,pair_dissolved_naturally,exact,exact,1.0,1.0
08d72cdd70a49cac4a9d9394d64c0bc2,7ffa59e49b224ed2a6ea68a06279895c,pair_dissolved_naturally,unknown,exact,,1.0
0913b7dc3fe822eb30f6ea672295009c,54285363df1ef6b1a0a8f533b8978883,pair_dissolved_by_refactoring,signature_changed,signature_changed,1.0,0.97
091d72da017bef234814039f480b36df,c81f9ad8aad3f5c2b67ad567d1a84692,pair_dissolved_naturally,unknown,unknown,,
0930596b8132d951410d182cbd3dfed6,1b5a711e903574d80e6d9749b568c667,pair_dissolved_naturally,exact,exact,1.0,1.0
0930596b8132d951410d182cbd3dfed6,6dee9d44938b0038bee99e7b20271250,method_b_deleted,exact,deleted,1.0,
0930596b8132d951410d182cbd3dfed6,9b8b65a97be839be69bcfb0e23a3d88e,method_b_deleted,exact,deleted,1.0,
0935e8989a6ebea8dfc66bb2e3ecf6c7,2e4383f5ae09bbfd32a5dd462768e456,pair_dissolved_by_refactoring,exact,moved,1.0,0.95
0940f058fccd19e5ff134e3cf977cc53,c3605a14634ec0134a5e47a057f7bbbb,pair_dissolved_naturally,token_hash,exact,1.0,1.0
09789476d7dd811ee8c6f652316db0d0,784c7b365857474d7394bae0fac8b680,pair_dissolved_naturally,exact,exact,1.0,1.0
09a5473f89475fb750ce650580f5990e,cf65fa2936c5207cbe64def8c04e3fb2,pair_dissolved_by_refactoring,moved,moved,0.99,0.96
0a038cfc7ceadf4e4feb496ae20f3d36,d41f4df7da92293191e8b3003f0fd601,pair_dissolved_naturally,unknown,unknown,,
0a1309d29d29ef1124e26483366b8cf1,65f2505a7c1fd3f9f727dc100c47f190,method_b_deleted,exact,deleted,1.0,
0a1884dfc4fa60ea6c56bcae34902229,0d121df2ab1097d0a1aee9ea140026e9,pair_dissolved_naturally,exact,exact,1.0,1.0
0a39afbb69bcd7e8bd3e436be23e5d6c,0ef91b6159aaf547b17a7bb4ef0a1d8c,pair_dissolved_naturally,exact,exact,1.0,1.0
0a39afbb69bcd7e8bd3e436be23e5d6c,bca1be9cd2b1b621008aef575f8faede,pair_dissolved_naturally,exact,exact,1.0,1.0
0a4bd2ed8ae85bed76e6b975dab64a55,5a22795739bcbde57426cab064d26c6c,pair_dissolved_naturally,exact,exact,1.0,1.0
0a63256e3fc5418960d57e15eac59bc1,d77e4c022635eb85e82589eaeb2f6baf,pair_dissolved_by_refactoring,signature_changed,signature_changed,0.95,0.91
0abd97fd325b646b887d0d19b141c345,22e2fd1e473e9dc05f654495c6123197,pair_dissolved_naturally,exact,exact,1.0,1.0
0abd97fd325b646b887d0d19b141c345,8ff099acb79da4d0bbcc3065c3930e10,pair_dissolved_naturally,exact,exact,1.0,1.0
0abd97fd325b646b887d0d19b141c345,cef4f659af2ff19515fe4207db8a5125,pair_dissolved_naturally,exact,exact,1.0,1.0
0abd97fd325b646b887d0d19b141c345,e79a26779cb2af035a2de65d98c8a8c3,pair_dissolved_naturally,exact,exact,1.0,1.0
0ad22acdfc9640637dc821d73e30c1a2,44df8d941673e2d0ac961aa6a1c5bc2b,pair_dissolved_by_refactoring,refactored,exact,0.77,1.0
0ad3af07cd5a9df30d05cf09873ef536,69226637df33fdd63f19270becb53f62,pair_dissolved_by_refactoring,signature_changed,signature_changed,0.75,0.97
0ad3af07cd5a9df30d05cf09873ef536,c98ccab8cfa09c46a8a6c6b219ecfaf1,pair_dissolved_by_refactoring,signature_changed,signature_changed,0.75,0.88
0aef1738e4947834678c982cc471c56c,c98ccab8cfa09c46a8a6c6b219ecfaf1,pair_dissolved_by_refactoring,exact,signature_changed,1.0,0.88
0af2b4467d3cf77f841fd452e4e58dce,ece6be0cc9ef9223ebaf4d58bce839b3,pair_dissolved_naturally,exact,exact,1.0,1.0
0b16dd815e90be0d6d5cdb9613fba2a8,14fb247e80554de7171da1867fb4f65a,method_a_deleted,deleted,exact,,1.0
0b16dd815e90be0d6d5cdb9613fba2a8,44d072e8bdf08283857ca31fe90ca317,both_deleted,deleted,deleted,,
0b16dd815e90be0d6d5cdb9613fba2a8,54ac1727979a230a145c47f775ab7120,both_deleted,deleted,deleted,,
0b16dd815e90be0d6d5cdb9613fba2a8,820630ab53a1f9b18b1e1984e83d79b0,both_deleted,deleted,deleted,,
0b16dd815e90be0d6d5cdb9613fba2a8,ab0b649976a49aadb580754b7bc50a08,both_deleted,deleted,deleted,,
0b16dd815e90be0d6d5cdb9613fba2a8,bd2cc3a3cd0a6d03d41cdd89423b468e,both_deleted,deleted,deleted,,
0b202b3db2446726aabd1db45db4dfb4,75b9175c82d24b202dd89a8bc7b0a8c4,pair_dissolved_naturally,exact,exact,1.0,1.0
0b202b3db2446726aabd1db45db4dfb4,9a6fe4cf8ee903e5872e5f33ac3c41e6,pair_dissolved_naturally,exact,exact,1.0,1.0
0bd3e2e12fbf8edf2e80393720137617,9f93f4cba5c71ddf93670379009519b6,pair_dissolved_naturally,exact,exact,1.0,1.0
0bd3e2e12fbf8edf2e80393720137617,a24d3913692cc415682aedaa08b165e3,pair_dissolved_naturally,exact,exact,1.0,1.0
0bd3e2e12fbf8edf2e80393720137617,c2b9b0cc34a97daf3e8ba9111461a82c,pair_dissolved_by_refactoring,exact,renamed,1.0,0.95
0bd3e2e12fbf8edf2e80393720137617,cb26c9f1abdded714639bb3da63afb60,pair_dissolved_naturally,exact,exact,1.0,1.0
0bf16912cc8b90b4096ba74004e8a582,2e78f96d88bcfd1dd703ff438f6f199d,pair_dissolved_naturally,exact,exact,1.0,1.0
0bf62a6a1c0b5a411d53ba22a929aa9d,4580483bf36db886f249bea5ccf0f3e7,pair_dissolved_by_refactoring,exact,renamed,1.0,0.91
0c476203a1f183ec4866529356f4e82e,7113ba146378118c66d333445638cc44,pair_dissolved_naturally,exact,exact,1.0,1.0
0c476203a1f183ec4866529356f4e82e,d15d74fc807a078b9e4b16295f013142,pair_dissolved_naturally,exact,exact,1.0,1.0
0c6b4a45936b34c5532c0107304bd391,c1074415e909b7ac408754a16fcf2ea2,pair_dissolved_naturally,exact,exact,1.0,1.0
0c7ee89b8526c74e57e7ac4ab49607a0,213da9f5a552fe444cc29d0efc6dab85,both_deleted,deleted,deleted,,
0c7ee89b8526c74e57e7ac4ab49607a0,75e63dc8f8264b414c01a8adc237131a,both_deleted,deleted,deleted,,
0c7ee89b8526c74e57e7ac4ab49607a0,7b08ff72f76f5d64adb52c5ef46b5b03,both_deleted,deleted,deleted,,
0c8fa9cdd09afbf75dc3e4bbf8cbb87f,6b3157cad695d5d2480b9af1488c156c,pair_dissolved_naturally,exact,exact,1.0,1.0
0c8fa9cdd09afbf75dc3e4bbf8cbb87f,ae8162fddae65c3b075193abfe2c083d,pair_dissolved_naturally,exact,exact,1.0,1.0
0cb5e98ebfa0edaa07b21a1b841fc1b5,c4151cef9510a53a08eb34f0f179fa56,pair_dissolved_naturally,exact,exact,1.0,1.0
0ccb80420d60fcfde8503c948f136c48,175aa65f867219b50d46b25b5c7c7914,pair_dissolved_naturally,exact,exact,1.0,1.0
0cccbd456b0b00fbb87c7885626fcfda,c0ce63a3340c435bfbbdf032389c8a38,pair_dissolved_naturally,exact,exact,1.0,1.0
0d025ebba07e25acec0d2ac21f10a4c1,5fa0d5e1fa99bed375419cd6f61ccfa9,pair_dissolved_naturally,exact,exact,1.0,1.0
0d025ebba07e25acec0d2ac21f10a4c1,ae4ca9e306b281cf360a2da482b65826,pair_dissolved_naturally,exact,exact,1.0,1.0
0d025ebba07e25acec0d2ac21f10a4c1,d8cab1f10bcc3a6071f0959373aa9078,pair_dissolved_naturally,exact,exact,1.0,1.0
0d025ebba07e25acec0d2ac21f10a4c1,eecd83ea0e4c52614141e3a97f87ecef,pair_dissolved_naturally,exact,exact,1.0,1.0
0d121df2ab1097d0a1aee9ea140026e9,e0bef1fb914b2359eef200aa5fee9d4a,pair_dissolved_naturally,exact,exact,1.0,1.0
0d43323105a8fb2353067d3de822f1c6,20562156e5a834e6549da288986baa86,pair_dissolved_naturally,exact,exact,1.0,1.0
0d43323105a8fb2353067d3de822f1c6,afcc9541aba03f40967d9bb1bee8c5c0,pair_dissolved_naturally,exact,exact,1.0,1.0
0d43323105a8fb2353067d3de822f1c6,f4178c56bdcae74b89bb91c4a5254fa7,pair_dissolved_naturally,exact,exact,1.0,1.0
0d4eb8d88ea9ef7af5cf999096ba2a1b,ae4ca9e306b281cf360a2da482b65826,pair_dissolved_naturally,exact,exact,1.0,1.0
0d4eb8d88ea9ef7af5cf999096ba2a1b,d8cab1f10bcc3a6071f0959373aa9078,pair_dissolved_naturally,exact,exact,1.0,1.0
0d4eb8d88ea9ef7af5cf999096ba2a1b,eecd83ea0e4c52614141e3a97f87ecef,pair_dissolved_naturally,exact,exact,1.0,1.0
0d7c68de3d8b63ba03af596865ced904,eca127c60c230bb794055081e8e3e2e9,pair_dissolved_naturally,exact,exact,1.0,1.0
0da2d51df2621a1ed53847f9be5a1551,bbe6d6d68e4ff85c91e27c7f44e41cf3,pair_dissolved_naturally,exact,exact,1.0,1.0
0db8921232fa554ae177c587541902af,7845231e8e719492c1b2763f8aa4f156,pair_dissolved_by_refactoring,signature_changed,signature_changed,1.0,1.0
0dcbe6a70e70a91ff6c3596559a39136,ebd46f02fe529068345789fb9422a2d0,pair_dissolved_naturally,exact,exact,1.0,1.0
0df028dc1539709bb2f7de89e1b913bd,1b0e66580227bf5eb3dde6a31ed94f18,pair_dissolved_by_refactoring,renamed,exact,0.96,1.0
0df028dc1539709bb2f7de89e1b913bd,328de1e1c91b2ed3c755c0fa5f90fd24,pair_dissolved_by_refactoring,renamed,exact,0.96,1.0
0df028dc1539709bb2f7de89e1b913bd,46c75e8fe00c8a098da3b417f5815e85,pair_dissolved_by_refactoring,renamed,exact,0.96,1.0
0df028dc1539709bb2f7de89e1b913bd,9e6e97eb949ba87236eaae6f0951ca92,pair_dissolved_by_refactoring,renamed,exact,0.96,1.0
0df028dc1539709bb2f7de89e1b913bd,a1b2874d97a5bb6a883caac2229b40ae,pair_dissolved_by_refactoring,renamed,exact,0.96,1.0
0df464e8a6ac857cb9e00259cc2b372d,6001e46a1f1ede162882e43fdc52cf59,pair_dissolved_by_refactoring,exact,signature_changed,1.0,0.9
0df464e8a6ac857cb9e00259cc2b372d,7e3e3b645566fb093e6dff6a581c2e68,pair_dissolved_naturally,exact,exact,1.0,1.0
0df464e8a6ac857cb9e00259cc2b372d,d24bfa1c21cd1a1f727e20c3087132f0,pair_dissolved_naturally,exact,exact,1.0,1.0
0e1f7f250b6afc57c4560c1f1b6d149d,d4b4a855595db37f5b74197ef47253f2,both_deleted,deleted,deleted,,
0e3807a75d3821e4e8beab4f4515ed83,8d9be5a6601247c45a4f9f6e41d133b5,both_deleted,deleted,deleted,,
0e5a200109485331273b1b6c6ccc328c,11dfe445e4c9014f583933f06790ee5f,pair_dissolved_naturally,exact,exact,1.0,1.0
0e5a200109485331273b1b6c6ccc328c,2cb7e685b500770fff0132301796f7ed,pair_dissolved_naturally,exact,exact,1.0,1.0
0e5a200109485331273b1b6c6ccc328c,414ec24eaecabad2f0ace34dc7a09185,pair_dissolved_naturally,exact,exact,1.0,1.0
0e5a200109485331273b1b6c6ccc328c,7e674585de549bd78421f62bddb5e457,pair_dissolved_naturally,exact,exact,1.0,1.0
0e5a200109485331273b1b6c6ccc328c,8a29164c02b79d1fcbd6edd060db2fe0,pair_dissolved_naturally,exact,exact,1.0,1.0
0e5a200109485331273b1b6c6ccc328c,c6433c0cca50dcdb2cd2076a0c079d6d,pair_dissolved_naturally,exact,exact,1.0,1.0
0e730eeb57e21bf96740be68681dd763,611829b232ba0299040be63fd0ed7feb,pair_dissolved_by_refactoring,moved,unknown,0.97,
0ea30e4e24faf3017bcf03045973cab1,dd66035d9087bdb071df6c25f9e821e7,pair_dissolved_by_refactoring,signature_changed,signature_changed,0.96,0.96
0ea4fe191a8a75d7ad3e905906542f58,3fdf8e2c9ff01d76e8e5efc31b1a416b,pair_dissolved_naturally,exact,exact,1.0,1.0
0ea4fe191a8a75d7ad3e905906542f58,db8e649e6f059d8dc96e4e793ece79fe,pair_dissolved_naturally,exact,exact,1.0,1.0
0ecfd8d7f97f6622338e4be56bdf732a,25acec928c9de6214e67054047a32f13,pair_dissolved_naturally,exact,exact,1.0,1.0
0ecfd8d7f97f6622338e4be56bdf732a,5d389510f88964aa1e13eb99755a9ed7,pair_dissolved_naturally,exact,exact,1.0,1.0
0ed15f078c58ef272f6cc18b5be23b79,cb159c433c410934ed2216605216fefb,pair_dissolved_naturally,exact,exact,1.0,1.0
0f0272f96608041f56996b020198757e,f1941b1c79054beb08e548507ad4b47d,pair_dissolved_naturally,exact,unknown,1.0,
0f230ed178224900cc0c795c19f0bdc5,f5c2dc014feaa0edb79e354e35456079,pair_dissolved_naturally,exact,exact,1.0,1.0
0f352ec8bb5aaef98efeff7ad2e1a9c0,8e6541e5df103bb6d8baa9b51dfaeff8,pair_dissolved_by_refactoring,moved,token_hash,1.0,1.0
0f51054426360fa0c57d3665495ea1cf,20938546d1ca27519229e7594e032003,pair_dissolved_naturally,exact,exact,1.0,1.0
0f51054426360fa0c57d3665495ea1cf,e693f5a355fd553cf687cafbc89a553b,pair_dissolved_naturally,exact,exact,1.0,1.0
0f5c0a3cd92ccf149caf46125cd5b807,e856405a69c0a411504e49c77855d9db,method_a_deleted,deleted,moved,,0.98
0f7885e30febcc310a0e91ec1f3de842,b19de48f93acfafd789d63fc76f47e35,pair_dissolved_naturally,exact,exact,1.0,1.0
0fb9d510bb94c2674a288c41e56553c2,774b4b740fc85eab5663838a1172bac5,pair_dissolved_naturally,exact,unknown,1.0,
0fb9d510bb94c2674a288c41e56553c2,bd7cfad46268e119f27dde5ea2de9a19,pair_dissolved_naturally,exact,unknown,1.0,
0fec6a1379d9d082d530920cecaa79e6,5ad529d9ac774ea90bafaa721063c4d6,pair_dissolved_by_refactoring,moved,moved,0.96,0.96
0fed5afa4d202fbd644d049d6175883f,a4b042c07804b8884f7c22ab7eb3cafc,pair_dissolved_by_refactoring,token_hash,moved,1.0,0.98
0ffe970411ba2014fa15defcaeade8d1,1adae3821f91c3d71a4712a17abe50cd,pair_dissolved_naturally,exact,exact,1.0,1.0
100093a318a25e7a637e29ff3930ccf3,4a3e65ab6292cbc424f259a09b350b2c,pair_dissolved_naturally,exact,exact,1.0,1.0
100962c84d93551155601910f384422f,f13661c6e6d329f08456e355c81dcae8,pair_dissolved_naturally,exact,exact,1.0,1.0
107beb6a78595c7b7a5456644bb95f2b,df0ac336365bc96e1b2ebae3d7a478d2,pair_dissolved_by_refactoring,moved,moved,0.9,0.92
1087896f582353c73b771f11df63120b,c1008ef01750b6a18830525ad3e3af14,pair_dissolved_naturally,exact,exact,1.0,1.0
108afb959b155ab6a07993c0cfb0639a,46e2bc92a12cd9e8aba844e1c4c38223,pair_dissolved_naturally,token_hash,exact,1.0,1.0
10ac89a387912778834b5f2eaf8ff94d,bb9a5311437e32878616ef130cccd857,pair_dissolved_by_refactoring,exact,signature_changed,1.0,1.0
10cfe321ab953257fed5786fc936c5d0,3a05e5131aaf3e4cdc8342e73bb379c3,pair_dissolved_naturally,exact,exact,1.0,1.0
10e7c45832a2c7274ad65f13e9fc769a,13b582dc233c64c016598728f0a247fd,pair_dissolved_by_refactoring,exact,signature_changed,1.0,0.89
10fce7fe5108c19010ab683e971918cc,8b4b72c7d6ce5e450f31ab2f0e2ee80c,pair_dissolved_naturally,exact,exact,1.0,1.0
10fce7fe5108c19010ab683e971918cc,a4c36aecf00d2af7e123d2e35a468e2e,pair_dissolved_naturally,exact,exact,1.0,1.0
1138895e02f6b9058e2da2ffeebcbf07,295084ccdebccdaea867440a9479a7f0,pair_dissolved_by_refactoring,moved,moved,0.96,0.96
1138895e02f6b9058e2da2ffeebcbf07,81df4892fd9617b27fa4d5e31f5e642e,pair_dissolved_by_refactoring,moved,moved,0.96,0.96
1138895e02f6b9058e2da2ffeebcbf07,dd36ddc1e152e677ed16de65da4bfb45,pair_dissolved_by_refactoring,moved,moved,0.96,0.96
1138895e02f6b9058e2da2ffeebcbf07,feca1bbee8ba935b94d9ce7d2cf3977f,pair_dissolved_by_refactoring,moved,moved,0.96,0.96
11422a4d4b0804d381a0bfe09d230870,d70baeb639ec3bf9a4a2302d454c7362,pair_dissolved_naturally,exact,exact,1.0,1.0
117272c91fd5d6e69e97f5001b9d58ba,bc7d5274df096d62a2d2ed8524b22a95,pair_dissolved_by_refactoring,exact,signature_changed,1.0,0.92
117272c91fd5d6e69e97f5001b9d58ba,d1f527ccf73a1cfc3801802fa4cbc73f,pair_dissolved_naturally,exact,exact,1.0,1.0
117272c91fd5d6e69e97f5001b9d58ba,f94d98d4059b95b02f705a451bbdc4d8,pair_dissolved_naturally,exact,exact,1.0,1.0
11799e5c81a64e741aa878cbdc74d56d,bf236ad64d8f263be387b080bdf0df71,method_b_deleted,refactored,deleted,0.88,
1185907e2653747d89d57b6a308152e1,17cf8f622db58da61b19724c8b1d1f17,pair_dissolved_naturally,exact,unknown,1.0,
1185907e2653747d89d57b6a308152e1,f166bf6e9b247d1a15d5bb3b4efbd53b,pair_dissolved_naturally,exact,exact,1.0,1.0
11dfe445e4c9014f583933f06790ee5f,2cb7e685b500770fff0132301796f7ed,pair_dissolved_naturally,exact,exact,1.0,1.0
11f2ea1d2b221d0e458274822450719b,2dd21cbee268cb5898703a08e355910e,pair_dissolved_naturally,exact,exact,1.0,1.0
11f2ea1d2b221d0e458274822450719b,4190de685d0bc705463e28fd41645bb9,pair_dissolved_naturally,exact,exact,1.0,1.0
11f2ea1d2b221d0e458274822450719b,53f50b6d497f1d490485e5d894f5d740,pair_dissolved_naturally,exact,exact,1.0,1.0
11f2ea1d2b221d0e458274822450719b,6afe876fdf031bdc1339577c8e5bd1c3,pair_dissolved_naturally,exact,exact,1.0,1.0
11f2ea1d2b221d0e458274822450719b,b5e2e372bf7bec6066d8c07839ba836c,pair_dissolved_naturally,exact,exact,1.0,1.0
11f2ea1d2b221d0e458274822450719b,dccae463de53e77bfb3322a6bbb51da0,pair_dissolved_naturally,exact,exact,1.0,1.0
11f2ea1d2b221d0e458274822450719b,e05b07a377543ceeda236def2614367f,pair_dissolved_naturally,exact,exact,1.0,1.0
11f2ea1d2b221d0e458274822450719b,e605a4282118806466e0980fe6e409d9,pair_dissolved_naturally,exact,exact,1.0,1.0
1234cba9a14c8309eb28795caa0269e0,4efe26bf29ab2607e081af3687eb81cf,pair_dissolved_naturally,exact,exact,1.0,1.0
1234cba9a14c8309eb28795caa0269e0,76aac92b77ceecbf7e995c228010d01b,pair_dissolved_naturally,exact,exact,1.0,1.0
1234cba9a14c8309eb28795caa0269e0,8174608ff6c750532e02da125e2896ff,pair_dissolved_naturally,exact,exact,1.0,1.0
1234cba9a14c8309eb28795caa0269e0,85502844f23d095ba63f3e6630d93cb0,pair_dissolved_naturally,exact,exact,1.0,1.0
12578aa6d5b70638d86e1bf54ea1b12d,6fe876fc8f8213fcc8b99fc4a80eba9b,pair_dissolved_by_refactoring,moved,moved,0.96,0.96
1287c5eca40ba5317a1763bd604103da,f2a2b7a2269c59b906a0c1bcdca763b5,pair_dissolved_naturally,exact,unknown,1.0,
12a66f104b75a43e9718ce2ef7f51c05,1b76d5ea3f8ed39cb43d535f1ca3024d,pair_dissolved_naturally,exact,exact,1.0,1.0
12ded4c0be11bd56443c71e50aab139f,4b52325b845135336260f4fa0f7b51a9,pair_dissolved_naturally,exact,exact,1.0,1.0
13072cadceab8287ab8675c5e032c76c,bccf66fbbd6e3369109074468fca713d,pair_dissolved_naturally,exact,unknown,1.0,
13072cadceab8287ab8675c5e032c76c,edc08bde65af4dbdda4264e4dfe69bff,pair_dissolved_naturally,exact,exact,1.0,1.0
13185616c0d82f0e97019559d78074d1,e6f2e0e1791776073d9e48db1afc810a,pair_dissolved_by_refactoring,token_hash,moved,1.0,1.0
1323b70695388b483bf7664785b88997,1323b70695388b483bf7664785b88997,pair_dissolved_by_refactoring,moved,moved,1.0,1.0
1369dc3bf699bf67246baa73f59a00d8,202628446531877e638c5763708a8dcb,pair_dissolved_naturally,exact,exact,1.0,1.0
1369dc3bf699bf67246baa73f59a00d8,32917df7cd68f5e7169f4b4efde496e2,pair_dissolved_naturally,exact,exact,1.0,1.0
1369dc3bf699bf67246baa73f59a00d8,4872f5edb529bb71ca9ca8be9406b4e2,pair_dissolved_naturally,exact,exact,1.0,1.0
1369dc3bf699bf67246baa73f59a00d8,7cdacac814432157de0edc5820102640,pair_dissolved_naturally,exact,exact,1.0,1.0
136e87597b3df47d074ee1433bdbcae6,2e87b7b3bb3f83e695eb47b5d9931016,pair_dissolved_naturally,exact,exact,1.0,1.0
137ee6ab672a3c2743255875b10eb659,c3b501698ea0e4778d70d3bb1eb67ee5,pair_dissolved_by_refactoring,signature_changed,signature_changed,0.95,0.97
13aa4d849f91d0675efae364221f1385,409823e7dc20d4a277ba5a1ae7bf47b4,method_b_deleted,refactored,deleted,0.77,
13e98d0577717d8f73dfb1b8d614714b,1947b6a258cb703f94943bddac20ef20,pair_dissolved_naturally,exact,exact,1.0,1.0
13e98d0577717d8f73dfb1b8d614714b,e3ebfb13c2ff1271fe85155c48fc3de7,pair_dissolved_naturally,exact,exact,1.0,1.0
13ecf08060eab08dc12519972e28b6ee,a90aac4b2138d62fb90ff5fdeef07d65,pair_dissolved_by_refactoring,unknown,renamed,,0.93
13f28891d6f9591665bf1178d2a68922,74bb9247a3b22dd5c2c3be6b336f03e2,method_a_deleted,deleted,signature_changed,,0.71
13f28891d6f9591665bf1178d2a68922,a03556a9b02e1cf8040972a7a18a5094,method_a_deleted,deleted,exact,,1.0
13f28891d6f9591665bf1178d2a68922,be29706325e1daa06638f34bba1910e5,method_a_deleted,deleted,exact,,1.0
13f28891d6f9591665bf1178d2a68922,d36950c1b2c02b45eec77ff699349290,method_a_deleted,deleted,exact,,1.0
13f28891d6f9591665bf1178d2a68922,ed99571a42fc8617addd948262fab159,method_a_deleted,deleted,exact,,1.0
14c2a574e017a5a7ee359c2a682032d3,4d59fb58c6f8aa00acd801a941d623c8,pair_dissolved_by_refactoring,signature_changed,exact,0.96,1.0
14c2a574e017a5a7ee359c2a682032d3,dde422997a924e84d63726a23168b405,pair_dissolved_by_refactoring,signature_changed,exact,0.96,1.0
14c80e95ee216a1b000c17aa06482cc2,2adea909a821c5247b76f67bccfd097b,pair_dissolved_by_refactoring,moved,moved,1.0,1.0
14c80e95ee216a1b000c17aa06482cc2,eb35d78efd131965392ebe8c9295f386,pair_dissolved_by_refactoring,moved,moved,1.0,1.0
14d6288f0438da2d2f0705523bb24083,ba93b1f54fe44b86243137d828c0f9a3,pair_dissolved_naturally,unknown,unknown,,
14d6288f0438da2d2f0705523bb24083,f4499f180e6b8e4fbc2b46c1e4ee5567,pair_dissolved_naturally,unknown,unknown,,
14e3c6fa31a01b9d41b22b911281a55a,65f2505a7c1fd3f9f727dc100c47f190,method_b_deleted,exact,deleted,1.0,
14fb247e80554de7171da1867fb4f65a,54ac1727979a230a145c47f775ab7120,method_b_deleted,exact,deleted,1.0,
150bf15ca1674c6fdea4314a1d93fe2a,586cb79a75ce4d4815f71aa4dcefccb8,both_deleted,deleted,deleted,,
150bf15ca1674c6fdea4314a1d93fe2a,b3b5568b4bd43b5dc074bd2fb7d48ee5,both_deleted,deleted,deleted,,
157c8f1e6fd5bb8e23b50d7489c80499,80f681d7d0b1691e014ae0ef3f2919ce,both_deleted,deleted,deleted,,
15803fe313d6ff34acdccff81175657a,1a405fc8d3154a161816494caabc07e4,pair_dissolved_by_refactoring,moved,token_hash,0.99,1.0
15966338e557dd936859c32673058b49,2ece3179e9d0ba853850ff82a92c83b2,pair_dissolved_naturally,exact,exact,1.0,1.0
15e216587d1625f26b9c0ae319ffc648,63299850b6ed2edb7dbff095f4448b1c,pair_dissolved_naturally,exact,unknown,1.0,
16854cb3918d1c5a07a77533671fdd8a,fd660c1fb67f2a9150e3bc38cf606a43,pair_dissolved_by_refactoring,signature_changed,signature_changed,1.0,1.0
16abfe2cddc992db9e323f3f03e0592f,65029aadcfe47c97f4541f158aed3a05,pair_dissolved_naturally,exact,exact,1.0,1.0
16afd48304ea5661e8b6f8c3254c51ed,45ecad969830e28a38c5ba3cf6bcecbe,pair_dissolved_naturally,exact,exact,1.0,1.0
17646d9ce9c3a9b5717785cf14b4aaf4,65f2505a7c1fd3f9f727dc100c47f190,method_b_deleted,exact,deleted,1.0,
17e736ca101f3c0e6516cb1e92530a03,ea5db82c1f0cde0766ad9c83c0c6de1d,pair_dissolved_by_refactoring,token_hash,moved,1.0,0.96
1817d0c4dc1a1d55ac03a8e2c37586bc,f36dcd014472538e422b42b2a3e2f02a,method_a_deleted,deleted,refactored,,0.73
1864420ea29d2fc98faab16e1bd6e94f,eebfd463b76c696a991a806eac5c6497,pair_dissolved_naturally,exact,exact,1.0,1.0
187392790fdea3c1cb38d4ade6dc1f54,f5c2dc014feaa0edb79e354e35456079,pair_dissolved_naturally,exact,exact,1.0,1.0
1874d04965cb06f216c021b790b43ba8,1987cdb86eb69d62fa2c5522d4c065b3,pair_dissolved_naturally,exact,exact,1.0,1.0
187b3a08921b456c5fa2f31f5fd761d6,187b3a08921b456c5fa2f31f5fd761d6,both_deleted,deleted,deleted,,
187b3a08921b456c5fa2f31f5fd761d6,3a8eac559f85dc12eacfd81e18faae4a,both_deleted,deleted,deleted,,
18d5982139dcc86c8f4b1445c9336cab,410bdc9ee70bb9d2ee6909269e430887,pair_dissolved_by_refactoring,renamed,refactored,1.0,0.7
18d5982139dcc86c8f4b1445c9336cab,82d003b373aa4adcaa2ef724cea6a500,pair_dissolved_by_refactoring,renamed,renamed,1.0,0.98
1904259b6c7ef862fc580ac1072c89b7,9c8345be568bb6013a0a35c1cb6061a6,pair_dissolved_by_refactoring,moved,moved,0.93,0.95
191b924c5a312cab79c9780e8adbfcff,469e753674df18cb7bbce003e8d607e8,pair_dissolved_by_refactoring,signature_changed,signature_changed,0.96,1.0
191b924c5a312cab79c9780e8adbfcff,4cbb565aca9c56c7b213f6c3488ee8d7,pair_dissolved_by_refactoring,signature_changed,signature_changed,0.96,0.76
1947b6a258cb703f94943bddac20ef20,4798ec0f64fd7957c6c40082345eabbd,pair_dissolved_naturally,exact,exact,1.0,1.0
1947b6a258cb703f94943bddac20ef20,7ddd57ab323d2bd62f4ede19279489e3,pair_dissolved_naturally,exact,exact,1.0,1.0
1947b6a258cb703f94943bddac20ef20,e3ebfb13c2ff1271fe85155c48fc3de7,pair_dissolved_naturally,exact,exact,1.0,1.0
1955d85280ada8102b42925447f38f18,e02006f5f2eb62cd85dbb5ed8e6aa1b4,pair_dissolved_by_refactoring,signature_changed,exact,0.98,1.0
19575eeac8beea48b931dafa4d84ba4f,73ed932e6d7910fd516cd24c548724b3,pair_dissolved_naturally,exact,exact,1.0,1.0
19575eeac8beea48b931dafa4d84ba4f,ffe9465d4e1324690eb695538bde314c,pair_dissolved_naturally,exact,exact,1.0,1.0
1987cdb86eb69d62fa2c5522d4c065b3,5d50c269e29a6699a5eb190f605d1220,pair_dissolved_naturally,exact,exact,1.0,1.0
1987cdb86eb69d62fa2c5522d4c065b3,9901f4755f1a5243c964849045d0bdc7,pair_dissolved_naturally,exact,exact,1.0,1.0
1987cdb86eb69d62fa2c5522d4c065b3,aaae7a7f70066143d50e9c6a4a4a9cfd,pair_dissolved_naturally,exact,exact,1.0,1.0
1987cdb86eb69d62fa2c5522d4c065b3,ad999ee7df648e78a172cd108c9b6b8b,pair_dissolved_naturally,exact,exact,1.0,1.0
1987cdb86eb69d62fa2c5522d4c065b3,f62a7583d3feddd4a43e616f74cf29c5,pair_dissolved_naturally,exact,exact,1.0,1.0
1987cdb86eb69d62fa2c5522d4c065b3,fe0bac08f92aef9b78691fc7780dbedd,pair_dissolved_naturally,exact,exact,1.0,1.0
198deb928c947e42c633a73c6f16310d,324a009d5c2e69930b6a766b65d935aa,pair_dissolved_by_refactoring,signature_changed,exact,0.98,1.0
198deb928c947e42c633a73c6f16310d,f8a011746c2b3786425dd3b23afed62d,pair_dissolved_by_refactoring,signature_changed,exact,0.98,1.0
1a4a32a8545347b568dddd7cca15b71d,ad0e6c46356e973a33eb2e3d0d1ff73f,pair_dissolved_naturally,exact,exact,1.0,1.0
1a7da934a57ad27f67e014bcfb656bdc,808e6645d8991a420a76f1db3058acb3,pair_dissolved_naturally,exact,exact,1.0,1.0
1aa4cdc2f6d1d18b733efc3ffcd31eb8,7bb899ee1eab0ba9eabf997a33809f03,pair_dissolved_naturally,exact,exact,1.0,1.0
1abffc981bcbf2c07c432989966a08d1,af9012d0e382f86efa1c351178aaf1bf,pair_dissolved_by_refactoring,exact,signature_changed,1.0,1.0
1b03bf83728a868704ba4fabf48ddfba,56d1288f39ba6f6b511d37fdc40f2ca7,pair_dissolved_by_refactoring,moved,exact,0.98,1.0
1b481fd3167d449093cfe446f85b6193,d5de7fb751b5bd04f105420e34cbe306,pair_dissolved_naturally,unknown,exact,,1.0
1b4e905f555a0d5860b0a7506cea5911,402290a4f9c5a069b652d8207215942f,pair_dissolved_naturally,exact,exact,1.0,1.0
1b598d4800cd134e2400c2b57ef14d05,8433da0ab60b6e38f339eba6a907df20,pair_dissolved_naturally,exact,exact,1.0,1.0
1b7b3b3d9c53225b031de018abac69e9,aa7ada3f8c7dfbd24f1580af05959e47,pair_dissolved_naturally,unknown,unknown,,
1b84c3c57afe24b535656889e103f561,a909775f5b47fd85f03cc3d61b6f2db3,pair_dissolved_naturally,exact,exact,1.0,1.0
1be77765c9c7083edbb91168e0b18421,2640f501344aa632199ab87b2810d9ef,pair_dissolved_naturally,exact,exact,1.0,1.0
1be77765c9c7083edbb91168e0b18421,39b55a91ed8626eab1b2524f44362355,pair_dissolved_naturally,exact,exact,1.0,1.0
1be77765c9c7083edbb91168e0b18421,f1a62ad66b08a3280fad8b65d5619fc8,pair_dissolved_naturally,exact,exact,1.0,1.0
1c0ed11be9d796afbfc5bfa7214da8d4,ad0e6c46356e973a33eb2e3d0d1ff73f,pair_dissolved_naturally,exact,exact,1.0,1.0
1c3944c7ef7484e35c569e9b3c4dbb8a,9ced3aee9bf30907cf15935923880e2f,pair_dissolved_naturally,exact,exact,1.0,1.0
1c4990e5133dffe541d20066df048fce,8653957ebd84bb8830838654fe2af366,both_deleted,deleted,deleted,,
1c4990e5133dffe541d20066df048fce,98d115983ff738b70beaad08348ae8ad,both_deleted,deleted,deleted,,
1ceb65774966098d28ea18e9280bb3b0,4efe26bf29ab2607e081af3687eb81cf,pair_dissolved_naturally,exact,exact,1.0,1.0
1cf397339f125de824dc1c7bd2f1f0fc,5d0cbb351c3b886f82a920170d42c1e9,pair_dissolved_naturally,exact,exact,1.0,1.0
1cf581f19acf3d5494f85a0aafd8a524,3829ea9935991f30d246cc60ad45d115,pair_dissolved_naturally,exact,exact,1.0,1.0
1d5d088153fa9c58fc69c507ed3c344f,3e5e25be6f69c0b9ae9977928bd1d606,pair_dissolved_by_refactoring,signature_changed,signature_changed,0.92,0.96
1d60191c403d7e4a7e6b773ff7e3ebf2,65f2505a7c1fd3f9f727dc100c47f190,method_b_deleted,exact,deleted,1.0,
1d60191c403d7e4a7e6b773ff7e3ebf2,fd4bb3f19ab9b5a4d551452e15df9f6e,pair_dissolved_naturally,exact,exact,1.0,1.0
1da2671da469d5e17e25ab7dfdf3032a,4920ce9513545f7d7652c1821f17288c,pair_dissolved_by_refactoring,renamed,exact,0.97,1.0
1da2671da469d5e17e25ab7dfdf3032a,66f6ebc01fc92d08a89a23bacabd51d4,pair_dissolved_by_refactoring,renamed,exact,0.97,1.0
1da2671da469d5e17e25ab7dfdf3032a,6aa4bd5d4464e2460e04f4119ec69952,pair_dissolved_by_refactoring,renamed,exact,0.97,1.0
1da2671da469d5e17e25ab7dfdf3032a,a7c916804f814642b6a54513865b33a0,pair_dissolved_by_refactoring,renamed,exact,0.97,1.0
1dafea7628d2d0efc0a5198e4b7a2c35,312043cbfe1f66df3863639267c84397,pair_dissolved_by_refactoring,moved,exact,0.97,1.0
1dc916486434d9f1a365f64c3bf502b4,555dbc2a021a9f5d1022af20ebabca88,pair_dissolved_naturally,exact,exact,1.0,1.0
1dd6e851f5c5733ed8b3cb26011cffde,27e7a96e890b0ef702d776accdfdce19,pair_dissolved_naturally,exact,exact,1.0,1.0
1dd6e851f5c5733ed8b3cb26011cffde,8eabc793a9a456d4e5d88aa4e815282c,pair_dissolved_naturally,exact,exact,1.0,1.0
1df3d860948b96c2d75a41a8ffa335b5,2dee48c6e8e9057b67feb2b16317f113,method_b_deleted,exact,deleted,1.0,
1df3d860948b96c2d75a41a8ffa335b5,be870da39418ec1be4e8e382e7b484cc,method_b_deleted,exact,deleted,1.0,
1df3d860948b96c2d75a41a8ffa335b5,c3316ca21de610268a9f5677b8b6eaa4,pair_dissolved_by_refactoring,exact,refactored,1.0,0.82
1df3d860948b96c2d75a41a8ffa335b5,e8019c1a94c06639ecb7275705e75685,pair_dissolved_by_refactoring,exact,signature_changed,1.0,1.0
1df3d860948b96c2d75a41a8ffa335b5,f05915300311b4aadbea3fdcbaed7af2,method_b_deleted,exact,deleted,1.0,
1e1ab68c40ad4f7692cb377f6d6760f7,ad2afd6ae309dc831dda4bf808723d27,pair_dissolved_naturally,unknown,exact,,1.0
1ec9dba48eedaaef2a948d3052048575,9c59bd3123da3aadc601965f335a5ac1,pair_dissolved_by_refactoring,refactored,exact,0.76,1.0
1f09d69aa6f1d359869037b250aa76c5,abe040ce1d6c30f5894d5a41eac0af86,pair_dissolved_naturally,exact,exact,1.0,1.0
1f20f24a30db05c39379a2e32d51b3be,c6cd58bb6ac9d01cb29e9b6764d6e99b,pair_dissolved_by_refactoring,token_hash,moved,1.0,0.95
1f2d17608fe981d1c75feff0a6fa950f,366219e483d345aca79c380a1c1bf12b,pair_dissolved_naturally,exact,exact,1.0,1.0
1f394dafb7387f7f24345eddf9e34df8,3156063572db14c26ab2f931652adefa,pair_dissolved_naturally,exact,exact,1.0,1.0
1f394dafb7387f7f24345eddf9e34df8,6a1e68a4b9a88224b830345f9f2ab530,pair_dissolved_naturally,exact,exact,1.0,1.0
1f394dafb7387f7f24345eddf9e34df8,7b08f56b9de56c00700d2a2ea1b127d1,pair_dissolved_naturally,exact,exact,1.0,1.0
1f80f8e754812f1cf4f4320be90ab5cd,51fde86fc62723371c9500096568c7e5,pair_dissolved_naturally,exact,exact,1.0,1.0
1f80f8e754812f1cf4f4320be90ab5cd,61ab526782ccd52c204cb2b301cc1fec,pair_dissolved_naturally,exact,exact,1.0,1.0
1f80f8e754812f1cf4f4320be90ab5cd,d89056e35bb1a4387b8693cf53705cac,pair_dissolved_naturally,exact,exact,1.0,1.0
1f88b6ba1cfda63f8d75865f0e038f88,b5bc6824f9ee7130512822e0f232b220,method_b_deleted,exact,deleted,1.0,
1fe837d445659a46899be2c29cdf14c3,c5315f132ea1b1624e35d4e7802e4cd7,pair_dissolved_naturally,exact,exact,1.0,1.0
2011613f7bcea23890119a64ed9d1e37,c79e8b71c9d13c533949622a56b253ee,pair_dissolved_naturally,exact,exact,1.0,1.0
20139ea18ca48aae68934dc13a8e9bf2,bfc850e6b58f189c227dc8de93c78f1f,pair_dissolved_naturally,exact,exact,1.0,1.0
2014c18c0d607ddb3933934980edc61b,812ba758dfc76b0dacd018a72e02ef3b,pair_dissolved_by_refactoring,moved,moved,1.0,1.0
202628446531877e638c5763708a8dcb,4872f5edb529bb71ca9ca8be9406b4e2,pair_dissolved_naturally,exact,exact,1.0,1.0
202628446531877e638c5763708a8dcb,5f6b673f305acdcbce4b9725707e886c,pair_dissolved_naturally,exact,exact,1.0,1.0
202628446531877e638c5763708a8dcb,7cdacac814432157de0edc5820102640,pair_dissolved_naturally,exact,exact,1.0,1.0
203bca65f5e8e063631b1b82cda1765e,a03937f44ee69996e6b3e1cc42eb533c,pair_dissolved_naturally,exact,exact,1.0,1.0
20562156e5a834e6549da288986baa86,f4178c56bdcae74b89bb91c4a5254fa7,pair_dissolved_naturally,exact,exact,1.0,1.0
20755e4458f8c2a2b873fbc6adf9ddf8,890421f3707daafa7df782a8f9e079cd,pair_dissolved_by_refactoring,moved,exact,0.96,1.0
20755e4458f8c2a2b873fbc6adf9ddf8,b29812a8a408d03bcb06008dbc335847,pair_dissolved_by_refactoring,moved,moved,0.96,0.99
20938546d1ca27519229e7594e032003,ebfe1324b54a1fbf4db48f61e131e818,pair_dissolved_naturally,exact,exact,1.0,1.0
20d2cd7904924949c1089daf21e5fbfa,9429d9db136d5c24ebccd019266565cd,pair_dissolved_naturally,exact,exact,1.0,1.0
20e5f09aa689c19be8098135db6f219b,61efb230b071137efad6bcc256492713,pair_dissolved_by_refactoring,signature_changed,exact,1.0,1.0
20f00bb029316c68d3e01322277791de,e59c5494db3e7ab9f11bef417c3c64ac,pair_dissolved_naturally,exact,exact,1.0,1.0
20f6ecb2998ff69b015612c16d061cd0,9428e7b04a6e48031bf4926202871c3f,pair_dissolved_naturally,exact,exact,1.0,1.0
2139d0455ed7d2d2e6f7067800af150c,a461d76f028d5adfb067981bb76fb9b9,pair_dissolved_naturally,exact,exact,1.0,1.0
213da9f5a552fe444cc29d0efc6dab85,75e63dc8f8264b414c01a8adc237131a,both_deleted,deleted,deleted,,
213da9f5a552fe444cc29d0efc6dab85,7b08ff72f76f5d64adb52c5ef46b5b03,both_deleted,deleted,deleted,,
2154eb78b14182d9e14e34c78e5c0902,70aa16dad0a7729ff9195998fcb8eea0,pair_dissolved_naturally,exact,exact,1.0,1.0
2160cae0bb1b486756314e36267d47cc,a7d50ff979f8d4957ba32fe0c32cccc1,pair_dissolved_naturally,exact,exact,1.0,1.0
2160cae0bb1b486756314e36267d47cc,fec4d91c4a4adc5f2d335bf9185d1556,pair_dissolved_naturally,exact,exact,1.0,1.0
21f52bfbb52bd9ee0f5dd8e0b42963e0,6e00464a4a4edc53ed02cd997cc43675,pair_dissolved_naturally,exact,exact,1.0,1.0
220411190cc67b975f83066b4ccf4888,231f6bfbf6159ba567014cc7671350d7,pair_dissolved_naturally,exact,exact,1.0,1.0
226fe8204d400413b9bfb8a8e5245832,fe9d4212f25ca3a60011106367b0b978,pair_dissolved_by_refactoring,exact,signature_changed,1.0,1.0
22847fdfb60634c390fab42761a75eee,285abd06a919f428a34a8174701683ef,pair_dissolved_by_refactoring,signature_changed,exact,0.97,1.0
22847fdfb60634c390fab42761a75eee,bf4bb721585f87f986fdef73320b5011,pair_dissolved_by_refactoring,signature_changed,exact,0.97,1.0
228b1b237e839625a6e560be597f6f8c,c6c80f4f079fa8013bd36539a3e25858,pair_dissolved_naturally,exact,exact,1.0,1.0
22b0e11461e065cc3cfb2bc1d5c53bcd,ed2db94feabef857bae82db7a3c15b39,both_deleted,deleted,deleted,,
22ceecd98106f2a86265cf0989f61b03,354be5520efaec01498fbf3d63e8b730,pair_dissolved_naturally,exact,unknown,1.0,
22ceecd98106f2a86265cf0989f61b03,adde6d644ef6d7b3cc7b35b7f9ce0e35,pair_dissolved_naturally,exact,exact,1.0,1.0
22ceecd98106f2a86265cf0989f61b03,e034ad30c31a985aa4cbb276fdc1d42e,pair_dissolved_naturally,exact,unknown,1.0,
22e2fd1e473e9dc05f654495c6123197,cef4f659af2ff19515fe4207db8a5125,pair_dissolved_naturally,exact,exact,1.0,1.0
2318736ec88090103db9dd4769d8514d,4a3e65ab6292cbc424f259a09b350b2c,pair_dissolved_naturally,exact,exact,1.0,1.0
2318736ec88090103db9dd4769d8514d,d02c4057c3d978ff036cd765f2643afd,pair_dissolved_by_refactoring,exact,moved,1.0,0.99
233a3bd3acbcfbe1d9829c4806faadcd,9c4c6c3d79fc5b6e5ee8f74f10e0ebf6,pair_dissolved_naturally,exact,exact,1.0,1.0
236a3d43f0c486ed54676497cede52cb,c34784926232f9a0daa5b5caad75aecd,both_deleted,deleted,deleted,,
236a3d43f0c486ed54676497cede52cb,f33a1a7dc4160956ab20a23fd1866858,both_deleted,deleted,deleted,,
236f3ea8df7924569818a3da36ef664e,286b6f49b22497968f95b32a75d9eb52,pair_dissolved_by_refactoring,moved,signature_changed,0.9,0.76
236f3ea8df7924569818a3da36ef664e,3559b3879ee31896ce622f740a6f9091,pair_dissolved_by_refactoring,moved,moved,0.9,1.0
236f3ea8df7924569818a3da36ef664e,fd89d8df7d15e69b3834a1a0670b8ede,pair_dissolved_by_refactoring,moved,exact,0.9,1.0
2398822a0304283da2fbe7cfc77f6617,e3418c84e63b331730dad41cbaac0949,pair_dissolved_naturally,exact,exact,1.0,1.0
23d0173c97d1933ae35430782e140ae0,b0acd6b4f6f0321cd44dee47c49d3d79,pair_dissolved_naturally,exact,exact,1.0,1.0
24248f9016557e93a461dfe125b6bf49,5a267233620e6c96f3c969f8c0bc13c0,pair_dissolved_by_refactoring,exact,signature_changed,1.0,1.0
24746d1229ebdb0f9d2d2f75407e6d0a,f4e693ad30945cad375c530bab0597e9,pair_dissolved_naturally,exact,exact,1.0,1.0
248aa4281374f3c19bb5e212b8e24083,41fb4d290dba19b92d52fae57eea4a0b,pair_dissolved_naturally,exact,exact,1.0,1.0
248bd6e5686dcc1050204f20ec3e6687,847e831ab6c7906b9976fed856a8bded,pair_dissolved_naturally,exact,exact,1.0,1.0
25105795c6a037fa3628ecb7a15b0248,7fc2bd245002712fa10f382eb6636247,pair_dissolved_by_refactoring,signature_changed,exact,0.7,1.0
25206385ab29ac3931f7aa1e3a8d2679,5a648143ee34027d523ba113a7d0eadb,pair_dissolved_naturally,exact,exact,1.0,1.0
25206385ab29ac3931f7aa1e3a8d2679,bccf66fbbd6e3369109074468fca713d,pair_dissolved_naturally,exact,unknown,1.0,
25206385ab29ac3931f7aa1e3a8d2679,edc08bde65af4dbdda4264e4dfe69bff,pair_dissolved_naturally,exact,exact,1.0,1.0
253f81d0576844d3032745242cb9b401,e520b091140415f139945e1037181ffb,both_deleted,deleted,deleted,,
259863e76484286af55e0447983d04af,a34ed35cdeba0df3ec3c16249ecc5011,method_a_deleted,deleted,exact,,1.0
25acec928c9de6214e67054047a32f13,5d389510f88964aa1e13eb99755a9ed7,pair_dissolved_naturally,exact,exact,1.0,1.0
25c3c51010a0d59cc181b004e944862f,60d68be507efe1dcdd4bb8e94093f218,pair_dissolved_naturally,exact,exact,1.0,1.0
25dd8d9576100ed5813cb40b56cbcf48,4563381646c16a318afb907e76508fe8,pair_dissolved_by_refactoring,signature_changed,signature_changed,0.73,0.84
25e0c82b2fc16faf547be921bd249359,a1638d4f468ace588a54b9de73b8d1c9,pair_dissolved_naturally,exact,exact,1.0,1.0
25e36695da3ae487e49803c6e4580f8e,65f2505a7c1fd3f9f727dc100c47f190,method_b_deleted,exact,deleted,1.0,
263f0da8377c624d0c751253a97b608d,6dd7ffed0cde7b260ee26685b524c5db,pair_dissolved_naturally,exact,exact,1.0,1.0
266b9052e89e6f502122f68a1fdb1002,45546263c518cc663676ce7d5cb3e237,pair_dissolved_naturally,exact,exact,1.0,1.0
266b9052e89e6f502122f68a1fdb1002,87e7a5d793c9d9437080eb1ac5513aa6,pair_dissolved_naturally,exact,exact,1.0,1.0
275b3a48b2ff90959d4f01f6371f389b,d03217bdda681b9e276f18b074eb7023,pair_dissolved_naturally,unknown,exact,,1.0
275f5e9d3ebf2c81aa43820e5e1dfd9c,d029a88b5ddec15199010db9516f9742,pair_dissolved_naturally,exact,exact,1.0,1.0
276b3eb6efd3b471b0476623db919d03,38c5f40bf6ef52a300aa33fa94f48db3,pair_dissolved_naturally,exact,exact,1.0,1.0
276b3eb6efd3b471b0476623db919d03,551d6ed8518d730525e1f2b25a8447f2,pair_dissolved_naturally,exact,exact,1.0,1.0
276b3eb6efd3b471b0476623db919d03,5b0d7d00f687fdcf9d4fbf8423fa4594,pair_dissolved_naturally,exact,exact,1.0,1.0
2786ad37a28cf629dd5a8d39315cb2ef,3314b7a49f92326804f39ceb566d64b5,pair_dissolved_naturally,exact,exact,1.0,1.0
27cfbc05750541c125ccd575d072cb8d,54150880c9f9e8e8c1d43a20514fb743,pair_dissolved_by_refactoring,exact,signature_changed,1.0,0.93
27cfbc05750541c125ccd575d072cb8d,b1a2d6e64054b91b0992032f1f86571c,pair_dissolved_by_refactoring,exact,signature_changed,1.0,0.91
27fd24290c69a488c0a0039bba97457a,4c921f9d7c3ca55ac1dfbf43259f11ae,pair_dissolved_by_refactoring,signature_changed,exact,0.8,1.0
27fd24290c69a488c0a0039bba97457a,aa74d28e6fe9b491571f7881f0d0051b,method_b_deleted,signature_changed,deleted,0.8,
28071d4aee6c2b9789891fa4d16fdfd2,46e2bc92a12cd9e8aba844e1c4c38223,pair_dissolved_naturally,exact,exact,1.0,1.0
2821ae23e8e224a46c2e22e831a2ab33,65f2505a7c1fd3f9f727dc100c47f190,method_b_deleted,exact,deleted,1.0,
2860428acb848e1fa11af472ce50bea9,2a43bbd478e2d094b8fc73a208fa8332,method_a_deleted,deleted,exact,,1.0
286b6f49b22497968f95b32a75d9eb52,3559b3879ee31896ce622f740a6f9091,pair_dissolved_by_refactoring,signature_changed,moved,0.76,1.0
286b6f49b22497968f95b32a75d9eb52,f6bfe82ab26d72165abecf480890cd5a,pair_dissolved_by_refactoring,signature_changed,renamed,0.76,0.9
286b6f49b22497968f95b32a75d9eb52,fd89d8df7d15e69b3834a1a0670b8ede,pair_dissolved_by_refactoring,signature_changed,exact,0.76,1.0
286da8d26c529bfdb49c8c0e86286a19,ca1f55fe0777fb9be6a67ddd014f3806,pair_dissolved_by_refactoring,signature_changed,signature_changed,0.95,0.91
286e6c2867e69761d89361e17edb313a,d5c4c030e0152e500a11d409fd5202d9,pair_dissolved_naturally,exact,exact,1.0,1.0
287e181d33cd82df7b48909c22a2e5a1,c068c417d19bb8ce2d6fcee01e0be511,both_deleted,deleted,deleted,,
2886caf63d707497128d439da48ff42b,5d19b5f8b888f6c2da07362213f4a915,method_b_deleted,exact,deleted,1.0,
288fe7f62c96d637fb0458b2cae45eb0,39842afbf87c685cb5bc0efdeb0e9150,method_a_deleted,deleted,exact,,1.0
28cafe52b62182a89b1f730c91c0178d,2b9058905e2d1469d69d2f00a6847b26,pair_dissolved_naturally,exact,exact,1.0,1.0
29019cbc7bc2af4c071fbbfc06d3e806,e7b94782c1e1e29bb45b6f1488c373ad,pair_dissolved_by_refactoring,signature_changed,refactored,0.97,0.73
295084ccdebccdaea867440a9479a7f0,81df4892fd9617b27fa4d5e31f5e642e,pair_dissolved_by_refactoring,moved,moved,0.96,0.96
295084ccdebccdaea867440a9479a7f0,dd36ddc1e152e677ed16de65da4bfb45,pair_dissolved_by_refactoring,moved,moved,0.96,0.96
295084ccdebccdaea867440a9479a7f0,feca1bbee8ba935b94d9ce7d2cf3977f,pair_dissolved_by_refactoring,moved,moved,0.96,0.96
2965e757073f1128f8821897477ce2ad,ab3a8671211ba800c56a7308d7355cfd,pair_dissolved_naturally,exact,exact,1.0,1.0
297fc34284606328952d9a8e0707acd9,9cf1d6a8e968952f450e3395ca29e16d,pair_dissolved_naturally,exact,exact,1.0,1.0
297fc34284606328952d9a8e0707acd9,b7eda78914e3c631088a5318b90923b4,pair_dissolved_naturally,exact,exact,1.0,1.0
297fc34284606328952d9a8e0707acd9,c717d8875913cea85b4b426b091a9634,pair_dissolved_naturally,exact,exact,1.0,1.0
297fc34284606328952d9a8e0707acd9,e4a46302cbc8f4a355a16e1f531abc62,pair_dissolved_naturally,exact,exact,1.0,1.0
2988bd739cde60205a69be62995b9317,d40fb9bfbc2e40f0f2c0c211994d8547,pair_dissolved_naturally,exact,exact,1.0,1.0
29b3b8049418f07042d2815d45f76ae0,a4a26a25fb8407b4bdc719229ee7da11,pair_dissolved_naturally,exact,exact,1.0,1.0
29b71394ecd5b0cb2dd732da991fda61,41d92ba576455c403331fb5a293174ca,pair_dissolved_by_refactoring,refactored,refactored,0.77,0.8
29b71394ecd5b0cb2dd732da991fda61,8b5103566f0696338ab1729994e2496b,pair_dissolved_by_refactoring,refactored,refactored,0.77,0.72
29b71394ecd5b0cb2dd732da991fda61,92d62b7d3939d9b8dba34fc3485407a1,pair_dissolved_by_refactoring,refactored,exact,0.77,1.0
29ba5ef94c4571e186392049533b8ad4,906a6ac34bb2197d88cda7cf006b1fac,pair_dissolved_naturally,token_hash,exact,1.0,1.0
29f9f668d751d3a67d36e51163c88097,65f2505a7c1fd3f9f727dc100c47f190,method_b_deleted,exact,deleted,1.0,
2a0d5a8bbf0262a1d1f56f5a6a7c307a,4522dcbd7d24f4f2519ec2a3a27ada23,pair_dissolved_naturally,exact,unknown,1.0,
2a2f79d221e6f6e81e641ee49cfd8506,381317e94976c76a831529ffddf4f1a7,method_a_deleted,deleted,exact,,1.0
2a2f79d221e6f6e81e641ee49cfd8506,5d412fa102cedf6037b2eda2a43136cd,method_a_deleted,deleted,token_hash,,1.0
2a2f79d221e6f6e81e641ee49cfd8506,bfdfc4305eac0a4b009705ea0d71ec8c,method_a_deleted,deleted,token_hash,,1.0
2a2f79d221e6f6e81e641ee49cfd8506,f4178c56bdcae74b89bb91c4a5254fa7,method_a_deleted,deleted,exact,,1.0
2a3f61412b45dcd4cd3b3f5bfb109985,58bd101ee0940ec2eb5da241938bdd80,pair_dissolved_by_refactoring,signature_changed,exact,0.96,1.0
2a6d4bfb692d368d606781d8cbd4084e,2e4383f5ae09bbfd32a5dd462768e456,pair_dissolved_by_refactoring,exact,moved,1.0,0.95
2a8998cc7f33bd30f0837c006e276e97,2f96b331fb05a933fb9ab34190991067,pair_dissolved_naturally,exact,exact,1.0,1.0
2a8998cc7f33bd30f0837c006e276e97,9b968167181051bdc8f81087bab309e6,pair_dissolved_naturally,exact,exact,1.0,1.0
2a983f50a9f1ce4787c5c9aee03c81df,5db82046d1b99e61ee46e50efc063870,pair_dissolved_naturally,unknown,exact,,1.0
2acef82d01811396b2d9c1bb80b9bc8e,301f2e5750276f3502ee7718bc6d88ef,both_deleted,deleted,deleted,,
2acef82d01811396b2d9c1bb80b9bc8e,5acd69c9730dc4f8188406d0d8c708db,both_deleted,deleted,deleted,,
2acef82d01811396b2d9c1bb80b9bc8e,67f1d80c78449951632c64ea2e7db18c,both_deleted,deleted,deleted,,
2addf42d87a9823f6ebe3c3a49663b30,cbff507411eae42e4d16b85542049e5e,pair_dissolved_naturally,exact,exact,1.0,1.0
2adea909a821c5247b76f67bccfd097b,eb35d78efd131965392ebe8c9295f386,pair_dissolved_by_refactoring,moved,moved,1.0,1.0
2b4010d9ba4407c573b768918274703b,ca64de66731dc646b7a131894e8b60bf,pair_dissolved_naturally,exact,exact,1.0,1.0
2b5527c9c335b0f15918a283f7ee8619,7313f87ea6e729710062e65a5ab93c35,pair_dissolved_naturally,exact,exact,1.0,1.0
2b8e2168cff726fff2163a6ff48ce2cd,4d371d4786685a28de41d9976e9ff12d,pair_dissolved_naturally,unknown,unknown,,
2b8e2168cff726fff2163a6ff48ce2cd,52627d1f1aa3167eb52dd57b838a08df,pair_dissolved_naturally,unknown,exact,,1.0
2b8e2168cff726fff2163a6ff48ce2cd,5a630d885ac18415caff74de06c84f84,pair_dissolved_naturally,unknown,exact,,1.0
2b8e2168cff726fff2163a6ff48ce2cd,5d068f878789948ecfd82593d746f442,pair_dissolved_naturally,unknown,unknown,,
2b8e2168cff726fff2163a6ff48ce2cd,ba93b1f54fe44b86243137d828c0f9a3,pair_dissolved_naturally,unknown,unknown,,
2b8e2168cff726fff2163a6ff48ce2cd,dfc522bfe4b7520c68514ec54bf13beb,pair_dissolved_naturally,unknown,exact,,1.0
2b8e2168cff726fff2163a6ff48ce2cd,f194544ba2911f3782e8b6e865d895aa,pair_dissolved_naturally,unknown,unknown,,
2b8e2168cff726fff2163a6ff48ce2cd,f4499f180e6b8e4fbc2b46c1e4ee5567,pair_dissolved_naturally,unknown,unknown,,
2b9058905e2d1469d69d2f00a6847b26,38b205b3b7d5d7bd6a4b85aa32ac6f12,pair_dissolved_naturally,exact,exact,1.0,1.0
2b95440c40f3bdf006f5718a62e311d0,8757d0eb6dde422fb991cef38bca7c44,pair_dissolved_naturally,exact,exact,1.0,1.0
2bef8d790e5d7a905efc1157edf78eb5,3e75de0340ee65629b7c6bb0c008a9e1,method_b_deleted,unknown,deleted,,
2bef8d790e5d7a905efc1157edf78eb5,d935d683617510e73db636f05f9b7ff5,pair_dissolved_naturally,unknown,exact,,1.0
2c68a910486c4a7c544d6b33eab3a153,ae862dbe03fbda84eb4b6c1fe05525bd,pair_dissolved_naturally,exact,exact,1.0,1.0
2cb1ca5bc4328e5454babb446b0aa932,520dbd9ea2335a5355b370d6dbe56a40,pair_dissolved_naturally,exact,exact,1.0,1.0
2cb7e685b500770fff0132301796f7ed,414ec24eaecabad2f0ace34dc7a09185,pair_dissolved_naturally,exact,exact,1.0,1.0
2cb7e685b500770fff0132301796f7ed,7e674585de549bd78421f62bddb5e457,pair_dissolved_naturally,exact,exact,1.0,1.0
2cb7e685b500770fff0132301796f7ed,8a29164c02b79d1fcbd6edd060db2fe0,pair_dissolved_naturally,exact,exact,1.0,1.0
2cb7e685b500770fff0132301796f7ed,c6433c0cca50dcdb2cd2076a0c079d6d,pair_dissolved_naturally,exact,exact,1.0,1.0
2cc7cc4abdc451a9f60671a68eb07f11,82d003b373aa4adcaa2ef724cea6a500,pair_dissolved_by_refactoring,signature_changed,renamed,1.0,0.98
2cd7209c9213da2679f1bbe13d6f62a6,fbe108a9b3d68da9075d1d9b0700685c,pair_dissolved_by_refactoring,moved,moved,0.98,0.96
2cdc3557a21025a528ac3897f3fe0635,c64296d21a0bce762ccf2405e97f420c,pair_dissolved_naturally,exact,exact,1.0,1.0
2cdc3557a21025a528ac3897f3fe0635,f8b4f7960c8680096919790e3e644641,pair_dissolved_naturally,exact,exact,1.0,1.0
2cef6c7bf68ee37facf89f49cc86fe3f,3d7fc183ecc4d4da870c289e31489eea,both_deleted,deleted,deleted,,
2d02014520cec4f94c23e0e3c67b7870,32137b182b86241d89895acb43f2614f,pair_dissolved_by_refactoring,signature_changed,exact,1.0,1.0
2d02014520cec4f94c23e0e3c67b7870,6522eecaeaeb7b67ac414ce5bbf0c0fd,pair_dissolved_by_refactoring,signature_changed,exact,1.0,1.0
2d02014520cec4f94c23e0e3c67b7870,65395eef18df3e629ea16faf30a1ed35,pair_dissolved_by_refactoring,signature_changed,exact,1.0,1.0
2d02014520cec4f94c23e0e3c67b7870,be3922339c0fc892f9351f1451815fe4,pair_dissolved_by_refactoring,signature_changed,exact,1.0,1.0
2d534d4d7379de103be152f660854f3d,a971496060c5abc8bb9d28001261cb12,pair_dissolved_naturally,unknown,exact,,1.0
2d94994f2553a1c57c25aa8815c23dfb,c6cd58bb6ac9d01cb29e9b6764d6e99b,pair_dissolved_by_refactoring,token_hash,moved,1.0,0.95
2d94994f2553a1c57c25aa8815c23dfb,d9311fe06f44e6a9dd9598d8e2285835,pair_dissolved_by_refactoring,token_hash,moved,1.0,0.96
2db5ab2645bc1e7c5010970c4e7bcb4d,b16ad60a1429736f7ee0e1cc191047b9,pair_dissolved_by_refactoring,moved,exact,0.97,1.0
2dd21cbee268cb5898703a08e355910e,4190de685d0bc705463e28fd41645bb9,pair_dissolved_naturally,exact,exact,1.0,1.0
2dd21cbee268cb5898703a08e355910e,53f50b6d497f1d490485e5d894f5d740,pair_dissolved_naturally,exact,exact,1.0,1.0
2dd21cbee268cb5898703a08e355910e,6afe876fdf031bdc1339577c8e5bd1c3,pair_dissolved_naturally,exact,exact,1.0,1.0
2dd21cbee268cb5898703a08e355910e,6f1cfb71857d71dfa6cad0fd3bb8e7a5,pair_dissolved_naturally,exact,exact,1.0,1.0
2dd21cbee268cb5898703a08e355910e,8ff099acb79da4d0bbcc3065c3930e10,pair_dissolved_naturally,exact,exact,1.0,1.0
2dd21cbee268cb5898703a08e355910e,dccae463de53e77bfb3322a6bbb51da0,pair_dissolved_naturally,exact,exact,1.0,1.0
2dd21cbee268cb5898703a08e355910e,e05b07a377543ceeda236def2614367f,pair_dissolved_naturally,exact,exact,1.0,1.0
2dd21cbee268cb5898703a08e355910e,e605a4282118806466e0980fe6e409d9,pair_dissolved_naturally,exact,exact,1.0,1.0
2dd21cbee268cb5898703a08e355910e,e79a26779cb2af035a2de65d98c8a8c3,pair_dissolved_naturally,exact,exact,1.0,1.0
2dd6f1ba479a4f023ad3b30c27a3946b,89ac1ac86da3f8613ea6013343bbb72d,both_deleted,deleted,deleted,,
2dee48c6e8e9057b67feb2b16317f113,c3316ca21de610268a9f5677b8b6eaa4,method_a_deleted,deleted,refactored,,0.82
2dee48c6e8e9057b67feb2b16317f113,e8019c1a94c06639ecb7275705e75685,method_a_deleted,deleted,signature_changed,,1.0
2e1903abe2671357b191cf0a624c4646,737b244109904d79c93d5326a7b57705,pair_dissolved_naturally,exact,exact,1.0,1.0
2e4383f5ae09bbfd32a5dd462768e456,5e03d921571952fe60e41adcb8130882,pair_dissolved_by_refactoring,moved,exact,0.95,1.0
2e4383f5ae09bbfd32a5dd462768e456,6c96f48b8f058e2703044507f039a219,pair_dissolved_by_refactoring,moved,exact,0.95,1.0
2e4383f5ae09bbfd32a5dd462768e456,8c2824cc291e504bdf77215e1bb1c4c5,pair_dissolved_by_refactoring,moved,exact,0.95,1.0
2e4383f5ae09bbfd32a5dd462768e456,951a5b068a8b0288041bdedf13326428,pair_dissolved_by_refactoring,moved,exact,0.95,1.0
2e4383f5ae09bbfd32a5dd462768e456,a264da850cb1e8febb52c222531cf0c0,pair_dissolved_by_refactoring,moved,exact,0.95,1.0
2e4383f5ae09bbfd32a5dd462768e456,a59d203b05330ae8e74de59ae7dace3e,pair_dissolved_by_refactoring,moved,exact,0.95,1.0
2e4383f5ae09bbfd32a5dd462768e456,b16bba164f375b40387813bb35b51517,pair_dissolved_by_refactoring,moved,exact,0.95,1.0
2e4383f5ae09bbfd32a5dd462768e456,bb087fb2706719628568a69759246375,pair_dissolved_by_refactoring,moved,exact,0.95,1.0
2e4383f5ae09bbfd32a5dd462768e456,f2a8c07ae966f7e66839112f965537e4,pair_dissolved_by_refactoring,moved,exact,0.95,1.0
2e527cf9f4d00b91d49716042444c7d1,a04856854130e0d2dbc807bb6ce45f03,method_b_deleted,exact,deleted,1.0,
2e87b7b3bb3f83e695eb47b5d9931016,6d82800f4c9a305f34812ee6cd035d9a,pair_dissolved_naturally,exact,exact,1.0,1.0
2ebbaa8d6930a2750113ac83b92e0a2b,e5b8fac0a379d519c17eaa5f32fabca1,pair_dissolved_naturally,unknown,exact,,1.0
2ebf1655fa70447878392affd7a78b0e,d4a6c4abe01c5e8b6476ed118c403c01,pair_dissolved_naturally,exact,exact,1.0,1.0
2ee65fa6994bb0b43ec65f9eec72f598,a7991f8d58ff58bbde8925518a1e1708,pair_dissolved_by_refactoring,signature_changed,unknown,1.0,
2ee65fa6994bb0b43ec65f9eec72f598,ced51eb3186dc33b29f011c1b2fbc086,pair_dissolved_by_refactoring,signature_changed,unknown,1.0,
2f2eccf2db48e33f88f93228db280500,a1937ecc5d35f7239b5a0c49457ec9a5,pair_dissolved_by_refactoring,exact,signature_changed,1.0,1.0
2f2eccf2db48e33f88f93228db280500,d56f5ee7fccdde8f8fd17998c35fad23,pair_dissolved_by_refactoring,exact,signature_changed,1.0,1.0
2f61d680ecae611980fe31e9e8b11b35,3dd63ada9a973424af101a1a19d73c1e,method_a_deleted,deleted,exact,,1.0
2f61d680ecae611980fe31e9e8b11b35,9e4bbae47f0efecd44557363715663ef,method_a_deleted,deleted,exact,,1.0
2f61d680ecae611980fe31e9e8b11b35,be202d8e47d1b7709a0584c6250a7783,method_a_deleted,deleted,exact,,1.0
2f61d680ecae611980fe31e9e8b11b35,c976477a494693a9f63207bb19ce4ebf,method_a_deleted,deleted,exact,,1.0
2f9a2c8ddb7d9d5dcfbb34b794bd3ddf,b98f695d6a5e449ee5396f51e4faebaa,pair_dissolved_naturally,exact,exact,1.0,1.0
2fd28f26d8a2cb6c3387ae09d34a6927,3e5e25be6f69c0b9ae9977928bd1d606,pair_dissolved_by_refactoring,signature_changed,signature_changed,1.0,0.96
2fe5f2b773b5528ab8572f5300aea542,ebd46f02fe529068345789fb9422a2d0,pair_dissolved_naturally,exact,exact,1.0,1.0
301f2e5750276f3502ee7718bc6d88ef,5acd69c9730dc4f8188406d0d8c708db,both_deleted,deleted,deleted,,
301f2e5750276f3502ee7718bc6d88ef,67f1d80c78449951632c64ea2e7db18c,both_deleted,deleted,deleted,,
30408ae4027003b7cb61619caf6c6d21,37d76edceeb04abe94c40060a1d5a863,method_b_deleted,exact,deleted,1.0,
305a3979b2e2792c51330e29512afdb6,65f2505a7c1fd3f9f727dc100c47f190,method_b_deleted,exact,deleted,1.0,
3062937ec85ad2cc3d37c6ef5570b43c,a28cbc9aee28ae8b8d62417bd47d70ec,pair_dissolved_naturally,exact,exact,1.0,1.0
3076493218ba15250c61aeea55ef41e1,4f79ca520679df4d825c3231c001c2bc,pair_dissolved_naturally,exact,exact,1.0,1.0
30cda983dd2c6a764b397b8a8ffcc28a,5d2928522367eb8613109ab3bb0dee43,pair_dissolved_naturally,exact,exact,1.0,1.0
31497ee241af5059b55a768692bc000e,de99616c12bec95caca75b73195ad06a,pair_dissolved_by_refactoring,exact,signature_changed,1.0,0.97
314c46f90481a3bb6b5cd842fc1441ce,385a6ba35c7f2434f7ba97b50867ac2a,both_deleted,deleted,deleted,,
314c46f90481a3bb6b5cd842fc1441ce,afdc3eae10e0ef227f118954eb4a52b5,both_deleted,deleted,deleted,,
314e805f31c45a07ebbb0a4c84a750cf,78e080fbc3fc59a81c1408aae9e72df7,pair_dissolved_naturally,exact,exact,1.0,1.0
314ed17387625f4cedf8fe54eca13fff,5966681071c976011e66bc7b1108abff,pair_dissolved_naturally,exact,exact,1.0,1.0
3156063572db14c26ab2f931652adefa,7b08f56b9de56c00700d2a2ea1b127d1,pair_dissolved_naturally,exact,exact,1.0,1.0
31af497ff6f5428429943c12ed1607e7,ce3c2fab04c6de5d44d2c014b072fbc9,pair_dissolved_by_refactoring,moved,token_hash,0.99,1.0
31c823e1dbe8b41120799a7b8dff1d4a,741cefb91bef1942a92f0b26d0154662,pair_dissolved_naturally,exact,exact,1.0,1.0
31d81884ecf70706abc04a49d9e7f6f2,70990deb0cd5147058ea53fa449259cb,pair_dissolved_naturally,exact,exact,1.0,1.0
32917df7cd68f5e7169f4b4efde496e2,7cdacac814432157de0edc5820102640,pair_dissolved_naturally,exact,exact,1.0,1.0
329c54eb2271d3a4e2e6f728965bb252,6d8feae2fe48f504854253f0c924445d,pair_dissolved_by_refactoring,moved,moved,0.93,0.93
32ce1fa453a6a8d704302d75e04ed005,c109e218b45280cf5ee4b04f352f5e9b,method_a_deleted,deleted,token_hash,,1.0
32d508e41d8003e59ae19b0068ad7e9b,5e370b97eac1b39321a7807e5f84b53d,pair_dissolved_naturally,exact,exact,1.0,1.0
331a992a7fe449bb09c7c1e47bcd4f8b,ef10268e5cc8643919601c378977f5db,pair_dissolved_by_refactoring,unknown,signature_changed,,0.87
337850cece5455575bc6af270ae330bf,8799ef962ffb26a1cc89bef6dbb64719,method_a_deleted,deleted,refactored,,0.83
33a6d8fce14deb1b303804d4e8a5ca94,586cb79a75ce4d4815f71aa4dcefccb8,both_deleted,deleted,deleted,,
33a6d8fce14deb1b303804d4e8a5ca94,b3b5568b4bd43b5dc074bd2fb7d48ee5,both_deleted,deleted,deleted,,
33c60ba2142ea819f534ccd010a05648,cea2a8b83dec90b7bf94f0b1697513b0,pair_dissolved_naturally,exact,exact,1.0,1.0
33daea29ecc6ff3205cd4990ab5d9637,48a65586c26178516058b2630f2ae51f,pair_dissolved_naturally,exact,exact,1.0,1.0
33daea29ecc6ff3205cd4990ab5d9637,8a0c1ca32a296ddc125adb9028462eef,pair_dissolved_naturally,exact,exact,1.0,1.0
33daea29ecc6ff3205cd4990ab5d9637,d64248a33cc779715657aff3c2db1131,pair_dissolved_naturally,exact,exact,1.0,1.0
33daea29ecc6ff3205cd4990ab5d9637,f8824cdaceb01c4905ac4d9ba77c53a9,pair_dissolved_naturally,exact,exact,1.0,1.0
3516fcb5fbc697ab6b81c9d99556579b,a55e183889c086627f0ff744b17d48b5,pair_dissolved_naturally,exact,unknown,1.0,
354be5520efaec01498fbf3d63e8b730,adde6d644ef6d7b3cc7b35b7f9ce0e35,pair_dissolved_naturally,unknown,exact,,1.0
354be5520efaec01498fbf3d63e8b730,e034ad30c31a985aa4cbb276fdc1d42e,pair_dissolved_naturally,unknown,unknown,,
3559b3879ee31896ce622f740a6f9091,f6bfe82ab26d72165abecf480890cd5a,pair_dissolved_by_refactoring,moved,renamed,1.0,0.9
3559b3879ee31896ce622f740a6f9091,fd89d8df7d15e69b3834a1a0670b8ede,pair_dissolved_by_refactoring,moved,exact,1.0,1.0
35631d5b1bd5fdcc6c90fa3c4c54dcd9,71b7623c07b983a756d72efdb4c4e344,pair_dissolved_naturally,exact,exact,1.0,1.0
358eb0fec23e73ef06245733f30c7857,928d258da67de9e368f94f98d7fcd77d,pair_dissolved_naturally,exact,exact,1.0,1.0
360b3c00ef27dcae84a9a17edec164d6,46754ff0eb573559a5c9d9a23a3c1bb6,pair_dissolved_naturally,exact,exact,1.0,1.0
360b3c00ef27dcae84a9a17edec164d6,a208ca57cd9c478b49e9d4b04a7c2da2,pair_dissolved_naturally,exact,exact,1.0,1.0
362e88645c1fc087267f2d56f61fc27f,fd728a8be817588f9c95e3d1e2f8b0c2,pair_dissolved_by_refactoring,exact,refactored,1.0,0.74
363aa8be9ae10735eda7afa2aa864e13,7c4d125f36bc27dfe838756de34830b2,pair_dissolved_naturally,exact,exact,1.0,1.0
3660bb3796d4a1a12561d3820303306f,f14ae12be9aeb51ca39213ba35509932,pair_dissolved_naturally,exact,exact,1.0,1.0
366219e483d345aca79c380a1c1bf12b,5f8d6b9a7ba8c571b3cd55746331becb,pair_dissolved_naturally,exact,exact,1.0,1.0
3664e76c789cf99df4ff7fb8bf13c1d2,8484b0d50b4306c28935449a5dcbaedf,pair_dissolved_naturally,exact,exact,1.0,1.0
366f0f789e15debe54458ec4496838c4,7393aefb1241266178674ccb0153abce,pair_dissolved_by_refactoring,signature_changed,signature_changed,0.94,0.97
366f0f789e15debe54458ec4496838c4,af27b81d308a5c48cc507b91d47d6805,pair_dissolved_by_refactoring,signature_changed,exact,0.94,1.0
368fdd388808c2698aa1544a14949110,e1e56736fe44b1972edad09a86b3de13,pair_dissolved_naturally,exact,exact,1.0,1.0
36a81b79bbedc8aab3c5f0fe9b018c91,464dd5ce45cabfd80e5007f4719700ee,pair_dissolved_by_refactoring,moved,exact,0.96,1.0
36ab58f296a166f049778f918874f4c0,490326acdf7f2969a32d3feb3b12069b,pair_dissolved_naturally,exact,exact,1.0,1.0
36ab58f296a166f049778f918874f4c0,c037532c0be748ce52f1adf12f04d39b,pair_dissolved_naturally,exact,exact,1.0,1.0
36ae9b7f76e513c7ac7b797fb92bb3cc,f978ef0671dcd3687c84144b0b84274d,method_a_deleted,deleted,exact,,1.0
3740856ce530b6ba54f9c19ba4779896,f59802ac88ff061662aa9c927e42b3ec,pair_dissolved_naturally,exact,exact,1.0,1.0
376c740e890ee8817db2c008faa4787f,65f2505a7c1fd3f9f727dc100c47f190,method_b_deleted,exact,deleted,1.0,
37834f628710abe19432d7f5e5e19af7,ab7d6fbe010de3adefb5713c6cdb6f3e,method_b_deleted,exact,deleted,1.0,
379c603468d06445184006482bf42857,3bdf059f00a230e39f636de736393fb2,pair_dissolved_naturally,exact,exact,1.0,1.0
379c603468d06445184006482bf42857,725302719996b4e329588de0ac09b29b,pair_dissolved_naturally,exact,unknown,1.0,
379c603468d06445184006482bf42857,82d081928a5f42d07e3e12ca8f09d2e2,pair_dissolved_naturally,exact,exact,1.0,1.0
379c603468d06445184006482bf42857,c0e32862501d8ac0e1c8458a60639480,pair_dissolved_by_refactoring,exact,signature_changed,1.0,0.93
379c603468d06445184006482bf42857,c247dd7abf21f09ba2f70c0eb72be9b0,pair_dissolved_naturally,exact,exact,1.0,1.0
379c603468d06445184006482bf42857,ce1d445ab7ee705fcc47b21fb4d3f645,pair_dissolved_naturally,exact,exact,1.0,1.0
37ca1db246a1d3a2169fba547f7403f8,6ba7d1fde7290ec7703ab5750a435b43,pair_dissolved_naturally,exact,exact,1.0,1.0
37ca1db246a1d3a2169fba547f7403f8,a37c33d3e6d4806f781de37457550432,pair_dissolved_naturally,exact,exact,1.0,1.0
37e98807a2d3b9885e76e042f5357343,66ed21ba5836ed8e12c4eb1944984bcc,pair_dissolved_naturally,exact,exact,1.0,1.0
37f3aa014bff25d56406986db4b34c18,ab3bcb2f2845be58771a6a9a020a4bdd,pair_dissolved_by_refactoring,signature_changed,signature_changed,0.97,0.98
385185f9c2175726e829687445eeff0c,4a5ccc33faf64671ebb310150f4259f4,pair_dissolved_by_refactoring,moved,moved,0.91,1.0
385185f9c2175726e829687445eeff0c,4b73449752cc20dc2d3e179fa430d103,pair_dissolved_by_refactoring,moved,moved,0.91,0.91
385185f9c2175726e829687445eeff0c,7bfe758e8c3521c77e47c15b69649a39,pair_dissolved_by_refactoring,moved,moved,0.91,1.0
385a6ba35c7f2434f7ba97b50867ac2a,afdc3eae10e0ef227f118954eb4a52b5,both_deleted,deleted,deleted,,
38c3620ba6a83c983cd693ec931ac8c5,7e63b9ffa495909a3decb20263343433,pair_dissolved_naturally,unknown,unknown,,
38c5f40bf6ef52a300aa33fa94f48db3,551d6ed8518d730525e1f2b25a8447f2,pair_dissolved_naturally,exact,exact,1.0,1.0
38c5f40bf6ef52a300aa33fa94f48db3,5b0d7d00f687fdcf9d4fbf8423fa4594,pair_dissolved_naturally,exact,exact,1.0,1.0
392a1e26d0f7061b9ac6bc37e5a7e1bc,4069ffa25d9a65f47f3ea7374f45ca3b,pair_dissolved_naturally,exact,exact,1.0,1.0
392a1e26d0f7061b9ac6bc37e5a7e1bc,654f2c999cd222f6429c6d0af679069c,pair_dissolved_naturally,exact,exact,1.0,1.0
3937d65829fe3ed2670fdb885aefa34d,e64bf01807c5cee47dfda34eb9cb8d3d,pair_dissolved_naturally,exact,exact,1.0,1.0
394d706edfa72be3dd9a9514fc69f99a,456cc184135c93bb6ddb955ab868579f,pair_dissolved_naturally,exact,exact,1.0,1.0
396461e1a879d1f083dd4b47e7a1b343,8bcac24295fcbd365dc3afed8dfedd19,pair_dissolved_by_refactoring,signature_changed,signature_changed,0.85,0.83
396461e1a879d1f083dd4b47e7a1b343,ef181ebd9a1ac2f04d965afaa0e4b368,pair_dissolved_by_refactoring,signature_changed,signature_changed,0.85,0.84
399bf9c2d498cf17c1a9c87f896396b4,520dbd9ea2335a5355b370d6dbe56a40,pair_dissolved_naturally,exact,exact,1.0,1.0
3a4e29a7980102af39fb60b2ece6dedf,e8db439ed682f73ed7949bbef1e58277,both_deleted,deleted,deleted,,
3a643817f5e8d6a58be03d54ca9a744d,b89949a15a7c077078521cf6f7988e3c,pair_dissolved_by_refactoring,exact,renamed,1.0,0.94
3a850a8860ec415f5a422b1c4d04d417,db1207f1576111ed9d4b4248c89a590e,both_deleted,deleted,deleted,,
3a8bac9a86a79ee856431573cede3d0d,ee3a5b295c7b3ff27b0a62302cf636f9,both_deleted,deleted,deleted,,
3a965cdbb002edc947edfcf27352793a,cd546185154a441364c10afcf7216990,method_a_deleted,deleted,exact,,1.0
3a965cdbb002edc947edfcf27352793a,e028542044ca5ee5f07429a02ea209fe,method_a_deleted,deleted,exact,,1.0
3aec22b6157d35853155e1a546bd3c48,856e7e7cb4be4f799403ac71af3b231a,pair_dissolved_by_refactoring,exact,renamed,1.0,0.9
3aec25aa43fe25c24ca1d3573bf3e15d,ad24f8b4283c4add329c8362407fb42b,pair_dissolved_by_refactoring,exact,signature_changed,1.0,0.87
3b4fe2aaf8428298175388d228be114f,dd80f7ea72fc4a218d98f30993d1b5d0,pair_dissolved_by_refactoring,exact,signature_changed,1.0,0.98
3b57436e74333d2c95237d64f1993c14,502ed1b69981303ecaad3e08e5799821,both_deleted,deleted,deleted,,
3bc4a85ee4982c68c0e7720228f58183,4f98bd1e19f279db228dd1db5e372f11,pair_dissolved_naturally,exact,exact,1.0,1.0
3bc4a85ee4982c68c0e7720228f58183,b46bfb500c6542ccca62a10de1923563,pair_dissolved_naturally,exact,exact,1.0,1.0
3bc4a85ee4982c68c0e7720228f58183,b905fe961510b19e5fbb35e381379316,pair_dissolved_naturally,exact,exact,1.0,1.0
3bdf059f00a230e39f636de736393fb2,8ec5e1f0cc27a9b2ef0994d043a24870,pair_dissolved_naturally,exact,exact,1.0,1.0
3bdf059f00a230e39f636de736393fb2,bbbae082eb45f67825a9da9e8003a2b6,pair_dissolved_naturally,exact,exact,1.0,1.0
3bdf059f00a230e39f636de736393fb2,c64296d21a0bce762ccf2405e97f420c,pair_dissolved_naturally,exact,exact,1.0,1.0
3c3e81acaeb81ed139f6c7808df244fc,7d1c4c2adb5b7afd61f376da3a834f1a,pair_dissolved_naturally,exact,exact,1.0,1.0
3c44e8f0b6d578e8d3ecc43044646e0b,67deb0a1ce3b37be99e949113463da85,method_a_deleted,deleted,refactored,,0.76
3c44e8f0b6d578e8d3ecc43044646e0b,9ece95c0ecbb996bd07d3d3753057831,method_a_deleted,deleted,refactored,,0.74
3cc9742ddb5db0621bc0dfeba54c2698,f822d640f00d248f3695aee6fff78454,pair_dissolved_naturally,exact,exact,1.0,1.0
3ced98fbcda91c6aa29c7540209bebc1,3fdf8e2c9ff01d76e8e5efc31b1a416b,pair_dissolved_naturally,exact,exact,1.0,1.0
3ced98fbcda91c6aa29c7540209bebc1,db8e649e6f059d8dc96e4e793ece79fe,pair_dissolved_naturally,exact,exact,1.0,1.0
3d231b9b4a7f7ecf0b8ebcbb79394e80,b12d1e8ebbecb654477d41ed517689bf,pair_dissolved_naturally,exact,exact,1.0,1.0
3d2c1a5247919676bbac0c4759a773ac,81c92f861bccdca5e18bff45e189eea3,pair_dissolved_naturally,exact,exact,1.0,1.0
3d2d096c2e9f39b900d112cc6abbf3a2,8bf5b46fca57a72e973b5cb69183e177,pair_dissolved_by_refactoring,signature_changed,exact,1.0,1.0
3d76e86a4f60e59d9f16ddce93cad7fa,77c595cfeb9d2266e8f1295cd01adeff,pair_dissolved_naturally,exact,exact,1.0,1.0
3d8f135fc1104f6a14bcbb9c6c823344,7f345773e4ad9fce71c436f455a34a91,pair_dissolved_naturally,exact,exact,1.0,1.0
3dd63ada9a973424af101a1a19d73c1e,9e4bbae47f0efecd44557363715663ef,pair_dissolved_naturally,exact,exact,1.0,1.0
3dd63ada9a973424af101a1a19d73c1e,c976477a494693a9f63207bb19ce4ebf,pair_dissolved_naturally,exact,exact,1.0,1.0
3e42cb1326040863961b8d47f3904332,e520b091140415f139945e1037181ffb,method_b_deleted,exact,deleted,1.0,
3e9ffca4d6764ecf9322606b3f4cac20,d26c1dd72c2ed2e1bb95d5dd8d183f9d,pair_dissolved_naturally,exact,exact,1.0,1.0
3ea1b67f29233dce9559fbb4a4c749f0,bd333f97e7a8497109ddcb0c2ececf6b,pair_dissolved_by_refactoring,signature_changed,signature_changed,0.9,0.91
3ebebfec8f2c2a206602bf61d23d05e8,6d82800f4c9a305f34812ee6cd035d9a,pair_dissolved_by_refactoring,refactored,exact,0.86,1.0
3ec7d39515c9a7ead45749f988715b7a,c88a1ce5e10c38a1070c30a3f0a416f8,method_b_deleted,exact,deleted,1.0,
3ed993fcc3b755efe557cc901fd50fd6,3fd4b9987eb74713086326511c26e039,pair_dissolved_naturally,exact,token_hash,1.0,1.0
3ed9aa590bdb4dcae4f9eb548c4fc06e,774b4b740fc85eab5663838a1172bac5,pair_dissolved_naturally,exact,unknown,1.0,
3ed9aa590bdb4dcae4f9eb548c4fc06e,bd7cfad46268e119f27dde5ea2de9a19,pair_dissolved_naturally,exact,unknown,1.0,
3edbb4da1de98ca68dbca7e4c61ad4d3,76b49466ded5dfa4444b7d20ae7516c8,both_deleted,deleted,deleted,,
3edbb4da1de98ca68dbca7e4c61ad4d3,907dda3b6615e92967144fdfe33eeea7,both_deleted,deleted,deleted,,
3edbb4da1de98ca68dbca7e4c61ad4d3,a93c636946e66bdfa166b6af03587a37,both_deleted,deleted,deleted,,
3edbb4da1de98ca68dbca7e4c61ad4d3,c62ca5989ecef34ba4cf67a97c807d19,both_deleted,deleted,deleted,,
3f0019e2df65b9b0439b7f641ecece39,9bb265f47b479ab68f166fe7d8d23999,both_deleted,deleted,deleted,,
3f15a4f123e1168b57fcd14332458041,503083d5cc8ede744104ebedbdf82b4a,pair_dissolved_naturally,exact,exact,1.0,1.0
3f9e3a1f31d5690369ca5c878bf4a1e8,e0318d1a20aa6b0f4aa6368d9a3e1d6c,both_deleted,deleted,deleted,,
3fbecabd7d869b24482f0f105704a08a,46754ff0eb573559a5c9d9a23a3c1bb6,pair_dissolved_naturally,exact,exact,1.0,1.0
3fbecabd7d869b24482f0f105704a08a,a208ca57cd9c478b49e9d4b04a7c2da2,pair_dissolved_naturally,exact,exact,1.0,1.0
3fddfee72609d8d93850ddc69400a92e,45c20f54e421d6ae636f526a066cc3ba,pair_dissolved_naturally,exact,exact,1.0,1.0
3fddfee72609d8d93850ddc69400a92e,9d55ee7e1e51ed4007b69cf16037eef2,pair_dissolved_naturally,exact,exact,1.0,1.0
3fddfee72609d8d93850ddc69400a92e,e4af209d2467325ba982ca770e8bd7e0,pair_dissolved_naturally,exact,exact,1.0,1.0
3fdf8e2c9ff01d76e8e5efc31b1a416b,7d4d3a6bd836d79a1ef23c2670c9b0c5,pair_dissolved_naturally,exact,exact,1.0,1.0
3fdf8e2c9ff01d76e8e5efc31b1a416b,8d55a3a6a0cc3be1805c2eb5f69c7b7d,pair_dissolved_naturally,exact,exact,1.0,1.0
3fdf8e2c9ff01d76e8e5efc31b1a416b,db8e649e6f059d8dc96e4e793ece79fe,pair_dissolved_naturally,exact,exact,1.0,1.0
400513d190dbc7a0966f6d4a0128fe4a,e6c74403b8191a92840e28e52638fe19,pair_dissolved_by_refactoring,exact,signature_changed,1.0,1.0
40259f1d16d0c787a97519b60027445c,71162e3b4109ef5c48955367f9729f1f,pair_dissolved_naturally,exact,exact,1.0,1.0
4052afda4d54dc18aadf521b10b34f19,54105913bc696b4c9066855a4d1dc11e,pair_dissolved_by_refactoring,exact,refactored,1.0,0.74
4052afda4d54dc18aadf521b10b34f19,de8c95412ce4142de8b7d4813afa2e77,pair_dissolved_naturally,exact,exact,1.0,1.0
407bb52f77d1e2fd378c76bf085d35b8,d87f48a5fb4fc5fdeba1ae591ef6ae2e,pair_dissolved_naturally,exact,exact,1.0,1.0
407bb52f77d1e2fd378c76bf085d35b8,ddc75afaed320476e7230b8b5326bb2c,pair_dissolved_naturally,exact,exact,1.0,1.0
40c89c8d8fbdeabffe4b646326444d7b,66b9e0c5c64b082d8347d2d591ea1369,pair_dissolved_naturally,exact,exact,1.0,1.0
40da0201d109baa2f97c8cb4c7eb19b6,7b4a8f3e9bdba83597821887e1b09d9f,method_a_deleted,deleted,exact,,1.0
40da0201d109baa2f97c8cb4c7eb19b6,a61479673c7610f8d496a9bae590d719,method_a_deleted,deleted,exact,,1.0
4108e74c055a084784dbfcaf7d06ac47,d1f527ccf73a1cfc3801802fa4cbc73f,pair_dissolved_naturally,exact,exact,1.0,1.0
410bdc9ee70bb9d2ee6909269e430887,82d003b373aa4adcaa2ef724cea6a500,pair_dissolved_by_refactoring,refactored,renamed,0.7,0.98
410ce9242a2822876bb8e59ce1db77a3,c66523b4e04a52f9df782bc14983515d,both_deleted,deleted,deleted,,
410ce9242a2822876bb8e59ce1db77a3,e27700e30f339d5f458259a0381c0592,both_deleted,deleted,deleted,,
4133ab167e608dffa74f3e96e8507d43,8fd957ea9ace25395edec9e0eb705afd,pair_dissolved_naturally,exact,exact,1.0,1.0
415bc45f0cae2b649c2bd72637eb4e9f,65f2505a7c1fd3f9f727dc100c47f190,method_b_deleted,exact,deleted,1.0,
4163d3d5ce8f439ec4a972ef087c1635,f59fb81ad03af7fc4a9e85ba5d7e20ca,both_deleted,deleted,deleted,,
4190de685d0bc705463e28fd41645bb9,6afe876fdf031bdc1339577c8e5bd1c3,pair_dissolved_naturally,exact,exact,1.0,1.0
4190de685d0bc705463e28fd41645bb9,6f1cfb71857d71dfa6cad0fd3bb8e7a5,pair_dissolved_naturally,exact,exact,1.0,1.0
4190de685d0bc705463e28fd41645bb9,8ff099acb79da4d0bbcc3065c3930e10,pair_dissolved_naturally,exact,exact,1.0,1.0
4190de685d0bc705463e28fd41645bb9,b5e2e372bf7bec6066d8c07839ba836c,pair_dissolved_naturally,exact,exact,1.0,1.0
4190de685d0bc705463e28fd41645bb9,dccae463de53e77bfb3322a6bbb51da0,pair_dissolved_naturally,exact,exact,1.0,1.0
4190de685d0bc705463e28fd41645bb9,e605a4282118806466e0980fe6e409d9,pair_dissolved_naturally,exact,exact,1.0,1.0
4190de685d0bc705463e28fd41645bb9,e79a26779cb2af035a2de65d98c8a8c3,pair_dissolved_naturally,exact,exact,1.0,1.0
41d92ba576455c403331fb5a293174ca,8b5103566f0696338ab1729994e2496b,pair_dissolved_by_refactoring,refactored,refactored,0.8,0.72
420f11c08aa58b90745906a2cf5e86aa,6eabc744ab32c64398cef2a898621abc,pair_dissolved_naturally,exact,exact,1.0,1.0
423bed534802eda1fe70ec776a1c4103,53a9c31d56e756385d28f6f91147c713,pair_dissolved_by_refactoring,signature_changed,exact,0.92,1.0
423bed534802eda1fe70ec776a1c4103,a063f307eb6fd96338c157bd9cac0292,pair_dissolved_by_refactoring,signature_changed,signature_changed,0.92,0.93
423bed534802eda1fe70ec776a1c4103,baa765efd0e8e4727aebc3e5330f2570,pair_dissolved_by_refactoring,signature_changed,exact,0.92,1.0
42876d89879afbf96df4c472fcf53e86,5101ff83f6cd5156fd1951b01f1e3e57,pair_dissolved_by_refactoring,exact,signature_changed,1.0,1.0
432e7a606536af6c3ebdb1d6bbe6937a,ab639c8b7e4a4bc6196d0148815a8cc0,pair_dissolved_naturally,exact,exact,1.0,1.0
432e7a606536af6c3ebdb1d6bbe6937a,ba05e242576dfbd86c645fb50d78adba,pair_dissolved_naturally,exact,exact,1.0,1.0
434a2ff1007ce255cd31188798067dc8,5fa19398d1d92e49c4a63b7fbc0bf696,method_b_deleted,unknown,deleted,,
436c07bf368b973f518a4f9ece4594ed,7e9ad5c686bca09704173a22484e406e,pair_dissolved_naturally,exact,exact,1.0,1.0
436d1e3b1a3bd2d8b6a61f008f14c9e9,85855c0821f5c80923f771be366d2c28,pair_dissolved_by_refactoring,exact,signature_changed,1.0,1.0
4373425048474984e2b46a5a687db51d,886aa9499d98aa44c6883a0fb32f40b8,both_deleted,deleted,deleted,,
4373425048474984e2b46a5a687db51d,fc289cf293420849ddae6960c2a615de,both_deleted,deleted,deleted,,
4438130a7fd6690ccd74bbd3d53973d0,fe11e940004816a538056f535d6563ae,pair_dissolved_naturally,exact,exact,1.0,1.0
445785da89b7f43f93536a251f80f136,654d9f1a775348854150b7bfab243d5e,pair_dissolved_naturally,exact,exact,1.0,1.0
44b5acf6d6e24b36aa6f5b69d83c80be,e379df8d5cfd8243774147eb7490e802,pair_dissolved_naturally,exact,exact,1.0,1.0
44d072e8bdf08283857ca31fe90ca317,4ad6aadb59c66c5f58ff23a94155427a,method_a_deleted,deleted,exact,,1.0
44d072e8bdf08283857ca31fe90ca317,54ac1727979a230a145c47f775ab7120,both_deleted,deleted,deleted,,
44d072e8bdf08283857ca31fe90ca317,820630ab53a1f9b18b1e1984e83d79b0,both_deleted,deleted,deleted,,
44d072e8bdf08283857ca31fe90ca317,ab0b649976a49aadb580754b7bc50a08,both_deleted,deleted,deleted,,
44d072e8bdf08283857ca31fe90ca317,bd2cc3a3cd0a6d03d41cdd89423b468e,both_deleted,deleted,deleted,,
44d830226a54920ed285e720b5d66ae5,61e85e9b6a6b9b539869da7950bf8edf,pair_dissolved_naturally,exact,exact,1.0,1.0
44d830226a54920ed285e720b5d66ae5,b9c7c275abad6979975525d06e044d43,pair_dissolved_naturally,exact,exact,1.0,1.0
451201420d19d374db1c8b17d82b7314,479e106ae33fc738e477a0ae40b87c6b,method_a_deleted,deleted,refactored,,0.87
45546263c518cc663676ce7d5cb3e237,87e7a5d793c9d9437080eb1ac5513aa6,pair_dissolved_naturally,exact,exact,1.0,1.0
4580483bf36db886f249bea5ccf0f3e7,50ecef5b76f9033698087fa6512e60d1,pair_dissolved_by_refactoring,renamed,exact,0.91,1.0
4580483bf36db886f249bea5ccf0f3e7,5ec5a2d83f5fcf59953ceb3f994758a4,pair_dissolved_by_refactoring,renamed,exact,0.91,1.0
4580483bf36db886f249bea5ccf0f3e7,ae0ed4183082fca5ad874e5e8cb192c3,pair_dissolved_by_refactoring,renamed,exact,0.91,1.0
4580483bf36db886f249bea5ccf0f3e7,e5fa8197512f3ed57f59d7276517df80,pair_dissolved_by_refactoring,renamed,exact,0.91,1.0
45989cff09da5f034edf18250eb1e7b1,65f2505a7c1fd3f9f727dc100c47f190,method_b_deleted,exact,deleted,1.0,
459b1ab2b672939f4cb4b300e433d31e,78e080fbc3fc59a81c1408aae9e72df7,pair_dissolved_naturally,exact,exact,1.0,1.0
45bebd3c96aebbe76904d79581a1d673,a94cc5ee70eaac5118827cdb45980401,pair_dissolved_naturally,exact,exact,1.0,1.0
46754ff0eb573559a5c9d9a23a3c1bb6,a208ca57cd9c478b49e9d4b04a7c2da2,pair_dissolved_naturally,exact,exact,1.0,1.0
469e753674df18cb7bbce003e8d607e8,6d4df4d72d5f6c63c1f48f3e7550cb09,pair_dissolved_by_refactoring,signature_changed,exact,1.0,1.0
46bb2cf29ef8fa800eff99274b8f552f,e59c5494db3e7ab9f11bef417c3c64ac,pair_dissolved_naturally,exact,exact,1.0,1.0
46dbb4f2f30e2b722b8838807306b6b8,92e02a472bb4cd90dc88fcf8fda46a18,pair_dissolved_naturally,exact,exact,1.0,1.0
46dbb4f2f30e2b722b8838807306b6b8,954ba28e4e343e35dbb10ebbe668c486,pair_dissolved_naturally,exact,exact,1.0,1.0
46dbb4f2f30e2b722b8838807306b6b8,cf9c72b730e3c8d7deb7eb44620a7345,pair_dissolved_naturally,exact,exact,1.0,1.0
46e2bc92a12cd9e8aba844e1c4c38223,65f2505a7c1fd3f9f727dc100c47f190,method_b_deleted,exact,deleted,1.0,
46e2bc92a12cd9e8aba844e1c4c38223,c113e6fec17a8ef19420ab422093cd47,pair_dissolved_naturally,exact,exact,1.0,1.0
46f4429b08762d44e39bd7eaa929925a,6c1d848fd983c490385baeb2fd36373f,pair_dissolved_naturally,exact,exact,1.0,1.0
471f718cdec6fe48a01c547267ba3c3b,c7f14669130fa1399d5e137e324fabde,method_b_deleted,exact,deleted,1.0,
473ff1b8a129c4f2a10be9e4ba307e18,8dbcf90a51c64ae5dff7023c08ccf1c6,pair_dissolved_naturally,exact,exact,1.0,1.0
4798ec0f64fd7957c6c40082345eabbd,e3ebfb13c2ff1271fe85155c48fc3de7,pair_dissolved_naturally,exact,exact,1.0,1.0
4872481cc5de3bfaad41770a907cb2bf,b74a824c286148016762dd23a5b22816,pair_dissolved_naturally,exact,exact,1.0,1.0
4872f5edb529bb71ca9ca8be9406b4e2,5f6b673f305acdcbce4b9725707e886c,pair_dissolved_naturally,exact,exact,1.0,1.0
4872f5edb529bb71ca9ca8be9406b4e2,7cdacac814432157de0edc5820102640,pair_dissolved_naturally,exact,exact,1.0,1.0
4883e1b080067a59df6dace17558a51d,99a2ec647de95d4438961bbc5572450e,pair_dissolved_naturally,exact,exact,1.0,1.0
48a65586c26178516058b2630f2ae51f,8a0c1ca32a296ddc125adb9028462eef,pair_dissolved_naturally,exact,exact,1.0,1.0
48a65586c26178516058b2630f2ae51f,d64248a33cc779715657aff3c2db1131,pair_dissolved_naturally,exact,exact,1.0,1.0
48a65586c26178516058b2630f2ae51f,f8824cdaceb01c4905ac4d9ba77c53a9,pair_dissolved_naturally,exact,exact,1.0,1.0
48b3f7b911519d340a74ee84f1214c0b,a882c841368be29f8ebd10bd7dc85ed2,pair_dissolved_naturally,exact,exact,1.0,1.0
48d99e0396833a29d7d5a0649dd667ac,66c3bd82afa4568596767564b58e7b22,pair_dissolved_naturally,exact,exact,1.0,1.0
48d99e0396833a29d7d5a0649dd667ac,7b191d6469fabb059b17bf4e7cd1ac17,pair_dissolved_naturally,exact,exact,1.0,1.0
48d99e0396833a29d7d5a0649dd667ac,a093cb10a2dfb498bb0ea076d91c644c,pair_dissolved_naturally,exact,exact,1.0,1.0
48db73612c2bdbff4c0a1dee7f4edf14,87b14e853f29f8fb3a3f3e5c75eeb32d,method_b_deleted,token_hash,deleted,1.0,
48dbfc5e4a0f446dda2589bdb7cfe97d,f94d98d4059b95b02f705a451bbdc4d8,pair_dissolved_naturally,exact,exact,1.0,1.0
48eb198fdbd62930fdd117568e42235e,9d73de48c3bef7c228db6452801534ac,pair_dissolved_naturally,exact,exact,1.0,1.0
48fec5c38b2e53e9c0ec35a36fd3c5ab,faa11541f3069012acd2f7920a002efd,pair_dissolved_by_refactoring,exact,signature_changed,1.0,0.95
490326acdf7f2969a32d3feb3b12069b,c037532c0be748ce52f1adf12f04d39b,pair_dissolved_naturally,exact,exact,1.0,1.0
490326acdf7f2969a32d3feb3b12069b,c2d38218ef20d4ef9241d17c79dbc00c,pair_dissolved_naturally,exact,exact,1.0,1.0
490326acdf7f2969a32d3feb3b12069b,d3dda5053e078651749e29aefd5f0398,pair_dissolved_naturally,exact,exact,1.0,1.0
492669b85ba2963c2730a8d922211760,c6dc2c90fc907656b4c2b2018068a1b9,pair_dissolved_by_refactoring,signature_changed,refactored,0.91,0.88
492efcb641c7f452ef2ce6bd279bba1f,a3189dc17f55421ca5092730dda556e0,pair_dissolved_naturally,exact,exact,1.0,1.0
4948d398d74e24bdbfc319a25b52e21b,b4b413017da9f9a5fd7d98b9578a51b7,pair_dissolved_naturally,exact,exact,1.0,1.0
499ef30fa4958c882df8a00872880073,959c8daa6027684d34e8aed76386e52f,pair_dissolved_naturally,exact,exact,1.0,1.0
4a3e65ab6292cbc424f259a09b350b2c,5a4acf70f009769f216aa540650d1413,pair_dissolved_naturally,exact,token_hash,1.0,1.0
4a3e65ab6292cbc424f259a09b350b2c,606532bc97f2eb328aa1858d83e21e45,pair_dissolved_naturally,exact,exact,1.0,1.0
4a3e65ab6292cbc424f259a09b350b2c,6e1afa585563645f270dbf2a9413ef00,pair_dissolved_naturally,exact,unknown,1.0,
4a3e65ab6292cbc424f259a09b350b2c,8af2ed8064034114e005b79ec59f81e4,pair_dissolved_naturally,exact,token_hash,1.0,1.0
4a3e65ab6292cbc424f259a09b350b2c,9ef8b5786d678c03c8c0e8986245d7dd,pair_dissolved_naturally,exact,token_hash,1.0,1.0
4a3e65ab6292cbc424f259a09b350b2c,a7097a73492ede9d8919e6fd1649bb18,pair_dissolved_naturally,exact,exact,1.0,1.0
4a3e65ab6292cbc424f259a09b350b2c,a74b0f73a94019110b2ff1fd1f314305,pair_dissolved_naturally,exact,exact,1.0,1.0
4a3e65ab6292cbc424f259a09b350b2c,d02c4057c3d978ff036cd765f2643afd,pair_dissolved_by_refactoring,exact,moved,1.0,0.99
4a3e65ab6292cbc424f259a09b350b2c,e96454c906d20ed9a2b75fe0d47bdc88,pair_dissolved_naturally,exact,exact,1.0,1.0
4a5ccc33faf64671ebb310150f4259f4,4b73449752cc20dc2d3e179fa430d103,pair_dissolved_by_refactoring,moved,moved,1.0,0.91
4a5ccc33faf64671ebb310150f4259f4,7bfe758e8c3521c77e47c15b69649a39,pair_dissolved_by_refactoring,moved,moved,1.0,1.0
4a894e3dceee14f87e3f94fe4b633764,ebd46f02fe529068345789fb9422a2d0,pair_dissolved_naturally,exact,exact,1.0,1.0
4aada9f34140ed71343477ed7ce47046,b2703f57cc02292bd3e732c4d86cf10e,pair_dissolved_naturally,exact,unknown,1.0,
4ad6aadb59c66c5f58ff23a94155427a,bd2cc3a3cd0a6d03d41cdd89423b468e,method_b_deleted,exact,deleted,1.0,
4b2ae5f0dfb2fc777639feb22c7f2c2c,71eac9ad67ea8aa81532fbdcf223b2cc,pair_dissolved_naturally,exact,exact,1.0,1.0
4b4cd5e0a5d256ef99bb8347c72e8180,f4cc8fa4fbed42fd5a46e2e5d9c584d2,method_b_deleted,exact,deleted,1.0,
4b64953c8db00395a5658c70e7899b0c,77e40fe1822c6ba9c9f4a3e1d4e47850,pair_dissolved_by_refactoring,signature_changed,signature_changed,0.92,0.92
4b64953c8db00395a5658c70e7899b0c,c29dc3d20b318c5d7fb9c44b42b0ace2,pair_dissolved_by_refactoring,signature_changed,unknown,0.92,
4b64953c8db00395a5658c70e7899b0c,c3c1321ff94335e90fbd75a64d8df912,pair_dissolved_by_refactoring,signature_changed,exact,0.92,1.0
4b66ca2d7bb226155717e57e51b4abbe,b12cedf43b22324e5e98d3b2c157ed31,pair_dissolved_naturally,exact,exact,1.0,1.0
4b6e9ce6e4da725dba883b46181c0410,a69964728733449f1259a82076e9f04e,pair_dissolved_by_refactoring,signature_changed,exact,1.0,1.0
4b6e9ce6e4da725dba883b46181c0410,a6af414468e4f2288d88f83f5902b51b,pair_dissolved_by_refactoring,signature_changed,signature_changed,1.0,1.0
4b6e9ce6e4da725dba883b46181c0410,ea2ecbfef56151bebd4ef9cb5a893a88,pair_dissolved_by_refactoring,signature_changed,signature_changed,1.0,1.0
4b73449752cc20dc2d3e179fa430d103,7bfe758e8c3521c77e47c15b69649a39,pair_dissolved_by_refactoring,moved,moved,0.91,1.0
4b7a0091f1f07a39b6c87f4b65f10abd,94d6aa35ca505a35d438d7f0e951d98a,pair_dissolved_naturally,exact,exact,1.0,1.0
4b818d1e46aea919b7e654ea1e4758ac,c98ccab8cfa09c46a8a6c6b219ecfaf1,pair_dissolved_by_refactoring,exact,signature_changed,1.0,0.88
4bd31a431c511200ca126fc3e02c6a54,e3418c84e63b331730dad41cbaac0949,pair_dissolved_naturally,exact,exact,1.0,1.0
4c49ab53e91e0508e69ecad914eae290,8ec5128efbf66a494196f209914de0e3,pair_dissolved_naturally,unknown,exact,,1.0
4c49ab53e91e0508e69ecad914eae290,b139a8253b9da7f6bccdf455bc62bf9d,pair_dissolved_naturally,unknown,unknown,,
4c5536e1b45a6eb528fd1c42dd3d33a3,fc22005d4627962ca1182297d01ef873,pair_dissolved_by_refactoring,exact,signature_changed,1.0,0.94
4c5b5b4e25f5bbb8ab3065c7bd3b0026,66978d295aebf01fb13fc9e1ff30b168,pair_dissolved_naturally,exact,exact,1.0,1.0
4c7136e7840b22ada500a1ba2eac3294,bcdd063bdf250a09a87effb6d60b44f6,pair_dissolved_naturally,exact,exact,1.0,1.0
4c7136e7840b22ada500a1ba2eac3294,c6a0f4d903eca1654f90c60d0928f8fc,pair_dissolved_naturally,exact,exact,1.0,1.0
4c921f9d7c3ca55ac1dfbf43259f11ae,aa74d28e6fe9b491571f7881f0d0051b,method_b_deleted,exact,deleted,1.0,
4ce7ec9169ad865caeb79cf7b936abdc,eb5397a8acd8430bfc89d43f97dc480b,pair_dissolved_by_refactoring,exact,refactored,1.0,0.82
4ce9d94b4796a67ac38d75357968b64d,75060994db1d88f6f71d9aa4e02ec775,pair_dissolved_naturally,exact,exact,1.0,1.0
4ce9d94b4796a67ac38d75357968b64d,7b1094954983e2021457d9b8a85e6f44,pair_dissolved_naturally,exact,exact,1.0,1.0
4ce9d94b4796a67ac38d75357968b64d,c92424624e08757fa3de37aa37b09820,pair_dissolved_naturally,exact,exact,1.0,1.0
4d315777b8340448e484a48cd8890660,fe0a78ff9c89432f8398be0bc4b345e2,pair_dissolved_by_refactoring,signature_changed,signature_changed,0.9,0.87
4d371d4786685a28de41d9976e9ff12d,ba93b1f54fe44b86243137d828c0f9a3,pair_dissolved_naturally,unknown,unknown,,
4d371d4786685a28de41d9976e9ff12d,f4499f180e6b8e4fbc2b46c1e4ee5567,pair_dissolved_naturally,unknown,unknown,,
4d4d2b28fb0c64081ca3986c625f0e26,a68a497a35b179547d29f85bf7d70abe,method_a_deleted,deleted,signature_changed,,1.0
4d4d2b28fb0c64081ca3986c625f0e26,eb5397a8acd8430bfc89d43f97dc480b,method_a_deleted,deleted,refactored,,0.82
4d59fb58c6f8aa00acd801a941d623c8,dde422997a924e84d63726a23168b405,pair_dissolved_naturally,exact,exact,1.0,1.0
4d8b0b772cf7cdbab5cc392da66ddc6d,66ed21ba5836ed8e12c4eb1944984bcc,pair_dissolved_naturally,exact,exact,1.0,1.0
4d8b0b772cf7cdbab5cc392da66ddc6d,b08ab93da47c66ee85a1e64f330c414f,pair_dissolved_naturally,exact,exact,1.0,1.0
4d8fda52e8f90ea917d73670df997cdc,ccef77a9ada5ff4b6074aefa2cef6575,pair_dissolved_naturally,exact,exact,1.0,1.0
4daf0aa05a86d8c7fcbcf8c28cd61fda,7d3f7093251151719650ab6eb1806926,pair_dissolved_by_refactoring,signature_changed,signature_changed,0.94,0.99
4ecfbb1f0e557755efc61bc46eb11413,94b71a513e64a31ff6cf524d7a2555b2,pair_dissolved_by_refactoring,signature_changed,exact,0.88,1.0
4ecfbb1f0e557755efc61bc46eb11413,9b5ecbb6a28fdbc17da5c4bc9ddc57f7,pair_dissolved_by_refactoring,signature_changed,signature_changed,0.88,0.88
4ecfbb1f0e557755efc61bc46eb11413,a8932dd5727da6b2b75ab469cb4a4b03,pair_dissolved_by_refactoring,signature_changed,exact,0.88,1.0
4ed097fdc636be8719d41c02298302d6,c286c28928d69cf37a0083518226e8fd,pair_dissolved_by_refactoring,signature_changed,exact,1.0,1.0
4efe26bf29ab2607e081af3687eb81cf,76aac92b77ceecbf7e995c228010d01b,pair_dissolved_naturally,exact,exact,1.0,1.0
4efe26bf29ab2607e081af3687eb81cf,8174608ff6c750532e02da125e2896ff,pair_dissolved_naturally,exact,exact,1.0,1.0
4efe26bf29ab2607e081af3687eb81cf,85502844f23d095ba63f3e6630d93cb0,pair_dissolved_naturally,exact,exact,1.0,1.0
4f0b094f9b2455de1206c978dc673eb4,79cc76a6ad40ecfa43bbc16c4132028c,pair_dissolved_naturally,exact,exact,1.0,1.0
4f0b094f9b2455de1206c978dc673eb4,c6dc2c90fc907656b4c2b2018068a1b9,pair_dissolved_by_refactoring,exact,refactored,1.0,0.88
4f0b094f9b2455de1206c978dc673eb4,d605d858fc0cba2b051d904d760df963,pair_dissolved_naturally,exact,exact,1.0,1.0
4f6993f3b370e500b9231e4371b3a179,65f2505a7c1fd3f9f727dc100c47f190,method_b_deleted,exact,deleted,1.0,
4f6993f3b370e500b9231e4371b3a179,e520b091140415f139945e1037181ffb,method_b_deleted,exact,deleted,1.0,
4f9422554b24da4fc8492818c44c131a,6f8a3d04c6457883332c342803ef5bb0,pair_dissolved_naturally,exact,exact,1.0,1.0
4faddb58ee1fb771727ef23a17af15e7,d04af3380fc0978b033173aa944b1049,pair_dissolved_naturally,exact,exact,1.0,1.0
4faddb58ee1fb771727ef23a17af15e7,d5939dfc45fedef4291276b098e3abbb,pair_dissolved_naturally,exact,exact,1.0,1.0
5010786f2a7884bef314b583e0519a81,ba93b1f54fe44b86243137d828c0f9a3,pair_dissolved_naturally,exact,unknown,1.0,
5018c7e3e3fa1b95c425daa8760e7630,6ebd6f18e25e1651793ba65f89596cf9,pair_dissolved_naturally,exact,exact,1.0,1.0
5056e203182a33c02f1c2ff16ed3fd7f,5e40c13d7cf7e87dbe8868f42c536462,pair_dissolved_naturally,exact,exact,1.0,1.0
5073ecb44c4fe7c1eb21e027902b3dbf,6f698cd4c8d208d9cb17f1fe3d273875,pair_dissolved_by_refactoring,signature_changed,exact,1.0,1.0
5112bab9f1c7beca9bf613b2399c5ce1,a5542f891b3ed1a434d1994062daf753,pair_dissolved_naturally,exact,exact,1.0,1.0
520dbd9ea2335a5355b370d6dbe56a40,64ba384dd85cb8cac0f33a481b89c6c7,pair_dissolved_naturally,exact,exact,1.0,1.0
520dbd9ea2335a5355b370d6dbe56a40,86304726a4d309a278a1625d4e686cb9,pair_dissolved_naturally,exact,exact,1.0,1.0
520dbd9ea2335a5355b370d6dbe56a40,c835bb9c8616394d3640a9fbbfbcfa4a,pair_dissolved_naturally,exact,exact,1.0,1.0
5240f0ecc4c380e071fe87fb62f5b232,c8fa81db0e6dd93bd17c8b978126c4fe,pair_dissolved_naturally,exact,exact,1.0,1.0
5247db9703309d63689bc6e1468057cd,d41f4df7da92293191e8b3003f0fd601,pair_dissolved_naturally,unknown,unknown,,
5254e549d897a851ba777ae1f0b6a46b,c037532c0be748ce52f1adf12f04d39b,pair_dissolved_naturally,exact,exact,1.0,1.0
526c0c28bd62c2ac1af9697d260e7c00,a9a62acf82aa60005d83476ce95158ac,pair_dissolved_by_refactoring,signature_changed,signature_changed,1.0,1.0
52716c1846e4d9aebc53da990ccb2213,e6db0c6a4e430f52a14ce176b3de783e,pair_dissolved_naturally,exact,exact,1.0,1.0
52a4ac7d69d3380f64000afc1eff98f4,97b3f6c4312908ac6d91badd128518cb,pair_dissolved_naturally,exact,exact,1.0,1.0
531ac122cb15731efe710bea22f8f886,9b56434f5724806f31303e56911ab7cf,pair_dissolved_by_refactoring,token_hash,moved,1.0,1.0
5383d9838d32a6dbc059cff0841422ca,65e98f79c0eacb12aa6ae314be3c358d,pair_dissolved_by_refactoring,signature_changed,signature_changed,1.0,0.97
53d2da51dc3702268b676ee6eaea7c62,ab3e03a36f4112b9c2330176154b506d,both_deleted,deleted,deleted,,
53de97d4c906812514ed9f1cdddea727,714a51d5784d5712433c7a10a96fa403,pair_dissolved_naturally,exact,exact,1.0,1.0
53de97d4c906812514ed9f1cdddea727,bb05eefb771258b7af0630f1a575a995,pair_dissolved_naturally,exact,exact,1.0,1.0
53f50b6d497f1d490485e5d894f5d740,6f1cfb71857d71dfa6cad0fd3bb8e7a5,pair_dissolved_naturally,exact,exact,1.0,1.0
53f50b6d497f1d490485e5d894f5d740,e05b07a377543ceeda236def2614367f,pair_dissolved_naturally,exact,exact,1.0,1.0
54105913bc696b4c9066855a4d1dc11e,de8c95412ce4142de8b7d4813afa2e77,pair_dissolved_by_refactoring,refactored,exact,0.74,1.0
54471dedaf3adf75ef99ab60db12464f,fed713f37481ef9aefda2f28db5a15fe,pair_dissolved_naturally,unknown,unknown,,
54ac1727979a230a145c47f775ab7120,a0e841a96215b9f6fbf58a5094aa1ece,both_deleted,deleted,deleted,,
54ac1727979a230a145c47f775ab7120,bd2cc3a3cd0a6d03d41cdd89423b468e,both_deleted,deleted,deleted,,
54ac1727979a230a145c47f775ab7120,f250a370a7d5b598e57c5aa80d57ed50,both_deleted,deleted,deleted,,
54bcbb81379d85392448e3ffa05443ef,b39bee7c768fb4d252a1fa36a3c18218,pair_dissolved_naturally,exact,exact,1.0,1.0
54ec297cd1b1ac8e3f582c3bf9b06cff,dd80f7ea72fc4a218d98f30993d1b5d0,pair_dissolved_by_refactoring,exact,signature_changed,1.0,0.98
551d6ed8518d730525e1f2b25a8447f2,5b0d7d00f687fdcf9d4fbf8423fa4594,pair_dissolved_naturally,exact,exact,1.0,1.0
552a017b1deca438d48d2ec7dbb21c68,edcad0e5de13c9edc3148e9a675b1cb7,pair_dissolved_by_refactoring,moved,moved,0.95,0.98
555a2acfc9183c6eb35101ced9c0d484,8484b0d50b4306c28935449a5dcbaedf,pair_dissolved_naturally,exact,exact,1.0,1.0
556a0c95f8e4cf6c6ff198f2c2adcb9d,58d147bcdd9f70855cd9728cffd03303,pair_dissolved_naturally,exact,exact,1.0,1.0
556a0c95f8e4cf6c6ff198f2c2adcb9d,c575e07f40a3fd7090156229d68cef18,pair_dissolved_by_refactoring,exact,signature_changed,1.0,0.98
556c6d538832adf3779968cee0570149,efa04a6672d08f947750ab81036974b9,both_deleted,deleted,deleted,,
5583ee1b33d7dbfdc09f1c0aa6487a52,8fc79d1c87c46e736c5b286ea5d45e99,pair_dissolved_by_refactoring,refactored,exact,0.87,1.0
5594dc96ad157eda2df0da3d7bcdb654,ea6b94343da39ad0c207a77c6f82d772,pair_dissolved_by_refactoring,moved,moved,1.0,0.98
55a4592e51498686d0216fe1b631e94e,ccebd04d0915b80df76aa56eb8c5f264,pair_dissolved_naturally,exact,exact,1.0,1.0
55b2312dcd076f5037459bf01a48ccfb,5c6b1cf4cec1ca7ade665b2e85f1a389,pair_dissolved_naturally,exact,exact,1.0,1.0
55b38c964f8f9255b5e0971eed597171,64a6699eb33ecf2c95ff80e67f75b78b,pair_dissolved_naturally,exact,exact,1.0,1.0
55dd15e69f88dfd07b0ff4379662ccc9,88e9623cc3a93b86a815d627093817c5,both_deleted,deleted,deleted,,
55dd15e69f88dfd07b0ff4379662ccc9,bfb538cdc4ddb45a9b52947981564490,method_a_deleted,deleted,refactored,,0.79
560254a6bc84d4562301388a40aa0bfb,b6e67898824aa73e0d3f86692bf6aa18,pair_dissolved_naturally,exact,exact,1.0,1.0
56115ed40ac33cb7640df90806a6b73b,87dad99d88596f4f1bf83664bfeee3db,pair_dissolved_naturally,exact,exact,1.0,1.0
5670d347d93197aa5bfde26e9102038b,ffce20a19f943e796ae85fee45019c1a,pair_dissolved_by_refactoring,exact,signature_changed,1.0,1.0
56a38178bff5cbfc0f5d99999eeb8aa7,c3605a14634ec0134a5e47a057f7bbbb,pair_dissolved_naturally,exact,exact,1.0,1.0
56cff1eb147fe02fba5d8ec55584b6fc,b8c3239a6b3ac0576fed8a1fdf35e7bf,pair_dissolved_naturally,exact,unknown,1.0,
57411c2bd068ffa0d0d6ce9d3e2a1ecd,965b866f96770ef7261db844e2b5163c,pair_dissolved_naturally,exact,exact,1.0,1.0
57613c65e42e48824627978c2f160989,c13285a934dbbee9de46d0e26b0bda2d,method_a_deleted,deleted,refactored,,0.7
57dea4a0e82d0ac4695f5bf6e3ad887e,98a0201c49f71065d17d2324c340c0b5,pair_dissolved_naturally,exact,exact,1.0,1.0
57dea4a0e82d0ac4695f5bf6e3ad887e,b984b5fa4aee1c345596c1f3d3507649,pair_dissolved_naturally,exact,exact,1.0,1.0
57f56bc834432b0d83323b9e73595aac,b4f98c2f2fd9907931f5984607533a0a,pair_dissolved_by_refactoring,token_hash,moved,1.0,0.99
580dc3339940863f7af8351022fcc36c,d042e315f7992226c8ca71c68ee08e93,both_deleted,deleted,deleted,,
5813b0d61e3cddc5b3afbdeefdefaa8b,e6f2e0e1791776073d9e48db1afc810a,pair_dissolved_by_refactoring,token_hash,moved,1.0,1.0
582f7c43c066303698844f46acc51363,e039b29ed7dda2d9fd00ef4c89c6c929,pair_dissolved_naturally,exact,exact,1.0,1.0
586cb79a75ce4d4815f71aa4dcefccb8,b3b5568b4bd43b5dc074bd2fb7d48ee5,both_deleted,deleted,deleted,,
5880cea2cc6335c90e1251d60404edea,d2c7851bc9f178d720c833e0c7257ecb,pair_dissolved_naturally,exact,exact,1.0,1.0
58bfa38eaccb9ae752d7f170d26dc343,bca15554a352cf020d565d4288979134,pair_dissolved_naturally,exact,exact,1.0,1.0
58f24bd3333b18f8a9651c61dc9865ea,6acbc1590dc89d992938d00fed1f5389,pair_dissolved_by_refactoring,refactored,refactored,0.82,0.82
594812da3c2cad90b42282e8e5dff5ee,7df2f5ca35c5241e83ebf162e43dc249,pair_dissolved_naturally,exact,exact,1.0,1.0
595264026a855ed200ad0e3ce7f03a25,83c780d148aa2e37bb3d432e3cc66ec8,pair_dissolved_naturally,exact,exact,1.0,1.0
597146a160dc3e1c9decda761ab75d38,963b33b26523af7d566fcaa44c9be766,method_b_deleted,signature_changed,deleted,1.0,
59d41b24aac39ccdb3d38bbcba96be2c,fa3a47578702ff1fa59f207e691b2ff4,pair_dissolved_naturally,unknown,unknown,,
5a33348483796f16604dabb9875e43f6,a6ed48606b3686c0a695b13274f28905,pair_dissolved_by_refactoring,exact,signature_changed,1.0,1.0
5a4acf70f009769f216aa540650d1413,d02c4057c3d978ff036cd765f2643afd,pair_dissolved_by_refactoring,token_hash,moved,1.0,0.99
5a6605e7e674d42cbbe32a4d69c3fee6,5d9c5d798c971de1660c68957a995850,pair_dissolved_by_refactoring,signature_changed,exact,0.95,1.0
5aadb31e0973ebaef3d3ccad8145e6d9,88b8fceff71a718f018230f1004acde2,method_b_deleted,exact,deleted,1.0,
5acd69c9730dc4f8188406d0d8c708db,67f1d80c78449951632c64ea2e7db18c,both_deleted,deleted,deleted,,
5acfb271526ec63f878b96080afdcb1e,f65360b5eb285551bba2e2800fd92741,pair_dissolved_naturally,exact,exact,1.0,1.0
5afef2cc38ac834aba29d68c72043dc1,98fe3eaa509ed010bf115aeec4585c7e,pair_dissolved_naturally,exact,exact,1.0,1.0
5b1f0694c7e1f56464874c938e5108d4,93935b55b19b824e5e94d8f6178e33f1,pair_dissolved_naturally,exact,exact,1.0,1.0
5b3a8098ab6bc628e050543c872013dd,602c38ba3ba5f5933bb50de3f2bdbc2d,pair_dissolved_naturally,exact,exact,1.0,1.0
5b3a8098ab6bc628e050543c872013dd,fc7324e5b5bfb24eb0d0d3459f833b5c,pair_dissolved_naturally,exact,exact,1.0,1.0
5b67140c135fb69a33691031b3161863,ce8037d2315e291c6367aeaee7013e85,pair_dissolved_by_refactoring,signature_changed,exact,0.87,1.0
5b74237df0d036f1cd596f5293d83de8,9f70c40a82bd8a63d9befa12bd8e62c3,pair_dissolved_naturally,exact,exact,1.0,1.0
5b74237df0d036f1cd596f5293d83de8,a160826610f128eb4f410f640be79e56,pair_dissolved_naturally,exact,exact,1.0,1.0
5b80750f04c3f188b93b2108836c48a0,65029aadcfe47c97f4541f158aed3a05,pair_dissolved_naturally,exact,exact,1.0,1.0
5b80750f04c3f188b93b2108836c48a0,a69d59b893c482fee81dfc853e113dc1,pair_dissolved_naturally,exact,exact,1.0,1.0
5b8491a35abde707a730292e188a70a1,8bd8d51abe2f96345776dbce6267cfa4,both_deleted,deleted,deleted,,
5b8491a35abde707a730292e188a70a1,92b156a6e06a493c0ddd33849d4f461c,both_deleted,deleted,deleted,,
5b8491a35abde707a730292e188a70a1,f55ba1b6db17a1d1db9163f7917dd0e4,both_deleted,deleted,deleted,,
5bbea93346d47d672fe629fbfbb8347b,cef4f659af2ff19515fe4207db8a5125,pair_dissolved_naturally,exact,exact,1.0,1.0
5beb87668544f93c8e363f206a033c7e,e6d6ced41e39449fcd52a452feb359c4,pair_dissolved_by_refactoring,exact,signature_changed,1.0,1.0
5c04e677130b0b40d66401687b3996d0,f61d55f0ef5d7f264b04870cdbf5791d,both_deleted,deleted,deleted,,
5c366c729e61348fedc78dee06bd66f4,f56291ad3bb893455ca199ed91e69d41,pair_dissolved_naturally,exact,exact,1.0,1.0
5d068f878789948ecfd82593d746f442,ba93b1f54fe44b86243137d828c0f9a3,pair_dissolved_naturally,unknown,unknown,,
5d068f878789948ecfd82593d746f442,f4499f180e6b8e4fbc2b46c1e4ee5567,pair_dissolved_naturally,unknown,unknown,,
5d2928522367eb8613109ab3bb0dee43,db006920c1038cc379b138edd669ebc6,pair_dissolved_naturally,exact,exact,1.0,1.0
5db9cdff76b4b47997c4aff4eaa8bb93,af9012d0e382f86efa1c351178aaf1bf,pair_dissolved_by_refactoring,signature_changed,signature_changed,1.0,1.0
5dec9f041783e315bee5dd9d560d293e,80e510ea4c51d77fd1f3a196b71b7c04,both_deleted,deleted,deleted,,
5dec9f041783e315bee5dd9d560d293e,919310b4371293cf0778c84457c3868e,both_deleted,deleted,deleted,,
5dec9f041783e315bee5dd9d560d293e,f1873a2aca35b797be78f1e5e0047ce5,both_deleted,deleted,deleted,,
5e043956ce55c005d68e5b14b3f402d7,8561da93ea8a1a364d1b8a3afbb9273c,pair_dissolved_by_refactoring,refactored,refactored,0.84,0.82
5e370b97eac1b39321a7807e5f84b53d,9c4c6c3d79fc5b6e5ee8f74f10e0ebf6,pair_dissolved_naturally,exact,exact,1.0,1.0
5e64e59deafbb06978f79cf41b7d7c81,6a5f67abfe9da37fb29802b5a35486d9,pair_dissolved_naturally,exact,exact,1.0,1.0
5e98d332fec552a8653e2c71dff6c32a,7f7dbb8434933da07eeba066c43e3d21,method_a_deleted,deleted,unknown,,
5f25ad8f8d7ab84d53ea609d76f2a378,b5e83b66a2a74d9983e3e33a21427cc6,pair_dissolved_naturally,exact,exact,1.0,1.0
5f27ee0e5398fb1b2ee37514d25eb692,8a4280ffaba6a723630e465b669a10d8,pair_dissolved_by_refactoring,moved,moved,0.95,0.95
5f27ee0e5398fb1b2ee37514d25eb692,a47fb1d30592a05df698950888092faf,pair_dissolved_by_refactoring,moved,exact,0.95,1.0
5f27ee0e5398fb1b2ee37514d25eb692,ef0897beacf0faf707e54e4e93923f78,pair_dissolved_by_refactoring,moved,moved,0.95,0.92
5f2b0e602371819102e811acd269f035,e693f5a355fd553cf687cafbc89a553b,pair_dissolved_naturally,exact,exact,1.0,1.0
5f6b673f305acdcbce4b9725707e886c,7cdacac814432157de0edc5820102640,pair_dissolved_naturally,exact,exact,1.0,1.0
5f832237074155918ab49b3394b8a708,862ae7aa0445b8ddc1e6c1d7dc08911f,pair_dissolved_by_refactoring,signature_changed,signature_changed,1.0,1.0
5f94dd4a6dc72509493a924999264752,cf1f5b2863631bea83a03551d7105a7b,pair_dissolved_by_refactoring,signature_changed,signature_changed,0.94,0.94
5fa0d5e1fa99bed375419cd6f61ccfa9,61c60dee653cf4ddf5d8a5472833b589,pair_dissolved_naturally,exact,exact,1.0,1.0
5fa0d5e1fa99bed375419cd6f61ccfa9,6a619e0260f538977cc7686f4a6632d2,pair_dissolved_naturally,exact,exact,1.0,1.0
5fa0d5e1fa99bed375419cd6f61ccfa9,a5928eeb73b47d2d696e20bce7aaefaa,pair_dissolved_naturally,exact,exact,1.0,1.0
5fa0d5e1fa99bed375419cd6f61ccfa9,ae4ca9e306b281cf360a2da482b65826,pair_dissolved_naturally,exact,exact,1.0,1.0
5fa0d5e1fa99bed375419cd6f61ccfa9,d8cab1f10bcc3a6071f0959373aa9078,pair_dissolved_naturally,exact,exact,1.0,1.0
5fa0d5e1fa99bed375419cd6f61ccfa9,eecd83ea0e4c52614141e3a97f87ecef,pair_dissolved_naturally,exact,exact,1.0,1.0
5fa0d5e1fa99bed375419cd6f61ccfa9,fb6a484792fa873c31ec720f7b9de024,pair_dissolved_naturally,exact,exact,1.0,1.0
5fc96100f06941471d70290bab1999ec,b0a732e405161fccc3c87257873073fe,pair_dissolved_by_refactoring,signature_changed,signature_changed,0.81,0.82
5fc9cd2fbc63f131a1996a88ab083a9b,a6cdb13aba898c5a95aa8012eca25710,method_b_deleted,exact,deleted,1.0,
5fe4fdef9ae4ed4cc644eb214968ad7b,92fb4df98e875aea044047545885aefb,pair_dissolved_naturally,exact,exact,1.0,1.0
60227d26fa48cd3a5d35bb51d780f83c,c917c0f4670915e43f6eb9182dd757f6,pair_dissolved_naturally,exact,exact,1.0,1.0
6040c9ecfe3264f490a1bfff6fb24aff,c2f0e47722fbb91c294da541b639c2dd,pair_dissolved_naturally,exact,exact,1.0,1.0
60d0632cdce6e8e3eb8a899a571cd7f9,e520b091140415f139945e1037181ffb,method_b_deleted,exact,deleted,1.0,
60d68be507efe1dcdd4bb8e94093f218,fd0bf8c6095be6578e7f84165b4bec3e,pair_dissolved_naturally,exact,exact,1.0,1.0
6115eb386ddc6a488c0ba1459332bd54,98424a6b43badc068afdec06fe671ff0,pair_dissolved_naturally,exact,exact,1.0,1.0
6143a009efe306e61d9a995641360017,eca127c60c230bb794055081e8e3e2e9,pair_dissolved_naturally,exact,exact,1.0,1.0
61c60dee653cf4ddf5d8a5472833b589,61c60dee653cf4ddf5d8a5472833b589,pair_dissolved_naturally,exact,exact,1.0,1.0
61c60dee653cf4ddf5d8a5472833b589,ae4ca9e306b281cf360a2da482b65826,pair_dissolved_naturally,exact,exact,1.0,1.0
61c60dee653cf4ddf5d8a5472833b589,d8cab1f10bcc3a6071f0959373aa9078,pair_dissolved_naturally,exact,exact,1.0,1.0
61c60dee653cf4ddf5d8a5472833b589,eecd83ea0e4c52614141e3a97f87ecef,pair_dissolved_naturally,exact,exact,1.0,1.0
61d97f4facafe40acae9e78003f29acb,79128e639762ed6014ebc0119e73f931,pair_dissolved_naturally,exact,exact,1.0,1.0
61d97f4facafe40acae9e78003f29acb,8a91f1a0578b20d1f922a88faa8e138f,pair_dissolved_naturally,exact,exact,1.0,1.0
61e85e9b6a6b9b539869da7950bf8edf,b9c7c275abad6979975525d06e044d43,pair_dissolved_naturally,exact,exact,1.0,1.0
620ee87c153705cd7aaa1bfe11a7d8d0,af30c13a96258a222341e2d1d7da548d,pair_dissolved_naturally,exact,exact,1.0,1.0
6226ceabba0c78938664b6015c8b550f,8a1eb71f38df07510e53b2c356c82516,pair_dissolved_naturally,unknown,exact,,1.0
6226ceabba0c78938664b6015c8b550f,a7e5a80007982b7422ca96dc675f5330,pair_dissolved_by_refactoring,unknown,signature_changed,,1.0
622dde25547a40efa1f9cbeb7e486a1a,7393aefb1241266178674ccb0153abce,pair_dissolved_by_refactoring,exact,signature_changed,1.0,0.97
62321c4bf0ed32c75ebaaab21bdfa22a,a6ed48606b3686c0a695b13274f28905,pair_dissolved_by_refactoring,exact,signature_changed,1.0,1.0
62792bc4bf075822cd3ceab5f256a587,de8c95412ce4142de8b7d4813afa2e77,pair_dissolved_naturally,exact,exact,1.0,1.0
627bd27e13bfbee5e187495421836ad0,85e762eb5767c9e18c673c42dff547da,pair_dissolved_by_refactoring,moved,exact,0.98,1.0
62bc52832231979ad38ea1ebf78f27c0,e24afc932083445d345203e4b50b3f05,pair_dissolved_naturally,exact,token_hash,1.0,1.0
63085ba625ba469e451a416e03e6d443,712fb834bce4d0ff73a885cf34f00234,pair_dissolved_by_refactoring,exact,signature_changed,1.0,0.9
631c8f06cda82c718a347d795137be91,89a3b737b7d22de02317f28ecf342da2,pair_dissolved_naturally,exact,exact,1.0,1.0
631c8f06cda82c718a347d795137be91,ea9113368dd6fa40f43db805b99d07d8,pair_dissolved_naturally,exact,unknown,1.0,
63221a93f9756e539525946fa8f2ec5a,65f2505a7c1fd3f9f727dc100c47f190,method_b_deleted,exact,deleted,1.0,
63221a93f9756e539525946fa8f2ec5a,b7fd969540b49c9004ec59b584518b47,pair_dissolved_naturally,exact,exact,1.0,1.0
6382099846762403270b16c16dc70d83,7e681fb21e3f3614bb0ae38f60fbc3aa,pair_dissolved_naturally,exact,exact,1.0,1.0
63a9b866b28b2467719923ce9076e383,f4499f180e6b8e4fbc2b46c1e4ee5567,pair_dissolved_naturally,exact,unknown,1.0,
63d6a5176e5edf97229e063429125354,669bf754f57960e6380b3865dec9b956,pair_dissolved_naturally,exact,exact,1.0,1.0
63f74cb64cf1412ba6978f1335462023,af685954839f70fa8d19e69fa0a0ec5f,pair_dissolved_naturally,exact,exact,1.0,1.0
63f74cb64cf1412ba6978f1335462023,dad51bce713d5aa882b1be0e344a21c4,pair_dissolved_naturally,exact,exact,1.0,1.0
64306c3c7601401d834d0df567f8aeb5,65029aadcfe47c97f4541f158aed3a05,pair_dissolved_naturally,exact,exact,1.0,1.0
64306c3c7601401d834d0df567f8aeb5,f04ff8723bcee7418513b14e022882b5,pair_dissolved_naturally,exact,exact,1.0,1.0
64306c3c7601401d834d0df567f8aeb5,f183cb5051fb814bea9513e4520e93d1,pair_dissolved_naturally,exact,exact,1.0,1.0
64ba384dd85cb8cac0f33a481b89c6c7,759cb00857e1789a48b80c4bbcdd2967,pair_dissolved_naturally,exact,exact,1.0,1.0
65029aadcfe47c97f4541f158aed3a05,8112c01d5bc652e73cb086caa48ce270,pair_dissolved_naturally,exact,exact,1.0,1.0
65029aadcfe47c97f4541f158aed3a05,9f296896b2417ad2325bd4213bc6356c,pair_dissolved_naturally,exact,exact,1.0,1.0
65029aadcfe47c97f4541f158aed3a05,a69d59b893c482fee81dfc853e113dc1,pair_dissolved_naturally,exact,exact,1.0,1.0
651b2091f2d7c54a15a472117e6a6697,b9d5c19343fa638ebd7c25d3ed4b81f6,pair_dissolved_naturally,exact,exact,1.0,1.0
6522eecaeaeb7b67ac414ce5bbf0c0fd,be3922339c0fc892f9351f1451815fe4,pair_dissolved_naturally,exact,exact,1.0,1.0
6554356b5eec887261f6ad4c92f9c22b,6de417cf690666b1e018ca5607b92455,pair_dissolved_naturally,exact,exact,1.0,1.0
6554356b5eec887261f6ad4c92f9c22b,c783fe4120bc26886476bf81cbd51431,pair_dissolved_naturally,exact,exact,1.0,1.0
65c2b015b8644d8d59ce4ed728841dc2,a909775f5b47fd85f03cc3d61b6f2db3,pair_dissolved_by_refactoring,signature_changed,exact,1.0,1.0
65c2b015b8644d8d59ce4ed728841dc2,e39fee850220cd138c03dd81c3351fe2,pair_dissolved_by_refactoring,signature_changed,exact,1.0,1.0
65cabe8497fe5cba1c7298314d783d5b,a160826610f128eb4f410f640be79e56,pair_dissolved_naturally,exact,exact,1.0,1.0
65f2505a7c1fd3f9f727dc100c47f190,6efbb7c182ad1bc51bf8ec6ba2f9bdcd,method_a_deleted,deleted,exact,,1.0
65f2505a7c1fd3f9f727dc100c47f190,725ddb2c777a8ddbe8dba962708f05b8,method_a_deleted,deleted,exact,,1.0
65f2505a7c1fd3f9f727dc100c47f190,a374710ce0bc2b014e5eac2e1f2e280b,method_a_deleted,deleted,exact,,1.0
65f2505a7c1fd3f9f727dc100c47f190,b56b07d5b570fe453ede0218f9091111,method_a_deleted,deleted,exact,,1.0
65f2505a7c1fd3f9f727dc100c47f190,b7776ef2ed5d58e940e7110c80f411d1,method_a_deleted,deleted,exact,,1.0
65f2505a7c1fd3f9f727dc100c47f190,b7df6d9a56079a7ec586f6db0b99771d,method_a_deleted,deleted,exact,,1.0
65f2505a7c1fd3f9f727dc100c47f190,be39d1eafba56d4b81d5169d80d6f760,method_a_deleted,deleted,exact,,1.0
65f2505a7c1fd3f9f727dc100c47f190,cb58c4c1620a2a7a8329775822e8f635,method_a_deleted,deleted,exact,,1.0
65f2505a7c1fd3f9f727dc100c47f190,d755f33f9748557edacae12f44f165e6,method_a_deleted,deleted,moved,,1.0
65f2505a7c1fd3f9f727dc100c47f190,dfd02db1a877afb191061a93043132e8,method_a_deleted,deleted,exact,,1.0
65f2505a7c1fd3f9f727dc100c47f190,fd4bb3f19ab9b5a4d551452e15df9f6e,method_a_deleted,deleted,exact,,1.0
6613a44438b77356af3e705ecd3f56a8,b0a067e902cd4356168fc7fa4f75ba10,pair_dissolved_naturally,exact,exact,1.0,1.0
6613a44438b77356af3e705ecd3f56a8,f0de0f694058b9d91478f8e4c84b9082,pair_dissolved_naturally,exact,exact,1.0,1.0
661f1de6c4d3a0bb45f8650a60814163,6e00464a4a4edc53ed02cd997cc43675,pair_dissolved_naturally,token_hash,exact,1.0,1.0
664600a387132ccec9fa63d4f029be2c,6ee9a97ab0db43ae665e2fbcb33a3124,method_a_deleted,deleted,signature_changed,,0.83
664600a387132ccec9fa63d4f029be2c,a6621e57c851ad9c56b48f600f5175d8,method_a_deleted,deleted,signature_changed,,0.9
664600a387132ccec9fa63d4f029be2c,c7a67b3a6dbaaf297d52bc2e52ee6d06,method_a_deleted,deleted,signature_changed,,0.97
664600a387132ccec9fa63d4f029be2c,f212a882f08d438a418fb45b3fcb79fa,method_a_deleted,deleted,unknown,,
666b40e8720c5ceb9f00a2fe6559d308,e59c5494db3e7ab9f11bef417c3c64ac,pair_dissolved_naturally,exact,exact,1.0,1.0
66964455312834379664952652a56387,70990deb0cd5147058ea53fa449259cb,pair_dissolved_naturally,unknown,exact,,1.0
66c3bd82afa4568596767564b58e7b22,7b191d6469fabb059b17bf4e7cd1ac17,pair_dissolved_naturally,exact,exact,1.0,1.0
66c3bd82afa4568596767564b58e7b22,a093cb10a2dfb498bb0ea076d91c644c,pair_dissolved_naturally,exact,exact,1.0,1.0
66d8ca233fba2f3dbe3022decc4d8bff,6ef891e635ca3d7bf8ee3301e934ce5f,pair_dissolved_by_refactoring,token_hash,moved,1.0,0.98
66ed21ba5836ed8e12c4eb1944984bcc,b08ab93da47c66ee85a1e64f330c414f,pair_dissolved_naturally,exact,exact,1.0,1.0
67137ccc34749d7e9252b07b07ca62fe,e0487f42d8bd70fb9468222ac1b355b6,pair_dissolved_naturally,exact,exact,1.0,1.0
67aac82fb0ff0603a55c1785507ea302,7a05984dbc51990edce1b39ab02f2901,pair_dissolved_naturally,exact,exact,1.0,1.0
67aac82fb0ff0603a55c1785507ea302,a156357fb3b0bbd26f0f3a68446c00b5,pair_dissolved_naturally,exact,exact,1.0,1.0
67b3768fa9490c10592712d76a6ce568,c33e4bbbe548d5ce56a610c3e100b060,pair_dissolved_naturally,exact,exact,1.0,1.0
67deb0a1ce3b37be99e949113463da85,9ece95c0ecbb996bd07d3d3753057831,pair_dissolved_by_refactoring,refactored,refactored,0.76,0.74
67f532780e03c2ae0566d4f543e0c5ed,8b33a5ed5d03e92b285e1ba4c29ea580,pair_dissolved_naturally,exact,exact,1.0,1.0
67f532780e03c2ae0566d4f543e0c5ed,dead8a10042ed88cadcd31f18c6bab87,pair_dissolved_by_refactoring,exact,moved,1.0,0.91
67fcc3bc64ca5460d4ddcfe5f1c281fc,72b6701dcbc3da8199d79e41ccdb01cc,pair_dissolved_naturally,exact,exact,1.0,1.0
682e25e63c7afa7ae683619a5bf4f3a6,c021c172f1a784bcedf1ff2dc1defdb5,pair_dissolved_naturally,exact,exact,1.0,1.0
6880a5ee552d426f100b2edaedc96251,918a846c7989ea0bae251bce94d450a7,pair_dissolved_naturally,exact,exact,1.0,1.0
6880a5ee552d426f100b2edaedc96251,bc10c2afddee245798fd523cb3258e15,pair_dissolved_naturally,exact,exact,1.0,1.0
6880a5ee552d426f100b2edaedc96251,bdfcf7091e593cdc213fcdf1dbfb0965,pair_dissolved_naturally,exact,unknown,1.0,
6880a5ee552d426f100b2edaedc96251,d3ecae39e76250202cdc0a800ca4cd4c,pair_dissolved_naturally,exact,unknown,1.0,
68f376fda6dd1a0c47327629954a33a7,9263134fc3d44f2b1ae077010300c826,pair_dissolved_naturally,exact,exact,1.0,1.0
69226637df33fdd63f19270becb53f62,aad2e583a6248efd208363932ca3acbe,method_b_deleted,signature_changed,deleted,0.97,
69226637df33fdd63f19270becb53f62,c98ccab8cfa09c46a8a6c6b219ecfaf1,pair_dissolved_by_refactoring,signature_changed,signature_changed,0.97,0.88
6930f3655e282e95195f30c0e5f6e6f2,ae5181479855840414718bf82d01500e,pair_dissolved_by_refactoring,signature_changed,signature_changed,1.0,1.0
695fd2086ac3e1d89150f18d3d5a2277,6e00464a4a4edc53ed02cd997cc43675,pair_dissolved_naturally,exact,exact,1.0,1.0
6a1e68a4b9a88224b830345f9f2ab530,7b08f56b9de56c00700d2a2ea1b127d1,pair_dissolved_naturally,exact,exact,1.0,1.0
6a619e0260f538977cc7686f4a6632d2,ae4ca9e306b281cf360a2da482b65826,pair_dissolved_naturally,exact,exact,1.0,1.0
6a619e0260f538977cc7686f4a6632d2,d8cab1f10bcc3a6071f0959373aa9078,pair_dissolved_naturally,exact,exact,1.0,1.0
6a619e0260f538977cc7686f4a6632d2,eecd83ea0e4c52614141e3a97f87ecef,pair_dissolved_naturally,exact,exact,1.0,1.0
6abb774f1c23d9265855d643aec3f1fe,a97c53c1630dbfa6dd0466c81d749d08,pair_dissolved_naturally,exact,exact,1.0,1.0
6afe876fdf031bdc1339577c8e5bd1c3,b5e2e372bf7bec6066d8c07839ba836c,pair_dissolved_naturally,exact,exact,1.0,1.0
6afe876fdf031bdc1339577c8e5bd1c3,dccae463de53e77bfb3322a6bbb51da0,pair_dissolved_naturally,exact,exact,1.0,1.0
6afe876fdf031bdc1339577c8e5bd1c3,e05b07a377543ceeda236def2614367f,pair_dissolved_naturally,exact,exact,1.0,1.0
6afe876fdf031bdc1339577c8e5bd1c3,e605a4282118806466e0980fe6e409d9,pair_dissolved_naturally,exact,exact,1.0,1.0
6b1d1c5981edb032a6e31b6c3c8829ea,efef50939ef7eff15c2627dfc4be87d2,pair_dissolved_naturally,exact,exact,1.0,1.0
6b1e972ed56730567e304a006ad5c63b,ad24f8b4283c4add329c8362407fb42b,pair_dissolved_by_refactoring,exact,signature_changed,1.0,0.87
6ba7d1fde7290ec7703ab5750a435b43,a37c33d3e6d4806f781de37457550432,pair_dissolved_naturally,exact,exact,1.0,1.0
6c750d6fa889c5e47c4dece31cc9dffa,7fa165ee3ade07b75cd490099c40983a,pair_dissolved_naturally,unknown,exact,,1.0
6d2239d09a82226eb2af26832c3021e3,b5356a1a9e9e28b0c85db1d6a4cab0c5,pair_dissolved_naturally,exact,unknown,1.0,
6d412a44e70ed73d22284160e85e31c9,d02c4057c3d978ff036cd765f2643afd,pair_dissolved_by_refactoring,exact,moved,1.0,0.99
6dee9d44938b0038bee99e7b20271250,9b8b65a97be839be69bcfb0e23a3d88e,both_deleted,deleted,deleted,,
6e00464a4a4edc53ed02cd997cc43675,70e3113009a30fbb6cf57114d0b54470,pair_dissolved_naturally,exact,exact,1.0,1.0
6e18709745be813111ea092ff5214583,93935b55b19b824e5e94d8f6178e33f1,pair_dissolved_naturally,exact,exact,1.0,1.0
6e1afa585563645f270dbf2a9413ef00,d02c4057c3d978ff036cd765f2643afd,pair_dissolved_by_refactoring,unknown,moved,,0.99
6e2f7b233676638e590804f89abadf0a,bdd61ec5205a48666e98e94f300362dc,both_deleted,deleted,deleted,,
6ee9a97ab0db43ae665e2fbcb33a3124,b36467e7e520c82c7a1bee5a5162d3bb,pair_dissolved_by_refactoring,signature_changed,signature_changed,0.83,0.88
6ee9a97ab0db43ae665e2fbcb33a3124,f212a882f08d438a418fb45b3fcb79fa,pair_dissolved_by_refactoring,signature_changed,unknown,0.83,
6f1cfb71857d71dfa6cad0fd3bb8e7a5,b5e2e372bf7bec6066d8c07839ba836c,pair_dissolved_naturally,exact,exact,1.0,1.0
6f1cfb71857d71dfa6cad0fd3bb8e7a5,e05b07a377543ceeda236def2614367f,pair_dissolved_naturally,exact,exact,1.0,1.0
6f1cfb71857d71dfa6cad0fd3bb8e7a5,e605a4282118806466e0980fe6e409d9,pair_dissolved_naturally,exact,exact,1.0,1.0
6f575d81d407ae6fe53d1f61ff1a262d,80179e9d89a9808a728881ecdde5b386,pair_dissolved_by_refactoring,exact,moved,1.0,0.93
6fef9a309980cae3e174717652c86b6a,742632593d15fcbc32d529ae0db97d9c,pair_dissolved_by_refactoring,exact,signature_changed,1.0,0.98
70130081b3e6ed0ca0ba098d4743ca73,de8c95412ce4142de8b7d4813afa2e77,pair_dissolved_naturally,exact,exact,1.0,1.0
702341a4138bd26f3b378f6af7760dad,81d6fc45fda243e126881af9bb9688b3,pair_dissolved_naturally,exact,exact,1.0,1.0
706344e0b9fc757c84e5ae7a5e47e5da,b706fa898b151ef9007905f325d54b91,pair_dissolved_by_refactoring,signature_changed,signature_changed,1.0,1.0
708efacf11c409bc32c22b1d7c518f6d,aff77c1ca284ac1574d54fda097cb6d6,pair_dissolved_by_refactoring,exact,signature_changed,1.0,1.0
70b660d0b87c9bb4ef604a38155a5a3a,f54727b9ef2018aa228860fea17eef61,pair_dissolved_naturally,exact,exact,1.0,1.0
7113ba146378118c66d333445638cc44,d15d74fc807a078b9e4b16295f013142,pair_dissolved_naturally,exact,exact,1.0,1.0
71489c3f9c05948218caae8cab26e30d,ba93b1f54fe44b86243137d828c0f9a3,pair_dissolved_naturally,exact,unknown,1.0,
714a51d5784d5712433c7a10a96fa403,bb05eefb771258b7af0630f1a575a995,pair_dissolved_naturally,exact,exact,1.0,1.0
71665ef66486e06bcd5c3a97f8a23a7d,7d368e01852a71a7bb63ab4051e8643d,pair_dissolved_naturally,exact,exact,1.0,1.0
71a11d19faa7b7b6cbfeba0ff469b0aa,855ded046d1ba7f7be89b96346eae8fc,both_deleted,deleted,deleted,,
71e243497df1f810218ac3bd365bf6b2,b1ae9201079d8e4fba283402fa541b00,pair_dissolved_naturally,unknown,exact,,1.0
71eac9ad67ea8aa81532fbdcf223b2cc,78bd50da469c6dfee71c899413b6424c,pair_dissolved_naturally,exact,exact,1.0,1.0
71eac9ad67ea8aa81532fbdcf223b2cc,7d5554be3a999c904bcefead8afd54ef,pair_dissolved_naturally,exact,exact,1.0,1.0
71eac9ad67ea8aa81532fbdcf223b2cc,c3073a044365388de46709e474dc785c,pair_dissolved_naturally,exact,exact,1.0,1.0
720bccec7bbb0f35095b54857ac95abd,cef4f659af2ff19515fe4207db8a5125,pair_dissolved_naturally,exact,exact,1.0,1.0
722b5e391f633fcbdda108dab50a9513,c853cb7ed757913a7015ea203d5b23a0,pair_dissolved_naturally,exact,exact,1.0,1.0
724122e103d73652c87c22f18d492487,7f36cbf7594020316fa7123b3063b516,pair_dissolved_by_refactoring,exact,signature_changed,1.0,1.0
725302719996b4e329588de0ac09b29b,bbbae082eb45f67825a9da9e8003a2b6,pair_dissolved_naturally,unknown,exact,,1.0
72a1c97444b709315bb1926da50e185b,d2b23be681cbd598d913ea481c732c18,pair_dissolved_naturally,exact,exact,1.0,1.0
72b62cbee49b2c0b2f54ee37407d3c81,9428e7b04a6e48031bf4926202871c3f,pair_dissolved_naturally,exact,exact,1.0,1.0
72dc6357401f34e3e4be0061d3e8ab07,9fe5d15a89ec5e8832d323a2d7ad53a3,pair_dissolved_naturally,exact,exact,1.0,1.0
72f117319e58f058f2f1840495d28528,ad24f8b4283c4add329c8362407fb42b,pair_dissolved_by_refactoring,exact,signature_changed,1.0,0.87
734bfd45851286ff88e6b682e09298fc,d18553ab831ce8a831670956ad4da45d,pair_dissolved_naturally,exact,exact,1.0,1.0
739730d2e962808314b965894451d867,a6621e57c851ad9c56b48f600f5175d8,method_a_deleted,deleted,signature_changed,,0.9
73e27d86ca03d012d645cebf7900e80e,bc17884c9da11a0b02c9e283a61752f6,pair_dissolved_by_refactoring,moved,moved,0.96,0.97
73e83c2c9c8906cf90154279fa00ffeb,dd8de44100a8e3a874016905431a6031,both_deleted,deleted,deleted,,
73ed932e6d7910fd516cd24c548724b3,ffe9465d4e1324690eb695538bde314c,pair_dissolved_naturally,exact,exact,1.0,1.0
74094566b15fa4a6965bb2df9e5de2fb,dff141df57fe19ea20fa994cdc78889c,pair_dissolved_by_refactoring,signature_changed,signature_changed,1.0,0.98
74094566b15fa4a6965bb2df9e5de2fb,ece165dece083aa6d9171278336793b3,pair_dissolved_by_refactoring,signature_changed,signature_changed,1.0,1.0
741cefb91bef1942a92f0b26d0154662,ba53a20904b5cb2c9d8a97884d7bd4d3,pair_dissolved_naturally,exact,exact,1.0,1.0
743801dd6efac6d91bdb28b3dd8d9ce6,b7d9f8011d03fd2a46e4405374bd3fce,pair_dissolved_naturally,exact,exact,1.0,1.0
746eb8e243251bfc8e1c6139cc75b63e,d215a9ccc86a7ef1626c749c848c9ae6,pair_dissolved_naturally,exact,exact,1.0,1.0
74bb9247a3b22dd5c2c3be6b336f03e2,a03556a9b02e1cf8040972a7a18a5094,pair_dissolved_by_refactoring,signature_changed,exact,0.71,1.0
74bb9247a3b22dd5c2c3be6b336f03e2,be29706325e1daa06638f34bba1910e5,pair_dissolved_by_refactoring,signature_changed,exact,0.71,1.0
74bb9247a3b22dd5c2c3be6b336f03e2,d36950c1b2c02b45eec77ff699349290,pair_dissolved_by_refactoring,signature_changed,exact,0.71,1.0
74bb9247a3b22dd5c2c3be6b336f03e2,ed99571a42fc8617addd948262fab159,pair_dissolved_by_refactoring,signature_changed,exact,0.71,1.0
74bf86e39dbabd807668de64aa2bff1d,ff14d065d55c601eac6ecb6faa4f4fda,pair_dissolved_by_refactoring,signature_changed,exact,0.95,1.0
74e1f7e0ea9bf827588781a3aa1ec142,8f497a510ab8f28b75fcc1d880826bed,both_deleted,deleted,deleted,,
75060994db1d88f6f71d9aa4e02ec775,7b1094954983e2021457d9b8a85e6f44,pair_dissolved_naturally,exact,exact,1.0,1.0
75060994db1d88f6f71d9aa4e02ec775,c92424624e08757fa3de37aa37b09820,pair_dissolved_naturally,exact,exact,1.0,1.0
752984bf7f3b18a7f0c6d82105f878a3,d31ce5e88cb7e39ad148d0935cfca65f,pair_dissolved_naturally,exact,exact,1.0,1.0
7599526f632a67c0a2129ca25fc925f3,918a846c7989ea0bae251bce94d450a7,pair_dissolved_naturally,unknown,exact,,1.0
7599526f632a67c0a2129ca25fc925f3,bdfcf7091e593cdc213fcdf1dbfb0965,pair_dissolved_naturally,unknown,unknown,,
75b9175c82d24b202dd89a8bc7b0a8c4,a882c841368be29f8ebd10bd7dc85ed2,pair_dissolved_naturally,exact,exact,1.0,1.0
75c0aee9bcbff0111fe351479ed18fb3,d03217bdda681b9e276f18b074eb7023,pair_dissolved_naturally,exact,exact,1.0,1.0
75e63dc8f8264b414c01a8adc237131a,7b08ff72f76f5d64adb52c5ef46b5b03,both_deleted,deleted,deleted,,
76aac92b77ceecbf7e995c228010d01b,8174608ff6c750532e02da125e2896ff,pair_dissolved_naturally,exact,exact,1.0,1.0
76aac92b77ceecbf7e995c228010d01b,85502844f23d095ba63f3e6630d93cb0,pair_dissolved_naturally,exact,exact,1.0,1.0
76b49466ded5dfa4444b7d20ae7516c8,907dda3b6615e92967144fdfe33eeea7,both_deleted,deleted,deleted,,
76b49466ded5dfa4444b7d20ae7516c8,a93c636946e66bdfa166b6af03587a37,both_deleted,deleted,deleted,,
76b49466ded5dfa4444b7d20ae7516c8,c62ca5989ecef34ba4cf67a97c807d19,both_deleted,deleted,deleted,,
76cf69ae13810e5d68ee298c00106ee9,c57dafba02a4011142d50f1c2bdfc8a0,pair_dissolved_naturally,exact,exact,1.0,1.0
76cf69ae13810e5d68ee298c00106ee9,e6b8196879f9d56dee790492e9cf9fa4,pair_dissolved_naturally,exact,exact,1.0,1.0
76d66d592a095b9cb11ee09d4b5d1dee,7b3c358a9d487ff00858e8d5c121dc60,pair_dissolved_naturally,exact,exact,1.0,1.0
76d66d592a095b9cb11ee09d4b5d1dee,ffce20a19f943e796ae85fee45019c1a,pair_dissolved_by_refactoring,exact,signature_changed,1.0,1.0
77111d849f411479dfce3b52a2b567a7,8de1aade999243091ded0de2b1d59596,pair_dissolved_naturally,exact,exact,1.0,1.0
771efe54933ecedf00e44da49d1060f7,f1941b1c79054beb08e548507ad4b47d,pair_dissolved_naturally,unknown,unknown,,
7726f7684a95b8455887411f2b195f5c,c9a804c4005703f1d8b3317c2a40c859,pair_dissolved_by_refactoring,signature_changed,signature_changed,0.75,0.95
77658637e3c4281d94d6191c6376bb5c,e64bf01807c5cee47dfda34eb9cb8d3d,pair_dissolved_naturally,exact,exact,1.0,1.0
77e40fe1822c6ba9c9f4a3e1d4e47850,c29dc3d20b318c5d7fb9c44b42b0ace2,pair_dissolved_by_refactoring,signature_changed,unknown,0.92,
77e40fe1822c6ba9c9f4a3e1d4e47850,c3c1321ff94335e90fbd75a64d8df912,pair_dissolved_by_refactoring,signature_changed,exact,0.92,1.0
78057564a900a27eaa62f3bb939ae190,ad837c2015ffd77b13c54ca25d4337de,pair_dissolved_naturally,exact,exact,1.0,1.0
78707ec169f7e663945a868b4978ae89,8112c01d5bc652e73cb086caa48ce270,pair_dissolved_naturally,exact,exact,1.0,1.0
788086f2be8ae712d46d3236f05ee3d4,ce1d445ab7ee705fcc47b21fb4d3f645,pair_dissolved_naturally,exact,exact,1.0,1.0
78977f2d88f3b2438206176544c0e721,ca9420b31aebb3f326d08c8bc9a0d9ed,pair_dissolved_naturally,exact,exact,1.0,1.0
78977f2d88f3b2438206176544c0e721,cc1a1b8b84808e0eaa6a3018c59da022,pair_dissolved_by_refactoring,exact,signature_changed,1.0,1.0
79128e639762ed6014ebc0119e73f931,8a91f1a0578b20d1f922a88faa8e138f,pair_dissolved_naturally,exact,exact,1.0,1.0
79d9cf5d96c6a25c8caba9f3ba9541a2,ea6e210af2d282351b942f5e1d412309,pair_dissolved_naturally,exact,exact,1.0,1.0
79dd13687d629216a8d9f7ad75652880,9b56434f5724806f31303e56911ab7cf,pair_dissolved_by_refactoring,token_hash,moved,1.0,1.0
79e8ff79e3fc4a05ab6781d6cd2ffdde,8112c01d5bc652e73cb086caa48ce270,pair_dissolved_naturally,exact,exact,1.0,1.0
7a05984dbc51990edce1b39ab02f2901,a156357fb3b0bbd26f0f3a68446c00b5,pair_dissolved_naturally,exact,exact,1.0,1.0
7a1ffd13595bc75a4fc490c7ece6d4c0,be9f7b97ba8cd60bb51a83b10c8ce7ec,pair_dissolved_by_refactoring,signature_changed,signature_changed,1.0,1.0
7a431684bb269b10ff0aa5bc7af89df0,91e2eca2e26e4e2eda8dcd2fa593a850,pair_dissolved_naturally,exact,exact,1.0,1.0
7af280a1431bf3d64a36a4279a3ae160,ba4f61ea12bf3f7471450ff949a817fd,pair_dissolved_naturally,unknown,unknown,,
7af280a1431bf3d64a36a4279a3ae160,cba4b2011461f7c7155e268953f456f3,pair_dissolved_naturally,unknown,unknown,,
7b1094954983e2021457d9b8a85e6f44,c92424624e08757fa3de37aa37b09820,pair_dissolved_naturally,exact,exact,1.0,1.0
7b191d6469fabb059b17bf4e7cd1ac17,a093cb10a2dfb498bb0ea076d91c644c,pair_dissolved_naturally,exact,exact,1.0,1.0
7b227d21006014a1fe2ca18a814b6fd0,bb958b64f7c4a03d90fa4fd36512bcdc,pair_dissolved_naturally,exact,exact,1.0,1.0
7b227d21006014a1fe2ca18a814b6fd0,eb1eeba00584ae2f4f6ff6545dc0f854,pair_dissolved_naturally,exact,exact,1.0,1.0
7b3c358a9d487ff00858e8d5c121dc60,ffce20a19f943e796ae85fee45019c1a,pair_dissolved_by_refactoring,exact,signature_changed,1.0,1.0
7b3f780d5b9b9216ec35f48f1f8b90b5,8ec5e1f0cc27a9b2ef0994d043a24870,pair_dissolved_naturally,exact,exact,1.0,1.0
7b4a8f3e9bdba83597821887e1b09d9f,a61479673c7610f8d496a9bae590d719,pair_dissolved_naturally,exact,exact,1.0,1.0
7b86a17dd017b8ad727b611731df8110,f701e945e7dbf2b6bd63968586006057,pair_dissolved_naturally,exact,exact,1.0,1.0
7b8a064fa68aba4a8533ff3291eda337,a45368f084e057385f33b2743df7693e,pair_dissolved_naturally,exact,exact,1.0,1.0
7b8a064fa68aba4a8533ff3291eda337,bc8b02abf6f0ed4a4d8e56e11315f59a,pair_dissolved_naturally,exact,exact,1.0,1.0
7b8a064fa68aba4a8533ff3291eda337,f83ee8e785b0bf6762851ab7f04c1101,pair_dissolved_naturally,exact,token_hash,1.0,1.0
7b8c8ce9f34014cefd11115b0e41f21c,98765c2988add67dc28f8c3f305a1db1,both_deleted,deleted,deleted,,
7bd37e7007caf50a7a33b22fd9f9a670,a2ee47a53147718bb0083fc078443011,method_b_deleted,exact,deleted,1.0,
7bec87079c97e092ef17ca0f9b3fde26,c5984bb3a11399113a4ccb518780dfad,method_b_deleted,exact,deleted,1.0,
7c04e4de1c784123fce7fdd43f356299,f21adbac4a983d52dabad5e844b97698,method_b_deleted,exact,deleted,1.0,
7c4d125f36bc27dfe838756de34830b2,d9733588b456ba807b7661fb86512efb,pair_dissolved_naturally,exact,exact,1.0,1.0
7c64be01003f3f3560e415e7a756e5f8,b3a8ed76cca1ae38fbe0b698293873da,pair_dissolved_naturally,unknown,exact,,1.0
7ca64d7d78befde146f79103324da450,d911bea7f1482ae282d6bba99860a2cf,pair_dissolved_by_refactoring,exact,signature_changed,1.0,1.0
7d1c4c2adb5b7afd61f376da3a834f1a,92d285e2427b9c77664d1e6e0a43efdf,pair_dissolved_naturally,exact,exact,1.0,1.0
7d41d8d3785a8be42382ebeee74d89ed,b1bfe1df540770c9f597867df6823cef,pair_dissolved_by_refactoring,token_hash,moved,1.0,1.0
7d51d4d6088339c89aed8269c397d451,bdde2f21780dcf0e73cdf53c52bfb635,method_b_deleted,exact,deleted,1.0,
7d51d4d6088339c89aed8269c397d451,c2b9b0cc34a97daf3e8ba9111461a82c,pair_dissolved_by_refactoring,exact,renamed,1.0,0.95
7d981359d03370ad053e55cb8887cb8d,963b72bf04c646374edaa8c1df55ad16,pair_dissolved_by_refactoring,refactored,signature_changed,0.76,0.78
7dd34d0517eeaf8e52f58c3045e30034,c9c93814bb6fde4c3c292f59a7feb695,pair_dissolved_naturally,exact,exact,1.0,1.0
7e681fb21e3f3614bb0ae38f60fbc3aa,ea2ecbfef56151bebd4ef9cb5a893a88,pair_dissolved_by_refactoring,exact,signature_changed,1.0,1.0
7e69dfdc9ba94b649dc5015b9f0373c1,935b252ca163956dba708a3828922292,pair_dissolved_by_refactoring,signature_changed,signature_changed,1.0,0.97
7e69dfdc9ba94b649dc5015b9f0373c1,d2067887d898790f2e324079134b67e2,pair_dissolved_by_refactoring,signature_changed,signature_changed,1.0,1.0
7e9bad1f676f0a951d057f5aad3897e6,aebdae5de44ecbbf4c6b918a067faea7,method_b_deleted,exact,deleted,1.0,
7ecd32b4307d7944b11c800d5c267bd7,e740673497ac11887d8e820d2853f7b9,pair_dissolved_naturally,exact,exact,1.0,1.0
7eef07dc9c31a8c72f68093b7187be25,de5372a8c0c92a7fc8d1e5241f67602b,pair_dissolved_naturally,exact,exact,1.0,1.0
7ef3d9b024eedb49166d2ff6680a3d0f,b32fce66e91a3d2677ec5618625817c4,pair_dissolved_naturally,exact,exact,1.0,1.0
7ef3d9b024eedb49166d2ff6680a3d0f,bf9bf6145a3518aef55e9eb786922820,pair_dissolved_naturally,exact,unknown,1.0,
7f2d45ff5d23886e5f8bae4074c7cf04,a80fdc615ccd1dea4b233a8fea48156e,pair_dissolved_naturally,exact,exact,1.0,1.0
7f822de0449bd3eff60cc80e7e8cba2d,a4b042c07804b8884f7c22ab7eb3cafc,pair_dissolved_by_refactoring,token_hash,moved,1.0,0.98
7f9efae7e6a49f6a17cd5d2e68c258c6,8d5db32c6922b68abe7e97fd55206b4c,pair_dissolved_naturally,exact,exact,1.0,1.0
7fb2b52025ff1ab54033ec1e92042b6c,bd0e26f245589c455cdb04c4b91099d1,pair_dissolved_naturally,exact,exact,1.0,1.0
7fc2bd245002712fa10f382eb6636247,bf23c6d0c0162451b921e4812cb97845,pair_dissolved_naturally,exact,exact,1.0,1.0
801f93306519c92e83f49352212bc913,9f296896b2417ad2325bd4213bc6356c,pair_dissolved_naturally,exact,exact,1.0,1.0
801f93306519c92e83f49352212bc913,a69d59b893c482fee81dfc853e113dc1,pair_dissolved_naturally,exact,exact,1.0,1.0
8076251c7a2ca20a2c7542be12043153,e4756e7056430b7a72c19c4c5a69b712,pair_dissolved_by_refactoring,exact,refactored,1.0,0.85
80764f55460f9ecd3fe970ff029f3560,98fe3eaa509ed010bf115aeec4585c7e,pair_dissolved_naturally,exact,exact,1.0,1.0
808c75d2c9f2d303b538a292899dfccc,beb51f36f2ea7ae49e96ab29640344c7,pair_dissolved_naturally,exact,exact,1.0,1.0
80b73e2ead3fc0854e8368852aca7b28,ebfbc92fe066db6e26fa4b7f3ce1a6fa,pair_dissolved_naturally,exact,exact,1.0,1.0
80e510ea4c51d77fd1f3a196b71b7c04,919310b4371293cf0778c84457c3868e,both_deleted,deleted,deleted,,
80e510ea4c51d77fd1f3a196b71b7c04,f1873a2aca35b797be78f1e5e0047ce5,both_deleted,deleted,deleted,,
8133b5aa5c16ce2712f1b84b30832b66,e4756e7056430b7a72c19c4c5a69b712,pair_dissolved_by_refactoring,refactored,refactored,0.85,0.85
8174608ff6c750532e02da125e2896ff,85502844f23d095ba63f3e6630d93cb0,pair_dissolved_naturally,exact,exact,1.0,1.0
81a5cb31316a887e8f164e479bc00586,decd8db9ebc0756e18e6cee31cd7ece9,method_b_deleted,exact,deleted,1.0,
81b1942611304d4503dd3f52f25ec7f2,a1a94b5b4b3faaead2e3e515dc1740c6,pair_dissolved_by_refactoring,signature_changed,signature_changed,0.79,0.77
81b1942611304d4503dd3f52f25ec7f2,f1525796d43a75db0b53bb56e499f0fb,method_b_deleted,signature_changed,deleted,0.79,
81df4892fd9617b27fa4d5e31f5e642e,dd36ddc1e152e677ed16de65da4bfb45,pair_dissolved_by_refactoring,moved,moved,0.96,0.96
820630ab53a1f9b18b1e1984e83d79b0,a0e841a96215b9f6fbf58a5094aa1ece,both_deleted,deleted,deleted,,
820630ab53a1f9b18b1e1984e83d79b0,ab0b649976a49aadb580754b7bc50a08,both_deleted,deleted,deleted,,
820630ab53a1f9b18b1e1984e83d79b0,f250a370a7d5b598e57c5aa80d57ed50,both_deleted,deleted,deleted,,
820640a3e017a02af56e8ceb16010043,c6269a0f681431a852a2628b18401b3d,pair_dissolved_naturally,exact,exact,1.0,1.0
8206a4fffd8cc431b92fed0dbd354172,b3000c85d046d50641e11a0c84935e81,pair_dissolved_naturally,exact,exact,1.0,1.0
8206a4fffd8cc431b92fed0dbd354172,b32435c39c8cc17dc4d0e57ecd8985e6,pair_dissolved_naturally,exact,exact,1.0,1.0
8206a4fffd8cc431b92fed0dbd354172,b9cfcbca417c2c3844f6d1444d722d39,pair_dissolved_naturally,exact,exact,1.0,1.0
821182bcb85939b5b49d3df520bffec2,9fae931dcdb1e2fe45b27af21a192efa,both_deleted,deleted,deleted,,
827629d91ec492feff1f3922764f36a7,cd3dc073eb815b8711ed65a27f976aec,pair_dissolved_naturally,exact,exact,1.0,1.0
82abfe015d737e467397510f3d4d06fe,c07949ef43f86d160a023ba089dcac48,pair_dissolved_by_refactoring,exact,signature_changed,1.0,0.98
82d081928a5f42d07e3e12ca8f09d2e2,8ec5e1f0cc27a9b2ef0994d043a24870,pair_dissolved_naturally,exact,exact,1.0,1.0
83c780d148aa2e37bb3d432e3cc66ec8,e37765886052c5aacb9d118572a0098b,pair_dissolved_naturally,exact,exact,1.0,1.0
83ff1bf9f5c863c9b9b55f928ceced98,8506b676a621bb87638890978604d19c,pair_dissolved_naturally,exact,exact,1.0,1.0
8421691cc2e0248a7915e4f294323e43,9263134fc3d44f2b1ae077010300c826,pair_dissolved_naturally,exact,exact,1.0,1.0
8433da0ab60b6e38f339eba6a907df20,fad449cd14acea1fe85f7c70cd213026,pair_dissolved_naturally,exact,exact,1.0,1.0
84450b67497372e22b1b976bb888efd3,b4f1d684ede921e03b207de8f46fa9e3,both_deleted,deleted,deleted,,
8488a0e78b72249c9c3d835fe666c5d6,8f4fc9f4035b6aa2fffaa78fb8ea88af,method_a_deleted,deleted,exact,,1.0
852a80b89e59109e74557a4c1d8501ae,8bc5d3068aa3162f7830663fc5ba6bfc,pair_dissolved_naturally,exact,exact,1.0,1.0
852a80b89e59109e74557a4c1d8501ae,f0906dfe59c3648d8086286fa0fa09a2,pair_dissolved_naturally,exact,exact,1.0,1.0
85bba9f6f4cb8d6ced5e2caf5771823f,94d6aa35ca505a35d438d7f0e951d98a,pair_dissolved_naturally,exact,exact,1.0,1.0
86304726a4d309a278a1625d4e686cb9,c835bb9c8616394d3640a9fbbfbcfa4a,pair_dissolved_naturally,exact,exact,1.0,1.0
8653957ebd84bb8830838654fe2af366,98d115983ff738b70beaad08348ae8ad,both_deleted,deleted,deleted,,
872fff529307839d96e7f7b1cde82c81,a76b1e95deaff100f472a985f1feda8d,pair_dissolved_naturally,unknown,exact,,1.0
87a4eaede123655f8ee1ea2822c578d1,f6aa241f69a2322848576508537fda73,pair_dissolved_naturally,exact,exact,1.0,1.0
87a5a51e526b18a6660b11297c1f3860,9c8345be568bb6013a0a35c1cb6061a6,pair_dissolved_by_refactoring,exact,moved,1.0,0.95
88561b1516c854cc367ab9b565f8c43d,d79e4fe6393a46adc6d99938599de551,pair_dissolved_naturally,unknown,exact,,1.0
886aa9499d98aa44c6883a0fb32f40b8,fc289cf293420849ddae6960c2a615de,both_deleted,deleted,deleted,,
889f5becf4baf4c55d469cd6b2b270b5,d11cc1e30f91f0f3423f6442f198baff,pair_dissolved_by_refactoring,signature_changed,exact,1.0,1.0
88e9623cc3a93b86a815d627093817c5,bfb538cdc4ddb45a9b52947981564490,method_a_deleted,deleted,refactored,,0.79
88e9623cc3a93b86a815d627093817c5,f428bd1ca60f90b92205e245ddf93e03,both_deleted,deleted,deleted,,
88e9623cc3a93b86a815d627093817c5,fdc02db13c34fcb9a0d6c4672a4112c4,method_a_deleted,deleted,refactored,,0.77
8978709655db0cb27d12f62b0726e67b,d14672f6a14afb94d2c895b83fb912c0,pair_dissolved_naturally,exact,exact,1.0,1.0
89af6435d57ea35a9db05f4c3a048124,a7f78547325d6698b2f20ebd9ab1986e,pair_dissolved_by_refactoring,moved,token_hash,0.99,1.0
89ffa8b0a891dd4e150431b1cb987375,aac950f82555f102b1e2509c74f7fc47,pair_dissolved_naturally,exact,exact,1.0,1.0
8a0c1ca32a296ddc125adb9028462eef,d64248a33cc779715657aff3c2db1131,pair_dissolved_naturally,exact,exact,1.0,1.0
8a0c1ca32a296ddc125adb9028462eef,f8824cdaceb01c4905ac4d9ba77c53a9,pair_dissolved_naturally,exact,exact,1.0,1.0
8a4280ffaba6a723630e465b669a10d8,b29812a8a408d03bcb06008dbc335847,pair_dissolved_by_refactoring,moved,moved,0.95,0.99
8a8ef9eb816b79ff50f3e2110e9a8f04,cf5998124cb39d316210b5a91ef66c91,both_deleted,deleted,deleted,,
8a97827e0fc5d68206ce1a2939304cf3,bf93a84a44970104167f068acc6a5d49,pair_dissolved_naturally,exact,exact,1.0,1.0
8ad8502ae8f2b2b6cde8452d8fa33b01,d2c028e0455d83f3bcda3b5f02139de6,pair_dissolved_naturally,exact,exact,1.0,1.0
8ae96569b911441d566ee4cc5b558dec,e36bcc895d7a7f203754fba30c4539a6,pair_dissolved_by_refactoring,exact,signature_changed,1.0,1.0
8b33a5ed5d03e92b285e1ba4c29ea580,b02f4a7ed4a2f05720076abb3b5b461a,pair_dissolved_naturally,exact,exact,1.0,1.0
8b33be483dce56210cd0efe237d5bae3,b29812a8a408d03bcb06008dbc335847,pair_dissolved_by_refactoring,exact,moved,1.0,0.99
8b4b72c7d6ce5e450f31ab2f0e2ee80c,a4c36aecf00d2af7e123d2e35a468e2e,pair_dissolved_naturally,exact,exact,1.0,1.0
8b923dea8d2a6cb2b0fdc27351c5343b,f55b5d0fad7472bf39aa68785cc2e27c,pair_dissolved_naturally,exact,exact,1.0,1.0
8bb98ee92a64bf9caa27550a7d70e73c,a7d50ff979f8d4957ba32fe0c32cccc1,pair_dissolved_naturally,exact,exact,1.0,1.0
8bc5d3068aa3162f7830663fc5ba6bfc,f0906dfe59c3648d8086286fa0fa09a2,pair_dissolved_naturally,exact,exact,1.0,1.0
8bcac24295fcbd365dc3afed8dfedd19,ef181ebd9a1ac2f04d965afaa0e4b368,pair_dissolved_by_refactoring,signature_changed,signature_changed,0.83,0.84
8bd8d51abe2f96345776dbce6267cfa4,92b156a6e06a493c0ddd33849d4f461c,both_deleted,deleted,deleted,,
8bd8d51abe2f96345776dbce6267cfa4,f55ba1b6db17a1d1db9163f7917dd0e4,both_deleted,deleted,deleted,,
8bea62051d82342b14ac22c422b349b2,9638904de377ed7c7a27290b7cae68e8,pair_dissolved_naturally,exact,exact,1.0,1.0
8c565987bef733dc865e569ce1d2c444,acedf6a4e842b5a9c51439635845392b,pair_dissolved_naturally,exact,exact,1.0,1.0
8c78998d63f7f7e621c9154c974d4f81,ec90625c07f9f44909a942bc2bffc570,pair_dissolved_naturally,exact,exact,1.0,1.0
8c93ed60e22455c27455a3904dab4e88,9da5904475e434ea38c8d4040b700c18,pair_dissolved_naturally,exact,exact,1.0,1.0
8ce65f4ad62a6721ce3e5857f5781548,db94a6e4c5164b270165169ae26383b5,method_b_deleted,exact,deleted,1.0,
8cf882d94f722dd3abb03569edf69393,d01aeae40865f9a342db7337f9210b90,pair_dissolved_naturally,exact,exact,1.0,1.0
8d1ac0a63fb1f45e3d37f399fbbb3ae0,e05faac5cafeff4fe4a0d216e2adac28,pair_dissolved_naturally,exact,exact,1.0,1.0
8d20e8379c43ad08354ba5880c942d8b,fbf2118c185a348587a1e9f34fd34f05,pair_dissolved_by_refactoring,exact,refactored,1.0,0.83
8d55a3a6a0cc3be1805c2eb5f69c7b7d,db8e649e6f059d8dc96e4e793ece79fe,pair_dissolved_naturally,exact,exact,1.0,1.0
8e7467ea1c6bc66f07bc530b32f8b338,ecffb1b1a33bf6340cb2bbad4222e764,pair_dissolved_by_refactoring,signature_changed,exact,1.0,1.0
8e7467ea1c6bc66f07bc530b32f8b338,fbd94e193a55d2642dc9ffe01da07a0d,pair_dissolved_by_refactoring,signature_changed,exact,1.0,1.0
8ec5e1f0cc27a9b2ef0994d043a24870,c0e32862501d8ac0e1c8458a60639480,pair_dissolved_by_refactoring,exact,signature_changed,1.0,0.93
8ec5e1f0cc27a9b2ef0994d043a24870,c247dd7abf21f09ba2f70c0eb72be9b0,pair_dissolved_naturally,exact,exact,1.0,1.0
8ec5e1f0cc27a9b2ef0994d043a24870,c64296d21a0bce762ccf2405e97f420c,pair_dissolved_naturally,exact,exact,1.0,1.0
8ec5e1f0cc27a9b2ef0994d043a24870,ce1d445ab7ee705fcc47b21fb4d3f645,pair_dissolved_naturally,exact,exact,1.0,1.0
8ec5e1f0cc27a9b2ef0994d043a24870,f8b4f7960c8680096919790e3e644641,pair_dissolved_naturally,exact,exact,1.0,1.0
8f5fd84ab0ed0689a3cfde87dcf71d22,e6cbb4fbf95e2f6ff1e0247c775a992d,pair_dissolved_naturally,exact,exact,1.0,1.0
8ff099acb79da4d0bbcc3065c3930e10,b5e2e372bf7bec6066d8c07839ba836c,pair_dissolved_naturally,exact,exact,1.0,1.0
8ff099acb79da4d0bbcc3065c3930e10,cef4f659af2ff19515fe4207db8a5125,pair_dissolved_naturally,exact,exact,1.0,1.0
8ff099acb79da4d0bbcc3065c3930e10,dccae463de53e77bfb3322a6bbb51da0,pair_dissolved_naturally,exact,exact,1.0,1.0
8ff099acb79da4d0bbcc3065c3930e10,e605a4282118806466e0980fe6e409d9,pair_dissolved_naturally,exact,exact,1.0,1.0
9075d1cbbb3cfcad80e4fd2b9f68ec35,ff2eb3b6ced8c70fc1478b7bad437351,pair_dissolved_naturally,exact,exact,1.0,1.0
907dda3b6615e92967144fdfe33eeea7,a93c636946e66bdfa166b6af03587a37,both_deleted,deleted,deleted,,
907dda3b6615e92967144fdfe33eeea7,c62ca5989ecef34ba4cf67a97c807d19,both_deleted,deleted,deleted,,
908a09b69c6f37482ec9d126559b5571,c2e94384d35e3b5835f0e0cb1b3445e9,pair_dissolved_naturally,exact,exact,1.0,1.0
91234babb1a8474e924e499f5437452e,aaf9807b404f68e5004790cd91082f7b,pair_dissolved_naturally,exact,exact,1.0,1.0
9184af71ea610a2b3e5976cc3e16aa00,928d258da67de9e368f94f98d7fcd77d,pair_dissolved_naturally,exact,exact,1.0,1.0
919310b4371293cf0778c84457c3868e,f1873a2aca35b797be78f1e5e0047ce5,both_deleted,deleted,deleted,,
91ff0cd61f590b2d1e8360c1478242dc,a909775f5b47fd85f03cc3d61b6f2db3,pair_dissolved_naturally,exact,exact,1.0,1.0
92b156a6e06a493c0ddd33849d4f461c,f55ba1b6db17a1d1db9163f7917dd0e4,both_deleted,deleted,deleted,,
92e02a472bb4cd90dc88fcf8fda46a18,954ba28e4e343e35dbb10ebbe668c486,pair_dissolved_naturally,exact,exact,1.0,1.0
9304d84c09aeb319588c57eb1e642290,de27161f517cd69bc3d0a62852837a7a,pair_dissolved_naturally,exact,exact,1.0,1.0
932aadc3648c4d3ee7c9b5af95e0fad2,c594b88b4ff64a93a94f601d7a2f8bbc,pair_dissolved_naturally,exact,exact,1.0,1.0
935b252ca163956dba708a3828922292,d1aaa6d9fa9c1a69c4d2c2747f09343b,pair_dissolved_by_refactoring,signature_changed,exact,0.97,1.0
935b252ca163956dba708a3828922292,d2067887d898790f2e324079134b67e2,pair_dissolved_by_refactoring,signature_changed,signature_changed,0.97,1.0
94424c23c74e21de52452bb366f744e0,b5bc6824f9ee7130512822e0f232b220,method_b_deleted,exact,deleted,1.0,
94b71a513e64a31ff6cf524d7a2555b2,9b5ecbb6a28fdbc17da5c4bc9ddc57f7,pair_dissolved_by_refactoring,exact,signature_changed,1.0,0.88
94b71a513e64a31ff6cf524d7a2555b2,c2f0e47722fbb91c294da541b639c2dd,pair_dissolved_naturally,exact,exact,1.0,1.0
95066bc28871b97783f31fa4d728a6d1,95066bc28871b97783f31fa4d728a6d1,pair_dissolved_by_refactoring,signature_changed,signature_changed,1.0,1.0
95066bc28871b97783f31fa4d728a6d1,fda7af5662eb881598aca3cc349907c2,pair_dissolved_by_refactoring,signature_changed,signature_changed,1.0,1.0
9528bc323c2f2feebc45573b7bf9cfc0,c037532c0be748ce52f1adf12f04d39b,pair_dissolved_naturally,exact,exact,1.0,1.0
954ba28e4e343e35dbb10ebbe668c486,cf9c72b730e3c8d7deb7eb44620a7345,pair_dissolved_naturally,exact,exact,1.0,1.0
95d77ef16159201d0afb8a9d89446aba,9bbd5aae677735b6bff923df907775b5,pair_dissolved_naturally,exact,exact,1.0,1.0
95db4eb0709bdc7bec663c37bf4ce423,e4756e7056430b7a72c19c4c5a69b712,pair_dissolved_by_refactoring,exact,refactored,1.0,0.85
95f5ddfa8801664af22ba54a14c44197,b4d3c774a2d970586c6004c3352f99fd,pair_dissolved_by_refactoring,signature_changed,signature_changed,0.97,0.97
9728c41a8109db5dcccb42d4dbcc1cd4,ab3a8671211ba800c56a7308d7355cfd,pair_dissolved_naturally,unknown,exact,,1.0
9770cf10ba395052abf16828a09c0ed5,9c5ecfbf32df4d1c62be5af9ef7a042f,pair_dissolved_naturally,exact,exact,1.0,1.0
97f029a25190bed7b96d1f8a011bef2a,a909775f5b47fd85f03cc3d61b6f2db3,pair_dissolved_naturally,exact,exact,1.0,1.0
98272e7e08c5af8a8beb62f1199d39ed,dab69a17a1b966361c2fbe5ec59b8a62,pair_dissolved_naturally,exact,exact,1.0,1.0
9868d14fefb387f59748bf53bce128a8,9e66415a6010c627c40c6f3a8569f6e1,pair_dissolved_naturally,exact,exact,1.0,1.0
987b56c68d72b60a29029368f025fa26,f4499f180e6b8e4fbc2b46c1e4ee5567,pair_dissolved_naturally,exact,unknown,1.0,
98a0201c49f71065d17d2324c340c0b5,b984b5fa4aee1c345596c1f3d3507649,pair_dissolved_naturally,exact,exact,1.0,1.0
98c3806bf82cec6bd01cd2f501fef358,be562ef264fedcb27b5098894a280940,pair_dissolved_naturally,exact,exact,1.0,1.0
9947b0bd8c5924d97969016af3c31cbd,c8d4a4a17dc29431f79ba40f42c11774,pair_dissolved_naturally,exact,exact,1.0,1.0
9978aa2cf95722abd3b89b3e8d6d06aa,c7a67b3a6dbaaf297d52bc2e52ee6d06,pair_dissolved_by_refactoring,signature_changed,signature_changed,0.72,0.97
9978aa2cf95722abd3b89b3e8d6d06aa,f212a882f08d438a418fb45b3fcb79fa,pair_dissolved_by_refactoring,signature_changed,unknown,0.72,
99d278341c120005bf662839dfb04edb,ff2eb3b6ced8c70fc1478b7bad437351,pair_dissolved_naturally,exact,exact,1.0,1.0
9b5ecbb6a28fdbc17da5c4bc9ddc57f7,a8932dd5727da6b2b75ab469cb4a4b03,pair_dissolved_by_refactoring,signature_changed,exact,0.88,1.0
9ba0fe17c6963afa874fc800f56d673b,b2a4b91166bb57a8a672eb87b6dc1f90,pair_dissolved_naturally,exact,exact,1.0,1.0
9d1fc3c419b940e95fc50fae2a82e6b7,f3c16a057deaa5ae1a8b6211b781adc1,pair_dissolved_naturally,exact,exact,1.0,1.0
9d3e6e99abd81fee32485429ea70aa8e,c29a85dd73ab7a15cbd8e1aa371252b4,pair_dissolved_naturally,exact,exact,1.0,1.0
9d73de48c3bef7c228db6452801534ac,c57dafba02a4011142d50f1c2bdfc8a0,pair_dissolved_naturally,exact,exact,1.0,1.0
9db4d980023a35d2370c45394f15038a,f676f93d37e896a8883a247529935552,pair_dissolved_naturally,exact,exact,1.0,1.0
9e15ac095f80e310012d6abf47308d71,d1b6bf9b96a0b0c7067b028954c079d4,both_deleted,deleted,deleted,,
9e3958b0575537f6529414db474bd8d9,c64296d21a0bce762ccf2405e97f420c,pair_dissolved_naturally,exact,exact,1.0,1.0
9ef8b5786d678c03c8c0e8986245d7dd,d02c4057c3d978ff036cd765f2643afd,pair_dissolved_by_refactoring,token_hash,moved,1.0,0.99
9f70c40a82bd8a63d9befa12bd8e62c3,adb0800c695ad5af0d09fa9c7b035a8b,pair_dissolved_naturally,exact,exact,1.0,1.0
9f70c40a82bd8a63d9befa12bd8e62c3,ae9e6784deebdcf8f0ccdf2d0ce5b9f6,pair_dissolved_naturally,exact,exact,1.0,1.0
9f70c40a82bd8a63d9befa12bd8e62c3,d534bfb8b32068222fe7c09127ae8020,pair_dissolved_naturally,exact,exact,1.0,1.0
9f70c40a82bd8a63d9befa12bd8e62c3,f9cb8fb3b67a3951b32cceefb834d083,pair_dissolved_naturally,exact,exact,1.0,1.0
9fd3c7df25a4e30e0625865d1c1536d1,e7228ec3567867ae842f44f74a9907a2,pair_dissolved_by_refactoring,exact,signature_changed,1.0,0.95
a0e841a96215b9f6fbf58a5094aa1ece,ab0b649976a49aadb580754b7bc50a08,both_deleted,deleted,deleted,,
a0e841a96215b9f6fbf58a5094aa1ece,bd2cc3a3cd0a6d03d41cdd89423b468e,both_deleted,deleted,deleted,,
a0e841a96215b9f6fbf58a5094aa1ece,f250a370a7d5b598e57c5aa80d57ed50,both_deleted,deleted,deleted,,
a0f08212454ed43dd5ab196e4699d607,e136c73d9dca8cb8f300d6722296f949,pair_dissolved_naturally,exact,exact,1.0,1.0
a156357fb3b0bbd26f0f3a68446c00b5,b1ae9201079d8e4fba283402fa541b00,pair_dissolved_naturally,exact,exact,1.0,1.0
a156357fb3b0bbd26f0f3a68446c00b5,b5f61f258f7c57229c988e0ba11ba73d,pair_dissolved_naturally,exact,exact,1.0,1.0
a156357fb3b0bbd26f0f3a68446c00b5,b7b216cb369cd8937d208cbfcebbc6d4,pair_dissolved_naturally,exact,exact,1.0,1.0
a160826610f128eb4f410f640be79e56,cba387cb102e4f8d3946358ffcc5835d,pair_dissolved_naturally,exact,exact,1.0,1.0
a18f9fd899ab9b1fc9a5b298b8bc2bca,f175ab8b7f1994e1f29dbf49256cf149,pair_dissolved_naturally,exact,token_hash,1.0,1.0
a1937ecc5d35f7239b5a0c49457ec9a5,d56f5ee7fccdde8f8fd17998c35fad23,pair_dissolved_by_refactoring,signature_changed,signature_changed,1.0,1.0
a28b030543485438a3d331bfbe0cfd67,fa59f45b3c95f4b3fd0027c0514b97b1,pair_dissolved_naturally,exact,exact,1.0,1.0
a2d283f4e1b437b8452553a8b6e8edfe,d4a4571687febcfba75b076759cf5f43,pair_dissolved_naturally,exact,exact,1.0,1.0
a361da498ddc1cc84f3bb5c03f722355,fa59f45b3c95f4b3fd0027c0514b97b1,pair_dissolved_naturally,exact,exact,1.0,1.0
a374710ce0bc2b014e5eac2e1f2e280b,e520b091140415f139945e1037181ffb,method_b_deleted,exact,deleted,1.0,
a45368f084e057385f33b2743df7693e,bc8b02abf6f0ed4a4d8e56e11315f59a,pair_dissolved_naturally,exact,exact,1.0,1.0
a47fb1d30592a05df698950888092faf,b29812a8a408d03bcb06008dbc335847,pair_dissolved_by_refactoring,exact,moved,1.0,0.99
a4a7e9b5aac6c71a7839ceecdee07cbe,f52a3a1006df17629384a613136a8089,pair_dissolved_by_refactoring,signature_changed,signature_changed,1.0,1.0
a55e5ad4506096e69ec945f941528c4d,ab7d6fbe010de3adefb5713c6cdb6f3e,method_b_deleted,exact,deleted,1.0,
a5928eeb73b47d2d696e20bce7aaefaa,ae4ca9e306b281cf360a2da482b65826,pair_dissolved_naturally,exact,exact,1.0,1.0
a5928eeb73b47d2d696e20bce7aaefaa,d8cab1f10bcc3a6071f0959373aa9078,pair_dissolved_naturally,exact,exact,1.0,1.0
a5928eeb73b47d2d696e20bce7aaefaa,eecd83ea0e4c52614141e3a97f87ecef,pair_dissolved_naturally,exact,exact,1.0,1.0
a59ed8502db70dd34e503845f0698d64,e45d69f9e9effcdee7cd43f20b3b03bf,pair_dissolved_naturally,exact,exact,1.0,1.0
a615c6ae891c34fa812d47472f712caa,bf93a84a44970104167f068acc6a5d49,pair_dissolved_naturally,exact,exact,1.0,1.0
a617ee3b02abd5c34bc66130d47b1eb3,afbcc9b994ee1a5d96741490481eb49d,pair_dissolved_naturally,exact,exact,1.0,1.0
a6621e57c851ad9c56b48f600f5175d8,f212a882f08d438a418fb45b3fcb79fa,pair_dissolved_by_refactoring,signature_changed,unknown,0.9,
a6894ae94dda0af46bedb1d350b43c9f,d837f6dff34f939a3fe1877619817f9a,pair_dissolved_naturally,exact,exact,1.0,1.0
a68a497a35b179547d29f85bf7d70abe,eb5397a8acd8430bfc89d43f97dc480b,pair_dissolved_by_refactoring,signature_changed,refactored,1.0,0.82
a69d59b893c482fee81dfc853e113dc1,e652b47fa99f222f291ff5cc69153f13,pair_dissolved_naturally,exact,exact,1.0,1.0
a69f06a1ed596726ce0a9a1289df2fad,d01aeae40865f9a342db7337f9210b90,pair_dissolved_naturally,exact,exact,1.0,1.0
a6adb67f423bc196934b38df9d3dde07,e59c5494db3e7ab9f11bef417c3c64ac,pair_dissolved_naturally,exact,exact,1.0,1.0
a6af414468e4f2288d88f83f5902b51b,ea2ecbfef56151bebd4ef9cb5a893a88,pair_dissolved_by_refactoring,signature_changed,signature_changed,1.0,1.0
a7097a73492ede9d8919e6fd1649bb18,d02c4057c3d978ff036cd765f2643afd,pair_dissolved_by_refactoring,exact,moved,1.0,0.99
a70d8d39df34b8494e5e060ff2e84d0f,c55291cc9c8919b46476129a9a066009,pair_dissolved_by_refactoring,signature_changed,exact,1.0,1.0
a74b0f73a94019110b2ff1fd1f314305,d02c4057c3d978ff036cd765f2643afd,pair_dissolved_by_refactoring,exact,moved,1.0,0.99
a7d50ff979f8d4957ba32fe0c32cccc1,fec4d91c4a4adc5f2d335bf9185d1556,pair_dissolved_naturally,exact,exact,1.0,1.0
a80fdc615ccd1dea4b233a8fea48156e,ade4b64bc44dda65d8af5809d77bb1a3,pair_dissolved_naturally,exact,exact,1.0,1.0
a8932dd5727da6b2b75ab469cb4a4b03,c2f0e47722fbb91c294da541b639c2dd,pair_dissolved_naturally,exact,exact,1.0,1.0
a92937634026bf57dabee7692c9547ed,ea5db82c1f0cde0766ad9c83c0c6de1d,pair_dissolved_by_refactoring,token_hash,moved,1.0,0.96
a93184a95c8eb99e4248198c019f904e,f4cd962df3cb606687dcc3bb554a2dcb,both_deleted,deleted,deleted,,
a93c636946e66bdfa166b6af03587a37,c62ca5989ecef34ba4cf67a97c807d19,both_deleted,deleted,deleted,,
a9702bcb3e66da96aaee5621a51b2ee7,d4d2e8dbfe8ab73957d82bdcf2ce90ff,pair_dissolved_naturally,exact,exact,1.0,1.0
a9acb5de4b5d6f43ef684452c754c49f,cc6a50f1e63e20d59829a67744c1dffb,pair_dissolved_naturally,exact,exact,1.0,1.0
a9acb5de4b5d6f43ef684452c754c49f,ed908be471909993c44bf5b4099587c3,pair_dissolved_naturally,exact,exact,1.0,1.0
a9f8a6ae7d0ca78a694f1af3ad1a0373,ec9ae380cf2225d3f369f164823b1536,pair_dissolved_naturally,exact,exact,1.0,1.0
aa5925e29ecc3a9cf3fd1493e9dd720b,c7f14669130fa1399d5e137e324fabde,method_b_deleted,exact,deleted,1.0,
aab7d5a74ba9d4d064fa30aebce50013,ea7cdda7b52f8b77c267a349066f5ef3,pair_dissolved_naturally,exact,exact,1.0,1.0
aafc32cbee0b60ccc090fc1f7bab9f78,f834023e7ccc3753364fc5332bf7434e,pair_dissolved_naturally,exact,exact,1.0,1.0
ab0b649976a49aadb580754b7bc50a08,f250a370a7d5b598e57c5aa80d57ed50,both_deleted,deleted,deleted,,
ac4cbd48cb7c185709cb6185f9e158aa,c3605a14634ec0134a5e47a057f7bbbb,pair_dissolved_naturally,unknown,exact,,1.0
ac761a925bf0d467c0c43e383dc935ee,b096405376b84c6ad0968f0a3472e518,pair_dissolved_naturally,exact,exact,1.0,1.0
ad909c1a7e37e49c1b6119137388d30d,ad909c1a7e37e49c1b6119137388d30d,pair_dissolved_by_refactoring,moved,moved,1.0,1.0
ad909c1a7e37e49c1b6119137388d30d,b25adc5a30658696c046c6d6e465a3da,pair_dissolved_by_refactoring,moved,exact,1.0,1.0
adb0800c695ad5af0d09fa9c7b035a8b,d534bfb8b32068222fe7c09127ae8020,pair_dissolved_naturally,exact,exact,1.0,1.0
adde6d644ef6d7b3cc7b35b7f9ce0e35,e034ad30c31a985aa4cbb276fdc1d42e,pair_dissolved_naturally,exact,unknown,1.0,
ae00a603a3600330ea34cfe1dba017b9,ffce20a19f943e796ae85fee45019c1a,pair_dissolved_by_refactoring,exact,signature_changed,1.0,1.0
ae09462474bc81060050a89f41f10566,f428bd1ca60f90b92205e245ddf93e03,both_deleted,deleted,deleted,,
ae4ca9e306b281cf360a2da482b65826,d8cab1f10bcc3a6071f0959373aa9078,pair_dissolved_naturally,exact,exact,1.0,1.0
ae4ca9e306b281cf360a2da482b65826,eecd83ea0e4c52614141e3a97f87ecef,pair_dissolved_naturally,exact,exact,1.0,1.0
ae4f6e67175904f5e7ee6fe09c6ff341,d65da23b93876d8f6b3c9660d3972586,pair_dissolved_naturally,exact,exact,1.0,1.0
ae5e668d2e454ac193978bae5087d31c,daca2a4e5443452d565601e54b7f9cbe,pair_dissolved_naturally,exact,exact,1.0,1.0
ae9e6784deebdcf8f0ccdf2d0ce5b9f6,d534bfb8b32068222fe7c09127ae8020,pair_dissolved_naturally,exact,exact,1.0,1.0
ae9e6784deebdcf8f0ccdf2d0ce5b9f6,f9cb8fb3b67a3951b32cceefb834d083,pair_dissolved_naturally,exact,exact,1.0,1.0
aebdae5de44ecbbf4c6b918a067faea7,b3cd769ab41d73b881f827466a2c765d,method_a_deleted,deleted,exact,,1.0
aebdae5de44ecbbf4c6b918a067faea7,b9c5156e3586d6d36af52983e5da5a78,method_a_deleted,deleted,unknown,,
aebdae5de44ecbbf4c6b918a067faea7,ca21f525cc951d4c8880948bfa020af6,method_a_deleted,deleted,exact,,1.0
af685954839f70fa8d19e69fa0a0ec5f,dad51bce713d5aa882b1be0e344a21c4,pair_dissolved_naturally,exact,exact,1.0,1.0
af9012d0e382f86efa1c351178aaf1bf,b7bc1e397555df3beabaee014fae0afb,pair_dissolved_by_refactoring,signature_changed,signature_changed,1.0,0.84
af9272414b76a5108f8dfcc3a7da6d9b,df8b51e42539035e15f7aa5a815bfb7e,pair_dissolved_naturally,exact,exact,1.0,1.0
afcc9541aba03f40967d9bb1bee8c5c0,f4178c56bdcae74b89bb91c4a5254fa7,pair_dissolved_naturally,exact,exact,1.0,1.0
afe83e3836dcbce50181b036803b192d,e4fed46501bfaee822fdeea5753f6e00,pair_dissolved_by_refactoring,signature_changed,exact,0.9,1.0
afff3fb03362c8383853f0defdac92c7,c575e07f40a3fd7090156229d68cef18,pair_dissolved_by_refactoring,signature_changed,signature_changed,0.97,0.98
b02f4a7ed4a2f05720076abb3b5b461a,dead8a10042ed88cadcd31f18c6bab87,pair_dissolved_by_refactoring,exact,moved,1.0,0.91
b17109eea73df3ae25bb470164489c14,d53b9576c3b37626cd108fdc35a45d50,both_deleted,deleted,deleted,,
b1a2d6e64054b91b0992032f1f86571c,bbeb349d06fe6c2e13ad2b230763d2db,pair_dissolved_by_refactoring,signature_changed,exact,0.91,1.0
b1ae9201079d8e4fba283402fa541b00,b7b216cb369cd8937d208cbfcebbc6d4,pair_dissolved_naturally,exact,exact,1.0,1.0
b2703f57cc02292bd3e732c4d86cf10e,ba93b1f54fe44b86243137d828c0f9a3,pair_dissolved_naturally,unknown,unknown,,
b2703f57cc02292bd3e732c4d86cf10e,d3e1355a98b49a54cc07cbe7acfa5f01,pair_dissolved_naturally,unknown,exact,,1.0
b27ee0bd6d7749dd4ac0c94210c5f239,d1a31eb9394b7373bc844157ddb465f9,pair_dissolved_naturally,exact,exact,1.0,1.0
b2959c1e4aeeaf0e2ef10c044d832d72,c964ceab99f0e6769806b84d35b5aa12,pair_dissolved_naturally,exact,exact,1.0,1.0
b2afc0286dd6a5ba9db0b1cc30092342,c7d0dae622e18a8f0422a74fe154495a,pair_dissolved_by_refactoring,exact,signature_changed,1.0,0.96
b32fce66e91a3d2677ec5618625817c4,bf9bf6145a3518aef55e9eb786922820,pair_dissolved_naturally,exact,unknown,1.0,
b39fac4fd7e5b288ac63ecc656ea99f1,db0fec33d8a0aa58dca9696f1128681f,pair_dissolved_naturally,exact,unknown,1.0,
b3aa4e4b95cb931f9dc42e0e65fc5135,da73b4dcb480dae0fe55f1f3fee670f3,pair_dissolved_by_refactoring,signature_changed,signature_changed,0.81,0.82
b48d8574a9a006a45ef01f742e481478,b8d02d015fc929312f77dc3eb916b234,pair_dissolved_naturally,exact,exact,1.0,1.0
b4ac1d48a92ac09be5827be1dced858f,c07949ef43f86d160a023ba089dcac48,pair_dissolved_by_refactoring,exact,signature_changed,1.0,0.98
b4b25bccd06e961625fc5ca0e66fc5b5,bd99d242de89f70d95e6f865fbacfff2,pair_dissolved_naturally,exact,exact,1.0,1.0
b4b25bccd06e961625fc5ca0e66fc5b5,f43737144a1ad9cd6391d08f3b91d873,pair_dissolved_naturally,exact,exact,1.0,1.0
b4ec90aae2bfd5ad5b63e926d57a44d9,ee77a280d0e3340bca7c4ad234a3dc51,pair_dissolved_naturally,unknown,exact,,1.0
b56b07d5b570fe453ede0218f9091111,e520b091140415f139945e1037181ffb,method_b_deleted,exact,deleted,1.0,
b5b89cd31860c5f346fda4feba7a092e,db2cae82ac36066a7f76e5281042b69d,pair_dissolved_naturally,exact,exact,1.0,1.0
b5e2e372bf7bec6066d8c07839ba836c,dccae463de53e77bfb3322a6bbb51da0,pair_dissolved_naturally,exact,exact,1.0,1.0
b5e2e372bf7bec6066d8c07839ba836c,e605a4282118806466e0980fe6e409d9,pair_dissolved_naturally,exact,exact,1.0,1.0
b5e2e372bf7bec6066d8c07839ba836c,e79a26779cb2af035a2de65d98c8a8c3,pair_dissolved_naturally,exact,exact,1.0,1.0
b609c86cc1cd17baabfcad1169aa3a9d,e67267312262e00baae294ac5e7c71ef,pair_dissolved_naturally,exact,exact,1.0,1.0
b8b37350e26349fa759f73cc78e10592,e0645fe26095de4aef4edb6ca37b8f9b,pair_dissolved_by_refactoring,exact,signature_changed,1.0,1.0
b8c748d077c66d9be47fd3cbba3b13c4,d87f48a5fb4fc5fdeba1ae591ef6ae2e,pair_dissolved_naturally,exact,exact,1.0,1.0
b8c748d077c66d9be47fd3cbba3b13c4,ddc75afaed320476e7230b8b5326bb2c,pair_dissolved_naturally,exact,exact,1.0,1.0
b8caa1885e304a5de1047a3272cdf89a,fbe5d7efd16cb89106471f64daff95c0,pair_dissolved_naturally,exact,exact,1.0,1.0
b8dacd17444c07250891bdc8e241496a,fa3a47578702ff1fa59f207e691b2ff4,pair_dissolved_naturally,unknown,unknown,,
b93bcbe4b7d9375b1735a45fa11d32b5,decd8db9ebc0756e18e6cee31cd7ece9,both_deleted,deleted,deleted,,
b95dead306761a20677d73d8f684563f,d4a4571687febcfba75b076759cf5f43,pair_dissolved_naturally,exact,exact,1.0,1.0
b9c1c7e3730c270856a14b7adefe3e1f,de6ea441059e958018a6d1aaeaeb4d9f,pair_dissolved_naturally,exact,exact,1.0,1.0
b9c761334f0e8fa48cf26c9aa494332d,e55b1c8bfd45dcc1a39fd54b5977b9c8,pair_dissolved_naturally,exact,exact,1.0,1.0
b9fa93d40701e893b4670f77cdd4e0d7,ba93b1f54fe44b86243137d828c0f9a3,pair_dissolved_naturally,exact,unknown,1.0,
ba0adc79eb01831d3ae873a057ba08fb,e5a7a9cd87570e5d18a4fd47e6da0ee5,pair_dissolved_naturally,exact,exact,1.0,1.0
ba3f49ff4c7db770d832ca5616c8812e,ff367f32cdc196cec295b2c2a0738f5b,pair_dissolved_naturally,exact,exact,1.0,1.0
ba4f61ea12bf3f7471450ff949a817fd,d3c142321d7d72a623aa9c6403e47770,pair_dissolved_naturally,unknown,exact,,1.0
ba6e2d90392720da59f14e1dc867bcb9,d3a4c192eaca4176effa75938d6a1e1f,pair_dissolved_by_refactoring,exact,signature_changed,1.0,0.84
ba93b1f54fe44b86243137d828c0f9a3,c53b15a5e526b75366ef370eb14077b8,pair_dissolved_naturally,unknown,exact,,1.0
ba93b1f54fe44b86243137d828c0f9a3,dfc522bfe4b7520c68514ec54bf13beb,pair_dissolved_naturally,unknown,exact,,1.0
ba93b1f54fe44b86243137d828c0f9a3,e142cb54b380f817cda4601ba94ddd4f,pair_dissolved_naturally,unknown,unknown,,
ba93b1f54fe44b86243137d828c0f9a3,f194544ba2911f3782e8b6e865d895aa,pair_dissolved_naturally,unknown,unknown,,
ba93b1f54fe44b86243137d828c0f9a3,f4499f180e6b8e4fbc2b46c1e4ee5567,pair_dissolved_naturally,unknown,unknown,,
bb3bec1cb21b8e88a330563e075ee5fd,db94a6e4c5164b270165169ae26383b5,method_b_deleted,exact,deleted,1.0,
bbbae082eb45f67825a9da9e8003a2b6,c64296d21a0bce762ccf2405e97f420c,pair_dissolved_naturally,exact,exact,1.0,1.0
bc888a3f2c734d8c87ab85538b93593a,d9914644ab9850c49c4fc76a30037327,pair_dissolved_naturally,exact,unknown,1.0,
bd2cc3a3cd0a6d03d41cdd89423b468e,f250a370a7d5b598e57c5aa80d57ed50,both_deleted,deleted,deleted,,
be3357db40d9e93456468ec9ff6b040c,ecfd2725de24d5c5e15b567b630dfec1,both_deleted,deleted,deleted,,
be870da39418ec1be4e8e382e7b484cc,c3316ca21de610268a9f5677b8b6eaa4,method_a_deleted,deleted,refactored,,0.82
be870da39418ec1be4e8e382e7b484cc,e8019c1a94c06639ecb7275705e75685,method_a_deleted,deleted,signature_changed,,1.0
be870da39418ec1be4e8e382e7b484cc,f05915300311b4aadbea3fdcbaed7af2,both_deleted,deleted,deleted,,
bf93a84a44970104167f068acc6a5d49,c2fe8fb09664adfbf5b7d88d17137203,pair_dissolved_naturally,exact,exact,1.0,1.0
bfb538cdc4ddb45a9b52947981564490,fdc02db13c34fcb9a0d6c4672a4112c4,pair_dissolved_by_refactoring,refactored,refactored,0.79,0.77
c009f86a8e56a068dc764790d4729df8,d57ec7de7d3edf07626bcc13a1ee327c,pair_dissolved_naturally,exact,exact,1.0,1.0
c037532c0be748ce52f1adf12f04d39b,d3dda5053e078651749e29aefd5f0398,pair_dissolved_naturally,exact,exact,1.0,1.0
c092ed362ba6ad8e7d5cbc0530b659cb,d3d70a4a0415a08484b333adb64f2fa1,pair_dissolved_naturally,exact,exact,1.0,1.0
c0e32862501d8ac0e1c8458a60639480,f9413a111bc23a1c5a6c389914e6a542,pair_dissolved_by_refactoring,signature_changed,signature_changed,0.93,0.94
c113e6fec17a8ef19420ab422093cd47,fd4bb3f19ab9b5a4d551452e15df9f6e,pair_dissolved_naturally,exact,exact,1.0,1.0
c123805937649376973d46ade51f6fb1,f1dc532c22b1ad62f23cfce477e4d3f0,pair_dissolved_naturally,exact,exact,1.0,1.0
c1485c078736e760e18cd07a51b9933e,df9dc115f6c6de90844d6fb6814eec1b,pair_dissolved_naturally,exact,exact,1.0,1.0
c29dc3d20b318c5d7fb9c44b42b0ace2,c3c1321ff94335e90fbd75a64d8df912,pair_dissolved_naturally,unknown,exact,,1.0
c29dc3d20b318c5d7fb9c44b42b0ace2,e8a2ffe47de1ac1532773ccfc7781f29,pair_dissolved_naturally,unknown,exact,,1.0
c3316ca21de610268a9f5677b8b6eaa4,d71382dad57787393ffdb0f10e346670,pair_dissolved_by_refactoring,refactored,exact,0.82,1.0
c3316ca21de610268a9f5677b8b6eaa4,e8019c1a94c06639ecb7275705e75685,pair_dissolved_by_refactoring,refactored,signature_changed,0.82,1.0
c3316ca21de610268a9f5677b8b6eaa4,f05915300311b4aadbea3fdcbaed7af2,method_b_deleted,refactored,deleted,0.82,
c33e4bbbe548d5ce56a610c3e100b060,fcfd9ebacdeb833473792b4fb4ef5aa8,pair_dissolved_by_refactoring,exact,moved,1.0,0.97
c34784926232f9a0daa5b5caad75aecd,f33a1a7dc4160956ab20a23fd1866858,both_deleted,deleted,deleted,,
c4b03216d1242397f32bef096360e82b,fe69e7835cb7b170daecbed214243bfc,pair_dissolved_by_refactoring,moved,token_hash,0.98,1.0
c57e28988cccbcdccbe04ff1811d8ea5,e858b676bc892d036d810698de0b3d8e,pair_dissolved_naturally,unknown,unknown,,
c64296d21a0bce762ccf2405e97f420c,ccb358f37eba25e017aafc165856924a,pair_dissolved_by_refactoring,exact,moved,1.0,0.94
c66523b4e04a52f9df782bc14983515d,e27700e30f339d5f458259a0381c0592,both_deleted,deleted,deleted,,
c6838c1dbddbe088f2d3f6979e4591d0,e520b091140415f139945e1037181ffb,both_deleted,deleted,deleted,,
c6cd58bb6ac9d01cb29e9b6764d6e99b,d9311fe06f44e6a9dd9598d8e2285835,pair_dissolved_by_refactoring,moved,moved,0.95,0.96
c73e971813a41c2f83c15d1ba8711f0b,dbd67880c1ad612bb566c0b096202867,pair_dissolved_naturally,exact,exact,1.0,1.0
c7757a20c127597dfaf0935d85c858ac,fef53999ac332a7ec2f4a74cddc9dceb,pair_dissolved_naturally,exact,exact,1.0,1.0
c7a67b3a6dbaaf297d52bc2e52ee6d06,f212a882f08d438a418fb45b3fcb79fa,pair_dissolved_by_refactoring,signature_changed,unknown,0.97,
c7f14669130fa1399d5e137e324fabde,ffcd4959f41e78068c37985406b57dcd,method_a_deleted,deleted,exact,,1.0
c8a3375b265401140f16472f7c98d4f4,eaaf26c4076c325307dfb4df0a29a0e9,pair_dissolved_naturally,exact,exact,1.0,1.0
c964ceab99f0e6769806b84d35b5aa12,f718e9f711e47583b4ed44ace15397ed,pair_dissolved_naturally,exact,exact,1.0,1.0
ca9420b31aebb3f326d08c8bc9a0d9ed,dc9496d48c0f72637ca14efc576b4993,pair_dissolved_naturally,exact,exact,1.0,1.0
cab54e0d58073805cfc14ff3a54c685b,cbc56b6aeecd57e1cd0645ea6f310914,pair_dissolved_naturally,exact,exact,1.0,1.0
cb58c4c1620a2a7a8329775822e8f635,fd4bb3f19ab9b5a4d551452e15df9f6e,pair_dissolved_naturally,exact,exact,1.0,1.0
cc24148c4c1e9064dd719d287144608a,e691f1a03d30245b9169059e32a4ba30,method_b_deleted,moved,deleted,0.9,
cc4f5507da99cad18bc3556c7fb631b8,f7f45cd8acac96299b0fc7bedd638d57,pair_dissolved_naturally,exact,exact,1.0,1.0
cc69c46e442c514fa0e383b388388b71,d03217bdda681b9e276f18b074eb7023,pair_dissolved_naturally,exact,exact,1.0,1.0
cc6a50f1e63e20d59829a67744c1dffb,ed908be471909993c44bf5b4099587c3,pair_dissolved_naturally,exact,exact,1.0,1.0
ccbda91141f14831e77bd5a5e6bc2929,d626db71129ff2d099889b61736520c8,pair_dissolved_by_refactoring,signature_changed,exact,0.88,1.0
ccf8a5dedafd3a014828912fae603fc2,d49083b4808f69caed0173e0207fba4a,pair_dissolved_naturally,exact,exact,1.0,1.0
cde3719ea90e5aec54887bc4ae0989fe,e632726889c253ef033cc69f6bc1cbeb,pair_dissolved_naturally,exact,exact,1.0,1.0
cdeaff827440ae20ee7379904be63e6f,d2dbd1df4bd67f5652b162a47d686f46,pair_dissolved_naturally,exact,exact,1.0,1.0
ce8a31976421743aa10569594532f6a8,f0227e6d2408653cfd0924b384837c8b,pair_dissolved_naturally,exact,exact,1.0,1.0
cef4f659af2ff19515fe4207db8a5125,e79a26779cb2af035a2de65d98c8a8c3,pair_dissolved_naturally,exact,exact,1.0,1.0
d02c4057c3d978ff036cd765f2643afd,e96454c906d20ed9a2b75fe0d47bdc88,pair_dissolved_by_refactoring,moved,exact,0.99,1.0
d039f768dd43b73a571268ab9d49f649,d3d70a4a0415a08484b333adb64f2fa1,pair_dissolved_naturally,exact,exact,1.0,1.0
d04af3380fc0978b033173aa944b1049,d5939dfc45fedef4291276b098e3abbb,pair_dissolved_naturally,exact,exact,1.0,1.0
d1af900f1d6d2b592611d99692a5f731,ffe01f98afd56fc25fa8e1244bef28ad,pair_dissolved_naturally,exact,exact,1.0,1.0
d3ac24ba57fec5a7d32115f692eb4cad,f4ec0f97b863f63cf45ce035de119f1c,pair_dissolved_by_refactoring,signature_changed,signature_changed,0.83,0.84
d4b19cb0dbbc091a479f1411b712524b,fa929b1357bb05fdc379b411169110c9,both_deleted,deleted,deleted,,
d534bfb8b32068222fe7c09127ae8020,f9cb8fb3b67a3951b32cceefb834d083,pair_dissolved_naturally,exact,exact,1.0,1.0
d64248a33cc779715657aff3c2db1131,f8824cdaceb01c4905ac4d9ba77c53a9,pair_dissolved_naturally,exact,exact,1.0,1.0
d6c00304fd86fd1b1cf90e53744871be,e59c5494db3e7ab9f11bef417c3c64ac,pair_dissolved_naturally,exact,exact,1.0,1.0
d6dc2d64084bc94b286ebbc44f499033,e8254bb87e474a81662dabc6281e5715,both_deleted,deleted,deleted,,
d71382dad57787393ffdb0f10e346670,e8019c1a94c06639ecb7275705e75685,pair_dissolved_by_refactoring,exact,signature_changed,1.0,1.0
d755f33f9748557edacae12f44f165e6,e8d62c15859be0a39c1b9a2c93e014e7,pair_dissolved_by_refactoring,moved,token_hash,1.0,1.0
d8693cd9c4d46cd639f295a35b85919c,de5372a8c0c92a7fc8d1e5241f67602b,pair_dissolved_naturally,exact,exact,1.0,1.0
d8693cd9c4d46cd639f295a35b85919c,ebfe1324b54a1fbf4db48f61e131e818,pair_dissolved_naturally,exact,exact,1.0,1.0
d87106f41431ca5684db2f552738cdc2,ea5db82c1f0cde0766ad9c83c0c6de1d,pair_dissolved_by_refactoring,token_hash,moved,1.0,0.96
d87f48a5fb4fc5fdeba1ae591ef6ae2e,ddc75afaed320476e7230b8b5326bb2c,pair_dissolved_naturally,exact,exact,1.0,1.0
d8cab1f10bcc3a6071f0959373aa9078,eecd83ea0e4c52614141e3a97f87ecef,pair_dissolved_naturally,exact,exact,1.0,1.0
d8cab1f10bcc3a6071f0959373aa9078,fb6a484792fa873c31ec720f7b9de024,pair_dissolved_naturally,exact,exact,1.0,1.0
d9733588b456ba807b7661fb86512efb,f2eca2ead68f9c726dfd3dd60667f72a,pair_dissolved_naturally,exact,exact,1.0,1.0
da13cf77c1a35262322f8b74861bfd9d,f0f6bfa8f56bf8b25dc67ee8df1b106c,method_a_deleted,deleted,exact,,1.0
da760aadfc25963787ca4dfcff1419cc,da82b0b9665687c20359a33bdde502b3,pair_dissolved_naturally,exact,exact,1.0,1.0
db49cde5bbee10e1c1e24a8d4cf1464b,e5397e71b4ae046ea625f0e8c2896b93,pair_dissolved_naturally,exact,exact,1.0,1.0
dbb7bc2b3f25b8f1e4c0ad37b6d31ae4,f39a8cc781561e31af289dcd85516191,method_b_deleted,exact,deleted,1.0,
dccae463de53e77bfb3322a6bbb51da0,e605a4282118806466e0980fe6e409d9,pair_dissolved_naturally,exact,exact,1.0,1.0
dccae463de53e77bfb3322a6bbb51da0,e79a26779cb2af035a2de65d98c8a8c3,pair_dissolved_naturally,exact,exact,1.0,1.0
dce2e3f720bd91850dfc641ffdc453fc,f73e49c4c22e6c63c6efd38421f5d5ff,pair_dissolved_naturally,exact,exact,1.0,1.0
dce2e3f720bd91850dfc641ffdc453fc,fbf2118c185a348587a1e9f34fd34f05,pair_dissolved_by_refactoring,exact,refactored,1.0,0.83
dd36ddc1e152e677ed16de65da4bfb45,feca1bbee8ba935b94d9ce7d2cf3977f,pair_dissolved_by_refactoring,moved,moved,0.96,0.96
de5372a8c0c92a7fc8d1e5241f67602b,e693f5a355fd553cf687cafbc89a553b,pair_dissolved_naturally,exact,exact,1.0,1.0
dead8a10042ed88cadcd31f18c6bab87,e7518a612d4efd977f5355e0657d6ef5,method_b_deleted,moved,deleted,0.91,
dfc522bfe4b7520c68514ec54bf13beb,f4499f180e6b8e4fbc2b46c1e4ee5567,pair_dissolved_naturally,exact,unknown,1.0,
e0d337ea5f839bf2f6b467d85bd535d8,f3b8a359931f23889dfad845bb922775,pair_dissolved_naturally,unknown,exact,,1.0
e142cb54b380f817cda4601ba94ddd4f,e740e109fd1fcbbdaf5da986bfd0b3fb,pair_dissolved_naturally,unknown,unknown,,
e1a1fa31016bf56fe7ef384b8ec8df08,f76fa40da5eafe108c6987aa213407b4,method_a_deleted,deleted,moved,,0.98
e2087510889afc8ad96823894716d3bb,f89007cec8797bf911e9405dc5644863,pair_dissolved_by_refactoring,token_hash,moved,1.0,1.0
e398083b9c8b503962bbac23e31ab2a9,f43737144a1ad9cd6391d08f3b91d873,pair_dissolved_naturally,exact,exact,1.0,1.0
e431cc26d83fea01c57e11eec7290fd6,f99c7d32300c3e3e008cc42afb31e9c1,pair_dissolved_naturally,exact,exact,1.0,1.0
e47ea47745d3717cc9576e5d327da2cf,ebfbc92fe066db6e26fa4b7f3ce1a6fa,pair_dissolved_naturally,exact,exact,1.0,1.0
e520b091140415f139945e1037181ffb,fd4bb3f19ab9b5a4d551452e15df9f6e,method_a_deleted,deleted,exact,,1.0
e605a4282118806466e0980fe6e409d9,e79a26779cb2af035a2de65d98c8a8c3,pair_dissolved_naturally,exact,exact,1.0,1.0
e658eafed74175cb04a089ad2785721c,e740673497ac11887d8e820d2853f7b9,pair_dissolved_naturally,exact,exact,1.0,1.0
e693f5a355fd553cf687cafbc89a553b,ebfe1324b54a1fbf4db48f61e131e818,pair_dissolved_naturally,exact,exact,1.0,1.0
e6d6ced41e39449fcd52a452feb359c4,fc4d609ef90d7253e72a5b0f1b744b20,pair_dissolved_by_refactoring,signature_changed,signature_changed,1.0,1.0
e8019c1a94c06639ecb7275705e75685,f05915300311b4aadbea3fdcbaed7af2,method_b_deleted,signature_changed,deleted,1.0,
ea7cdda7b52f8b77c267a349066f5ef3,f3e6c5013775174303dd6946b619053f,pair_dissolved_naturally,exact,exact,1.0,1.0
eda70271eef5307a30c2d0c9410507e5,fbd47ff16228e624b288102a86fdcf4e,both_deleted,deleted,deleted,,
eecd83ea0e4c52614141e3a97f87ecef,fb6a484792fa873c31ec720f7b9de024,pair_dissolved_naturally,exact,exact,1.0,1.0
ef0897beacf0faf707e54e4e93923f78,efabe704f305a7336791e03a05946331,pair_dissolved_by_refactoring,moved,moved,0.92,0.92
f04ff8723bcee7418513b14e022882b5,f183cb5051fb814bea9513e4520e93d1,pair_dissolved_naturally,exact,exact,1.0,1.0
f0c41e5679363c142d3ea9ef6872e3e4,fe967fba2bbbef80de811479da713289,pair_dissolved_naturally,exact,exact,1.0,1.0
f194544ba2911f3782e8b6e865d895aa,f4499f180e6b8e4fbc2b46c1e4ee5567,pair_dissolved_naturally,unknown,unknown,,
f212a882f08d438a418fb45b3fcb79fa,f212a882f08d438a418fb45b3fcb79fa,pair_dissolved_naturally,unknown,unknown,,
f6bfe82ab26d72165abecf480890cd5a,fd89d8df7d15e69b3834a1a0670b8ede,pair_dissolved_by_refactoring,renamed,exact,0.9,1.0
f73e49c4c22e6c63c6efd38421f5d5ff,fbf2118c185a348587a1e9f34fd34f05,pair_dissolved_by_refactoring,exact,refactored,1.0,0.83
fb6a484792fa873c31ec720f7b9de024,fb6a484792fa873c31ec720f7b9de024,pair_dissolved_naturally,exact,exact,1.0,1.0
