group_id,method_id,group_size
1,1164be3f66b76ce43ce9741ed09d025e,4
1,5ad825aadfb1a7e2da1ee44a27768933,4
1,bd197d3d9a17a6ad970eaf41679a0a42,4
1,d85dae2786c2f0218c313908c21ad935,4
2,e00af48cfb798a5dc76e4766a70e2e63,2
2,ec148a35355fa858f1d34395a987dd02,2
3,2a8560f58059c5676eeefef4eb0490fd,4
3,72a66343f7bd8b7097411d9872210205,4
3,78f081b2f81169063ad4b2b99bca0fbf,4
3,a5b11ce9b1bd9e5b4495e6035e692184,4
4,1ba1a98ef664cf9ec922545e4e2159ff,3
4,502f6c99ac004d139bf9145139203758,3
4,94440d19a88525e282ac3f727689ba35,3
5,138a8a60e7883bca7d5936c90e3b7d2d,2
5,58865b67175f1b2c13b622ef620290c3,2
6,731a2ae3dd1ace0238c37be03ee0140b,2
6,bfd02b7ad03355958593cad44112b2e5,2
7,06d0bd46c82193473fdcce33b42888bf,11
7,7e9bad1f676f0a951d057f5aad3897e6,11
7,aebdae5de44ecbbf4c6b918a067faea7,11
7,b3cd769ab41d73b881f827466a2c765d,11
7,b9c5156e3586d6d36af52983e5da5a78,11
7,ca21f525cc951d4c8880948bfa020af6,11
7,dd04cec69a2a99dff39091f92c0cba6b,11
7,e0d337ea5f839bf2f6b467d85bd535d8,11
7,f3b8a359931f23889dfad845bb922775,11
7,f8df08ce18b97a559a365b95735a8a65,11
7,fccb548b077af16b453a1e6c28e1400d,11
8,2f1d53cb9cc7d060795b24b2f7d3c7c1,2
8,eed05e3a88b4b1c2cb3d5f9179ff7911,2
9,3223b11f28a152bc3eee486d96478e8d,2
9,ca2bb950e783b723c0104aa3287541fe,2
10,000d8311d721c7dc4b180aabc5ed5385,6
10,4e25a5014b4179b90637b04f9902ac31,6
10,6326351c2faefbf3895126069a8130cf,6
10,66d058863603b4f8c4d86cb60a347b1d,6
10,88280f7ebd40ae0520899c2d22c017b1,6
10,beb49aa624b1b73ccd139ada4e85c0c9,6
11,325c9a8f72a5ed5938d36ff412a8ba48,2
11,92647a866cfdea281d7d437260f38cc2,2
12,37b37011d453014644cab6d3fa3f668f,2
12,b97702ffc7e4e79d53e697e57e8a272b,2
13,4a8eb1aba4bd7f65d877ebc2788442d5,3
13,7acc86de4ef4193cc6941395fa408711,3
13,84e41b0aa3b5a97a9ef9707b75cf3231,3
14,0f17c73a541283e63d779839150857b0,4
14,5ae3e165bae74ef6fe2425cf304fd1cb,4
14,73317cf07af020b7d77f737e57c5fca7,4
14,7fd56f9bdc50e36feeb57913c07140ed,4
15,00cfefa887f25eebd27f61cf8b5eb9b2,8
15,055ec3faa510ed5d08f99dc57f78df78,8
15,2a83455d00a676c3e38c843da14a86ff,8
15,989b01d1046db20aba29c0abed57c888,8
15,af26c37d2cbac0d242ab74867eca3cf0,8
15,b166babe7107cb28a3b9a27f48df9768,8
15,e5f7ea9d9da0dc55f700322e22d1f236,8
15,e9d4e2d91f39053065f06bf613c03cef,8
16,0d0263d771e0b07683eec414380241c4,2
16,b14ffcc2124d3b80f90ac8d49c49a771,2
17,0b0db1106d3d59cf56e3f21b1b62b97b,3
17,204d441a8c677afdaf8520c144fd194f,3
17,9a2295396d61923b42a7e17b2ed32b76,3
18,0bf62a6a1c0b5a411d53ba22a929aa9d,6
18,4580483bf36db886f249bea5ccf0f3e7,6
18,50ecef5b76f9033698087fa6512e60d1,6
18,5ec5a2d83f5fcf59953ceb3f994758a4,6
18,ae0ed4183082fca5ad874e5e8cb192c3,6
18,e5fa8197512f3ed57f59d7276517df80,6
19,43ba4d06b364cbd90874ff598f3a4d67,4
19,5727f51a19043f161ba4fe8f4254dc14,4
19,b1664f87d4cb624e791169f7ed4cc9cc,4
19,d97bc52cd487f2dbc65475c5710e8de6,4
20,a70d8d39df34b8494e5e060ff2e84d0f,2
20,c55291cc9c8919b46476129a9a066009,2
21,b4582fc24253bff900f228392efbecf8,2
21,bd85a81ee4fdead909c0e5675f372e2f,2
22,0ecfd8d7f97f6622338e4be56bdf732a,3
22,25acec928c9de6214e67054047a32f13,3
22,5d389510f88964aa1e13eb99755a9ed7,3
23,8a8ef9eb816b79ff50f3e2110e9a8f04,2
23,cf5998124cb39d316210b5a91ef66c91,2
24,7e69dfdc9ba94b649dc5015b9f0373c1,5
24,935b252ca163956dba708a3828922292,5
24,d1aaa6d9fa9c1a69c4d2c2747f09343b,5
24,d2067887d898790f2e324079134b67e2,5
24,ebafde4ed4c1e8b0a828c1caa38424de,5
25,0d025ebba07e25acec0d2ac21f10a4c1,10
25,0d4eb8d88ea9ef7af5cf999096ba2a1b,10
25,5fa0d5e1fa99bed375419cd6f61ccfa9,10
25,61c60dee653cf4ddf5d8a5472833b589,10
25,6a619e0260f538977cc7686f4a6632d2,10
25,a5928eeb73b47d2d696e20bce7aaefaa,10
25,ae4ca9e306b281cf360a2da482b65826,10
25,d8cab1f10bcc3a6071f0959373aa9078,10
25,eecd83ea0e4c52614141e3a97f87ecef,10
25,fb6a484792fa873c31ec720f7b9de024,10
26,1273f8a7c545f26edb53363cbd7827a1,5
26,322748de5bf63900404617f5f53ac009,5
26,7d3c30636708185d9aba8f39f4611638,5
26,ab935aba3ac93890fa09f7aa891df6f3,5
26,f50c673739bdd15c1c29fbca1792506e,5
27,33c60ba2142ea819f534ccd010a05648,2
27,cea2a8b83dec90b7bf94f0b1697513b0,2
28,7a1ffd13595bc75a4fc490c7ece6d4c0,2
28,be9f7b97ba8cd60bb51a83b10c8ce7ec,2
29,5bd6b2a8871c8a192db2071e32a50f6e,2
29,9279a50bd08d0a5fbf7a24bdbb39f3b5,2
30,3b4fe2aaf8428298175388d228be114f,3
30,54ec297cd1b1ac8e3f582c3bf9b06cff,3
30,dd80f7ea72fc4a218d98f30993d1b5d0,3
31,24248f9016557e93a461dfe125b6bf49,2
31,5a267233620e6c96f3c969f8c0bc13c0,2
32,57411c2bd068ffa0d0d6ce9d3e2a1ecd,2
32,965b866f96770ef7261db844e2b5163c,2
33,4c5536e1b45a6eb528fd1c42dd3d33a3,2
33,fc22005d4627962ca1182297d01ef873,2
34,9e15ac095f80e310012d6abf47308d71,2
34,d1b6bf9b96a0b0c7067b028954c079d4,2
35,a64dbf95db3efa9be201634f505ce49f,2
35,d5e9fc3adf91964a89a84a8bfde8d3a9,2
36,30cda983dd2c6a764b397b8a8ffcc28a,3
36,5d2928522367eb8613109ab3bb0dee43,3
36,db006920c1038cc379b138edd669ebc6,3
37,90193f7be859ab74851a160024675509,2
37,f37abbea06c57a5f91d13f27cc3bce69,2
38,26925663c683e25f7e0788bafdaab5e1,2
38,407f018f36242669b95089d21cdc126b,2
39,2a3f61412b45dcd4cd3b3f5bfb109985,2
39,58bd101ee0940ec2eb5da241938bdd80,2
40,0664df805cd17d66f3f357191e4f6f45,2
40,9917e2cce876d835b26d908f0b56c24a,2
41,7da90324b5298a73d9491d6bb9d2a49d,2
41,f384dd41ea0dd6113c25ac0a26b0650f,2
42,71dd04a270564639382475b7fb0ebb62,2
42,c0678beea1e2fe05d4390200a175979c,2
43,d0257dcc1e82c2ff11be85b95779b334,2
43,e4530fbbc93b680757b1cb6bc1456349,2
44,3516fcb5fbc697ab6b81c9d99556579b,2
44,a55e183889c086627f0ff744b17d48b5,2
45,0ad3af07cd5a9df30d05cf09873ef536,8
45,0aef1738e4947834678c982cc471c56c,8
45,4b818d1e46aea919b7e654ea1e4758ac,8
45,69226637df33fdd63f19270becb53f62,8
45,aad2e583a6248efd208363932ca3acbe,8
45,b26df6f6a300d51dbea62aac4cac9ab8,8
45,c98ccab8cfa09c46a8a6c6b219ecfaf1,8
45,e672bf8b503a1beb790c5d3477d95a2a,8
46,9868d14fefb387f59748bf53bce128a8,2
46,9e66415a6010c627c40c6f3a8569f6e1,2
47,d4b19cb0dbbc091a479f1411b712524b,2
47,fa929b1357bb05fdc379b411169110c9,2
48,3d8f135fc1104f6a14bcbb9c6c823344,2
48,7f345773e4ad9fce71c436f455a34a91,2
49,5beb87668544f93c8e363f206a033c7e,3
49,e6d6ced41e39449fcd52a452feb359c4,3
49,fc4d609ef90d7253e72a5b0f1b744b20,3
50,0db8921232fa554ae177c587541902af,2
50,7845231e8e719492c1b2763f8aa4f156,2
51,2c68a910486c4a7c544d6b33eab3a153,2
51,ae862dbe03fbda84eb4b6c1fe05525bd,2
52,3a850a8860ec415f5a422b1c4d04d417,2
52,db1207f1576111ed9d4b4248c89a590e,2
53,363aa8be9ae10735eda7afa2aa864e13,4
53,7c4d125f36bc27dfe838756de34830b2,4
53,d9733588b456ba807b7661fb86512efb,4
53,f2eca2ead68f9c726dfd3dd60667f72a,4
54,d31143b37bee37b8b87c37061d0489a0,2
54,eb90b59ba7dde9376a610de7690e3ec4,2
55,14d6288f0438da2d2f0705523bb24083,26
55,1df2fe1587393109a321aeca87d27910,26
55,2a1c6ff7b9768c042e9c9c43d7a8b0f8,26
55,2b8e2168cff726fff2163a6ff48ce2cd,26
55,4338ceeb48eaa1eaec8e28b2f5e7df32,26
55,4aada9f34140ed71343477ed7ce47046,26
55,4d371d4786685a28de41d9976e9ff12d,26
55,5010786f2a7884bef314b583e0519a81,26
55,52627d1f1aa3167eb52dd57b838a08df,26
55,5a630d885ac18415caff74de06c84f84,26
55,5d068f878789948ecfd82593d746f442,26
55,63a9b866b28b2467719923ce9076e383,26
55,71489c3f9c05948218caae8cab26e30d,26
55,738a04f6c051c3280d65d02acb0b9d43,26
55,987b56c68d72b60a29029368f025fa26,26
55,b2703f57cc02292bd3e732c4d86cf10e,26
55,b9fa93d40701e893b4670f77cdd4e0d7,26
55,ba93b1f54fe44b86243137d828c0f9a3,26
55,c53b15a5e526b75366ef370eb14077b8,26
55,cccbc947b3f8fbc1941a560e902f12c8,26
55,d3e1355a98b49a54cc07cbe7acfa5f01,26
55,dfc522bfe4b7520c68514ec54bf13beb,26
55,e142cb54b380f817cda4601ba94ddd4f,26
55,e740e109fd1fcbbdaf5da986bfd0b3fb,26
55,f194544ba2911f3782e8b6e865d895aa,26
55,f4499f180e6b8e4fbc2b46c1e4ee5567,26
56,0ad22acdfc9640637dc821d73e30c1a2,2
56,44df8d941673e2d0ac961aa6a1c5bc2b,2
57,107d0aca2eb704af86f51068c20af388,2
57,d1303c4af02d70548bf158a51d947ef2,2
58,2b4010d9ba4407c573b768918274703b,2
58,ca64de66731dc646b7a131894e8b60bf,2
59,706344e0b9fc757c84e5ae7a5e47e5da,2
59,b706fa898b151ef9007905f325d54b91,2
60,0a4bd2ed8ae85bed76e6b975dab64a55,2
60,5a22795739bcbde57426cab064d26c6c,2
61,02eff8179c1ed8a210dee71a3706e430,2
61,9357d74058b1c9021f171f5c0e94e7e4,2
62,31f6dc1d52ee392bb763bdf83da6ebf6,2
62,f12065cc3402213c5d85bcf6ecc3812c,2
63,aff2e4d30d4b7b849ebb116d16373248,2
63,d09f5ead7be6959272e77461cf34f8f5,2
64,2860428acb848e1fa11af472ce50bea9,2
64,2a43bbd478e2d094b8fc73a208fa8332,2
65,84450b67497372e22b1b976bb888efd3,2
65,b4f1d684ede921e03b207de8f46fa9e3,2
66,9fd3c7df25a4e30e0625865d1c1536d1,2
66,e7228ec3567867ae842f44f74a9907a2,2
67,2202fdb5432f22791f13aed1141c00dd,2
67,5f8acd600e7b9c6b160fbfe196a99c3a,2
68,4052afda4d54dc18aadf521b10b34f19,5
68,54105913bc696b4c9066855a4d1dc11e,5
68,62792bc4bf075822cd3ceab5f256a587,5
68,70130081b3e6ed0ca0ba098d4743ca73,5
68,de8c95412ce4142de8b7d4813afa2e77,5
69,9811e471066065a54ceffaac26236113,2
69,dea6eb38fa4c6578c995b3830d90d2ee,2
70,72a1c97444b709315bb1926da50e185b,2
70,d2b23be681cbd598d913ea481c732c18,2
71,4133ab167e608dffa74f3e96e8507d43,2
71,8fd957ea9ace25395edec9e0eb705afd,2
72,efe7183b6a01fca8afd53ecb443f31ae,2
72,fe68176b00bb7e367b0033d0c5083dfd,2
73,54bcbb81379d85392448e3ffa05443ef,2
73,b39bee7c768fb4d252a1fa36a3c18218,2
74,360b3c00ef27dcae84a9a17edec164d6,4
74,3fbecabd7d869b24482f0f105704a08a,4
74,46754ff0eb573559a5c9d9a23a3c1bb6,4
74,a208ca57cd9c478b49e9d4b04a7c2da2,4
75,8c5953e67059fcefef47b49f07073ace,2
75,f9aacdddcbbab357b43c7adc4f650cec,2
76,8773b8eb52ed47d46af874c0792e143f,4
76,d02f38acaab04a7545cc325ea9e44538,4
76,df49db8f2852dea6b0b23ea5f005df79,4
76,fda0eac8a2289d6f0aad0ea45c142a0a,4
77,35cd6390b2af8680558e6e8ddd14f1d0,2
77,bb33cc329391a40769735403d74533fb,2
78,20f6ecb2998ff69b015612c16d061cd0,3
78,72b62cbee49b2c0b2f54ee37407d3c81,3
78,9428e7b04a6e48031bf4926202871c3f,3
79,cc4f5507da99cad18bc3556c7fb631b8,2
79,f7f45cd8acac96299b0fc7bedd638d57,2
80,2d70e886b6c217014b3083905a633cb5,4
80,5811a3b32549578148dadf247393e26d,4
80,be2025b6d56f8b591de93d71ce04ae94,4
80,e59e679cceac78e71c315e7fc23ad84f,4
81,95066bc28871b97783f31fa4d728a6d1,2
81,fda7af5662eb881598aca3cc349907c2,2
82,259863e76484286af55e0447983d04af,2
82,a34ed35cdeba0df3ec3c16249ecc5011,2
83,25d52154d455d709c055fb414bcbff72,6
83,2f2eccf2db48e33f88f93228db280500,6
83,82ec75dcebf1772cf2d791f5441efc6e,6
83,a1937ecc5d35f7239b5a0c49457ec9a5,6
83,d56f5ee7fccdde8f8fd17998c35fad23,6
83,d57e35feea3866170ec5cd1d67de223c,6
84,01370a7fea682fe661d9ab5522135eda,19
84,040d495dd4cdce97dce8b781dc12a1f1,19
84,0abd97fd325b646b887d0d19b141c345,19
84,11f2ea1d2b221d0e458274822450719b,19
84,22e2fd1e473e9dc05f654495c6123197,19
84,2dd21cbee268cb5898703a08e355910e,19
84,4190de685d0bc705463e28fd41645bb9,19
84,53f50b6d497f1d490485e5d894f5d740,19
84,5bbea93346d47d672fe629fbfbb8347b,19
84,6afe876fdf031bdc1339577c8e5bd1c3,19
84,6f1cfb71857d71dfa6cad0fd3bb8e7a5,19
84,720bccec7bbb0f35095b54857ac95abd,19
84,8ff099acb79da4d0bbcc3065c3930e10,19
84,b5e2e372bf7bec6066d8c07839ba836c,19
84,cef4f659af2ff19515fe4207db8a5125,19
84,dccae463de53e77bfb3322a6bbb51da0,19
84,e05b07a377543ceeda236def2614367f,19
84,e605a4282118806466e0980fe6e409d9,19
84,e79a26779cb2af035a2de65d98c8a8c3,19
85,3d2d096c2e9f39b900d112cc6abbf3a2,10
85,6880a5ee552d426f100b2edaedc96251,10
85,6c146bd9a74ac3fbb149dd5bc5a9723d,10
85,7599526f632a67c0a2129ca25fc925f3,10
85,8bf5b46fca57a72e973b5cb69183e177,10
85,918a846c7989ea0bae251bce94d450a7,10
85,bc10c2afddee245798fd523cb3258e15,10
85,bdfcf7091e593cdc213fcdf1dbfb0965,10
85,c191518917d0462eb933724ed35ad102,10
85,d3ecae39e76250202cdc0a800ca4cd4c,10
86,5ed406d5b65fcea71b945a0387ea5179,2
86,e3906eed3e0b57a41f76f5df8ed91c89,2
87,7e3b0e0d5248755b32bcb92644c35b90,3
87,a614ceb3dd28e24a384f70846b3d217f,3
87,b1d08916b45fc20c296cdf196a9310b2,3
88,d3ac24ba57fec5a7d32115f692eb4cad,2
88,f4ec0f97b863f63cf45ce035de119f1c,2
89,8a6e6b3ac2c832b44b374fb9f472eae4,2
89,d520930328410848cc538e1724d5858d,2
90,07e996426b0d067a3a2fc2bdad587e9e,2
90,6f12b9d7a11b5e5e4b4a93f98d406818,2
91,4a2a5f2bcda0726867238a8cdb09a06b,2
91,988834ee3fbfb1a42c7a493bd2a9e043,2
92,f428132470c5c46273ed932b68692605,2
92,f9136d090a668aea3b5bb69aba9f0150,2
93,03f8728af6bc0efe6613f1de645ef076,7
93,436d1e3b1a3bd2d8b6a61f008f14c9e9,7
93,72c5b095d6a2a40ac3c48a92611bfcf7,7
93,85855c0821f5c80923f771be366d2c28,7
93,9111f4e4e6c331f02f7148f8aaf8363a,7
93,b53d817db5c0c886e91804ccbd45af1f,7
93,fa24ff81369a81e100c3425f409d450e,7
94,0af2b4467d3cf77f841fd452e4e58dce,2
94,ece6be0cc9ef9223ebaf4d58bce839b3,2
95,1237e5c9511003601296833a7af67a83,2
95,600c431f3fcb76203a20395ecb68a673,2
96,5817b6f83784e761cae27c81920baa91,2
96,64dbe6dc916d3d184112ac4ca2ff5ea6,2
97,22847fdfb60634c390fab42761a75eee,3
97,285abd06a919f428a34a8174701683ef,3
97,bf4bb721585f87f986fdef73320b5011,3
98,4cd26d8a0d2755778e1547a1fe14f369,2
98,7bd71754a23af55015ba16a9daa81c51,2
99,6207e2a789df7f6ec98b257d1452c773,2
99,db9277ed54ad8973b4095e1a0c72f22b,2
100,16854cb3918d1c5a07a77533671fdd8a,2
100,fd660c1fb67f2a9150e3bc38cf606a43,2
101,3928c5fb06666ce83fd1488947bbaf7b,2
101,679a29ff60fefd5cea5ef6956a4161c9,2
102,3bcb9c647e18c378251c7f1ae1a0614e,2
102,55d068fc18ff0855ad5fc3e02e4cc5f1,2
103,1df3d860948b96c2d75a41a8ffa335b5,7
103,2dee48c6e8e9057b67feb2b16317f113,7
103,be870da39418ec1be4e8e382e7b484cc,7
103,c3316ca21de610268a9f5677b8b6eaa4,7
103,d71382dad57787393ffdb0f10e346670,7
103,e8019c1a94c06639ecb7275705e75685,7
103,f05915300311b4aadbea3fdcbaed7af2,7
104,086cf44a26859b64d7242ec66830a2b4,8
104,4c7136e7840b22ada500a1ba2eac3294,8
104,78bdeec4022cf7db73210168ac9283c0,8
104,88d7367254eac7d141286508d4b55d1b,8
104,b2c4dd4bd0312012b59a5faa87d7c9ef,8
104,bcdd063bdf250a09a87effb6d60b44f6,8
104,c6a0f4d903eca1654f90c60d0928f8fc,8
104,fdd23b59c172d64525ec9b6fcc6b5eec,8
105,17aec3270bfe0f98124981e4419cb360,2
105,541fbe5082c0c73b9c709ab34b3f5ce3,2
106,95d77ef16159201d0afb8a9d89446aba,2
106,9bbd5aae677735b6bff923df907775b5,2
107,56115ed40ac33cb7640df90806a6b73b,2
107,87dad99d88596f4f1bf83664bfeee3db,2
108,198deb928c947e42c633a73c6f16310d,3
108,324a009d5c2e69930b6a766b65d935aa,3
108,f8a011746c2b3786425dd3b23afed62d,3
109,091706106ce78afe019c7e0d52407ddd,2
109,2864e053030e34d298464c98cbce240f,2
110,44d830226a54920ed285e720b5d66ae5,3
110,61e85e9b6a6b9b539869da7950bf8edf,3
110,b9c7c275abad6979975525d06e044d43,3
111,48fec5c38b2e53e9c0ec35a36fd3c5ab,2
111,faa11541f3069012acd2f7920a002efd,2
112,1fe837d445659a46899be2c29cdf14c3,2
112,c5315f132ea1b1624e35d4e7802e4cd7,2
113,05c9f3b86f293cdda1589feefb969b52,2
113,0f4cb4d871bff2154a57480f387ac5c7,2
114,72dc6357401f34e3e4be0061d3e8ab07,2
114,9fe5d15a89ec5e8832d323a2d7ad53a3,2
115,63bfc7d958d06ae318cdd697fd90511a,3
115,cf29f7ef22e028f4ee31772f6fd0a01b,3
115,e83ae40e123ec285942671689584d7cb,3
116,734bfd45851286ff88e6b682e09298fc,2
116,d18553ab831ce8a831670956ad4da45d,2
117,682e25e63c7afa7ae683619a5bf4f3a6,2
117,c021c172f1a784bcedf1ff2dc1defdb5,2
118,0196992f6656fe605c293a3451b318c2,21
118,0aff4683d8219e105911d87550ff0e90,21
118,2cdc3557a21025a528ac3897f3fe0635,21
118,379c603468d06445184006482bf42857,21
118,3bdf059f00a230e39f636de736393fb2,21
118,725302719996b4e329588de0ac09b29b,21
118,788086f2be8ae712d46d3236f05ee3d4,21
118,7b3f780d5b9b9216ec35f48f1f8b90b5,21
118,82d081928a5f42d07e3e12ca8f09d2e2,21
118,8ec5e1f0cc27a9b2ef0994d043a24870,21
118,9e3958b0575537f6529414db474bd8d9,21
118,9fa7c38eea8a9cb7c1c03b3d3e1ab42c,21
118,b528a759df698676a9c5aaf28c567b8e,21
118,bbbae082eb45f67825a9da9e8003a2b6,21
118,c0e32862501d8ac0e1c8458a60639480,21
118,c247dd7abf21f09ba2f70c0eb72be9b0,21
118,c64296d21a0bce762ccf2405e97f420c,21
118,ccb358f37eba25e017aafc165856924a,21
118,ce1d445ab7ee705fcc47b21fb4d3f645,21
118,f8b4f7960c8680096919790e3e644641,21
118,f9413a111bc23a1c5a6c389914e6a542,21
119,0e70efe34d9c71eadac93d0c960eaa1f,11
119,2823e40e614fde772204f6b6e13d4f71,11
119,40cf3f68345128b56a798c5fb7105ac4,11
119,524ff783b1e5d615ef751d19e3286bfa,11
119,5fa255f34487822ac7c02e4bf69d55e6,11
119,6a7819807b0a99be25790dfef305e177,11
119,8f3320ad35f667bd1694fd6e2651de2b,11
119,cd3882bb631167c7793eed27586802fb,11
119,e32bb53d13b083912e894f00e516381f,11
119,ecadea4f4cac6c65cd342909a0e11c2c,11
119,ef2cd2253fc93615411894128e73e68d,11
120,2b95440c40f3bdf006f5718a62e311d0,2
120,8757d0eb6dde422fb991cef38bca7c44,2
121,1456961aaffb2ca3f80408de57819ebe,2
121,e76b305deb60a9d14094fad76b64d374,2
122,6930f3655e282e95195f30c0e5f6e6f2,2
122,ae5181479855840414718bf82d01500e,2
123,1b481fd3167d449093cfe446f85b6193,2
123,d5de7fb751b5bd04f105420e34cbe306,2
124,9770cf10ba395052abf16828a09c0ed5,2
124,9c5ecfbf32df4d1c62be5af9ef7a042f,2
125,6c750d6fa889c5e47c4dece31cc9dffa,2
125,7fa165ee3ade07b75cd490099c40983a,2
126,314ed17387625f4cedf8fe54eca13fff,2
126,5966681071c976011e66bc7b1108abff,2
127,45475f157cb0f4cf13b0dd0418f6086b,2
127,aa895d5ac3dcbf563bbb8ef8f95a84b3,2
128,98f3b0736bdba56d4d1b2c0b29e55d89,2
128,bf4c671c2ab41f019f84bf6a1c4eaa81,2
129,3d3b555ba14bc875747a1871586ba3f5,2
129,df8f3094dbc00f757729485106ee0d14,2
130,100962c84d93551155601910f384422f,2
130,f13661c6e6d329f08456e355c81dcae8,2
131,47ea0a32fb90d8a48d8fb38c00429b34,4
131,a6894ae94dda0af46bedb1d350b43c9f,4
131,d837f6dff34f939a3fe1877619817f9a,4
131,eae2fb20ebfff41f3a32382617802a8d,4
132,5f832237074155918ab49b3394b8a708,2
132,862ae7aa0445b8ddc1e6c1d7dc08911f,2
133,191b924c5a312cab79c9780e8adbfcff,4
133,469e753674df18cb7bbce003e8d607e8,4
133,4cbb565aca9c56c7b213f6c3488ee8d7,4
133,6d4df4d72d5f6c63c1f48f3e7550cb09,4
134,0a038cfc7ceadf4e4feb496ae20f3d36,3
134,5247db9703309d63689bc6e1468057cd,3
134,d41f4df7da92293191e8b3003f0fd601,3
135,ade6514f24facd8d333944636559a48d,2
135,e5c5b612165a9d4e3d873c9dc90784dd,2
136,13c25c732a94201abe167fc10d14f4d4,6
136,5e02bc2fefd28c23c1287a8005232a68,6
136,c96fc05006fe444f389cb8237de7c276,6
136,e903ce0e0a7ec9f5f06d1e68b990aff3,6
136,f6400f18ccc786c3992c15c51aa5de07,6
136,f80830032f73d853924bbf6ccb4ae7ad,6
137,2a8998cc7f33bd30f0837c006e276e97,3
137,2f96b331fb05a933fb9ab34190991067,3
137,9b968167181051bdc8f81087bab309e6,3
138,6b2dd39595ee998dc5a4ddc0d60e5bb1,2
138,8a3d4495128cb2202cf8ff5b54c76b2e,2
139,0ea624f3354139746fa616e4b1809c61,2
139,c1d7308ff4a4f94ba84c85583a52e817,2
140,e431cc26d83fea01c57e11eec7290fd6,2
140,f99c7d32300c3e3e008cc42afb31e9c1,2
141,44a51dcf39c8e62aced5c6d25905e715,2
141,fa00bdc14c65d341db4f208c36293b22,2
142,3d2c1a5247919676bbac0c4759a773ac,2
142,81c92f861bccdca5e18bff45e189eea3,2
143,b4b25bccd06e961625fc5ca0e66fc5b5,4
143,bd99d242de89f70d95e6f865fbacfff2,4
143,e398083b9c8b503962bbac23e31ab2a9,4
143,f43737144a1ad9cd6391d08f3b91d873,4
144,7ecd32b4307d7944b11c800d5c267bd7,3
144,e658eafed74175cb04a089ad2785721c,3
144,e740673497ac11887d8e820d2853f7b9,3
145,15e216587d1625f26b9c0ae319ffc648,2
145,63299850b6ed2edb7dbff095f4448b1c,2
146,020b5d201491127f81b169da77b96ec4,5
146,1abffc981bcbf2c07c432989966a08d1,5
146,5db9cdff76b4b47997c4aff4eaa8bb93,5
146,af9012d0e382f86efa1c351178aaf1bf,5
146,b7bc1e397555df3beabaee014fae0afb,5
147,b3f1b08e9ef741aeb85383b46f637987,2
147,f5de4cbbe7f3b379beb4945a75b25c3c,2
148,156e8704673c196ffc4bdb50dbdb2ff4,2
148,af01ef8701c36eb7a19875d2fd546aab,2
149,67f532780e03c2ae0566d4f543e0c5ed,5
149,8b33a5ed5d03e92b285e1ba4c29ea580,5
149,b02f4a7ed4a2f05720076abb3b5b461a,5
149,dead8a10042ed88cadcd31f18c6bab87,5
149,e7518a612d4efd977f5355e0657d6ef5,5
150,1817d0c4dc1a1d55ac03a8e2c37586bc,2
150,f36dcd014472538e422b42b2a3e2f02a,2
151,47bbee6e55fe8ba523d8a3f16c5e0c70,2
151,e696f924b5225f012ba4450113d1bc65,2
152,4ecfbb1f0e557755efc61bc46eb11413,8
152,6040c9ecfe3264f490a1bfff6fb24aff,8
152,94b71a513e64a31ff6cf524d7a2555b2,8
152,9b5ecbb6a28fdbc17da5c4bc9ddc57f7,8
152,a8932dd5727da6b2b75ab469cb4a4b03,8
152,c2f0e47722fbb91c294da541b639c2dd,8
152,cc0979e165a60d3c0cf404a9f796cf2b,8
152,d2185edfc533a31cacdf546fae2f66eb,8
153,3a4e29a7980102af39fb60b2ece6dedf,2
153,e8db439ed682f73ed7949bbef1e58277,2
154,266b9052e89e6f502122f68a1fdb1002,3
154,45546263c518cc663676ce7d5cb3e237,3
154,87e7a5d793c9d9437080eb1ac5513aa6,3
155,7d981359d03370ad053e55cb8887cb8d,2
155,963b72bf04c646374edaa8c1df55ad16,2
156,5670d347d93197aa5bfde26e9102038b,5
156,76d66d592a095b9cb11ee09d4b5d1dee,5
156,7b3c358a9d487ff00858e8d5c121dc60,5
156,ae00a603a3600330ea34cfe1dba017b9,5
156,ffce20a19f943e796ae85fee45019c1a,5
157,337850cece5455575bc6af270ae330bf,2
157,8799ef962ffb26a1cc89bef6dbb64719,2
158,ad909c1a7e37e49c1b6119137388d30d,2
158,b25adc5a30658696c046c6d6e465a3da,2
159,7b227d21006014a1fe2ca18a814b6fd0,3
159,bb958b64f7c4a03d90fa4fd36512bcdc,3
159,eb1eeba00584ae2f4f6ff6545dc0f854,3
160,14c2a574e017a5a7ee359c2a682032d3,3
160,4d59fb58c6f8aa00acd801a941d623c8,3
160,dde422997a924e84d63726a23168b405,3
161,3f15a4f123e1168b57fcd14332458041,2
161,503083d5cc8ede744104ebedbdf82b4a,2
162,06edfbaf0d91c2f0ebab1abb33100c58,2
162,b09bd34e96e85367f79eb100ab7fd174,2
163,5a33348483796f16604dabb9875e43f6,3
163,62321c4bf0ed32c75ebaaab21bdfa22a,3
163,a6ed48606b3686c0a695b13274f28905,3
164,ae4f6e67175904f5e7ee6fe09c6ff341,2
164,d65da23b93876d8f6b3c9660d3972586,2
165,014bc393713d5a6bef90ad4a86cd85d8,2
165,732580df618fab457bfe8c0062337710,2
166,2d02014520cec4f94c23e0e3c67b7870,6
166,32137b182b86241d89895acb43f2614f,6
166,3594ec963afb9829acc0ae09833970a0,6
166,6522eecaeaeb7b67ac414ce5bbf0c0fd,6
166,65395eef18df3e629ea16faf30a1ed35,6
166,be3922339c0fc892f9351f1451815fe4,6
167,13c05b338e2af3aa45b9de36bc6b980c,6
167,31ff63fd85fd9a1019247f500d849f60,6
167,b584afca01614f116cec7cbc3fd1aabf,6
167,c4aa3943a14a4f3c10b2696669938dcf,6
167,dc61d2e7b4d7f8860f29f47d28f32f7a,6
167,e51010ff09b93d224adbb1a01e8e1aea,6
168,40f56d2717adcebbbc9e51b2b44e1b38,5
168,5416a1f03e29c8fc74ea632e894f632e,5
168,5d786cb80b120d2a0e3621d65d161710,5
168,ae20b5c713598b40223c48772ee61b74,5
168,b2ac30d61f3821992f73e7d8c9c10aae,5
169,4daf0aa05a86d8c7fcbcf8c28cd61fda,2
169,7d3f7093251151719650ab6eb1806926,2
170,8c93ed60e22455c27455a3904dab4e88,2
170,9da5904475e434ea38c8d4040b700c18,2
171,74094566b15fa4a6965bb2df9e5de2fb,3
171,dff141df57fe19ea20fa994cdc78889c,3
171,ece165dece083aa6d9171278336793b3,3
172,7b8c8ce9f34014cefd11115b0e41f21c,2
172,98765c2988add67dc28f8c3f305a1db1,2
173,57613c65e42e48824627978c2f160989,2
173,c13285a934dbbee9de46d0e26b0bda2d,2
174,ccbda91141f14831e77bd5a5e6bc2929,2
174,d626db71129ff2d099889b61736520c8,2
175,29019cbc7bc2af4c071fbbfc06d3e806,2
175,e7b94782c1e1e29bb45b6f1488c373ad,2
176,31497ee241af5059b55a768692bc000e,2
176,de99616c12bec95caca75b73195ad06a,2
177,5583ee1b33d7dbfdc09f1c0aa6487a52,2
177,8fc79d1c87c46e736c5b286ea5d45e99,2
178,1323b70695388b483bf7664785b88997,1
179,0f5c0a3cd92ccf149caf46125cd5b807,2
179,e856405a69c0a411504e49c77855d9db,2
180,032648fed20ade1b88037902b99e66e7,2
180,b9ab51c5f57d184d9413908bc5857f25,2
181,13aa4d849f91d0675efae364221f1385,2
181,409823e7dc20d4a277ba5a1ae7bf47b4,2
182,25dd8d9576100ed5813cb40b56cbcf48,2
182,4563381646c16a318afb907e76508fe8,2
183,08aada157d3e52113fa2b75109c80fe8,2
183,b943f30834f7ab95e3a6d91985202c77,2
184,e1a1fa31016bf56fe7ef384b8ec8df08,2
184,f76fa40da5eafe108c6987aa213407b4,2
185,32ce1fa453a6a8d704302d75e04ed005,2
185,c109e218b45280cf5ee4b04f352f5e9b,2
186,0aaa0724e9ccd43d71c10a864089cfc6,2
186,7d0db8e35960280698e1c7ae7b3dde02,2
187,8df76fd4e493f0e76d28d5e76657b73b,2
187,99f41430a77403a0be375181d23bb2a9,2
188,6ab5f269045fc75cab534ff2359a2e01,2
188,b83443d969de24d3d3c11e450e6a6b20,2
189,24746d1229ebdb0f9d2d2f75407e6d0a,2
189,f4e693ad30945cad375c530bab0597e9,2
190,1c3944c7ef7484e35c569e9b3c4dbb8a,2
190,9ced3aee9bf30907cf15935923880e2f,2
191,fd0b992c187fe88deb64b17744e78237,1
192,f0c41e5679363c142d3ea9ef6872e3e4,2
192,fe967fba2bbbef80de811479da713289,2
193,69a4b57d1518045ba65c9d76c9779af4,3
193,86d55c582ad04fae6c521b1442bd29c6,3
193,9bd421a147474e6f13a0c223f5abe956,3
194,5240f0ecc4c380e071fe87fb62f5b232,2
194,c8fa81db0e6dd93bd17c8b978126c4fe,2
195,3df243b3ae77bec8f372f864cb709aef,2
195,63c4393030dcd0ac94769336aae07e5a,2
196,1d5f21c620a4283afde6577466a30b43,2
196,f32c6aa7ccc08d161300afde77fe180c,2
197,3c7a90682ffade71ee70f74ba2c69fc9,2
197,485b6c92cbaea70420e3028916a973c2,2
198,07f4c73fb988fe6df564ea6c70b01638,2
198,f70aa33d26db354a79bf52afaaccb5ba,2
199,58487960dfbf02340416f3a03e8fcb2e,2
199,bff76559ea5c7ebf21ec9f847c0b51f2,2
200,0188756a11c6ec700f31bebd2fa8aec9,4
200,3c3e81acaeb81ed139f6c7808df244fc,4
200,7d1c4c2adb5b7afd61f376da3a834f1a,4
200,92d285e2427b9c77664d1e6e0a43efdf,4
201,8f5fd84ab0ed0689a3cfde87dcf71d22,2
201,e6cbb4fbf95e2f6ff1e0247c775a992d,2
202,4c49ab53e91e0508e69ecad914eae290,3
202,8ec5128efbf66a494196f209914de0e3,3
202,b139a8253b9da7f6bccdf455bc62bf9d,3
203,7af280a1431bf3d64a36a4279a3ae160,4
203,ba4f61ea12bf3f7471450ff949a817fd,4
203,cba4b2011461f7c7155e268953f456f3,4
203,d3c142321d7d72a623aa9c6403e47770,4
204,064e9d381f3f7093de9fa64c0028112a,3
204,aafc32cbee0b60ccc090fc1f7bab9f78,3
204,f834023e7ccc3753364fc5332bf7434e,3
205,05916014f7214a2394ae86ec093ebfe2,4
205,21d8990675161a4dc02a8234f8b3e7c5,4
205,c39849ee2e96bf9cf17969b3e8d9ce70,4
205,c8425ce4a1ab0e040fc5200bf0f3cb43,4
206,3c1d823a8390e661f1e8a6e3cd3ed9a4,2
206,b7287236ca616aa240a645009fdff397,2
207,137d3a44269144723378f9f8c5d7f076,2
207,75406b3c9c133b9a6e5329d0493b135f,2
208,69891e71ee1984501aa4f7414324af74,2
208,c3b040b0d0043a71d4f48ef5c8d6f578,2
209,4a3dd42da13469eb2da0e3dd3d4c8a28,2
209,62ce90b47e41e4ca4fe05cb4c4fb55dc,2
210,078850ccb5951caa4137beb1ae40e9a3,2
210,6a2257b8685d8ee4e38b2852ce90f63b,2
211,12308013430d4606488da8466754201c,7
211,2e560b527b31c288dc25410c95b3a540,7
211,3ed41ae9968941e8beeb2d754b778c29,7
211,4c09d9bdd26b2548b2bfea840ba5603b,7
211,50538d846f134eeba814d0f27af920cc,7
211,d7fdf872654e33dd3b85155fe8a17ab7,7
211,fa6c6054127abfbc2c89dcd3ce444c11,7
212,1ab4a05dbcace719ca282fbbf752b96a,2
212,c0c1bc22057a4d3e07ba53ee0168e374,2
213,2bef8d790e5d7a905efc1157edf78eb5,3
213,3e75de0340ee65629b7c6bb0c008a9e1,3
213,d935d683617510e73db636f05f9b7ff5,3
214,54471dedaf3adf75ef99ab60db12464f,4
214,64dccc362a989238b124cdbe08b52731,4
214,eee383d2620f1e8e1677c41d80b9ea09,4
214,fed713f37481ef9aefda2f28db5a15fe,4
215,2af6b72e7155d5ef4bc68a18fd8ec132,2
215,fc82b7d2044e19344f92562a10dde51b,2
216,362e88645c1fc087267f2d56f61fc27f,2
216,fd728a8be817588f9c95e3d1e2f8b0c2,2
217,48eb198fdbd62930fdd117568e42235e,5
217,76cf69ae13810e5d68ee298c00106ee9,5
217,9d73de48c3bef7c228db6452801534ac,5
217,c57dafba02a4011142d50f1c2bdfc8a0,5
217,e6b8196879f9d56dee790492e9cf9fa4,5
218,631c8f06cda82c718a347d795137be91,3
218,89a3b737b7d22de02317f28ecf342da2,3
218,ea9113368dd6fa40f43db805b99d07d8,3
219,1a6585463cd700058704fe2aa938326e,3
219,7c5a786175124539f2643be25367ac1f,3
219,b826826670521c839bc898c7e08d0014,3
220,55dd15e69f88dfd07b0ff4379662ccc9,6
220,88e9623cc3a93b86a815d627093817c5,6
220,ae09462474bc81060050a89f41f10566,6
220,bfb538cdc4ddb45a9b52947981564490,6
220,f428bd1ca60f90b92205e245ddf93e03,6
220,fdc02db13c34fcb9a0d6c4672a4112c4,6
221,98272e7e08c5af8a8beb62f1199d39ed,2
221,dab69a17a1b966361c2fbe5ec59b8a62,2
222,047191863456a6f7a11ba999302b543a,2
222,6dfc39e497e81e4fe681e64655200c03,2
223,2258eea71d8d7dfa3ef0b9c3c0dcb1c8,5
223,9a0df2c7b9a623c4fdd8820562574c43,5
223,bfb33815a486358dd30696003e21b6bd,5
223,d2ace6f06ab94d616b2a87bdf5bb1852,5
223,d4a2db054805c5d506af42e55d1e1f46,5
224,509c36b8aba725e098c4072d0ed62cfa,2
224,5a974ac3895ded5da0d6e0fd0324f74c,2
225,889f5becf4baf4c55d469cd6b2b270b5,2
225,d11cc1e30f91f0f3423f6442f198baff,2
226,6115eb386ddc6a488c0ba1459332bd54,3
226,98424a6b43badc068afdec06fe671ff0,3
226,b87f3f738a10747ad4940c0b36858053,3
227,63085ba625ba469e451a416e03e6d443,2
227,712fb834bce4d0ff73a885cf34f00234,2
228,0f60c5537d07b40d06afdb2a9ae97940,2
228,62ee10b5ae016ee472c78609c360939c,2
229,4ce7ec9169ad865caeb79cf7b936abdc,4
229,4d4d2b28fb0c64081ca3986c625f0e26,4
229,a68a497a35b179547d29f85bf7d70abe,4
229,eb5397a8acd8430bfc89d43f97dc480b,4
230,615fa32d93fc9ad32754bbffc0e682f5,2
230,aa3ccd0686dccc812eaa108643a2a7cb,2
231,06a194a1ee918cb13f2236cb6cd3ab4c,4
231,33161c49cc7b1bfab731ed2a6f0abc76,4
231,7ebe70e5056e44abbe8f033d1e6fca15,4
231,e04cace92764a2c7ea20aecbaf7335f1,4
232,56cff1eb147fe02fba5d8ec55584b6fc,2
232,b8c3239a6b3ac0576fed8a1fdf35e7bf,2
233,25df3704224ff19c7d7cfbffa6e17b91,4
233,55c2514fd905d39a553bf348a65b2a33,4
233,98cec158fcea4dbbcf9817d60123f1d9,4
233,cee3d5e17a24b9324e6fd20a1413a898,4
234,1185907e2653747d89d57b6a308152e1,3
234,17cf8f622db58da61b19724c8b1d1f17,3
234,f166bf6e9b247d1a15d5bb3b4efbd53b,3
235,5112bab9f1c7beca9bf613b2399c5ce1,2
235,a5542f891b3ed1a434d1994062daf753,2
236,434a2ff1007ce255cd31188798067dc8,2
236,5fa19398d1d92e49c4a63b7fbc0bf696,2
237,bc888a3f2c734d8c87ab85538b93593a,2
237,d9914644ab9850c49c4fc76a30037327,2
238,34fe1da493847e917f6a4f7f3804469c,3
238,bfbc40625b5338369658d18ba1666723,3
238,c910a251b63524000b626c31d93117f3,3
239,0fb9d510bb94c2674a288c41e56553c2,6
239,3ed9aa590bdb4dcae4f9eb548c4fc06e,6
239,774b4b740fc85eab5663838a1172bac5,6
239,bd7cfad46268e119f27dde5ea2de9a19,6
239,e39d34c547fbb7fe82e19fce2c6e76b7,6
239,ef51d48d9c64aa78732cafe24288303e,6
240,0c6b4a45936b34c5532c0107304bd391,2
240,c1074415e909b7ac408754a16fcf2ea2,2
241,400513d190dbc7a0966f6d4a0128fe4a,2
241,e6c74403b8191a92840e28e52638fe19,2
242,b2afc0286dd6a5ba9db0b1cc30092342,2
242,c7d0dae622e18a8f0422a74fe154495a,2
243,664600a387132ccec9fa63d4f029be2c,8
243,6ee9a97ab0db43ae665e2fbcb33a3124,8
243,739730d2e962808314b965894451d867,8
243,9978aa2cf95722abd3b89b3e8d6d06aa,8
243,a6621e57c851ad9c56b48f600f5175d8,8
243,b36467e7e520c82c7a1bee5a5162d3bb,8
243,c7a67b3a6dbaaf297d52bc2e52ee6d06,8
243,f212a882f08d438a418fb45b3fcb79fa,8
244,1cf581f19acf3d5494f85a0aafd8a524,2
244,3829ea9935991f30d246cc60ad45d115,2
245,5acfb271526ec63f878b96080afdcb1e,2
245,f65360b5eb285551bba2e2800fd92741,2
246,1287c5eca40ba5317a1763bd604103da,2
246,f2a2b7a2269c59b906a0c1bcdca763b5,2
247,aceb9de2e0d93295a6474412b819ad14,3
247,b8b37350e26349fa759f73cc78e10592,3
247,e0645fe26095de4aef4edb6ca37b8f9b,3
248,3a98371cd210cb4e3f40a4222249c98c,2
248,3cdefb6b7a6d45de0c8bbca1fa280568,2
249,8d20e8379c43ad08354ba5880c942d8b,4
249,dce2e3f720bd91850dfc641ffdc453fc,4
249,f73e49c4c22e6c63c6efd38421f5d5ff,4
249,fbf2118c185a348587a1e9f34fd34f05,4
250,0fec6a1379d9d082d530920cecaa79e6,2
250,5ad529d9ac774ea90bafaa721063c4d6,2
251,0fed5afa4d202fbd644d049d6175883f,3
251,7f822de0449bd3eff60cc80e7e8cba2d,3
251,a4b042c07804b8884f7c22ab7eb3cafc,3
252,248aa4281374f3c19bb5e212b8e24083,2
252,41fb4d290dba19b92d52fae57eea4a0b,2
253,d7612f0659e2c3694c6969b44661365f,2
253,e8dbe1b77d9e3bd10ba99ef11b17d737,2
254,25105795c6a037fa3628ecb7a15b0248,3
254,7fc2bd245002712fa10f382eb6636247,3
254,bf23c6d0c0162451b921e4812cb97845,3
255,22b0e11461e065cc3cfb2bc1d5c53bcd,2
255,ed2db94feabef857bae82db7a3c15b39,2
256,6d2239d09a82226eb2af26832c3021e3,2
256,b5356a1a9e9e28b0c85db1d6a4cab0c5,2
257,073b6f219067cfacea34f9560b2ecc10,6
257,3660bb3796d4a1a12561d3820303306f,6
257,7017bea970ff8068fdc8a78d3c4ad7e9,6
257,75529e7c41f9b3a67302c2b83b9129da,6
257,a360f77d0f2d4040046e733d1611db3e,6
257,f14ae12be9aeb51ca39213ba35509932,6
258,0d62c03246caf567c4fe95688059b742,2
258,304e8272d395368942987449662e9b9b,2
259,620ee87c153705cd7aaa1bfe11a7d8d0,2
259,af30c13a96258a222341e2d1d7da548d,2
260,1b4e905f555a0d5860b0a7506cea5911,2
260,402290a4f9c5a069b652d8207215942f,2
261,10597cef93fc6af5ed96bee0d10e171a,3
261,3d4ce5e120c32bc1950704edaa5fd738,3
261,529a33c4584d9b49864ab9693b2c34ea,3
262,3e9ffca4d6764ecf9322606b3f4cac20,2
262,d26c1dd72c2ed2e1bb95d5dd8d183f9d,2
263,29d2e81df76bcd7b1c62a197f8244fba,2
263,961154229346f6bb46f18179c6037ee7,2
264,2b5527c9c335b0f15918a283f7ee8619,2
264,7313f87ea6e729710062e65a5ab93c35,2
265,01aa12d256da25298af3dafbbd1c4fdd,2
265,5099bb68c9300d6e255531ff813edf60,2
266,aab7d5a74ba9d4d064fa30aebce50013,3
266,ea7cdda7b52f8b77c267a349066f5ef3,3
266,f3e6c5013775174303dd6946b619053f,3
267,63d6a5176e5edf97229e063429125354,2
267,669bf754f57960e6380b3865dec9b956,2
268,47afae8d3b3a1758d59978d33f2ccbee,2
268,8a808766530e7c10eb45659dccd2bd3a,2
269,0ec8aea8ac7007ac073c5d1efb6edf15,3
269,24ac317544f630f1121854e553dfe647,3
269,e487dc13f9f62ab1289619871e0bb58d,3
270,a0f08212454ed43dd5ab196e4699d607,2
270,e136c73d9dca8cb8f300d6722296f949,2
271,01c80c1fb62229ce711b09773c2eeb81,2
271,d45ecda1789b5a4541fa66e9b52962cb,2
272,37834f628710abe19432d7f5e5e19af7,3
272,a55e5ad4506096e69ec945f941528c4d,3
272,ab7d6fbe010de3adefb5713c6cdb6f3e,3
273,88561b1516c854cc367ab9b565f8c43d,2
273,d79e4fe6393a46adc6d99938599de551,2
274,cc24148c4c1e9064dd719d287144608a,2
274,e691f1a03d30245b9169059e32a4ba30,2
275,2ab506483c02361c26aa46b311d2993c,3
275,340b88daddceb2f7c0ae03eb4840cf7f,3
275,deeaebb6ac77c6f2b9a76f25885f0065,3
276,2d534d4d7379de103be152f660854f3d,2
276,a971496060c5abc8bb9d28001261cb12,2
277,3aec25aa43fe25c24ca1d3573bf3e15d,4
277,6b1e972ed56730567e304a006ad5c63b,4
277,72f117319e58f058f2f1840495d28528,4
277,ad24f8b4283c4add329c8362407fb42b,4
278,9d3e6e99abd81fee32485429ea70aa8e,2
278,c29a85dd73ab7a15cbd8e1aa371252b4,2
279,2e1903abe2671357b191cf0a624c4646,2
279,737b244109904d79c93d5326a7b57705,2
280,08bb8bef0496788b4cbf50bfa3633141,3
280,98c3806bf82cec6bd01cd2f501fef358,3
280,be562ef264fedcb27b5098894a280940,3
281,89af6435d57ea35a9db05f4c3a048124,2
281,a7f78547325d6698b2f20ebd9ab1986e,2
282,95f5ddfa8801664af22ba54a14c44197,2
282,b4d3c774a2d970586c6004c3352f99fd,2
283,01c0c8e0948d56fe2721555604096669,3
283,09a5473f89475fb750ce650580f5990e,3
283,cf65fa2936c5207cbe64def8c04e3fb2,3
284,1f512f52f57847f2dd8a1e04462a3edb,3
284,501869854fe51e4857e4107ffc90920b,3
284,bd4d77d52e664e8916ff0f44c65bfca7,3
285,5f94dd4a6dc72509493a924999264752,2
285,cf1f5b2863631bea83a03551d7105a7b,2
286,a617ee3b02abd5c34bc66130d47b1eb3,2
286,afbcc9b994ee1a5d96741490481eb49d,2
287,31af497ff6f5428429943c12ed1607e7,2
287,ce3c2fab04c6de5d44d2c014b072fbc9,2
288,09789476d7dd811ee8c6f652316db0d0,2
288,784c7b365857474d7394bae0fac8b680,2
289,f77342fbdd55d8a5c61bbf3bb5fa3c3d,2
289,fdcff72748e3e656bfa7501d5b841ef3,2
290,0df464e8a6ac857cb9e00259cc2b372d,4
290,6001e46a1f1ede162882e43fdc52cf59,4
290,7e3e3b645566fb093e6dff6a581c2e68,4
290,d24bfa1c21cd1a1f727e20c3087132f0,4
291,c123805937649376973d46ade51f6fb1,2
291,f1dc532c22b1ad62f23cfce477e4d3f0,2
292,01a5411279da8193a52be32db5880f14,2
292,fe18e1af82be05a361f392b83dc60b05,2
293,3740856ce530b6ba54f9c19ba4779896,2
293,f59802ac88ff061662aa9c927e42b3ec,2
294,9d5bc3dc78025f211e93b05e1af8d7d1,2
294,bd2d267cd3be140c1e6b14493556c4d3,2
295,42876d89879afbf96df4c472fcf53e86,2
295,5101ff83f6cd5156fd1951b01f1e3e57,2
296,214faa57a8980a13af09a12f4fc63757,2
296,f32ac61985799218d804484d77d635c9,2
297,1cd81ea55312964c61a4c07b85d9e36d,2
297,d6704952f9278e9a7419c411f7d27062,2
298,30bd7eac2101ac2d1e6d419293ffcecf,2
298,7b8d3e80bcc089b67210be73af755715,2
299,1b598d4800cd134e2400c2b57ef14d05,3
299,8433da0ab60b6e38f339eba6a907df20,3
299,fad449cd14acea1fe85f7c70cd213026,3
300,10ac89a387912778834b5f2eaf8ff94d,2
300,bb9a5311437e32878616ef130cccd857,2
301,597146a160dc3e1c9decda761ab75d38,2
301,963b33b26523af7d566fcaa44c9be766,2
302,271a40293b23249fa69ebbd46e5db1b5,2
302,3a3345c41508d304ccf2a1bc4925b28d,2
303,c57e28988cccbcdccbe04ff1811d8ea5,2
303,e858b676bc892d036d810698de0b3d8e,2
304,708efacf11c409bc32c22b1d7c518f6d,2
304,aff77c1ca284ac1574d54fda097cb6d6,2
305,01ae8f564109c963bea94160d57d6774,5
305,0853b3feab9d0dad5cfc0f8c526ab273,5
305,6b4496c02e21955349f8713e0f0186fb,5
305,7036e824cdd8b28e6516d7dc81fa5c28,5
305,8f9824d0f03e59b499e186b8cec2e1d1,5
306,ccf8a5dedafd3a014828912fae603fc2,2
306,d49083b4808f69caed0173e0207fba4a,2
307,063a38c83edd47c129cc8844337457b0,4
307,81a5cb31316a887e8f164e479bc00586,4
307,b93bcbe4b7d9375b1735a45fa11d32b5,4
307,decd8db9ebc0756e18e6cee31cd7ece9,4
308,017f7e621134ea6ea7177e7cdb2b5463,3
308,d69e284e0c0729f5bd934fa7e7375524,3
308,e1a65a9363567ca252865a4644081fc2,3
309,0782554d541f12d2a80ba3c194096b27,4
309,59d41b24aac39ccdb3d38bbcba96be2c,4
309,b8dacd17444c07250891bdc8e241496a,4
309,fa3a47578702ff1fa59f207e691b2ff4,4
310,7ffc519366c57b70fcc87b7e3bf4a3a2,2
310,8c786446b977830d2b97a1a1bdd4666d,2
311,71d00eef0a6757e5c6d90d2063fdfc0b,2
311,e0cefe663c39727336b511535210dbc4,2
312,251b215145165ac1f3a1fcce04890a39,2
312,bdaa15003b4aee7474733524efbde14e,2
313,436c07bf368b973f518a4f9ece4594ed,2
313,7e9ad5c686bca09704173a22484e406e,2
314,4b6e9ce6e4da725dba883b46181c0410,6
314,6382099846762403270b16c16dc70d83,6
314,7e681fb21e3f3614bb0ae38f60fbc3aa,6
314,a69964728733449f1259a82076e9f04e,6
314,a6af414468e4f2288d88f83f5902b51b,6
314,ea2ecbfef56151bebd4ef9cb5a893a88,6
315,a59ed8502db70dd34e503845f0698d64,2
315,e45d69f9e9effcdee7cd43f20b3b03bf,2
316,1f394dafb7387f7f24345eddf9e34df8,4
316,3156063572db14c26ab2f931652adefa,4
316,6a1e68a4b9a88224b830345f9f2ab530,4
316,7b08f56b9de56c00700d2a2ea1b127d1,4
317,3a8bac9a86a79ee856431573cede3d0d,2
317,ee3a5b295c7b3ff27b0a62302cf636f9,2
318,0a210b7416cbfa0d2276e9b215c580cd,8
318,2de65906fa34bcc86e39c209f07345b2,8
318,4843b8bf5a8c3a525dcda53a40809414,8
318,4940cefe1211c6721e0d077791413d1d,8
318,4e1a249e4bcd5b31f8813fc078697971,8
318,6e5adb869ee0777852b2c9bb785141fa,8
318,86b76b34e3efc27a0bcd51c0681290c9,8
318,f7f465094f210b4056d7712bc80b59c4,8
319,852a80b89e59109e74557a4c1d8501ae,3
319,8bc5d3068aa3162f7830663fc5ba6bfc,3
319,f0906dfe59c3648d8086286fa0fa09a2,3
320,c73e971813a41c2f83c15d1ba8711f0b,2
320,dbd67880c1ad612bb566c0b096202867,2
321,6f14135230338862757a3da0c1d806be,2
321,c6fe7cb519e9fec085339afa98486e0f,2
322,52a4ac7d69d3380f64000afc1eff98f4,2
322,97b3f6c4312908ac6d91badd128518cb,2
323,752984bf7f3b18a7f0c6d82105f878a3,2
323,d31ce5e88cb7e39ad148d0935cfca65f,2
324,3d76e86a4f60e59d9f16ddce93cad7fa,2
324,77c595cfeb9d2266e8f1295cd01adeff,2
325,7d9421ccd7bd86f1faea06eb98d9e2f6,2
325,f59897c5aab1735fc7b4825795e8d5bd,2
326,226fe8204d400413b9bfb8a8e5245832,2
326,fe9d4212f25ca3a60011106367b0b978,2
327,40da0201d109baa2f97c8cb4c7eb19b6,3
327,7b4a8f3e9bdba83597821887e1b09d9f,3
327,a61479673c7610f8d496a9bae590d719,3
328,0d7c68de3d8b63ba03af596865ced904,3
328,6143a009efe306e61d9a995641360017,3
328,eca127c60c230bb794055081e8e3e2e9,3
329,0337eae92ec906a29cdfbd1750f0aa70,22
329,0943983965a40923b0bc4c010f0adf87,22
329,204c0dbe2d6c468cc560c7fd5d3a13ec,22
329,21b6a029009ee0adc991e788f10e36c6,22
329,2d9edbdd85b38fe946a17cf3979f09f2,22
329,3511c9dda6240fb084cbf0b1b6473f4f,22
329,3e3ba0ced9aeef78793a4d31ac02cb09,22
329,474ee5005b922e8a9dc2c5bd583e5b66,22
329,55ea16535eb081008b67f3c8adf9765c,22
329,6e3590c3f889f34874fdeab8f94c47bf,22
329,7d6fc6582dca05a22641e234acb1656e,22
329,904e0b1136e4ebba3def109f1f88578d,22
329,9b97a259a6418791d215a36ebbea0824,22
329,ac447e85ee47fc33111008a6ad4ea1d2,22
329,adf2d3ed4bf8e3b77aa1222f75956353,22
329,bbb79eac066ad82351efb224ee94b642,22
329,bfe9f12b10b7e4bcc3501ada406f2081,22
329,ccf3a10d30f39ad80b78984a9bd9f563,22
329,db0bd07766b8a65a90f0f22c0d5d188c,22
329,dc3be3e17da8a134b556e422424e4e0f,22
329,e8c0be8f49ed162b3273c5f4a100f612,22
329,f76746e78c7e82f50ec3ae82a469273c,22
330,6fef9a309980cae3e174717652c86b6a,2
330,742632593d15fcbc32d529ae0db97d9c,2
331,1d95ca5d3e140e3732d06cd0f7ff1234,2
331,7f7663502fce8c7175800854f5f5cc31,2
332,236a3d43f0c486ed54676497cede52cb,3
332,c34784926232f9a0daa5b5caad75aecd,3
332,f33a1a7dc4160956ab20a23fd1866858,3
333,3c11e3fe3c56847071f9cbe3339677ca,3
333,566fd0997da36278308f837805eaf495,3
333,b6da69caa59bf4eacf1098f3e1e99d4f,3
334,67137ccc34749d7e9252b07b07ca62fe,2
334,e0487f42d8bd70fb9468222ac1b355b6,2
335,7ca64d7d78befde146f79103324da450,2
335,d911bea7f1482ae282d6bba99860a2cf,2
336,1a7da934a57ad27f67e014bcfb656bdc,2
336,808e6645d8991a420a76f1db3058acb3,2
337,78977f2d88f3b2438206176544c0e721,4
337,ca9420b31aebb3f326d08c8bc9a0d9ed,4
337,cc1a1b8b84808e0eaa6a3018c59da022,4
337,dc9496d48c0f72637ca14efc576b4993,4
338,2886caf63d707497128d439da48ff42b,2
338,5d19b5f8b888f6c2da07362213f4a915,2
339,03d53d3ca96557bf289118cdf0654ef5,4
339,05fe65ab62633f959e11c51333180f7f,4
339,aab81954ce1042e04b2116af9cf0bac2,4
339,b5cbb8c21f5435fb9d13e0f74e7a8bc3,4
340,286e6c2867e69761d89361e17edb313a,2
340,d5c4c030e0152e500a11d409fd5202d9,2
341,8c87bc0ed664b257dc77981175109ed5,2
341,b7b8e5a9716f57b6afcf059fb4b3c9ca,2
342,37423aad40852084fbdd3cd425643951,2
342,f5b2a93a88404be288b040b3562f01fa,2
343,38c3620ba6a83c983cd693ec931ac8c5,2
343,7e63b9ffa495909a3decb20263343433,2
344,5c366c729e61348fedc78dee06bd66f4,2
344,f56291ad3bb893455ca199ed91e69d41,2
345,4b7a0091f1f07a39b6c87f4b65f10abd,3
345,85bba9f6f4cb8d6ced5e2caf5771823f,3
345,94d6aa35ca505a35d438d7f0e951d98a,3
346,0913b7dc3fe822eb30f6ea672295009c,2
346,54285363df1ef6b1a0a8f533b8978883,2
347,113f78927b72fa330e5789f738f06c6c,6
347,37c24ec403d1132e36b57e37e8b3c712,6
347,3bc824b6c200b758a87abc5c92e8c93e,6
347,781faf69ba17c35e3ae95c468d4a5953,6
347,d75b2ad3642c276d09a77b4b0706df39,6
347,fe7696b4ebab10eddcf81f4e52d86374,6
348,a83bf07cc46a3e2afbc330872785d09c,2
348,d213bdc903a5acd54aa056ed564e9490,2
349,71665ef66486e06bcd5c3a97f8a23a7d,2
349,7d368e01852a71a7bb63ab4051e8643d,2
350,07c0bab0d13b24d3f45e63ce9ccf7783,5
350,1a86aa96d3120bed5d5dd00a4a0d69aa,5
350,476ce52a933a087423a562e4cda80be9,5
350,95dd59ea5705816db1bdeee2d51d98fc,5
350,ea77fb6b68efc293217f57f62e838ede,5
351,44d980901e7de3ded2b93328a9d0b802,2
351,d03b84ee5a59297b5da3dd91b91058e4,2
352,79a688079a1ef3b0f5779c69b6240973,3
352,7aa89a31ccd28a58861f2bc83831f6f3,3
352,bc8e27b6c2735abea6e646523d63d537,3
353,1b7b3b3d9c53225b031de018abac69e9,2
353,aa7ada3f8c7dfbd24f1580af05959e47,2
354,0117ab736fc8db2d0b8d1119722ba2d1,355
354,018e77ae9d53d3b95223702cd34ff0de,355
354,02f702aecf64dd730c2a9137259b71ca,355
354,0318cbe751ec60bb534672ab93d05a3d,355
354,037582511f00f7c9f74563ae40647ee4,355
354,03c9a062baac43f3070f82e74ece62ea,355
354,0425ee70960c86256d5ff5a1bc87ee99,355
354,0496f5e6e3cc25d67bf3e8537ef01d27,355
354,04ec7a8ce2d88eb4b88ade2f309fd2d9,355
354,058aa724f06bb476f8232ced978761be,355
354,05aece8ffea792a0eba695f06a2269d8,355
354,06755d5cbc09c9cf158e41dc7eb59f5e,355
354,07e53b4a2892ec454ea4333ad115fa9a,355
354,08784e6daf3070098b7b726041e902c6,355
354,092b41830d10778447dcb03043ade21e,355
354,0930596b8132d951410d182cbd3dfed6,355
354,0935e8989a6ebea8dfc66bb2e3ecf6c7,355
354,093b9dd7002d1e9e3eb20ec5df603430,355
354,094acf6e82ec7e02324c43ede0f4798b,355
354,0a1309d29d29ef1124e26483366b8cf1,355
354,0a1884dfc4fa60ea6c56bcae34902229,355
354,0a1cb1e1cb5258d8b135d2203257b527,355
354,0acadfa1b07c204e7216019e6defb8e4,355
354,0bd3e2e12fbf8edf2e80393720137617,355
354,0c21e84a46585496f885020429e01d7d,355
354,0cb6e82fb527f7f86f35ab0f11e66319,355
354,0cd61dd5b9a9c169dd663ce03110e2e3,355
354,0d121df2ab1097d0a1aee9ea140026e9,355
354,0daccbf5ab1c76be9f1885c351d5db2b,355
354,0dd2244e3cde79fbe84156f2a5856dea,355
354,0e26c77a540b5456313719372aa48728,355
354,0e8b97eae7b31b25c6d4379d9ea04d42,355
354,100093a318a25e7a637e29ff3930ccf3,355
354,105d3ba84be831bb336141c0628e84bf,355
354,108afb959b155ab6a07993c0cfb0639a,355
354,112a962b901906da21e7c030bb1b91a2,355
354,147c36c9e729d6b8aff6bba133b55ece,355
354,14e3c6fa31a01b9d41b22b911281a55a,355
354,15ae0007e5c413fe0c1f859047bf78d3,355
354,15e55940088132b36da8813902cbbac2,355
354,16f006eae338042c277a8cda423295cd,355
354,17646d9ce9c3a9b5717785cf14b4aaf4,355
354,193b59d9e3d6e1bacfab9b70e8db8cb3,355
354,19caee2df20ce3119a94e107fdf9d636,355
354,1ae5038de121b7ae46c9107aea480570,355
354,1b03bf83728a868704ba4fabf48ddfba,355
354,1b5a711e903574d80e6d9749b568c667,355
354,1b767ba6b9395b84380e3fac00760ed0,355
354,1bf9d04616cc921be72cd330f0f773b2,355
354,1c689381e61001e97f9e119f95f4d343,355
354,1d54cfa51217c384840ade3e3f539f22,355
354,1d60191c403d7e4a7e6b773ff7e3ebf2,355
354,1dd6e851f5c5733ed8b3cb26011cffde,355
354,1e5299a08fa70217048a675a3d314877,355
354,1e90aba4fcbfb3ec2bf604341de04a02,355
354,2318736ec88090103db9dd4769d8514d,355
354,239991df66f30e38ddc84180fb9ed14f,355
354,24ec2c8ec53e9c38dfad31f5b95cb956,355
354,253f81d0576844d3032745242cb9b401,355
354,255eb84289a24ff364baf0a4db0bdf07,355
354,25e36695da3ae487e49803c6e4580f8e,355
354,25e64725c669625e6718d9eb8acf25cc,355
354,25fffb1bb893d1216f4d5356d0d1796a,355
354,27a42909cda7b7f08dc803f2ea5ba040,355
354,27dc2aa15ae93040c4a80235d3fb9c49,355
354,27e7a96e890b0ef702d776accdfdce19,355
354,28071d4aee6c2b9789891fa4d16fdfd2,355
354,2821ae23e8e224a46c2e22e831a2ab33,355
354,29cab66e05c507e4ffc71fc978890632,355
354,29f9f668d751d3a67d36e51163c88097,355
354,2a67db98b7d683625534f2ac43f20bc9,355
354,2a6d4bfb692d368d606781d8cbd4084e,355
354,2d49d705979ff4dcd81b4f0f3f7af373,355
354,2d8a07ba2aca9136fa85c861e858d293,355
354,2e4383f5ae09bbfd32a5dd462768e456,355
354,2ee6a5903dd1a219f51ec326c4539dab,355
354,2f92fcd1eb347c798e44f47191dfd171,355
354,305a3979b2e2792c51330e29512afdb6,355
354,30e2a0a923f2d84addf0420adc2398e7,355
354,316f0191976e0b536a517d126efcc9de,355
354,31f0166a54bebcb8a2765a120afa9e0c,355
354,330e44394373ccbc353540f32d776419,355
354,33add482df7f9484451799005ad05c90,355
354,34bc5bc2dd4e3a6c3cd8e24792c10706,355
354,3564442eba3736e73fbe966ce87b8915,355
354,360010f56b6865950b4e8170ae997959,355
354,3602fee48cb9148fbb81f7900b6accca,355
354,376c740e890ee8817db2c008faa4787f,355
354,385ec05945b217b160378799a3d8e0bf,355
354,3883f95f2d7fd0146902b64b0825a5c2,355
354,38e4f3ccc3298f757a1174433df94117,355
354,3c98fa0b3b7e2a4d08dd2ccd0d14b244,355
354,3e42cb1326040863961b8d47f3904332,355
354,3fa1a7b0901bad8b53a7bb5011d7aaf7,355
354,3fb14ca88896fb638307312e629116de,355
354,3ffedc7c80ebdd82c939b50b489517a0,355
354,40d95ffa4567b72de481e98ca4124b73,355
354,415bc45f0cae2b649c2bd72637eb4e9f,355
354,439184349bc58cbcafe3429c68356eef,355
354,44d71ad1ac2214da3f691c384f77e9a5,355
354,45989cff09da5f034edf18250eb1e7b1,355
354,46e2bc92a12cd9e8aba844e1c4c38223,355
354,49179d9346ae1cb54541e037ff5b3969,355
354,49386724a3bcec617a6e082c924e62a2,355
354,49e8dd5ed0a0625d9a8724f78071aaba,355
354,4a3e65ab6292cbc424f259a09b350b2c,355
354,4a4ea9f99fc4469a4157c1eb04eed73e,355
354,4a8e6c8cd8b666945c8a65c728b1d333,355
354,4aabebae8e863630afa669765b3d317b,355
354,4bc920881edabcf65777d078ddb39b93,355
354,4e34d455d713ea70724b930e5c8e97d3,355
354,4e6e20c43e7adb2b3728cf82d7cf8be8,355
354,4f6993f3b370e500b9231e4371b3a179,355
354,50a2cc130cf0bc2652f1c32f113eb5f1,355
354,513f21a13a77a2c71c665c1c0b6d3689,355
354,51f149321aa59f465a91a088ea22be25,355
354,533a12e4dec6fb4108f5089a90bf97dc,355
354,53a29e038cfac0402d9aa24c8ee722df,355
354,54d8aef6f105418c54f960b0fc6c943a,355
354,55a6010ec1409788ff05e3673bf2da2c,355
354,569bd778267da49c9ddaa97cd690842d,355
354,56b89ebff93ca0e9a7d2d8b564db2a7f,355
354,56d1288f39ba6f6b511d37fdc40f2ca7,355
354,575ad435ac5dba3e5367636d9bac1003,355
354,57f16a9f51e2adc9dc965efc6d76093a,355
354,5a4acf70f009769f216aa540650d1413,355
354,5a4cafcd36738548d1cb2810b4dd0a38,355
354,5b9e9bcc633a380330e6a3ee6872efa7,355
354,5ce48644efac8bd6b87f1c4b4d8f98e1,355
354,5e03d921571952fe60e41adcb8130882,355
354,5fc31c020c67a57b64923d16833e8211,355
354,606532bc97f2eb328aa1858d83e21e45,355
354,60d0632cdce6e8e3eb8a899a571cd7f9,355
354,63221a93f9756e539525946fa8f2ec5a,355
354,63c7081476c8053e45c5fc754f61f33f,355
354,647014fbc3f1641f81975335d87c93e1,355
354,65f2505a7c1fd3f9f727dc100c47f190,355
354,675ef4a5d7946650119afe968e47c9d1,355
354,68396dbb5558caeed5af6a01f590195d,355
354,6844901deaac1ef838841ab55a1ce412,355
354,6848826a0f86de13450a0ce8caf8878d,355
354,6918c01141b407cd5480c2c0e88373ee,355
354,695ac57defc3a36ce9a9e7fae460485b,355
354,6a8fe876c005337e6647e7c949a21891,355
354,6b00fac77fe9e13b02ae336c0aa0c73b,355
354,6b4636b4108520452a7307f126b3a5bd,355
354,6c96f48b8f058e2703044507f039a219,355
354,6cd8569d13032d26ae80bc0ee23ca86b,355
354,6d01d72f9fb806ed364518b3925bc587,355
354,6d06085f91df5b6805ce8851ddd32a0f,355
354,6d181a5d3fcabb86a34bb48ee3f3ee18,355
354,6d412a44e70ed73d22284160e85e31c9,355
354,6d49917bba98ee6c308df8514556bb7f,355
354,6dd62c9f7f3eb6430b7f5974704de67e,355
354,6dee9d44938b0038bee99e7b20271250,355
354,6e10c6d85b6625d3552c494f12a26e80,355
354,6e1afa585563645f270dbf2a9413ef00,355
354,6efbb7c182ad1bc51bf8ec6ba2f9bdcd,355
354,710b30a9ee5cd7a752c57c3762213d99,355
354,714c7680bc6c7a4e303642cd57b3d977,355
354,725ddb2c777a8ddbe8dba962708f05b8,355
354,739b1bf9ecec74b24f188876b5078649,355
354,76b9e5c0b15e5944f7c07ab647581feb,355
354,7700353c0255fb0d65142706d1adb789,355
354,77915fdc75f29845b8e4d0a301a002a1,355
354,7814adfdd0c6e64c2ece8058825bd6f8,355
354,78157b372afbd7b9a310fd94fd7300d3,355
354,78d9827457e20bb441a620bca88384a7,355
354,79128f4fdc3c16911b87a06641cbd7de,355
354,79c07470875e73d73963df8e5c6e3684,355
354,7a2dfa11072d08a321a008b4edaf29b9,355
354,7aebad460e217188c6bf24fe559367c3,355
354,7b8a064fa68aba4a8533ff3291eda337,355
354,7b8b0ab09adcac9deadca5318b2491f8,355
354,7c4e6dd874a36d60ca46aefe218a66b4,355
354,7d51d4d6088339c89aed8269c397d451,355
354,7d762f4986ba0c803931c0f6d89e17e6,355
354,7da4a479d01af7f70d4fe1ce3d6799ef,355
354,7f7893f93c0f16c61c0dbace5b63c434,355
354,80814c850263fc4ab244cb58ad0a516d,355
354,809096f559c63110d9cfb811b087e923,355
354,81f69dab1ed56f744ed1e3c9d0ac1f85,355
354,820272be8be404a8b84db8cb86984aeb,355
354,82a56e81d2ad4cc8dbb6e97126b02af0,355
354,830b3c779ff2ac28445ef7203dd57936,355
354,8345bd863566b98934a7bed5d779f74d,355
354,84e06f4c67e619ba72cf8a0cdd40bf66,355
354,863297e83a99c076e07259f33e8c88cb,355
354,879bd4a5c00517b281b2d34a6449ec77,355
354,87a411275d50eb84132a8617dc815969,355
354,8825f29b7ac22512aa3fde84b64457bd,355
354,89ffa8b0a891dd4e150431b1cb987375,355
354,8a1954babbe888843daac0e38a18f3ae,355
354,8a6f960eb27e8c4d59e251f2f4866214,355
354,8ab6b0ace7aeb901b09d2e3b13190348,355
354,8af2ed8064034114e005b79ec59f81e4,355
354,8c2824cc291e504bdf77215e1bb1c4c5,355
354,8d8084918328160a03fc94d05e363f54,355
354,8eabc793a9a456d4e5d88aa4e815282c,355
354,8ee8c012fe1372e8ca897cc6e35b0097,355
354,91f052ade9d87295494b3b10da83252f,355
354,92809975d3dee9bee47eafd25eae3aac,355
354,951a5b068a8b0288041bdedf13326428,355
354,97d1ca200828d7ad1bbd7a97e1eb3731,355
354,99102eb513914333643b7cbf7e1382dc,355
354,9a0b1ee4079bf186ac17ad9574d51768,355
354,9b5288dd6d7f56d00fc071f649f24ca8,355
354,9b8b65a97be839be69bcfb0e23a3d88e,355
354,9bd739d88c62170a2d0c3c9fc231f676,355
354,9e04a2209f453b8c6f5bf29e3816d770,355
354,9e1e8a12f35ab5d6473f442cd05a2e63,355
354,9e67d8649137f72aa4c5de6dc58d9b68,355
354,9ea2ed9120cf0b03464106578f7ec929,355
354,9ef8b5786d678c03c8c0e8986245d7dd,355
354,9f93f4cba5c71ddf93670379009519b6,355
354,9fd089216b9c81960d3663354752c804,355
354,a02c5e35b70804a3355df8885d30c7ce,355
354,a24d3913692cc415682aedaa08b165e3,355
354,a264da850cb1e8febb52c222531cf0c0,355
354,a333e2bae29477fedca5ffcc3afd0f39,355
354,a374710ce0bc2b014e5eac2e1f2e280b,355
354,a45368f084e057385f33b2743df7693e,355
354,a577514e05292a4483871a83f15fc676,355
354,a59d203b05330ae8e74de59ae7dace3e,355
354,a7097a73492ede9d8919e6fd1649bb18,355
354,a74b0f73a94019110b2ff1fd1f314305,355
354,a7828f84216de079289de0d59fb12e1d,355
354,a79e1d5f1c41a0e61bff126f8e7ac713,355
354,a7a6966bd78a6375687fed5306233958,355
354,a80a9dff3527c163d5521ef65f5ba03c,355
354,a926830726bdb27da0f7dadbc67fbfd1,355
354,a97d344b4e1509eb299c212632e02d4e,355
354,a9a24026fe016a48c2f9142b35bb89de,355
354,aac950f82555f102b1e2509c74f7fc47,355
354,ab719d78e90e31f12e9bf25cc8684309,355
354,ab91f7c0d1ef07014bfd401ededfe594,355
354,ac0c812b2e75b87fa1fa7b35691e9fc0,355
354,ac761a925bf0d467c0c43e383dc935ee,355
354,add4818f271e358137e1b100e86d9cac,355
354,aedc8dba26a6e0e1104c1dabec9f973d,355
354,af5eaa9d13b463eac26a3b2102e3af07,355
354,af7424a5ba9142c4ff5ca4d40ba242ef,355
354,af888cc8921288c851b4739883a8524a,355
354,afba3bddc8df1aeb5f3bd295b10ac0e4,355
354,b016c3d6f40e4c683b4140fb0b0d812f,355
354,b096405376b84c6ad0968f0a3472e518,355
354,b0a6a5633334f0868476555c05f5acc2,355
354,b16bba164f375b40387813bb35b51517,355
354,b28fd29882126ae335f446ca4ec20947,355
354,b50232bfbd9d6d6edf67d3d7ad77747a,355
354,b56b07d5b570fe453ede0218f9091111,355
354,b5bfb2fa6a0ab84a3cb8f028e722812d,355
354,b5d08627f5d1fa35d429eea336072709,355
354,b61cba9ff2c1cc04f353988c0086cea1,355
354,b71721e0f5f505a49762d762e814fcf2,355
354,b7322fc803e93b38b6efdd93a2257a87,355
354,b7776ef2ed5d58e940e7110c80f411d1,355
354,b7df6d9a56079a7ec586f6db0b99771d,355
354,b7fd969540b49c9004ec59b584518b47,355
354,b816cf253618152849306d71b8dd2e3a,355
354,b841ee0b42e91d3ea42a54d53f458501,355
354,b891f16377c139061f4a5a1e00e5163e,355
354,bb087fb2706719628568a69759246375,355
354,bc8b02abf6f0ed4a4d8e56e11315f59a,355
354,bc8bb2ea1ad08e71e8221397bf27d469,355
354,bc8eab047d7b9721637d3ee9110ad0b6,355
354,bcd9efff62a2cf63ea7a3633dee95fb2,355
354,bd0f7d63328545f30291d61436d77ec6,355
354,bdd906f646febda87708f9c138220540,355
354,bdde2f21780dcf0e73cdf53c52bfb635,355
354,be39d1eafba56d4b81d5169d80d6f760,355
354,c09fe336cc4c1226ee40d2d5ce32397f,355
354,c0c2c8eb51a2e782528de1d1d828a38f,355
354,c0f5a6e5da7dfef7c5b95c025c208b40,355
354,c113e6fec17a8ef19420ab422093cd47,355
354,c18fc475698eccb48bb3ce1d6c91db25,355
354,c1bfad530869ef53911cdaa94ed91638,355
354,c1eefd06d1abd25a909d61d8b2c82018,355
354,c25984d863d9952b160034adf384f500,355
354,c27bac1f9f539df3b9ffaf26fa9457f6,355
354,c2b9b0cc34a97daf3e8ba9111461a82c,355
354,c2ddb56d2e51ced635eee3fdaec9e424,355
354,c3c767a87eb0158e115a2ac2159afd7a,355
354,c432a01ad9b982b2eae4cc9b218cb86b,355
354,c57c9508789f5b7b467def43858971df,355
354,c60f9eba537b35ff7402160333e25e25,355
354,c66dbee8cb83e424b9b6cce98158b7c8,355
354,c6838c1dbddbe088f2d3f6979e4591d0,355
354,c87fc65067f38fbd48f85739a34df1a1,355
354,c8bbcad099444a5337b50e536a82c392,355
354,cab9793b2b20a7e8b0649d781e598c69,355
354,caff0bc106a1a2f25342cd003efaa54a,355
354,cb26c9f1abdded714639bb3da63afb60,355
354,cb2cdef829e23951dbfce0121c44db4e,355
354,cb58c4c1620a2a7a8329775822e8f635,355
354,ccfcef1c94db285e86a0e02f01471cd9,355
354,ce7c883fa3ff466f73db3dd3afed7029,355
354,ceeabab368381b7868f78e017ba0f617,355
354,cf28f0ac5d2587ab1d68f970ebbdcaaa,355
354,d02c4057c3d978ff036cd765f2643afd,355
354,d1552438a24d5e48b908292dafad4a17,355
354,d242c76658e9b454d268499baaef0867,355
354,d3de8449508a112a4adc1352eb6314c0,355
354,d3e0cbd26515f729b64394295294c535,355
354,d475eee598a738396f0e6fbfb0a3e14c,355
354,d4d1c614ab55658b6e26ecf353ba3409,355
354,d5095aa4463dde867c5fbf70a4a6b5c5,355
354,d6879840520fcce8e1a5c7725c5b2b7e,355
354,d755f33f9748557edacae12f44f165e6,355
354,d77ca3802d7736d444b8973e733f69a8,355
354,d7da85fffdd05d967ce6995e33f0d8c4,355
354,d93503cea1d68890a132c35de42e08af,355
354,d9f46e95f090a988f9f901aa8cafba7d,355
354,de20f994f491701cbfbf318cd629487e,355
354,df40a2ab7c9bf60bfebff8d2c15df87e,355
354,df6603ba230030b6a7832dca24c313cf,355
354,df74ad4adb9037e787a272d134a9cd78,355
354,dfd02db1a877afb191061a93043132e8,355
354,dfd2ae123f75372f22849ddd7f31c1cd,355
354,e045de35638561946bfe61c3cee57c79,355
354,e0bef1fb914b2359eef200aa5fee9d4a,355
354,e14556235dfad5570e44bb1db0b7d956,355
354,e46777d45f287808142856c426a502ce,355
354,e520b091140415f139945e1037181ffb,355
354,e61cdafa8c5aeb36855254be7ea9c45f,355
354,e66170001eb014f751e792c1db18bf1c,355
354,e7797f51a46639bed889fb37460a52ae,355
354,e7a35d0a40f5864e92383dc843c1898d,355
354,e8d62c15859be0a39c1b9a2c93e014e7,355
354,e96454c906d20ed9a2b75fe0d47bdc88,355
354,e9aa2c1cd9ab6834ad5879616f38c568,355
354,eb33e0cba8a5fd24fa5990db6c386582,355
354,ebf1f531fd872453d2eb2d35ae846c57,355
354,edaa3cee2cde20107d698159498952ae,355
354,ee8956934ad6ee1f55715018856a4c99,355
354,f1c268125c92d0c283949d0533dd4848,355
354,f23331cb2b7d853fb544ed6f0c54df43,355
354,f25abec2751bb4b441885af38b648278,355
354,f2a8c07ae966f7e66839112f965537e4,355
354,f2b0e4a4e7dcdd74c167e0a6f14c520b,355
354,f2f3cd0617fb3f8659d1c9230681f48f,355
354,f5923a58a8f6b36abe072318e1eab216,355
354,f6b4cceb3912acaaccdbe9e42db27376,355
354,f7b846af230c6df60513a3de9a296894,355
354,f83ee8e785b0bf6762851ab7f04c1101,355
354,f87ebd8b7f6c3b4695cda2e1a9314cec,355
354,f93c1fe7c4ba7aaf705760f43418c9b6,355
354,f95b11249a9b22022972ec4b1a4d58ce,355
354,fa269c4edbe8f08278339e1e5da079e9,355
354,fb1e278b364f7b4975d0d4c2a2211edd,355
354,fd4bb3f19ab9b5a4d551452e15df9f6e,355
354,fd547e7ba98229be09d54518d1f0eb50,355
354,fe109b50c258b3a43cef6fdf531fb5f6,355
354,feea5c20748a89af6e53226b2f66012a,355
354,ffe535651d2f213222ed3629cd8f5e47,355
355,3ea1b67f29233dce9559fbb4a4c749f0,2
355,bd333f97e7a8497109ddcb0c2ececf6b,2
356,d7aa3e0789726005366692889f8001fa,3
356,f4edbca703242388f73826f9472ab8a3,3
356,fd2beefd78832dfaf7f5d6f5de2ff2b1,3
357,82abfe015d737e467397510f3d4d06fe,3
357,b4ac1d48a92ac09be5827be1dced858f,3
357,c07949ef43f86d160a023ba089dcac48,3
358,a35040741e3a62e62be8af1d8644b463,3
358,b14e424f64281065a17ae5cdc58b2652,3
358,d3e6743684453c31253ea42b6dc8a39a,3
359,4730b646c623eb6d2a5e5b3926c30889,2
359,4e27898d8cf531ef6d11ec56a736acbf,2
360,20e5f09aa689c19be8098135db6f219b,2
360,61efb230b071137efad6bcc256492713,2
361,10e7c45832a2c7274ad65f13e9fc769a,2
361,13b582dc233c64c016598728f0a247fd,2
362,a9f8a6ae7d0ca78a694f1af3ad1a0373,2
362,ec9ae380cf2225d3f369f164823b1536,2
363,1625792eed5fece6693158ce62e7dd36,5
363,1bced4ec7f7f42b1c45e69fca83aba77,5
363,1c2bac841390fafda775d000732d1561,5
363,e42d6181f97952a64ca469e2b39ab28b,5
363,f3e93deb67cfa101f3ed522bf2980a00,5
364,4ed097fdc636be8719d41c02298302d6,2
364,c286c28928d69cf37a0083518226e8fd,2
365,4ab74dd7b7bb4db34ed9350910ea30a8,2
365,f97f3137dd22fd2f83ebac08f95cc524,2
366,196a36efbe606ddbd2f83282a1b2fc57,2
366,24015af9d796b2d03f91b1ea613c1325,2
367,0a63256e3fc5418960d57e15eac59bc1,2
367,d77e4c022635eb85e82589eaeb2f6baf,2
368,09e521051211794e1c274477740f7c68,2
368,48dbfc7003c1d5a1b8bcc3cedfa6724e,2
369,58bfa38eaccb9ae752d7f170d26dc343,2
369,bca15554a352cf020d565d4288979134,2
370,03089dace114aeb8926dd24e8c23e437,16
370,1a5390a64e76f0bd0b3d0130870239ae,16
370,1cf763750cffdea979c4cc92f97c90fc,16
370,26f7c8659535722c93ec161a13ddb0f0,16
370,3bc4a85ee4982c68c0e7720228f58183,16
370,4408be24a1147cd9a798d4afe95f15c4,16
370,4f98bd1e19f279db228dd1db5e372f11,16
370,59130e4ee5af7c1101459d8cd0c97bbf,16
370,81bce4561689675f999893b6f307103e,16
370,890e48b624b7b5048a49deea51b32833,16
370,b192821bb850b9ef5eea6104317ffe97,16
370,b46bfb500c6542ccca62a10de1923563,16
370,b67ec6501f5605d1ff26d54c7d27d100,16
370,b905fe961510b19e5fbb35e381379316,16
370,bfacc9643498b64315db925333255eee,16
370,e0d03913840096efb1189d4797b96973,16
371,3317890f4519c5b578805945d628b955,2
371,822defd949ac5c776309b51d5d17549d,2
372,189857d3a0a47fada7cbaaab37834fcc,2
372,7d1765d30b9bd6c230378746d897e77c,2
373,13ecf08060eab08dc12519972e28b6ee,2
373,a90aac4b2138d62fb90ff5fdeef07d65,2
374,526c0c28bd62c2ac1af9697d260e7c00,2
374,a9a62acf82aa60005d83476ce95158ac,2
375,2a0d5a8bbf0262a1d1f56f5a6a7c307a,2
375,4522dcbd7d24f4f2519ec2a3a27ada23,2
376,70f412b8dd6719bef8d518360ebb4f4c,2
376,b001148c6e8b945450f5bbb4f892e582,2
377,14543d695e362bb7880f6096ab9a6c41,2
377,93bd5de705e712bffd402a7bd9f565cc,2
378,011c3adf691643bfbd5ab3e09f53bee2,2
378,7d33f33700d50344489fff1011fcb9ec,2
379,410ce9242a2822876bb8e59ce1db77a3,3
379,c66523b4e04a52f9df782bc14983515d,3
379,e27700e30f339d5f458259a0381c0592,3
380,0250708aa919b325dd38f83a497f1352,2
380,a0d3e2ba39f701b4b722137e614bc416,2
381,a2eb0cc2f2213429003c584267f4f78c,2
381,c9d3bb11b6802af566f14b86ed8e93c6,2
382,0e730eeb57e21bf96740be68681dd763,2
382,611829b232ba0299040be63fd0ed7feb,2
383,68f376fda6dd1a0c47327629954a33a7,3
383,8421691cc2e0248a7915e4f294323e43,3
383,9263134fc3d44f2b1ae077010300c826,3
384,37f3aa014bff25d56406986db4b34c18,2
384,ab3bcb2f2845be58771a6a9a020a4bdd,2
385,173ad0dffde65ab11d3a9154cb32e828,2
385,f7aa3146f497c060168bcb14c199cf95,2
386,12578aa6d5b70638d86e1bf54ea1b12d,2
386,6fe876fc8f8213fcc8b99fc4a80eba9b,2
387,131fb80476631856f4fcb9d5cfae9ab1,2
387,e9154e774dbf50c8fe4340f39778a6a3,2
388,3a837e8ee385877abc8e82d75b77f905,2
388,e8747b18657fa43c6d286f4d9c8c9007,2
389,4a69e53272bdc8a3512f924f670104e3,2
389,bd397991b0d079e26cb54f09a0f8e180,2
390,137ee6ab672a3c2743255875b10eb659,2
390,c3b501698ea0e4778d70d3bb1eb67ee5,2
391,080aac4e48e75d5c50b603eaa5fe1aa8,16
391,0e77e35e66cc7014f36563a3718a4721,16
391,1b6a4e80060ff00e7b9ee0a376bd548b,16
391,3c13eb4b39904d4e9ed757ab6b58678e,16
391,4693430b338d7b4279d280018d2c31dc,16
391,46debb830c63aaa9c76042f460447d9e,16
391,78802862e8f978d67c89c110337331f6,16
391,8206a4fffd8cc431b92fed0dbd354172,16
391,b23c979fffdd0fbf609580f87f158738,16
391,b3000c85d046d50641e11a0c84935e81,16
391,b32435c39c8cc17dc4d0e57ecd8985e6,16
391,b374ab7f70160f2d5b154f8794e5a703,16
391,b9cfcbca417c2c3844f6d1444d722d39,16
391,c46f8679aeb9aa147c2f63737217c228,16
391,c5e38ad53a52ca34e571c12357b9de42,16
391,d3c56511739933153b4616b08586655f,16
392,94be654da22862fa41f5da19bccf24fe,2
392,cfebad6eea7a3e3a547e77404b629bf6,2
393,bb10b397048263b69c443ea763703640,2
393,d6944f1089ef4bb0a7bb2d221f0108cb,2
394,6abb774f1c23d9265855d643aec3f1fe,2
394,a97c53c1630dbfa6dd0466c81d749d08,2
395,0e6f170edc765962d772e22e4912dc77,3
395,4ff0979b6994dcdaee686003c9e2169f,3
395,6864bd8f75d6ffd4de1d5bc260b6a9b9,3
396,203bca65f5e8e063631b1b82cda1765e,2
396,a03937f44ee69996e6b3e1cc42eb533c,2
397,2139d0455ed7d2d2e6f7067800af150c,2
397,a461d76f028d5adfb067981bb76fb9b9,2
398,228b1b237e839625a6e560be597f6f8c,2
398,c6c80f4f079fa8013bd36539a3e25858,2
399,905f86b2c75818f19408acb0933cbdcb,3
399,e2d3f9f24ba2338c5409833c04bfa572,3
399,e70e40346ff9f1105c1608e1317ed44c,3
400,3a643817f5e8d6a58be03d54ca9a744d,2
400,b89949a15a7c077078521cf6f7988e3c,2
401,40259f1d16d0c787a97519b60027445c,4
401,71162e3b4109ef5c48955367f9729f1f,4
401,739f964bfd30825f91a1f8a93d6e7d9f,4
401,c7f30ad989f28ee416c053745f482406,4
402,64fbdbb0d0bbcc531245ade29fba4ce0,4
402,9646387265e053d2983df7a5cdf7e654,4
402,ee40267c89b34e1599eb98cc0b62c19d,4
402,faefecf5ba6cebdf60e53313812a4dbf,4
403,1c8eea3d4396a0b575a17e7d0922f6b9,2
403,508a99648ad0f1163ce85e7a92360086,2
404,594812da3c2cad90b42282e8e5dff5ee,3
404,7df2f5ca35c5241e83ebf162e43dc249,3
404,b78fd0e23b74acd96ccf519d9731d337,3
405,5a6605e7e674d42cbbe32a4d69c3fee6,2
405,5d9c5d798c971de1660c68957a995850,2
406,0fcd7a91371036f2a835052cac000177,4
406,9ef6b90bf382c3c6ee039e5505108947,4
406,c1f704de2a6f16b74c961952114e3e6f,4
406,ffb94249d7f35cf9c3a87dd510369cc3,4
407,1369dc3bf699bf67246baa73f59a00d8,6
407,202628446531877e638c5763708a8dcb,6
407,32917df7cd68f5e7169f4b4efde496e2,6
407,4872f5edb529bb71ca9ca8be9406b4e2,6
407,5f6b673f305acdcbce4b9725707e886c,6
407,7cdacac814432157de0edc5820102640,6
408,86e0b0fb810d1f93f9f3c6623fbd99f1,2
408,dbcfe0a7241ac91c4e9a5370869809e8,2
409,ba0adc79eb01831d3ae873a057ba08fb,2
409,e5a7a9cd87570e5d18a4fd47e6da0ee5,2
410,0ea30e4e24faf3017bcf03045973cab1,2
410,dd66035d9087bdb071df6c25f9e821e7,2
411,11cfdd2ca14357b865ce6185a0beb331,6
411,2965e757073f1128f8821897477ce2ad,6
411,7c64be01003f3f3560e415e7a756e5f8,6
411,9728c41a8109db5dcccb42d4dbcc1cd4,6
411,ab3a8671211ba800c56a7308d7355cfd,6
411,b3a8ed76cca1ae38fbe0b698293873da,6
412,54abfeec7c8d3428de5373d2489f87b4,2
412,f4ab1cdff663b6d8fee953d176b03956,2
413,6626e9a2c929522a6f06cb6491707957,4
413,730a460a18e538629a3ea4b15f1c5e99,4
413,acc0979010121210f70234b73d14e134,4
413,dc3043df9cbcbd44dfa6eb16259b6a6d,4
414,0f0272f96608041f56996b020198757e,3
414,771efe54933ecedf00e44da49d1060f7,3
414,f1941b1c79054beb08e548507ad4b47d,3
415,075a932a7c5a10e205abace072ee5aaf,12
415,1e66a7a951a611550d60db1bf428cf0a,12
415,3227b489bb4bdef6703bb62a3ed30ff4,12
415,3bb35acdc728834db853b44990eeb168,12
415,5055ff0e3d0795cbb250ba3ac18c66c4,12
415,5a17e1f4104175832649f0e428846eff,12
415,7c5dae67ef8e54f3f9e6ff4fa2005dc1,12
415,e017a9001bc606ddc393e8be1febc810,12
415,e1d52eb12375623ad86ffcbf39fa7a6d,12
415,e72618fc468b4a86b1df08a653e885f4,12
415,f5a7b89db1c6f0bdc6111a8d2a1a1224,12
415,fd7a0ab5ecb9aee9ef9d6b05e4950632,12
416,280300b36a82992381e1411326757c94,2
416,b131bd6cee64a990c7829a82f43450aa,2
417,193dc21b04ac4986b030e78d13148ba3,4
417,45983498f310dbf6a5ef52663532b4dd,4
417,b9917e6044829bf8fb11ed303a85b131,4
417,fa6f28dde56b5de48d8c2cf1aebad5b9,4
418,2e5663f23eaa9519c5adcf114ecde396,2
418,822b1aaf75a89a216152078204d5cff7,2
419,a9702bcb3e66da96aaee5621a51b2ee7,2
419,d4d2e8dbfe8ab73957d82bdcf2ce90ff,2
420,2cca697705d2d4d9ed4e60bf6c21ba8e,3
420,50109589da1ad7863e108ef3534f6dc9,3
420,83c7faeddc19d0a8bbb010ab9d774718,3
421,4b628aa031fca5c830f95b2c1347a969,4
421,8d777bfeaf1655381a15a62113587f54,4
421,8f3259ed06c519525e55136f222e2f89,4
421,b750c9487327e1ce414b08d10f5097e4,4
422,0436dbfde05398ac7b902c9efac60a65,2
422,79baa117fc5c8bc2a239bf40552d4a34,2
423,4def8ad41477221af00172e913b52ec6,2
423,681bf0ff370684027bf725373f2715a5,2
424,3cc9742ddb5db0621bc0dfeba54c2698,2
424,f822d640f00d248f3695aee6fff78454,2
425,cdeaff827440ae20ee7379904be63e6f,2
425,d2dbd1df4bd67f5652b162a47d686f46,2
426,97a6a6eee16d708639114d943eabbcf7,3
426,aa24ca4b8f181d2e5e240a0b8a33a718,3
426,d2447b8451ea72bfc5e0ac95732c5754,3
427,06ab7690e34b04140a449dbb22c3899b,8
427,3c4a8da2491765e9afe78a5bfe3115d8,8
427,3fd3b86f28c45280450846b4843cc392,8
427,4207c6144cc66412813a18a8efa6524d,8
427,4786b052cccefc85578a944ec0e11754,8
427,786db100297aa15c3dc3ac125b48e92f,8
427,daeebabd940db340031db9750f479766,8
427,dddcad2b79d401dbaeab9fe6f2282a62,8
428,2f639b6da650b381edd6bfe4a10ce524,3
428,34a7448f04f00e03479dd204e8cdea02,3
428,f433aa8f15f03590b460e2380d39d08e,3
429,6696f9c9272ed5ca412368bf69a85336,2
429,a11ae452809b7f9877b4109adf4c9608,2
430,198ee04ab29561ec07a5aa0c03548fc8,3
430,2a0bd4cf4c907310d60a8c19a11a925e,3
430,985a49265a29afa6af0bc584c15f2327,3
431,07880d1d4d5757326e80b4e831638fde,3
431,70b7fb3f8d9312acd50e682334e92cc2,3
431,feb2fd753037a96eb66fc8efffda5230,3
432,3076493218ba15250c61aeea55ef41e1,2
432,4f79ca520679df4d825c3231c001c2bc,2
433,3f9e3a1f31d5690369ca5c878bf4a1e8,2
433,e0318d1a20aa6b0f4aa6368d9a3e1d6c,2
434,6136ea4d6adee1de57dd168e43e74aca,4
434,7f492acc2e4c4622e78b2f06bc68623a,4
434,9fe92e4bea579f521cf0bbe4a1193671,4
434,f349454b68febdb808420b2d001a1921,4
435,dd7faafcdc1e10e01f1f634ec071eedb,2
435,f1a7fb647e34fe40284b8ca5b0ed516e,2
436,74e1f7e0ea9bf827588781a3aa1ec142,2
436,8f497a510ab8f28b75fcc1d880826bed,2
437,4373425048474984e2b46a5a687db51d,3
437,886aa9499d98aa44c6883a0fb32f40b8,3
437,fc289cf293420849ddae6960c2a615de,3
438,0baf910308d38d5ae8023f7300bdaf30,2
438,dba9df93630b6e7cb0b54f28562cc801,2
439,64a4e7eb061fd1671f308af4785c5ffc,2
439,a979d9903e2e5e7416184b01f8974d47,2
440,15df3221b8b10bb99b0933ec13231405,8
440,29b71394ecd5b0cb2dd732da991fda61,8
440,395f1e25973e8c7e2051b0cf77ddd70a,8
440,41d92ba576455c403331fb5a293174ca,8
440,551b9cf8f2fd15d3befbd43a84e658d7,8
440,8b5103566f0696338ab1729994e2496b,8
440,92d62b7d3939d9b8dba34fc3485407a1,8
440,d964e33eeff203b3e93f54eca93296ab,8
441,9f780b5ae42d261a11cf8ea8e374ca97,5
441,9fc033c86036222bfbe7781ee8181b39,5
441,a061e30eaed46dac54dfd9ef89eca074,5
441,c2f8e48a867d35c74f6e1e87a66f4000,5
441,d47c0e46c8364960c2cb3de9bb37e3a6,5
442,0d66db3b85be061cc8e56e499119b3d9,3
442,80c48feafa7ef267d046df362aa23482,3
442,81003c8b426f7422ce4995f2b2c2705f,3
443,6aafcced66318eaeaba61daf281ebbb6,3
443,6c04d81986e2e67603646a80c81ea1d4,3
443,b3874525798c6314ed6799db15614185,3
444,30bac271f7982b032a12e11e8a8ec6a8,2
444,4de1608880097b3fd3d517a1245a8226,2
445,3b57436e74333d2c95237d64f1993c14,2
445,502ed1b69981303ecaad3e08e5799821,2
446,5fc9cd2fbc63f131a1996a88ab083a9b,3
446,9865c23e14a359ea5772b28c02054f31,3
446,a6cdb13aba898c5a95aa8012eca25710,3
447,385185f9c2175726e829687445eeff0c,4
447,4a5ccc33faf64671ebb310150f4259f4,4
447,4b73449752cc20dc2d3e179fa430d103,4
447,7bfe758e8c3521c77e47c15b69649a39,4
448,2154eb78b14182d9e14e34c78e5c0902,3
448,5a213ef2a3df704d3c45178e96e70ab5,3
448,70aa16dad0a7729ff9195998fcb8eea0,3
449,57323f06e211d51e273ca2e4148d36ee,2
449,ee295d0951e3a4e1d392fc7c8bed2d83,2
450,065f66a2679f7935bfcb3dc250483e6a,2
450,bd6e114f208e102a99f6a0b85313da03,2
451,cdacb6331d3685ccc84f7115b4ea0c2b,3
451,e4a77df375c6dfa91f14ce2212a91d2a,3
451,e74e2c51bac4b99744ab0b7122724a9c,3
452,da760aadfc25963787ca4dfcff1419cc,2
452,da82b0b9665687c20359a33bdde502b3,2
453,19795ab21f7ed943e3139581a1d4780c,2
453,ffab1629642c473a210b500c7870a41f,2
454,1138895e02f6b9058e2da2ffeebcbf07,5
454,295084ccdebccdaea867440a9479a7f0,5
454,81df4892fd9617b27fa4d5e31f5e642e,5
454,dd36ddc1e152e677ed16de65da4bfb45,5
454,feca1bbee8ba935b94d9ce7d2cf3977f,5
455,01985367300db95f63317a1d59ff93f8,9
455,1f20f24a30db05c39379a2e32d51b3be,9
455,2d94994f2553a1c57c25aa8815c23dfb,9
455,6d212c0d30e9969e6032140d7447bf14,9
455,8631fa7a82c06feb76c05087f24dbbc8,9
455,9a4091a7f18149cdd9b32f507009817f,9
455,bb6d6cdef45a5f269831168aca202c7b,9
455,c6cd58bb6ac9d01cb29e9b6764d6e99b,9
455,d9311fe06f44e6a9dd9598d8e2285835,9
456,3c44e8f0b6d578e8d3ecc43044646e0b,3
456,67deb0a1ce3b37be99e949113463da85,3
456,9ece95c0ecbb996bd07d3d3753057831,3
457,228f2921f4a11e9c8b406dd12e68ad41,10
457,3d7b5a7a116c1b13820716288ddf821d,10
457,49b6284f862db692aae6b297307d3a91,10
457,6f6c990e32d6c1f1201f5e2c21f53e98,10
457,76db251505e89df3cca2a6435b018551,10
457,856f848402ce59ecf0785c965b9eaab2,10
457,a6d2ce0ff7447ff9207cf281485eb704,10
457,f06bbb4831b13e944157985d3826ce00,10
457,f9d251b6e2baeae1c3f69237280cc464,10
457,fb6ffcdd81da6e8086bd6e1b366a990b,10
458,10f4a9d5f1cfef3d6737b8262bb74737,2
458,5b927f91dbb55cec800067bf767dbf58,2
459,146973ef44b19396ed2fab69c5ea5b87,4
459,94714989f61d1cc2837a57a6af1ce670,4
459,d91b980e5c1ff5ceeb8de222f8cceb1f,4
459,e39a9816d6fcb3974848e1ba2606926b,4
460,78b349b7181a2b500577f329613bbdf5,2
460,d48e744a57b1503448c19ccb8f931a39,2
461,1d5d088153fa9c58fc69c507ed3c344f,3
461,2fd28f26d8a2cb6c3387ae09d34a6927,3
461,3e5e25be6f69c0b9ae9977928bd1d606,3
462,25a483d332590e452e4ef8c72e046047,4
462,9e63d16afaf537c20080115cae849256,4
462,d3a64c9a4a543c0ee0b1d640db8d56a6,4
462,f94b2ef996f2f084a03d133f89a91c18,4
463,b4ec90aae2bfd5ad5b63e926d57a44d9,2
463,ee77a280d0e3340bca7c4ad234a3dc51,2
464,18d5982139dcc86c8f4b1445c9336cab,4
464,2cc7cc4abdc451a9f60671a68eb07f11,4
464,410bdc9ee70bb9d2ee6909269e430887,4
464,82d003b373aa4adcaa2ef724cea6a500,4
465,331a992a7fe449bb09c7c1e47bcd4f8b,2
465,ef10268e5cc8643919601c378977f5db,2
466,1a215813348566005dfe78e3687fe5d5,2
466,3f2a4b653af0ea847b866b3d85f57cb4,2
467,a6f236c4ba0da7180ed40bbf2761db6b,2
467,bf9e77952b3083e1dce956a58eb00d7a,2
468,18af58d9c139c3c8233ba09002f15a69,11
468,2e39b4f338865759d887195378d3d1ae,11
468,39345eafeb0e25f7e06ff96e109c1445,11
468,567a9a1e1d2e9caebe26019e4c8c3a59,11
468,84bc1bba8fb25e15c1f8cf84f819ad3a,11
468,8a0253b3065c6c27e30f200cb205b026,11
468,a897511005a91b06494f7353aa5be8cb,11
468,ac146db4fc36ca76c6d67fe81f11c44f,11
468,bf90d60e5f67185147f878537a5ea893,11
468,d4efff86ebb2d631615d729aed3ace96,11
468,d8a0fec825032a406513f949773dc0d3,11
469,04dd11ffad6d71204ef1a706fec77b51,9
469,67aac82fb0ff0603a55c1785507ea302,9
469,71e243497df1f810218ac3bd365bf6b2,9
469,7a05984dbc51990edce1b39ab02f2901,9
469,9f6027164824f4f55f5d9afa4a22cacb,9
469,a156357fb3b0bbd26f0f3a68446c00b5,9
469,b1ae9201079d8e4fba283402fa541b00,9
469,b5f61f258f7c57229c988e0ba11ba73d,9
469,b7b216cb369cd8937d208cbfcebbc6d4,9
470,026e229c41a276766d58d2d0ee3f977f,3
470,7726f7684a95b8455887411f2b195f5c,3
470,c9a804c4005703f1d8b3317c2a40c859,3
471,a4a7e9b5aac6c71a7839ceecdee07cbe,2
471,f52a3a1006df17629384a613136a8089,2
472,64f278558c01f8ac20cd727a8fc68d5a,2
472,98f337f5da74c5d15a4f334aae69a581,2
473,a7717c2d7f0a1c7a0a34c752f87cb848,2
473,ec67e816fa1cb54c7fad113a7b4d4b69,2
474,9947b0bd8c5924d97969016af3c31cbd,2
474,c8d4a4a17dc29431f79ba40f42c11774,2
475,1f2d17608fe981d1c75feff0a6fa950f,4
475,366219e483d345aca79c380a1c1bf12b,4
475,5f8d6b9a7ba8c571b3cd55746331becb,4
475,896ebabc707b6bd3c92ee5260ea5fb27,4
476,9ab6fc896a89b4e1a95654be39d8dc2f,2
476,a84f4da62d12a5730f9946eab8a3015d,2
477,74bf86e39dbabd807668de64aa2bff1d,2
477,ff14d065d55c601eac6ecb6faa4f4fda,2
478,872fff529307839d96e7f7b1cde82c81,2
478,a76b1e95deaff100f472a985f1feda8d,2
479,183a1ee3a0c5c6de79ea1146d5c90e04,2
479,a3eda9c5bd282806c0c2faa852f624c9,2
480,5afef2cc38ac834aba29d68c72043dc1,3
480,80764f55460f9ecd3fe970ff029f3560,3
480,98fe3eaa509ed010bf115aeec4585c7e,3
481,be3357db40d9e93456468ec9ff6b040c,2
481,ecfd2725de24d5c5e15b567b630dfec1,2
482,2a95f3d28ffc111573bb15d01fefc55b,2
482,e0f0e0eb17eeccb80f6006005c95f244,2
483,47f928e4c510572f8d741e75151dda1f,2
483,d06cf750904b83ea25da1c82e1714b3c,2
484,1bcf8a63324e44f4a97196462cb7d703,7
484,3e913d1e39cc34407366c6871181d98b,7
484,62278cc693deb4f3f90fe5c47fc4ba48,7
484,7780ee0b536dc68f132b0f21232eb5fa,7
484,bd517908f72ccb1deec295bd70b84898,7
484,c57fd4711b2a4b4afce8dc744bb7a4e3,7
484,d270fd54847af44ecbc38b8439e7ac60,7
485,89ffc2ccbba036fdfa589954c1267cad,2
485,94ddef112c47ffc368e8ec64b32b16c7,2
486,9db4d980023a35d2370c45394f15038a,2
486,f676f93d37e896a8883a247529935552,2
487,272bc8cd5ce92b1e486d5d73f3c1b6b0,2
487,db8e37ae5bd6516693229209af2a3142,2
488,1c708c1d5bfdd7fabef71a37ebe313eb,2
488,49d30e5ec901b27e004f3c8c8f151afd,2
489,48d99e0396833a29d7d5a0649dd667ac,4
489,66c3bd82afa4568596767564b58e7b22,4
489,7b191d6469fabb059b17bf4e7cd1ac17,4
489,a093cb10a2dfb498bb0ea076d91c644c,4
490,43737ef3530581d3d2d2e1d6e9565ed9,3
490,443bc408a3dc13936608e77305f04b2f,3
490,944f3eae93aaa32bf5da7f7af2baa50d,3
491,3d8e5e30ce163b3adc85b38f04cceda4,2
491,961482232e51025c80d0f1572d6c0eaa,2
492,38f73c750446f23fa50fa5b5efded8a2,2
492,6e1f4bc23a5f7bf900df4d25b1109ac9,2
493,966b36383f0975906889ed80d0e1fc10,2
493,b542b435e7cfcf6720db462095817934,2
494,5383d9838d32a6dbc059cff0841422ca,2
494,65e98f79c0eacb12aa6ae314be3c358d,2
495,53d2da51dc3702268b676ee6eaea7c62,2
495,ab3e03a36f4112b9c2330176154b506d,2
496,05b1f87326ecf51534c44e7d99cfa9e7,2
496,d6aa01be4dc3b9c255ff13f1c75e5149,2
497,340866eaf613b78f8adc09d71d056ca2,6
497,72a7b25fd1a4958cb37c9bb43b0de863,6
497,bff1995f759cc36ec4a27f30a7fe7b26,6
497,d94e55b69357aa05cfad3d093ec49b62,6
497,ece56a17b13a36a56dbd24889dad731b,6
497,fec1ce0676487aad6a36f886d981abe0,6
498,46f4429b08762d44e39bd7eaa929925a,2
498,6c1d848fd983c490385baeb2fd36373f,2
499,2aecae2555dd1a84931143cd5774f38b,2
499,559ce28edf2ec67e74ce86c0a202291b,2
500,030e5e8dfe44e9c12a4bf9274d853159,7
500,2ea140cbcbb8b8a78943465526e6a17b,7
500,33aa88cadd81d5da43dae505b466cc33,7
500,8d6f7c291e8a310aad3080e35177631c,7
500,9041c8b53032be402624a70ab2588e01,7
500,cb8ce96c2471ad2fe47208c1066bff41,7
500,cf0f87a3dd5625aac2da5cefd2c805f2,7
501,79df9ea4d76446a38178a1f0189f6aa0,2
501,80a827a3b5dc3148d98193ac49c29d63,2
502,8e7467ea1c6bc66f07bc530b32f8b338,3
502,ecffb1b1a33bf6340cb2bbad4222e764,3
502,fbd94e193a55d2642dc9ffe01da07a0d,3
503,1955d85280ada8102b42925447f38f18,2
503,e02006f5f2eb62cd85dbb5ed8e6aa1b4,2
504,56921079e7320c9422283289ff37e630,3
504,b7cfa80c2724d47b340502125b34b25b,3
504,e0712aebf0e0ec124f2f571943d17e7f,3
505,11014a9fc3733cd8a65051952c775bd5,2
505,a7d02ef9cb621d2f00437a931c6710f3,2
506,6c62c84adf44a2b7ed0b9db45a0a9a00,2
506,a751c56f069352a1f19286085078c973,2
507,1d16a1c36065024fe50eef8ecbcad0bb,3
507,21d5d8054244ba2041ba0c24254784a1,3
507,236fa69625f701fae1a63200ca3c28c4,3
508,13b219294fa071195fa46a0b34d5ed75,2
508,318fea94039fd1f43838b5998c20535b,2
509,297fc34284606328952d9a8e0707acd9,5
509,9cf1d6a8e968952f450e3395ca29e16d,5
509,b7eda78914e3c631088a5318b90923b4,5
509,c717d8875913cea85b4b426b091a9634,5
509,e4a46302cbc8f4a355a16e1f531abc62,5
510,855cb84c4b7206da5daf3021f535fe08,2
510,a9dd3a0661c6ed5487279126f9c5c145,2
511,409a84d19bcf339e80f09af9d662e8f0,3
511,7abdd613ebd6a3ce8c384d3613ad9559,3
511,7c913a370a20b9d01a31307c10b49cb0,3
512,1c928ca255514f53eb243fdbac749497,2
512,95e089f181996e44079228344d50006d,2
513,5b63a347686c381a7755ab22f09fa8bb,2
513,d1e2db9bee220f9e20052a3fd619cc72,2
514,2708cd75354707c17f8196e4502d5130,7
514,3fc75282b4af4eecc42b4bc7aa2466a4,7
514,5b977356477de36725d77a9c9fcf0255,7
514,6f575d81d407ae6fe53d1f61ff1a262d,7
514,80179e9d89a9808a728881ecdde5b386,7
514,b75248e3378b4a24fac68aec5dd98538,7
514,c21b18218a088008d31b629c6de8d9d1,7
515,1f101b8a4f27cca24328b512117e0d29,14
515,220af6bf1d0ceb673c0f9b621f43876b,14
515,2c6c85edb60fab3b417862a8791efd8d,14
515,4758287bd413394d186e93de8a8db766,14
515,48b1a79a80f7bc36cb9472fdbd03788a,14
515,608cf4a2ca26b33ff598190714bc1d95,14
515,618f613972a9404be4bb23a3609553c6,14
515,6383a644cf8bc239372327f6c941c038,14
515,9e15ce7a865f965468765414062f3f60,14
515,c6cf59be302eb14518d4ea681ffe84c2,14
515,ca7ba50bf763f25c3ce45fb18e5d1b3d,14
515,d4e1cf71878de3eb7b69a34458aaf48d,14
515,e928e2b156c507704513e4aeed1b7741,14
515,ff3fc865ca0d438018f8b85cee91246f,14
516,2916ad52d6c7b6e601c2b1cb7faabfac,2
516,77e8c287175bddb180302cb17b3bf571,2
517,1aa3234c7788f791d5bb00e71f75c964,5
517,93c331163fb30a25a438b82a8d5c49ff,5
517,c475045e331ba97f9b4c9fab1d5d6e76,5
517,e62683a8a130f1b7b58937ea798e7eb4,5
517,f963d22d197da3c981ed7e2fa3a5ce6b,5
518,293b293e2f93ba2748ce3b253bd2cb30,3
518,63fbd942381337589439d3553885e24e,3
518,e36ce9ac5c855940989cec2f3c980edb,3
519,8bd0a83ea08e435f6e72917ec3753059,2
519,e88627ef74d473f8282ddcfd1f59b846,2
520,1f41834e0ade2d83384d65a33636ba13,2
520,4a0645888bf7bffe7fc97b4446102526,2
521,43b0f8ae67664dc279c1571be15edd8a,2
521,708b5d5dc990955ea9cc5743c0d85174,2
522,0e277ddbc2d8ab48be260883b8476f79,13
522,28d9229e2ff243f368e356b9e266dcc4,13
522,4e5bc798202bf88024d5a8524e186c81,13
522,6c427e2dbb0f25967c6f1cd47b0b07f3,13
522,9075d1cbbb3cfcad80e4fd2b9f68ec35,13
522,99d278341c120005bf662839dfb04edb,13
522,9f414c3b1e920339c4d4157af3b5aca6,13
522,a2470f6ef74941a06f7f91f47952dcb7,13
522,bcb40c75c241d44382cafeab4751fa6f,13
522,db79113269c182790ce9c11beba6622d,13
522,f23bebbdcb3ead5144783d3bad1f6cf4,13
522,f23c5f27a7041422b54844302fcbb70c,13
522,ff2eb3b6ced8c70fc1478b7bad437351,13
523,0408da8fc3ef5eb5ab1fee751049ba00,10
523,1c0b88b9c9a55a9cab2d7fc29cb173b9,10
523,7ac33bf9403df5ee8d72f41d50e0efc4,10
523,8ba9e69fca5cd10e46b8f287a42c5fe6,10
523,93307239ad5cd3bd338e61241720be84,10
523,94d5ba4c63977dd2f5b7e6d96e3ceadd,10
523,9522aedd2ba41ade0053700e51a9f07a,10
523,aab645d619894dad04c5fbed862181a1,10
523,b3a51d3caac008f2624df400a27e114d,10
523,c4b076dbd1510626c1b317253fb46701,10
524,6093ecb8af6f75aedd6f78032314cf03,2
524,8047ea7fef7eb2e258601fe5a7d429d3,2
525,1058ab79d50239a085a194b18feda676,2
525,e40905f094fdf5cde97067d6ba7b0473,2
526,02b151a312f67158fd697b02dc5af252,2
526,c446f4410fb73bd6b363979a80b275a8,2
527,12ded4c0be11bd56443c71e50aab139f,2
527,4b52325b845135336260f4fa0f7b51a9,2
528,754e1facc9f99c380183617457d90e6a,2
528,8cf659a384d9ea85480606d6eed144ab,2
529,36e4e317c2f0f73c8773b59d52cd1b95,2
529,9f9ca06628223d1f25e39660d99354f5,2
530,7d289ed0d359c27dbd97fc2601a88db7,2
530,f786383b7d885749377d89672cb542c2,2
531,a60137052635832af5bdb5b803c11f23,2
531,fe27d145ba147e26834c54c919e57a05,2
532,b8acca709f2d1c572b6f63930f054e0a,3
532,de7ed1dc57d6b5e45f394b6284a4028f,3
532,f49ae446823d6f28913962c4353f84ce,3
533,23d3ad4870ab430f279c52b4d59a45f1,3
533,443f3d87bf73393ef1ab3fc5c88c93cd,3
533,585f031adaf24464d850f6f636ecfc5f,3
534,5dec9f041783e315bee5dd9d560d293e,4
534,80e510ea4c51d77fd1f3a196b71b7c04,4
534,919310b4371293cf0778c84457c3868e,4
534,f1873a2aca35b797be78f1e5e0047ce5,4
535,b65aac148eed8788a1151a1fd2356641,2
535,e3ac46afc61277497572600017d6b6bf,2
536,530ee4b812e69781e4bcfed392195f19,5
536,537c2f3da5fce5ad4c8e92a619a234cb,5
536,6677481748a8ccf7868f41ef2694586c,5
536,920bf7278fae992f3494a8e781a718d8,5
536,b8a5bdc378d2f25d90c42df932bd600a,5
537,ba6e2d90392720da59f14e1dc867bcb9,2
537,d3a4c192eaca4176effa75938d6a1e1f,2
538,80b73e2ead3fc0854e8368852aca7b28,3
538,e47ea47745d3717cc9576e5d327da2cf,3
538,ebfbc92fe066db6e26fa4b7f3ce1a6fa,3
539,34dc9086b16b5ee5ab982412e5313a42,2
539,6b9f5e21f9399c8d3982cc0f017749d6,2
540,11799e5c81a64e741aa878cbdc74d56d,2
540,bf236ad64d8f263be387b080bdf0df71,2
541,023ff92222af3fffc76969c91659dcbd,4
541,421b4f24370c6272181117a1edf6fc9b,4
541,9a8c07f833b7b4a36aaeb7feb3adeffa,4
541,a3973f94934685405eb1ebb6eeb3e45f,4
542,97f1c89c52f22e13fbc973280cb70d7f,2
542,f3e3e9f152fa59a84aa35b137f5d36be,2
543,451201420d19d374db1c8b17d82b7314,2
543,479e106ae33fc738e477a0ae40b87c6b,2
544,6d78a1c43841792822442bd7900c32a0,2
544,7a98c6d0bfcd9e4c84e18771755a078e,2
545,4325e48a51892d4a5eb7a55f6a128456,2
545,f1c20d1c9786ca7ab529a3328397b2d4,2
546,d7a69ebc36ca5c7a37ce6cfb8767fdaa,2
546,eff5bc75b3091654b3e788d345a3238f,2
547,36a81b79bbedc8aab3c5f0fe9b018c91,2
547,464dd5ce45cabfd80e5007f4719700ee,2
548,2246da650dab8c21384aef06601d77d7,2
548,c5aed35a6b33100e22d3e674fa5b25ac,2
549,7bf717c723032dae086344aed2b07719,2
549,dbdb34405ff21339aa771387b895644c,2
550,6da2bd185186504937e09c9c3f301063,2
550,c852f550f66c76e2c1f6cef45ef096a8,2
551,1f473e3e698aed02a9f7b4b228fad416,6
551,3c2be0dd12b6213d05c1015798b115ef,6
551,79fc103c9c6e8b32a33cd80916d14fe4,6
551,7adcbe9eceab4b938f12cc82a198b9fc,6
551,b1c5cb3e24c9e94a46627c28a5944bc2,6
551,c6b6308b4094123208d0e2e3e9c3102a,6
552,531ac122cb15731efe710bea22f8f886,3
552,79dd13687d629216a8d9f7ad75652880,3
552,9b56434f5724806f31303e56911ab7cf,3
553,5e043956ce55c005d68e5b14b3f402d7,2
553,8561da93ea8a1a364d1b8a3afbb9273c,2
554,12fb35f1afc5b132d8f47b47f2dc2801,2
554,a52edaa081c92b51867a3aa3884ed72b,2
555,180f19b6d68a89f8116fe58354f832f6,3
555,657359e930bd00e4a2eef5bdac2f7fc7,3
555,dae838fb1e33f1f8ade5919d26a398de,3
556,9d3bb70d6cff2a38d145e6b738534888,1
557,993c92a22c865ae2e0fa279100edc140,2
557,a1e1ca875f9984b5448ab81d153e74fa,2
558,286da8d26c529bfdb49c8c0e86286a19,2
558,ca1f55fe0777fb9be6a67ddd014f3806,2
559,0ab600b21a163f7c535957abd61d9d5f,2
559,471472c2e342ff08bccb59ce6528c22f,2
560,7c87736e531efd6209d6fa8dd9d234fc,2
560,9a213a5414d5d81ef253a991e66af497,2
561,3944084f34a99d666075844a513c01c8,3
561,5287e5dbf9f22414a4123f6f7f27f4b8,3
561,b7936e7c3343c41972d7d1a808d2a902,3
562,b896f542176348c856d01d4248b9439c,2
562,fa5146e1132a7ecd9f2e495459f8bb0c,2
563,a16eb188b7e94d6b45b779227bd8a673,2
563,d0728a5e4b83a643df15f896e1757dd5,2
564,63b61071d9b8dbb02d10e48544832fbe,2
564,8e9e2ca9ee0d36d7b787072b56e6aa1b,2
565,31c823e1dbe8b41120799a7b8dff1d4a,3
565,741cefb91bef1942a92f0b26d0154662,3
565,ba53a20904b5cb2c9d8a97884d7bd4d3,3
566,1f7f239b8784f8dbbc10e9b8e24458f3,2
566,ad51a9c8ff12157287677ed6c45c3f99,2
567,3664e76c789cf99df4ff7fb8bf13c1d2,3
567,555a2acfc9183c6eb35101ced9c0d484,3
567,8484b0d50b4306c28935449a5dcbaedf,3
568,224f9aee3c282f80dc1bf015e3753481,2
568,4f8d9a6616427d677e100898b4e0bf36,2
569,cb6ab4a4f568e4dd43ca1f9fa8896f30,2
569,fe14b4d60b2303a6932fa0576f90dcdc,2
570,0c4a714adb49ff1f6deefab4c8bbb55f,2
570,23930502e0cb2af468a676c5cf7559e1,2
571,33daea29ecc6ff3205cd4990ab5d9637,5
571,48a65586c26178516058b2630f2ae51f,5
571,8a0c1ca32a296ddc125adb9028462eef,5
571,d64248a33cc779715657aff3c2db1131,5
571,f8824cdaceb01c4905ac4d9ba77c53a9,5
572,7047c5e07e1fb9009507de09954e5322,2
572,dbb2d81c564c428ec02ca3598a89020a,2
573,cee5be094c2ab28f5d14db500cc5660c,2
573,f80b0436225877932da3206e3da19d03,2
574,106969a1df7422d160a3655d9c33fb42,2
574,833826090b8db5e3af2e6293150e8f1d,2
575,92c605cf38b2fa4031a924c63bd86461,2
575,946926d38cf9aaa3c1beed52c3cf0b0c,2
576,0c58783a1138491c01096ee07d655736,2
576,14618c705bafdfd003af162412e65ef4,2
577,071369aa5bfb43428dee8aec706cf8cb,3
577,1c64fc9673c4fe8ac2ef4965ecb5d9f7,3
577,2437cb3e372bab28e1417c316b338018,3
578,5141028a0109ac964a54e170c1373992,3
578,d5710f938443c67f64fe8c804a905c95,3
578,f9a5531757626d921868f49268e81272,3
579,b6820dd5e1e8742b6761d9a68ccd395f,3
579,e97d0d3bc7960763674d964367a09112,3
579,eee6c5cae52f7e9be98e6a80b9ef0ea0,3
580,007a6e1c1772bca8fa8d95e581524aca,2
580,fe66cdcdb2383d0d34e6f3cd8dcdb9eb,2
581,b3b81f9e3119bda8df0bdbaf33912bf5,2
581,cf09686a746f81e25dffc9f535834483,2
582,510a41b424e7815ece805fdc70f863dc,2
582,fa8dda159605d0c1eb6f0755c84d9065,2
583,276b3eb6efd3b471b0476623db919d03,4
583,38c5f40bf6ef52a300aa33fa94f48db3,4
583,551d6ed8518d730525e1f2b25a8447f2,4
583,5b0d7d00f687fdcf9d4fbf8423fa4594,4
584,825edbdc707b51573725e62658f2b56b,1
585,188725069e5b9dee26f3f118c900e9f3,2
585,2fbb112b649bdb126ac283df1edf4172,2
586,2131fc7437a55e7baf7d62568503450c,2
586,30f6b52a61b3969592badc5c91f776d0,2
587,2addf42d87a9823f6ebe3c3a49663b30,2
587,cbff507411eae42e4d16b85542049e5e,2
588,2d3e01c864b6ed20f9f48df0c0852733,2
588,af26db63e94ca16c91c41a386290e6f3,2
589,6ac2242b11f7b270c0355c73946e9677,2
589,c5565190fbc1241de00830d291b2ea05,2
590,2ff9e1444d02fb381f5f020a0a66ba03,2
590,e0bb2a3fcc9409d6f60b6173087fc829,2
591,10501099179887713cffc3c1a6ce684a,5
591,8f18516928906703977f4c3ff4cdbd17,5
591,a12af31af0562580c65f18d1052dafe6,5
591,a231222f1aa2cd48d7b75487f1fdb2a5,5
591,ad465892074eeef15d3eb1ac8c6afdda,5
592,5343655bbc6aacaa67620e6ca73a52f3,3
592,7a4d937f3d6d3a0ba6ebc4f30bc6b2d8,3
592,e291055363ec77c10d5a57d05be6e746,3
593,0ca708a2b6e9314e3b748e6e303225f9,3
593,28c63b243b6df7cc99e18398e9fdb6b1,3
593,8cf7d7065fca81c68ff898dcfd2f74a3,3
594,0680391011ccf395ed60c75717acc5f0,2
594,f1a7bb1a7af7a5ac3f12f8b5e7559aa8,2
595,2558837883318c6a767d1514d3e66800,3
595,840ed6344d6f2e8751512fb5fd413bba,3
595,995062d04355362defdbbd724697431a,3
596,2f3e2359e7a4e1a0de897b1e7a9ea8cb,2
596,6aed8e742ec6a38fb8e0f0fac331d67c,2
597,36a17b19f7e816525a0708f061bda9a5,2
597,3782eb66838fc76991c40c46b21cc560,2
598,66f12260d162236563eb9e41b8c86296,2
598,b5286f28227a5204304e6aa7c2fde5a5,2
599,1f31997c413b7ebd79382c398635aa90,2
599,bb95bf8565ac41124b27691b7c510789,2
600,05268286396b7a719cac4ee43f9d759e,18
600,1bfaa4160c52b9034b91c3e99bbfc737,18
600,1eeb7a4942b9249cd52b8735c7f40b53,18
600,2856f923ec50cadf45ebf99e6f127012,18
600,2c8a4a55073704fa5f5015563c93166b,18
600,5b74237df0d036f1cd596f5293d83de8,18
600,64b72469ffc1a8a488588052db5dea14,18
600,65cabe8497fe5cba1c7298314d783d5b,18
600,87a4eaede123655f8ee1ea2822c578d1,18
600,9f70c40a82bd8a63d9befa12bd8e62c3,18
600,a160826610f128eb4f410f640be79e56,18
600,adb0800c695ad5af0d09fa9c7b035a8b,18
600,ae9e6784deebdcf8f0ccdf2d0ce5b9f6,18
600,cba387cb102e4f8d3946358ffcc5835d,18
600,d534bfb8b32068222fe7c09127ae8020,18
600,f6aa241f69a2322848576508537fda73,18
600,f7aacd6ca3aa561cb8955d8279f5f4b9,18
600,f9cb8fb3b67a3951b32cceefb834d083,18
601,986457776d4a339fdffac91cc3e42b08,2
601,b75bb141ec12327e123d1c69eb4aab4a,2
602,af374c4fe384b49f22af92112cb13988,2
602,d0eb6a18403566d4335d5140e1873099,2
603,cf77230e1a3ed00824037a9f634883e9,2
603,dbe9e5dfee5ac80b04bc0f0bfedc92dd,2
604,03a1eecabac2c7872030e7048e7b7d7b,4
604,7aa4f71dd9cb0bd79819f8fb50f797fd,4
604,7bc1989c101c27940a9ed09aa49761eb,4
604,dcbb050c878777f4a4a81414b3a1eff6,4
605,3c4ab458483b25f31456cd58880efacd,2
605,b5a0f20e4bda1e78948dbea09c300282,2
606,a0259e78b933be5da95a06408adfe8ef,2
606,f611c811a4b349f1b715d0abf1321195,2
607,bf563110e98473f66e73fdb1e099e893,2
607,dc92a09bc7793341eee32ca28a86935d,2
608,ac32eac6e12ba394ed45729ba2559850,2
608,fa10d3bb6a9055c7cadf86babdc4a80d,2
609,8c7cf64beda042ca00cf36c5ce92d022,2
609,f5f23dd03afa179be12fa874a4e9955f,2
610,88bdd14911abb857242b1e6c606ec9c7,2
610,faaeb5744a3672f625846184d8103db0,2
611,1ed5581d4cef11dd6ce60a1ac223845e,2
611,600e322d1e504230259ce62982082cf7,2
612,07f935fd1d38f30ab135554e5af76944,2
612,338383e552c50b0daa453e64caebfffd,2
613,2b23bb9dd1dd65b523d85603ce185c59,2
613,c1133db95f113168eab73fd2565cf737,2
614,1864420ea29d2fc98faab16e1bd6e94f,2
614,eebfd463b76c696a991a806eac5c6497,2
615,c511a6660d9b0bbe29764573e5974a8c,2
615,ede0e2a95d6378196ea3d198bd2f97c1,2
616,38af182115ad0a1f700035eb08043795,2
616,5393b03b1d3edf5b5b503ae170592560,2
617,131efbb1b2069259ebc2e7fc6ccc1719,2
617,4fba01a8771de1e1d3b5930def7c6f5e,2
618,420c5e1cfd82ddbc61649a951e9531c0,2
618,a3b1218c24f559237a19aeddbd0cf5f0,2
619,01a49bc464ec4778c6572192c89241dd,2
619,58bd06fe26eb3e774df105014308f984,2
620,2d36938621fc7f9a1e891477e47ab9ce,2
620,414f6d34e44aca14504a46e5ec7e4563,2
621,4163d3d5ce8f439ec4a972ef087c1635,2
621,f59fb81ad03af7fc4a9e85ba5d7e20ca,2
622,29ba3368091c566193c70bccc79a4fbf,2
622,9489e13155cfad6888f3b295d1ebcd5d,2
623,00f587db74d44ab0691e4396daadedcc,43
623,064dd25f75fc83f7e53252b76b9058c1,43
623,0cd64353a2a8bf2fa3241e265ae72c4a,43
623,146227e55b77cf99493ff5aeada8d1f1,43
623,19cc2255059cc6d991f32ee8da99a333,43
623,20b20844de42214c9ae59351928850cc,43
623,248a02efbf0bef8a1219bfb0dbd581a6,43
623,276dc370b5d95d0ab71a9de185a6bfcf,43
623,2b2813478269fa5e72830931d9de4bcd,43
623,2dcbc581d57c762ed5312da529bb982f,43
623,2df8995d6c777c4090b3fd47b4e39831,43
623,33fe91c7f9acec8d906f548c1ce72475,43
623,401be20f934d230f0e12dc15626920c3,43
623,41391d11d968c292ca082d772057b2b9,43
623,48e2bcb869131eee93709c9cb610e049,43
623,4cad35744372b6d8089edc8ed4fd2068,43
623,4de9778c94582f7ab271b43db69c2719,43
623,506033aa068bb9162b367d07c7da5455,43
623,5487f70f9eff41dc6fdbf893c6922929,43
623,568d7dd2136cad97fc62b46f35fb5928,43
623,6934b1616e52a7d071d01bce4b111341,43
623,6f0b4267befd3655a76f0e9e4ea7fa2e,43
623,729a921b03e7a742778c9c910fc9c3c7,43
623,7b8f377f5e891e6d65e1af46bcc1b402,43
623,7d8cd61c806cc3c7028f859f8c477ce9,43
623,7f1a86a117731582946823b81f09c78b,43
623,8ab67fc4d00e49d46b996a2aa60049fe,43
623,8d1ac0a63fb1f45e3d37f399fbbb3ae0,43
623,932aadc3648c4d3ee7c9b5af95e0fad2,43
623,9909113adb4379bc803173b20a428782,43
623,9dd293832cf90017585f631f22f262fb,43
623,a27662875b22856e7180f6e16e2907d4,43
623,a54135a197d6a3912c5831cb6e743149,43
623,a66a69779de5ee096f91a8e95617630d,43
623,ac7d03bc75585d5a8e5338c053cdd15b,43
623,ae6f62ddd72c36c0c364b27d3bd7d125,43
623,b3c3d68e2999c000942662a21477e345,43
623,bd6e6c665d6c25ff7e19bd48db7ceeb2,43
623,c594b88b4ff64a93a94f601d7a2f8bbc,43
623,d30dcbadcab2596c99fed94b1b0cc3e1,43
623,e05faac5cafeff4fe4a0d216e2adac28,43
623,ed65a5259ebcdf88297d8427fdb83bfc,43
623,efba8f8d182081e9134534abceb8f675,43
624,8a80a023eafa787962dcfaeb040f745b,2
624,f2e1503eebca4bf41b24f5a6dad5eb6b,2
625,01bd247b9cb95579a48c42173dc37247,9
625,0548443ab12a68829e5fcfa22c968f8c,9
625,0f30b5c2068c37839f3ec814944e0899,9
625,2ec4ca0c286c1938545faeaf02454a02,9
625,3a965cdbb002edc947edfcf27352793a,9
625,46b62b63e4d72e5b9f4a90a04cff96f3,9
625,cd546185154a441364c10afcf7216990,9
625,e028542044ca5ee5f07429a02ea209fe,9
625,f99e75d51abeb18cd4636fd864673b51,9
626,6819821d2ae8ac99c5059233e2e387d5,2
626,e5f69b31d2d533882198c02009d0acd9,2
627,5e0ce2b2f53dc910aa824cf752edd8c8,2
627,c87e258c04e0c6e4063f9474e67b26c1,2
628,caf1494d7c5469cc1eba882b48a4a039,2
628,f0ed676d1c0e9a4baf596e1cf399d74d,2
629,05781d691b28965179c7ffaedb569836,4
629,0f656b7d453520f390ac72b077ac9003,4
629,4d71f3303115a162cf3fb60223714473,4
629,6ceffe96f6623f6e248a223a5c2c269c,4
630,3abf160d346e55f0bee7a4499b0e1b85,2
630,dd9d5c4b9c95a1977af727c018da7c6a,2
631,9edf34227e386970f0ca58ced090bb7b,2
631,b0801dbaf8ef41737a593e664d67c379,2
632,1ce0812b9ff92f3775542a7d3a9c5a07,3
632,4f4eeac791e7724584ca95931e1ae54f,3
632,e9136314cae5c479f7b038fabe9f64dc,3
633,531af8ce301915e30b49e99e7ddc318e,2
633,e247b9c81c5870a5afa1465e254f2f51,2
634,16db860d6cada6518c115d6236ba40cb,2
634,b77f27f7c3b36835b84b2d2fa4804ab1,2
635,12a66f104b75a43e9718ce2ef7f51c05,2
635,1b76d5ea3f8ed39cb43d535f1ca3024d,2
636,0233bf7f42c6e5ae031d68269ef47ce9,3
636,38eeb4a078d0da412eb3ac6087a1537d,3
636,b23cc67802666b1307130b8828dcc6df,3
637,452fce308c6d2c744aff737ecbea7d9b,2
637,cfe884cd8925c160410eb09cdf892d1c,2
638,659e5132dfe9674f329319410daba872,2
638,87ce7d618a3ba44e765c97718e1805c2,2
639,420f11c08aa58b90745906a2cf5e86aa,2
639,6eabc744ab32c64398cef2a898621abc,2
640,56eaa5db98d63e943a78e35dd749e000,2
640,5b0e5d997f673293a62fcbe34694e3c5,2
641,0b518ce7de4199773b945683f272119e,3
641,6316257a0a23d7a09be976f01b927364,3
641,f8093c47fd9ce3898cf5f937ae98c56a,3
642,1c760a3bd0c4828ad1b896df57337fd2,2
642,686939a9d20a61221b19305e0c4b22b0,2
643,998951559c8820042512ec96d34098d5,2
643,c3428354a9e3d0e9c1c10896e9edb1ec,2
644,2949f1588d77016901ffdb2fd4c55126,2
644,9255a153d54e760b59faa35ed9071936,2
645,90fb0a227160e23b2d7cf273f57a409c,2
645,c6de9dd3866126d18d433fd5c794d740,2
646,8baa41696dbf546af2a7e7c8f3f28b8f,2
646,f158f323b621f88eaefb8d729523c531,2
647,42ab683d8e8ca3b314d931539c050302,3
647,e7e8a07dfff7a23e11be66998eac7b56,3
647,ed37a9cd0c03b3e2e23859ff0552965f,3
648,55f1c04cb3bfc6aea9eec9e84ac0d7d1,2
648,65d8d124176c897470ef39c2715dcbc1,2
649,0119eff7633a1d4282118efe2fa0b017,10
649,1e84dc0f599c60b211eaee400e59649a,10
649,2002e80efa9fcc3d419f1e7439633b7a,10
649,4ab91e013bb8e43721661265a5f26876,10
649,6df45efaf7162a8048012bb8a3e89f2b,10
649,900c2a5c0f66b2a19fafb5fe53bfa04b,10
649,b2959c1e4aeeaf0e2ef10c044d832d72,10
649,c964ceab99f0e6769806b84d35b5aa12,10
649,f3710d84c6dfe78a789deae694bd1e9e,10
649,f718e9f711e47583b4ed44ace15397ed,10
650,2822f21d76ed2574f8b9a52f742f4ec2,2
650,4edd4c70634ba9d2557efd50c541daae,2
651,63a2fe16dadb727c5a6b63b5398b43b7,4
651,6f817a98cde2ccf02125e1d9191f74b3,4
651,76407ee6b6936685729c1e2c7c2d623c,4
651,dd8f3c969b44e3b1819a7fb148199d02,4
652,153576a227a6ff8a32ffeb3560b72f82,4
652,3f6c7d38d81cc783159e469a98ee64eb,4
652,7ae4bb601f5e30ed6c6e3f5edf9e2912,4
652,81b828ceaf2ee764ade2521ca1db0530,4
653,0b202b3db2446726aabd1db45db4dfb4,7
653,48b3f7b911519d340a74ee84f1214c0b,7
653,75b9175c82d24b202dd89a8bc7b0a8c4,7
653,8c6039c1108da771e83b1dd9976f3608,7
653,9a6fe4cf8ee903e5872e5f33ac3c41e6,7
653,a882c841368be29f8ebd10bd7dc85ed2,7
653,b3b36a4a92a507bb497dc29528d3201d,7
654,4a01829f8b60578c60d5337288793fcc,2
654,4d1b88d04d8d560f5ecfe4e606534b70,2
655,2fe68e016eecb52ebbfcef850a301c8e,2
655,946eaddefbcd69f7d205707583bcb039,2
656,4bb33ccad16c3373c9520330ec40909b,2
656,955ed813522bfeed37a93c99be5174de,2
657,742c0d1a1d3035f45a411c910a88fb23,2
657,bf6145cd8811b6417f83d4d7d25c1c73,2
658,1dc21ae8b3d58b510f3fb4d78c3f2bf2,4
658,56711e1b722b2788bfe122a438854e12,4
658,91a79578e74a5ee4868ff0afe9ab4b49,4
658,996bfc446e057348ed190c2f213085b7,4
659,0b6dcce2bc288681776791a30a29af78,2
659,75a381e11c3aac2f9e7a9ddf4ad11c34,2
660,040ccaf6bd42b6791d7c478cb9419afa,2
660,d05cec2eb298631099f86f95f1d500a5,2
661,321f717e1023e0402a92925915b61813,2
661,6836aa7fcdf1816101234ecde19bb2c2,2
662,09953c2b9b70a0bfd5671916c2b0e5e2,2
662,625aca134bd524fa34631ee1976e6da7,2
663,17fd1f195f17df5077b60c1bb670f169,4
663,38aa6f3dcef2ba971d26c96da07e4e0e,4
663,5296176a20ea81673cbc47dcc7d1584c,4
663,5f86fa4f01bd8685683e58dd86cc8f8f,4
664,1e9070cedabc53d2e45185e8baae1830,2
664,d1c45a9a9abd81ba3fc9d5250a989976,2
665,0e4076cb99262b596e85a3cd243fbec0,9
665,0ffceda81300712417534a61a3902495,9
665,2d5d25c03ceaffc54684426e890501a5,9
665,4e6550a298799803a58b72bf09e30143,9
665,7b5b2e4066381ddbdfd256ac49109edb,9
665,7d4330193bf8bd8acb36e359e98aec48,9
665,895986af97345e7067b077d663188ef8,9
665,af6d4ee396a4369ff518acd362f9e346,9
665,db1cf910009b6e23d2b9e40ee71a135c,9
666,37e98807a2d3b9885e76e042f5357343,4
666,4d8b0b772cf7cdbab5cc392da66ddc6d,4
666,66ed21ba5836ed8e12c4eb1944984bcc,4
666,b08ab93da47c66ee85a1e64f330c414f,4
667,29d0877ff63c363a181a67093034b4c2,2
667,2f611ff7408658723ddd2ae7235e90a6,2
668,4c8b8e92ab3aa4b88235b9e13f510083,2
668,d2d6672c70fb9130d2c99fb3c46931b8,2
669,08010ff2c51cb7dc16f1e1f3eb4fcb9b,5
669,2841e78e696b24eb338b9eb98dc43f61,5
669,595264026a855ed200ad0e3ce7f03a25,5
669,83c780d148aa2e37bb3d432e3cc66ec8,5
669,e37765886052c5aacb9d118572a0098b,5
670,0b3bfa5c5372018457eeccd1f6643b39,6
670,42fd8bbc326af3fc5dc4b33a1152b7a6,6
670,44091014ac0b649f75661d0a30584bec,6
670,5659d850e294a9e2203b24458856a442,6
670,8ef47211d429c90c96f387b598184af0,6
670,997d422dff2b023b3d83c618c41bb5cf,6
671,02c01f2468cc1eaee0777279014e4c4f,6
671,3d231b9b4a7f7ecf0b8ebcbb79394e80,6
671,937c18aca07484468ee7f99297459057,6
671,9cb673b1a044c7f75922646d988690ae,6
671,b12d1e8ebbecb654477d41ed517689bf,6
671,b2bad501f368a14705bb7312dfed8c3e,6
672,15d5f9b3eb2df80c720217c8c5f63388,3
672,248bd6e5686dcc1050204f20ec3e6687,3
672,847e831ab6c7906b9976fed856a8bded,3
673,079c540acbef0e0f34059e7ccf79ab4d,4
673,148fa35b9fd09e65f3ba987842ddc997,4
673,6ad9416129b98c635d57da8389a82080,4
673,c2053c60f9ff8dff6ee4917cac579c43,4
674,a28b030543485438a3d331bfbe0cfd67,3
674,a361da498ddc1cc84f3bb5c03f722355,3
674,fa59f45b3c95f4b3fd0027c0514b97b1,3
675,019072c87deb08fd31aead1a5820cd4e,19
675,1874d04965cb06f216c021b790b43ba8,19
675,1987cdb86eb69d62fa2c5522d4c065b3,19
675,24bc83fa9404cc2713a0ef51cacb2279,19
675,41891f6ad8b3a85f8273beda3d29c2c6,19
675,56014da055e3dcb886b61c4f76d62c2d,19
675,5a9700d470cb32896b3be960cd6cc5bc,19
675,5d50c269e29a6699a5eb190f605d1220,19
675,63b0ecf3a4103521f3fd50206bdecacb,19
675,752424bf44aa868c6589e37cf2ed1e3a,19
675,75aae03d09a921ba157006dd0b16310e,19
675,84c45a71b83b550acc444f41bedc62d3,19
675,9901f4755f1a5243c964849045d0bdc7,19
675,aaae7a7f70066143d50e9c6a4a4a9cfd,19
675,ad999ee7df648e78a172cd108c9b6b8b,19
675,be0718b8be64533d732274d0ee2f21ba,19
675,deced0987baaf024bf721895125c72c2,19
675,f62a7583d3feddd4a43e616f74cf29c5,19
675,fe0bac08f92aef9b78691fc7780dbedd,19
676,9480dd7eaaa793e1d08a1bf75b0c71c6,2
676,e5f80bef644c90c460a41af3d3d06e15,2
677,06935b2d1be5b56e812e2c029854aef9,4
677,3111522765ae5f4f315ba58145d5c8d3,4
677,591874f6bdf60469c09aae1d63e96abe,4
677,e2619ecda78c451c565654482e271ce8,4
678,3edbb4da1de98ca68dbca7e4c61ad4d3,5
678,76b49466ded5dfa4444b7d20ae7516c8,5
678,907dda3b6615e92967144fdfe33eeea7,5
678,a93c636946e66bdfa166b6af03587a37,5
678,c62ca5989ecef34ba4cf67a97c807d19,5
679,9172fdc05f0309f28a33416744d90be7,2
679,b6f652371d634257ac430bbb1a609715,2
680,28b65503a32a525528d3a53c91be0814,2
680,c81d4b170897b5d84487b937b459ed47,2
681,ac172caa789263b7f8925e66af88e2ac,2
681,f331fd5b4af5d0753b59136f8f4aa823,2
682,25f66c53589a6d360851ac03bea182d2,2
682,4ec63951cf2e4f48793df6492c25986a,2
683,2811e6a6d51bc683c797e3a62019fb3c,2
683,f5b2aaac840ccb7f8e778dc428d8ffd8,2
684,a1a99c37c836e259de135f531f2d5a3f,2
684,fb7a122a7fdd8267b728872b355a9f89,2
685,4ce9d94b4796a67ac38d75357968b64d,4
685,75060994db1d88f6f71d9aa4e02ec775,4
685,7b1094954983e2021457d9b8a85e6f44,4
685,c92424624e08757fa3de37aa37b09820,4
686,52e341dcb6183004645b71a4f9753bd7,2
686,9bbc67768d2de88978a8577e97d4061c,2
687,1d86bdd7c82c1bd1e234030951f50705,6
687,448dce42ac221c79964045e5ddb6de1b,6
687,9832743b07546376a7b3b3ca29d741e1,6
687,9ac6fb5d5e07aae453ef0d906240b342,6
687,e140dc8969f0fae98bec56ad90aaa58a,6
687,f5d3b20f4c86904a60ac85e8fc3b5726,6
688,49f8b2ba7347428f8eeca271f09ce535,9
688,5084a71523b18325431198d02177bae7,9
688,7f2d45ff5d23886e5f8bae4074c7cf04,9
688,a27e4d0736fc5ead32e51fabeae22f44,9
688,a59c5114ce0ba8f3bdcb8e55983db04c,9
688,a80fdc615ccd1dea4b233a8fea48156e,9
688,ade4b64bc44dda65d8af5809d77bb1a3,9
688,c853529608ae5b46ee339896985967db,9
688,fe9d0334234177d0db0ef92a13a0a594,9
689,2acef82d01811396b2d9c1bb80b9bc8e,4
689,301f2e5750276f3502ee7718bc6d88ef,4
689,5acd69c9730dc4f8188406d0d8c708db,4
689,67f1d80c78449951632c64ea2e7db18c,4
690,1f1f6a66ad07e4a4663c2a2b195ac7b2,3
690,286c87248346ea941d1fafc090c7acf3,3
690,f1e4d9e011d5d21b6aab40b82e2ae233,3
691,bf7414ce2b3c64039d6e2e736e7755b2,2
691,ea9bb77dbe235e0d176acd2dfc9fef1f,2
692,0304a5440fd2565a1f0a6ca7ed5d9f41,2
692,5c634fe17031177bad2e2c2a9019d1d3,2
693,199648d9ecd15c9f8821b80e1dcadf27,2
693,b29ea059120dfd8f94a574830cc3465b,2
694,16afd48304ea5661e8b6f8c3254c51ed,2
694,45ecad969830e28a38c5ba3cf6bcecbe,2
695,2b572bf8b8d025575429df5567eb6eec,6
695,61bb3b4991d03d26a93658924d20c1ff,6
695,b3d79fcf73eaaab9769bcd3f838f0959,6
695,cb859e50f5095c1ef24c475986fc7810,6
695,de6c2ad4c36fedf0d32814aff20325ba,6
695,f5b6e41102ef0b490cd60e29a5d55cc9,6
696,001b82c2b1a71979e3576e74398a34f5,2
696,7acd5d462ce8a6dce8495e159e383935,2
697,af9272414b76a5108f8dfcc3a7da6d9b,3
697,d4a81823da65aeba6e0fecc0cfc2f526,3
697,df8b51e42539035e15f7aa5a815bfb7e,3
698,508ed51cc0251c86d52c6d20e3674bd5,4
698,6554356b5eec887261f6ad4c92f9c22b,4
698,6de417cf690666b1e018ca5607b92455,4
698,c783fe4120bc26886476bf81cbd51431,4
699,9523327302a38ef1dacfaca66c0516f6,4
699,b2b14a2de2743eaf06f628fddf0008b7,4
699,cd6c6d0cf46e337fa8e83cdf6a635721,4
699,fb687bd50ce27f2a3ee33f39ef41ffae,4
700,5eda1a28bb186a2dc62940dd82c6cbbf,2
700,df20a75dd82602569ad453799ae4775b,2
701,012e7374bbc7d12a7144522ac855c85a,2
701,32bcb0b6509c6ae101b128c533c91fe6,2
702,4e2d5a2519e753874d16ea8e52e00eec,2
702,c8dcab8d56d975b2c7bec0bdadb62032,2
703,002bc73c2ac9f581489d5cff521fa4c4,23
703,00fb8e52e5b0a62bd151874989421378,23
703,078d8b600ccd254568cfae60dd2102f3,23
703,12a5fbec86e9ac12267ca22efe61ee6a,23
703,13b09306c7c11dfa751982c4de04d3d6,23
703,16f26b1e1458d622cd6e52a51f704cf6,23
703,1ec9aacc91a419677e9df53d00e9489f,23
703,1f479b0fbed5f18708032b39e64bebaf,23
703,2c051d4b1d2719c9ca84de994a80cda5,23
703,365599be9b767a49fbb6c849e37e9c76,23
703,3d16594278505b2225952fe70c93caaf,23
703,448b36c283d1d9c3fd9e07f9fb5ebeeb,23
703,631eda01d48a8da5033902b78bc18cd7,23
703,7352d982d66f42dfb72e359bd614ff86,23
703,9dba21701271f2923c75a481fbe9718a,23
703,a23db80243b09fcecbf53e805cd84588,23
703,a27127e026068d4fd4de2e5725f87e5b,23
703,b071f07acc09b5a5b86427fcffa8dc58,23
703,c74c907afde63199e1834574cabe8403,23
703,ed443b9bb3dc1f219596b07cec53827d,23
703,ef00e7cee769d7519c418792805de9de,23
703,f844682e467dc7ce7334a3e3cf902147,23
703,f9bf60d70a6dcb2025bd095e621981cb,23
704,456bfff98d6d787d0c2d119c40e310c8,3
704,7eed53a57a595400793661f48f22b0b7,3
704,c28957e4cf55a19e07c4632af2491976,3
705,9f607b56b4b8b51cb3af4c78d4837875,2
705,c3a55b0f3e61b2291a62b28401e19260,2
706,12cfdd107db6bba477ad0e1e171b10ff,3
706,57f0995971befe2099b5e1fe4112b212,3
706,85afd25db88615dbbce03d9a08f7f627,3
707,48538d5cdfe9680f969f747d761913f3,3
707,727cc93da71ad32058b3247dae0458da,3
707,e00876516de6a59671f64d1357e7b043,3
708,965c1b8f7909d3f70bcf483eab708530,2
708,f122f1cdbd74fd8b35865246d8453d19,2
709,1ced5cc8e7815ece512fe2f9dcad3775,2
709,caac86243d80f379d918a2f884ce494a,2
710,60b83ff3e33ddde34de9943ab8855daf,2
710,877c02794256f3c2446072cdffa69605,2
711,d6dc2d64084bc94b286ebbc44f499033,2
711,e8254bb87e474a81662dabc6281e5715,2
712,1dbd4b25ef46b0c99b66d37165390b6c,2
712,8355757274672e674602c1f4e74b9963,2
713,15966338e557dd936859c32673058b49,2
713,2ece3179e9d0ba853850ff82a92c83b2,2
714,445e9b401cc25fc215c1ecf92cf2dd53,2
714,46c5bd82345e955e8e8c4dc1a25dab69,2
715,587fe9d316a5e3487132cebce15f0c66,3
715,879870d67152954dd18571f8e78bbacb,3
715,929d5b293fd712488b8380fbb2a2c242,3
716,0a1f9b3bf09b23fad896c61c36001d1a,14
716,139c431f3c005fdee5b805228edb0500,14
716,1e2621ca0b8362bfe8587fe6b78cecb7,14
716,293c4dcdb1b49afc0b336071af38f6ad,14
716,2981f55079a7cfca0f7cb0867676f2fc,14
716,302c5ef380d44b12179f68cb1e5b13e4,14
716,39c891a474dee6b84bd6dd0b9e48b15b,14
716,3b63019f5e6d7f69e05b3a2879d5760e,14
716,42ab544077cb438db2209cf284ff2c1d,14
716,4c433c787ec8e5a6f4f80df143bf8cd9,14
716,8303571ba00115dd87097a0f45fb8b4e,14
716,9e1f101c49f086e68827deedc68ca9e1,14
716,cc1276d65f7026358e7b66ef63f03c92,14
716,dd835e2337d5d73e438b1d734c0f642b,14
717,003a81147bcd3148d9cb14dc6f699a72,4
717,30de623c9b9643d22b753a8cc371d69e,4
717,6fae3f1d97963d6df6602d3aea9b71d4,4
717,ed34fa3bf84d5a056d3c2ce85ed3092b,4
718,31b050c01dd7f89d9d37339f2310454f,4
718,4dc3b6e64dea12240ceb11f7870a6baf,4
718,dbe736e78fed3b0f4703c4ce05472b7e,4
718,e04e373916bae8696c80716433d40926,4
719,18229948016e5ec6748f5e2d9686d9b0,2
719,fd4e0a293bd1c439086f869070d817cc,2
720,00696a50e9619aa527d13ae2ecf7f1a8,2
720,886c1bdd66825554d829eaf40e17a478,2
721,27c5361528dd6b261af23bc659432869,2
721,7fc0d97bd14357a098fee1810c03241d,2
722,3c6893b7c713673f9a0b41e52b02b26c,2
722,ec62e82836e71d7c0d22693c14d08177,2
723,18bda080113b5bc9fc8c4c6fec7ca486,4
723,3f9a8b380cb7f76cd09240be4a80fae8,4
723,4369088f1acfd16bdcef526aa3cf47d6,4
723,55f4021d6aaac479d3d8026aef34b493,4
724,c8a3375b265401140f16472f7c98d4f4,2
724,eaaf26c4076c325307dfb4df0a29a0e9,2
725,1dafea7628d2d0efc0a5198e4b7a2c35,2
725,312043cbfe1f66df3863639267c84397,2
726,314c46f90481a3bb6b5cd842fc1441ce,3
726,385a6ba35c7f2434f7ba97b50867ac2a,3
726,afdc3eae10e0ef227f118954eb4a52b5,3
727,37ca1db246a1d3a2169fba547f7403f8,3
727,6ba7d1fde7290ec7703ab5750a435b43,3
727,a37c33d3e6d4806f781de37457550432,3
728,2b162db0d386bb90810e9090d93f3014,7
728,5ea8a36cf52fe8b518d29287136452aa,7
728,7a8ed277b1aa6d57d9303c234a3b9f19,7
728,a7f28eacce8846c69c7c34c454fa5da0,7
728,df6137e86d1e25f3d6969ba936328438,7
728,ef79b83617cdebc96b6609029b31012f,7
728,f4caa5ffdb5eb7547645da9d151d4de3,7
729,0c8fa9cdd09afbf75dc3e4bbf8cbb87f,3
729,6b3157cad695d5d2480b9af1488c156c,3
729,ae8162fddae65c3b075193abfe2c083d,3
730,21b14e561f6b25d5760cced93d81827d,2
730,7a5a5a33d28b23fc261bda872515c7c9,2
731,560254a6bc84d4562301388a40aa0bfb,2
731,b6e67898824aa73e0d3f86692bf6aa18,2
732,52a2ff7ae0e55b1da8fb1763e4e80750,2
732,5a10b367d14c076fcb7eed72a1f0350f,2
733,641a82ea981247e929fa110a4419dd54,2
733,c93cab75d818c88c25f8e54484a26392,2
734,471f718cdec6fe48a01c547267ba3c3b,4
734,aa5925e29ecc3a9cf3fd1493e9dd720b,4
734,c7f14669130fa1399d5e137e324fabde,4
734,ffcd4959f41e78068c37985406b57dcd,4
735,460ef34c59915b28b8ea26004bf6d7df,3
735,c5828c5b7cb570cf6e4b8ca3e601372f,3
735,d40d8ae885d7f47026db363fc334346a,3
736,441352b7257019c8087e5162d3f1744f,2
736,5c1948ea16524705e671c7d60b86d258,2
737,52f5cf6eb3b2c3f613dd054738e7dadd,2
737,f37addecb3fab4b032f01e3b7a60f51b,2
738,442d9ebf2a1d16770f2fa89cb1eb1293,2
738,94106a08b1e011caf7acf84f0b4f18f9,2
739,8c5b048827346bd84d7ade53eb483e04,2
739,d2f5f0db26a1c5066c7bfe02fdacee55,2
740,9706b385ac2cc5112f6ba89e4d2af1e1,2
740,b901294de845e474ec8728ed7b5ca050,2
741,01572624ac924ea999811520a5bb9033,14
741,035c34885260029e291316a0fb3fe9c0,14
741,038bdfce4da2615e074809eeb7ba3986,14
741,04b96b70f238d795bb1d3cea1757c42d,14
741,1b882f1e617eadce2ff7e7886049567a,14
741,1c35833ac9159d30d25ba77c8e9a0707,14
741,51d2308d22c19c9bdfd14955a94b26b9,14
741,59e59954a57a5b41503aec13f9c5c6cb,14
741,81a43cfea79231e3dcdb71806ae10033,14
741,a3ffb6e77f2117e149cff28ceeeec790,14
741,b84cbc200eb6abc0cabf018e558b9601,14
741,cfef14c3adba5a82ba5f53e88758ba93,14
741,ebfb6ab76176d5f51416251f57d556cf,14
741,fe7358e3470ed8c0ab87ae510c6a327b,14
742,59fefabc9e5bf826d0fbae6781ef4b47,3
742,9a8d2ad50bf29c026278acb29f6ac4ba,3
742,c63e0737c4874efbb4734fb2885e0db9,3
743,02aa7721bff34e2023302aee71f39de6,7
743,47bdae3669f66039b28f56839f746eea,7
743,60932ae6bfb8e44c6f7e17189a2cbc18,7
743,a6d8b70a4d2e1deb7b7a636a806bea35,7
743,b936948fad56a759145717bdf7b35ef6,7
743,d0334cb16c19f7f337ccc9406ff3d116,7
743,db6c656eadf7c55cdbfe924b937422df,7
744,0c609408c28e5c351638e28f39d6dbf0,5
744,117ef6c7dbcd465fa166c941200adaf9,5
744,25eeb3d357ed5a41b1691f6b12970675,5
744,52b7fd173efe873d3f0c8a0aeafa8d7d,5
744,7d9a7acdd7dd40a04ea7ec561f1f6ff1,5
745,25c6b7d06bf417ad2312e479c0a2146f,2
745,af9219c79479d9a8f63ff41415ac733d,2
746,31256a44e66981dcea421b0a047d3226,2
746,5bd7f611741cdc88b2944f366f3dbcaf,2
747,dbe68bc6100a2cf8aa523d90617e4d3d,2
747,e037fb990c48fabffa312cd482b5d7b3,2
748,194f683806933b3df4789667ef96e6c6,2
748,968dd0126eb8e9d4d683013385e36e2b,2
749,36de6c456129a2f86ae6609c6d57d565,3
749,3cef8d26a2d1413159529f08b76356bc,3
749,90066c03090bb484ac4af5a401a4804f,3
750,81d717a4fbfdd79d66057080df71dccc,2
750,972dccf595bd6a7c9cb5ae05def53f14,2
751,189f98d508334be103747f72a9e10bfa,2
751,5795a5e3f2aab6c9397ce06d62506403,2
752,7fb2b52025ff1ab54033ec1e92042b6c,2
752,bd0e26f245589c455cdb04c4b91099d1,2
753,420fea7f0ae63a88aaa8e1ff726ecb7c,3
753,572dd8c712786a4ea9e6a315a3dac417,3
753,75e2aa0e0b38cdf9bf9e3ab8cedecf09,3
754,3492e193dcb241fb192967566bc2075e,5
754,57dc649e2c769bf856243cc84f0a7c3f,5
754,d786f2994dd2bafd37712e855dfa4b7d,5
754,e4a84fa38250004f56ece6534e5a3b8c,5
754,e4cdfd8e4ac3593c79d793eaf54eca8c,5
755,4c3cf34a721e45f96f978aa770ec0450,2
755,c84e3c29b3d89d94527ab3a5f8fa64be,2
756,ef6fcefc4fa3cc71318091932958d27f,2
756,feff50622a90d993d29e9625ad022269,2
757,23d0173c97d1933ae35430782e140ae0,2
757,b0acd6b4f6f0321cd44dee47c49d3d79,2
758,29b1d0286a01f17a3012c37681e6f333,2
758,baa0f4cd6dffe3cf1675ebf5d692ff4e,2
759,7fb140e22a56e694f8a22326aa441335,2
759,8b36947fc3068acdedfbeec81a0fb239,2
760,8116bb99b6f75291baab3aef880e1831,2
760,9d535d043d44cdf2a9245540524e490a,2
761,8bea62051d82342b14ac22c422b349b2,2
761,9638904de377ed7c7a27290b7cae68e8,2
762,20cea617db76f254f4292062154130c3,2
762,9a4d019f16508854881d7236fa3371a2,2
763,0b834d0593d0f7a510f4171c5321c83a,2
763,852b5150da68b9a570f67ad906dc6201,2
764,947ef4f358a115ea46b9a374dcf23e2b,2
764,b61695111e8ceb234d9f5da5a365ad44,2
765,0c729108c4dd8371b408c299c86b10bf,2
765,61969e6bfc66c8d82c7d5d5862108d64,2
766,1c57dc84505a080bf46c0a5940a0ed01,2
766,76175148f7002a4fcaf0d92ff79727e8,2
767,143d5cd0976fa9115634cbadabde03d6,2
767,dc81eb66705c1bcab6af6d5755ba858f,2
768,45262e54c86f3ec3e8718eefa0fdd5a9,3
768,9d2eb4b2b878bd8a36befd2941f14783,3
768,a8c1d8a2a3bb37d30edc38bd0f015344,3
769,4f0bc38f0020b253f57af0243af67ae8,3
769,dc36a21b7ae0b589adb97c80088cd25f,3
769,e1834e9bf79e4646bb21ae65f1a86956,3
770,65187cbeca14496470de8d945d0e3580,2
770,946389a48110b0292a7b5ab1ff81bbb9,2
771,3e803c858adeda9a326fc2d60359e025,2
771,7a485314cbb7b25fa6d1033005e5eac0,2
772,5cc1f9a149a58d4c09c3e64a8642e021,2
772,b9d5b29080230a5e1508b536a6fd798d,2
773,028b9703e7ea0ac46b60d65c6b426091,5
773,9ec17b609cb47362dbea88985e487709,5
773,c81ee1906b111276630ba0c09b055ff3,5
773,cfe0c8bcbe281ee890f9db563f2219f9,5
773,fe571e0d1994f28d1bb2a5983a6201c1,5
774,0f685fd90f577bc6d5c85a8f219ddba2,2
774,5c1abc09baae6b0e1802ccbabbf8035f,2
775,496a8e367c7f47066d217bf988b16246,3
775,c52811b8e623e350e23a8fa9a093fba3,3
775,cd66c23fb121143511cde722f7d06572,3
776,7dd34d0517eeaf8e52f58c3045e30034,2
776,c9c93814bb6fde4c3c292f59a7feb695,2
777,4731c47f9d51f2dc99b1aa15a0797f78,2
777,58d0447858eb3eebec543e80dc0325d2,2
778,ace9eb35e1c85514a87f55ab13b95aea,2
778,afafed4aeacf7cf3e09e3d7c8337c0e1,2
779,5d4a91dd71bee08ee2ba67a0ef5a4fce,2
779,a82335616c47564e1a5f906a7952e8a2,2
780,144f8a68d7b46631ebb33adc981bedf3,2
780,44b1ab21486cacd99addc9397211c653,2
781,3a850ac62003172419d519b6e9e6702f,2
781,a5ea1c38cac8d677ce4dc4f22874dfc5,2
782,b8caa1885e304a5de1047a3272cdf89a,2
782,fbe5d7efd16cb89106471f64daff95c0,2
783,af6dc873f035c5f5976bee463a332004,2
783,be494cc50b7e12071ecee23dd7a47934,2
784,1d406f6966f6339c9a4dd08c6d99cb7f,2
784,68537c30d2147b1c7da483ed4affef70,2
785,7d2925ef40a2d0f3e151253345d9e605,2
785,9dde9f13e9a5279676663582842a6301,2
786,04fd134e4d7599cc0d168a12006b0852,4
786,3467fd003705d70c01a56bc18372a823,4
786,8c205c17759f154956e5738c2cd7df3a,4
786,906eb161e5842c71b49d43f6af100f8b,4
787,4d216ec8b08828ce44d12c6c19d51e38,2
787,f959c6d4d515aa3809a3b43b6786391c,2
788,036e563744162764e870431007bf4cae,5
788,3fddfee72609d8d93850ddc69400a92e,5
788,45c20f54e421d6ae636f526a066cc3ba,5
788,9d55ee7e1e51ed4007b69cf16037eef2,5
788,e4af209d2467325ba982ca770e8bd7e0,5
789,08b8570bd1acc405c360b54c3c629599,2
789,a482c0de9101183976f4af8494194fdc,2
790,8dd0a6974566660840be3ccfa1844259,2
790,d5bf1cce1e7d3f94b0edf67fff2be7ff,2
791,2d6ad7b04b56a873253f9a612429d317,2
791,acff0428415ccf39d1b33e611d831c9b,2
792,37e5891248c284cec0b052f0e3174daf,8
792,75eb627f6276a3759cb07cd1666a949c,8
792,aac87c7048af094d18e7c69ca2bf230d,8
792,ce6cb2c28001ccb448ebb4baf80c4568,8
792,d1fe14fb4c7584767ae56cd2875dbff6,8
792,d92639e8809541ac3d2a2e1d4a996e5c,8
792,e2320888c814095e03a0ce54a1741a19,8
792,f4ed0f17eaa8d5ac6c7f3388f76c8300,8
793,809338fd6b2089d0fee8e656cb1044e9,2
793,98a0d48e4c6e6be76fdd3ecd44da69e3,2
794,0d4b3e9ea4c92eac17c0e17db7b599f6,2
794,ea2ff49bab2bd5318af9d460982abceb,2
795,cf241d0685b9050af1efdd0fc63f6643,2
795,f40c7c988bfe620e9f742492d83984ca,2
796,25e0c82b2fc16faf547be921bd249359,2
796,a1638d4f468ace588a54b9de73b8d1c9,2
797,77111d849f411479dfce3b52a2b567a7,2
797,8de1aade999243091ded0de2b1d59596,2
798,02d72b3c999fb607c08867d0ee13a960,2
798,0b249c921b4bddb2c561b5a16d9dd980,2
799,a0f0b5c4a9ebc7a23025ea4299ba9ea6,2
799,ffd1289559ee078a4b7c56927e48930e,2
800,220411190cc67b975f83066b4ccf4888,2
800,231f6bfbf6159ba567014cc7671350d7,2
801,20b3c2884da7a9f44058c579583055ad,3
801,5b7a7c8b6c8a926e831f1506854b75cc,3
801,e705f01fb54a0873890d599eb2f600d9,3
802,4d315777b8340448e484a48cd8890660,2
802,fe0a78ff9c89432f8398be0bc4b345e2,2
803,01e8b3225ed2751fe19421a82b4ffdb6,2
803,162a6822abc97a688f2afa0ef67d2a3a,2
804,e5d3bb82e3c7f8c099fb2bee5c4d199d,2
804,edad7e5b8a7ee5ecb9f9f873ba56dec6,2
805,0e95034a92adda3e109e1b4e334131f3,4
805,5aadb31e0973ebaef3d3ccad8145e6d9,4
805,78ec378a428dad2ef908ba70aa750daf,4
805,88b8fceff71a718f018230f1004acde2,4
806,59d1c00b0b6913f9999355bf43f549af,2
806,a04e50ff9cf336ff2b99bba42b76baa9,2
807,afe83e3836dcbce50181b036803b192d,2
807,e4fed46501bfaee822fdeea5753f6e00,2
808,07c57beedabe89aa589beb8da3ee39ba,2
808,72ebd2d159bc9a4be19487fb96e462c4,2
809,808c75d2c9f2d303b538a292899dfccc,2
809,beb51f36f2ea7ae49e96ab29640344c7,2
810,ab99d8d9d298fb51464d5d7e5937a19c,2
810,f08de68911fb38cce19c661320d2e9a4,2
811,100962c62bab20f1e39540c6b35cb609,2
811,d2fe32f3ed23241cddf73f0617c3d100,2
812,8ba4bf4b0eabc228fb2409a72c7fede0,2
812,dd803cb20cdc1015d9783f2527bff4b1,2
813,79560e2287c898b33869207c9a4ab999,2
813,ffd1b597e1ce249e71654c3e8f84c567,2
814,40fbd0b3c658584801b52bc78c278596,2
814,6b12572eb1283bcc31047506f09767f4,2
815,4883e1b080067a59df6dace17558a51d,2
815,99a2ec647de95d4438961bbc5572450e,2
816,02ebeea6287a59fb6c33d7d41816c060,2
816,c9de45830afb2807afe2201d7d32a322,2
817,25a4fad115feb5c6b857d404d7949574,2
817,4a3f63964addd7ee07b885da417073dd,2
818,3ec67761c7ca88d3b37fe70227bce88e,2
818,fcd59c48b97f82baebdec9a4807e6a22,2
819,288fe7f62c96d637fb0458b2cae45eb0,2
819,39842afbf87c685cb5bc0efdeb0e9150,2
820,105369195e96d0f0df7ee793fc497c8a,2
820,55978e18bf3c380c5914d4ec2223c3c0,2
821,04090ae0278692e1822884c0f27265cb,18
821,0cafbcb40fc4a8a32f0184448213bdd5,18
821,107b6610829cb184614d94d876050e49,18
821,13e98d0577717d8f73dfb1b8d614714b,18
821,15428aea3a5596cd96fa87c882133378,18
821,1947b6a258cb703f94943bddac20ef20,18
821,1fd5fdeacb8c826b90564c90cff9caa9,18
821,326685d2ae785823b1c39b5fa8fd6594,18
821,357e729c67bab01ab90069c2b8153cac,18
821,3832d72cadedbd55e25f5f115bbeaa08,18
821,4798ec0f64fd7957c6c40082345eabbd,18
821,553f1e5dfd56ee0aa86d7da0c9603090,18
821,592b98c01ef440d9ef1bee213d42636f,18
821,5eeeea0412729fa989d3a4b32a1564fa,18
821,7ddd57ab323d2bd62f4ede19279489e3,18
821,dc60c82f3845d7e2204e732a8d530629,18
821,e3ebfb13c2ff1271fe85155c48fc3de7,18
821,fe56e48d1143f9afe2334ba5c10ec147,18
822,0dee371402f8ad3e0ca34ae948a254f3,2
822,a6611eb47e361412a99bb80609496bcd,2
823,7f9efae7e6a49f6a17cd5d2e68c258c6,2
823,8d5db32c6922b68abe7e97fd55206b4c,2
824,21225c0d470c2d27adf4e2d05d06453c,2
824,e0c43d30d89f5f92015c0624b64b601e,2
825,3d3cfaaad63aa46b7b1f3e067c0447cc,2
825,6c5fcc1a835944e07cb463cafc44a6bb,2
826,1d6f360fdb1b3fe0f609f720b7c0fabf,2
826,a948a0c88de21d96c801aa91c7b6bd6b,2
827,0979484dfc74d71dc42f6f1d92c8c73a,2
827,48a593fdf3dc7cdc57818031bc303fe9,2
828,783bd8ce51536908523500907c9917c4,2
828,f5d0aafa3ede4e06a4c0ee56d4bd75d3,2
829,38b31e93e98e721fcc8a45ec72b53d94,2
829,fee7a8ec336267595f4c2348910af1ec,2
830,2007e49a7c5eb1a7c41db85144b7d077,2
830,910efe790640da21c4c79ef2693e3d71,2
831,03ff9900fc4100ba3b1f9c5abd22e7f3,20
831,065dfa912a99171628151ef93cfac637,20
831,0da1863c82d4f717aab37bbcc3e3c8d7,20
831,16abfe2cddc992db9e323f3f03e0592f,20
831,286f8adadb7336136732ddfecc6bc8ee,20
831,58986111025c0eb7eed01d0ecf84f397,20
831,5b80750f04c3f188b93b2108836c48a0,20
831,64306c3c7601401d834d0df567f8aeb5,20
831,65029aadcfe47c97f4541f158aed3a05,20
831,78707ec169f7e663945a868b4978ae89,20
831,79e8ff79e3fc4a05ab6781d6cd2ffdde,20
831,801f93306519c92e83f49352212bc913,20
831,8112c01d5bc652e73cb086caa48ce270,20
831,9f296896b2417ad2325bd4213bc6356c,20
831,a69d59b893c482fee81dfc853e113dc1,20
831,d4a94a9831e6795d55f9743e8389d2b7,20
831,e652b47fa99f222f291ff5cc69153f13,20
831,ec01b62e00a52e87de3a65563c330ae6,20
831,f04ff8723bcee7418513b14e022882b5,20
831,f183cb5051fb814bea9513e4520e93d1,20
832,9304d84c09aeb319588c57eb1e642290,3
832,b6810989df47ebbc496dcc5380dc3061,3
832,de27161f517cd69bc3d0a62852837a7a,3
833,66c0a60a1b78f52c31a7bfa81b6f672f,3
833,85ce11e4fb1dfbcf4944aa63a7e9fe24,3
833,87f7ffbc91470935390d5123e15f8fc5,3
834,117272c91fd5d6e69e97f5001b9d58ba,7
834,4108e74c055a084784dbfcaf7d06ac47,7
834,48dbfc5e4a0f446dda2589bdb7cfe97d,7
834,a4c42bd68b0f5fe78d55f79f792a1f8a,7
834,bc7d5274df096d62a2d2ed8524b22a95,7
834,d1f527ccf73a1cfc3801802fa4cbc73f,7
834,f94d98d4059b95b02f705a451bbdc4d8,7
835,2efb8f71bb180d884a2b4b0e740b9b40,3
835,ab4b50d558679f7099c03d7106a00735,3
835,f73d27340b8034a814405597c165a735,3
836,4ec903981e400391208057d61bd2b084,2
836,77d479f5678a86c2525824f6e6ec1d97,2
837,0e2c39bff97580865494d111acd059d4,4
837,4c5d23312703ae4f54c8e07d123f9cfd,4
837,ad6377ce4fa9215f5d703888b05a13ac,4
837,d314a04ce810ede4674c8c9c752a710f,4
838,51eb79fc9c873abd887bf818b4f70b8a,2
838,95a10e0acc4d99749e9dff724725306d,2
839,468ecbf8eed68914eea3f63543bee16a,2
839,58ad75135ad6fd9e9c34a8d3f2e50b61,2
840,96f508b18e525118a5efd26cf005cb39,3
840,cb97f67737a9fdabcf486c20aab3a420,3
840,f126824ee77bdafd04646d2e197fa635,3
841,57143e6704017b5fb11c9dac7ab59aee,2
841,f7cd0d243d69adc7447dd622e93e35b2,2
842,4872481cc5de3bfaad41770a907cb2bf,2
842,b74a824c286148016762dd23a5b22816,2
843,469fadc28c2d8d68c068370ffff504b1,2
843,52755258ef01484b49b8e90d0c39bb0d,2
844,4c9ebac24abd25f8d3c3c3707cd1290a,7
844,529ecba17dd32754af2cae6af81b2931,7
844,6a25c593cfa58f2fe6185b9cb260a31e,7
844,815576541879de975f9d97b54d07470d,7
844,a417869957f0e546630f2e06cb3616e5,7
844,e26ae7f707cd6e4b112317928dfaf802,7
844,f02a188667688cb85cb7abff159a0828,7
845,492669b85ba2963c2730a8d922211760,5
845,4f0b094f9b2455de1206c978dc673eb4,5
845,79cc76a6ad40ecfa43bbc16c4132028c,5
845,c6dc2c90fc907656b4c2b2018068a1b9,5
845,d605d858fc0cba2b051d904d760df963,5
846,13d29fa694ba61afc20339ab153cb44a,3
846,40a9489e2570ebcfa6e1ec1335aaa179,3
846,8457745f01112649c047d97fa5262369,3
847,9675c9e7186c96a169c8b0c75bf66d90,3
847,c1485c078736e760e18cd07a51b9933e,3
847,df9dc115f6c6de90844d6fb6814eec1b,3
848,2c47e4a265eca33309e1f7372bd496b9,4
848,727978dfcfbff18eb7c1c19b5ad07b53,4
848,80f13d8fc0d2c1982c0f8c5148e4ef74,4
848,9c0b8058557c3082e718627e7f6d5ded,4
849,501e2043bc39136f3005a82d350c4765,4
849,87a2bb40e71cf6e9016a95e1701d70ee,4
849,a679ed2b3698059cef2ba6fe249ff573,4
849,c583ffddc2e812d438886361e8b4b353,4
850,0634e8664e35acbd9b992a4d8f751444,3
850,584b7a3145caa66485b8b868d77cb0f3,3
850,60fb8a2745fce4be005559f2f9618381,3
851,a8d75c3b5205eb1d7f9dae36559a2576,2
851,d9b269035533b76f26ccb6b40299acf6,2
852,4ea90af5e77170e0ed64c5887a98271d,2
852,9b4656afb249e35cd051e5943ab72e74,2
853,01ca6999be8cf60c6b8e3e86e3df42ee,16
853,17733f6eab7742913f01906d2592afb6,16
853,32db038c408cd07234adfd2ed4ee36c4,16
853,4c27de6c6b2ec4b0a2d0480609077804,16
853,6914ae637ffd592417a5aa0f6b48ad8f,16
853,733400c6ebb21858e4e69d6d9f85b011,16
853,740239cc996e89a6d61117b92a0925ce,16
853,82c9b9386d19301b9d2b7cca79507e79,16
853,8ba0db8b3ac93911bd1a04c20e147430,16
853,8ee770151edc57db88cf4d9a9abbe0c2,16
853,b2cfee88e8cea8151afbed99e07ad19d,16
853,d356e51222f41bb67a9814eed3a7093c,16
853,e68ab6c229a22876e5bb33377bda480f,16
853,f3de827457426f2c8b3442c5141a131c,16
853,fc33a8278cec03798f010714d53a7434,16
853,fe13f9cd895d5df41073cf48d2ebf4a9,16
854,39931d1dfb566d60b71ed78c79817e4a,4
854,4d8fd23c11e25816f61c05b49fd1bc8f,4
854,7e68de6961de4e26398e77e3f3431a83,4
854,d0c079cbf896b766a226aafa64e2a2d7,4
855,1bc9aa2c1e3beb3d9241b2403bb01c29,5
855,5b0c26c781470063f57f5b4e53a580e8,5
855,abac63c20cb080c375cd92c946dbd5d5,5
855,b82bfccd2bdc3b3826dad54d74e92887,5
855,c4791239046cc145622450c326b29d3e,5
856,7a41a7d501013d8adc9cf750bccc0884,2
856,b4163a702e2c2e3a46a3c7da73936b6d,2
857,0df028dc1539709bb2f7de89e1b913bd,9
857,1b0e66580227bf5eb3dde6a31ed94f18,9
857,289da6f33533b5c3a5e378ca3da2a93b,9
857,328de1e1c91b2ed3c755c0fa5f90fd24,9
857,46c75e8fe00c8a098da3b417f5815e85,9
857,8644afe1cf5b23c312b988f1b3fb8ad2,9
857,9e6e97eb949ba87236eaae6f0951ca92,9
857,a1b2874d97a5bb6a883caac2229b40ae,9
857,f642b722759e3e58520c6a5bcd82c3f4,9
858,71094c1bc5ba22c1f3e105e9690a1e4b,2
858,c02df7c4df1b1544cf72f4ad4a4797a6,2
859,3507fe9ea65aab10f2091a25105c4654,3
859,76d43b3d3809ae980311fcac67bb679a,3
859,e888c02a5b45ef71a0b1ddbe08f8fad0,3
860,080bcce1070b877ba885e85dc322a818,2
860,1a07dde970e90c983cf12c0902918602,2
861,eda70271eef5307a30c2d0c9410507e5,2
861,fbd47ff16228e624b288102a86fdcf4e,2
862,1c35d30a13bcfbfbb7010262fe6b6123,12
862,34f31a85bdfb8627932292b75fd630da,12
862,474e1d6e985482cc2d16d1356b728c77,12
862,582f897ea500367acb68cde4cf581f2c,12
862,653ea7ea57981d2ec60e750436246ae9,12
862,665d81d4e467241e78929239163f74cd,12
862,68076a432624fea3d50410b717d79cea,12
862,8cad7cb2b43210f5d783ccd5c767a2e0,12
862,bd666cb26ae417d7c92c2824d6b504d6,12
862,c680083b845c6bc24cf02ac8a98d1b57,12
862,d05a6ed07c0893e200b00be5231f580d,12
862,fc685c9d0b47cddbd90a0b0a240cd55b,12
863,42507f4a970cfdcd9ef641a4db6ddcc6,3
863,55b6cf6cca899a4f7a3718af1299434b,3
863,61783c008df4a17f2b2d22b1593bf6ab,3
864,6162eb9b1288d5861125344e53e4967a,2
864,9d889be3570f7640d37b85c1b325db61,2
865,2f7fee7e2569896f14c48d79ab84dbf4,6
865,643dfaa6ba895d51090a42d703dada46,6
865,ac4dd980abbec3c96a71f0fc8e95ff7f,6
865,bac27b5100655d3cbcb3b720dac39fa8,6
865,d8902ed5aadef28e9350000496cfb05a,6
865,f24275ecb954f7a4ae89a8906bc9b242,6
866,0ac012ba6a52cd11df587b0e7e913086,4
866,44407ca3a1b5f329dc1d4205e764494d,4
866,94e1a1b3b3263baaa22182bdd90db975,4
866,bcd9af99c59ad11ba41ec8e171d55e8c,4
867,18c8b6f9145af69b1ccbfb1ef42a0ebc,2
867,a04fe636c52da0e6156fb4000a01926f,2
868,25f6e5fa7b724b1df6398e9407ac5e70,7
868,9d0f56e41c22fb49c49db0e2ad39bcf6,7
868,b0e647b3f8a04a8b2375d475d013cf42,7
868,bf9be38375edadf14b16c673bd0e3dbc,7
868,db026e4f795eaf1edd3355a763c68103,7
868,e565e48866fe00a1e08413efb7f6e5be,7
868,ef8574877e980c57b906f06407cdacbd,7
869,91234babb1a8474e924e499f5437452e,2
869,aaf9807b404f68e5004790cd91082f7b,2
870,b6308396dcc300e0501648de9ec6beaa,2
870,f8ecd71cc4edaaf14a203d1e96270bb8,2
871,00f11805abc9a2d732f8813275a083f5,3
871,233d463f54b7f15c73ca06777c8751ac,3
871,716eb50ac3a9566646661ce8684224f9,3
872,3b9cea4b12699644b8f56e255f760b8f,4
872,7cc226d9278e21fa89fc517e3082db2e,4
872,e1930c6af70e2120e0dfff97feb1ed3f,4
872,fa2c87ad40c2e798218b4b23ac670da2,4
873,581c88ed19db96d5f8e541828fb6acf0,4
873,aa2f35278fe1565587eb910161cf8375,4
873,b4a5ebde868162afa9deaf75416c0ec1,4
873,f0ec156ea0d47aff1f13da702baab480,4
874,7f5b481f2d5cb29cf1a116e2cbfc6e47,4
874,96495ada3721faa6510f0262e85a5c45,4
874,9c662e028897eba071ee62f877a7e8f6,4
874,e341015882f0b54b2f72bd95657d22dd,4
875,4ad2ca561dd79c156b812ada3265d6c0,5
875,5a38c5368e0167cb22ea712c28d2e92a,5
875,6dcded80a43ac5972a7c6b68232362d5,5
875,6ff71043def3fb92ba9b08969c1e0579,5
875,743fd6cfbcb98c88cba2c70b3f93b38f,5
876,7849b926995d226d9145bff14153138c,2
876,a0e87fb23d2b735bcc4eee1d76396f2c,2
877,51b39864db32fe58b775126be651427d,4
877,678addcf5da02c450716819047a3f3ea,4
877,a8c96430df56d7e6cf7a4c15a16a7a1f,4
877,cf256c7fbff0f0a00cae689ebcfdb6af,4
878,a63e9dd1aa54de654a5cd8865f07ec4d,3
878,c3ee7628a58c9d2ac5d4b91da65d2ced,3
878,f4417c04327352e95f355f05a8dca05f,3
879,0143061b809e7ad3116fd8efae40795d,5
879,51f1f72ee3b555b7b8cbe7ecb0a78269,5
879,6137371d13e43741d90ad5d3e107336b,5
879,6466578d8759d4e0b2d62e1e13b8e000,5
879,663447cc8318c70b1a4b94518d70aee1,5
880,56c41f608d181364a379f32201a14791,3
880,d4e3bf424508635b2f5446d45b9ea06b,3
880,fae3adc3a4a5bfec766c5ab8f21fa16e,3
881,0901c99ee37c68e49ddb5a577afa89a9,2
881,90774f09e12eec9f81613af2f7028ae8,2
882,37c425b408784daf1e45098d4d023f03,3
882,9e11fd1a5c76f986e12fd6e77041a25a,3
882,a5faae2d49fbb68ed98c3bf0a0b664bf,3
883,cde3719ea90e5aec54887bc4ae0989fe,2
883,e632726889c253ef033cc69f6bc1cbeb,2
884,7eec89b96862c29f65f73f0c383d8d17,2
884,f2ccf35ad21b3edd2fe2712d62331a01,2
885,7a0628d0a4fd34882ca46cb37d4d5cd1,2
885,7f18ccb91cf35f2f7abb6a7b6e360c0a,2
886,2601a31fc9139c350de7c19b8cd1de2f,4
886,ab67ab24e03ef667e6cca27a2eebe631,4
886,eb5c010ed6f6e0f389f4a81e461eb3f7,4
886,f3a853bad1c75a9811c94245740de6b6,4
887,743801dd6efac6d91bdb28b3dd8d9ce6,2
887,b7d9f8011d03fd2a46e4405374bd3fce,2
888,bbee05087bdfafdccfc57df83e5b0b11,2
888,ee0b138ce78e08a7b3639aec16bb7282,2
889,21142c22e6b94963564a78fac12a6280,2
889,75c1689ae2d2b13bfa8502354b30c914,2
890,2da75287ee3f650938ede20c3626e120,2
890,b9d6794e8ac696c196d68ffc225a6860,2
891,5aa1ac14863f5072b5a46728a50359e1,2
891,7ce86219d2d3cca731f58c8ec1ce54e6,2
892,73cec25f6c0dec434bdc1cc1378932af,2
892,74ea9f0b797a6298b97ea47a3bfe9958,2
893,dd0de77cfb43be6eaef00bb1c0c5525a,2
893,f7cc68f4edd70a3b750adcd5499d2b74,2
894,56240961e9abb30bd14596ccf2f2ee90,2
894,897acfdecaa6215f5741287a6062758f,2
895,74cafc5dbaaafc8dc032e22b1dcee5b3,4
895,a1297ba84d69eff63487398174d71fd2,4
895,b83024a119461595b6c66c190d44aa52,4
895,baee35f6955675d8b04f36afe80e5f97,4
896,95e17928e9335d1d7e07d629b3ac4064,2
896,f3767dd3d5bb8feeba355da3ed878f50,2
897,22611c31de469500415c0c3b514ca260,2
897,285baff14da51f76c831f5d8e43de87c,2
898,ba3f49ff4c7db770d832ca5616c8812e,2
898,ff367f32cdc196cec295b2c2a0738f5b,2
899,02408bf197440da280998077574f3bbc,3
899,78a9f7cde1239b2aee9c1b1733e36617,3
899,91824e4a3a596fc3b375208a520442d6,3
900,880d0da3d10cc4abc6b6e3dead22b8bf,2
900,f49a2dad7dcd80f5598d260115621753,2
901,1dbba36d9062980273a1c4be922bbe7d,2
901,c84f7ac8003d4659789c2effc11a284d,2
902,40c1928ec0e5df9ecd79ff9d01292d88,2
902,d7f5eb4e3da5c4b3dc0f6e17fe271a98,2
903,77f12d9e9b933f7f87fd1566611cd775,2
903,98b3ac89894dfcee3bbb925b1ff30da0,2
904,220f64031097230290b94de964fd46af,2
904,f111a716f04ce8ff42b9ba636a17eb23,2
905,20262009220f4ed07e7d2e973e8de1f8,2
905,f04a48ba635c46ede69e488d976f0acb,2
906,8a957c994638a987bc1bf854746bfabe,3
906,bae03054cea3dd245fc049cd910634be,3
906,d0dde88f24c8764449aff238039cc78d,3
907,0460c67bbf1ed683f50d0f476c9717b7,2
907,59adec724332b3ed9e9359435bca3468,2
908,9bd53c43bfa2800c5bcf075c5fc57244,2
908,f4f021293a6b352ca75210fa1d1f7fb7,2
909,46a8b6dfd81a9fb5a29d061df536814d,3
909,799c32d0208ca998fe2d8f3e63855adb,3
909,a51795ba616250d296a1d3cfaf181733,3
910,558887fd83b54651a704f6f9f1cfc84f,2
910,f7565c64441deea608bd801f9f9815f0,2
911,55b2312dcd076f5037459bf01a48ccfb,2
911,5c6b1cf4cec1ca7ade665b2e85f1a389,2
912,06460f6d4382fca3028cac08a8f1c708,2
912,afb2bff37f2ab79e6b865d5c88e53afb,2
913,22662e181ed2e360f9be3ab52a61630b,2
913,fd82f2c29c09ba94abb70dc75343146a,2
914,62ae99a43e1da8e3f0501b2de34800b0,2
914,8cfc6e0aba058403f2b451c4bd86c6ac,2
915,503c0fa30fc6e2de6c72ed09f3306dd8,4
915,d231af347a59038c3467b4d03edbefb1,4
915,f0eb4a5920f705fd92395dade4b22be5,4
915,fffd459bcfe0e0726048128c5e7a57d9,4
916,0401bc0f6ff89ef096aa309d4b7b379a,2
916,e20797c37bf165f785af576c05eb2bc9,2
917,85b1a877b1dc174ff1591f1d8182ddfd,2
917,c9a5496f12c600e1bb7f45297cd50c7d,2
918,391a64de611d42f2579e7480d2111051,2
918,bb3cbd62cfe0d717c5662e33c0683296,2
919,ae5e668d2e454ac193978bae5087d31c,2
919,daca2a4e5443452d565601e54b7f9cbe,2
920,39a5c1dd44d6855af5ea901a23472108,2
920,6a37e6863a8dc9f3f6d5f3895bd3bfba,2
921,9bba553041e617aab750670cdc7ef4e6,2
921,ffd15710feef7fcfe1daa6474fbbdac0,2
922,3f1d96922fe18f86d4d4ebed071863cd,2
922,b91503c1abcc7209869c58672b0e2b84,2
923,1ee10a515f5cd8878172704dee5e172a,2
923,77e1b7d4d1e334ae0565cac0ef8117c9,2
924,358b9354416e0e54bdd520b139be4cc3,3
924,c87bad1096e1441ca860061ed77b7199,3
924,dcdf395292457648f97e6f66c1aee6bc,3
925,0d65cf21a2b9b786056e2a4c14dde655,4
925,9d1a2448b86bf228c25abd7cbde79225,4
925,b34c1c93d977c97e5d33b2a0398c88b8,4
925,d9c61ce1f05773419eecb364617df84d,4
926,5880cea2cc6335c90e1251d60404edea,2
926,d2c7851bc9f178d720c833e0c7257ecb,2
927,52a72b963fe64d91e2753ef574ad24b8,2
927,c877c47472773ad2ebca1bf926f32520,2
928,2d0d992b9c8c3426c3c369934f0a45a0,2
928,37e8b7b88aea1ef753b8e1be37803546,2
929,1c4990e5133dffe541d20066df048fce,3
929,8653957ebd84bb8830838654fe2af366,3
929,98d115983ff738b70beaad08348ae8ad,3
930,6ef347dbd32fb6f4f0594059b24dd7d4,2
930,cd22f0fa69ea49d063982050622a2f01,2
931,104ee6e8fcc1e4576e01db3ac73b78a8,3
931,9effcda3dddbd189e240c47e4ecbebe2,3
931,ed674494a2ccecb057041c40bda76560,3
932,199acfbbe48daf35e794cdb5f9024252,2
932,2696df784b2731560e298f299dc1adcf,2
933,19893983cf68c252f4422c8eb92aacad,2
933,40a66ce1fff9859012a2bebb589b5e29,2
934,7a51b5a6f1480d87c68d8a47cf103a44,2
934,a81b5983f4913dc8d307152acea6199e,2
935,52e7bab7e7e000f9168af7da15f75d19,4
935,685a43fd5e5cb5794f1326fffe782908,4
935,bfe9e9eff73a40cd94436086a0085dc5,4
935,d7ba089114701f0b9f6eeeb70bec1058,4
936,75c0218520e6ecf9bc6bf39743ad899b,2
936,87ee7a6189a4f32a36fe6949d9d55e59,2
937,5b3a8098ab6bc628e050543c872013dd,3
937,602c38ba3ba5f5933bb50de3f2bdbc2d,3
937,fc7324e5b5bfb24eb0d0d3459f833b5c,3
938,48db73612c2bdbff4c0a1dee7f4edf14,2
938,87b14e853f29f8fb3a3f3e5c75eeb32d,2
939,10afcf63af2065749ba21200f422af3e,4
939,23de20fb246b4d61baaf9a424d9c38a8,4
939,8ba2d7cc779cf89c056347ff8437941a,4
939,be8c379cfd8092839805ce3b32ece928,4
940,6bb172d200314db8346eb828d1e74158,3
940,9cd4beb13c2d437b2aef6b5da515aa12,3
940,af05255ad8b8e286edd298ffdcec91ab,3
941,3bfe9ae4c52e2f28f56003f10d0669bc,3
941,3f9ecd987d9f40f660c8f9fc04bd2657,3
941,e4b506a6844acb7705474d9787488abf,3
942,6b163117c34ba6237ee496f9ed70fe68,2
942,b21932138eb89da049b8346ec40b9b7f,2
943,3bf0c4827459fa9d9bba890498af7995,2
943,42b42d40a2c5d54fba097045c2f79a93,2
944,783ad5f842fa14a83538827550518ad1,2
944,9a9b27e415e13ef0006b1d45d103c577,2
945,0d1a9bc72cced115f57b434dd997a4b0,2
945,a8101823e3923ebce9e3edc32c39b8ab,2
946,2cef6c7bf68ee37facf89f49cc86fe3f,2
946,3d7fc183ecc4d4da870c289e31489eea,2
947,52e48f89b4f87fe9719280f0dbe8135b,4
947,837910cc8e4b5196a72dca408c71463a,4
947,debc253d6433a77f7e451d1718033cc7,4
947,e681251e32b3e2c3898f09148a182863,4
948,0d8edad2903fe98746195cd8f5246e38,5
948,3e36a612b64a66b479432a9c73b39c8d,5
948,405c6bdf3d3743836d77d2cc0dd21eb8,5
948,4da98027aba8c552dd825300376f7c3d,5
948,4fb22453f149403ed4932e02ed15376b,5
949,27c23312f90369979ad39484c8321c7f,2
949,4e65904bb07701344ab232d9d453abaf,2
950,5450b934af20aef6ed7ffc48c0029671,3
950,c5ed8ca8c4e3e1784aeed5cdcdb120bb,3
950,d292b2842dc3702af3e8ecc801938b3c,3
951,3d105c6fde1d45b54eb24c6dd63d3a97,2
951,d4ee01ab5ce17b29161accecf2f0972d,2
952,6687bba59d370a31588149ec5ab5e455,2
952,7b3566988e6e7df643eada56be59427e,2
953,1f38015eedd7cb4ce4bcad4f3fbc8fc6,2
953,9bdfc5abc4add8bf9a87f699b3db387e,2
954,1eb244f43dc3604cdb1e87233fc8076f,2
954,9792669937e9d91f59ae67f8d5363603,2
955,5018c7e3e3fa1b95c425daa8760e7630,2
955,6ebd6f18e25e1651793ba65f89596cf9,2
956,294b9acd09f86fd15f482ffa3eb8c86a,2
956,a5ae8834b4aeddc1ebf3a7a7a677a35c,2
957,5c4a5ee78af20342045aae0b35cfde13,2
957,dd1e4d7f119f774125d6ac19576ada39,2
958,35038714628f3a7b57c72f8f2b39ca33,2
958,df4523e5c0e26ce33807188cdf03fc77,2
959,08d72cdd70a49cac4a9d9394d64c0bc2,2
959,7ffa59e49b224ed2a6ea68a06279895c,2
960,6226ceabba0c78938664b6015c8b550f,3
960,8a1eb71f38df07510e53b2c356c82516,3
960,a7e5a80007982b7422ca96dc675f5330,3
961,947516be6dd68916a931511c7f5778ad,3
961,c86875105df81815fe55e30befe002b6,3
961,d95ce2ca0481a5fcaf5eb5c43e356dee,3
962,a71d1da3e24caa9e7cea23aca6309244,2
962,debf57d4b96300afc5b3a0efcb8007a1,2
963,052dac06c8f7e00380ab47518dea1223,3
963,827629d91ec492feff1f3922764f36a7,3
963,cd3dc073eb815b8711ed65a27f976aec,3
964,0caacf985ff6b9b5f0522da8ca49f08c,2
964,b58cb9d257763e7edb354f985b71a910,2
965,8978709655db0cb27d12f62b0726e67b,2
965,d14672f6a14afb94d2c895b83fb912c0,2
966,420e70af6cab16842759bf363bb87f1e,2
966,d0e5363cb3dba90c9b0d560aa040aafd,2
967,02ecc457e819c28225141fabc40f87aa,2
967,baf06a3c7ca183b256b8e1a5160bc9be,2
968,74a0c51769c0dabf641a93d7ef6d95b9,2
968,d74cf8c4fd171918e82d380d9a56dfef,2
969,1a7c76258bb48808c2d8f9ea69d35d57,2
969,5772c2133d6a9c1e1f4f579144d29c19,2
970,300810c1226a1b6298c01bcba26602b1,2
970,66b8842ebdc610583f6d7c161cfc5a96,2
971,2e713534455b8c099914998f102274de,2
971,7238eb4041a0d1edef522ab3a7979ee6,2
972,ccc0c92dfb2d3fe6ea4cecaac296d67e,2
972,de2818a8f6a5b7fde720fb58be4a4d3c,2
973,1016c59f850bab3dde6c8264f7c2c88a,2
973,b653a6aefc99a50b0e832fabbc8edbfb,2
974,43a4a546d373758f17095435f7a58a46,2
974,fe9e01b8a8ccf0ce3e65af5870a106de,2
975,2abf3fc619e238f577117c7b21fe4877,2
975,67427daf24eded9b29e9b57c1dd71d0b,2
976,bc1e71d6d0e4e1370577a17bfd33e3de,2
976,e9f91df2c2dccafce090d9c057c0ee15,2
977,08027139b57c97bf98879d4133e3d380,2
977,82d39f07ad2832672f59650d41395bc6,2
978,7a431684bb269b10ff0aa5bc7af89df0,2
978,91e2eca2e26e4e2eda8dcd2fa593a850,2
979,6d65e9884cc8ba18b26a107c43b4826a,2
979,bb02d2ed88f96996ba47285cf40ae092,2
980,00de6b4602afa67a9595137eaa1aac7d,2
980,b1c10ad29eb8e2e4dab50745c8f075fd,2
981,cc22a6f9d427eaf44c0df06f8c39f2c9,2
981,dee7593cfd555fe9a751ec438ae925fa,2
982,3062937ec85ad2cc3d37c6ef5570b43c,2
982,a28cbc9aee28ae8b8d62417bd47d70ec,2
983,113b859ed0e369dee6c98ae169bd6115,2
983,3b2766d4fd164d091f36131340f413bb,2
984,2a983f50a9f1ce4787c5c9aee03c81df,2
984,5db82046d1b99e61ee46e50efc063870,2
985,5c6dcc57ae161bac2d6f974f31de9416,2
985,b4d7088c411bcbd1cceaacf4ca7a2bb5,2
986,19df1a96600bfab156aabd0741c77944,2
986,2288fe7c1ca3e4a6448581888737a00d,2
987,0d92629bd789a4a639d7f1a0e5990168,8
987,1bd95b39bc2111d9eb3b60fe026e5d84,8
987,40eb769a87c3f4125c1f17e62ac3271c,8
987,6ef56857309e6cfb42e09561100f3443,8
987,b2795d93765a095620cf29d49465e598,8
987,c62339712146a2dc0131bdf295ce013f,8
987,cd419d045b78d8f18c57397b90c0bd68,8
987,f5b569de0bcae1dfe29c062c81cff1d2,8
988,7dbe53eef3f4c04c3c6c35e3dd6c99c9,2
988,8378ec0127c96b582108ff4d07931663,2
989,145caa34399815e6d560c0644f652048,2
989,310142c7efae28f1f7a257e30e938a4e,2
990,04fbb52cd96abcff7f3c498f909ebf83,5
990,675b47f770df27fb85d1a0f4d110f642,5
990,709d13f709fe9f071ccabb5141eb9c1d,5
990,8d1b1bd5b4fe4d6ed3683db3e8624fa2,5
990,d5805336baec170b50277856b0d47f7a,5
991,5edd59fca9fbff2e092066e1bd7e265d,2
991,87868d969ab6bdf9cdb9a15c772fe9b8,2
992,746eb8e243251bfc8e1c6139cc75b63e,2
992,d215a9ccc86a7ef1626c749c848c9ae6,2
993,cce3c3cfe253447b8749c68c6b22b5be,2
993,f9d83bae7c349b8f19228e03f4d319b7,2
994,573de9021c6d59d1629952919591c48e,2
994,f965e19920b62ed0f9f2d6ecbc2f7f8e,2
995,5418e80417abee3863e369b515aaea1c,2
995,af6b7992b2862934996fc83765019dd3,2
996,61d97f4facafe40acae9e78003f29acb,3
996,79128e639762ed6014ebc0119e73f931,3
996,8a91f1a0578b20d1f922a88faa8e138f,3
997,275f5e9d3ebf2c81aa43820e5e1dfd9c,2
997,d029a88b5ddec15199010db9516f9742,2
998,1f00a1e8569cb07974035185de417580,4
998,1f50356ff637877a91bd631596fdfebc,4
998,43dc844e2bf4f4a592e2d74c17441335,4
998,b53e470154bcab64c3732470e965a76a,4
999,14c80e95ee216a1b000c17aa06482cc2,3
999,2adea909a821c5247b76f67bccfd097b,3
999,eb35d78efd131965392ebe8c9295f386,3
1000,02cfdcc48ede5ecf16196fcd9fd63784,2
1000,74f35b5ea059073295b47aa525f91c27,2
1001,067134a1f53c3879cea12be76815ce41,2
1001,ab8f9c616be305b3c7d684e0cd89dfb5,2
1002,343db812ea71fed371bcaedac03e04f6,3
1002,591d4252ce44f6cd45fec8cff383d9be,3
1002,61abacb610fdcdf270a287e6ef4cd398,3
1003,5943d7f2a2349561b8db2034f4ee171e,3
1003,9c145bff9bd46ca668407b9645d71efd,3
1003,d974db25e8e97e204ced85bfd6305838,3
1004,1568a17aa5880afb7a33e3a3d8e124e1,2
1004,892ef841d14ae30a1baa07a863cf6111,2
1005,c103dd9c063d4a66c994216f2ce83bb8,3
1005,c38beb047271196c70a18c2476ae4339,3
1005,c3a24fbfc5378c8e41dfe69b29742a9e,3
1006,a9acb5de4b5d6f43ef684452c754c49f,3
1006,cc6a50f1e63e20d59829a67744c1dffb,3
1006,ed908be471909993c44bf5b4099587c3,3
1007,46270deb4fe0641fab44fd08fb21bc13,3
1007,86e9ed91a8e0a3e97a448f208df7e744,3
1007,c8beef349910e6e7cc46fe92b40d3030,3
1008,0eea796010781b1dca63ee73f1191a04,4
1008,689b1b43b26ba3b8bd1d04183478fa64,4
1008,72ecd3233cee2b44c6368c70f7d26d7f,4
1008,f3951e86a3735a7b1768cba065be11ae,4
1009,736b7ed1182e70dfc645702b2ee32ce1,2
1009,e7c2a6f3bb671d0a596a1cfc7808923e,2
1010,08b1b4966d73f90c72aa13f0c80e9c58,3
1010,790db9f6fb24c137260dc3c4561826fc,3
1010,ee685b2d458f2182222af875c9fcc275,3
1011,46dbb4f2f30e2b722b8838807306b6b8,4
1011,92e02a472bb4cd90dc88fcf8fda46a18,4
1011,954ba28e4e343e35dbb10ebbe668c486,4
1011,cf9c72b730e3c8d7deb7eb44620a7345,4
1012,6dbca33c621a19fe63690ac0af8ef084,2
1012,a0127f775fdcc284066a72e5c440f16c,2
1013,20d2cd7904924949c1089daf21e5fbfa,2
1013,9429d9db136d5c24ebccd019266565cd,2
1014,c7757a20c127597dfaf0935d85c858ac,2
1014,fef53999ac332a7ec2f4a74cddc9dceb,2
1015,419d7575d80766f7060e3edc2446bce2,3
1015,8aae4cc9e81bcf893bcc67d94909a23f,3
1015,9ba51df3cc8a3b0d1480144c9625f5c3,3
1016,0100a23d68180d45c54bfab21e081a7b,3
1016,87257e991f73bc32d9f0e6cdc4dbed0c,3
1016,dbcd73d3b4ff3d480cbb196e16794e8f,3
1017,1c56f904d1fa44200234086fd2e0d766,7
1017,252c00531199ffd98bdbf7c4a89e831e,7
1017,308b0860ca1eb44a1e493f5a81f50bbd,7
1017,d7c999accec42a43c71c5a5c241bd361,7
1017,eaa40a1f108ae4698a93e4e857930f56,7
1017,f4d4cb1eb7f1693ea12e930c0b6488d1,7
1017,fd82daf50ba4f9843b1d93b41b55279e,7
1018,262d2aa79418fd208eeb7f32ab29e548,2
1018,3c753cdd87bd9514288f94b3e0bdf3f5,2
1019,556c6d538832adf3779968cee0570149,2
1019,efa04a6672d08f947750ab81036974b9,2
1020,03312479889d0d94976ce6bf36198ccf,3
1020,c4ba4cf6734c445ab67a0502e2c8d870,3
1020,ec30d988e5f672ad8213bd9ce3ccfb3b,3
1021,cb687b230b429c51b48d8e3cd692bd75,2
1021,fd2006a180bdae7740b9fda40802402d,2
1022,85f7417ff5741fc33a777be9c17579ec,2
1022,eff384e3c249f473962605a5736ad7f7,2
1023,0ed15f078c58ef272f6cc18b5be23b79,2
1023,cb159c433c410934ed2216605216fefb,2
1024,3aec22b6157d35853155e1a546bd3c48,2
1024,856e7e7cb4be4f799403ac71af3b231a,2
1025,28190e0eaf9a1487250aadc2bc57a397,2
1025,4a63d1235b37a56c3b1d231a67c02ee5,2
1026,0a5e5bc2ab1fd3ffc7c85581d3f7f62f,3
1026,407be186847c2a64c0003a3f3e46aec0,3
1026,5a79d3eab72d33c99d07d7eaf04f841f,3
1027,7089764cfa12abc6ed8c73e4e1ac3d8d,2
1027,87a57b8efded2cc324050688b592b8d5,2
1028,3aa1f583dec2d7df8314fba4cdf709a8,2
1028,6d8a94c1a0e65a0cf0919c071cb34c96,2
1029,14bc570a9d9e2c9bba53e5948305a889,4
1029,25ec26c8b8e88b59291249919f051e95,4
1029,78cef5c16a542aeb5e6fcda53ecd3d79,4
1029,8670037ae0ec9ebcab0170ba0e70f832,4
1030,2e5e24e67e3dd0062a32d3701fc472d4,5
1030,46dceb4f3d66fe74604b14fd2721a59d,5
1030,7679bb8b03d60f08be3bf3e391aa0aa4,5
1030,8c5bee983382072f09485c65f7a7cc1c,5
1030,ddb7416d3080bc32a7ff6bb4ca1796fe,5
1031,0cccbd456b0b00fbb87c7885626fcfda,2
1031,c0ce63a3340c435bfbbdf032389c8a38,2
1032,21753b900193d8246f5d797c8de34fc1,3
1032,9a6802552248378439b72b65bb2e6264,3
1032,d1b36a084b002cb42c8d53ce6d27be17,3
1033,bdac279c7c30dcc6277b6720825a5854,2
1033,dffda014507eb853cbebe4a8311b2754,2
1034,72f4b89e87c03348bf25e10d93dde1a5,3
1034,a6055149debe4111aa4c1b9b759241ed,3
1034,bdb408ca5c5e867f7396044e0f1368c4,3
1035,0910cfc6439f0fc53c660a29cbd7b376,9
1035,4c4dd4d51429b35d71cdaf13ec24189b,9
1035,58986faabb32d6a241601902f61cacf0,9
1035,835632595ecab906544b7f97069bf6d7,9
1035,8a794d1971baa53db39a91a28bfa3cef,9
1035,944c43c7c28ffe3ef78350d2565d4b07,9
1035,c3a3c61604892d48080354c32a4fd286,9
1035,f8b941aa1a07fec0f37d4cc0ca59ab41,9
1035,fb7072e309c7090f3efd9ed957ef0c5f,9
1036,3d8418bba8bab4bc331d1bc876ece235,2
1036,9636e97c076e85002b199724095384e1,2
1037,156f90f5d312b5e915399757af79db01,2
1037,f2d6236606db5b957650444c518504ac,2
1038,136e87597b3df47d074ee1433bdbcae6,10
1038,2e87b7b3bb3f83e695eb47b5d9931016,10
1038,3d489b6181c4c0b00a7f61f91725472a,10
1038,3e9fbc0c39f7b69754dfa7f80446d861,10
1038,3ebebfec8f2c2a206602bf61d23d05e8,10
1038,6750fa05703d56c0d47387cad553db4a,10
1038,6d82800f4c9a305f34812ee6cd035d9a,10
1038,7756d2b4afb64e55cb9fa51da2246dad,10
1038,ce08f161d8b7b54692cfbd29562d7ff0,10
1038,d30e06df6912d1a282c91dc258467b1a,10
1039,410ee04d34ffff53f3495f2277ba55cd,2
1039,97fab8248126bacb930b588ae0f39a46,2
1040,249356d320df161af97ee64be466ab10,2
1040,7947ec3f03947bfddc1baba352b4255a,2
1041,767022acb2fc3b5a9502216580b9cd7e,2
1041,bee6247383798a15bc629a4a620bc5f0,2
1042,2bcf32d3cabc5af7042aadbf2c741fac,2
1042,b0df65cbb0ab7d7f909d908afcf29bc6,2
1043,5534a3eb78a1b8611273c2bc1999265e,2
1043,e5f5d3dec86db8bb31a41f9992094e68,2
1044,2e3d3eebb1a226ecade50b458325fcc7,3
1044,56774a519875bb53a76d97ef792568a4,3
1044,cdf0219e4e79884cb7f876b815ad19e9,3
1045,63b21b6a389948b412f846a3744de58c,3
1045,d6208d06d73f4b8b7d9193227c04067f,3
1045,f92275c923d023b21d4c171b361dc325,3
1046,2786ad37a28cf629dd5a8d39315cb2ef,2
1046,3314b7a49f92326804f39ceb566d64b5,2
1047,062f25a0b61a2b2b6f44a959dbbe38c5,7
1047,1be77765c9c7083edbb91168e0b18421,7
1047,2640f501344aa632199ab87b2810d9ef,7
1047,39b55a91ed8626eab1b2524f44362355,7
1047,651b2091f2d7c54a15a472117e6a6697,7
1047,b9d5c19343fa638ebd7c25d3ed4b81f6,7
1047,f1a62ad66b08a3280fad8b65d5619fc8,7
1048,aff8b2c2298a5608720ea674df2ef24c,2
1048,bedbf8a5f4742b075135bb15efdace56,2
1049,29cc4736a20faf6a8e90af7eb78e28ee,4
1049,35b20d22f190f2c974187be9a1cb80f0,4
1049,528d58b7a8beb497aa10830146b4bd09,4
1049,52f69b1b36bfe5610a05b011adfad978,4
1050,45dec741d810e199c705f65bda762d47,3
1050,a97a6e4f65d00a16eb02c419be3c2c29,3
1050,c551359425a734ca05b7b4c56c169f67,3
1051,52716c1846e4d9aebc53da990ccb2213,2
1051,e6db0c6a4e430f52a14ce176b3de783e,2
1052,167073fe3cf15dd5e66c50ba731b5a22,5
1052,56ad8823e4bab139058a690d6d4883fa,5
1052,c529a407927c986e9655f8e78e0c1954,5
1052,c86bc9ff8e21410097cf4b2bdec0473c,5
1052,f382b2177003a0a3df4847099f942570,5
1053,952397ee29b612331868636e49dc5e97,2
1053,fb40f04e7bb04d17951f4634d68ff6b1,2
1054,8651e7e23f77f586ce26f2a61ef71188,2
1054,e1706e7bab99c669a0cb0479b768e0c8,2
1055,5b1f0694c7e1f56464874c938e5108d4,3
1055,6e18709745be813111ea092ff5214583,3
1055,93935b55b19b824e5e94d8f6178e33f1,3
1056,b5b89cd31860c5f346fda4feba7a092e,2
1056,db2cae82ac36066a7f76e5281042b69d,2
1057,086ab6f21150adc9982f6827a14cc283,2
1057,fa9480ebdc4a47a401ef2dff473bf144,2
1058,37845abf2b4fb384a12f92d0da0e5d76,2
1058,53df1987570069127f8945636cf57670,2
1059,1da2671da469d5e17e25ab7dfdf3032a,5
1059,4920ce9513545f7d7652c1821f17288c,5
1059,66f6ebc01fc92d08a89a23bacabd51d4,5
1059,6aa4bd5d4464e2460e04f4119ec69952,5
1059,a7c916804f814642b6a54513865b33a0,5
1060,384baa9003a50cc2117fae0e25ce8ff0,3
1060,4aada1d6c9c0ecafa599b81a0724db21,3
1060,bd94247be2ecf6c7a35627ff56ea25ab,3
1061,27e104b21e4e399684002e0d4ef78441,2
1061,bda7d2a0bcb617b659e04e020e2f2b34,2
1062,452cf70ac8a890c1292bf8f75afbe3f0,2
1062,6cfb4d8b90d50a3fc688165d35e4c687,2
1063,359f40f1a2a62fed1b6f74a6103e1432,2
1063,69da0de50299e22186868614e1dae067,2
1064,04f735f61381763eb96d61ea675114a2,2
1064,674fdd60775c7e3ffb7c10f2e85aef9d,2
1065,1234cba9a14c8309eb28795caa0269e0,6
1065,1ceb65774966098d28ea18e9280bb3b0,6
1065,4efe26bf29ab2607e081af3687eb81cf,6
1065,76aac92b77ceecbf7e995c228010d01b,6
1065,8174608ff6c750532e02da125e2896ff,6
1065,85502844f23d095ba63f3e6630d93cb0,6
1066,50801d277b5ceabbefd5d60b6d1310d5,2
1066,578ea3cd658f13ba3bf05efbd1dff6b4,2
1067,643d0d0a4361a4537360bf9d53f1e982,2
1067,947e8d62a90238f4ac0333a36eceabc4,2
1068,d4ab9244a02da1ac738328e21d74cd1f,3
1068,dcfed68c889c1ed9d5bf9c4e63b0e7b6,3
1068,df92974d8d80c8014b5a004f45d20d4b,3
1069,2354d165affb0df79865190bd22ba8ae,3
1069,637ed942acadd3b3d2c73d5e651e941e,3
1069,854c707c81d64a99ba75f7a9428d5ed2,3
1070,40069bdec3a4624b48e79c198e08b4d5,3
1070,ca812662b3d109a7f992a65233fbcf58,3
1070,d899de04856f9304f6e23fc4aa705caf,3
1071,0ed2e9afbc728d77c3803ffbea61da5c,4
1071,49ccdc69cead28313dc858db7ab1127b,4
1071,7ce6289325c76a31e2268384cae73d3e,4
1071,e0f5f3c58cef003ad1dcb0d2bd78013a,4
1072,269e5aa352d0b36cd9599947984214f8,5
1072,67c1e1f71e2c48ebaccac6e7b53e7514,5
1072,c4a92f40d05dac8bec7c8370094a306a,5
1072,dd3aa7e842d508204109f99fc04510aa,5
1072,f7f57c9187d4499d190be443c4f02e22,5
1073,4c840b64e4dee9c63d62f36bf6e7e005,2
1073,6b423be2bd6b369886533b02ccf0976c,2
1074,3e01054775a94f6091c4002f0d6627ff,2
1074,92e2f4f8eff640448aa3c95442de5108,2
1075,b39fac4fd7e5b288ac63ecc656ea99f1,2
1075,db0fec33d8a0aa58dca9696f1128681f,2
1076,4948d398d74e24bdbfc319a25b52e21b,2
1076,b4b413017da9f9a5fd7d98b9578a51b7,2
1077,870baab90f63da75bc40d884e261370f,4
1077,8d18b0a8316c5605396ce70129e36bfa,4
1077,9466e2eb84406125019602b7596972cd,4
1077,f1c8421375b05485d65a1642e28d1176,4
1078,368fdd388808c2698aa1544a14949110,2
1078,e1e56736fe44b1972edad09a86b3de13,2
1079,0ae895b9b3929c19b2d93efd0d6bbf2f,4
1079,28938c25bfec1e5bdec5658772a20993,4
1079,d6b3e2218aa9aa2d899bde7c3d5a8077,4
1079,f57bdd46ec6daf70d1134a89489752ac,4
1080,1465b350cd0f3102e05c522e2cd3e9f8,3
1080,90aef8e218efadfa1f99a987246c2d2e,3
1080,b53f193b313e95e5e7a9f1d843a3ce90,3
1081,239837bad9f1b219f302df4b365ac0b5,2
1081,c31576369529ca0ce09d2eb67df0931d,2
1082,2a48cf6f2b3f3c616ea273b3cc36c3fe,4
1082,368b65e7f20542084803031dc40782ba,4
1082,7a17fa99ed03bca31053fd8e53bd3d69,4
1082,85b039e16bea5b0f5fd2f22ab7513ca5,4
1083,5b8652f3602f0600d354611c4aac91e7,2
1083,85df13f4f4ff10ebc2098881e0de4bda,2
1084,22bd9ed9b539b469c08f6580d7e18677,3
1084,a66f5873d3d97c4ce2025b20badf4e71,3
1084,e9477c5b2e8016d2fac53eb142a68045,3
1085,a437e4ae0acdd5ffef814980922bc835,2
1085,f469611ff3e3e6f2b7c86a94b8ec362d,2
1086,b7c2453ad927b9dabf6acb2a16ca86f5,2
1086,f1b91a576cd46f73d2c78e6dd6c1ecf0,2
1087,078b400f447c3334a6f6baf1a847b659,4
1087,328a5ae19e48baa58a013046e46488af,4
1087,69c53cce956eef6c4ceb5ce96e74503e,4
1087,967db6606ec2d1ac1ad111504e06d34d,4
1088,2509aee25570314d68bb6ab8675aca86,4
1088,772e4c46ab29ba89ace76a2c11365e56,4
1088,9eb11da053291cae3621b23674e14b58,4
1088,b27695d27e36059b2d0b61a451ad499f,4
1089,bf3ac455a1e4b90b664129e0e36ebea8,2
1089,e6d3cc4dd26714e3fac376e8729a3697,2
1090,8cf0765d6112f62d6748f23b524b86ce,2
1090,f5452bd8e9f57fa87c809811413b2cda,2
1091,200fc09daad19eec0c57324217c81246,2
1091,e5e6cb1bd9f9b1f61e5a01c03b1b13bc,2
1092,0e1f7f250b6afc57c4560c1f1b6d149d,2
1092,d4b4a855595db37f5b74197ef47253f2,2
1093,394d706edfa72be3dd9a9514fc69f99a,2
1093,456cc184135c93bb6ddb955ab868579f,2
1094,48f2aca5a841c656da3ab35a9349a157,3
1094,7c64efb78df6c3a80eed13c3d737ba3c,3
1094,b7b786331f1ea41a9357879138365276,3
1095,7bb93af9ee9ac571741a9e9e4c3b1535,2
1095,99991e0860bafd42fb830f6ff498bc64,2
1096,42f1c19ad887b1a53ede3fdc1f5346b4,2
1096,b8615ce427c0554c224c4f5639f791e4,2
1097,42374f713a91a2571c8c6ea0e2e1cf82,2
1097,8345a39dff031779a417a305e3aa4bed,2
1098,1f280ac644e0a09bd65c6965452072b1,2
1098,854981f31ed8700764f5782f3ea3bd75,2
1099,c012573b31bf02627c7df645da98cbe1,3
1099,de429a384e16ee8c39389c203746fd87,3
1099,e63d0f4d1945327b78d6a525e54dcde5,3
1100,97a891ffe4d1d08c7b30e0dd487c35c6,2
1100,a417db37ada83fff37a6fdc825a63b36,2
1101,1bcc31f21488d63b2198cfeca9453d7c,6
1101,2416b8bfbeb125179810397b712617c0,6
1101,519a9a465c7da19668b11e2a11171fd6,6
1101,6bc90e557dcf154b735c3bf2f74ff0fc,6
1101,8b8ffc966ce1682ff1a90dff8ca735eb,6
1101,db36874eacd476f973e74b3ce861cf37,6
1102,0aef26e4ea3bcd7fea48d63ad04a2713,2
1102,fa35f44c49f6e648d5cb0ef553a3e937,2
1103,78c8c98b7bef1b247f90d08df498feff,5
1103,7cde11f3f2b1f79dd687d21d09aeb3e2,5
1103,a7e0ea63df2527975c96673eee3cbc4a,5
1103,ba85f88936b92ce9fabaa079ae5768f1,5
1103,c8c186fd1ab142e8ffc8ae6a6c30b9ef,5
1104,0940f058fccd19e5ff134e3cf977cc53,6
1104,56a38178bff5cbfc0f5d99999eeb8aa7,6
1104,89678ad9eb6adc24ed3a37eb827d27fd,6
1104,ac4cbd48cb7c185709cb6185f9e158aa,6
1104,b91e5e68144425da55cd8e16c93925d0,6
1104,c3605a14634ec0134a5e47a057f7bbbb,6
1105,28cafe52b62182a89b1f730c91c0178d,3
1105,2b9058905e2d1469d69d2f00a6847b26,3
1105,38b205b3b7d5d7bd6a4b85aa32ac6f12,3
1106,a51a0dcdd60444b723db1236641d33a5,2
1106,d9b2b2269e6bbc79670a7378d69be969,2
1107,1b39401be0fcb5c8426172c633c2a672,2
1107,46db5a460f7aacdb45c4ac52f349087b,2
1108,17d899607c0f350082bfafe2edeca6d5,5
1108,1ac032531fa5c80e8c72cb1c3bd57bc8,5
1108,b467f5c2b942c2338bcb2169b2057b24,5
1108,daf9b579eab6d24a27208ef4e2185764,5
1108,de8a9922fbf7bdbd0714bab197b5da61,5
1109,0182f1531d57c69739f230b897654c63,4
1109,a0509edc05c27a899d64e67950472747,4
1109,ab0a89b7862cf5d1fd8e0c1cee94ff1c,4
1109,ff3f472630381587228aa66e8c291184,4
1110,042df1ea5d2cbdf4f4b23f08606a8566,3
1110,8ab22a31dada110d4b837ff5bf00819e,3
1110,922a79eaf3a3099c945c67aa7c5f1ebd,3
1111,0bae8bd030eabc8296663172d28ec989,3
1111,32d41d32fc5f0779f5d94775ab118c29,3
1111,6a02cd76e9d28b99e067f37714afe810,3
1112,01112e2826fd95a20e5076dea0c3405a,7
1112,18fdf52fc018305f1a6903c7965db0c2,7
1112,40b99c05895cbf27c0bbf894088059a1,7
1112,48f01e59b18880b30d0c363dac69e95a,7
1112,4e5918b3cd7f55db713968b3bbc04e6c,7
1112,7e05235015c6b24cae587ad38102279c,7
1112,90d2adaf51f7d679d11f062070472790,7
1113,25db5eb0944405c667499816bab06e6c,3
1113,6339b07c6f7a6198ded884e43ebe8383,3
1113,c9d33d864488e907deaa48e9fed57b87,3
1114,8baa25262cec8306316e6cef9c29d2ef,2
1114,c89adb51da17911fbae11e4d8033bbd6,2
1115,1be94a00452cd6793f9448ac331df8e6,2
1115,ec7f543f2470cc3ecea79101e926f915,2
1116,b8146130783ddad888a7e31124fab0ae,2
1116,e0dd3bf87898cf4fb9abab7eb39117f6,2
1117,8ad8502ae8f2b2b6cde8452d8fa33b01,2
1117,d2c028e0455d83f3bcda3b5f02139de6,2
1118,698ea539a2fb3241644a2540bf83c6f7,2
1118,d931a62094801de0cb1ecbabdcdfa6c0,2
1119,09aa0f6802191734e216c1d089f1bcda,4
1119,2966c23d193089e7c03129e65a79ee9a,4
1119,7ef83b29f78b0058c482b451a989908a,4
1119,b04f5a4e50765d0d36ec27b90e71637a,4
1120,97926e96f31e82b7163c34afaca01911,2
1120,eed556b72718c12b7c6d40c6daf0f8d1,2
1121,4a3004520b76a18226f3bd7d22960f9c,2
1121,dd70dc2013b283f49e31c00fea81c2e5,2
1122,007774890c3f2ff01fc9f179ddbcb22f,2
1122,684ac673226513d2c2afde2ca17395c6,2
1123,33513cb4d8ac20ef89d264b7cd51a0d7,2
1123,e0f00cc169e3b1d282be833bcc0d9153,2
1124,5ea353d114831a5e389c19567ea5ede5,3
1124,6b5c4919eea10ec827fdecd710edfafc,3
1124,83935005d64f4fe1e99fb3ce168acb88,3
1125,73e83c2c9c8906cf90154279fa00ffeb,2
1125,dd8de44100a8e3a874016905431a6031,2
1126,1aea352af5d8f1e6b532fe1c19985181,2
1126,dac536eb6352c48038efb97ecd5d3b61,2
1127,30f06dce0d8574a9ac5e475d1844ff52,2
1127,b34260fd8b5124669543a3f3b9ed04d1,2
1128,1f80f8e754812f1cf4f4320be90ab5cd,4
1128,51fde86fc62723371c9500096568c7e5,4
1128,61ab526782ccd52c204cb2b301cc1fec,4
1128,d89056e35bb1a4387b8693cf53705cac,4
1129,4f427e5e2af9196679fd0f6a801357d6,2
1129,6b51c0605403675e95931de8e3e2282e,2
1130,744f5ac7a90ad9e1e17478dc55fa1f84,1
1131,57b14aa7cad8934fb22662f55148e866,2
1131,7d1f53c9b03de6b67035d0db88c93b2a,2
1132,0fe46f965f1d31b3ce3fdbcf1661e21c,4
1132,28bdfd117d73a8d5cb379bc664318265,4
1132,30e37b8001363af124273e9aafeb4cd1,4
1132,f6f578ce76797b4054715237cf4adf11,4
1133,887a0143bcfac432854a52c95a480e8c,2
1133,d808799369bf2be03adab449c34aad2b,2
1134,2bb352933c09bc37eb342a634408160b,2
1134,b9783a5ab4638caf2fa222d2da4fdbec,2
1135,4172580814aeb73861f0457132593016,2
1135,fc7e13e2a460b0012618097a8cfbd5cc,2
1136,3b47f361a385e33b542ddffa3f563cef,2
1136,cc300c6596919b24c7cd3b281a00becb,2
1137,5341c0fa3aef509b4128cdff4f8798d6,2
1137,810484fcd63c38fbd22b2d75c13f6b0d,2
1138,6a60e4b495fc402a2f9bdbe94c735f48,3
1138,73a502fd5a2130f0d31726879e963492,3
1138,8ab12b9f0f88d4acfd0d70f43338c1c2,3
1139,0956e65f3cb63657351edd98d290f362,2
1139,51249e040c28ed4dbc51cd68426cda57,2
1140,174ea3ef83ebf2d37f4ca0543d0538d4,2
1140,3fd0f7435ab3fa1dc961d6f19a240f41,2
1141,6632bc355add2e7ac13ebba53bca17af,2
1141,832589301b46a0a9028acff8afa12c32,2
1142,1439a2c79a4a3b6b438380e92ff7ccfd,3
1142,c1cf08c464e5209fe43c32c2f5cfcbe5,3
1142,d711d544c2b6ca6e9bec5ab0b38fd896,3
1143,cab54e0d58073805cfc14ff3a54c685b,2
1143,cbc56b6aeecd57e1cd0645ea6f310914,2
1144,2818653ba94d708553161c01f79bdc72,2
1144,ccca24d647c4ca81468866ecf97c1d35,2
1145,33ecdf775e59b40d7049bca6a6235f9c,2
1145,eb56f5e31b4d10dac0a1ce8d0063236f,2
1146,77367b9fb4652959a3954d5fb59e5878,2
1146,cce7e1d0eae0fc1bca97fbae8333713e,2
1147,2d8f03cc85ad7d08ecc467833b7b03cd,2
1147,6dff54ac27b6836f485359320c8d79b9,2
1148,33a8115bf414092f9a36c3904d277bb1,3
1148,905dc2141a3e5c2b05425bf89b53124c,3
1148,e376c287beeab445208b93ac83380556,3
1149,9ba0fe17c6963afa874fc800f56d673b,2
1149,b2a4b91166bb57a8a672eb87b6dc1f90,2
1150,3be5ce246af773e8bec34e4b94dcf128,2
1150,72dfd704575dd809bf59ce6edf7f5464,2
1151,04000aa84a824120edff6fa5cb529e52,2
1151,cb1a660d833f75cebb8674319ce32bc8,2
1152,6cceaa32195080d6f5fb09c0d24bbf6d,2
1152,a7c1ea8392bb0dbf47762c8fb348cd68,2
1153,189e1e77471eff5a2851316bfec28483,2
1153,c827982936aae886e2d0fcaab2984985,2
1154,21b44f48addca3f35a7286c4beca5f42,3
1154,8103f6b627557d9630a1c8b61d1729a7,3
1154,eae8e239ae29c4273cb4addacb3e2340,3
1155,4ac11b48f05775e02dbdd48b6c27ce9f,2
1155,aa00d6218d9b6edbe1fc7bc1f334f042,2
1156,19575eeac8beea48b931dafa4d84ba4f,3
1156,73ed932e6d7910fd516cd24c548724b3,3
1156,ffe9465d4e1324690eb695538bde314c,3
1157,a64e335d06d430a2ba7b9eb8958d87ed,2
1157,a7160f519d7b78bcb86b6fe7e47ff950,2
1158,33917b3688d0d144bd20c531e437db55,3
1158,9795e6cae57ac531477801629a15c863,3
1158,9bcd616e8049b0aed3677e5c3e1d27d3,3
1159,e09b034d3d0bd3029f326356ac06f2f7,2
1159,f996931fe28f5086bcdf8b7891ec49f8,2
1160,08cdb32542156bc067bd4556ce14b5f0,2
1160,6b80d2ebfe68d28a3f152e443c2ece26,2
1161,06100e457938e2e8dbb61daa874f0eb6,2
1161,50c67e85d9557fdaaa69612ab98bf769,2
1162,a4a882ce3b44cfabf9f2ab940bf3a444,2
1162,c1c6f2b2f734ef3c61892f4aa9e35587,2
1163,4114f955b12eb5e63851e76e53798a91,2
1163,5f009e560a7a3cb516d4703b71cf26bc,2
1164,b48d8574a9a006a45ef01f742e481478,2
1164,b8d02d015fc929312f77dc3eb916b234,2
1165,29579024e10a76bde6eafc5668a12f41,12
1165,2e39ffb99350d9d7a91883d1302186b7,12
1165,450043b6d849ae83b048c1abbdcbecc1,12
1165,59157f07df5b0b10f5e4c2609c66a5f4,12
1165,77099ba2496db7cce1b2f3250ddb5f30,12
1165,7d9186992b5e1cc1d97f6bbe3385eaa1,12
1165,aa800e59027053c04975304af868ace2,12
1165,ab41c7cd8e23c2fbfc2a2da96da779c4,12
1165,b5213162c6f68d65679346d31d0c4da8,12
1165,ce0075cfcae73f629c7016eff6496bbf,12
1165,e0c72abbc98e372aa8fc67925f9d9a7d,12
1165,f43d6f9e2b0fa9e78480eb8ca7cdce7a,12
1166,31d9418703f214568b6626c0a48a7b98,2
1166,6bd50342e52781aadbd32d8bbf594dfe,2
1167,05c8ffdfdc56c23f37b9da24e4c42420,3
1167,1f091e7199277b9e8d2240644f44e3d7,3
1167,6fabed7454d41077b7429474b3efbdcb,3
1168,47f63e9dda2f1b9f99516a63d39365bc,5
1168,b519824b114fc965e345b4f0f7a274ca,5
1168,c7a5673a1a84ef6795a1170ec4da73dd,5
1168,cf78cf1705949f5741d999cfea8ce2d7,5
1168,e1dceddce77a7f9d8a728cc278ac9f17,5
1169,22ada9b28fd9037343e0993314fbe09d,2
1169,e70803267b3e1f38f50bda3afce48145,2
1170,001604bbc63f699d03f8f1d16ac54ed0,2
1170,72aad330a0987c1fc0a83766dd4bcad5,2
1171,6f54bbdab6ea917a242462abe37df5c5,2
1171,d73bd3286d6b471e32b086a3c4e2c4c4,2
1172,3f3658fce96208a026e0382e5356cb73,2
1172,ade649aa24e7439b58493ca281cd71b7,2
1173,9d0e43afde8dc8d9e1a19d76c596978a,1
1174,44896df9935266a7f6f240113d9e70d5,2
1174,d9cad6b0c464a2bcd998c4d9edf96e73,2
1175,25c7e45ce8325d4676a7046a8d39a5e4,2
1175,fdd62694debeb51ebc5231338dbc4b73,2
1176,08589a46b9fa8bafe2388b09db25ec74,2
1176,1a619500f4d9b6cb2baa57c5e6e7043f,2
1177,4f9136a14b1f99a84a8c5f46c2849c26,2
1177,df69a1147884cfea96c89770de4cc32f,2
1178,25d23da7510d09ca6ebfbeb32885404d,2
1178,99f85d5e2e6045f2e57b9c5fb1323145,2
1179,16aa32742ee39dcbb1b8d3c7e49b55ff,2
1179,fc27f49403c4a743ab7205bcae57fa6c,2
1180,09d6602c65b76e8f4157a06f5638c874,2
1180,28db76f30215727b8fc427b0976b467c,2
1181,15511ca1569fce4b9d77d1c415c5a036,2
1181,c39adc2f62fdcbe658930695d88db636,2
1182,c9f78a0ebde587bfb84a3613166d60ad,2
1182,e3686d086c0b499dca5dd141f424523c,2
1183,15602e719b2e94a8a3981b6b77ce9324,2
1183,e5f687461f71984d30e1afacaa7db4ca,2
1184,0bcc40d5f6e29c5600f9b499ffbb79f5,2
1184,bc580ed7bc0b3155f5945608ff2e44be,2
1185,00093e324a0d7f030ae21a66d366c318,2
1185,1aed8d384f8533963a5cbd5d8c3bcdad,2
1186,41cb7a9a3cad2baf0fb0eebab9651b7b,3
1186,873de1e4757bf64f0d38a54431c4a9e8,3
1186,cda10cbea742243a4d03b37f11994d4b,3
1187,212c5ae798f78f2fc59eb285592e6253,2
1187,cea6b5bf1c13300b3d071d3e442e9a6f,2
1188,627bd27e13bfbee5e187495421836ad0,2
1188,85e762eb5767c9e18c673c42dff547da,2
1189,1dd7d55fd799cce47a9cb408015a7af4,4
1189,7b9eede6e35b116c7dfd0b15b2f074c3,4
1189,d16b699cad191c561ed9ff3a44b02bd0,4
1189,e3e28b8d935f9ac58631cd03b6b2423d,4
1190,0d2427f26c8085b2153bf49d4d2ac623,4
1190,1008d8059cae13542131043b8f3c490d,4
1190,2a11b27f92b2754ea63b8b95abf03f07,4
1190,d358230c2c1384f51d28d4c6dbc04bd2,4
1191,16d671afed2bf0cf09c362e346a2a07d,2
1191,8ab7d00c8978bd31de57e22f563cfb85,2
1192,0b5c74ea777a66328fb4b23b70584089,2
1192,e3113cd019e0938c977acc66bb362b6c,2
1193,0bf5cf0896109b5839f2da4e82cfd3bf,2
1193,3e9152f964d15c00f2c3d2408c3063c9,2
1194,20a2e700f466dce94754d59e6bafc527,3
1194,71aba8f6390a0fb0b0a58f3945e15dc5,3
1194,a9b33c64e746a9622a45da61ddc3b36d,3
1195,b17109eea73df3ae25bb470164489c14,2
1195,d53b9576c3b37626cd108fdc35a45d50,2
1196,1692ff67607950c300e95d02c7a39888,5
1196,34f035d2f06e8edad030cbc4cb91bfcc,5
1196,47ea2eb4ca9042f36c74591eacf9492a,5
1196,7d0bebed90f2209af967e3516e97a028,5
1196,a1b966acd24801b699c8200d07bd9930,5
1197,287e181d33cd82df7b48909c22a2e5a1,2
1197,c068c417d19bb8ce2d6fcee01e0be511,2
1198,0cce5bac3d565f0b90aa17d3497e9a97,10
1198,5f0f74476ec04d68309c19bad842927f,10
1198,6f4607c3d3f389e3ff308e34685e305e,10
1198,8191c778f2235edd3f412d79084e0eb5,10
1198,93d6b0e9f1a0c89052e63caea85ee273,10
1198,b713fba008fd920122cd33e23f9ac11f,10
1198,c6aa4eaa991e19fd16cf2d0c4d1ba304,10
1198,ce607380b620a5a0223f5ff6ae2d2609,10
1198,d768a8e09bcc94d291061cadab0f58ec,10
1198,e59220d22a745e04ac4e3f4d11ca50ca,10
1199,09a9aefcefee2463164924387546bc01,27
1199,1218704579b81a80bfa2191c33e33789,27
1199,13a12751068134df07e96bd7c4359c63,27
1199,201a3c43457b1d134948455ca83d14a6,27
1199,2734aeec654c02dbfcd275b6523abc78,27
1199,2af999e1803049dc03fcf004374fa719,27
1199,300e093c0f41c01559edafe41aef5ab2,27
1199,479a4dddf95f63c33e3dce43db6685ce,27
1199,4b9c0489db450e7f7377f6dfef40a781,27
1199,4cb1727bff77a9c1027397e18dc6e8b9,27
1199,4ddc6d271a9670dac20ac91c075f0537,27
1199,5a5bde0c378617e5b55a2b8330f4f001,27
1199,65e81ed313c4078cf80c6fca4a679b2d,27
1199,6a45b8c78da3254e325c1f2aafb52ba1,27
1199,a689c1eb0c222f40f4c6f13a9a90de38,27
1199,a829e8b48aa1a25922e65543220695d9,27
1199,b22ff41a2ad26394996d80412b87305f,27
1199,b4b3c9763beabfc6d8809d68614488b3,27
1199,b977a32d861eaffcfa313d36713e2488,27
1199,c2d0adf619cc2d553b9787902beb4ad1,27
1199,d4bc35a66722c5dc09334bc73c12dddc,27
1199,d4c7b97ee228ac8b68ffc04e325c6746,27
1199,d690507bc116fec72c46832925fa6851,27
1199,e0c916a60291c12be8c2646c10d5f231,27
1199,ead55763b6fd6e0a24f70e5c9eb51b3a,27
1199,eeae5a50c264de268b95506ce53708ca,27
1199,fc557cb870793a56a3454c44be10e1ae,27
1200,0ab7e9f7fbaaff48a8ee29bc4a5f0527,4
1200,5984c268d0ee810364b74b479b1c9ce9,4
1200,7bf304a559cc6e86b9b3f40eaa014e71,4
1200,e0fd1eb12daa4abe300026565f763428,4
1201,236851690d3fdaa39419a177a85706c1,2
1201,9cac1ae1875f1e83d0e3d70e65e76dd2,2
1202,39e9efd78e5609dcbe5001f40bc73e5a,3
1202,69861ece1178119b96dc9d5c50d7711e,3
1202,6f913704fc91c6b1716c8359d2a24272,3
1203,c54eabaff06e3840e2cc848bdd655d28,2
1203,e3f5145e172e615e72b6e64747c42e06,2
1204,217475dfc1d22002f9c57a62454ab253,2
1204,5dee2fbea897e078cbac383348c2b85a,2
1205,8fee4309bc0cace63646225f43bb9c4a,2
1205,9e9d367a325a4f30896bc1c50fb8da3f,2
1206,24c2e26414d43cb65ac7d73d37f853d7,2
1206,3efbdd5d0fbb100f39ebf9ba3aaed9eb,2
1207,26a8f0766101b9ff8d1162c74f6f28cc,3
1207,a71e959ab779e6e5e84f22204e625d62,3
1207,bc4a255a80189daf80c59a5ac8640a63,3
1208,4a4789aa8c9b830bcc78b224079285af,3
1208,5b5c0dcd889f942deeff858f24570038,3
1208,d205a4ea65ae48caa63933e50e86a423,3
1209,83ff1bf9f5c863c9b9b55f928ceced98,2
1209,8506b676a621bb87638890978604d19c,2
1210,3c2ec9498fd15743bb017b34c40a2e0f,2
1210,a1b33cf8c6151ab75cadde65868973b6,2
1211,11e5b30f3f10ed90de397dcf2ffcb634,4
1211,12d807d79b8d810817ebfb74cdbf232c,4
1211,4881a7ded82daebe867a8f6e19b6ee06,4
1211,4c9d072266fb23453387369e4ed672b9,4
1212,cccccbd092c4eec42c93d38d510534a5,2
1212,d0bd3106b1f37ab9ac0d6e5c86699ddf,2
1213,251b0e8b6aab49062789223d1139d813,6
1213,51c0f7f201e161c0a4e3c658c8474620,6
1213,5b2f7a6b67ffbb86c32c07b355852eda,6
1213,89565551d855cba30bd548b01507ef74,6
1213,e889263f5dc4663a5a01e13873411402,6
1213,fdef680b1bf7bd33ce1a1860ad62d7d3,6
1214,00cf2d99abdbfcbe870fb70259e17e7b,13
1214,1568504b577aefb758f031add01d15eb,13
1214,2cb1ca5bc4328e5454babb446b0aa932,13
1214,399bf9c2d498cf17c1a9c87f896396b4,13
1214,520dbd9ea2335a5355b370d6dbe56a40,13
1214,64ba384dd85cb8cac0f33a481b89c6c7,13
1214,759cb00857e1789a48b80c4bbcdd2967,13
1214,785ac8cd6cdf83faeccc5de631f33c38,13
1214,7b71c82d78838b96f036892c503b3dde,13
1214,86304726a4d309a278a1625d4e686cb9,13
1214,9853bcc340bbbcebd57b6d2d6088a095,13
1214,c341b5dfb9c13e8a453dacc4c0f69542,13
1214,c835bb9c8616394d3640a9fbbfbcfa4a,13
1215,702341a4138bd26f3b378f6af7760dad,2
1215,81d6fc45fda243e126881af9bb9688b3,2
1216,3c791861235ca1795794e63bab18c0bb,4
1216,a3566435edc62a0fdf75a2a7749af172,4
1216,afaf3d5f06726830de880462aee610a9,4
1216,dc9babed629ebca76f68ee25c73c09cd,4
1217,0ea77ae394b7bf9fcb0b8d3bea62c2ed,5
1217,6dd34400e168476acc91c1a18d5aae14,5
1217,7c6f779f126281192473f4f1c3bea227,5
1217,9351db53d1f73c72ee8f2585b7f2bec6,5
1217,fbe3705aabe6d60e70f0e1b0f8a0d6fc,5
1218,2dd6f1ba479a4f023ad3b30c27a3946b,2
1218,89ac1ac86da3f8613ea6013343bbb72d,2
1219,9030c4a4cf57da54b7e5dff066b491a0,3
1219,93e96d56c428e2fbfe4f72ad0068584b,3
1219,953fe9b2ec1ddae8e3a1dbca9dd5272b,3
1220,49c31f68c896b3045dcd85f9c7d68398,3
1220,c998c10f434b642fa5df1a84fda9ec45,3
1220,d578261b450388e2ab808b9434efd848,3
1221,0a9b3d5f2798f19bc923de0a445b1fe5,5
1221,5c6b6555b26dc66a0b3a1d8d489b49ea,5
1221,7f652bc3a2f5766dd5f657574c590952,5
1221,cf6e83fca3f0551e23aba70718268f41,5
1221,e65957c4488c0b3b3d008580408b7c8c,5
1222,438323f14002c0d26d96543572927c00,2
1222,4705b53aa8df2bbb71fb516c797fad82,2
1223,54504e121055df77fb9bb5e4da8d2cb9,2
1223,d1f4fdae135b1a078f91958652d6033b,2
1224,157c8f1e6fd5bb8e23b50d7489c80499,2
1224,80f681d7d0b1691e014ae0ef3f2919ce,2
1225,60bf32620d129f86ffcdd6e37b6dae2f,2
1225,dbfdbae6f3644df90d0b501fb8ec5508,2
1226,02a4d67eb630995c975e47930de3e748,10
1226,1322c7ca9056154c35424071803772f5,10
1226,2158602085c336d518da81f4f2847190,10
1226,227a57fb2d95f0daad0053674caee0ef,10
1226,7573a14cf52b74be330f443aeea0ae99,10
1226,8edac03cb33794d207ff24e6dbd2d370,10
1226,9a8e7086105dfccd98272cac5fbd9703,10
1226,a46188e10bc92e4afc111b86ff942d14,10
1226,d1b699a1e0b30abc1cb7b053aed9a4b7,10
1226,f996c677be42781d418373a537803ea6,10
1227,5d499f672e01d368305397f4f92a0abf,3
1227,b8961492df6ccf1496cb61bdea288e19,3
1227,cc5336e689b1d367df4d46f533c72e4f,3
1228,06753a82c9e9705cb3e450b76c8074cb,4
1228,40361e74323eccdec890f87d7faa9060,4
1228,8ec5fadb6ab5ae799ba678ec3b57f9cd,4
1228,960585a02e23071b43ff27bcfe36ef0c,4
1229,0b16dd815e90be0d6d5cdb9613fba2a8,10
1229,14fb247e80554de7171da1867fb4f65a,10
1229,44d072e8bdf08283857ca31fe90ca317,10
1229,4ad6aadb59c66c5f58ff23a94155427a,10
1229,54ac1727979a230a145c47f775ab7120,10
1229,820630ab53a1f9b18b1e1984e83d79b0,10
1229,a0e841a96215b9f6fbf58a5094aa1ece,10
1229,ab0b649976a49aadb580754b7bc50a08,10
1229,bd2cc3a3cd0a6d03d41cdd89423b468e,10
1229,f250a370a7d5b598e57c5aa80d57ed50,10
1230,39106d0387280422f9b006875aed9b71,4
1230,7d5f51d73c813088d129fdf18d3fbc77,4
1230,c6adc25c4c273f6620aae4b35103c6b5,4
1230,f3ed69e940ac0319d10ce57c6ca7b010,4
1231,19327fdc81e155f73df11df2befc0faf,7
1231,28db1203ee81333cd1aff3f3fa5b14f3,7
1231,407bb52f77d1e2fd378c76bf085d35b8,7
1231,49d2a3afc4e3d8695d082ed878082894,7
1231,b8c748d077c66d9be47fd3cbba3b13c4,7
1231,d87f48a5fb4fc5fdeba1ae591ef6ae2e,7
1231,ddc75afaed320476e7230b8b5326bb2c,7
1232,0034f711b5e8cea84ee936bd53202c0f,3
1232,8c78998d63f7f7e621c9154c974d4f81,3
1232,ec90625c07f9f44909a942bc2bffc570,3
1233,9a954b851508d95e3928a67de9ea2167,2
1233,e602c0d2bac7f346ba9b378056e878da,2
1234,1572bd3ddfc7d8be6ef7aadb613277ca,4
1234,56ccc7bde2aaf1e5dcf10ed15d3a1be9,4
1234,6ffe86629e7883eca6bd83d16deffc14,4
1234,e233dcb6a6e7550fc7b83f6a7de0e3e8,4
1235,401ccbb321f8b8c7daef6828a9825698,3
1235,92b85ba5b82b7805b219a9332ece26ba,3
1235,e15fbaa4f821c7e9a06e14b619d08ed8,3
1236,94693687814d88b4f4dd61b50cd30ad6,2
1236,9de6f923c9089ebf2be07dcde7539d54,2
1237,0ba6cc478d29c42bb77dc523e5018df7,10
1237,29accf3d7d7ee69168052846934c5984,10
1237,2fb254d2502a192d1a7fc6d234eae82b,10
1237,67b3768fa9490c10592712d76a6ce568,10
1237,78d342f62c15bfb0983d939e451eff01,10
1237,7c70cda2e78852621bd509b68e0df878,10
1237,c1d7e5605f53b0b3012671d6e4d80664,10
1237,c33e4bbbe548d5ce56a610c3e100b060,10
1237,f1e9526aa2d57ed25bf8084d856daf80,10
1237,fcfd9ebacdeb833473792b4fb4ef5aa8,10
1238,6e6282fdc9a1c51abf181472640c836b,2
1238,d296b7f4e1fd8831ac01bddee09d4c0b,2
1239,0e5a200109485331273b1b6c6ccc328c,7
1239,11dfe445e4c9014f583933f06790ee5f,7
1239,2cb7e685b500770fff0132301796f7ed,7
1239,414ec24eaecabad2f0ace34dc7a09185,7
1239,7e674585de549bd78421f62bddb5e457,7
1239,8a29164c02b79d1fcbd6edd060db2fe0,7
1239,c6433c0cca50dcdb2cd2076a0c079d6d,7
1240,7b7b883472ae53e30eef7749240fd405,2
1240,8b7968db0383d6e59b7ec6f620495c47,2
1241,b3675d1b7ba8f8714c4ed161f9530cb7,2
1241,ddae378d4e4d327dcb8b2c2976820f05,2
1242,634ba448c8e4428e3b8d058e2d1bc62c,2
1242,7adb63679575161387f2fd7899cd0bbb,2
1243,2ee65fa6994bb0b43ec65f9eec72f598,3
1243,a7991f8d58ff58bbde8925518a1e1708,3
1243,ced51eb3186dc33b29f011c1b2fbc086,3
1244,6e2f7b233676638e590804f89abadf0a,2
1244,bdd61ec5205a48666e98e94f300362dc,2
1245,908a09b69c6f37482ec9d126559b5571,2
1245,c2e94384d35e3b5835f0e0cb1b3445e9,2
1246,7b86a17dd017b8ad727b611731df8110,2
1246,f701e945e7dbf2b6bd63968586006057,2
1247,65adba58ac54d767b95d7e6054d7c1c3,2
1247,96bbdb864d69565936887c39557fe458,2
1248,4faddb58ee1fb771727ef23a17af15e7,3
1248,d04af3380fc0978b033173aa944b1049,3
1248,d5939dfc45fedef4291276b098e3abbb,3
1249,4c7de97f0915743f1c9b29a331ac3ad2,8
1249,7dad95d677e21ff41520583cfd06a494,8
1249,97113299d79dea2f6c699d0ae1c772d3,8
1249,b00a0cd63434f21bb7d953bfdf1a4e58,8
1249,d3e6f36d31967891e3e4403546927764,8
1249,d3f4592deeb8e28f0b95dbc6243ed93e,8
1249,dc3f77bff01ced0f9d00aa5650dffa81,8
1249,ef9e0c5631efc4a67957064b59941f36,8
1250,4b64953c8db00395a5658c70e7899b0c,5
1250,77e40fe1822c6ba9c9f4a3e1d4e47850,5
1250,c29dc3d20b318c5d7fb9c44b42b0ace2,5
1250,c3c1321ff94335e90fbd75a64d8df912,5
1250,e8a2ffe47de1ac1532773ccfc7781f29,5
1251,5fe4fdef9ae4ed4cc644eb214968ad7b,2
1251,92fb4df98e875aea044047545885aefb,2
1252,5cda55a2b3ad4befc22188de5158ca5b,3
1252,5cdf54a36f2475aee98bca6cec36b46d,3
1252,80a16d8bc45c17265c75f395848912a1,3
1253,b1ad0e98f0d502406cfb11cbc227b6d8,2
1253,b6f01cd4d787cf7b871904565f232b9d,2
1254,81abef67f61c0f9118bb521a22bc5d6e,2
1254,c2e4878956c29c140652b818bd69403e,2
1255,da13cf77c1a35262322f8b74861bfd9d,2
1255,f0f6bfa8f56bf8b25dc67ee8df1b106c,2
1256,1b4f29257bb5acf562851ca04a3cf9f5,2
1256,df90fba04339f9626c22f4377a8028cd,2
1257,c53a88edc3c67661ca899cddfd4a79ea,2
1257,c8184b1985105c34f525034c7ba71161,2
1258,51acd28ddb8435bb3f86043c525e3fdf,2
1258,9ec72c5ea8948f8b4e86e7089cce9582,2
1259,4c9337220588fb4871ad4cf5410c75a8,2
1259,b4572d77421008c6cc31ab1ca1b8d26f,2
1260,403072a5b1e36c3cb541685c833bec67,2
1260,4185b5f78227c5c468cb9eefa8e4defd,2
1261,2ae3707fe237bbda455b316a99366ac8,2
1261,fdbd280eacd4602506b7544c04e78b4d,2
1262,686fa9f92952ec97eac2cb3542d4ea06,2
1262,c225f660a7a803f45958a2fab41cefbf,2
1263,4edca140da0d2878ebcb1bd583e63e19,2
1263,701552f726f62a813fd960e8239bd613,2
1264,13ec6bb6811510aa8a8bc82d56e9344d,5
1264,2ab05c84c72e3d3fdaa684c93ebaf157,5
1264,674b96907e806fe0d14fd3aa6962e687,5
1264,d19761449a3b35ca5b266d810a568bce,5
1264,dd0c67127ba63491167b99b7d422efca,5
1265,091d72da017bef234814039f480b36df,2
1265,c81f9ad8aad3f5c2b67ad567d1a84692,2
1266,5be72d3ecb4013b71b75addb025b9f3e,2
1266,aa5fee404cd3136402ad68c00ceb9fc5,2
1267,0c61665aab5c7cc37d6a8d2eb2a45ab7,3
1267,88b62526064cf5585688c51bd6e4fb82,3
1267,ddc620bb5d610ebd87feae3c12ae0b5f,3
1268,29204c7561316609f3ecb462ee365663,2
1268,4fd0d03f78a0527b72c1a04070ccb8ad,2
1269,0fe30970642c32726c055e32fd428541,2
1269,c9f3466338a375037840ae788cfeea60,2
1270,6618c893f5fc84c8f5e91a0638bebcfd,2
1270,6730bb67262c58f7ab8e5adcb49425b5,2
1271,7908f14202da65b7cd7bc9e3dfb826fd,2
1271,ac4bd2994a2583d10c64352f879d5316,2
1272,05eb02127091a2d60268517f26548589,6
1272,69af00e0a10a63c16573786ef8fb3333,6
1272,6bd4615ad71c9289c47ee4ad2c32f5d3,6
1272,845499ff7dc90cb6eff3276f15003861,6
1272,b854bff5660ef3322e9d8767c4e69f9a,6
1272,e7a6684e609f9126ebb02c0e75ce503e,6
1273,10fce7fe5108c19010ab683e971918cc,3
1273,8b4b72c7d6ce5e450f31ab2f0e2ee80c,3
1273,a4c36aecf00d2af7e123d2e35a468e2e,3
1274,89561f9442107542520737d4660863eb,2
1274,8db7ad60e4cfdba34a7653bd769fca63,2
1275,070b0f13af847c79a7bda7e203534d5e,2
1275,7a02d1cdd5d544455d1f9eb96d6bd1e9,2
1276,0528588ec023298a024327ee835a55e8,7
1276,8a97827e0fc5d68206ce1a2939304cf3,7
1276,a615c6ae891c34fa812d47472f712caa,7
1276,b5681bea0a91ddd7ef948cfb0e32e4b5,7
1276,bf93a84a44970104167f068acc6a5d49,7
1276,c2fe8fb09664adfbf5b7d88d17137203,7
1276,e17eab440a3e0e768591cb4b8a05814d,7
1277,0303e5eea451384863b9fbaf2aa4abc9,4
1277,2dd6ec9b7608b7b3a29c2b30567ae535,4
1277,5b67140c135fb69a33691031b3161863,4
1277,ce8037d2315e291c6367aeaee7013e85,4
1278,375495f4066e5dc779d7e10af068bf58,3
1278,6308aa19a00745a2aafac2333638cda2,3
1278,e1ce91b077650569fed3d79b01699c59,3
1279,0aed27ad56471de3132e73011e112afa,4
1279,8cfd387c0a595a695b09fb894c697468,4
1279,dfcae0ee9764a24f3b92d93833d32ab1,4
1279,e9aaa0e352c450784af10cabda58c8da,4
1280,30408ae4027003b7cb61619caf6c6d21,2
1280,37d76edceeb04abe94c40060a1d5a863,2
1281,0c756af3d87ff4ca7bfb77e16be95324,2
1281,6b0e14e41e9b939556acbcc4de0d29a6,2
1282,8b923dea8d2a6cb2b0fdc27351c5343b,2
1282,f55b5d0fad7472bf39aa68785cc2e27c,2
1283,09bd1bd5d38e141a6a2560a58f571bd7,2
1283,f90d948b7968e7a6bb427c6e60b8e960,2
1284,546adee5d66619b5e13ddeb9620d1ec0,2
1284,dd8f4cd8729be2b998186bd8e715a8ca,2
1285,423bed534802eda1fe70ec776a1c4103,4
1285,53a9c31d56e756385d28f6f91147c713,4
1285,a063f307eb6fd96338c157bd9cac0292,4
1285,baa765efd0e8e4727aebc3e5330f2570,4
1286,3186e3af50ee92cf656e4e17d1016038,2
1286,f0cb212a0638889269ac2800a4ffb576,2
1287,580dc3339940863f7af8351022fcc36c,2
1287,d042e315f7992226c8ca71c68ee08e93,2
1288,35612693fb9c3a913dc31e165630cef5,2
1288,b03c06b832211220aa4ce8f8a51ca499,2
1289,41722a78f0fc9bd8d14e64838c70da8e,5
1289,8683b73b6749d75f2c979603e2e6dcbc,5
1289,8cf14c7ebc52b725349bb2886cf10d09,5
1289,a4bf769941661a40fe6799069dd581b1,5
1289,d5e03aa04e1d3bb600dd5dc37525e231,5
1290,2516e0f5601f30ecc8a1ba03228bcbc4,2
1290,c31a0f2b85c305c31ecd300e262c874b,2
1291,219e0859cb49fddce019892a39d3aa27,2
1291,6c1bcf3c3a1e0ed994a354162942f88e,2
1292,56eb62649e1b9b726ba304ed2dff6ad3,2
1292,810217bc2b436d32a74a85b53c7e8870,2
1293,5ef2d713af4cf53b60d5b36d6ce3cbee,2
1293,a79504ec8538eebd6aecc6a40b7d685b,2
1294,2171fe2ca7b2065d9990369e21735092,2
1294,7136e62b5a84475057a1dc4bde2e20c6,2
1295,3b90f916a39ec073be152f8ba26850ec,2
1295,3f418d906e51f7427bf28473e50d3348,2
1296,4cf88ffb9c55c59e0e6ccfe192a54ac6,2
1296,86304c5e3b9c5d62160f4bd59827081e,2
1297,7bd37e7007caf50a7a33b22fd9f9a670,2
1297,a2ee47a53147718bb0083fc078443011,2
1298,236f3ea8df7924569818a3da36ef664e,5
1298,286b6f49b22497968f95b32a75d9eb52,5
1298,3559b3879ee31896ce622f740a6f9091,5
1298,f6bfe82ab26d72165abecf480890cd5a,5
1298,fd89d8df7d15e69b3834a1a0670b8ede,5
1299,091bbded0fb9f58fe2856f7216077b82,2
1299,4793ce41599cbab2c98e162f569c6b60,2
1300,613e12a895b2edbb3d582a0df7dbf15f,2
1300,e20cbb266fb26fafe93f3a911015fd8e,2
1301,2f95c282cd2b4504696cb3d4744fd9c5,2
1301,6ca8d944423463db72d993db209b3dea,2
1302,1f92eebc70160194fc0cad4e8c9ff908,3
1302,2b6da0132fa91950d16ea3c8690ccbb0,3
1302,f92d35997f02b07f87a1dfb74742fa22,3
1303,74d854e77b0ba8cdff0a2feeebe2574e,2
1303,f31d6cf612a69b23f57b193725f0ec6d,2
1304,1f88b6ba1cfda63f8d75865f0e038f88,3
1304,94424c23c74e21de52452bb366f744e0,3
1304,b5bc6824f9ee7130512822e0f232b220,3
1305,12573b566124b31d2130444789c189ca,3
1305,864d5a8ca8eee59398bce2e9a33bbd5e,3
1305,a6b92eebae9cf5a382153df418fa12d3,3
1306,26ac8371c3fd58efac66db57aa99b5f5,2
1306,8ece18cf79ec56e18fca1ac5e0a585d3,2
1307,0827400f9f3b692815c92fe9b9dbd275,13
1307,0f51054426360fa0c57d3665495ea1cf,13
1307,0feb90cbcede388efac10d8c73177c96,13
1307,20938546d1ca27519229e7594e032003,13
1307,4b7fd0b1db6ac807ccead532a265c0d9,13
1307,5f2b0e602371819102e811acd269f035,13
1307,65d65827d8f6d7c36c875f3dc92787e9,13
1307,7eef07dc9c31a8c72f68093b7187be25,13
1307,d8693cd9c4d46cd639f295a35b85919c,13
1307,de5372a8c0c92a7fc8d1e5241f67602b,13
1307,e693f5a355fd553cf687cafbc89a553b,13
1307,ea13bd05b816f82c7752fd531f310eac,13
1307,ebfe1324b54a1fbf4db48f61e131e818,13
1308,03a762988f707bc9f6f129e781f52518,2
1308,5c702e258eee1837de8873ab23a0f23d,2
1309,66a007953509f41a53bb8b237dc244a1,2
1309,b0c34380392cce3b23f999d8106194c9,2
1310,2adb42cccd39df2830c402368a85f0cf,2
1310,7f73355b3ecda0b9003aec5f6a8f11dd,2
1311,0f800bfaad7af2d75ba6c1f7f5cec97d,3
1311,3114aba9d713849c8e8f58c8ff3f63e7,3
1311,e5d0312e39ee0b783ec6fc67763f0912,3
1312,122528f67e7e5373b8b62eefa4ca3e85,3
1312,4a53b5dfb4b0eca94377eda80de889bd,3
1312,c0e0581041051cc349f740ec23a92748,3
1313,1b6f49e5a8294a3594bab7775b6f386b,2
1313,4f6cd552b8ee95f7920054faf46c3872,2
1314,17d008d602e00349180a9c5293ab66d3,2
1314,e96e8bdec4cd8290dd2a925d42d6c165,2
1315,0c7ee89b8526c74e57e7ac4ab49607a0,4
1315,213da9f5a552fe444cc29d0efc6dab85,4
1315,75e63dc8f8264b414c01a8adc237131a,4
1315,7b08ff72f76f5d64adb52c5ef46b5b03,4
1316,ad6118f41c1ce1d73f663db83a96953f,1
1317,811c918816f31a6216600b13f0d816cc,2
1317,d281230c26553e95dca0ed7372bfa001,2
1318,24c41b7097a98842e0e03547b3469d8f,2
1318,f7f6a2b5aa8e16c6355c7aa7a032fd01,2
1319,7a287c268232826b52d12ac566f12990,2
1319,7d7be23b2a86c727bc0708a481d68991,2
1320,0b8d0e7eb9491d66f14cd36dfa1b0d9a,2
1320,3fb7436a912d67e7df03915d49287648,2
1321,a653a9dc605f1194adaa1a3cc2598747,2
1321,ac2883881b82b3618801dcba1cb23f1e,2
1322,94a8b70ddcd368dcedbff334d12c387e,2
1322,fcc22697f0522465ee02e0636d3787bc,2
1323,3e5c017fb5ca3012f42f1bf2f84d547f,2
1323,609bea5588d62879e0b3712174d1b762,2
1324,352a453268d1e11ab68e1d5787c5d75d,2
1324,ee2d06c556e0b224a274d42167771e9d,2
1325,0a39afbb69bcd7e8bd3e436be23e5d6c,3
1325,0ef91b6159aaf547b17a7bb4ef0a1d8c,3
1325,bca1be9cd2b1b621008aef575f8faede,3
1326,5056e203182a33c02f1c2ff16ed3fd7f,2
1326,5e40c13d7cf7e87dbe8868f42c536462,2
1327,821182bcb85939b5b49d3df520bffec2,2
1327,9fae931dcdb1e2fe45b27af21a192efa,2
1328,35631d5b1bd5fdcc6c90fa3c4c54dcd9,2
1328,71b7623c07b983a756d72efdb4c4e344,2
1329,d4c68f5261b20bedfb541a9440c05b5c,2
1329,ea26c2189bb79a3664e220dc03db2a43,2
1330,1f1bbb4e18272a38ab41aa4e4bde48ec,4
1330,28c275a385543fe19a2255912167129d,4
1330,79d175c13a0f8b4009cd6eadccfb5d1d,4
1330,9cf095bdb9ecc6fe29eb5e34dc330f20,4
1331,01edbd0f982c58b01e23738522baa58a,3
1331,09449b6427e2499f6458faf7125d7384,3
1331,0ca45d6e0dad93d7a93321f511cf14bc,3
1332,1bbf5a2683e3814ba3a8c4e49905bdf0,2
1332,b66c49b9232b7841015e6ea262d82304,2
1333,0e6c61f58ff13f08d852a57e0d7c5034,2
1333,a96f4cadd1f2eeaf89946850e7ae0308,2
1334,016c1cb7f7760867f25a402c9b3126ea,2
1334,e2b81266ff38c57c751966701bcfb357,2
1335,b216522bb507e4e951d06e55c1a48ed2,2
1335,b5e780ec727fe71d1ed7c676b731646d,2
1336,df08270420536b73e73dd9f856eac636,3
1336,e0e8e2e078fb6a96bab8ea93f42eb506,3
1336,e7b252604c86855d5d91a8ba7f1139cf,3
1337,71cb36a623e566ec9e3d50b09c02290d,2
1337,a5e9f475ba6931073cd9d73025d57db2,2
1338,5e98d332fec552a8653e2c71dff6c32a,2
1338,7f7dbb8434933da07eeba066c43e3d21,2
1339,ed35af77d096991ed4d5468fb4df2fe5,1
1340,3fb5350b88c0c92f766defb7a13521a3,2
1340,9a0e034a729c31d0ed6853a666face69,2
1341,165fafb4a859c49dc971bf9d750bb41f,2
1341,82b69953bc8ef93a138b67ae7c8f413b,2
1342,a2d283f4e1b437b8452553a8b6e8edfe,3
1342,b95dead306761a20677d73d8f684563f,3
1342,d4a4571687febcfba75b076759cf5f43,3
1343,6e613ee42816c50e5aa2b11f1020b35b,4
1343,8c5efb6dc4f0b94145526e83e1db56e7,4
1343,9c84dade281620ae824eb99796ec253a,4
1343,b8f447a597579af000ab8e16ae8e2077,4
1344,1546e3e953f16d6488e3aee6957a45a1,2
1344,b006037c02a04e3d09530b385ad98a3a,2
1345,8140d056d1a823684dcdbf7c99895af2,2
1345,f87b8df9c3840232d354bd969cd73025,2
1346,225a0685ea195ca9213491a4327b089a,2
1346,267f53072f67da519a4c59bcdf368266,2
1347,58ee6400aa885eaed9da2989649cdc82,2
1347,933854150bf760d6ac04bcc3ae8c496c,2
1348,27da33f981b63af7db2ec7585bd87eae,2
1348,8c51ca2551e4791a0288876437276c2f,2
1349,29b3b8049418f07042d2815d45f76ae0,2
1349,a4a26a25fb8407b4bdc719229ee7da11,2
1350,0eeaac78da06b007196c7fed244abde1,3
1350,a8e5591e4c85701ebc4e32afc36f707e,3
1350,ba6334eadef6c56b6cb94d24de47728a,3
1351,a94b38960b78be8fc732fe6eb387fe51,2
1351,bbb6475c2e9763271a9e40650dadad81,2
1352,316a1576fc9007b0aaec567b442f76c1,2
1352,9dca1daab7422ed81223d87cd621e026,2
1353,57dea4a0e82d0ac4695f5bf6e3ad887e,3
1353,98a0201c49f71065d17d2324c340c0b5,3
1353,b984b5fa4aee1c345596c1f3d3507649,3
1354,da371589b228299c9ce18e738def2eb5,2
1354,eacd666cbc8011bcb91037d544be955f,2
1355,44b5acf6d6e24b36aa6f5b69d83c80be,2
1355,e379df8d5cfd8243774147eb7490e802,2
1356,8b5f39fd25a5cf32c810c2522bf880de,2
1356,c2f50532373386a5f9fccc1bed828396,2
1357,4955348df55957b41b6e99a47fe95f4f,4
1357,72137c063f995b714a01409a734c6ddd,4
1357,75ebd33762d2e67088a20260a283e7b5,4
1357,b8fe6ec1196db8c9be2c70bba6239fdb,4
1358,190e3e7444bfea6326089f882997e109,3
1358,8eb4c88407688a3159e75625f6a8e4c3,3
1358,cffdc3930078de156399048916fd7452,3
1359,b7ae6e8e2865357d6c5a6e9b56c73a74,2
1359,ea8b8eb40ee69d5cf2affd54495bf31c,2
1360,059a111dca4850165e661c3a15459c13,2
1360,dba25861f910904d7f57b2db9cd4fa91,2
1361,820640a3e017a02af56e8ceb16010043,2
1361,c6269a0f681431a852a2628b18401b3d,2
1362,67e86030725ad2d965413f157cd07d1d,2
1362,d635fcc50a3a0292275db917ab783eee,2
1363,0ea4fe191a8a75d7ad3e905906542f58,6
1363,3ced98fbcda91c6aa29c7540209bebc1,6
1363,3fdf8e2c9ff01d76e8e5efc31b1a416b,6
1363,7d4d3a6bd836d79a1ef23c2670c9b0c5,6
1363,8d55a3a6a0cc3be1805c2eb5f69c7b7d,6
1363,db8e649e6f059d8dc96e4e793ece79fe,6
1364,0e3807a75d3821e4e8beab4f4515ed83,2
1364,8d9be5a6601247c45a4f9f6e41d133b5,2
1365,445ee2a6a748148f8028e6a4b4f373fb,2
1365,f9ccb40fb4362876e6853034ab5d8c55,2
1366,1a4e9a2ea8e81e7d9d89dc3f60ecbb76,2
1366,64f6d4caa96d245dcb5d390bf8829cff,2
1367,2a9d37e03dbc44172d25aa54066b55c4,2
1367,36844e317eed5a073539ecceecac72c8,2
1368,263f0da8377c624d0c751253a97b608d,2
1368,6dd7ffed0cde7b260ee26685b524c5db,2
1369,5f25ad8f8d7ab84d53ea609d76f2a378,2
1369,b5e83b66a2a74d9983e3e33a21427cc6,2
1370,0d8e847580151d0f16de12dd6d04253f,2
1370,adb6af6c4b68327ac38d265a796792e1,2
1371,2cbb48eafc6a123ec94fe3ca0c5cc1d8,2
1371,7a4e125373ce239a12a2900f0191d3f3,2
1372,b27ee0bd6d7749dd4ac0c94210c5f239,2
1372,d1a31eb9394b7373bc844157ddb465f9,2
1373,0ec701c0c70b5d97599e67a5f312b812,2
1373,e3bc50f478072a419149016a7fd1cf53,2
1374,15f2a8a7d4a42d1391137fcb799193b7,2
1374,53d7833b85d813d208dc7051d52a6edb,2
1375,010725fed5f6f42ce671544b003766b0,2
1375,0f862b6751cb903a8db2a986c1cbbf28,2
1376,414b01e8a5791156ab736ef22e849110,4
1376,70b90e7849f311edf04f87be9ffa0f25,4
1376,c9bf3cf5e4a22b4a5cf7403c7c149d62,4
1376,ef9c3f098025264ce0182b23246c3086,4
1377,20fa27a51d53cf429753585b85c40e8c,2
1377,ce16c6a9a206aa21a468e1cf21bb97cb,2
1378,04ed5c3e496f0672ff616ef30b316ba6,3
1378,0d787e3b509777c3630c4c49265f45b5,3
1378,9c34d6dcca31719cab6d528001a757ca,3
1379,32a5b5478e85dc3764c6b99d9d588ac6,2
1379,8d62e55d1bbf8e6b1205e3903b3dda50,2
1380,cd6f1d28617e08e8dbb47a2a98e245e7,2
1380,f28cc0bd2fdd01889391c27bcd640cb2,2
1381,0e88e72fc1aa9b8128f9f056ced10319,2
1381,fb4f895c29903ae5ee8fca1247e6049c,2
1382,26d7df762c815ac812367c9ae70d59e4,2
1382,54192077534ff1e32d814814aa8a9510,2
1383,1bdced5628b857e07ffe41a744104f98,4
1383,28a7f89c6382d15075bafdd827729a6e,4
1383,74c529b9f1e4a2b2e29cc430675db8f7,4
1383,78a3198ca3948be97ac9f921f9ad296c,4
1384,b5a41ea9a45e01abce74d26fe260e812,2
1384,f6bb7af085fb841b399e4f01cb830055,2
1385,54b72a5da84c8c4b008de6b1943a12e5,2
1385,d41703f9a7ed71ae86dc88d83668dcd8,2
1386,0065f2d8af18e228e4bbccc4d2deaebb,9
1386,01958fdd235faf831c69e8b6a791bb6b,9
1386,26847fd43ad29c10f7f6eb09f7645ddc,9
1386,3e09bd85b05dece38b0072b3f330b896,9
1386,9486cca2875616f959d168b0288b0311,9
1386,9a8a4ae88d11228ec82e96a0954d1790,9
1386,a2b4c114b5486a1bb0a7b62e22bcf631,9
1386,ad0bf2c62090753a95005b171fdc8d33,9
1386,cb6fea0ccddc323109db63e5d32481de,9
1387,138fec7e2f10bcdb731647882726a0bc,4
1387,4a9ca99e522a3f1775d992386dce4c63,4
1387,5aaa584d2a77eeac24ddff5ff6f08e8e,4
1387,6348c20bfaaa71c58e242883d455c600,4
1388,87d3404db6f444eebc5f3417fb0e0a71,2
1388,a4c02d31466951d066fec10b8d370014,2
1389,b9c761334f0e8fa48cf26c9aa494332d,2
1389,e55b1c8bfd45dcc1a39fd54b5977b9c8,2
1390,11422a4d4b0804d381a0bfe09d230870,2
1390,d70baeb639ec3bf9a4a2302d454c7362,2
1391,722b5e391f633fcbdda108dab50a9513,2
1391,c853cb7ed757913a7015ea203d5b23a0,2
1392,32d020f294f9b29f9a07445a0a03936a,2
1392,440207ae176607cfa1615b228ad9fec9,2
1393,54accd04e11fc86808974a1634d46445,2
1393,9a7ae6a9ebec329db22e6f40d3c08947,2
1394,6e76285d7679142d1c94ccba11c52ed7,2
1394,d9f93a2316c7e000bf76fe83d58aadca,2
1395,dbb7bc2b3f25b8f1e4c0ad37b6d31ae4,2
1395,f39a8cc781561e31af289dcd85516191,2
1396,14341d4436d2cec86e6c5ffba71b386f,2
1396,b0cc3deed0a1d0fce8c1fc1a834ff532,2
1397,3bfb0e940313741af156a2834f60b0ab,2
1397,58d6bb062175b749ec0176f3325256ee,2
1398,b3aa4e4b95cb931f9dc42e0e65fc5135,2
1398,da73b4dcb480dae0fe55f1f3fee670f3,2
1399,270a7cc477a7f1b4d3fdf4108e04accb,5
1399,27f1fab23c43d31c0758b69cb8611e70,5
1399,4ad795c161303df8a8bc8041440c5529,5
1399,5fbc38d45708bc1c9b6ca78b10c68fa3,5
1399,ef9898668cf1e4c4475df21035de4c0c,5
1400,3d4160ecc957560f4e3dc01c788157ab,3
1400,848117c6f27b436295f5f7875548aeca,3
1400,b193f1dca282317eaa5abcad713afe90,3
1401,7323e57f4c3aa6bc6ca3e624e034ba9c,2
1401,c727041f7d7dea096e27b061dde5594a,2
1402,0e26fa78c628b7044941c6b040d0ee80,15
1402,15019ec777d6f3ffcdcf8b8092113704,15
1402,17feea5d90575d6b92e8f582e0890e49,15
1402,1cfdbc29e6c7577c8d0f57e1efdf7f9c,15
1402,1e25d76b47bcf8b68afcd7af277cdf4e,15
1402,24b77b8262806516fd66f095dd35b812,15
1402,4b2ae5f0dfb2fc777639feb22c7f2c2c,15
1402,71eac9ad67ea8aa81532fbdcf223b2cc,15
1402,77943a60dcb8a3250c23dc9c5b0f1dec,15
1402,78bd50da469c6dfee71c899413b6424c,15
1402,7d5554be3a999c904bcefead8afd54ef,15
1402,800021e750f4d5f800f306c1bf5af479,15
1402,a79b2083baec7774389617d755d4e8de,15
1402,bc477c95f6de5c9c99c92b70589db22f,15
1402,c3073a044365388de46709e474dc785c,15
1403,27cfbc05750541c125ccd575d072cb8d,4
1403,54150880c9f9e8e8c1d43a20514fb743,4
1403,b1a2d6e64054b91b0992032f1f86571c,4
1403,bbeb349d06fe6c2e13ad2b230763d2db,4
1404,58f24bd3333b18f8a9651c61dc9865ea,2
1404,6acbc1590dc89d992938d00fed1f5389,2
1405,0e58d3873838d806dacf1de846f36356,3
1405,e5b2cafdabab51c78774969b4a28730f,3
1405,ff552d1856f5d6813a6e2d84c4bf1f7b,3
1406,42b21a56e951c943abd87a0312130175,2
1406,4dc201b0f51995e4a75d3130c15f8ef2,2
1407,366f0f789e15debe54458ec4496838c4,4
1407,622dde25547a40efa1f9cbeb7e486a1a,4
1407,7393aefb1241266178674ccb0153abce,4
1407,af27b81d308a5c48cc507b91d47d6805,4
1408,150bf15ca1674c6fdea4314a1d93fe2a,4
1408,33a6d8fce14deb1b303804d4e8a5ca94,4
1408,586cb79a75ce4d4815f71aa4dcefccb8,4
1408,b3b5568b4bd43b5dc074bd2fb7d48ee5,4
1409,1b84c3c57afe24b535656889e103f561,8
1409,65c2b015b8644d8d59ce4ed728841dc2,8
1409,7553e7188efa8e58d3d9ebd553f6f082,8
1409,91ff0cd61f590b2d1e8360c1478242dc,8
1409,97f029a25190bed7b96d1f8a011bef2a,8
1409,a909775f5b47fd85f03cc3d61b6f2db3,8
1409,c5fcdd15a9de4076fbc023b8f7ba8004,8
1409,e39fee850220cd138c03dd81c3351fe2,8
1410,32551b0b5c47da41ee4c345936eba4ee,4
1410,8488a0e78b72249c9c3d835fe666c5d6,4
1410,8f4fc9f4035b6aa2fffaa78fb8ea88af,4
1410,bccfdfcf0231d22d0b3026cd7c9e32f9,4
1411,7e0a0e42f7288283e538d5bf03ecfa1e,2
1411,edf5986dc4b5b06e6b6c29188debd595,2
1412,3b86a34a2559a958703eb79fde442c91,3
1412,f5e1f16501442268112befeb061b75f6,3
1412,f9f750881e2c752fdffe8f503225a00f,3
1413,1f04191943358419ecdc17b2c73f4741,2
1413,b6cc5c16d425cdeae7610d221c58a732,2
1414,2f61d680ecae611980fe31e9e8b11b35,8
1414,3dd63ada9a973424af101a1a19d73c1e,8
1414,9e4bbae47f0efecd44557363715663ef,8
1414,ad7edbfff1ae74fe6f420a793cf90831,8
1414,be202d8e47d1b7709a0584c6250a7783,8
1414,c976477a494693a9f63207bb19ce4ebf,8
1414,d31c05b5fbae2cafd0f01c0dd038a88f,8
1414,e13b8ed2ed35bad96f9a5885d3eef99a,8
1415,04961ae3ea4ad0de51c15229f430c84c,2
1415,f6f92edc42378c484b3c81c69d604e3f,2
1416,0464e075470410e1bef4ea86584af4ad,2
1416,70d0b721cce72565f4159bc688627acd,2
1417,56e099d335700332dd5773fcc6d1f415,3
1417,bb085c07f5369b8c1c1d71b23677c034,3
1417,d15b67268afa325878cea345a4a2472f,3
1418,1ec9dba48eedaaef2a948d3052048575,2
1418,9c59bd3123da3aadc601965f335a5ac1,2
1419,bbc1f5e8404fb2c25eb95dbd2ac0b60a,2
1419,bf998baa2f5cfbba65011086f0b417a4,2
1420,07626c00326cca74d7d7edc12d807ce5,3
1420,128eec3e8584202727add1a03e20b34d,3
1420,c210c84c759e606ab89e46ee7213dce8,3
1421,2c8edda253ebedfe33fcd6b617003580,3
1421,2ee9d2854f86396798c8b617156d43a9,3
1421,e55d0636ba9974a560cef2ebc7ec0797,3
1422,2db5ab2645bc1e7c5010970c4e7bcb4d,2
1422,b16ad60a1429736f7ee0e1cc191047b9,2
1423,c1a88b6bf4ffa2796216bc85431cd3d4,2
1423,ea91c82f3780175747e3268f129fbc64,2
1424,08338b42440b0d1bcaef49aef87b3981,5
1424,7f71f4b98d19887c0fb0a8339a5f0b92,5
1424,85c81640aba9cc5ed2ef4159dac60118,5
1424,90ced90cd1401af43157ecb3b7611a20,5
1424,c9c785845fdf468b21af0f2e7c2f4fc8,5
1425,13636ea912585aa286f0cd360893ec71,6
1425,8076251c7a2ca20a2c7542be12043153,6
1425,8133b5aa5c16ce2712f1b84b30832b66,6
1425,95db4eb0709bdc7bec663c37bf4ce423,6
1425,e431f1d7a490b57f7011f2d6e4f84040,6
1425,e4756e7056430b7a72c19c4c5a69b712,6
1426,7c4c36ab63638aa2c59bacca195d3da2,3
1426,8ba8052afc2beac6d4ea72f8ccf35f9a,3
1426,c21ba156813168ae569d5b5dc91d652b,3
1427,54f7511547111e533eb6d6bb8bcf0633,2
1427,7ee5f6d526fd56e46357ffaaca56c8b8,2
1428,552a017b1deca438d48d2ec7dbb21c68,2
1428,edcad0e5de13c9edc3148e9a675b1cb7,2
1429,3600bd9d840ee53ec4dd3f2f9ca863e8,4
1429,dcb1e8ea62fe87ce049ce85b584dd35e,4
1429,e142df9450d4b439859fd88a1026fdb6,4
1429,f2d837504ee59b288a38cd9a7270b251,4
1430,045fdf5282640a88d0b1742c456c4316,2
1430,2dcca1a638f0136487097c5844748a2f,2
1431,0109b4688586b390ac25b14776302050,5
1431,2d4a142a5f76d270e966dcbc068711fa,5
1431,30b27c303b0c292ad2a0c96b928b0170,5
1431,81637b3ddcdfbf73322ebb40f6ef6282,5
1431,ec73c0e2eda1f115d57a0c69efc8b186,5
1432,3fc109f6b1891a3593300d937896e960,2
1432,f656f808d8790e1c2389afc21e587991,2
1433,670e07db78f09601c8e267f1addd129c,5
1433,74f6c7c73db78d6f16c18c517d80580b,5
1433,8b7d694efff7307abb0dcb89e1e59b0a,5
1433,a6633cde20090aaca17176ba68b3188f,5
1433,bb468df2a1fc27fee2daeb8e08683a34,5
1434,31656ae9cdbe73b788c4e1f9552f1d8a,2
1434,92f56a797835ec39f623f6e301b414d4,2
1435,0884d4163042375d2f2251dc293403b4,3
1435,0da2d51df2621a1ed53847f9be5a1551,3
1435,bbe6d6d68e4ff85c91e27c7f44e41cf3,3
1436,b018b7afa024cc25d0b229d350a25fc2,2
1436,bcd0fa05d9240917f69cf43145591cc8,2
1437,2380cfb11d5af659a6fcf873fe17f20e,3
1437,a39ff7ff54d60adb51b7cdc952cd6a77,3
1437,f0c2d183325c450a1960421ee4adb0fd,3
1438,1784c294371016f116604f6f902f12fa,2
1438,93ec7ecf738357a726ce66c0bd20a027,2
1439,252b0cb4658d9e3d762a7a89e97234d1,4
1439,76bcfc99bb19064678a8669351ff49f2,4
1439,8d6d29d24155ed9c0815a0d22c7351c2,4
1439,e71e251cf4ff42a974d0f7180d4f7538,4
1440,16b5fe4998fe347325e80a029d7503dd,3
1440,9bd96353397acdb9eb76b83426ff7854,3
1440,9f717698ba887ee88c822ee39a163027,3
1441,73c9af7130ce28b9e1618696dc28aaf8,4
1441,92d316d91bff778a3ce6ce14e78006fd,4
1441,934c22ac03dca120d37f25e8933b6922,4
1441,a567088a9a7e93263bf6fca37574c887,4
1442,39a71c37b7b48a494636e477f0cf792b,6
1442,4eec0db1a20a4160a62ea92b37881a29,6
1442,8766a7563bd453fdf9790c3d3944c526,6
1442,a1fa919b1e59d8749d85ddaccda5bed1,6
1442,d6439fa6d71f90ae759e7c000e4a74b3,6
1442,fdc91be75ecf9fe177b3d072d83a1376,6
1443,0f630b70f39959b726f4a5ad5aa2c25a,5
1443,82e39465e54636687d6ea442ef135771,5
1443,8ed81925cc70ab7ab093529dd537c021,5
1443,960ebe8e73e397b49dd24e69e5d1eab0,5
1443,9d80233bf0cbbdc34390eaecb47f2b9b,5
1444,1933802f4a6a1f65541505abea4a83b9,2
1444,94dbd43cdc43704334d3e3778af69f9d,2
1445,1c4cd52715aa57bb58f7485f67a383a5,2
1445,25efe39a4bfa9dae9137c34d86475ad8,2
1446,329c54eb2271d3a4e2e6f728965bb252,2
1446,6d8feae2fe48f504854253f0c924445d,2
1447,0f352ec8bb5aaef98efeff7ad2e1a9c0,2
1447,8e6541e5df103bb6d8baa9b51dfaeff8,2
1448,73d5e76e692cfda59ef1280034acfa9e,2
1448,ebe0f878a812c13951e0290851018623,2
1449,8c5930a13d69513d3d28d202189d8a5f,2
1449,c181a96eee54011f994eae6954e176d3,2
1450,7033b9e0bec5e9b861279e5f26e592a0,2
1450,c79be811e00916991a1dae84fad03145,2
1451,300d672c2cb9cde895f7178caa6e560e,2
1451,3120699c4001b91b46bfddea03e91c4c,2
1452,c057d6f34be65d4a7ac07672e02d585d,2
1452,fbf232b11958bc4afffc0305454fda7e,2
1453,06601191ea7d099917fc4ead224fe20b,6
1453,4f9422554b24da4fc8492818c44c131a,6
1453,6f8a3d04c6457883332c342803ef5bb0,6
1453,8cf882d94f722dd3abb03569edf69393,6
1453,a69f06a1ed596726ce0a9a1289df2fad,6
1453,d01aeae40865f9a342db7337f9210b90,6
1454,1552134ddad398a98dc6ea258c4e31bf,3
1454,8e237aaaa33cc424747fd67ae1a5ec6e,3
1454,d27793adcd01210a097f7269606c8359,3
1455,39629d3276b0eb319ebbeb686270362b,2
1455,80c09bc496942236da7fc296707b9b1e,2
1456,1f56416b35903f8cb07dff85a8bd4d18,2
1456,707dcab6e4e0e989d76d64e90f1af834,2
1457,3f6f4503f2c421be6a566cedc4af2cd9,2
1457,4bc5f7599bea7cfb0f4851a17621944b,2
1458,08e3d6edde9c824e9681c63ad5946f96,7
1458,41a2f4c76eed0002f808ccbdb4176ed5,7
1458,500f0dcd7ad49b44cded213a5cf8e60d,7
1458,52000fe61e3891e84f69f62a9b933b01,7
1458,6cfc5dff80e28ec9706947062438f4a6,7
1458,8f1092aa05f3615e308d6575dd903658,7
1458,e14bb215b7c7634fc179cb7bc85fbdb4,7
1459,16158415ae8152e041f441f2d254fd19,2
1459,9373d60baede5b62543f2f424ab6a650,2
1460,2d1933d7662f0f0b77591e11485ebaea,2
1460,dc9097596af7a1af23d2a3b00ed1ffe6,2
1461,1be860f73a17766d1a95b7bc730b4884,2
1461,54c6ca0831e4b50c8754638f855a1bce,2
1462,27aab2c5067dd8677942a22fcf4a85b7,2
1462,34d4ca308bf18ab8af99885fe8b5a92e,2
1463,7afe510bfee69f98c8accc649975d2ae,2
1463,899718f7d1ae725ee0752f99a695b24d,2
1464,c5730172108446ffae3e24fc8436a6bc,2
1464,c927658de4b839e72b890a61948bbc31,2
1465,2b21c305457ea3ac34875010a36c22cf,2
1465,4742b19440a2bbc6d4ae740fb8226b26,2
1466,41a0fd0d34d02632f45232107fe5e146,2
1466,84525dd880f49395ce4d86b21db47bf1,2
1467,56e0ac5b11c261abf2c126aec867bcf3,2
1467,c0dc5e3919e0d18c44504602168d3869,2
1468,272343500f999a926cfbe78c97e7dc00,2
1468,b27437ec7d0fc4ea186c147d2bee10f6,2
1469,0c541f5d4d99f2eac48b64b21e7e13a1,2
1469,6808343d37557a0e5b7604b1100e298b,2
1470,37bb0a58f34287e94360fe0b7b299005,2
1470,9b6d0800b92d3e55fcbb4552b931c7f4,2
1471,774367a2f46a027dd3244cb79cdfc2ab,2
1471,e7ea47d4d61cb8569ce396a7613bb97a,2
1472,c2a84df58f1b6286fb8f670d166b18d9,2
1472,d01e6d824397c7f9f40a69d133c6d575,2
1473,9ba33b1ff48871bde8ddae4057d6e215,2
1473,b7741eb9e909b79d08b6d98134e5246f,2
1474,63f74cb64cf1412ba6978f1335462023,3
1474,af685954839f70fa8d19e69fa0a0ec5f,3
1474,dad51bce713d5aa882b1be0e344a21c4,3
1475,019bbf46ba075b5d982c08292c9a3f53,3
1475,8b727b90f5e91cee4ba6fd57ef96f12a,3
1475,af51eb624386eb6783182c37052ccafe,3
1476,cce00f232aacab6e63d1eed02d8e4c15,2
1476,df4cc0de1c4728d9d476fb0ce65fd7dd,2
1477,03d3d66f970398e544c197657153d3c3,2
1477,d7a800840216b9ed0995a9d7e452db69,2
1478,1cf397339f125de824dc1c7bd2f1f0fc,2
1478,5d0cbb351c3b886f82a920170d42c1e9,2
1479,ace3845651391ea70f85ff024911ee5f,2
1479,bd09c9430fd357e4ba84b62044c76707,2
1480,36ab58f296a166f049778f918874f4c0,9
1480,490326acdf7f2969a32d3feb3b12069b,9
1480,5254e549d897a851ba777ae1f0b6a46b,9
1480,78b162e9bc1a985149152717492c037a,9
1480,9528bc323c2f2feebc45573b7bf9cfc0,9
1480,c037532c0be748ce52f1adf12f04d39b,9
1480,c22cd761e6782b1c8d9f562512ab5c93,9
1480,c2d38218ef20d4ef9241d17c79dbc00c,9
1480,d3dda5053e078651749e29aefd5f0398,9
1481,2011613f7bcea23890119a64ed9d1e37,2
1481,c79e8b71c9d13c533949622a56b253ee,2
1482,59b261e4c3edf17a3c33d4e783b59046,2
1482,b6bb9cb36453dcf46bbb24f4d32cfcf0,2
1483,0b11fe0d70c677f4b9dcd72eb5b1623b,5
1483,0f7ada26d86cbcc94d6513151bafefc8,5
1483,699bd7dc4ec0944cf860205547756ba0,5
1483,9da48837605275e42b075f35601b6c6a,5
1483,ce5b5d88ebfa0a3cc7911faf2822d297,5
1484,87edc1332936227e80d240dce98a778a,2
1484,99ea5392d63f92a003b476b244b100ec,2
1485,13072cadceab8287ab8675c5e032c76c,5
1485,25206385ab29ac3931f7aa1e3a8d2679,5
1485,5a648143ee34027d523ba113a7d0eadb,5
1485,bccf66fbbd6e3369109074468fca713d,5
1485,edc08bde65af4dbdda4264e4dfe69bff,5
1486,21f52bfbb52bd9ee0f5dd8e0b42963e0,5
1486,661f1de6c4d3a0bb45f8650a60814163,5
1486,695fd2086ac3e1d89150f18d3d5a2277,5
1486,6e00464a4a4edc53ed02cd997cc43675,5
1486,70e3113009a30fbb6cf57114d0b54470,5
1487,3ec7d39515c9a7ead45749f988715b7a,2
1487,c88a1ce5e10c38a1070c30a3f0a416f8,2
1488,012471bf6df703f493a822eccfe118f9,2
1488,201f927f53f232f44814ad3829c0d595,2
1489,7eba328a95857ad1ff3cd18ec3e48214,3
1489,a52f44c42c9853c62e1973447e250852,3
1489,c7a6781729702eda43fa36f338ea983c,3
1490,03af729e24f14a8bd644ee70f4b87982,2
1490,1a3bcc24988af78ba13dacda9fb2c040,2
1491,2cd7209c9213da2679f1bbe13d6f62a6,2
1491,fbe108a9b3d68da9075d1d9b0700685c,2
1492,1979ec3323e999199b7bbc0a720d5ab8,2
1492,8a9039412ef01f2f117794b460ee33a1,2
1493,63baef3c8a296683dee8c5c7a824911c,2
1493,e0c4b924dc538c81d854043a686d4101,2
1494,7ebdc40416dc808acc330c08a99673f4,2
1494,8df1e58a3615be860fa98b0c45547da3,2
1495,0f7885e30febcc310a0e91ec1f3de842,2
1495,b19de48f93acfafd789d63fc76f47e35,2
1496,445785da89b7f43f93536a251f80f136,2
1496,654d9f1a775348854150b7bfab243d5e,2
1497,0d5fe1bf139694fd0140c8d4b0786d36,2
1497,92b55a9a0bfcab3129c2e8c3730d2891,2
1498,79d9cf5d96c6a25c8caba9f3ba9541a2,2
1498,ea6e210af2d282351b942f5e1d412309,2
1499,431d5e6b65ff9ed736aaa657e8fef66d,2
1499,d554e77817301b74bb606546d0b6f080,2
1500,cf799e14a365bbc9025c7ac013e76345,2
1500,d2e8e8819e02947c1d04e7cdc3bf1b06,2
1501,367dae4910e4756dad10395c428c7ac4,2
1501,6c194e8abcba771f7393b777a961893c,2
1502,cd7d6439116e9beeb3dd0f578de9dfd9,2
1502,f27401483d735c9f17f12ef108080f6a,2
1503,0961b23215b73505f92b5b7527b9b110,2
1503,38e8dcdf66da02bc174897bf34e78d44,2
1504,ae8e3d8fac6ef93c1f79022c6f6ec22b,5
1504,b57ebddeecb01db3a37352b67df6e277,5
1504,be432990aef9a98e4caecdbb43cb0555,5
1504,de7aca2c3fe73e45875c1f0785a3e529,5
1504,ea6510ae6055b984a32f86b8a2d4a74d,5
1505,13185616c0d82f0e97019559d78074d1,3
1505,5813b0d61e3cddc5b3afbdeefdefaa8b,3
1505,e6f2e0e1791776073d9e48db1afc810a,3
1506,76f37d52768ca5d4113358c0c2ba41d2,3
1506,9afbe43bf4147b7f297c9f30e0714c34,3
1506,a8c69585bc18e8e24dcae2bb57209bef,3
1507,73e27d86ca03d012d645cebf7900e80e,2
1507,bc17884c9da11a0b02c9e283a61752f6,2
1508,2398822a0304283da2fbe7cfc77f6617,4
1508,4bd31a431c511200ca126fc3e02c6a54,4
1508,e3418c84e63b331730dad41cbaac0949,4
1508,ea21ddcf858e3600e4bf7a4fc01a29d4,4
1509,a93184a95c8eb99e4248198c019f904e,2
1509,f4cd962df3cb606687dcc3bb554a2dcb,2
1510,d190c078de6af53b3db08349f60fc354,2
1510,dec52107d1a59febeb39759cb50f1e60,2
1511,62daaf1fedc15c65c887017609c294d8,2
1511,e327494f0ad4da8e28ced9d03fcfff5b,2
1512,4f4e6cd94686601307dff00d7fe0996d,3
1512,7bec87079c97e092ef17ca0f9b3fde26,3
1512,c5984bb3a11399113a4ccb518780dfad,3
1513,41b8a95d6e6c6553a524a7b6fd98c073,2
1513,7f3bee439c7719660634baf52afac573,2
1514,6b1d1c5981edb032a6e31b6c3c8829ea,2
1514,efef50939ef7eff15c2627dfc4be87d2,2
1515,11c8ec313932795a21b76fb3a9674c6c,2
1515,9136f9143558c8d08c331e794ba4acf9,2
1516,a347c61d54df268dac2daf73dd379ac2,2
1516,e2d048f9b319b32c6342ba87b30bb5f1,2
1517,9d47108d2826d50c4cc0464b5820519e,2
1517,ee909d9c740d07268e72bc14c85c8568,2
1518,5dfb8101762545708205a2d67c2b9c3a,3
1518,75261a11a394959201e5d651722a1aa9,3
1518,c37422ddd2c670d91127da16c4cd8113,3
1519,b0c5535f7d0c5220f422d8781c7c29f1,2
1519,e2b9596e3613b37f0c3f6a99843fa9cb,2
1520,b6f35c2f61143f459c7325a76e5f2a81,2
1520,e8213ebed39bc76e7258a27a88ec3708,2
1521,98495aedbc469bcd6c21a18b26e6e648,2
1521,aaff1222272c6fe113154c4a7e2e69a4,2
1522,2e527cf9f4d00b91d49716042444c7d1,2
1522,a04856854130e0d2dbc807bb6ce45f03,2
1523,4fe4fcbddef66edb73af807a61da9d1f,2
1523,ae0715446fba59cda8c3f675c8c6ba4f,2
1524,4ee6f89dc3b846c5303e44f3ee578fc0,2
1524,f481124ca3534dfc60418dd40f11de5e,2
1525,5047b01ff4e76ecbf75a074a6ebd18fe,2
1525,c8edd3432d887f6e276abf8eebc584e7,2
1526,343aa9d30020ead87c9f88a6dec26a8a,4
1526,84ce7698d69ebf5773e8b14c1de43cd7,4
1526,965b27b8b26a3f208b2e4793f88745cd,4
1526,ca44885aadf1e091d7089e957b1dfc69,4
1527,41dc4b7ef9bd24b370e2bf70bdc54e02,2
1527,cb31d73333b39e5adcafd2907dd0873e,2
1528,64cb3a477e2ce1a5b9fd32b3611beba9,2
1528,99debad4c4b82fc66337ca19ee2efd23,2
1529,0ba337f08d3e3b5bc96620cfbcb02d66,2
1529,a5cffd20e59007d93f028e2e987c99b2,2
1530,71a11d19faa7b7b6cbfeba0ff469b0aa,2
1530,855ded046d1ba7f7be89b96346eae8fc,2
1531,187b3a08921b456c5fa2f31f5fd761d6,2
1531,3a8eac559f85dc12eacfd81e18faae4a,2
1532,272e0743db8fcf0c02fa21ccf33e2038,3
1532,da94c560fbe0f9ca4621156852540ec0,3
1532,f9cbbaeda40013392be7cae4aafaab0b,3
1533,665572193cd44f653236fd505a2a5996,2
1533,cc6586297aa584c69726802e863f01b8,2
1534,0f230ed178224900cc0c795c19f0bdc5,3
1534,187392790fdea3c1cb38d4ade6dc1f54,3
1534,f5c2dc014feaa0edb79e354e35456079,3
1535,12640a9230a06c5aca2c166e63628621,4
1535,5532277bc9f63a195f7c0d511be526bb,4
1535,960b23992a251bf2cb2fb796cab6b33b,4
1535,af65fd5172fa8937f451fb407c335925,4
1536,0f026342332cd1bc0fc17d6bfe584da6,3
1536,32ec5921bfe9fdcd40078209a7813893,3
1536,b1495ba9e3e810aa55949eff83fb64b8,3
1537,308d1b79a4fbaf623c494dd9f1e9d7c4,10
1537,3f855099fb031868f9d0aeda3d8d5eab,10
1537,432e7a606536af6c3ebdb1d6bbe6937a,10
1537,5c764706353062817a58cc34fb0ed7d6,10
1537,ab639c8b7e4a4bc6196d0148815a8cc0,10
1537,adf2f6a8c5fcc8c63dc2051c70dd10b7,10
1537,ba05e242576dfbd86c645fb50d78adba,10
1537,c4e117d94dea4a03ae81ce855e2693d4,10
1537,de49f0e6685e54a6485c7d49b52e94b9,10
1537,e4baef8a1cadf7f029fac8f16b97db36,10
1538,1ff72635a8103506b116d39b757ed3b9,4
1538,409aaa02f081d57123374d7086d7b852,4
1538,69c91f27d2e071919a3fdab60c2da809,4
1538,91a8d5de345e450ef24db477a4e5f0a4,4
1539,d0059de66bf218df74244677c8e4b2ab,2
1539,f69c8f65f2ec8d9589dcdcb16c369a6f,2
1540,4b46068bf899b91ad87824764fa872cc,3
1540,6b8cb7d3900253179f7cca247bebfa71,3
1540,db3fc2a6ea3eb921dae0c25b8ea0e38c,3
1541,7c04e4de1c784123fce7fdd43f356299,2
1541,f21adbac4a983d52dabad5e844b97698,2
1542,a057e4fa7e5686573070fbab278e54b5,3
1542,dc1ed3e82ac05e1301aa6ebc5b09dc7b,3
1542,e94e300ab2619aa3d35d482cccb48863,3
1543,60785f11576aa49311d990cebb0ee96d,4
1543,70267c101927cdf02b613546ebed0e3e,4
1543,e9dbe3d5bc38b9b0f4c24a5f3133981e,4
1543,ff94c5f4719e5985dcbca75f99300f38,4
1544,24a014659de6c0708053582b21b997be,2
1544,5d530a15c26d4ce35319203e0be5aa9d,2
1545,5c04e677130b0b40d66401687b3996d0,2
1545,f61d55f0ef5d7f264b04870cdbf5791d,2
1546,2988bd739cde60205a69be62995b9317,2
1546,d40fb9bfbc2e40f0f2c0c211994d8547,2
1547,0cb5e98ebfa0edaa07b21a1b841fc1b5,2
1547,c4151cef9510a53a08eb34f0f179fa56,2
1548,2da5033b553ecec467878c4341fef798,2
1548,b601f12430a25c7cd45ade8d61ac9d78,2
1549,a260b4c3d7e3d479618eda12fd52064f,2
1549,bcdfe1e6e6e64ebad5e98fa61afc6313,2
1550,8abfc46ec477f96cf6ad7288558c6ace,2
1550,9ef51769b0a6c3cf4dff41aca425a276,2
1551,13d6afbef77453453fd26bd7b0f027bf,2
1551,a71ac0414dc0b73a630d4442cec668fd,2
1552,c3d018e5922b16d749c79b6a4063e1e8,2
1552,f512e576a3ef83ae0823f7afc2b21b13,2
1553,1087896f582353c73b771f11df63120b,2
1553,c1008ef01750b6a18830525ad3e3af14,2
1554,3e7913393f8b726ee4a8b3c48dd62100,2
1554,e93953bcac3b3c74c6a25e612d9d72d6,2
1555,082b6aa23d00bd93a7cd4879344497e0,3
1555,1f09d69aa6f1d359869037b250aa76c5,3
1555,abe040ce1d6c30f5894d5a41eac0af86,3
1556,64f7c13fd32091dab378c9d582f07c80,5
1556,792562b5b4c778ea31d79651b44a2c37,5
1556,9a6cd3b78de00f9da9e256a93eaac9ef,5
1556,aab9d1560e17b42fa77853b0066bfb2a,5
1556,bbc9fff3437af88fd71a60243db92ce2,5
1557,0c82701279f2c18357c90eae4d809a5e,4
1557,314e805f31c45a07ebbb0a4c84a750cf,4
1557,459b1ab2b672939f4cb4b300e433d31e,4
1557,78e080fbc3fc59a81c1408aae9e72df7,4
1558,6ea69f971e2bf30e8f8e993a771f01fb,2
1558,f48c74af63ffb1907091c76ce8c43939,2
1559,0dcbe6a70e70a91ff6c3596559a39136,20
1559,116a6f6a059d890978d81372cad8dd27,20
1559,227ea21e54c8c2848722cc8f2f50189a,20
1559,2793db7c56c8122de50f367540ce9864,20
1559,2fe5f2b773b5528ab8572f5300aea542,20
1559,3187801da5753e4aff6f5c9e9c8d574f,20
1559,379815f9ff7252d707e716a465490154,20
1559,3de1a0acdd6de8847f7b6e9f48b671f2,20
1559,4a894e3dceee14f87e3f94fe4b633764,20
1559,6d64958e7272cc061305847b030fa2a5,20
1559,9d53f1b9133cfa91a092e344cfff1eb4,20
1559,a06476e873c809b0af74bd634c6a4012,20
1559,ad421c7329feb8b8029e17b94c4a5721,20
1559,b8ab60944b98ddeac3577d703ed32664,20
1559,c35879c750d0a33559ee047bd9406d1e,20
1559,cbd699395bf02bd35a46b02dece08a64,20
1559,e6c5160c435363ef2e4603c8c5449696,20
1559,eb1cedd42f29896715362e2e5c1ac3d9,20
1559,ebd46f02fe529068345789fb9422a2d0,20
1559,ecad7421911ff705b5efee1f9c0bfbdd,20
1560,5750f2f0e27d4e5599463c793afaa849,3
1560,a2ac9c5027279789afcc1cca2e83e29b,3
1560,bf30b6de7b85e377c99109317afcb922,3
1561,8b5425ed211e2196f503efbdd4e8e42e,3
1561,d2a183b92b3c2f419bc9884109eb5bba,3
1561,de42def3fcd6ab7864260601798b6e12,3
1562,19f9ae434ca584af9e4ba13212bd12db,2
1562,84b3454f7b5c95ed5efe244f62719e46,2
1563,10756510d199b460494e6a275c079c8b,2
1563,d48bf4fd137fd22bdd78788e1e9b43bb,2
1564,0f35cb8aca25036cb277af4928022709,3
1564,4bb85890af4819cfe46018c26de079c5,3
1564,cb5c30fe6784d2cc295d64f08947d3a4,3
1565,4a0a75399d2751c5042c79f860b0c436,2
1565,77ba968f37171bba5671e1ff8b649dff,2
1566,5073ecb44c4fe7c1eb21e027902b3dbf,2
1566,6f698cd4c8d208d9cb17f1fe3d273875,2
1567,008ed74e273860e00923fb1003af7259,2
1567,ee5a53f3e8d51a461db30deec0f24045,2
1568,a8f0cad532b475143a587950c15b197e,2
1568,fe7c16ceede12f65b28420f33154daac,2
1569,0af9c4914627ed4e1895934c7b5d5bfa,2
1569,688806002e8764658829eb65c7babbe5,2
1570,5d4d08e3b62ef60d2243f7078b0ac025,2
1570,bc6784f0129127091a672a71f22e9d31,2
1571,1bf77463f81f3a05e7405e2a7991dd79,7
1571,31d31b3b666006f18ef0b0f32f61a73a,7
1571,4b7275633c5c24587c88f1311b641ab5,7
1571,4d60875dec0ea19494dfd794398dbfdb,7
1571,78057564a900a27eaa62f3bb939ae190,7
1571,ad837c2015ffd77b13c54ca25d4337de,7
1571,ba440406c822e2fbaad76d1f3c3061d9,7
1572,5bba03fdcc3316daf238e0b1e069fee5,5
1572,669e5251e1364ff95c19414d4431798d,5
1572,89381b9460322afb25540fe63185f9e7,5
1572,ab25b98635c046b9bb4b7debeffeb741,5
1572,d989161b40b3faa15a41a5a6eb9a7a2f,5
1573,130b2c52e4e85f676eb673b893c15ec9,2
1573,915e08c46b9bd2fb89d6ef09ec3a978d,2
1574,2160cae0bb1b486756314e36267d47cc,4
1574,8bb98ee92a64bf9caa27550a7d70e73c,4
1574,a7d50ff979f8d4957ba32fe0c32cccc1,4
1574,fec4d91c4a4adc5f2d335bf9185d1556,4
1575,2654401f56251207df5c7b4a0bf4177b,2
1575,8c2dabc2f65b798ff9a86aa8b6419d8d,2
1576,870e0065fece4b47ca58eec7637f51b6,3
1576,97ff53b5d83098a9bbc4629cdd8dcd45,3
1576,c508fa0b77131577632b0d0fbfc37461,3
1577,a8e5da514c316abbd919117fa50c97b0,2
1577,b3a6a973a0d07c986cb91adf897ac946,2
1578,492efcb641c7f452ef2ce6bd279bba1f,2
1578,a3189dc17f55421ca5092730dda556e0,2
1579,17e736ca101f3c0e6516cb1e92530a03,4
1579,a92937634026bf57dabee7692c9547ed,4
1579,d87106f41431ca5684db2f552738cdc2,4
1579,ea5db82c1f0cde0766ad9c83c0c6de1d,4
1580,9c27a27f0028359ae626b9b01f2d87cf,5
1580,a45335c8447957a4e99a0834e00759b0,5
1580,b131f1835bcf6994ed1a9d4ff93ba542,5
1580,bf4938135cc8378c9e9c3e61a37f052c,5
1580,f6b7ccb9e91c8284d33e2bb33d4ba5af,5
1581,2242086f3f3d9fadb2914f8a23e9058a,3
1581,ac5fd23f9bb262ba103c370040e22399,3
1581,dcd5cd64c4a9f5e7e925aa3a74d18d81,3
1582,15a1c83d2d59db3e590b1f252edf3b17,7
1582,3c6663ac6c99025da053be8494004f3e,7
1582,6d9385ade4ed5ff2df78d5e9d4492f03,7
1582,7d819e4dbca91f11521b50c9a3afc877,7
1582,b624625a6471b8ea43c9b75c91e20f93,7
1582,e256e06b0461126b00bde33800a88e2e,7
1582,e9244747902fbd6a17b9d4ac5c2032ea,7
1583,049ac2877ffa237c8426acee172b7c87,4
1583,31d81884ecf70706abc04a49d9e7f6f2,4
1583,66964455312834379664952652a56387,4
1583,70990deb0cd5147058ea53fa449259cb,4
1584,7f7c900683dcdf80950e61296a4162f3,2
1584,a545963a7cd35459da91e952b9c81d8e,2
1585,0b38b3866c2488ae9b41d11d61adf821,2
1585,8b5c7b277f1444676d0655cd32fa389a,2
1586,45ad23ca2c6422198372c21e84ed9b94,6
1586,46044f86d6069b6c7310004ba5ee2d29,6
1586,62a4eb3f45066d3c3558a11b8b9abc14,6
1586,9560d8a459171a8250a6ca225ba39a9b,6
1586,9a8ecc78e5986133c1325db0617a9cde,6
1586,a75a31928c3ddcb5e2c3794f443eed1c,6
1587,78a46a67aac6cff793e9b83a5fd1245c,4
1587,a2e34d91b5f948c7dfd038665b2cbaf5,4
1587,c5baaf01fa20fc5b69bf47a5985b74b1,4
1587,de88ba93368ff64b07fbeabcfb0466e9,4
1588,0a718496add7571847bafcb4babf06b1,2
1588,800b2a85c1538dc46f1f3aedfa58c0f6,2
1589,107beb6a78595c7b7a5456644bb95f2b,2
1589,df0ac336365bc96e1b2ebae3d7a478d2,2
1590,13f28891d6f9591665bf1178d2a68922,6
1590,74bb9247a3b22dd5c2c3be6b336f03e2,6
1590,a03556a9b02e1cf8040972a7a18a5094,6
1590,be29706325e1daa06638f34bba1910e5,6
1590,d36950c1b2c02b45eec77ff699349290,6
1590,ed99571a42fc8617addd948262fab159,6
1591,2ebf1655fa70447878392affd7a78b0e,2
1591,d4a6c4abe01c5e8b6476ed118c403c01,2
1592,7f4e8ea6fc36c1f34ed8a28d4d5a723d,2
1592,a2012e4815669e25048a25f874fd2c02,2
1593,85fd57f4e761f5f2f87f41a594daa81c,3
1593,aa934fc8194807936078be6d1d9c33bd,3
1593,f6433766f8060282161aee2a9f0f5376,3
1594,65a8b1cbdc6a755b011ba2f753b941ae,3
1594,77ba886f48e9478799dbbefe3f563f00,3
1594,d83aaf9c437290de5ab015387ed84e8e,3
1595,5594dc96ad157eda2df0da3d7bcdb654,2
1595,ea6b94343da39ad0c207a77c6f82d772,2
1596,14f0f752f9ead90c255c3ee640c07120,11
1596,275b3a48b2ff90959d4f01f6371f389b,11
1596,4438130a7fd6690ccd74bbd3d53973d0,11
1596,75c0aee9bcbff0111fe351479ed18fb3,11
1596,a8a563249b86dbfc336177c335003346,11
1596,b4b797e8300fa344fa20dd28f788d7ba,11
1596,c618f535e5117b08ab12e24553e5cd82,11
1596,cc69c46e442c514fa0e383b388388b71,11
1596,d03217bdda681b9e276f18b074eb7023,11
1596,eae5c85f431e89ff18a1dedebee6c324,11
1596,fe11e940004816a538056f535d6563ae,11
1597,29886210e3488f2c09668fd0f8128a3e,2
1597,a23648ae02e692dd025733549ecb5ed5,2
1598,5c4dff908232e4efcd55d236dd440086,3
1598,9ec343cc11c8938c58796778328b5f57,3
1598,e0d57fbf563d43d0fea91dce5965e8b0,3
1599,2ebbaa8d6930a2750113ac83b92e0a2b,2
1599,e5b8fac0a379d519c17eaa5f32fabca1,2
1600,392a1e26d0f7061b9ac6bc37e5a7e1bc,3
1600,4069ffa25d9a65f47f3ea7374f45ca3b,3
1600,654f2c999cd222f6429c6d0af679069c,3
1601,0c6d401c79eaf06a74d5681489d8527f,2
1601,33471c1823e07a3f3bad13b900f62689,2
1602,556a0c95f8e4cf6c6ff198f2c2adcb9d,4
1602,58d147bcdd9f70855cd9728cffd03303,4
1602,afff3fb03362c8383853f0defdac92c7,4
1602,c575e07f40a3fd7090156229d68cef18,4
1603,2e1335ab73012510a760714ac71d7f65,4
1603,9921ec79716e920b406c86c210879c75,4
1603,9b33b8f6b73638d98f56746f1fa01a0e,4
1603,e2bb3bc80b5cf1371506471d84fed5ca,4
1604,1e1ab68c40ad4f7692cb377f6d6760f7,2
1604,ad2afd6ae309dc831dda4bf808723d27,2
1605,028a0e2951f67fadd8dd2dfc53ed3910,7
1605,6b17c06b8c02e3d5c6da0981e4b4d19b,7
1605,76df3ab216e2c7dc46855b27c7b53120,7
1605,7f61a1379c6c9f2010a2026384f96e47,7
1605,88dece0f93dcd0013b3dfdf260f9f95f,7
1605,e580e1edd441fc1c6a477dd257b4e2fd,7
1605,fe947ba139695ddcfa9064d1359a1dcf,7
1606,33efff084e4dfccd2cf732a19a8a58ff,3
1606,7c5c41544614cce536958e9f4ae4dee5,3
1606,e93a2bc2e0ed048a5a9699a064a4b7d1,3
1607,492c9eeb149d8fd82ee47cd82e507a2e,3
1607,b240b09e77fc2121de8bad5ec94709e7,3
1607,ede7421514b48f424a358d946bc61cfa,3
1608,0c64624c92096b15d1db692b5758a3d4,1
1609,0bf16912cc8b90b4096ba74004e8a582,2
1609,2e78f96d88bcfd1dd703ff438f6f199d,2
1610,31f77ddb65fe9d3266c6b0f9c3a28d63,4
1610,6cf910ee7871b396065ab4454ce8dada,4
1610,6e15948f284b877f6f6e1c7facf2bade,4
1610,c60b2b3cc19e648b21f7038420c47df5,4
1611,86c06fcb2ba9d080bb42849367802498,3
1611,d78a003a8556cccccd8705e1df99c626,3
1611,eb35252d97fa01c73a25d95cb9d65987,3
1612,20139ea18ca48aae68934dc13a8e9bf2,2
1612,bfc850e6b58f189c227dc8de93c78f1f,2
1613,196f7d04317a04dac4623e27ed9ea598,18
1613,2143542c60d901069fd35ff89920f323,18
1613,427a213a02f8bda0bc9694558a62e5a3,18
1613,5957029e983550f4dd5409c3affa7063,18
1613,6564f345844f079cdf9ebc90ff252233,18
1613,7d0063920ddc60457ec3f8c76308df47,18
1613,8052c5dae848e3ad729bac22725b2391,18
1613,88a4dc4cf350702d325625163b9bef3f,18
1613,a0c6101763f8883880b4228bad549522,18
1613,a1907ee3b7796c1ab0f31c037a9e166d,18
1613,a28fabec43b7e6a94e7e2402cc5b2838,18
1613,b280d9211c50ff5c02438d6784445cbd,18
1613,b45d9faa2515b8214eb5c64f1dc06dee,18
1613,b675ed8d30e37cf8b8d2a0dd2ebe2ee1,18
1613,d9293ddf1d245b44ba3df0d99740e15d,18
1613,e05be60f84a348427adccdf04e9c9212,18
1613,ed76488536974cb0f9ed4038857dcc40,18
1613,f4858b031f1acadec2747219c7540170,18
1614,12f5e35ab2a3648d8712283be944cf98,3
1614,65683b4bc574dbc86522864cf9aaf97f,3
1614,c3ca3ce7332f6a7ad3a3de4b76ef7d2c,3
1615,5525ef8a013a4c28d8ce8cca40e45e8b,2
1615,a72aedea5ebf2bb0daa447ac5e781475,2
1616,70b660d0b87c9bb4ef604a38155a5a3a,2
1616,f54727b9ef2018aa228860fea17eef61,2
1617,5fc96100f06941471d70290bab1999ec,2
1617,b0a732e405161fccc3c87257873073fe,2
1618,605ebf817a0b1d9c94191f94b4e41bc0,2
1618,f9902f66c57881568345adfe78fba9d9,2
1619,87c0aa6dad965caf5f778bf4ac9420c9,2
1619,e7dec559332d03fb915916410f6c6a71,2
1620,60227d26fa48cd3a5d35bb51d780f83c,2
1620,c917c0f4670915e43f6eb9182dd757f6,2
1621,19ef6a8268dc749d473c82435b1620e4,3
1621,431f34baf12b741cb2eda315f1b427df,3
1621,e56e72b9fd3b41b4fa9cf67a1862b5fb,3
1622,15803fe313d6ff34acdccff81175657a,2
1622,1a405fc8d3154a161816494caabc07e4,2
1623,8fd12e226793199b31735f31a4792fe7,2
1623,e1e6042cea77a68004ad5bae42c0372c,2
1624,19744a6e131e3a95b9532cb5fda56cc9,2
1624,61829644b1251818745035135b3b4c97,2
1625,22ceecd98106f2a86265cf0989f61b03,4
1625,354be5520efaec01498fbf3d63e8b730,4
1625,adde6d644ef6d7b3cc7b35b7f9ce0e35,4
1625,e034ad30c31a985aa4cbb276fdc1d42e,4
1626,5e64e59deafbb06978f79cf41b7d7c81,2
1626,6a5f67abfe9da37fb29802b5a35486d9,2
1627,233a3bd3acbcfbe1d9829c4806faadcd,4
1627,32d508e41d8003e59ae19b0068ad7e9b,4
1627,5e370b97eac1b39321a7807e5f84b53d,4
1627,9c4c6c3d79fc5b6e5ee8f74f10e0ebf6,4
1628,554db8909389aeea671983ecd353248b,2
1628,e2003f302076651c4d807e5f76700aea,2
1629,d193bd4ee15ac78272db9c4ec5cefe4c,2
1629,f3330694f9c54047027b3cc16a2e7d28,2
1630,582f7c43c066303698844f46acc51363,4
1630,7762f8002e939e37d85a2f4b8e2af12b,4
1630,da6dc95d968cbce6def57f32f72643d1,4
1630,e039b29ed7dda2d9fd00ef4c89c6c929,4
1631,0df94b1f0ea1bc2ebdb4a61e35108731,2
1631,9eb06e0c973016d5b36d05e8dadce796,2
1632,2fc084e3caf92be28c42a7284b7883dc,4
1632,650babb360f8667d7892e2a1329c9d5e,4
1632,672c7f0ceb439ed2dae5d3f7ed9badff,4
1632,e50bdc30309da0a6deb57e64cb011649,4
1633,55b38c964f8f9255b5e0971eed597171,2
1633,64a6699eb33ecf2c95ff80e67f75b78b,2
1634,bd436f0d010da2a4140af21ee999bc8c,1
1635,74aee1d88415b9d7e107a0a22bf8adbd,3
1635,8a1b84f434a67657f470f8036a1f5afc,3
1635,da059be468584629313e3862cc40dc4a,3
1636,2483cfe429767a2bfcfee5399fb6e3d2,4
1636,3947ef6dc0925bb60cfdbc264d6aec1b,4
1636,59d1eafaa2e931333edc3633a71068fb,4
1636,feec86d9323af0674a4e3df60ff22bf7,4
1637,1b436412fa69dad94bd55b29445bcb57,6
1637,2da7a2a7e8e89fbf0c758f1effda703f,6
1637,3939a32ae33a513238cc749a6d2815e5,6
1637,5eccd50c67dc5561ce10e57d0239f392,6
1637,f887260ee558b9a6fccb68233fd673e8,6
1637,f95c31a41c1142f0d04de0f76092ea1e,6
1638,b9c1c7e3730c270856a14b7adefe3e1f,2
1638,de6ea441059e958018a6d1aaeaeb4d9f,2
1639,008fbd0e929c1e81d70bc82028e58531,2
1639,53963e08a4bd10cf719fb86754ae8f84,2
1640,5673afe92db78c5535a00f4bc0c377a8,2
1640,edef492015daa4758189a7b6f0cc4a04,2
1641,0ccb80420d60fcfde8503c948f136c48,3
1641,175aa65f867219b50d46b25b5c7c7914,3
1641,c999f41a9a90ebc2a1cd87da7457c586,3
1642,0086ceca8a67023f56b37017c8e6559f,2
1642,a535582e369b35e2d35898b8e25415eb,2
1643,0be555c9629599a22a9e28d03291ea9e,7
1643,3d2b4679eb86a3af620bb47e98ee72df,7
1643,837badc1364e4ed34c45fab390c07a09,7
1643,bd9d9e8bdcb5896010590ab040d318aa,7
1643,be7cc60e2ce828b9a272da39f87b7a94,7
1643,e4d9abf0a09d50d6ed95934aadc5189d,7
1643,ea063eed431b434ec9d4296589d2781e,7
1644,624aa2dba8e635d98f3ffbef981cdbf9,2
1644,a45a56b287ff354fd8d5724edbd3756e,2
1645,079392cd62c2f151157d9284b5bb8818,9
1645,6613a44438b77356af3e705ecd3f56a8,9
1645,af42b9d78ac39d1f2dc1066c72ce1ea9,9
1645,b0a067e902cd4356168fc7fa4f75ba10,9
1645,c092ed362ba6ad8e7d5cbc0530b659cb,9
1645,d039f768dd43b73a571268ab9d49f649,9
1645,d3d70a4a0415a08484b333adb64f2fa1,9
1645,e941c4e962576b7b8cb0dd3776604bdf,9
1645,f0de0f694058b9d91478f8e4c84b9082,9
1646,62bc52832231979ad38ea1ebf78f27c0,4
1646,b15ec654386495ac3742dee8ea7489e5,4
1646,dfc84ea46a8650dc8b079dceea4b3b3d,4
1646,e24afc932083445d345203e4b50b3f05,4
1647,045395116620d085b947f1ac6b307556,2
1647,c12c32a5b04fe6981cf1ce9204c33dce,2
1648,9d1fc3c419b940e95fc50fae2a82e6b7,2
1648,f3c16a057deaa5ae1a8b6211b781adc1,2
1649,72594714bd273859f9ff01e3e1dd1592,2
1649,aa2d369247db3118866c3985bc34b61e,2
1650,0077ea4594d6984f9b40668c1e4ff14a,2
1650,5ca95857c19503360d72d723ed946d12,2
1651,08f3ae46a33fa95097094b69e44e641d,3
1651,762fcf6c233b3d09e06f97e569d04222,3
1651,dcc078e9edeba09bdd862ec2f3dbe1cd,3
1652,04a090741597cb698f51d64882ae23c0,3
1652,6292dce92fd15fdee9ba5107fbebd388,3
1652,fbf9b8f7cc7b06e718e519c36687f237,3
1653,3d649557248afbc8007c7d620e7e4026,2
1653,a8051690dbffa0f221dd489fb45b5895,2
1654,a880b3a20534fa4561a0e4b1fcaff964,3
1654,afbf5887642d794111d895e47568b927,3
1654,b6cf4cdf2d8396f1c04c0cc99232fa54,3
1655,798c5ced2d69a74a5c47e62c9b53fc11,2
1655,8291ab237173f15b6e09774a58885fb9,2
1656,037d14f723e9b5d2dbeb34336724d47c,7
1656,0678c8754805ce696098badef3855c6d,7
1656,0fb70e8fd8790716486ec5e229ef7863,7
1656,300e1b44f39c1b39799929334b6f0617,7
1656,69c68b7465743303f3b2aba0b07afd80,7
1656,b706e7d631a74b702bfcf2e83e7386a8,7
1656,d7b00adac3d0366ba670aea1f6af92da,7
1657,202657819998d63a2b429cf591630439,3
1657,4cd5f6f11fc4a2bba2dbad2f839af54c,3
1657,5fb0f4b454802471d6d7222454995631,3
1658,033f7b992c0a84e2f61f21672a691233,29
1658,0d171600ebcce36996e32d749a571190,29
1658,0d43323105a8fb2353067d3de822f1c6,29
1658,1904259b6c7ef862fc580ac1072c89b7,29
1658,20562156e5a834e6549da288986baa86,29
1658,20755e4458f8c2a2b873fbc6adf9ddf8,29
1658,2a2f79d221e6f6e81e641ee49cfd8506,29
1658,381317e94976c76a831529ffddf4f1a7,29
1658,46f4dec8dca90329be3159fbcaff28a9,29
1658,4b8fc8961f99f94e8fa75b3f4a0396e0,29
1658,5d412fa102cedf6037b2eda2a43136cd,29
1658,5f27ee0e5398fb1b2ee37514d25eb692,29
1658,71089e0b3bcd7701c3c331dca671193b,29
1658,72536f45cf796d738f8b5e83e18b43d6,29
1658,866e426cc399fe642f5518afa9a9576f,29
1658,87a5a51e526b18a6660b11297c1f3860,29
1658,890421f3707daafa7df782a8f9e079cd,29
1658,8a4280ffaba6a723630e465b669a10d8,29
1658,8b33be483dce56210cd0efe237d5bae3,29
1658,9a1720e507658a28b209be251f9ea8f8,29
1658,9c8345be568bb6013a0a35c1cb6061a6,29
1658,a47fb1d30592a05df698950888092faf,29
1658,afcc9541aba03f40967d9bb1bee8c5c0,29
1658,b29812a8a408d03bcb06008dbc335847,29
1658,bfdfc4305eac0a4b009705ea0d71ec8c,29
1658,ea5942ef2fd45d0318f20a7f843fe07b,29
1658,ef0897beacf0faf707e54e4e93923f78,29
1658,efabe704f305a7336791e03a05946331,29
1658,f4178c56bdcae74b89bb91c4a5254fa7,29
1659,2767107a546a213d2155e3d907e268b4,3
1659,951f3d98555eae1df1b48d7bb8db7d81,3
1659,f7e0ac04113b802d07c931a377e6b85f,3
1660,45823a1195fac439532c03b697fb06bc,2
1660,f34e553ed242a8364e653361d6cf897b,2
1661,499ef30fa4958c882df8a00872880073,2
1661,959c8daa6027684d34e8aed76386e52f,2
1662,299de9b35638ba05c200f1bccdcd2773,2
1662,b75f289b93a6a780f977a62bad93a7f1,2
1663,473ff1b8a129c4f2a10be9e4ba307e18,2
1663,8dbcf90a51c64ae5dff7023c08ccf1c6,2
1664,16bab50509e90e457682f23272935843,4
1664,4bab3d7ea82b9eeead9d5e7e63806b0b,4
1664,78d75b994d739ca3f12258643478e1c0,4
1664,ef438325f8862a6c1e2de00faf29a3e7,4
1665,01abe9e5b07137e389d76a86158aa6f2,2
1665,c47aa5b688d1b9f1a2d14e81a60f6084,2
1666,0b0a625f7f93c358861da6ed91aa2477,2
1666,25289b71acf3a00813fc9e2de5c01dc5,2
1667,1762bfc8d18c0e3a37cb7ede0b856214,2
1667,d7e7160c2aded69f362b0450d2cb86ea,2
1668,33c04761f1f2d359f840f95bd1e328f4,2
1668,7bb7ce6231a7d870c9a2c9fca5410df3,2
1669,04d737755f4a88609d121822e37b0975,2
1669,b82ab681abced6041c0fcdf36b2714c2,2
1670,b609c86cc1cd17baabfcad1169aa3a9d,2
1670,e67267312262e00baae294ac5e7c71ef,2
1671,55a4592e51498686d0216fe1b631e94e,2
1671,ccebd04d0915b80df76aa56eb8c5f264,2
1672,2f9a2c8ddb7d9d5dcfbb34b794bd3ddf,2
1672,b98f695d6a5e449ee5396f51e4faebaa,2
1673,0b57d249738440c1813debe5eae3c6ac,2
1673,3295da0375f8d1fd958b891225a9e34a,2
1674,041fa489df64ac32bc1d2ef7d990d322,9
1674,0c19fcd9057255ccbbc14a5ebde90bc6,9
1674,3f2346dc2455fa27e279a8e3c0463aff,9
1674,582644ae8d75896a4edb118932209ab2,9
1674,7a74cde5d7db3c4433155f123904b24a,9
1674,8fcaf1cb034ee139575eb3d446610a0d,9
1674,9922ecf09c61f5ef8a18465bb55a8afa,9
1674,be497663604355bcf5a97cb67082b296,9
1674,c9f99a937c9e1ec43cb4ba90efe47aaa,9
1675,18aedc21bfb89a2cb78b221c41126119,3
1675,48c6a836ddf2ed64577e93bfa073c99c,3
1675,f0732c78fcb1f8fcb752d566b832da20,3
1676,cd2d3baf1600ed1bf9435705c6d73110,2
1676,e43ca2eb259c481603ff3d26b0fb9b74,2
1677,ef495642305600439e571bff316ed81e,2
1677,fdd9858cb87f9227155e80276328fefb,2
1678,3b66239f67a516a06f75f8affef7ce6d,2
1678,ef5a8a6f5eb53da05390d5f0bc95503d,2
1679,21780d1d7b92cc840f3122b5524b8e53,4
1679,53f3c2d7b7827de0a99996e107ca1f1e,4
1679,8483d58ebb8709a8a61b2fd58206c5fc,4
1679,e770289ce646c6ca71415c9ddbbb1392,4
1680,873b78719c78e8fd6913b6c34bb5bc22,2
1680,ff138e1526cb0592124b125d075052bf,2
1681,67e30917bed788733226f86f6356cda9,2
1681,6ac4b0fff3efde9aa589e330731ccf55,2
1682,7ef3d9b024eedb49166d2ff6680a3d0f,3
1682,b32fce66e91a3d2677ec5618625817c4,3
1682,bf9bf6145a3518aef55e9eb786922820,3
1683,2a299d24bc8ad73dd9353c621cc28b48,3
1683,3167ffb4fa435430e492093032bf3fe9,3
1683,3421649236c28f719eb7491e2c6d4474,3
1684,192988126cd072c32cb714e39846e695,2
1684,ae5871c2cb74bddb6ed0a6edf1b4f1ee,2
1685,c009f86a8e56a068dc764790d4729df8,2
1685,d57ec7de7d3edf07626bcc13a1ee327c,2
1686,8ff618c11788737025fb65781857986f,2
1686,ea167cc29c4d19301edeb6eecd6f45cb,2
1687,9a16275b80c59f5f6a3ff330d76003a9,2
1687,a414e7e1919785c50fa27c0e72323c23,2
1688,40c89c8d8fbdeabffe4b646326444d7b,2
1688,66b9e0c5c64b082d8347d2d591ea1369,2
1689,07398fb3ebb516ceb4920697c5f59b5b,4
1689,257d3b8bd2e4b6332de02144587e5539,4
1689,472bab3f85ab068735ae8e7cf895ae8f,4
1689,504661ce5f0bfacb173412d100a08324,4
1690,c4d273b639bb96eba3cfef821daf5ed9,2
1690,d155464993a630b82eb2a1e62cefcf90,2
1691,0e2ba8f935d06762bf6f1d3947a3d8fe,2
1691,6267690117226e80832f45145151b3d9,2
1692,27266840e39d32f014b47f4bd7bbd41f,2
1692,b23038e8a9ccf3e8ada3183376c97b94,2
1693,0a10b982b5c0f4945ac0e3e49efc3407,2
1693,89094c7b3319ba2cd05bf741852566da,2
1694,9d4216f1c435effdf8ae211882d48cc1,2
1694,c4240e447643cd25973bec53ae89cab5,2
1695,43520ff52fca00bb3548f1d258d32713,3
1695,94562c537ddfbafa699124adfbaa6ae6,3
1695,a887c5a65f813d149083d82f86b520bd,3
1696,06a86f7c0f76915d58505e16b1a24f94,6
1696,4db35c088e8b15936661970b20e4e2cb,6
1696,759903f5ed025451f56dcc35e5480fe8,6
1696,ab45963e2e3fe0e68741f86d286e1448,6
1696,b4901efc5657e7c607176b31850613e2,6
1696,ee23e8199fa5558304d5fe670c566a79,6
1697,6c1d3142d272ee86e8bf5ee724a71c99,4
1697,76a81026412408132ea30f62182552e9,4
1697,8c7b30d2c27581f3f1d7af4f7a97a24f,4
1697,fddfd9e4d1a6b0ca58fa17c90fd5e806,4
1698,c163db347b938e2d4db140ea4491db64,3
1698,c7d216b96b83a5e087ca5697ca0fc14f,3
1698,e2aff4aedb1e17e599c90bd594f4eaf5,3
1699,4c5b5b4e25f5bbb8ab3065c7bd3b0026,3
1699,66978d295aebf01fb13fc9e1ff30b168,3
1699,b8fca73f474adfa7492c2a0dc3395f71,3
1700,272a9ad3fed141607b744d549afab685,2
1700,79e7c1ee4c9fd2075cf949ad5165db78,2
1701,12127b49636d6b1becf2a817b54e7f48,4
1701,345343b6ed54d81aa9644cb5395ae74b,4
1701,3d096d6e08114add753120489b1671a1,4
1701,a7805d6f9a43a7502d9817820c8b40f1,4
1702,5a74e31c670742fadeed2ac3c0860d02,2
1702,a31b6be5a8a071a0e9ef7ca8cdf6a24b,2
1703,23945c09226c21ad023f911d85391c9b,4
1703,3739873c4cd0c17842f5241ac7b3e232,4
1703,37f19b529496b07cb0cdc72574b2c412,4
1703,ae912a2fa286517145683f3e509018fc,4
1704,55d743b1693631bdcac9412e7b5d6ddd,2
1704,a6046065bc94fbe83eee7509ecf4b3ae,2
1705,0ffe970411ba2014fa15defcaeade8d1,2
1705,1adae3821f91c3d71a4712a17abe50cd,2
1706,358eb0fec23e73ef06245733f30c7857,3
1706,9184af71ea610a2b3e5976cc3e16aa00,3
1706,928d258da67de9e368f94f98d7fcd77d,3
1707,7d63fe0f2b9cc43c42151b2ccf4e75a6,2
1707,bcac786e3bc391213b3ccc433c7acb74,2
1708,8ccc531f3b114536e17d7faeb29f3b7b,3
1708,d8644b19e471ec9b42ce3401923a3c5a,3
1708,edb1e7c2b34194e728cda8deeb192bd3,3
1709,129fae7c923ee681cc3548e6ee90dd8a,2
1709,bd1b89a4e73d54b1fea2de763a75507a,2
1710,25c3c51010a0d59cc181b004e944862f,3
1710,60d68be507efe1dcdd4bb8e94093f218,3
1710,fd0bf8c6095be6578e7f84165b4bec3e,3
1711,ce8a31976421743aa10569594532f6a8,2
1711,f0227e6d2408653cfd0924b384837c8b,2
1712,3ed993fcc3b755efe557cc901fd50fd6,3
1712,3fd4b9987eb74713086326511c26e039,3
1712,f76a7c6afef38367331bfbdce07dd637,3
1713,67fcc3bc64ca5460d4ddcfe5f1c281fc,2
1713,72b6701dcbc3da8199d79e41ccdb01cc,2
1714,4159d92113e99ffcac74dc791d9df8c9,3
1714,a409f1e0702ddc60c3b81cb58e71ff11,3
1714,adfc409a6e8c966033f7de3fc340af44,3
1715,0b421696809f0ab031038a931630224c,4
1715,c13111895da645f943490e2e79311fbb,4
1715,e92135ce104694c9de10e9d778d10962,4
1715,f9586412c630975e233aa0a6736903fb,4
1716,3b70866806631e22180e25a4d2b35e28,2
1716,e1e68ffd846ecfb8320a2a5e11050414,2
1717,396461e1a879d1f083dd4b47e7a1b343,3
1717,8bcac24295fcbd365dc3afed8dfedd19,3
1717,ef181ebd9a1ac2f04d965afaa0e4b368,3
1718,381dcef2637e623a19c221337355f0fc,2
1718,de27413ecbac69be8bbf81518b93c843,2
1719,0b8fb541c8e925e8e95bbbd7b0abed24,3
1719,663e64352e3328311621a4c25a44f5e2,3
1719,e75e3459f4ac1753bd8b2acaad4f856a,3
1720,520042df5bcc0f535b94ab2e88ce09ae,2
1720,ac1aea86b895543cb2002f8b404de92c,2
1721,046b0e78991d1d90b2d173f08dee3450,3
1721,8c565987bef733dc865e569ce1d2c444,3
1721,acedf6a4e842b5a9c51439635845392b,3
1722,0e9ecd7c52567cab0e506a674664279e,2
1722,54344170b7cf5e9b5d9d856c518dcfea,2
1723,8ce65f4ad62a6721ce3e5857f5781548,3
1723,bb3bec1cb21b8e88a330563e075ee5fd,3
1723,db94a6e4c5164b270165169ae26383b5,3
1724,11804c9b69ea391e4610bf2bef1d4c37,2
1724,e196d9091c4664b9bdc905c309ec3d73,2
1725,c9cfaf6aa5dc30eb721c99c690fdc34b,2
1725,f4fc58881e01299626fd84b87cdc3345,2
1726,50f316b9118c9bdd9e14bba82a183a4d,2
1726,577a2434bc60607a490c54fe47f57804,2
1727,4d26d6d3854946f87b34c1a03dcec556,2
1727,8c3c7259f57eb47151bed8355bdeabf8,2
1728,c6029da545c59ad06f24522acc8d64ad,2
1728,dda696d2ce01557afaa47b89069ba8f4,2
1729,0608e621b2a62688f759e7f2acda3376,2
1729,885cbac28993c48032c28ccbee9cafa3,2
1730,9fc2b3c9ae9033123a64d7f30bd8f6ac,2
1730,c3f49a1d541ccf42e93e6ab923bf4d3e,2
1731,a756e5ddc6f1414a48c813335e06dccd,2
1731,cef003abdedc5b08fc2ef0d4a5512e73,2
1732,2e5d462a182c8930b30fc4038f947ca1,2
1732,8bdfc98c0c84e959c2f6cea48e74ff72,2
1733,3693190f03c731ccfc9d350d3d30a369,2
1733,9f2bd8b549da7c913dfde10a7ba1e838,2
1734,04c9e2b710ec047657628633b1ce147b,2
1734,0f39aa86c8fe574ee502597e921b22c3,2
1735,998dd3c1c3fdd670769d5944972e7823,2
1735,b02ca5e2a41fffccf13ac1e57e0217ca,2
1736,47c2aa21045f0d4ca4e2c091ba65b9c3,2
1736,f2d72e03ead480ec1c7ba1e54464a4e3,2
1737,a32e6f23a24143a343413c5487f17b5d,2
1737,c9fe6c811fc9de8502ae9c3ea5c7e4b2,2
1738,5ba1b3c6b13a3bf4ff1ee882391e6b8a,2
1738,d5a55971897c40c52571d3159f508e85,2
1739,a5b194d1d1353d205841af62bf39bd97,2
1739,e9eb45f08c569bfa440d7f91f9fe6d8b,2
1740,889f2de92bef134080ba4767e7e9e3e6,2
1740,d86c0b13d5b59b28ad995683016e57e0,2
1741,0481c0014fdfc983b11c2813a2148811,2
1741,1cbaaa95818b887ba93880db4c02d014,2
1742,372e675cde6a59ec8185bf9c852fb2b2,2
1742,76bb09e34f2a99475f9b4241fc5203d1,2
1743,0b3b4d8fd63e3cc5c7d954029ff570cf,2
1743,c807c17c2d40019284414bf7aa08961f,2
1744,0515e0e539a3ed40b42a4de040f423cb,2
1744,dc03daf3ccf13382aa107234db0a16bc,2
1745,286048529e54d65456e23aae306d1dde,2
1745,5d9ef7399749b12dda80467104f5466c,2
1746,a94109a578d532f864f045028061a438,2
1746,d3764274d278d4729aa3b5d694f8e0a4,2
1747,70beec6c344f518554758932695e9f69,2
1747,8eba7b124b9fe457b92ccbd822ded47d,2
1748,53b3cdd114cb5a695f61decf280560e3,2
1748,eeb956becc8c988e6744b084bb0c094b,2
1749,7605731c768b7dfa8e8b356c09845d0c,2
1749,7c5481a81a8d7fdf32f20938dadf3859,2
1750,a18f9fd899ab9b1fc9a5b298b8bc2bca,2
1750,f175ab8b7f1994e1f29dbf49256cf149,2
1751,16e79bb2467bd30ec03b73dc37173538,3
1751,ce0970e8afa37a0cc0b126590fe4d99c,3
1751,f10cbb403b294943761b1778d73c9334,3
1752,c3a259e28baf228ce51e688f5d9d8b46,2
1752,e26a5e734c72a73de5fb08e8176f043f,2
1753,53de97d4c906812514ed9f1cdddea727,3
1753,714a51d5784d5712433c7a10a96fa403,3
1753,bb05eefb771258b7af0630f1a575a995,3
1754,447af8fe12e1abdc576bf0efa890c4ae,3
1754,8c827b6afb28e7640ad7a4f9f188317a,3
1754,e1378820c9abdb1bf3b527fc68130ee4,3
1755,1101d61b23f5b49a1ab1677fb20eb8d5,4
1755,461b463324fdfdbac1c4ba2470e449b1,4
1755,636cea541c1389dddfe99c1608ca4de2,4
1755,76122b95e27995bceedaab1ab1a63715,4
1756,8580fd24334e064ce0177e319699de0b,2
1756,901a5314e26a085e2b5db0fcdc73851e,2
1757,6924c27018e21c10f194b54c66bc772b,3
1757,84adb1e1a7cfc7fa2bb9bd73903491f3,3
1757,e665dbe1a97c589b97eef620f9de7de7,3
1758,382c1c2e49feb52416b4f07e4b6a031b,2
1758,89d3b73780d64de689ed8de913b6d51f,2
1759,17a3a9f83c82ae2e92dce2b807aaef8f,6
1759,4ecc92213639b676c27c1b70326a4642,6
1759,6c3499d9f101ab97206a701e933222b8,6
1759,a75354ccbbceac96204e5c148a3d76e3,6
1759,e0d3636e2b9bb8453d6bd509b693888c,6
1759,f6a0d693ba1fad7d746d9ed767138866,6
1760,44ffc26ae2055fa58b759cd05dc814c5,4
1760,69a2285fb21863a7f013a80f611ad904,4
1760,e0f6794a039aa1419280252a38953ee7,4
1760,f022f0e95f7291d48f9497ae79da516e,4
1761,822ec41f6bb3a74d7bbaad8cd0397d69,3
1761,91bafb912cab060f609555f057cae3bc,3
1761,a3eb1ebfff3844d5538061bfe816902c,3
1762,549e145514abc4a84a1f6b838fe661cf,2
1762,e178a900852073855fa1d7cdb08be594,2
1763,337a5fb1a0bdc263c8c8068dddccc9bd,2
1763,5911d19e3ecf19050fa0e726b0f4e925,2
1764,2d71c69054859cf306d329806a919451,3
1764,71ef06b9da200200801a7df5db7ca347,3
1764,7f361fc5b4606af10e1566d146055aa3,3
1765,ae7f71fa090fcbb8dc43395de1d159a9,2
1765,f39311b04a73941084572de0d351021b,2
1766,27fd24290c69a488c0a0039bba97457a,3
1766,4c921f9d7c3ca55ac1dfbf43259f11ae,3
1766,aa74d28e6fe9b491571f7881f0d0051b,3
1767,26932e35604a91baa3b65a9ff5cf07d1,6
1767,4d51b549beb948686bc9ec9e211a5896,6
1767,63d2241cb4fdc668d82cdb40353eba58,6
1767,9443d91681bd771cf17e61b83ee0546d,6
1767,b22eef4c0184ad1edfa7bf5b2c726132,6
1767,b8794b9b95e7962d17062b46e2b70dec,6
1768,22ed35e70dc2def39cb73b03fccabd0d,5
1768,7322a4e91ef3d28860c4d8a1dd7a91ff,5
1768,ea225c49f92f3856c1d715658524798c,5
1768,ed4b4b896444eb1c83a09fc4002d87fb,5
1768,f072d2d28b88936d6cb268b2b0b54547,5
1769,58b54102714cc05a407dbc2836624461,3
1769,67a9fa2c5dd55cf9cc54c551a1bdd837,3
1769,a97d8899c3d1ca7947db7f6ea23e8826,3
1770,15054d960a86b99a06f9647da187b813,4
1770,36fb5eeb64aedfe4987679d83b1001d0,4
1770,7d0d1c59385feddc023ced5544901476,4
1770,97cda113c78cb51eeb700423a8fdb060,4
1771,a6256138050d9596904613efbb4196a4,3
1771,e41daf769e7fb7fef97638892e129185,3
1771,f8091d31e4876689a61e9c238f0e60bd,3
1772,4168c0d67d46683e14224bfb2b3325f5,4
1772,712cc98711a0cf335b61cf5ede36d4fe,4
1772,800bf42fc53e5d4eb80bf1e96dc9715f,4
1772,d8541b3f6b7ca749540250cc76f4c243,4
1773,4d8fda52e8f90ea917d73670df997cdc,2
1773,ccef77a9ada5ff4b6074aefa2cef6575,2
1774,a87c0c765f0d541955886a2fb4c18cac,2
1774,cc56c49545abc6fc7068708ddd172b84,2
1775,b79fe7697c122b6f0cde0c15891a0702,3
1775,da20de1746fea2be1167459879db28f5,3
1775,f2f7912017b8fa58864ff8ff7b4e1083,3
1776,0c476203a1f183ec4866529356f4e82e,3
1776,7113ba146378118c66d333445638cc44,3
1776,d15d74fc807a078b9e4b16295f013142,3
1777,040796f40670810b22836be60bfbf263,3
1777,cd02d67f8b85e8ead9b61c3b1316b5d7,3
1777,ce6b7d4347d0d72020a0835422e4ec3a,3
1778,81b17a7dd146f94fa79867f4b142dca8,2
1778,aa444593bb2072f1a944d20ac5140480,2
1779,7c87bd9b5270557db3e494f907958586,2
1779,9343d948b80e3bdde9d50db315cfd17f,2
1780,82b6771ec6b646a0c828e118c1b4b048,2
1780,bca29242640dcd934ac91ea7a3c79567,2
1781,3ba341b527dc4257a149e90d9b29d9de,2
1781,d03c7720c57c0741c7e3a3f2ba3b8817,2
1782,a7700fa0988743ca7ad1aa07c33944e0,2
1782,fe4fecce305c4f6e4b672eb3c8518d88,2
1783,a2f3398c1269e6b55bb11fef0be913e6,2
1783,f7e16c959bf6b4d4965d9893ed4ef637,2
1784,0b8dbb3a30d9369745bc87e95f23220e,18
1784,0bd23e87ec03faec52b90c1bb0d0fbd9,18
1784,0c049c6ff205823f5aa9f741d0c9af9e,18
1784,0e610d94f99638b3bf4958c286fff49a,18
1784,127bd097c696f96be7ad346b5c396ca5,18
1784,3ff768c0ba21f8587541f467176e5f10,18
1784,64327b70ff30b5c4dc7c524fe3ee3c7c,18
1784,7d8c00baef8a3324932400f91de87e25,18
1784,83f62460c3f638f74adf6a0afb45bb25,18
1784,949564eed8e6a34ff9eeb384987c7506,18
1784,982cdaf5c2c342b7f78c552dabf0bba6,18
1784,9e215dea4b5a6ddc6686a4e479b608e7,18
1784,a155277d64e176469ffc8ee76c7fcb33,18
1784,cb4c5a1e508d22833c65703a822e1949,18
1784,cf1ad48286c73490b7621d9672b4e596,18
1784,cf911d84e0fec676d49546df58259de7,18
1784,d05f840ee7c18669595c34bbb023ed3c,18
1784,dd54032a91a4a63498b6effa7c6bdf19,18
1785,0c015fab5fc0f082de540ba3df00c19f,7
1785,38e72ccd5b992916a24fd3c9e523fb37,7
1785,3e54de61e74c0cdf7fdd6edb274e0b98,7
1785,5ac37449811da1ccf44e893a557cdeed,7
1785,9b0b27df6175250ff9125bd4396071e3,7
1785,c4cd97617c1ec3fa4e6e59a19d4a5ab6,7
1785,c4f8681234d52bef2de7dec990d94e14,7
1786,270973ab734e1da9a671429e29e75cd4,3
1786,40d2ab3331695552fe099c339610a1ad,3
1786,f25fb636fb3ceb713256fe3c1939294c,3
1787,175db5a67021bc4dd03d0194f6b59c7f,2
1787,2e314870bcb01a02829c754a2c8c9024,2
1788,2c8f5099007f287ec422aa4ef3a48846,2
1788,701b993b54452ed8f60f930240f71567,2
1789,346b4725202644bd918824aafcdf45c3,2
1789,5e297b14cfe4bd616ea3005e8969f17d,2
1790,b1a39e624bb81a0966e53e0db54b45c0,2
1790,e95e746c25ebbdb841772689b7699fb5,2
1791,20f00bb029316c68d3e01322277791de,7
1791,46bb2cf29ef8fa800eff99274b8f552f,7
1791,666b40e8720c5ceb9f00a2fe6559d308,7
1791,833cea0ce080ab744bd9b693687a60ea,7
1791,a6adb67f423bc196934b38df9d3dde07,7
1791,d6c00304fd86fd1b1cf90e53744871be,7
1791,e59c5494db3e7ab9f11bef417c3c64ac,7
1792,0257403211257b97d0727b02a96d4ec9,2
1792,36e481edca4caf91c4355a2ee9268766,2
1793,2014c18c0d607ddb3933934980edc61b,2
1793,812ba758dfc76b0dacd018a72e02ef3b,2
1794,29ba5ef94c4571e186392049533b8ad4,2
1794,906a6ac34bb2197d88cda7cf006b1fac,2
1795,c4b03216d1242397f32bef096360e82b,3
1795,fe69e7835cb7b170daecbed214243bfc,3
1795,fee308cb71dbb5ca2bf24d155ef4e7a7,3
1796,16d8b1c820426acc118e50947a4b96d8,3
1796,b82d3c946bf607a39f4010f1517b88c5,3
1796,c6c802d0cfa96082b3bf798fe08b8439,3
1797,078d970c74ca47ab4fd9580c83e521cb,4
1797,9b1359e21afe9a82e5341f47c6560a53,4
1797,aed6413ece86d2a709cdca00a83edc57,4
1797,b13b6bf580c2a4cf37a260e9a8fc56b4,4
1798,9a65193c1ac235696551ec610bfaa1aa,2
1798,ada0643e7845b08f6b3cb5313c363dbd,2
1799,4dbb4c325ec6d9814aa0822ecea1b7ad,3
1799,ca8203bfd31514bba0d4541c53402cd2,3
1799,cde574a2157e99349b825e6123f7024a,3
1800,07073fab51a7e17501e8d6fff740571d,5
1800,5301a33a87d736ab5d4410f97f321389,5
1800,5ff27ffd258e9bacf900bd802e1bfd4a,5
1800,b9dede1da5a3af3de84f04363861be0f,5
1800,de75c369785a61bab67380cdd3a4e97c,5
1801,860d7eaf0d82fa8c778616bdfc75be13,2
1801,fdca575d6ea017bb321714d1c37912bf,2
1802,7b11087d5c461d2db6c161a745b21ca7,3
1802,c8e018c7c3709335cd5ff2ceb46998ce,3
1802,faaad2f26ad44323c82254b2048cd9b0,3
1803,09b4b0eb74031e7d649ed381b3ba3f7c,7
1803,0bbde8c2f2f1744ab2505e2108c00802,7
1803,3ca631284d8c5a5c59882203d65c05f7,7
1803,4f668878a232f21174fe15970ff49087,7
1803,7075e6b4661435356c477861dd2599c4,7
1803,bda96e013ca6cd0a9a81b0459a5c6f22,7
1803,e90046fef33e5dc64b28add93e4342d5,7
1804,1b99934cf478717c33eb84478d9c8256,20
1804,1c50fd613b7d721224622f6c670a263a,20
1804,1dfc02a3ba7d7ee770fab06d90d70a4f,20
1804,27abacdb4a185ea9579bb677ccd2cf63,20
1804,288c1593d26887e5a2207dfb294f09c7,20
1804,46995daff58b0cb2ff4200c4099316bd,20
1804,6c31cf7a2decdc8ea96a6dac62f1d3c1,20
1804,6cf897dc5e89ff9c4994f93b27668e15,20
1804,71fc844d07733bdbdca85fc79d654fa0,20
1804,738ed23cd88775a616b995d58b1cb28e,20
1804,871cecaf5c8a7cd55a4dd3a669f3dce4,20
1804,90c26f7391cb6244a0236d67a75ff52c,20
1804,ac3bfc1d8cb0cbc1f1ef2e7995aaf848,20
1804,ac81fe90026011b8abea327478c2634a,20
1804,aeb7685103e1f9227614892aa3097665,20
1804,ce439e2487d3a179ed73121d81c77aa0,20
1804,dde36ec5bbfd728fee898ab3cb89e463,20
1804,e2b8b00b056cadb9bb802ef74adfbff4,20
1804,e3acc74a289423eaf516dd8f040206a7,20
1804,e73ea449ed550c8626725ae55b6b791d,20
1805,7c48711af2fa23d73af5c9d3e646d1e8,2
1805,97c18b2abbfda3d0854e3774ac403796,2
1806,4b4cd5e0a5d256ef99bb8347c72e8180,2
1806,f4cc8fa4fbed42fd5a46e2e5d9c584d2,2
1807,9673d92d3032a5245444f47d4ed717eb,2
1807,f25e0eed7b0940f83f7c10ad02fe1ab8,2
1808,66d8ca233fba2f3dbe3022decc4d8bff,2
1808,6ef891e635ca3d7bf8ee3301e934ce5f,2
1809,3375149a0c82a027951651894c858088,3
1809,9534c7d8569e726d7d2e10425ea9dbba,3
1809,a878a4eeaec098783d0d5a30f33b35df,3
1810,5b8491a35abde707a730292e188a70a1,4
1810,8bd8d51abe2f96345776dbce6267cfa4,4
1810,92b156a6e06a493c0ddd33849d4f461c,4
1810,f55ba1b6db17a1d1db9163f7917dd0e4,4
1811,c34871a848d0c1a6b3bbe993a900d348,2
1811,efb2ec651a7787c7e6d1000dbd5b5203,2
1812,1da321510b08d975b37c500b0f180df8,2
1812,e2115f768a2276e2066552ffaf320850,2
1813,46281d7abbf91e2715d2a01928464d92,2
1813,c70ce4d642676218d8c83a985249237c,2
1814,2f9301d5c66225a207f4b5df0411e437,2
1814,cdc2b10184a60c06072963319d28d8a8,2
1815,521aa1867b9c74a41f06d7d015eb715f,2
1815,d872b653b6d025e7ef9864c82728224f,2
1816,56dbedd752c1b2e1bbf0a9a6286efeb4,2
1816,589d673e1bfe6b6f51b865d4c2d2f17f,2
1817,2fc2b96f15511455c31b1eb169df7346,2
1817,65db85305e63bc9b5e244db3ff192fbc,2
1818,a38aca1ee518bff0cbd1a546e4f0e07c,5
1818,bb0228b2b42506bef921b82bda5662e7,5
1818,c510256e9671804fe641f7628ee925d0,5
1818,c7367f62152acb64962242f58a8aaa6b,5
1818,c780ab1dc891384bb510e9a729389c3b,5
1819,4a8938aef079083158e9f56cee1e73d6,2
1819,62e767296d8d1fb58db753bf64da7413,2
1820,57f56bc834432b0d83323b9e73595aac,2
1820,b4f98c2f2fd9907931f5984607533a0a,2
1821,28b89acc7e441eec5066146db8b32be5,4
1821,33b6aee738774f6ec8ac2ab87fa94127,4
1821,78490f9b817a482466e196e88c1ad578,4
1821,bf0a4170ed81393bed07006b44f42c0b,4
1822,57af15381ef27c41c58afa8e1ffa2d4a,2
1822,e3193258d8ad4eaa098a24d881759bba,2
1823,9e73ac481da261c2d3da7985af11d756,2
1823,c940b1795d36e71d41874b46c88ec637,2
1824,512ac532f253dbb79fbdd3ccdf2fbea7,2
1824,615af954a5dadd046f16b12d635f5de7,2
1825,227c46751677cecefd3bb5127a783b86,2
1825,e1c4945524efa362d62ae35ecc6d9369,2
1826,06a196a4bb441f373a592f5d846c61aa,3
1826,1d4db93c977aeed0ca3b524536368f14,3
1826,5722f15b36824c9710ddf00fb49d64f3,3
1827,4da9641402776cdbe3d37d216d0f683b,3
1827,ba81f0dfa5f0678f48836bea949501e3,3
1827,f20b988dcb7805207cfcd652e862d04b,3
1828,738ea33ec6d5bf82d0b3912dceecd96c,3
1828,831121b20c1d8f6d8b76376e9d9e1f5f,3
1828,bfbfaad1a40ecbb183ddef3b9890e1fd,3
1829,79980f3da6bc9bce11aaedf02917a9bb,2
1829,ef5fb9528061bb83b314e149f6a8e146,2
1830,6c1fd231728de966470f989a3190745a,2
1830,bcd53bce5ce711a86beb51d143c4018e,2
1831,1350c32eda037b0ec6dd9b19d8c084ee,4
1831,5f59dd8fb89e7709998eb716780a8744,4
1831,c5a0c4a282b45973632984e3328776a9,4
1831,e3df2fc4060737ac4aa109ce1bfa55b8,4
1832,07e4423f0f195099bb99689637a26a50,5
1832,27ef246defd1caf8affaef9b81a14a23,5
1832,37205f205089b6e3840af242729550f2,5
1832,dd924c9b4e330ce1d29f0de701629fb9,5
1832,e4ff47fe280c0112528e7edc1c9a6bdd,5
1833,db50ccd5eadcee93797922eb6e62c490,2
1833,f677a7cf2a35de721f0394101c63164d,2
1834,b77bc46836cb5bef0da25f114ece8d87,2
1834,fb25a7af62f2b28356356ec14d0a6540,2
1835,4b0492b39f94ab3e8e3220c40cb60c63,2
1835,ab2e3ebc7f730413e14549ff7227410a,2
1836,69b611168cf8958ed27489a75778c065,3
1836,8c1a709d76016d597d25dbd676c19be5,3
1836,a64c292302ec1299af0a103ea6352a28,3
1837,13489c8691553e17837a07ce9c637bb0,2
1837,9c524e5e104fb0777f685345727ef140,2
1838,0fba1a96c2711e4c03f321022f5a472f,3
1838,2d969ffb3d818935bcd9bf0364612c2f,3
1838,dd6969c36e1279a9c304df894b57ee4e,3
1839,596a8311bd15fdba3a0a9cf3d48dcc87,2
1839,8f8e93818cc695c52d109d3ddd67c2dd,2
1840,0ffc915502ba894b00c3776ad3e656f6,5
1840,47c0f62e2de8530398fa4e79b438aa06,5
1840,6c04224139cd84bdcecc56db3ca9f1aa,5
1840,8bf03a963a6dbd72569cea5b76fc2733,5
1840,c3053a209f48eeddd0a022692df77dbf,5
1841,0538fc345867681ecfa740ecbad03eb9,2
1841,4bbcd932233525b7dfd4cad0c3bef2a2,2
1842,36d1af6b7aa29f39e864a5fc490e7300,2
1842,939068020e6760ea1d216f9b21a9d1cd,2
1843,716bdda558766c0cd036102adead0205,2
1843,aa68f9615658947e8eef9772cd212346,2
1844,0be65bb54f1cbc174dda9f24f0c15701,2
1844,5be3cbe0ed4a2ef4cf46dead25052b70,2
1845,083a233efbe6f001957a750cab7a25ea,5
1845,722f3213a1c4bb9f9a42af82165b5605,5
1845,7d41d8d3785a8be42382ebeee74d89ed,5
1845,b1bfe1df540770c9f597867df6823cef,5
1845,e58daa69d7ccfa07d045226be246211a,5
1846,3ce1a758407f7fdf3d6100aa638255f7,2
1846,ef64b1b05e8d8a296c32334173382d11,2
1847,54960f07e39f1f82159860ae6b3bed3d,2
1847,b24fb0acd8ca4a54c709a88591558f89,2
1848,6c32efc133c0a56bbd15a5d2b7c6be6d,2
1848,d37dcd137b3e9e05a5c7623b401c6035,2
1849,2e7a278906cb0c09989c1aa7ecfbbf5c,2
1849,d2241bc36e7e40aaf61f826f93803dbd,2
1850,2c2372f69bac86c4d2aef9ce4fa5b2c1,2
1850,4fcff8a5e3a1c96e6b7de21609a4aa00,2
1851,1c98e229dee5b202d08c1c0aaa723684,2
1851,37d6ea1c8b290142ac673b5b40ea2ad3,2
1852,2cfbebcf9ccc7697924fd80dc3a6b695,2
1852,c60bfa5360e461336b271db2645612ac,2
1853,a08ae6173e0ce36793f22e7b75949068,2
1853,b70789552af022f70e0de271a92b0779,2
1854,3f0019e2df65b9b0439b7f641ecece39,2
1854,9bb265f47b479ab68f166fe7d8d23999,2
1855,34876ec447444b64c5290ae8db3da288,2
1855,6918cfef06882f53afab89e5565396e2,2
1856,3937d65829fe3ed2670fdb885aefa34d,3
1856,77658637e3c4281d94d6191c6376bb5c,3
1856,e64bf01807c5cee47dfda34eb9cb8d3d,3
1857,0dbfba122eb8d3d38a4be9a415a6f4de,3
1857,46e27d81aff18b2325d6c46735b83357,3
1857,c0992cb9da246ed222eaf72adcf67867,3
1858,0cfc4b50c37e9f3ddb23e2c79d6fc85a,2
1858,46645ba0b09019f19098309e3fa778a6,2
1859,724122e103d73652c87c22f18d492487,2
1859,7f36cbf7594020316fa7123b3063b516,2
1860,7afadce191890034721adfed470f86e3,2
1860,f7a17d75e129e0330a06205d0e34d883,2
1861,8ae96569b911441d566ee4cc5b558dec,2
1861,e36bcc895d7a7f203754fba30c4539a6,2
1862,8932d304d33baeb67fa2df45d97264c5,2
1862,ac12b55e17eb8fc57a9be4b4842c5261,2
1863,0e18ff953b81ba3ca25e96ea46f1a247,2
1863,4584221122deef4b3593d9b30c411893,2
1864,214ae382ee7b39ef6591ee50242c5e85,2
1864,b05ea1831498ee6e16577d0f1a9718d4,2
1865,05a7920413e9a6d192eab77882cdad36,4
1865,0d084462f442b63f9df4e3971fad9881,4
1865,63bb0a8790b58e8a247c7ca7d567d7fa,4
1865,a5931987ef6b5eb2fd58aab818cc8a23,4
1866,0be39be86e6a17a2acd863c95e508575,3
1866,56a61c4f0660cf794990c8761dc2a49b,3
1866,92a193e7a3499a0389b2b8ed58bbfea8,3
1867,1dc916486434d9f1a365f64c3bf502b4,2
1867,555dbc2a021a9f5d1022af20ebabca88,2
1868,bee452d1194b864034f16293ed2e4882,2
1868,ed4b4b87ed452ca8b087527ac290fec8,2
1869,e2087510889afc8ad96823894716d3bb,2
1869,f89007cec8797bf911e9405dc5644863,2
1870,354afee655c7af193be0bdb1d9bcc5ba,2
1870,57408a667976cbd70b93cfbab30fa77f,2
1871,81b1942611304d4503dd3f52f25ec7f2,3
1871,a1a94b5b4b3faaead2e3e515dc1740c6,3
1871,f1525796d43a75db0b53bb56e499f0fb,3
1872,ae0f4498095da83c517a4ec16a824bc8,2
1872,f6e8dd35e37a21a07c14f52f27164610,2
1873,db49cde5bbee10e1c1e24a8d4cf1464b,2
1873,e5397e71b4ae046ea625f0e8c2896b93,2
1874,1a4a32a8545347b568dddd7cca15b71d,3
1874,1c0ed11be9d796afbfc5bfa7214da8d4,3
1874,ad0e6c46356e973a33eb2e3d0d1ff73f,3
1875,6cce36d120f942245f0161f1fb432a13,2
1875,95441f065f756cbbb676cd4ba92fae44,2
1876,0038317ba4c648a11c70b4047b400316,2
1876,7b03f46c5d135d0aec24947c8077b9df,2
1877,953a928cdb841200d7780a44931b3a30,2
1877,a18960e3c8be73dc77f86e1067add4b0,2
1878,b671775804799bd124d849859dfd16d8,2
1878,cc802341c6681d141e16394a877efd14,2
1879,9e02faa1364ea33ae7d33a7092f8a180,2
1879,cfd3ea0356b97580316a3a135162bc00,2
1880,044bfd87bc532e384518f349818b62e5,2
1880,0a79d10c586f7cf5e867b7f55dc27d01,2
1881,4c661f25b8a25ae575ede28e0ce7819d,2
1881,ac3d443259e45d00c0e2948c704dcca7,2
1882,70200176dc6b955ed52dfc6d8023b705,3
1882,af245ddd9f6d06905a9229b5ea7f873c,3
1882,b52a480370536426f3619b455cc2209d,3
1883,035ad781f8acd2a6c5f08b126120611e,3
1883,5ac7f300157b912bb4d5f607890a737a,3
1883,694033035c9964cf1fddc1080d19c0e3,3
1884,15e19f1f84fba6d65df0bf043e9e0351,2
1884,bc521117293cdcf2c85fa279d5f1186e,2
1885,061bf4c480f6f7bd88c2db84bf6df5aa,3
1885,3acfdf4ad9927b81a0b374d07bf63f8d,3
1885,3b8abe93e9579fc1ffb78d18045b04b0,3
1886,167950bca54898e6590a2467061ad5c7,2
1886,814f4e2bd06f801ad1babb6c2d312982,2
1887,5d44bc859a0d7c1e6c8ec3d3675ba081,2
1887,f45dbe2f7eebe6efe73888cf992f8893,2
1888,201281f1569abe247efb6e9ac7fb041f,2
1888,42665e867d1e6894f144cc36ce7cc9db,2
1889,627d01b40f8b7154cda92df99f33504a,2
1889,e7598a547e8567f989545e1fbfd0b409,2
1890,a4d669a8cd658a0437478d3970ee9f2d,2
1890,f8c36d02f4eaef60eebbc351da9d82d6,2
1891,36ae9b7f76e513c7ac7b797fb92bb3cc,2
1891,f978ef0671dcd3687c84144b0b84274d,2
1892,342309d2020462e18bb2430f087449a5,2
1892,f27d612c78c2aecf6382e05961614794,2
1893,3bf7e8fa7035fd5071865bfba58bdea6,2
1893,572a1dcc449665a386510ef82fbf0f4a,2
1894,10cfe321ab953257fed5786fc936c5d0,2
1894,3a05e5131aaf3e4cdc8342e73bb379c3,2
1895,45bebd3c96aebbe76904d79581a1d673,2
1895,a94cc5ee70eaac5118827cdb45980401,2
1896,578c893b521bb72c4dfd6d68c16a5557,2
1896,e2e1957601d92fed90777adc63bf9452,2
1897,1214ccfe36c77d449aeeb8b93f83991c,8
1897,3a41964cd40adcd1da8fa5c13b5f1dbf,8
1897,4c0ba2d16d373b67d2ea828fd8eb2db5,8
1897,7f23e429ea707cdd76e032b2cbfd89b9,8
1897,7f7bdc583527665a143420dcd30f7a4d,8
1897,9234dc92fbe61d5bbc3a40fb8a3b4b04,8
1897,f98d83fad2c8cf81c5f72a210d5da0af,8
1897,feba051f7dfade557045d7ac3d2ea9fe,8
1898,b947b8b125bdf8d59d36471fa80f4993,2
1898,cbe0e35a392da8dc6e33a9db1c55678c,2
1899,d1af900f1d6d2b592611d99692a5f731,2
1899,ffe01f98afd56fc25fa8e1244bef28ad,2
1900,4b66ca2d7bb226155717e57e51b4abbe,2
1900,b12cedf43b22324e5e98d3b2c157ed31,2
1901,1aa4cdc2f6d1d18b733efc3ffcd31eb8,2
1901,7bb899ee1eab0ba9eabf997a33809f03,2
