method_a,method_b,change_category,method_a_change_type,method_b_change_type,method_a_similarity,method_b_similarity
004ac49e056b50d286746c62521c03aa,45ef24ae8c806d563b63dfcff34e6202,method_a_added,added,exact,,1.0
004ac49e056b50d286746c62521c03aa,62af246689b279b755a8625cf6a4f732,both_added,added,added,,
004ac49e056b50d286746c62521c03aa,6414a3c14ec535b67e4c5ed72af51a91,method_a_added,added,exact,,1.0
004ac49e056b50d286746c62521c03aa,8f1f80107eced43a73db9a0ef09c143a,method_a_added,added,exact,,1.0
004ac49e056b50d286746c62521c03aa,a08bf01af53c763464a25a8168f8a3ed,method_a_added,added,exact,,1.0
004ac49e056b50d286746c62521c03aa,aba0c04c601402a89cb324257f5845ad,method_a_added,added,exact,,1.0
004ac49e056b50d286746c62521c03aa,bce7f657968345f43939a7f6e5365620,method_a_added,added,exact,,1.0
004ac49e056b50d286746c62521c03aa,cd86b06c1a6e1aac763e415c9fb5862e,method_a_added,added,signature_changed,,1.0
008b2447edc7b120cf3e73e8f4d9227f,21cb61ffb1cc4137f2bfea2beab76990,pair_formed_naturally,exact,exact,1.0,1.0
00aaa062d11f2a095fb35b637ba50092,131fa0d15c2bb53ed6ede84eda89e70a,both_added,added,added,,
00aaa062d11f2a095fb35b637ba50092,f7d49890641e5f8a0708f9adcdb22387,method_a_added,added,exact,,1.0
00afaf60a114c01f7c766850a1960ac0,7503a32df8b874181d1878a69252b1b2,both_added,added,added,,
00c966e56ddd6d7b798bcc1d38c22fa2,44d6bc585ae4c29279d89c92a6ef90dc,pair_formed_by_refactoring,moved,moved,1.0,1.0
00cf6329a2bc9a00baa3a2e092875c19,2ddfcd39507b2ccdf809b7678831e6d8,pair_formed_naturally,unknown,exact,,1.0
00cf6329a2bc9a00baa3a2e092875c19,d155c609a023801a7ffed3b92f7b3052,pair_formed_naturally,unknown,unknown,,
0125b3f3cbebfc3c50b2e5016056cb18,0a379e15d79eaf1e045282239b3dda28,pair_formed_by_refactoring,signature_changed,signature_changed,1.0,1.0
0125b3f3cbebfc3c50b2e5016056cb18,0c6817e47d5e4d77f9eb0d5b9f1776fc,pair_formed_by_refactoring,signature_changed,exact,1.0,1.0
01349ca62c77663126ab1dad6890d493,7be924e63d1070623e5bce439367620a,pair_formed_naturally,exact,exact,1.0,1.0
01349ca62c77663126ab1dad6890d493,8fc93c29ddbec6ec7f8453c64f00e0aa,pair_formed_naturally,exact,exact,1.0,1.0
013b5e212db569c2e7b1bb4cd80ebf8c,b879779ae5555b09513e61f8fef6746f,pair_formed_naturally,exact,exact,1.0,1.0
01455c351463965d0ba7128756f1f1fc,f46eb2fec044d8caef62fc97252647e2,pair_formed_naturally,exact,exact,1.0,1.0
01518bb20162fd1ff91ad55742a5338f,b8a72020028457378d456be4bb966d45,pair_formed_naturally,exact,exact,1.0,1.0
01597a859f46c4dfca683de59206b0ad,a27468dafc0860b4137d4089e95415d8,both_added,added,added,,
01597a859f46c4dfca683de59206b0ad,d350b0683d4e448e8b89fe428efbd654,both_added,added,added,,
015fcf33eecd4b0b7067b2952c9610c7,924ca859d9a05fb553f3f19b7a3137f3,both_added,added,added,,
015fcf33eecd4b0b7067b2952c9610c7,9e3425e784151086bc54e287c7a3736f,both_added,added,added,,
015fcf33eecd4b0b7067b2952c9610c7,b896bdca9a5617b97bea1a91a29e9440,both_added,added,added,,
015fcf33eecd4b0b7067b2952c9610c7,bf7416e524f55289bc5e0f263585595b,both_added,added,added,,
01624cad89c1000c3bd0d664cee953f2,cb7c2c896ed93111ab58e02eace5bab3,pair_formed_naturally,exact,exact,1.0,1.0
0177e7002ec6816860a9ad4f725010be,0f1b318f6f0de3d79bf67121433e0154,pair_formed_naturally,exact,exact,1.0,1.0
0177e7002ec6816860a9ad4f725010be,1829949a2208ec4ac5ba9ffb398887eb,pair_formed_naturally,exact,exact,1.0,1.0
018af22e34a28d565697f4d28f5cac26,f106834f896bce972d8d03352f6692b7,pair_formed_naturally,exact,exact,1.0,1.0
01a63cf8cc5d0715326c68e77df9d6c7,91ce90e05e29002feb8d3a8fb196dfdb,pair_formed_naturally,exact,exact,1.0,1.0
01adb284427952ec8fa56ed607170bbc,464de3785a3c4740fbfa56a7bfa511de,both_added,added,added,,
01adb284427952ec8fa56ed607170bbc,884d5fe4d98f75be15f931fe4fc7804d,both_added,added,added,,
01adb284427952ec8fa56ed607170bbc,a008b78cb7ca90924ccd584805535b78,both_added,added,added,,
01adb284427952ec8fa56ed607170bbc,e194cdb2d0ab29412836d5eb389f15f5,both_added,added,added,,
01f83173fb37fdf3c8469a1aa38c3caa,069e0866fd059dda3580c40940576cca,both_added,added,added,,
0217add568ebdb93b8cac914faacd44d,08320031da6dec873ee8346373e39080,pair_formed_naturally,exact,exact,1.0,1.0
0217add568ebdb93b8cac914faacd44d,35c5c0a7e5477a27d36ac34de877a1c4,pair_formed_naturally,exact,exact,1.0,1.0
0217add568ebdb93b8cac914faacd44d,5adc2261cc09a50e9554cabb5d14c6a6,pair_formed_naturally,exact,exact,1.0,1.0
0217add568ebdb93b8cac914faacd44d,6c68c076e7c1aa2aca428868efca80a2,pair_formed_naturally,exact,exact,1.0,1.0
0259fdb56b8650a14089e30f1d7fe138,e65eae4ca99addc19ff61956e985c166,pair_formed_naturally,exact,exact,1.0,1.0
0260722455468362c8b6f32e6e352718,c7d67db765784c5db93642d3c81168b2,pair_formed_naturally,exact,exact,1.0,1.0
02a0acea50eba2578e07730df6131892,a4f656f674a491e32894bf1dea2e35b9,both_added,added,added,,
02bf3cb57f95e99299497c07cbe625af,1b7b3b3d9c53225b031de018abac69e9,pair_formed_naturally,unknown,unknown,,
02c2146b7f566616d2091712bc9d7d62,4e273dc808d23ddc6293025ee5e75431,pair_formed_naturally,exact,exact,1.0,1.0
02c3106cb5afd49ba126c6f98cef09bf,350c7e0f8c533ad5f59b202bc00d2e07,pair_formed_by_refactoring,signature_changed,signature_changed,0.93,0.93
02c3106cb5afd49ba126c6f98cef09bf,431626034200fc58413889ca82750968,pair_formed_by_refactoring,signature_changed,signature_changed,0.93,0.91
02c3106cb5afd49ba126c6f98cef09bf,a3f32618fae54884ee5020fafa3584bb,pair_formed_by_refactoring,signature_changed,signature_changed,0.93,0.84
02c3106cb5afd49ba126c6f98cef09bf,a78ed56ea9d9a9dd1ce42c10c90baa1d,pair_formed_by_refactoring,signature_changed,signature_changed,0.93,0.83
02c3106cb5afd49ba126c6f98cef09bf,d53d08d8630e9e059f692ccd90fce52f,pair_formed_by_refactoring,signature_changed,signature_changed,0.93,0.8
02c3106cb5afd49ba126c6f98cef09bf,e944e246d53cb0c35b879ca5c81e6711,pair_formed_by_refactoring,signature_changed,signature_changed,0.93,0.85
02d6f0e2f2548b88c7216b6cd3bbc9b6,b9bc85be2c87b0627099d3c16f59cd15,both_added,added,added,,
02d9991bbdd65ab7b2a595c45425c815,a11998b38314411ea784a3f9a34f1e5c,pair_formed_naturally,exact,exact,1.0,1.0
02eff8179c1ed8a210dee71a3706e430,8dd4d84e322918e5013359ef208796a3,pair_formed_naturally,exact,exact,1.0,1.0
03800c2f56fd4ecaf798d8792e233751,03e6bdb91ccb7a8cf65f2bf4483c45ce,pair_formed_by_refactoring,moved,moved,0.9,0.9
03941e8b80b6003aada2545ffa1ce62c,40349630185eedec0bdb902695ebfcd7,pair_formed_naturally,exact,exact,1.0,1.0
03af729e24f14a8bd644ee70f4b87982,1a3bcc24988af78ba13dacda9fb2c040,pair_formed_naturally,exact,exact,1.0,1.0
03bbef6b21c5e76e6af9906d0a4b5347,6c9d2984049278a638e73f4974e5ed7c,pair_formed_by_refactoring,signature_changed,exact,0.97,1.0
0449d448da8169493fdae51bbfa9f04e,136e257cc080038e7cf120b2757d029e,both_added,added,added,,
045928507c80231f07169097c3df0046,265966405062e2e9c50a74999da4fd2d,pair_formed_by_refactoring,moved,token_hash,1.0,1.0
045928507c80231f07169097c3df0046,662f528e70ebf9738df73b7b050949ec,pair_formed_by_refactoring,moved,moved,1.0,1.0
045928507c80231f07169097c3df0046,a51989fd243f7f3d265460cc9c9798ca,pair_formed_by_refactoring,moved,token_hash,1.0,1.0
046798d3853e2207fa1ee611b2f7ffad,377bf46445b8e608ef65a30201b5b3c4,pair_formed_by_refactoring,moved,exact,1.0,1.0
046798d3853e2207fa1ee611b2f7ffad,565d7feadf343eadf3115e62cce897e5,pair_formed_by_refactoring,moved,exact,1.0,1.0
046798d3853e2207fa1ee611b2f7ffad,7828140790a47a651f752f3da4df5a84,pair_formed_by_refactoring,moved,exact,1.0,1.0
046798d3853e2207fa1ee611b2f7ffad,e39800094a6d8abad286d8b0b47a28be,pair_formed_by_refactoring,moved,exact,1.0,1.0
046cf2e0acff5c01bae3bd9954cb7120,bed01012b44eb52f104160dd45c893fe,both_added,added,added,,
046d0dbe495e852dbedf19f78c44da80,85f07bd355582f0946ea65cb023fee90,pair_formed_by_refactoring,signature_changed,signature_changed,1.0,1.0
04bb05b006a8b18297cd0aefcbf27dac,1eddb4fcf8270d128ce0528d7b178347,pair_formed_naturally,exact,exact,1.0,1.0
04bb05b006a8b18297cd0aefcbf27dac,2b6c36f72e633ff8bbf0dbb525131430,pair_formed_naturally,exact,exact,1.0,1.0
0527387c898c0288f739a512e4f8fd85,98905fc446448f6980e8e502102056df,method_a_added,added,exact,,1.0
0527387c898c0288f739a512e4f8fd85,b4b73395f16a0e300e2e7a163b7dad56,method_a_added,added,exact,,1.0
052acb8b3d71cd72efafebcb9c60d6f8,1b95a2c593c556b8808db68516a30494,pair_formed_naturally,exact,exact,1.0,1.0
052acb8b3d71cd72efafebcb9c60d6f8,c6b7184b607b15b767714b91fbd87343,pair_formed_naturally,exact,exact,1.0,1.0
0553c4b47bb4cbb7a16e09212ccb65da,be796ead9e3e04562a210a5ea3e91576,both_added,added,added,,
057802f195d6521d09c77b5820c73e5f,2b3ee818f4cef0faef888b934c063e1f,pair_formed_naturally,exact,exact,1.0,1.0
057802f195d6521d09c77b5820c73e5f,fceb1f24a684c2657b89960f75c7f7af,pair_formed_naturally,exact,exact,1.0,1.0
0590ccdd896c47620acf661638433c74,2fc4b7dbe9f3b20d03298937d602c06d,pair_formed_naturally,exact,exact,1.0,1.0
05b013bbf1cb5d0b4e54dfaba8cfa353,dccd388ef0f70008e338c334686520f1,pair_formed_naturally,exact,exact,1.0,1.0
05b31d2c093f342e8f379d9b4297c08c,8ab50692d91aa4b40e3c5464ac7c15bf,method_a_added,added,exact,,1.0
05db046e5250f1c06d1f61320d505659,35ee7cea0fdbbc37c948151d701ee919,pair_formed_naturally,exact,exact,1.0,1.0
05ddc4c5cb90ca084350fd2674e84198,b77ebecba9b7c92ffbeedb2b03213a15,method_b_added,token_hash,added,1.0,
05e442dfca8b4bed4240c0241c7a660d,9742e83f93895193cbde364aacb5dfc7,pair_formed_naturally,unknown,exact,,1.0
060ea466ba53408e6bbd7fe249db875e,7c658c2dda8366fb016f9118c2b613a3,pair_formed_by_refactoring,moved,exact,0.94,1.0
060ea466ba53408e6bbd7fe249db875e,85aec851df7db5ae9161126bad3d4ac3,pair_formed_by_refactoring,moved,exact,0.94,1.0
063340e1386c8abfadd94413136b4c2c,aafc277e7d5064049cd4f3fbb40c2eec,both_added,added,added,,
065467ed3b31e0a761b532f813912636,45e6bd931479ac14988fefe15f021e68,method_b_added,exact,added,1.0,
065f66a2679f7935bfcb3dc250483e6a,bd6e114f208e102a99f6a0b85313da03,both_added,added,added,,
0683e70449e21a68581288fc0c42cac1,1b615afb7038d27c15da6ef61730a398,pair_formed_by_refactoring,exact,signature_changed,1.0,0.97
069aa8de0523c788b36d3f19a3eb9aa7,cd06450ca7b91ddde5f2621d93e398c6,method_b_added,exact,added,1.0,
069de94bf9cfe7c703045c25edf86a40,53a91b3c8d6274aa2d460e3ed3363a8a,both_added,added,added,,
06d8d2dcbe4cc8bba9b602c32a315a6d,152298f1c312ef243cab781e8a200ce1,both_added,added,added,,
06d8d2dcbe4cc8bba9b602c32a315a6d,2a403e36fd792ca477674eb4c494f95a,both_added,added,added,,
070ce7ba8a98be68dd686acb05eb36aa,9d863e220bb6a76d4fb02a0cf64c686d,pair_formed_naturally,exact,exact,1.0,1.0
0759f4d9f29e91785c47bb25f63c9626,1e7487eb4711984592be2d7c0f99df49,pair_formed_naturally,unknown,exact,,1.0
0759f4d9f29e91785c47bb25f63c9626,43ef86dd6ae743c894255085160746b3,pair_formed_naturally,unknown,token_hash,,1.0
0759f4d9f29e91785c47bb25f63c9626,537a539e8438a467a4a71189e05422fa,pair_formed_naturally,unknown,unknown,,
0759f4d9f29e91785c47bb25f63c9626,6a49f188aef526308296ff684fcf6d4b,pair_formed_naturally,unknown,unknown,,
0759f4d9f29e91785c47bb25f63c9626,84cbfccf0a127ad90994c0958424a927,pair_formed_naturally,unknown,unknown,,
0759f4d9f29e91785c47bb25f63c9626,b3a61c9fcb89817e7995222df77b36d4,pair_formed_naturally,unknown,unknown,,
0759f4d9f29e91785c47bb25f63c9626,c5fd87924807718375770fe900193cc6,pair_formed_naturally,unknown,unknown,,
075c190bafbd06bb4a51b245255a479e,bd42250bfcc9714d8a7ccc28b15ccddd,method_a_added,added,moved,,0.9
0782554d541f12d2a80ba3c194096b27,59d41b24aac39ccdb3d38bbcba96be2c,pair_formed_naturally,unknown,unknown,,
079a904fb8e9587b5db40a1cf5735b2f,509c5b2e229ae134c6ca62be06f3065d,pair_formed_by_refactoring,moved,unknown,0.98,
079a904fb8e9587b5db40a1cf5735b2f,9c081734359d66aaf7cc160c7b81a225,pair_formed_by_refactoring,moved,exact,0.98,1.0
079a904fb8e9587b5db40a1cf5735b2f,dfad2ee729c5b4c6a23aeab803c1ff23,pair_formed_by_refactoring,moved,unknown,0.98,
079a904fb8e9587b5db40a1cf5735b2f,e9f004287378fabb9936f0203478fe99,pair_formed_by_refactoring,moved,unknown,0.98,
07b2c2aaa45c8513f0b202d565857c44,ae9d872f906985fcd8be1f89ddc28f72,pair_formed_naturally,token_hash,exact,1.0,1.0
07f95eea2e62a8c06bb1516502265b6d,51648aa43ccc3fceaa1b3558b80c1113,pair_formed_by_refactoring,exact,signature_changed,1.0,0.96
08320031da6dec873ee8346373e39080,35c5c0a7e5477a27d36ac34de877a1c4,pair_formed_naturally,exact,exact,1.0,1.0
08320031da6dec873ee8346373e39080,5adc2261cc09a50e9554cabb5d14c6a6,pair_formed_naturally,exact,exact,1.0,1.0
08320031da6dec873ee8346373e39080,6c68c076e7c1aa2aca428868efca80a2,pair_formed_naturally,exact,exact,1.0,1.0
083eb4d72ea4120b11d70d9a71997515,4d931f7038f298016057ec9df41257d7,pair_formed_by_refactoring,token_hash,moved,1.0,0.99
0848d12a808d3324679df0d032299e16,ce7b66c73d897be7794c55658544e461,pair_formed_by_refactoring,exact,moved,1.0,1.0
0858ac149685861ee8587a21a76024b9,6374ccf7030834964ec2fa9301f6a090,pair_formed_naturally,exact,exact,1.0,1.0
085b62b64ea3481f445647ede04bc410,16ae2205cc292c2f04beb2b095b5d4d8,pair_formed_naturally,exact,exact,1.0,1.0
086a578078e94e3942f007d2cc5ecd95,4991c7b0e8e54f118f20910087977ede,both_added,added,added,,
08a01dc1a661ced290e7a059493b3b02,1422c74dad6e004314e21f68a3a23fbf,pair_formed_naturally,unknown,unknown,,
08a01dc1a661ced290e7a059493b3b02,17c9efd0c66f5646b6cf5cbcaba45ba7,pair_formed_naturally,unknown,unknown,,
08a01dc1a661ced290e7a059493b3b02,2552455b22108b18ea315a64ec32aa6e,pair_formed_naturally,unknown,unknown,,
08b02405a946a9713ab92d14f1631167,35f04ad6199ae5c0adf09ebb1bdd5506,pair_formed_naturally,unknown,exact,,1.0
08c1aa0f2322a73ac2443821939f6c83,b3ebbc47bfc4abbc0059cdcfe1583ccc,method_b_added,exact,added,1.0,
08f7072ed70730be6aee0d9ed9d03dbf,8de87870478dda4537fcccacc332f580,both_added,added,added,,
0909060a9070729222aac07382702809,17c86b12fe804204526198c3bebff962,pair_formed_naturally,exact,exact,1.0,1.0
0909060a9070729222aac07382702809,3f9c337f38cd4ed80b0be39976efbd0a,method_b_added,exact,added,1.0,
0909060a9070729222aac07382702809,954e58ae4cc79427ecba79d1b811f528,pair_formed_naturally,exact,exact,1.0,1.0
0909060a9070729222aac07382702809,aedb8e3a4cd803a42fdf8bac415329cb,pair_formed_naturally,exact,exact,1.0,1.0
091b6eddeed039999ea26adc0b236b18,37205f205089b6e3840af242729550f2,both_added,added,added,,
091b6eddeed039999ea26adc0b236b18,ac2e8fcdd3d5b7db82bc27fd82635a8e,both_added,added,added,,
091b6eddeed039999ea26adc0b236b18,b474fe5d9fb9c774e894f178a833c1f0,both_added,added,added,,
0944b01dcea20354a7665407ff3ba419,8172649cadb7189fc8be1295ea8129ec,pair_formed_by_refactoring,exact,signature_changed,1.0,0.92
095b9d018347eb0ed74f981e1bd3e2ee,9db6621b16d0fa9c71cc1ee7d271fc21,pair_formed_naturally,exact,unknown,1.0,
098cce83709a8cfdc7b69955b18e0931,f1038b152e27517b1975e023f04d76c1,pair_formed_naturally,token_hash,exact,1.0,1.0
09d919e7509e98a4f0b36f398e47ef55,935e6727dc34775efa3c3e54a9297c80,both_added,added,added,,
09ede22fb4304b0a54affc8779998618,935529c2e8038b57a37395072be1a30e,pair_formed_naturally,exact,exact,1.0,1.0
09ede22fb4304b0a54affc8779998618,af27b81d308a5c48cc507b91d47d6805,pair_formed_naturally,exact,exact,1.0,1.0
09f196c2863f04f3e4e52ab730cb579b,27bc5158863cdf03c901df7135ddf954,pair_formed_by_copy,refactored,exact,0.85,1.0
09fa397699fe2e95061f7f83d6004379,4bb436a4b693b3a38bbb36e915b4b403,pair_formed_naturally,exact,exact,1.0,1.0
0a1309d29d29ef1124e26483366b8cf1,812c41880c474b9d37adef15b14d7cfd,method_b_added,exact,added,1.0,
0a379e15d79eaf1e045282239b3dda28,0c6817e47d5e4d77f9eb0d5b9f1776fc,pair_formed_by_refactoring,signature_changed,exact,1.0,1.0
0a379e15d79eaf1e045282239b3dda28,40f56d2717adcebbbc9e51b2b44e1b38,pair_formed_by_refactoring,signature_changed,signature_changed,1.0,1.0
0a5daa1170d52337d295661eef0865d3,c626d4ede202a3de680327fca62b7512,pair_formed_naturally,exact,exact,1.0,1.0
0a662f30445a28bd04f1906757917ee8,1243c5cdcbaad05c704ac98f7673a0e4,pair_formed_naturally,exact,exact,1.0,1.0
0a8e33e28b89af8ea54e838f619b203a,3ea58a3084dc0712855df623471305a6,method_b_added,token_hash,added,1.0,
0a8e33e28b89af8ea54e838f619b203a,628df9c3610d6ceb52a6d6feaa6a6356,method_b_added,token_hash,added,1.0,
0a8e33e28b89af8ea54e838f619b203a,767a0c1dafd844f32cdb8b0d71beda6c,method_b_added,token_hash,added,1.0,
0a908167f554e8cef3269b67ee06bf70,6de135855dae8b607339eafb3614ab96,pair_formed_by_refactoring,unknown,signature_changed,,0.83
0a908167f554e8cef3269b67ee06bf70,7f058c88aff093bf1aaaa2a952eb106b,pair_formed_naturally,unknown,unknown,,
0a908167f554e8cef3269b67ee06bf70,83c9cc20576dfeba9ee832eccaf88925,pair_formed_naturally,unknown,exact,,1.0
0a908167f554e8cef3269b67ee06bf70,a165af78604297f6693e95991616e73c,pair_formed_naturally,unknown,unknown,,
0a908167f554e8cef3269b67ee06bf70,a627b5f9586e5418e26b2f64efe47d8d,method_b_added,unknown,added,,
0a93dbad9ee2a997f9e73b5266fb8c97,56a5d5204c4a3817c914f15c91864c26,method_b_added,exact,added,1.0,
0aa3910c4c9973faa87ea998ce58c518,3283812d5ac68dee8c8e4700ff036359,both_added,added,added,,
0aa4eeae334d593807f68c473ece7d86,8023d72baa1473f1b88f71540159c2be,both_added,added,added,,
0aa4eeae334d593807f68c473ece7d86,a8a9b5bbb736daa665a612fca5cf01b7,method_a_added,added,exact,,1.0
0ab0ff4d1de79d677d72ed765c0965bd,4e37f1a366b9c1ae703cbaaf6daa7e54,pair_formed_naturally,exact,exact,1.0,1.0
0ab0ff4d1de79d677d72ed765c0965bd,726ca8a5db1481c79282e021efe2ef28,pair_formed_naturally,exact,exact,1.0,1.0
0b125ac6698091e8fad44069d839ab38,e8c2f410813f6a1ac593756cb08e11f9,both_added,added,added,,
0b60640d3ab2d8e5e3b6c4d2721b545d,0b7fc50d2a9c864785db6ac55faf1b6e,both_added,added,added,,
0b60640d3ab2d8e5e3b6c4d2721b545d,649f18577a8211d6f3c7d1e340c091ea,both_added,added,added,,
0b60640d3ab2d8e5e3b6c4d2721b545d,89d7e8c061e119d5859701ca4b81ec53,both_added,added,added,,
0b60640d3ab2d8e5e3b6c4d2721b545d,8f8048ab1d4fba7aceb4451a9695e181,both_added,added,added,,
0b60640d3ab2d8e5e3b6c4d2721b545d,fbdd1992821a23dadc109b0ac36671d7,both_added,added,added,,
0b6dcce2bc288681776791a30a29af78,75a381e11c3aac2f9e7a9ddf4ad11c34,both_added,added,added,,
0b7fc50d2a9c864785db6ac55faf1b6e,27abacdb4a185ea9579bb677ccd2cf63,both_added,added,added,,
0b7fc50d2a9c864785db6ac55faf1b6e,649f18577a8211d6f3c7d1e340c091ea,both_added,added,added,,
0b7fc50d2a9c864785db6ac55faf1b6e,8f8048ab1d4fba7aceb4451a9695e181,both_added,added,added,,
0b7fc50d2a9c864785db6ac55faf1b6e,e73ea449ed550c8626725ae55b6b791d,both_added,added,added,,
0b7fc50d2a9c864785db6ac55faf1b6e,fbdd1992821a23dadc109b0ac36671d7,both_added,added,added,,
0b988d826f5cb3bfd5b4a3f7a52d2d48,f39317f79b6e790bb29b9ea02e4ba17f,both_added,added,added,,
0bb6dbe69613b7a0f8b3f4d0ca1fa53b,6758c33e6a55574be115f677578c78e3,pair_formed_by_refactoring,signature_changed,signature_changed,0.94,0.92
0bc6af832166eb77accb1d9aa589d9c9,b711950ad0ef822811391822f6c7fa2d,method_b_added,exact,added,1.0,
0c331359468fa8619669238701b42195,9e51868a20936fccb5004de2b0dede61,method_b_added,exact,added,1.0,
0c6817e47d5e4d77f9eb0d5b9f1776fc,40f56d2717adcebbbc9e51b2b44e1b38,pair_formed_by_refactoring,exact,signature_changed,1.0,1.0
0c6817e47d5e4d77f9eb0d5b9f1776fc,615dec63ab67fcb3682267b0c1e1bc96,pair_formed_naturally,exact,exact,1.0,1.0
0c6817e47d5e4d77f9eb0d5b9f1776fc,7716eefe205db55286e980dea220c2fd,pair_formed_by_refactoring,exact,signature_changed,1.0,1.0
0c7bd11df53b2ef96af5e23d4a02e8f2,2600cdbff9904280874aa36cb0679b45,both_added,added,added,,
0c7bd11df53b2ef96af5e23d4a02e8f2,65a20a39b398761d6a0a0ca46ca8213e,both_added,added,added,,
0c935e5dcbbad8baf051f153fed5bb64,80c167226f4c9cd2676301aea5eeec5a,method_a_added,added,exact,,1.0
0cbf54bbf7442e082053790718acefc4,4bfa429c490a9eaca628958671e04edf,method_a_added,added,exact,,1.0
0ccf664b599bff5297e77097a82eb597,165a882522eac3df0787377cdcc2c83b,pair_formed_naturally,exact,exact,1.0,1.0
0ccf664b599bff5297e77097a82eb597,484ef296829841d8763193ebb1209353,pair_formed_naturally,exact,exact,1.0,1.0
0ccf664b599bff5297e77097a82eb597,8ae3b19b1349d00a578bb76884e500b0,pair_formed_naturally,exact,exact,1.0,1.0
0ccf664b599bff5297e77097a82eb597,98a0b37fa16611954b94d6144887bb4e,pair_formed_naturally,exact,exact,1.0,1.0
0ccf664b599bff5297e77097a82eb597,9d7e4c4413add2003e756499026977f5,pair_formed_naturally,exact,exact,1.0,1.0
0ced2a0672d00e3a127bc2fee209ec8d,8fe4ef65c24841dfe70a9539c14fc863,both_added,added,added,,
0d13b9a528628846af3bcd88a6155230,2708cd75354707c17f8196e4502d5130,both_added,added,added,,
0d2494dfd24a77e1db6db753de6cf4d3,11898dd520e9310dda8cfa387060a4c7,pair_formed_by_refactoring,signature_changed,signature_changed,1.0,0.92
0d2494dfd24a77e1db6db753de6cf4d3,1f5b626e78f37292c85d476debd5f03d,pair_formed_by_refactoring,signature_changed,signature_changed,1.0,1.0
0d2494dfd24a77e1db6db753de6cf4d3,4b731f88be87fb8d8b0b6bcdf241eac7,pair_formed_by_refactoring,signature_changed,signature_changed,1.0,1.0
0d2494dfd24a77e1db6db753de6cf4d3,5c824ed15780f9f2d29d6138750c7310,pair_formed_by_refactoring,signature_changed,signature_changed,1.0,1.0
0d4370f63f5983e77eb27d3a995e0d4b,f29a39fbc0a40e471eef1695e567c1c9,pair_formed_naturally,exact,exact,1.0,1.0
0d5fe1bf139694fd0140c8d4b0786d36,92b55a9a0bfcab3129c2e8c3730d2891,method_b_added,refactored,added,0.7,
0d95ac17a6126f71e1c7038d51696b61,9b9e5689228eee20e5578b670ef899a3,pair_formed_by_refactoring,signature_changed,signature_changed,1.0,1.0
0d95ac17a6126f71e1c7038d51696b61,c5614c4dc526dd9877de5e310f10a818,pair_formed_by_refactoring,signature_changed,signature_changed,1.0,1.0
0d95ac17a6126f71e1c7038d51696b61,ed9827fde5b39d32c4674e0c01bbc2f9,pair_formed_by_refactoring,signature_changed,signature_changed,1.0,1.0
0d95ac17a6126f71e1c7038d51696b61,fc813a41c8839ea6da3ef1eabc5c48ec,pair_formed_by_refactoring,signature_changed,signature_changed,1.0,1.0
0d95ac17a6126f71e1c7038d51696b61,febfde70a9bdfd412e2e8d269e562234,pair_formed_by_refactoring,signature_changed,signature_changed,1.0,1.0
0d97c5b046a74b0657ab1d6f2fab7001,1ad18eae11878f9fc26b3d46c5c10754,both_added,added,added,,
0dcac5b897fb93c0e0f2da9d683b5e4b,28e9ef4f68147d26a7668af6cc7b8352,both_added,added,added,,
0dcac5b897fb93c0e0f2da9d683b5e4b,8108adb9d6436276c05ee008b26cf536,method_a_added,added,signature_changed,,0.83
0dcd0672abe9720714dac9a2bcb28839,47ff6b9dce8ac06a25f41e83d2c6a149,pair_formed_naturally,exact,exact,1.0,1.0
0dcf58a262adf2a76a3c330ead492c12,e5f0dc0b4955d79e7c507c747d9c7f9b,pair_formed_naturally,exact,exact,1.0,1.0
0dcf58a262adf2a76a3c330ead492c12,f9b1441462b919a3df9f35e4ee0fea98,pair_formed_naturally,exact,exact,1.0,1.0
0dff71d9f12f72b615fa12bb394bfeba,884a7b98c1077e09f1398e3ce76d31cc,method_a_added,added,exact,,1.0
0e168704f259829ecc6b57a8244601c2,2983fd74b2e8d81bdfaee3eeac15c290,pair_formed_naturally,unknown,exact,,1.0
0e2caa1cd38f2583419f844e912630ba,232004ba2c74f3bb216c27c3b697dbb8,pair_formed_naturally,exact,exact,1.0,1.0
0e2caa1cd38f2583419f844e912630ba,26c3cd0a77a82138d13c8046f3c10c1e,pair_formed_naturally,exact,exact,1.0,1.0
0ebc4dfbe7e34ca90d7ec14368086175,e8c2f410813f6a1ac593756cb08e11f9,both_added,added,added,,
0ec5a4b42a308dd38c7250136f062e95,1fec4db53cdd3d80cb8dc40b83bb2c35,pair_formed_naturally,exact,exact,1.0,1.0
0ec5a4b42a308dd38c7250136f062e95,9494862ee657094ade51cf4ed0aa07e3,pair_formed_naturally,exact,exact,1.0,1.0
0eca6cb8fef4e4a877883cb30591d819,6c8d7bc288452f1c841de9ab772e3bb1,pair_formed_naturally,exact,exact,1.0,1.0
0eca6cb8fef4e4a877883cb30591d819,a33de22bc974e63c1955d8a69a4d8775,pair_formed_naturally,exact,exact,1.0,1.0
0eca6cb8fef4e4a877883cb30591d819,b44be8b9c6c4075bfb0d5dabf86d3faa,pair_formed_naturally,exact,exact,1.0,1.0
0ee6476b57449918517d1410391bd49e,584a8cfbf7fb70ba6f3ff9e221c0c72c,both_added,added,added,,
0eea5d8ef3d82f1f870c43df20abfdcd,31a66233b40be13d60c4bdd220828cd9,pair_formed_by_refactoring,token_hash,moved,1.0,1.0
0f116803d523503ac38b948aa3dfc59a,683f6eec58b7160f8db135a159b7813e,both_added,added,added,,
0f122c70e28d316033f7709015e54ed0,f29a39fbc0a40e471eef1695e567c1c9,pair_formed_naturally,exact,exact,1.0,1.0
0f1b318f6f0de3d79bf67121433e0154,1829949a2208ec4ac5ba9ffb398887eb,pair_formed_naturally,exact,exact,1.0,1.0
0f1b318f6f0de3d79bf67121433e0154,354a04ee66186c701a8b6fbbfec65550,pair_formed_naturally,exact,exact,1.0,1.0
0f1b318f6f0de3d79bf67121433e0154,42528876b9b142a9759882938bc0b1f6,pair_formed_naturally,exact,exact,1.0,1.0
0f2f43b9ccbc9416656d3aef05b11d01,741c70cc7e395547d0bf67d42b98e669,method_b_added,token_hash,added,1.0,
0f3de94d543ebffbb6b65d83a8e8d701,54c5b8828bd2793af4fac620b3edb198,pair_formed_naturally,exact,exact,1.0,1.0
0f7a7f6ff13292d10f0ab31daca58002,696b3c17fb3ea2a03cba84537e7e13b5,pair_formed_naturally,exact,exact,1.0,1.0
0f83cb383ed42f5b9c7fde873f884c2c,1b9a6c5769c06a718fb0261ba101460e,pair_formed_naturally,exact,exact,1.0,1.0
0f83cb383ed42f5b9c7fde873f884c2c,54118b0bfa3aa8e3c816bd5873fea8b0,pair_formed_naturally,exact,exact,1.0,1.0
0f9af5890ea687a2ffa22ddd68e9a7a3,5e0d30e770c80655055edb87e649a3b2,pair_formed_naturally,exact,exact,1.0,1.0
0fc211fb7a2ff11be4046c9cd9934198,77eb2fa98a56ebc6bdf1f820607fb6a3,pair_formed_naturally,exact,exact,1.0,1.0
1008c80d67ab67056ae30115f08262cf,ce170665674034c026203c149ffd3fb1,pair_formed_naturally,exact,exact,1.0,1.0
104bcb9b44d078b0b26b8a0505ef06b2,9e1948d233d9ce13621a842fb017b0e9,pair_formed_naturally,exact,exact,1.0,1.0
10bf16d708b67483349eef1c4865a6ec,9bf2f0356ab301108b4cd1ceb97d2488,pair_formed_by_refactoring,signature_changed,signature_changed,0.73,0.73
10d79487a50f62b64213a9afed4230ec,3e298789469297c3ff8b0df8314c345d,method_a_added,added,exact,,1.0
10d79487a50f62b64213a9afed4230ec,43fb053a7b0c2e315be61dfefb13ef4e,method_a_added,added,exact,,1.0
10d79487a50f62b64213a9afed4230ec,af63868bfcaabe5f30096a665decd08d,method_a_added,added,exact,,1.0
10d79487a50f62b64213a9afed4230ec,c1c5ad18b5b449ab4f769cdfe55d7c72,both_added,added,added,,
10d79487a50f62b64213a9afed4230ec,c9244099427290a34968be3d0c53203f,both_added,added,added,,
112cbf20fdd9724948119f804ce68183,28f7f296b8656c8116401be21d63d5be,both_added,added,added,,
112cbf20fdd9724948119f804ce68183,483ad28f3e6cb4b5f44efc5f1363f49b,both_added,added,added,,
11898dd520e9310dda8cfa387060a4c7,1eb140f558130358e2ad9db600b8519a,pair_formed_by_refactoring,signature_changed,signature_changed,0.92,0.88
11898dd520e9310dda8cfa387060a4c7,1f5b626e78f37292c85d476debd5f03d,pair_formed_by_refactoring,signature_changed,signature_changed,0.92,1.0
11898dd520e9310dda8cfa387060a4c7,4b731f88be87fb8d8b0b6bcdf241eac7,pair_formed_by_refactoring,signature_changed,signature_changed,0.92,1.0
11898dd520e9310dda8cfa387060a4c7,5c824ed15780f9f2d29d6138750c7310,pair_formed_by_refactoring,signature_changed,signature_changed,0.92,1.0
11b4f4c120abbd922e8f5e6716588704,4357856e26cf258fe6771b1c4ac86ae1,pair_formed_by_refactoring,signature_changed,signature_changed,0.91,0.89
11c920055bfd418888f8b77806d79eda,6a411ffec00613bae35cac90b7d74df3,both_added,added,added,,
11c920055bfd418888f8b77806d79eda,cb6906f2bf91185a30506464be2ae676,both_added,added,added,,
11dba6a80879395f38e8f6a0f06fb938,27abacdb4a185ea9579bb677ccd2cf63,both_added,added,added,,
11dba6a80879395f38e8f6a0f06fb938,46995daff58b0cb2ff4200c4099316bd,both_added,added,added,,
11dba6a80879395f38e8f6a0f06fb938,649f18577a8211d6f3c7d1e340c091ea,both_added,added,added,,
11dba6a80879395f38e8f6a0f06fb938,71fc844d07733bdbdca85fc79d654fa0,method_a_added,added,signature_changed,,0.76
11dba6a80879395f38e8f6a0f06fb938,90c26f7391cb6244a0236d67a75ff52c,both_added,added,added,,
11dba6a80879395f38e8f6a0f06fb938,988d433aa2f4a2215e3dd522df50a527,both_added,added,added,,
11dba6a80879395f38e8f6a0f06fb938,e73ea449ed550c8626725ae55b6b791d,both_added,added,added,,
11dfe445e4c9014f583933f06790ee5f,51648aa43ccc3fceaa1b3558b80c1113,pair_formed_by_refactoring,exact,signature_changed,1.0,0.96
11fb4667f5682331fc757ea17a57d7a6,fd2e3b3601498a18fd1fdab6d553e237,pair_formed_by_refactoring,signature_changed,exact,0.99,1.0
120b879daec4f8b1ca85a6f4d39206fc,6d533d74222fde377a8756222bb5c4dd,method_b_added,exact,added,1.0,
12696a86465e62cb65e5538c2d3ddb35,4a28d6babea6792710211a0b47fa1200,both_added,added,added,,
12696a86465e62cb65e5538c2d3ddb35,8cb69426e985b2579a21b868fe08e953,both_added,added,added,,
12796910d3334a26c24f414f1368945c,450669b1192ab8026047cfd8882a22bf,pair_formed_naturally,exact,exact,1.0,1.0
12796910d3334a26c24f414f1368945c,b10a68137ee8d8905de6fda5c4f41ee6,pair_formed_by_refactoring,exact,signature_changed,1.0,0.87
12796910d3334a26c24f414f1368945c,b906b2d820141dfba8a20c8e0da67b6a,pair_formed_by_refactoring,exact,signature_changed,1.0,0.91
12969245ffad4c8d41b1a83f6c439f43,a5e6e4d002baa234002a09bbccec21f5,both_added,added,added,,
12a02e23ab07e6dae6ada73b3577c5bf,f82e7b3bd7d228793558139d29b5b2fb,method_b_added,signature_changed,added,0.83,
12a8bcb0d10b4a5f121d77b457df98cc,62f4b38d25efea99e6b85b3c4e56c524,both_added,added,added,,
12b17a9e1089a9959291ebfcb7a16b02,b93938d296ee5f39e8809467d280ec92,method_a_added,added,refactored,,0.79
12ddc36767fc9b41d38af6fb39c1fdd8,19cd867f31cacbeb7a11df105c2cee2f,both_added,added,added,,
12f1e5891d01e3430607bc55257f7c08,4d9f12417daf6a93e0249dd054ea5fa8,pair_formed_naturally,exact,exact,1.0,1.0
1307a7781b630cee477714fbfe5b0c7d,3ae64982014198ba59578c4b929c6dea,method_a_added,added,unknown,,
1307a7781b630cee477714fbfe5b0c7d,5680cc7ca612b0f0434fca324e2e12fa,method_a_added,added,exact,,1.0
1307a7781b630cee477714fbfe5b0c7d,8439606b4b64a341b31231546e3b4148,method_a_added,added,unknown,,
1307a7781b630cee477714fbfe5b0c7d,c048733ffcc6a69d5403635e4e573872,both_added,added,added,,
131fa0d15c2bb53ed6ede84eda89e70a,f7d49890641e5f8a0708f9adcdb22387,method_a_added,added,exact,,1.0
13384b6164aaf5c8935745e9f8d4656e,9385ab49702c2b459974a264be553386,method_b_added,moved,added,0.93,
137112cd273462aa9d5c9722e94bad72,b9e66fda93ac97e3068b020a246262b3,pair_formed_naturally,exact,exact,1.0,1.0
138a8a60e7883bca7d5936c90e3b7d2d,56f41a5623fa7b5eb3a42c133deedcbc,both_added,added,added,,
139f7a662533129b7d1246e1b9cc4e38,3a574b779e1f5e7d1c6429794a5219cb,pair_formed_by_refactoring,signature_changed,signature_changed,0.98,0.99
13fd5c90841365f4e6bb2df1cb129d72,867db9a7ed72fddb3171d2ab591f9ad2,pair_formed_by_refactoring,moved,exact,1.0,1.0
1422c74dad6e004314e21f68a3a23fbf,17c9efd0c66f5646b6cf5cbcaba45ba7,pair_formed_naturally,unknown,unknown,,
1422c74dad6e004314e21f68a3a23fbf,1f9bd40b7a02b25de8248a98c9ab1041,pair_formed_naturally,unknown,unknown,,
1422c74dad6e004314e21f68a3a23fbf,2552455b22108b18ea315a64ec32aa6e,pair_formed_naturally,unknown,unknown,,
143b6791426b4ae6315fbf5dc3919d05,4343e6e4771ee2833a88d160b39d7252,both_added,added,added,,
143b6791426b4ae6315fbf5dc3919d05,aa97f8dc1345ced719c174d6b62a2249,both_added,added,added,,
145becadfaa4d1893bc4ebe895cafd77,31fad5885e3dd605e9cec328bf322d74,both_added,added,added,,
145becadfaa4d1893bc4ebe895cafd77,3c04d06cb950e999e5bbf6559ddaacb9,both_added,added,added,,
145becadfaa4d1893bc4ebe895cafd77,c63191744b44ba796090d14881c9eef0,both_added,added,added,,
145becadfaa4d1893bc4ebe895cafd77,e188ed97656ad19caaef44a82085bd03,both_added,added,added,,
14a8169b04bcf5edbbd6b266f7cc27fe,398c94c2a6df8237116aac0db8ee097b,both_added,added,added,,
14b92e7945ca991a9429e3f7cf0dc100,9eca864ad5bfe8155d4ac52a522727fe,pair_formed_naturally,exact,exact,1.0,1.0
14e47926b543847bb34de72805a1b3ac,afdedbdc6fed62262be54383b71fdf45,pair_formed_by_refactoring,exact,moved,1.0,1.0
14f1bbf7c103c32412da4ae9c772a0c2,5af740e30c45dbb2c775de56443685c6,pair_formed_naturally,exact,exact,1.0,1.0
150381dd11fac1098d610b7e2c7f8cd5,4a42ab0a1b2369d890dc17a3c442363f,pair_formed_naturally,exact,exact,1.0,1.0
15041232ab1335d8579b652679388e74,5d46faad17604d4394ba2c801980d220,pair_formed_naturally,exact,unknown,1.0,
1515a9dd7bd67a270362f01863fa3d7e,f707134d5b6324bd2cadff7a0c6b222b,pair_formed_naturally,unknown,unknown,,
1547e6d35dcb4a47bca2a22b34f6cbd1,9ad79798a3ad2a882e432e5e7ff2e786,pair_formed_naturally,exact,exact,1.0,1.0
156a477d5bc2bd09125674dd898fd176,8974dbdecba8ca8c6b028c4025b73ab4,pair_formed_naturally,exact,exact,1.0,1.0
15889c03eb997cd536c43955a8da2a52,84e9175f225682146da09e5bba9bb555,both_added,added,added,,
15cc9ee8163a9ceca0796472d901241d,2f10571a3298b324ee5a5df94b28d42b,pair_formed_by_refactoring,signature_changed,signature_changed,0.93,0.93
15cc9ee8163a9ceca0796472d901241d,ddc3d6ffc6749000132747bc6079d964,pair_formed_by_refactoring,signature_changed,signature_changed,0.93,0.94
15eeb6908b32d6d66f85c618fd38f48d,3c242a340e52da8c337c0859e7848421,both_added,added,added,,
15eeb6908b32d6d66f85c618fd38f48d,c5f8a7c97219c540f5acecbb7d52f5e1,both_added,added,added,,
16052be181715a863aca7a0b231f7d98,1cfd701ea2399b1d8a84f653447ffd3a,pair_formed_naturally,exact,exact,1.0,1.0
164939e3187258dd5f1c6cd547ff9613,71750e970bdfb78de01bdfb00993fe91,pair_formed_naturally,unknown,unknown,,
164939e3187258dd5f1c6cd547ff9613,f711262b0171e9c13841e6ed57945243,pair_formed_naturally,unknown,unknown,,
164df92c49596877325ee82d55cafdbf,5a64e6df53efa72cca53a0e902810b23,both_added,added,added,,
165a882522eac3df0787377cdcc2c83b,484ef296829841d8763193ebb1209353,pair_formed_naturally,exact,exact,1.0,1.0
165a882522eac3df0787377cdcc2c83b,8ae3b19b1349d00a578bb76884e500b0,pair_formed_naturally,exact,exact,1.0,1.0
165a882522eac3df0787377cdcc2c83b,98a0b37fa16611954b94d6144887bb4e,pair_formed_naturally,exact,exact,1.0,1.0
165a882522eac3df0787377cdcc2c83b,9d7e4c4413add2003e756499026977f5,pair_formed_naturally,exact,exact,1.0,1.0
1722ab0343133b27c35d2933df497c66,8fe0c4bf7a4a82dbbc8cc2de3079670c,pair_formed_naturally,exact,unknown,1.0,
174678fd727648550aea95f220a344f3,aff7f98960f024a2e29c212c5f4c4848,both_added,added,added,,
177be29c1afa3fea8b22fe7c711bf9f4,a5b726dfa26438ee301fefab72609303,pair_formed_naturally,exact,exact,1.0,1.0
1782d4d28104e440dcc26becd78c720e,96f02c26ec0b11fd4c94b22747b01cd4,both_added,added,added,,
17c9efd0c66f5646b6cf5cbcaba45ba7,1f9bd40b7a02b25de8248a98c9ab1041,pair_formed_naturally,unknown,unknown,,
17c9efd0c66f5646b6cf5cbcaba45ba7,2552455b22108b18ea315a64ec32aa6e,pair_formed_naturally,unknown,unknown,,
17c9efd0c66f5646b6cf5cbcaba45ba7,3330b9b2362aead059bee6ef467f9c4e,pair_formed_naturally,unknown,exact,,1.0
17d81017cce04284d701848fb898646b,fe4747231b9d14b4dfe322c41eb0768d,pair_formed_naturally,exact,exact,1.0,1.0
17db99b3abf17491d224b70491da20a2,4263d986b26b72d094e35bac40a6b226,pair_formed_naturally,exact,exact,1.0,1.0
1829949a2208ec4ac5ba9ffb398887eb,354a04ee66186c701a8b6fbbfec65550,pair_formed_naturally,exact,exact,1.0,1.0
1829949a2208ec4ac5ba9ffb398887eb,42528876b9b142a9759882938bc0b1f6,pair_formed_naturally,exact,exact,1.0,1.0
1829949a2208ec4ac5ba9ffb398887eb,a67be842ffa8267c5f85e4ac3fa8a6f3,pair_formed_naturally,exact,exact,1.0,1.0
18429e71fa47772d8a3dfa1524af465b,85466b010821531dd90f558476bb64ce,pair_formed_naturally,exact,exact,1.0,1.0
18429e71fa47772d8a3dfa1524af465b,974e8841b88766d814c424b99476446f,pair_formed_naturally,exact,exact,1.0,1.0
18a12d78ebae9bebbbd53ca5daa9df1a,9fcbc959bc279fb3553fd0d45ff7d853,pair_formed_naturally,exact,exact,1.0,1.0
18f6cda084d1babb1607562f71a73137,89b20d44e14d51729caa2d9d4f5359c1,pair_formed_naturally,exact,exact,1.0,1.0
1903caf2ea165aea8d276e013a3c42df,623507a36130dc60c05ed578dc618bac,both_added,added,added,,
1903caf2ea165aea8d276e013a3c42df,ebb3faa0f5cc1c23fc5ee6aa32cb9fc3,both_added,added,added,,
19268f43d15bc0b153919acab507ee07,2b5139977fff0aafadb86ba05048be37,both_added,added,added,,
198877463c73b82926e3496cc8793850,69b2aabe3c2139294de8156686fbb5fe,pair_formed_naturally,exact,exact,1.0,1.0
199c06057f5430f272f78795a8ac6c67,1c68208d0a92bca96645c357e4d6a83d,pair_formed_naturally,exact,exact,1.0,1.0
199c06057f5430f272f78795a8ac6c67,1e7487eb4711984592be2d7c0f99df49,pair_formed_naturally,exact,exact,1.0,1.0
199c06057f5430f272f78795a8ac6c67,2f6111e15cdd40906038c301507f7ea0,pair_formed_naturally,exact,exact,1.0,1.0
199c06057f5430f272f78795a8ac6c67,8ce14465e7a826d6b5e87018c85adb46,pair_formed_naturally,exact,exact,1.0,1.0
199c06057f5430f272f78795a8ac6c67,b3a61c9fcb89817e7995222df77b36d4,pair_formed_naturally,exact,unknown,1.0,
199c06057f5430f272f78795a8ac6c67,bee12f1e26adc0f471a890e197bf825f,pair_formed_naturally,exact,exact,1.0,1.0
199c06057f5430f272f78795a8ac6c67,c1cc8a1b4e1ab321fcb4702baf5eab84,pair_formed_naturally,exact,unknown,1.0,
19ac00ae111ac5faf1b1d062bbed1691,88b7c4b77f294934edd597ccbe95df0d,pair_formed_naturally,unknown,unknown,,
19c5fc52b2dffae1d7fda2a86284d9cd,3ca994efc8ac5b4e86247cbc5949a511,pair_formed_naturally,exact,exact,1.0,1.0
19ccef5956edc5ff95dc687295e37c44,52d6bd851dcc2c353acad560cb47606c,pair_formed_naturally,exact,exact,1.0,1.0
19ccef5956edc5ff95dc687295e37c44,6585e6c5dfef1d38cebd5584103c3b0d,pair_formed_naturally,exact,exact,1.0,1.0
19ccef5956edc5ff95dc687295e37c44,8a8f4527ae8544e4e55b6c964f2270c2,pair_formed_naturally,exact,exact,1.0,1.0
19ccef5956edc5ff95dc687295e37c44,98eb37a9d4d617c649a8c6206068f9d7,pair_formed_naturally,exact,exact,1.0,1.0
19ccef5956edc5ff95dc687295e37c44,c4677d0b4cf7b08680ff67eb28e62175,pair_formed_naturally,exact,exact,1.0,1.0
19ccef5956edc5ff95dc687295e37c44,fbdb02c730a3106041ae66791a353801,pair_formed_naturally,exact,exact,1.0,1.0
1a0cbea5c1f36b59582b5ff25459ac27,31489bf87542f3c2c4d653da30a5cba8,pair_formed_by_refactoring,exact,signature_changed,1.0,0.97
1a0cbea5c1f36b59582b5ff25459ac27,569bfc8f81dfb466f9285974da2b1b67,pair_formed_naturally,exact,exact,1.0,1.0
1a0cbea5c1f36b59582b5ff25459ac27,9976a9392d531f7c616155ea30075003,pair_formed_by_refactoring,exact,signature_changed,1.0,0.96
1a1baa6d18138eb97e95c236b66b6eb7,8ca86f01f40c7c5bb3a60d74dab5a375,pair_formed_by_refactoring,moved,moved,0.93,0.91
1a500972ca4c39f881aa337c49d015c9,f049da9587bf8c87afb0eaa1daf1dc79,pair_formed_naturally,exact,exact,1.0,1.0
1a9c8a83f906f415f5d2fc9c0bff6eb5,465dcb1122130ecc6b152684b3132683,both_added,added,added,,
1a9c8a83f906f415f5d2fc9c0bff6eb5,4de14dac85afc9528c162e756e128153,both_added,added,added,,
1aaa81481fcb59180071e8c8d01963aa,b7c7a8f09e4adfa52a703f5375334349,both_added,added,added,,
1ae66860aa0f0cb2c9f45eba5e5850b0,6b6fe07bed221dd29b7c402571ffac19,pair_formed_by_refactoring,exact,moved,1.0,0.97
1b29e96933c5dfb4c29507a3cfdfefa4,480dd67c74be6b1a0b6faa31267db2b8,pair_formed_naturally,exact,exact,1.0,1.0
1b4a4c8c159114f4bea3c42c3cc889e4,d0ab7fc7b42e550d09942189088c0ecb,pair_formed_naturally,exact,exact,1.0,1.0
1b79bdf58fafac6f5fbfc42dfcdf6d96,512c8366a7295723c565dc7f272daa9a,pair_formed_by_refactoring,renamed,exact,0.97,1.0
1b79bdf58fafac6f5fbfc42dfcdf6d96,8462ee1fbf3ba8f87855be56389188b8,method_b_added,renamed,added,0.97,
1b7b3b3d9c53225b031de018abac69e9,3f7ad3fa833957efed6164f990e82a45,pair_formed_naturally,unknown,exact,,1.0
1b887bfd7349b7abaab9969b3db8e613,ce135a0dee9b17586edd6327a5bae11f,pair_formed_naturally,exact,exact,1.0,1.0
1b95a2c593c556b8808db68516a30494,c6b7184b607b15b767714b91fbd87343,pair_formed_naturally,exact,exact,1.0,1.0
1ba90da1cef46608b5800bfee639aa44,55bc7a9dfbeddeb3b2dc6c009c843408,pair_formed_naturally,exact,exact,1.0,1.0
1bd1981e0adf1a038589b3d6caa39982,e3df2fc4060737ac4aa109ce1bfa55b8,both_added,added,added,,
1beadb73be3c6a198646e2aea3c35632,23cc019718cac97c64483bd9db166479,pair_formed_naturally,exact,exact,1.0,1.0
1c27da38f30fc5c48eb026293826ff40,77099ba2496db7cce1b2f3250ddb5f30,pair_formed_by_refactoring,exact,moved,1.0,0.96
1c4b88bcea4301cfda3b2b0bd87093bf,1ff0c15b1ca29d57dd0d6016618eacb5,pair_formed_naturally,exact,exact,1.0,1.0
1c6779f1cfd3527bb474065aa59ed932,44d5073c78ab06b9abbb1fcd494ce6bf,both_added,added,added,,
1c68208d0a92bca96645c357e4d6a83d,1e7487eb4711984592be2d7c0f99df49,pair_formed_naturally,exact,exact,1.0,1.0
1c68208d0a92bca96645c357e4d6a83d,2f6111e15cdd40906038c301507f7ea0,pair_formed_naturally,exact,exact,1.0,1.0
1c68208d0a92bca96645c357e4d6a83d,537a539e8438a467a4a71189e05422fa,pair_formed_naturally,exact,unknown,1.0,
1c68208d0a92bca96645c357e4d6a83d,752d33195fbea75f6e6a046ae16e8aa4,pair_formed_naturally,exact,token_hash,1.0,1.0
1c68208d0a92bca96645c357e4d6a83d,8ce14465e7a826d6b5e87018c85adb46,pair_formed_naturally,exact,exact,1.0,1.0
1c68208d0a92bca96645c357e4d6a83d,bee12f1e26adc0f471a890e197bf825f,pair_formed_naturally,exact,exact,1.0,1.0
1c98e229dee5b202d08c1c0aaa723684,37d6ea1c8b290142ac673b5b40ea2ad3,both_added,added,added,,
1c9e18c43e6a3726453fc876e85cf34d,beae8401711da0702574e5ac2e949030,pair_formed_naturally,exact,unknown,1.0,
1ccd5d9ef09902b7cbb5898a057b38d7,24e397b2070d90cc06c8a10dd73f767b,method_b_added,exact,added,1.0,
1ccd5d9ef09902b7cbb5898a057b38d7,90c409200b7503801e5b15dc710fd740,pair_formed_naturally,exact,exact,1.0,1.0
1cfd701ea2399b1d8a84f653447ffd3a,3aec25aa43fe25c24ca1d3573bf3e15d,pair_formed_naturally,exact,exact,1.0,1.0
1cfd701ea2399b1d8a84f653447ffd3a,3cf5238c7d6ffbf14862813034f9c3d8,pair_formed_naturally,exact,exact,1.0,1.0
1d170c6d21baf74a976507213809ab5c,fe4747231b9d14b4dfe322c41eb0768d,pair_formed_naturally,exact,exact,1.0,1.0
1d2fec85dc1d2e8a60f421e93177781b,559aca1cf0e125bdb0f52ab141c33d1e,both_added,added,added,,
1d2fec85dc1d2e8a60f421e93177781b,a3f501e329ba60ad2680cadf80caeb5a,both_added,added,added,,
1d2fec85dc1d2e8a60f421e93177781b,a9c96c9ebc8b72dfaabab0798c810831,both_added,added,added,,
1d2fec85dc1d2e8a60f421e93177781b,bc6056c044a8ba29d1c0fb1944eda7c8,both_added,added,added,,
1d44f94951ed351f2e5a6cec080befe3,b1d32d08da127b8b8c6a52e2acaff9b7,both_added,added,added,,
1d5f277643a2ffb2bc0abb6233341a96,d19cf2769bd876bdf8c10274895e7557,pair_formed_by_refactoring,exact,signature_changed,1.0,0.7
1d5f277643a2ffb2bc0abb6233341a96,eb1cb5d61cf3e77762514bc905cc9568,pair_formed_naturally,exact,exact,1.0,1.0
1d81b95658b8e84f588f574ccf1c4b49,ad817092a754793548874e81e2df5761,method_b_added,unknown,added,,
1d9b373e99d85a4fc3062f3f5258c29d,812c41880c474b9d37adef15b14d7cfd,method_b_added,exact,added,1.0,
1ddba8816a783c6e3818c3c5ee2f6b7e,48d08ca346ba77f86b60a532c0b8e380,both_added,added,added,,
1dffe98bd8ec345e7ae79f93d0984a3c,7c0740f6a8b7017aebb8442573ae061b,method_b_added,exact,added,1.0,
1dffe98bd8ec345e7ae79f93d0984a3c,fb53fce4f8f936de2c56ffa665ca773d,pair_formed_naturally,exact,exact,1.0,1.0
1dffe98bd8ec345e7ae79f93d0984a3c,fb9d97015b10d051cb75d0fd2da1bd30,pair_formed_naturally,exact,exact,1.0,1.0
1dffe98bd8ec345e7ae79f93d0984a3c,fc6c4df072b4528dd79a7701edc1954f,pair_formed_naturally,exact,exact,1.0,1.0
1e47b188679b0d5e1c84fe6be8e5d37e,1fcd1740e185dbd050d9b2016e0b5cd9,pair_formed_naturally,exact,exact,1.0,1.0
1e7487eb4711984592be2d7c0f99df49,2f6111e15cdd40906038c301507f7ea0,pair_formed_naturally,exact,exact,1.0,1.0
1e7487eb4711984592be2d7c0f99df49,43ef86dd6ae743c894255085160746b3,pair_formed_naturally,exact,token_hash,1.0,1.0
1e7487eb4711984592be2d7c0f99df49,8ce14465e7a826d6b5e87018c85adb46,pair_formed_naturally,exact,exact,1.0,1.0
1e7487eb4711984592be2d7c0f99df49,bee12f1e26adc0f471a890e197bf825f,pair_formed_naturally,exact,exact,1.0,1.0
1e9fd7645302200225871d8f472f5ff7,2de92f1ba09d1512b7bdedb14b303495,method_b_added,exact,added,1.0,
1eb3b2fbb0a3a70acb5a29441c4fedd0,66d058863603b4f8c4d86cb60a347b1d,method_a_added,added,unknown,,
1eb3b2fbb0a3a70acb5a29441c4fedd0,9dd1d8260a612b929e1c29114686a7a8,both_added,added,added,,
1ebd0ed9a38a946f6825cac9b1e9e876,62ada08066b2ecc88996f3d0ec656a90,pair_formed_by_refactoring,signature_changed,signature_changed,0.89,0.89
1ee07803b931163c6a14d7a2f9c4d55c,f62dcbd2149cf2c97d84a33eff649ca0,pair_formed_naturally,exact,exact,1.0,1.0
1eec7ae18f8955a395e3896d01998ace,7a7cd8bc05d965131904d003ef0ca09e,pair_formed_naturally,exact,exact,1.0,1.0
1eee4276c488430b6771d15a168f3d82,b017a192a76b9f1717d516e481998024,both_added,added,added,,
1eee4276c488430b6771d15a168f3d82,b9b50b2e20dc929a4240d56df063cf25,both_added,added,added,,
1f101b8a4f27cca24328b512117e0d29,20227b450e2963742797986e16fcaf5d,both_added,added,added,,
1f101b8a4f27cca24328b512117e0d29,9e15ce7a865f965468765414062f3f60,both_added,added,added,,
1f5b626e78f37292c85d476debd5f03d,4b731f88be87fb8d8b0b6bcdf241eac7,pair_formed_by_refactoring,signature_changed,signature_changed,1.0,1.0
1f5b626e78f37292c85d476debd5f03d,5c824ed15780f9f2d29d6138750c7310,pair_formed_by_refactoring,signature_changed,signature_changed,1.0,1.0
1f646111016adcd7155f00db2bba2fdb,b6cc48e3ec728b03b624553b90e352ad,pair_formed_naturally,exact,exact,1.0,1.0
1f6f63b318a9c723959712384e24a4d0,6accaf5411e8b364b08764bb99e882ac,both_added,added,added,,
1f757c46cb23f947b4ae70529f112d89,3bc5ea50caeb6ecfaf058679aaa6fa21,both_added,added,added,,
1f757c46cb23f947b4ae70529f112d89,3cb1daa0c5867c6d0e8213ed9404daac,both_added,added,added,,
1f757c46cb23f947b4ae70529f112d89,6dc616d09085367023579702922e0d80,both_added,added,added,,
1f757c46cb23f947b4ae70529f112d89,899a89c3b4fa1be9a258f622af4424c0,both_added,added,added,,
1f757c46cb23f947b4ae70529f112d89,a61dd7a7f4ec9c3e1862d8719d354794,both_added,added,added,,
1f757c46cb23f947b4ae70529f112d89,d6cfafe3f7a6decd2f67a6a6b7ac3e9e,both_added,added,added,,
1fe604847d6e2bd36d271590b78050a1,f29a39fbc0a40e471eef1695e567c1c9,pair_formed_naturally,exact,exact,1.0,1.0
1ff0c15b1ca29d57dd0d6016618eacb5,4f2376afe0f3c77aafed3e28592b5b00,pair_formed_naturally,exact,exact,1.0,1.0
1ff0c15b1ca29d57dd0d6016618eacb5,7b59381de9f1d6fcb2be213254324e24,pair_formed_naturally,exact,exact,1.0,1.0
1ffe6c7f4958569c2e101657a1749283,2ce200d760a8028ddc210852503bcdcb,method_b_added,exact,added,1.0,
1ffe6c7f4958569c2e101657a1749283,946400efb0ef3ccbc482102aaed85606,method_b_added,exact,added,1.0,
1ffe6c7f4958569c2e101657a1749283,9843a565e2eaa640f71911eef5bb39d5,pair_formed_naturally,exact,exact,1.0,1.0
1ffe6c7f4958569c2e101657a1749283,d6776e1b603492648e202f2b52a582d3,pair_formed_naturally,exact,exact,1.0,1.0
20227b450e2963742797986e16fcaf5d,5e052bfdfb859502704130cb029f828e,both_added,added,added,,
20597aa6ebf3db790eb44664f50553fa,b0671e6bebcd23a33d89734bf107bcd8,method_b_added,exact,added,1.0,
20700b9e16ca84d4f21c4fc84a7626ed,223d40763de1182306bc8a179994c1c3,both_added,added,added,,
207ac2a4bf738e2cf69f331c5de9710f,57a1f43601fb2c4a72f1e49823ce99b8,pair_formed_naturally,exact,exact,1.0,1.0
207ac2a4bf738e2cf69f331c5de9710f,8c8a0e4578b2a80f042247f245b461e3,pair_formed_naturally,exact,exact,1.0,1.0
207ac2a4bf738e2cf69f331c5de9710f,a608068b4b5725e74229c14866ca9420,method_b_added,exact,added,1.0,
207b806db2838cf6dcf3faf90b8399ac,79e8c7efae8b10e6f4279767c87496cc,pair_formed_by_refactoring,moved,moved,1.0,1.0
209364b40fc338c7c6e975f03ee3c4c7,633ce1fded21fcf1ee58a694bfd025d1,pair_formed_naturally,exact,exact,1.0,1.0
20ffc5e592e7611c4af58807d1c19355,417499e61286556652a5d993da7ea43b,both_added,added,added,,
213b9e83b1d6c05240e518c8b31ac104,ba4cd9e0f00658a43793f7ca567d927f,method_b_added,moved,added,0.98,
214fd1f94b7cf7d9a4a6b4bb9c4228e0,5786a941b8b94014869b3a23732056cd,method_a_added,added,exact,,1.0
2168add99aa8503baf6cd7c4bee1611b,a2fc2bcee186bfd7b071cd5c96f8f700,method_a_added,added,exact,,1.0
217931497e46f6c77421d36b01d6f94c,da3c3f1532915322ed90eb3d2793cbfa,method_b_added,unknown,added,,
219b15fa5d2878af80af572600196f66,6273c91073ef1cc6fe69c0b79a89ef04,pair_formed_naturally,exact,exact,1.0,1.0
219b15fa5d2878af80af572600196f66,69226d6303e71dfcb94fc542ebcd62f4,pair_formed_naturally,exact,exact,1.0,1.0
219b15fa5d2878af80af572600196f66,8db65a47e9884f9265bad334b589bf4f,pair_formed_naturally,exact,exact,1.0,1.0
219b15fa5d2878af80af572600196f66,c75269418186207453edcb6ca38dd8cc,pair_formed_naturally,exact,exact,1.0,1.0
219b15fa5d2878af80af572600196f66,eb149860bb3ec17daf8d2b3772743801,pair_formed_naturally,exact,exact,1.0,1.0
21b37928978506f1442e0d58341cfb9c,4648e3afa90987a752e24853a7bfb7bf,both_added,added,added,,
21cd7b9f00a42d1fd50239e3bdf3f4a6,9e5556bc6aca0b6eb8b51b53e4d99c75,pair_formed_naturally,exact,exact,1.0,1.0
21d4cd63d5faa633cf7ffebfa94dafb2,d6fe1c9c9dda873e7fe3ce2c3122ece9,both_added,added,added,,
21dbbae2abccabd05bf1d2e26d9f7aa6,f0ce71a857d59c7ea4986fa695fc10da,pair_formed_by_refactoring,signature_changed,signature_changed,0.88,0.93
2258eea71d8d7dfa3ef0b9c3c0dcb1c8,9a0df2c7b9a623c4fdd8820562574c43,pair_formed_naturally,token_hash,unknown,1.0,
2258eea71d8d7dfa3ef0b9c3c0dcb1c8,d4a2db054805c5d506af42e55d1e1f46,pair_formed_naturally,token_hash,unknown,1.0,
225bc9aed58a99e6b6326327d0e17aae,34000e03891572520b4db01ae6deb31b,pair_formed_naturally,exact,exact,1.0,1.0
225bc9aed58a99e6b6326327d0e17aae,c3fdebfba604e642491c371dc2d5621b,pair_formed_by_refactoring,exact,signature_changed,1.0,0.85
2274457f6c8fb2b415d042987222194d,a3f32618fae54884ee5020fafa3584bb,pair_formed_by_refactoring,signature_changed,signature_changed,0.86,0.84
2274457f6c8fb2b415d042987222194d,ae08da79794ffb0cb32999ab282eb798,pair_formed_by_refactoring,signature_changed,signature_changed,0.86,0.9
2274457f6c8fb2b415d042987222194d,d53d08d8630e9e059f692ccd90fce52f,pair_formed_by_refactoring,signature_changed,signature_changed,0.86,0.8
22d613912d001865cdfc0fda899a9c9d,23790cf152eb6945ee81681c2304ae86,method_b_added,token_hash,added,1.0,
230c4a57734e7fcec1c8c6995c072e13,ce20e4f09346e26f4608c739c0d74825,pair_formed_naturally,exact,exact,1.0,1.0
231af39dd4c0d610b55d804bbabe8664,650f0b806932d1f123217b39ac20d85f,both_added,added,added,,
231edf04897455289a507f619143e6f9,2be271d8c71d68b0e7ccb5ab5e045bc7,pair_formed_naturally,exact,exact,1.0,1.0
232004ba2c74f3bb216c27c3b697dbb8,26c3cd0a77a82138d13c8046f3c10c1e,pair_formed_naturally,exact,exact,1.0,1.0
232004ba2c74f3bb216c27c3b697dbb8,3d7e396d37b8feaebfa6e01ac7c0b4b8,pair_formed_naturally,exact,exact,1.0,1.0
232004ba2c74f3bb216c27c3b697dbb8,fa1876f265d62334a7988f4657885af9,pair_formed_naturally,exact,exact,1.0,1.0
232004ba2c74f3bb216c27c3b697dbb8,fb59ea8b5fa2015f8d473be25de66839,pair_formed_naturally,exact,exact,1.0,1.0
232462da9d077bf8364c68f160616cb7,f62dcbd2149cf2c97d84a33eff649ca0,pair_formed_naturally,exact,exact,1.0,1.0
233c4a16a9172e9d2b280a8f31456ef1,3d4b9f0d6bd40f5a80f84c6f38525aa2,pair_formed_naturally,unknown,exact,,1.0
233c4a16a9172e9d2b280a8f31456ef1,509c5b2e229ae134c6ca62be06f3065d,pair_formed_naturally,unknown,unknown,,
233c4a16a9172e9d2b280a8f31456ef1,5221c3ee0af7d104d657eecf2f84cbac,pair_formed_naturally,unknown,exact,,1.0
233c4a16a9172e9d2b280a8f31456ef1,67b99d3cb3670002c92dc5fc1c0218b7,pair_formed_naturally,unknown,unknown,,
233c4a16a9172e9d2b280a8f31456ef1,9c081734359d66aaf7cc160c7b81a225,pair_formed_naturally,unknown,exact,,1.0
233c4a16a9172e9d2b280a8f31456ef1,dfad2ee729c5b4c6a23aeab803c1ff23,pair_formed_naturally,unknown,unknown,,
233c4a16a9172e9d2b280a8f31456ef1,e9f004287378fabb9936f0203478fe99,pair_formed_naturally,unknown,unknown,,
2364a5a90bae4784113f238c6dea7800,a11998b38314411ea784a3f9a34f1e5c,pair_formed_naturally,exact,exact,1.0,1.0
23790cf152eb6945ee81681c2304ae86,51da8ba80128ac4320e4270814ecb4d2,method_a_added,added,token_hash,,1.0
23ae00d401f1c8521d9ae1b6015a8937,76596e1217ce15c6676e71a803d127f3,pair_formed_naturally,unknown,exact,,1.0
23ae00d401f1c8521d9ae1b6015a8937,a3320dab7dbc52fd2dbcaa5c1b135d6b,pair_formed_naturally,unknown,exact,,1.0
23ca9e18fd8c2ef03110a3abace6a8ce,f4298b9226c25995ef974c285c93b343,pair_formed_by_refactoring,moved,moved,1.0,1.0
2428fdb6a0cb69834e486abee5f7f548,339cb75617798979397e27d98899bc5d,method_a_added,added,unknown,,
24bb0967ac5cdf91ebdc067315cd528f,25ec40b8094e08adae562482b9df8196,method_a_added,added,exact,,1.0
24bb0967ac5cdf91ebdc067315cd528f,b3a7f215a69b67ebe77272c7f009cb07,method_a_added,added,exact,,1.0
24e397b2070d90cc06c8a10dd73f767b,26506cb7f99655feef4b144af12911fa,method_a_added,added,exact,,1.0
24e397b2070d90cc06c8a10dd73f767b,90c409200b7503801e5b15dc710fd740,method_a_added,added,exact,,1.0
25337e833e5f20a27d1905c846b8a2c4,3ab61a2d74fa897177385260d6818bc8,method_a_added,added,signature_changed,,0.98
25337e833e5f20a27d1905c846b8a2c4,c33da9199edb930cb4a9e7d6cf5c1e95,both_added,added,added,,
254bfd2feab67dae092af8c3f2ef7efd,51648aa43ccc3fceaa1b3558b80c1113,pair_formed_by_refactoring,exact,signature_changed,1.0,0.96
257404f9135aa2b3cd3ab21db7dbac8b,54abdee80e6d265cf4cca7f53a0e4a20,method_a_added,added,exact,,1.0
25baa118eb4fe545449d850ca2cf28de,8943b876ccd65c61bffe0fad91361b24,pair_formed_naturally,exact,exact,1.0,1.0
25d89b5aa792fee1bebfa37d3e041650,568cbf82392d5479fc7378607c9379c0,pair_formed_naturally,unknown,exact,,1.0
2600cdbff9904280874aa36cb0679b45,59ef52b63466e6b077ffcb1fc682d080,method_a_added,added,refactored,,0.7
2600cdbff9904280874aa36cb0679b45,89d7e8c061e119d5859701ca4b81ec53,both_added,added,added,,
2600cdbff9904280874aa36cb0679b45,9731a732fbf81af798612a04d54173aa,both_added,added,added,,
265966405062e2e9c50a74999da4fd2d,662f528e70ebf9738df73b7b050949ec,pair_formed_by_refactoring,token_hash,moved,1.0,1.0
26601c7752f9a47725f531136517f2d9,3d24b332252a0dc7079962c2cad98d0b,pair_formed_naturally,exact,exact,1.0,1.0
267ef73faaa64e0b184856467d4da86c,4ba330c92b9af422cec70f649de2ca69,pair_formed_naturally,exact,exact,1.0,1.0
26b91601d697bebb26138c33a7562f53,bedb6d7cec38e454839155231519bcf5,pair_formed_naturally,unknown,exact,,1.0
26c3cd0a77a82138d13c8046f3c10c1e,3d7e396d37b8feaebfa6e01ac7c0b4b8,pair_formed_naturally,exact,exact,1.0,1.0
26c3cd0a77a82138d13c8046f3c10c1e,fa1876f265d62334a7988f4657885af9,pair_formed_naturally,exact,exact,1.0,1.0
26c3cd0a77a82138d13c8046f3c10c1e,fb59ea8b5fa2015f8d473be25de66839,pair_formed_naturally,exact,exact,1.0,1.0
2708cd75354707c17f8196e4502d5130,3fc75282b4af4eecc42b4bc7aa2466a4,method_a_added,added,refactored,,0.77
2708cd75354707c17f8196e4502d5130,5a8899e7524bb73787b24a31cd3a2f09,method_a_added,added,token_hash,,1.0
272a9ad3fed141607b744d549afab685,79e7c1ee4c9fd2075cf949ad5165db78,both_added,added,added,,
273734963006ec1fb2e97c6baf08780d,37d60fed94832be6751b5085620f417b,method_b_added,exact,added,1.0,
273734963006ec1fb2e97c6baf08780d,4d01e83b19927a3b93aa3373e5e1ec0c,method_b_added,exact,added,1.0,
273734963006ec1fb2e97c6baf08780d,8a20b101f79bc44c4a0356f5676fc553,method_b_added,exact,added,1.0,
27abacdb4a185ea9579bb677ccd2cf63,649f18577a8211d6f3c7d1e340c091ea,both_added,added,added,,
27abacdb4a185ea9579bb677ccd2cf63,738ed23cd88775a616b995d58b1cb28e,both_added,added,added,,
27abacdb4a185ea9579bb677ccd2cf63,8f8048ab1d4fba7aceb4451a9695e181,both_added,added,added,,
27cfbc05750541c125ccd575d072cb8d,728567a1fa4cfee8888f7124e2440e18,pair_formed_naturally,exact,exact,1.0,1.0
27cfbc05750541c125ccd575d072cb8d,872999724f2c31878e36c3b461c65d3d,pair_formed_naturally,exact,exact,1.0,1.0
27cfbc05750541c125ccd575d072cb8d,bbeb349d06fe6c2e13ad2b230763d2db,pair_formed_naturally,exact,exact,1.0,1.0
281e56e6a235a9bc994df66a67e4422e,566fd0997da36278308f837805eaf495,pair_formed_naturally,exact,unknown,1.0,
281e56e6a235a9bc994df66a67e4422e,b6da69caa59bf4eacf1098f3e1e99d4f,pair_formed_naturally,exact,unknown,1.0,
28cb0418bf9a414c8ba5d7b7851a2371,856138eee1be3926024f9c43c54c47cc,pair_formed_naturally,exact,exact,1.0,1.0
28d5a7c276207c4ec6e8792b9207093f,57ac771f74e5f0c3f502c7700534dc51,pair_formed_by_refactoring,moved,token_hash,0.98,1.0
28e9ef4f68147d26a7668af6cc7b8352,8108adb9d6436276c05ee008b26cf536,method_a_added,added,signature_changed,,0.83
28f3977690e3ff24dcf4e309f25c3ece,d6776e1b603492648e202f2b52a582d3,pair_formed_naturally,exact,exact,1.0,1.0
28f3977690e3ff24dcf4e309f25c3ece,e20427f4862bd653e5f68b2a8c1fedf9,pair_formed_naturally,exact,exact,1.0,1.0
28f7f296b8656c8116401be21d63d5be,483ad28f3e6cb4b5f44efc5f1363f49b,both_added,added,added,,
290090015cfcc11e8851245cb7a60f41,510ff4a74609203829c97f0abf4df13c,both_added,added,added,,
2918ecc401d87b176ab998b0e1b9337a,65ea7ac9a0dff1ad1b5097abbaaa1e07,pair_formed_naturally,exact,exact,1.0,1.0
2918ecc401d87b176ab998b0e1b9337a,dfbab2274ed03d1ee4331d2a00890222,pair_formed_naturally,exact,exact,1.0,1.0
29409381e3edec551cc8364139a26059,6b7b2ca9d3b791ae6a7584162ee187bd,method_b_added,token_hash,added,1.0,
29409381e3edec551cc8364139a26059,a5282faf437fcefb81b746ae2397c379,method_b_added,token_hash,added,1.0,
29e201befba7ec28b36824836a3552db,698d7d0b0e300f9b79f5f5ed0ce5a9b1,both_added,added,added,,
2a1b181cb57e9a71ae16491125532759,94037b33300fcb3e611c76f575661942,pair_formed_naturally,exact,exact,1.0,1.0
2a311930cd6de4df9de49038f669c6b3,2c0261fc80b1252601d7de1051d2c701,both_added,added,added,,
2a700dbe4582b1c1d21a81a96c130796,5eb6d19d41ab31681068d40f26f5fe55,pair_formed_naturally,exact,exact,1.0,1.0
2a7060defb3b3454c14629f9db68aec0,69cbe5614269b6ec744d3ca06ab19b00,both_added,added,added,,
2a7060defb3b3454c14629f9db68aec0,a20237b2c5a7e735c6344758d5035199,both_added,added,added,,
2a7060defb3b3454c14629f9db68aec0,c9ec8ac61198def5dfb5229a0183a17e,both_added,added,added,,
2ace0b5eb9f661a18eecf33be61c7e0b,34ae695d02b3500643cfe6c29c64da9c,method_b_added,token_hash,added,1.0,
2ace0b5eb9f661a18eecf33be61c7e0b,457e9513ee4e65d6428a5be734f5f6a8,method_b_added,token_hash,added,1.0,
2b147d36984c9dcf79c77bca7651dcbb,7f8a8ffe1a5cd9435f340e5b10ee3d60,both_added,added,added,,
2b151940cb29ffe6d6bf0ea6f76d7554,8ce31608b36e7d0184b03dfd3b08976a,pair_formed_naturally,unknown,exact,,1.0
2b2eb8c939fa13d6250b039214018729,35ee7cea0fdbbc37c948151d701ee919,pair_formed_naturally,exact,exact,1.0,1.0
2b2eb8c939fa13d6250b039214018729,b249fb9fcfda294d12c98d3dcdc12de2,pair_formed_naturally,exact,exact,1.0,1.0
2b3ee818f4cef0faef888b934c063e1f,fceb1f24a684c2657b89960f75c7f7af,pair_formed_naturally,exact,exact,1.0,1.0
2b4b320edb68bc848aa4d994d9b67ec0,8b85d776b233abf72a3e7a4d7690d0ca,pair_formed_by_refactoring,signature_changed,exact,0.94,1.0
2b4b320edb68bc848aa4d994d9b67ec0,e3bf0e9f1667ee1a54c7caadc734181d,pair_formed_by_refactoring,signature_changed,exact,0.94,1.0
2b81f37dc2fb14545c25a9c58c5103e0,c388f4ed7c5164b91f7c33a6be9e5dee,both_added,added,added,,
2bb7e3644df74bbfc04acc050cb8026d,59a2b7a9c920411411e9379fb2a65d75,pair_formed_naturally,exact,exact,1.0,1.0
2be271d8c71d68b0e7ccb5ab5e045bc7,6750fa05703d56c0d47387cad553db4a,pair_formed_naturally,exact,exact,1.0,1.0
2c2372f69bac86c4d2aef9ce4fa5b2c1,9b0bc6d79c15b9e34425e52c0833e1a0,both_added,added,added,,
2c3e7e4dc50fa55fae0186178f0c8369,3dd7ada9b92d4610389743fa91917a92,both_added,added,added,,
2c81f8d1a3b1235615b9b0110ac173bb,826f46be35501a12211ff49ce525d8bd,pair_formed_naturally,exact,exact,1.0,1.0
2c81f8d1a3b1235615b9b0110ac173bb,a0b941e9bd7b9aa153523663149f30fe,pair_formed_naturally,exact,exact,1.0,1.0
2c81f8d1a3b1235615b9b0110ac173bb,c8b75d711b0d1675d429a8e61696890d,pair_formed_naturally,exact,exact,1.0,1.0
2c81f8d1a3b1235615b9b0110ac173bb,d22d46576a56164c66bc0f1c12cba405,pair_formed_naturally,exact,exact,1.0,1.0
2c88192437950ccab399bcdfbffa70cb,6a2a4f91ef7079e6dfe22f53ffbda945,pair_formed_naturally,exact,exact,1.0,1.0
2c88192437950ccab399bcdfbffa70cb,754485f00f914763b74ddb890d296ca3,pair_formed_naturally,exact,exact,1.0,1.0
2cbb48eafc6a123ec94fe3ca0c5cc1d8,7a4e125373ce239a12a2900f0191d3f3,method_b_added,unknown,added,,
2ce200d760a8028ddc210852503bcdcb,946400efb0ef3ccbc482102aaed85606,both_added,added,added,,
2ce200d760a8028ddc210852503bcdcb,d6776e1b603492648e202f2b52a582d3,method_a_added,added,exact,,1.0
2d182d9956a516b947d8ad0767d9ac04,f971d749bf46f24eec1043dc71957f09,pair_formed_by_refactoring,moved,token_hash,0.98,1.0
2d4c865c87d77a63a3e9ae84afbc31c9,3a6a11b91e5bd426d0f4562aaada2314,method_a_added,added,token_hash,,1.0
2d4c865c87d77a63a3e9ae84afbc31c9,8cafa6c3d1e765d38ee0796d03c26718,method_a_added,added,exact,,1.0
2d4c865c87d77a63a3e9ae84afbc31c9,99f8e9b74a5a490b68a85532828b78b6,method_a_added,added,exact,,1.0
2d4c865c87d77a63a3e9ae84afbc31c9,f70d5ac11453dd0c4ef878bdf5dd36d2,method_a_added,added,exact,,1.0
2d4c865c87d77a63a3e9ae84afbc31c9,f804c5bf2816b8622d1d3102c49080d0,both_added,added,added,,
2d4e83554ab8330c5a1ff01112e3b149,ae04a568fcb1915cc4c7454e032507f9,pair_formed_naturally,exact,exact,1.0,1.0
2d974e2135c470d1b03ddc34aadd906b,8702521a138634d48f6b7569628ecc86,pair_formed_naturally,exact,exact,1.0,1.0
2dbb0b0433830219896dc8b2915607d4,a856a6e2acfd6edd1a4234e246af0ee8,both_added,added,added,,
2dbb0b0433830219896dc8b2915607d4,a9800e8c24c95f752377bc281d747e2d,both_added,added,added,,
2dbb0b0433830219896dc8b2915607d4,b09a48c0ca97db11fa7b343bd6725213,both_added,added,added,,
2ddfcd39507b2ccdf809b7678831e6d8,d155c609a023801a7ffed3b92f7b3052,pair_formed_naturally,exact,unknown,1.0,
2de3f63ec04e43843fba2a9c2170f162,e2c5a4421f6fb96af7f9f48acc00f3ef,pair_formed_by_refactoring,exact,renamed,1.0,0.97
2e2536247eac79f21891f5c9b08555ce,737e512e774ba9271b237aa50e8dc1f9,pair_formed_by_refactoring,exact,signature_changed,1.0,1.0
2e2865dc418ebcbaeae9c4ad36af6c43,a5b726dfa26438ee301fefab72609303,pair_formed_naturally,exact,exact,1.0,1.0
2e2865dc418ebcbaeae9c4ad36af6c43,fa6f89daa3b51dab0b8aa1062cd7ec46,pair_formed_naturally,exact,exact,1.0,1.0
2e3c85dccd886bc130f328b65a850f21,b553e7b2db0bc9908a1313c7bdb76ec8,pair_formed_by_refactoring,moved,moved,0.93,1.0
2e87ea6ecf831c7343fde0708a627b2d,3f38c4121df73d52e3cb614c8c9f5fd0,method_b_added,exact,added,1.0,
2ea90a62e0cee4947f977181a125d481,a93521c6035d756b050a26dd783cf407,method_b_added,unknown,added,,
2eb9f062cf2a37af78cacba2252e3c68,95b847314149fd49d709f4704026900a,method_b_added,exact,added,1.0,
2ebb6536447f68c6566d178dadecca71,fb339efbb16ee7a68be0de02181e0796,pair_formed_naturally,exact,exact,1.0,1.0
2ebd03ed657641bd2b3d7ff3b7d3dd08,f0112d884addfb6912baf4f3dbe4a860,method_a_added,added,token_hash,,1.0
2ebd03ed657641bd2b3d7ff3b7d3dd08,f8e9bedd4507ffe22cddb5819d3a134b,method_a_added,added,token_hash,,1.0
2eca8dd8ab35b716c5ab517c6f26e1f6,948fab98717bb2c5e313cecdb3cccb33,pair_formed_by_refactoring,signature_changed,exact,0.91,1.0
2eca8dd8ab35b716c5ab517c6f26e1f6,9a89353cf3dbc1c54be58ab1bc476b53,pair_formed_by_refactoring,signature_changed,exact,0.91,1.0
2f093a8907e46a78c5e1b16a4d8f752a,575e41b44d8f5ed2e55c55c5d58caec3,both_added,added,added,,
2f10571a3298b324ee5a5df94b28d42b,ddc3d6ffc6749000132747bc6079d964,pair_formed_by_refactoring,signature_changed,signature_changed,0.93,0.94
2f18fcf8194cb45a360e76bd88fae14f,d9859e54c0cfba9455ffda63d06bd91b,both_added,added,added,,
2f1d53cb9cc7d060795b24b2f7d3c7c1,74b4531c354525e51d02b8cd1c910b9c,pair_formed_naturally,exact,exact,1.0,1.0
2f33edabfa22430c8c456af87830960a,9c56f463b5a88e328acc261f3225ed5c,pair_formed_naturally,exact,exact,1.0,1.0
2f33edabfa22430c8c456af87830960a,d8608d9ba1caaba86767baa012798382,pair_formed_naturally,exact,exact,1.0,1.0
2f552e828f39de6aba62fa0098cc9c56,49519977e1fdc360adcb6f377af253bd,pair_formed_naturally,exact,exact,1.0,1.0
2f57acf30f3a7467957aafa211121651,7969d793be86b94b4bfdcdb73568443d,both_added,added,added,,
2f6111e15cdd40906038c301507f7ea0,8ce14465e7a826d6b5e87018c85adb46,pair_formed_naturally,exact,exact,1.0,1.0
2f6111e15cdd40906038c301507f7ea0,bee12f1e26adc0f471a890e197bf825f,pair_formed_naturally,exact,exact,1.0,1.0
2fd484902fbb2bf62e36ede90640b482,34d1b8f44968c89907dfba22afcdc673,pair_formed_naturally,exact,unknown,1.0,
2fdbd01234b1f895d95e63ddb80f7a4c,d10bc5ba0d620802cf8ef0f08accafdd,pair_formed_naturally,exact,exact,1.0,1.0
3019c689ce2539aab12fbb6ec5fe35eb,a5282faf437fcefb81b746ae2397c379,method_b_added,token_hash,added,1.0,
301adaaa1f7e0f0861783d3ce9b19e2f,6a411ffec00613bae35cac90b7d74df3,both_added,added,added,,
3048671dd27ce015fc8bf10f6d4e4416,91a53c957e2979a5e764dcfb828be28f,pair_formed_naturally,exact,exact,1.0,1.0
304e3bd086447fd0c6a05ef93c6979e4,9256ad1ce7acefe8682203c28758b5b5,pair_formed_by_refactoring,moved,moved,1.0,0.96
30d50299daa8e602a891c11ce442c4de,3d71f746cded3593f3f21c6dd36e99a8,method_a_added,added,unknown,,
30d61b097511a96241a451f715216052,463558e86357c5e599a191c46c7ee738,both_added,added,added,,
30e6e1e9194b38d836b4ef428f862c68,46b2c73f4dab3414a842f985a1bea2fb,both_added,added,added,,
310477f39ebca4fd52f293c003b295dc,310477f39ebca4fd52f293c003b295dc,pair_formed_by_refactoring,signature_changed,signature_changed,0.82,0.82
311ed076c4dbdd07605f177120d67ffd,bb1223dbbdc2834f048c7b73861ef3f1,pair_formed_by_refactoring,unknown,moved,,0.98
311ed076c4dbdd07605f177120d67ffd,e623a4c568a4343dc2b7b29bf16299b8,method_b_added,unknown,added,,
31b5479800b5f0bd92eff4b9bd8447ff,b6d11d1a43361bd45719f362c9b7bf44,pair_formed_by_refactoring,moved,moved,1.0,0.99
31fad5885e3dd605e9cec328bf322d74,3c04d06cb950e999e5bbf6559ddaacb9,both_added,added,added,,
31fad5885e3dd605e9cec328bf322d74,c63191744b44ba796090d14881c9eef0,both_added,added,added,,
31fad5885e3dd605e9cec328bf322d74,e188ed97656ad19caaef44a82085bd03,both_added,added,added,,
31ff63fd85fd9a1019247f500d849f60,513148d139360f46ed7df702ff36385f,pair_formed_naturally,exact,exact,1.0,1.0
3206144d862bc6ed38d061f25f7e1350,44e18372e7d68217822b08f3fbca2c69,both_added,added,added,,
3206144d862bc6ed38d061f25f7e1350,7e718da51d49c716ce8be57b75289da4,both_added,added,added,,
327d39bdfe1f9105cfb6b959f8bfc3f2,3e298789469297c3ff8b0df8314c345d,pair_formed_naturally,exact,exact,1.0,1.0
3283812d5ac68dee8c8e4700ff036359,76d325f12db35fdee5e0378f8c93854e,both_added,added,added,,
3283812d5ac68dee8c8e4700ff036359,e2b5c415030a8d95b2a373229e088e9a,both_added,added,added,,
32a4043d144c839d83a1bc7cd84fffdc,845acdeed1700c8bb60feda787f4026a,method_a_added,added,exact,,1.0
32e14217499369ad54f8a56a02dceb31,5788449c55ed37a6485cb13c054cc5d4,pair_formed_naturally,exact,exact,1.0,1.0
32e14217499369ad54f8a56a02dceb31,8108adb9d6436276c05ee008b26cf536,pair_formed_by_refactoring,exact,signature_changed,1.0,0.83
32f8f054e88181653fd5b4cee6f7c74d,87e625b32dc9a635da32f2e0d55322b9,both_added,added,added,,
3304504876f440b09ffb95df3378f59c,5e3935230836d47e3457b62bf3b3b8e2,both_added,added,added,,
3311f3b4b1c736ba31222dc2a6501190,a963235a06b4159da424924c53677415,pair_formed_naturally,exact,exact,1.0,1.0
3311f3b4b1c736ba31222dc2a6501190,bca69cebd34a3d649513f09dbdd4b37e,pair_formed_naturally,exact,exact,1.0,1.0
33743566046505d3a6b79462d1bb404f,98ad59e42932542e95d9ad87fc5fabb1,pair_formed_naturally,exact,exact,1.0,1.0
33addf4f7fe209ab51f0f2625f77c8f0,f285cd3ca9a7a8210f625720c9f4edbe,pair_formed_by_refactoring,unknown,signature_changed,,0.99
33b6aee738774f6ec8ac2ab87fa94127,bf0a4170ed81393bed07006b44f42c0b,both_added,added,added,,
33b6aee738774f6ec8ac2ab87fa94127,f02bf79c1110bc3d7a318b556681759f,both_added,added,added,,
33d9b9040f2a5629c9c37c91c8aaf452,80379b549d76809122efcf9792fd2a91,method_a_added,added,moved,,0.9
33d9b9040f2a5629c9c37c91c8aaf452,a745faca527dc8c07de7280b5c594a86,method_a_added,added,refactored,,0.87
33e96b2cc62df0cc1256f15599f536bf,538bc122dbcb34a048fe086c1b6d16c0,method_b_added,exact,added,1.0,
33e974fcbe6f39235c35340d3347554a,b1ced8906555db26cbd838f9e258869f,pair_formed_naturally,exact,exact,1.0,1.0
33e974fcbe6f39235c35340d3347554a,c54f991278597f3b61c071870df02efb,pair_formed_naturally,exact,exact,1.0,1.0
33f091454eea8ad742c47df983a39d42,bb563a2078c0d2e0683bd4c41fcad7f1,both_added,added,added,,
34000e03891572520b4db01ae6deb31b,4686ecdf72d2e3ece5233c996483e648,pair_formed_naturally,exact,exact,1.0,1.0
3478838d27e32fb065e900605efadc67,ddec38998f5013364c1a57ac38ed5cdd,both_added,added,added,,
34ae695d02b3500643cfe6c29c64da9c,457e9513ee4e65d6428a5be734f5f6a8,both_added,added,added,,
34ae695d02b3500643cfe6c29c64da9c,458d7c054b35cee671da12bf45a29d24,method_a_added,added,token_hash,,1.0
34b0f6bfc7cb3ea8293d5b8f85736091,37d2cdfc1afd17f8524ea7164927ceaa,pair_formed_naturally,exact,exact,1.0,1.0
34e740ae28097e175576f883570be3a8,3ff027546ffc16bb3dd6ab8e779ba9cf,pair_formed_naturally,exact,exact,1.0,1.0
350c7e0f8c533ad5f59b202bc00d2e07,431626034200fc58413889ca82750968,pair_formed_by_refactoring,signature_changed,signature_changed,0.93,0.91
350c7e0f8c533ad5f59b202bc00d2e07,6316dc7dad008ec6f131edc0db1b5fc8,pair_formed_by_refactoring,signature_changed,signature_changed,0.93,0.96
350c7e0f8c533ad5f59b202bc00d2e07,a3f32618fae54884ee5020fafa3584bb,pair_formed_by_refactoring,signature_changed,signature_changed,0.93,0.84
350c7e0f8c533ad5f59b202bc00d2e07,a78ed56ea9d9a9dd1ce42c10c90baa1d,pair_formed_by_refactoring,signature_changed,signature_changed,0.93,0.83
350c7e0f8c533ad5f59b202bc00d2e07,d53d08d8630e9e059f692ccd90fce52f,pair_formed_by_refactoring,signature_changed,signature_changed,0.93,0.8
350c7e0f8c533ad5f59b202bc00d2e07,e944e246d53cb0c35b879ca5c81e6711,pair_formed_by_refactoring,signature_changed,signature_changed,0.93,0.85
3535d6bda4a7ef7441e72e072fdfba4a,5b35dd1d55978a933174a2b260335086,method_a_added,added,exact,,1.0
353abb0aef6ef3537d664127143879bd,67b3fc2c2bbf41190139765abc3ea8fc,both_added,added,added,,
353abb0aef6ef3537d664127143879bd,71118dd0890065385c67992df21b5f56,both_added,added,added,,
353abb0aef6ef3537d664127143879bd,adae328f48b42671717a804a0e7d5bde,both_added,added,added,,
3552e8e57dfde51b3d243843ffa94035,4724f2533c2d1f46e2b64f3703b91a97,pair_formed_naturally,exact,exact,1.0,1.0
3552e8e57dfde51b3d243843ffa94035,5fa9836a05cb485486b69b60ccd63790,pair_formed_naturally,exact,exact,1.0,1.0
357457c237893b10ecfadab5bf3a4469,981b7633ed27df5de7e92df6ca445a22,method_a_added,added,exact,,1.0
3591d3e4aebf36e5135b0c8b0cf97577,b9c7d14f6da3360f4e0f47192ad31c4c,pair_formed_naturally,exact,exact,1.0,1.0
35c5c0a7e5477a27d36ac34de877a1c4,5adc2261cc09a50e9554cabb5d14c6a6,pair_formed_naturally,exact,exact,1.0,1.0
35c5c0a7e5477a27d36ac34de877a1c4,6c68c076e7c1aa2aca428868efca80a2,pair_formed_naturally,exact,exact,1.0,1.0
35ee7cea0fdbbc37c948151d701ee919,427b55d35e82323b27d47b4a82f7fb01,pair_formed_naturally,exact,exact,1.0,1.0
35ee7cea0fdbbc37c948151d701ee919,a20ef3efd8a65e576f2d521cc957976c,pair_formed_naturally,exact,exact,1.0,1.0
35ee7cea0fdbbc37c948151d701ee919,b249fb9fcfda294d12c98d3dcdc12de2,pair_formed_naturally,exact,exact,1.0,1.0
35ee7cea0fdbbc37c948151d701ee919,cd06450ca7b91ddde5f2621d93e398c6,method_b_added,exact,added,1.0,
35ee7cea0fdbbc37c948151d701ee919,f1b4795ed9ad0a77b0971dff0732e933,pair_formed_naturally,exact,exact,1.0,1.0
35f04ad6199ae5c0adf09ebb1bdd5506,fb68845dd81c2a6982bf3434b2628e26,pair_formed_naturally,exact,exact,1.0,1.0
361981dd7f63b34635b833c6d84f29b3,7fecac602fed5412762fb6b7ddd62fe1,pair_formed_naturally,exact,exact,1.0,1.0
361981dd7f63b34635b833c6d84f29b3,a0b33d1666fd390ca1d5213326c846cc,pair_formed_naturally,exact,exact,1.0,1.0
36b8554c6d784c849458deef7d95d549,b72c71438f81c68199860fcc390becdd,method_a_added,added,token_hash,,1.0
36b89cf072554ca29138a8fbb41a3230,49f25883ba3768929fe4ee30e42df5f7,pair_formed_by_refactoring,exact,signature_changed,1.0,0.97
36b89cf072554ca29138a8fbb41a3230,6c5d9d2156ecad3d95476d9b2fe05c36,pair_formed_naturally,exact,exact,1.0,1.0
36b89cf072554ca29138a8fbb41a3230,be43ac411b4cebda6955628ee5c6ec65,pair_formed_by_refactoring,exact,signature_changed,1.0,0.93
36f82e7411fd5040a6b5e10d041aa6a3,6ab5a0e19701234cf250374f4335cc60,pair_formed_naturally,exact,exact,1.0,1.0
376fd9c82ebd4e85685fa0df0f442aff,432e6e05242efba7f1d24feb20a4ca58,both_added,added,added,,
376fd9c82ebd4e85685fa0df0f442aff,4991c7b0e8e54f118f20910087977ede,both_added,added,added,,
376fd9c82ebd4e85685fa0df0f442aff,587a0c245fc597ecce58ffc1224eb95c,both_added,added,added,,
376fd9c82ebd4e85685fa0df0f442aff,bd91c1aba412654c0464f00886f83e80,both_added,added,added,,
376fd9c82ebd4e85685fa0df0f442aff,dda82ca6b0ccd34794cfe55f44103686,both_added,added,added,,
37902b36c886a155cae27c6a6e50002c,4991c7b0e8e54f118f20910087977ede,both_added,added,added,,
37902b36c886a155cae27c6a6e50002c,587a0c245fc597ecce58ffc1224eb95c,both_added,added,added,,
3796977f1d509a3029b2792cd6a29192,518f38405cc12f748805d39519d2ae42,both_added,added,added,,
3796977f1d509a3029b2792cd6a29192,cc4f1f08de1c0cb777edcfde20b00b05,both_added,added,added,,
37a6c126c1d7b87144f9f0e006ffb6a8,69226d6303e71dfcb94fc542ebcd62f4,pair_formed_naturally,exact,exact,1.0,1.0
37d1239e7f11b4322421120ab4be7052,b4ecce679916f097313b3820c5a741fa,pair_formed_by_refactoring,renamed,renamed,0.93,0.94
37d1239e7f11b4322421120ab4be7052,dbaf00143b4c7272eb83ea7fd5661af4,pair_formed_by_refactoring,renamed,renamed,0.93,0.94
37d1239e7f11b4322421120ab4be7052,eb82d5e5c2bb6a4c76bfab3cf1a3ad05,pair_formed_by_refactoring,renamed,exact,0.93,1.0
37d60fed94832be6751b5085620f417b,4d01e83b19927a3b93aa3373e5e1ec0c,both_added,added,added,,
37d60fed94832be6751b5085620f417b,8a20b101f79bc44c4a0356f5676fc553,both_added,added,added,,
38267e1e8d3f8c0b59c8c47733418f1a,79a593b21dfaf846a863261547f11214,pair_formed_naturally,exact,exact,1.0,1.0
3846f733c7156f2e2a6832fb4289d0f6,4191bb713a8c929bf8ceea55c3931b41,pair_formed_naturally,exact,token_hash,1.0,1.0
3846f733c7156f2e2a6832fb4289d0f6,ac4f6713b8ddbd03a9905e16db627a21,pair_formed_naturally,exact,exact,1.0,1.0
3846f733c7156f2e2a6832fb4289d0f6,babf6930b7264fc80f5cfe7c8e668e4f,pair_formed_naturally,exact,exact,1.0,1.0
3850a7a19a80a24cdf64d58d3fbdae19,8f11a0e2c9a6b2b6a439896f66e626f7,pair_formed_by_refactoring,refactored,refactored,0.8,0.8
3850a7a19a80a24cdf64d58d3fbdae19,d7da87d8ba67493da86befbb0c63bc7f,method_b_added,refactored,added,0.8,
3866bf9d4f8994561bd798e7b51d048e,f46f645b952465d5fbac231c9fc4170f,pair_formed_by_refactoring,moved,moved,1.0,0.94
3866bf9d4f8994561bd798e7b51d048e,ff9147758e64ac17748e255bbd53d8af,pair_formed_by_refactoring,moved,moved,1.0,1.0
39464e91e210a2733c3bdecc0b025831,de0d8304511987667eab7f9e7e650af6,both_added,added,added,,
39ae73d0453abf6a78a0d9171945b5c5,b0e8c82431a65eb4ecbf87bb123a6a0d,method_a_added,added,refactored,,0.89
39ae73d0453abf6a78a0d9171945b5c5,ca5fe635ffba24d5ff8b3f7ee1f2b6d7,method_a_added,added,refactored,,0.89
39ae73d0453abf6a78a0d9171945b5c5,e31a0f4784257f6da45dfb0367bb18c8,method_a_added,added,refactored,,0.89
3a4ccb9534fc05d7a111a76af4209843,3ea58a3084dc0712855df623471305a6,method_b_added,token_hash,added,1.0,
3a574b779e1f5e7d1c6429794a5219cb,f285cd3ca9a7a8210f625720c9f4edbe,pair_formed_by_refactoring,signature_changed,signature_changed,0.99,0.99
3ab61a2d74fa897177385260d6818bc8,450b1876f8898a61825c4f92d4ed6972,pair_formed_by_refactoring,signature_changed,signature_changed,0.98,0.99
3ad0c78c0af833e76fb87262825119a7,5fe0716422113a73134e1b0b8e3aa04d,pair_formed_naturally,exact,exact,1.0,1.0
3ae929ad13bf7861b9f78d102dd92c07,956f5d614a94c43ee9e38d059d45599f,pair_formed_by_refactoring,moved,moved,0.96,1.0
3ae929ad13bf7861b9f78d102dd92c07,f1dc931dc973971b11d0cac062b1f062,pair_formed_by_refactoring,moved,exact,0.96,1.0
3b1a79b60e642e583019fee903d6bb7b,fd800441bcad2cfd39373f0d81af7cd8,both_added,added,added,,
3b5dd612c4c3d1eb6457cc9788f1dfc5,bfe3f777227fd7d31d307ea0c61d4240,both_added,added,added,,
3b8437702b8cafb4ab750dd68cafd96e,76d6115a92907a5af08f9ea204402fe4,pair_formed_naturally,exact,unknown,1.0,
3bc5ea50caeb6ecfaf058679aaa6fa21,3cb1daa0c5867c6d0e8213ed9404daac,both_added,added,added,,
3bc5ea50caeb6ecfaf058679aaa6fa21,6dc616d09085367023579702922e0d80,both_added,added,added,,
3bc5ea50caeb6ecfaf058679aaa6fa21,899a89c3b4fa1be9a258f622af4424c0,both_added,added,added,,
3bc5ea50caeb6ecfaf058679aaa6fa21,a61dd7a7f4ec9c3e1862d8719d354794,both_added,added,added,,
3bc5ea50caeb6ecfaf058679aaa6fa21,d6cfafe3f7a6decd2f67a6a6b7ac3e9e,both_added,added,added,,
3bd76c2651b397993279292b2a6c39b0,48e4f1b3b2bc74260628c456bf72d7a2,pair_formed_by_refactoring,moved,moved,0.93,0.94
3bd76c2651b397993279292b2a6c39b0,af4a61f7b15dd1fc7659b198ab5ecdce,pair_formed_by_refactoring,moved,moved,0.93,0.93
3bdcf8d0c7c0b00caf68ad8cfc9d4c5b,d4d6b58b737f49b8e5fc5b6a30264d4c,method_b_added,exact,added,1.0,
3c04d06cb950e999e5bbf6559ddaacb9,c63191744b44ba796090d14881c9eef0,both_added,added,added,,
3c04d06cb950e999e5bbf6559ddaacb9,e188ed97656ad19caaef44a82085bd03,both_added,added,added,,
3c242a340e52da8c337c0859e7848421,c5f8a7c97219c540f5acecbb7d52f5e1,both_added,added,added,,
3c2a4b24e4343a373ed1ab2a4e3cfc5f,97656b1ada2e7b996dede7b84bd9f349,both_added,added,added,,
3c55b597881642f9396d8c3696f5977d,79304642c6cc86340767ec6dda6f659d,pair_formed_naturally,exact,exact,1.0,1.0
3c654a9afcfb8c19d7e8c05e6d92ea7d,882d97bf787ede78c2e8d224754f8c99,pair_formed_naturally,exact,exact,1.0,1.0
3c80a2cc3da39253776cbc082d001be8,47bf61bd71acc7fc6d6440fbdd8e0292,pair_formed_naturally,exact,exact,1.0,1.0
3c84a2848919af99e335a026a6d85193,fb53fce4f8f936de2c56ffa665ca773d,pair_formed_naturally,unknown,exact,,1.0
3ca994efc8ac5b4e86247cbc5949a511,a811a6c99e0a02200fa444dcbf527a37,pair_formed_naturally,exact,exact,1.0,1.0
3ca994efc8ac5b4e86247cbc5949a511,f3a929aea50bef144ae6876971774044,pair_formed_naturally,exact,exact,1.0,1.0
3caaa669361d9ccea99dd270e9d57e14,87bb615e8cea2cf4ab292bfa95411d92,method_b_added,token_hash,added,1.0,
3cb1daa0c5867c6d0e8213ed9404daac,84494ce57f9abb4a5a34c0e04987a54d,both_added,added,added,,
3cb1daa0c5867c6d0e8213ed9404daac,901a535c251a3128a6b77ff1457c8f3c,both_added,added,added,,
3cb1daa0c5867c6d0e8213ed9404daac,c6791caa28d1fee4026b41380c06b7b9,both_added,added,added,,
3cb1daa0c5867c6d0e8213ed9404daac,d6cfafe3f7a6decd2f67a6a6b7ac3e9e,both_added,added,added,,
3ceccfafa9bcf09b3a12de15930fed7d,69226d6303e71dfcb94fc542ebcd62f4,pair_formed_naturally,exact,exact,1.0,1.0
3d486f06c1591d0e63fc09f13521f238,89af85c111c9226a84bbbc233ac1df99,pair_formed_naturally,exact,exact,1.0,1.0
3d4b9f0d6bd40f5a80f84c6f38525aa2,509c5b2e229ae134c6ca62be06f3065d,pair_formed_naturally,exact,unknown,1.0,
3d4b9f0d6bd40f5a80f84c6f38525aa2,67b99d3cb3670002c92dc5fc1c0218b7,pair_formed_naturally,exact,unknown,1.0,
3d4b9f0d6bd40f5a80f84c6f38525aa2,9c081734359d66aaf7cc160c7b81a225,pair_formed_naturally,exact,exact,1.0,1.0
3d4b9f0d6bd40f5a80f84c6f38525aa2,dfad2ee729c5b4c6a23aeab803c1ff23,pair_formed_naturally,exact,unknown,1.0,
3d4b9f0d6bd40f5a80f84c6f38525aa2,e9f004287378fabb9936f0203478fe99,pair_formed_naturally,exact,unknown,1.0,
3d86dbabd8ae8e434b5d0f1747ac47e1,63824f5eee7bf693f7ae93719c60c765,pair_formed_by_copy,refactored,exact,0.88,1.0
3dbdcc01e01f40659e2f101c34713ca6,579b7414f9742c75e6a1e7bb9cc7dce4,method_a_added,added,unknown,,
3dbfb6aba2eb1365e936e69534aa6669,40c052e30a154c1ff678943767b689bc,both_added,added,added,,
3dbfb6aba2eb1365e936e69534aa6669,6cf85b217fa18189be8ac6965ea0bc84,both_added,added,added,,
3dbfb6aba2eb1365e936e69534aa6669,77ad9ff771c5c847ae1bdacea3c0cb3f,both_added,added,added,,
3dbfb6aba2eb1365e936e69534aa6669,8f5af9df2a9684677ee459f980982943,both_added,added,added,,
3dbfb6aba2eb1365e936e69534aa6669,cc600dc4b54ca02256636fd7697594d7,both_added,added,added,,
3df121798843ad8f60f6630a2f1a51ce,73d8b86694f876d4a8d3f103cb8bff47,method_b_added,exact,added,1.0,
3ec14cf2e3a005722dc4b1efa2d535d8,d4cb026cac222fe3c9859e9109fffbe7,pair_formed_by_refactoring,moved,moved,0.93,0.93
3ec236daa1ae5d7ef1aee16c5cad9411,f465ba833aaaea9b69ffd0f4f54d0564,pair_formed_naturally,exact,exact,1.0,1.0
3ee444fcd0027052ae1fb8c0c58ce446,812c41880c474b9d37adef15b14d7cfd,method_b_added,exact,added,1.0,
3f15759a2d93fd742974087e43283426,5877a40832e700f08eb8041e4f8759e6,method_a_added,added,exact,,1.0
3f15759a2d93fd742974087e43283426,5b344c2156df49c39107a19a80dec8fd,method_a_added,added,exact,,1.0
3f15759a2d93fd742974087e43283426,85ab50ec0039e55c93a3f79041019a31,method_a_added,added,exact,,1.0
3f15759a2d93fd742974087e43283426,eb6fb98b58a36f7b99779763736bed05,both_added,added,added,,
3f69ba8f3eaf95314cf0f0628c9e26aa,df4b1ab873d9a48201d5beaa972eecc7,both_added,added,added,,
3f9c337f38cd4ed80b0be39976efbd0a,74356cea8df1843461e6b2e2d7a51f2b,method_a_added,added,exact,,1.0
3f9c337f38cd4ed80b0be39976efbd0a,c35d56dcae58367bc37ee00821a61c23,method_a_added,added,exact,,1.0
3f9c337f38cd4ed80b0be39976efbd0a,f89741f8eac7a657aacd2e534d88fb92,method_a_added,added,moved,,1.0
3fe5a6168d6e480e3b214e4e6654a56f,5e9dfb5177902ceee184071dddb370c9,pair_formed_naturally,exact,exact,1.0,1.0
3fe5a6168d6e480e3b214e4e6654a56f,7dd3be8d199a6d82e8ee42650bbef731,pair_formed_naturally,exact,exact,1.0,1.0
3fe5a6168d6e480e3b214e4e6654a56f,a9f4d534de8452a143ed62e78e991268,pair_formed_naturally,exact,exact,1.0,1.0
3fe5a6168d6e480e3b214e4e6654a56f,d0d07900f5cc45af7acf33639aa3877b,pair_formed_naturally,exact,exact,1.0,1.0
3fe5a6168d6e480e3b214e4e6654a56f,e6c2b59fa7c23242316b868df61827ae,pair_formed_naturally,exact,exact,1.0,1.0
400e6536405baad1cdf109782f77f54e,ae514e19d1f89dfa24fcabf7a3fc4ae9,both_added,added,added,,
40365ca3df27ea1e03c0f315caff9eac,ed6bdf96f2f7b8c31b2eddc07b1ee353,pair_formed_naturally,exact,exact,1.0,1.0
404eaf4159144709637b11a7543b76c5,a611031423be8ca25716c426355d36cc,pair_formed_naturally,exact,exact,1.0,1.0
404eaf4159144709637b11a7543b76c5,b7714be4d16e93b61b9b2a9eb33112c5,pair_formed_naturally,exact,exact,1.0,1.0
4062529193a59304817ffb944a92d16f,84e9175f225682146da09e5bba9bb555,both_added,added,added,,
4062529193a59304817ffb944a92d16f,c5cf4cf345123ede185d8942c4cbb1b1,both_added,added,added,,
40933bc6bec5f2b1ef531f1f2cc5578f,7e06200eb0cbd2b00cba18843ae27010,both_added,added,added,,
40c052e30a154c1ff678943767b689bc,6cf85b217fa18189be8ac6965ea0bc84,both_added,added,added,,
40c052e30a154c1ff678943767b689bc,77ad9ff771c5c847ae1bdacea3c0cb3f,both_added,added,added,,
40c052e30a154c1ff678943767b689bc,8f5af9df2a9684677ee459f980982943,both_added,added,added,,
40c052e30a154c1ff678943767b689bc,cc600dc4b54ca02256636fd7697594d7,both_added,added,added,,
414ec24eaecabad2f0ace34dc7a09185,51648aa43ccc3fceaa1b3558b80c1113,pair_formed_by_refactoring,exact,signature_changed,1.0,0.96
41512cb9574c5563c55c4cfaf230b0c6,d9fcbf403866e16bb705f0ba0e67a0bf,both_added,added,added,,
41696c97e1ad703f958077a545c973bf,5f54a83273c47aa7028c56435060e893,pair_formed_naturally,exact,exact,1.0,1.0
4187b3c55ca8283951ac98dd5adbf581,633ce1fded21fcf1ee58a694bfd025d1,pair_formed_naturally,exact,exact,1.0,1.0
41def25ecfe174258154e68f5c6b606c,8808186d7544db03c457953fae7a43fb,pair_formed_by_refactoring,unknown,moved,,1.0
42722fd50623d9c70f7f2d477f4502d3,b463aafe941c18d4aa9d5724152a9851,both_added,added,added,,
427b55d35e82323b27d47b4a82f7fb01,b249fb9fcfda294d12c98d3dcdc12de2,pair_formed_naturally,exact,exact,1.0,1.0
427fffdce672e95411c804aa806b1092,43376027126fa67c91a212802fefe913,pair_formed_by_refactoring,signature_changed,signature_changed,0.98,0.97
42dec3a0b5cf7fa6b025a23e01babd16,bf2e92ccb7c25c5e478609fa47312ee9,pair_formed_by_refactoring,exact,moved,1.0,1.0
42e7c1b0f5d50719a10738c2b57fe83a,694fd360c92a4123aa209fa3c8ef8610,method_a_added,added,refactored,,0.71
42e7c1b0f5d50719a10738c2b57fe83a,7314124d2a5d0348c14b7f2e547359ce,both_added,added,added,,
42e7c1b0f5d50719a10738c2b57fe83a,c6413f35895d43849e0c128222ff2482,both_added,added,added,,
42e7c1b0f5d50719a10738c2b57fe83a,fb1e456cd5fe77e68e3b88e82d323a7f,both_added,added,added,,
42fa8b52cab598cba79acedecac60db7,923c61db6a6545099ff520324e2437cc,method_a_added,added,exact,,1.0
42fa8b52cab598cba79acedecac60db7,9915f9c5828187d62018695896f504b0,both_added,added,added,,
42fa8b52cab598cba79acedecac60db7,c958aa94d5fb0c02dfeaad191e88c168,method_a_added,added,exact,,1.0
431626034200fc58413889ca82750968,6316dc7dad008ec6f131edc0db1b5fc8,pair_formed_by_refactoring,signature_changed,signature_changed,0.91,0.96
431626034200fc58413889ca82750968,e944e246d53cb0c35b879ca5c81e6711,pair_formed_by_refactoring,signature_changed,signature_changed,0.91,0.85
432e6e05242efba7f1d24feb20a4ca58,4991c7b0e8e54f118f20910087977ede,both_added,added,added,,
432e6e05242efba7f1d24feb20a4ca58,587a0c245fc597ecce58ffc1224eb95c,both_added,added,added,,
432e6e05242efba7f1d24feb20a4ca58,bd91c1aba412654c0464f00886f83e80,both_added,added,added,,
432e6e05242efba7f1d24feb20a4ca58,dda82ca6b0ccd34794cfe55f44103686,both_added,added,added,,
4343e6e4771ee2833a88d160b39d7252,aa97f8dc1345ced719c174d6b62a2249,both_added,added,added,,
4350a900809fe22e527317fe861b2b4c,663621e55ca7b79cb6edb3e503ea686b,both_added,added,added,,
4350a900809fe22e527317fe861b2b4c,8efdf5441351b39a38ff7db33f25b7cf,both_added,added,added,,
4350a900809fe22e527317fe861b2b4c,e94f9b02977bb2d0121f40b353d38488,both_added,added,added,,
4384d8633423584f83bf66cdd6b9573f,50beb95044c9a2f007f0110dbbc98dc1,pair_formed_by_refactoring,signature_changed,signature_changed,0.98,0.97
43934f55a77bf90e0bbf78793ebf1233,fe2254c1e80e513f93d3346b22af32a7,pair_formed_naturally,exact,exact,1.0,1.0
440c290b14b46426714fcd38eb631e3e,90342e548176c16e12bd937e8322f60e,pair_formed_naturally,exact,exact,1.0,1.0
4411d0ca552b05e45b0f15f8842e530f,bda4cc9dcd1a92f926e7e6948fb542e2,pair_formed_naturally,exact,exact,1.0,1.0
445f7ae8b551f996d5f9cc91ab1beb66,7702dac54eff4c83d4b929200c0fdd5c,method_b_added,exact,added,1.0,
445f7ae8b551f996d5f9cc91ab1beb66,b567d1b0a7c25e2bec970a1c6c8b2b29,method_b_added,exact,added,1.0,
44ce2a4fd993f2111ed450136b849a41,62b614fe460b9e7e11bc4515cef10014,pair_formed_by_refactoring,signature_changed,exact,1.0,1.0
44ce2a4fd993f2111ed450136b849a41,9b9e5689228eee20e5578b670ef899a3,pair_formed_by_refactoring,signature_changed,signature_changed,1.0,1.0
44ce2a4fd993f2111ed450136b849a41,c5614c4dc526dd9877de5e310f10a818,pair_formed_by_refactoring,signature_changed,signature_changed,1.0,1.0
44ce2a4fd993f2111ed450136b849a41,da79b75692d793fd027c1bdb9e88afaf,pair_formed_by_refactoring,signature_changed,signature_changed,1.0,1.0
44ce2a4fd993f2111ed450136b849a41,ed9827fde5b39d32c4674e0c01bbc2f9,pair_formed_by_refactoring,signature_changed,signature_changed,1.0,1.0
44ce2a4fd993f2111ed450136b849a41,febfde70a9bdfd412e2e8d269e562234,pair_formed_by_refactoring,signature_changed,signature_changed,1.0,1.0
44e18372e7d68217822b08f3fbca2c69,7e718da51d49c716ce8be57b75289da4,both_added,added,added,,
44fad5801c68ee2211ee8dd46fa88230,b744e0eede6cba65a3e4f7168ea3bbd1,pair_formed_by_refactoring,moved,token_hash,1.0,1.0
457e9513ee4e65d6428a5be734f5f6a8,458d7c054b35cee671da12bf45a29d24,method_a_added,added,token_hash,,1.0
45aa3683275ce5b477e0893168fc9e74,bb1223dbbdc2834f048c7b73861ef3f1,pair_formed_by_refactoring,exact,moved,1.0,0.98
45aa3683275ce5b477e0893168fc9e74,e623a4c568a4343dc2b7b29bf16299b8,method_b_added,exact,added,1.0,
45d08ada207121a2a767278fb62d777d,f0d062248a1716ddbc41807d4ab14146,pair_formed_naturally,exact,exact,1.0,1.0
45d127de12e49e58548e761b8eff8a5f,b68430d30f942f322822425e5778da15,pair_formed_naturally,exact,exact,1.0,1.0
45dd530bde861a372aa75fe314ad3bfe,4c831cca6bb1209bb8b55651a454b4b3,both_added,added,added,,
45dd530bde861a372aa75fe314ad3bfe,f60677d05d6208390006c4b11521064a,both_added,added,added,,
45ef24ae8c806d563b63dfcff34e6202,62af246689b279b755a8625cf6a4f732,method_b_added,exact,added,1.0,
45ef24ae8c806d563b63dfcff34e6202,6414a3c14ec535b67e4c5ed72af51a91,pair_formed_naturally,exact,exact,1.0,1.0
45ef24ae8c806d563b63dfcff34e6202,a6066efbe453a469c35d626f9386e318,pair_formed_naturally,exact,exact,1.0,1.0
45ef24ae8c806d563b63dfcff34e6202,ab6418af0c4dfdc9a79e5aaed0f5ee8b,pair_formed_naturally,exact,exact,1.0,1.0
45ef24ae8c806d563b63dfcff34e6202,bce7f657968345f43939a7f6e5365620,pair_formed_naturally,exact,exact,1.0,1.0
45fc34cbccbecf2837d9f804ec7895d8,bb1223dbbdc2834f048c7b73861ef3f1,pair_formed_by_refactoring,exact,moved,1.0,0.98
45fc34cbccbecf2837d9f804ec7895d8,e623a4c568a4343dc2b7b29bf16299b8,method_b_added,exact,added,1.0,
462a73e005185269545b70ae9d880a23,812c41880c474b9d37adef15b14d7cfd,method_b_added,exact,added,1.0,
462a73e005185269545b70ae9d880a23,956f5d614a94c43ee9e38d059d45599f,pair_formed_by_refactoring,exact,moved,1.0,1.0
464de3785a3c4740fbfa56a7bfa511de,a008b78cb7ca90924ccd584805535b78,both_added,added,added,,
464de3785a3c4740fbfa56a7bfa511de,e194cdb2d0ab29412836d5eb389f15f5,both_added,added,added,,
465dcb1122130ecc6b152684b3132683,4de14dac85afc9528c162e756e128153,both_added,added,added,,
4695ebc03b97c6d25ecab7067af18d84,cb98b32fa33917a7193b4710b1dea995,pair_formed_naturally,exact,exact,1.0,1.0
46995daff58b0cb2ff4200c4099316bd,483ad28f3e6cb4b5f44efc5f1363f49b,both_added,added,added,,
46995daff58b0cb2ff4200c4099316bd,71fc844d07733bdbdca85fc79d654fa0,method_a_added,added,signature_changed,,0.76
46995daff58b0cb2ff4200c4099316bd,90c26f7391cb6244a0236d67a75ff52c,both_added,added,added,,
46995daff58b0cb2ff4200c4099316bd,e3acc74a289423eaf516dd8f040206a7,method_a_added,added,signature_changed,,0.81
46995daff58b0cb2ff4200c4099316bd,e73ea449ed550c8626725ae55b6b791d,both_added,added,added,,
46bec47e706834c6ee582eb7b754889a,7702dac54eff4c83d4b929200c0fdd5c,both_added,added,added,,
46bec47e706834c6ee582eb7b754889a,b567d1b0a7c25e2bec970a1c6c8b2b29,both_added,added,added,,
46cc69d4e1df992c17b0ccd97f804d39,6dc193bbba2b7c9d3306fb06a050eeb7,pair_formed_naturally,exact,exact,1.0,1.0
46cc69d4e1df992c17b0ccd97f804d39,b31bc71394fcb8aefc7de8de1a9c4f8a,pair_formed_naturally,exact,exact,1.0,1.0
4724f2533c2d1f46e2b64f3703b91a97,5fa9836a05cb485486b69b60ccd63790,pair_formed_naturally,exact,exact,1.0,1.0
4724f2533c2d1f46e2b64f3703b91a97,69f0845baafc62d5dd26877361fa1892,pair_formed_naturally,exact,exact,1.0,1.0
4724f2533c2d1f46e2b64f3703b91a97,bc46bfe2185b3e3564cda6075afcbfb0,pair_formed_naturally,exact,exact,1.0,1.0
474f8ba039000be63fa0e98b670066c1,b7e7d3fa5b100f56a0941f4b5cd1dc09,pair_formed_by_refactoring,token_hash,moved,1.0,0.97
47bfde2316bb75e878a8091173044453,6c5217fcde91dc4bbf610ff89c2a8645,method_b_added,refactored,added,0.8,
47ff6b9dce8ac06a25f41e83d2c6a149,a2a95f46653a7ca454900038606822fa,pair_formed_naturally,exact,exact,1.0,1.0
48007f387dadd0e9f54d7b79b8c83ac2,7641341c65504294fa525da3d789db7a,pair_formed_naturally,exact,exact,1.0,1.0
481ec8f67947ac128499b69ae91493d4,c773c7fb303b39c32ae601ad698ecf0c,pair_formed_by_refactoring,signature_changed,signature_changed,0.8,0.78
482ed7e97137ced42bf1f587b33f50de,8c08c48ce172e9b77162bd6869287a56,both_added,added,added,,
484ef296829841d8763193ebb1209353,521b8d27304f63d9643568fb7c69a942,pair_formed_by_refactoring,exact,signature_changed,1.0,1.0
484ef296829841d8763193ebb1209353,98a0b37fa16611954b94d6144887bb4e,pair_formed_naturally,exact,exact,1.0,1.0
484ef296829841d8763193ebb1209353,9d7e4c4413add2003e756499026977f5,pair_formed_naturally,exact,exact,1.0,1.0
487d799bffdac69befd43650802bddf3,cf4252de2e603b6fadc464a46c017342,pair_formed_naturally,exact,exact,1.0,1.0
488ed69d069eea00274dcfec3d2a4641,9d7e4c4413add2003e756499026977f5,pair_formed_naturally,exact,exact,1.0,1.0
48e4f1b3b2bc74260628c456bf72d7a2,af4a61f7b15dd1fc7659b198ab5ecdce,pair_formed_by_refactoring,moved,moved,0.94,0.93
48f3c3c81323b40c30846a490b137a41,f0d2e47c0ccb8172950b9a5d09a514b0,both_added,added,added,,
4991c7b0e8e54f118f20910087977ede,587a0c245fc597ecce58ffc1224eb95c,both_added,added,added,,
4991c7b0e8e54f118f20910087977ede,bd91c1aba412654c0464f00886f83e80,both_added,added,added,,
49a21fcec8ddd23605808d25084e4d21,49a21fcec8ddd23605808d25084e4d21,pair_formed_naturally,exact,exact,1.0,1.0
49a21fcec8ddd23605808d25084e4d21,e65eae4ca99addc19ff61956e985c166,pair_formed_naturally,exact,exact,1.0,1.0
49af24002181a4b805b4174b4a7bf9a0,c834dc89715bdfebb21c42ca8ec7301a,pair_formed_naturally,exact,exact,1.0,1.0
49d03c388b8109fb7024ebfdadb65478,63d18c052d1ebdb8cec021ff7cf11ead,pair_formed_by_refactoring,signature_changed,signature_changed,0.87,0.75
49d03c388b8109fb7024ebfdadb65478,a3f32618fae54884ee5020fafa3584bb,pair_formed_by_refactoring,signature_changed,signature_changed,0.87,0.84
49d03c388b8109fb7024ebfdadb65478,a78ed56ea9d9a9dd1ce42c10c90baa1d,pair_formed_by_refactoring,signature_changed,signature_changed,0.87,0.83
49d03c388b8109fb7024ebfdadb65478,bd63eed6457be0138724af3fecbff1e2,pair_formed_by_refactoring,signature_changed,signature_changed,0.87,0.77
49d03c388b8109fb7024ebfdadb65478,d53d08d8630e9e059f692ccd90fce52f,pair_formed_by_refactoring,signature_changed,signature_changed,0.87,0.8
49dfd4e329286e978f7bf3cf19ea6801,71118dd0890065385c67992df21b5f56,both_added,added,added,,
49dfd4e329286e978f7bf3cf19ea6801,df67b7a6bf40db0b20a3a7959bd0b216,both_added,added,added,,
49ec955392cc9e6acddfe5b6e3672d88,955546eb59bf7f29f0bbae7fa4cfb806,pair_formed_by_refactoring,unknown,signature_changed,,0.75
49ec955392cc9e6acddfe5b6e3672d88,b1664f87d4cb624e791169f7ed4cc9cc,pair_formed_naturally,unknown,unknown,,
49ec955392cc9e6acddfe5b6e3672d88,f9a1563ac5f1d0bc31240528f6218ae0,pair_formed_naturally,unknown,unknown,,
49f25883ba3768929fe4ee30e42df5f7,6c5d9d2156ecad3d95476d9b2fe05c36,pair_formed_by_refactoring,signature_changed,exact,0.97,1.0
49f25883ba3768929fe4ee30e42df5f7,be43ac411b4cebda6955628ee5c6ec65,pair_formed_by_refactoring,signature_changed,signature_changed,0.97,0.93
4a28d6babea6792710211a0b47fa1200,8cb69426e985b2579a21b868fe08e953,both_added,added,added,,
4a66cb4750f6d864f52dacc141bb4cc5,4ed1829beba4adffa9ec1354a58cefe8,pair_formed_naturally,exact,exact,1.0,1.0
4b194fe68a39dfe0f8912d8d2292be06,f3b333f51f734547681958f436698a30,pair_formed_naturally,exact,exact,1.0,1.0
4b45d94c3e5fb02d87541fd477e6bbec,8f0d3cc46986b915f62fa7cc2b8ceda3,pair_formed_naturally,exact,exact,1.0,1.0
4b66cac1e4bc366a457f84eb482093cb,5546ba1cb25dae3d107dcd6924463c4c,both_added,added,added,,
4b731f88be87fb8d8b0b6bcdf241eac7,5c824ed15780f9f2d29d6138750c7310,pair_formed_by_refactoring,signature_changed,signature_changed,1.0,1.0
4b7fd0b1db6ac807ccead532a265c0d9,65d65827d8f6d7c36c875f3dc92787e9,method_a_added,added,token_hash,,1.0
4b7fd0b1db6ac807ccead532a265c0d9,767a0c1dafd844f32cdb8b0d71beda6c,both_added,added,added,,
4b7fd0b1db6ac807ccead532a265c0d9,a22ffef7598e4ac2f3de2d1b84495c52,method_a_added,added,token_hash,,1.0
4ba7b294c707f6d39402232d21402949,9e51868a20936fccb5004de2b0dede61,method_b_added,token_hash,added,1.0,
4c621572a88dbf70fd70649d360587db,915a86f4c7911d652bc6edce020dfe0a,pair_formed_naturally,exact,exact,1.0,1.0
4c831cca6bb1209bb8b55651a454b4b3,b2a800c8a889ccd09164b9684a055ee8,both_added,added,added,,
4c831cca6bb1209bb8b55651a454b4b3,e2b3f10eedf4a59bf5641146f40644a0,both_added,added,added,,
4cbb37f475443a09f1f284cb2426ad51,eac60b9e891bd7ca40fdb10e1440416c,both_added,added,added,,
4cc8465b50f4925a245a04e446d7fcb4,7702dac54eff4c83d4b929200c0fdd5c,method_b_added,exact,added,1.0,
4cc8465b50f4925a245a04e446d7fcb4,b567d1b0a7c25e2bec970a1c6c8b2b29,method_b_added,exact,added,1.0,
4cdc07b0802ce836444f6b60d67bafb8,72913670595ab6a4a1d5f109cfbb7df9,pair_formed_by_refactoring,moved,moved,1.0,0.98
4cdc07b0802ce836444f6b60d67bafb8,74155cd4e1cb0303abe04dd5716db879,pair_formed_by_refactoring,moved,moved,1.0,1.0
4cdc07b0802ce836444f6b60d67bafb8,8e6103d0878c260dca42c063dbde66ef,pair_formed_by_refactoring,moved,moved,1.0,1.0
4cdc07b0802ce836444f6b60d67bafb8,a31b9bee0a3502bd1243fcaaf29d809f,pair_formed_by_refactoring,moved,moved,1.0,1.0
4d01e83b19927a3b93aa3373e5e1ec0c,8a20b101f79bc44c4a0356f5676fc553,both_added,added,added,,
4d193f830ba4ee0824ccb7d1da20ce04,ce170665674034c026203c149ffd3fb1,pair_formed_naturally,exact,exact,1.0,1.0
4d1f66319508d444496e62a09f34e6b9,5a762e42e53f9bd9487b8687ab735be0,method_b_added,exact,added,1.0,
4d931f7038f298016057ec9df41257d7,9b93af3ed44fb0e0f679b5dad2e020ab,pair_formed_by_refactoring,moved,token_hash,0.99,1.0
4da223ebe093f37622474494bf0abde5,8f77f9995df9e01809e8d5f019f769d2,pair_formed_by_refactoring,exact,signature_changed,1.0,0.93
4da9941796cc464b11628f74fca6b16f,d29b773eb621adfd213ad2b298ee85c1,method_a_added,added,signature_changed,,1.0
4e06dd09bf8a39b9979bfb412a2fa2ea,85e8c58d208dc60f916d5518140c6fe6,method_a_added,added,exact,,1.0
4e25484db1056be6487eddfb4125b6e8,dbdd680f9dd75f82d292b159fe340e28,pair_formed_naturally,unknown,exact,,1.0
4e37f1a366b9c1ae703cbaaf6daa7e54,ff5985fb7ac2eb0bee9e5f2c9234450d,pair_formed_naturally,exact,exact,1.0,1.0
4e5f91bc87fc726b322108e93395d1e8,c63f77ced5baf799bff866f83bcddb63,both_added,added,added,,
4e5f91bc87fc726b322108e93395d1e8,f6df897b1e328ec766986cba9c7a907d,both_added,added,added,,
4ed1829beba4adffa9ec1354a58cefe8,78f32cac08922e3ff7673922a997abdc,pair_formed_naturally,exact,exact,1.0,1.0
4ee7b115e8191bc0d52ca25da8114440,c0ceed9ec86c100fede975af046a596e,both_added,added,added,,
4f2376afe0f3c77aafed3e28592b5b00,515bd391b3a7e4d4441ce850ebc70ae8,pair_formed_naturally,exact,exact,1.0,1.0
4f2376afe0f3c77aafed3e28592b5b00,7641341c65504294fa525da3d789db7a,pair_formed_naturally,exact,exact,1.0,1.0
4fd0d03f78a0527b72c1a04070ccb8ad,69358b064f79ebcc316905fdc3e53c71,pair_formed_naturally,unknown,exact,,1.0
4fe23e50075f2f330b3ea6ae79278d6d,76319823b35f323f4cfee5a6b82d0eb3,both_added,added,added,,
501cd4c0ce17d61378910c2d452b5739,689b34863b6ec2bcecd7553f4a6fa180,pair_formed_naturally,exact,exact,1.0,1.0
50834a8c4e80f3dbc8764c779aa46818,772a8ace20345051f58249607076ae0f,pair_formed_by_refactoring,token_hash,moved,1.0,1.0
509c5b2e229ae134c6ca62be06f3065d,9c081734359d66aaf7cc160c7b81a225,pair_formed_naturally,unknown,exact,,1.0
509c5b2e229ae134c6ca62be06f3065d,dfad2ee729c5b4c6a23aeab803c1ff23,pair_formed_naturally,unknown,unknown,,
509c5b2e229ae134c6ca62be06f3065d,e9f004287378fabb9936f0203478fe99,pair_formed_naturally,unknown,unknown,,
50bc504cfbed82fd87d6dbea244c6204,ac0107eebdba999c2f3959872922f000,pair_formed_naturally,exact,exact,1.0,1.0
50db3b50dce727b460b6fed2e254a16d,d0fea27324dfd8502f9da21fd56c29a4,both_added,added,added,,
50db3b50dce727b460b6fed2e254a16d,e2b5c415030a8d95b2a373229e088e9a,both_added,added,added,,
510ed67e561cd20d95ffc3049518f3c7,dbdd680f9dd75f82d292b159fe340e28,pair_formed_naturally,unknown,exact,,1.0
513148d139360f46ed7df702ff36385f,7f11782afcbf3544e3f6e43cc4574e7c,pair_formed_naturally,exact,exact,1.0,1.0
51648aa43ccc3fceaa1b3558b80c1113,971fd3880820c6d708b0862c1db772d0,pair_formed_by_refactoring,signature_changed,signature_changed,0.96,0.92
51648aa43ccc3fceaa1b3558b80c1113,c6433c0cca50dcdb2cd2076a0c079d6d,pair_formed_by_refactoring,signature_changed,exact,0.96,1.0
518f38405cc12f748805d39519d2ae42,cc4f1f08de1c0cb777edcfde20b00b05,both_added,added,added,,
51eeb568c6583672c0d918e3ae7f97b0,dbacbe6561341cc58437caca9ea57ce9,both_added,added,added,,
521b8d27304f63d9643568fb7c69a942,84293b7f3fa6f4abab27fc3ddd5b7f77,pair_formed_by_refactoring,signature_changed,exact,1.0,1.0
521b8d27304f63d9643568fb7c69a942,8ae3b19b1349d00a578bb76884e500b0,pair_formed_by_refactoring,signature_changed,exact,1.0,1.0
5240f0ecc4c380e071fe87fb62f5b232,e421e02250b3cc8d2da08ade65dd7626,both_added,added,added,,
528a14954ba7c8f9e2ad301607686adb,6e9a9f457f2094bc320116e5223b1ad1,pair_formed_naturally,unknown,exact,,1.0
528a14954ba7c8f9e2ad301607686adb,a8e6c46345d99168cf332bab2344fa17,pair_formed_naturally,unknown,exact,,1.0
528a14954ba7c8f9e2ad301607686adb,dbe625dc6600996edc92815c125146ff,pair_formed_naturally,unknown,exact,,1.0
52a1861435f855b06378202dbd16d1d2,abbc372793353c1f55e7fddaaf5227d4,pair_formed_naturally,unknown,unknown,,
52b94e6656daf70f492cc9f3cf461d16,6135adea8b21b40400c481c094aed064,both_added,added,added,,
52b94e6656daf70f492cc9f3cf461d16,72f37e4b861f33ac9f0ddde0a34f3d61,both_added,added,added,,
52b94e6656daf70f492cc9f3cf461d16,ffefff997c8e2715efe81dd820d14e1b,both_added,added,added,,
52fd9d20841c06104d812f62ad113aa2,e17347faf20912f3867046ea328d8742,pair_formed_naturally,exact,exact,1.0,1.0
537a539e8438a467a4a71189e05422fa,6a49f188aef526308296ff684fcf6d4b,pair_formed_naturally,unknown,unknown,,
537a539e8438a467a4a71189e05422fa,752d33195fbea75f6e6a046ae16e8aa4,pair_formed_naturally,unknown,token_hash,,1.0
537a539e8438a467a4a71189e05422fa,84cbfccf0a127ad90994c0958424a927,pair_formed_naturally,unknown,unknown,,
537a539e8438a467a4a71189e05422fa,b3a61c9fcb89817e7995222df77b36d4,pair_formed_naturally,unknown,unknown,,
537a539e8438a467a4a71189e05422fa,c5fd87924807718375770fe900193cc6,pair_formed_naturally,unknown,unknown,,
53d4e76441718a4cab17806aecea5395,b8da1b308e5d1a4be0e58580e7200df1,pair_formed_naturally,exact,exact,1.0,1.0
544b4efe1bb8b5af09b0f1094b6b0624,94c5dfe9e3aefbf47e59a4596457ee0f,pair_formed_naturally,exact,exact,1.0,1.0
5450b934af20aef6ed7ffc48c0029671,c5ed8ca8c4e3e1784aeed5cdcdb120bb,both_added,added,added,,
546cfa71d85396e867ee5397e39dd44f,59f6d67d363fd1d273e25d64cd822f7d,both_added,added,added,,
546cfa71d85396e867ee5397e39dd44f,ae62992e45a6510fb86a1f8c1a468bff,method_a_added,added,renamed,,0.98
54aae8cfb79882e293ffa78e2da44a91,5b7e5439370e3235a6c7433e244aa7ac,method_a_added,added,unknown,,
54aae8cfb79882e293ffa78e2da44a91,77a139f31befd30dbfcbe9ab1db696d3,method_a_added,added,exact,,1.0
54abdee80e6d265cf4cca7f53a0e4a20,b27019256bc344c6ba5a46ab08657dee,pair_formed_by_refactoring,exact,signature_changed,1.0,0.95
54bab101fcd6b84a55980950576698d9,812c41880c474b9d37adef15b14d7cfd,method_b_added,exact,added,1.0,
54ed0f8a4062984513c809f0617540b0,8436e9c20850802454cf6026f46a0af3,method_a_added,added,unknown,,
54ed0f8a4062984513c809f0617540b0,9f5e112c53dd9316ef66c8bd3d47f9d1,both_added,added,added,,
550f1de7f7450d20b918c5ddde20efb4,8dac44cdb094799129d172abc96ad2d2,pair_formed_naturally,exact,exact,1.0,1.0
557e67957c7e1cb1871f02425a6e9a3f,f3512aa5fc94ec311c3527f39d82d2ab,pair_formed_naturally,exact,exact,1.0,1.0
559649ee0bd2a40003590c1b69fbc12d,8f77f9995df9e01809e8d5f019f769d2,pair_formed_by_refactoring,exact,signature_changed,1.0,0.93
559aca1cf0e125bdb0f52ab141c33d1e,55a2003ef2da686b4d22553414bcb5c9,both_added,added,added,,
559aca1cf0e125bdb0f52ab141c33d1e,a3f501e329ba60ad2680cadf80caeb5a,both_added,added,added,,
559aca1cf0e125bdb0f52ab141c33d1e,a9c96c9ebc8b72dfaabab0798c810831,both_added,added,added,,
559aca1cf0e125bdb0f52ab141c33d1e,bc6056c044a8ba29d1c0fb1944eda7c8,both_added,added,added,,
559aca1cf0e125bdb0f52ab141c33d1e,f8059b758d02a644deba5a12108cc782,both_added,added,added,,
55a2003ef2da686b4d22553414bcb5c9,a3f501e329ba60ad2680cadf80caeb5a,both_added,added,added,,
55a2003ef2da686b4d22553414bcb5c9,a9c96c9ebc8b72dfaabab0798c810831,both_added,added,added,,
56011d5df45ab5b2d213c50e7ab06f59,e81f8e98a7836dd2eee449f787950034,method_b_added,token_hash,added,1.0,
5650c104b98ee4d948ee251b59d558c1,8cc88c0fdc53171908480d76ffe87ce8,both_added,added,added,,
56684f999ffbdaf0060610a22aa0c2f8,9481409ad71bc87b3d269e7d5f9c3eed,method_b_added,exact,added,1.0,
566fd0997da36278308f837805eaf495,b6da69caa59bf4eacf1098f3e1e99d4f,pair_formed_naturally,unknown,unknown,,
5680cc7ca612b0f0434fca324e2e12fa,8439606b4b64a341b31231546e3b4148,pair_formed_naturally,exact,unknown,1.0,
56898a7619ae5913abccd72fcccbccbe,b3d2c18429ec1acf52402cbc4beb2f8e,both_added,added,added,,
569bfc8f81dfb466f9285974da2b1b67,7238cd99eb46f858bfa4398c594c91c3,pair_formed_naturally,exact,exact,1.0,1.0
569bfc8f81dfb466f9285974da2b1b67,dc0a76adae8200cbcf3681164fc8ddea,pair_formed_naturally,exact,exact,1.0,1.0
56a3f01f54605dd6759f90d69db32488,cfd2b31f26ccaa41994025c4fd966bb7,pair_formed_naturally,exact,exact,1.0,1.0
56a5d5204c4a3817c914f15c91864c26,99939dc902d169ab5336bc927cfaf8bd,method_a_added,added,exact,,1.0
56cf8b906fc3a0bb5d028e430767c0dd,b6d11d1a43361bd45719f362c9b7bf44,pair_formed_by_refactoring,moved,moved,1.0,0.99
56cf8b906fc3a0bb5d028e430767c0dd,df2f90d0dd98b2dcc76429a18755daa7,pair_formed_by_refactoring,moved,moved,1.0,1.0
56f62fc040b07ecd98ac71d7acf82e99,7f1b3dc9e4918c1f86b1c2f7224837ce,pair_formed_by_refactoring,signature_changed,signature_changed,1.0,0.8
571f5320c5677eb3dd565082a15169c6,92136bb6fa68c916427ee21cb7673825,pair_formed_naturally,exact,exact,1.0,1.0
57499cc5d178da70874918288d17dae0,5811184862ddc98195aaead5262be932,pair_formed_naturally,unknown,exact,,1.0
57499cc5d178da70874918288d17dae0,b60c6f4cc3cdc8912483b84e9d529c9a,pair_formed_naturally,unknown,unknown,,
57499cc5d178da70874918288d17dae0,e1c20703464c04eb73658dd33b678a81,pair_formed_naturally,unknown,exact,,1.0
578c893b521bb72c4dfd6d68c16a5557,a647c1bd28fba811f7c5863ade23c1ec,pair_formed_naturally,exact,exact,1.0,1.0
57a1f43601fb2c4a72f1e49823ce99b8,8c8a0e4578b2a80f042247f245b461e3,pair_formed_naturally,exact,exact,1.0,1.0
57ba590f51e9f1a3058c6f5c1de69935,741c70cc7e395547d0bf67d42b98e669,both_added,added,added,,
57ba590f51e9f1a3058c6f5c1de69935,bab7304d9551b098d2d322e4e5ba1547,both_added,added,added,,
57fee155fdd7d3b2835e1fed8ef6721d,6de135855dae8b607339eafb3614ab96,pair_formed_by_refactoring,exact,signature_changed,1.0,0.83
57fee155fdd7d3b2835e1fed8ef6721d,8e4a022d6ed8b5c750ccc7777b03ab2f,method_b_added,exact,added,1.0,
57fee155fdd7d3b2835e1fed8ef6721d,d1c88cff0abf0e85a936869ac2d8ddcd,pair_formed_naturally,exact,exact,1.0,1.0
5811184862ddc98195aaead5262be932,b60c6f4cc3cdc8912483b84e9d529c9a,pair_formed_naturally,exact,unknown,1.0,
58434f9aec4c9c73caa7cfe1d2d25558,9817f8d4356c2065fc3df66b0823c435,pair_formed_naturally,exact,exact,1.0,1.0
58434f9aec4c9c73caa7cfe1d2d25558,eae6c3f131dfd928b82c8da81a495e04,pair_formed_naturally,exact,exact,1.0,1.0
587a0c245fc597ecce58ffc1224eb95c,bd91c1aba412654c0464f00886f83e80,both_added,added,added,,
587a0c245fc597ecce58ffc1224eb95c,dda82ca6b0ccd34794cfe55f44103686,both_added,added,added,,
591c8331643b2523405827689c1a31c7,70cbfe7c2dc27c2049ba1f94dc30a9e5,pair_formed_by_refactoring,moved,moved,0.95,0.99
591c8331643b2523405827689c1a31c7,85aec851df7db5ae9161126bad3d4ac3,pair_formed_by_refactoring,moved,exact,0.95,1.0
591c8331643b2523405827689c1a31c7,f9241f7174823aa9c1e7f91982e46fbf,pair_formed_by_refactoring,moved,exact,0.95,1.0
594c1fb04ff3aba3e60fee2be2afb9af,9600f1211e8753063de541b3ecd1fd07,both_added,added,added,,
59509d6161a7eb0ea4a7d6aead3d1349,8c2967e65baf86e43b50c342e2fc2acb,pair_formed_by_refactoring,exact,signature_changed,1.0,0.89
59509d6161a7eb0ea4a7d6aead3d1349,8e4a022d6ed8b5c750ccc7777b03ab2f,method_b_added,exact,added,1.0,
595583547734565e5e0aaeb5c0653f57,a5b6fa9c83dd1f8cd12b853b871f2225,pair_formed_naturally,exact,unknown,1.0,
59620f7b103604d2e32759f75667555c,602d431d48a0bd83a5d709fdaa6b95f6,pair_formed_naturally,exact,exact,1.0,1.0
5967a6e267f3c34ef5e5181e57e247fe,7fc624b6d36a98b82fe316163fceb41f,pair_formed_by_refactoring,exact,signature_changed,1.0,1.0
5978d61e1d743511ce3731a230ba77b0,e423abd794c500795915f216382a60dc,pair_formed_naturally,exact,unknown,1.0,
5983a15dd3847bc3dfc5112cc4e496aa,c83ef8c66c4f104136f5e538bc91163d,both_added,added,added,,
59c06b389f9776d2bf797d59d761e819,edca5bff50fbfe4d711462d647f1884a,pair_formed_by_refactoring,moved,unknown,0.98,
59ef52b63466e6b077ffcb1fc682d080,9731a732fbf81af798612a04d54173aa,method_b_added,refactored,added,0.7,
59f6d67d363fd1d273e25d64cd822f7d,ae62992e45a6510fb86a1f8c1a468bff,method_a_added,added,renamed,,0.98
5a30b56b3a523049ece1d40725e64f81,d155c609a023801a7ffed3b92f7b3052,pair_formed_naturally,unknown,unknown,,
5a515ad0394a7524e0d84be0d7874670,61b3198d47ded6c528d7c8887ee917f3,pair_formed_by_refactoring,moved,moved,0.97,0.95
5a515ad0394a7524e0d84be0d7874670,7027997500f655ab9d6de3090a3033e7,pair_formed_by_refactoring,moved,moved,0.97,0.97
5a515ad0394a7524e0d84be0d7874670,bf27ca3daa1f3b21ca7eb26d57800fc8,pair_formed_by_refactoring,moved,moved,0.97,0.97
5a63b86415d0d3a12bc2216fe8d52af1,bc537b0223a0cf29ea016551885c4972,pair_formed_by_refactoring,renamed,exact,0.94,1.0
5ad5e0cdaef602255aab6ca56617c28d,75a6b96e76b903df9356a33920e0529a,both_added,added,added,,
5adc2261cc09a50e9554cabb5d14c6a6,6c68c076e7c1aa2aca428868efca80a2,pair_formed_naturally,exact,exact,1.0,1.0
5aef7e69b960487425fa7ca54789d7ac,685813844e8fc1a270607062afe0c8d8,pair_formed_naturally,exact,exact,1.0,1.0
5b21d8f329d7360c5360b525721631b5,e0c916a60291c12be8c2646c10d5f231,pair_formed_naturally,exact,exact,1.0,1.0
5b7b5d6bbc72111283af9dfd72684fb7,7673e6d669ad7f617ffd8d68d4b3663e,both_added,added,added,,
5b7b5d6bbc72111283af9dfd72684fb7,9edf5a7c0ec93771351893b857b91486,both_added,added,added,,
5b7b5d6bbc72111283af9dfd72684fb7,a3f32618fae54884ee5020fafa3584bb,method_a_added,added,signature_changed,,0.84
5b7b5d6bbc72111283af9dfd72684fb7,a78ed56ea9d9a9dd1ce42c10c90baa1d,method_a_added,added,signature_changed,,0.83
5b7b5d6bbc72111283af9dfd72684fb7,d53d08d8630e9e059f692ccd90fce52f,method_a_added,added,signature_changed,,0.8
5b7e5439370e3235a6c7433e244aa7ac,b15c6d8a3c7e9ee36b1761c0b4d25109,pair_formed_naturally,unknown,unknown,,
5ba89f481c371f089b047adc85c4e476,d1143aa9bbb683bbd8c500e709c8f3f9,pair_formed_by_refactoring,signature_changed,exact,0.88,1.0
5bd2054024571726b6a86df212ac86fd,67a959a505f88b76a54a26611964c4dc,pair_formed_naturally,exact,exact,1.0,1.0
5be46cf3dc47d571330e27a4f6c0b275,69226d6303e71dfcb94fc542ebcd62f4,pair_formed_naturally,exact,exact,1.0,1.0
5c32365c7caa563531ed626db2559c67,7793f11a27bea218789e4eb8a9412607,pair_formed_naturally,exact,exact,1.0,1.0
5c32365c7caa563531ed626db2559c67,ea4a8087cdec2c99eec798c523608429,pair_formed_naturally,exact,exact,1.0,1.0
5c89a7bee6b49293f0a8f99ea4fe1082,ea11bd3d707acd3809d004c3866bfecf,both_added,added,added,,
5ca353abb39b8ba6a0bf2ff6f27b40e9,64465901721eeb3c20e62518faf7337a,pair_formed_naturally,exact,exact,1.0,1.0
5ca353abb39b8ba6a0bf2ff6f27b40e9,69012eaefd061bfb0b9f2c0a45d19380,pair_formed_naturally,exact,exact,1.0,1.0
5d078d9dd386b0ac0f986be860fd7ee4,fbd0f939021758e5529136b513bbc2af,pair_formed_naturally,exact,exact,1.0,1.0
5d4a2de9d6df1c2282bad10c5c299fed,b114d70e45b980cd1b706f4f323c7598,both_added,added,added,,
5d8f5c2b5a74fb6a3e123fb3ea8373b9,80379b549d76809122efcf9792fd2a91,pair_formed_by_refactoring,refactored,moved,0.82,0.9
5e052bfdfb859502704130cb029f828e,9e15ce7a865f965468765414062f3f60,both_added,added,added,,
5e0d30e770c80655055edb87e649a3b2,835acfb53258151d18f37bd03f0f6962,pair_formed_naturally,exact,exact,1.0,1.0
5e2128e9bff05467d69b7c1d167c4b78,a1f0079517a9dc7f8324667a63857b87,method_b_added,renamed,added,0.98,
5e2182f57a06639b7a624b2729a9600a,f5757405e98e756b6393838655ab89ec,pair_formed_by_copy,token_hash,refactored,1.0,0.84
5e75bff5cc97d71ffaf47830350aa1f0,c4edcc748298d93bcab42e982d7dd866,pair_formed_by_refactoring,token_hash,moved,1.0,0.98
5e9dfb5177902ceee184071dddb370c9,7dd3be8d199a6d82e8ee42650bbef731,pair_formed_naturally,exact,exact,1.0,1.0
5e9dfb5177902ceee184071dddb370c9,a9f4d534de8452a143ed62e78e991268,pair_formed_naturally,exact,exact,1.0,1.0
5e9dfb5177902ceee184071dddb370c9,e6c2b59fa7c23242316b868df61827ae,pair_formed_naturally,exact,exact,1.0,1.0
5f6670e52f9247e199230f33bb94ec77,f7ed22b9ea0d1b3a3ee161de4363376c,method_b_added,exact,added,1.0,
5f8880971112cc328a502c7fa6a915ec,6e31fba8c875b8295e3a04692297d732,pair_formed_naturally,exact,exact,1.0,1.0
5fa9836a05cb485486b69b60ccd63790,69f0845baafc62d5dd26877361fa1892,pair_formed_naturally,exact,exact,1.0,1.0
5fa9836a05cb485486b69b60ccd63790,bc46bfe2185b3e3564cda6075afcbfb0,pair_formed_naturally,exact,exact,1.0,1.0
5fd502ecd9768567849fe25466ef88fb,6dc193bbba2b7c9d3306fb06a050eeb7,pair_formed_naturally,exact,exact,1.0,1.0
605aad736490692cd3a50fcf3b414b72,be5b85249b550db3a42d05390cbf8c2c,both_added,added,added,,
60796da913c0335c1652c164d1f1971d,a3cb7bb2735d57c489346ac69ea5a15b,pair_formed_naturally,exact,unknown,1.0,
6135adea8b21b40400c481c094aed064,72f37e4b861f33ac9f0ddde0a34f3d61,both_added,added,added,,
6135adea8b21b40400c481c094aed064,ffefff997c8e2715efe81dd820d14e1b,both_added,added,added,,
6143bef36150ab977a321d0d9f1f4cef,e623a4c568a4343dc2b7b29bf16299b8,method_b_added,exact,added,1.0,
6145d1102de431c0b82ec6c5f405b25a,e65eae4ca99addc19ff61956e985c166,method_a_added,added,exact,,1.0
61684ee83e21c3c7941c31e60dc13f5a,6422b0b9872c7667fbb91d256d252706,method_b_added,exact,added,1.0,
61b3198d47ded6c528d7c8887ee917f3,7027997500f655ab9d6de3090a3033e7,pair_formed_by_refactoring,moved,moved,0.95,0.97
61b3198d47ded6c528d7c8887ee917f3,bf27ca3daa1f3b21ca7eb26d57800fc8,pair_formed_by_refactoring,moved,moved,0.95,0.97
622dde25547a40efa1f9cbeb7e486a1a,935529c2e8038b57a37395072be1a30e,pair_formed_naturally,exact,exact,1.0,1.0
623507a36130dc60c05ed578dc618bac,ebb3faa0f5cc1c23fc5ee6aa32cb9fc3,both_added,added,added,,
6273c91073ef1cc6fe69c0b79a89ef04,8db65a47e9884f9265bad334b589bf4f,pair_formed_naturally,exact,exact,1.0,1.0
628df9c3610d6ceb52a6d6feaa6a6356,767a0c1dafd844f32cdb8b0d71beda6c,both_added,added,added,,
628df9c3610d6ceb52a6d6feaa6a6356,fdd5556f6c862ad8edc600d28eabe437,method_a_added,added,token_hash,,1.0
62af246689b279b755a8625cf6a4f732,6414a3c14ec535b67e4c5ed72af51a91,method_a_added,added,exact,,1.0
62af246689b279b755a8625cf6a4f732,8f1f80107eced43a73db9a0ef09c143a,method_a_added,added,exact,,1.0
62af246689b279b755a8625cf6a4f732,a08bf01af53c763464a25a8168f8a3ed,method_a_added,added,exact,,1.0
62af246689b279b755a8625cf6a4f732,aba0c04c601402a89cb324257f5845ad,method_a_added,added,exact,,1.0
62af246689b279b755a8625cf6a4f732,bce7f657968345f43939a7f6e5365620,method_a_added,added,exact,,1.0
62af246689b279b755a8625cf6a4f732,cd86b06c1a6e1aac763e415c9fb5862e,method_a_added,added,signature_changed,,1.0
62b614fe460b9e7e11bc4515cef10014,9b9e5689228eee20e5578b670ef899a3,pair_formed_by_refactoring,exact,signature_changed,1.0,1.0
62b614fe460b9e7e11bc4515cef10014,c5614c4dc526dd9877de5e310f10a818,pair_formed_by_refactoring,exact,signature_changed,1.0,1.0
62b614fe460b9e7e11bc4515cef10014,da79b75692d793fd027c1bdb9e88afaf,pair_formed_by_refactoring,exact,signature_changed,1.0,1.0
62b614fe460b9e7e11bc4515cef10014,ed9827fde5b39d32c4674e0c01bbc2f9,pair_formed_by_refactoring,exact,signature_changed,1.0,1.0
62b614fe460b9e7e11bc4515cef10014,febfde70a9bdfd412e2e8d269e562234,pair_formed_by_refactoring,exact,signature_changed,1.0,1.0
62f4b38d25efea99e6b85b3c4e56c524,9a9a8c5daa3f76ebe19b80276488943c,both_added,added,added,,
6316dc7dad008ec6f131edc0db1b5fc8,a3f32618fae54884ee5020fafa3584bb,pair_formed_by_refactoring,signature_changed,signature_changed,0.96,0.84
6316dc7dad008ec6f131edc0db1b5fc8,e944e246d53cb0c35b879ca5c81e6711,pair_formed_by_refactoring,signature_changed,signature_changed,0.96,0.85
633ce1fded21fcf1ee58a694bfd025d1,941f02e105f9fcc36476980d758a4d53,pair_formed_naturally,exact,exact,1.0,1.0
6387b703375fcd194c52dee62869de50,e433a1dc4cef5978f709262798f15c05,both_added,added,added,,
639a698b93cd91fa519294198e892c5f,9144db23ff0dc5af2a676de22d0f9f17,pair_formed_naturally,exact,exact,1.0,1.0
639fe1456c925a71aac96f26de0e1662,ca03f8589b947435558b335752b8afdf,method_b_added,exact,added,1.0,
63d18c052d1ebdb8cec021ff7cf11ead,a3f32618fae54884ee5020fafa3584bb,pair_formed_by_refactoring,signature_changed,signature_changed,0.75,0.84
63d18c052d1ebdb8cec021ff7cf11ead,a78ed56ea9d9a9dd1ce42c10c90baa1d,pair_formed_by_refactoring,signature_changed,signature_changed,0.75,0.83
63d18c052d1ebdb8cec021ff7cf11ead,bd63eed6457be0138724af3fecbff1e2,pair_formed_by_refactoring,signature_changed,signature_changed,0.75,0.77
63d18c052d1ebdb8cec021ff7cf11ead,d53d08d8630e9e059f692ccd90fce52f,pair_formed_by_refactoring,signature_changed,signature_changed,0.75,0.8
63d6a5176e5edf97229e063429125354,d70f81f3b32a9b84401addd26a8d14ff,pair_formed_naturally,exact,exact,1.0,1.0
63d8ce1c1d10bb224103ac2747b02804,fd728a8be817588f9c95e3d1e2f8b0c2,pair_formed_naturally,exact,exact,1.0,1.0
63e6ddf50f3903c9842f5465721dd263,9cdc656bfef51da13906fa4e21b0eb4f,both_added,added,added,,
6414a3c14ec535b67e4c5ed72af51a91,8f1f80107eced43a73db9a0ef09c143a,pair_formed_naturally,exact,exact,1.0,1.0
6414a3c14ec535b67e4c5ed72af51a91,a08bf01af53c763464a25a8168f8a3ed,pair_formed_naturally,exact,exact,1.0,1.0
6414a3c14ec535b67e4c5ed72af51a91,ab6418af0c4dfdc9a79e5aaed0f5ee8b,pair_formed_naturally,exact,exact,1.0,1.0
6414a3c14ec535b67e4c5ed72af51a91,aba0c04c601402a89cb324257f5845ad,pair_formed_naturally,exact,exact,1.0,1.0
6414a3c14ec535b67e4c5ed72af51a91,bce7f657968345f43939a7f6e5365620,pair_formed_naturally,exact,exact,1.0,1.0
6414a3c14ec535b67e4c5ed72af51a91,cd86b06c1a6e1aac763e415c9fb5862e,pair_formed_by_refactoring,exact,signature_changed,1.0,1.0
641f8de32bb35d0c45adda24f48cdfee,c0797c7fdf7e35ec97dcd40cfe5f7870,method_a_added,added,refactored,,0.7
641f8de32bb35d0c45adda24f48cdfee,ea5449fd7d893aefea51e958a43ab6c4,both_added,added,added,,
64556433654d4d09b03d70c1e55b661c,956f5d614a94c43ee9e38d059d45599f,pair_formed_by_refactoring,moved,moved,0.95,1.0
64556433654d4d09b03d70c1e55b661c,f1dc931dc973971b11d0cac062b1f062,pair_formed_by_refactoring,moved,exact,0.95,1.0
649f18577a8211d6f3c7d1e340c091ea,8f8048ab1d4fba7aceb4451a9695e181,both_added,added,added,,
655055fc7d5041219aa802bd11918d12,7a2529a3a0b974e40feff542e4b636ba,pair_formed_naturally,unknown,exact,,1.0
655055fc7d5041219aa802bd11918d12,aeaa83ed3d6eb5aec49657d07d977e68,method_b_added,unknown,added,,
6572a9ef436679b0eebe7ec3c10b42d7,adb4b3e32d63f84caa49bf020aecea68,method_a_added,added,token_hash,,1.0
65a20a39b398761d6a0a0ca46ca8213e,89d7e8c061e119d5859701ca4b81ec53,both_added,added,added,,
65d65827d8f6d7c36c875f3dc92787e9,65d65827d8f6d7c36c875f3dc92787e9,pair_formed_naturally,token_hash,token_hash,1.0,1.0
65d65827d8f6d7c36c875f3dc92787e9,767a0c1dafd844f32cdb8b0d71beda6c,method_b_added,token_hash,added,1.0,
662f528e70ebf9738df73b7b050949ec,83b0adc6a382436330d563be6e15e2e0,pair_formed_by_refactoring,moved,exact,1.0,1.0
662f528e70ebf9738df73b7b050949ec,a51989fd243f7f3d265460cc9c9798ca,pair_formed_by_refactoring,moved,token_hash,1.0,1.0
663621e55ca7b79cb6edb3e503ea686b,8efdf5441351b39a38ff7db33f25b7cf,both_added,added,added,,
663621e55ca7b79cb6edb3e503ea686b,e643e381e18b7b0973519b7404538513,both_added,added,added,,
663621e55ca7b79cb6edb3e503ea686b,e94f9b02977bb2d0121f40b353d38488,both_added,added,added,,
663f05447113c29230b52ff5874e7ae4,bf047d41b81205971fef2df06feb6a58,both_added,added,added,,
663f05447113c29230b52ff5874e7ae4,fd609c530fbf9e4ddd1b7643a45d9d36,both_added,added,added,,
66685da2849a00e384a97f8cec07000f,6d7977197221627e3f178a47f9d8691c,pair_formed_by_refactoring,moved,exact,1.0,1.0
66972f9e2818309ba76529b4d13d4e70,da923135ffafc22851dc9b55310d1cdb,pair_formed_by_refactoring,moved,moved,0.96,0.92
66a93bdd9c65e46ef56a0edda8b78365,6ea69f971e2bf30e8f8e993a771f01fb,pair_formed_naturally,exact,exact,1.0,1.0
66d058863603b4f8c4d86cb60a347b1d,9dd1d8260a612b929e1c29114686a7a8,method_b_added,unknown,added,,
6729ccb3e53af2781a2e68fd424defc8,f05e2d26b694fbee79fdc7042edfe658,pair_formed_by_refactoring,signature_changed,signature_changed,1.0,1.0
6791c438a32720157c455a4fb0180904,73317cf07af020b7d77f737e57c5fca7,method_a_added,added,exact,,1.0
6791c438a32720157c455a4fb0180904,9742e83f93895193cbde364aacb5dfc7,method_a_added,added,exact,,1.0
67b3fc2c2bbf41190139765abc3ea8fc,71118dd0890065385c67992df21b5f56,both_added,added,added,,
67b3fc2c2bbf41190139765abc3ea8fc,adae328f48b42671717a804a0e7d5bde,both_added,added,added,,
682bccd9f14a110d49cfa41ef5bca714,6d6f5e38b23548c51fca9c6eb87de5c3,both_added,added,added,,
682bccd9f14a110d49cfa41ef5bca714,9c13ca7bd5a76e8a8ab32fb400d5a85b,both_added,added,added,,
682bccd9f14a110d49cfa41ef5bca714,b86f50d0f58430b4875e03302b2d3cf6,method_a_added,added,refactored,,0.84
682bccd9f14a110d49cfa41ef5bca714,ed33d5a2853e42ecb654f8ee85189972,both_added,added,added,,
685813844e8fc1a270607062afe0c8d8,8513c33caa72c7f684c2c6464da36a37,pair_formed_naturally,exact,exact,1.0,1.0
68b1d1317c06adbe0d7b34ed4c286fb9,ba19183c37a354838c8c8410daf030cb,method_b_added,refactored,added,0.75,
68bcaa69c07d892a2ee26c7a5b0f6051,76bbaebddd09e5fa5098c0b503a311d2,both_added,added,added,,
69012eaefd061bfb0b9f2c0a45d19380,69a7aec6f51c705e94c1369bcc98d7fe,pair_formed_naturally,exact,exact,1.0,1.0
69226d6303e71dfcb94fc542ebcd62f4,81a4d361dd968b29d549c255ecd09311,pair_formed_naturally,exact,exact,1.0,1.0
69226d6303e71dfcb94fc542ebcd62f4,877821b05c209ec7087a39202a6a1b19,pair_formed_naturally,exact,exact,1.0,1.0
69226d6303e71dfcb94fc542ebcd62f4,8db65a47e9884f9265bad334b589bf4f,pair_formed_naturally,exact,exact,1.0,1.0
69226d6303e71dfcb94fc542ebcd62f4,933345909e1a78f9c9be546004f26d50,pair_formed_naturally,exact,exact,1.0,1.0
69226d6303e71dfcb94fc542ebcd62f4,b0c2dc7f4994f33a97d4d7b9300870b6,pair_formed_naturally,exact,exact,1.0,1.0
69226d6303e71dfcb94fc542ebcd62f4,b4f9a6c5e404aeed8fb333429535ba25,pair_formed_naturally,exact,exact,1.0,1.0
69226d6303e71dfcb94fc542ebcd62f4,e5b6d58d672c6301da269dd76949b92d,pair_formed_naturally,exact,exact,1.0,1.0
69226d6303e71dfcb94fc542ebcd62f4,eb149860bb3ec17daf8d2b3772743801,pair_formed_naturally,exact,exact,1.0,1.0
69381a6a773dc3bb6d3fe25f0089553d,882ce905fc132c697449ca3fbc7eabcb,both_added,added,added,,
69381a6a773dc3bb6d3fe25f0089553d,af0c5c64ae94812694f3aeecd7e1c4e6,both_added,added,added,,
69381a6a773dc3bb6d3fe25f0089553d,f49d95fac0e4b76e587a9cd898310523,both_added,added,added,,
694fd360c92a4123aa209fa3c8ef8610,7314124d2a5d0348c14b7f2e547359ce,method_b_added,refactored,added,0.71,
694fd360c92a4123aa209fa3c8ef8610,77c88ff7159d92678ea38b3259ba4481,pair_formed_by_refactoring,refactored,unknown,0.71,
694fd360c92a4123aa209fa3c8ef8610,c6413f35895d43849e0c128222ff2482,method_b_added,refactored,added,0.71,
694fd360c92a4123aa209fa3c8ef8610,fb1e456cd5fe77e68e3b88e82d323a7f,method_b_added,refactored,added,0.71,
6950215237d615d15fd54f1ae12d791d,8ba9263dadcb7d5b2c74ff666a488632,pair_formed_naturally,exact,exact,1.0,1.0
6964157da2924845377459c4d9c79d99,6dfc39e497e81e4fe681e64655200c03,pair_formed_naturally,exact,exact,1.0,1.0
696e97a45eaad00fa67551337da96da1,ed656944a718de0961e3e7a37c6e6533,pair_formed_naturally,exact,exact,1.0,1.0
69a3e6220510dc65d8e8ca51e34aa5da,fb1089f3eb36f76d900a3d9c9b7ce292,method_b_added,refactored,added,0.88,
69cbe5614269b6ec744d3ca06ab19b00,a20237b2c5a7e735c6344758d5035199,both_added,added,added,,
69cbe5614269b6ec744d3ca06ab19b00,c9ec8ac61198def5dfb5229a0183a17e,both_added,added,added,,
6a2a4f91ef7079e6dfe22f53ffbda945,754485f00f914763b74ddb890d296ca3,pair_formed_naturally,exact,exact,1.0,1.0
6a2a4f91ef7079e6dfe22f53ffbda945,a5b645fda9dafeef62a1a79cfdf16f09,pair_formed_naturally,exact,exact,1.0,1.0
6a411ffec00613bae35cac90b7d74df3,cb6906f2bf91185a30506464be2ae676,both_added,added,added,,
6a49f188aef526308296ff684fcf6d4b,84cbfccf0a127ad90994c0958424a927,pair_formed_naturally,unknown,unknown,,
6a49f188aef526308296ff684fcf6d4b,b3a61c9fcb89817e7995222df77b36d4,pair_formed_naturally,unknown,unknown,,
6a49f188aef526308296ff684fcf6d4b,c5fd87924807718375770fe900193cc6,pair_formed_naturally,unknown,unknown,,
6b2c57e772dd2e50d073f1f0da698c9f,8b5270480b695cc2bb491e308a4329b0,pair_formed_by_refactoring,moved,moved,1.0,1.0
6b2c57e772dd2e50d073f1f0da698c9f,908ce4faf80cbf7f5c5b12c879b3e86f,pair_formed_by_refactoring,moved,moved,1.0,1.0
6b2c57e772dd2e50d073f1f0da698c9f,aa3f0a9e87993203f9cffe5ed23c9c74,pair_formed_by_refactoring,moved,moved,1.0,1.0
6b6fe07bed221dd29b7c402571ffac19,9b5982d9aed3190dfd5392ba63bb55ea,pair_formed_by_refactoring,moved,exact,0.97,1.0
6b920e23d35546b44dbd01fa48f81451,88ecfffb90eb6f0a5247f37f713a795d,pair_formed_naturally,exact,exact,1.0,1.0
6ba6a888ff4116a0aafa03d08b391aaa,c289bc02087c017cc432fa79430e1b3b,method_a_added,added,token_hash,,1.0
6bc8342bf3196fab8adbd52f837bddba,80772f3406013d3637a0c980656964ef,pair_formed_naturally,exact,exact,1.0,1.0
6be72d3bf28414a5eeaa876c9a741311,e597d7b6f54b18aaa2bdd6ccdc171086,both_added,added,added,,
6c1e1a94e6d87c27d96f41e8e455c616,812c41880c474b9d37adef15b14d7cfd,method_b_added,exact,added,1.0,
6c3985fd223aee12291b71ac6ce26fa5,f8482641c56c8c4379386834ccd99b5f,pair_formed_by_refactoring,token_hash,moved,1.0,1.0
6c50ec371dad435304178298cc573116,dd8666fc9f26b5cfdb97675df91b298f,pair_formed_naturally,exact,exact,1.0,1.0
6c5d9d2156ecad3d95476d9b2fe05c36,be43ac411b4cebda6955628ee5c6ec65,pair_formed_by_refactoring,exact,signature_changed,1.0,0.93
6c750d6fa889c5e47c4dece31cc9dffa,7fa165ee3ade07b75cd490099c40983a,pair_formed_naturally,unknown,exact,,1.0
6c994d10cc215aa917b08b02c280be21,9fa6cc2ce00942b7123b0f330dfef088,pair_formed_naturally,unknown,unknown,,
6c994d10cc215aa917b08b02c280be21,f68b29e259ae7283bbaaeb33d1fcbfb5,pair_formed_naturally,unknown,exact,,1.0
6cf85b217fa18189be8ac6965ea0bc84,77ad9ff771c5c847ae1bdacea3c0cb3f,both_added,added,added,,
6cf85b217fa18189be8ac6965ea0bc84,8f5af9df2a9684677ee459f980982943,both_added,added,added,,
6cf85b217fa18189be8ac6965ea0bc84,cc600dc4b54ca02256636fd7697594d7,both_added,added,added,,
6d533d74222fde377a8756222bb5c4dd,9102e672d6eb35d156d7cdc4f544d455,both_added,added,added,,
6d6f5e38b23548c51fca9c6eb87de5c3,9c13ca7bd5a76e8a8ab32fb400d5a85b,both_added,added,added,,
6d6f5e38b23548c51fca9c6eb87de5c3,b86f50d0f58430b4875e03302b2d3cf6,method_a_added,added,refactored,,0.84
6d6f5e38b23548c51fca9c6eb87de5c3,ed33d5a2853e42ecb654f8ee85189972,both_added,added,added,,
6da4d0b86ebd8a8b37af32622f49d910,85d93aaabab120388726fcc4a3545bd0,pair_formed_naturally,exact,exact,1.0,1.0
6dbf343779168109579238ceb1bf8b4d,859bc699f9eb24f6a61b3efa80682874,pair_formed_naturally,exact,exact,1.0,1.0
6dbf343779168109579238ceb1bf8b4d,8e2cf1bcfdb6500a2b1b798910b264f0,pair_formed_naturally,exact,exact,1.0,1.0
6dc193bbba2b7c9d3306fb06a050eeb7,85a4e5fcfe0fe66929e86c809cbde177,pair_formed_naturally,exact,exact,1.0,1.0
6dc616d09085367023579702922e0d80,899a89c3b4fa1be9a258f622af4424c0,both_added,added,added,,
6dc616d09085367023579702922e0d80,a61dd7a7f4ec9c3e1862d8719d354794,both_added,added,added,,
6dc616d09085367023579702922e0d80,d6cfafe3f7a6decd2f67a6a6b7ac3e9e,both_added,added,added,,
6de135855dae8b607339eafb3614ab96,7f058c88aff093bf1aaaa2a952eb106b,pair_formed_by_refactoring,signature_changed,unknown,0.83,
6de135855dae8b607339eafb3614ab96,83c9cc20576dfeba9ee832eccaf88925,pair_formed_by_refactoring,signature_changed,exact,0.83,1.0
6de135855dae8b607339eafb3614ab96,8e4a022d6ed8b5c750ccc7777b03ab2f,method_b_added,signature_changed,added,0.83,
6de135855dae8b607339eafb3614ab96,a165af78604297f6693e95991616e73c,pair_formed_by_refactoring,signature_changed,unknown,0.83,
6de135855dae8b607339eafb3614ab96,d981a1135866fdadda2c74c7153dde90,pair_formed_by_refactoring,signature_changed,signature_changed,0.83,0.87
6de135855dae8b607339eafb3614ab96,eb969ebe9332db41f9b9495e98253376,method_b_added,signature_changed,added,0.83,
6df62f8d7fedb948fc1bcd9ead72066f,e4530fbbc93b680757b1cb6bc1456349,pair_formed_naturally,exact,exact,1.0,1.0
6e298b38d4a24c5a94ac61e21e9b5188,90bacf4ab862823f505ccbdf6416b6e3,both_added,added,added,,
6e298b38d4a24c5a94ac61e21e9b5188,988d433aa2f4a2215e3dd522df50a527,both_added,added,added,,
6e395892c5eb9a0720a4e691a589ba20,d74bb15a58a960d02d9f870b63a3f8a4,pair_formed_naturally,exact,exact,1.0,1.0
6e871e05c47074cfef96ec2f417ea44c,7099869cc6ee72fcdcc30341ebe9afe7,pair_formed_by_refactoring,signature_changed,signature_changed,0.96,0.96
6e871e05c47074cfef96ec2f417ea44c,882ce905fc132c697449ca3fbc7eabcb,method_b_added,signature_changed,added,0.96,
6e871e05c47074cfef96ec2f417ea44c,af0c5c64ae94812694f3aeecd7e1c4e6,method_b_added,signature_changed,added,0.96,
6e871e05c47074cfef96ec2f417ea44c,bb286639cd52102967c29bf3b462a0c2,pair_formed_by_refactoring,signature_changed,signature_changed,0.96,0.98
6e871e05c47074cfef96ec2f417ea44c,d10dda36dc41ae1141b8c8036263e9c6,pair_formed_by_refactoring,signature_changed,signature_changed,0.96,0.96
6e871e05c47074cfef96ec2f417ea44c,e6a4b7e1729f7eea97031cf5164af7a1,pair_formed_by_refactoring,signature_changed,signature_changed,0.96,0.96
6e8e09e0251b168125d6e1c6cb45d6e0,7e0691ff248ed1627896d08276bce23b,pair_formed_naturally,exact,unknown,1.0,
6ea755306967aca3af93d5fb0e0c1ae7,9051e2e3e47c6ed5648cced917c088b2,pair_formed_naturally,unknown,exact,,1.0
6ea755306967aca3af93d5fb0e0c1ae7,b6897a36b7bd2cca0fc2ea68e5cd3a60,pair_formed_naturally,unknown,unknown,,
6f424e69ca3d8d79c7069a502a2c3371,8b17787abc0e05626822e8ee5a195d91,pair_formed_by_refactoring,unknown,moved,,1.0
6f9042254575754f7910922689b07e41,ccde957c0f8f181fa9858f6fab5ad748,pair_formed_naturally,exact,exact,1.0,1.0
6fc14eb9f294cef2d08124a00ee10d5a,9627cd4d7ec3562d74512e754f131bf2,method_a_added,added,exact,,1.0
7027997500f655ab9d6de3090a3033e7,bf27ca3daa1f3b21ca7eb26d57800fc8,pair_formed_by_refactoring,moved,moved,0.97,0.97
7083095cd15db1b7e0ae72d7721ee6b8,8a95370756160539bcc661edfc39bf71,method_a_added,added,exact,,1.0
708f517ca553d153c1dc2e20bc106fc8,825fb955226c53ed67bcd86db8459654,pair_formed_naturally,exact,exact,1.0,1.0
708f517ca553d153c1dc2e20bc106fc8,83664d19a2f84f9663990686670b6af8,method_b_added,exact,added,1.0,
709447d544d4689acdcc6dc5e8d7fb3c,8ab50692d91aa4b40e3c5464ac7c15bf,pair_formed_naturally,exact,exact,1.0,1.0
7099869cc6ee72fcdcc30341ebe9afe7,af0c5c64ae94812694f3aeecd7e1c4e6,method_b_added,signature_changed,added,0.96,
7099869cc6ee72fcdcc30341ebe9afe7,bb286639cd52102967c29bf3b462a0c2,pair_formed_by_refactoring,signature_changed,signature_changed,0.96,0.98
7099869cc6ee72fcdcc30341ebe9afe7,d10dda36dc41ae1141b8c8036263e9c6,pair_formed_by_refactoring,signature_changed,signature_changed,0.96,0.96
7099869cc6ee72fcdcc30341ebe9afe7,e6a4b7e1729f7eea97031cf5164af7a1,pair_formed_by_refactoring,signature_changed,signature_changed,0.96,0.96
70ab85cfca50efa0880d197570b6c187,a39899cef181d959c714f246f0ca40b2,pair_formed_naturally,exact,exact,1.0,1.0
70cbfe7c2dc27c2049ba1f94dc30a9e5,85aec851df7db5ae9161126bad3d4ac3,pair_formed_by_refactoring,moved,exact,0.99,1.0
70cbfe7c2dc27c2049ba1f94dc30a9e5,8ff0fafd00b932c6e49f2532fc3af6d1,pair_formed_by_refactoring,moved,moved,0.99,0.99
70cbfe7c2dc27c2049ba1f94dc30a9e5,f9241f7174823aa9c1e7f91982e46fbf,pair_formed_by_refactoring,moved,exact,0.99,1.0
70ec7bb2fe7c9b09c61cc63492bdcfee,726ca8a5db1481c79282e021efe2ef28,pair_formed_naturally,exact,exact,1.0,1.0
70f7f53758f20195454192571a2e89be,7fc778048b91644c37707f93e54b5997,pair_formed_naturally,exact,unknown,1.0,
70ff17faedfd44f4bf69b55b49f98831,e31792c4e7f474c385b62a3f8a046c2b,pair_formed_naturally,exact,exact,1.0,1.0
71068411e99300bb500e4ed3345aeab0,a3e1ee8f7b141ffdf2bc38b62996b2ca,method_a_added,added,exact,,1.0
71068411e99300bb500e4ed3345aeab0,f2f07d52c8c4fcdfee1f447c648eb8ff,both_added,added,added,,
712331987a2ad2272fc78abce4bd4642,db895f7e79dcfc98767d5c27fc8135cd,method_b_added,refactored,added,0.8,
71750e970bdfb78de01bdfb00993fe91,f711262b0171e9c13841e6ed57945243,pair_formed_naturally,unknown,unknown,,
71bc4ce08f60ac5d5782090fba1a49bc,e623a4c568a4343dc2b7b29bf16299b8,method_b_added,exact,added,1.0,
71cd1cfc54e8a350bc63bae304fbf204,d7763b03c2319703300bd1e5b35d3c31,method_a_added,added,exact,,1.0
71fc844d07733bdbdca85fc79d654fa0,e73ea449ed550c8626725ae55b6b791d,method_b_added,signature_changed,added,0.76,
726ca8a5db1481c79282e021efe2ef28,a7e6e90a65be79ec663b97f6ed53e775,pair_formed_naturally,exact,exact,1.0,1.0
728567a1fa4cfee8888f7124e2440e18,bbeb349d06fe6c2e13ad2b230763d2db,pair_formed_naturally,exact,exact,1.0,1.0
72913670595ab6a4a1d5f109cfbb7df9,8e6103d0878c260dca42c063dbde66ef,pair_formed_by_refactoring,moved,moved,0.98,1.0
72913670595ab6a4a1d5f109cfbb7df9,add2723a6d685a4d38dec0ef886c730a,pair_formed_by_refactoring,moved,moved,0.98,0.98
72913670595ab6a4a1d5f109cfbb7df9,d193da34b66a7aa98798b2cd3a465b4e,pair_formed_by_refactoring,moved,moved,0.98,0.98
72913670595ab6a4a1d5f109cfbb7df9,d309a35f112c29aedc47974835aeda4b,pair_formed_by_refactoring,moved,moved,0.98,0.98
72f37e4b861f33ac9f0ddde0a34f3d61,ffefff997c8e2715efe81dd820d14e1b,both_added,added,added,,
7314124d2a5d0348c14b7f2e547359ce,c6413f35895d43849e0c128222ff2482,both_added,added,added,,
7314124d2a5d0348c14b7f2e547359ce,fb1e456cd5fe77e68e3b88e82d323a7f,both_added,added,added,,
73317cf07af020b7d77f737e57c5fca7,9742e83f93895193cbde364aacb5dfc7,pair_formed_naturally,exact,exact,1.0,1.0
7346962035080409cf4e334441baa74e,972022cdd79c4a16a7415a80eba29257,pair_formed_naturally,exact,exact,1.0,1.0
7346962035080409cf4e334441baa74e,9e41aed1751fb2fb6a72bcac98b56580,pair_formed_naturally,exact,exact,1.0,1.0
737deb6221dd49204e43af7e1d410294,b5dccd188407286bc7e8ef72e1be88bc,both_added,added,added,,
738ed23cd88775a616b995d58b1cb28e,8f8048ab1d4fba7aceb4451a9695e181,both_added,added,added,,
738ed23cd88775a616b995d58b1cb28e,90c26f7391cb6244a0236d67a75ff52c,both_added,added,added,,
738ed23cd88775a616b995d58b1cb28e,ac3bfc1d8cb0cbc1f1ef2e7995aaf848,both_added,added,added,,
73bc55926a7de6238e20c00605deb428,7f1a68d5c8e7097f0602fcf4fe054550,method_a_added,added,exact,,1.0
73c41cd771bc2f750fa39f56756c1821,ae04a568fcb1915cc4c7454e032507f9,pair_formed_naturally,token_hash,exact,1.0,1.0
73d8b86694f876d4a8d3f103cb8bff47,842b21792ae3327d55e0d7a6492812d7,method_a_added,added,exact,,1.0
74155cd4e1cb0303abe04dd5716db879,8e6103d0878c260dca42c063dbde66ef,pair_formed_by_refactoring,moved,moved,1.0,1.0
74155cd4e1cb0303abe04dd5716db879,a31b9bee0a3502bd1243fcaaf29d809f,pair_formed_by_refactoring,moved,moved,1.0,1.0
74155cd4e1cb0303abe04dd5716db879,add2723a6d685a4d38dec0ef886c730a,pair_formed_by_refactoring,moved,moved,1.0,0.98
74155cd4e1cb0303abe04dd5716db879,d309a35f112c29aedc47974835aeda4b,pair_formed_by_refactoring,moved,moved,1.0,0.98
7484140b12570eeb48d02e64fbca7d6e,c79b5ecf53e8555b31f510e3a9533709,pair_formed_naturally,exact,exact,1.0,1.0
7488d6d8dcc6cd5f94db8cc19ed1d4d8,7d2d5e7a222d7905b0d379bc37cf2ccc,pair_formed_naturally,exact,exact,1.0,1.0
7488d6d8dcc6cd5f94db8cc19ed1d4d8,c09113e46c803dd1f22394b51b46cfce,pair_formed_naturally,exact,exact,1.0,1.0
749742435cdc81127454c623511710bf,7641341c65504294fa525da3d789db7a,pair_formed_naturally,exact,exact,1.0,1.0
7503a32df8b874181d1878a69252b1b2,ffefff997c8e2715efe81dd820d14e1b,both_added,added,added,,
754147c8ed09cd3e6b54ec727202d1fa,b0a2e14d8d583c56d738c79099aeb751,method_a_added,added,exact,,1.0
754e02634a187033db03f4f3aa77d687,c55d5d701f1359768644cf005f5dea76,both_added,added,added,,
756e4f1ccdc084ee27386ed92e40087a,9a540bfd641c4dbe01377ed1ae7459e0,pair_formed_naturally,exact,exact,1.0,1.0
756e4f1ccdc084ee27386ed92e40087a,ab749cdf1f1ffaf3f414ef4cf40b072f,pair_formed_naturally,exact,exact,1.0,1.0
75904b92d7ea275f93f8f8b31d07108c,7cd45696faa42ee5717490aa8e4a7d22,pair_formed_naturally,exact,exact,1.0,1.0
75904b92d7ea275f93f8f8b31d07108c,891d2efe4816a8865a617491414e7e1c,pair_formed_naturally,exact,exact,1.0,1.0
75904b92d7ea275f93f8f8b31d07108c,a5871218e835135938526e714eb41c5c,pair_formed_naturally,exact,unknown,1.0,
75a381e11c3aac2f9e7a9ddf4ad11c34,93ce06ea4a52d93f5dc61cd25a6d6aa9,method_a_added,added,exact,,1.0
76596e1217ce15c6676e71a803d127f3,a3320dab7dbc52fd2dbcaa5c1b135d6b,pair_formed_naturally,exact,exact,1.0,1.0
765c73bbee5565c951cd01a84789883c,88004a77bbda5f8f495d56d544df4a8f,both_added,added,added,,
765c73bbee5565c951cd01a84789883c,894a66b4094b9f1b20bae186ba4190ee,both_added,added,added,,
765c73bbee5565c951cd01a84789883c,c246434312f6f57f5d04ae561187dadb,both_added,added,added,,
765c73bbee5565c951cd01a84789883c,d5f3fbbbd3f4edbe4bc0d9ffb860a97a,both_added,added,added,,
765c73bbee5565c951cd01a84789883c,e9d1b157c043e4b0ab4569e7240427af,both_added,added,added,,
7673e6d669ad7f617ffd8d68d4b3663e,a3f32618fae54884ee5020fafa3584bb,method_a_added,added,signature_changed,,0.84
7673e6d669ad7f617ffd8d68d4b3663e,a78ed56ea9d9a9dd1ce42c10c90baa1d,method_a_added,added,signature_changed,,0.83
7673e6d669ad7f617ffd8d68d4b3663e,d53d08d8630e9e059f692ccd90fce52f,method_a_added,added,signature_changed,,0.8
767a0c1dafd844f32cdb8b0d71beda6c,7f1cb4e0a1c927df5336a521d94f0276,method_a_added,added,token_hash,,1.0
767a0c1dafd844f32cdb8b0d71beda6c,a22ffef7598e4ac2f3de2d1b84495c52,method_a_added,added,token_hash,,1.0
76d325f12db35fdee5e0378f8c93854e,d0fea27324dfd8502f9da21fd56c29a4,both_added,added,added,,
76d6115a92907a5af08f9ea204402fe4,7bee7f81e50eab8b6668a281881dd83b,pair_formed_naturally,unknown,exact,,1.0
7702dac54eff4c83d4b929200c0fdd5c,b567d1b0a7c25e2bec970a1c6c8b2b29,both_added,added,added,,
77099ba2496db7cce1b2f3250ddb5f30,b5213162c6f68d65679346d31d0c4da8,pair_formed_by_refactoring,moved,moved,0.96,0.91
772a8ace20345051f58249607076ae0f,ba3e3e06cb16dab4e7e37a7cf04b1123,pair_formed_by_refactoring,moved,token_hash,1.0,1.0
772a8ace20345051f58249607076ae0f,eb8043a257f7b3c727f9ce611f596554,pair_formed_by_refactoring,moved,token_hash,1.0,1.0
7757e61d47f8167e02557e7418838db9,e31f7a1e9263119f9c40db20799af17f,pair_formed_naturally,exact,exact,1.0,1.0
77875bf6cc23127a714d548c0ab66551,89149713356c4eb1541bedb22bc1df2e,both_added,added,added,,
77875bf6cc23127a714d548c0ab66551,aa3ae55cbc54750d59d4961352b3e69d,both_added,added,added,,
77875bf6cc23127a714d548c0ab66551,f749b3c83ba06fbc09b6fc0abc165e54,both_added,added,added,,
778caebdf67557a6a1b12f79eea7e399,fb53fce4f8f936de2c56ffa665ca773d,pair_formed_naturally,exact,exact,1.0,1.0
77ad9ff771c5c847ae1bdacea3c0cb3f,cc600dc4b54ca02256636fd7697594d7,both_added,added,added,,
78424a8b545c7d0fde876ff208dcb4cb,889f5becf4baf4c55d469cd6b2b270b5,pair_formed_naturally,exact,exact,1.0,1.0
78424a8b545c7d0fde876ff208dcb4cb,fb68845dd81c2a6982bf3434b2628e26,pair_formed_naturally,exact,exact,1.0,1.0
78f5593ad3d0181bda55ed8970d8c1d9,7a2529a3a0b974e40feff542e4b636ba,method_a_added,added,exact,,1.0
79790ff115ff829aa4762ac6f9060ebe,b474fe5d9fb9c774e894f178a833c1f0,both_added,added,added,,
7a196542a9508805ee7886336b87693c,dc3f64d3d118a682e4d04b92d6be2409,pair_formed_naturally,exact,exact,1.0,1.0
7a2529a3a0b974e40feff542e4b636ba,aeaa83ed3d6eb5aec49657d07d977e68,method_b_added,exact,added,1.0,
7a2529a3a0b974e40feff542e4b636ba,d80242f2f4450ace525b66b77b3c168a,pair_formed_naturally,exact,exact,1.0,1.0
7a2529a3a0b974e40feff542e4b636ba,da8ff56d34c7cf02edc85d5b41dd65f3,method_b_added,exact,added,1.0,
7a2529a3a0b974e40feff542e4b636ba,f9016e6f3576e300b8113be7ba7ed407,method_b_added,exact,added,1.0,
7a485314cbb7b25fa6d1033005e5eac0,806dfd93ed5df3bca09adbbdb0805147,both_added,added,added,,
7a6e4cd4d663f0bdebf0656a6591482f,f004d22804f17a4e4ee4f36f2b7ed686,pair_formed_naturally,unknown,exact,,1.0
7afcfa77f883cfbf100e8755a927bfc3,956f5d614a94c43ee9e38d059d45599f,pair_formed_by_refactoring,moved,moved,1.0,1.0
7b5b97bb6f88b75eccb3287d9b0f851e,bcbbc509d8897463b77b4f246633d138,both_added,added,added,,
7ba27d99c149831e2bb97293f5eb4cc6,d2a6c4da6d29a606437f6025cb63ad32,method_b_added,exact,added,1.0,
7bb9c3cd0153c6b489861bd07f905c07,faaf72b87abf6ee1b48a43dde201b7d5,pair_formed_naturally,exact,exact,1.0,1.0
7bc9cfe86e1bb6a0f9d6b3902cb8866a,f318588249ef1ca286900c572f8454b1,pair_formed_by_refactoring,exact,signature_changed,1.0,0.83
7bee7f81e50eab8b6668a281881dd83b,84293b7f3fa6f4abab27fc3ddd5b7f77,pair_formed_naturally,exact,exact,1.0,1.0
7bee7f81e50eab8b6668a281881dd83b,faef7da0f1b209ce23681196d3ba4615,pair_formed_naturally,exact,unknown,1.0,
7bef5f542b29bb43f86100a85460c812,9f68c12abf306edf4a48963f4f9df4c2,pair_formed_by_refactoring,moved,moved,0.98,0.98
7bef5f542b29bb43f86100a85460c812,ef8c2b44b02b743b541480cc77c72c6c,pair_formed_by_refactoring,moved,moved,0.98,0.98
7c5ce041c3c88c5276141d78f3c90317,efa9227e255aa1eb865d15e6c40852f7,pair_formed_by_refactoring,exact,signature_changed,1.0,0.95
7c658fb6b450269341eb945e42ede081,ffd5c6d02d202323aea81e7f72b00387,both_added,added,added,,
7cb47f4ac64e87885237022f2285d541,812c41880c474b9d37adef15b14d7cfd,method_b_added,exact,added,1.0,
7cd45696faa42ee5717490aa8e4a7d22,a5871218e835135938526e714eb41c5c,pair_formed_naturally,exact,unknown,1.0,
7cd487cd20859c06d4734193e2716f50,df6f5744b3b4114c6fdbddb5fadd7be8,both_added,added,added,,
7cd9dd4254d2a34022a7e6a9c0d55476,95f7ff57752edfbdf79c2884db1ce19e,pair_formed_naturally,exact,exact,1.0,1.0
7ce3d0f3526975907553d549289145c5,d801115b87896fc6328929cabfd66115,pair_formed_naturally,exact,exact,1.0,1.0
7d2d5e7a222d7905b0d379bc37cf2ccc,c09113e46c803dd1f22394b51b46cfce,pair_formed_naturally,exact,exact,1.0,1.0
7dd3be8d199a6d82e8ee42650bbef731,a9f4d534de8452a143ed62e78e991268,pair_formed_naturally,exact,exact,1.0,1.0
7dd3be8d199a6d82e8ee42650bbef731,d0d07900f5cc45af7acf33639aa3877b,pair_formed_naturally,exact,exact,1.0,1.0
7dfbb378d7c5f69e17d01c6010dd8fc4,b523d560ca4a26e9245c576fd9531cd6,method_b_added,exact,added,1.0,
7e9b7316a8a8a8d55ec929a9e307d989,c64fd5022091dd7be65393f2547fb95b,pair_formed_by_refactoring,unknown,signature_changed,,0.81
7eb87e2f6bea37915050105a6e7662cf,dbc9378fe0b7df9b2116294c532a6780,both_added,added,added,,
7f058c88aff093bf1aaaa2a952eb106b,83c9cc20576dfeba9ee832eccaf88925,pair_formed_naturally,unknown,exact,,1.0
7f058c88aff093bf1aaaa2a952eb106b,9ff35d8485ede7937dcb09e1fc522f41,pair_formed_naturally,unknown,unknown,,
7f058c88aff093bf1aaaa2a952eb106b,a165af78604297f6693e95991616e73c,pair_formed_naturally,unknown,unknown,,
7f058c88aff093bf1aaaa2a952eb106b,a627b5f9586e5418e26b2f64efe47d8d,method_b_added,unknown,added,,
7f058c88aff093bf1aaaa2a952eb106b,d981a1135866fdadda2c74c7153dde90,pair_formed_by_refactoring,unknown,signature_changed,,0.87
7f058c88aff093bf1aaaa2a952eb106b,eb969ebe9332db41f9b9495e98253376,method_b_added,unknown,added,,
7f11782afcbf3544e3f6e43cc4574e7c,9487ce28d05ae1394a292bf217d7137c,pair_formed_naturally,exact,exact,1.0,1.0
7f4cb5d8498fefd5f1e57394e18a3370,e428506c1fc676e10f965c27f0ed024e,both_added,added,added,,
7fbe13bf4317b18be086457031836216,c522cc440b11068d7836215975b9d4b9,both_added,added,added,,
7fbe13bf4317b18be086457031836216,ed387233c92527ede2842c556a175e9f,both_added,added,added,,
7fc778048b91644c37707f93e54b5997,9111f4e4e6c331f02f7148f8aaf8363a,pair_formed_naturally,unknown,exact,,1.0
8023d72baa1473f1b88f71540159c2be,f75b8205f6a39f44470125b436ffc118,method_a_added,added,refactored,,0.79
80c167226f4c9cd2676301aea5eeec5a,9b46d1611d2098823c2f97faa2dcb54c,pair_formed_by_refactoring,exact,renamed,1.0,0.92
80f536412a1c4b55db0cc85ec4e699e0,850ddbc46bfdcfc6226b55ec5908a137,pair_formed_by_refactoring,moved,moved,1.0,1.0
812c41880c474b9d37adef15b14d7cfd,84cf9ec9fbb99ce6eb2f231fe9696517,method_a_added,added,exact,,1.0
812c41880c474b9d37adef15b14d7cfd,9815cfc42363149321912f508050bc26,method_a_added,added,exact,,1.0
812c41880c474b9d37adef15b14d7cfd,9a3c6305e6d1ddd44ba73b29ee79a415,method_a_added,added,exact,,1.0
812c41880c474b9d37adef15b14d7cfd,9eda0c98cab9829881ec3a22693fcd1d,method_a_added,added,exact,,1.0
812c41880c474b9d37adef15b14d7cfd,b11c1a43fa67db6dd841ca7ad9b9465f,method_a_added,added,exact,,1.0
812c41880c474b9d37adef15b14d7cfd,b2cd9b5ebd2741ec5257d24d1e84917d,method_a_added,added,exact,,1.0
812c41880c474b9d37adef15b14d7cfd,e02519d743985a9660b10102c1a0973c,method_a_added,added,exact,,1.0
813c6a9ce27d130d6199e21f1f4b070e,acecda7c3b0f75c2110ac647885acb47,pair_formed_naturally,exact,exact,1.0,1.0
81540f0f1b5d1ed20f334b877827c933,d3df41a84d9b4edbbdc0ec50dea7a003,pair_formed_by_refactoring,signature_changed,signature_changed,0.86,0.84
8172649cadb7189fc8be1295ea8129ec,abea7248437a463c3d2dae5c90f71d65,method_b_added,signature_changed,added,0.92,
81e9ca7baa3f2e78f87bd8baa946793c,ae9f35e15fd92bd62d817fcfed470a14,both_added,added,added,,
81e9ca7baa3f2e78f87bd8baa946793c,c659fcf7bfb3cd4faf3ce3b3275b8802,both_added,added,added,,
81e9ca7baa3f2e78f87bd8baa946793c,ee59e80aced82c260ec07489291cc03c,both_added,added,added,,
825fb955226c53ed67bcd86db8459654,83664d19a2f84f9663990686670b6af8,method_b_added,exact,added,1.0,
8289c6efd2c115a2f8e0bf0dcb9ef119,ac4f6713b8ddbd03a9905e16db627a21,pair_formed_naturally,exact,exact,1.0,1.0
831d1a68e6f3ce3abc33c492035d9b22,b74184add8323b3498d1ecb41f1384df,pair_formed_naturally,exact,exact,1.0,1.0
831d1a68e6f3ce3abc33c492035d9b22,c6b4a2cdd31da264ebeacd5f5f265f75,pair_formed_naturally,exact,exact,1.0,1.0
831d1a68e6f3ce3abc33c492035d9b22,d173653b28b04ef417c499ae526cb1c9,pair_formed_naturally,exact,exact,1.0,1.0
83c9cc20576dfeba9ee832eccaf88925,a165af78604297f6693e95991616e73c,pair_formed_naturally,exact,unknown,1.0,
83c9cc20576dfeba9ee832eccaf88925,a627b5f9586e5418e26b2f64efe47d8d,method_b_added,exact,added,1.0,
83c9cc20576dfeba9ee832eccaf88925,d981a1135866fdadda2c74c7153dde90,pair_formed_by_refactoring,exact,signature_changed,1.0,0.87
83c9cc20576dfeba9ee832eccaf88925,eb969ebe9332db41f9b9495e98253376,method_b_added,exact,added,1.0,
83cbbd2354b6c7071e10536998fe01c7,86d62d1a6f8d94b8b1f4efac91de54cb,pair_formed_by_refactoring,moved,exact,1.0,1.0
83cbbd2354b6c7071e10536998fe01c7,94009a0281f83984bcdedd531030c10d,pair_formed_by_refactoring,moved,moved,1.0,1.0
84293b7f3fa6f4abab27fc3ddd5b7f77,faef7da0f1b209ce23681196d3ba4615,pair_formed_naturally,exact,unknown,1.0,
842b20120b2a3ce6bca4fe7869295feb,9954f614c0764d80384c74178f9e5c17,both_added,added,added,,
8439606b4b64a341b31231546e3b4148,c048733ffcc6a69d5403635e4e573872,method_b_added,unknown,added,,
84494ce57f9abb4a5a34c0e04987a54d,901a535c251a3128a6b77ff1457c8f3c,both_added,added,added,,
84494ce57f9abb4a5a34c0e04987a54d,c6791caa28d1fee4026b41380c06b7b9,both_added,added,added,,
84494ce57f9abb4a5a34c0e04987a54d,d6cfafe3f7a6decd2f67a6a6b7ac3e9e,both_added,added,added,,
84cbfccf0a127ad90994c0958424a927,8ce14465e7a826d6b5e87018c85adb46,pair_formed_naturally,unknown,exact,,1.0
84cbfccf0a127ad90994c0958424a927,b3a61c9fcb89817e7995222df77b36d4,pair_formed_naturally,unknown,unknown,,
84cbfccf0a127ad90994c0958424a927,c5fd87924807718375770fe900193cc6,pair_formed_naturally,unknown,unknown,,
84d8b6064fc91b434d5309d0df392c5e,a8acac54bda867ed35603f1a1ce25f84,pair_formed_naturally,exact,exact,1.0,1.0
8513c33caa72c7f684c2c6464da36a37,92483a106dc234fba9435e615bcb3e94,pair_formed_naturally,exact,exact,1.0,1.0
856a38988bba87f7c71dd963bea308f2,d0ab7fc7b42e550d09942189088c0ecb,pair_formed_naturally,exact,exact,1.0,1.0
856f5dc238ae842e73227b53f57190ea,ff7fb7acf3157b593057374470074a1f,pair_formed_naturally,exact,exact,1.0,1.0
858e9ff34dd373b2ea462707fdb1d40f,e67d221aea7bf1b5dbc08248bd1da3bf,method_b_added,exact,added,1.0,
859bc699f9eb24f6a61b3efa80682874,8e2cf1bcfdb6500a2b1b798910b264f0,pair_formed_naturally,exact,exact,1.0,1.0
85aec851df7db5ae9161126bad3d4ac3,8ff0fafd00b932c6e49f2532fc3af6d1,pair_formed_by_refactoring,exact,moved,1.0,0.99
85e8c58d208dc60f916d5518140c6fe6,c6d6be2194af07762baf008cfcd4da71,pair_formed_naturally,exact,exact,1.0,1.0
8617bec791124f3211ddf99276d310f4,cf4252de2e603b6fadc464a46c017342,pair_formed_naturally,exact,exact,1.0,1.0
86b673bf57c010cab9e39274d5a1562b,b666e7a65c336e5c86a4946607bafc85,method_a_added,added,renamed,,0.98
874387f0a8e303dd14f4643c2fc7b05a,9d27f0d7db6177a2239addb4b7c84c57,pair_formed_naturally,exact,exact,1.0,1.0
8755ced95ec649ff470a864cac4ab330,dbfa38ab014d3d07e3a15747963cba2f,pair_formed_by_refactoring,moved,refactored,0.93,0.88
878bcac510dc3b638ac52f0a86297c84,c2fae5cd7e1faaa4f2180b77069a3097,pair_formed_naturally,exact,exact,1.0,1.0
878c83e5407c417ff1feb1e24f949ed0,de0d8304511987667eab7f9e7e650af6,both_added,added,added,,
87ddc76b945ef60704dd8904a43afac6,9843a565e2eaa640f71911eef5bb39d5,pair_formed_naturally,exact,exact,1.0,1.0
88004a77bbda5f8f495d56d544df4a8f,894a66b4094b9f1b20bae186ba4190ee,both_added,added,added,,
88004a77bbda5f8f495d56d544df4a8f,c246434312f6f57f5d04ae561187dadb,both_added,added,added,,
88004a77bbda5f8f495d56d544df4a8f,d5f3fbbbd3f4edbe4bc0d9ffb860a97a,both_added,added,added,,
88004a77bbda5f8f495d56d544df4a8f,e9d1b157c043e4b0ab4569e7240427af,both_added,added,added,,
8804e9965cda265bcdf8dfc14bd21e64,f69a77e06cda9423ffec67370ec615ca,both_added,added,added,,
882ce905fc132c697449ca3fbc7eabcb,af0c5c64ae94812694f3aeecd7e1c4e6,both_added,added,added,,
882ce905fc132c697449ca3fbc7eabcb,d10dda36dc41ae1141b8c8036263e9c6,method_a_added,added,signature_changed,,0.96
882ce905fc132c697449ca3fbc7eabcb,e6a4b7e1729f7eea97031cf5164af7a1,method_a_added,added,signature_changed,,0.96
882ce905fc132c697449ca3fbc7eabcb,f49d95fac0e4b76e587a9cd898310523,both_added,added,added,,
884d5fe4d98f75be15f931fe4fc7804d,e194cdb2d0ab29412836d5eb389f15f5,both_added,added,added,,
8851ccf10be7340183e3bf1cc8ce3173,88b548b49d09b2173e962ab23d0c6cc0,pair_formed_by_refactoring,signature_changed,exact,0.92,1.0
8868c3d2705f76a770251a6b9b677ac7,bc498fccceacb0e264257085a5e81c0c,pair_formed_by_refactoring,moved,moved,1.0,1.0
8868c3d2705f76a770251a6b9b677ac7,f8482641c56c8c4379386834ccd99b5f,pair_formed_by_refactoring,moved,moved,1.0,1.0
8899ae162d557614dc72ddade38026f4,fb68845dd81c2a6982bf3434b2628e26,pair_formed_naturally,exact,exact,1.0,1.0
88b7c4b77f294934edd597ccbe95df0d,a6da80f63137c9e372f45e1d2aa1d0d5,pair_formed_naturally,unknown,exact,,1.0
88cd1865e39aae082028aac3fbc943c4,bb1223dbbdc2834f048c7b73861ef3f1,pair_formed_by_refactoring,exact,moved,1.0,0.98
88cd1865e39aae082028aac3fbc943c4,e623a4c568a4343dc2b7b29bf16299b8,method_b_added,exact,added,1.0,
89149713356c4eb1541bedb22bc1df2e,aa3ae55cbc54750d59d4961352b3e69d,both_added,added,added,,
89149713356c4eb1541bedb22bc1df2e,f749b3c83ba06fbc09b6fc0abc165e54,both_added,added,added,,
891d2efe4816a8865a617491414e7e1c,ba9494aef15af5913a694c61b28c7f80,pair_formed_naturally,exact,exact,1.0,1.0
891d2efe4816a8865a617491414e7e1c,ee42542ed5ff9dfd6591e7b1a32b08ef,pair_formed_naturally,exact,exact,1.0,1.0
8942df589591c9ed1b6a0c76dabdc2ec,ca88d50afa1d066706c11ee94be7f073,pair_formed_naturally,exact,exact,1.0,1.0
894a66b4094b9f1b20bae186ba4190ee,c246434312f6f57f5d04ae561187dadb,both_added,added,added,,
894a66b4094b9f1b20bae186ba4190ee,d5f3fbbbd3f4edbe4bc0d9ffb860a97a,both_added,added,added,,
894a66b4094b9f1b20bae186ba4190ee,e9d1b157c043e4b0ab4569e7240427af,both_added,added,added,,
899a89c3b4fa1be9a258f622af4424c0,a61dd7a7f4ec9c3e1862d8719d354794,both_added,added,added,,
89b281467184d3f08e8d4bdfacbf3043,93d8ea3347d1fce6e5f908ac781d6ccf,pair_formed_by_refactoring,signature_changed,signature_changed,0.82,0.8
89ff6b135d1baed2004d162008ff9745,ce170665674034c026203c149ffd3fb1,pair_formed_naturally,exact,exact,1.0,1.0
8a36ecbb4054df94f426a3d3ba21a02f,a9b0d7911a0fd2065ab1357c9bbf051f,both_added,added,added,,
8a56f6e8f8e03202249a9d461266c1a8,df550ba51835968ea0f589d17bef7167,both_added,added,added,,
8adea7e00c12d20c3f8d0132f75e331a,b5d88aacdcf34b18c9a882965b8fd218,pair_formed_by_refactoring,signature_changed,exact,0.87,1.0
8ae3b19b1349d00a578bb76884e500b0,98a0b37fa16611954b94d6144887bb4e,pair_formed_naturally,exact,exact,1.0,1.0
8ae3b19b1349d00a578bb76884e500b0,9d7e4c4413add2003e756499026977f5,pair_formed_naturally,exact,exact,1.0,1.0
8b1089fd1e52ee25e5949714bb448c4a,bf39648b1f904b3b4b3a5ced7407c7c3,pair_formed_by_refactoring,signature_changed,exact,0.96,1.0
8b358378c613f30bd093eb94a41eefd5,e87f4d9f2b1391def17ae1a4904f14eb,pair_formed_naturally,exact,exact,1.0,1.0
8b466363a073de78ee7c9ee8d46e6e9c,bad2a0cd4febb0b643b14c256bd277dd,pair_formed_naturally,exact,exact,1.0,1.0
8b466363a073de78ee7c9ee8d46e6e9c,f4633e560ac7663081fbb5ae2abb2ca7,pair_formed_naturally,exact,exact,1.0,1.0
8b85d776b233abf72a3e7a4d7690d0ca,e3bf0e9f1667ee1a54c7caadc734181d,pair_formed_naturally,exact,exact,1.0,1.0
8ba51b29fe1e925d75acd2d3699f4e28,b77ebecba9b7c92ffbeedb2b03213a15,method_b_added,exact,added,1.0,
8ba9263dadcb7d5b2c74ff666a488632,f21d0871e282bef36a7e47e623c60ced,pair_formed_naturally,exact,exact,1.0,1.0
8bdc11f8473cac7bc329de388ebd86c7,d667c6df66c632173196ccb1e747759f,method_a_added,added,exact,,1.0
8bdc11f8473cac7bc329de388ebd86c7,e102604dd14c8208b9ced0862c07d751,both_added,added,added,,
8c2967e65baf86e43b50c342e2fc2acb,8e4a022d6ed8b5c750ccc7777b03ab2f,method_b_added,signature_changed,added,0.89,
8c63e80ac1cf1c86a28e3c4269fee6b2,9db1146454770df0868a5350186744e6,pair_formed_naturally,exact,exact,1.0,1.0
8c63e80ac1cf1c86a28e3c4269fee6b2,e359b18575800afbedc0c78a9de93de5,pair_formed_naturally,exact,exact,1.0,1.0
8cafa6c3d1e765d38ee0796d03c26718,f804c5bf2816b8622d1d3102c49080d0,method_b_added,exact,added,1.0,
8ce14465e7a826d6b5e87018c85adb46,bee12f1e26adc0f471a890e197bf825f,pair_formed_naturally,exact,exact,1.0,1.0
8cf60d54f22634ab2b7eab945768e3db,b76e45e827400aef2deda72b5cea6476,pair_formed_naturally,exact,unknown,1.0,
8d7664f75265544c50e287c4320bec9e,da6233b43ab633ce8a618598fbb02b4e,pair_formed_naturally,exact,exact,1.0,1.0
8db65a47e9884f9265bad334b589bf4f,eb149860bb3ec17daf8d2b3772743801,pair_formed_naturally,exact,exact,1.0,1.0
8e08696802d311ce0b9e6b6e8933b0d7,9cedc0f386e3a0e1b71e930c1c109478,pair_formed_naturally,exact,exact,1.0,1.0
8e4a022d6ed8b5c750ccc7777b03ab2f,9ff35d8485ede7937dcb09e1fc522f41,method_a_added,added,unknown,,
8e4a022d6ed8b5c750ccc7777b03ab2f,d1c88cff0abf0e85a936869ac2d8ddcd,method_a_added,added,exact,,1.0
8e6103d0878c260dca42c063dbde66ef,a31b9bee0a3502bd1243fcaaf29d809f,pair_formed_by_refactoring,moved,moved,1.0,1.0
8e6103d0878c260dca42c063dbde66ef,d193da34b66a7aa98798b2cd3a465b4e,pair_formed_by_refactoring,moved,moved,1.0,0.98
8efdf5441351b39a38ff7db33f25b7cf,e643e381e18b7b0973519b7404538513,both_added,added,added,,
8efdf5441351b39a38ff7db33f25b7cf,e94f9b02977bb2d0121f40b353d38488,both_added,added,added,,
8f11a0e2c9a6b2b6a439896f66e626f7,d7da87d8ba67493da86befbb0c63bc7f,method_b_added,refactored,added,0.8,
8f1f80107eced43a73db9a0ef09c143a,aba0c04c601402a89cb324257f5845ad,pair_formed_naturally,exact,exact,1.0,1.0
8f1f80107eced43a73db9a0ef09c143a,bce7f657968345f43939a7f6e5365620,pair_formed_naturally,exact,exact,1.0,1.0
8f1f80107eced43a73db9a0ef09c143a,cd86b06c1a6e1aac763e415c9fb5862e,pair_formed_by_refactoring,exact,signature_changed,1.0,1.0
8f5af9df2a9684677ee459f980982943,cc600dc4b54ca02256636fd7697594d7,both_added,added,added,,
8fa3189d20610154164212193ac45076,bf0a4170ed81393bed07006b44f42c0b,both_added,added,added,,
8fa3189d20610154164212193ac45076,f02bf79c1110bc3d7a318b556681759f,both_added,added,added,,
8ff0fafd00b932c6e49f2532fc3af6d1,f9241f7174823aa9c1e7f91982e46fbf,pair_formed_by_refactoring,moved,exact,0.99,1.0
901a535c251a3128a6b77ff1457c8f3c,c6791caa28d1fee4026b41380c06b7b9,both_added,added,added,,
901a535c251a3128a6b77ff1457c8f3c,d6cfafe3f7a6decd2f67a6a6b7ac3e9e,both_added,added,added,,
902780f2e5ec51dda8ee4eb36c801681,c92d9101f0eda4f9d794974581ec2cca,pair_formed_naturally,exact,exact,1.0,1.0
90342e548176c16e12bd937e8322f60e,d555e9d5d32f9e6359d6bf896138e546,pair_formed_naturally,exact,exact,1.0,1.0
904f71ecf641aacb4af7ad3d28364700,b8a72020028457378d456be4bb966d45,pair_formed_naturally,exact,exact,1.0,1.0
908ce4faf80cbf7f5c5b12c879b3e86f,aa3f0a9e87993203f9cffe5ed23c9c74,pair_formed_by_refactoring,moved,moved,1.0,1.0
90bacf4ab862823f505ccbdf6416b6e3,988d433aa2f4a2215e3dd522df50a527,both_added,added,added,,
90c26f7391cb6244a0236d67a75ff52c,ac3bfc1d8cb0cbc1f1ef2e7995aaf848,both_added,added,added,,
90c26f7391cb6244a0236d67a75ff52c,e73ea449ed550c8626725ae55b6b791d,both_added,added,added,,
90e60c0cb93a72d38cb3ca536ecbf6c4,ebb3faa0f5cc1c23fc5ee6aa32cb9fc3,both_added,added,added,,
90fd0bc2c21fcace942e883a4ea5f528,d61a80052c86923e9490e343717c3f4a,pair_formed_naturally,exact,exact,1.0,1.0
913f07c0f94cbe63c4b439ef69e12e1b,9b46d1611d2098823c2f97faa2dcb54c,pair_formed_by_refactoring,exact,renamed,1.0,0.92
9150f5447de1568b3302ab16a3cb0f4c,eed05e533b05cbb95fac4f229e541693,pair_formed_by_refactoring,signature_changed,exact,0.94,1.0
91b83dc841e0e5fae4e64358729f6cb5,9cee607222da0bed58831f1413a824b2,pair_formed_by_refactoring,refactored,signature_changed,0.8,0.83
91fe201e6ca1c5bb88db6a7d425226aa,adf9f2cee6c493e40cfc6df82416373d,both_added,added,added,,
91fe201e6ca1c5bb88db6a7d425226aa,b198869131787b0fbebd8f2a65575a23,both_added,added,added,,
923c61db6a6545099ff520324e2437cc,9915f9c5828187d62018695896f504b0,method_b_added,exact,added,1.0,
923fdd20d22fe3e282d4ac972ced7577,a3a37bbd9931f8fd18d7a6b9360a7049,pair_formed_by_refactoring,exact,moved,1.0,1.0
924ca859d9a05fb553f3f19b7a3137f3,9e3425e784151086bc54e287c7a3736f,both_added,added,added,,
924ca859d9a05fb553f3f19b7a3137f3,b896bdca9a5617b97bea1a91a29e9440,both_added,added,added,,
924ca859d9a05fb553f3f19b7a3137f3,bf7416e524f55289bc5e0f263585595b,both_added,added,added,,
92df2483e9c9f794a34c8965d8c7e657,bcf96dd57290c6f45e95ffa2002a817b,pair_formed_naturally,exact,exact,1.0,1.0
92df2483e9c9f794a34c8965d8c7e657,c70f02709242e30594c4ff586f73e5b2,pair_formed_naturally,exact,exact,1.0,1.0
93b7d6bdc07aa5aa52f34014814810fa,abea7248437a463c3d2dae5c90f71d65,method_b_added,signature_changed,added,0.73,
93c4c262b5217fdab7f36a88c6f50097,d981a1135866fdadda2c74c7153dde90,pair_formed_by_refactoring,exact,signature_changed,1.0,0.87
93df9821093d897ccd6e3930f314ff0f,a568c0973e1c29baaf343e5967854260,pair_formed_by_refactoring,exact,signature_changed,1.0,0.97
93df9821093d897ccd6e3930f314ff0f,cfcdf642acc2b37c90f5a847d97ec90c,pair_formed_by_refactoring,exact,signature_changed,1.0,0.87
93f6add50eb1dd05c417b39575bd0738,97f6fc575edab1b0bf698ce9157b95b4,pair_formed_naturally,exact,exact,1.0,1.0
94009a0281f83984bcdedd531030c10d,dc993318fc378cd3d4c9ea044f9a9db1,pair_formed_by_refactoring,moved,moved,1.0,1.0
94545d85685eacb8e2f1c0b6f822831a,e2c0516143606f13037977e90d545b17,pair_formed_by_refactoring,signature_changed,signature_changed,0.89,0.94
946400efb0ef3ccbc482102aaed85606,d6776e1b603492648e202f2b52a582d3,method_a_added,added,exact,,1.0
9487ce28d05ae1394a292bf217d7137c,ae9d872f906985fcd8be1f89ddc28f72,pair_formed_naturally,exact,exact,1.0,1.0
948fab98717bb2c5e313cecdb3cccb33,9a89353cf3dbc1c54be58ab1bc476b53,pair_formed_naturally,exact,exact,1.0,1.0
94b3e1abe17052f17a2a042e80428bd9,b666e7a65c336e5c86a4946607bafc85,pair_formed_by_refactoring,renamed,renamed,0.97,0.98
953a66aeecc1a358d9ac3261b4d744f8,f8482641c56c8c4379386834ccd99b5f,pair_formed_by_refactoring,token_hash,moved,1.0,1.0
955546eb59bf7f29f0bbae7fa4cfb806,f9a1563ac5f1d0bc31240528f6218ae0,pair_formed_by_refactoring,signature_changed,unknown,0.75,
956f5d614a94c43ee9e38d059d45599f,c749ee3397a36cd7dfc89d9df682c382,pair_formed_by_refactoring,moved,exact,1.0,1.0
95d99f51a1bc93460e9ca129109f201b,b05811d6340a94ee7a8b41dbad4375e6,pair_formed_naturally,exact,exact,1.0,1.0
95fbd6c847f8ee7c29894cc008babfe4,f6bf24627c08223e1eef91169a9a6e14,both_added,added,added,,
972022cdd79c4a16a7415a80eba29257,9e41aed1751fb2fb6a72bcac98b56580,pair_formed_naturally,exact,exact,1.0,1.0
97436730aa59e4882cd561210ff82e58,adf9f2cee6c493e40cfc6df82416373d,both_added,added,added,,
97436730aa59e4882cd561210ff82e58,d2c009b70615ee8eff2869bdb02d1a39,both_added,added,added,,
97f6fc575edab1b0bf698ce9157b95b4,98fa9a5ee2f70c25987a41e1862e3d93,pair_formed_naturally,exact,exact,1.0,1.0
97f6fc575edab1b0bf698ce9157b95b4,cbc21c18ceab774131e40beb2d4d2033,pair_formed_naturally,exact,exact,1.0,1.0
980c51f3c50016c094a118c178e1cc9a,a791a73aeec87b943dc9991f1ac9e0e4,pair_formed_by_refactoring,moved,moved,0.98,0.93
980c51f3c50016c094a118c178e1cc9a,dd81c52542b78f1301209ce7536cc8cc,pair_formed_by_refactoring,moved,moved,0.98,0.9
9817f8d4356c2065fc3df66b0823c435,eae6c3f131dfd928b82c8da81a495e04,pair_formed_naturally,exact,exact,1.0,1.0
9843a565e2eaa640f71911eef5bb39d5,d6776e1b603492648e202f2b52a582d3,pair_formed_naturally,exact,exact,1.0,1.0
984c0cb6674ea57a5d06596476ea9f7c,e9b8a68597ca6ba50f8ef2d7a4fb2153,pair_formed_naturally,exact,exact,1.0,1.0
98905fc446448f6980e8e502102056df,b4b73395f16a0e300e2e7a163b7dad56,pair_formed_naturally,exact,exact,1.0,1.0
98d1ece9aa73c3dc4fccc05ee767376f,f2f43dd73b2af901a963015fc1f7abfe,pair_formed_naturally,exact,exact,1.0,1.0
98fb6ba6c9cf9e5b846f2873f7ec9605,babf6930b7264fc80f5cfe7c8e668e4f,pair_formed_naturally,token_hash,exact,1.0,1.0
99c97449ab7b0f4e751e708c1058ffb5,9f3e47aac15844f586f756200735ac73,pair_formed_naturally,exact,exact,1.0,1.0
99c97449ab7b0f4e751e708c1058ffb5,a1cf7a713c069d18cb7af1aac435402e,pair_formed_naturally,exact,exact,1.0,1.0
99c97449ab7b0f4e751e708c1058ffb5,cf6e83fca3f0551e23aba70718268f41,pair_formed_naturally,exact,exact,1.0,1.0
99c97449ab7b0f4e751e708c1058ffb5,eb6402a0e11175fb99b61d4ad43edac8,pair_formed_naturally,exact,exact,1.0,1.0
99d278341c120005bf662839dfb04edb,9a574f6c3809fa693f84d322f40cc281,method_b_added,token_hash,added,1.0,
9a0df2c7b9a623c4fdd8820562574c43,d2ace6f06ab94d616b2a87bdf5bb1852,pair_formed_naturally,unknown,unknown,,
9a0df2c7b9a623c4fdd8820562574c43,d4a2db054805c5d506af42e55d1e1f46,pair_formed_naturally,unknown,unknown,,
9a0df2c7b9a623c4fdd8820562574c43,e7590af61b2b67513c4c70afc38e902a,pair_formed_naturally,unknown,exact,,1.0
9a52e67485fc2fe6190cfbdd0beb4d89,9fcda9bb6be3889f54a3705ff931570d,pair_formed_naturally,exact,exact,1.0,1.0
9a540bfd641c4dbe01377ed1ae7459e0,ab749cdf1f1ffaf3f414ef4cf40b072f,pair_formed_naturally,exact,exact,1.0,1.0
9a649374ea0a9591fdcb196615a419f5,c173e1104002a6ac519ef951d52050f2,both_added,added,added,,
9ab4dbd556ee111ec9a1366cb7657104,ab97d1ca23655b100cc2a5741ea4e8ac,pair_formed_by_refactoring,moved,moved,0.92,0.92
9b3761805331a8289e1afd929a19627e,a323055fedfe7eb27f4b40ec6048ed3f,pair_formed_by_refactoring,moved,unknown,1.0,
9b5c69a75409138b15a194cb6ecebfb1,ea55401ec84dc13b219deb5270bbbe8c,method_a_added,added,exact,,1.0
9b961ce80f297759ff4535f99b6b7634,d02f6d979713eb36394894fc06a62ce6,pair_formed_by_refactoring,exact,signature_changed,1.0,0.86
9b99a65371398326e35fb9b71782144c,d96c01644aa92409befed2356bb815c8,pair_formed_naturally,exact,exact,1.0,1.0
9b9e5689228eee20e5578b670ef899a3,c5614c4dc526dd9877de5e310f10a818,pair_formed_by_refactoring,signature_changed,signature_changed,1.0,1.0
9b9e5689228eee20e5578b670ef899a3,da79b75692d793fd027c1bdb9e88afaf,pair_formed_by_refactoring,signature_changed,signature_changed,1.0,1.0
9b9e5689228eee20e5578b670ef899a3,ed9827fde5b39d32c4674e0c01bbc2f9,pair_formed_by_refactoring,signature_changed,signature_changed,1.0,1.0
9b9e5689228eee20e5578b670ef899a3,fc813a41c8839ea6da3ef1eabc5c48ec,pair_formed_by_refactoring,signature_changed,signature_changed,1.0,1.0
9b9e5689228eee20e5578b670ef899a3,febfde70a9bdfd412e2e8d269e562234,pair_formed_by_refactoring,signature_changed,signature_changed,1.0,1.0
9bbed3cda8630472b8de01321a3361c0,df67b7a6bf40db0b20a3a7959bd0b216,both_added,added,added,,
9c081734359d66aaf7cc160c7b81a225,dfad2ee729c5b4c6a23aeab803c1ff23,pair_formed_naturally,exact,unknown,1.0,
9c081734359d66aaf7cc160c7b81a225,e9f004287378fabb9936f0203478fe99,pair_formed_naturally,exact,unknown,1.0,
9c13ca7bd5a76e8a8ab32fb400d5a85b,b86f50d0f58430b4875e03302b2d3cf6,method_a_added,added,refactored,,0.84
9c13ca7bd5a76e8a8ab32fb400d5a85b,ed33d5a2853e42ecb654f8ee85189972,both_added,added,added,,
9c5a710ad7ef2a14e9804667f44ce432,ac4f6713b8ddbd03a9905e16db627a21,pair_formed_naturally,token_hash,exact,1.0,1.0
9cb387dc0aed3779c697b378e6a1b9ee,c457443a348b6e868c09197d3bfd9cad,pair_formed_naturally,exact,exact,1.0,1.0
9cb387dc0aed3779c697b378e6a1b9ee,cd06450ca7b91ddde5f2621d93e398c6,method_b_added,exact,added,1.0,
9cb949ac88c0f2326794c07a78bdf6ec,c75f22659bfe3d001aa717b8a93a3e99,pair_formed_by_refactoring,exact,signature_changed,1.0,0.93
9d224917dffad1683561f520a0aa694d,dccb1e59429509190f780e0fccff4c72,both_added,added,added,,
9d743c65569204a5a2fb459b91955d1e,a4c42aba57a6b1b856149e97eb646be4,pair_formed_naturally,unknown,exact,,1.0
9e3425e784151086bc54e287c7a3736f,b896bdca9a5617b97bea1a91a29e9440,both_added,added,added,,
9e3425e784151086bc54e287c7a3736f,bf7416e524f55289bc5e0f263585595b,both_added,added,added,,
9e51868a20936fccb5004de2b0dede61,b130b07ffbe16e4c58b8f97c03a50996,method_a_added,added,unknown,,
9e51868a20936fccb5004de2b0dede61,ed8be9f08ee059a4c3ebe10b6fd09ccb,method_a_added,added,token_hash,,1.0
9ebe263699a213095fba51850331a55c,d268bb4b815ee5adb189314bedb66925,both_added,added,added,,
9ebe263699a213095fba51850331a55c,ffee68a3a56d5d7878a8d58df79b7f0c,both_added,added,added,,
9edf5a7c0ec93771351893b857b91486,a3f32618fae54884ee5020fafa3584bb,method_a_added,added,signature_changed,,0.84
9edf5a7c0ec93771351893b857b91486,a78ed56ea9d9a9dd1ce42c10c90baa1d,method_a_added,added,signature_changed,,0.83
9edf5a7c0ec93771351893b857b91486,d53d08d8630e9e059f692ccd90fce52f,method_a_added,added,signature_changed,,0.8
9f3e47aac15844f586f756200735ac73,eb6402a0e11175fb99b61d4ad43edac8,pair_formed_naturally,exact,exact,1.0,1.0
9f5e112c53dd9316ef66c8bd3d47f9d1,a194e27edba6a232102712d521299379,both_added,added,added,,
9f68c12abf306edf4a48963f4f9df4c2,ef8c2b44b02b743b541480cc77c72c6c,pair_formed_by_refactoring,moved,moved,0.98,0.98
9f8c27695df53baecfeb13068bfba108,d0d07900f5cc45af7acf33639aa3877b,pair_formed_naturally,exact,exact,1.0,1.0
9f8c27695df53baecfeb13068bfba108,e6c2b59fa7c23242316b868df61827ae,pair_formed_naturally,exact,exact,1.0,1.0
9ff35d8485ede7937dcb09e1fc522f41,d981a1135866fdadda2c74c7153dde90,pair_formed_by_refactoring,unknown,signature_changed,,0.87
a0043d2392d2594af82947f05c530998,bfb6d0fa757d4069f4a6c8e8fb52fb45,pair_formed_naturally,exact,exact,1.0,1.0
a0637457455cbac7a236ad6abbc96fe0,adf9f2cee6c493e40cfc6df82416373d,both_added,added,added,,
a0637457455cbac7a236ad6abbc96fe0,b198869131787b0fbebd8f2a65575a23,both_added,added,added,,
a08bf01af53c763464a25a8168f8a3ed,aba0c04c601402a89cb324257f5845ad,pair_formed_naturally,exact,exact,1.0,1.0
a08bf01af53c763464a25a8168f8a3ed,bce7f657968345f43939a7f6e5365620,pair_formed_naturally,exact,exact,1.0,1.0
a08bf01af53c763464a25a8168f8a3ed,cd86b06c1a6e1aac763e415c9fb5862e,pair_formed_by_refactoring,exact,signature_changed,1.0,1.0
a0dbef3f1b210ed8d358e6cde841d321,f59ce5d0c8aae5377e316204039f4bca,method_b_added,unknown,added,,
a1cf7a713c069d18cb7af1aac435402e,eb6402a0e11175fb99b61d4ad43edac8,pair_formed_naturally,exact,exact,1.0,1.0
a1f0038e3f98d6a1b8eab8e57a473971,c64fd5022091dd7be65393f2547fb95b,pair_formed_by_refactoring,unknown,signature_changed,,0.81
a20237b2c5a7e735c6344758d5035199,c9ec8ac61198def5dfb5229a0183a17e,both_added,added,added,,
a20ef3efd8a65e576f2d521cc957976c,b249fb9fcfda294d12c98d3dcdc12de2,pair_formed_naturally,exact,exact,1.0,1.0
a27468dafc0860b4137d4089e95415d8,d350b0683d4e448e8b89fe428efbd654,both_added,added,added,,
a31b9bee0a3502bd1243fcaaf29d809f,add2723a6d685a4d38dec0ef886c730a,pair_formed_by_refactoring,moved,moved,1.0,0.98
a3d6990b548d6badc04b161a4a1afb48,a4a560f925c19a9cdd0ee286ed33fc99,method_a_added,added,exact,,1.0
a3e1ee8f7b141ffdf2bc38b62996b2ca,f2f07d52c8c4fcdfee1f447c648eb8ff,method_b_added,exact,added,1.0,
a3f32618fae54884ee5020fafa3584bb,a78ed56ea9d9a9dd1ce42c10c90baa1d,pair_formed_by_refactoring,signature_changed,signature_changed,0.84,0.83
a3f32618fae54884ee5020fafa3584bb,ae08da79794ffb0cb32999ab282eb798,pair_formed_by_refactoring,signature_changed,signature_changed,0.84,0.9
a3f32618fae54884ee5020fafa3584bb,bd63eed6457be0138724af3fecbff1e2,pair_formed_by_refactoring,signature_changed,signature_changed,0.84,0.77
a3f32618fae54884ee5020fafa3584bb,d53d08d8630e9e059f692ccd90fce52f,pair_formed_by_refactoring,signature_changed,signature_changed,0.84,0.8
a3f501e329ba60ad2680cadf80caeb5a,a9c96c9ebc8b72dfaabab0798c810831,both_added,added,added,,
a3f501e329ba60ad2680cadf80caeb5a,bc6056c044a8ba29d1c0fb1944eda7c8,both_added,added,added,,
a4114b6c0153dab2bb630843b219c7ac,d5a4ea8ce52d173156d5d261c4e7b1dd,pair_formed_naturally,exact,exact,1.0,1.0
a441330a8383eaa3b1b2f6fc1eb73c44,b2defe37f0fbea093bf98874fcd42b51,pair_formed_by_refactoring,signature_changed,exact,0.94,1.0
a4c42aba57a6b1b856149e97eb646be4,f8748e06859850b066b780fcc787bb99,pair_formed_naturally,exact,unknown,1.0,
a568c0973e1c29baaf343e5967854260,cfcdf642acc2b37c90f5a847d97ec90c,pair_formed_by_refactoring,signature_changed,signature_changed,0.97,0.87
a5871218e835135938526e714eb41c5c,ee42542ed5ff9dfd6591e7b1a32b08ef,pair_formed_naturally,unknown,exact,,1.0
a5a65272683cd0e45157d2ae3408792a,cbc11b341cad7a641a86008b91e5e046,pair_formed_naturally,exact,exact,1.0,1.0
a6066efbe453a469c35d626f9386e318,ab6418af0c4dfdc9a79e5aaed0f5ee8b,pair_formed_naturally,exact,exact,1.0,1.0
a6066efbe453a469c35d626f9386e318,bce7f657968345f43939a7f6e5365620,pair_formed_naturally,exact,exact,1.0,1.0
a611031423be8ca25716c426355d36cc,b7714be4d16e93b61b9b2a9eb33112c5,pair_formed_naturally,exact,exact,1.0,1.0
a627b5f9586e5418e26b2f64efe47d8d,b906d62553f7890c606dd67582b0ce2b,both_added,added,added,,
a627b5f9586e5418e26b2f64efe47d8d,ece28719c159972b24554e83f9583d41,method_a_added,added,exact,,1.0
a6963e6dc1ca0b1c9f86e4a76e9a1c27,bf3fe8eb22682c5b351c34b5c376ba67,pair_formed_by_refactoring,signature_changed,exact,0.94,1.0
a696c25fb0a11d38b6a1d6022ad9283f,ce170665674034c026203c149ffd3fb1,pair_formed_naturally,exact,exact,1.0,1.0
a78ed56ea9d9a9dd1ce42c10c90baa1d,bd63eed6457be0138724af3fecbff1e2,pair_formed_by_refactoring,signature_changed,signature_changed,0.83,0.77
a78ed56ea9d9a9dd1ce42c10c90baa1d,d53d08d8630e9e059f692ccd90fce52f,pair_formed_by_refactoring,signature_changed,signature_changed,0.83,0.8
a791a73aeec87b943dc9991f1ac9e0e4,dd81c52542b78f1301209ce7536cc8cc,pair_formed_by_refactoring,moved,moved,0.93,0.9
a7b2ef944ff4de22ec5bc6687f390bc9,acf97de2df8eec64804637f144bdd27b,both_added,added,added,,
a7db25935c773a2ba6313193b7fe4828,b553e7b2db0bc9908a1313c7bdb76ec8,pair_formed_by_refactoring,token_hash,moved,1.0,1.0
a7e0f512e48d90098d126f6e4336cdcc,c1e76149128054dc1960b127c78caeb5,method_b_added,exact,added,1.0,
a7e0f512e48d90098d126f6e4336cdcc,d74f64cb6b297c072633a9cf0b65245a,pair_formed_naturally,exact,exact,1.0,1.0
a7e0f512e48d90098d126f6e4336cdcc,f86f43dc582bf8474e201757e18cbb90,pair_formed_naturally,exact,exact,1.0,1.0
a7e707fc029d12968e8b10270f44b0a4,aa09b9aba6b6e2b47f279dd2f77a8ce7,both_added,added,added,,
a7e707fc029d12968e8b10270f44b0a4,b83c61767aa8a740aa7ae3acff3a759c,both_added,added,added,,
a7e707fc029d12968e8b10270f44b0a4,d98777d382334508842a87fcb73d239a,both_added,added,added,,
a7ec9eed87059a7bbcca81300a4f263f,ade5ae76b13e1af1c7c4a4501b832f08,both_added,added,added,,
a856a6e2acfd6edd1a4234e246af0ee8,a9800e8c24c95f752377bc281d747e2d,both_added,added,added,,
a856a6e2acfd6edd1a4234e246af0ee8,b09a48c0ca97db11fa7b343bd6725213,both_added,added,added,,
a8a9b5bbb736daa665a612fca5cf01b7,dd9deef02dc9e166cce02078cf161be2,pair_formed_naturally,exact,exact,1.0,1.0
a8e5da514c316abbd919117fa50c97b0,b3a6a973a0d07c986cb91adf897ac946,pair_formed_naturally,exact,exact,1.0,1.0
a95f9d4fbc9ae390281bd047403150f6,d5c4b635b66477f263d6b322e0e60851,both_added,added,added,,
a9800e8c24c95f752377bc281d747e2d,b09a48c0ca97db11fa7b343bd6725213,both_added,added,added,,
a99669084a9a31b8e0a1a0215a024c74,c8ca87b68c60ce5fd98e9ce77e0a196a,pair_formed_naturally,exact,exact,1.0,1.0
a9c96c9ebc8b72dfaabab0798c810831,bc6056c044a8ba29d1c0fb1944eda7c8,both_added,added,added,,
a9f4d534de8452a143ed62e78e991268,d0d07900f5cc45af7acf33639aa3877b,pair_formed_naturally,exact,exact,1.0,1.0
a9f4d534de8452a143ed62e78e991268,e6c2b59fa7c23242316b868df61827ae,pair_formed_naturally,exact,exact,1.0,1.0
a9f86c271bc0ea825df952f773f298c8,ce465decb6a6844b55e8bddafe3ace23,pair_formed_by_refactoring,signature_changed,exact,0.97,1.0
aa09b9aba6b6e2b47f279dd2f77a8ce7,b83c61767aa8a740aa7ae3acff3a759c,both_added,added,added,,
aa09b9aba6b6e2b47f279dd2f77a8ce7,d98777d382334508842a87fcb73d239a,both_added,added,added,,
aa0ce510c78402ee1fe7415a757b073a,d8608d9ba1caaba86767baa012798382,pair_formed_naturally,exact,exact,1.0,1.0
aa11e6d286f3cc968cca5d33fe34365b,ef20ebbf542a8dab8ce3787109dbef6f,pair_formed_naturally,exact,exact,1.0,1.0
aa191fb7959ae4ab2b2203530e85af9e,adbac14f8195ac3d773671c509c1e38e,pair_formed_by_refactoring,token_hash,moved,1.0,0.96
aa33b86e855b7f54520fceee35946314,d02babebe387c9a85193ed031b9e5cfc,pair_formed_naturally,exact,exact,1.0,1.0
aa3ae55cbc54750d59d4961352b3e69d,f749b3c83ba06fbc09b6fc0abc165e54,both_added,added,added,,
ab41c7cd8e23c2fbfc2a2da96da779c4,b5213162c6f68d65679346d31d0c4da8,pair_formed_by_refactoring,moved,moved,0.98,0.91
ab6418af0c4dfdc9a79e5aaed0f5ee8b,bce7f657968345f43939a7f6e5365620,pair_formed_naturally,exact,exact,1.0,1.0
ab97d1ca23655b100cc2a5741ea4e8ac,ac8c724137bf989ca7850b6950991e1e,pair_formed_by_refactoring,moved,refactored,0.92,0.89
aba0c04c601402a89cb324257f5845ad,bce7f657968345f43939a7f6e5365620,pair_formed_naturally,exact,exact,1.0,1.0
aba0c04c601402a89cb324257f5845ad,cd86b06c1a6e1aac763e415c9fb5862e,pair_formed_by_refactoring,exact,signature_changed,1.0,1.0
ac2e8fcdd3d5b7db82bc27fd82635a8e,b474fe5d9fb9c774e894f178a833c1f0,both_added,added,added,,
ac4f6713b8ddbd03a9905e16db627a21,babf6930b7264fc80f5cfe7c8e668e4f,pair_formed_naturally,exact,exact,1.0,1.0
accf65e643a55a6073288504d67ea607,ce7b66c73d897be7794c55658544e461,pair_formed_by_refactoring,exact,moved,1.0,1.0
ad0d49a66e1ae2a6f16a133468c7cd12,bb30e10932e3b29f92ae961f2099a076,pair_formed_naturally,exact,exact,1.0,1.0
adb1d996ec2b8cdd2b99e734329341cc,b130b07ffbe16e4c58b8f97c03a50996,method_a_added,added,unknown,,
add2723a6d685a4d38dec0ef886c730a,d193da34b66a7aa98798b2cd3a465b4e,pair_formed_by_refactoring,moved,moved,0.98,0.98
add2723a6d685a4d38dec0ef886c730a,d309a35f112c29aedc47974835aeda4b,pair_formed_by_refactoring,moved,moved,0.98,0.98
adf9f2cee6c493e40cfc6df82416373d,d2c009b70615ee8eff2869bdb02d1a39,both_added,added,added,,
ae08da79794ffb0cb32999ab282eb798,d53d08d8630e9e059f692ccd90fce52f,pair_formed_by_refactoring,signature_changed,signature_changed,0.9,0.8
ae4bc75f55a2042ced0c0b8ee3d7ae9a,cbf2ff17b3db99fa52fa61fb2f18f782,pair_formed_naturally,exact,exact,1.0,1.0
ae9f35e15fd92bd62d817fcfed470a14,c659fcf7bfb3cd4faf3ce3b3275b8802,both_added,added,added,,
aecd64a84d0dfc997b90cde79c71315a,b237f3adf3ce577a8c8ef960db2db675,pair_formed_naturally,exact,exact,1.0,1.0
af0c5c64ae94812694f3aeecd7e1c4e6,e6a4b7e1729f7eea97031cf5164af7a1,method_a_added,added,signature_changed,,0.96
af0c5c64ae94812694f3aeecd7e1c4e6,f49d95fac0e4b76e587a9cd898310523,both_added,added,added,,
afdc964c5e9cece9ab3b7fd7effdc860,b15f8d73e9074c9e97ad8bed9a9fb89b,pair_formed_naturally,exact,exact,1.0,1.0
b017a192a76b9f1717d516e481998024,b9b50b2e20dc929a4240d56df063cf25,both_added,added,added,,
b0671e6bebcd23a33d89734bf107bcd8,c048733ffcc6a69d5403635e4e573872,both_added,added,added,,
b0c34380392cce3b23f999d8106194c9,ff09791adc33953bc5db5c096bb5e974,pair_formed_naturally,exact,exact,1.0,1.0
b0e8c82431a65eb4ecbf87bb123a6a0d,ca5fe635ffba24d5ff8b3f7ee1f2b6d7,pair_formed_by_refactoring,refactored,refactored,0.89,0.89
b0e8c82431a65eb4ecbf87bb123a6a0d,e31a0f4784257f6da45dfb0367bb18c8,pair_formed_by_refactoring,refactored,refactored,0.89,0.89
b10a68137ee8d8905de6fda5c4f41ee6,b906b2d820141dfba8a20c8e0da67b6a,pair_formed_by_refactoring,signature_changed,signature_changed,0.87,0.91
b249fb9fcfda294d12c98d3dcdc12de2,cd06450ca7b91ddde5f2621d93e398c6,method_b_added,exact,added,1.0,
b2a800c8a889ccd09164b9684a055ee8,e2b3f10eedf4a59bf5641146f40644a0,both_added,added,added,,
b2b14a2de2743eaf06f628fddf0008b7,cd6c6d0cf46e337fa8e83cdf6a635721,pair_formed_naturally,exact,exact,1.0,1.0
b2b14a2de2743eaf06f628fddf0008b7,d453fc68d34bc970735f042fec3ead7e,pair_formed_naturally,exact,exact,1.0,1.0
b2b14a2de2743eaf06f628fddf0008b7,e694ea6950574fb9a18dd59788c1dcb7,pair_formed_naturally,exact,exact,1.0,1.0
b3054e98d08cfde359988d725e9acbb5,ce7b66c73d897be7794c55658544e461,pair_formed_by_refactoring,exact,moved,1.0,1.0
b31bc71394fcb8aefc7de8de1a9c4f8a,f6d4b05c6ba4d73215600bce66a12162,pair_formed_naturally,exact,exact,1.0,1.0
b3849777818d4bb63ba6b94dd4101d9c,b523d560ca4a26e9245c576fd9531cd6,method_b_added,exact,added,1.0,
b3849777818d4bb63ba6b94dd4101d9c,b9b34638adb0e941c163791730c7878b,pair_formed_by_refactoring,exact,renamed,1.0,0.98
b3a61c9fcb89817e7995222df77b36d4,c1cc8a1b4e1ab321fcb4702baf5eab84,pair_formed_naturally,unknown,unknown,,
b3a61c9fcb89817e7995222df77b36d4,c5fd87924807718375770fe900193cc6,pair_formed_naturally,unknown,unknown,,
b3e6ba177851f182907ef1a5f341925f,d75abc9b6ec91e986f37ee521b207ca1,pair_formed_by_refactoring,moved,moved,0.99,0.94
b3e6ba177851f182907ef1a5f341925f,e1bd6d469b3491bb1be815b6c6f51559,pair_formed_by_refactoring,moved,token_hash,0.99,1.0
b463aafe941c18d4aa9d5724152a9851,e5cc66403e8a63ed26f41d2485e82982,method_a_added,added,refactored,,0.87
b463aafe941c18d4aa9d5724152a9851,fddc296387fbb8b1d697402eeeb420ab,method_a_added,added,refactored,,0.82
b4ecce679916f097313b3820c5a741fa,dbaf00143b4c7272eb83ea7fd5661af4,pair_formed_by_refactoring,renamed,renamed,0.94,0.94
b4ecce679916f097313b3820c5a741fa,eb82d5e5c2bb6a4c76bfab3cf1a3ad05,pair_formed_by_refactoring,renamed,exact,0.94,1.0
b5213162c6f68d65679346d31d0c4da8,d4d3d752e53086d6e37ce5360e52c50b,pair_formed_by_refactoring,moved,exact,0.91,1.0
b523d560ca4a26e9245c576fd9531cd6,b9b34638adb0e941c163791730c7878b,method_a_added,added,renamed,,0.98
b567d1b0a7c25e2bec970a1c6c8b2b29,d4d6b58b737f49b8e5fc5b6a30264d4c,both_added,added,added,,
b57e562a81d88a43a0315c231d651ebb,c678e2e5fc69d2b332933af1ace4b8a5,pair_formed_by_refactoring,exact,signature_changed,1.0,0.97
b5a84206593f350b4cd5420ce4268395,f98f434d07bfafa461063472c74c17a0,pair_formed_naturally,exact,exact,1.0,1.0
b5b9be7b54f8d0d9a2bffd4a37b33c16,eb998dcb1e7e9c8bbb51a9ebefb576a3,both_added,added,added,,
b5dd2e690e413ddafed2ad9f099617b4,bb286639cd52102967c29bf3b462a0c2,pair_formed_by_refactoring,exact,signature_changed,1.0,0.98
b5e240780d825185dcf45b8443aeaa12,dfec7fa2d2ca9849126bd77ba25bd68f,pair_formed_naturally,exact,exact,1.0,1.0
b603358902dd79c5d92863a9958e3c92,e8f752a228a2d91a8aefeb86f4c21a6d,pair_formed_by_refactoring,moved,token_hash,1.0,1.0
b67634b3c89c79282d12dc71bbc08244,e941890236a7a70456b2dd0f3f72c3c5,method_a_added,added,unknown,,
b74184add8323b3498d1ecb41f1384df,c6b4a2cdd31da264ebeacd5f5f265f75,pair_formed_naturally,exact,exact,1.0,1.0
b74184add8323b3498d1ecb41f1384df,d173653b28b04ef417c499ae526cb1c9,pair_formed_naturally,exact,exact,1.0,1.0
b77ebecba9b7c92ffbeedb2b03213a15,f398f51578d05c3800cf4947bc2f39c7,method_a_added,added,exact,,1.0
b7c7a8f09e4adfa52a703f5375334349,df67b7a6bf40db0b20a3a7959bd0b216,both_added,added,added,,
b7e7d3fa5b100f56a0941f4b5cd1dc09,e968392c6e8132b7a72dd50aa4e0352b,pair_formed_by_refactoring,moved,token_hash,0.97,1.0
b80b85bb88bbecac2378c5e712326cb6,d0b50da4709d4b2d0aebf753d33e1d6e,method_a_added,added,exact,,1.0
b83121acf801a06e22c5b7f940183671,bb286639cd52102967c29bf3b462a0c2,pair_formed_by_refactoring,exact,signature_changed,1.0,0.98
b83c61767aa8a740aa7ae3acff3a759c,d98777d382334508842a87fcb73d239a,both_added,added,added,,
b86f50d0f58430b4875e03302b2d3cf6,ed33d5a2853e42ecb654f8ee85189972,method_b_added,refactored,added,0.84,
b879779ae5555b09513e61f8fef6746f,bdcd3f8a96adf4008cd40fefd7e6b79b,pair_formed_naturally,exact,exact,1.0,1.0
b879779ae5555b09513e61f8fef6746f,c5feb2dc11be8b19764e388b878bd372,pair_formed_naturally,exact,exact,1.0,1.0
b896bdca9a5617b97bea1a91a29e9440,bf7416e524f55289bc5e0f263585595b,both_added,added,added,,
b8c79387309b6f6d52f066528b6dd5d6,d8e13eb5392f9bb279a6307892cef7d5,pair_formed_naturally,exact,exact,1.0,1.0
b8c79387309b6f6d52f066528b6dd5d6,eb8619662ee09b73e166dad91ebe87a9,pair_formed_naturally,exact,exact,1.0,1.0
ba9494aef15af5913a694c61b28c7f80,ee42542ed5ff9dfd6591e7b1a32b08ef,pair_formed_naturally,exact,exact,1.0,1.0
bb016eccdcdaef47e1ba6420c908d4db,cf4252de2e603b6fadc464a46c017342,pair_formed_naturally,exact,exact,1.0,1.0
bb1223dbbdc2834f048c7b73861ef3f1,e623a4c568a4343dc2b7b29bf16299b8,method_b_added,moved,added,0.98,
bb286639cd52102967c29bf3b462a0c2,d10dda36dc41ae1141b8c8036263e9c6,pair_formed_by_refactoring,signature_changed,signature_changed,0.98,0.96
bb286639cd52102967c29bf3b462a0c2,e6a4b7e1729f7eea97031cf5164af7a1,pair_formed_by_refactoring,signature_changed,signature_changed,0.98,0.96
bbaabf9c4e905bd010257c6241158d18,fb9d97015b10d051cb75d0fd2da1bd30,pair_formed_naturally,exact,exact,1.0,1.0
bbaabf9c4e905bd010257c6241158d18,fc6c4df072b4528dd79a7701edc1954f,pair_formed_naturally,exact,exact,1.0,1.0
bbb27785578c047b484d70a0b1a6b9c3,c3f9d7af7e2a33d3be0bc0a088b70a0a,pair_formed_by_refactoring,moved,moved,1.0,1.0
bc1855afcd38c00af7af6da6f85db816,fbd0f939021758e5529136b513bbc2af,pair_formed_naturally,exact,exact,1.0,1.0
bc498fccceacb0e264257085a5e81c0c,f8482641c56c8c4379386834ccd99b5f,pair_formed_by_refactoring,moved,moved,1.0,1.0
bce7f657968345f43939a7f6e5365620,cd86b06c1a6e1aac763e415c9fb5862e,pair_formed_by_refactoring,exact,signature_changed,1.0,1.0
bcf96dd57290c6f45e95ffa2002a817b,c70f02709242e30594c4ff586f73e5b2,pair_formed_naturally,exact,exact,1.0,1.0
bd63eed6457be0138724af3fecbff1e2,d53d08d8630e9e059f692ccd90fce52f,pair_formed_by_refactoring,signature_changed,signature_changed,0.77,0.8
bd91c1aba412654c0464f00886f83e80,dda82ca6b0ccd34794cfe55f44103686,both_added,added,added,,
be8e8c7d46a95bbb329fac0690d48c9c,bee12f1e26adc0f471a890e197bf825f,pair_formed_naturally,unknown,exact,,1.0
be8e8c7d46a95bbb329fac0690d48c9c,c1cc8a1b4e1ab321fcb4702baf5eab84,pair_formed_naturally,unknown,unknown,,
be8e8c7d46a95bbb329fac0690d48c9c,c5fd87924807718375770fe900193cc6,pair_formed_naturally,unknown,unknown,,
bee12f1e26adc0f471a890e197bf825f,c5fd87924807718375770fe900193cc6,pair_formed_naturally,exact,unknown,1.0,
bf047d41b81205971fef2df06feb6a58,fd609c530fbf9e4ddd1b7643a45d9d36,both_added,added,added,,
bf3fe8eb22682c5b351c34b5c376ba67,e8dbe7d4d4934de2faec73a98b451058,pair_formed_naturally,exact,exact,1.0,1.0
bf8c8522f4a6e120b8be633372315c87,df9a7b6577d616c98971edb28a5b3b98,pair_formed_naturally,exact,exact,1.0,1.0
bfb6d0fa757d4069f4a6c8e8fb52fb45,ff299c404c33bf2f477c686f7071a277,pair_formed_naturally,exact,exact,1.0,1.0
c0797c7fdf7e35ec97dcd40cfe5f7870,ea5449fd7d893aefea51e958a43ab6c4,method_b_added,refactored,added,0.7,
c13e6f1718337e16d358206bcbea2291,f3770d3ddac5fc64757c3eb7c56e4ee1,both_added,added,added,,
c1432caaca0a12428be178f42ceb5cec,f7595a68be65087b1e2b3b5dd1b875b7,pair_formed_naturally,exact,exact,1.0,1.0
c1e76149128054dc1960b127c78caeb5,f86f43dc582bf8474e201757e18cbb90,method_a_added,added,exact,,1.0
c246434312f6f57f5d04ae561187dadb,d5f3fbbbd3f4edbe4bc0d9ffb860a97a,both_added,added,added,,
c246434312f6f57f5d04ae561187dadb,e9d1b157c043e4b0ab4569e7240427af,both_added,added,added,,
c32040cdc6a56b5bd620fc28887c5665,e8a3d6c5623e1ac726283d9651545724,method_a_added,added,exact,,1.0
c350b832e9d152a3298d910666304e64,c69cebdc7a4d2b8014a6650f9ad99266,pair_formed_by_refactoring,token_hash,moved,1.0,1.0
c38aeca352e779f1005030674a51fa6c,c95eb605c03f5ac1c2efada7ff62f406,pair_formed_by_refactoring,signature_changed,signature_changed,0.98,0.96
c415b0cd00624d6969f073831c236441,fff762532b64705bd5e14357dd8c2ec6,pair_formed_naturally,exact,exact,1.0,1.0
c4afbedf27a0e2bf7529c4cf443050fd,e262c17373a7e10f24ae66b5884ca550,pair_formed_naturally,exact,exact,1.0,1.0
c52d5f307c1471c5bfaee985c3a0a5d1,e84f576dccf2c3a8a0342dfe1d7894ab,pair_formed_naturally,exact,exact,1.0,1.0
c52d5f307c1471c5bfaee985c3a0a5d1,f9a017b1cc52254226a3e44313b718b3,pair_formed_naturally,exact,exact,1.0,1.0
c5614c4dc526dd9877de5e310f10a818,da79b75692d793fd027c1bdb9e88afaf,pair_formed_by_refactoring,signature_changed,signature_changed,1.0,1.0
c5614c4dc526dd9877de5e310f10a818,ed9827fde5b39d32c4674e0c01bbc2f9,pair_formed_by_refactoring,signature_changed,signature_changed,1.0,1.0
c5614c4dc526dd9877de5e310f10a818,fc813a41c8839ea6da3ef1eabc5c48ec,pair_formed_by_refactoring,signature_changed,signature_changed,1.0,1.0
c5614c4dc526dd9877de5e310f10a818,febfde70a9bdfd412e2e8d269e562234,pair_formed_by_refactoring,signature_changed,signature_changed,1.0,1.0
c5ed8ca8c4e3e1784aeed5cdcdb120bb,e122b05b91fe42cd6c395d28ef7acaa1,both_added,added,added,,
c5feb2dc11be8b19764e388b878bd372,f3f6ec770e327b9f3da9366636e86261,pair_formed_naturally,exact,exact,1.0,1.0
c62eb51483bded529c07b27354009fd7,ee42542ed5ff9dfd6591e7b1a32b08ef,pair_formed_naturally,exact,exact,1.0,1.0
c63191744b44ba796090d14881c9eef0,e188ed97656ad19caaef44a82085bd03,both_added,added,added,,
c63f77ced5baf799bff866f83bcddb63,e0a25d771e5c979e7e0cd1facf3ec6e6,both_added,added,added,,
c6413f35895d43849e0c128222ff2482,fb1e456cd5fe77e68e3b88e82d323a7f,both_added,added,added,,
c659fcf7bfb3cd4faf3ce3b3275b8802,ee59e80aced82c260ec07489291cc03c,both_added,added,added,,
c678e2e5fc69d2b332933af1ace4b8a5,f050d2bb4f6a917cc4f1164bbea81c18,pair_formed_by_refactoring,signature_changed,exact,0.97,1.0
c6791caa28d1fee4026b41380c06b7b9,d6cfafe3f7a6decd2f67a6a6b7ac3e9e,both_added,added,added,,
c6b4a2cdd31da264ebeacd5f5f265f75,d173653b28b04ef417c499ae526cb1c9,pair_formed_naturally,exact,exact,1.0,1.0
c74d9885fb2979db6ffd46faa22c8409,e1d2c93d3074b8dc1074453d6c01b7e9,both_added,added,added,,
c74d9885fb2979db6ffd46faa22c8409,fdcc1e6834406e2b3a73f01c89969298,both_added,added,added,,
c75d234ffbf4522a0c67eafd90ee212a,c9c71b4166595692ff2b48ffc92c365c,both_added,added,added,,
c81aca28099f68d867a7974764a5130b,dada2d233f275535238f6621daa373c6,both_added,added,added,,
c834f520279f04bbd0e9b1bc7b123e31,da02f781441f2778402f12a71aebeb99,method_a_added,added,refactored,,0.76
c834f520279f04bbd0e9b1bc7b123e31,df77b825eb4c3f86d9042f21850f7bd2,method_a_added,added,refactored,,0.76
c8993ca868ad88a26041fc1b28377d19,cec488ee576a44ad2874f6d6b3466d77,method_b_added,unknown,added,,
c91a41ff25271fb241b7e189a6cd672c,fb976985668715da83e5c88fb9214438,method_a_added,added,unknown,,
ca5fe635ffba24d5ff8b3f7ee1f2b6d7,e31a0f4784257f6da45dfb0367bb18c8,pair_formed_by_refactoring,refactored,refactored,0.89,0.89
cabe29b128a4a5068c789c3582921aa2,de3d50dc04731ec697a8c3d059d6a0fa,method_b_added,moved,added,0.99,
cbd4d254cd3e52d7eadf2258b00c0d66,db1fb75a59edcfdfb0b0ff2b7cb9b44c,pair_formed_by_copy,exact,refactored,1.0,0.85
cc4f1f08de1c0cb777edcfde20b00b05,e134674a58cdafe516552c240f8d878e,both_added,added,added,,
cd0390d18edc63c7089d5b9477f66143,d53df789f0ed9cf6ad05d8a90f489475,pair_formed_by_refactoring,signature_changed,signature_changed,0.89,0.86
cd355c6933f21ca46a757ddfc9b531fd,d1a8c50e1485eca47865c3c051d18cfa,pair_formed_naturally,exact,exact,1.0,1.0
cd6c6d0cf46e337fa8e83cdf6a635721,d453fc68d34bc970735f042fec3ead7e,pair_formed_naturally,exact,exact,1.0,1.0
cdc66a3cf7c202a6f8a377ae2b29bd85,fb976985668715da83e5c88fb9214438,pair_formed_by_refactoring,signature_changed,unknown,0.88,
ce20e4f09346e26f4608c739c0d74825,f2eca2ead68f9c726dfd3dd60667f72a,pair_formed_naturally,exact,exact,1.0,1.0
cea2efe2d2a64cf1b1b9b0481f162a49,e4e39fd25a1ed442138add84195fade4,pair_formed_naturally,exact,exact,1.0,1.0
cead53718f7f81cf5c34025e59ce3930,cf902aa1138bcbac493f5e8796a5282c,both_added,added,added,,
cef8ba0148a31a49da49153914610025,fb68845dd81c2a6982bf3434b2628e26,pair_formed_naturally,exact,exact,1.0,1.0
cf6e83fca3f0551e23aba70718268f41,eb6402a0e11175fb99b61d4ad43edac8,pair_formed_naturally,exact,exact,1.0,1.0
d0d07900f5cc45af7acf33639aa3877b,e6c2b59fa7c23242316b868df61827ae,pair_formed_naturally,exact,exact,1.0,1.0
d0fea27324dfd8502f9da21fd56c29a4,e2b5c415030a8d95b2a373229e088e9a,both_added,added,added,,
d10dda36dc41ae1141b8c8036263e9c6,e6a4b7e1729f7eea97031cf5164af7a1,pair_formed_by_refactoring,signature_changed,signature_changed,0.96,0.96
d193da34b66a7aa98798b2cd3a465b4e,d309a35f112c29aedc47974835aeda4b,pair_formed_by_refactoring,moved,moved,0.98,0.98
d19cf2769bd876bdf8c10274895e7557,eb1cb5d61cf3e77762514bc905cc9568,pair_formed_by_refactoring,signature_changed,exact,0.7,1.0
d250e1b94a8f3680fea26a8492157410,d4508123d9f918f587139c9c5f1c31de,both_added,added,added,,
d268bb4b815ee5adb189314bedb66925,ffee68a3a56d5d7878a8d58df79b7f0c,both_added,added,added,,
d2ace6f06ab94d616b2a87bdf5bb1852,d4a2db054805c5d506af42e55d1e1f46,pair_formed_naturally,unknown,unknown,,
d37d38f3f002d4c708a9394ddcae50fc,e623a4c568a4343dc2b7b29bf16299b8,method_b_added,exact,added,1.0,
d3df41a84d9b4edbbdc0ec50dea7a003,f7f73a94d6282b9066a70bdefa62ff64,pair_formed_by_refactoring,signature_changed,refactored,0.84,0.75
d3fb9c14f0a4ce345bf4f8e590e26ab1,f29a39fbc0a40e471eef1695e567c1c9,pair_formed_naturally,exact,exact,1.0,1.0
d453fc68d34bc970735f042fec3ead7e,e694ea6950574fb9a18dd59788c1dcb7,pair_formed_naturally,exact,exact,1.0,1.0
d4a2db054805c5d506af42e55d1e1f46,e7590af61b2b67513c4c70afc38e902a,pair_formed_naturally,unknown,exact,,1.0
d564e4267f823fd78180709ab4bb5ed8,ebe4628567bfb44211188bb4a91a3578,pair_formed_naturally,exact,exact,1.0,1.0
d57677d2260d6648270a8b9bc4ddbeac,dad08bcca6083865d36f19a832f51ab3,method_a_added,added,exact,,1.0
d5f3fbbbd3f4edbe4bc0d9ffb860a97a,e9d1b157c043e4b0ab4569e7240427af,both_added,added,added,,
d667c6df66c632173196ccb1e747759f,e102604dd14c8208b9ced0862c07d751,method_b_added,exact,added,1.0,
d66a5d9bd013599cc08d7c00c4c9ed63,f29a39fbc0a40e471eef1695e567c1c9,pair_formed_naturally,exact,exact,1.0,1.0
d6753727cdc59322f3778ede4fa4b2de,fe75eefb5bc7a9c78ea8f9d9cdf9c799,pair_formed_by_refactoring,exact,signature_changed,1.0,0.87
d6776e1b603492648e202f2b52a582d3,e20427f4862bd653e5f68b2a8c1fedf9,pair_formed_naturally,exact,exact,1.0,1.0
d6efc7b22913ec6c4fade060c6b6f75f,ff12633fbcbd05f8227b708311ac8e49,both_added,added,added,,
d75abc9b6ec91e986f37ee521b207ca1,e1bd6d469b3491bb1be815b6c6f51559,pair_formed_by_refactoring,moved,token_hash,0.94,1.0
d771a7589e7618d20bb8dbc37dfa5714,e5128c563f61662f4a2cf62ade89e782,pair_formed_naturally,exact,exact,1.0,1.0
d85fa52340864857dd78141b871ce065,fb2698172e291f77ec3b072726642c1d,method_b_added,exact,added,1.0,
d8ef29d5ca618fa03002b6181a52089a,dae78218ab50847fe990c4952594548c,pair_formed_by_refactoring,exact,signature_changed,1.0,0.81
d94ca11ba5df946f8471c130e1e08431,ee90051f830730104680c5f157edc687,pair_formed_by_refactoring,renamed,renamed,0.96,0.98
d972f6f85b1ab6ec182d26e7d993b7ac,f0d062248a1716ddbc41807d4ab14146,pair_formed_naturally,exact,exact,1.0,1.0
d98bdb174cfbd3587ee0eab6521ff3b7,ed387233c92527ede2842c556a175e9f,both_added,added,added,,
da02f781441f2778402f12a71aebeb99,df77b825eb4c3f86d9042f21850f7bd2,pair_formed_by_refactoring,refactored,refactored,0.76,0.76
da31c0dca9d8b4e54de477ee3f9c6f9d,e31f7a1e9263119f9c40db20799af17f,pair_formed_naturally,exact,exact,1.0,1.0
da79b75692d793fd027c1bdb9e88afaf,ed9827fde5b39d32c4674e0c01bbc2f9,pair_formed_by_refactoring,signature_changed,signature_changed,1.0,1.0
da79b75692d793fd027c1bdb9e88afaf,febfde70a9bdfd412e2e8d269e562234,pair_formed_by_refactoring,signature_changed,signature_changed,1.0,1.0
da8ff56d34c7cf02edc85d5b41dd65f3,f9016e6f3576e300b8113be7ba7ed407,both_added,added,added,,
dae78218ab50847fe990c4952594548c,f318588249ef1ca286900c572f8454b1,pair_formed_by_refactoring,signature_changed,signature_changed,0.81,0.83
daf1f2fc1b440a480b240652b37bffa4,f081771f2e438c9f36c47ead7e7430ac,pair_formed_naturally,exact,exact,1.0,1.0
dbaf00143b4c7272eb83ea7fd5661af4,eb82d5e5c2bb6a4c76bfab3cf1a3ad05,pair_formed_by_refactoring,renamed,exact,0.94,1.0
dc45d3183be4571e1e9fe76a991e5501,fd5a335fa973e9d4baf14ac9e6f6380f,pair_formed_naturally,exact,exact,1.0,1.0
dda82ca6b0ccd34794cfe55f44103686,df67b7a6bf40db0b20a3a7959bd0b216,both_added,added,added,,
de4d722168041941e2a224865a7c8a0a,edb51d30bdfc6ee61823d3c3b6328f7e,pair_formed_naturally,exact,unknown,1.0,
debf4f25eea95e15b6d80309c81980ea,e11b6cf4f440c7887b448f55fd21b7c9,both_added,added,added,,
defc7b6a0eb95b5b5d52211daa26d160,f6bf24627c08223e1eef91169a9a6e14,both_added,added,added,,
dfad2ee729c5b4c6a23aeab803c1ff23,e9f004287378fabb9936f0203478fe99,pair_formed_naturally,unknown,unknown,,
dfb4968e483bdb9285c00ed267340c44,f004d22804f17a4e4ee4f36f2b7ed686,pair_formed_naturally,exact,exact,1.0,1.0
dfc9c92aa933077d00cbb96ba6e38408,e752b480773a99cc1217c1ff1b751f7c,pair_formed_by_refactoring,moved,exact,1.0,1.0
e079383a966ceccb97ba5e532f645b53,f0447d490cf084ec6665253910c627f9,pair_formed_naturally,exact,exact,1.0,1.0
e0a25d771e5c979e7e0cd1facf3ec6e6,f6df897b1e328ec766986cba9c7a907d,both_added,added,added,,
e1d2c93d3074b8dc1074453d6c01b7e9,fdcc1e6834406e2b3a73f01c89969298,both_added,added,added,,
e423abd794c500795915f216382a60dc,e49505b939a62534fb17dd68c2ddaf38,pair_formed_naturally,unknown,exact,,1.0
e48bd74d6e93f5c514dda7807c1fd0c5,e9b8a68597ca6ba50f8ef2d7a4fb2153,pair_formed_naturally,token_hash,exact,1.0,1.0
e5cc66403e8a63ed26f41d2485e82982,fddc296387fbb8b1d697402eeeb420ab,pair_formed_by_refactoring,refactored,refactored,0.87,0.82
e619368efcc505d14e1e5c846b612a26,fbd0f939021758e5529136b513bbc2af,pair_formed_naturally,exact,exact,1.0,1.0
e643e381e18b7b0973519b7404538513,e94f9b02977bb2d0121f40b353d38488,both_added,added,added,,
e73ea449ed550c8626725ae55b6b791d,fbdd1992821a23dadc109b0ac36671d7,both_added,added,added,,
e84f576dccf2c3a8a0342dfe1d7894ab,f9a017b1cc52254226a3e44313b718b3,pair_formed_naturally,exact,exact,1.0,1.0
e8a7959e410a1a7dd854e0048ea58b79,f6df897b1e328ec766986cba9c7a907d,both_added,added,added,,
ed9827fde5b39d32c4674e0c01bbc2f9,fc813a41c8839ea6da3ef1eabc5c48ec,pair_formed_by_refactoring,signature_changed,signature_changed,1.0,1.0
ed9827fde5b39d32c4674e0c01bbc2f9,febfde70a9bdfd412e2e8d269e562234,pair_formed_by_refactoring,signature_changed,signature_changed,1.0,1.0
ed9cfdf9723151cd2f76d419c0c8f4de,f0d655fbc08f4523f1e78034ab0e950c,pair_formed_naturally,exact,exact,1.0,1.0
ee3a6185fe618f625f67da3303e699af,f39ca16ec748560b66cf27a2f08a54f6,pair_formed_naturally,exact,exact,1.0,1.0
f2745fe400b242f21172024d302f9fb8,f5d0aafa3ede4e06a4c0ee56d4bd75d3,method_b_added,exact,added,1.0,
f46f645b952465d5fbac231c9fc4170f,ff9147758e64ac17748e255bbd53d8af,pair_formed_by_refactoring,moved,moved,0.94,1.0
f70d5ac11453dd0c4ef878bdf5dd36d2,f804c5bf2816b8622d1d3102c49080d0,method_b_added,exact,added,1.0,
fb9d97015b10d051cb75d0fd2da1bd30,fc6c4df072b4528dd79a7701edc1954f,pair_formed_naturally,exact,exact,1.0,1.0
fc813a41c8839ea6da3ef1eabc5c48ec,febfde70a9bdfd412e2e8d269e562234,pair_formed_by_refactoring,signature_changed,signature_changed,1.0,1.0
