group_id,method_id,group_size
1,00edbe8f19ecbbc27bca836dbb291b0b,3
1,2fb1b0d1d6817b5f7ad2879e9fa24d47,3
1,f43312bc8bae6c3cd2955adea84d90dc,3
2,38a44501cedaae513ee32e9ce4d93012,2
2,3ff9a3f8c5a01596f96dc9f35834d7c4,2
3,14d505f527bcefcaf760d1e4c598f0b4,2
3,3f6f11d0ca6aa1b8c6149ef9880ed351,2
4,2ae341f11aeb5140b966b1603b4aa016,4
4,5835f227f9232e0f778c5aa48a0b144f,4
4,8e7e2b36d01118cfd960fc06aef93840,4
4,f41991b1c62d04564cc9f42720e84c4b,4
5,44f41a757aef74877e03fd22f1fe932c,2
5,fd4797e3bfb46bda28fd767b94029038,2
6,0ef47f82f52f4f2c943dd366f1b337ef,4
6,29052d981acf30ddf711d4af46da8009,4
6,7ba97139efffd6926bbbba6cc02c09eb,4
6,92d5aa1e5aaf986fbe7ec2e701448032,4
7,6deee48df871dd82b20ae15c5347e41a,2
7,bc24c1695b9a7ea543612195750a4ecb,2
8,a30f8e1373cd54960c77595d01ba4a15,2
8,aaadd7b97fce0fe9e8d74291f20d0541,2
9,09d89f331271ebf2eeab3a631f227c4b,2
9,5d7effdd14cf1ae4df372d2ad03bcbfc,2
10,5f7f20ef5f820514ac1cd1fc79f95ed2,2
10,a10b013be06622b6c5f2b82129b27932,2
11,2234187952a4c0c968cd033fe2b73200,4
11,601b86651df7633a8a8da1d147fdc708,4
11,634fe3801bec811c27922dd81dd8110c,4
11,7334a3ecb08d7be924c649df303d18c8,4
12,0455f1fc1ebaa0d948102a512564f605,2
12,c9ba05f99d1fdac23a71fcea3fedc627,2
13,041bed2bc0908241b55c29cdc40d2cb7,2
13,9027388ccd9d86042416b847a7bf07b5,2
14,15a0048afe6986da8f55b2fbe80abe54,2
14,9a0e92e89017ccbf867683f99eadcf03,2
15,088a22b67477e69c97cdc09ff46d1b7c,5
15,47c2049b12019a8cc90d788be678f3f3,5
15,5733b5bcf5154027c8c01be74f6deecb,5
15,84738d39cda4d33c137ee1fa6a57e6ac,5
15,da7b0101abc10a108bad2ed142b660d4,5
16,3888337d7c3e9bdea2724ce64d45df23,2
16,81db2b331bbfe92040eb5ccf99564f53,2
17,2b622abeb3f17bf68842d87f1c177149,2
17,745fe1ccb469655865ba03c9da29be0e,2
18,4aa536148844673e51bef639b6b8e3be,2
18,d08966bcc4b587491e13359f8b2144da,2
19,0590ccdd896c47620acf661638433c74,2
19,685837425ede2f4113315035491f5644,2
20,1c46fa36dc99d509eb40714c58357724,4
20,3c8503fa606b04ca009f6196668d3ee4,4
20,4f9a97fc1226bf0a67d412cfe914a5e0,4
20,a2836123173e085a15248fe177117954,4
21,887265d7e9e5f7e582f80372b4015a91,2
21,acfe7ca04fc67ff3768463cc0435276f,2
22,374889278cf90bef9a1f7c09ecdd4ba8,3
22,6cfb9733a7be2aade19751244d45cecb,3
22,943e3a403cf38d1c114e21ab3a40dab9,3
23,40602aa191e49f0d95ad2b402a916abc,2
23,68d6499faab8f79c2a1d09374b9b6191,2
24,2a2a6189d052edfb5f0ac29feba865c0,2
24,a0b1733e5cd0d915e9ececa7f80bbd10,2
25,a83be397ffe3b42ae27f10f4c3656e05,6
25,aae2570136a6d1d00190bb005f38a1d2,6
25,c7a8e0703931ea64274a3b63de89cd6f,6
25,c914814f7491d9ba38169726f8390be1,6
25,d69fd65179dd724db6904307050c65bb,6
25,f8989e174d05389786fb131b12794132,6
26,6cd7b9479712509c199f542263964707,4
26,8c43d6f40483f7f6db68fd069c2214c2,4
26,bf081c7ae28659f0248a14d558a095e4,4
26,ee1eb6a1cc5c5c174b45c0e393c4e95d,4
27,14f8738eb45b995f6ed97996477567cf,2
27,4034d5e92c01c1706933ca7f38f204f2,2
28,1f911db9bc24194c75e27a8011112ac7,3
28,26d18f41f1569dfce88b5ad2f9571517,3
28,78e464360d1b65c58a57317af19ff5d2,3
29,2e8abff582a73ebba41d9de30da9a571,2
29,bf731d6a8dcd4b59335c57dd49a3b8c9,2
30,67030b1812ad7cb2342b7791285395eb,2
30,d15882990e62c5b200e39b1e608f8262,2
31,04341c5119192e9f49d4443f5d1780de,4
31,32db3b900d54c1d26251e97e8e3178c0,4
31,77033b33056cd8ffc8a8396c5d3715a0,4
31,93cebd5c988dc653d7f685c46ff0dab3,4
32,3ca17b2727aea43d51f174ae59b43ac4,2
32,ca88d50afa1d066706c11ee94be7f073,2
33,04beda0a9dcbbd08da86b7115c0514ab,6
33,3770709f47e14b264d0a3ae184a68e62,6
33,399919f301ba57a86a455cfc9be1a3bd,6
33,7c550c9f98f4933931cfeadca9326c7e,6
33,d5727ed204ce0ba4115c1ed5e79a6917,6
33,f005b178876244b8a97f4b8a7ad7f998,6
34,37bfc3b5951c03a3da135b6857da99b6,3
34,c462c099a50d9cfb4436b63ed636b3ef,3
34,ea40702d225108dd9a1cf6ce71abc1e0,3
35,a46a445a137ef0a5425ebf4394b336c3,2
35,bcb6dc5384f61752315769348f49b2ff,2
36,7c89f8467d381e6bf7e76717d549f703,2
36,d4c86b997f81650699fe50db4a45acc4,2
37,88e8741961db4471ee2fd9fbdfbd3adb,2
37,d2f712b67940b9e20a2b88cc5f672d62,2
38,59084cb2dee1f45d672fe68599af8918,3
38,a67004da14e412f39bdf954b028e320b,3
38,e6ae0e4b9c4c834cf04bedf2365b50d0,3
39,27ddb1cfaf17a93cb6a0db925082c8af,2
39,ff2dbe6396621b6b470ae7258b98fe2b,2
40,5a2a755bed97b9c1bdd3e0911f349029,2
40,afb186f4ba2cf82a2912df1856f9bdb2,2
41,34642af0ac505dc135ab23a5c4ce64a4,2
41,66d6ecbb2322092c66416ed525323c86,2
42,07e74be4ddd76d3fabad5ba9fc134ce7,2
42,8a95b88f8e976a320da5e87f4ed57f0c,2
43,053be06b1a909ddf325190f6c86e5bcb,2
43,c00e087e9b7a90d8e645a4c71187dc5c,2
44,283e9e165e0fb8797b75cdc79ecceff4,2
44,d2cde2cb9620b19788aadf0a05fa73b0,2
45,6e2b48ea4d050f886e1489b9f5fc63aa,2
45,db2d05e043a1fce5b6aeb861e205deab,2
46,9224a004e7eb3c8898d0e04d866cbe5f,2
46,939276d17e228caa9f2f9e579f16784d,2
47,9c17ddba2dcb390a2651b4b991688e53,2
47,e49b2e5a22a6877e6fbbda3587602f60,2
48,cea2f8ec3f49dae82b174f77070c5585,2
48,f3059ccd8b8f5fad1b0c81577b95ac5e,2
49,aff2e4d30d4b7b849ebb116d16373248,2
49,d09f5ead7be6959272e77461cf34f8f5,2
50,98372fb903537c0c7614eeb3aaa36acc,2
50,c63a584a593088931b7e00c7880b0558,2
51,0ce2bb09fae08e8aaa8b24e1d27d526b,2
51,a1be820e6ec3536753775d1b25be358a,2
52,75e2b814c559050243bc4e11e4aad896,2
52,ef5119a07fab6f155cf1ab813cf24773,2
53,174536d72ded99d1a8785c23baccb4b2,2
53,599eb06b588873779bb0056402560cc8,2
54,20d8a69c9fc7401d494f5f124aa691a7,2
54,f2f5ad22cba15095ee2b608bab315917,2
55,62acad11bbf73d7e9c6d47f3b3b928be,2
55,f7e7c8fc59e36ae11c5a1e781e26df6d,2
56,670cf36a17c63c67912245c5c8d8cb62,2
56,8481768235f7b689ef6dff446fbcbdf9,2
57,3df82bc81d1fb7e2d049edf1dd17a906,2
57,b2e6af49990d228e05364b1773565bbf,2
58,5da136f08abfd7750ebc06b87bb4b1d9,2
58,86e27a780c3252a74f346939a079d593,2
59,0e8ab006a95fd16970cbf6fe414280d6,2
59,c58aa0637c2cc5f23f8d096c88365494,2
60,4598ef7d617d9ce098a0212156ddcff7,2
60,aa4fe0064d14264d469e47f3a5b6506f,2
61,2620e07d1680450bf8b17b865d90cb9e,2
61,f3cc4ba1ca914c1f7644cc6b60097d18,2
62,00edc2c5b6cf7dacf0d3dcbba111bb30,4
62,151f7a39362cccfbc45ee34e17c216c9,4
62,9a75ed81ee578032d419801e23fc2ad2,4
62,fe0dcf7e0d614ac41dd40a8db4285f9c,4
63,7b3cc70ed78835fe76cb65f79e884cb4,2
63,bc49327c3ccfad2362154cff4f4d4217,2
64,14a5b276bae1e72d2462e07aa6ed6652,2
64,840b9bdd259ad8430ef6a82c93de9bbd,2
65,a05169e35307b195a10171aa786fa0ed,3
65,a9ab6cf2a0bac47918d6ec4665623b88,3
65,b826f6656737752c9f8de3780dc8037f,3
66,ac9531091577d5bf38e4fb06b3ee2211,2
66,da62e38a09895734332507c5a4aa2477,2
67,1a35247ec815c3907b3c8232cb3f6aaf,4
67,23b7859af17f6a54bf386ac8bb686897,4
67,53e3ab2549cfe23df70f5b8bb4a45b21,4
67,df679ca43df96679f9b10b89554d9267,4
68,96676bb018404d422555bc1c10c34d09,2
68,d0f1287c244ed1535ed28e24745fea50,2
69,4c48a3758837efbf22303d3bcfa2c82c,3
69,7afa5e1eeac88c7a1713eca75df19051,3
69,8b6b641c474d6df84dacc0f3343c1fa1,3
70,3d348977efddb6f584576aab15fb0b3f,2
70,e7e0fe9927b957ee516b8e949318bb6b,2
71,6a5d0a6722b68ab0ad15aa05b160dfad,2
71,6e543087e35edba4c054439483c16547,2
72,230c4a57734e7fcec1c8c6995c072e13,4
72,316960973a10ebd861a76789a1dcdb05,4
72,6c7ce474d9e7642e8c4adcf8cb304371,4
72,ede4a9069820d52e6dc3c0582f833f83,4
73,1ea97ef3dbbbe4ba5244770921637928,2
73,9e0fee4e2323861d8b96d7dada8983ed,2
74,7b413570d7d737a64e8afd85135f7d32,2
74,e63be134ae902c0e87dfdd4d099a9857,2
75,58cc3eb42e57f9861918afbd8cb1e46a,6
75,a1d5c66c6fa144335e1316f8d585bd71,6
75,a43f04277ad12854f56c31eb5d3ddd72,6
75,ab19d8ddedee53e4f118ded85ef0c3ee,6
75,b56f217b7ade6509617e65f589c58bd4,6
75,d8b5f9babea412772795f6e20e57dab5,6
76,34353b135c2196ba0767ab3df2a0d158,2
76,6e1008fe86ac314819515dddd70141b0,2
77,23ced103ebce2a0b34c5bceee4c8fc5b,2
77,465fdc8b572b6eb880937c944614196b,2
78,c99a78e4ef8740998951cb926e5b001e,2
78,d1bec67fa4dc6f99d0fbcf96f387095b,2
79,32b48df75c084a47217a1ba44c1ba6c7,2
79,84df574c2444eba8f53a326e0391a7e1,2
80,52e448d764e5051c7d6002f6d29e265a,2
80,603e24c6ba9dcea17505ccce3fe3eb19,2
81,93ddb5bdec70b3b1d0e6807d687ef79c,2
81,b6cdad3a5b3e7602b9d9d99b147065fb,2
82,71b13d6f4dbea3e55c32d2963d6ae44f,2
82,956bbd71c9c439da455f2741723094e8,2
83,107e8155310da2bc78a6b750d9c89c45,2
83,be4d435d97a96b73a74a3c036c1dd84b,2
84,051bba1f33c1062cc7323e07ec7df954,2
84,7c889275a571e7c9dd2883b5720f6d88,2
85,ae0d6ca1614eb579323257d10e1ded9d,2
85,bf876c5a728f0d608a103c36ea031c6f,2
86,389979eb329a55af77838263c6b0be90,2
86,87e8441b92e3f915692fa0d1f6f017c3,2
87,0029c79e4db5128ed9045ff49b8e41ec,2
87,73124605e4d1244f85f15306f10f6410,2
88,2d6be179f642ec136ba170c703909938,3
88,a06a55553759747bb9c67e0ddfd9eb88,3
88,edca5bff50fbfe4d711462d647f1884a,3
89,4a3500ce428727aa0e99b4343afcddf9,2
89,68741ec9ef3f88335d9caff089586154,2
90,91069148e8e52c79b0ee739a298a347b,3
90,d86a3fc7fe8ee1792003d099c579f6f1,3
90,d9e1423795d291073ddf53ca1bb78165,3
91,be0d392270a92de68b7bde117294f241,2
91,f8403f0fc02085579f361b2ed97c099a,2
92,45df3e07c1d1033640c8526cbab04ea7,2
92,c1d8d12f3ae89927f3b16d143d1cb3e5,2
93,9f8a679534f5cb5af6a1885527d3474d,2
93,c76eaa1ae0799a3cb00e152c413fb887,2
94,40281b074f31fe1dbea7d543b0024969,2
94,b45dd64018386a498367c9d2bf964573,2
95,914b9126e8d72f4a13f514bf8adb2925,2
95,c4e8e35cb08e3eb7e314dc58051e1afb,2
96,5f0f2651eb674316031552b516162a2e,2
96,fecbf39328154fc77e11fa37c91f536c,2
97,55cac40f9da2e2e4acbc67e09699d67d,2
97,ed0db9501f4f6ca942fc2910ff41a72e,2
98,42beee21298f39c2c3280c56e8ce788d,2
98,4b42b33de995bfd4a85401f8c0b04b02,2
99,b5dff7e32b205ec22884f05a9b4db22c,2
99,dc1403199eb13e55e7ff262100a9d18b,2
100,5d48af68de5dfd98396dd98e6da56d78,3
100,94d6aa35ca505a35d438d7f0e951d98a,3
100,c5bc1654398ce2fe95f49f075073aef7,3
101,4e03997c31d775c39e52948e428b8302,2
101,e1568a5333aa402c55151e4ed1194398,2
102,142419605a8e2c456586c467ac127a7d,2
102,8136432ae9427003c1ba2aef0a248b7a,2
103,9185b136ebb4be85ab134c38219a7665,2
103,957ff63f431d2167a6eb4d74c88fe394,2
104,97de1072b141279a815f29b243f45dcf,2
104,b52695d667e2b32dc0e3d799f289e700,2
105,24602b139ff033459d9ddd22b961c5d5,2
105,b04b1015310f9b8ee63b2d838c2adf22,2
106,33e9f057e0cc11412c40f321cbc7cda7,7
106,36c41291888742bbedb3ace5190df174,7
106,4d134b1590866e2741bf1ddf02d3edde,7
106,6700c36bafe184bca2c4141e13bf56a4,7
106,c3374f700a3eb165913989777a491b46,7
106,f241415a21d925fa8921c7fa45edf7cf,7
106,fa4acab9b6739b15d2a3ef04a07374ce,7
107,0935a3fc534aa7601857e01390049f8d,2
107,1b0eebf07cb9cfe131ab13586e019096,2
108,38da3094306f5e9eef46b2ac34e0b657,2
108,ce16c6a9a206aa21a468e1cf21bb97cb,2
109,84da269ccb2bab26c2b7230811b2b935,2
109,9d24a2cf14d60564b76a70a85be1f7f3,2
110,066dd410cd59bf35de859dc5927a798f,2
110,7f274f86990cb91f7a189a88e7d242d3,2
111,974db3e36af511167388294e2791e159,2
111,f1e7734bef7c00f982516c6691cd1a50,2
112,0ff7da8baff1c9256c60393f6d105979,2
112,bc31ce3041675a8ba8fc1f711cad6c70,2
113,28bd65750a41314732b3c3326af2a656,2
113,c54026c67c9b7ae5d4860e5fb3b7e3e0,2
114,7e3b0e0d5248755b32bcb92644c35b90,3
114,a614ceb3dd28e24a384f70846b3d217f,3
114,b1d08916b45fc20c296cdf196a9310b2,3
115,545474569cf4eef44700a7fdf6cb7d85,4
115,b60e994024937931ec5420d01b8352e2,4
115,e4566e94b00c3ca3038417a552f703ca,4
115,f8c4f67105efb7411916ee379e7bcd7f,4
116,08a5b33b9fc01fd16457c37179a85ab9,11
116,34dc69d78e4e04ac3ed729e3acf0fc57,11
116,4d315c302a715ffc568ccf4941bb0123,11
116,50bf6c95e6d33a4a050adce198aa929f,11
116,56932a2d5beb351bba338938ebdc34a7,11
116,78837c60bb5e7305db44fbeabefab043,11
116,9b9ae872555aae1926b2eb50b96a6dcb,11
116,9cd1c6b2ba497ac171d9c442bc4ad734,11
116,a2860cd72b7f3f696c9e051927efd19b,11
116,aecd45e3e57266322f7d35a98961753f,11
116,b1c630a555d08d7211ba20fcaf2280d2,11
117,0c18d092bd172000678512ff0086c70c,2
117,2f1efce74da7057330f4eaa8dfdd3f02,2
118,5177dbb1cb5596a86d36bade8c37c487,3
118,cf37ca76395be28faceb306adc44c896,3
118,f0d731798797a889cd29022fd528a0be,3
119,53bf0ef1ee574b041cf7ae73fc5b4541,2
119,6b14d6e3acdf23fe8d33df271c63e347,2
120,5d25c6a24dcb4abb375aa2729cc00985,2
120,7532bdee33102c6d615ab11f9f9015e3,2
121,1b1bf7aa40dd9e35a34a2c8b506e16d8,9
121,1fb5b1f4365296a15510191c349243c2,9
121,23c67fc06cc602b65c86aae7fdbd08a6,9
121,45fc34cbccbecf2837d9f804ec7895d8,9
121,47e9bbf07883be6932d602f9cc63a226,9
121,5dd0ee93849413c67afaf97361c99a23,9
121,8912e554cd71c23e84b777fbe99c14d7,9
121,ae73946d11cef36c24cab516701cb9d4,9
121,ede3ea7b2bdd9f424ebf88dc8ae29f20,9
122,5c3cf86dfb3072faaf592b7332f46bca,2
122,a5fbe3c816f26eb2979ebdd1291b1d56,2
123,61b093256e8543aed7e996f387967ab2,2
123,f2aaa96780d0712be77eec4f5534ce53,2
124,bf33e5272b5e108941876cd6eb998434,2
124,f120ee7c83e08bdc40d6cd69de226212,2
125,2419f7fe56f57be1cc338da755457b90,15
125,4811c07a54404ec8b519f90dfb1f3386,15
125,488ed69d069eea00274dcfec3d2a4641,15
125,547eee1bda4d1c39cfd8b995304a41aa,15
125,5e9cb7f8bedba409dec51c78cc5e4d01,15
125,7d965039cb29849d48a27a5052358399,15
125,7f832a52faeff961b16786a4fe053243,15
125,a54c07511f25e8ab1e3aaa9e582a8808,15
125,abe0dc1fe0cb4db6d5d84745e52d7281,15
125,bcbff4bd24c9bf79c492b04530338b5a,15
125,bd0d742ecd955e9173effea28292562b,15
125,cf11e21c1dd00abf0f4568babe813fa7,15
125,cfae79407f4fbb38a769fc0db2bde662,15
125,e25b55978c4b8e25b31283aa006db489,15
125,e3995e6ee19d769348c96f89efa4598d,15
126,0d39a818af70a39c2afc06e7667c19fc,2
126,2a299784671e43aa5ce0c0f09db5c9e7,2
127,07a6fbd3bfb72fe4ff0cabd530b36096,2
127,d246d5d35ee92d9d61a3c8979fb62d57,2
128,d019cad931e8b64e47207c257254de0c,2
128,e48bd74d6e93f5c514dda7807c1fd0c5,2
129,242abb0362917a800f83d5bfc36f621b,2
129,4f8015ace824c803dfc0eedcd3724cf1,2
130,368c9e834473e64c4c1bbe03950f411f,2
130,a9ec993a4257f70e6ae49017be2d9b92,2
131,09021d62db3219a01a019ff7dfcc8d0b,2
131,350681b22f7dc7fb2ded2b38e5d280e3,2
132,8368bc426521c2e84f1534be1ff8a7bb,2
132,f817076ae9b929814df17b0051b19fd3,2
133,1959ee3d58557f901104efcc812f9823,2
133,874387f0a8e303dd14f4643c2fc7b05a,2
134,42f4a40a22a4786fb1ac6535775ea937,2
134,e56589d10a4c7a8746a2c526733c291a,2
135,173fb988a3a47771af9655be7757001a,4
135,37f2f4884a58e6bbec4f735624820253,4
135,8048a1044476102024f53b3a10d3f14e,4
135,8f49c761233e4c59e00ca169ccbbdc6c,4
136,31afdd483fe611d6a0c787b3ca6492fb,2
136,69d3a82c216e2f93b633b19e0673e69f,2
137,a5dcacc7c51716c07bad91eb0d2aa528,2
137,f284f22d8b97d412c7b7b7ef30a5fa38,2
138,ae62be5f3c5bc7e7f4f7ca28e916be57,3
138,c712196a5c0d8193901baf62f229fe7f,3
138,e9dd271743e172c9c87554e0b93e2c68,3
139,0da0362118e9de9ac9c450492c61122e,2
139,2564e38678a38e7422f8a16287efe285,2
140,7e1ea385dcd13c7b405abd0075780ce0,2
140,c2792b18f65f842cd991003adc9105c2,2
141,254a44dac17f42682e1451cb931e4610,4
141,4b8a33386c1212947b39f3b620cf210d,4
141,4c0c81ffc5c1295ca97da1e038af23a5,4
141,992778dcee90290dee4260485bc093a9,4
142,0c169bce4777eb6448b5ece9b27429cd,2
142,db5f57da90e82ec4367ff1622497e21f,2
143,106dbc6f2d318c966ebecc05629ff420,4
143,6cc767817162f7205bfadf756f43500c,4
143,90872e39a67552ba4b0183456e7ecc3e,4
143,cd611451567c9f4fa53da95cd3dc0c0f,4
144,2ea54266dcdfd0f50c28c4ae37e23ca0,2
144,b7930c7b6764d5614c463585625b24e0,2
145,63016e4c07a70bbbaa839c9e0861b602,2
145,f20bb383414241dcede66f60d3ab64d5,2
146,02bcfdd6e39495d42c1c49d2d2d81d63,2
146,2aa27b9f9462cea49e9a980e97128d29,2
147,1b3795551975577f43a6c56e3c8550f1,2
147,b8d728e6d40bbe7591abe22f66c8445c,2
148,11b1b8732d774124fd6ed5fa844a8769,2
148,29cce75d0700f53d0f4559e63c65d588,2
149,5e6c76147182110a0489b67dfe97cb56,2
149,7bd92a47da795db529972be4e58dbec1,2
150,b283169c28adc184caa2ee85950bf5f9,2
150,b562cc0eaed44d9b9df3db895ae4e991,2
151,763c13d3c731111286a01f9f67c95b86,2
151,9474abca4691595ba2652dc144274f80,2
152,0f0272f96608041f56996b020198757e,3
152,176cd1e0d23affa6a89fb5d66da1a011,3
152,d337affc8f0610820691a02ad74e9ee6,3
153,17d46a38a1b63730476cd95692de4106,9
153,2b137dd58a8b9e0850a33d1bf5269981,9
153,449ea220a40bcfb9af6a5a67914bc721,9
153,45ca25067b7806ea401f5de0ddc638ef,9
153,5acf614df8dafbb21837a2aaa1226756,9
153,6292f0cec9e66015a4e989bcc894ad90,9
153,668daa2e67f358afb6ea18149aab9b6d,9
153,7313927bd572f7b7adeaba6a2c4fa51d,9
153,75cc46a75c11847fd70cfb5b37ba40ed,9
154,2d095c4761e5530f6acc791a0dadab19,2
154,7815e55e5d288b995c3e9bf61a1a576d,2
155,37d402d4cd58ddc21854b5e9d435b0cb,2
155,b000b8549a526384b3aad44ef595662b,2
156,24663adb2912e15722a9f8634c0955c9,2
156,6b1d9a668aa7efda97a6d79b959fab31,2
157,7f18c08ed997ea477df1e24ec4ed79f1,2
157,f5cfdca87e03e1e0b4e7c55b57ffe8c4,2
158,64463bcf19d21069353441d96e0a9831,3
158,93f0ba801db2e8b93962a956ad9998da,3
158,ea8edd7e06886416f7861293398ef93d,3
159,6dba61e3607b73580854239873ff8061,2
159,f512c1ff8953e413a63e8ffcb593c817,2
160,8bb4942396dc4a8186a8130afbb5ce85,2
160,915aa72ad0d6295f2ceb69e1acc84072,2
161,190f70dfda38e6aefa8e484f3e0bbcc5,11
161,317ffea9c763fe88e105a7d65d00f9a0,11
161,4c54e96f209a652c8a4afc8f53065f93,11
161,4f462914df0ff048bfd24e05bbf08ebb,11
161,8617062d79f237bd6463e12cf3a50e18,11
161,8f73a3675409f604be616ab899017e53,11
161,9d2dae7ac5ee5ea1ea4eabca7c1a37a3,11
161,9fc93d561e5fc5f6dfb7461e9593f8da,11
161,ba4df2fe6302fc2c6a5d6975375c8fd1,11
161,c0b578dce5e6c0002f85cac9e8ef5bc8,11
161,f4e12b479de966de565e8d5602b1a6d0,11
162,975fd098eb27cf2d448318ce225bdff1,2
162,bfcc843618d3bf0f82fa128434b4a59a,2
163,38330b72451a85c43e6c88da169de629,2
163,51d969c4c053f17c29e05e7ee4bc4d37,2
164,0a2458cc75d01a4627bd5a1ad7590bc8,4
164,2a90dcbf1234f16361b89a44c394275a,4
164,721117dc2d873568797777891e63c8ce,4
164,f203f5204eb666392d1e60aadb17c7d4,4
165,087ef3fe5569474c03f1c15a1d20f20d,2
165,0bce808eafab3ad1d008b3a4b8748172,2
166,09b04d8c5266bca6a1cf6a34896d9a5c,4
166,b24bdff53ff756402d07f00944d11bb9,4
166,c8ce82cd835bdda99b9cc971d22f2592,4
166,ee5e216cff38f68917791ecc062545c2,4
167,1e01cca87437d58ff8ec85b2a616c413,18
167,1e87df4056e65e62c2233e2dd4bf074c,18
167,220120b3436f87d01960aa3344fe4099,18
167,2aad038caca5d1b2cb58665da584fdd2,18
167,2b86ef35f6973000cf5bcb1bb4640420,18
167,4b440f03e665dd2f55528f2c461c45c6,18
167,53661bf06a131fcc8ef8bcb5857cbef6,18
167,639f031a8ef9496892890b37da067b1b,18
167,6655199fe0d146645e530813ba68e9ac,18
167,77cf298ed84bf96eb71646bd1943a0b2,18
167,78c518add0152a8d99c07266121d7e31,18
167,7de754d2fee5db4ea8532ba6b95cc208,18
167,8d1407248d9b5a84fafa2af3e86c837f,18
167,96c0e1eeccba1f1da4c160291c47d9ed,18
167,aaafcd8a98f861798e2897b673e4b2d5,18
167,bdea4e0cce4403945c81cb5542d6d24b,18
167,c20cd67dc342227b2daafa266768c32d,18
167,c6c1f4e72c8a3ad890536bab87b0b79b,18
168,933b510c8c78ce77d0793a5bdce299a9,3
168,c608a01a8fe0d63b54267bfca7224902,3
168,e8642799401a2639e820ef227e290a3f,3
169,4163cce70015a6024179e4c0c03c82b3,2
169,f3cfe78d365d855014d8c13dac56f6f0,2
170,673cee7ceb733a14fba0bac7eb1607a1,4
170,6aeef5fb8c354f16004d702a51f4353c,4
170,8c10b71189e31789ba71e8590c5e4cd4,4
170,ecd2e6f75a6012be5594628749bb8f5d,4
171,2fbeb73f836c5b2f5ebf15c056c9ebab,2
171,718016ef168ea38fa36a21cd13eaf4f6,2
172,06017846059d50cc1c1736653f4a71c6,3
172,17eeff2138c7a641d84b10621ceb0e56,3
172,4469136618157e6db3da7813477a5b9d,3
173,2dfb8ac5ebc7488c04219bfa0ee71919,2
173,55634a4729ca934b707179b61972cf3c,2
174,650f3725062b4d14f7690a35494e93fe,2
174,d1bc7e41c7daefa5a052a84bf886e02a,2
175,a6d1cd9f2fa36ae6be32c97a180526a8,2
175,aaaddb06d1361ccaf0992adb9b3dfd11,2
176,2c2d4da5d9738953b5293bf0b343ec27,7
176,51a262aa39d7f955cd44e6b665944cd3,7
176,5b899d24a3d85a0de8b820c6f9073533,7
176,737768ec1e89b1af5d60ce1208c4f438,7
176,7b263be2157aa907ced8f0e2dbbe00af,7
176,8f5125653a3d398da8043f1efa0c9a16,7
176,b9c0a2bfb2df5075e3093937ac21148b,7
177,0ec49a2810bc89209c6c98e68b4a08e1,3
177,f56cc54333389ee6e8edef3d8c7008ab,3
177,fd40bf689002999fc04acfb63241e64f,3
178,24ddb9dd14c2ee784b762927c41cfb5e,4
178,469590749ad1ec773d274062765b60ac,4
178,9e803f1a0e311e64bcb71f1ba28dc25c,4
178,f25c705672be34ca864e386ea6808c6c,4
179,1db8f8b2b02e02949baf0f639ab11daf,1
180,42c3cf00de1e55891246fb90d99ec6ca,2
180,4cc26f0d6e0461c717e60f87180520b2,2
181,ab0d9a149d31eb88b4d4352081ba3f80,2
181,dc30168cab9db6f0f6df788df789ce23,2
182,b3cc7f5b31ac29e681703699242d7ba4,2
182,dfcc1f08881b6ce5b44f8a9f472cfa2a,2
183,145b70f6f35c7924e08fdaffae18da0b,3
183,7d63c5cb9188dc5f1918c4c494cfbb91,3
183,ffefb11c7832fff0065b8c24323bb595,3
184,8bf8376546515aee52076fde2e93bb00,2
184,e43734ef8781a3302a96c2647112e644,2
185,1270c82ddd70072b049bb9890f15da3e,2
185,eda37258d84380f7e4e0697ee7d93e67,2
186,4ef72722657afaab7327ecae1b515242,2
186,f23d4dd79136bad9cf41829c8c029478,2
187,005d8f0b90958318bb346d68c161c66f,3
187,33f183386c8bf24c684559cd383129f3,3
187,5e2333f1f835a0c51a425577411cabc7,3
188,c57fc1a5ae08cd72806bc9c1b5878dcf,2
188,d771a7589e7618d20bb8dbc37dfa5714,2
189,acaa36d87131d10b24f0675859eed806,2
189,f5b37785e4d6c871088fb175aeca02e3,2
190,551409dd264e8b86d7f01f018b117fe9,2
190,e5c941fe2c197f2e07b58c4806047bef,2
191,04e4e50623d156736f682d7018a6e514,2
191,42540da342f4d4b7bacf202d9ac46302,2
192,26325467b7e01d1002e4889c9922c668,2
192,c392f021d705296e2099d48bae0a38aa,2
193,05ebafaed14d587b3336d338e0a416d5,3
193,5a8154f4618cd9906a8d278161ef3278,3
193,a302749217fc022a464f97be044d28ad,3
194,6c184ffb38d7c8d2acf7f15edb7c4c7a,2
194,f32f2d68be6b4e0e4254b48df350d5c7,2
195,590bf39452ef3923d8df6a58a07f2d19,2
195,bf2667ec423b03fa9284a0e8e18b6c29,2
196,065b390416f0980f28c67f59a11000dc,3
196,090eb79c78e788828fd95a6732c1664a,3
196,ceaf691320f53b619353d247b4668480,3
197,84c3893e3f9865d9b9e178c8cd9b19d9,2
197,e5b98777907464de0a02c724f20e4409,2
198,b0c2daafe17a01b896974e3cced3ceb0,2
198,b631693c105b71c62e8e30026eb93231,2
199,3a15158e6058106eafa8d52c47458bff,3
199,87e40dd26c5cbc999e312ba2063a33e2,3
199,c7e020512e73a9efbc360d100b7d3c61,3
200,21e4bc4dc44257efcbb16a8a53f8afcb,2
200,8d60bd0e744086bdd7c9628899944160,2
201,02dcefe838d837cc66a63b036725d62b,2
201,864eb8d28ec6b54da25d617dd748dacb,2
202,7dfa8ecb07788d7e92eb3330dd01aacb,1
203,3aa670e70a7dcdee5f427cc5d8e64fc8,6
203,76b187979bcbcaea0c3092d872cd8438,6
203,7ab67d9b30a2a434b38b52d7f2afa817,6
203,97c2208f7fa74876d95fc3df5071ae66,6
203,cddfe7f3910ff5ab8f5d28d8f3f98f85,6
203,ea0319829c538da3e4ebde0af956c01c,6
204,35c8f2b4eb548dd04a8d768328943d47,2
204,c672bddd35766b2b775cd0574645c7f5,2
205,4e6bfd8da3fe645775e89fc5bdcd12ec,4
205,9d9f679c1d563a945fb18827829e8dc2,4
205,a05230c30974e88597f82d1715e029c5,4
205,f753b68d33b5796ce8806bd9ca493bf8,4
206,b3123a1a259636bb754c4f73832d1e92,2
206,ce8227208701a417d468ece78f030ef7,2
207,8b61239a9957913b97211a0358482b08,2
207,a5a8b0408f3e63a52746ada5eddc2a9a,2
208,6afe0bc5a6783bba16ed82b7388b4efb,3
208,9b13b476bc6ba37e7ba501e43aca7176,3
208,d1d7a96a1b5e281a87eef1565c4435d1,3
209,b66e47c665e8fa99677481534b2323d2,2
209,c3fac8c8d13342855ba5ad4235c53afd,2
210,17760a6c535bfde6e2d791229813a892,2
210,f8ef796511885ff1e0bf17bd3d8d1b51,2
211,9ca95918478b52ef5c9345e94b52fd6e,3
211,bd8cdec8ccd120a02c9ef6ab121486f5,3
211,c5f74d523c92fa0300b9ce1f63a59542,3
212,39d91ee9bc51ddeb087ee502d0951c1a,4
212,8ceeb95ea11c52a38cfc53fbe5d3cb0f,4
212,926a365deeb7635c57709d3e9272141f,4
212,d150ffbb3e6db806c69f96364b1c9527,4
213,31550a679896e79ae58d2b0ae4d83985,2
213,3c76bc106a7720aa5b28dd2b1d0838f9,2
214,3e5dbd9412d691c305c13977eef98850,2
214,49358028407aabc39726c1a4121cb5ea,2
215,3751a45fa6f87c1593689be26d3e3ef2,3
215,679d89051b7ab639b1752db99460a952,3
215,d161794cbf3ca72830ac227e4c8a56c6,3
216,4c12510efecc9deba29cf8204e1c35a2,4
216,4f7f8cba292d20be508d0d881f048182,4
216,6309a380fc245ef01a192453190c77ba,4
216,9a17081d869469be5ff340cdb3c420d3,4
217,b23cc1088a7cdfd6723672bccafbe71a,2
217,e1d280c0a2aa65d4cb841358a5825861,2
218,1906efd6645f463806504f569053ccfa,4
218,d5062bf22a1b3ae3d70dd77d2620ef84,4
218,e5f5abfcecd886a2ad1df1c8d4fda0b4,4
218,ecde52b4ee518069d295fa2127e3bfb9,4
219,02bf3cb57f95e99299497c07cbe625af,2
219,045b18c206b248672f34abfc0b13703b,2
220,353967a127778f6af827a8cec854e2e9,2
220,5c00d92709a1712eed619463da895383,2
221,0730bfaa8c9734d4b99f5d6e5f26d36d,2
221,33e5d85ebd71b3ea5f94fdfa7e603bfd,2
222,a0bbaab97643642d2b93e30d5cef62ab,2
222,f54ff588b90779c56a1e27291c485668,2
223,48a2c24bcb5a672323ad885a92d47aad,2
223,c1db0519fec18099dd9d0a014aab2d03,2
224,287d66f3dd29ceb454c92ac2a6749bc0,2
224,48f4f0e8e8492c27cd8a2e76dd2667ff,2
225,73bb4f3f475aa14552a89206723e874f,2
225,a73622b35bed1791fac63e901641e7cd,2
226,0a80159bdb4942f8f06c91d2f3a4a833,2
226,99f12ae9f8dec80cf9a111d166a2e79d,2
227,34b658cd3b491e06b11d9cdcef4f3c81,4
227,9eb3a29a198830c53c0577405aa4947f,4
227,a79cebe16377980d28a47f40845d2c82,4
227,ead2f8caae225e8a59104b8408a7b7e5,4
228,00b3f769b9a596018a62a86f98e407f4,11
228,26467df8415e005aaf95bf1ca10dc95c,11
228,26ae4944426a67ad398d3c310e2e33c6,11
228,59333771f70535082019538556b45182,11
228,69f22a4a0834154315d8f2dd4321345d,11
228,a64c89b46af6ff1b4193f9ba0fae012b,11
228,a70b00a05a3388c2a09b1086a6c13fc5,11
228,b7b3bcd2ac46498c1437b07596c6b660,11
228,e4ca304b75ddbb83b6b46152f705185d,11
228,f029aa7e4a09237f47c1e5b52225f787,11
228,f48663ec3e236b01215f7ba29c27f4f9,11
229,40ca13fb538650044f4d6554a00d47ca,8
229,4b8ffb2c23ee7a5dea507770ce5ff8d6,8
229,532142a1743a64acbc1c0a2ccaf2e820,8
229,6f6b1352e4be10132d9583d9558a6675,8
229,7c658c2dda8366fb016f9118c2b613a3,8
229,a1b1c67fa29606ef4969ac61acdfa349,8
229,a2045eaff6b5141d9f743bb14f2e7135,8
229,ef1e87afa7eab77f44fa858eb7d41561,8
230,8e292f58096495eb1e12ffeeb18d17ce,2
230,d4628a9c0c22eee62ef2ba78f2b17c8f,2
231,45331eb8e9b33a29ba6601edb0df3ba8,3
231,489dc6f0d6d3fc115ef9c5638b09e9c7,3
231,d8833902225cb43709e51c5dc2dbf396,3
232,a4cbedc8abff7d8ba469dbcda84ee900,3
232,abf2e84bf9e377d5f8fb623190881c6a,3
232,c1d3c64be703c427f5f1d661568148fe,3
233,771c409d22156ba7d667a946116048f8,2
233,eead7d073e636e6c0bc5df731a129769,2
234,296ff30276d700c21a1a4d42374bfce0,3
234,84b5a74e5eee7a6bbe3dbc6ba5cc44a9,3
234,a51013999801a595e38303044fc741d8,3
235,4363c6a8ad0c13e8c1b07a14ed2a58a6,4
235,80b8814ce90923ab2934dd58a9181e2f,4
235,8745f33abc8a579ec19f219031a45e48,4
235,ad7e19894522a27810333fa7eae3275f,4
236,8da2ec4a41306f897ba7d3393e868eff,5
236,9337252b67943ff50e1679d06047548f,5
236,b6151282b4fc155d6465d913eb46c6f6,5
236,c0169c24679398ce654485955c3d7277,5
236,ee1f795c36ac42976a99e1590303ac9e,5
237,145882a01cd64b9111dba641b016ae02,2
237,d1ea951705d49157ede3021c94612cd7,2
238,548aef42165bd934f9fe0eae69124bb5,2
238,6c30f5673f50d21bf3de49629c7da58c,2
239,31c0488bf938a0b42bf27d6d66205ed1,5
239,7ec45b73480695bc889c567af9b53795,5
239,87613295035ad6f1b8834601c36bd9c3,5
239,b3e31f32445d1064182b55d83072f312,5
239,b44f0d0a1e96d8e0f7fec1e5ea5bf459,5
240,51f2b851fd1da16a99cc6197d9c26657,2
240,a62360d875ba90cd7c945508b788c6e5,2
241,2edddae6505e7175a3686a15d6d4271d,2
241,f2f430fa41f473d2cff5edd0c30b3287,2
242,7bd71754a23af55015ba16a9daa81c51,2
242,f027404dca8fd325d1219ed9201eb60b,2
243,93d5c2e61ab768c9a3f24cd320880210,2
243,f0d25ac67fb8d11b1cd3ab24c5c45d2c,2
244,0f58470337fd6262c8352ab5a4b9cd0f,3
244,5233dc06f487bb51139081d135c500e0,3
244,ec602000b00695fc13e412e647d1523b,3
245,2c152cb2e10081c7e14489fa0a1d5b7d,4
245,75c4121beb12c4ac9bca0a3ac16c856b,4
245,b693bec33148c1da3f44b4c2e91b310e,4
245,f967cc21138408f28c73e60bc8c7d021,4
246,97f036d8c5bc1f21504577cdb424933a,2
246,e05f6eb71443239cac35d1982242db44,2
247,1a381b6ff8282309e9505545a21ee5eb,2
247,c6dde8e3e92791bb906b95b737d563b3,2
248,239d2114da36e7f0b968450b1f691b16,2
248,d564e4267f823fd78180709ab4bb5ed8,2
249,02f8ccac9a26b9cf6e0944d572a17c57,2
249,ccef7cd1d5545895a181261dbaa28e72,2
250,398637df22b8da4f5f5c712f00402b18,2
250,93705085036b022f6b8bf36c0c13dfc1,2
251,69f2799f992117a02fe116117bc017c6,2
251,e765cf96aff5f8a2d192fbe89c1e22cf,2
252,0400dd554f7ff80a3ea5717ad3831cf3,7
252,06c8a8526dd69e980692b98a15886d0a,7
252,150e3a1528ec582723bfa665fdd14406,7
252,29f15cea81560f5ad587f6dc485faaa7,7
252,4ae7890cff42a161450250d75afa9dd1,7
252,7d3f6a4ccd29496e8d3092bbf68ff916,7
252,d4743af418d61fe2d8763bf69412d7ad,7
253,87f8b5a4f598cd47ec0506976364889f,2
253,99feec96d6c8bf8ea5fa694c1cf00ff8,2
254,0e8374e097d5de803383a7ad840f208a,2
254,4af75a92d2e919f489480cb0d18a5c7c,2
255,152460b5b10e584817351178fc379611,5
255,3564975aac9a79eccdcc6080b70d67d6,5
255,568ea97cc83f66c195613756af82034e,5
255,8cac888a2a7486df58b1e68d0bb7e758,5
255,d290d6fa2ebde24d78993538edaf46e0,5
256,44d494765c2d9218c15ea53b65b9dffb,2
256,a2f58425b617b4be453c11fcfe250362,2
257,38d20b0046d00cd2534166f27d116c76,2
257,44c04edfa6db6f58ba9102f4c8cabe8c,2
258,1436f8a1513c66c088b241b9b70e66a3,7
258,18a390a74e7b402c2fe78ba5d04c6763,7
258,85bb6841b113d3db58ef73d287b77fe8,7
258,a4114b6c0153dab2bb630843b219c7ac,7
258,a849b49cbe2ff0f1217c14d0c92439d7,7
258,b019d3a3a0958f7a54d55a666c69a25c,7
258,f0067d63ac6fe87598574db6421104c9,7
259,a113a0e779725c475c8f0109e456dc9d,3
259,caa326a7c21425269b199dc94f94e9f5,3
259,ff1e94fea982633e1be7e97e2dc724ee,3
260,1a5fe7308296f5fa18d390b1f0f3b518,3
260,636ea478e51d013161e231df93b44355,3
260,b3f2a2a00d99008b7a7f32319a5dba07,3
261,5a5a7740665c929a4aef4e58ac4ab8cb,2
261,f611c811a4b349f1b715d0abf1321195,2
262,061ee2fc86b8fc3e0ad573e75d59decc,9
262,4b31df71845dc57a62d36ca29a020946,9
262,5698b3bbda48aab1d10f47c2d70fc726,9
262,5dfad217e440ce3d11e870a8d69ab05e,9
262,6e3e01f696ec599fa971683ed780eafc,9
262,7238cd99eb46f858bfa4398c594c91c3,9
262,88384abbe6b809bdf74e12b83c8bfe14,9
262,a7a308682de302964b97f3c67de3818e,9
262,cd81285bd202967811f20dc00fd0b8a3,9
263,d51677399d86b3281b070a20ff5fdda5,2
263,f37deb3a0f2c85820ade7db3d451b1f6,2
264,1613745e9649180c2dbd73f7c312b0c9,3
264,393cb269c0f22648db6535adc9107a29,3
264,5d71c236dc7cc3c8f89bdbbd1cb1cbf1,3
265,420160d5c949afbb3f41b6c647212195,3
265,47a92204926f24d3fc3a8143541d8b9a,3
265,bede839a8b47e846b03ebd95a88a4f0e,3
266,180d11c38e6f054932562c53bd5b1ff1,4
266,83136ad789ea2103658a373bbc4ef1cd,4
266,cbf2ff17b3db99fa52fa61fb2f18f782,4
266,d994f4e0ff0056a7d0c2e32781f122d3,4
267,1eddb4fcf8270d128ce0528d7b178347,2
267,78037a003f2d50d2d949c4143696d6de,2
268,2ad36dcecec65d66d77aa5dd3c815cee,6
268,3787f9e06974fb10406b717a792b352a,6
268,45a6837b1824b56c42bbedfe54bc997a,6
268,4d93ca9d5e840c85f502db139560f61f,6
268,9193e5c57cd2added048153ac2f071c5,6
268,bb52604e889ec528ef7b0f1602ba122b,6
269,073539714e03184163cc7017d019a042,6
269,634a4b20ecb049dc819c23e392cdc9d3,6
269,c1f4834758c6f269d03289a2880feacc,6
269,cedf85d39fab57e4432659da1be01b9d,6
269,f01bdb77a11acfd828019882d51c08f6,6
269,ff54eb8931928dc779f07df905e0f055,6
270,7c99c3f84944a690bcaccdcaf42b0916,3
270,e3f3c9390d62e094b7d51541d0850133,3
270,ef2f0666cf8d403e03b144a3842ca65b,3
271,0a0d840580a3b2f6847d4da0dd31785d,2
271,fcd23c54c9ba34a75f45d4176398e5f4,2
272,7a7d0e381fb6eb4e3771f2f71dad3768,2
272,fd358dbf524bb0d517335f60f44a427a,2
273,2fae93d459889cbfa436ba71b35d2bd1,3
273,440c290b14b46426714fcd38eb631e3e,3
273,d555e9d5d32f9e6359d6bf896138e546,3
274,304a7dc33655cfe41bc3e00614ff0ddd,2
274,61ff4db52e098414c8bad0fdd4916094,2
275,275835de41a53cf18246518b0e9f61dc,2
275,a593b29e8f857a5770be5099516257d8,2
276,2b30108a305c359b9700610bb503a5d0,2
276,6c8c2394e5d57ebc6d91b804f49294fc,2
277,13fde0d37df70bf4b662241890413fec,2
277,4e43c08c90cb0f46884bb08528a862b4,2
278,13b21cf967d0c86f9b7e8fbcb2527378,2
278,1c61eac3d7dd6565c2a2a38857f529c7,2
279,7c93f84d05b8592d0cff5623a0b62271,2
279,d0e1b42c4519e6ab8a001e96dfdf9d9b,2
280,2cf685a2a3beb8e6052026b0572980af,3
280,6b7fcf62383c965d83c6d13dbeb76000,3
280,78581631cb1143ed74514f45cc7deeb0,3
281,3379e66289c3e287884a60700e8edbbe,3
281,3b5679949db7a13735abfef5f861e06e,3
281,f230f83d02bf0ae3e8f24eb935ef86c6,3
282,4b979a0a3c18d8a4f5f97ac8b567f28e,2
282,f5ff0e9e8a75dad269fa95bc19f57181,2
283,08b02405a946a9713ab92d14f1631167,2
283,c8bb3072a214dd405f5222a8f8cccc3c,2
284,d5f31d34ca16e95e059e48f17e0102a7,2
284,f95b833937db1e7fd9e9fb7cda5c0d4c,2
285,e1f5c615a8a842e4b5f855eb923bf36c,2
285,f2d27295d38d4ea73169779b6ed5ff0b,2
286,2d0b34bc7a034b6f023002e747e3f7e5,2
286,dbd8d62deca18c92c2d2773c9d53d629,2
287,6a855dabaf5c8c48d8923dc3d7b0280e,2
287,6b75d76403b10e88466a0e509e7f8771,2
288,11d4470ca569d7f24159bc5b9d67cc7a,2
288,2919ec70facbd257a7d32465dd35d80b,2
289,3582553da074bcfdf601d0033cca0d0f,3
289,40694070e8486bdb4c7629e59e9b4ada,3
289,ad538a6259c0840255162e3a86a67df9,3
290,323d6f09577ede3bda917986d01b5a17,2
290,ae6c8239be0e83447781f5e85061e729,2
291,2fb8c6a47e5b118eb165b117a85824e4,6
291,30e1a9433e9e8c53fa10ef06afede368,6
291,713e66ae751b18487a8984c6360bef14,6
291,ab978bba41e81c31c0aac05387436cec,6
291,c82f1f71f4b36b3fea2641d9ef05242f,6
291,e0817bbe0627607d99d28760fd151f84,6
292,265d4b058ea58738f78c47074a6c682a,8
292,34492a0e9c0aebc9130fd68415a22989,8
292,5e41ef0940746b41ed1a26721bae7490,8
292,9a02d072ca9661915d680cd1e1ed8747,8
292,d434e13e72973cccd4eef955d2c08848,8
292,f942f4cce7ea3467a43d4e7ce7465e34,8
292,fbc898bd8c4d37dd2a986a640de50fc2,8
292,fce7ab48c794e6bd14c1c48c345a2762,8
293,01f90ae699dc12bd99c26986ce059891,3
293,40919df6f8e37007db1e67b12832c979,3
293,bd2c31379dea52f0f9927cc2b8028acd,3
294,e9c0289b06692d1327214b7a0aea99e8,2
294,fd86d278546a8b2f42e2304a7d8160a3,2
295,39328f657b374a5e2e1c3ac27152a827,2
295,5c693aca718b805c18c4a0b2c0488605,2
296,6768cce449f1a2a26db3d282cd8d10b9,2
296,f9bfd6b20f79c2f6dbbbd059409a5fc7,2
297,2c2b7410789631ec47430f626913b062,4
297,562c56e3f924be87230f6946612dee16,4
297,6bd75610fc7e0aa963ee4440452439e3,4
297,abe1489b3967766daa322f2d199617e1,4
298,0fefea02b25fd0c03bf32ccb70496a43,2
298,c32fd0bbaa7ba48dce22e92606ca6868,2
299,10a89be184e18077874a3bed008c0ce9,3
299,5e6ca3626ea4c60fb57cd92838c3f3aa,3
299,b3b6d30d4ff5ed9396f7bacd702a31e1,3
300,68f2d194464da3b1fa5971c55648d7dc,2
300,d25e7e811e433121762ff1677312c189,2
301,17a75b8e4a85a3f69ba256de1b00a90c,2
301,4cbe383862db1b74c4a100c94b227f48,2
302,6a16354a48c83efb6fe6543d46b1d479,3
302,d2ac27ef4aa9fc9cd6f5114d2be65f35,3
302,fe93c96b4642552521609ad7852ad72e,3
303,5a174a38e66cdf4f18d3d603823268a6,2
303,f160a714c5787641340c2e234e9f75d1,2
304,23bc522f60efbbe2d737c76b480c4175,2
304,64d164695ef6774ac1976ce2a59d6a97,2
305,3b8c3aa99e3e9200c538599ad469e3a2,2
305,a73fd97ca4280edb7c8726958aa98c6e,2
306,01b736183f8036b0f2c9e14e347dc085,18
306,04493f4fc1c2f5c92f2c66286f8f3031,18
306,0d59a61dfa37f41aad1b967b377f9b45,18
306,1000b34c38d57e0e887313883dd1066f,18
306,1badd47c9b077f158034f5ba319d29c2,18
306,2b584cdeaef025014ae6b2c4a4bf8c5f,18
306,3170d74cdf10d2419598189fe6beabef,18
306,44548ecfa899889f92898655e6b0be19,18
306,535d409f98bc7d1e5333e168e7c943f3,18
306,6ea259cb3b13bab3b2cc3a7c69213f28,18
306,71ea184de0436a0f4bdc032dc08b5f2b,18
306,80b97af51f0fc60eacb5036933f79940,18
306,8921c4a7faaffd8c66287ae122964b1b,18
306,afb0206a9e0268f8118f340d28655e76,18
306,b3849777818d4bb63ba6b94dd4101d9c,18
306,c43233fb22480b5aeb0c8f0ca2f06e0c,18
306,cf24ce771f975bfc02d6f4b70568e833,18
306,ddc0a9ba3c1a74f9e9622ca3b80f1147,18
307,1462ec61bd8971d8acb0ba4f4c9b63df,2
307,766846c04bff74303554305313b8a3cf,2
308,188f3e7c56c7d66b1b8e9b14f613dbb4,17
308,2ecb1174c2ef19336304e5b144b0914f,17
308,3536ae1c022800dc897e66f891b36283,17
308,40353c4cfb10b7dca297d2e23f1125b3,17
308,420b5d0a071165b04413e47ca846a7ec,17
308,56c843675cdc527c50359f8dedc0ecf0,17
308,60bbec18797997fde95bf6e494852bec,17
308,7837dddb147e0846f894d91442dd44c6,17
308,835b7295fd38f1724f84d9036263865a,17
308,9d1fccfe945ca758eb4426b54e593efc,17
308,a422134f7f713d5a952b8507d92dd3bc,17
308,c959bc248e242bace53d66f2e1282707,17
308,d39dbfd75a54ee63a06ed6e56119f8e5,17
308,ed26359c2df48a2b4c05a2552ba8ffd8,17
308,ee7417b8692349e69361c5a02a99a79c,17
308,f18f683f2605adaa570e9084a3ca2ca4,17
308,f8ea4e90e31d30351e515ef586dbb64c,17
309,49aeb7c47744b6203094bc8ed6557296,2
309,c08945dd0910ec6a91d56fdb51cd4b3e,2
310,1097d4101e61acde762dafb855550198,3
310,568f76f108cb32eb55e1da9b0d382a01,3
310,c54f991278597f3b61c071870df02efb,3
311,889f5becf4baf4c55d469cd6b2b270b5,2
311,e4b6f25a0c6f4f2c3c058de10c8cda82,2
312,4ed4faa00c2561e7ecf2ac47757c0e63,3
312,6e2353a731a7cafac3a53f1c8e3ba6fa,3
312,bf68d0a09a257f49592324017a9ea594,3
313,36a6e705275d3a191b833cbc3efb29fa,2
313,50f998b5a9e0d3393aa8e038bad00692,2
314,4582f90ba0d8131a12bc917ef2074369,2
314,915a86f4c7911d652bc6edce020dfe0a,2
315,096e001d5a9a52264c43275249dfdb94,2
315,a54edafc9f8f42fead8301399cd6093f,2
316,af6da382f64a65ae6166a772f0472e92,2
316,c537b6909bcd1aa7f53df84acfaf5951,2
317,1d858110a934cf3f739eeface3119d98,2
317,8a390dc8a721dd6f812b611ab7508547,2
318,2cb5c598434df95414f897de1579e0f0,2
318,ed7a114d44402ffdcd68b9d8a4f0d392,2
319,0b2065b61e2c5ba1d3d9ae1cece1e92a,4
319,50c71f4de970a9980fb67202deab8b44,4
319,50e05f9d41f8f3b6f12a16f7459654eb,4
319,6c0b63c6625425834e4d13f4d28ecfdb,4
320,1e66cf5dc554903c9e6281b31fc88a11,2
320,e4660da058f9882691836ea09af8ad44,2
321,3bbca1c56d1377d3face05bd5e924923,4
321,456e53bee6781fb83829827854802644,4
321,4871ce25ecd656bff6da51ba38072ffe,4
321,84c5b0b692dd30241861ca77333ac25c,4
322,3a67c6a9018a662d855df36399c9fb2f,2
322,df9ca00ad664d2a2db8c0e45554de9fc,2
323,21da03c57302c1470550d407a69bd984,3
323,bb94c1aa59ad2486a29ad239242252e9,3
323,dba44ae84a581c79fcd5579425a035c2,3
324,22ec864b6498a9ec64fe47a97bffec2c,2
324,ad4f7f638de54a106b98c60f201130c8,2
325,99eff328cd40d13d88a4e929f963744a,3
325,b180074eaa6d8d1e7164c68ce45f791c,3
325,f4bd82e987c60f8f300c263d16e767ff,3
326,2f14b6ff6f7d1d0433f1357eed0b31b0,2
326,be4cea7bf8beee9441ef97840e819981,2
327,8562cad16a23385569dad89f34a40453,2
327,ec27c9785809436bcb27396529612743,2
328,414093578aae9cbf42b74ae00bbd809c,2
328,d375472d80b6dc77c7d36a1406ecc939,2
329,1922842786ca282c696ba2e4af131757,3
329,1dd21d81cd49a90606b3a4eb12cfc336,3
329,75695cadd18ae9c9ab1fb2b7b64b211c,3
330,514e2b7e968e4f39fac396237e962fe4,2
330,eda208a69d0f3ac59ee688b34946f198,2
331,5c3e98b75cbcfed44ce8d5d1c478b3c8,2
331,f226f56f58ff612e37bf54b01bcb1ec6,2
332,5faf666ce7a0846395445daa66e95443,2
332,bee4438eb711d64d6b6789d6c2272419,2
333,285397a9196222450d2a63b3b67d5790,2
333,732cb5cecc5786c1d15da7b71bf8989b,2
334,a36d198df79af7c55d19b1b6e3bd5830,2
334,f58705b26fd81530de56f2867b479626,2
335,a7413ae067c8973642a0aef1397e0b1a,2
335,d8e97e5c2bdb6b60b06d4563807a77bb,2
336,7edd2daba2eb8518f7fab33b3683d5d1,2
336,fa61aa42dc1cd17d89206356fab5faae,2
337,39597714def6dd645ae1964e8b522acc,2
337,adc76c216c424f65a51e4bafe3a7a2dc,2
338,17738660950aae92004b38f7a47c9f21,2
338,5f0c7b46210003309f0621a3db638be3,2
339,4f13599d40e7af842c4d3cccd998d71f,2
339,b7a499b91ed2cb9d20fef27e218f9798,2
340,0b26111819060d495a6598410ce2342d,2
340,5cde20297d6e360b13b02099e48ea306,2
341,70a4e3ea88e7019abadac6e1674b10d4,2
341,ef93de437fdceec2e303694f159a0a6b,2
342,7caabdd4dbb3e67cd77929b8a18b72ce,2
342,bdf5f2aeb0e9beb4286880a2595e82d0,2
343,227f238afed2b40c1708e79cb2510c5f,2
343,5872b3ca9a412c3c0b86999da3d991c5,2
344,9147978c1914b0f332cdf72e31b21ec8,2
344,9c60d7db96999800cc1e26710c7196d7,2
345,665fb130323825398b27edb8fe7e2f29,2
345,c242a0f1e6d89ca89a78a2a0ff1d2a5c,2
346,4257e0ebfb979be6893d294892ba292d,2
346,db8a834cc73f63385c2fc96116a5a049,2
347,5216bfbfa806d74c09a3e5e57b2c67b0,2
347,7274303ea4723d6be3741fc3ccaee3e4,2
348,a45158fd9e71dad56f023b9460d858f8,2
348,c2b704c68bac9c8834a492431178fd69,2
349,6866a48680ed4e75bda0a5699192ff4d,2
349,823a34e61d1c2e326dd07968e7b9640e,2
350,a45a99cb7d6a65375cb9fa065ac6403c,2
350,a8aa0dea340857fd05106ef6b56774c1,2
351,53dececa487161fb4f8fb29f05755947,2
351,82c44b573569350115f05194c26eb3b5,2
352,0ab49afc878d9a4f487df114e1297ab0,3
352,37ea3079e05176dc6dc210ef5242d48a,3
352,7634c45cba407d755e4a59e2650213b2,3
353,74ea1b8a53bc7315dce4b87a44528c61,2
353,eb6b413dc35063b6929a9d1f913a8090,2
354,42e0cbd2f65bfca40437b122dde0d079,2
354,bfd9ccbc995b2735f1e455e624726df3,2
355,192f9e4941307987c4edb9d3235e1241,2
355,583c17f997d6f3b640a3be6ad98338dd,2
356,11a3c525e5b1d3491ef4bc0f527ba59e,4
356,33ce4624fcec435f414bd79b19cd6dad,4
356,ba89d8292675d31e4e525616bace3cad,4
356,e322b42f1039ea124dc9598fb493a887,4
357,226b783d09729a0a8caaf254c4a4a812,2
357,d4191a656b61619eb2a833441ff1c9ee,2
358,035235d67e32768c062118b4628a28de,2
358,d5ad4d291ae35ef18e9d8e50191443c1,2
359,68eea492c30dc2ae8c47af506351e6c6,3
359,70e55d6bc7ab5ebb0f976ff584c3c379,3
359,f916f280d322ebe8761a8155f6c6db38,3
360,3bef726baa8856aee0d71c964b752106,2
360,aff312503c958092f79fc92382d11713,2
361,2b81c5c9f42335b171654b991d90faf5,15
361,45bb9e1369307a8c96a56d10cd223150,15
361,4b7284e5b107b596fd59f0e08bfacbb9,15
361,4d0751869158cf5a7ac243d4dbadfa39,15
361,565c1cd1ceb699bba7931fccdc65c808,15
361,58dff033d31c41edd86aca4dc58f8076,15
361,82cd1a3a19329200edbc0beac4b2516b,15
361,865bdbfbedf3ac2763f1589bf74564f4,15
361,881fe1d6876285e6ee0dfe5bbb26f472,15
361,933d8c9eb64131af717a9cdc426e536d,15
361,9bc27497b0d71275597c0168f487f637,15
361,aa75aa233ecae2433d8567b30860f50a,15
361,dc581891b01ed4a119ee91596ef804f5,15
361,de9273cf539812a7105c620194a6e409,15
361,df9c3c7f1f3344f313ad701136a8635b,15
362,54bdc9241bb2b80369e5c6561e354549,2
362,c4ca6b5b1bb32e840d9400b0ff1e4c43,2
363,95c29ea741bede7bcaef626ca9f69bfc,2
363,a1fa0c09110001f6cf3a35d0ad5bec42,2
364,0b3130cd6493b78e5148f377f1897368,6
364,3555132b1df2c54e784c0c1c7223d82c,6
364,4c7fe576708e82a68763033606d13d95,6
364,609ab1221240c219923fbbf6edcddc32,6
364,b279fb9755f1c32e0e925cdfffcc5960,6
364,df7bf9250d56d79c53aff88f94b44669,6
365,2860a3cdcf62e42b56020a2eddb5eb5a,2
365,41923a732b8786a09b93c455bf897d2a,2
366,7ab52367b7abe7f551171371c091871a,3
366,cf909463cc96dcaf515973b0546cfb0e,3
366,fdc37ccabaf0c5ea769fac11281c839f,3
367,3c78e5593957a6341782f58cbf2b99d2,2
367,6a625510e58df44aa5584bb2525f16ed,2
368,601bc792692609e51d26c8ddd77f1846,3
368,a32c76a2cf5e922c0895c6ee761307e7,3
368,ec6d41ad4b8b688e5e694a677d6aa7f1,3
369,3980df0218ead9cc704fe248414c81d7,2
369,7758330a12591893f7c70885e5aa5474,2
370,42d09b06d5cb47c30c2aa9f39f2561ea,3
370,48bc7c38df01e412b0af21fe553fb161,3
370,a26fa812d6312cb5875528c9128c2e4c,3
371,5f3487b2ef2dca1e03040dfb99552b24,3
371,6f805bd4fef0f3cc958e77bdf900cc03,3
371,9f2a4ee3eefde50226619dcb23069e9c,3
372,34995e5a7def0abe4a76bf804a8d4b0e,4
372,4da0fd00fb4e1dd1b717c96fd7cbd812,4
372,932e32316887da9eaaa163e060e9da12,4
372,c20c2e1fa2aed5496916c6f7b707f73f,4
373,1a387674d225ebd1f934ee563e84c13b,3
373,324a009d5c2e69930b6a766b65d935aa,3
373,f8a011746c2b3786425dd3b23afed62d,3
374,43737ef3530581d3d2d2e1d6e9565ed9,3
374,590ab6476271961593e4ab33ab90a273,3
374,9601547f520df09b0c720fd312f06bb9,3
375,2716fafaf0a70c70eea03f294ba6fd8a,2
375,96ca0fec27917f2f79eb29892c87031b,2
376,1cbf95bbba452164e5ec0ed4dc672683,2
376,ae19af9ff040ae93be22394422436fa1,2
377,9f99777b35ca0693035bed328c0d8bfc,2
377,f6eb7b0c664dc6e862304cf9c33c8d48,2
378,651e4a91019613af4e488c7fea21100e,2
378,a998673309328482b8f118535a868a75,2
379,8469ab67b2ed3ad52248406a1491bf21,2
379,d21b4ee16bf5829543bdbdf90e055b42,2
380,046f59f795f9601758aa10f9e9e10663,3
380,0f21416442327b4822afc7c6e53168e8,3
380,5eadffa250911a1080e45b8029354a35,3
381,e32633a291350469ed7236fb187cb881,2
381,e5aa2ab17aa63290af25408aa459246b,2
382,37c69038f22fdcb88929df42cfaa9e6c,3
382,4bcb80894035e1e15c7f8230f612e646,3
382,e9f4f879f77362818d3f91446c064f6c,3
383,26f424a9bc2ee0b9545d399f617c637f,5
383,653f4b5818132a1b352db36f34ba1339,5
383,669522dae2147568c27c1e9297cbd927,5
383,935eaee7b7b9eb9a3f0525c1f9425ba4,5
383,b13793bdaab971434dae3c366bf693ed,5
384,2a5364c3cbe753e0d991641180d070de,4
384,a9a08171295436a1095b662ba432d09c,4
384,dd9ebdd51caf0291f84f224e7fe16ed1,4
384,ddd79c9e35890c368b7d8ee1b40e7646,4
385,6427456374426bff41ed8d8e759c4b1d,2
385,947e245d7f48db95c6dc2ca6931aadc1,2
386,3e96b9691d7c8ec911e7bc1925cc555f,2
386,b8e2720e5156287b58ff6439e6bbd92c,2
387,6c022bf3bd012f3e064fb87eb24ff0a2,2
387,89a76649d173ad2bef935525f40affd7,2
388,0e730eeb57e21bf96740be68681dd763,2
388,611829b232ba0299040be63fd0ed7feb,2
389,34474a3a5fbfb10f11fc22a0272d2f00,3
389,dd6707b4ded8572d5de7e06cb9f4d47d,3
389,fd09ef7a6914b3db7ccfb29c09d19dba,3
390,4a96f7a35a579224a2e2c005da49061a,3
390,553b42428de74ddb5917c3b61c5511e0,3
390,93df9821093d897ccd6e3930f314ff0f,3
391,2d4c5822038a839f4e0769d629482d8e,6
391,6c726899100be567c125df67390a3ca1,6
391,99006a4c695b5d014e563a97fc811c13,6
391,d8587552a39aba241c195dcfe4235011,6
391,da5f627156c46b6b9412f394df491833,6
391,fbdc84517f2fbbb3983928f78a333c51,6
392,8989f01feba37fca3d7679f1c83942da,2
392,f5994d7da8471b1c005300563ffa1917,2
393,408ebca62d0055fb8c5d5de289e55da4,6
393,45ce0d8baac3751a4a904223d363660f,6
393,63bb3475da23456fc0f7520134842b21,6
393,b7709cfc60525bbbf9c2aa4e8851e55d,6
393,c9406360cb0e718d87ca840d26468cee,6
393,d7dd352725bff70197c623ca2c6f0e29,6
394,1dc728817c08f081141cac075f69625e,3
394,453e209686a2729c70cccef8e589ae7f,3
394,e7378d42022e46c26a5f61d241a96217,3
395,2da154cb020e560134bd862a4ea74fe1,4
395,2ec8df45d73e589d503a1e98cd34fcad,4
395,808ca9aed2513c2fc50c8521a71984fc,4
395,ed8b3b8966063bf4b4fdbb0604d2b663,4
396,aa3b4227acc6bf035775cc2481011150,2
396,e10e9d2924fad6f077cc847ccf02da93,2
397,9c495ffd537b83b59bded02c3b4bca56,2
397,eed05e533b05cbb95fac4f229e541693,2
398,04e31261e2dd79a38061438b93b4647a,9
398,0f862346b3f350ed495e24ed9faf4683,9
398,2f7cd3461fe0772f4604d62043bb1590,9
398,3151e7eea65ae3f8533bf628ddedd4e2,9
398,3d5cbad16245ecb58af23ba8140e1eea,9
398,65a6634360623d34b03b4f53bb2d2529,9
398,d792d14b5dd59392f5e47ab9c119f64d,9
398,e14df22131fd2b9ba51561997238a8c7,9
398,eda9c880e7d2449557a4b9c8667cf7cc,9
399,05504e9fbc1b1d30cc3c2db4647d0dec,12
399,1c35106fa30947082f554c54a3ab80f9,12
399,1e3a38c3c7b8808a9d64949654500d05,12
399,2943d6619e3cfe85da527e6dbf39130a,12
399,38c11a2f53e5abd7dd99ab50e6953a00,12
399,598e1bb9a5770ddaf551bce9e750ce5d,12
399,5ae0515710fc61a36bfa43692346f762,12
399,867584734c070ff9b59a419cffc9cadb,12
399,99a7da90da31eb751e30670cab2c99b4,12
399,c6761632855f5c460d11cefcf2273e01,12
399,cec2c40eeeaa0c304eae6cf33e437f9c,12
399,d10a10bd93a61826d4218ed7f29459c8,12
400,2c863401209d91d301dfbeac7db606af,3
400,61f71e0a8c04aa204b98f8e9b03cf7f2,3
400,9434ca1370c577f0506ff5a7d5bb47d8,3
401,292bde7a1ccda8def62d09b9a3cffa55,2
401,8dc536bf04229ca2a9083b3938e59d42,2
402,4bd9f4933da3232d98dff3d5ef0c0e13,2
402,9ba342d50af9bb48ba3d2d7520d1d180,2
403,035fe11124036362d806615a3166974b,2
403,8ebbfe690bc372cad030b301d3cb8594,2
404,88bb9da9278ad5b344fac7df26bedc68,2
404,d367eec08b369bab1e67cb42b03c249a,2
405,2137a9b59c28440346de1d16e00f6e73,4
405,4bd23586d75e0fe8a77f8e9991b96316,4
405,9a4791437b43ba906e800a103393ed93,4
405,b9f1a6c5c3626af3df4e63bdb8643c46,4
406,298311eb20186be26cbb7de2d736ed39,2
406,74b6b7e15db5b0feaa369dd7a7cb6f9b,2
407,05acd75ee59b70caf9f69ebf3af3b9a6,2
407,37befec4ae849b1399bcd2786e443604,2
408,35c2e948cb8bffbdcd96c3068d93ded2,2
408,c82102d6f4f907fb88222303c6e74a43,2
409,412d095219691fbae313688119a608e6,2
409,707046e3733914452fac171667a72ea9,2
410,0984358d7cb824b8418f1470ea7e4b58,3
410,48f62301107e030477acc6d206776a5c,3
410,52cdfeb4458554e30c8e10f5b57541e1,3
411,7fa869353ff85de9b036afcc280a4247,2
411,ed4fb9aac650fe246db737b006d60109,2
412,8c67f1996d02cc848619a3cba53a8fe6,2
412,a888f874d756a8c45a079ae6dd2b59a6,2
413,1241f68e2fe9cc14f93b60a1c99ae898,2
413,95245895babbd676cd7e9171a6e2bf09,2
414,36013902bf3276a2d3d7598eafd199aa,3
414,be94442301da8bf769f99fd16fc6e554,3
414,c59bd699cd56947781fa12dfe8f767a5,3
415,9a613c4f6af1eaf6dc247fa65f90213b,2
415,d3896b0f4d66983a061260e4afa5f20f,2
416,5c16ace17ce380e3d836b2b15e49b2eb,3
416,6ccbb11dd14110691669a5f75bb8ff3c,3
416,7793f11a27bea218789e4eb8a9412607,3
417,301fb58cf6885e0709ea964666102cb8,2
417,e25c7a6c7b37c110ce4b5a7f63766711,2
418,1c3dfbe52fb3e278558aa7e643ced6f5,2
418,fc6196fe6c41f7072084be2d0b2ba36c,2
419,3ef7f2b697bc49f05506018cecda09ec,2
419,8ac4e736a595ca1a8b7a4f5ca69dea17,2
420,5c90f99681fa92cf80c3267646cb261d,3
420,ba851e0162196616fdeb099d1090b2c7,3
420,e0cdb2fae3154b9aa946e95b40f64167,3
421,3caa86f158b1334f7edd4f975859b19b,2
421,9bee060304f9295078b7fd454c95bfcd,2
422,82223bada9b265378b7dcfab6ce6d056,2
422,85c31614a5fa86c5a6bbd751edcf0e9a,2
423,0c99274b506b44220d0c8bb23387bd9e,5
423,0f3de94d543ebffbb6b65d83a8e8d701,5
423,157e6dd430b35ce2894c88497ceed8bc,5
423,23ecce00412ac9874a9ef761139cab9f,5
423,34eca59d9dc547584cb363850429dea4,5
424,2112077aa74f4c262700c36cabeaa70d,4
424,4b44e150549abfa833bf668c27d90ca3,4
424,848770f0b9d92160d07c78f387ca2fe4,4
424,97d154f9628bde89f591e75763e9215c,4
425,060f0b9c0815284f59fe59ef571975e9,4
425,102854efa8fad00c78430c5d9867d183,4
425,296babb71df66fd7d359ec44592ba294,4
425,8cbe281dfd3f429a5a84c7926ac33330,4
426,57f5f694fdfd7eeeda31db05fc8bf1c6,5
426,7192bd74201818cc5ddca945fd301100,5
426,cbb13471ce1dfada68db89900006a247,5
426,d58b84ea90ae3407f40fd1e601994b94,5
426,dbcd85902a9ddf252e754d83c5e2374b,5
427,3d237cd653c4f5fa418f5a46179de762,4
427,9b0b9245d11770a572ebb83af4418f74,4
427,eff45e7ac2cdb3739235031d18f7eedb,4
427,f774dd5d66c03af39f19950ea9620287,4
428,91ac077bb8d9d7741da42ff59dcf83ed,2
428,f347822023b21845ad6bd94b5fc3308b,2
429,5300273194a72c2d5d55d5d18317da6d,2
429,d06ade3e74ce6ae445233ed754ed9a6e,2
430,03e617ac1a30d56f181555f2a5afeef6,2
430,ea4820bc0d32ad7f80a365a275968295,2
431,8673cdf82d233e41d5a625a7f036f2ce,2
431,f9e8d93d9ee999cfe5eb84ee32ef7b9d,2
432,8a71268e0bd8b020b6f667349130b601,2
432,d264f91a33225f4acc1f8274fba60815,2
433,2278c00ecc5b9e22cd45d4045d155cf8,2
433,c76f165e355f60f78bbe182f58c0b37d,2
434,ca4e0b59fc853286949944e128f4146f,2
434,de5a7a961989a77efb2c22ee099c9bad,2
435,9eb1e6f01da0d43b5ab5502349848364,2
435,e465ad7600c5e256d9007736f08e3d9d,2
436,042be0e0696d7c7bc6f7f321d026fcf8,2
436,7b7bd12e7b302e85ed49d8eec08421a8,2
437,1024cee958f776adcfb670db95d9583f,6
437,16a27bde3b7ceb275ac4fb6a68dfd05f,6
437,53a9e804ac7361f25231b1f921929b41,6
437,5ccc51eed2bb355d9cd4ea1153e98519,6
437,6281f817f2361669724c7044b73d602a,6
437,eda4c79c26a0a97c5a1233d0a8392598,6
438,422b852842fa764ad3bcc3243e881b9a,3
438,a97aeb65526e73a1eecaaa1036a748a2,3
438,fc37cd5d95dd29ec53965ad0a7a5c0eb,3
439,06323e1b3925c34bc5cbe43f8ea0984b,2
439,8e992b008dfc27cc2c887058fc6f08f9,2
440,38c5a1c35da97be7c40e304eb8ba26b6,2
440,67dea24b030dd4678dfcd010eca7d529,2
441,09e053bb04814b40311ad9034c44ef8b,2
441,6b99e1dda0c864cba402e8942c890087,2
442,7baf76d17eb27cb2d9a57749153b66a0,2
442,e08bc25422ac9d63f66dbababc119070,2
443,5d30b584b2397d7e8af28c467223e9e5,2
443,80ab7cc5fa126cdd628842f7680b0f8d,2
444,bd519c69462f38be13925fb8eea4767f,2
444,f5d3ab0a4a2b46d5967ce5ae157521ff,2
445,2fb9a1cc9fdd99cfb5435c9c3ec13d66,2
445,ac1bcfa6bd9d72340056a82a2507881d,2
446,0f3db8eff32ba1e785da1366fdd7b73f,2
446,ac45ff2da9363c3eeee276b8aa69a81b,2
447,6334b3b14a8c8dfc577877e0482c01fd,2
447,e0811ea9f280c69af73ecbd35b17f84d,2
448,827bab508d816d47fcb1ed4c25dedce5,2
448,ec73a29fd202eb1be932dd9a5ab1b6c9,2
449,182d38a1f1d451486d4c4b63c2126246,2
449,a77274c3bebc7e7aabce18c4fb542623,2
450,177c4e411eab353aed5ef852b9f3ee8e,4
450,8cd6ae5ab8a308f0682f312eae44ba82,4
450,c035a33aa5d33e438f6924c70ddbd3fd,4
450,d58044e17f5dca2d6ee89f8be7b96923,4
451,898bcf186d12c125cec9cff8dcad776d,2
451,ef62eb1cd803f85baa6c193fd0083ec0,2
452,c127a5b2b7195065b619184345f276c9,2
452,ca7bdb3665db063226cd40fe66cf8622,2
453,ce5177f6b217b91c9383d04b517229c9,2
453,d0c00f1f8e02350814cad845b0d96c42,2
454,3f4755c73da9610bec5abfbd116d183c,2
454,bd7ab541571f9185d09350ad87f91990,2
455,1d812ccf6190f7f05ab070f3c217e8a7,2
455,e119f15feae54e122530c22ef0fb7b80,2
456,0309af813b896833f52901103ffc25a6,2
456,6416dbe97520f6f69d12e2bcdb57b957,2
457,7befc68c5f6fd8d11761bc69b5d986da,2
457,891a56e77ac05c23bd84a6af8a1488fc,2
458,224af9ee330e0306a59e84bcfd2cc1a0,4
458,3651b847c1bda8afaa4f229bc5bad88d,4
458,b93a4251163b1f103dda33b14581b689,4
458,e7f7296394a462fa6621876f1b1df0d3,4
459,7fe57549936bfc95a0012bd3241c73b6,2
459,9ccdfdc92e532b3cc57df21853a7d9f2,2
460,5d41e1156a39e7972dc0cc74a176ff9d,2
460,be605964c3728105b777f47267fcd426,2
461,6463049da34bdb5a515a8a39f4e7feda,2
461,6a0a917a717493a70690458c5b24cd0e,2
462,2a561a050833f762bd8b913edc93cef9,2
462,64456ac51da78ac4c1b85c0ea1ab0ac1,2
463,4bb6688b45a33f78de7c7fa33574a2b0,3
463,5c49e88954d071412daa944775c16b42,3
463,5db126122cc4dd2ba254807d9c41e389,3
464,60bef53b67ecb67f7517a08cc4fffaac,2
464,8fa7e3d2e1fa15c9e06faeee970527dc,2
465,083ccd1add712abc112141fa6aca1c6e,2
465,790f6501c2d0c0e79b228226780bc456,2
466,3d2a38ade54074a112489ee7d39a2beb,2
466,6a1f3bfb3b45190a21af3defe6162ad5,2
467,1bb5b7149ecd62022a2487143dd97423,2
467,d32b595e727ff777032c497b462e17db,2
468,78f32cac08922e3ff7673922a997abdc,3
468,7cae9d46540f4af419489ae3925367be,3
468,c088438d5b4eede6d66307582088ec19,3
469,0310c633e916f52cdfac4ea3c02b6baf,2
469,2da26d0f82f93276c45119c95de01fd0,2
470,2a12e22a89c67263c4366663fd76a4db,2
470,4ab9a3d257101f603a419ce365c674ad,2
471,1621bb8e57ee6ba4d70f1d8cf7bf24ed,2
471,a0b988e30612cd20ea006461deafa18a,2
472,00676a77df13b9ca63b1a73be5a3d68b,2
472,13fb004483fc9db177d1707bbc1fca76,2
473,4c69c559f430f6637ef667544bdbe716,3
473,769f6823fc137070cc8a4a841acdf49c,3
473,8d40050adac4eb83b935989f73ab0b38,3
474,52a1ea8ea4bec1dd7cde8cd2c7dd24de,2
474,52c776e2205510feea6b9466b5253c82,2
475,565bcdfe6b94044e3257ef37231dc8d7,5
475,80f532d33600e2dccea078e1a4dafaa1,5
475,96d482666f764c7f540421d23cae0e55,5
475,bb30968bc057927954549d226d42ec9f,5
475,e4a3ae7a7ae632ce30d4c27595a814a9,5
476,4a2d564a9379f8d7fb4014f4848c23cf,2
476,b38e70cbeb22724ba0ad6689de191f2e,2
477,4fd01d9d489826244d46d2469f587279,2
477,e749206d4d0cae8bbf5e4c0e40cf89f1,2
478,11e6713807928f276036ab092fa30be2,2
478,cc65795aa042962b32f7c200e8b035f1,2
479,4ad3231545480a4d0bfbb0b8d90eef51,2
479,52fffd46316b8595c240e1b317278089,2
480,52e2baf1736bb3c268e5a709889dc2d8,2
480,f76fa40da5eafe108c6987aa213407b4,2
481,aea1ef454f15fb07706648c20fb71fb9,2
481,f807cd521ef8278696b7ebb636f59635,2
482,1143aac8771ae48eb10ea6948a477621,2
482,7095034ca5a6e1bfd21d86578cbebf5b,2
483,15fd0a45505b294e5659da06ecc134f0,2
483,c12c4d058eb98d9cb4393f9940e1cb29,2
484,3817d1af46c91abeae42424cc95219c0,2
484,ae11d4bc9f32b728cae6fa09f718c4f5,2
485,06b409defed941acddbb854e814aca0e,25
485,0bc67383133ebec0efad1a7316a9c2ba,25
485,0d3127072b1e23eb189576bbe7dd4f12,25
485,19c2cbd01f7ffcc29162d55175223e0f,25
485,3b0143d2f1706713fdc2978f8de9e5a1,25
485,3d3bee878e118f31c4c4b65c25e7cb8e,25
485,4d39d759867cacd4c4fb10b4d7c401c1,25
485,6f5f5fb019f60b5176ef9aca939b6a48,25
485,725c2c0c0110eabc6d72c96a1ea60dd6,25
485,7c6d4386abdcd1bac6c5f5fd4adc89d2,25
485,81ea028fd444afabcfd2e21777a500ec,25
485,828da8008e994bc1d958be0f29a683ac,25
485,90942ebd05bf59d419a3d560a4ee35df,25
485,90d1cdd4262d54bfd17524e684a66780,25
485,98f7c874a2541195aa7d053a9a450716,25
485,99163bddcd0fb0459e5f98823e5361eb,25
485,a79e05c12899931056e5f98c06dc5051,25
485,cbb2c52e20327e97902b4b521d0d7b95,25
485,ce1648667936aa07c3972d2d39c8cb60,25
485,d2f3aa86b2b2186e1b0b2f4037262418,25
485,d550d3bd27ed744db0664eaea5dc7b1e,25
485,d74aefd6a7a168d0a06236bbf5945f65,25
485,f19404df9778b0a84922bb8ee6d7c1b9,25
485,f723583fb4515c7dfa2ad9fc803f5c96,25
485,f97ae768f6ff1f50da2f314376fce0e5,25
486,a7b0d26267ae007bbe33275e8a41a60b,2
486,ee446a41185c8f76241fa940f10f4bf6,2
487,6ce1371303d24e2816f7f7c81093e959,2
487,e86f8e17adc6cf25a0283989952b5bd1,2
488,9a9563b9492ded9a8fd12d3301fe7b0e,2
488,bdf72289b6f372740be4a7df3a2f2c7c,2
489,241bbee5d2c0dd1aa263445c890d53f2,2
489,9622be1da1f306cf45e2990bb806929a,2
490,7043797966dd9bc88485a9707ebe0887,2
490,ebc96f6b10b3cd3fe9389c5f12acbf49,2
491,a9d66ab13f7763e51dbafecf431b1304,2
491,e870320af3b3eec0dc10d9ea2d307e6d,2
492,186c4451252ed02246fe1dfe46a51637,4
492,763146c597d3dad00b3559da699631d7,4
492,a9e257cb5dc19670037fa4f42ba2233f,4
492,c739706b764c8c5c8e7ce6f37cea1747,4
493,6202810a6233e50252605d2841d37a2c,3
493,80ed1eadad8d7b8ef0d5c4d9e4fe8fde,3
493,cc4a4f64f707531476f9cc3e41e91769,3
494,5f367d994fa33d118ac475e581d0e4e8,2
494,b7a2f1da1f7a4c1ec1db2f476575def3,2
495,c628a45dc7c79ac850f091d3d3202cec,2
495,fee216a1b19783d1af6b18ff399d4e0b,2
496,c767ea106e7ad003ea2ec75c7936caa4,2
496,f608859669a9e96ddcc54acb6f45b208,2
497,8c58ccf8f2f78f794600e01c40994655,2
497,c6234541a231fd5496a193529d5cf34d,2
498,6f20cff9119a08be3b1f3321a11a4dda,2
498,dba79b3ba365497990db9261535dc1d7,2
499,3a3851c0a51f14e6c9df3c90590f4c13,2
499,d1e552fc272e223d042d03cbd8d96f12,2
500,47dfdaa197b4ede48a80b096ff3fdd42,2
500,779218c7590f3c4c08de64bcd3c8b5e7,2
501,43192d94c86b605999156e5feddcb1f1,2
501,9fd958cf703a34e8482023d08c5c8392,2
502,45947d92b6c9b220dc7879e027c6cdb6,2
502,5f59699d4221688ef1ac3d542518b732,2
503,3f9d3d1adb4898cd704c6fceb0dda321,2
503,626deec8374a2062480413220f41cd53,2
504,139c21c62783c8fd8b326972dd84ed93,2
504,e190fe926926eb2976c7e67891c7e3bc,2
505,242451f1a00eede7936bae7a6196d4dd,2
505,74c13da593fc889b9192114e6d2d30b8,2
506,343eaa3fdf8ecbc12f372557b2b1bc18,2
506,45a481384630ba4e2d6c4b3ab2e1eb6b,2
507,06cb1077d619dfd0571befb372ec7632,2
507,ee88a6dac56bc89c0e2cb5d77381f64e,2
508,03d7508a6fc6e4b3516e13a32b649116,9
508,095295195b85f810a54a049e7cad5b98,9
508,1930623a0d31bdbec61f13af0c7b726d,9
508,3be8cf3c0b43d9eb62caf00bcc23844c,9
508,913e318da94b59a8d6046e4af2b110b2,9
508,a9a0b988438e6b4099ef935faaea0d4e,9
508,b3bec09724ec1f151a9f50b081928b1f,9
508,dac83ab1cffc0e0f18a438e507be0f44,9
508,de0ef0c0133a44d4a5cdf85513be4d19,9
509,0f58e1ae1aa11b446c294cf7ec63191f,3
509,47c72f709f3c872d32a38b2eed46a181,3
509,524ffe4a0beb9f4b8aa3c43454386431,3
510,e91e3eab5903b677731d7baeea2a65a8,1
511,4ad0a38740dfe9cb9748d53ffa113932,3
511,8dfc45201a9b3a989c712e7c3b32e301,3
511,d9980eaad42b39bdf48adfd44a3e79da,3
512,477571c01bf44ba52c72fdf7b476dc54,4
512,6ba86c34e1fcc14d3fa2a286062f02b4,4
512,9b4157672a770440fb04dd081312a5fe,4
512,d6f9fcc1b246d40d4a64b736a4036708,4
513,213825af0a506bb6e8727c1224b034c3,8
513,26e9bd730740906fbfbdbbbba3b4ed54,8
513,3490ba9f894c0071095a966cc3ef76ea,8
513,7cb47f4ac64e87885237022f2285d541,8
513,a0d388a1c554c14804dca39c83812591,8
513,ee8f2d305a7d95257e64005adc9afa83,8
513,f174b8202fe6afb1ea167afdafd8a69e,8
513,fe54389df1a3b70a88487c710e99e061,8
514,7892c434d3e5796deb309b3fe851e246,2
514,fdbe976ec343153f47664bd4db988a8a,2
515,6935bb3fa43afa4222cfd22adaae4754,2
515,fe81367449c512f23341cdccde3b53bf,2
516,2ed21b10629e163fe4a0cd68cfb4f0a0,2
516,99b3bd9be84d593a37dee7a105276f50,2
517,72d6e9fe8c84a61d81642ddf6603ddeb,2
517,af5dd2b1e7b57a982a05d305dc7c4fa1,2
518,46527a25585997d8fce1250097d41136,2
518,db1d3556b14728b7057126d10fe66c9b,2
519,1bd339e81cb729032897738da7db4a74,2
519,6ccd80a60c84b9b1391e00ebb528c195,2
520,0389cead4d1b2db3099d0191d5712033,4
520,36f68d4691b11687e399863c99af8655,4
520,d106a3ee32bba71fe7dcef2298c94f90,4
520,eefcfc51e4c72149f2cefa6b97d47f2b,4
521,6c892d9ae060d17eb02346269492f68a,3
521,f512fd10b201165164771dc681a8cecb,3
521,fd0d176bc8b7b60f6e7cafc55e58d3ae,3
522,23443a4ed709f871e4b005291e52de29,7
522,23ac2caf219d54b917c134d9c9ab0774,7
522,2b3d10f2730dbf2c01823f3f310bdcd8,7
522,8a5b8b5d135f9419e1e279afbaabf0cd,7
522,9a8e6597216c75f8071cddb29a4eceaa,7
522,9b8b3b4a8d8ca6df57ffadb3d1f392bf,7
522,a40d3f505f47782617ee70a9ceba2710,7
523,0357d96aefe0def264cbc081c7b30550,5
523,2b0d5edc866a68e6a63d1db53ecfbcaf,5
523,45181fe0c735e6c7cb16c54deb39a01e,5
523,824a8d639de954fc20b43d69ae1a5364,5
523,8f85dce030bab26b18fef69f32cec65d,5
524,0f26401a6809d27ed266cb477f97983d,4
524,47548cbace24b84bdcfe9241fb993cf4,4
524,ec6935e6d1a24a7c84e072e19069b358,4
524,f8ba80d73af0dda5207ec30d4533b051,4
525,1342fab85312182a5cce4c1eafac556c,3
525,33810526ae8c1413c814b4a23e000a0f,3
525,ef5236a12305ba5d8bdca753846b10d7,3
526,5b79542845e205828fbf05e2f2cc2fe5,3
526,c899ca9d05e21aa4bc56e4f6f0ff5949,3
526,fe5d3dfdbbe026e447533b01fd22d680,3
527,29badb33e50427fdb2be1c2bb9a73701,4
527,a9616cc3898f4ec426164777cb6ea4b3,4
527,b1e4dbff63a139854df286e1f69b0ed1,4
527,d94df2371231879cbfa9d878c869a273,4
528,62931cc15879d72150118c612d40a1c7,5
528,9225e9bcaa13de0f62aa1599ade6207f,5
528,9674876bf79b007f75573a6c7de66751,5
528,c9367985323b307590f9279ff2be3df8,5
528,dde8c0690665b399aaa854473d4cfc9f,5
529,db7c835f92bf1044b1f9bb834b0bc466,2
529,de4c8cce18cde9e457d40602a5830112,2
530,118601faa4d6f312b1769fd7a39976a9,3
530,29cd351318c74bb0e355504190196bab,3
530,e9a207d3375d51b3efb8c451daa122e3,3
531,bbf436438f1193d4d674cde03dceeae7,2
531,ca7bc6e9be2ffaef371f2d7741758809,2
532,3b67cb5db0b7e9fc9a3c1361ea60d2af,2
532,8d9037170d65b6364d059542076c445c,2
533,50cb889596994459762d6ed09d922b8d,2
533,5e271b36831d25af04a0f003112096e6,2
534,5872b6a96f215289d7c39242972f9214,4
534,811a51f9a2b90dd1f5c04bd8d4f56db3,4
534,da301e4f7d4b75ce34767505c9bf4802,4
534,fabd5ebed774a0be1217db4d43b171ed,4
535,233c0d42485dcf984ec606a8b34e1e4a,3
535,8cb710e4284d857094ad316819e66b26,3
535,d36239066b359730ac307d056a5dd870,3
536,8ba11fe1c63d0951bca977225030cfe7,4
536,9452a730f07c9205ceb60b5876292f10,4
536,cd4b07792db7e50bad2fd39c9b0e35c6,4
536,f1fc68a3d84494dcb5d841db5a4de93e,4
537,85dfad7d7d49ab8e554088ae18ae3ef5,4
537,9c30d06cfe7a64a8da6bddf7e1d45bf0,4
537,cd83936b33b76741b237d2ff502a5a70,4
537,e0db61771e0fb55c4472416ee4c1a655,4
538,1f894c5d29f7559a96b8a1551a7f4e9c,4
538,3251b89f394d6173a3944e2d8810ee51,4
538,32ca0551f1fec62c3a6ee59b4ea30d55,4
538,feace88a211c535084f2c9a91ceb624c,4
539,38946cb0b4ad95119f8fe99953aaab2e,4
539,50bc9380fb9d783e4cf46fc99e4c8263,4
539,8b59bb6e35691015d791288587503b91,4
539,d1424f5f04bdca0207ba5c1143d45a76,4
540,1030e3707b2da2adf55fc2b7808cf7c5,5
540,1ba1b563e55b0597fdd8698b482ca69a,5
540,204aec190d011e16819bf1d4d8e15ccd,5
540,6d5087897d39e3af3e4d7e7afafdfe55,5
540,ff5b5b0d35a4894988edc0727a3cc0f8,5
541,68273023ffe905e3a4fe5a6c0f84f1d9,2
541,f433b72ed8ec6c25cd41ae4ea90397dc,2
542,7a36843a783277723ef6f57e7832210a,2
542,8892c9cb328a0e44e8c7a2f91f8bc612,2
543,5d72d0fc5fb4d0fbe4692c8c354261c9,2
543,ed37c4c8099fe73e4619070d7cf48832,2
544,1c3e6c6c8cd2781458d40a31831d0e2e,1
545,280f955083af1aa1c3740ac8aa0b2805,5
545,314d6ddda7ef3d1004c4b785254deb25,5
545,7f0eca9565f0c70371e7e242c92c94fe,5
545,b665b371926b0de4d52f61dd347bb9b0,5
545,f9cd20780054b6c7d64a2f7df992d0f4,5
546,c3ffb02c6b26e250d76151ae4976532f,2
546,df991418e719d6be6f6dd1e9561e8424,2
547,3cff457b07ee5aedb93701f14d861889,2
547,9dbc53b5d24ee415267d482bee162288,2
548,64d1e6ad7b73a50845d7f9c47f70a022,2
548,98ad5468e1e5bbffaa4cb29d7faeb134,2
549,504b37d447e9513e704dfe5cf15fa168,7
549,537914ff7a211f2d6145a59dcfb9c8dd,7
549,54f6d418be650895bb8c8711ed5c7b56,7
549,6ad0ae4938ed139caf8b57214012df91,7
549,6b0700167258a117c05a74b3548d7749,7
549,7f413671602da5141c85847d74ae6d03,7
549,d123d5981ae783c65bd3c5c460018f7e,7
550,2486b323097cbb50538b9aad4775c3e1,3
550,325ce74e8b64681a6c067b15ad0a1f2f,3
550,f46b8fc233c188b0277b4132935136a3,3
551,51d817208aa0c62072fea3fdfd764014,4
551,823b5f337854d2d8a16db148607ac827,4
551,f080222e600c4800bff411af78237460,4
551,fbd0f6ee8a250cbff4c3cd3173789367,4
552,1fcf00a9660f12a8d5a5a6a0403121b7,2
552,6fac7158f790b874751381f41dca3900,2
553,47224af269533deb0f38438bedb9b63e,3
553,8ca9b27a125f7eaef3f26b7912ba765a,3
553,aa13b3862922c248f7f51872b4f4f1b8,3
554,566144d672615898d8b9b54f3d467285,3
554,60cec833d4956ebbb15afec26b7b61fe,3
554,66e7e3a3a2be865beeb9479089b3146a,3
555,120788eb2ddc3de71eef7b78738c324d,2
555,8404c9585c29f0d30d8197d657090753,2
556,0d4370f63f5983e77eb27d3a995e0d4b,8
556,0f122c70e28d316033f7709015e54ed0,8
556,1fe604847d6e2bd36d271590b78050a1,8
556,772422fe3c97c289fa958d5973163b94,8
556,aac21e2762dcc59b6b59530d4ffb2305,8
556,d3fb9c14f0a4ce345bf4f8e590e26ab1,8
556,d66a5d9bd013599cc08d7c00c4c9ed63,8
556,dead7d5954813a7242eed2b7d68ce962,8
557,0a73e35d0377126c7bd45c03c500b011,2
557,57cb89e7baa6e731180aaf3cc6527e9f,2
558,0af6ab149d8c3e0b1ea8e1ab15d035dc,2
558,133473c989b0e9fcdf5c3dd02f68c67f,2
559,18bca1aa6aa9eca092d49f3edddb1b8d,3
559,3a8ceb13f02cb5e0356983c432add10a,3
559,403c53e27765e0a337d38fd7dfa56245,3
560,0366783649072171a5d84845cdd694bb,2
560,f9b7929a7d99f703c1260473f7704ead,2
561,2d21ce9942f635e3eb448c95cc62fe20,2
561,fc3aa14d6ae9cf0c7f5dfab09bef6c7b,2
562,3aafa749c1d5b226a11da90105f8280c,2
562,eab1f27ac0a2938e607e0181453a87b4,2
563,509fa90ce4b6ea118ffb4e6859c7d176,2
563,f612284aecca5c71270b624b3efdd480,2
564,3381f8076d962ca44fcce0e353c6d6c5,6
564,6b1c6359aaec7aaa9c98e690c305c557,6
564,8d69d167ec6e3373e33f34adef859dff,6
564,a290b90c0aa26185c54b9d0b36c9ba10,6
564,d2dddad5eff9b9600052d1ca37d25fc3,6
564,feb76765b322ba49c62c61f0ae6f23d9,6
565,81c43f35ac07400f28b19e4cd0741f0e,2
565,ab74c32c49bbbab171bc8222c3bdaaa4,2
566,4fd0d03f78a0527b72c1a04070ccb8ad,2
566,d645dd000262474635dca6112b7755a1,2
567,6383ff374dfc266a3dfe24a003c66b05,2
567,7da25eb19e1307b37a7c74e17bc47032,2
568,5c486480370c30c486489a278fc80a38,3
568,a82b2f28b37116a8abd4e592f7b563ba,3
568,e0648f0d15ea4e08ec4f5d7db439e115,3
569,872161c19e45d194ebdf8b5234bb9ac4,1
570,649d0d0d95727c660606bb0a7906e869,4
570,bae02909bd16ea4c87962c27cf627085,4
570,ef91d778c2ce9def8f23b84e79151094,4
570,fa94429cf9cbce46c38c9fb028e18c87,4
571,04bad04488c2b1fd7737e2829607dea4,2
571,6b4fb8a449bee5fb28cdc8bddad34782,2
572,346ac1f8b2d0012416fcfd3183831fb8,2
572,505a64051c904144de336c3553336ace,2
573,08ca48ca796c68dc1caacb2fcb2740f2,2
573,f8530f389d95ad09239b537522bb50c1,2
574,4484840478a7acc08a9ab46ebae45465,2
574,c4d116a7667ee858d13c71e8fce1b87c,2
575,b6f01cd4d787cf7b871904565f232b9d,2
575,b6fea0a8b147e73110dc725ed37651fe,2
576,42c1439ea01d8a5acac06753f13d749b,2
576,5fe89894afa5ebe35f727ca3580a0946,2
577,49cc739ab029fb74ae1aff6fb85d44dd,2
577,ffb2376a155fd60bc9da1bcad0bfbdc6,2
578,06ad120ccfdfaaf44fd6f4156b31f762,10
578,0c234568ccacdad6e126b0066fb74bc7,10
578,220377048031faf1c81c168978f9b565,10
578,6585e6c5dfef1d38cebd5584103c3b0d,10
578,8a5b275886d0b750b80653b29302839a,10
578,c4677d0b4cf7b08680ff67eb28e62175,10
578,cd9b389437737a3694739f3bba040892,10
578,d5fafe9f35d22508fe53a29f59ecf673,10
578,d97bdad086f08351febc702c60ebb030,10
578,e522988bda8128fbc654566846f46f71,10
579,65a7678ecc4cb9110f8506491ee2e4a3,4
579,9f0c675074301998bdec52a11adbcd14,4
579,a134c1d68941c8bd26e01cbed6b7e472,4
579,dd178c4e3be64aabdd03ca7c72524513,4
580,2d8a1a84573157868a16d0529ba88820,2
580,70eaf158752183068b9220338e18c342,2
581,5efe5cf2c3b72188629845d2968e8a9f,3
581,94e042cfe4818099bdd5af92acc22c46,3
581,c6b799f7aeeb98864a11af71784cfcd8,3
582,2cb794921d7f2ab76025ccea57f5f574,2
582,7aef0bbac6d4d3c30d73fe233b5f9adb,2
583,00c46a2676d2cb60bc35f977e9e42be6,2
583,59cb78a41f857939fbb0ca93d094559e,2
584,39785c745dc74b05c44a6e436cd2bcc8,2
584,e3afc131bfd7e6763ce48f025925b5b0,2
585,4907675dfec6f893fdea6bb31f97a16b,2
585,eb735339d1834d17b20a0e936bed543d,2
586,1a30db0c1d8175d9f820e40a5be02fb1,2
586,ec020dc805f8367357cceb23e4f0ddb7,2
587,0394e6b158ffa81551c1c0c1ccbb4de7,2
587,c73e0c3e983504fffec7c6d9a5da052b,2
588,5ac1ccd6d552d796b83c6d1704a78524,2
588,8db25a3083c70fbcf26d4300f991b52e,2
589,bf4d61d89d5cfe1e38e0d95d8bff10fa,1
590,b514d02cac3a3299ffa9b8d06ab991ee,1
591,082084bed7f3f01513edd8f5c7e7bc3c,4
591,1ffc44b659fb459603a21f77bdcfd4c9,4
591,926d177c7cce4f60804a142f2894004c,4
591,a74d57638148b94e21b3a607932d7f51,4
592,16966ab2d7bf1a74e934bb4fcf447496,3
592,48d4783065949a07d9217810c654b545,3
592,77ab3a3c660a9ed2cfb1a6b4b888e096,3
593,11353c646d1277e0e296408305cbaf62,2
593,38267e1e8d3f8c0b59c8c47733418f1a,2
594,1c646be94d502bf34d60063789ab15f6,2
594,a44f0419b13fec08e23965f3970c6981,2
595,4312e3e3f4a405842f8c633c37e9e2fe,13
595,494698b6e0f84c3323b0f3c873b35bb2,13
595,54adc196dc50fd4bbc1bc6fb2c594f34,13
595,59326f72763d8a5adc4aa7781c0bc2d6,13
595,729ca2f0f45194df2a7dd55569a63c37,13
595,72b8b8eb7b3f77df99dd62358d03f660,13
595,79bf6d0942d3cac584651a37eaa630b0,13
595,82af6aeceacd3c8fb240bbd6684fca60,13
595,850ac73bf60755ff67ee8cbbf0602e9a,13
595,95c63a1a67fbe397237d4e30c8f61ce2,13
595,a3e67b60ffebbdb87a2da201d4b07964,13
595,dd137572922ae977ccb1b23a0dd1f251,13
595,f5071ef631bb257d33db985d3742a8b9,13
596,3779f4faa4b8b8d37c0d6013dafa7ae1,7
596,3fd9a7f45ba2e660af619f1def538964,7
596,4071cb60564fbd785b8d50328c44c3ec,7
596,5e3cf6c45659dff4beb6e48b0e590ced,7
596,5ed0fe813413a5b9ca065c73bdf7241f,7
596,bdc01e33a6405697a25851f1fc5f6ba4,7
596,bded1353f5a74d2bcdd435e85c753d4e,7
597,8604adda73b114f6273d2d81c57da2a9,2
597,cd1851e37e7eb4d203545d8fb1eca410,2
598,1a724af95964db647843be1c86e3b426,2
598,bee30b31d2dd713c51fef44a9f3dd4de,2
599,e41a3ca827083ba2630f8c96cdced611,2
599,f3b29692f163fc4d80d9091ac5e64c0a,2
600,3c328190a1900b3bfc016a909565d09a,2
600,408571142ce034d7fb3356df4f36dd4d,2
601,0137432fb6ca7b2685a53db99ccf51c0,2
601,e919aa280405e704e4e232c658a5de95,2
602,6df9a7a74fe678012a2afbb6e6c1c07c,2
602,f2a5a199b518259bb14a7cf64592a3a6,2
603,c0bcea7ad8fa22b1bcfd2fb3850c3c88,3
603,d8dd56fb41c9d1ec2333de2fb55ede31,3
603,ec6858e272bc0ab222c0c2e92bb2b7ee,3
604,225c205c1de4dd6188a857f2f0356774,10
604,423da472b01dafacf820f520813d7b5b,10
604,6d04bc18055ba2536d33af57b153ebcf,10
604,8c9a93e9260e9e68ed508a6631a9a395,10
604,a2482377a3b63b27e4755af1b107c115,10
604,b79a8688424cbd2b33dee0859527f9fe,10
604,ba7e388ea3d536f6f7daa782d8b1e9cf,10
604,da677558ba4b2c10e50806f8702d1ccd,10
604,ecee434d6ac77a8a9fe7dd4b314afdc2,10
604,ed2d7aea55175b935e6a0993784d1935,10
605,0ec5105498c3fc5aeaaf78962a7918b5,3
605,3ed787332691d54a0a2164a06136c75d,3
605,afb229db4fa7896b8c76d6eaa442fce9,3
606,59eec85285b7ab1225a77089e4579c34,2
606,bde6c883788a6723ddeef0c134668043,2
607,435528161cb1d203f95dd356f51b60ed,3
607,eb55df3ca8149226ab0514a87be6a1a8,3
607,f57132b64d0249f69755fddb4a84ad54,3
608,15ca3f0c232ecccc62f92a0380d1441d,2
608,3e69ecc0922acaae4985b9e9c659bf49,2
609,2797618b055cee94221cd74c9cb545c9,3
609,31837f1ad440fd9a539cc8f917de6ce3,3
609,661a9f2f9fa4e3f76c0719df565f610b,3
610,00c36bcb01167a983ad267ae41ccf01a,3
610,97fbd734bb40b24cba3eb7f867e2e4fc,3
610,a9a7dc6becf17b7220317c22523789e7,3
611,10444ad57cba4f5426933068099632a6,2
611,d1aee34443b191bb01c9c470d04c4826,2
612,062b780b8b58a233dd31de52796add65,2
612,bd60a50003db6473932e1df6e24c1c27,2
613,1a317d1b966f4c7b3509ae582ff59eca,3
613,baa88fb1c8420c1219de35e7a03168a0,3
613,c9728713969be15c287426d778b8aabf,3
614,6e33e24d26a5cf191c07d970fce9378a,2
614,87d3f6cd465ed7311e120e26f7febd96,2
615,15e88f9d5f992699b7857c646e7d74ea,6
615,849af6e34b5593517ef46b407d38252c,6
615,a1019aa29a77db85b49214a655b21a43,6
615,e71dad9de773f630897d4158cf5af18e,6
615,e8766c8b7a1363a3532e92748ff6c0b6,6
615,ec8eb77948f14e759e7be7d820d8cc4f,6
616,3061c891b094eaba8aca7f7474bad896,2
616,d4bbbe18865c78f611b175246fc1854c,2
617,100c1c029149c6fd89f0e30120068ee3,3
617,1afc4d35591aa6591e57a3653e3c90fe,3
617,447675a92cbf44f311a7b3394a68aea0,3
618,21251c5c70af5ddab769aa28f3bc5702,5
618,2c0e458e64f16452e588dc7235d8ba23,5
618,47b6a3bb05ae6080d5185ccb88c3bd4b,5
618,6fb4725394dcc778188e1bec469c4d07,5
618,a90aefeb2e26a25ae3754bc2ec8c74f5,5
619,6f1ebcb16ddaa8d187e7183eeae730bc,6
619,7a6e9cb36f0cb86bdff1a0f00bc16da7,6
619,9084b9c470b7178be2f3061c2c2d6814,6
619,ce18bfb5b8748d9d41b1f9b6c0507442,6
619,cf324c492986f7d8038d9bb31a40875b,6
619,f03d1b9a5619bddd502b3aa7ba9556af,6
620,020b5b9f6f43af81d8bb8ea6f748fda3,2
620,4f6266409f3dc9b5a8082db0940b0d77,2
621,c03e360cf8b8dfc3d1e0429c4ef65daa,3
621,c155a9e75632b6cc46de8356b517c11b,3
621,e8045d43fa6a4d01c5c742744c65c89c,3
622,a4680c055b5ad6c477a62fb87d5cd75c,3
622,b7a58a9379dc56a0cca36d2008189094,3
622,d7736b83bdf15cec9aacc099a979a7a0,3
623,41e8aeb30bd8ac42f6c17132a212a26b,2
623,86b27886f44e5a132b4bec739c768a8d,2
624,0190f18f29c9b484b4438aa1bb4d7c34,4
624,a97801c6276ee20f3c80f1b653e4fc66,4
624,bd857376896b756573e0b62198c5b486,4
624,cf1e060a9b559470bcb54b571c018aef,4
625,13c475b330394e6b7842f1c846fe69ae,2
625,92d87bc87ca41b57346cc6d3e94d851c,2
626,48a53e9eb49fe1a89cd9894e85a57d13,4
626,4d5de30cc1260bddf0568c0eda465ad9,4
626,876760316797f95de4a78e39a951cf94,4
626,ce5d6a0e569f895a6797d06c4bdf8b6a,4
627,7be4140cf69ab63367895bbe6346e708,3
627,bfd05076063c74224e3e95aa6f2fa7d9,3
627,c834dc89715bdfebb21c42ca8ec7301a,3
628,534150147b7e9e78a4248e9c5bad5f40,2
628,cb0570249a295bf0f8d58866a9bf6b15,2
629,176e324c6f37bb8a37042ae3498035be,3
629,dfadee94ef38760f8e01a92837b35236,3
629,e44b4456b41c4b6c6a5903c30aaa4b42,3
630,1bcf8b5e2d3024810c3af54f2e502231,2
630,d3a6e8a8cd163dc27e29c8d012804662,2
631,051f62d65e90d3619b9669c5b46f1a9c,11
631,234e8db6d04e136781ecde9634171915,11
631,23d6384d514fe674d7c4596712528af7,11
631,24e12d343a9a4413984e12ff9622b261,11
631,5506d786f255ffaeb228aa70c7154fc3,11
631,8ae338b4d4a646cf9016815da99e007a,11
631,9cf77d0307b62ea2f10d879e595746d0,11
631,a351967a3b787131e87d1e3b0c1b8c0f,11
631,a6219f7924f55eba6716e337a4f6d3fb,11
631,bb183496b3e433afaa3222f5728e5268,11
631,c1d72863d79c6433c02d233ee9540f8a,11
632,bf2780c5b6e59bcc29995dd514f79422,2
632,e3aa9c95e21f1e7d654fca94f1887baa,2
633,412adde76292cf8ce58c9589da2fb7a2,2
633,52b618eb9040e8422df24aa6c76e427a,2
634,526d03aad99da6a81776b43f654d38c3,3
634,a03c52b150aa27c67a9351cba1dc4d05,3
634,c14bbc4b9a373571889669ae43ac563b,3
635,65a7f638936d150ce186e5f74115666e,2
635,eba8100ac2fc5bc7a15c506711475e32,2
636,66cc5c9022aa7b2501b566744b0b4b30,2
636,aede2271eb6d3a6138bd626136b705ca,2
637,1e8d0bb83951862dff6b5b6f46a7afa3,9
637,21703daeb5dbf55f75fce3ee7a4b7de3,9
637,2844a32b5329e1068601e40d53281834,9
637,5f074ec7a7fe72e73fb9954983dcb010,9
637,633bdcb8bb4c08be64f75a00be491d62,9
637,655d53d30b22fe8583d548acd3ffe563,9
637,8ae490b228a3213797e2cbfb1b9e9de0,9
637,b282bf5cc5dc8fc1aff7600344e3d1d4,9
637,b29f86c1d5213b5de53098fabc0cb06b,9
638,22179a092ac888a91903418c66f2681f,2
638,5980c61ba8fb19eba5cb8a06d97ee298,2
639,00624f0a9e3e7b328d8791b1e1d9055f,3
639,01a03d134420e799dc597b7f256dd0cc,3
639,8f58fb09614f57eefdb373c0c911d237,3
640,21fc683cdae80ab066355b042afad4ab,2
640,38bae7dda0850040cebab7aac3451e58,2
641,2d6203533a636fc2cf6c1e38df672f3b,2
641,f70831d99f939dbe32efe3de38852d8e,2
642,17e2cf22e06c9f2d160e967856302900,5
642,34fe54bef3acb91ecc468d8a76f6a460,5
642,3a9d94c2998dcf9feea8e152324ab64e,5
642,4338ab774c9d595fc1e4f557f3133046,5
642,6325bb1b916ffd2a5b2f1323aa3f7205,5
643,1d56f9d5213063cf96ab29397e7cf1d7,3
643,937f316c562c68a7206d81e226e1bab8,3
643,f7569a54b91c1d2a4fcfdc0faa18f50b,3
644,535b6b5fb73c8bd99112a3adc916c6b1,2
644,f2e4dba53155ad55577a9d56dd25c8eb,2
645,70cfc23dd913c89b65163ab80a5d09e0,2
645,993a0680a723e800a04f0651f5228bb8,2
646,14c89c877c5735e2b75723b945d21f87,6
646,2ac341ad38237563405b643c9333fa7b,6
646,3c7b93d0f37efea1e5fd85411b21cf8c,6
646,9047844a76f1196de84a64fe95c95e1c,6
646,a271c382d46d4fd217afbb780df03cac,6
646,ab859376bb3b92d82a7df5307aa7aee0,6
647,3e5f2f56ae2b1c086debc0249cb5c59b,4
647,67bd19f1e6efecde0a1b6afa03ab5b90,4
647,b823711271439654f1a34109d24952aa,4
647,e98af42401b80e46e701892c1776d8c1,4
648,a09c3af3d02b45183f4a7b4eea4caaeb,2
648,c5d4041aee70a3bb562dbfe50b92ced3,2
649,22aab7864944ece3e691a76bb4b6915c,5
649,5c13499287259a86f035e83c0632bc87,5
649,7f6b68c16527e104d90d3e62e54266b6,5
649,aded4381f1a04bb306440134f17b87fb,5
649,b1519145febb08caefdc8b0733f8aba8,5
650,2129d7a92c98e6e6a935d355b32283c9,9
650,231edf04897455289a507f619143e6f9,9
650,4f3bfa40b6f7da0ba6250d71548d4213,9
650,6750fa05703d56c0d47387cad553db4a,9
650,8a887c47c530eddc96a4f99135f9ad86,9
650,cf676c3d94a0b135000558a73017aee4,9
650,d7202bbfdc27e6aa147ab04f6faac767,9
650,e987efbeec9920049de0dba15a2ef3fa,9
650,f2505655d297723994a4710db8ca71c2,9
651,08a08ec419e324ef7bb031cc1d093290,2
651,1dd6665ff24f2034ace5c28d9c647ad7,2
652,1be083beee32a7bdda9fb5c33dbe042a,2
652,45d2d5ef7f45f106176566fedd65149c,2
653,12948575d968db578d9307aba670127c,8
653,3307ae5546727a49af1a083f4b19e475,8
653,8bbe275455d1b2e3e5699dcbcf01748e,8
653,9626aaff5b86da3a5f6606b5d990acb1,8
653,a9d153e6d9b4debde320fd19c73201f2,8
653,cd0ddbe3628041d4d1a2a90acf478dce,8
653,cdbc09b601080a0a53e8cfb79fa9ed1b,8
653,e2d25dccf24c2f156a195f7d841d8fab,8
654,4c6db9ba20a1c1655d4eb7e96afdf1f3,3
654,7423d7c61eeb52af3382a6511d18a8eb,3
654,7cb29ac1652a1e36a37eddd52da00225,3
655,b0990e55544e35e9e5ebfada35c3478b,2
655,e71eb6b5afa6b259222f236d08ba0d55,2
656,23ae00d401f1c8521d9ae1b6015a8937,3
656,3a871acac73f7a982f8ed1be53e3bd7f,3
656,a8efef32f78624e9040a7fe9043372ba,3
657,3b2923dd4ebad1761e9fc9c2e653f667,2
657,3cbca57c88d0546a256430c513b07c7d,2
658,302a4a49ec0e091521a3d49deb8514d3,2
658,5dd762c4b049cd88eebd8a663b4c8ca7,2
659,08b07d0db74399d5994d0e88d1d26f32,5
659,4fa0417df83cbba0d974fbde3d28ba28,5
659,71162e3b4109ef5c48955367f9729f1f,5
659,739f964bfd30825f91a1f8a93d6e7d9f,5
659,a4a0056795c491377ee33d18cc45dc29,5
660,4ad5e4f1ddc0ba3167a9f55f9ad616df,4
660,71308b2414786b07d20a46e474705b49,4
660,a3ed0aa1d7ac4ca070edcc4c97c415a7,4
660,d2dec00b482e65401321aa081ab09211,4
661,16d9f574e989c3827dfd9df18b441bb6,3
661,1cfbf08729754fd12d6e81e699c0ed2d,3
661,d56aadc006478c1f6bce079d67b97240,3
662,3826b5f90f0a660893693432a5e67cd0,2
662,62e5cc0ba07ece761b141793b14fbad2,2
663,8cd0e8315511449ae90989f36d3daa94,3
663,c94559bd602d3a6e11172bf194625b0c,3
663,fe505b9a2e1103a6491c4cfc229c7f03,3
664,87c46cfe70bf9fa146c4ad052300f222,3
664,8a6c433a0395a34c86fcc6676aa6d453,3
664,a3d839f0bb33d0328b05eb04df3515ca,3
665,37ba306b7aa0638fa76a3632889c1ac1,4
665,7a6523c299016c6f2ecab43668a7229f,4
665,947a6347c900859bbe18a7cd5a670723,4
665,c28fc252c1c33edef77cc21284108cd4,4
666,14d3d3f56d12f16ad5f50ef86b76042c,2
666,20914b0f3795d8757eebcb31829ab40b,2
667,72abd7b9eb0100329700842bc3096f19,2
667,88a25ab33741900fbdf45e8be890f250,2
668,036431f26420d9b82675e0fa6a84bc74,2
668,d32d1ce2ce225ae690950c89f97f930f,2
669,2c59c468c9db5f4235f6aacd8f710f8b,3
669,329ebf4dbf726400cd830564b49da494,3
669,bb98e71a7185c0cba7c18a371b724944,3
670,924ae5d845f6e5d863d9e5406a2638fc,2
670,9de71449ed22ad205dd58051a19f11f8,2
671,3c1717181a386ba1ee7f99eb00d7c094,4
671,4afb149b0afe782a892dec239abb07cf,4
671,56a50f5940ee37bb2bb019f4622f2828,4
671,9b01e22ad7107293787012afe5b9cfcb,4
672,47f9655099b7f750ea86eb12d8c8a820,2
672,e7476e43431dca74500927020279ac6b,2
673,54f55ad0115b06ddce1a99f1b6ae661e,2
673,fa10d3bb6a9055c7cadf86babdc4a80d,2
674,5eb6d19d41ab31681068d40f26f5fe55,2
674,dc08016b923b5c37c6090be2fcfa2119,2
675,9c69187153294b607210a0a6877f7444,4
675,cc5d8c7780a49835c1e9e15942ada538,4
675,d0a792e60c09981fb24b6e6a9f22fd0c,4
675,ea2e0b6564b8122af8a1a04de320ccdf,4
676,4bfd9abe397d733d267e6f52d1c4b716,3
676,7f03ef32c7cfee36bc59aec011fe18a5,3
676,ae3bfa593d8654bf6a23f182d5a8494e,3
677,07a71b9510ac0963a9d23b62a8089419,2
677,b4add0e606af3d40ab55d5c631df0efe,2
678,5e2dbc47ec3f43041b535a1223f1c405,3
678,846dd710a5f62c37209435e2ed46df97,3
678,beca45e32bd3c66d1a72782e883015b2,3
679,7cf8de04fb77a859ce5a552f31653f8f,2
679,cd2f3efaf591aea93f250600c296801c,2
680,3b9cd9b29af0d4997b26646bb522331b,2
680,a394196e2099f56781ebbc8c6c781831,2
681,65df482d21351565b79b56a6432aa988,2
681,fe979decb024e998c0b601c95db32938,2
682,3e91c6c0ef696d9837dc0c1a180ae8ae,2
682,9b7b7265ea1175b30e0fb2ae259c26fb,2
683,1ee5a54ef25d27bc7bedbcc142433e10,4
683,5baef03c7922bfe4aaa330563533445a,4
683,adfbdf35012d62a0e027eb34855bbcae,4
683,df1f81edfca60bf2f7c3402024a022fa,4
684,6ccec2f94ad7b3e50b296cc2724a88d4,2
684,73c1930f53302b2b3a6483a83bcb5ebb,2
685,16bc287d9adbc8ce3174cc940e584a82,2
685,2c84068c03dd9201a4eb2d5a04d379fc,2
686,0f1efb30516b4f43c055d450657578f3,5
686,1d687032c17b07791938272778329939,5
686,3424721efdcc35e8837301488916ffb1,5
686,4d2a462b334a28465447fbb6a29d28aa,5
686,c7a88da0466f64449a1a8ca6842617ce,5
687,2b2afbd93e88ea17656e289099f79399,2
687,c841896766029be5fa4ba98d3a04fc32,2
688,593ef517429b6cbc4e7ef3021889e8c8,2
688,6cc667ffe6f4fd221ad77d21fd499336,2
689,2dd0aa09d6ae4f1b32e58312e111a6ee,2
689,6fe58b7b6406c35e2f88d01179ecb2bc,2
690,854dff370716904c704912ac18f24b5e,2
690,930b01160ec566c479afbb010680e6ca,2
691,4e96d2dac25a84b82254d94e2796d010,2
691,f99b372ed68da9eeaff02930bc06517c,2
692,10e828f9ca8bee2bdef4b484e791760c,10
692,54bc5f6c8b5f4edaa58d4abf37fbd1fd,10
692,915ff298eb261d2f6dd824d264f04a04,10
692,97869f18b0c215e95642e8ea7687f3d0,10
692,c7f521fa2bdb04487706f2332bce75fc,10
692,cc30138b62188b46068a9ba1349cd7fb,10
692,db7ff4a42f4338bdf920fb4c3bdc2d13,10
692,dfc1d80d9119f2c8359b99eeb3da60f2,10
692,f5050b0349de2b454d339649e23e7494,10
692,ff972b1f8a7a03005dba558b3c27afca,10
693,09b7ef1ff906aefa581c93793156c55c,3
693,89aafadf3ca17f2c7b762c3f6fad1ac0,3
693,e0499d68abd447b64c20d77d3c0617da,3
694,25a0ff710b81928d08cd94bd790c646b,2
694,a4c7d97c6a115034fbb1b643eacb740e,2
695,355eb105532f008d0e6ad8d5658d53d6,2
695,9342220749580887385f8a1d2431417d,2
696,9ce99b00d838270a33add7f2b945daac,2
696,fa68cd753f089b4b83f518a183d121ba,2
697,20f607486d8fb6a4b3641cc562499c28,2
697,29bd6ec543baed36c240fd37084abfd7,2
698,1d93b0891d0b0fa6071528c18ab440d7,4
698,2e54d04b0161b55732c483b288ce27b5,4
698,8b9281d081018bf0fc444bbfa9b1eeb1,4
698,ac8721b39a49785e4622401cec79fc55,4
699,1c8eea3d4396a0b575a17e7d0922f6b9,2
699,508a99648ad0f1163ce85e7a92360086,2
700,257dfb8dd8908ddf831c2d31f76b4be0,2
700,74ce41e9185e5b3bc7fc1bfe709d204c,2
701,38dfd41f825c72d128af6e80cfb15a6e,2
701,a724c74e517e97684f7f3197caee8869,2
702,10b8ea7cc066b86e6bd7a9fd66252e4d,2
702,3d1a9f79d3812de3e67852782c0111ce,2
703,ba42afd042b1f5e724068e3b83685657,2
703,f8b0e48dc853c1e40b102fef2e364685,2
704,1d49b8d65f0528dcd3c9d70f5c02f1e2,2
704,91e5039f21a05e19ef0abc45dacffc23,2
705,184b66cfe3871ffc1d4b9e621a26afcc,2
705,1b224bb6fc962bbd727e108f7cda3ea8,2
706,0330c5b381c1a553fbf9d4ac774063ab,12
706,25cd58d7ac8efc1bc1a59a4274c6b5ae,12
706,3f16bff02e98a278b1277946894b75dd,12
706,4b0d913c9c145fcfd051cbe13fa5831e,12
706,54b636953555e5d79a22fddf2af6c784,12
706,6898e0bfa9b8f485c3dff1f1f0c33b66,12
706,7725e217881054504753209bc83f1f9c,12
706,809c5b782795c1ba3da4de1a6ed1ddc8,12
706,9edc7d1be8fb5da3f234d7cc074d7962,12
706,a4081a1c05f7a39d7344dae29b2a2e82,12
706,b20ccc21b199a427f9cc93f62e6f28dd,12
706,b981671257291306bcf902ec924f3a3d,12
707,13a9075a1008a61e8493d88e998d310c,24
707,13c205155810b2a38c442cf2d479ae11,24
707,13ee5ea7e62db5f46089b6892e3f2208,24
707,169206ba9a31fd6811f84b7e7af79bbe,24
707,17f6cd2c128bfd0b8391b11b3c7ea417,24
707,1b9d319a3f4d25ddeac46967e4062129,24
707,1cba48979a9a17312edbef8b4d9ef402,24
707,1dffe98bd8ec345e7ae79f93d0984a3c,24
707,2558749442c92083530014f1a3705830,24
707,25c05e8349de6ac1d5f01ccb06d7d3d7,24
707,2c64e469328925baae222c06f0b12a9a,24
707,3802c16d17d4d759f04ab6fabb0b6bd4,24
707,471a6a06dd6892b9d400dfafc40f00e9,24
707,5143e9b6417e5ecf5f6eace257bb7dd1,24
707,56c757b4768aac9aa3811df886a00350,24
707,5a7f2d09ac545ff5e846ab277a21e6c4,24
707,63c85c1d85adc123eac28faadccd8f2a,24
707,8fd217197d27e46cf948dc3af183471a,24
707,c0dc91efbd252e38ee8bace449a315c6,24
707,c9fe6db09057440b29fb3bf48eee64d3,24
707,cef2ad9615f81e00d3facb3f94d7d6cb,24
707,d552d429d21b913978e5b35ca4e2401e,24
707,d6cb08993795ffb4899cbac411eecf2c,24
707,f6b27c3a5dee57e43df1836758c77043,24
708,3eb31856c4987e7123949c1b2bf68562,3
708,85e13a6f247ea40da16c73759e025044,3
708,8edfa176666855ab6aae3792ff116754,3
709,609a74a4bf255ef9fbdecb0afeda684a,2
709,7896a738e2186b094ee465a15783532f,2
710,4883a2a6ed790c4f777bdba4a3fd700a,5
710,6de72cc35bfa6d1b09ef0b6530c9cdc3,5
710,9f3f4d7d63d42e97b548d76d2590bda7,5
710,d4a90a14b9e60facc182ce84dc46e6a4,5
710,f13ac342f8204fc9adef168263d18569,5
711,4d3b46130b76bf02855aacc3c9e61c6c,5
711,900d16bb0c7d9094bc1aa342e196229f,5
711,a9e0e4ed6ed9b416540c7a2a8d7ab9bf,5
711,d3136fb011ba7ed44618d7e2376b9702,5
711,ebaae046ca504891c92a5a2295296790,5
712,a0802f82b442400a9ffaf0a925cae53a,2
712,ed96523b20d8e1f7923beef779295cbd,2
713,0481d5639e769cb7b0362293f0eeacc3,3
713,9d81061de33c76f02678a783d56ca818,3
713,a83b6735d69e7efac00766a1267dbc14,3
714,1d4fd9cb0601a07b2dd1fbe9a043cc2e,11
714,2a7f1cb42ba9fb2f82d62e392a251c20,11
714,2c7e72f399f8ca52793a24495a62c136,11
714,4b519bc80161e91fd118d685974058c3,11
714,96e5d428a057dc033d3e801f84050c9f,11
714,99853d3b5e64211717082e6bd712c39d,11
714,c178cde7088fc62609507e604c69eddc,11
714,cc34cc7c10b3783c6705d456e8d4be4d,11
714,cfcff495df78136b9bea6a6b9032461c,11
714,d4b68ebd2fe07dcb93af72ab82a936bc,11
714,eee8e88dcf4dafe010a9a9c33607287b,11
715,04608934cd6bdf4b2a6a2930cbba48b8,2
715,e50dcc46a01d2de1883f83d7b4610c91,2
716,03e3ae07bc1d6a369a69caa4a7815e31,2
716,6873c5a10194d0e8bfa487cf3626aade,2
717,4bec62d92fe4207ee79fbde86b465771,3
717,ab114f6a4dadf1758183c29e8af2f977,3
717,c8d15331a6b469931edf2ef3783e65bb,3
718,30fbd3b744305257fc16720a7de2ffa9,7
718,493bf880abed3c7c70c42ae31f2459eb,7
718,4a062bfc900e63ff81c60af3d7050bb0,7
718,584ba1b4cd334c33b5ccd8cfd9eb7f5e,7
718,75a9c20cb22352ccd42f99f8f3197f93,7
718,87a8ebae219628e517c6a2fc8a0257b7,7
718,d64a5ea657a8b83310691b976f903b7b,7
719,06271f1da08e243fb96b9ee7b4971c6e,2
719,bee83ae953610e29b6ae8b53d1974bd9,2
720,048cfa51cfa8b281b0fbca528aeb1c43,4
720,1315e7b30880f21e4cb3e9d6f30256bc,4
720,16f36b057c2e887db8baff81da2a4b05,4
720,e1ceb1b0482a8b085169f12a9b988336,4
721,0fe3a322fb95df1b1d686d55c54e6981,2
721,e7dfd11f7a08de00468434e536178d4c,2
722,7c91cc52aa88415a5c96693dc573278c,2
722,bb03abd01234f79e5adfa3702f7060cc,2
723,20751bdc3991f062770224e091c305e2,2
723,bdf592f3d215c1298193760e75991ba9,2
724,36c24fd8acda548f55e5192d19d8d21e,2
724,39a82fd7ced04b25f57afb666e7f1052,2
725,1dce271b8b87746c7351e43856b10035,2
725,a8e701bd0d4da2f6cfa3ef2ec0eded98,2
726,44ad843f793c8ea907003dab843f3718,2
726,e5121c62d0bd89e1fb4dca16a1afa173,2
727,12a6bbe05171e26e3303dfd6ff79a9d8,2
727,1791cf1268dd8768c15b7e85061e772d,2
728,7c4c745eea197e3a9cd2aaf0e3dc88d1,2
728,b4fe2a44b1a024703e6062db0502a5fb,2
729,140aea9a21023f1e06897109da1dcf45,7
729,441cdeea26edbde1911d888b6067a572,7
729,4a59cb947d7cb8940fa7421b504eab77,7
729,5ad37d49bd3a1bf1901cc751028209c6,7
729,7395c43c82b77be66b5d96c217c2b56c,7
729,e4767825aa9f9f87ed2da17aadad4229,7
729,ee14c6e6b18fc495ffc82fbe45d6f6ce,7
730,0a8e9448fd8f8ce5b5521957fdc8589c,2
730,8de99722af4b6caabf1b920ff5653c55,2
731,435885a6c000bf0fd98bc970ce8e2653,2
731,75bb10c5479277586141e9054fb810fc,2
732,4f0c5a6dc7aa9db592c0abad309e5d0f,2
732,7446488401c2880ce8d9775cec138d4b,2
733,295f3db09639469ee4a11f37f6d41d86,3
733,c4fb97d4bd097624794d7d7e0a9e1c2e,3
733,d814bca050c6b80ff7f1ed0d97897f7f,3
734,04f97e7c7f69dcbe49f7136162b89472,2
734,6cb0fadba5596330f57b115ee9cd77ec,2
735,764daf77dc5d0df4d42c21accda62ec8,2
735,7f5582e850952aba83abbe861b42ea21,2
736,40f7d573cb2c56ded85b9ceaa96eb7bc,3
736,b9125ad3bae66e51c0e83fba39d0a39a,3
736,db38bed2a957ab65b4664680c367ba5a,3
737,179b653fa39ea44d6ceafba4aafce9aa,4
737,1dfac05e5a86838c9e30da06fec48bd6,4
737,6f06b00e37cf2d36f01d84fe03dd8071,4
737,7d79d1cccc0a45d0918963f33fcd70af,4
738,770759f1347c684c442a539f44d5a9f2,4
738,adfe2f210bf5c9096d564f1364e8883d,4
738,c1d9046ae3a570c50739ab0b09685f6b,4
738,e0bc2c034dad87266a6c33ad980774e0,4
739,85ebbf28dcc8123d8510522a7a629729,2
739,fb765f5a8c16b7f426c6598a5a09641a,2
740,104b206cb0447dc7f7206e98edcecfeb,2
740,f1ab7188219621c3ae049f137bcc3805,2
741,30d552ff4fbb1e0e50bc09972dbb7010,2
741,b5a6fe55a5831e7247693f1efd36e2de,2
742,0d4ba7ead8234d904b8e0cbdcaebd843,5
742,2f2de19330c4936a4aece1346d029101,5
742,5644624d5694e6841b33ca347db429fd,5
742,d3e350759a82840432c48717a1047b60,5
742,e8b0bf53de98a85c3aff8ece0eb47098,5
743,11221df639021eec7e8787ab7a82a2cc,4
743,19a7aa5ba61fc255b2e2312b4d6df18f,4
743,a65f39826725b578cf2ca88f6ba0b975,4
743,ede3e427492fd906b25f815a96c072d6,4
744,5b42cea4ab6b6cf9fd5b24ccd2faef7d,3
744,bbe709e06ff269178b5bc9eb502d92fc,3
744,cc0c208f4fc253dd54207bb403f9a470,3
745,97645d95108d8a8a3681d7a07448687d,2
745,edf7d065a31f787685e85c865b7c04c9,2
746,0b7b97572710d7e96ce45414e2a187f8,2
746,edd5b6f60550aaac6cbd04ba0a3e6f6a,2
747,0be48dcf9c434ec92f02f0a491d85e22,3
747,dfe79725831b0c54fe66a9989eab9aa8,3
747,e4d38e2ba5350f3a024d861f741392cc,3
748,01175f520aaec9b3b931dd15922dbbe2,2
748,21e9de7702a4f81060f14ba1f6556ec7,2
749,0efad3e1ba85271c2cdebc05089b73cc,6
749,36c5d3bac6cc956aa1a19853876eb695,6
749,6b35393251e1f86eec3ad56c573267d3,6
749,863bfae902cf9fb67b8dba8a10db4c28,6
749,a64011c133e146b4017afd1f8f2fb05f,6
749,b08627034b976d0fd65249e26b4f305e,6
750,addd6ab732bc5eef8214e35ea7cb7043,2
750,ff0fe50153baf97791b019b225169bcf,2
751,53cb301e89f5ea44c297da483ac19a12,2
751,dddc53fe2b45000cc11c3645aa7d0cb4,2
752,3fe5bafd86224e448845df41553a0cfb,5
752,8cda203975d34243d294efabe9821154,5
752,9b6cc8f10c31b7e15bd93439206e3b21,5
752,bdc0e61d081115eacfc387c0cb2e228a,5
752,e79873be39cc12f568c9545a035cb99d,5
753,11ce1e6c345191e23841511aaf995804,2
753,1a49ff7759e7bf31c2c8cec3f737458a,2
754,10934063f67587065348918994997b96,10
754,1d7529fb955b2d14b9553157fcdaeab5,10
754,23a457196f074198e18d1ce3ee1506dd,10
754,51d4b7e2b22abfd9c725ec16a2d2b8ea,10
754,61f49d80b3ac3a15f335aecf5aa7e334,10
754,71a8b40f92dda96422fc5c23d6cbdf25,10
754,b6f5c6f7f80b4779093eba67c1ea58f3,10
754,c6b13bf303be83735348fa4e3b67413c,10
754,e18c2af1f36350da10e0097f0df1354c,10
754,f291e262a2726c0a641ab02eb1b66138,10
755,035d3f8d5b2ace1ac1945cd2fce2686a,2
755,36d0794e012a10c5e31a89af84710e85,2
756,371c37d1652dd43b8404929baec28eb8,2
756,90d21672a3f183e8f1bc92331dbb84fa,2
757,1d0b43012d01a649f44f86165d06f7bd,2
757,9f872c0588b4a715a09bbf4d94be4a81,2
758,adc061137240dc779a969ad71469c78f,3
758,c153b913244ab981e3018543a9b6c4bf,3
758,ec7fa7d806955152ef21603b951c64e1,3
759,0771bc6e0bcc6361fd5be71c77ee4826,2
759,d82bb25760795e157f06951043de2049,2
760,92d11ed22781e99d7702267f02c4ac9f,3
760,f71ca722226d340e647e914d2bb28bfe,3
760,fc887d39989abf058b46948a841a9bf7,3
761,3deb4c91d6fdb70cc5466f350c0bbb1a,3
761,be5f6ec23e38091c129b17a9837d6f61,3
761,f48eea68ea3f73b39b7f3388960a3b41,3
762,89a4b92ec7935ea61741d4dfb248f68d,3
762,b94b74e482787f2372c67a90efb0cdb5,3
762,d09c7ad89861f4621547991a22307d14,3
763,01c27665f8bfc4b40d98e830b81abd00,4
763,4747359ade4308163537718eba3da74c,4
763,d0fbb2a11bca2b57c3068b2df0e5e654,4
763,d15bfc123488e0ecdda3aa6dee06e24c,4
764,46898fa2bb92b47f04c60961214b6331,3
764,70a263d6038accbce945ae172d2aba41,3
764,b5c1fe79ed1e288559bbb0a4128cbb06,3
765,51b7fe0eda0cfc1e2465a6d900847a62,3
765,7893c116824394f7af9c5db04ac4456d,3
765,cbaeac8651ee8fb23a9994c093d89ab5,3
766,49ba8243ed854e108f25a95a56bd3147,3
766,bbb03b3512ed457cd21c5d7242f4eabe,3
766,d85f9fca07f42e87598b87b331e6ab59,3
767,b78933942a056fc3a35e633432cfbe7f,2
767,dead5b47cc17118c8421fe19e7ae8fc1,2
768,07fce1d76224aa4743a70e5e3e33a661,5
768,4c1338ecb81fa686a6f908dba2749f4c,5
768,83902e5887075f5dfc73a92c3b57fd42,5
768,96051757fcd82f21c435d7a2d6fd6928,5
768,f73bc21b1ef430842d2bb3af836f2765,5
769,008516d5b1c7707b42377578307d006b,4
769,22794e45c6ea58a0d1c05bb6efbec3bb,4
769,ba009ef2ca69ba6d0c23b5d0c9a53d68,4
769,c1a81bb83f4bf28ef45d1fcaa52927e4,4
770,3029a5ab369849b275e20bb74e535df8,4
770,6387d6ad87e3e2b23d8201b3563d2ca5,4
770,8be797a458af39129b666f7bc2ed83eb,4
770,f8ff522173f9c3f37060a555140cc39f,4
771,003f1ead28240c366d57cb180f61632a,18
771,029627d0fc5f90a61ee606f19e5de04c,18
771,09856b8d0765e997dd958d97bf7a4a14,18
771,112c8a6ad2a620f93656f3ff239b3131,18
771,1b01f5d4dce2967b2d444aebbff7462b,18
771,1e7f3f51b8fed8eefd7df374acbf09d6,18
771,1f537ba165a96dd161e065c9d26d4131,18
771,44f67d906a65672c292e6b772b0e03d7,18
771,603990ae118957fce43a360bccb67e64,18
771,646fcf26285f5b35f1b4bd5455b84e02,18
771,768a990c9f9a66dcb6498dd5e27969b1,18
771,78a8a0495388a1f149a6ec381355c2b1,18
771,96385f9b5348b79c469cedb6d1aa4b78,18
771,acee7c30b4c1330b786b237cfd2412f5,18
771,b0fef8bf7b01e4e89a6a8c82de36c67c,18
771,ed06254bb1daf2193cada281a5b7a772,18
771,eef87ad93302388d516651b8b1892978,18
771,fce12d718e8056023d41946b985ac9d0,18
772,15bce3cde5e9cb184e4f92161e15c250,2
772,e95fd15c6f189e56a098785d0ab54af1,2
773,6496642583a6e14cdb0788245dc96569,2
773,716067b9a0b693c6131e47a14c6aff0c,2
774,0ca5b5f1a54951107c9b8519762f975a,3
774,b63c87f768928601e47852f6a3054b34,3
774,f7b592b32b9d00f166d24f50f310a61c,3
775,65d16f1c3aebcabc4130ffffb53f0cba,2
775,fc7dab758721fe258492f1b8856ba7fc,2
776,0f4abb3c38ef2df2fafd98bd80f3c746,3
776,2de0cbcf228eedd0522d77af177ada0d,3
776,4b80fcfcdb382348b246245ed6a40e51,3
777,79e5aca0771d21ad2b22283dbafeb300,3
777,c2c73656335b4f5efd00a170dd623e6a,3
777,c8bf1161b0f509a117978c135418bd87,3
778,6675a0dfed44e49c96511030aec219f6,2
778,dc251996f8e1951002c68ba1210fae17,2
779,2c2d4e6a926e8ba647cccca48b16ed8d,2
779,b516d71efad672739024f18d89731000,2
780,1fb628fd05757252bd5ecf949f26d2d7,7
780,4839e96e5323e3e5deb5c695a05ae2f4,7
780,4d023561f270a99fc2fa6fa339a01edd,7
780,5c6f8bf2cf28516e222f8d3606dab3b5,7
780,60d80a8d0da0aa9cba14ce7f2c6d39bc,7
780,640d4c841046e50953791a7eae68c743,7
780,d4ebdf2a274a682620cdddff7130428f,7
781,12f43a2dd2cccb08ddde415ea64cb33f,4
781,570ec6e4f7962f5758e962ea2e4fcb3e,4
781,5a6d0e971b8fbdd1368e26b99bfab85d,4
781,6deaa78e34652412281d59336c7a0e73,4
782,201ea8f26999621228a98fec59e08b5b,2
782,6e43968220b069edfdda4303d8b468d4,2
783,40a3eeed7dcd4a77af1dabaa57f29947,4
783,603255a1d46b89dcd41cd274690e3dd6,4
783,78fa22b577b3dc489d1281d68b35670c,4
783,8db71bb0f79e9d2418c94eb1a695b8c2,4
784,96cd6bbe4dd07d32feffc370915b731e,2
784,b0f627060fc70a46bba2a98e36a26dc3,2
785,082a4ac5e2d536c750012eddf04a8dc3,4
785,3863dbc87213741ed415ef7ff7f4a9fb,4
785,68d885e9066b5509903cae1d81362fcc,4
785,9b52e13bccc6c371d93eeab87404f5be,4
786,85132f06bee975ebffad05dccc8fd1ac,3
786,90d8eef1d7aa93ce6e7f1b568934d6c7,3
786,d3c010b2dbc37e7e9b94d689a02f45fe,3
787,5b4eb843b01096fdf078bb1e15b6c655,2
787,bdfc16ac2babb3500e4af2954297e5b0,2
788,7a359b99e6fcc786a76f5228ea96aecb,2
788,a97710cc3d2d8717ba13b31ef63582f1,2
789,d3066671d63911af57a2ffa6e09c5a70,2
789,dd479eca6064c57982aeecc58b07bf47,2
790,5474acefe011a1160080d7926bd893de,3
790,5bfb6ffd8682d77d94533ca702a2fe5c,3
790,e09a123c07e2837fd56a4dd9d7e4b5e6,3
791,4f51b30905305ea77a3337031f343fb9,3
791,60eff0f5e9ff180c1869895c1acaf022,3
791,94c47f5286b0ef011a57fed8d6126c8e,3
792,28fed270c8439463868fbc73f628ab78,3
792,b6bc8615757c5318815d4870674712ab,3
792,f8c6f1fcc4c40189083a9d6ceb877282,3
793,cb4b6298c451f8d704aed90d416d4815,3
793,f12b2c5f1685c2acaaa46292598f02bb,3
793,fe32b325626b4fa2285ba888e35e4eb1,3
794,bd2263389736497119e5b12c9603af0b,2
794,deabd09edc935cb99a043c1e19890de0,2
795,34aa1353c7b126defd486819e3cd5e3a,6
795,4025a5d467ef4c869975b8680e320d83,6
795,673e9eabdc84a30f554add9e6494f124,6
795,6bf6b252967434aab9b654d93c3158eb,6
795,7fce1cc43fcebc8c2ea2b7c177d23158,6
795,97058c390cac8c17b9d9167ba8040d9c,6
796,379976109519ab841d1d1413fe44b9a4,2
796,cbf346801c0efc06625ac3456b20c302,2
797,44026c038fda832be15a70a1595651ee,2
797,cf3f2839b0161723405d64e3c5d263a6,2
798,508b9c72f97888875d328489fc4814db,2
798,60fe3d8126d54c263e3e4fcdb996cf15,2
799,022b3e46ccc3821e0d26344b8e1b9ca6,4
799,98d03944d89e0dc08c39479745d28302,4
799,bd618b46f96219a1f660e0185c841db3,4
799,eec1755e56ee708bf52ae45d03b57d95,4
800,06b8a5df25bb93e1c8ec149a7d7600a7,2
800,1245fce0159df70f1841b87450b9feda,2
801,42fca08cc593b82cd49acd95e85dba7b,4
801,63c2e797c818d6809593ed1804884743,4
801,e04a223852d6c09f61cf29632118c51a,4
801,eae055b2553fcf89e5cc422f1f0af033,4
802,0d2541550138987a683cb3d234fb7933,4
802,1db7f90c9c446302968eadf6db205cf0,4
802,b84011e0f52ef8cabbb045a1b2c75d92,4
802,c2880ce2c35fa5076346bd893023e141,4
803,7a30178b5422ad12698e2a6f9c7c5d9d,3
803,ac269d8bc74b44abd7edc2a470c4012e,3
803,e125432d9a365972c201e5da1f7497ca,3
804,20a26460bee9850159bd968d1f534714,4
804,67b13cd122faf878f19bc46173de94e5,4
804,6f213b53f2023f2595dc1bb4a578ba26,4
804,72fc244cfed8296be71a0538d23d7f41,4
805,37501d0d1e6ea04e9bbd7a0780db53b3,4
805,7b32ccf5ca4013c6b0d8ea9622760779,4
805,87c84b09a4fff73ebc82691ab7963473,4
805,b902f01da4eb68b9e473fdfeedfb94c7,4
806,3a1a23ae98db3854394dbf35112f89c2,2
806,6650f9a20b850b7ebd5ee9ab1baaa606,2
807,1b39037d9069d488e1c0455e508aedd2,2
807,9f1f2ad56e7bca8c0eb6f75af93cd87a,2
808,7fe8b636dd9ad52904972de6fa85c7ce,2
808,b7c0b291d7425cdeb279630f0baec7e5,2
809,43a9364b77e9154d45b6fc6759a3982a,4
809,88aa38059243bc260d5dfd6c37e37a3a,4
809,92bd578dac25d6ac13103221c4dd41cf,4
809,cf95548cd10f94e46869b310a5f97874,4
810,3921d4906eddcaa052eb367f52ea94b3,2
810,e9129b0850169e6b57e0f3c3fee18626,2
811,f5861e51f265c6699c0bda8d9a3923af,2
811,fce0e12315a423a7daf48a05f5eabad5,2
812,2c4f8ad02ec34fc9a21b06f090eca85e,4
812,428b3eaa78231b7518ce172dcf757995,4
812,a28c59a71b8a32ca41ea7fe8b9628614,4
812,ce7fc45365016ad4ed4541fcb65603d9,4
813,904f71ecf641aacb4af7ad3d28364700,2
813,aee0169821acdf19d1406d97b1473034,2
814,950a462c5ad647d1ad212157df1003ee,4
814,99fc8f567b7a786285a28753cebf33b4,4
814,9ee5945bbdbebe8f609886878b65225d,4
814,b2defe37f0fbea093bf98874fcd42b51,4
815,106fac5ac55f32cceae79d507b76c6e3,2
815,65cb627973dc5f6c9e031c50e1518e2d,2
816,918ae927c301957aaedb857d0aa8fefe,2
816,ffb75eb4928613088b8534563636b95c,2
817,b1e5dacfab8900cc97d26840667de6fa,2
817,d1de7457afaf2922e4582de030f8ac8e,2
818,44f44608ceb0d1ab1f4dd8fb1c372a6f,3
818,5d591989e5967b3bfe9239d654605023,3
818,df16240a55db41b110d289b633d8354a,3
819,77094aaac4aff512743afef9db95aea6,2
819,e6ca8e22f773591b48e87465d3153a60,2
820,45f563368e8e48af875ca7ae54dc44bd,2
820,8236e320a636be0ae18b1b1eee6ae53b,2
821,36c3ad4af5deb595d8ce4ef7a2f1a8ac,2
821,dccd66027cdd7fff699dd090d393ebbf,2
822,2a003cf04bb810982bf01c45e685f1f8,2
822,48a4e7d437ad9991c1db3ea943f36805,2
823,43d2a6a72b6d3c7e13943ee844a11c8c,2
823,a4936a47f015d8ea85d51bb9b8fae587,2
824,650574fcc3d0f386058f704bb59b5eb5,2
824,7f6b49fcb1306bdde12f4c7c41c93cfb,2
825,8b5f7edeaef49e0450af36722cd26f9a,2
825,d4f41ff97454d7c8749984c9adf151f4,2
826,11bff4fe562dd644942a67693e6c87e8,2
826,78ad618a651acac181b33bf29ef0ed7d,2
827,29aed76a4ca7627cd5446249371740cc,5
827,47ddf093d37641f7c1472cbe413e68e2,5
827,4d922ee650e95fcc6672121cd0f74835,5
827,c1736ce14f0304cedd98edbd2f3fb695,5
827,d7d768938c130a4b6925b5c6660471c7,5
828,0847ec402ac61ded523d5da848971269,5
828,0f4704c7348b55d5e1efb385f20de4f4,5
828,256cf84a01ad8db5fc044a534c155393,5
828,3e8fd72f5a9d8393360ee01f8b687663,5
828,b40b32c7b7842b9a955b279a41eb5686,5
829,755d1723d497eec74f3e6fd782df3833,4
829,93f6add50eb1dd05c417b39575bd0738,4
829,cbc21c18ceab774131e40beb2d4d2033,4
829,cec1205319d18eaddd44ad65a2c5689e,4
830,aa91b8b7c116c25d5a8cb4116dc1fd26,3
830,c1c2828a369deae43de7ad75e7fce829,3
830,ecc5dfce677939150dd8b6510446c9d9,3
831,6a3bea8a8d3231239322bac5e45bd742,2
831,ad77cbe6fae52bf675a8cdb71cacc6fc,2
832,6082ede20dec58505186a767ba8fd10e,2
832,ad6d4754874eb8c72c06cbbde48dc629,2
833,be143c60a66af014862af05ec2a1ad66,2
833,c8ee2016fb3c533ada23816d23f37660,2
834,a337b26c5202c486afc9ef9c8920517e,3
834,c9f498d8ced6d6c03906b1762b0fa377,3
834,e351ac5a6b3cbf5198adfa9b913e3f6a,3
835,bbf3c722c8dfd62bd5ce9afb45b230c0,2
835,d741c1874c0e83238e8005facafb66cf,2
836,121908813f59c6e55d2ab2da84929ec9,3
836,3173d3fa466c911fdeedb78edb9450d6,3
836,918449c6fe6d39a251e10df6f4d0de6f,3
837,094fdbb2e5c19215576458bf37ebeb83,3
837,4f435053820f55ab54037d8e2e6ed582,3
837,7db3b4ecb0ece3cba7760a981d90b16e,3
838,1366189aa04f854e55f2b30eb9911fe1,2
838,87bb7886d95539c235240caeeedd41e4,2
839,1792f63d9b00b751da3c81040818621f,2
839,aa082c09e5c3506e2056ce3ee53214e0,2
840,060cc16e34cfbe81aa770d2f6f0b985a,2
840,ea20d64548b0ceb015e703c301e9ac15,2
841,076dd2370fa12277079763135f6932ad,2
841,e1dc57df61dc39babae787673f757890,2
842,0fed3720a74b8f9f4273b0bed6b1984b,3
842,ddf145d8c4987051504e51f4186466f3,3
842,e927f341d29b94c4542c0a614a523f86,3
843,aa808b5da06328a23ed32fc56f3ab479,2
843,c774b9a6bc994e621476b0ad765860de,2
844,5cf9a02d6a0721fb774e1cad3f734ada,2
844,62caa564535792900840c8dbb8a143fa,2
845,1be5f517a546ba2ed53dca71ab95e739,2
845,d6519c2397d082d327bbdfd30a2785bf,2
846,9f5313f6ffd9ceaab808e76dbff17062,2
846,a755980d319690e43033d9c9a6f7193f,2
847,2ddd1c558304da343704f96f8095ff95,2
847,ccef1ed59e7605358408040d2d51ba12,2
848,24d6503ae0885dbc74747c945f8d83c6,3
848,de009fa94a76526575601549a84ac200,3
848,f75b300de2c5e58b247ffb707e9d3ca3,3
849,b37d2312f1d9472e21bb414cdabda0dc,2
849,bf785c7c6be79ef5e26d347e0d1c422f,2
850,0c749bab28c9182595ddc8938d23073b,2
850,24fab3b1df3a8254902c1c3071c1f496,2
851,c4bb7bef8670151fa7ff3d6958f57d48,2
851,e4c38a5d8df5efa447dc20852c287585,2
852,27417317521c3497e3f7995eefe6c517,3
852,36ac477a1fec22b60c89953ce00c2099,3
852,73f7f3abf1366f82fa278d675d6a797a,3
853,a1418cd96883fb33ccca1c0a9f862512,2
853,dfb6bf4952800eaf2a915a57d16db921,2
854,0720f2938ed92e64c9f66a4a601259fc,2
854,fc4aefa35135a3d68ce9b54e0dbc0373,2
855,0733ee8b00f8e873f1c888e72b491a66,2
855,bf2421c17d972fcb606a7c5a570e579a,2
856,76ff38bb78958c73307a11d54c1beea3,3
856,ac36c94e00d60934a23d3ef09d7c40f3,3
856,db79cafff4cc862ac3d1bbb717438744,3
857,1a38bafc173ef51cd34f892ecf29b93f,3
857,6a62356b4e519f4f2c3df0e17a0732c2,3
857,92dcd71339983110de0bf30aba85a610,3
858,57d47069a36906ed283907914b4cb8e6,2
858,6a2a4f91ef7079e6dfe22f53ffbda945,2
859,8bdd4023522dc4823235a1f3f762169e,3
859,d3cbce3893410933d087ef12a4c25217,3
859,e2ce6e03456fe69aba8fda91d463a166,3
860,4326ecc1d86bab5cd307b10cacb7367a,2
860,461915bdb42de806136f93e56a253fb0,2
861,1ec5d378bddab8c2a1c62f3c9d4bd172,2
861,ce97af6ef6e6e95923e2cbc4399190e1,2
862,0969003c419d87d7b5e7be723f2c075b,4
862,0e8b2232276ec554d3dc65855e3e53ee,4
862,17573e9a85ce231cabffd5120898cca1,4
862,26695d4259b341a2461b6ae3c89c5195,4
863,18a2222ec5d56696ae4899796f0512ea,3
863,a38f6b9bfd6653426b2b8b05f7aeba97,3
863,f30e4588dcee08c51c88cc9a50080827,3
864,12db088c6ab2a8390fc4ece15a7f5b98,2
864,867863157f12f5baa22d4e3232fe0469,2
865,5569176f5cd99e5e2c591a9f7916c57d,2
865,c896769186193636671f2f20ab7ea355,2
866,185410c7b247605d07e2c40fdd02817d,6
866,28f1ca9396081d7ee741236fa17cf22a,6
866,625ba4dcb61cee69173c13177af9935b,6
866,8177ae289fe421df93cefad66dc19599,6
866,b193ba8e1c5d14c61c942065a492a57f,6
866,c611652eeef3768467cb863e43eb4854,6
867,6b1f802705a0d45f616c30b8feb589bc,2
867,b48362d0d7ae17551fcfb0c1761d2ad3,2
868,17c86b12fe804204526198c3bebff962,2
868,bd1a30881d187438b599f46343dfef77,2
869,8407d52ba4ad9f6e9f104ba4617f344b,2
869,df86bb964d6da82315c973e9793f2381,2
870,07cd594312c31b90cc26ada72391f14c,2
870,c19a55a8dc4f37e3a93c2e49f7ad2f0b,2
871,0580d9f63837b3712c6dadfb05058e07,7
871,0a91f02f59c9236b241b22895f5c314f,7
871,99576733553057ab47a73f2c6b4e1c50,7
871,b4bcb15fc97abc847cc1a329af3c0769,7
871,bcd9f30b03b37035a0bab127f4779a38,7
871,f1569f0f332db7bf0f194f291d50b366,7
871,f2877111eb043232593e71404bf8181d,7
872,5790f165573328fa858be1f23e32551d,2
872,596670c50df2fb2fca79b6262a5717ad,2
873,a2b8a5feec729a37a39ad2a09fd97e8d,5
873,aa20546bec3cc45e496a5b642e595321,5
873,cabf71fbf7e644b0d22c7e71e3c8241f,5
873,d2b7b354e4fe21abd7464a51f88e8f49,5
873,e2dcdc9626806cafb0de9b67816fa00d,5
874,0cf916ed4f75ba844e95211d08cac88e,2
874,7d7dd04daf7713d9c17204677f90c70d,2
875,8cee6184b0aabcb331b9df8da33205a9,5
875,a0b941e9bd7b9aa153523663149f30fe,5
875,a996bffc5a4b93edaad06d433cdaa957,5
875,d184ce7794034436d092f607f27271f4,5
875,fea28cb2f87358d1bac9b3fe230c7963,5
876,3a7c5fadfffedc2f2a00264aeb2a2d20,2
876,b1d56b5bcb19edbfd5f635ad6da2fa95,2
877,6b4636b4108520452a7307f126b3a5bd,2
877,f13a9fed0cabb7f71ece96f83b914206,2
878,1ee6c6e27dfab82eab8b2dfec1376734,2
878,cac1bbecfc5fc0d6d15967a36063f7ee,2
879,0d251df33b5caf9cf31045cf52936169,2
879,1d6771bc15a0def72baf1e6bd6c9f369,2
880,6cb6fdc07113150084dd0ecccec4dac7,2
880,da8c9ad6d077c2b0837896b3aa95d262,2
881,2197cd1d037b842675f3f8872c366da0,4
881,31894e223684c1ab9efaa324c07272dc,4
881,7be924e63d1070623e5bce439367620a,4
881,8fc93c29ddbec6ec7f8453c64f00e0aa,4
882,854b3692e7d0e84a43738bfa7e363efa,2
882,e35f7fa7f8735445bbc17630d2449074,2
883,a021b90ee8f88e30992acbeee11e0849,3
883,c8633da4f8036fcedafe48dfae421d76,3
883,eb6c0df560a179f48173773a3367a8ef,3
884,427e07c63eda6376e48730d35b67766b,3
884,a850919ef1ea486ea63496d014df0ed7,3
884,d661a792ed174a2841635f5316edd480,3
885,879ecd9bc7414258c696809605f4e16d,2
885,bc22071ea4ea4b27e4d4c5e85a356879,2
886,92db2ced86886dd8ed1791997cb6a240,2
886,9f09896663abdab73655a3ce4c307089,2
887,31a37f75bde1ba9759c66fdb3a3d1b19,2
887,6ff4e4a64ce93ffc1a821528f6b8fc95,2
888,215aa7f86414f906316d18ac4a6c5675,2
888,d3cda0c2066e9b980696e27f9cace570,2
889,e3987c90cd0a0be953791a432f43b5c8,2
889,f1661e55de7d0e9364f4797a159e5164,2
890,2e135c538e211142d4b943c3b49f87ab,2
890,93f080c83cb42d211b8b2498126e2ced,2
891,173d51ffab0a1711aa81feb475700c8f,3
891,4a1bbc4dad75bb49270bc84f276f339e,3
891,f2e665827257d52fcb95997a54b9cd1e,3
892,1cd5481b5d0bc712ab9af5d71ab8b9af,4
892,36fd4430e2411a5b0c4ae4c4f9f36705,4
892,8cbbe1726df92d2595110b63ea3be1f2,4
892,b82090ade459d6f86b3a1043f31b1962,4
893,9b791617cbd62170d4c701f676e12b77,3
893,acdcef8a82774bbb0df65892e837c60c,3
893,bda33faa336957dc223657b4d6cf4dca,3
894,5f155c51cb28fa11e81f179f4532f568,3
894,905b1da22cd5ac963739370d72e65ee6,3
894,f4161d76bd5f99187c97fdff786aaf22,3
895,aa22a76affa8f837584af50b7b97f191,2
895,ccc06d826ab74b8c15ba2e88805c45db,2
896,648284e84b0f08e87b143cd3b3869860,2
896,fb7b4aa3cc8972863437c013748989cb,2
897,3577d9fdc61ce9d72b6d512240b49e1f,4
897,e06b3e514a9264414b94b5fbe6819094,4
897,ebc96c956d38a4ca10bedca55161f161,4
897,ec5854541b6d326905d7d9c3d9e85a44,4
898,0168ec0abfd51b639e29b96d2d5a95b0,4
898,16bd662b79c0e753fb4148f2bed3dc53,4
898,c39bf0ef6c1174817e283d923a644d90,4
898,cb60e998e4eb041e319184b982bcd958,4
899,118695fa6ff523d2454924e329dd3f01,2
899,e01743362c382787c95e6f12a349d433,2
900,9518ad9b0956aeb0763fe1295e1dc249,2
900,bbda2e17b848075b2e951f1309616bb2,2
901,0ed17ee46bd642414c74a50a84343047,3
901,4f26ba0d5e8643d8d881a263183a64f0,3
901,c07aa991c1b8145c633589b3ec389dee,3
902,2b2a72d848a6fa9eb2bb6648cd71fedf,3
902,76372450f7867e6cb85d10f87d1871de,3
902,b4bd76f62f5622965c53a702cd3f3c99,3
903,651af5a995fa92bcbd747b433d5d5892,2
903,8717f29d32bbfae54c6648b35aedb23f,2
904,1ba1ef3ef47efcae0f4a855a00845984,8
904,292f8e644ed513e1ce1b027dcc1f3249,8
904,331f400522ab9d68f189dec4cfbdf134,8
904,344e6bbe044df57d0d500d02db222d88,8
904,36802027affa8af5f9cd9caafc319af2,8
904,40750e9eb1ed3486bada8d82360d2b50,8
904,ac4f7c83c747c2fb1e8cdf6ac2993ab5,8
904,bb0b13ff9f814738f50f21aeb9e22cd5,8
905,1847051e4274f27e5c9a14bd34cffdd3,3
905,20bc626b084a717aeb8a780f74d42026,3
905,37cb007c05d34df0b1b6aedbaec03d21,3
906,40ee443c1a401cb1fd6ffbd2beeeb2c5,2
906,6cdac6f084de5686be2b66d455c9e108,2
907,42bd89702e3f62ac5e5d00afed438015,2
907,ac964054873e9d4cc9644caadd3a2954,2
908,0042e776485352226772dedaa05c1a73,2
908,bbbac53785d70e82ed02dd6c6010809b,2
909,ef2f7bc607613f866e06f62f0a3bf434,2
909,f3040d0e69d62d31e799acfd920fa3fd,2
910,5ba2c61379aae3420ccf36d3d215832c,2
910,d1b7f5c48da52d2b5aa66273f060dace,2
911,710305149fa76ea48a2b8eac03b2c432,2
911,9e4dc28542b9af69fb64fa6661814ea2,2
912,304a22c5740c2e2781b966fecf6d63d6,2
912,c50286354d4afb3b30b3974796e0538c,2
913,974e8841b88766d814c424b99476446f,2
913,c9ee78cb47b22b33acc220eb46814e28,2
914,03d0647e52185ea31d3482efa6417cdf,2
914,c9236aca2823a2eefa4fd9f5025e2844,2
915,a8fe6db90cc6d38399b8d9b5d5e1c017,2
915,bb06e929d2030419dee8f37bd57c499b,2
916,1e91196ef3c3f62912e18c9e5d648471,2
916,4b501b5628b3457654ebc8937a7790d3,2
917,594cdfbf1a49205aa5b16d5ac2744f50,3
917,83bb016b1b02d7c37d95d13b3b6a0d18,3
917,c6267220a143c1b5b8720e5bc2c153ab,3
918,03d34ac1185ffd46f401ab9ceda58960,2
918,be3cd3f199780ee36617541ed2d6137f,2
919,6c99b46089f5412b8817d5d1354f131e,2
919,eb9879db4f1a2e6f9768d5e11c48c270,2
920,71d4be6b2da67976ae540d3bf0f57558,2
920,d55fcd48358d37dd6b53751a0de68ef0,2
921,087fc6d9b4b60a9028c117239e2d7894,2
921,5b66306d1cfe870d768a73d8e0098591,2
922,24dc188c02b20c7c846a86e14d58d268,2
922,3a1910fa17ae088ed91889e124e642d6,2
923,c070dc2bf76a94c0433bb924de8692bc,2
923,d7562b67ccd706153e07c2c1e791677f,2
924,5e2bcfef80266e0c47718069bacbe336,2
924,8d4725c1de354cf4431d8c889860bfe7,2
925,154aa566741a39603fedd8c8c97f5819,2
925,745ab374328631097a5a25f32e803af8,2
926,054bf73f5e1503581b1eef108e2c1bb5,2
926,b503f0f2fd182161053a995402108e98,2
927,37d326ba09b4f8fa0f475b3ff57e8137,5
927,3bc5e845ce69f0c6804ef69dae8bd75f,5
927,3f794e9c03819143a1a796b23e3713d2,5
927,abc1e140abe5c70c7268b46e06b19e8f,5
927,c83a2f6130b8c009b045bfda5c99f5f5,5
928,083b6eb8b092ee519d56e1c937c5b6c0,2
928,2c2ee99d836d9da4c1f6181b396d88a2,2
929,488015645aaf78fc29a620dd9fd5e9fa,2
929,518a600ed8fcdd772a6509bba7da988f,2
930,1e6643b17a260d339a5fbe280b65f794,3
930,a407058a8e31686cc5d6c11faa691e82,3
930,de1950903f3769c3d34333599ac0610b,3
931,42192c65cb571fcf555e9c6e6dd2de5a,2
931,8ecfca2145c67a332d81292615346631,2
932,0daa68998af646543e5e9c2618cacd92,2
932,ee85d99e2f1844d4352d43b836aa1208,2
933,b4ba86982f9b26a87f8749c5be92b670,2
933,d110dca5da995df06738758cafa27d13,2
934,7ee2280f69de1acf7461259db5233843,2
934,fda18cfb78f081bdc1780529cac919ae,2
935,183df3fb6f9996f323129b471457966a,3
935,264479638aa8cca5a513f96ce5f9c241,3
935,bf882b04e80ae0b49704749661f61575,3
936,bdcf079fac7cd9e77d916e63740fb3dd,2
936,d89593aee5c4aeaa7bdff6d61fa8399e,2
937,787eca644f6fb17bd0b12b0d673093d0,2
937,b640790b44a5462b56c372a9b7e2aff1,2
938,9bdba26bdfe08fc30f072508ca966bb1,2
938,f07af9574bdb55358b1961177e0fd1e7,2
939,962ccb908abf5dc83ebe8aa93f782ef0,2
939,9ffa2de926faf898b3b624383a492e0c,2
940,6f2f57e0d13beb71721f4b9327d1867f,2
940,fb2936a1b177c091249eedc2b761e723,2
941,5b6b96e39ba4e0aebf730b93bc8c4593,2
941,d9ea032b306e0a2aa931f321da3aca22,2
942,2d7e1d8fd63eef35e9932ef7d2588a12,3
942,4f09f5fd2b7d8bc341f2172e1a4512c5,3
942,91aea81c241ffba6f08089a964280bdb,3
943,1a256afa07293a492e349d4ddd8da780,4
943,519952fb528a2fb46d95b259fbc788d8,4
943,5bedd7f7c5ec78665901912696bd302d,4
943,8aa82311095d6d8b8eb77344e0f0e9b9,4
944,2180b663a64ebca80cdabf9245b482ca,2
944,d32f6681b3d9eaa5124602144d6fb83b,2
945,0b2c49a8d391b84e2e646b7af0671085,4
945,a31d5971ed83d126f54eeea9e218ffa6,4
945,c5241a2fee757e3ed083dce30d90e9cd,4
945,de1605269156b38750690e5118d7717d,4
946,0d6c3eb57e54ddbe1e58e814754b456a,7
946,0fdce21f39daa1a7628721349b2e5b37,7
946,139b5c7f6a4e5d5c6fd9d40f3c365f14,7
946,3e44c78f186a65cde6d810768c425970,7
946,aa825fc347325be0e2ce2090597f0a47,7
946,aecb0624f440b76f5aefb8a551e225b5,7
946,f5838201d34d466ccad5ce59fad7bb15,7
947,5cbfbc88c6eec5135879a747a5e8798a,2
947,96a8490e342ce6e8e472f75591c12835,2
948,69cf7eb001a96089ef88deb153221c89,2
948,74502fd73e49dbd5932bfb7b0a91ce7b,2
949,269a79e3dd80823b3de079395d1dbff5,2
949,5389c39ceceafb84dad145786a6e2e90,2
950,037ac1fc816f80d3bcc60848887354ce,2
950,92a25b9075275f68085c113d96518f5f,2
951,00ae1e427c81730e0576831e2906029d,4
951,8c457c27bcde630e50a09c11611d72e8,4
951,d9065099f9b0214f8ed221ac69bfe138,4
951,fc2596c5c0c42e270632b7e8f28a137d,4
952,01dc7b1b73d0e7ab3ff29d0c29dcd33f,9
952,3724da4cf61e86d8fcfd3a3e1a66aa80,9
952,436ee9d98a696452d7ea3f84cf93009c,9
952,65b01200b908d89c18cf3d4a14f8d790,9
952,6d5eb4f04577b38c4aa60cfbdbe7ac77,9
952,cb1a39691663bd787f85c9202c3e6c61,9
952,cec503143ff357bbee07c6fedabb905e,9
952,f4020e03b9f0da382b8f025c90380c38,9
952,fe9f68d349463abd3933681a9b1c2f0a,9
953,27dc4ddc0f0e9d54309fbe3bdb7b22b5,2
953,990ec23acc00670aa36d1b4dc4be68a8,2
954,b22127ebdfb3ffb0be7d525670ffe201,2
954,e0a4355295ac86d4df0d14bc4cf250f1,2
955,09f2996af1794f50f7c9c11fbb2818d7,11
955,19eda20b5cfde4885f49f81d84201122,11
955,37d9319639d0925793c130451dfb33f1,11
955,537ef07008ec748fc63e9b43c2278d52,11
955,88790e9b0e8dc1155889d8ab28308160,11
955,a17755645cd1eed08536979c0c72c792,11
955,b87cdf6e36223458e34d0322490709f5,11
955,c4e17e69a42e3a29a8408c3a5ac5a762,11
955,cfe2a17e804ea5a5bc6c30c8bcd7d6ad,11
955,f40315c29489cccaaf4ebdbe6cf741bc,11
955,fcd803077fd2090becc30ebc1bc8697e,11
956,044a8cf6d98d5ae302a19df0b5e83f46,2
956,c32a7b3ebfc48d07611e7dcf1ec372bc,2
957,229c81bab1183c210e0ffa2d89b69592,2
957,9681d5336965a40c1321787788af095b,2
958,c1d5fdd34e0161dfdcd22e61724e07fb,2
958,e5e86528f7c3c6c953f4ef924b903fe1,2
959,4f5f76da86d5329a77df3278cefca168,3
959,d7e8f7b76d55917e85b1ca9450686730,3
959,f6aa426b84cdec028390b2ee836d336d,3
960,293924d5dfbdb4b0fc030c1c8f683c61,2
960,77f43a488794924cdad3f2b7201b4a0d,2
961,05535ff23c4ec9e38f52aee02c8e333e,16
961,06fb6a6b34dbaab82bf00dd91cb55d61,16
961,42d651d3c127afa1f53959e38a125058,16
961,554db0b40ef9d13f8081298d9152cf1d,16
961,7d759b0f46e62ca646eb221452dae94a,16
961,8423d7afd0e55aee4a650d24afba4958,16
961,8f7ee95204e54e388f9adfd930e351df,16
961,a36e958d683d6024109ee4428c1bf6cd,16
961,ba182fcd865b40f7c1e3bbf53128d10d,16
961,cbfe9813b82b4767e3ab936ee27643bc,16
961,d59dd46e47707a6f9abfbb18418b01b5,16
961,d5a074dcc9b88c27258c078eeecf86cd,16
961,e049d845874ca43770663bc45de6781a,16
961,e8016f1f53b367bbd0cf7e28ba804791,16
961,f600ec2308cec57bfdaeb71f5a9ec0df,16
961,f94a14ec3ebe025bcfc809a265ecbbd5,16
962,0ca81f0d3540c190734965b26dd41705,5
962,1d099f9d0ec5c64b6d7266aad093286c,5
962,2c914232e151ddd31850edbf8dff782f,5
962,4c44091bdf455e91d9f3ad0ca8a07f56,5
962,8e799718436fff33ac2d167b87cfb121,5
963,5fefe9f2f67125b05e093ae718bc1340,2
963,c911b4ebab484a8a2266354e10710d8b,2
964,51e3204430fe1314cd13a93771f656be,2
964,ca630e85791a7ff5412e1fe144debc27,2
965,1594d454f4c31f5bb4329884d9c1db85,4
965,3c5f892cfc0e68c471985b18a3b0e665,4
965,7ceb8c78c1e62035b0471e4021298b63,4
965,c24da9f60a3033881975838089e505ec,4
966,02acdd00d6eba50ea227df511b32c5d2,4
966,1d19cfaa38e9a4563d2800bc8ba150a2,4
966,79248e1516e9236846239cc5335f1c1e,4
966,ad277a0b2de91347c1062bd45e3e895e,4
967,107bd80b824a3fac747f7ea6067cd880,3
967,3156aa7313e124da84440274e067402b,3
967,744cc5031fb3c0c2c75f10749d318035,3
968,2032b58b83ee35821f9ca1918063de1a,2
968,7abff19e43caed7ba450e1be3aaf3fdd,2
969,20c5f75d1c7f2d612fe76c5f6e63c586,3
969,323ef7733c456466cd42adf8f1be7da7,3
969,6580356cbf95d0c8a1ab1023d1a3665d,3
970,0b8b436999ffe3fa2587cb01f71fcaf4,2
970,185cea3d6c5cb5ad37d6283c1f1ad9ed,2
971,225e962fbeb7e96ffed63ac2c90844cb,4
971,2e9810abcf532ab439fa127f01d7807d,4
971,878912a0fc3bac6e1f1f0cbc755d8cb6,4
971,99ac19ef2f90d887e1fadc5d6f2901b1,4
972,694e52047bebaead599576c9bb1de796,3
972,7dc9b7a62deccc358fbabc28e4921f9b,3
972,d6324696eeb5fe0661392fc0f832654f,3
973,27d8c6d3523e3fc9e95fe8c70c14324e,5
973,9f3e47aac15844f586f756200735ac73,5
973,a1cf7a713c069d18cb7af1aac435402e,5
973,c29d839b903fa5731b318d2a34c61cc6,5
973,cf6e83fca3f0551e23aba70718268f41,5
974,8f59a2705e62a0bfde01a3b107ae454d,2
974,97b641d35277cd859871abb65600602d,2
975,177f1789b0ce17bfdce50e7b396eff6c,2
975,777b27f356f6b21bc082e1707bde1be8,2
976,90e48e5724cc781ccf2cb9bca1435ffe,2
976,b0b0ed6827fd1286519f9bee26ea6fab,2
977,89e46305fd04404b6cd03958e85fc5ee,2
977,d7b47a9e2bdeff5393cacdb8a4ccbe02,2
978,438e9c4624fdeed662735a15d364e2e9,2
978,d40538b7f1bf6ed9f897b61877863b79,2
979,12c9ba889e9638ea87063102cc91de7a,3
979,1a6da062dacbbd28cce60848dc7052d3,3
979,4789d309d07955668bedc56025cfea49,3
980,10289b9f29d573563adc0fe64a3e7d9f,2
980,540774d5ab09428ef8deaa4a8609b6c2,2
981,37a42790e14eb2ab89107e7ea30bd67a,2
981,38ea6e5566fab07b94405cbd7275d942,2
982,2982e7a78431efa6fd5c5bd8a0de4d8e,2
982,8aeb80f0d3000b579fe690cfe6163e62,2
983,6c5c0fd5e283bf9dfab90e8181a84ee8,2
983,89335e2fd53c6b34fcfb736799cb2409,2
984,695e0a8a0c1525e698a3de0f18f1c41e,2
984,ddb73cfd4b24ad3eec92eaa5abf272ea,2
985,c11aeeb2a6eea4f5c2afbe244c6675ee,2
985,d3c52f1fa7ad1f97a46179622055a253,2
986,287d1feb17d9f982371062eb468a435c,2
986,79e253c295cb8ad13d92f0410a13db02,2
987,192ca20aa2c2a61b0afc025379cce300,3
987,c9e104f58b46536c74643c7dd3b9a432,3
987,cfd17f607b2eabc2bf9b813b279daae5,3
988,09d3238cc802f0a95f7b28b8c4dc1f3a,5
988,129a0d3b838f61394977d659b254f225,5
988,27871f6bbc2f7598ffb3cec221ba44c9,5
988,2c52ee58a66022cc60d24880ffc0e91d,5
988,e153fe6a41b4bffbe775b12d6c5ab9b8,5
989,08e84288b4c9a9aea42f242114e9f792,4
989,5540e3917dd474590a521b0b6001010c,4
989,554d6b1ef5ea53c060b96bc788efd105,4
989,e045b8e7442dd7f8ddc7acdbdd233125,4
990,5f32d410ad20988c79e6aec685f9561a,5
990,7bdcab1b6b7aa29093abc13b6fff298b,5
990,7e77b83bacbda9c061194b3c18c3603c,5
990,c54f4596d28afdc1865fedc5b95ded44,5
990,f575314969f64f2b88d0139689dd1dbf,5
991,1e5f0d69ff7750ef039ac7a9bbf39389,2
991,794c40325d99df4ccd4d0caf41e2f75e,2
992,382d837aadb3f6fee082e8a7e4bea164,3
992,509aaf23c77381470bae0e663647001f,3
992,8e89d54ed7577be94d934f2055d85d2b,3
993,624fb654e69f97e9e0998b3fad3cfa47,2
993,89081bac4eb7c6abc0bf3441b2446fb2,2
994,29160345f7659db9205062406ba33e96,1
995,5d0ef425b436234ed2a072884c83a32e,4
995,7125cbcc04e74ca4918b5630c54f32ea,4
995,973de56588e839aa016a1b25894e8656,4
995,cee4c005acc07e78b1b2e830e4b52373,4
996,02b95c93454b86e820d43ce23d66e72b,2
996,038014d850dcec6a1d380a522c28f5ba,2
997,05517784b0ef5e38065faad4ba3a6c39,3
997,1361d2c68b43d346b642bd648837e1fa,3
997,16513b08954d31e133ea2a7274c33d8f,3
998,1c8ab4ec6b86cebfb9e2d2276fbdaf66,3
998,dadce0018f6e0c4eb923305cba8e3f76,3
998,df7d81bb89359d526c23b556ff571e48,3
999,39e07a2620d879b82a070532bf421e5c,6
999,42a8c48a45e0f5fe2b72c72d15f3c1cc,6
999,496053ab9062bd10fe6eb2d87f1d68bf,6
999,c13498a8e446752ded7b5743d35e1f56,6
999,f03b19e9d18be858a37e304b11cd79de,6
999,f35bd626410bf49fdb7818feb6e47100,6
1000,2fcf17c7a42a010382897727fb3da3eb,2
1000,7d32a89f8a28591cb1f49e499af96d16,2
1001,a79ee813da5f6fb935ac5d4b29555650,3
1001,d57f9b1b17a017b7b962f43591b62c91,3
1001,e0104d2aa85b6ddcf4f36bdbfc4ba6b1,3
1002,1934fdeb369f5ca4f20c5200ff75da4b,11
1002,26764f965a6f0a3a47073185ae33396e,11
1002,28a23bb823542cd7050dba737a0a1f55,11
1002,29a9ff625e4c8c2a871be92bd0e0ffb0,11
1002,88b37bb0f7e85c9ce2eac109556e5976,11
1002,9904b5821879077f30b52c44f1722f59,11
1002,bc263ba012b0b998b45879f1d3634d4f,11
1002,c44cc95410ee14d77e7ebd97641f39ca,11
1002,d92d284f953082b06511b149a9fdf17e,11
1002,eb041ae8dffd2150a032efd6152b6142,11
1002,f340382d2e43237e89ab19eb8d8fc77a,11
1003,1d503cf21909e35203783886295ff328,4
1003,55ba0ff5b4e41b5f92566c5fd89841ff,4
1003,8a9768afa71a2fcf82e34d7744f75880,4
1003,e925e7e97cdf14061e006a5931d86448,4
1004,7231329ad7baf4da8c51593746196050,2
1004,b6615d2159401b96870538d9f3dcc2e1,2
1005,58a788d1982283c73ef35e822874d0d7,3
1005,6edcfbaa8ff58d975ad472c703001fc8,3
1005,9f462c7d5fd1c9111bcc4066b4bc88ae,3
1006,286c99a1deffd19f6b239ebde25e10a4,2
1006,e5b80b62ad78382c746cda86f67538ad,2
1007,023ecff50e698d19f0ce1cdc63680041,2
1007,cdc86efc1bae62cce857051e26da1152,2
1008,5ef2d713af4cf53b60d5b36d6ce3cbee,2
1008,a79504ec8538eebd6aecc6a40b7d685b,2
1009,acc9475a2a2f5b604dd7e29a121f4ca0,2
1009,c1ad273b3d0b37359abec3ebc86aeaa0,2
1010,2892104094718d70353295f11684f4ec,5
1010,3ba5051f3d94c860a792d7ae0f2cac16,5
1010,4bd6c20e1e4cf1abe33750646a0736a4,5
1010,76baedbb0b88e7a5f949b5ee5c725090,5
1010,92d8b7197ebf27e236a6eb307474f59f,5
1011,132e2273ef30418d8960bf7640813994,2
1011,9146bfd0f26f9782a77250d43c3be07e,2
1012,42fd11e0ec120fd8320da7e536caeac9,2
1012,d8075bd634d0b78bafab65281059546a,2
1013,5445ae8b59510428b3f86f5bfd521841,2
1013,e43a73e4873dd2aba080b3299fb2c720,2
1014,272a5ffce08b3d1290c209300f58fef0,2
1014,69facadeefa39ff4766d3fe13658f514,2
1015,e84c0004c837ba5e9dc44353c60be319,2
1015,ebdd0a2a565514841ef322b3ac1a453b,2
1016,96b17a02b9abb5d4869394e368fbea8c,2
1016,f7c96e83447aeac634039bad571f08b0,2
1017,565346745084568a576e527e81271ca3,2
1017,f3535f0c1118eb8658f5dbced77e26ab,2
1018,81cb103c5792066bd8477b5bc466c09f,2
1018,f325a6986ba6dd2233c4bef263a16fe6,2
1019,01b5ef8e3af4d142fa768d4ba03f9874,2
1019,9005f91221d0a3e795e9073558003c8f,2
1020,6405fc9391e5a87e3909eaee8260d14b,2
1020,ade13522b91fc35fbef9b487101d4ca2,2
1021,8943f57bb94a0361ea2f7ef9f59ac7f1,2
1021,9e3c47f301e8e15f519a92dc7025985d,2
1022,8ddf217c0dfb5da4e20986d1acbe33eb,2
1022,959cd1f29ce9e2efae57b9ec76818f8d,2
1023,1341406afb296f4ebe8f32d8abbd6e57,2
1023,ce80d3a7dcc0152796993868d1c5f2d1,2
1024,c9704cb315c9106d87f8a3e8cc99e345,2
1024,f78173ca68cf5a0fdd0e9c0ad4648ad7,2
1025,3fa4bab22c0f907ab0867d384cf54dbf,3
1025,50ee8f000d245c6d84d650b92ca5003e,3
1025,5806b0647fc30527c9ba380893d35fd1,3
1026,7c432570416bbd53c4de7a0486cdae89,2
1026,b658ac45cc3e56ed4aec434ebac5b297,2
1027,86dd7b2758d8fe935382a90cd4e7a0f5,2
1027,fc6e70a508d504f7d0861ec079262d20,2
1028,5fb3b854b84151703deee03f3e14304a,2
1028,82cc250371a080c4e4a9e30c9f4d104f,2
1029,28bd181e5ed15ac0a83ad4a3ef743346,2
1029,b583bb4a2247df012a76fb8663ccef96,2
1030,36d6964dbf86b9d17cf8aa0093c3fa34,2
1030,bbf1134ca6f4caa991fdc7db32d5c89c,2
1031,ce51cebdc16213d3d54f7298d1063260,2
1031,f8d37b81b4d93a28e24fbbaed116e35a,2
1032,311a1c4a1a4a18ac043a11e338043c89,2
1032,5308559a508b64d1f43898e08d594573,2
1033,4821547be32c4e1af71e2b8103fefbf8,2
1033,7a72578d23c907fc80805a7409a63eb8,2
1034,37cf028c72635becd6fa90dfb0f25930,2
1034,a0c898025a70fd9b5df36c4cb257ae65,2
1035,20ad3c6f7b1bc843a0b8f8c6e889f472,2
1035,69aa30d93afba2b7396db15139884de7,2
1036,1cf5903bb10932b60166d8c5c5cbd01a,2
1036,67c48592a5bf6a6cf62df9403cde27a8,2
1037,723415e3e608c679c0cab30b1184f08b,2
1037,d504f0e92e1efd22f2fd78e8f0f8e097,2
1038,220335c570572fce11675dd887b0e4d6,2
1038,c77adf6a3b8a8c7f1d73439e3497dc7c,2
1039,b21e7dee7bc2ee8d0694062ce31c4ec5,2
1039,df90b1c6a3961cad657dddfdc043c512,2
1040,492a13ca17fa7ebcd49845abb1e15405,2
1040,b0ac99c26479226b9788ade75689ffd2,2
1041,19c637e6a6263cd31aec8ecbe8916715,2
1041,40814a54c517bd05b30d5deb3f5fdb56,2
1042,0245c170683f886570c5d65fec8a5110,2
1042,b6cd2615d44b2f1e3f5beb564bf138a1,2
1043,4c3ef9d2f9c65acaaa2c4d0f53aee2cd,2
1043,4e6612fce9f94b3bf7f3e323d8b8bf8e,2
1044,419e08f7d76283debe7447c33abaa354,2
1044,7c6e7d2390816364ef8f803f2d1dc06f,2
1045,74b1cc03956d4e4ceab1ebf76dfbd868,6
1045,969bf8604c1ec51a861d28f372b718dc,6
1045,99ec478ad1419789d156aec43fb46558,6
1045,a71ba0e7895d44f4a399e7b8116cf6e6,6
1045,d1da349c4e6eb40af8feb4b9c82e57e9,6
1045,e7119e700bfc6941b4790fa964a25232,6
1046,5e2aef8f8fb866dc04694b161c1924f0,2
1046,8355a41c17ad0d94352c95d73bf3c831,2
1047,254e1b8713b9ae65ed87ae93cec6944a,7
1047,53813aeb1c791e73f5913522141949a5,7
1047,613c9e4eb55668537b6b014dbd1dc951,7
1047,8f75cae80b9c1687b5bc8b2e4d71b485,7
1047,a96ff570daddbf26f38f5797e969cdd0,7
1047,f90bfa8236cecfb39a3aa15881b99587,7
1047,f9ddbf42b0186e99df823dd2e92c5dc4,7
1048,8cccb38f11833f052526225f4eaa06c2,2
1048,cac8f7fcc929a25118b2793a55312a06,2
1049,253b278beb8e7980a8d882fa669f4d05,4
1049,c85c86ae5f8e2b2b3f157917370ef1e9,4
1049,ce617a46c0fc046926ceb4f7e1ac98f3,4
1049,d17b8f97a134fc3c183f80f299d4d16e,4
1050,ba228ca8432a0efb415ae632832ed196,2
1050,c77891b2206424989e9ed44db9b6110c,2
1051,35bf523c030c0df522361f464039d4db,2
1051,611477b406449ce285b7f15d3dc27bdb,2
1052,6bb0c580d9b95267f1c10bebed83ae82,2
1052,cb665f7ec9b9e0738ef2ce3605269ada,2
1053,5a27cf4d7c8450e85fd37255dfd8fcff,2
1053,9b95c5e5ce4b6e84f2b1b0bc7d46bd6e,2
1054,26c706012ca9746b51ff1b541c84ae0b,2
1054,ff975321376e0b3b99637680ec3b1ea0,2
1055,048fa0f493b3018b79b52fc7b70b374b,3
1055,0eb803da01f77182d0cc4287b4ed04e1,3
1055,1ca879e5dc6950f8ba828f6f4bc50311,3
1056,278db25a838b42dbcac4da7a3025f187,2
1056,df21d1c02d93bc5c98ddd82196f20ce7,2
1057,0f5ffe4a5b52a4d4ca409f7c0a59d382,4
1057,a2b77a6b8b073f8d7071509041d1e44e,4
1057,b0ee12dcfd53739363d77618b28bcfee,4
1057,cb3531dfe24330adc7022adf2e294809,4
1058,25e472d9693bd0389546d8bc6838ec88,2
1058,85e7a55006125c6b57415ab3d391aa3e,2
1059,d0a92d509ba994e1b58193b54ba971b0,2
1059,d953cd89edfb3fcbebc91642567da482,2
1060,3938ddc46333d8771e1fdb0fce0baa03,2
1060,e30ffdf55b954a4b24de0d9ddc11c82e,2
1061,58bd8fe1f5ac76749e9b4c1247bf19aa,2
1061,941e642835280df2a7daa763ba331e82,2
1062,cdca67499a606d35c49d77dac70dac79,2
1062,d98cba740d4f620ecd6bff8de3af1144,2
1063,256d3633928ba492f4b3462a962643fe,3
1063,3689ea88da56c8933c9f4100fddc0f01,3
1063,f658b83ecdf607f72c82254eb9ea13a6,3
1064,8e6bd9bda8424899cb139be89dc78af6,3
1064,98b01dd161388cdc4a9cdaf7db35a7c6,3
1064,ac5b27403f0681c84692e607f4f2dcf0,3
1065,bbd93ab402578588419d93f1014baa3d,3
1065,bfa716aff8124501c39bfe29859853a2,3
1065,f1f0a62bd2e789e30204144bcf419e69,3
1066,3068e99e3b29ed4a65b1f81462aa5103,2
1066,7f33fad8cc062a80b40a30a2620ae479,2
1067,4fd6f05dacf0c8d4e3a9e8c553232b0a,2
1067,e2e7d0407b89b8c1f35df2cc9c3471f4,2
1068,25788de7e655bf9e473fee902b3ae3ec,2
1068,813bc655c7fe358cfdeb1ef1b7396c15,2
1069,1692c42ff21bc49e0b465f401096b661,2
1069,aec22ad471234180ed4efab8af89fc9a,2
1070,0955f270e5e55342658f16f5bcc505f3,3
1070,627486c315bac0eb996f2ea0582f8340,3
1070,ffbe1d91fa3ef21c490955b9738b7a99,3
1071,0e979d68d538d9f2538dc6157bccd659,2
1071,860ac493d128342da660a4e4d4926cd2,2
1072,032af386f788f574d3cd7f5d83bd147b,2
1072,147b621469b574ae0578c8774a1da5f8,2
1073,683056a4beb731caae5aa8d1b24eb76d,2
1073,f2d8c6d4bd5539ff814b93147871558a,2
1074,4195d56016da836ea5de57c6e1872a10,4
1074,75dfec0d2f994252ad9f965488b4dff1,4
1074,9f6feb184365b67f5161ba08626f7fae,4
1074,bc823fd15a22cc07ed7b42f895961e2a,4
1075,3b4ca9b6b702b6aa84be4723fa7bc9a8,2
1075,b3c545c2158cb67f870ad20963805ab7,2
1076,203d3614e9bbdb2aa8b40872c02c0d09,4
1076,31d983952cf4c03aa89414684f59ab4b,4
1076,7ab3c389cc3fa35fea85eebc2ad00923,4
1076,d6248c223675214ce0e8a2e432c40cab,4
1077,118d2013c7c0fac4cca2d0a38c6cbfe3,4
1077,7c3f1f4a528e3c6332b3c2f627595709,4
1077,b7bd3a57b538fd3d0e1e3acdd91cb20b,4
1077,cbc34221287df23e611e2b891b636ed7,4
1078,0610ab7a76367293f7d45b9fd18e2dc4,4
1078,33a1c0ea570e233c212a68cd0470de14,4
1078,33c1459c026e25ac6bf901b94e11bfbd,4
1078,c750a9874a0bbe261381a3b7fbab8e85,4
1079,43d3388e37187a9e46b8854cc00c3168,6
1079,55224c191a90a6460013564c3eef2e21,6
1079,557f54b2bbdde19ea7caf81cc9e7e373,6
1079,76164519468e0ff718550024b864a185,6
1079,7aee9ba2ae201592ca6e0b6867d8df98,6
1079,8edade5197f56e5e9ad2a7f345e75c3c,6
1080,dd75687a95ea2fb443d78193fcc94599,2
1080,fef2cc167657ea01b2a6dce054b1ee17,2
1081,c3c9195664aa97911d56a7fc740d2d6b,2
1081,c402f8156773ca13a9c289efc1ab3230,2
1082,3ff23b91f242453d4d2802cf4a8d035c,2
1082,c4df92934983e2a7bb9bc9bff3adbe71,2
1083,3a9e274de0c90785f3e341a7268ecce3,6
1083,3e5ca1bb0638c0543c0087c5466866ae,6
1083,7624d2dc72564da381b49a555f7f8b3a,6
1083,8b0bc8290e11b747ed62e1ee7d3c1b81,6
1083,91309440171d34fb08f4149516cd2722,6
1083,e98726bce5b6e1d4d5bebee751a5b430,6
1084,5334f7e9a9b719a766e6fe0553858c1b,2
1084,a6116682cb7112b94f6c30113ab22a8c,2
1085,1d6da87ed37d3272f4a521f5463aada3,3
1085,29f1a997d6ab0272daf6bda085964b8d,3
1085,b557e9decbde49a93011e82827b40671,3
1086,37052f1bdfc61e6dfcb581e7aab4e952,6
1086,429418c7e2ead92ea5dade18c36ca798,6
1086,5a2f53dc95d5325787c424e44e9a3015,6
1086,90583781b41c1dc82d98a0dd7beb801f,6
1086,c7cd54a0d3902c89ea369f8bfa398e15,6
1086,f945de5626cd569b19e66e2d8dd69fd0,6
1087,5316504c27a43100d2a556fa517dc4fa,3
1087,c59d9dc3c01f8a54d5b1b2d1ede3a523,3
1087,ddf916c8bae228e496030ef93c28cfdc,3
1088,c649de8c7926e8a766591aacdc4b611f,2
1088,dc09beab7dfdbfa8ba8bd02cf562b497,2
1089,4d132242925e01dde73937d3f61f4a4c,2
1089,cb50f036b99c39cac7b192a129a14f09,2
1090,2d7917154df991996b2a19699a8fb927,2
1090,bd363b727ea6a5aaf336a6f8b09ba77f,2
1091,080d1e63a5c52a3e171676decc6f8665,2
1091,a9935fc8c809107f91042c68726b532d,2
1092,08789b48836a02946340f45bb4b65cf3,2
1092,e6ccabb8747c0f3aa2f221bf1ef01d59,2
1093,a3373e3ed0fe18871a6306973c20ffe0,2
1093,c14e689add1ee4fb98ed991ab05fd956,2
1094,3d28f5470c696cf306303a5dfb1b42a4,2
1094,a623e0f14714da6c47801987c9a33547,2
1095,7680415b7e2b53161b408ad125f44eb5,2
1095,bf388337e0d00ecbbdeb750e22d4fbac,2
1096,404ddd221097a12d8ee22bd5411198bf,2
1096,b670987e92351d49537f63d2a470526b,2
1097,129e221307a1e773ffc431a0b5a9828e,2
1097,32e6f53b950aa161862196fe9d30e5bb,2
1098,a4acd846906a317963a720fbc35a2a1d,2
1098,cbd354a99900179b01917c4b973477a9,2
1099,2fb43d7f73465c25cc5d1e4dcd14d238,3
1099,30f5c7bf698a51ffeeaba59efa98158f,3
1099,74db51b0486909c71100a9170e48e817,3
1100,1255a31e05163f91d8c955a71f96add1,2
1100,8d976ba593cef9ad1cdd13491142a473,2
1101,32f8fead74e56afd65e1a9a2074b04d0,4
1101,73170fa71c9e7e91d3f2cd42d5701ed7,4
1101,95f2a4113af3c6d76fd6b2e943fb2d1f,4
1101,a38b2cba68843ebf59ec76c32ff697d3,4
1102,59a1cb71be3acd374f6ae0f94f37148a,2
1102,f5bfd7b17d95005fe5f5fb17792defc9,2
1103,3453a2fa7a88f8814c02975d1e3ceae2,2
1103,d5f966548c45af15c057da86c2c7b482,2
1104,39d26f457f16ad8bc00d86ccb232a47b,2
1104,8991c2661021143eeb0e7d023d515e6e,2
1105,595490260bb9e353370619ef51ebb66a,2
1105,f929ad307971e5c36acf461146551b38,2
1106,1eedc3125dac43dae6d97ce7a6185b54,2
1106,94abef1aaa827dc5f9d9370c645008b7,2
1107,1cc7188a5d2f4583812c0d1ce926a0b9,2
1107,9f6e8af8007f92aa4edf9433dfbfcf91,2
1108,6269afe1dfe64f107edc181fdf8242fe,4
1108,78891b76df606d0f4e2da7204b58e883,4
1108,c44c3282c6fb2ba0de4c51ec5b8f322e,4
1108,c9527bd41721b90d08165372b7b907c2,4
1109,334a17c1099e767b568e48b0bd65f25b,2
1109,45782ec42fb3f0c1f6fe3b20683534a2,2
1110,44eec884a19a7d1a6c9b9b44fc79301c,3
1110,576d1105142848a88d80933dc5ba3920,3
1110,f873615496004c253dda686305edfc1c,3
1111,4b085abb9bc90ce070472fc023b83335,2
1111,9beebf32f480ec068b14b5bf343cfa74,2
1112,4fe75f90e6d1af7cea889d6f8021d043,2
1112,63824f5eee7bf693f7ae93719c60c765,2
1113,277203d6606d548f81ae4aa94175a982,2
1113,9da6fd9a75caa44ce19f78add5e8c564,2
1114,1799dab30279e7e54ca36706e6681fbf,2
1114,6e89dd8f1e39fe4ad61122cb384d4a2c,2
1115,c94e7ca7be31200cdf63a1ab9dbaff77,2
1115,f8c6df602e8510714b0ef9cb53e17f8b,2
1116,0054649b082ff42f86bd813d50c71101,2
1116,7ab125298958c2424199b04089e69584,2
1117,12a3266367f9ca5e153d0f1a71bd1361,2
1117,968e46582e3c8aa502b1e7ab09ab14c4,2
1118,511506f461c40be1f5f257b2f142c3df,2
1118,f66f842e85d67ced89bc5aee05ecd2bb,2
1119,88ca2a875d443b5e65fc3016559d78be,2
1119,ee618a655269d68775c37220d670b9e5,2
1120,0c686dfb2f6ee7799b3d9343b71862f8,3
1120,0fab8ac44a061513483adc60a04535f6,3
1120,53c069c6a66e5ec2908ae34ddf68dcbc,3
1121,7f6e5a70fd9a1d1a33dcf6991ac6c46b,2
1121,e8950bb41154b8e82f405bc64e87b35e,2
1122,ea0d1f55508af5e5ebea21edd6d4ff94,2
1122,fb1b252d7ffb21ee0fcb5a315a94ae28,2
1123,2cd2a3617e5c6dfecdb8dec902962db4,2
1123,7d1b359102faa9204af226d63c90e59a,2
1124,06809fe5ea85cffbb8a1673b9f195bc3,2
1124,db4bf59e03e3134880a6abadf1799cf2,2
1125,43c938487641447e03b81a9cb008dedb,2
1125,a5b969e6a40f8a8f77737247c7ffc8c7,2
1126,2aeacf5c1dc52122a745b4eeb462953b,2
1126,9291c6f40fffdbd2c0336ba1722f8c0d,2
1127,33fff685e7e7d51af760a284ab5877c9,2
1127,fff0a46cca746a0e117bf22b2beff5cb,2
1128,0e397ab833ac03e782ef8a3f1b47e0b5,2
1128,789d8522f093f00feb35aa0d295dab4b,2
1129,09b3927cfc5b2a47014f2883c8dabe46,2
1129,ccc1a08fc6662942015685e30c0e4ee2,2
1130,b491e24c283c52b1c87780054f4aa04b,2
1130,fd072e92a163eeb4c0fb73e9192a1cec,2
1131,6194e8c34fab2cd2bae6555f58984cf3,2
1131,753654b5d57494682522e21702bedbad,2
1132,3cca5deef150ad4c8e714dbb9add718a,2
1132,d79117c63e71149b3486ddb3b19cf72e,2
1133,48a367e2319362127fa9a7bbfcc8aae7,2
1133,49f86d43a17a57fd392c3a1682a8669d,2
1134,3684a665d8744788442c5b630e1b9d6f,2
1134,d97a717209a10d4cc6907dddb066cbd1,2
