method_a,method_b,change_category,method_a_change_type,method_b_change_type,method_a_similarity,method_b_similarity
000412b906bfb1dafce47a025ed5fcbf,61e4703f1b20c06f5461d5f6cc1952ed,pair_dissolved_naturally,exact,exact,1.0,1.0
004022c97b5af34b5e0bccccfbe89c50,121cc7bc6b922bd5f0655790f7b19cfa,pair_dissolved_naturally,exact,exact,1.0,1.0
0044f157f9ed4f298a6e7d3652a351a9,dda28d3e4f09e6ad5c7fbfb564baa315,pair_dissolved_naturally,exact,exact,1.0,1.0
004a5f89fdcb51666bf91cfabc2f5951,3f83c93f80b5ae3e57f504b7a7f8574b,pair_dissolved_naturally,exact,exact,1.0,1.0
004a5f89fdcb51666bf91cfabc2f5951,6ef8a2621650ea9e9fe272c4954c6575,pair_dissolved_naturally,exact,exact,1.0,1.0
004a5f89fdcb51666bf91cfabc2f5951,cced121d8de37d8bc5ef49bb99075454,pair_dissolved_naturally,exact,exact,1.0,1.0
005668b173be5c2e4db34fb37407ebbf,c1802ef4d9f58f1161d4521e6d3ca201,pair_dissolved_naturally,exact,exact,1.0,1.0
005668b173be5c2e4db34fb37407ebbf,fe7696b4ebab10eddcf81f4e52d86374,pair_dissolved_naturally,exact,exact,1.0,1.0
00574057e1da50b7c8c398f0045c626e,428a157e187c10086217f698d8f62c5d,pair_dissolved_naturally,exact,exact,1.0,1.0
00574057e1da50b7c8c398f0045c626e,bc6aefb7e3bc88635e4c123158c33a4f,pair_dissolved_naturally,exact,exact,1.0,1.0
00673fcc09645d6b1f52edaab448baf3,5e758d61d9c269536d214568d4e12aeb,pair_dissolved_naturally,exact,exact,1.0,1.0
0084fa03e05ce7a9ac34e66d3018e5a3,41c4e09d53759d377052de39ea973a36,pair_dissolved_by_refactoring,signature_changed,signature_changed,0.98,0.98
008bd270bc239fed8b9bbdbba56462f8,eb33e0cba8a5fd24fa5990db6c386582,pair_dissolved_naturally,exact,exact,1.0,1.0
0099f215ab75eb244df06317ba4ca785,3f848d0c33352014b6614c09f16f36b9,pair_dissolved_naturally,exact,exact,1.0,1.0
00ad506e9472d7553b6bf89055f06cf2,b2723cc913599f77d4ac3ceb46276ef0,pair_dissolved_naturally,exact,exact,1.0,1.0
00adca856455b22eb3fae9a0b4b11047,61ae293aa8c1246ead0955cebdd979ca,pair_dissolved_naturally,exact,exact,1.0,1.0
00b7d56bce710bb138d5a07dad19d8ef,c7be5043192d21424c134a6cc1d312b6,pair_dissolved_naturally,exact,exact,1.0,1.0
00eea3235ea93e8a3cbdbb5e72d84c8b,1c420c1b4aa05fd98147701fced3e0d9,pair_dissolved_naturally,exact,exact,1.0,1.0
00eea3235ea93e8a3cbdbb5e72d84c8b,4203db822f24f9912d6cef19eab4967b,pair_dissolved_naturally,exact,exact,1.0,1.0
00eea3235ea93e8a3cbdbb5e72d84c8b,58ae79464bfdac7f92fd42d50928aab5,pair_dissolved_naturally,exact,exact,1.0,1.0
00eea3235ea93e8a3cbdbb5e72d84c8b,7b66166e27d2f03e270e64ff1625c009,pair_dissolved_naturally,exact,exact,1.0,1.0
00eea3235ea93e8a3cbdbb5e72d84c8b,c7cc9cf1369dd1ce63f57de7ddc7fbcc,pair_dissolved_naturally,exact,exact,1.0,1.0
00eea3235ea93e8a3cbdbb5e72d84c8b,f1a3b55265667545142e8b72b2a6fdfa,pair_dissolved_naturally,exact,exact,1.0,1.0
01091df04546cd5f37eb38bf807a3c9b,f707ca4cf6ac4182c50da6ef60acdba0,pair_dissolved_naturally,exact,exact,1.0,1.0
012126f2446c249c235563dd9b0fa9f7,ed65a5259ebcdf88297d8427fdb83bfc,pair_dissolved_naturally,exact,exact,1.0,1.0
012126f2446c249c235563dd9b0fa9f7,efba8f8d182081e9134534abceb8f675,pair_dissolved_naturally,exact,exact,1.0,1.0
0124cc43ccc373a545610ece59ab6092,25358373131b65f5889d7977a70c99fd,pair_dissolved_naturally,exact,exact,1.0,1.0
0124cc43ccc373a545610ece59ab6092,3a7b2e03cf8cc2290e2a9a6f256bd472,pair_dissolved_naturally,exact,exact,1.0,1.0
0124cc43ccc373a545610ece59ab6092,a7803e467a8fcbb80e1c14053dca1d99,pair_dissolved_naturally,exact,exact,1.0,1.0
012a88879d174d5c8d69155226253beb,0786b23bf631c86efa429e9f41c7bb97,pair_dissolved_by_refactoring,refactored,exact,0.8,1.0
012a88879d174d5c8d69155226253beb,1a21dab958ffbe4a5469dfa057483c1f,pair_dissolved_by_refactoring,refactored,refactored,0.8,0.73
012a88879d174d5c8d69155226253beb,3763133b97b45b616c9eda059ba82e27,pair_dissolved_by_refactoring,refactored,refactored,0.8,0.73
012a88879d174d5c8d69155226253beb,4595d9b728057618d5e9137c85f42a89,pair_dissolved_by_refactoring,refactored,exact,0.8,1.0
012a88879d174d5c8d69155226253beb,4e1bc6785818db63dea358aa4d67273c,pair_dissolved_by_refactoring,refactored,refactored,0.8,0.76
012a88879d174d5c8d69155226253beb,50a5994df6dcd51fc07cc54dc2be41b6,pair_dissolved_by_refactoring,refactored,refactored,0.8,0.8
012a88879d174d5c8d69155226253beb,5504c5cbd0718cd7df1ccc39b284b553,pair_dissolved_by_refactoring,refactored,refactored,0.8,0.73
012a88879d174d5c8d69155226253beb,670eb68a249feb334f199dfdba303fb4,pair_dissolved_by_refactoring,refactored,exact,0.8,1.0
012a88879d174d5c8d69155226253beb,68eb1530d129d691731cd5d1096e7523,method_b_deleted,refactored,deleted,0.8,
012a88879d174d5c8d69155226253beb,71e3dc7756a0f15a43c8f0991ee8ef0f,pair_dissolved_by_refactoring,refactored,refactored,0.8,0.73
012a88879d174d5c8d69155226253beb,80e30ce7944bbd4be1e347a5a952e133,method_b_deleted,refactored,deleted,0.8,
012a88879d174d5c8d69155226253beb,91c78157438767829d1f1aaeb8d69bc5,pair_dissolved_by_refactoring,refactored,refactored,0.8,0.73
012a88879d174d5c8d69155226253beb,c41333d4e0c1101f816be5c141cba0cb,pair_dissolved_by_refactoring,refactored,exact,0.8,1.0
012a88879d174d5c8d69155226253beb,f56727e542e5847d13427063ec6c7322,pair_dissolved_by_refactoring,refactored,exact,0.8,1.0
012a88879d174d5c8d69155226253beb,fb7a917be45bb803d6bd2e1138102012,method_b_deleted,refactored,deleted,0.8,
012a88879d174d5c8d69155226253beb,fbb9bfc9cd9f39c7ca696149b61ba450,pair_dissolved_by_refactoring,refactored,refactored,0.8,0.8
01431e4717fdaabbc84a9049bea993ec,519c6307a599f7adf892b9e27814b63f,pair_dissolved_naturally,exact,exact,1.0,1.0
01520ebbb608d2b207ef7ec6d0c2fa16,377aa1398d2117e6b8b705530482a0f0,pair_dissolved_naturally,exact,exact,1.0,1.0
01520ebbb608d2b207ef7ec6d0c2fa16,903133c88d066e04c125015efe005f61,pair_dissolved_naturally,exact,exact,1.0,1.0
01520ebbb608d2b207ef7ec6d0c2fa16,bd93d6f1852b4bddf70e9c242f3bbafa,pair_dissolved_naturally,exact,exact,1.0,1.0
01520ebbb608d2b207ef7ec6d0c2fa16,f3553dcbad807a2c974e69d1e295c2df,pair_dissolved_naturally,exact,exact,1.0,1.0
018efa9071b234ce3fd220949d376304,490af9ea1fbf53c7a7809388c9a254fe,pair_dissolved_naturally,exact,exact,1.0,1.0
018efa9071b234ce3fd220949d376304,a690a866f58b5bb40e0e9fc87266adf5,pair_dissolved_naturally,exact,exact,1.0,1.0
018efa9071b234ce3fd220949d376304,e3984c3b9cbc8b464931b73d1395bf61,pair_dissolved_naturally,exact,exact,1.0,1.0
019ca3ad8065e91f1b8114b5ea965e8a,c8f5da09c1162e0a248edc1db2d170e8,pair_dissolved_naturally,exact,exact,1.0,1.0
019ca3ad8065e91f1b8114b5ea965e8a,dbe736e78fed3b0f4703c4ce05472b7e,pair_dissolved_naturally,exact,exact,1.0,1.0
019ca3ad8065e91f1b8114b5ea965e8a,e4c0d049d7a3e2d856f0bcf7165155c8,pair_dissolved_naturally,exact,exact,1.0,1.0
01a6cd892bdf91fc7861bcfb7159b2fa,6faa6fad105eccfd4f6e0f32a2746bdc,pair_dissolved_naturally,exact,exact,1.0,1.0
01b07602208b8b85b334cbef97152a72,89c243441e922bdd8d2dc0a028837b26,pair_dissolved_naturally,exact,unknown,1.0,
01c9f36042d8dc31fa3233592cd2b6d3,b70f8ad37b28581ada1cae8f4c28b9da,pair_dissolved_naturally,exact,exact,1.0,1.0
01d3177767b4b634894f6b907b3392f0,d3efb5e77bd0b38e2e40ead84cfb4be0,pair_dissolved_naturally,exact,exact,1.0,1.0
01d3177767b4b634894f6b907b3392f0,fa95b17998bf7fe42a39cd02a94d6b1b,pair_dissolved_naturally,exact,exact,1.0,1.0
01fdf085a90cc5ad3fa74b49aeafb5ca,ef5f47377085956a63d5bff744f84292,pair_dissolved_naturally,exact,exact,1.0,1.0
0219aa7d6c2187fbf650c0ee3ccd6d94,39f432590c4593713ea237afb054e922,pair_dissolved_by_refactoring,signature_changed,exact,0.88,1.0
0219aa7d6c2187fbf650c0ee3ccd6d94,92f04b56f3b87018a39c39fccb96c99f,pair_dissolved_by_refactoring,signature_changed,exact,0.88,1.0
0219aa7d6c2187fbf650c0ee3ccd6d94,9b122c43e5d526f474cf6d7a5b154bc4,pair_dissolved_by_refactoring,signature_changed,signature_changed,0.88,0.92
0219aa7d6c2187fbf650c0ee3ccd6d94,f411c7f6ede16471367d8f59777caeba,pair_dissolved_by_refactoring,signature_changed,exact,0.88,1.0
022ab2b8bdc8b6d2b4add848a06d67dd,7105b68d75aa0c583570e9106c131099,pair_dissolved_by_refactoring,signature_changed,signature_changed,1.0,0.96
023c7d0d73a604a9345230caa55bbf06,025ab5ee6dad7cc68f1722c8462b9df0,pair_dissolved_by_refactoring,signature_changed,exact,1.0,1.0
023c7d0d73a604a9345230caa55bbf06,2003a84a869f653d5006ca350969a4c7,pair_dissolved_by_refactoring,signature_changed,exact,1.0,1.0
023c7d0d73a604a9345230caa55bbf06,388f9d2b41dd57700435865112e72875,pair_dissolved_by_refactoring,signature_changed,exact,1.0,1.0
023c7d0d73a604a9345230caa55bbf06,3d4c4daccd27b293aaae79ad1f751f01,pair_dissolved_by_refactoring,signature_changed,exact,1.0,1.0
023c7d0d73a604a9345230caa55bbf06,547974ff7ac7c81618419a0156cfba39,pair_dissolved_by_refactoring,signature_changed,exact,1.0,1.0
023c7d0d73a604a9345230caa55bbf06,5747931434c74d883bda5990a2ff026a,pair_dissolved_by_refactoring,signature_changed,exact,1.0,1.0
023c7d0d73a604a9345230caa55bbf06,578f4ec2e5ad5a7629ec47f5596c88db,pair_dissolved_by_refactoring,signature_changed,exact,1.0,1.0
023c7d0d73a604a9345230caa55bbf06,66edc0d677febfc0b4d71a52f4248ae0,pair_dissolved_by_refactoring,signature_changed,exact,1.0,1.0
023c7d0d73a604a9345230caa55bbf06,7e180fc7d75c42c29beed9721c2b899c,pair_dissolved_by_refactoring,signature_changed,exact,1.0,1.0
023c7d0d73a604a9345230caa55bbf06,8085f0176a1ab44a28dd49a50fd75bb8,pair_dissolved_by_refactoring,signature_changed,exact,1.0,1.0
023c7d0d73a604a9345230caa55bbf06,93b006b2aa2eb32b820072b4379b44d5,pair_dissolved_by_refactoring,signature_changed,exact,1.0,1.0
023c7d0d73a604a9345230caa55bbf06,9f40761562fc8e6f02cd9a7ce501217b,pair_dissolved_by_refactoring,signature_changed,exact,1.0,1.0
023c7d0d73a604a9345230caa55bbf06,aa8ab39a50b08845ea8164d3680a8aa3,pair_dissolved_by_refactoring,signature_changed,exact,1.0,1.0
023c7d0d73a604a9345230caa55bbf06,add3e4eac01207e49270ad406c6bbf45,pair_dissolved_by_refactoring,signature_changed,exact,1.0,1.0
023c7d0d73a604a9345230caa55bbf06,bb3d60fcbfdfaada1cd7f676f67f5cf1,pair_dissolved_by_refactoring,signature_changed,exact,1.0,1.0
023c7d0d73a604a9345230caa55bbf06,c121e602feb65b993e1396420d8ef2f1,pair_dissolved_by_refactoring,signature_changed,exact,1.0,1.0
023c7d0d73a604a9345230caa55bbf06,c1ee7a7e8c16f735780e3468e4d0e738,pair_dissolved_by_refactoring,signature_changed,exact,1.0,1.0
023c7d0d73a604a9345230caa55bbf06,da4bc47355c0ead9aeeae0f8d4564180,pair_dissolved_by_refactoring,signature_changed,exact,1.0,1.0
023c7d0d73a604a9345230caa55bbf06,ec23da68c1062f108fd03f1dcc277bc0,pair_dissolved_by_refactoring,signature_changed,exact,1.0,1.0
023c7d0d73a604a9345230caa55bbf06,ec9b4103f38f54f9d43e6ce245534663,pair_dissolved_by_refactoring,signature_changed,exact,1.0,1.0
023c7d0d73a604a9345230caa55bbf06,f38235cc3601d3486ee9a2547b5945f8,pair_dissolved_by_refactoring,signature_changed,exact,1.0,1.0
023c7d0d73a604a9345230caa55bbf06,fcc58e4d1cd85adef7f5ac2ad445d023,pair_dissolved_by_refactoring,signature_changed,exact,1.0,1.0
025c98ae3ec479ca5fcd85a93e553282,29d975f76efc584232d4a9892a871a48,pair_dissolved_naturally,exact,exact,1.0,1.0
0260fe9e7f601b9b1906447975c6ded6,7c090016cff1d212276fa68e552d419f,pair_dissolved_naturally,exact,exact,1.0,1.0
026fcaaf155feba369306b2f795fc019,702a81034137d7287989f315c10ec986,both_deleted,deleted,deleted,,
026fcaaf155feba369306b2f795fc019,dc2d893f3a213ba8347e841ee3603faa,both_deleted,deleted,deleted,,
026fcaaf155feba369306b2f795fc019,f69e97320c2db6a2e5c2ccb864216caf,both_deleted,deleted,deleted,,
027b274686b27064b47a1ae9c733bff6,18a4a3f4e696f9f6afade84d347d4d21,method_a_deleted,deleted,signature_changed,,0.97
0280255fac509bce0f94eb43f22141a7,0d0952f2726c714e4e71057af878c4f5,pair_dissolved_naturally,exact,exact,1.0,1.0
0280255fac509bce0f94eb43f22141a7,10e9f7c7b79013b9f72e76ac684c4c64,pair_dissolved_naturally,exact,exact,1.0,1.0
0280255fac509bce0f94eb43f22141a7,33809a22da20cc1efaf2cca5d7c06027,pair_dissolved_naturally,exact,exact,1.0,1.0
028e80533fbacbfe99df60c680c3ee4b,83c6f14a995b95b45a0f92b59cb96097,pair_dissolved_naturally,exact,exact,1.0,1.0
029a0a025a67e3bbf2bb98a11e97954c,f76007797bb2e873426f67187774ebfb,pair_dissolved_naturally,exact,exact,1.0,1.0
029b133fba2e0a202c167ddfab639e3b,0513eceeb9e860a92866da835fe18187,pair_dissolved_naturally,exact,exact,1.0,1.0
029b133fba2e0a202c167ddfab639e3b,67fac676d3e1619433a16239bdd67a8d,pair_dissolved_naturally,exact,exact,1.0,1.0
029b133fba2e0a202c167ddfab639e3b,fc73b6456dfc6638764465449fcd5430,pair_dissolved_naturally,exact,exact,1.0,1.0
02cb948b400c8f482c44adc7a06b9bc4,be1cadb45cd9bd2f363e2594c96ab6bc,method_b_deleted,exact,deleted,1.0,
02e49e7fb59001c1712a91e847235973,3dd6bf7d76d3d1615c9a215330c02101,pair_dissolved_naturally,exact,exact,1.0,1.0
02ea07a82a7e4a2d0891cb76eed858fb,8c6df5496aade7013b99227f03e10b6b,pair_dissolved_naturally,exact,exact,1.0,1.0
02ebeea6287a59fb6c33d7d41816c060,36da4d418ad15e6e470e59d0450aa679,pair_dissolved_naturally,exact,exact,1.0,1.0
02ecc457e819c28225141fabc40f87aa,baf06a3c7ca183b256b8e1a5160bc9be,pair_dissolved_naturally,exact,exact,1.0,1.0
0331f4368b9e23b30131d1c3adc7272e,e920f12213ba16685552d21ee76db3b8,pair_dissolved_naturally,exact,exact,1.0,1.0
0331f4368b9e23b30131d1c3adc7272e,ff48e370a36710356bf1ae8b3147a688,pair_dissolved_naturally,exact,exact,1.0,1.0
0357ff1369e3fbaff138fc75f4d746b4,0bd3e2e12fbf8edf2e80393720137617,pair_dissolved_naturally,exact,exact,1.0,1.0
0357ff1369e3fbaff138fc75f4d746b4,2f6aa2f13ca35d445e3d69465fc725e9,pair_dissolved_naturally,exact,exact,1.0,1.0
0357ff1369e3fbaff138fc75f4d746b4,5d50c269e29a6699a5eb190f605d1220,pair_dissolved_naturally,exact,exact,1.0,1.0
0357ff1369e3fbaff138fc75f4d746b4,cb8eeba011db4446af51fbd03fec220c,pair_dissolved_naturally,exact,exact,1.0,1.0
0357ff1369e3fbaff138fc75f4d746b4,de513b258d8b779f851efa00ad49866c,pair_dissolved_naturally,exact,exact,1.0,1.0
0357ff1369e3fbaff138fc75f4d746b4,ec798a6eb72d082c32cbe0a1f72bec5b,pair_dissolved_naturally,exact,exact,1.0,1.0
0376d09a1b4a8bbd0dc3da8c0fb6cb2f,7d21bee880f5158e3c6a0b15bd89e7ae,pair_dissolved_naturally,exact,exact,1.0,1.0
037d14f723e9b5d2dbeb34336724d47c,300e1b44f39c1b39799929334b6f0617,pair_dissolved_naturally,exact,exact,1.0,1.0
037d14f723e9b5d2dbeb34336724d47c,b706e7d631a74b702bfcf2e83e7386a8,pair_dissolved_naturally,exact,exact,1.0,1.0
0395072717dc8bc9a5a2ece4887d4ac3,f825c1b6f413fbd8cd2bf87b1b399130,pair_dissolved_naturally,exact,unknown,1.0,
03a00e6c69565fbf0643a3d4414b9127,84f405c200ad6f153b80b155f040f775,pair_dissolved_naturally,exact,exact,1.0,1.0
03bdadfd64bad7fadb9e728824d03726,a690a866f58b5bb40e0e9fc87266adf5,pair_dissolved_naturally,exact,exact,1.0,1.0
03cb245105571421358ce8ac950c7efb,c192389ac9523fac670fedcc9d7b2310,pair_dissolved_naturally,exact,exact,1.0,1.0
03cbf05661f2359379a0f6dc69e666cc,34f6abfd0cd58ff37cbb81e7dd869e8a,pair_dissolved_naturally,exact,exact,1.0,1.0
03cbf05661f2359379a0f6dc69e666cc,48bbf8afaad3f5bf17c203858d93ce9a,pair_dissolved_naturally,exact,exact,1.0,1.0
03cbf05661f2359379a0f6dc69e666cc,aef58b10937fe72e7326a6ccc78fc20f,pair_dissolved_naturally,exact,exact,1.0,1.0
03cbf05661f2359379a0f6dc69e666cc,dfa66808ef670e90702f3f0b346e3e86,pair_dissolved_naturally,exact,exact,1.0,1.0
03ecdab5f77145077610e824dc3f359e,c572e3d68d288759c284494cc107acf7,pair_dissolved_naturally,exact,exact,1.0,1.0
040e29521b17b0a6c00fd6ca45634eb2,274ca7309111b34402d70e6eb379eb95,pair_dissolved_by_refactoring,exact,signature_changed,1.0,1.0
041fa489df64ac32bc1d2ef7d990d322,582644ae8d75896a4edb118932209ab2,pair_dissolved_naturally,exact,exact,1.0,1.0
041fa489df64ac32bc1d2ef7d990d322,9922ecf09c61f5ef8a18465bb55a8afa,pair_dissolved_naturally,exact,exact,1.0,1.0
041fa489df64ac32bc1d2ef7d990d322,c9f99a937c9e1ec43cb4ba90efe47aaa,pair_dissolved_naturally,exact,exact,1.0,1.0
04387b2e59e5c1b0aa94611846dbff89,ab9f664ba4c10abee6c291b1b0c7fde1,pair_dissolved_naturally,exact,exact,1.0,1.0
04387b2e59e5c1b0aa94611846dbff89,c0adbc293280dc83f8b48d090b3690b6,pair_dissolved_naturally,exact,exact,1.0,1.0
044f2ff865d9228fde6c70375e9d55c6,80e1212d71e43f806b5414507a9613a9,pair_dissolved_naturally,exact,exact,1.0,1.0
0452ab7fb89070e075656cd77285e7ba,2406dce35ed1e9ee3d75495a2c7b1aa2,pair_dissolved_naturally,exact,exact,1.0,1.0
0452ab7fb89070e075656cd77285e7ba,39f432590c4593713ea237afb054e922,pair_dissolved_naturally,exact,exact,1.0,1.0
0452ab7fb89070e075656cd77285e7ba,3badaf318df81a92b6f175db756838bc,pair_dissolved_naturally,exact,exact,1.0,1.0
0452ab7fb89070e075656cd77285e7ba,460f01510d56ce017c957870a1205ec9,pair_dissolved_naturally,exact,exact,1.0,1.0
0452ab7fb89070e075656cd77285e7ba,69fe7bd84d75621d8aad358c8c263c7b,pair_dissolved_by_refactoring,exact,signature_changed,1.0,0.98
0452ab7fb89070e075656cd77285e7ba,890d73f1af96173568e900bbe753ab61,pair_dissolved_by_refactoring,exact,signature_changed,1.0,0.98
0452ab7fb89070e075656cd77285e7ba,92f04b56f3b87018a39c39fccb96c99f,pair_dissolved_naturally,exact,exact,1.0,1.0
0452ab7fb89070e075656cd77285e7ba,938b8e76142512a26f19b940e62e4da3,pair_dissolved_by_refactoring,exact,signature_changed,1.0,0.98
0452ab7fb89070e075656cd77285e7ba,9af0dac6fe467156569fed8eab8ef25f,pair_dissolved_naturally,exact,exact,1.0,1.0
0452ab7fb89070e075656cd77285e7ba,a2776351d19cc110e6c44284278648b3,pair_dissolved_naturally,exact,exact,1.0,1.0
0452ab7fb89070e075656cd77285e7ba,ad28ec89a7ea2b6622341f22c44a0403,pair_dissolved_naturally,exact,exact,1.0,1.0
0452ab7fb89070e075656cd77285e7ba,bf5cbe1c1ecc07712ac7d4aa93e91a18,pair_dissolved_naturally,exact,exact,1.0,1.0
0452ab7fb89070e075656cd77285e7ba,d838203a9aa3ec7d77132d3bdbc0805c,pair_dissolved_naturally,exact,exact,1.0,1.0
0452ab7fb89070e075656cd77285e7ba,ddefc4d0b81bfcef7a784153fd152e17,pair_dissolved_naturally,exact,exact,1.0,1.0
0452ab7fb89070e075656cd77285e7ba,f68184908547d41d437b80e3b395ae3a,pair_dissolved_naturally,exact,exact,1.0,1.0
0452ab7fb89070e075656cd77285e7ba,fe54424f7bb37eaf31149edd5e038981,pair_dissolved_by_refactoring,exact,signature_changed,1.0,0.98
045999dd2131943e26c9081dc1d8ab2e,4532125138ab8a301c64d75476709894,pair_dissolved_by_refactoring,unknown,signature_changed,,0.98
045999dd2131943e26c9081dc1d8ab2e,c73a24e935fb2b195dc0724e88f93436,pair_dissolved_naturally,unknown,unknown,,
045999dd2131943e26c9081dc1d8ab2e,cd24946a8d4de72ee1968bf9194e8b5a,pair_dissolved_naturally,unknown,unknown,,
045999dd2131943e26c9081dc1d8ab2e,cf9fb593cee64bd335b61b996622a97a,pair_dissolved_naturally,unknown,unknown,,
045999dd2131943e26c9081dc1d8ab2e,dee6abed23725dc25bf26897a75e7ad3,pair_dissolved_naturally,unknown,unknown,,
047d38051812f89d7e52a433f8330078,67ba79eb20a99a0aea7e27d6388eb06f,pair_dissolved_by_refactoring,signature_changed,signature_changed,0.95,0.95
047d38051812f89d7e52a433f8330078,7e1f7aff11510134fd3238e7e4f79a7f,pair_dissolved_by_refactoring,signature_changed,signature_changed,0.95,0.91
047d38051812f89d7e52a433f8330078,a11a13039fe700a7f33bd4182afadd44,pair_dissolved_by_refactoring,signature_changed,signature_changed,0.95,0.91
047d38051812f89d7e52a433f8330078,cd1def0a32ee6b0cdd4b37434210a282,method_b_deleted,signature_changed,deleted,0.95,
04a562aef7374b445ea9ae08f8fcc73d,947c19f5b2fe8fd9614a2ca41d18747f,pair_dissolved_by_refactoring,signature_changed,exact,1.0,1.0
04da39abe28463caa1eedbbc16c3d69f,5b3ed6549f27a0789224235d019d1cf8,pair_dissolved_naturally,exact,exact,1.0,1.0
04e145f7102cbf3ded40ad5ec1c47a4e,e2e73a8aca9d5c2443c785ec5fad440f,pair_dissolved_naturally,exact,exact,1.0,1.0
04e8521b54182fc5362a6b5e6b1c3163,3e89fbdaa0d3b7fb0e140c61e72630ae,pair_dissolved_by_refactoring,signature_changed,signature_changed,1.0,0.96
04e8521b54182fc5362a6b5e6b1c3163,d92296ef1f5fcf8b10cd1408c15dcff1,pair_dissolved_by_refactoring,signature_changed,signature_changed,1.0,1.0
050e151a3d18b4b5bd2c27cc13d04c4b,88c40c0c362f441ad130b5e7324ab367,pair_dissolved_naturally,exact,exact,1.0,1.0
050e151a3d18b4b5bd2c27cc13d04c4b,f39cb6a4db66099d6c71a9f1a7d92f31,pair_dissolved_naturally,exact,exact,1.0,1.0
050eeada1043ae28e5fec959246f276f,9fc6fab148b4a5ee338d36d271df0a83,pair_dissolved_by_refactoring,exact,signature_changed,1.0,1.0
0520623941ad995d62a29596068bf572,330f200a239473a31a13a8feac626226,pair_dissolved_naturally,exact,exact,1.0,1.0
0520623941ad995d62a29596068bf572,3545bd75642ab87fd572e73904fa8132,pair_dissolved_naturally,exact,exact,1.0,1.0
0520623941ad995d62a29596068bf572,84dc45ba54e1dc89acd4991d0bb518cd,pair_dissolved_naturally,exact,exact,1.0,1.0
054cce0f7b3443445a0e6dbb989c9da2,1931e7eb430632834eeebab7fd3b5a43,pair_dissolved_naturally,exact,exact,1.0,1.0
054cce0f7b3443445a0e6dbb989c9da2,56e7f5ca6268481e3917d1803a771e5b,pair_dissolved_naturally,exact,exact,1.0,1.0
054cce0f7b3443445a0e6dbb989c9da2,c0e09d1201f258d38919ca72257a0bb3,pair_dissolved_naturally,exact,exact,1.0,1.0
054cce0f7b3443445a0e6dbb989c9da2,f3550595aa189744c331aee964755929,pair_dissolved_naturally,exact,exact,1.0,1.0
05505990928e4b2e2f3caae79bb0dc81,147c36c9e729d6b8aff6bba133b55ece,pair_dissolved_naturally,exact,exact,1.0,1.0
05505990928e4b2e2f3caae79bb0dc81,2044b3b1f81bc594141253c0bcd27696,pair_dissolved_naturally,exact,exact,1.0,1.0
05505990928e4b2e2f3caae79bb0dc81,6cf7f0ad33b5e1f7745a776687939393,pair_dissolved_naturally,exact,exact,1.0,1.0
05505990928e4b2e2f3caae79bb0dc81,c66dbee8cb83e424b9b6cce98158b7c8,pair_dissolved_naturally,exact,exact,1.0,1.0
0554ede6c391565fe647e578301fc6fc,a8034653e2146e7a51bbec3d6a9c6225,pair_dissolved_naturally,exact,unknown,1.0,
055ec3faa510ed5d08f99dc57f78df78,2a83455d00a676c3e38c843da14a86ff,method_b_deleted,exact,deleted,1.0,
056bf90a4928f88d3899b5f17a01cfce,573ea96a3e3ec9e2dfc7625c94de38ad,pair_dissolved_naturally,exact,exact,1.0,1.0
0570eb2772a98aeb9a96d25abae3afee,98203455dd220342563ed5653033bed4,both_deleted,deleted,deleted,,
0576391de4189249fa3f3aa8183699fe,3f74e30061a85cb7c79742828f6f3979,pair_dissolved_naturally,exact,exact,1.0,1.0
0576391de4189249fa3f3aa8183699fe,46debb830c63aaa9c76042f460447d9e,pair_dissolved_naturally,exact,exact,1.0,1.0
0576391de4189249fa3f3aa8183699fe,b3000c85d046d50641e11a0c84935e81,pair_dissolved_naturally,exact,exact,1.0,1.0
0576391de4189249fa3f3aa8183699fe,b32435c39c8cc17dc4d0e57ecd8985e6,pair_dissolved_naturally,exact,exact,1.0,1.0
0583e5682ceac1ff859bbf8b0e113ba1,0b70d869cf4a86142d6290b2592e7ac2,pair_dissolved_naturally,exact,exact,1.0,1.0
059ced07d5dbed62ac8940d00c217ec9,77eb7d84c667110cc1bbf45a96fa1130,pair_dissolved_naturally,exact,exact,1.0,1.0
05b9920f0244c1b80055682f1a42f694,503355a0951c9df0180c220f54be87f5,pair_dissolved_by_refactoring,signature_changed,signature_changed,0.95,0.96
05b9920f0244c1b80055682f1a42f694,5e6a7807e65f603b0b2a4f74bb3bdc33,pair_dissolved_by_refactoring,signature_changed,signature_changed,0.95,0.97
05b9920f0244c1b80055682f1a42f694,bf788b8ff88e67549374045158e190a6,pair_dissolved_by_refactoring,signature_changed,signature_changed,0.95,0.97
05b9920f0244c1b80055682f1a42f694,c5eaee75b44c5e6ca94072ea9c5dabfc,pair_dissolved_by_refactoring,signature_changed,signature_changed,0.95,0.95
05b9920f0244c1b80055682f1a42f694,c6aa4b70732c34ffa76d0653d38b9b5a,pair_dissolved_by_refactoring,signature_changed,signature_changed,0.95,0.78
05b9920f0244c1b80055682f1a42f694,d8d061c522e61483cddbbf169cb0be0f,pair_dissolved_by_refactoring,signature_changed,signature_changed,0.95,0.97
05d60b7b4b7ce339337b637b3bbea357,1255688b25f899181378ea419a30fae7,pair_dissolved_naturally,exact,exact,1.0,1.0
05d60b7b4b7ce339337b637b3bbea357,223029ca7cef5c46fbf63b14520ef09b,pair_dissolved_naturally,exact,exact,1.0,1.0
05d60b7b4b7ce339337b637b3bbea357,2ea140cbcbb8b8a78943465526e6a17b,pair_dissolved_naturally,exact,exact,1.0,1.0
05d60b7b4b7ce339337b637b3bbea357,2fa50dead5bd2ab1acd0e4cf82159fae,pair_dissolved_naturally,exact,exact,1.0,1.0
05d60b7b4b7ce339337b637b3bbea357,6a2a405e4a4599b715e712694ddf407a,pair_dissolved_naturally,exact,exact,1.0,1.0
05d60b7b4b7ce339337b637b3bbea357,788a1cdded1edb09066831ccfa139b53,pair_dissolved_naturally,exact,exact,1.0,1.0
05d60b7b4b7ce339337b637b3bbea357,cb8ce96c2471ad2fe47208c1066bff41,pair_dissolved_naturally,exact,exact,1.0,1.0
05d60b7b4b7ce339337b637b3bbea357,ce40506dff460625a97a8b96a79d81a7,pair_dissolved_naturally,exact,exact,1.0,1.0
05db263dd705477be40dc7231c5910c5,2f299a69cfc365c7ad114401f0e12cbc,pair_dissolved_by_refactoring,signature_changed,signature_changed,0.99,1.0
05db263dd705477be40dc7231c5910c5,5282835a12dfc9eace316970ece33e77,pair_dissolved_by_refactoring,signature_changed,exact,0.99,1.0
05e9937046216e10834f4416b651f990,cf37981d7ccf9f935fa23d066312885f,pair_dissolved_naturally,exact,exact,1.0,1.0
05ef517668037bc17c10907af6d9b94c,b27e027e7cbbf518df8a8bd76324fb48,pair_dissolved_naturally,exact,exact,1.0,1.0
05ef517668037bc17c10907af6d9b94c,faba12d316dc88b6b604a8c14a81cb6a,pair_dissolved_naturally,exact,exact,1.0,1.0
061f278538d6232b9f77223e0a780d22,752a2f6a8e94747d6b9c54e399391dd8,pair_dissolved_naturally,exact,exact,1.0,1.0
061fddeabe4f7a818a12ee38bc713c10,2b05b71ad438aed317916ed45f45b643,pair_dissolved_naturally,exact,exact,1.0,1.0
063212028efcf33264532ea837d32526,53b9ec3899857ca82c9e6892a6908424,pair_dissolved_by_refactoring,renamed,exact,0.95,1.0
065b487f6729bbb06b0044392dec0450,6048604f6dbd0de5a24ccc03e15e88bb,pair_dissolved_naturally,exact,exact,1.0,1.0
065b487f6729bbb06b0044392dec0450,e4229b0020e70c18deed8846ab31cdac,pair_dissolved_naturally,exact,exact,1.0,1.0
065f8511fcbbf872de7ebea314a10da9,3e0b3ecc4be7b596342bbd8681af12bd,pair_dissolved_by_refactoring,exact,signature_changed,1.0,0.9
065f8511fcbbf872de7ebea314a10da9,c08e0039c4eaaf2bd17a9f0115dfe4df,pair_dissolved_by_refactoring,exact,signature_changed,1.0,0.9
0677cc6542532fb084bf2c281aab7837,0e9be67d75084769352c3c2c2d94d398,pair_dissolved_naturally,exact,exact,1.0,1.0
0677cc6542532fb084bf2c281aab7837,3b05c9ca5ebadebe71c7b1c6f0ac0b91,pair_dissolved_naturally,exact,exact,1.0,1.0
0677cc6542532fb084bf2c281aab7837,46f2b17019bd096ae3e7f8734bab84b6,pair_dissolved_naturally,exact,exact,1.0,1.0
0677cc6542532fb084bf2c281aab7837,4b1cbb94bbc28c49a566b4fc797a72a1,pair_dissolved_naturally,exact,exact,1.0,1.0
0677cc6542532fb084bf2c281aab7837,737524e5fe5a135a2d85bee2669f1df7,pair_dissolved_naturally,exact,exact,1.0,1.0
0677cc6542532fb084bf2c281aab7837,753e15be26769eea8729c89e32acc48a,pair_dissolved_naturally,exact,exact,1.0,1.0
0677cc6542532fb084bf2c281aab7837,8104c1fd33d32f08fb34b45f93885c81,pair_dissolved_naturally,exact,exact,1.0,1.0
0677cc6542532fb084bf2c281aab7837,de7e97f07df2fc21edbdc76839a0f1e2,pair_dissolved_naturally,exact,exact,1.0,1.0
0677cc6542532fb084bf2c281aab7837,e448c4cd1a0e7ba210acf8358895e6eb,pair_dissolved_naturally,exact,exact,1.0,1.0
0677cc6542532fb084bf2c281aab7837,e8ba27d37963c50e801a8f61211cbb12,pair_dissolved_naturally,exact,exact,1.0,1.0
0679a51f530d9e3b60d7d758c46beb7d,55e187efb0e00eec8d83c1146ebd5df9,pair_dissolved_naturally,unknown,unknown,,
067fdc93908ef29dd09656748ef1bbf5,c8ecc080eaa1022b88f5d5b2695886cc,pair_dissolved_by_refactoring,signature_changed,signature_changed,0.99,0.98
0691bfc3de745b7363e80db5ce15c540,5b3ed6549f27a0789224235d019d1cf8,pair_dissolved_naturally,exact,exact,1.0,1.0
0696fe00284698a6219340cb9f6469c4,b742bc90f6388729a4ac8d197de218d9,pair_dissolved_naturally,exact,exact,1.0,1.0
06a4467fcb651a035fae8d9e4a5c6598,2df35814410f4a87d9364509c7406d0f,pair_dissolved_naturally,exact,exact,1.0,1.0
06a4467fcb651a035fae8d9e4a5c6598,a880e25fd9cdc3afdfe88a9baf3f455c,pair_dissolved_naturally,exact,exact,1.0,1.0
06a4467fcb651a035fae8d9e4a5c6598,c83d8e17333be63aeef94f06bb38ffca,pair_dissolved_naturally,exact,exact,1.0,1.0
06a4467fcb651a035fae8d9e4a5c6598,f0e4388ab35c73cdc88cfeb97e971715,pair_dissolved_naturally,exact,exact,1.0,1.0
06a4467fcb651a035fae8d9e4a5c6598,fb784669a6dc706bb91256b74744c585,pair_dissolved_naturally,exact,exact,1.0,1.0
06cac0734e9d48d52671afb72946882b,72133e1630af025aeeafb21e60cefe14,pair_dissolved_naturally,exact,exact,1.0,1.0
06dc22c4dc7b767205ea08fcfc4f65a1,080b0685cc50ca70f510bee4f54411e2,pair_dissolved_naturally,exact,exact,1.0,1.0
06dc22c4dc7b767205ea08fcfc4f65a1,388c2d082eda839777f3b643e2629510,pair_dissolved_naturally,exact,exact,1.0,1.0
06dc22c4dc7b767205ea08fcfc4f65a1,e8a42f0756891f00a9119b2df96fb9d4,pair_dissolved_naturally,exact,exact,1.0,1.0
06e36a4742ea76dd47061c422b2b3aaa,b6b12ee08c10682d2aa905ac184e05e3,pair_dissolved_naturally,exact,exact,1.0,1.0
06e36a4742ea76dd47061c422b2b3aaa,eb96183c037d5a086f634e7b1c004728,pair_dissolved_naturally,exact,exact,1.0,1.0
06eef3866ef9c23d2d0fb27dd46641b2,4d650bfb19a8dadb126b15da6a4d007d,both_deleted,deleted,deleted,,
06fe5c0871214d9001027140cd091fba,bd57bc315505db13052c52001e5bb645,method_b_deleted,exact,deleted,1.0,
07145f59078dbbb1848ac3d55d619834,c33e4bbbe548d5ce56a610c3e100b060,pair_dissolved_naturally,exact,exact,1.0,1.0
071bdef314e9ef57b988a22bcb49c29f,37252c50d6aefe308680e59ef3edd6cc,pair_dissolved_naturally,exact,exact,1.0,1.0
071f2adcce73a9756f2666aab43e73cc,a91c4263acacdd4d62ad9586ba3689ca,pair_dissolved_naturally,exact,exact,1.0,1.0
071f2adcce73a9756f2666aab43e73cc,ec78ca3cb96f03c70604c7f5a6e73996,pair_dissolved_naturally,exact,exact,1.0,1.0
07248c1b30abcbc19897336264e92384,f8255ee4e86d115d1384dfecabdb697d,pair_dissolved_naturally,unknown,exact,,1.0
073104a1245a03cd772b763ee948f804,300e093c0f41c01559edafe41aef5ab2,pair_dissolved_by_refactoring,renamed,unknown,0.95,
073104a1245a03cd772b763ee948f804,4ddc6d271a9670dac20ac91c075f0537,pair_dissolved_by_refactoring,renamed,exact,0.95,1.0
073104a1245a03cd772b763ee948f804,65e81ed313c4078cf80c6fca4a679b2d,pair_dissolved_by_refactoring,renamed,exact,0.95,1.0
073104a1245a03cd772b763ee948f804,6a45b8c78da3254e325c1f2aafb52ba1,pair_dissolved_by_refactoring,renamed,exact,0.95,1.0
073104a1245a03cd772b763ee948f804,6e735da1b7721f816ac2c94f6a3d5f0b,pair_dissolved_by_refactoring,renamed,exact,0.95,1.0
073104a1245a03cd772b763ee948f804,a829e8b48aa1a25922e65543220695d9,pair_dissolved_by_refactoring,renamed,exact,0.95,1.0
073104a1245a03cd772b763ee948f804,ddd08ec563dc84bad2f95998b6d9d01c,pair_dissolved_by_refactoring,renamed,exact,0.95,1.0
073fecfac4b6c23a4d546c3f3826d1de,757e79f80c333cafe734221a412e8166,pair_dissolved_naturally,exact,exact,1.0,1.0
074319ecc94e56138fb7b3fe6ec73ca4,1a21dab958ffbe4a5469dfa057483c1f,pair_dissolved_by_refactoring,exact,refactored,1.0,0.73
074319ecc94e56138fb7b3fe6ec73ca4,3763133b97b45b616c9eda059ba82e27,pair_dissolved_by_refactoring,exact,refactored,1.0,0.73
074319ecc94e56138fb7b3fe6ec73ca4,4e1bc6785818db63dea358aa4d67273c,pair_dissolved_by_refactoring,exact,refactored,1.0,0.76
074319ecc94e56138fb7b3fe6ec73ca4,50a5994df6dcd51fc07cc54dc2be41b6,pair_dissolved_by_refactoring,exact,refactored,1.0,0.8
074319ecc94e56138fb7b3fe6ec73ca4,520020af6f73cd44599cbc3146ea8e38,pair_dissolved_naturally,exact,exact,1.0,1.0
074319ecc94e56138fb7b3fe6ec73ca4,5504c5cbd0718cd7df1ccc39b284b553,pair_dissolved_by_refactoring,exact,refactored,1.0,0.73
074319ecc94e56138fb7b3fe6ec73ca4,670eb68a249feb334f199dfdba303fb4,pair_dissolved_naturally,exact,exact,1.0,1.0
074319ecc94e56138fb7b3fe6ec73ca4,68eb1530d129d691731cd5d1096e7523,method_b_deleted,exact,deleted,1.0,
074319ecc94e56138fb7b3fe6ec73ca4,71e3dc7756a0f15a43c8f0991ee8ef0f,pair_dissolved_by_refactoring,exact,refactored,1.0,0.73
074319ecc94e56138fb7b3fe6ec73ca4,80e30ce7944bbd4be1e347a5a952e133,method_b_deleted,exact,deleted,1.0,
074319ecc94e56138fb7b3fe6ec73ca4,826c56b81f78f99df04496538202ca6d,pair_dissolved_naturally,exact,unknown,1.0,
074319ecc94e56138fb7b3fe6ec73ca4,91c78157438767829d1f1aaeb8d69bc5,pair_dissolved_by_refactoring,exact,refactored,1.0,0.73
074319ecc94e56138fb7b3fe6ec73ca4,c41333d4e0c1101f816be5c141cba0cb,pair_dissolved_naturally,exact,exact,1.0,1.0
074319ecc94e56138fb7b3fe6ec73ca4,ca63c0387bd51c32bbfa16fc808c0d30,pair_dissolved_naturally,exact,unknown,1.0,
074319ecc94e56138fb7b3fe6ec73ca4,d09fa69c6d5615c26aac2f825b8e7328,pair_dissolved_naturally,exact,exact,1.0,1.0
074319ecc94e56138fb7b3fe6ec73ca4,e8fab3b0104e8680b5767566a418db6e,pair_dissolved_naturally,exact,exact,1.0,1.0
074319ecc94e56138fb7b3fe6ec73ca4,fb7a917be45bb803d6bd2e1138102012,method_b_deleted,exact,deleted,1.0,
07815e3b78e16d988754901e39fa4de3,4d6e633df3be30bdbe4159e0bbd8dbb3,pair_dissolved_by_refactoring,renamed,signature_changed,0.97,0.94
07815e3b78e16d988754901e39fa4de3,aff25d496599510eb569b87674002a2e,pair_dissolved_by_refactoring,renamed,exact,0.97,1.0
0786b23bf631c86efa429e9f41c7bb97,12172e66a6b6c15b6043fbc9f37b99c5,pair_dissolved_naturally,exact,exact,1.0,1.0
0786b23bf631c86efa429e9f41c7bb97,154aadf162d229a85037c1aa2dc81103,pair_dissolved_naturally,exact,exact,1.0,1.0
0786b23bf631c86efa429e9f41c7bb97,3952d3347d0bce007cd7117936e686ea,pair_dissolved_by_refactoring,exact,signature_changed,1.0,0.98
0786b23bf631c86efa429e9f41c7bb97,4595d9b728057618d5e9137c85f42a89,pair_dissolved_naturally,exact,exact,1.0,1.0
0786b23bf631c86efa429e9f41c7bb97,50a5994df6dcd51fc07cc54dc2be41b6,pair_dissolved_by_refactoring,exact,refactored,1.0,0.8
0786b23bf631c86efa429e9f41c7bb97,704a17ad5a940c5a86ecb202e612dd12,pair_dissolved_naturally,exact,exact,1.0,1.0
0786b23bf631c86efa429e9f41c7bb97,80e30ce7944bbd4be1e347a5a952e133,method_b_deleted,exact,deleted,1.0,
0786b23bf631c86efa429e9f41c7bb97,826c56b81f78f99df04496538202ca6d,pair_dissolved_naturally,exact,unknown,1.0,
0786b23bf631c86efa429e9f41c7bb97,c6d609e5755122be73006e3d1b12befa,pair_dissolved_naturally,exact,exact,1.0,1.0
0786b23bf631c86efa429e9f41c7bb97,ca63c0387bd51c32bbfa16fc808c0d30,pair_dissolved_naturally,exact,unknown,1.0,
0786b23bf631c86efa429e9f41c7bb97,f56727e542e5847d13427063ec6c7322,pair_dissolved_naturally,exact,exact,1.0,1.0
0786b23bf631c86efa429e9f41c7bb97,fbb9bfc9cd9f39c7ca696149b61ba450,pair_dissolved_by_refactoring,exact,refactored,1.0,0.8
078d226111712d0e4ae867a7972b490e,37f9d1c685f7827c2cb1a2887336e89c,method_b_deleted,moved,deleted,0.96,
078d226111712d0e4ae867a7972b490e,8abf3ea28d567b91dc263931f1a6565f,pair_dissolved_by_refactoring,moved,renamed,0.96,0.95
07a0576aa77aa6088cb24be5277d4fbb,71d70b39090f7a71180d6cb007f905f3,pair_dissolved_by_refactoring,signature_changed,signature_changed,1.0,1.0
07b5cc7f40441cd5b3194ee6529ed958,5627a951bd136b2e33d675e52ea62514,pair_dissolved_by_refactoring,exact,signature_changed,1.0,0.98
07e2ba6c2051ee77ff43b15111f008f8,4aa93a71b78e61d2a40370ca31416054,pair_dissolved_by_refactoring,exact,signature_changed,1.0,0.88
07e53b4a2892ec454ea4333ad115fa9a,c377718bdca0a7dfa92fb1a9fef42f72,pair_dissolved_naturally,exact,exact,1.0,1.0
07f4c73fb988fe6df564ea6c70b01638,fd731a94df8712db0b9dfb114969c47b,pair_dissolved_by_refactoring,unknown,renamed,,0.92
080592c1452d451f28c155c52705cded,9edadf2a95d47bb7abf6faaacad48b3b,pair_dissolved_by_refactoring,exact,signature_changed,1.0,0.99
080681dc37eced05c01b6f4c528b99c5,c79640de3064349eb870f35b522e280d,pair_dissolved_naturally,exact,exact,1.0,1.0
080681dc37eced05c01b6f4c528b99c5,f6f4e8cb165e8221e95d7779363d3b0a,pair_dissolved_naturally,exact,exact,1.0,1.0
080b0685cc50ca70f510bee4f54411e2,388c2d082eda839777f3b643e2629510,pair_dissolved_naturally,exact,exact,1.0,1.0
080b0685cc50ca70f510bee4f54411e2,e8a42f0756891f00a9119b2df96fb9d4,pair_dissolved_naturally,exact,exact,1.0,1.0
0821c7c6448c327d730e3f1c8741fb6b,533a12e4dec6fb4108f5089a90bf97dc,pair_dissolved_by_refactoring,signature_changed,exact,0.93,1.0
0821c7c6448c327d730e3f1c8741fb6b,eb33e0cba8a5fd24fa5990db6c386582,pair_dissolved_by_refactoring,signature_changed,exact,0.93,1.0
0831d9f72a0980b681ef49cb86e983c3,dda28d3e4f09e6ad5c7fbfb564baa315,pair_dissolved_naturally,exact,exact,1.0,1.0
084b8a6635d6e63c015b8c99300171b2,50453ef6dd172784e10717999e70a2c7,pair_dissolved_naturally,exact,exact,1.0,1.0
084b8a6635d6e63c015b8c99300171b2,8048858f4b92de04710d758da39a0a58,pair_dissolved_naturally,exact,exact,1.0,1.0
0868f6982eaed60aebc6cbb13382917b,37d29846f05f6a63b0e010f15a5a8354,pair_dissolved_naturally,exact,exact,1.0,1.0
0868f6982eaed60aebc6cbb13382917b,85cfd6501571623a8124c39e1234fb79,pair_dissolved_naturally,exact,exact,1.0,1.0
08896a52fa905693302c237d4e03424d,c76f34d6c3d5eb574d88edff1273e6c1,pair_dissolved_naturally,exact,exact,1.0,1.0
08896a52fa905693302c237d4e03424d,e4fa69a75219d6cb898442d78f2a6c83,pair_dissolved_naturally,exact,exact,1.0,1.0
08b79a32ac787ed2cb42e4c96585aca3,12bf7a4a8ad92e92b2c208234eb70915,pair_dissolved_naturally,exact,unknown,1.0,
08c5ee80fdefae36e3aa650e377360cc,81253119332db429e3b17c27496353c9,both_deleted,deleted,deleted,,
08c5ee80fdefae36e3aa650e377360cc,902d957124c3382dce07da413e555b57,both_deleted,deleted,deleted,,
08c5ee80fdefae36e3aa650e377360cc,d7bc7d5aa47c7fd9cfe53a1622eb5362,both_deleted,deleted,deleted,,
08c5ee80fdefae36e3aa650e377360cc,e20124ce6a9393554d10f8d14fb89714,both_deleted,deleted,deleted,,
08c5ee80fdefae36e3aa650e377360cc,e8e617517c46fb67e3f8172b764a4d0d,method_a_deleted,deleted,signature_changed,,0.7
08d08931970964e059243cf82851f206,9a6fe4cf8ee903e5872e5f33ac3c41e6,pair_dissolved_naturally,exact,exact,1.0,1.0
08d29833c2601ac4dd7087f4de18ca1e,1674b0fb32794bebd6f26cc5843cd635,pair_dissolved_by_refactoring,signature_changed,exact,0.77,1.0
08d29833c2601ac4dd7087f4de18ca1e,3952d3347d0bce007cd7117936e686ea,pair_dissolved_by_refactoring,signature_changed,signature_changed,0.77,0.98
08d29833c2601ac4dd7087f4de18ca1e,520020af6f73cd44599cbc3146ea8e38,pair_dissolved_by_refactoring,signature_changed,exact,0.77,1.0
08d29833c2601ac4dd7087f4de18ca1e,826c56b81f78f99df04496538202ca6d,pair_dissolved_by_refactoring,signature_changed,unknown,0.77,
08d29833c2601ac4dd7087f4de18ca1e,ca63c0387bd51c32bbfa16fc808c0d30,pair_dissolved_by_refactoring,signature_changed,unknown,0.77,
08d29833c2601ac4dd7087f4de18ca1e,d09fa69c6d5615c26aac2f825b8e7328,pair_dissolved_by_refactoring,signature_changed,exact,0.77,1.0
090b823a4c23074969effa1be72d5b76,3369dfbeef791bd3396bdfd091f2ea0c,pair_dissolved_naturally,exact,exact,1.0,1.0
0924a8e0cbd6e8926e58be6bde6f0630,a45b92bf36febc14e3d03827b36a99d1,pair_dissolved_naturally,exact,exact,1.0,1.0
092f21e5797f5f32dd1b12054a5bd0ac,17e7459c6ee739f1aa66aff76ad7da51,pair_dissolved_by_refactoring,signature_changed,signature_changed,0.98,0.95
092f21e5797f5f32dd1b12054a5bd0ac,267780011d03c783e98991b0706adb9f,pair_dissolved_by_refactoring,signature_changed,signature_changed,0.98,0.95
092f21e5797f5f32dd1b12054a5bd0ac,2f653db09b8a66fab46e43b17b2f0e16,pair_dissolved_by_refactoring,signature_changed,exact,0.98,1.0
092f21e5797f5f32dd1b12054a5bd0ac,39f432590c4593713ea237afb054e922,pair_dissolved_by_refactoring,signature_changed,exact,0.98,1.0
092f21e5797f5f32dd1b12054a5bd0ac,441361a97c577adecb2fb61e4945bfdd,pair_dissolved_by_refactoring,signature_changed,signature_changed,0.98,0.95
092f21e5797f5f32dd1b12054a5bd0ac,4b0f0af83e240d1fd854b962cef0ff4d,pair_dissolved_by_refactoring,signature_changed,signature_changed,0.98,0.95
092f21e5797f5f32dd1b12054a5bd0ac,69fe7bd84d75621d8aad358c8c263c7b,pair_dissolved_by_refactoring,signature_changed,signature_changed,0.98,0.98
092f21e5797f5f32dd1b12054a5bd0ac,7906b68dc18c32211d09332183283408,pair_dissolved_by_refactoring,signature_changed,signature_changed,0.98,0.95
092f21e5797f5f32dd1b12054a5bd0ac,7b9406cc24e40a8233d1672486b0b581,pair_dissolved_by_refactoring,signature_changed,exact,0.98,1.0
092f21e5797f5f32dd1b12054a5bd0ac,82c244d66e0c1839b31b2b59cd4e8638,pair_dissolved_by_refactoring,signature_changed,exact,0.98,1.0
092f21e5797f5f32dd1b12054a5bd0ac,890d73f1af96173568e900bbe753ab61,pair_dissolved_by_refactoring,signature_changed,signature_changed,0.98,0.98
092f21e5797f5f32dd1b12054a5bd0ac,8b2253722f6f45d50df17bc1a54a6af8,pair_dissolved_by_refactoring,signature_changed,signature_changed,0.98,0.98
092f21e5797f5f32dd1b12054a5bd0ac,938b8e76142512a26f19b940e62e4da3,pair_dissolved_by_refactoring,signature_changed,signature_changed,0.98,0.98
092f21e5797f5f32dd1b12054a5bd0ac,a232c00d3c032c1dcb9960a03a2af02a,pair_dissolved_by_refactoring,signature_changed,signature_changed,0.98,0.98
092f21e5797f5f32dd1b12054a5bd0ac,a6f85f9146258be22899e29bafa6ddbe,pair_dissolved_by_refactoring,signature_changed,signature_changed,0.98,0.98
092f21e5797f5f32dd1b12054a5bd0ac,bc9351e25302126e2ccd26946c097596,pair_dissolved_by_refactoring,signature_changed,signature_changed,0.98,0.95
092f21e5797f5f32dd1b12054a5bd0ac,d4fe2c0b8d29ae7dcea508d05fcad947,pair_dissolved_by_refactoring,signature_changed,exact,0.98,1.0
092f21e5797f5f32dd1b12054a5bd0ac,f411c7f6ede16471367d8f59777caeba,pair_dissolved_by_refactoring,signature_changed,exact,0.98,1.0
092f21e5797f5f32dd1b12054a5bd0ac,fe54424f7bb37eaf31149edd5e038981,pair_dissolved_by_refactoring,signature_changed,signature_changed,0.98,0.98
09434ab8143c7993600be2ce32e6dc0b,8449b813aaf1ae782dfa432fb8099a75,pair_dissolved_by_refactoring,signature_changed,signature_changed,0.94,0.98
09434ab8143c7993600be2ce32e6dc0b,c74b1c865a8c63cde42a1d6f3cbb1a52,pair_dissolved_by_refactoring,signature_changed,signature_changed,0.94,0.98
0943ac4b88499bdbfb157e121dd89389,b633a84ce152e31fceb10287d24d884d,pair_dissolved_naturally,exact,exact,1.0,1.0
0943ac4b88499bdbfb157e121dd89389,ca52edd5eadb82d7cfc86785e7988e74,pair_dissolved_naturally,exact,exact,1.0,1.0
094da4d6cc5618017484d8b05b451115,61e86b2a0d3074dea686cb077f13f2e5,pair_dissolved_naturally,exact,exact,1.0,1.0
09667504a2ea8a43268fb49ec6665d7f,b955ed6c6ca31362f57a9266c969d3a5,pair_dissolved_naturally,exact,exact,1.0,1.0
09667504a2ea8a43268fb49ec6665d7f,d1d13364695e88194b78930d170adfa6,pair_dissolved_naturally,exact,exact,1.0,1.0
09aa0f6802191734e216c1d089f1bcda,7ef83b29f78b0058c482b451a989908a,pair_dissolved_naturally,exact,exact,1.0,1.0
09b6341271d31eab98fb0e0f0f170ea4,bbc7664491fd00dc11f097581f54a146,pair_dissolved_naturally,exact,exact,1.0,1.0
09b6341271d31eab98fb0e0f0f170ea4,c081db29d33a03502db1b61c0b7d7790,pair_dissolved_naturally,exact,exact,1.0,1.0
09d6602c65b76e8f4157a06f5638c874,3f264ddd4b0de8bceeb80e3c5e614631,pair_dissolved_naturally,exact,exact,1.0,1.0
09d6602c65b76e8f4157a06f5638c874,4a3c7e0feed71aa826287a9521097c50,pair_dissolved_naturally,exact,exact,1.0,1.0
09dc644dc2ee43a1042fcaba69b2859d,15b25f5f56ec45956577c384ca03a073,pair_dissolved_naturally,exact,unknown,1.0,
09dc644dc2ee43a1042fcaba69b2859d,244b052e5e3b2e7f8b5da57f8036fe29,pair_dissolved_naturally,exact,exact,1.0,1.0
09dc644dc2ee43a1042fcaba69b2859d,71d38d59f6d9e9d4a3c06f7f9a3ffba8,pair_dissolved_naturally,exact,unknown,1.0,
09dc644dc2ee43a1042fcaba69b2859d,abb849ab076d28a1d751641a7f57797b,pair_dissolved_naturally,exact,unknown,1.0,
09dc644dc2ee43a1042fcaba69b2859d,b2d6d3643757f409d5b6314b35f9fe07,pair_dissolved_naturally,exact,unknown,1.0,
09dc644dc2ee43a1042fcaba69b2859d,eecdbfbdf18397c080054695eec43d80,pair_dissolved_naturally,exact,exact,1.0,1.0
09ef55dc447334af61a092f8f323a9d1,09ef55dc447334af61a092f8f323a9d1,pair_dissolved_naturally,exact,exact,1.0,1.0
09ef55dc447334af61a092f8f323a9d1,1a074cd1de7f00ce93d4d708204e7ed4,pair_dissolved_naturally,exact,exact,1.0,1.0
09ef55dc447334af61a092f8f323a9d1,b45fab6dedb450edc8092418f106a567,method_b_deleted,exact,deleted,1.0,
09ef55dc447334af61a092f8f323a9d1,d440aca3d0c1ce8e700e00b99bbb703e,method_b_deleted,exact,deleted,1.0,
09fd7d5732963b6c3f58ba6d74f1bc1f,f6bfdd3882cbcf56c6a68d9db811aa6f,pair_dissolved_by_refactoring,exact,moved,1.0,1.0
0a0fe6137b8b5f2b31e366eff5d26d60,514c288ee728a45fb9744b8a8da09da3,pair_dissolved_naturally,exact,exact,1.0,1.0
0a0fe6137b8b5f2b31e366eff5d26d60,648b513c627056eefb0a80209cf1bf36,pair_dissolved_naturally,exact,exact,1.0,1.0
0a0fe6137b8b5f2b31e366eff5d26d60,bada92beab6a2e9847aa3b3341f55d80,pair_dissolved_naturally,exact,exact,1.0,1.0
0a18c1def9f63395fe31a5ed2c9e1410,29bcab83f66c4fa5a48e93e996371c61,pair_dissolved_naturally,exact,exact,1.0,1.0
0a18c1def9f63395fe31a5ed2c9e1410,45d0aac8202ef5e67ad6e612b4d554bd,pair_dissolved_naturally,exact,exact,1.0,1.0
0a18c1def9f63395fe31a5ed2c9e1410,4bd1780cfd62331f5270251e9a4c0142,pair_dissolved_naturally,exact,exact,1.0,1.0
0a18c1def9f63395fe31a5ed2c9e1410,5c9dfed2a57c4074b76c2bd9f4943cf5,pair_dissolved_naturally,exact,exact,1.0,1.0
0a18c1def9f63395fe31a5ed2c9e1410,5da51d0751906a9cc581519cc766462d,pair_dissolved_naturally,exact,exact,1.0,1.0
0a18c1def9f63395fe31a5ed2c9e1410,78bb90c9b1920a6f20308479c50867ef,pair_dissolved_naturally,exact,exact,1.0,1.0
0a18c1def9f63395fe31a5ed2c9e1410,a55e22e95ec7be221e7d187d1f0ea437,pair_dissolved_naturally,exact,exact,1.0,1.0
0a18c1def9f63395fe31a5ed2c9e1410,a8e338b6acf56efddf9403b8bbcc0fde,pair_dissolved_naturally,exact,exact,1.0,1.0
0a18c1def9f63395fe31a5ed2c9e1410,d071937ee4278d39507184c6b0d49791,pair_dissolved_naturally,exact,exact,1.0,1.0
0a2daec0eeb64fc3b7ee385920054bf3,3c22cfea45731a828ee93a1775b04dfd,pair_dissolved_by_refactoring,exact,refactored,1.0,0.87
0a2daec0eeb64fc3b7ee385920054bf3,ec798a6eb72d082c32cbe0a1f72bec5b,pair_dissolved_naturally,exact,exact,1.0,1.0
0a74cf7a71d0e6fcd599cd440fa5e73b,26f07ad7b0c57749cd0aa9fb4d817fd7,pair_dissolved_naturally,exact,exact,1.0,1.0
0a74cf7a71d0e6fcd599cd440fa5e73b,9cea019cbf2fa1ffe47a8fdade8775c2,pair_dissolved_naturally,exact,exact,1.0,1.0
0a824be5491b9883f24f51a9bb6ff2e8,8c9ae9173042c30680e96e78177682ba,pair_dissolved_naturally,exact,exact,1.0,1.0
0a8ded2257506834f4fdcbfcfd987c55,d78cb90c35a80052260c845779a961b1,pair_dissolved_by_refactoring,moved,exact,1.0,1.0
0aa62c1a08d45e5f0f60caa5625191f8,a1c3ec56c2d01086e7bb7df6acbd814c,pair_dissolved_naturally,exact,exact,1.0,1.0
0aacfae6db8b15abaf0cc95af835cc6f,66987affa2387db9eafd1b23ac7d909c,pair_dissolved_naturally,exact,exact,1.0,1.0
0aacfae6db8b15abaf0cc95af835cc6f,968c6992a9a51f867e888589aaffa28b,pair_dissolved_naturally,exact,exact,1.0,1.0
0aacfae6db8b15abaf0cc95af835cc6f,cce7064d9c9dafd1f13187aeefd8540b,pair_dissolved_naturally,exact,exact,1.0,1.0
0ab7e9f7fbaaff48a8ee29bc4a5f0527,e469d0223dddde8681cc189c66503a4b,pair_dissolved_by_refactoring,signature_changed,refactored,0.73,0.72
0ac6212b3b902d3ceccbec1358948ead,990cd12c5b9d6c1b7ceae716aab31eb4,pair_dissolved_by_refactoring,signature_changed,signature_changed,0.98,0.99
0ac97e80ed016a17eed3afebb2d60185,670eb68a249feb334f199dfdba303fb4,pair_dissolved_naturally,exact,exact,1.0,1.0
0ac97e80ed016a17eed3afebb2d60185,68eb1530d129d691731cd5d1096e7523,method_b_deleted,exact,deleted,1.0,
0ac97e80ed016a17eed3afebb2d60185,80e30ce7944bbd4be1e347a5a952e133,method_b_deleted,exact,deleted,1.0,
0ac97e80ed016a17eed3afebb2d60185,c41333d4e0c1101f816be5c141cba0cb,pair_dissolved_naturally,exact,exact,1.0,1.0
0ac97e80ed016a17eed3afebb2d60185,d8c6481e1b2886f191956575502e3fda,pair_dissolved_naturally,exact,exact,1.0,1.0
0ac97e80ed016a17eed3afebb2d60185,fb7a917be45bb803d6bd2e1138102012,method_b_deleted,exact,deleted,1.0,
0b1a70ce5c02985cfadf901e4e7be115,17d8b076cf76feb681738f1b572a7050,pair_dissolved_by_refactoring,signature_changed,signature_changed,1.0,1.0
0b1a70ce5c02985cfadf901e4e7be115,41d3fede7a50a6d6f7bf82d8ae19ffc0,pair_dissolved_by_refactoring,signature_changed,signature_changed,1.0,1.0
0b1a70ce5c02985cfadf901e4e7be115,8c99a7e4581a17ad85d6308925e9b57e,pair_dissolved_by_refactoring,signature_changed,signature_changed,1.0,1.0
0b1a87cc8f090119a517ea5d0ba0a699,848098aae680812eff176f0666c4837e,pair_dissolved_by_refactoring,signature_changed,signature_changed,0.8,0.86
0b1b0a2b0620e9c20e49d89ef8372e54,16433a9202ba6c03c5d2cb01207514f3,pair_dissolved_naturally,exact,exact,1.0,1.0
0b1b0a2b0620e9c20e49d89ef8372e54,2420a86178d72448ddc144c73b2771bc,pair_dissolved_naturally,exact,exact,1.0,1.0
0b1b0a2b0620e9c20e49d89ef8372e54,6374c06706d5eec087dcf87872470e17,pair_dissolved_naturally,exact,exact,1.0,1.0
0b1b0a2b0620e9c20e49d89ef8372e54,e5bd2be0d39268d017e306ba127353d5,pair_dissolved_naturally,exact,exact,1.0,1.0
0b2b688641cf50d9f74654b0eb061c43,c0e7c41fffd141a52820731f3c64c5c3,pair_dissolved_by_refactoring,exact,signature_changed,1.0,1.0
0b2bcb622a45b6d42b699013aa4d7280,5a6e3eb0b25df288674d0ea0fbe8c4d8,pair_dissolved_naturally,exact,exact,1.0,1.0
0b3bfa5c5372018457eeccd1f6643b39,997d422dff2b023b3d83c618c41bb5cf,method_b_deleted,exact,deleted,1.0,
0b3d4308a84621b192b2a318c1d69478,ba833bfde231bd106113991f7b0710c6,pair_dissolved_naturally,exact,exact,1.0,1.0
0b3d4308a84621b192b2a318c1d69478,c0e7c41fffd141a52820731f3c64c5c3,pair_dissolved_by_refactoring,exact,signature_changed,1.0,1.0
0b69d58c6f5b14cb374264ca5bf061c8,490af9ea1fbf53c7a7809388c9a254fe,pair_dissolved_naturally,exact,exact,1.0,1.0
0b69d58c6f5b14cb374264ca5bf061c8,a690a866f58b5bb40e0e9fc87266adf5,pair_dissolved_naturally,exact,exact,1.0,1.0
0b6f63885b229cc2a92dd6bc147e136b,68c142373ec2c1d81da974bf72887cce,pair_dissolved_naturally,exact,exact,1.0,1.0
0b70d869cf4a86142d6290b2592e7ac2,1eedb56ef5be1697d4ef2f93700153cd,pair_dissolved_naturally,exact,exact,1.0,1.0
0b70d869cf4a86142d6290b2592e7ac2,56a00f184d12efa479a785fdaebe6f5d,pair_dissolved_by_refactoring,exact,signature_changed,1.0,0.97
0b87c1af85a930905f2aadd99adbc979,9eb203f832846c919d4ddb6b0ccb846b,pair_dissolved_naturally,exact,exact,1.0,1.0
0b87c1af85a930905f2aadd99adbc979,e69b9ac1b371d0ff143d195c42747484,pair_dissolved_naturally,exact,exact,1.0,1.0
0b87c1af85a930905f2aadd99adbc979,f1773d1198516f7b14c3d5370d51929e,pair_dissolved_naturally,exact,exact,1.0,1.0
0b92616a08d93ffc262d954b2323145e,319ae0a2a801df56392cc62590476ef2,pair_dissolved_naturally,exact,exact,1.0,1.0
0b92616a08d93ffc262d954b2323145e,617a0e0193b7c38cb274b2777a403208,pair_dissolved_naturally,exact,exact,1.0,1.0
0bc4ed6b5705b839b405f683ab7eaed5,b88d6470e6bded1a1505aa16afff1d0b,pair_dissolved_naturally,exact,exact,1.0,1.0
0bd3e2e12fbf8edf2e80393720137617,9f727c36011e7499d79791c5c39bf7b8,pair_dissolved_naturally,exact,exact,1.0,1.0
0bd3e2e12fbf8edf2e80393720137617,f707ca4cf6ac4182c50da6ef60acdba0,pair_dissolved_naturally,exact,exact,1.0,1.0
0bdc86084d45aace48236eecde3c9a79,7562e245d26e327e625a12e70423c10b,pair_dissolved_naturally,exact,exact,1.0,1.0
0be0a94ec271af67cb31022c917a08d2,2fade7de7d4850237e3560fd47b43904,pair_dissolved_by_refactoring,exact,signature_changed,1.0,1.0
0be0a94ec271af67cb31022c917a08d2,9caf5e6aa537f767c1959a0efabc51d9,pair_dissolved_by_refactoring,exact,signature_changed,1.0,1.0
0c19fcd9057255ccbbc14a5ebde90bc6,7a74cde5d7db3c4433155f123904b24a,pair_dissolved_naturally,exact,exact,1.0,1.0
0c19fcd9057255ccbbc14a5ebde90bc6,8fcaf1cb034ee139575eb3d446610a0d,pair_dissolved_naturally,exact,exact,1.0,1.0
0c227d49561057cb26766d58593963ac,ba3f5cdd1c8ed1c16629cf4b4c4fb375,pair_dissolved_naturally,exact,exact,1.0,1.0
0c5f05f0e8dcccb81c5bed471ab00ee3,39d93a7708c672e86fd82bc6cf27705d,pair_dissolved_by_refactoring,exact,signature_changed,1.0,0.99
0c8a2a1d59cb282898977dec969c1760,5a6e3eb0b25df288674d0ea0fbe8c4d8,pair_dissolved_naturally,exact,exact,1.0,1.0
0cb0b2fdc55290020f0e7117c66621ca,55535fcdddd3858ba8f07928b1948c5a,pair_dissolved_by_refactoring,signature_changed,signature_changed,0.98,0.98
0cb0b2fdc55290020f0e7117c66621ca,9a173fbaf91a4d84a1e446e4445df86a,pair_dissolved_by_refactoring,signature_changed,signature_changed,0.98,0.99
0d2f420dc0e525a31958295cb5488b80,d1b089b01218010e71d7bdbd98a2b592,pair_dissolved_naturally,exact,exact,1.0,1.0
0d342e86e656a5530a54623a21793899,54060a00c6c12bd9558e575ed414a99a,pair_dissolved_naturally,exact,exact,1.0,1.0
0d4e6ba3254175fe6fd3320e9362278f,1568504b577aefb758f031add01d15eb,method_a_deleted,deleted,exact,,1.0
0d4e6ba3254175fe6fd3320e9362278f,1720f905859cbd9e2ea537a04f8b5c06,method_a_deleted,deleted,signature_changed,,0.96
0d4e6ba3254175fe6fd3320e9362278f,1cfa79220fe1ad174d0442eef7c3fd9f,method_a_deleted,deleted,exact,,1.0
0d4e6ba3254175fe6fd3320e9362278f,1f1e6936735da4bc208af943acb60899,method_a_deleted,deleted,exact,,1.0
0d4e6ba3254175fe6fd3320e9362278f,399bf9c2d498cf17c1a9c87f896396b4,both_deleted,deleted,deleted,,
0d4e6ba3254175fe6fd3320e9362278f,5982d24dcc54fb53c77c616640113ebd,method_a_deleted,deleted,signature_changed,,0.92
0d4e6ba3254175fe6fd3320e9362278f,6f8769c3093cb9c81cd54f725112fd7f,method_a_deleted,deleted,exact,,1.0
0d4e6ba3254175fe6fd3320e9362278f,993c5c0729de623ca983fca31a1d8536,method_a_deleted,deleted,exact,,1.0
0d4e6ba3254175fe6fd3320e9362278f,9d772224a6c4ef816d89f3e2bb28ee01,method_a_deleted,deleted,exact,,1.0
0d4e6ba3254175fe6fd3320e9362278f,e20c921b536120112166254e38dd1d3d,method_a_deleted,deleted,signature_changed,,0.94
0d4e6ba3254175fe6fd3320e9362278f,ea54141c4c1c39e76922a1069120c622,method_a_deleted,deleted,signature_changed,,0.85
0d5fe1bf139694fd0140c8d4b0786d36,790331f45d7126d0d532dbc7a8135aca,pair_dissolved_naturally,exact,exact,1.0,1.0
0d638cb94b0202a7eac2871cfd946856,75a6d1839dd5b34fcfbbaa3ad8f67289,pair_dissolved_naturally,exact,exact,1.0,1.0
0d638cb94b0202a7eac2871cfd946856,b49e77837a812bdc37641dafe4d7ced7,pair_dissolved_naturally,exact,exact,1.0,1.0
0d638cb94b0202a7eac2871cfd946856,e88932a2c8e865d507d1a9e01042250d,pair_dissolved_naturally,exact,exact,1.0,1.0
0d68317fb7b4d5aa277a5638069793e3,7a1c16b76c33bb6d67f29ee81f34369a,pair_dissolved_naturally,exact,exact,1.0,1.0
0d68317fb7b4d5aa277a5638069793e3,881098a73a6848afa98245d34bbc7d48,pair_dissolved_naturally,exact,exact,1.0,1.0
0d68317fb7b4d5aa277a5638069793e3,d36d64f8d55e97a42a89f47b13647d47,pair_dissolved_naturally,exact,exact,1.0,1.0
0d68317fb7b4d5aa277a5638069793e3,dd9f5522ac2d0eb6971062c501bb1540,pair_dissolved_naturally,exact,exact,1.0,1.0
0d71a303ca63efaf8518f2e3cf522dd2,5c40810d0337470b33119bf41fb94ea4,pair_dissolved_naturally,exact,exact,1.0,1.0
0d71a303ca63efaf8518f2e3cf522dd2,e0e18bdbd56fae6edbce1bd9312b8d37,pair_dissolved_naturally,exact,exact,1.0,1.0
0d784eeae7bfd5e10b9e04e879658b53,3f848d0c33352014b6614c09f16f36b9,pair_dissolved_naturally,exact,exact,1.0,1.0
0d784eeae7bfd5e10b9e04e879658b53,490af9ea1fbf53c7a7809388c9a254fe,pair_dissolved_naturally,exact,exact,1.0,1.0
0d784eeae7bfd5e10b9e04e879658b53,a690a866f58b5bb40e0e9fc87266adf5,pair_dissolved_naturally,exact,exact,1.0,1.0
0d784eeae7bfd5e10b9e04e879658b53,e3984c3b9cbc8b464931b73d1395bf61,pair_dissolved_naturally,exact,exact,1.0,1.0
0d86bcbe1c7cde1d50a71fc02cfc81b9,7373ec83e883ce19ac92a3771db5188f,pair_dissolved_naturally,exact,exact,1.0,1.0
0d97177f611af3df7302be612a573ab8,bf9a29c8f4baf220f417dbb7069f0550,pair_dissolved_naturally,exact,exact,1.0,1.0
0d9892ef962680ad53d49b888eb81434,670eb68a249feb334f199dfdba303fb4,pair_dissolved_naturally,exact,exact,1.0,1.0
0d9892ef962680ad53d49b888eb81434,68eb1530d129d691731cd5d1096e7523,method_b_deleted,exact,deleted,1.0,
0d9892ef962680ad53d49b888eb81434,80e30ce7944bbd4be1e347a5a952e133,method_b_deleted,exact,deleted,1.0,
0d9892ef962680ad53d49b888eb81434,c41333d4e0c1101f816be5c141cba0cb,pair_dissolved_naturally,exact,exact,1.0,1.0
0d9892ef962680ad53d49b888eb81434,d8c6481e1b2886f191956575502e3fda,pair_dissolved_naturally,exact,exact,1.0,1.0
0d9892ef962680ad53d49b888eb81434,fb7a917be45bb803d6bd2e1138102012,method_b_deleted,exact,deleted,1.0,
0da358e748823b7427932020654337ac,46eaf258191d974b5a990be66833236b,pair_dissolved_naturally,exact,exact,1.0,1.0
0dd1bf7468063d60dbe1de1ac1ad2f4e,5abf2514efbae6501de44cb4b8e1a0c2,pair_dissolved_naturally,exact,exact,1.0,1.0
0dd2ddf55f4b8dd0cbb50b6dea6379fa,390aedcba0b778766fb4ae537632f8e1,pair_dissolved_naturally,exact,exact,1.0,1.0
0df216ad5d542796d3fd3093254cc55a,baa4d4702bfbda7487fa754345e40b0c,pair_dissolved_naturally,exact,exact,1.0,1.0
0e0ad948135fb1ce78226263043a09ec,6c4c28835ff3a9a9b4da43c0f2fd6b76,pair_dissolved_naturally,exact,exact,1.0,1.0
0e1f3b5545213d02eccecb428bf12e1a,28f6b21c0ce59f203fb2092ad47e0f5c,pair_dissolved_naturally,exact,exact,1.0,1.0
0e1f3b5545213d02eccecb428bf12e1a,3bbd03b7eaf6260f4c3ec3be4d39ac11,pair_dissolved_naturally,exact,exact,1.0,1.0
0e1f3b5545213d02eccecb428bf12e1a,41ff03bc49eb32b517a08a4962ab3764,pair_dissolved_naturally,exact,exact,1.0,1.0
0e277ddbc2d8ab48be260883b8476f79,dd71bdd7477943519c88bf8cefc63e1d,pair_dissolved_naturally,exact,exact,1.0,1.0
0e31c9486096672b022e49abc5cacfd7,39831312f0026cf460eef3108fd4bb69,pair_dissolved_naturally,exact,exact,1.0,1.0
0e31c9486096672b022e49abc5cacfd7,b50e425c9969d5737005c5502a004403,pair_dissolved_naturally,exact,exact,1.0,1.0
0e34b0fafd92454fb3b09d5f72993f21,4268e38e9be3f57e881df1115dcc8054,pair_dissolved_naturally,exact,exact,1.0,1.0
0e357afa70eda2e2deea7c7a8c3e1b57,51a0248e1f34021a1ef4efd4d74a598c,pair_dissolved_naturally,exact,exact,1.0,1.0
0e357afa70eda2e2deea7c7a8c3e1b57,c57c2f5e1166a794a6d02fd81307ccea,pair_dissolved_naturally,exact,exact,1.0,1.0
0e60d8d54df5a476711b6386ba3317e3,11413829356ecaff162998788417b7b5,pair_dissolved_naturally,exact,exact,1.0,1.0
0e77e35e66cc7014f36563a3718a4721,3f74e30061a85cb7c79742828f6f3979,pair_dissolved_naturally,exact,exact,1.0,1.0
0e77e35e66cc7014f36563a3718a4721,b32435c39c8cc17dc4d0e57ecd8985e6,pair_dissolved_naturally,exact,exact,1.0,1.0
0e77e35e66cc7014f36563a3718a4721,b9cfcbca417c2c3844f6d1444d722d39,pair_dissolved_naturally,exact,exact,1.0,1.0
0e9be67d75084769352c3c2c2d94d398,3b05c9ca5ebadebe71c7b1c6f0ac0b91,pair_dissolved_naturally,exact,exact,1.0,1.0
0e9be67d75084769352c3c2c2d94d398,46f2b17019bd096ae3e7f8734bab84b6,pair_dissolved_naturally,exact,exact,1.0,1.0
0e9be67d75084769352c3c2c2d94d398,4b1cbb94bbc28c49a566b4fc797a72a1,pair_dissolved_naturally,exact,exact,1.0,1.0
0e9be67d75084769352c3c2c2d94d398,69fec3f7df403042773c47bfb859fa4b,pair_dissolved_naturally,exact,exact,1.0,1.0
0e9be67d75084769352c3c2c2d94d398,6a7756366feeb14c1172b2b189ba2771,pair_dissolved_naturally,exact,exact,1.0,1.0
0e9be67d75084769352c3c2c2d94d398,737524e5fe5a135a2d85bee2669f1df7,pair_dissolved_naturally,exact,exact,1.0,1.0
0e9be67d75084769352c3c2c2d94d398,753e15be26769eea8729c89e32acc48a,pair_dissolved_naturally,exact,exact,1.0,1.0
0e9be67d75084769352c3c2c2d94d398,8104c1fd33d32f08fb34b45f93885c81,pair_dissolved_naturally,exact,exact,1.0,1.0
0e9be67d75084769352c3c2c2d94d398,de7e97f07df2fc21edbdc76839a0f1e2,pair_dissolved_naturally,exact,exact,1.0,1.0
0e9be67d75084769352c3c2c2d94d398,e448c4cd1a0e7ba210acf8358895e6eb,pair_dissolved_naturally,exact,exact,1.0,1.0
0e9be67d75084769352c3c2c2d94d398,e8ba27d37963c50e801a8f61211cbb12,pair_dissolved_naturally,exact,exact,1.0,1.0
0eb967c7986430bd2f95115fc6eab9f1,f45c282bb15abecbf766f97faab51528,pair_dissolved_by_refactoring,exact,signature_changed,1.0,1.0
0ebe131a2f3fbb548a213de74d0e332b,4ee8f69f0e02dadee127424d0c1f3ad9,pair_dissolved_naturally,exact,exact,1.0,1.0
0ed2e9afbc728d77c3803ffbea61da5c,49ccdc69cead28313dc858db7ab1127b,pair_dissolved_naturally,exact,exact,1.0,1.0
0ed2e9afbc728d77c3803ffbea61da5c,7ce6289325c76a31e2268384cae73d3e,pair_dissolved_naturally,exact,exact,1.0,1.0
0ed2e9afbc728d77c3803ffbea61da5c,e0f5f3c58cef003ad1dcb0d2bd78013a,pair_dissolved_naturally,exact,exact,1.0,1.0
0f2a9590d6aaa5491702515366efc4d3,f5440622cd23223f43f26cba069ac1ce,pair_dissolved_naturally,exact,exact,1.0,1.0
0f34e6229f01e8964828bc6a3e9873c8,4fcdeb4ab260f0043d0f0da44003a52e,pair_dissolved_naturally,exact,exact,1.0,1.0
0f4ba8edd459c4d2cde8f3b191804455,455bcd8fb8080c6356059b56eef39769,pair_dissolved_naturally,exact,exact,1.0,1.0
0f4ba8edd459c4d2cde8f3b191804455,7527695a306b8eca47406416697bcda9,pair_dissolved_naturally,exact,exact,1.0,1.0
0f4ba8edd459c4d2cde8f3b191804455,c7766d1ddcf582e7dc37e3a5eb38dfb9,pair_dissolved_naturally,exact,exact,1.0,1.0
0f4e504f28b0c7dd7a42f561d2cdd726,7eb7ed2ce46ce40d183dbc361283860d,pair_dissolved_naturally,exact,exact,1.0,1.0
0f656b7d453520f390ac72b077ac9003,98d7191d7bb0be22aabbe452a52af3ac,pair_dissolved_naturally,exact,exact,1.0,1.0
0f76e1b93552a65c385550c8a0f7dc34,3f848d0c33352014b6614c09f16f36b9,pair_dissolved_naturally,exact,exact,1.0,1.0
0f76e1b93552a65c385550c8a0f7dc34,490af9ea1fbf53c7a7809388c9a254fe,pair_dissolved_naturally,exact,exact,1.0,1.0
0f76e1b93552a65c385550c8a0f7dc34,a690a866f58b5bb40e0e9fc87266adf5,pair_dissolved_naturally,exact,exact,1.0,1.0
0f76e1b93552a65c385550c8a0f7dc34,e3984c3b9cbc8b464931b73d1395bf61,pair_dissolved_naturally,exact,exact,1.0,1.0
0f7ada26d86cbcc94d6513151bafefc8,9da48837605275e42b075f35601b6c6a,pair_dissolved_naturally,exact,exact,1.0,1.0
0f7ada26d86cbcc94d6513151bafefc8,bfdaec3f19a37d216dce0f7dd4a73586,pair_dissolved_naturally,exact,exact,1.0,1.0
0f7ada26d86cbcc94d6513151bafefc8,ce5b5d88ebfa0a3cc7911faf2822d297,pair_dissolved_naturally,exact,exact,1.0,1.0
0fa07ed48e3ad03a6a4e4e5da01ada36,8e84405fd2adc426d78b44f2dda594ed,pair_dissolved_naturally,exact,exact,1.0,1.0
0fe30970642c32726c055e32fd428541,c9f3466338a375037840ae788cfeea60,pair_dissolved_naturally,exact,exact,1.0,1.0
0ffceda81300712417534a61a3902495,8daef91dfe44ad643f577661156d9b34,pair_dissolved_by_refactoring,signature_changed,exact,1.0,1.0
1025755120e52e9e51b80974fc8a93c2,ec798a6eb72d082c32cbe0a1f72bec5b,pair_dissolved_naturally,exact,exact,1.0,1.0
103fec0a2dfd8c94411dd8fea7c1686b,f6b28e6d52e847fedfd9390d83e3caae,pair_dissolved_by_refactoring,signature_changed,exact,0.94,1.0
10501099179887713cffc3c1a6ce684a,a12af31af0562580c65f18d1052dafe6,pair_dissolved_naturally,exact,exact,1.0,1.0
10501099179887713cffc3c1a6ce684a,acf4d78ea5f507e8fe28d2f1a2812000,pair_dissolved_naturally,exact,exact,1.0,1.0
10501099179887713cffc3c1a6ce684a,d2c3e33da47810811e7a6f960cbb8718,pair_dissolved_naturally,exact,exact,1.0,1.0
1055852ca2b40d8dfdd337bb55dc41bc,f90898132f235790e2ef2ea1160b34ef,method_b_deleted,exact,deleted,1.0,
107ae7654b9b0afb30c98a1b99fd01c9,ef3f9fb72a6417b9237ba68211500d99,pair_dissolved_naturally,exact,exact,1.0,1.0
10b497ca1434ea4811dd8c50f82c1633,283f8cff7fea23ec1fa0da6a944981c1,pair_dissolved_naturally,exact,exact,1.0,1.0
10b497ca1434ea4811dd8c50f82c1633,81222283f935bf2261985705d5ae03f8,pair_dissolved_naturally,exact,exact,1.0,1.0
10b497ca1434ea4811dd8c50f82c1633,92f279e5694d605efc356e4915048988,pair_dissolved_naturally,exact,exact,1.0,1.0
10bc23850ae48668ac2ee14453f6f660,30808ba07bdd8463e50bc370da17a38c,pair_dissolved_naturally,exact,exact,1.0,1.0
10bc23850ae48668ac2ee14453f6f660,83b403eaf518c37f0a2b74716b81483f,pair_dissolved_naturally,exact,exact,1.0,1.0
10cb5c81467502a55163acd42013267e,9fc6fab148b4a5ee338d36d271df0a83,pair_dissolved_by_refactoring,exact,signature_changed,1.0,1.0
10e51bccdfbc14208af9923f93992de1,51e8514172351e20c687c73f118678d6,pair_dissolved_naturally,exact,exact,1.0,1.0
10e9f7c7b79013b9f72e76ac684c4c64,82cdaaaec4c35da5454cbe6a42eab47e,pair_dissolved_naturally,exact,exact,1.0,1.0
1118fc8455846a74745f60221c210efd,4bf6374dd32fe7ea6838afd9b968d3db,method_a_deleted,deleted,exact,,1.0
1118fc8455846a74745f60221c210efd,943f1ce4cb73453dae86dfb01d8d9dcd,both_deleted,deleted,deleted,,
113111f3c9c021962ba44c98a584d2d1,35b73fd3811076168098ef1eddc233eb,pair_dissolved_naturally,exact,exact,1.0,1.0
113111f3c9c021962ba44c98a584d2d1,9830ab6cdb05dbbdbb54b17637c57ae3,pair_dissolved_by_refactoring,exact,refactored,1.0,0.76
113111f3c9c021962ba44c98a584d2d1,ae51faa92470d47b33088bab6136e2b3,pair_dissolved_naturally,exact,exact,1.0,1.0
113111f3c9c021962ba44c98a584d2d1,c30700dcf1e4ef69f8300d6d0dd4580c,pair_dissolved_naturally,exact,exact,1.0,1.0
113111f3c9c021962ba44c98a584d2d1,d6e1266ba97db0a6254aef837638999c,pair_dissolved_naturally,exact,exact,1.0,1.0
113337a93a9f08c56a2abff451f5cbef,6bf0c4834ac292b12490d7e64e304f7c,pair_dissolved_naturally,exact,exact,1.0,1.0
113337a93a9f08c56a2abff451f5cbef,af46ec946e8c67a34b150aacc40246f4,pair_dissolved_naturally,exact,exact,1.0,1.0
11366b6619bbbf3b0a9878a27c346805,a103ba868b42da9848c95c1f0b93ab30,pair_dissolved_by_refactoring,renamed,exact,0.96,1.0
11366b6619bbbf3b0a9878a27c346805,c654df1d425134a14c3d66e3be371e26,pair_dissolved_by_refactoring,renamed,exact,0.96,1.0
11413829356ecaff162998788417b7b5,1cf50ffccd227d713d1015553eda1a9b,pair_dissolved_naturally,exact,exact,1.0,1.0
1153c079a3a39d204d72e924c617e2c1,12bf7a4a8ad92e92b2c208234eb70915,pair_dissolved_naturally,exact,unknown,1.0,
117b50069b5cb72cfc22c14be66f44a0,ae51faa92470d47b33088bab6136e2b3,pair_dissolved_naturally,exact,exact,1.0,1.0
119d55f7c935236a4b364c7e5af37d5a,835edaf9509b45df97a3e8269ab9d124,pair_dissolved_naturally,exact,exact,1.0,1.0
11a6cd0708ed090c218fe1471a7a8ed5,c783fe4120bc26886476bf81cbd51431,pair_dissolved_naturally,exact,exact,1.0,1.0
11dcd0665428a7aff4d20ea30c618e8e,3a30309e7e8d250b03916df60cf365f5,pair_dissolved_naturally,exact,unknown,1.0,
11dcd0665428a7aff4d20ea30c618e8e,64911e6b28244510eaa098f47fdac812,pair_dissolved_naturally,exact,exact,1.0,1.0
11e77a64326217e889c88d629e337959,145d0eff236b19d4e4ca80be89d53ec1,pair_dissolved_naturally,exact,exact,1.0,1.0
11e77a64326217e889c88d629e337959,33e8b78bdec7e11d895abbde994a6423,pair_dissolved_naturally,exact,unknown,1.0,
11e77a64326217e889c88d629e337959,3a7c9ec051257fc8eb0a5c841b68f1ba,pair_dissolved_naturally,exact,exact,1.0,1.0
11e77a64326217e889c88d629e337959,7e8ed0790140f5f51ffb6c086bfa5241,pair_dissolved_naturally,exact,exact,1.0,1.0
120f2df3be4ebf159e9ac457b6783b29,27fddbfa4546d2d094f90c0a1fd08095,pair_dissolved_naturally,exact,exact,1.0,1.0
120f2df3be4ebf159e9ac457b6783b29,4ee67a78b290a0c4390b5ddbe023c6c2,pair_dissolved_naturally,exact,exact,1.0,1.0
120f2df3be4ebf159e9ac457b6783b29,5cf9b361e4db63cf8f1cfaa2d0a9debb,pair_dissolved_naturally,exact,exact,1.0,1.0
120f2df3be4ebf159e9ac457b6783b29,602b21eab1eb825a895190edb5adcdae,pair_dissolved_naturally,exact,unknown,1.0,
120f2df3be4ebf159e9ac457b6783b29,64c083a7f0925a987aef26e09a65f2f1,pair_dissolved_naturally,exact,exact,1.0,1.0
120f2df3be4ebf159e9ac457b6783b29,93fbeb688d4e7ce3eb0c76554fb876b0,pair_dissolved_naturally,exact,unknown,1.0,
120f2df3be4ebf159e9ac457b6783b29,96fe1a133e1135002118eb866e39d79a,pair_dissolved_naturally,exact,exact,1.0,1.0
120f2df3be4ebf159e9ac457b6783b29,cff817895e8ac32d2b36cff19bf7f848,pair_dissolved_naturally,exact,unknown,1.0,
120f2df3be4ebf159e9ac457b6783b29,d50ad8f2a7c378ac8295eb0af6d56a72,pair_dissolved_naturally,exact,unknown,1.0,
12172e66a6b6c15b6043fbc9f37b99c5,1a21dab958ffbe4a5469dfa057483c1f,pair_dissolved_by_refactoring,exact,refactored,1.0,0.73
12172e66a6b6c15b6043fbc9f37b99c5,4595d9b728057618d5e9137c85f42a89,pair_dissolved_naturally,exact,exact,1.0,1.0
12172e66a6b6c15b6043fbc9f37b99c5,4e1bc6785818db63dea358aa4d67273c,pair_dissolved_by_refactoring,exact,refactored,1.0,0.76
12172e66a6b6c15b6043fbc9f37b99c5,80e30ce7944bbd4be1e347a5a952e133,method_b_deleted,exact,deleted,1.0,
12172e66a6b6c15b6043fbc9f37b99c5,f56727e542e5847d13427063ec6c7322,pair_dissolved_naturally,exact,exact,1.0,1.0
1236863dc83c35960cce36f00d263eb3,8b824d1bd192c7c620c3f27966635c1e,pair_dissolved_naturally,exact,exact,1.0,1.0
1255440c04ac2f802cdebc0a8b26a525,472d6b4f8f071919152962d912ab3423,pair_dissolved_naturally,exact,exact,1.0,1.0
1255688b25f899181378ea419a30fae7,2ea140cbcbb8b8a78943465526e6a17b,pair_dissolved_naturally,exact,exact,1.0,1.0
1255688b25f899181378ea419a30fae7,ce40506dff460625a97a8b96a79d81a7,pair_dissolved_naturally,exact,exact,1.0,1.0
1264a7c9f46a0000e0a1610449acbf76,8bb52db0d1ea5185f07d62cb31d2ad87,pair_dissolved_naturally,exact,exact,1.0,1.0
1264a7c9f46a0000e0a1610449acbf76,bc84a2a23f9c30aa600319a5834ccef6,pair_dissolved_naturally,exact,exact,1.0,1.0
1264a7c9f46a0000e0a1610449acbf76,e4ee531dbb76f757df9967c6453ca190,pair_dissolved_naturally,exact,exact,1.0,1.0
1264a7c9f46a0000e0a1610449acbf76,fe80c0c2f3cdeb470a791531935bd951,pair_dissolved_naturally,exact,exact,1.0,1.0
1276ae6e7823b0af9be2727be505dd71,bc0b51d057c067cab4b7b9ec3a609940,pair_dissolved_naturally,exact,exact,1.0,1.0
129bd98e71f6a6499d37af57cd7b834a,ae841f7b819265f3b4151bf186531ea2,pair_dissolved_naturally,exact,exact,1.0,1.0
12a13f670d80075dbd172dfd325e4c91,9c3482c7b742ff184ff2504ea4471808,pair_dissolved_by_refactoring,signature_changed,exact,1.0,1.0
12bf7a4a8ad92e92b2c208234eb70915,154ab6f52e6f23e70d17785f27b13ebf,pair_dissolved_naturally,unknown,exact,,1.0
12bf7a4a8ad92e92b2c208234eb70915,295fb9be7dc5ad54d69ba75f7cbfad1e,pair_dissolved_naturally,unknown,unknown,,
12bf7a4a8ad92e92b2c208234eb70915,380340485e245c9134cfbcb848d40635,pair_dissolved_naturally,unknown,exact,,1.0
12bf7a4a8ad92e92b2c208234eb70915,3def4793197d4e5998272654feacf5c0,pair_dissolved_naturally,unknown,unknown,,
12bf7a4a8ad92e92b2c208234eb70915,4ec24ffabe139a46f6b909d32baf8e50,pair_dissolved_naturally,unknown,exact,,1.0
12bf7a4a8ad92e92b2c208234eb70915,59a43c103f3ae999e27e2107d9550030,pair_dissolved_naturally,unknown,exact,,1.0
12bf7a4a8ad92e92b2c208234eb70915,8398f7caa88624afafb45ea4ab2f2f77,pair_dissolved_naturally,unknown,unknown,,
12bf7a4a8ad92e92b2c208234eb70915,ddaa51a37e43c046ade655159c650233,pair_dissolved_naturally,unknown,exact,,1.0
12bf7a4a8ad92e92b2c208234eb70915,e7038c13f215e6cc9d11e440a625eec3,pair_dissolved_by_refactoring,unknown,signature_changed,,0.73
12cfdd107db6bba477ad0e1e171b10ff,2ac492aeeeb403b897a6f4e1bb1260ee,pair_dissolved_naturally,exact,exact,1.0,1.0
12d2e901fd36c5a1ed1a4656ebc01364,b5b54a61c664474a958e27b72574c397,pair_dissolved_naturally,exact,exact,1.0,1.0
12fc46fda274937e2c37d7f6b95fb80b,b4372ff020f1e0145707789e52645c6d,pair_dissolved_naturally,exact,exact,1.0,1.0
1323dd0fe2628ec7e1b995893ecbfd59,d617a2c1795879ad24ba0835798c5d01,pair_dissolved_naturally,exact,exact,1.0,1.0
135d2c015ae5fea39a48ee4c7429829e,992e6748de64b4eaebf7339316da80fd,pair_dissolved_naturally,exact,exact,1.0,1.0
13f4b695f63f8639263b13b57a4a38a8,e90b9a423242cb4032ad0c28080f9fc0,pair_dissolved_naturally,exact,exact,1.0,1.0
1405455289e56ce74279b736a795b478,cb8eeba011db4446af51fbd03fec220c,pair_dissolved_naturally,exact,exact,1.0,1.0
1439a2c79a4a3b6b438380e92ff7ccfd,926928986ae847763e8e1874639a28e8,pair_dissolved_naturally,exact,exact,1.0,1.0
1439a2c79a4a3b6b438380e92ff7ccfd,d711d544c2b6ca6e9bec5ab0b38fd896,pair_dissolved_naturally,exact,exact,1.0,1.0
145b0f67cf90b635bb14eb2209d112a0,528f6af9c69c3984139a51a8a3f37d6b,pair_dissolved_naturally,exact,exact,1.0,1.0
145b4ed998c5f5b459b6c86690daf90b,1ff71ab08db280878e18563b49ea8475,pair_dissolved_by_refactoring,signature_changed,signature_changed,1.0,1.0
145b4ed998c5f5b459b6c86690daf90b,44b75bd44f66841e8d285c47a74c76c1,pair_dissolved_by_refactoring,signature_changed,signature_changed,1.0,1.0
145b4ed998c5f5b459b6c86690daf90b,a159c73968ebbc65ed84cbcdb4906a95,pair_dissolved_by_refactoring,signature_changed,signature_changed,1.0,1.0
145d0eff236b19d4e4ca80be89d53ec1,3a7c9ec051257fc8eb0a5c841b68f1ba,pair_dissolved_naturally,exact,exact,1.0,1.0
145d0eff236b19d4e4ca80be89d53ec1,86b1c77bb7a07c63502819b6abc74aba,pair_dissolved_naturally,exact,exact,1.0,1.0
146227e55b77cf99493ff5aeada8d1f1,2b2813478269fa5e72830931d9de4bcd,pair_dissolved_naturally,exact,exact,1.0,1.0
146227e55b77cf99493ff5aeada8d1f1,37bef374d0518e70e90bb2df30ee0347,pair_dissolved_naturally,exact,exact,1.0,1.0
146227e55b77cf99493ff5aeada8d1f1,5487f70f9eff41dc6fdbf893c6922929,pair_dissolved_naturally,exact,exact,1.0,1.0
146227e55b77cf99493ff5aeada8d1f1,6934b1616e52a7d071d01bce4b111341,pair_dissolved_naturally,exact,exact,1.0,1.0
146227e55b77cf99493ff5aeada8d1f1,ac7d03bc75585d5a8e5338c053cdd15b,pair_dissolved_naturally,exact,exact,1.0,1.0
146227e55b77cf99493ff5aeada8d1f1,ae6f62ddd72c36c0c364b27d3bd7d125,pair_dissolved_naturally,exact,exact,1.0,1.0
146227e55b77cf99493ff5aeada8d1f1,ce0ad43e6f1b8d895685a5fe8d8880bf,pair_dissolved_naturally,exact,exact,1.0,1.0
146a6d48543da04b9883eb3f4de940bb,641799a256a39b9f0698b604931c51c7,pair_dissolved_naturally,exact,exact,1.0,1.0
147c36c9e729d6b8aff6bba133b55ece,2044b3b1f81bc594141253c0bcd27696,pair_dissolved_naturally,exact,exact,1.0,1.0
147c36c9e729d6b8aff6bba133b55ece,9de141462f963a8b9278b26f398a8881,pair_dissolved_naturally,exact,exact,1.0,1.0
147c36c9e729d6b8aff6bba133b55ece,c66dbee8cb83e424b9b6cce98158b7c8,pair_dissolved_naturally,exact,exact,1.0,1.0
14b45ef2f2e46a9b9a69290ebe5a35b7,5b7c560a119ab4b3756bc6d4413dd0fb,pair_dissolved_naturally,exact,exact,1.0,1.0
14b45ef2f2e46a9b9a69290ebe5a35b7,8c7460ea1fdf8de59925b74a606d14f5,pair_dissolved_naturally,exact,exact,1.0,1.0
14b5fc237a1be553d93b9999c219f275,f8c36d02f4eaef60eebbc351da9d82d6,pair_dissolved_naturally,exact,exact,1.0,1.0
14c4d90b743297f25c1f48c6e6f3152a,695f1f8d1cbd7aa96fe5c84ccfbf9226,pair_dissolved_by_refactoring,signature_changed,signature_changed,0.93,0.9
14c4d90b743297f25c1f48c6e6f3152a,dad058a6f1c36566e5d1cd47802ba723,pair_dissolved_by_refactoring,signature_changed,signature_changed,0.93,0.9
14c4d90b743297f25c1f48c6e6f3152a,faa274d4368a2c2792f087b065fc3cce,pair_dissolved_by_refactoring,signature_changed,signature_changed,0.93,0.95
14d1c1ac290031c83f145772b8000f76,f20bf53ccdd48f6a40c75cb97498af65,pair_dissolved_naturally,exact,exact,1.0,1.0
14d969a4d8ff323bb975395f1e8f7065,4355a4d1eedd9dd69e41f87fc04fcace,pair_dissolved_naturally,exact,exact,1.0,1.0
14d969a4d8ff323bb975395f1e8f7065,5a340a4f1eb46bb57d78796dc79e4209,pair_dissolved_naturally,exact,exact,1.0,1.0
14d969a4d8ff323bb975395f1e8f7065,833e34e76f7ebac35ac90e778be0151c,pair_dissolved_naturally,exact,exact,1.0,1.0
14e3c6fa31a01b9d41b22b911281a55a,4bc920881edabcf65777d078ddb39b93,pair_dissolved_naturally,exact,exact,1.0,1.0
14e3c6fa31a01b9d41b22b911281a55a,6cf7f0ad33b5e1f7745a776687939393,pair_dissolved_naturally,exact,exact,1.0,1.0
150e9fc5dad137fc43aa6a8b4c65b504,84aaf3b53c6b881b227097e57223ea72,pair_dissolved_naturally,exact,exact,1.0,1.0
15443d60c32fa917dc591f7831048028,309c86c51c9184eb9eba7f2b0b91a022,both_deleted,deleted,deleted,,
15443d60c32fa917dc591f7831048028,63da99ba2088edae7609b9722c36bcf3,both_deleted,deleted,deleted,,
15443d60c32fa917dc591f7831048028,d563027f13302f3962aa2b5ba17de345,both_deleted,deleted,deleted,,
154aadf162d229a85037c1aa2dc81103,3763133b97b45b616c9eda059ba82e27,pair_dissolved_by_refactoring,exact,refactored,1.0,0.73
154aadf162d229a85037c1aa2dc81103,4595d9b728057618d5e9137c85f42a89,pair_dissolved_naturally,exact,exact,1.0,1.0
154aadf162d229a85037c1aa2dc81103,4e1bc6785818db63dea358aa4d67273c,pair_dissolved_by_refactoring,exact,refactored,1.0,0.76
154aadf162d229a85037c1aa2dc81103,80e30ce7944bbd4be1e347a5a952e133,method_b_deleted,exact,deleted,1.0,
154aadf162d229a85037c1aa2dc81103,f56727e542e5847d13427063ec6c7322,pair_dissolved_naturally,exact,exact,1.0,1.0
155b713d680ecbbf99a76a9be842e0ea,5245532e97a483c0b0295d453147dd48,pair_dissolved_naturally,exact,exact,1.0,1.0
155b713d680ecbbf99a76a9be842e0ea,a98b685e7dae7a92147fb73036651458,pair_dissolved_naturally,exact,exact,1.0,1.0
1568504b577aefb758f031add01d15eb,33eed1846c9ba05d2c5f88387c89fcc0,method_b_deleted,exact,deleted,1.0,
1568504b577aefb758f031add01d15eb,399bf9c2d498cf17c1a9c87f896396b4,method_b_deleted,exact,deleted,1.0,
15753432180fb83a5e4a5da19a5474ce,d4e8b6fe84f0cd5c781afb451760c4a0,method_b_deleted,exact,deleted,1.0,
15753432180fb83a5e4a5da19a5474ce,f659c5e78f96e257b20782a6e9b92ab3,pair_dissolved_naturally,exact,exact,1.0,1.0
15795d2c121c7d27fe42e1b4766217ad,350ec85897faded5d003e19abefba604,pair_dissolved_by_refactoring,exact,refactored,1.0,0.71
15b19a8f80b02496dc5c6625ed962032,21d1e28968cc4a5cf477e5a4d91dbd5a,pair_dissolved_by_refactoring,exact,signature_changed,1.0,0.87
15b25f5f56ec45956577c384ca03a073,244b052e5e3b2e7f8b5da57f8036fe29,pair_dissolved_naturally,unknown,exact,,1.0
15b25f5f56ec45956577c384ca03a073,71d38d59f6d9e9d4a3c06f7f9a3ffba8,pair_dissolved_naturally,unknown,unknown,,
15b25f5f56ec45956577c384ca03a073,8c589aa06047f531da8f3b189a0e237e,pair_dissolved_naturally,unknown,exact,,1.0
15b25f5f56ec45956577c384ca03a073,af82016653af11b26e07fb7b11743060,pair_dissolved_naturally,unknown,exact,,1.0
15b25f5f56ec45956577c384ca03a073,b2d6d3643757f409d5b6314b35f9fe07,pair_dissolved_naturally,unknown,unknown,,
15b25f5f56ec45956577c384ca03a073,eecdbfbdf18397c080054695eec43d80,pair_dissolved_naturally,unknown,exact,,1.0
15b8b666bda140b5bb241363c9986907,78b807be1028a0a0daa7e238bdfc1d09,method_a_deleted,deleted,exact,,1.0
15f06e755a0ea9cb58c6d2a43d53b61c,3e0b3ecc4be7b596342bbd8681af12bd,pair_dissolved_by_refactoring,exact,signature_changed,1.0,0.9
15f06e755a0ea9cb58c6d2a43d53b61c,c08e0039c4eaaf2bd17a9f0115dfe4df,pair_dissolved_by_refactoring,exact,signature_changed,1.0,0.9
15facc1b7f59cfd0df2acca7ddcb8e62,f0cce6612259b0ad8edc16cc8c4cfd79,pair_dissolved_naturally,exact,exact,1.0,1.0
161290c7ddaa7d3e7706e107f8d9b21d,3c4b5c93c767be8d05d732836a2b267c,pair_dissolved_naturally,exact,exact,1.0,1.0
161290c7ddaa7d3e7706e107f8d9b21d,5d176b75d6bba27c6b9bb47a59c2d61b,pair_dissolved_naturally,exact,exact,1.0,1.0
161290c7ddaa7d3e7706e107f8d9b21d,d4f5f5c68835f36ccd7f65d8e5f70fe4,pair_dissolved_naturally,exact,exact,1.0,1.0
162fb31d9b82e65ef8d2d7e3a5c6af56,33a6de84df01d29e4e0e60dba76da407,pair_dissolved_naturally,exact,exact,1.0,1.0
1636653b787a7100e30e469c5bfcefe2,6764ed0df8e7dbdab1c89ccf923044a5,pair_dissolved_naturally,exact,exact,1.0,1.0
1640160d47e64cfbaee7ba4286dfdab6,9bd86d0a67d3078bfa90bbc1d17e3a0f,pair_dissolved_naturally,exact,exact,1.0,1.0
16433a9202ba6c03c5d2cb01207514f3,2420a86178d72448ddc144c73b2771bc,pair_dissolved_naturally,exact,exact,1.0,1.0
16433a9202ba6c03c5d2cb01207514f3,6374c06706d5eec087dcf87872470e17,pair_dissolved_naturally,exact,exact,1.0,1.0
16433a9202ba6c03c5d2cb01207514f3,e5bd2be0d39268d017e306ba127353d5,pair_dissolved_naturally,exact,exact,1.0,1.0
1674b0fb32794bebd6f26cc5843cd635,3952d3347d0bce007cd7117936e686ea,pair_dissolved_by_refactoring,exact,signature_changed,1.0,0.98
1674b0fb32794bebd6f26cc5843cd635,520020af6f73cd44599cbc3146ea8e38,pair_dissolved_naturally,exact,exact,1.0,1.0
1674b0fb32794bebd6f26cc5843cd635,d09fa69c6d5615c26aac2f825b8e7328,pair_dissolved_naturally,exact,exact,1.0,1.0
1674b0fb32794bebd6f26cc5843cd635,f4bc2c1a3e7b97ea1aeb9e72ed649ecc,pair_dissolved_naturally,exact,exact,1.0,1.0
16b807e09ade79f3aeceb53e3f83b83a,b07edd75543fd4a984a4ccda4f13ec77,pair_dissolved_naturally,exact,exact,1.0,1.0
16c158a43eac9d08b37daecccbd98e4f,ca70da4121393031b2c07205a085921e,pair_dissolved_by_refactoring,signature_changed,exact,1.0,1.0
16c1d2e74731c1269a9efd62adf72103,1e4d1e68993f1ac906e5c71ad410dbdd,pair_dissolved_naturally,exact,exact,1.0,1.0
16c1d2e74731c1269a9efd62adf72103,6890f15d0c125d4d8adb5a19c165227e,pair_dissolved_naturally,exact,exact,1.0,1.0
16c1d2e74731c1269a9efd62adf72103,7d94a37e7e0ee544509a2f8087640930,pair_dissolved_naturally,exact,exact,1.0,1.0
16c533b4a8836430836860d9e3255e2a,3479c1c0390d1a46bc96215b82b680d9,pair_dissolved_by_refactoring,unknown,signature_changed,,0.95
16c533b4a8836430836860d9e3255e2a,568ef8009a29dbd3a765f501e1aad8f4,pair_dissolved_naturally,unknown,exact,,1.0
16c533b4a8836430836860d9e3255e2a,9e419f024bc35799abc9c34e9c11c7ac,pair_dissolved_naturally,unknown,exact,,1.0
16c710adeb8a37588a6721f41da4cd82,85969ffded9b03601d5f3ebc8596810b,pair_dissolved_naturally,exact,exact,1.0,1.0
16c710adeb8a37588a6721f41da4cd82,b669fda170807fef36d5f7de39742e39,pair_dissolved_naturally,exact,exact,1.0,1.0
170035582fd4ab80021f6638124270b0,ae5019c63f0fa3171bb640e944efe7ff,pair_dissolved_naturally,exact,exact,1.0,1.0
170cea05a9d48507915bc7a014164a7f,7e5d6474cacca65d664fed688eeb2920,pair_dissolved_by_refactoring,renamed,renamed,0.98,0.95
1713a3bcf6cdefc9a9bba776cb3d05c1,ae51faa92470d47b33088bab6136e2b3,pair_dissolved_naturally,exact,exact,1.0,1.0
1720f905859cbd9e2ea537a04f8b5c06,33eed1846c9ba05d2c5f88387c89fcc0,method_b_deleted,signature_changed,deleted,0.96,
1720f905859cbd9e2ea537a04f8b5c06,399bf9c2d498cf17c1a9c87f896396b4,method_b_deleted,signature_changed,deleted,0.96,
17244d22b5627608ccd75802624d58d1,909b65f7228af7937406685d63b3d739,method_a_deleted,deleted,exact,,1.0
17244d22b5627608ccd75802624d58d1,c376f8ce629b0131484b8dff19e173c5,both_deleted,deleted,deleted,,
174ea3ef83ebf2d37f4ca0543d0538d4,3fd0f7435ab3fa1dc961d6f19a240f41,pair_dissolved_naturally,exact,exact,1.0,1.0
17556587001dea0c8a5cb16dbf048908,2ee9d2854f86396798c8b617156d43a9,pair_dissolved_naturally,exact,exact,1.0,1.0
178e4f1fa834b1480da79144cec7b0e9,31c7a7a4ee4da8bfd50a17eb03e53781,pair_dissolved_by_refactoring,exact,signature_changed,1.0,0.91
178e4f1fa834b1480da79144cec7b0e9,3479c1c0390d1a46bc96215b82b680d9,pair_dissolved_by_refactoring,exact,signature_changed,1.0,0.95
178e4f1fa834b1480da79144cec7b0e9,a619d0f668a5e475a302f7986ead3502,pair_dissolved_by_refactoring,exact,signature_changed,1.0,0.91
178e4f1fa834b1480da79144cec7b0e9,b7d35be870963a348aac369fc15e9a68,pair_dissolved_naturally,exact,exact,1.0,1.0
17d8b076cf76feb681738f1b572a7050,41d3fede7a50a6d6f7bf82d8ae19ffc0,pair_dissolved_by_refactoring,signature_changed,signature_changed,1.0,1.0
17d8b076cf76feb681738f1b572a7050,8c99a7e4581a17ad85d6308925e9b57e,pair_dissolved_by_refactoring,signature_changed,signature_changed,1.0,1.0
17d8b076cf76feb681738f1b572a7050,ef3bcf6504c6bfc6d6f523d22ef03991,pair_dissolved_by_refactoring,signature_changed,signature_changed,1.0,1.0
17dd8ba20e04f09480c193ec7c5dca28,45afbc85c4ec0dac3d14526cfbb54995,pair_dissolved_naturally,exact,exact,1.0,1.0
17dd8ba20e04f09480c193ec7c5dca28,6f23cdb9dc9740531390e1f55ae64241,pair_dissolved_naturally,exact,exact,1.0,1.0
17dd8ba20e04f09480c193ec7c5dca28,9878b676f46b9bd7147f3307c6b28d8f,pair_dissolved_naturally,exact,exact,1.0,1.0
17e7459c6ee739f1aa66aff76ad7da51,21ae410c00e01af21a549e9b58ab8b41,pair_dissolved_by_refactoring,signature_changed,exact,0.95,1.0
17e7459c6ee739f1aa66aff76ad7da51,267780011d03c783e98991b0706adb9f,pair_dissolved_by_refactoring,signature_changed,signature_changed,0.95,0.95
17e7459c6ee739f1aa66aff76ad7da51,39f432590c4593713ea237afb054e922,pair_dissolved_by_refactoring,signature_changed,exact,0.95,1.0
17e7459c6ee739f1aa66aff76ad7da51,441361a97c577adecb2fb61e4945bfdd,pair_dissolved_by_refactoring,signature_changed,signature_changed,0.95,0.95
17e7459c6ee739f1aa66aff76ad7da51,4b0f0af83e240d1fd854b962cef0ff4d,pair_dissolved_by_refactoring,signature_changed,signature_changed,0.95,0.95
17e7459c6ee739f1aa66aff76ad7da51,69fe7bd84d75621d8aad358c8c263c7b,pair_dissolved_by_refactoring,signature_changed,signature_changed,0.95,0.98
17e7459c6ee739f1aa66aff76ad7da51,7906b68dc18c32211d09332183283408,pair_dissolved_by_refactoring,signature_changed,signature_changed,0.95,0.95
17e7459c6ee739f1aa66aff76ad7da51,82c244d66e0c1839b31b2b59cd4e8638,pair_dissolved_by_refactoring,signature_changed,exact,0.95,1.0
17e7459c6ee739f1aa66aff76ad7da51,890d73f1af96173568e900bbe753ab61,pair_dissolved_by_refactoring,signature_changed,signature_changed,0.95,0.98
17e7459c6ee739f1aa66aff76ad7da51,8b2253722f6f45d50df17bc1a54a6af8,pair_dissolved_by_refactoring,signature_changed,signature_changed,0.95,0.98
17e7459c6ee739f1aa66aff76ad7da51,938b8e76142512a26f19b940e62e4da3,pair_dissolved_by_refactoring,signature_changed,signature_changed,0.95,0.98
17e7459c6ee739f1aa66aff76ad7da51,a232c00d3c032c1dcb9960a03a2af02a,pair_dissolved_by_refactoring,signature_changed,signature_changed,0.95,0.98
17e7459c6ee739f1aa66aff76ad7da51,a6f85f9146258be22899e29bafa6ddbe,pair_dissolved_by_refactoring,signature_changed,signature_changed,0.95,0.98
17e7459c6ee739f1aa66aff76ad7da51,bc9351e25302126e2ccd26946c097596,pair_dissolved_by_refactoring,signature_changed,signature_changed,0.95,0.95
17e7459c6ee739f1aa66aff76ad7da51,e935c1fd6cffb270214c37264e137271,pair_dissolved_by_refactoring,signature_changed,signature_changed,0.95,0.96
17e7459c6ee739f1aa66aff76ad7da51,f411c7f6ede16471367d8f59777caeba,pair_dissolved_by_refactoring,signature_changed,exact,0.95,1.0
17e7459c6ee739f1aa66aff76ad7da51,fe4d451f78df4b2efac5fad1ac613fc9,pair_dissolved_by_refactoring,signature_changed,signature_changed,0.95,0.96
17e7459c6ee739f1aa66aff76ad7da51,fe54424f7bb37eaf31149edd5e038981,pair_dissolved_by_refactoring,signature_changed,signature_changed,0.95,0.98
1840985d6ab00dfea9ba8427b966ecbf,3f848d0c33352014b6614c09f16f36b9,pair_dissolved_naturally,exact,exact,1.0,1.0
1840985d6ab00dfea9ba8427b966ecbf,a690a866f58b5bb40e0e9fc87266adf5,pair_dissolved_naturally,exact,exact,1.0,1.0
18548712a2ed1642f7e807914029f01e,9fdfe0d89edd44eeaad3306e4f12abbf,pair_dissolved_naturally,exact,exact,1.0,1.0
1864bdc0f40ddb310724bf4923f9019e,a690a866f58b5bb40e0e9fc87266adf5,pair_dissolved_naturally,exact,exact,1.0,1.0
1874d04965cb06f216c021b790b43ba8,446f392ed509fe45f765f45be6bd3af1,pair_dissolved_naturally,exact,exact,1.0,1.0
187cb701fb11b2be1a28126cc5e3c48f,25fc882eb405357b2d41a5c4557b0d4a,pair_dissolved_naturally,exact,exact,1.0,1.0
18ae5d9b0a191eab7bd3393e7c58b5fb,4bf6374dd32fe7ea6838afd9b968d3db,method_a_deleted,deleted,exact,,1.0
18ae5d9b0a191eab7bd3393e7c58b5fb,943f1ce4cb73453dae86dfb01d8d9dcd,both_deleted,deleted,deleted,,
18ae5d9b0a191eab7bd3393e7c58b5fb,cd0b06817e5361b439ade6f5710f027a,both_deleted,deleted,deleted,,
18aecee163a7d87dc51a10d9bf251db6,4f5e063765526c2987b09d15bd15903e,pair_dissolved_naturally,exact,exact,1.0,1.0
18aecee163a7d87dc51a10d9bf251db6,5c2e4f7cbed894384a362137c82101cf,pair_dissolved_naturally,exact,exact,1.0,1.0
18aecee163a7d87dc51a10d9bf251db6,83fb50b8337587a87a5fb5d21894af6b,pair_dissolved_naturally,exact,exact,1.0,1.0
18aecee163a7d87dc51a10d9bf251db6,c629455c9df6ed8d1919c2cf78c84cf4,pair_dissolved_by_refactoring,exact,signature_changed,1.0,0.97
18aecee163a7d87dc51a10d9bf251db6,ea56ba008209154893e9b145074b6da0,pair_dissolved_naturally,exact,exact,1.0,1.0
18c4d82a4ed8972effc0021af032e2a0,764e87cd57f27de7ab28e62f0f7dfa28,pair_dissolved_naturally,exact,exact,1.0,1.0
18d345087279b2a83bb860aca8491e65,6f690d18d7c1c646da770d891a123ea3,pair_dissolved_naturally,exact,exact,1.0,1.0
18f32fb68527d4f50b378446ca4eda62,4bcb93b715ab97a1d6ffded0120ce745,method_a_deleted,deleted,refactored,,0.7
18f32fb68527d4f50b378446ca4eda62,81108092f771045251002acba0cc6218,both_deleted,deleted,deleted,,
18f32fb68527d4f50b378446ca4eda62,84c80c811a2f137e86cde5902fb83d65,both_deleted,deleted,deleted,,
18f32fb68527d4f50b378446ca4eda62,a9f3dbcebd5633fb6964f61e8a78e4d8,method_a_deleted,deleted,exact,,1.0
18fd95dfba8171569662e899de9a8c15,55e187efb0e00eec8d83c1146ebd5df9,pair_dissolved_naturally,exact,unknown,1.0,
19101975e139c614bd4dbf829c0c56d6,a06945b5347874c9674c5504a0a0f755,pair_dissolved_naturally,exact,exact,1.0,1.0
191e321f282f1ade15b50e7439615d6e,298dad919c98c5fd1360436fa4ce06a3,pair_dissolved_naturally,exact,exact,1.0,1.0
191e321f282f1ade15b50e7439615d6e,8f627a5c3572c7f24c3b858ff2993cbe,pair_dissolved_naturally,exact,exact,1.0,1.0
191e321f282f1ade15b50e7439615d6e,c7f41b8bcfd5562867a8b4c9b94424f4,pair_dissolved_naturally,exact,exact,1.0,1.0
192e6aa4e89f1af5c9b3ee9fa9351289,8b7b2b83ec72a1bd2c6af9da34598a03,pair_dissolved_naturally,exact,unknown,1.0,
192e6aa4e89f1af5c9b3ee9fa9351289,e0a331bdbb67913b2d5b47be4c8a6baa,pair_dissolved_naturally,exact,unknown,1.0,
1931e7eb430632834eeebab7fd3b5a43,56e7f5ca6268481e3917d1803a771e5b,pair_dissolved_naturally,exact,exact,1.0,1.0
1931e7eb430632834eeebab7fd3b5a43,c0e09d1201f258d38919ca72257a0bb3,pair_dissolved_naturally,exact,exact,1.0,1.0
1931e7eb430632834eeebab7fd3b5a43,c291f23a7544dfdedef8703dd485aa6b,pair_dissolved_naturally,exact,exact,1.0,1.0
1931e7eb430632834eeebab7fd3b5a43,f3550595aa189744c331aee964755929,pair_dissolved_naturally,exact,exact,1.0,1.0
19564c2fbfe401a6e221bc19641d90b2,d98e5faaee199749db6b8f23d88b292a,pair_dissolved_naturally,exact,exact,1.0,1.0
196103a67ede8ff9bf69514b6ca9430d,648b513c627056eefb0a80209cf1bf36,pair_dissolved_naturally,exact,exact,1.0,1.0
196103a67ede8ff9bf69514b6ca9430d,bada92beab6a2e9847aa3b3341f55d80,pair_dissolved_naturally,exact,exact,1.0,1.0
1980e474a3fa09a6daa165bc91e6e8f1,8fa622f859eff88c102476d154a21f5c,pair_dissolved_naturally,exact,exact,1.0,1.0
1980e474a3fa09a6daa165bc91e6e8f1,cf64c9af8b58fcaa10ec7f421356f731,pair_dissolved_naturally,exact,exact,1.0,1.0
19921b7b48d3c17a33fe07aba3cda8ab,424beb97fe7c0b54a6c94c64221d081d,pair_dissolved_naturally,exact,exact,1.0,1.0
1992a97d728c3750dbda70552d2d8d88,48af0a29e9517d8012711f3fd0145c04,pair_dissolved_naturally,exact,exact,1.0,1.0
19a20ccf88eb41a05e3a537565d3f52a,d745b60dad98eedb6208407a27611fa7,method_b_deleted,exact,deleted,1.0,
19bf469fb33340beda28522d42ccfa3e,1d10a4937773adc3915be8b4fc1ab961,pair_dissolved_naturally,exact,exact,1.0,1.0
19bf469fb33340beda28522d42ccfa3e,38b901547f010aa7c18fbfd367e159f2,pair_dissolved_naturally,exact,exact,1.0,1.0
19bf469fb33340beda28522d42ccfa3e,53cfe800d2fb1f74954c5e92c7353ed7,pair_dissolved_naturally,exact,exact,1.0,1.0
19bf469fb33340beda28522d42ccfa3e,fa528f8ca959d43b63c4fe52cc31c4b7,pair_dissolved_naturally,exact,exact,1.0,1.0
19cc2255059cc6d991f32ee8da99a333,22c9d133e90983ecde2136047ffc791d,pair_dissolved_naturally,exact,exact,1.0,1.0
19cc2255059cc6d991f32ee8da99a333,7a63fa6b77758dcec8fc80254c2b0ebc,pair_dissolved_naturally,exact,exact,1.0,1.0
19ce33d4c2982ce596519391615864ac,54060a00c6c12bd9558e575ed414a99a,pair_dissolved_naturally,exact,exact,1.0,1.0
19d6f4fe03c4757ae7f2fd1eb35a062e,33809a22da20cc1efaf2cca5d7c06027,pair_dissolved_naturally,exact,exact,1.0,1.0
19d6f4fe03c4757ae7f2fd1eb35a062e,3dd8b423c45e594609a99981f671f7d4,pair_dissolved_naturally,exact,exact,1.0,1.0
19d6f4fe03c4757ae7f2fd1eb35a062e,4849adf442ae5318601f1b81541946a8,pair_dissolved_naturally,exact,exact,1.0,1.0
19d6f4fe03c4757ae7f2fd1eb35a062e,48e19a6dcbabaa0ef31e8393ef628af2,pair_dissolved_naturally,exact,exact,1.0,1.0
19d6f4fe03c4757ae7f2fd1eb35a062e,66661f5978f62fa2ab352bec7d3d4b20,pair_dissolved_naturally,exact,exact,1.0,1.0
19d6f4fe03c4757ae7f2fd1eb35a062e,67949c2ab33fc56d7fa3dd18dbdb50c4,pair_dissolved_naturally,exact,exact,1.0,1.0
19d6f4fe03c4757ae7f2fd1eb35a062e,82cdaaaec4c35da5454cbe6a42eab47e,pair_dissolved_naturally,exact,exact,1.0,1.0
19d6f4fe03c4757ae7f2fd1eb35a062e,8f45b1ea1b4cf7ccbf25444bbd62deb8,pair_dissolved_naturally,exact,exact,1.0,1.0
19d6f4fe03c4757ae7f2fd1eb35a062e,9bc4f1616ee7b9aaf1c95ad770e231e3,pair_dissolved_naturally,exact,exact,1.0,1.0
19d6f4fe03c4757ae7f2fd1eb35a062e,ac694b71a429f47cd5d5e448aedea94f,pair_dissolved_naturally,exact,exact,1.0,1.0
19d6f4fe03c4757ae7f2fd1eb35a062e,ad6aed1916bfa26e32f013b93a62a508,pair_dissolved_naturally,exact,exact,1.0,1.0
19d6f4fe03c4757ae7f2fd1eb35a062e,ae3230aa417a7af3e76db220d113b5f6,pair_dissolved_naturally,exact,exact,1.0,1.0
19d6f4fe03c4757ae7f2fd1eb35a062e,b0b4fc9b3b31954832d600fc324bfdb7,pair_dissolved_naturally,exact,exact,1.0,1.0
19d6f4fe03c4757ae7f2fd1eb35a062e,ba4fc391bce87747250cc2f7550e5630,pair_dissolved_naturally,exact,exact,1.0,1.0
19d6f4fe03c4757ae7f2fd1eb35a062e,c0fba321d570ea461cfa9be8a4595690,pair_dissolved_naturally,exact,exact,1.0,1.0
19d6f4fe03c4757ae7f2fd1eb35a062e,dd43ed4a73d10067f970cdf0bd49032b,pair_dissolved_naturally,exact,exact,1.0,1.0
19d6f4fe03c4757ae7f2fd1eb35a062e,e1706a287f57f107a47a41d4af582a80,pair_dissolved_naturally,exact,exact,1.0,1.0
19d6f4fe03c4757ae7f2fd1eb35a062e,f2e7fe02404be9588d2d28ee20f96dd9,pair_dissolved_naturally,exact,exact,1.0,1.0
19d6f4fe03c4757ae7f2fd1eb35a062e,ffe535651d2f213222ed3629cd8f5e47,pair_dissolved_naturally,exact,exact,1.0,1.0
19dc261b1dc73a6fb008123085f7f701,ee74f812e0b814c8a838aaa4dc2011da,pair_dissolved_naturally,exact,exact,1.0,1.0
1a074cd1de7f00ce93d4d708204e7ed4,b45fab6dedb450edc8092418f106a567,method_b_deleted,exact,deleted,1.0,
1a074cd1de7f00ce93d4d708204e7ed4,d440aca3d0c1ce8e700e00b99bbb703e,method_b_deleted,exact,deleted,1.0,
1a21dab958ffbe4a5469dfa057483c1f,3763133b97b45b616c9eda059ba82e27,pair_dissolved_by_refactoring,refactored,refactored,0.73,0.73
1a21dab958ffbe4a5469dfa057483c1f,4e1bc6785818db63dea358aa4d67273c,pair_dissolved_by_refactoring,refactored,refactored,0.73,0.76
1a21dab958ffbe4a5469dfa057483c1f,50a5994df6dcd51fc07cc54dc2be41b6,pair_dissolved_by_refactoring,refactored,refactored,0.73,0.8
1a21dab958ffbe4a5469dfa057483c1f,520020af6f73cd44599cbc3146ea8e38,pair_dissolved_by_refactoring,refactored,exact,0.73,1.0
1a21dab958ffbe4a5469dfa057483c1f,5504c5cbd0718cd7df1ccc39b284b553,pair_dissolved_by_refactoring,refactored,refactored,0.73,0.73
1a21dab958ffbe4a5469dfa057483c1f,71e3dc7756a0f15a43c8f0991ee8ef0f,pair_dissolved_by_refactoring,refactored,refactored,0.73,0.73
1a21dab958ffbe4a5469dfa057483c1f,80e30ce7944bbd4be1e347a5a952e133,method_b_deleted,refactored,deleted,0.73,
1a21dab958ffbe4a5469dfa057483c1f,91c78157438767829d1f1aaeb8d69bc5,pair_dissolved_by_refactoring,refactored,refactored,0.73,0.73
1a21dab958ffbe4a5469dfa057483c1f,d09fa69c6d5615c26aac2f825b8e7328,pair_dissolved_by_refactoring,refactored,exact,0.73,1.0
1a21dab958ffbe4a5469dfa057483c1f,e8fab3b0104e8680b5767566a418db6e,pair_dissolved_by_refactoring,refactored,exact,0.73,1.0
1a21dab958ffbe4a5469dfa057483c1f,fbb9bfc9cd9f39c7ca696149b61ba450,pair_dissolved_by_refactoring,refactored,refactored,0.73,0.8
1a2f6f40a44e5c74c7b75489151cd536,4ab0b48fb15f26c4d0cb91516f729b5b,pair_dissolved_naturally,exact,exact,1.0,1.0
1af30de01f08d20226d2584a877a9d51,fe9068b5559614f5af5fafc06d5c4201,pair_dissolved_naturally,exact,exact,1.0,1.0
1b22ea42645cf784b68b7385fb41d78b,f016420cf91592c713940e7d15f2ba30,pair_dissolved_naturally,exact,exact,1.0,1.0
1b2614d90bcf3ee2acdd5d6628b0cf79,fb36b14c1848b7b0a76aaeb35cd8e0f7,pair_dissolved_naturally,exact,exact,1.0,1.0
1b3d977a50c221bec5fd8d092b9114db,63d1b342e0d939b9a1c2a05cf349f1af,method_b_deleted,exact,deleted,1.0,
1b3d977a50c221bec5fd8d092b9114db,a7d3391913fb374d238fd49e5c7c796f,pair_dissolved_by_refactoring,exact,refactored,1.0,0.76
1b3d977a50c221bec5fd8d092b9114db,cc55a32a2141132f065798022cf031be,method_b_deleted,exact,deleted,1.0,
1b3d977a50c221bec5fd8d092b9114db,ee4571f3a31b5160523e605408464f52,method_b_deleted,exact,deleted,1.0,
1b3d977a50c221bec5fd8d092b9114db,fbbd917ae31402d94b56df4ff5062e55,pair_dissolved_by_refactoring,exact,refactored,1.0,0.74
1b4befa8e53727e4695b324afba99d02,b0bbaca61b23247a5a3e75c198c063ed,pair_dissolved_naturally,exact,exact,1.0,1.0
1b778083f31566948ff0f14af6f88ec3,f1183faab9264704b93013c4bf8a727e,pair_dissolved_naturally,exact,exact,1.0,1.0
1bae37e370e82a73cbef3dfc7abf7804,a6a2acb6462d8db5a5579e76b393c14c,pair_dissolved_by_refactoring,signature_changed,unknown,1.0,
1bb344d667b3609d6d2ab04dbcd45418,23d0881bd4036015b9fd8b1328e39189,pair_dissolved_naturally,exact,exact,1.0,1.0
1bc19e02e4f53980490f07981b50be6c,7c8ea462b28d0db4130979f087d1319f,pair_dissolved_by_refactoring,signature_changed,signature_changed,0.98,0.96
1bc19e02e4f53980490f07981b50be6c,8782ed19f55efb2726e8c5e09c96e748,pair_dissolved_by_refactoring,signature_changed,signature_changed,0.98,1.0
1bc4a02acd175c5cda76d6376b2ece3a,6c62c84adf44a2b7ed0b9db45a0a9a00,pair_dissolved_naturally,exact,exact,1.0,1.0
1bcf0c9fbd515e1fbb0e2e1b7b9c48cd,3ebf2701685f40aaf1d7b01f0a29375a,pair_dissolved_naturally,exact,exact,1.0,1.0
1bcf0c9fbd515e1fbb0e2e1b7b9c48cd,ad2dd7120ace2c7fe890949cb6a5411b,pair_dissolved_naturally,exact,exact,1.0,1.0
1bdfe2f6773a7201de8ac9b4adca53cd,2f656dd7f8508b07f294eb142e4a6f56,pair_dissolved_naturally,exact,exact,1.0,1.0
1bffd23320082512121c0d825c60dbcc,aa6e8e25c87db1d55c5d2e0cbdf74bbf,pair_dissolved_naturally,exact,exact,1.0,1.0
1c183102d94c6566164a3eb45e89c3f0,486f594eee58df9cf271493d38dcedbd,pair_dissolved_naturally,exact,exact,1.0,1.0
1c183102d94c6566164a3eb45e89c3f0,a03ac29e3646c2e6f7f3a505af8623f9,pair_dissolved_naturally,exact,exact,1.0,1.0
1c420c1b4aa05fd98147701fced3e0d9,4203db822f24f9912d6cef19eab4967b,pair_dissolved_naturally,exact,exact,1.0,1.0
1c420c1b4aa05fd98147701fced3e0d9,7b66166e27d2f03e270e64ff1625c009,pair_dissolved_naturally,exact,exact,1.0,1.0
1c420c1b4aa05fd98147701fced3e0d9,c7cc9cf1369dd1ce63f57de7ddc7fbcc,pair_dissolved_naturally,exact,exact,1.0,1.0
1c420c1b4aa05fd98147701fced3e0d9,f1a3b55265667545142e8b72b2a6fdfa,pair_dissolved_naturally,exact,exact,1.0,1.0
1c5935ad650f34552a0aea8328a76679,1c5935ad650f34552a0aea8328a76679,both_deleted,deleted,deleted,,
1c5935ad650f34552a0aea8328a76679,32a1c0aa8702fa5ea84ab70c13c7efcb,both_deleted,deleted,deleted,,
1c5935ad650f34552a0aea8328a76679,48b771b6c3db702f8abca2abdf7c7e1a,both_deleted,deleted,deleted,,
1c5935ad650f34552a0aea8328a76679,5a18a40d3fbffe090d12abd76f7eba37,method_a_deleted,deleted,exact,,1.0
1c5935ad650f34552a0aea8328a76679,76516c7cd9b0344096801a5bd5694217,both_deleted,deleted,deleted,,
1c5935ad650f34552a0aea8328a76679,b8f047932da5d6c177d0f31de5d74f1f,method_a_deleted,deleted,unknown,,
1c5935ad650f34552a0aea8328a76679,b97cb80446d3dfb364012c2cb6444e09,method_a_deleted,deleted,exact,,1.0
1c5935ad650f34552a0aea8328a76679,f556a25ccf447a533c52b2d9896a7c6b,method_a_deleted,deleted,exact,,1.0
1c5935ad650f34552a0aea8328a76679,fa8dca131b026a4712694e90ea49c37c,both_deleted,deleted,deleted,,
1c5f33153476effce665830069aa096c,82bb4df593d5bb97096ff64e2d222304,pair_dissolved_by_refactoring,signature_changed,exact,1.0,1.0
1c72aa73afebf2e36300c4bf159f2a7e,9830ab6cdb05dbbdbb54b17637c57ae3,pair_dissolved_by_refactoring,exact,refactored,1.0,0.76
1c72aa73afebf2e36300c4bf159f2a7e,f75e02d1787420e5d1aaaa17cce6fcd1,pair_dissolved_naturally,exact,exact,1.0,1.0
1c7634b99947ce29183c4206d9742180,99d29f9c2e3a022962d4adb9279d954d,pair_dissolved_naturally,exact,unknown,1.0,
1c7634b99947ce29183c4206d9742180,e3d47358ab4ca5812135c982451dd5df,pair_dissolved_naturally,exact,exact,1.0,1.0
1cd849a234f4a059e98003c18c2c93b7,878d419e429240f6b111c205f5df1c9c,pair_dissolved_naturally,exact,exact,1.0,1.0
1cfa79220fe1ad174d0442eef7c3fd9f,33eed1846c9ba05d2c5f88387c89fcc0,method_b_deleted,exact,deleted,1.0,
1cfa79220fe1ad174d0442eef7c3fd9f,399bf9c2d498cf17c1a9c87f896396b4,method_b_deleted,exact,deleted,1.0,
1d10a4937773adc3915be8b4fc1ab961,38b901547f010aa7c18fbfd367e159f2,pair_dissolved_naturally,exact,exact,1.0,1.0
1d10a4937773adc3915be8b4fc1ab961,53cfe800d2fb1f74954c5e92c7353ed7,pair_dissolved_naturally,exact,exact,1.0,1.0
1d10a4937773adc3915be8b4fc1ab961,fa528f8ca959d43b63c4fe52cc31c4b7,pair_dissolved_naturally,exact,exact,1.0,1.0
1d223e4dfe80353f39f56b702f78ef58,ab7806a566fb2247b3ef82b53f93be5e,pair_dissolved_naturally,exact,exact,1.0,1.0
1d2693e3db669d75630056cf4cb3a4cb,c6d09c3bb2453a5e69778f0e8d922269,pair_dissolved_naturally,exact,exact,1.0,1.0
1d2a47a0f15f1104de531891d9044cc8,22417c188d91e988fc78d5129e0669a8,pair_dissolved_by_refactoring,exact,signature_changed,1.0,0.98
1d2a47a0f15f1104de531891d9044cc8,268c03e9f7ba08ddc1f44858db92bcf4,pair_dissolved_naturally,exact,exact,1.0,1.0
1d370da1953d4eff88a29752fbb42475,40f1ec8d84e90f0a94a46137b1f194f6,pair_dissolved_naturally,exact,exact,1.0,1.0
1d54cfa51217c384840ade3e3f539f22,22dc1f56f00d3a8c53c0b9fbc4b90680,pair_dissolved_naturally,exact,exact,1.0,1.0
1d59ebd596529e3f6be6404da13b95fc,7f89aca3b7589c477e33ad796e72bffd,method_a_deleted,deleted,unknown,,
1d59ebd596529e3f6be6404da13b95fc,c8ee0cf4035d238ff36a727fefc99ad6,method_a_deleted,deleted,unknown,,
1d5f21c620a4283afde6577466a30b43,f32c6aa7ccc08d161300afde77fe180c,pair_dissolved_naturally,unknown,exact,,1.0
1d76d1d586efc557652fbbc37fcde537,9e1dce5be32792884c73536bd5acfc66,method_b_deleted,exact,deleted,1.0,
1d8d211d37b9108e5279e04aab219403,5be34dadd6c8c8b92aad4a26821f2cb7,pair_dissolved_naturally,exact,exact,1.0,1.0
1d8d211d37b9108e5279e04aab219403,7b8f0adee2074643d1ef280ef06b0eba,pair_dissolved_naturally,exact,exact,1.0,1.0
1d8d211d37b9108e5279e04aab219403,a527bdf8b2adf0e93349398a841d4764,pair_dissolved_naturally,exact,exact,1.0,1.0
1d8d211d37b9108e5279e04aab219403,cb127124392965eed7e985fcb78ae611,pair_dissolved_by_refactoring,exact,signature_changed,1.0,0.94
1d8d211d37b9108e5279e04aab219403,cca479dc56e5579d8e7b84f21d3a4b8e,pair_dissolved_naturally,exact,exact,1.0,1.0
1d8d211d37b9108e5279e04aab219403,efb27db69d41551b6f38e30d37578fc3,pair_dissolved_naturally,exact,exact,1.0,1.0
1d927bcb212093689fe2d4c587823dff,65449090cb0abb8273c106bc1da5508b,pair_dissolved_by_refactoring,exact,moved,1.0,1.0
1dc21ae8b3d58b510f3fb4d78c3f2bf2,f659c5e78f96e257b20782a6e9b92ab3,pair_dissolved_naturally,exact,exact,1.0,1.0
1dcc58df7a34cf03e830ab46f5c1ae39,393318e5c25cd09485ce488815ae0588,pair_dissolved_naturally,exact,exact,1.0,1.0
1de369b21e775260dafc62680b8f8f49,7645586ef43277564853e2d2065c6ae3,pair_dissolved_naturally,exact,exact,1.0,1.0
1deb559fb01177335a7d8ac261e3a7c6,810cd56fb868b5b79caafed2819d3a1d,pair_dissolved_naturally,exact,exact,1.0,1.0
1e32f4282879a299a69cf17331cf0027,e530e686b89f2da1b95ed317c8bbad33,pair_dissolved_naturally,exact,exact,1.0,1.0
1e4d1e68993f1ac906e5c71ad410dbdd,6890f15d0c125d4d8adb5a19c165227e,pair_dissolved_naturally,exact,exact,1.0,1.0
1e4d1e68993f1ac906e5c71ad410dbdd,7d94a37e7e0ee544509a2f8087640930,pair_dissolved_naturally,exact,exact,1.0,1.0
1e4e3a294ed53cc3de7330893e0f82bc,927b403bec1374ee04d58b7c613a2fdc,pair_dissolved_naturally,exact,exact,1.0,1.0
1e5d42041c3e1d032eec0e8c9e45b7a7,41c4e09d53759d377052de39ea973a36,pair_dissolved_by_refactoring,signature_changed,signature_changed,0.98,0.98
1eedb56ef5be1697d4ef2f93700153cd,a6e51519e990dc5df8fa9bdaf38a4896,pair_dissolved_naturally,exact,exact,1.0,1.0
1f101b8a4f27cca24328b512117e0d29,48b1a79a80f7bc36cb9472fdbd03788a,pair_dissolved_naturally,exact,exact,1.0,1.0
1f101b8a4f27cca24328b512117e0d29,9e15ce7a865f965468765414062f3f60,pair_dissolved_naturally,exact,exact,1.0,1.0
1f101b8a4f27cca24328b512117e0d29,c6cf59be302eb14518d4ea681ffe84c2,pair_dissolved_naturally,exact,exact,1.0,1.0
1f141459c05485be3e7ab4eda2712f90,7f1723674384e0ba656c6ca833288b08,pair_dissolved_by_refactoring,exact,signature_changed,1.0,1.0
1f1e6936735da4bc208af943acb60899,33eed1846c9ba05d2c5f88387c89fcc0,method_b_deleted,exact,deleted,1.0,
1f1e6936735da4bc208af943acb60899,399bf9c2d498cf17c1a9c87f896396b4,method_b_deleted,exact,deleted,1.0,
1f1e6936735da4bc208af943acb60899,c48df99c18fc422b32706976490b4a38,pair_dissolved_naturally,exact,exact,1.0,1.0
1f22ad04d2d73608e0fd80db83377adb,7e492c9fda0abc140729c416625accfe,pair_dissolved_by_refactoring,renamed,renamed,0.96,0.96
1f22ad04d2d73608e0fd80db83377adb,a103ba868b42da9848c95c1f0b93ab30,pair_dissolved_by_refactoring,renamed,exact,0.96,1.0
1f22ad04d2d73608e0fd80db83377adb,c654df1d425134a14c3d66e3be371e26,pair_dissolved_by_refactoring,renamed,exact,0.96,1.0
1f2b822dd1b27625b76609f928108e34,d36d64f8d55e97a42a89f47b13647d47,pair_dissolved_naturally,exact,exact,1.0,1.0
1f5204d34921847a99fcb2de60ca8f02,9fa128405eb5ae670fda99ac490b6056,pair_dissolved_naturally,exact,exact,1.0,1.0
1f7b9cd6aacac630972fc851ed6f27a8,7b6eeef77824a511c82f3b27ee07f180,pair_dissolved_naturally,exact,exact,1.0,1.0
1f7b9cd6aacac630972fc851ed6f27a8,b7623f1bf0746aa9684a2f01342c7f27,pair_dissolved_naturally,exact,exact,1.0,1.0
1f7b9cd6aacac630972fc851ed6f27a8,c822527a6dbbb7824fa575334e6c0a10,pair_dissolved_naturally,exact,exact,1.0,1.0
1f95bbf20f1c4c9ff91d699169256e50,32a5b5478e85dc3764c6b99d9d588ac6,pair_dissolved_naturally,exact,exact,1.0,1.0
1f96da3edb9635117ad9e0b7da6e92f0,b742bc90f6388729a4ac8d197de218d9,pair_dissolved_naturally,exact,exact,1.0,1.0
1fba98c14460be315e3214d59a4979fa,296d73083c4c8e9b8abb10224e72c32b,pair_dissolved_naturally,exact,exact,1.0,1.0
1fd1d463a99e4ece20fec06dc7bf2037,8854e606f429f6bbf47f9ac9f5e3b941,pair_dissolved_naturally,exact,exact,1.0,1.0
1fdf2fa159fbcc8d9e7524de3b00635f,261f458b0dd7a2c62cee4986a10fe0fc,both_deleted,deleted,deleted,,
1fdf2fa159fbcc8d9e7524de3b00635f,34b3845ed1c1ccf329acd32a7917e009,both_deleted,deleted,deleted,,
1fdf2fa159fbcc8d9e7524de3b00635f,3a74c493831357214b40aa6d077dc9f8,method_a_deleted,deleted,signature_changed,,0.89
1fdf2fa159fbcc8d9e7524de3b00635f,5c73425bbd692819cac0b6862e7fd6e8,both_deleted,deleted,deleted,,
1fdf2fa159fbcc8d9e7524de3b00635f,7900e9e9f8124113ba455e93299365cb,both_deleted,deleted,deleted,,
1fdf2fa159fbcc8d9e7524de3b00635f,7db9ea029fdaeec183bdd873d14ea851,both_deleted,deleted,deleted,,
1fdf2fa159fbcc8d9e7524de3b00635f,986d1bebf9bd20ea9c4f3145e2b1f64d,method_a_deleted,deleted,signature_changed,,0.88
1fdf2fa159fbcc8d9e7524de3b00635f,be4b4254ff070c9df5f8a4f922f3266b,both_deleted,deleted,deleted,,
1fdf2fa159fbcc8d9e7524de3b00635f,d4edd733c2217a7db29648b568ebc888,method_a_deleted,deleted,signature_changed,,0.91
1fdf2fa159fbcc8d9e7524de3b00635f,dc2d893f3a213ba8347e841ee3603faa,both_deleted,deleted,deleted,,
1fdf2fa159fbcc8d9e7524de3b00635f,f43d862f762bba5c9b1fddd4a6081faa,both_deleted,deleted,deleted,,
1ff4f09ea7a575ccc969e342f09d8ba3,d036dc082da63fef20bf78b2a0862eae,pair_dissolved_naturally,exact,exact,1.0,1.0
1ff71ab08db280878e18563b49ea8475,44b75bd44f66841e8d285c47a74c76c1,pair_dissolved_by_refactoring,signature_changed,signature_changed,1.0,1.0
1ffabbd59aafcee266cb332d75e41f38,676c2aa1e445de9a58ae3853d90c18e9,pair_dissolved_by_refactoring,signature_changed,signature_changed,0.99,0.98
1ffabbd59aafcee266cb332d75e41f38,71623449141570fa4f2421b75e835119,pair_dissolved_by_refactoring,signature_changed,exact,0.99,1.0
1ffabbd59aafcee266cb332d75e41f38,ac3844e74fb1baf6f452a256b3cec4a7,pair_dissolved_by_refactoring,signature_changed,exact,0.99,1.0
2029c7fb48901294d410ea32a2797293,5997cda6c8d724e1ca35d7e840505e61,pair_dissolved_by_refactoring,renamed,exact,0.9,1.0
202b356dbb89592e65e8f666b5c57ad8,9312ad37c6db0283302c10687173889b,pair_dissolved_by_refactoring,exact,signature_changed,1.0,1.0
202edafbe0c69385b93f80803252fa85,b66c3ddbcd8b3237d1751c1460cec39b,pair_dissolved_naturally,exact,exact,1.0,1.0
2044b3b1f81bc594141253c0bcd27696,c66dbee8cb83e424b9b6cce98158b7c8,pair_dissolved_naturally,exact,exact,1.0,1.0
20689b590f1e015787cc43f1c21d915e,6cf7f0ad33b5e1f7745a776687939393,pair_dissolved_naturally,exact,exact,1.0,1.0
20ac1e5aecf0c294adca2c68aa980cf5,58ae79464bfdac7f92fd42d50928aab5,pair_dissolved_naturally,exact,exact,1.0,1.0
20ac1e5aecf0c294adca2c68aa980cf5,6efffb4db71b749a1f570c0f6983bac6,pair_dissolved_naturally,exact,exact,1.0,1.0
20bb6463d1044a548ece9b14b933a9a7,277679cc82ff8a5481ee7804b0f6b4be,pair_dissolved_naturally,exact,exact,1.0,1.0
20ce17c98abc5b10c8c4fc2db50f3903,3d12c500227fa8951143fd0080f75307,pair_dissolved_naturally,exact,exact,1.0,1.0
20ce17c98abc5b10c8c4fc2db50f3903,aef85f5cc2be0fc841dcbddad4d0d473,pair_dissolved_naturally,exact,exact,1.0,1.0
20ce5bc58a0f424aa02c59c4b81162c0,f52f6ea32ba66a71fa5462a4ec98fa76,pair_dissolved_naturally,exact,exact,1.0,1.0
20cea617db76f254f4292062154130c3,9a4d019f16508854881d7236fa3371a2,method_b_deleted,exact,deleted,1.0,
20f8912fe7184599ecef60bac77ae73f,f52f6ea32ba66a71fa5462a4ec98fa76,pair_dissolved_naturally,token_hash,exact,1.0,1.0
20f8912fe7184599ecef60bac77ae73f,f715cb7239a2b978883c3f61cfba7d58,pair_dissolved_by_refactoring,token_hash,signature_changed,1.0,1.0
20faea840cbc2045d13b575df00f6380,abb849ab076d28a1d751641a7f57797b,pair_dissolved_by_refactoring,signature_changed,unknown,0.98,
21004ca6ce2f3b85f2d0022dab04e094,d8c6481e1b2886f191956575502e3fda,pair_dissolved_naturally,exact,exact,1.0,1.0
212ef4baf74020b81de9d9e40370a795,a6b5ed351254bc7c1760e6e5f192d627,pair_dissolved_naturally,exact,exact,1.0,1.0
213cc2cdff0520e4b1866b4a85b9c03d,eb33e0cba8a5fd24fa5990db6c386582,pair_dissolved_naturally,exact,exact,1.0,1.0
2154c93522fcf8d9268194a0b6a261a6,403d53a04f23441f342c9ffc25aee3ea,pair_dissolved_naturally,exact,exact,1.0,1.0
2157f8a8f6f1e17aca3b404d21f5aa8a,614a3bd26725ddbc2d0792bab024c498,pair_dissolved_naturally,exact,exact,1.0,1.0
2157f8a8f6f1e17aca3b404d21f5aa8a,d92464c227017c5092e979de31d6b76b,pair_dissolved_naturally,exact,exact,1.0,1.0
21ae410c00e01af21a549e9b58ab8b41,267780011d03c783e98991b0706adb9f,pair_dissolved_by_refactoring,exact,signature_changed,1.0,0.95
21ae410c00e01af21a549e9b58ab8b41,2f653db09b8a66fab46e43b17b2f0e16,pair_dissolved_naturally,exact,exact,1.0,1.0
21ae410c00e01af21a549e9b58ab8b41,39f432590c4593713ea237afb054e922,pair_dissolved_naturally,exact,exact,1.0,1.0
21ae410c00e01af21a549e9b58ab8b41,441361a97c577adecb2fb61e4945bfdd,pair_dissolved_by_refactoring,exact,signature_changed,1.0,0.95
21ae410c00e01af21a549e9b58ab8b41,7906b68dc18c32211d09332183283408,pair_dissolved_by_refactoring,exact,signature_changed,1.0,0.95
21ae410c00e01af21a549e9b58ab8b41,7b9406cc24e40a8233d1672486b0b581,pair_dissolved_naturally,exact,exact,1.0,1.0
21ae410c00e01af21a549e9b58ab8b41,82c244d66e0c1839b31b2b59cd4e8638,pair_dissolved_naturally,exact,exact,1.0,1.0
21ae410c00e01af21a549e9b58ab8b41,9af0dac6fe467156569fed8eab8ef25f,pair_dissolved_naturally,exact,exact,1.0,1.0
21ae410c00e01af21a549e9b58ab8b41,a232c00d3c032c1dcb9960a03a2af02a,pair_dissolved_by_refactoring,exact,signature_changed,1.0,0.98
21ae410c00e01af21a549e9b58ab8b41,bc9351e25302126e2ccd26946c097596,pair_dissolved_by_refactoring,exact,signature_changed,1.0,0.95
21ae410c00e01af21a549e9b58ab8b41,bf5cbe1c1ecc07712ac7d4aa93e91a18,pair_dissolved_naturally,exact,exact,1.0,1.0
21ae410c00e01af21a549e9b58ab8b41,d4fe2c0b8d29ae7dcea508d05fcad947,pair_dissolved_naturally,exact,exact,1.0,1.0
21ae410c00e01af21a549e9b58ab8b41,f411c7f6ede16471367d8f59777caeba,pair_dissolved_naturally,exact,exact,1.0,1.0
21c84d80cd4ce8dc8fce1a92a30e70ca,d48d52357f1b6d7e710207534bb60cf0,pair_dissolved_naturally,exact,exact,1.0,1.0
21c84d80cd4ce8dc8fce1a92a30e70ca,e6dc3d85979107eebcc0a7edae3b87a4,pair_dissolved_naturally,exact,exact,1.0,1.0
21ece57aa6160164db1951849e832b32,3531bf23875d926e4e70a216c952a2a5,pair_dissolved_naturally,exact,exact,1.0,1.0
21ece57aa6160164db1951849e832b32,6b413757fd3cb9858866f0d6bb61ee6b,pair_dissolved_naturally,exact,exact,1.0,1.0
21f41711bd7381aa2e1b3a4b7801a7a8,7aac825961546bc0faaa6230d8702582,pair_dissolved_naturally,exact,exact,1.0,1.0
21fc5f3f0b6c140e8f67b77a1c7b6279,587dc0f215f4de3f8b154d43346abea4,pair_dissolved_naturally,exact,exact,1.0,1.0
21fc5f3f0b6c140e8f67b77a1c7b6279,6f92e259d8e8327a9d027d08c466e7f9,pair_dissolved_naturally,exact,exact,1.0,1.0
21fd69e208ef76651b70e22cb05c6f9e,32ec77f1883282dbc56e71184ca2ce53,pair_dissolved_by_refactoring,signature_changed,signature_changed,0.98,0.98
21fd69e208ef76651b70e22cb05c6f9e,540b0a8ff5f1b91aa5eac47fdf20cdc7,pair_dissolved_by_refactoring,signature_changed,signature_changed,0.98,0.98
220af6bf1d0ceb673c0f9b621f43876b,6383a644cf8bc239372327f6c941c038,pair_dissolved_naturally,exact,exact,1.0,1.0
220af6bf1d0ceb673c0f9b621f43876b,d4e1cf71878de3eb7b69a34458aaf48d,pair_dissolved_naturally,exact,exact,1.0,1.0
220af6bf1d0ceb673c0f9b621f43876b,e928e2b156c507704513e4aeed1b7741,pair_dissolved_naturally,exact,exact,1.0,1.0
223029ca7cef5c46fbf63b14520ef09b,2ea140cbcbb8b8a78943465526e6a17b,pair_dissolved_naturally,exact,exact,1.0,1.0
223029ca7cef5c46fbf63b14520ef09b,2fa50dead5bd2ab1acd0e4cf82159fae,pair_dissolved_naturally,exact,exact,1.0,1.0
223029ca7cef5c46fbf63b14520ef09b,788a1cdded1edb09066831ccfa139b53,pair_dissolved_naturally,exact,exact,1.0,1.0
223029ca7cef5c46fbf63b14520ef09b,cb8ce96c2471ad2fe47208c1066bff41,pair_dissolved_naturally,exact,exact,1.0,1.0
223029ca7cef5c46fbf63b14520ef09b,ce40506dff460625a97a8b96a79d81a7,pair_dissolved_naturally,exact,exact,1.0,1.0
224b618d433a477f4dbc68803047c85c,7c670c1a8d77ba503dce888d995226cd,pair_dissolved_naturally,exact,exact,1.0,1.0
224b618d433a477f4dbc68803047c85c,bef8aefcea835e1b9ede7b2d467fb798,pair_dissolved_by_refactoring,exact,signature_changed,1.0,0.92
224b618d433a477f4dbc68803047c85c,fb13bbe8b8d383cc36efe2686c64b9a7,pair_dissolved_naturally,exact,exact,1.0,1.0
22780fea1d72edddd41f56714a78958b,ddeeb0b9a3cd5e8329051ee948d5fbe9,pair_dissolved_naturally,exact,exact,1.0,1.0
2278344f03bf7623ec164f2e23b466cc,adbe4ab1a77d5841d1ca4c53ea4826e0,pair_dissolved_naturally,exact,exact,1.0,1.0
227cd31338c438ff810d3c4959db9460,95094fb2c692288bb8a4f754f45b9b14,pair_dissolved_by_refactoring,exact,signature_changed,1.0,0.98
229ab073fe6c0ea89ec769e1a6077ce0,8c6039c1108da771e83b1dd9976f3608,pair_dissolved_naturally,exact,exact,1.0,1.0
229ab073fe6c0ea89ec769e1a6077ce0,9a6fe4cf8ee903e5872e5f33ac3c41e6,pair_dissolved_naturally,exact,exact,1.0,1.0
229e2220e27d9e7155ab3141542a398e,7dc2f101fd0058c97ec05ee4f6de3452,both_deleted,deleted,deleted,,
229e2220e27d9e7155ab3141542a398e,a6f236c4ba0da7180ed40bbf2761db6b,both_deleted,deleted,deleted,,
229e2220e27d9e7155ab3141542a398e,bf4d638b877f436a1c5b4c9a5705b341,both_deleted,deleted,deleted,,
229e2220e27d9e7155ab3141542a398e,bf9e77952b3083e1dce956a58eb00d7a,both_deleted,deleted,deleted,,
22a37bb17cd53aa3b98a1f866041aebe,2fade7de7d4850237e3560fd47b43904,pair_dissolved_by_refactoring,exact,signature_changed,1.0,1.0
22a37bb17cd53aa3b98a1f866041aebe,9caf5e6aa537f767c1959a0efabc51d9,pair_dissolved_by_refactoring,exact,signature_changed,1.0,1.0
22baae81451a0fac31e8e6b02d36940d,5cda7ef1f7233d2006a052af6eab75c6,pair_dissolved_naturally,exact,exact,1.0,1.0
22d0c4879cdae81b1a899003ee64e127,6f02db6cbcc044351e5e77bed7c6ca02,pair_dissolved_naturally,exact,exact,1.0,1.0
22d0c4879cdae81b1a899003ee64e127,d66b674b5bb7e90df8b5dbcb9827aa5b,pair_dissolved_naturally,exact,exact,1.0,1.0
22d2a999882d848d8d4ab5529ff4c6a9,d54d15d5d4543c4ea2b36f4657e9518d,pair_dissolved_naturally,exact,exact,1.0,1.0
22dc1f56f00d3a8c53c0b9fbc4b90680,c18fc475698eccb48bb3ce1d6c91db25,pair_dissolved_naturally,exact,exact,1.0,1.0
22dfd02282b42ff6fbac32ac85eb1317,59662dc0e5390610597b2bda5ace2947,pair_dissolved_naturally,exact,exact,1.0,1.0
22fd3344d7b7407b3fb1b9d366f75596,7aac825961546bc0faaa6230d8702582,pair_dissolved_naturally,exact,exact,1.0,1.0
22fd3344d7b7407b3fb1b9d366f75596,9e3958b0575537f6529414db474bd8d9,pair_dissolved_naturally,exact,exact,1.0,1.0
22fd3344d7b7407b3fb1b9d366f75596,b3c47db5f6805ce1cf4d774c20950f39,pair_dissolved_naturally,exact,exact,1.0,1.0
2301ceeb8570c482dbf936f6746254b0,a613f62670283b500ead6b17d0288431,pair_dissolved_naturally,exact,exact,1.0,1.0
231713ee865347074b6c17724dd2719b,3cb60f1d7a1967f68d677fb8b8852880,pair_dissolved_naturally,exact,exact,1.0,1.0
2337fa5c06e07c6034d7979bf3718386,bee456777a4aa45bf27ccf0eee0ecdff,method_b_deleted,renamed,deleted,0.93,
2375ab08e25604cd3cbd52bd9e825d89,467358474541bbe3073ec707509d072d,pair_dissolved_naturally,exact,exact,1.0,1.0
2375ab08e25604cd3cbd52bd9e825d89,b36bfef6844a678a4a7c52b006a118a0,pair_dissolved_naturally,exact,exact,1.0,1.0
2375ab08e25604cd3cbd52bd9e825d89,cce7064d9c9dafd1f13187aeefd8540b,pair_dissolved_naturally,exact,exact,1.0,1.0
2398822a0304283da2fbe7cfc77f6617,515d4656f02d7a4dee86ff2e4118ecc8,pair_dissolved_naturally,exact,exact,1.0,1.0
2398822a0304283da2fbe7cfc77f6617,85905cc3e05278bda964a3c56b9234f5,pair_dissolved_naturally,exact,exact,1.0,1.0
2398822a0304283da2fbe7cfc77f6617,ab2f656070a634b33e6ccd97870b6ca6,pair_dissolved_naturally,exact,exact,1.0,1.0
239991df66f30e38ddc84180fb9ed14f,5c40810d0337470b33119bf41fb94ea4,pair_dissolved_naturally,exact,exact,1.0,1.0
239991df66f30e38ddc84180fb9ed14f,db18b0b4aca15df686b92932965bc677,pair_dissolved_naturally,exact,exact,1.0,1.0
239991df66f30e38ddc84180fb9ed14f,e0e18bdbd56fae6edbce1bd9312b8d37,pair_dissolved_naturally,exact,exact,1.0,1.0
23d0881bd4036015b9fd8b1328e39189,b2195df5b848cfdfe613892d0abb22b2,pair_dissolved_naturally,exact,exact,1.0,1.0
23d3ad4870ab430f279c52b4d59a45f1,585f031adaf24464d850f6f636ecfc5f,pair_dissolved_naturally,exact,exact,1.0,1.0
23f4c46ee67c67b0c17e0a90994a3b07,33657ad85ca3f384430635528c89ec21,pair_dissolved_naturally,exact,exact,1.0,1.0
23f6fe5a47f8aa5e04e8b1f3a2de1541,3f3d0cccaba2a5bb04f69e34bf4a04e0,pair_dissolved_naturally,exact,exact,1.0,1.0
2406dce35ed1e9ee3d75495a2c7b1aa2,2f653db09b8a66fab46e43b17b2f0e16,pair_dissolved_naturally,exact,exact,1.0,1.0
2406dce35ed1e9ee3d75495a2c7b1aa2,39f432590c4593713ea237afb054e922,pair_dissolved_naturally,exact,exact,1.0,1.0
2406dce35ed1e9ee3d75495a2c7b1aa2,460f01510d56ce017c957870a1205ec9,pair_dissolved_naturally,exact,exact,1.0,1.0
2406dce35ed1e9ee3d75495a2c7b1aa2,7b9406cc24e40a8233d1672486b0b581,pair_dissolved_naturally,exact,exact,1.0,1.0
2406dce35ed1e9ee3d75495a2c7b1aa2,a2776351d19cc110e6c44284278648b3,pair_dissolved_naturally,exact,exact,1.0,1.0
2406dce35ed1e9ee3d75495a2c7b1aa2,ad28ec89a7ea2b6622341f22c44a0403,pair_dissolved_naturally,exact,exact,1.0,1.0
2406dce35ed1e9ee3d75495a2c7b1aa2,d4fe2c0b8d29ae7dcea508d05fcad947,pair_dissolved_naturally,exact,exact,1.0,1.0
2406dce35ed1e9ee3d75495a2c7b1aa2,d838203a9aa3ec7d77132d3bdbc0805c,pair_dissolved_naturally,exact,exact,1.0,1.0
2406dce35ed1e9ee3d75495a2c7b1aa2,f411c7f6ede16471367d8f59777caeba,pair_dissolved_naturally,exact,exact,1.0,1.0
2420a86178d72448ddc144c73b2771bc,6374c06706d5eec087dcf87872470e17,pair_dissolved_naturally,exact,exact,1.0,1.0
24337ccd6d70c0cce552b6fdca40c82b,69da0de50299e22186868614e1dae067,pair_dissolved_naturally,exact,exact,1.0,1.0
24469d8e54b253d5a7cdefe51224e72e,73c0fc0261ce06a58b5c2ce8addaebbd,method_b_deleted,moved,deleted,0.92,
24469d8e54b253d5a7cdefe51224e72e,edfc0572a1f68839fe4410abde06c896,method_b_deleted,moved,deleted,0.92,
244b052e5e3b2e7f8b5da57f8036fe29,71d38d59f6d9e9d4a3c06f7f9a3ffba8,pair_dissolved_naturally,exact,unknown,1.0,
244b052e5e3b2e7f8b5da57f8036fe29,abb849ab076d28a1d751641a7f57797b,pair_dissolved_naturally,exact,unknown,1.0,
244b052e5e3b2e7f8b5da57f8036fe29,b2d6d3643757f409d5b6314b35f9fe07,pair_dissolved_naturally,exact,unknown,1.0,
244b052e5e3b2e7f8b5da57f8036fe29,eecdbfbdf18397c080054695eec43d80,pair_dissolved_naturally,exact,exact,1.0,1.0
24535890f39bffb9fc1385948aa0a278,2fade7de7d4850237e3560fd47b43904,pair_dissolved_by_refactoring,exact,signature_changed,1.0,1.0
24535890f39bffb9fc1385948aa0a278,9caf5e6aa537f767c1959a0efabc51d9,pair_dissolved_by_refactoring,exact,signature_changed,1.0,1.0
245ca471aea955b62533060126319530,a864b75d76a65f37d57a53033b689958,pair_dissolved_naturally,exact,exact,1.0,1.0
247a8a23e408b50c835c8beb92964a87,331cdfcf8dc808feddc5158c5d7594b3,pair_dissolved_naturally,exact,exact,1.0,1.0
24a014659de6c0708053582b21b997be,5d530a15c26d4ce35319203e0be5aa9d,pair_dissolved_naturally,exact,exact,1.0,1.0
24a8ae4c316b51756ced9ab97d6642fd,2a7043672b06c60af9830b24f2e57d9a,method_a_deleted,deleted,refactored,,0.76
24ba4c1cb71f2994fb4a583d5cd92074,aeb9797f23d1c25b5ea91a425f09268e,pair_dissolved_naturally,exact,exact,1.0,1.0
24bcc91d8a816428605312803774ee76,6b241f5764e7dc2c1d5a39dd38a7b7d6,pair_dissolved_by_refactoring,exact,signature_changed,1.0,0.93
24bcc91d8a816428605312803774ee76,a534076f14e1dd9cdc3fa98f68dac060,pair_dissolved_naturally,exact,exact,1.0,1.0
24ec56da422431d8e67f565c4af1edac,cb0cd9e3ab4eb65eb867b100ef99eb07,pair_dissolved_naturally,exact,exact,1.0,1.0
24f66916cf79cb460efb3b4fc7b360c0,b7e249b60b48449587507850aa3e5c6a,pair_dissolved_naturally,exact,exact,1.0,1.0
24f66916cf79cb460efb3b4fc7b360c0,dc217935aa6723207e25cbabcef6d96d,pair_dissolved_naturally,exact,exact,1.0,1.0
251d566878d780f6129f392a47a07210,eaa58c9feb5f8f96d595f80135daf20e,pair_dissolved_by_refactoring,signature_changed,exact,1.0,1.0
251d566878d780f6129f392a47a07210,f31e10ea3afc9e6bf6774684ab339394,pair_dissolved_by_refactoring,signature_changed,signature_changed,1.0,1.0
252b0cb4658d9e3d762a7a89e97234d1,5812203a716f9ed31ea4d4e90d29e787,pair_dissolved_naturally,exact,exact,1.0,1.0
252b0cb4658d9e3d762a7a89e97234d1,8d6d29d24155ed9c0815a0d22c7351c2,pair_dissolved_naturally,exact,exact,1.0,1.0
253993793377292e74abdfe5bded2192,bc580ed7bc0b3155f5945608ff2e44be,method_b_deleted,exact,deleted,1.0,
2547ad821c5330bc9cf408629a834a8d,31d9418703f214568b6626c0a48a7b98,pair_dissolved_naturally,exact,exact,1.0,1.0
2552210bace15911fb93f678204e91bf,4683b74dae7202c27e0dd5e5f0090756,pair_dissolved_naturally,exact,exact,1.0,1.0
2552210bace15911fb93f678204e91bf,72b2b483e9352a857d9c756ebb0a42d5,pair_dissolved_naturally,exact,exact,1.0,1.0
2552210bace15911fb93f678204e91bf,b40e6ffded2c42397921aeeb21b318bb,pair_dissolved_naturally,exact,exact,1.0,1.0
2552210bace15911fb93f678204e91bf,d6e6732f7d3b88c73f59da77bc74b4fc,pair_dissolved_naturally,exact,exact,1.0,1.0
2553f373313eb4e98ce9d73184303646,314a1509cf620f1435080c2a8d14a639,pair_dissolved_naturally,exact,exact,1.0,1.0
2559e4cfe7f8ab443178e52ff656b877,d2a166e9de739361194da3c190d19ae0,pair_dissolved_naturally,exact,exact,1.0,1.0
255c2e60508a07df01a11e71224a7466,fe9068b5559614f5af5fafc06d5c4201,pair_dissolved_naturally,exact,exact,1.0,1.0
25738db2a04f0f1ed7e0dc3431cddb89,5395db049986dd3b8cd04d0351766f2a,pair_dissolved_naturally,exact,exact,1.0,1.0
25738db2a04f0f1ed7e0dc3431cddb89,fd4b837ec0172509bd5b5dc797032321,pair_dissolved_by_refactoring,exact,renamed,1.0,0.91
259c3404d455ee48b6d752b63dbe43ac,6b00fac77fe9e13b02ae336c0aa0c73b,pair_dissolved_naturally,exact,exact,1.0,1.0
25a3dc3222fbf014c77f982f4000d3c1,ca6444dc941b0f51d9d3c5cc516ba819,pair_dissolved_naturally,exact,exact,1.0,1.0
25a4fad115feb5c6b857d404d7949574,4a3f63964addd7ee07b885da417073dd,pair_dissolved_naturally,exact,exact,1.0,1.0
25c9a767c8dea2c4f3e84c4a2d5f7b72,65c138e416d72b71f6f7ef2c4d1e89f5,pair_dissolved_naturally,exact,exact,1.0,1.0
25c9a767c8dea2c4f3e84c4a2d5f7b72,73e0314b15b42b3189a8cc2ae81758ff,pair_dissolved_naturally,exact,exact,1.0,1.0
25c9a767c8dea2c4f3e84c4a2d5f7b72,fa76da05a2be44dbc0b72fea761e64c2,pair_dissolved_naturally,exact,exact,1.0,1.0
25dabeb234239c65e237f59269f357a9,523408efccc2ea636722b8fb274ac7ce,both_deleted,deleted,deleted,,
25db5eb0944405c667499816bab06e6c,c9d33d864488e907deaa48e9fed57b87,pair_dissolved_naturally,exact,exact,1.0,1.0
25f526813c4f28742a27ce3619101d16,b1d924147f9c57f8469dee6ac42644bf,pair_dissolved_naturally,exact,exact,1.0,1.0
25f845c9f09ed100153443c3120ee000,dd71bdd7477943519c88bf8cefc63e1d,pair_dissolved_naturally,exact,exact,1.0,1.0
25f845c9f09ed100153443c3120ee000,e8775bbf19e52e444b4eb1dc702a7950,pair_dissolved_naturally,exact,exact,1.0,1.0
2600472dde52666accbd5251eae78687,2811e6a6d51bc683c797e3a62019fb3c,method_b_deleted,exact,deleted,1.0,
2600472dde52666accbd5251eae78687,4c018e4ae0d76c67d84c9f9a06ed2441,pair_dissolved_naturally,exact,exact,1.0,1.0
261f458b0dd7a2c62cee4986a10fe0fc,34b3845ed1c1ccf329acd32a7917e009,both_deleted,deleted,deleted,,
261f458b0dd7a2c62cee4986a10fe0fc,3a74c493831357214b40aa6d077dc9f8,method_a_deleted,deleted,signature_changed,,0.89
261f458b0dd7a2c62cee4986a10fe0fc,43ddf74752c407ccb09db4aaad294c9b,both_deleted,deleted,deleted,,
261f458b0dd7a2c62cee4986a10fe0fc,5c73425bbd692819cac0b6862e7fd6e8,both_deleted,deleted,deleted,,
261f458b0dd7a2c62cee4986a10fe0fc,7900e9e9f8124113ba455e93299365cb,both_deleted,deleted,deleted,,
261f458b0dd7a2c62cee4986a10fe0fc,7db9ea029fdaeec183bdd873d14ea851,both_deleted,deleted,deleted,,
261f458b0dd7a2c62cee4986a10fe0fc,986d1bebf9bd20ea9c4f3145e2b1f64d,method_a_deleted,deleted,signature_changed,,0.88
261f458b0dd7a2c62cee4986a10fe0fc,bab09ec669df9914561104286f6d3f9f,both_deleted,deleted,deleted,,
261f458b0dd7a2c62cee4986a10fe0fc,be4b4254ff070c9df5f8a4f922f3266b,both_deleted,deleted,deleted,,
261f458b0dd7a2c62cee4986a10fe0fc,d4edd733c2217a7db29648b568ebc888,method_a_deleted,deleted,signature_changed,,0.91
261f458b0dd7a2c62cee4986a10fe0fc,dc2d893f3a213ba8347e841ee3603faa,both_deleted,deleted,deleted,,
261f458b0dd7a2c62cee4986a10fe0fc,f43d862f762bba5c9b1fddd4a6081faa,both_deleted,deleted,deleted,,
264acc135c8790ec31c347e66ab1ae20,9312ad37c6db0283302c10687173889b,pair_dissolved_by_refactoring,exact,signature_changed,1.0,1.0
264eea594225194c4d6d927834cbc4d3,9f7d19d372fc82904124f67bf514a7a6,pair_dissolved_naturally,exact,exact,1.0,1.0
26543308282d7c127270f8af221b63e9,46eaf258191d974b5a990be66833236b,pair_dissolved_naturally,exact,exact,1.0,1.0
26543308282d7c127270f8af221b63e9,6f02db6cbcc044351e5e77bed7c6ca02,pair_dissolved_naturally,exact,exact,1.0,1.0
267780011d03c783e98991b0706adb9f,39f432590c4593713ea237afb054e922,pair_dissolved_by_refactoring,signature_changed,exact,0.95,1.0
267780011d03c783e98991b0706adb9f,441361a97c577adecb2fb61e4945bfdd,pair_dissolved_by_refactoring,signature_changed,signature_changed,0.95,0.95
267780011d03c783e98991b0706adb9f,4b0f0af83e240d1fd854b962cef0ff4d,pair_dissolved_by_refactoring,signature_changed,signature_changed,0.95,0.95
267780011d03c783e98991b0706adb9f,69fe7bd84d75621d8aad358c8c263c7b,pair_dissolved_by_refactoring,signature_changed,signature_changed,0.95,0.98
267780011d03c783e98991b0706adb9f,7906b68dc18c32211d09332183283408,pair_dissolved_by_refactoring,signature_changed,signature_changed,0.95,0.95
267780011d03c783e98991b0706adb9f,82c244d66e0c1839b31b2b59cd4e8638,pair_dissolved_by_refactoring,signature_changed,exact,0.95,1.0
267780011d03c783e98991b0706adb9f,890d73f1af96173568e900bbe753ab61,pair_dissolved_by_refactoring,signature_changed,signature_changed,0.95,0.98
267780011d03c783e98991b0706adb9f,8b2253722f6f45d50df17bc1a54a6af8,pair_dissolved_by_refactoring,signature_changed,signature_changed,0.95,0.98
267780011d03c783e98991b0706adb9f,938b8e76142512a26f19b940e62e4da3,pair_dissolved_by_refactoring,signature_changed,signature_changed,0.95,0.98
267780011d03c783e98991b0706adb9f,a232c00d3c032c1dcb9960a03a2af02a,pair_dissolved_by_refactoring,signature_changed,signature_changed,0.95,0.98
267780011d03c783e98991b0706adb9f,a6f85f9146258be22899e29bafa6ddbe,pair_dissolved_by_refactoring,signature_changed,signature_changed,0.95,0.98
267780011d03c783e98991b0706adb9f,bc9351e25302126e2ccd26946c097596,pair_dissolved_by_refactoring,signature_changed,signature_changed,0.95,0.95
267780011d03c783e98991b0706adb9f,e935c1fd6cffb270214c37264e137271,pair_dissolved_by_refactoring,signature_changed,signature_changed,0.95,0.96
267780011d03c783e98991b0706adb9f,f411c7f6ede16471367d8f59777caeba,pair_dissolved_by_refactoring,signature_changed,exact,0.95,1.0
267780011d03c783e98991b0706adb9f,fe4d451f78df4b2efac5fad1ac613fc9,pair_dissolved_by_refactoring,signature_changed,signature_changed,0.95,0.96
267780011d03c783e98991b0706adb9f,fe54424f7bb37eaf31149edd5e038981,pair_dissolved_by_refactoring,signature_changed,signature_changed,0.95,0.98
26a8f0766101b9ff8d1162c74f6f28cc,bc4a255a80189daf80c59a5ac8640a63,pair_dissolved_naturally,exact,exact,1.0,1.0
26de79da558fb4cd0dc0efcf25b4464e,65ea8a07c8f4282fcb4994677a98e6d9,pair_dissolved_naturally,exact,exact,1.0,1.0
26de79da558fb4cd0dc0efcf25b4464e,69c47076adedc818282eb278d4e1b3ad,pair_dissolved_naturally,exact,exact,1.0,1.0
26de79da558fb4cd0dc0efcf25b4464e,7c670c1a8d77ba503dce888d995226cd,pair_dissolved_naturally,exact,exact,1.0,1.0
26de79da558fb4cd0dc0efcf25b4464e,fb13bbe8b8d383cc36efe2686c64b9a7,pair_dissolved_naturally,exact,exact,1.0,1.0
26e1f9c130238a1dd70340a42c02b981,b1d924147f9c57f8469dee6ac42644bf,pair_dissolved_naturally,exact,exact,1.0,1.0
26f07ad7b0c57749cd0aa9fb4d817fd7,9cea019cbf2fa1ffe47a8fdade8775c2,pair_dissolved_naturally,exact,exact,1.0,1.0
2704c67e9aa97c88f06ccb1122922e4e,77b4ca1935f8f7eac7f74e8e7f4944f7,pair_dissolved_naturally,exact,exact,1.0,1.0
2710b68a57ff338ced5bd5340aa82986,5ab81ecfb36c6445588fc4e0e986d7ee,pair_dissolved_naturally,exact,exact,1.0,1.0
2710b68a57ff338ced5bd5340aa82986,728a37dca8fef9350b51c215fb596363,pair_dissolved_naturally,exact,exact,1.0,1.0
2710b68a57ff338ced5bd5340aa82986,d25ac89d994407808262314cfc4075a0,pair_dissolved_naturally,exact,exact,1.0,1.0
2710b68a57ff338ced5bd5340aa82986,eeca6a6f7a689fd4de636ed5a44e29ff,pair_dissolved_naturally,exact,exact,1.0,1.0
272a9ad3fed141607b744d549afab685,79e7c1ee4c9fd2075cf949ad5165db78,pair_dissolved_naturally,exact,exact,1.0,1.0
2734aeec654c02dbfcd275b6523abc78,a86d5ae5fac65c62468bc336326d7e86,pair_dissolved_naturally,exact,exact,1.0,1.0
27385cc595415aaee03f2b8c92c9dcc2,4e0365be33025f8226e54c575e510ee3,pair_dissolved_by_refactoring,exact,signature_changed,1.0,0.71
27385cc595415aaee03f2b8c92c9dcc2,9c8697028ab23e27101956613ae77f40,pair_dissolved_naturally,exact,exact,1.0,1.0
27385cc595415aaee03f2b8c92c9dcc2,d7a2cc0e10a7fe72ae4957b8f56d4cd1,pair_dissolved_naturally,exact,exact,1.0,1.0
277c3aae0043a9647fa175da32b74004,cce7064d9c9dafd1f13187aeefd8540b,pair_dissolved_naturally,exact,exact,1.0,1.0
27ace9991b74935ad2baa231a324ee86,2d6c4889ece4f0fa4b1d5342a282c2b5,pair_dissolved_naturally,exact,exact,1.0,1.0
27b196fbd4a325f737e59a27efe6c02c,55cf795b885827b06efe36e9c47f7b0e,pair_dissolved_naturally,exact,exact,1.0,1.0
27b196fbd4a325f737e59a27efe6c02c,e539e55b5e6e3c080d1fa03bdd862164,pair_dissolved_naturally,exact,exact,1.0,1.0
27b196fbd4a325f737e59a27efe6c02c,ec5a6172d7ae8b80ef91fca7c5d6ecb4,pair_dissolved_naturally,exact,exact,1.0,1.0
27e4a2a5b16d397a495168257cd3daa7,39d93a7708c672e86fd82bc6cf27705d,pair_dissolved_by_refactoring,exact,signature_changed,1.0,0.99
27f72439ee937df5cb2329e3d9e2ee5f,72b2b483e9352a857d9c756ebb0a42d5,pair_dissolved_naturally,exact,exact,1.0,1.0
27fddbfa4546d2d094f90c0a1fd08095,4ee67a78b290a0c4390b5ddbe023c6c2,pair_dissolved_naturally,exact,exact,1.0,1.0
27fddbfa4546d2d094f90c0a1fd08095,5cf9b361e4db63cf8f1cfaa2d0a9debb,pair_dissolved_naturally,exact,exact,1.0,1.0
27fddbfa4546d2d094f90c0a1fd08095,93fbeb688d4e7ce3eb0c76554fb876b0,pair_dissolved_naturally,exact,unknown,1.0,
27fddbfa4546d2d094f90c0a1fd08095,cff817895e8ac32d2b36cff19bf7f848,pair_dissolved_naturally,exact,unknown,1.0,
28071d4aee6c2b9789891fa4d16fdfd2,7cb29f32a976a2aeed9fac65f239f351,pair_dissolved_naturally,exact,exact,1.0,1.0
2811e6a6d51bc683c797e3a62019fb3c,4c018e4ae0d76c67d84c9f9a06ed2441,method_a_deleted,deleted,exact,,1.0
2821432e996e89200aeb0f8f89eb3042,97b56c0094e2bc2460b7095cbc66a8e1,pair_dissolved_naturally,exact,exact,1.0,1.0
282cf635c89691a4977261d9f5b3e2ba,296b2d10ff5dad7fa17e784c377f3809,pair_dissolved_naturally,exact,exact,1.0,1.0
285871d94f3d83eeb95e1e8d491c593e,ef0902e7b1c00cba83263cd09feeb361,pair_dissolved_naturally,exact,exact,1.0,1.0
2872a9b47a14887827b4cfe749d86a75,54a523be333cd345ae5831c6e74f05a6,pair_dissolved_naturally,exact,exact,1.0,1.0
2872a9b47a14887827b4cfe749d86a75,786d3384132fbdab936acc99b59808e8,pair_dissolved_naturally,exact,exact,1.0,1.0
2872a9b47a14887827b4cfe749d86a75,96211d92c1d2ef20a209423a221e874f,pair_dissolved_naturally,exact,exact,1.0,1.0
2872a9b47a14887827b4cfe749d86a75,ea8d9aed576beb0e7c8d1703071c1562,pair_dissolved_naturally,exact,exact,1.0,1.0
2888a634397e04e3a2b9c7df57137702,4f06368130f3315fccccb862375d2f36,pair_dissolved_naturally,exact,exact,1.0,1.0
2888a634397e04e3a2b9c7df57137702,6d93a19b60be441089db9195740f8873,pair_dissolved_naturally,exact,exact,1.0,1.0
288dcd7cbf699077429284a8df661806,d763a38de3db0eb1291951e9d26f14b2,pair_dissolved_naturally,exact,exact,1.0,1.0
28d459b66f0e36961a1ab1498618a2fe,4d808fed24695570dddb66e5d7635704,pair_dissolved_naturally,exact,exact,1.0,1.0
28f6b21c0ce59f203fb2092ad47e0f5c,37a5d9e35fcac54ad00acb02c0602dd2,pair_dissolved_naturally,exact,exact,1.0,1.0
28f6b21c0ce59f203fb2092ad47e0f5c,3f848d0c33352014b6614c09f16f36b9,pair_dissolved_naturally,exact,exact,1.0,1.0
28f6b21c0ce59f203fb2092ad47e0f5c,4216bd6225e0eb0683dc65df531f2f0a,pair_dissolved_by_refactoring,exact,renamed,1.0,0.95
28f6b21c0ce59f203fb2092ad47e0f5c,4b7184a4f09ab6d68625e930a0fa66f4,pair_dissolved_naturally,exact,exact,1.0,1.0
28f6b21c0ce59f203fb2092ad47e0f5c,540d37a447e293cbb6739ab1965e373d,pair_dissolved_naturally,exact,exact,1.0,1.0
28f6b21c0ce59f203fb2092ad47e0f5c,7b7e316128a193561518a89238c3f5fb,pair_dissolved_naturally,exact,exact,1.0,1.0
28f6b21c0ce59f203fb2092ad47e0f5c,8dda40e2effecc631bfee91b7fc73245,pair_dissolved_naturally,exact,exact,1.0,1.0
28f6b21c0ce59f203fb2092ad47e0f5c,9d8622ba3fbd81dc900648287844c1e1,pair_dissolved_naturally,exact,exact,1.0,1.0
28f6b21c0ce59f203fb2092ad47e0f5c,a690a866f58b5bb40e0e9fc87266adf5,pair_dissolved_naturally,exact,exact,1.0,1.0
28f6b21c0ce59f203fb2092ad47e0f5c,ac4faf51578c7f7e41525eec27eaf3c8,pair_dissolved_by_refactoring,exact,signature_changed,1.0,0.99
28f6b21c0ce59f203fb2092ad47e0f5c,e3984c3b9cbc8b464931b73d1395bf61,pair_dissolved_naturally,exact,exact,1.0,1.0
28f6b21c0ce59f203fb2092ad47e0f5c,ef0c6ac14941f5bb79e15204ca2ff391,pair_dissolved_naturally,exact,exact,1.0,1.0
29020c48203b88374e55aa02f0d2f829,ceb50031592dc47ec6561220c9a163dc,pair_dissolved_by_refactoring,exact,refactored,1.0,0.86
290d8da41f81c27213a79cc26830183b,7ddaa88aaf1b4079f1aec2695d5a2d9b,pair_dissolved_naturally,exact,exact,1.0,1.0
2910c6273b16921864dce40ea0084eeb,a690a866f58b5bb40e0e9fc87266adf5,pair_dissolved_naturally,exact,exact,1.0,1.0
2916ad52d6c7b6e601c2b1cb7faabfac,2f17e988e545232039e84fc48a40c99e,pair_dissolved_naturally,exact,exact,1.0,1.0
291e8f177d306f383548e2ef05a5a579,4216bd6225e0eb0683dc65df531f2f0a,pair_dissolved_by_refactoring,exact,renamed,1.0,0.95
291e8f177d306f383548e2ef05a5a579,8ccfd021e8b52040f2d57568191a1609,pair_dissolved_naturally,exact,exact,1.0,1.0
292247c07d431491a153a3fec9e57e65,327fa6f85b908a17df3cd48aeac3d08c,pair_dissolved_naturally,exact,exact,1.0,1.0
292247c07d431491a153a3fec9e57e65,a9f8abc79fb4c1dca58e9e7abf8a6912,pair_dissolved_naturally,exact,exact,1.0,1.0
292247c07d431491a153a3fec9e57e65,fb09a229f20d35ba6411fb5e3336b379,pair_dissolved_naturally,exact,exact,1.0,1.0
296562f069214e0a9b6eb86d9ddcf3f4,4ea764688cd1c2363334063f59f0d794,pair_dissolved_naturally,exact,exact,1.0,1.0
296562f069214e0a9b6eb86d9ddcf3f4,cc9d87a41ba899bd648eb5196289a000,pair_dissolved_naturally,exact,exact,1.0,1.0
296d73083c4c8e9b8abb10224e72c32b,63d1b342e0d939b9a1c2a05cf349f1af,method_b_deleted,exact,deleted,1.0,
296d73083c4c8e9b8abb10224e72c32b,a7d3391913fb374d238fd49e5c7c796f,pair_dissolved_by_refactoring,exact,refactored,1.0,0.76
296d73083c4c8e9b8abb10224e72c32b,cc55a32a2141132f065798022cf031be,method_b_deleted,exact,deleted,1.0,
296d73083c4c8e9b8abb10224e72c32b,ee4571f3a31b5160523e605408464f52,method_b_deleted,exact,deleted,1.0,
2972052ae8aa52fb78eb564d8e324813,4a6607da7d7e0c50a9800a0c4637233a,pair_dissolved_naturally,exact,exact,1.0,1.0
2972052ae8aa52fb78eb564d8e324813,926c6e0c7efc0ddf37399dc8ae72a52e,pair_dissolved_naturally,exact,exact,1.0,1.0
2972052ae8aa52fb78eb564d8e324813,9b26ac921b79045ffafc1ab6a77e3e49,pair_dissolved_naturally,exact,exact,1.0,1.0
2972052ae8aa52fb78eb564d8e324813,d9fa36f997a550b8bce7c609bf04303c,pair_dissolved_naturally,exact,exact,1.0,1.0
298dad919c98c5fd1360436fa4ce06a3,4683b74dae7202c27e0dd5e5f0090756,pair_dissolved_naturally,exact,exact,1.0,1.0
298dad919c98c5fd1360436fa4ce06a3,72b2b483e9352a857d9c756ebb0a42d5,pair_dissolved_naturally,exact,exact,1.0,1.0
298dad919c98c5fd1360436fa4ce06a3,b40e6ffded2c42397921aeeb21b318bb,pair_dissolved_naturally,exact,exact,1.0,1.0
298dad919c98c5fd1360436fa4ce06a3,c7f41b8bcfd5562867a8b4c9b94424f4,pair_dissolved_naturally,exact,exact,1.0,1.0
298dad919c98c5fd1360436fa4ce06a3,d6e6732f7d3b88c73f59da77bc74b4fc,pair_dissolved_naturally,exact,exact,1.0,1.0
29bcab83f66c4fa5a48e93e996371c61,a8e338b6acf56efddf9403b8bbcc0fde,pair_dissolved_naturally,exact,exact,1.0,1.0
29c71fb35c01d7240f0ab171843e958d,961154229346f6bb46f18179c6037ee7,pair_dissolved_naturally,exact,exact,1.0,1.0
29f4b4d5bc193774f63b41b9e7eac8e1,63eb8c63aad29012f7b86d3f684ccf30,pair_dissolved_naturally,exact,exact,1.0,1.0
29f4b4d5bc193774f63b41b9e7eac8e1,869f79112de28656bd73166520701a01,pair_dissolved_by_refactoring,exact,signature_changed,1.0,1.0
29f9f668d751d3a67d36e51163c88097,6cf7f0ad33b5e1f7745a776687939393,pair_dissolved_naturally,exact,exact,1.0,1.0
29f9f668d751d3a67d36e51163c88097,e7b14ea8035b0b6540202d36a03cf102,pair_dissolved_naturally,exact,exact,1.0,1.0
2a14717fc1abeca799c5af9e318fb003,2b73998546f887953fd135b2de274ebc,pair_dissolved_naturally,exact,exact,1.0,1.0
2a14717fc1abeca799c5af9e318fb003,a37c33d3e6d4806f781de37457550432,pair_dissolved_naturally,exact,exact,1.0,1.0
2a16b02015eaadd2ddacdb5893777762,3a0223ecc7cdf7299f8e6d841d9d573d,pair_dissolved_by_refactoring,signature_changed,exact,1.0,1.0
2a16b02015eaadd2ddacdb5893777762,f3659593951d52928c8322bcbc5434fe,pair_dissolved_by_refactoring,signature_changed,signature_changed,1.0,0.74
2a16b02015eaadd2ddacdb5893777762,f6d03db7b393cde4d9ec8f90a49797c5,pair_dissolved_by_refactoring,signature_changed,signature_changed,1.0,0.79
2a39de8506e0db45ad7082ed6d7c4a75,490af9ea1fbf53c7a7809388c9a254fe,pair_dissolved_naturally,exact,exact,1.0,1.0
2a39de8506e0db45ad7082ed6d7c4a75,e3984c3b9cbc8b464931b73d1395bf61,pair_dissolved_naturally,exact,exact,1.0,1.0
2a3decd736987a69abc8730a90dff524,46905fe4e5b89ac162f4be1fc44303e7,pair_dissolved_naturally,exact,exact,1.0,1.0
2a538a90cd2d6d18a8765700ee31043a,7da608f13895188e84037d8ccab3046e,pair_dissolved_by_refactoring,signature_changed,signature_changed,0.98,0.99
2a538a90cd2d6d18a8765700ee31043a,811314735d7ddb76046f3185698d633b,pair_dissolved_by_refactoring,signature_changed,signature_changed,0.98,0.99
2a538a90cd2d6d18a8765700ee31043a,faa78c952f37d3bedfe5ac3c31ffb508,pair_dissolved_by_refactoring,signature_changed,exact,0.98,1.0
2a83455d00a676c3e38c843da14a86ff,989b01d1046db20aba29c0abed57c888,method_a_deleted,deleted,exact,,1.0
2aab90ca457f7f0acc02734041b0355a,84d7335c882d2d177b795e28b1dea749,pair_dissolved_naturally,exact,exact,1.0,1.0
2aab90ca457f7f0acc02734041b0355a,9edadf2a95d47bb7abf6faaacad48b3b,pair_dissolved_by_refactoring,exact,signature_changed,1.0,0.99
2ab290b16875ba3c4254ef1184383cf3,8115bce1d17756e2b21ed17aeca276d3,pair_dissolved_naturally,exact,exact,1.0,1.0
2ab3e83009d0269828b6037d38378b38,48dc73b02be48f29422f29f1622cc461,pair_dissolved_naturally,exact,exact,1.0,1.0
2ac492aeeeb403b897a6f4e1bb1260ee,9c3a4b6704c0648cdb15cd6506e01219,pair_dissolved_naturally,exact,exact,1.0,1.0
2acb983d4059a2996152df6b2525b9aa,721d7cf708e9e7fae471d3069c79f896,pair_dissolved_by_refactoring,token_hash,signature_changed,1.0,0.88
2ae09263121f066d7e9ee962b477aa87,78ba79fc3c9aa7e6b4339d3b66f7df61,pair_dissolved_naturally,exact,exact,1.0,1.0
2ae48954979ce1558d93bd6a3f3cb988,fcc7eff7302234b59753bc6db2026a21,pair_dissolved_naturally,exact,exact,1.0,1.0
2af0d64d30c22c9691c57106cf0d524d,9a7ae6a9ebec329db22e6f40d3c08947,pair_dissolved_naturally,exact,exact,1.0,1.0
2b20aadedd7463dda6c36003b26c64aa,a0a19587656f13de06333de246096180,pair_dissolved_naturally,exact,exact,1.0,1.0
2b2813478269fa5e72830931d9de4bcd,5487f70f9eff41dc6fdbf893c6922929,pair_dissolved_naturally,exact,exact,1.0,1.0
2b2813478269fa5e72830931d9de4bcd,ac7d03bc75585d5a8e5338c053cdd15b,pair_dissolved_naturally,exact,exact,1.0,1.0
2b2813478269fa5e72830931d9de4bcd,ae6f62ddd72c36c0c364b27d3bd7d125,pair_dissolved_naturally,exact,exact,1.0,1.0
2b2813478269fa5e72830931d9de4bcd,bb66eee0660f68aaaa5991e6509f4697,pair_dissolved_naturally,exact,exact,1.0,1.0
2b2813478269fa5e72830931d9de4bcd,ce0ad43e6f1b8d895685a5fe8d8880bf,pair_dissolved_naturally,exact,exact,1.0,1.0
2b6631045e313b797d84027422211bc6,9cb0342a91d0455b4cb5a0ba9a0e2104,pair_dissolved_naturally,exact,exact,1.0,1.0
2b73998546f887953fd135b2de274ebc,a37c33d3e6d4806f781de37457550432,pair_dissolved_naturally,exact,exact,1.0,1.0
2b9cfa84953d02ff679cd6692ef31524,6cf7f0ad33b5e1f7745a776687939393,pair_dissolved_naturally,exact,exact,1.0,1.0
2bc2a3ecdee54fdbcf9b098ee7242015,5b200ae8fcc7be401b19f491116f17ea,pair_dissolved_naturally,exact,exact,1.0,1.0
2bde0e6d5a0a583bbf6d21af39022eb8,33106c28e7d5ab0ac93b7acc76a853b6,pair_dissolved_naturally,exact,exact,1.0,1.0
2bde0e6d5a0a583bbf6d21af39022eb8,598b4c5ea12c5cccac6f875959a0e4ab,pair_dissolved_by_refactoring,exact,signature_changed,1.0,0.85
2bde0e6d5a0a583bbf6d21af39022eb8,b4aef35cfd2a68c9ee326d972509afd7,pair_dissolved_naturally,exact,exact,1.0,1.0
2bfadc014e92c3fd6785137c52ace4e3,3462930821bfbe8e18a51183547922b9,pair_dissolved_naturally,exact,exact,1.0,1.0
2c78681e56a6dbabd273c6922350711c,a690a866f58b5bb40e0e9fc87266adf5,pair_dissolved_naturally,exact,exact,1.0,1.0
2c8edda253ebedfe33fcd6b617003580,2ee9d2854f86396798c8b617156d43a9,pair_dissolved_naturally,exact,exact,1.0,1.0
2caf0edd96100124964fc3e286f9f5d5,d1b089b01218010e71d7bdbd98a2b592,pair_dissolved_naturally,exact,exact,1.0,1.0
2cb46ef9d5cd0a01627767750376d4f6,512e4d0a9c381a1ec85917910eaeeb13,pair_dissolved_naturally,exact,exact,1.0,1.0
2cb46ef9d5cd0a01627767750376d4f6,77b7f314b27c57ec7972cbcd337f4c39,pair_dissolved_by_refactoring,exact,signature_changed,1.0,0.85
2cb46ef9d5cd0a01627767750376d4f6,9e47c5f2dba0965d33def1eee714e5bb,pair_dissolved_naturally,exact,exact,1.0,1.0
2cca697705d2d4d9ed4e60bf6c21ba8e,83c7faeddc19d0a8bbb010ab9d774718,pair_dissolved_naturally,exact,exact,1.0,1.0
2cd638fd41fda50596d9d0b85ee5d74e,3805dd3c01e8dd1c178f86d87b578d7d,method_b_deleted,exact,deleted,1.0,
2cd638fd41fda50596d9d0b85ee5d74e,5b65ec5fd593808c01b5c2314cf45e63,method_b_deleted,exact,deleted,1.0,
2cd638fd41fda50596d9d0b85ee5d74e,63d1b342e0d939b9a1c2a05cf349f1af,method_b_deleted,exact,deleted,1.0,
2cd638fd41fda50596d9d0b85ee5d74e,a7d3391913fb374d238fd49e5c7c796f,pair_dissolved_by_refactoring,exact,refactored,1.0,0.76
2cd638fd41fda50596d9d0b85ee5d74e,a9918bab6665863d140b25d057806885,method_b_deleted,exact,deleted,1.0,
2cd638fd41fda50596d9d0b85ee5d74e,cc55a32a2141132f065798022cf031be,method_b_deleted,exact,deleted,1.0,
2cd638fd41fda50596d9d0b85ee5d74e,ee4571f3a31b5160523e605408464f52,method_b_deleted,exact,deleted,1.0,
2cd638fd41fda50596d9d0b85ee5d74e,ef43004cae0fea1a3c02448f6b2e43de,pair_dissolved_naturally,exact,exact,1.0,1.0
2cd638fd41fda50596d9d0b85ee5d74e,fac9c0ff5e0c0a62a34161cf56090d44,pair_dissolved_naturally,exact,exact,1.0,1.0
2cd638fd41fda50596d9d0b85ee5d74e,fbbd917ae31402d94b56df4ff5062e55,pair_dissolved_by_refactoring,exact,refactored,1.0,0.74
2d04946fd908dd306ab7652fb12ce485,cc34617111c1728836ae08cdbadc6ebc,pair_dissolved_naturally,exact,exact,1.0,1.0
2d0f52f41fb9793679421755401e4a2b,6121705a161cac18f33766ad04559100,pair_dissolved_naturally,exact,exact,1.0,1.0
2d202bdcf037fa5be316f8178be79fbb,6cf7f0ad33b5e1f7745a776687939393,pair_dissolved_naturally,exact,exact,1.0,1.0
2d3b483f33b6250ea7df638f02978471,475c2d0d9658cbc48b7febe9fefb4a34,pair_dissolved_naturally,unknown,exact,,1.0
2d3b483f33b6250ea7df638f02978471,4bcb93b715ab97a1d6ffded0120ce745,pair_dissolved_by_refactoring,unknown,refactored,,0.7
2d3b483f33b6250ea7df638f02978471,78283a27a28cac36b7b01a28518ff291,pair_dissolved_naturally,unknown,exact,,1.0
2d3b483f33b6250ea7df638f02978471,78bfabb7ca3452282a9f1f0ddb86da23,method_b_deleted,unknown,deleted,,
2d3b483f33b6250ea7df638f02978471,81108092f771045251002acba0cc6218,method_b_deleted,unknown,deleted,,
2d3b483f33b6250ea7df638f02978471,84c80c811a2f137e86cde5902fb83d65,method_b_deleted,unknown,deleted,,
2d3b483f33b6250ea7df638f02978471,a57217a601c0624c593649d9d7cea50c,pair_dissolved_by_refactoring,unknown,moved,,0.91
2d3b483f33b6250ea7df638f02978471,a9f3dbcebd5633fb6964f61e8a78e4d8,pair_dissolved_naturally,unknown,exact,,1.0
2d3b483f33b6250ea7df638f02978471,aadbde3efa2522d0258c803c715cc686,pair_dissolved_naturally,unknown,exact,,1.0
2d3b483f33b6250ea7df638f02978471,adaeb9e71db54fd430ca8cc35e40aa54,pair_dissolved_naturally,unknown,unknown,,
2d3e01c864b6ed20f9f48df0c0852733,af26db63e94ca16c91c41a386290e6f3,pair_dissolved_naturally,exact,exact,1.0,1.0
2d49d705979ff4dcd81b4f0f3f7af373,87002e16a03f5f155334ad1873320bd2,pair_dissolved_naturally,exact,exact,1.0,1.0
2d5a25e5fc61efb2839f8f1e3f080864,d0936c4e5f8c1d8e8342830d35eeb7e3,pair_dissolved_naturally,exact,exact,1.0,1.0
2d8c0ef830128a67a0a12356d985fac5,3f848d0c33352014b6614c09f16f36b9,pair_dissolved_naturally,exact,exact,1.0,1.0
2d8c0ef830128a67a0a12356d985fac5,4216bd6225e0eb0683dc65df531f2f0a,pair_dissolved_by_refactoring,exact,renamed,1.0,0.95
2d8c0ef830128a67a0a12356d985fac5,490af9ea1fbf53c7a7809388c9a254fe,pair_dissolved_naturally,exact,exact,1.0,1.0
2d8c0ef830128a67a0a12356d985fac5,e3984c3b9cbc8b464931b73d1395bf61,pair_dissolved_naturally,exact,exact,1.0,1.0
2d9f319145ef1f89b88c89731ee9bcff,2f6e8ec04a93990d5662bf4457be95cc,pair_dissolved_by_refactoring,signature_changed,exact,0.98,1.0
2daf961f78f46da4eb6f4b0444cfeb2d,359475e28604886247ae51a39c6027ce,method_a_deleted,deleted,moved,,1.0
2db9dc3c1a7a7c8fafedb1e957b1b65c,9f727c36011e7499d79791c5c39bf7b8,pair_dissolved_naturally,exact,exact,1.0,1.0
2dd800312a97e382305dc0a8182725fe,6ff1ef79ef5feeafc6a43dbef0bde932,pair_dissolved_naturally,exact,exact,1.0,1.0
2dee2c764a611dd8d0174175f2dd8e04,4aa93a71b78e61d2a40370ca31416054,pair_dissolved_by_refactoring,exact,signature_changed,1.0,0.88
2dee2c764a611dd8d0174175f2dd8e04,a9ef7131f222bbd911ef5c0d0536a23c,pair_dissolved_by_refactoring,exact,signature_changed,1.0,0.88
2df35814410f4a87d9364509c7406d0f,a880e25fd9cdc3afdfe88a9baf3f455c,pair_dissolved_naturally,exact,exact,1.0,1.0
2df35814410f4a87d9364509c7406d0f,c83d8e17333be63aeef94f06bb38ffca,pair_dissolved_naturally,exact,exact,1.0,1.0
2df35814410f4a87d9364509c7406d0f,f0e4388ab35c73cdc88cfeb97e971715,pair_dissolved_naturally,exact,exact,1.0,1.0
2df9ba1e9b4f68ac1803ec81f051df2e,f8a417ce8494496f76a6030da6b23c0b,pair_dissolved_naturally,unknown,exact,,1.0
2e05939f836c5f661ae9ef4527a4da76,8193e12e2397eeba22cbafb310ad7f5c,pair_dissolved_naturally,exact,exact,1.0,1.0
2e0732b2cfa024e567c135fc7bd95dae,ade418c46076ef624577f5e26600a0ee,method_a_deleted,deleted,signature_changed,,0.73
2e0f166b3f0cc856cf4cdb72e99f27f9,c3f0b3bbd878328f8bb615614f224084,pair_dissolved_by_refactoring,exact,signature_changed,1.0,1.0
2e2eff3192ac8eca1407b6b8b38aaf02,79d9cf5d96c6a25c8caba9f3ba9541a2,pair_dissolved_naturally,exact,exact,1.0,1.0
2e39ffb99350d9d7a91883d1302186b7,b5213162c6f68d65679346d31d0c4da8,pair_dissolved_naturally,exact,exact,1.0,1.0
2e3af3efaddb7d88e3fd157bce96f1d6,b5213162c6f68d65679346d31d0c4da8,pair_dissolved_naturally,exact,exact,1.0,1.0
2e9d64a8d6c7dcde3f5b405f52e35f35,6239b3720b2161d8f810ab9b3bfe0832,pair_dissolved_naturally,exact,exact,1.0,1.0
2ea140cbcbb8b8a78943465526e6a17b,2fa50dead5bd2ab1acd0e4cf82159fae,pair_dissolved_naturally,exact,exact,1.0,1.0
2ea140cbcbb8b8a78943465526e6a17b,cb8ce96c2471ad2fe47208c1066bff41,pair_dissolved_naturally,exact,exact,1.0,1.0
2ea140cbcbb8b8a78943465526e6a17b,ce40506dff460625a97a8b96a79d81a7,pair_dissolved_naturally,exact,exact,1.0,1.0
2ee9d2854f86396798c8b617156d43a9,e55d0636ba9974a560cef2ebc7ec0797,pair_dissolved_naturally,exact,exact,1.0,1.0
2f1cf335da7b2fba9a9b702ca512ce72,403d53a04f23441f342c9ffc25aee3ea,pair_dissolved_naturally,exact,exact,1.0,1.0
2f1cf335da7b2fba9a9b702ca512ce72,6d11138f7c5581adfc935b468b92ddc6,pair_dissolved_naturally,exact,exact,1.0,1.0
2f299a69cfc365c7ad114401f0e12cbc,5282835a12dfc9eace316970ece33e77,pair_dissolved_by_refactoring,signature_changed,exact,1.0,1.0
2f2c238d21247af05fe55fded7637afa,490af9ea1fbf53c7a7809388c9a254fe,pair_dissolved_naturally,exact,exact,1.0,1.0
2f2c238d21247af05fe55fded7637afa,e3984c3b9cbc8b464931b73d1395bf61,pair_dissolved_naturally,exact,exact,1.0,1.0
2f2df17192bd41d8a686a31b3ca17632,f01f367825718f51c02ea116b6465835,pair_dissolved_by_refactoring,signature_changed,signature_changed,1.0,1.0
2f31a2d025afcd16f3bdd06d7e95000b,7e891e7719913f481fc178b71e860c05,pair_dissolved_naturally,unknown,exact,,1.0
2f479bcf3d3591568f2e8f8e1b8c0623,872da6710d860cdf65808a0cabfc575f,pair_dissolved_naturally,exact,exact,1.0,1.0
2f4bc0fa68121bac467e6d42ca36a193,5cfae2816579f8ab9cb69c5260ea8904,pair_dissolved_by_refactoring,exact,moved,1.0,1.0
2f4bc0fa68121bac467e6d42ca36a193,826494868b9861b4119195cc6b8c0aa3,pair_dissolved_naturally,exact,exact,1.0,1.0
2f4bc0fa68121bac467e6d42ca36a193,f4f3cc58449816c2b82e87cb160b01a2,pair_dissolved_by_refactoring,exact,moved,1.0,1.0
2f653db09b8a66fab46e43b17b2f0e16,39f432590c4593713ea237afb054e922,pair_dissolved_naturally,exact,exact,1.0,1.0
2f653db09b8a66fab46e43b17b2f0e16,4b0f0af83e240d1fd854b962cef0ff4d,pair_dissolved_by_refactoring,exact,signature_changed,1.0,0.95
2f653db09b8a66fab46e43b17b2f0e16,82c244d66e0c1839b31b2b59cd4e8638,pair_dissolved_naturally,exact,exact,1.0,1.0
2f653db09b8a66fab46e43b17b2f0e16,890d73f1af96173568e900bbe753ab61,pair_dissolved_by_refactoring,exact,signature_changed,1.0,0.98
2f653db09b8a66fab46e43b17b2f0e16,8b2253722f6f45d50df17bc1a54a6af8,pair_dissolved_by_refactoring,exact,signature_changed,1.0,0.98
2f653db09b8a66fab46e43b17b2f0e16,92f04b56f3b87018a39c39fccb96c99f,pair_dissolved_naturally,exact,exact,1.0,1.0
2f653db09b8a66fab46e43b17b2f0e16,938b8e76142512a26f19b940e62e4da3,pair_dissolved_by_refactoring,exact,signature_changed,1.0,0.98
2f653db09b8a66fab46e43b17b2f0e16,9b122c43e5d526f474cf6d7a5b154bc4,pair_dissolved_by_refactoring,exact,signature_changed,1.0,0.92
2f653db09b8a66fab46e43b17b2f0e16,a232c00d3c032c1dcb9960a03a2af02a,pair_dissolved_by_refactoring,exact,signature_changed,1.0,0.98
2f653db09b8a66fab46e43b17b2f0e16,a6f85f9146258be22899e29bafa6ddbe,pair_dissolved_by_refactoring,exact,signature_changed,1.0,0.98
2f653db09b8a66fab46e43b17b2f0e16,f411c7f6ede16471367d8f59777caeba,pair_dissolved_naturally,exact,exact,1.0,1.0
2f6aa2f13ca35d445e3d69465fc725e9,4b5205690482659cb7195c3a8587f073,pair_dissolved_naturally,exact,exact,1.0,1.0
2f6aa2f13ca35d445e3d69465fc725e9,9e03d50c0da7162570dfd2c0c333904f,pair_dissolved_naturally,exact,exact,1.0,1.0
2f6aa2f13ca35d445e3d69465fc725e9,d13f2f50ccbac11b54505dcfa7f24b42,pair_dissolved_by_refactoring,exact,refactored,1.0,0.86
2f6aa2f13ca35d445e3d69465fc725e9,e79b5300069781f4b1062d65b457eb20,pair_dissolved_by_refactoring,exact,renamed,1.0,0.91
2f6aa2f13ca35d445e3d69465fc725e9,fcc7eff7302234b59753bc6db2026a21,pair_dissolved_naturally,exact,exact,1.0,1.0
2f6e8ec04a93990d5662bf4457be95cc,fc0588e5eb0f7332a9d2b5c51f684b2e,pair_dissolved_naturally,exact,unknown,1.0,
2f7081943d290a88f0ae834dd00efac0,34e27b732b4e33b59e43d9c0afee2edb,pair_dissolved_by_refactoring,signature_changed,signature_changed,1.0,0.97
2f7081943d290a88f0ae834dd00efac0,4efb2d24aa13f30c02aa6d11dba810e8,pair_dissolved_by_refactoring,signature_changed,signature_changed,1.0,1.0
2f7081943d290a88f0ae834dd00efac0,55b94c1027565ae02f0ddfaac21859e1,pair_dissolved_by_refactoring,signature_changed,signature_changed,1.0,1.0
2f7081943d290a88f0ae834dd00efac0,611f2982b0d18a23c9744a75720330a2,pair_dissolved_by_refactoring,signature_changed,signature_changed,1.0,1.0
2f7081943d290a88f0ae834dd00efac0,6ee545050b3f26a9bc846d255b88a3dd,pair_dissolved_by_refactoring,signature_changed,signature_changed,1.0,0.97
2f7081943d290a88f0ae834dd00efac0,7f0ac1b5635f5af28a73c1f47bdca1a3,pair_dissolved_by_refactoring,signature_changed,signature_changed,1.0,1.0
2f7081943d290a88f0ae834dd00efac0,e9f85d11284403adb130924babacc4eb,pair_dissolved_by_refactoring,signature_changed,signature_changed,1.0,1.0
2f7081943d290a88f0ae834dd00efac0,f1832dc7b2959caee4e5f5440627eded,pair_dissolved_by_refactoring,signature_changed,signature_changed,1.0,1.0
2f7b90ba30ebd58b84c4829c8d6f833a,b3b63fd56d21b22108b5f21e43dec194,pair_dissolved_naturally,exact,exact,1.0,1.0
2f7e67ad6dd351cfe79c243c794ae241,f09231e70486084df929919b2d732b12,pair_dissolved_by_refactoring,signature_changed,signature_changed,1.0,1.0
2f86603cfd75be24ec50cf13ae53abfb,eb014d7a40032280dae4e02dfcfd908a,pair_dissolved_naturally,exact,exact,1.0,1.0
2f8aa172480c6041a0e883d5317ee67b,bdaa310ae249ad80cff995cc537e1ea6,pair_dissolved_naturally,exact,exact,1.0,1.0
2f8aa172480c6041a0e883d5317ee67b,d42239dfed4ebb2b0dc1aa234c38ef1e,pair_dissolved_naturally,exact,exact,1.0,1.0
2f8aa172480c6041a0e883d5317ee67b,e6dc3d85979107eebcc0a7edae3b87a4,pair_dissolved_naturally,exact,exact,1.0,1.0
2fa19d6f5794a7ca127186fc18023236,3e24060952ee75800227de0d284fcdb2,pair_dissolved_naturally,exact,exact,1.0,1.0
2fa50dead5bd2ab1acd0e4cf82159fae,6a2a405e4a4599b715e712694ddf407a,pair_dissolved_naturally,exact,exact,1.0,1.0
2fa50dead5bd2ab1acd0e4cf82159fae,788a1cdded1edb09066831ccfa139b53,pair_dissolved_naturally,exact,exact,1.0,1.0
2fa50dead5bd2ab1acd0e4cf82159fae,cb8ce96c2471ad2fe47208c1066bff41,pair_dissolved_naturally,exact,exact,1.0,1.0
2fa50dead5bd2ab1acd0e4cf82159fae,ce40506dff460625a97a8b96a79d81a7,pair_dissolved_naturally,exact,exact,1.0,1.0
2fade7de7d4850237e3560fd47b43904,3e8a29ad3f4647629210fd0f09c7c906,pair_dissolved_by_refactoring,signature_changed,exact,1.0,1.0
2fade7de7d4850237e3560fd47b43904,3fc6a3d95233b0eacdf761daff6fdef2,pair_dissolved_by_refactoring,signature_changed,exact,1.0,1.0
2fade7de7d4850237e3560fd47b43904,5deb8c9d807d9293794f4d4185008b18,pair_dissolved_by_refactoring,signature_changed,exact,1.0,1.0
2fade7de7d4850237e3560fd47b43904,97e5fb17afe9676d1e038a9b164fc04a,pair_dissolved_by_refactoring,signature_changed,exact,1.0,1.0
2fade7de7d4850237e3560fd47b43904,9caf5e6aa537f767c1959a0efabc51d9,pair_dissolved_by_refactoring,signature_changed,signature_changed,1.0,1.0
2fade7de7d4850237e3560fd47b43904,f41378e67ecfe764f50cb985fb7f734e,pair_dissolved_by_refactoring,signature_changed,exact,1.0,1.0
2fb254d2502a192d1a7fc6d234eae82b,c1d7e5605f53b0b3012671d6e4d80664,pair_dissolved_naturally,exact,exact,1.0,1.0
2fdec439f9680db2f617cdea369f52c0,e7353ad76ba8a056ac7d407413dfff5f,pair_dissolved_naturally,exact,exact,1.0,1.0
2fe68e016eecb52ebbfcef850a301c8e,946eaddefbcd69f7d205707583bcb039,pair_dissolved_naturally,exact,exact,1.0,1.0
2ff9e1444d02fb381f5f020a0a66ba03,e0bb2a3fcc9409d6f60b6173087fc829,pair_dissolved_naturally,exact,exact,1.0,1.0
300810c1226a1b6298c01bcba26602b1,c17ebe7c471b62374def7866590fa203,pair_dissolved_naturally,exact,exact,1.0,1.0
300e093c0f41c01559edafe41aef5ab2,431b643eaeb886670f45160cacfa46ce,pair_dissolved_naturally,unknown,exact,,1.0
300e093c0f41c01559edafe41aef5ab2,65e81ed313c4078cf80c6fca4a679b2d,pair_dissolved_naturally,unknown,exact,,1.0
300e093c0f41c01559edafe41aef5ab2,75eb814e7dd9db55ffffa4a2a1f9923e,pair_dissolved_by_refactoring,unknown,signature_changed,,0.89
300e093c0f41c01559edafe41aef5ab2,8905b26d2d52f0a90b3923a424cd7e02,pair_dissolved_naturally,unknown,exact,,1.0
300e093c0f41c01559edafe41aef5ab2,ddd08ec563dc84bad2f95998b6d9d01c,pair_dissolved_naturally,unknown,exact,,1.0
300e1b44f39c1b39799929334b6f0617,b706e7d631a74b702bfcf2e83e7386a8,pair_dissolved_naturally,exact,exact,1.0,1.0
300e1b44f39c1b39799929334b6f0617,bc0e5f4694b3bf3b5aeab21bf9e36ea1,pair_dissolved_naturally,exact,exact,1.0,1.0
300e1b44f39c1b39799929334b6f0617,c6398d863b876539d7145c3c36708c79,pair_dissolved_naturally,exact,exact,1.0,1.0
302af3a6244a7eb5462f45972eb78f36,cb8eeba011db4446af51fbd03fec220c,pair_dissolved_naturally,exact,exact,1.0,1.0
305b64ea555f785fcd7bd24e4c461df3,7a78f20f7059cf755d69ffdbfc1e01eb,pair_dissolved_naturally,exact,exact,1.0,1.0
30808ba07bdd8463e50bc370da17a38c,83b403eaf518c37f0a2b74716b81483f,pair_dissolved_naturally,exact,exact,1.0,1.0
3083c0b1627b33611a39d9c9722d6066,99f97951dfb88abe180349e98b69da46,pair_dissolved_naturally,exact,exact,1.0,1.0
309c86c51c9184eb9eba7f2b0b91a022,63da99ba2088edae7609b9722c36bcf3,both_deleted,deleted,deleted,,
309c86c51c9184eb9eba7f2b0b91a022,98203455dd220342563ed5653033bed4,both_deleted,deleted,deleted,,
309c86c51c9184eb9eba7f2b0b91a022,ca69645627277f9a258fb7a0108b6c8e,method_a_deleted,deleted,exact,,1.0
309c86c51c9184eb9eba7f2b0b91a022,d563027f13302f3962aa2b5ba17de345,both_deleted,deleted,deleted,,
309c86c51c9184eb9eba7f2b0b91a022,ffbe38e164095c27bb266cc11a0a4f33,method_a_deleted,deleted,signature_changed,,0.73
30f06dce0d8574a9ac5e475d1844ff52,b34260fd8b5124669543a3f3b9ed04d1,pair_dissolved_naturally,exact,exact,1.0,1.0
31429cc2addbad84c8a4f9fd0ae0cf9f,6dad4e2a472555b2dd02ab06a08de2bd,pair_dissolved_naturally,exact,exact,1.0,1.0
31429cc2addbad84c8a4f9fd0ae0cf9f,7254a13adf48dad8eba4ba00ad7f586e,pair_dissolved_naturally,exact,exact,1.0,1.0
31429cc2addbad84c8a4f9fd0ae0cf9f,75f286e7ec3265be749c19a402bde596,pair_dissolved_naturally,exact,exact,1.0,1.0
31429cc2addbad84c8a4f9fd0ae0cf9f,d07c12dedf69029dfeb37ff7ed7b2364,pair_dissolved_naturally,exact,exact,1.0,1.0
31429cc2addbad84c8a4f9fd0ae0cf9f,ea0cd3c2d4830dfa33a0e4e802cb1ecb,pair_dissolved_naturally,exact,exact,1.0,1.0
316f0191976e0b536a517d126efcc9de,a738af0335277332f070dcbe957fd807,pair_dissolved_naturally,exact,exact,1.0,1.0
316f0191976e0b536a517d126efcc9de,add4818f271e358137e1b100e86d9cac,pair_dissolved_naturally,exact,exact,1.0,1.0
316f0191976e0b536a517d126efcc9de,d7da85fffdd05d967ce6995e33f0d8c4,pair_dissolved_naturally,exact,exact,1.0,1.0
316f0191976e0b536a517d126efcc9de,fd547e7ba98229be09d54518d1f0eb50,pair_dissolved_naturally,exact,exact,1.0,1.0
319ae0a2a801df56392cc62590476ef2,617a0e0193b7c38cb274b2777a403208,pair_dissolved_naturally,exact,exact,1.0,1.0
319ae0a2a801df56392cc62590476ef2,8633318e594315c44846a27f15717b51,pair_dissolved_naturally,exact,exact,1.0,1.0
319ae0a2a801df56392cc62590476ef2,be3b0353b2d44fd7ca8edc2bc0e844a5,pair_dissolved_naturally,exact,exact,1.0,1.0
31c3ae0241e39da5843eb3347d0d3600,62b367d2409e751b32c5f8650beb81bf,pair_dissolved_by_refactoring,exact,signature_changed,1.0,1.0
31c7a7a4ee4da8bfd50a17eb03e53781,3479c1c0390d1a46bc96215b82b680d9,pair_dissolved_by_refactoring,signature_changed,signature_changed,0.91,0.95
31c7a7a4ee4da8bfd50a17eb03e53781,4ff6683967b272b79965981315d31cfe,pair_dissolved_by_refactoring,signature_changed,exact,0.91,1.0
31c7a7a4ee4da8bfd50a17eb03e53781,7fbfdd63e08dec218cc2226195919196,pair_dissolved_by_refactoring,signature_changed,exact,0.91,1.0
31c7a7a4ee4da8bfd50a17eb03e53781,a619d0f668a5e475a302f7986ead3502,pair_dissolved_by_refactoring,signature_changed,signature_changed,0.91,0.91
31c7a7a4ee4da8bfd50a17eb03e53781,b7d35be870963a348aac369fc15e9a68,pair_dissolved_by_refactoring,signature_changed,exact,0.91,1.0
31c7a7a4ee4da8bfd50a17eb03e53781,ed8e56a288e8ac2a9460c67792480644,pair_dissolved_by_refactoring,signature_changed,exact,0.91,1.0
31c966c0e43aa5ca6c152d5e99813363,5c191d7fe25c5192eb5c856959fa67b1,pair_dissolved_naturally,exact,exact,1.0,1.0
31e97da94051d40bd2241f416694ca32,527f995b0ae9889b96e57a5d12995862,pair_dissolved_naturally,exact,exact,1.0,1.0
31f6a65624cb18ffc4a9768a7c8e14ad,3fafa9908389dbeca25005f5ae1db172,pair_dissolved_naturally,exact,exact,1.0,1.0
31f6a65624cb18ffc4a9768a7c8e14ad,4336f1d4868f0644255549677327bf5d,pair_dissolved_naturally,exact,exact,1.0,1.0
31f6a65624cb18ffc4a9768a7c8e14ad,73e093964575e4cbea754ac38f3fd4fc,pair_dissolved_naturally,exact,exact,1.0,1.0
31f6a65624cb18ffc4a9768a7c8e14ad,8221c3cb09d199c9dcf53ccbe79518ef,pair_dissolved_naturally,exact,exact,1.0,1.0
31f6a65624cb18ffc4a9768a7c8e14ad,ba425075689e27eafcc700c250cf834a,pair_dissolved_naturally,exact,exact,1.0,1.0
31f6a65624cb18ffc4a9768a7c8e14ad,bd271b9673b15081c203c12ab3a0cb9c,pair_dissolved_naturally,exact,exact,1.0,1.0
3202476a87667fc0b3849ec9e434d4b6,551d90b850763daf43a58afcef4d17f3,pair_dissolved_naturally,exact,exact,1.0,1.0
3202476a87667fc0b3849ec9e434d4b6,98d575a7c427c0a4d6379ba58d75ca36,pair_dissolved_naturally,exact,exact,1.0,1.0
3202476a87667fc0b3849ec9e434d4b6,e9702d711d21e72baff6202cbc2e4e8a,pair_dissolved_naturally,exact,exact,1.0,1.0
325b502aeb2ea0741ecf0831b6da312b,57023a809273695dda87a4f95317936a,pair_dissolved_naturally,exact,exact,1.0,1.0
327e293e42ed4bd5f58563e1e9963686,8b1512b7f4762b47513d90e3dd3ad082,pair_dissolved_naturally,exact,exact,1.0,1.0
327fa6f85b908a17df3cd48aeac3d08c,e7315560510df3b3244260d9da281fb5,pair_dissolved_naturally,exact,exact,1.0,1.0
327fa6f85b908a17df3cd48aeac3d08c,fb09a229f20d35ba6411fb5e3336b379,pair_dissolved_naturally,exact,exact,1.0,1.0
3289344d43e047c3dc0e1549753fc97e,51470b8a6984887757ce229cbc2cddb0,method_a_deleted,deleted,refactored,,0.8
3289344d43e047c3dc0e1549753fc97e,f04aacba2406380cedf1967b27583378,both_deleted,deleted,deleted,,
32a1c0aa8702fa5ea84ab70c13c7efcb,48b771b6c3db702f8abca2abdf7c7e1a,both_deleted,deleted,deleted,,
32a1c0aa8702fa5ea84ab70c13c7efcb,5a18a40d3fbffe090d12abd76f7eba37,method_a_deleted,deleted,exact,,1.0
32a1c0aa8702fa5ea84ab70c13c7efcb,76516c7cd9b0344096801a5bd5694217,both_deleted,deleted,deleted,,
32a1c0aa8702fa5ea84ab70c13c7efcb,b8f047932da5d6c177d0f31de5d74f1f,method_a_deleted,deleted,unknown,,
32a1c0aa8702fa5ea84ab70c13c7efcb,b97cb80446d3dfb364012c2cb6444e09,method_a_deleted,deleted,exact,,1.0
32a1c0aa8702fa5ea84ab70c13c7efcb,f556a25ccf447a533c52b2d9896a7c6b,method_a_deleted,deleted,exact,,1.0
32a1c0aa8702fa5ea84ab70c13c7efcb,fa8dca131b026a4712694e90ea49c37c,both_deleted,deleted,deleted,,
32a5b5478e85dc3764c6b99d9d588ac6,5cb30b4074aef1fdca5fb8f020035a9e,pair_dissolved_naturally,exact,exact,1.0,1.0
32a5b5478e85dc3764c6b99d9d588ac6,5daf44475508cc954339af0ac449c70f,pair_dissolved_naturally,exact,exact,1.0,1.0
32a5b5478e85dc3764c6b99d9d588ac6,8d62e55d1bbf8e6b1205e3903b3dda50,pair_dissolved_naturally,exact,exact,1.0,1.0
32a5b5478e85dc3764c6b99d9d588ac6,b3db87222133cfce66454adcec972e66,pair_dissolved_naturally,exact,exact,1.0,1.0
32a5b5478e85dc3764c6b99d9d588ac6,e54d9f788be3537ca85695d44b13e8ac,pair_dissolved_naturally,exact,exact,1.0,1.0
32ec77f1883282dbc56e71184ca2ce53,540b0a8ff5f1b91aa5eac47fdf20cdc7,pair_dissolved_by_refactoring,signature_changed,signature_changed,0.98,0.98
32fb97283fde7d91d5b09dace400a146,4e0365be33025f8226e54c575e510ee3,pair_dissolved_by_refactoring,exact,signature_changed,1.0,0.71
32fb97283fde7d91d5b09dace400a146,76e603548079b7a8920860942b81c89a,pair_dissolved_naturally,exact,exact,1.0,1.0
330f200a239473a31a13a8feac626226,3545bd75642ab87fd572e73904fa8132,pair_dissolved_naturally,exact,exact,1.0,1.0
330f200a239473a31a13a8feac626226,84dc45ba54e1dc89acd4991d0bb518cd,pair_dissolved_naturally,exact,exact,1.0,1.0
33106c28e7d5ab0ac93b7acc76a853b6,598b4c5ea12c5cccac6f875959a0e4ab,pair_dissolved_by_refactoring,exact,signature_changed,1.0,0.85
33106c28e7d5ab0ac93b7acc76a853b6,b4aef35cfd2a68c9ee326d972509afd7,pair_dissolved_naturally,exact,exact,1.0,1.0
335819dff6d29fc0d71c06f4eaa372f4,a09e367b428a38741e229d045da01612,pair_dissolved_naturally,exact,exact,1.0,1.0
33657ad85ca3f384430635528c89ec21,f1773d1198516f7b14c3d5370d51929e,pair_dissolved_naturally,exact,exact,1.0,1.0
3369dfbeef791bd3396bdfd091f2ea0c,6f6331ea783b16f4ad2d69b5d8d82e76,pair_dissolved_naturally,exact,exact,1.0,1.0
33809a22da20cc1efaf2cca5d7c06027,4849adf442ae5318601f1b81541946a8,pair_dissolved_naturally,exact,exact,1.0,1.0
33809a22da20cc1efaf2cca5d7c06027,48e19a6dcbabaa0ef31e8393ef628af2,pair_dissolved_naturally,exact,exact,1.0,1.0
33809a22da20cc1efaf2cca5d7c06027,66661f5978f62fa2ab352bec7d3d4b20,pair_dissolved_naturally,exact,exact,1.0,1.0
33809a22da20cc1efaf2cca5d7c06027,67949c2ab33fc56d7fa3dd18dbdb50c4,pair_dissolved_naturally,exact,exact,1.0,1.0
33809a22da20cc1efaf2cca5d7c06027,82cdaaaec4c35da5454cbe6a42eab47e,pair_dissolved_naturally,exact,exact,1.0,1.0
33809a22da20cc1efaf2cca5d7c06027,8f45b1ea1b4cf7ccbf25444bbd62deb8,pair_dissolved_naturally,exact,exact,1.0,1.0
33809a22da20cc1efaf2cca5d7c06027,9bc4f1616ee7b9aaf1c95ad770e231e3,pair_dissolved_naturally,exact,exact,1.0,1.0
33809a22da20cc1efaf2cca5d7c06027,ad6aed1916bfa26e32f013b93a62a508,pair_dissolved_naturally,exact,exact,1.0,1.0
33809a22da20cc1efaf2cca5d7c06027,ae3230aa417a7af3e76db220d113b5f6,pair_dissolved_naturally,exact,exact,1.0,1.0
33809a22da20cc1efaf2cca5d7c06027,b0b4fc9b3b31954832d600fc324bfdb7,pair_dissolved_naturally,exact,exact,1.0,1.0
33809a22da20cc1efaf2cca5d7c06027,ba4fc391bce87747250cc2f7550e5630,pair_dissolved_naturally,exact,exact,1.0,1.0
33809a22da20cc1efaf2cca5d7c06027,e1706a287f57f107a47a41d4af582a80,pair_dissolved_naturally,exact,exact,1.0,1.0
33809a22da20cc1efaf2cca5d7c06027,f2e7fe02404be9588d2d28ee20f96dd9,pair_dissolved_naturally,exact,exact,1.0,1.0
33809a22da20cc1efaf2cca5d7c06027,ffe535651d2f213222ed3629cd8f5e47,pair_dissolved_naturally,exact,exact,1.0,1.0
338a9759fc6ab33f9c13459c1b82615c,7f492acc2e4c4622e78b2f06bc68623a,pair_dissolved_naturally,exact,exact,1.0,1.0
338a9759fc6ab33f9c13459c1b82615c,9fe92e4bea579f521cf0bbe4a1193671,pair_dissolved_naturally,exact,exact,1.0,1.0
3396a0c261f9199a4071a5b0af320ebe,f8a417ce8494496f76a6030da6b23c0b,pair_dissolved_naturally,exact,exact,1.0,1.0
33a6de84df01d29e4e0e60dba76da407,fb5a8793926011249e897ddfaee648a7,pair_dissolved_naturally,exact,exact,1.0,1.0
33c04761f1f2d359f840f95bd1e328f4,7bb7ce6231a7d870c9a2c9fca5410df3,pair_dissolved_naturally,exact,exact,1.0,1.0
33df79499d568ca239082a9c78b659ea,415bc45f0cae2b649c2bd72637eb4e9f,pair_dissolved_naturally,exact,exact,1.0,1.0
33df79499d568ca239082a9c78b659ea,aeb1800834d3eb19ee19ec05cb82ffdc,pair_dissolved_naturally,exact,exact,1.0,1.0
33df79499d568ca239082a9c78b659ea,cae732bf385d3584613f5ab14a210dd2,pair_dissolved_naturally,exact,exact,1.0,1.0
33df79499d568ca239082a9c78b659ea,d748af23ef5912e9dd05908b90b71f6e,pair_dissolved_naturally,exact,exact,1.0,1.0
33e85de639831d8291dfc6f777cd8590,33ea5553dd4af790ad32dfd218ee207f,pair_dissolved_naturally,exact,exact,1.0,1.0
33e85de639831d8291dfc6f777cd8590,ae6837f261961be6efaad7c46bcb4ee2,pair_dissolved_naturally,exact,exact,1.0,1.0
33e85de639831d8291dfc6f777cd8590,ae80a6ffcc2d73063023363bcc96450d,pair_dissolved_naturally,exact,exact,1.0,1.0
33e8b78bdec7e11d895abbde994a6423,3a7c9ec051257fc8eb0a5c841b68f1ba,pair_dissolved_naturally,unknown,exact,,1.0
33ea5553dd4af790ad32dfd218ee207f,ae6837f261961be6efaad7c46bcb4ee2,pair_dissolved_naturally,exact,exact,1.0,1.0
33ea5553dd4af790ad32dfd218ee207f,ae80a6ffcc2d73063023363bcc96450d,pair_dissolved_naturally,exact,exact,1.0,1.0
33eed1846c9ba05d2c5f88387c89fcc0,479b5700d84232f377f725c63ae662aa,method_a_deleted,deleted,exact,,1.0
33eed1846c9ba05d2c5f88387c89fcc0,5982d24dcc54fb53c77c616640113ebd,method_a_deleted,deleted,signature_changed,,0.92
33eed1846c9ba05d2c5f88387c89fcc0,6ac76f65011a4445b0c98624da1da024,both_deleted,deleted,deleted,,
33eed1846c9ba05d2c5f88387c89fcc0,6f8769c3093cb9c81cd54f725112fd7f,method_a_deleted,deleted,exact,,1.0
33eed1846c9ba05d2c5f88387c89fcc0,e20c921b536120112166254e38dd1d3d,method_a_deleted,deleted,signature_changed,,0.94
33eed1846c9ba05d2c5f88387c89fcc0,ea54141c4c1c39e76922a1069120c622,method_a_deleted,deleted,signature_changed,,0.85
33eed1846c9ba05d2c5f88387c89fcc0,efa883c8386d91071449a0b27e447984,method_a_deleted,deleted,exact,,1.0
34167599e15dd4d77acf063babff0ebf,bb8c89b033929ad4ef587531933387e5,pair_dissolved_naturally,exact,exact,1.0,1.0
34167599e15dd4d77acf063babff0ebf,d7743b8c6d7b107b90d5b0b5afcbe627,pair_dissolved_naturally,exact,exact,1.0,1.0
34184226010a84645d7b800dc941752d,6a924dca7ac6ff763635c0e8a8cd9e87,pair_dissolved_naturally,exact,exact,1.0,1.0
342f2b1e699f0f42f589fd495abcff50,552d4c4faec04cc5b67882f461a4d51b,pair_dissolved_naturally,exact,exact,1.0,1.0
342f2b1e699f0f42f589fd495abcff50,f942084c00c298b9c84fafeed8a367fe,pair_dissolved_naturally,exact,exact,1.0,1.0
343aa9d30020ead87c9f88a6dec26a8a,79b733a30861a7a6b5afc5c5c0a70222,pair_dissolved_by_refactoring,exact,moved,1.0,1.0
3462930821bfbe8e18a51183547922b9,446f42cf67ad096b65df63b6616ba069,pair_dissolved_naturally,exact,exact,1.0,1.0
3462930821bfbe8e18a51183547922b9,bff152e2eb21b7499d2f93da066029e7,pair_dissolved_naturally,exact,exact,1.0,1.0
3476dc1bb279c342a3ebf573f4131774,993d5336ff9d0ecb195f2a7db1501277,pair_dissolved_naturally,exact,exact,1.0,1.0
3476dc1bb279c342a3ebf573f4131774,f6deefebe7968adc49678c7bb7208126,pair_dissolved_naturally,exact,exact,1.0,1.0
3479c1c0390d1a46bc96215b82b680d9,38d1e026b34c638ff4057e286928f37a,pair_dissolved_by_refactoring,signature_changed,exact,0.95,1.0
3479c1c0390d1a46bc96215b82b680d9,4ff6683967b272b79965981315d31cfe,pair_dissolved_by_refactoring,signature_changed,exact,0.95,1.0
3479c1c0390d1a46bc96215b82b680d9,7fbfdd63e08dec218cc2226195919196,pair_dissolved_by_refactoring,signature_changed,exact,0.95,1.0
3479c1c0390d1a46bc96215b82b680d9,a619d0f668a5e475a302f7986ead3502,pair_dissolved_by_refactoring,signature_changed,signature_changed,0.95,0.91
3479c1c0390d1a46bc96215b82b680d9,b7d35be870963a348aac369fc15e9a68,pair_dissolved_by_refactoring,signature_changed,exact,0.95,1.0
3479c1c0390d1a46bc96215b82b680d9,ed8e56a288e8ac2a9460c67792480644,pair_dissolved_by_refactoring,signature_changed,exact,0.95,1.0
34b3845ed1c1ccf329acd32a7917e009,5c73425bbd692819cac0b6862e7fd6e8,both_deleted,deleted,deleted,,
34b3845ed1c1ccf329acd32a7917e009,7900e9e9f8124113ba455e93299365cb,both_deleted,deleted,deleted,,
34b3845ed1c1ccf329acd32a7917e009,986d1bebf9bd20ea9c4f3145e2b1f64d,method_a_deleted,deleted,signature_changed,,0.88
34b3845ed1c1ccf329acd32a7917e009,af00ac40711dbf031dcd08d9f2357ec2,both_deleted,deleted,deleted,,
34b3845ed1c1ccf329acd32a7917e009,be4b4254ff070c9df5f8a4f922f3266b,both_deleted,deleted,deleted,,
34b3845ed1c1ccf329acd32a7917e009,dc2d893f3a213ba8347e841ee3603faa,both_deleted,deleted,deleted,,
34b3845ed1c1ccf329acd32a7917e009,f43d862f762bba5c9b1fddd4a6081faa,both_deleted,deleted,deleted,,
34bff33b2dd267f09861963b0ad36ba5,b5213162c6f68d65679346d31d0c4da8,pair_dissolved_naturally,exact,exact,1.0,1.0
34c63a92d2d0830c687de3aa077dd016,f113ed3aa2123ee68f5c73a6a12faec1,pair_dissolved_by_refactoring,signature_changed,exact,1.0,1.0
34cd60b3a985729db98188c773c537db,7a3f6eb7739446ed7292b35be314b4c8,pair_dissolved_naturally,exact,exact,1.0,1.0
34d8f7c5876ff6225bafc81cc10f0f55,c86a462a0a5530ed0f6e41ac3fb63955,pair_dissolved_by_refactoring,signature_changed,signature_changed,1.0,1.0
34e27b732b4e33b59e43d9c0afee2edb,4efb2d24aa13f30c02aa6d11dba810e8,pair_dissolved_by_refactoring,signature_changed,signature_changed,0.97,1.0
34e27b732b4e33b59e43d9c0afee2edb,55b94c1027565ae02f0ddfaac21859e1,pair_dissolved_by_refactoring,signature_changed,signature_changed,0.97,1.0
34e27b732b4e33b59e43d9c0afee2edb,611f2982b0d18a23c9744a75720330a2,pair_dissolved_by_refactoring,signature_changed,signature_changed,0.97,1.0
34e27b732b4e33b59e43d9c0afee2edb,6ee545050b3f26a9bc846d255b88a3dd,pair_dissolved_by_refactoring,signature_changed,signature_changed,0.97,0.97
34e27b732b4e33b59e43d9c0afee2edb,7f0ac1b5635f5af28a73c1f47bdca1a3,pair_dissolved_by_refactoring,signature_changed,signature_changed,0.97,1.0
34e27b732b4e33b59e43d9c0afee2edb,e9f85d11284403adb130924babacc4eb,pair_dissolved_by_refactoring,signature_changed,signature_changed,0.97,1.0
34e27b732b4e33b59e43d9c0afee2edb,f1832dc7b2959caee4e5f5440627eded,pair_dissolved_by_refactoring,signature_changed,signature_changed,0.97,1.0
34f6abfd0cd58ff37cbb81e7dd869e8a,48bbf8afaad3f5bf17c203858d93ce9a,pair_dissolved_naturally,exact,exact,1.0,1.0
34f6abfd0cd58ff37cbb81e7dd869e8a,aef58b10937fe72e7326a6ccc78fc20f,pair_dissolved_naturally,exact,exact,1.0,1.0
34f6abfd0cd58ff37cbb81e7dd869e8a,dfa66808ef670e90702f3f0b346e3e86,pair_dissolved_naturally,exact,exact,1.0,1.0
352e61b3b5303e2c9a391459d413b3c0,5ad233a8453bfec696526f3dc335ae6b,pair_dissolved_by_refactoring,exact,refactored,1.0,0.84
3545bd75642ab87fd572e73904fa8132,84dc45ba54e1dc89acd4991d0bb518cd,pair_dissolved_naturally,exact,exact,1.0,1.0
35699e0bfec6cad30305efb7bb75577b,cb6d865e2435525e844b47650b7022ad,pair_dissolved_naturally,exact,exact,1.0,1.0
35699e0bfec6cad30305efb7bb75577b,d273e7bc17d4c85cf104efe2fedeac0f,pair_dissolved_naturally,exact,exact,1.0,1.0
35b73fd3811076168098ef1eddc233eb,d6e1266ba97db0a6254aef837638999c,pair_dissolved_naturally,exact,exact,1.0,1.0
35b73fd3811076168098ef1eddc233eb,f6384ef959c037e8210b3514275b5db8,pair_dissolved_naturally,exact,exact,1.0,1.0
35fc02f8995f9a8055fb2b2a297f9c17,387c2cbcc2d07cac11e7e69258a8eff1,method_b_deleted,refactored,deleted,0.79,
35fc02f8995f9a8055fb2b2a297f9c17,3a7b2e03cf8cc2290e2a9a6f256bd472,pair_dissolved_by_refactoring,refactored,exact,0.79,1.0
35fc02f8995f9a8055fb2b2a297f9c17,9e92c738f1880fa548decae8bd2845e3,pair_dissolved_by_refactoring,refactored,renamed,0.79,0.98
35fc02f8995f9a8055fb2b2a297f9c17,d1e9238d7eae3617accfe813480a0d3f,pair_dissolved_by_refactoring,refactored,renamed,0.79,0.98
35fc02f8995f9a8055fb2b2a297f9c17,ece31ca566eb1d144d93011966e3a34a,pair_dissolved_by_refactoring,refactored,exact,0.79,1.0
360a05d5c394e317bcee731e67790b51,386872fecd85098053e051d6adf51593,pair_dissolved_naturally,exact,exact,1.0,1.0
360a05d5c394e317bcee731e67790b51,40d0d8e0da1496e54515faf1c19e45a4,pair_dissolved_naturally,exact,exact,1.0,1.0
360a05d5c394e317bcee731e67790b51,64cb88402ed50775bcd23731b13ca4ee,pair_dissolved_naturally,exact,exact,1.0,1.0
3639c2ccf5c898c3a17c90010936f9a1,65722141109274b3664fcd92741a935d,pair_dissolved_naturally,exact,exact,1.0,1.0
3639c2ccf5c898c3a17c90010936f9a1,8c91af0b6ff172e6ae77dc8a3dd80da8,pair_dissolved_naturally,exact,exact,1.0,1.0
363d69c04d4a9719c5bf19f463e128c6,bd4733252d9c6dcd1eb588c4d2b9ce64,pair_dissolved_by_refactoring,signature_changed,exact,0.98,1.0
3664e76c789cf99df4ff7fb8bf13c1d2,6f1be1af45e5512b10752cae258ffccd,pair_dissolved_naturally,exact,exact,1.0,1.0
3664e76c789cf99df4ff7fb8bf13c1d2,f2263841184ac625f1cded50fae99c8b,pair_dissolved_naturally,exact,exact,1.0,1.0
367427e25811a64b02acfff91aea423c,d1b089b01218010e71d7bdbd98a2b592,pair_dissolved_naturally,exact,exact,1.0,1.0
367dae4910e4756dad10395c428c7ac4,3a7b2e03cf8cc2290e2a9a6f256bd472,pair_dissolved_naturally,exact,exact,1.0,1.0
367dae4910e4756dad10395c428c7ac4,6c194e8abcba771f7393b777a961893c,pair_dissolved_naturally,exact,exact,1.0,1.0
367eb1f8650538034a4d33512fdf5693,d4e8b6fe84f0cd5c781afb451760c4a0,method_b_deleted,exact,deleted,1.0,
367eb1f8650538034a4d33512fdf5693,f659c5e78f96e257b20782a6e9b92ab3,pair_dissolved_naturally,exact,exact,1.0,1.0
36bf5de6ae84602d13d5e91e543f32d8,391524d466b7a6d2d7a6056f32a1da6c,pair_dissolved_naturally,exact,exact,1.0,1.0
36cc031eec81afd80640c442f9602b3d,5443333aa26952483cc04e5282e11760,pair_dissolved_naturally,exact,exact,1.0,1.0
36cc031eec81afd80640c442f9602b3d,bbf82428f677eebe3bb08765045e7677,pair_dissolved_naturally,exact,exact,1.0,1.0
36da4d418ad15e6e470e59d0450aa679,91239846679ffe43a6e6f2723edfba83,pair_dissolved_naturally,exact,exact,1.0,1.0
36da4d418ad15e6e470e59d0450aa679,e7506aaf53141b2c04069a9eb4cf3f5b,pair_dissolved_naturally,exact,exact,1.0,1.0
37344097682f1b5eeb4efaac8a7b3db4,627cb8f4c510b6be81d3dfa2300a4c0d,pair_dissolved_by_refactoring,renamed,signature_changed,0.93,0.73
3763133b97b45b616c9eda059ba82e27,4e1bc6785818db63dea358aa4d67273c,pair_dissolved_by_refactoring,refactored,refactored,0.73,0.76
3763133b97b45b616c9eda059ba82e27,50a5994df6dcd51fc07cc54dc2be41b6,pair_dissolved_by_refactoring,refactored,refactored,0.73,0.8
3763133b97b45b616c9eda059ba82e27,520020af6f73cd44599cbc3146ea8e38,pair_dissolved_by_refactoring,refactored,exact,0.73,1.0
3763133b97b45b616c9eda059ba82e27,5504c5cbd0718cd7df1ccc39b284b553,pair_dissolved_by_refactoring,refactored,refactored,0.73,0.73
3763133b97b45b616c9eda059ba82e27,71e3dc7756a0f15a43c8f0991ee8ef0f,pair_dissolved_by_refactoring,refactored,refactored,0.73,0.73
3763133b97b45b616c9eda059ba82e27,80e30ce7944bbd4be1e347a5a952e133,method_b_deleted,refactored,deleted,0.73,
3763133b97b45b616c9eda059ba82e27,91c78157438767829d1f1aaeb8d69bc5,pair_dissolved_by_refactoring,refactored,refactored,0.73,0.73
3763133b97b45b616c9eda059ba82e27,d09fa69c6d5615c26aac2f825b8e7328,pair_dissolved_by_refactoring,refactored,exact,0.73,1.0
3763133b97b45b616c9eda059ba82e27,e8fab3b0104e8680b5767566a418db6e,pair_dissolved_by_refactoring,refactored,exact,0.73,1.0
3763133b97b45b616c9eda059ba82e27,fbb9bfc9cd9f39c7ca696149b61ba450,pair_dissolved_by_refactoring,refactored,refactored,0.73,0.8
3765889688f9aa80276916fcd4a9d88b,54f6536133fed638bc0a15e3537853ca,pair_dissolved_naturally,exact,exact,1.0,1.0
3765889688f9aa80276916fcd4a9d88b,5e71f6d00aab2f1be32c8315a43c7377,pair_dissolved_naturally,exact,exact,1.0,1.0
377aa1398d2117e6b8b705530482a0f0,59159b3b8aadaae1955d8c15ff762b0f,pair_dissolved_naturally,exact,exact,1.0,1.0
377aa1398d2117e6b8b705530482a0f0,6255682a38c765c2be893d8b2e3723ce,pair_dissolved_naturally,exact,exact,1.0,1.0
377aa1398d2117e6b8b705530482a0f0,f3553dcbad807a2c974e69d1e295c2df,pair_dissolved_naturally,exact,exact,1.0,1.0
379626e11cb00693c3865c6e4d3da1f2,6cee29b21a8fd649f7c877071a4ec37e,pair_dissolved_naturally,exact,exact,1.0,1.0
37a5d9e35fcac54ad00acb02c0602dd2,c06f3f926cc18b45ba350495c59c0093,pair_dissolved_naturally,exact,exact,1.0,1.0
37af42b22d16b36766001d4cf987c1c8,7aac825961546bc0faaa6230d8702582,pair_dissolved_naturally,exact,exact,1.0,1.0
37b012e1356848b1bf110a2a18876f60,9830ab6cdb05dbbdbb54b17637c57ae3,pair_dissolved_by_refactoring,exact,refactored,1.0,0.76
37b012e1356848b1bf110a2a18876f60,aa2019976583b18fd0f32a389033c81b,pair_dissolved_naturally,exact,exact,1.0,1.0
37b012e1356848b1bf110a2a18876f60,f6384ef959c037e8210b3514275b5db8,pair_dissolved_naturally,exact,exact,1.0,1.0
37b3ab9bffe91326d852a92fb8a0f910,4813a7e3f7bb5dbc26de339342ca3847,pair_dissolved_naturally,exact,exact,1.0,1.0
37b3ab9bffe91326d852a92fb8a0f910,932c97a6438fa628765cec2242ac2e23,pair_dissolved_naturally,exact,exact,1.0,1.0
37b3ab9bffe91326d852a92fb8a0f910,a6b845b7d9cd56cbd64202955bfdcf6e,pair_dissolved_naturally,exact,exact,1.0,1.0
37b3ab9bffe91326d852a92fb8a0f910,c5bdaaf1ceada7cfca019c4a07944754,pair_dissolved_naturally,exact,exact,1.0,1.0
37bef374d0518e70e90bb2df30ee0347,ae6f62ddd72c36c0c364b27d3bd7d125,pair_dissolved_naturally,exact,exact,1.0,1.0
37c8791ceb205d5dd2fb66e4865c2e09,9cb0342a91d0455b4cb5a0ba9a0e2104,pair_dissolved_naturally,exact,exact,1.0,1.0
37e87a4f617b15ab0c6fa153f69db870,b27f755b546d1dd3f6848cebbef510fb,pair_dissolved_naturally,exact,exact,1.0,1.0
3803e1f5d859aacf545d5182b54ddb4d,6e02547bfd77d7484def75862be5d796,pair_dissolved_naturally,unknown,exact,,1.0
3805dd3c01e8dd1c178f86d87b578d7d,4a29869d03f450fdb21120f3001eae78,method_a_deleted,deleted,exact,,1.0
3805dd3c01e8dd1c178f86d87b578d7d,63d1b342e0d939b9a1c2a05cf349f1af,both_deleted,deleted,deleted,,
3805dd3c01e8dd1c178f86d87b578d7d,a7d3391913fb374d238fd49e5c7c796f,method_a_deleted,deleted,refactored,,0.76
3805dd3c01e8dd1c178f86d87b578d7d,cc55a32a2141132f065798022cf031be,both_deleted,deleted,deleted,,
3805dd3c01e8dd1c178f86d87b578d7d,ee4571f3a31b5160523e605408464f52,both_deleted,deleted,deleted,,
384baa9003a50cc2117fae0e25ce8ff0,4aada1d6c9c0ecafa599b81a0724db21,pair_dissolved_naturally,exact,exact,1.0,1.0
384baa9003a50cc2117fae0e25ce8ff0,bd94247be2ecf6c7a35627ff56ea25ab,pair_dissolved_naturally,exact,exact,1.0,1.0
384d17833a4eb48d04fa4348dd96a672,d1375cfb7ba45c40bdfc824d2ae122f1,pair_dissolved_naturally,exact,exact,1.0,1.0
3864e8245a362c2e4996051410269847,ba24db758e8e5c9db15786a5284f009b,pair_dissolved_naturally,exact,exact,1.0,1.0
386872fecd85098053e051d6adf51593,40d0d8e0da1496e54515faf1c19e45a4,pair_dissolved_naturally,exact,exact,1.0,1.0
386872fecd85098053e051d6adf51593,64cb88402ed50775bcd23731b13ca4ee,pair_dissolved_naturally,exact,exact,1.0,1.0
387c2cbcc2d07cac11e7e69258a8eff1,9e92c738f1880fa548decae8bd2845e3,method_a_deleted,deleted,renamed,,0.98
387c2cbcc2d07cac11e7e69258a8eff1,d1e9238d7eae3617accfe813480a0d3f,method_a_deleted,deleted,renamed,,0.98
387c2cbcc2d07cac11e7e69258a8eff1,ece31ca566eb1d144d93011966e3a34a,method_a_deleted,deleted,exact,,1.0
388a0b5afafb69da772f9bcf35bce167,6ef355715a12cead273b192c4cefe884,pair_dissolved_by_refactoring,exact,signature_changed,1.0,0.99
388a0b5afafb69da772f9bcf35bce167,9ddb51f27503e1df71edb8c36950cdaf,pair_dissolved_naturally,exact,exact,1.0,1.0
389bc5b10807780c3123308241124f63,837abae5ae803eead770b0e118203ee6,both_deleted,deleted,deleted,,
38b901547f010aa7c18fbfd367e159f2,53cfe800d2fb1f74954c5e92c7353ed7,pair_dissolved_naturally,exact,exact,1.0,1.0
38b901547f010aa7c18fbfd367e159f2,fa528f8ca959d43b63c4fe52cc31c4b7,pair_dissolved_naturally,exact,exact,1.0,1.0
38d1e026b34c638ff4057e286928f37a,4ff6683967b272b79965981315d31cfe,pair_dissolved_naturally,exact,exact,1.0,1.0
38d1e026b34c638ff4057e286928f37a,7fbfdd63e08dec218cc2226195919196,pair_dissolved_naturally,exact,exact,1.0,1.0
38f73c750446f23fa50fa5b5efded8a2,6e1f4bc23a5f7bf900df4d25b1109ac9,pair_dissolved_naturally,exact,exact,1.0,1.0
391524d466b7a6d2d7a6056f32a1da6c,d31442aa71512d43210cca0e6c9cc117,pair_dissolved_naturally,exact,exact,1.0,1.0
393318e5c25cd09485ce488815ae0588,7f8bbb55aa17b8222e14629d584d283b,pair_dissolved_by_refactoring,exact,signature_changed,1.0,0.94
394279c758c750a71187cf2df4118396,5fec0fe08f8331cd91823261390fcb00,pair_dissolved_naturally,exact,exact,1.0,1.0
394279c758c750a71187cf2df4118396,6ce7b492d3a54ae094bad05e620f93b3,pair_dissolved_naturally,exact,exact,1.0,1.0
394279c758c750a71187cf2df4118396,d71befa8b6baf014b82beb52dd903d64,pair_dissolved_naturally,exact,exact,1.0,1.0
394d3cfdb58f0504f4d031fe4c41f124,6e129844849681204dbebb7ca3b5261d,pair_dissolved_by_refactoring,signature_changed,signature_changed,1.0,0.87
3952d3347d0bce007cd7117936e686ea,4595d9b728057618d5e9137c85f42a89,pair_dissolved_by_refactoring,signature_changed,exact,0.98,1.0
3952d3347d0bce007cd7117936e686ea,f4bc2c1a3e7b97ea1aeb9e72ed649ecc,pair_dissolved_by_refactoring,signature_changed,exact,0.98,1.0
3952d3347d0bce007cd7117936e686ea,f56727e542e5847d13427063ec6c7322,pair_dissolved_by_refactoring,signature_changed,exact,0.98,1.0
39606577d47c46d6353adacaae0b5226,b7f1dd28f1a13fb6893996b325e43296,both_deleted,deleted,deleted,,
397d159dbaf9c1c92ce8592c571acb13,695103c96eddf93b74dd50a4acaaaacd,pair_dissolved_naturally,exact,exact,1.0,1.0
398b9fd5455cbc2263ad6bc9741ac560,b12d1e8ebbecb654477d41ed517689bf,pair_dissolved_naturally,exact,exact,1.0,1.0
39944fad97eddbd6191f1b2eb1d34752,4f6011080dcc9bae080d01a1a1a2ccac,pair_dissolved_naturally,exact,exact,1.0,1.0
399bf9c2d498cf17c1a9c87f896396b4,5982d24dcc54fb53c77c616640113ebd,method_a_deleted,deleted,signature_changed,,0.92
399bf9c2d498cf17c1a9c87f896396b4,6f8769c3093cb9c81cd54f725112fd7f,method_a_deleted,deleted,exact,,1.0
399bf9c2d498cf17c1a9c87f896396b4,993c5c0729de623ca983fca31a1d8536,method_a_deleted,deleted,exact,,1.0
399bf9c2d498cf17c1a9c87f896396b4,9d772224a6c4ef816d89f3e2bb28ee01,method_a_deleted,deleted,exact,,1.0
399bf9c2d498cf17c1a9c87f896396b4,e20c921b536120112166254e38dd1d3d,method_a_deleted,deleted,signature_changed,,0.94
399bf9c2d498cf17c1a9c87f896396b4,ea54141c4c1c39e76922a1069120c622,method_a_deleted,deleted,signature_changed,,0.85
39a9b6f830f61828911a77be4906d10e,de7ed1dc57d6b5e45f394b6284a4028f,pair_dissolved_naturally,exact,exact,1.0,1.0
39a9b6f830f61828911a77be4906d10e,f49ae446823d6f28913962c4353f84ce,pair_dissolved_naturally,exact,exact,1.0,1.0
39b55b023274818dc52cacc0c4e65bb3,3d12c500227fa8951143fd0080f75307,pair_dissolved_naturally,exact,exact,1.0,1.0
39b55b023274818dc52cacc0c4e65bb3,aef85f5cc2be0fc841dcbddad4d0d473,pair_dissolved_naturally,exact,exact,1.0,1.0
39d93a7708c672e86fd82bc6cf27705d,4f89acfa9ecfb1c0f752ba83397d307a,pair_dissolved_by_refactoring,signature_changed,exact,0.99,1.0
39d93a7708c672e86fd82bc6cf27705d,56030728dbbeb8518bcaf693264d4422,pair_dissolved_by_refactoring,signature_changed,exact,0.99,1.0
39ed57f906597ee545b0312d2e34db96,54060a00c6c12bd9558e575ed414a99a,pair_dissolved_naturally,token_hash,exact,1.0,1.0
39f011337c9e2f4270fcf7b41305538d,7b39cf91fd54497eee348aee142ce132,method_a_deleted,deleted,renamed,,0.91
39f432590c4593713ea237afb054e922,3badaf318df81a92b6f175db756838bc,pair_dissolved_naturally,exact,exact,1.0,1.0
39f432590c4593713ea237afb054e922,3d944e6a6d4f26aa59ed88026de24d5d,pair_dissolved_naturally,exact,exact,1.0,1.0
39f432590c4593713ea237afb054e922,441361a97c577adecb2fb61e4945bfdd,pair_dissolved_by_refactoring,exact,signature_changed,1.0,0.95
39f432590c4593713ea237afb054e922,460f01510d56ce017c957870a1205ec9,pair_dissolved_naturally,exact,exact,1.0,1.0
39f432590c4593713ea237afb054e922,4b0f0af83e240d1fd854b962cef0ff4d,pair_dissolved_by_refactoring,exact,signature_changed,1.0,0.95
39f432590c4593713ea237afb054e922,7906b68dc18c32211d09332183283408,pair_dissolved_by_refactoring,exact,signature_changed,1.0,0.95
39f432590c4593713ea237afb054e922,7b9406cc24e40a8233d1672486b0b581,pair_dissolved_naturally,exact,exact,1.0,1.0
39f432590c4593713ea237afb054e922,82c244d66e0c1839b31b2b59cd4e8638,pair_dissolved_naturally,exact,exact,1.0,1.0
39f432590c4593713ea237afb054e922,8b2253722f6f45d50df17bc1a54a6af8,pair_dissolved_by_refactoring,exact,signature_changed,1.0,0.98
39f432590c4593713ea237afb054e922,92f04b56f3b87018a39c39fccb96c99f,pair_dissolved_naturally,exact,exact,1.0,1.0
39f432590c4593713ea237afb054e922,9af0dac6fe467156569fed8eab8ef25f,pair_dissolved_naturally,exact,exact,1.0,1.0
39f432590c4593713ea237afb054e922,9b122c43e5d526f474cf6d7a5b154bc4,pair_dissolved_by_refactoring,exact,signature_changed,1.0,0.92
39f432590c4593713ea237afb054e922,a1e95a7e2a033fb15b6e8ac9896fc065,pair_dissolved_naturally,exact,exact,1.0,1.0
39f432590c4593713ea237afb054e922,a232c00d3c032c1dcb9960a03a2af02a,pair_dissolved_by_refactoring,exact,signature_changed,1.0,0.98
39f432590c4593713ea237afb054e922,a2776351d19cc110e6c44284278648b3,pair_dissolved_naturally,exact,exact,1.0,1.0
39f432590c4593713ea237afb054e922,a6f85f9146258be22899e29bafa6ddbe,pair_dissolved_by_refactoring,exact,signature_changed,1.0,0.98
39f432590c4593713ea237afb054e922,ad28ec89a7ea2b6622341f22c44a0403,pair_dissolved_naturally,exact,exact,1.0,1.0
39f432590c4593713ea237afb054e922,bc9351e25302126e2ccd26946c097596,pair_dissolved_by_refactoring,exact,signature_changed,1.0,0.95
39f432590c4593713ea237afb054e922,bf5cbe1c1ecc07712ac7d4aa93e91a18,pair_dissolved_naturally,exact,exact,1.0,1.0
39f432590c4593713ea237afb054e922,d4fe2c0b8d29ae7dcea508d05fcad947,pair_dissolved_naturally,exact,exact,1.0,1.0
39f432590c4593713ea237afb054e922,d838203a9aa3ec7d77132d3bdbc0805c,pair_dissolved_naturally,exact,exact,1.0,1.0
39f432590c4593713ea237afb054e922,f411c7f6ede16471367d8f59777caeba,pair_dissolved_naturally,exact,exact,1.0,1.0
39f432590c4593713ea237afb054e922,f68184908547d41d437b80e3b395ae3a,pair_dissolved_naturally,exact,exact,1.0,1.0
3a01bc694c3fbb9329fac1792abe339d,9621e38b3a5fd35417102ce08d35a02a,pair_dissolved_naturally,exact,exact,1.0,1.0
3a0223ecc7cdf7299f8e6d841d9d573d,f3659593951d52928c8322bcbc5434fe,pair_dissolved_by_refactoring,exact,signature_changed,1.0,0.74
3a386c2d569a6eed6a7fca8972a28e07,9d9073a7be37df1c8e050d17c6fe09a2,pair_dissolved_naturally,exact,exact,1.0,1.0
3a4f55ceb48829b6d388c650525134d1,ac3844e74fb1baf6f452a256b3cec4a7,pair_dissolved_naturally,exact,exact,1.0,1.0
3a74c493831357214b40aa6d077dc9f8,547ded528092c9b0290a07b29910b20c,pair_dissolved_by_refactoring,signature_changed,signature_changed,0.89,0.93
3a74c493831357214b40aa6d077dc9f8,56925488c3bc122303a7fd2c09864bbf,pair_dissolved_by_refactoring,signature_changed,signature_changed,0.89,0.93
3a74c493831357214b40aa6d077dc9f8,7900e9e9f8124113ba455e93299365cb,method_b_deleted,signature_changed,deleted,0.89,
3a74c493831357214b40aa6d077dc9f8,7db9ea029fdaeec183bdd873d14ea851,method_b_deleted,signature_changed,deleted,0.89,
3a74c493831357214b40aa6d077dc9f8,8a6ccb82ecd9ac33e67e9acfd178acb1,pair_dissolved_by_refactoring,signature_changed,signature_changed,0.89,0.83
3a74c493831357214b40aa6d077dc9f8,8c9340bd89f4b3fd8c8c1777fa2506ee,pair_dissolved_by_refactoring,signature_changed,signature_changed,0.89,0.85
3a74c493831357214b40aa6d077dc9f8,986d1bebf9bd20ea9c4f3145e2b1f64d,pair_dissolved_by_refactoring,signature_changed,signature_changed,0.89,0.88
3a74c493831357214b40aa6d077dc9f8,a9a3414824a267aaaf726cc3a2f0fd0e,pair_dissolved_by_refactoring,signature_changed,signature_changed,0.89,0.82
3a74c493831357214b40aa6d077dc9f8,aa55e4e11e13fca90d0525d6a02caee7,pair_dissolved_by_refactoring,signature_changed,signature_changed,0.89,0.84
3a74c493831357214b40aa6d077dc9f8,be4b4254ff070c9df5f8a4f922f3266b,method_b_deleted,signature_changed,deleted,0.89,
3a74c493831357214b40aa6d077dc9f8,d4edd733c2217a7db29648b568ebc888,pair_dissolved_by_refactoring,signature_changed,signature_changed,0.89,0.91
3a74c493831357214b40aa6d077dc9f8,dc2d893f3a213ba8347e841ee3603faa,method_b_deleted,signature_changed,deleted,0.89,
3a74c493831357214b40aa6d077dc9f8,f43d862f762bba5c9b1fddd4a6081faa,method_b_deleted,signature_changed,deleted,0.89,
3a7b2e03cf8cc2290e2a9a6f256bd472,3f264ddd4b0de8bceeb80e3c5e614631,pair_dissolved_naturally,exact,exact,1.0,1.0
3a7b2e03cf8cc2290e2a9a6f256bd472,3f97898007f751bbee13741a827dc09e,pair_dissolved_naturally,exact,exact,1.0,1.0
3a7b2e03cf8cc2290e2a9a6f256bd472,5ab5bd3abc5385df15763bcc74633b0b,pair_dissolved_naturally,exact,exact,1.0,1.0
3a7b2e03cf8cc2290e2a9a6f256bd472,5b1b90c5bf84ff0a6bd168cd5db4506f,pair_dissolved_naturally,exact,exact,1.0,1.0
3a7b2e03cf8cc2290e2a9a6f256bd472,761dc01502c7057bd1663e3ac17f80a8,pair_dissolved_naturally,exact,exact,1.0,1.0
3a7b2e03cf8cc2290e2a9a6f256bd472,7cb29f32a976a2aeed9fac65f239f351,pair_dissolved_naturally,exact,exact,1.0,1.0
3a7b2e03cf8cc2290e2a9a6f256bd472,968c6992a9a51f867e888589aaffa28b,pair_dissolved_naturally,exact,exact,1.0,1.0
3a7b2e03cf8cc2290e2a9a6f256bd472,9e92c738f1880fa548decae8bd2845e3,pair_dissolved_by_refactoring,exact,renamed,1.0,0.98
3a7b2e03cf8cc2290e2a9a6f256bd472,dd71bdd7477943519c88bf8cefc63e1d,pair_dissolved_naturally,exact,exact,1.0,1.0
3a7b2e03cf8cc2290e2a9a6f256bd472,dfb29ca50fd666012000ec79bb65201b,pair_dissolved_naturally,exact,exact,1.0,1.0
3a7c9ec051257fc8eb0a5c841b68f1ba,69f7f49a98b0b738e350897da84491b0,pair_dissolved_naturally,exact,exact,1.0,1.0
3a7c9ec051257fc8eb0a5c841b68f1ba,7e8ed0790140f5f51ffb6c086bfa5241,pair_dissolved_naturally,exact,exact,1.0,1.0
3a837e8ee385877abc8e82d75b77f905,e8747b18657fa43c6d286f4d9c8c9007,pair_dissolved_naturally,exact,exact,1.0,1.0
3ab206ec364b6d9d843ccec7e708d3b3,d62be4ee55955df47f655a2f85c3d3bd,pair_dissolved_naturally,exact,exact,1.0,1.0
3ad30b03b3d23ac6b5f5d57906353375,a690a866f58b5bb40e0e9fc87266adf5,pair_dissolved_naturally,exact,exact,1.0,1.0
3ae65afe486d3f969baa93a2d91f0a50,533a12e4dec6fb4108f5089a90bf97dc,pair_dissolved_naturally,exact,exact,1.0,1.0
3ae65afe486d3f969baa93a2d91f0a50,eb33e0cba8a5fd24fa5990db6c386582,pair_dissolved_naturally,exact,exact,1.0,1.0
3af77c02e5985a6b0fb5cd14085c36ad,62c7cfcb7ed716bb70a7082459d5becd,pair_dissolved_naturally,exact,exact,1.0,1.0
3af77c02e5985a6b0fb5cd14085c36ad,86a0505e0b0ea2f18716c471b2b1bf0c,pair_dissolved_naturally,exact,exact,1.0,1.0
3b05c9ca5ebadebe71c7b1c6f0ac0b91,46f2b17019bd096ae3e7f8734bab84b6,pair_dissolved_naturally,exact,exact,1.0,1.0
3b05c9ca5ebadebe71c7b1c6f0ac0b91,4b1cbb94bbc28c49a566b4fc797a72a1,pair_dissolved_naturally,exact,exact,1.0,1.0
3b05c9ca5ebadebe71c7b1c6f0ac0b91,737524e5fe5a135a2d85bee2669f1df7,pair_dissolved_naturally,exact,exact,1.0,1.0
3b05c9ca5ebadebe71c7b1c6f0ac0b91,8104c1fd33d32f08fb34b45f93885c81,pair_dissolved_naturally,exact,exact,1.0,1.0
3b05c9ca5ebadebe71c7b1c6f0ac0b91,de7e97f07df2fc21edbdc76839a0f1e2,pair_dissolved_naturally,exact,exact,1.0,1.0
3b05c9ca5ebadebe71c7b1c6f0ac0b91,e448c4cd1a0e7ba210acf8358895e6eb,pair_dissolved_naturally,exact,exact,1.0,1.0
3b05c9ca5ebadebe71c7b1c6f0ac0b91,e8ba27d37963c50e801a8f61211cbb12,pair_dissolved_naturally,exact,exact,1.0,1.0
3b1870d9403daa181439bf918fef4c33,5cdda45488db2f7c1198bd4bae6d4d0c,pair_dissolved_by_refactoring,exact,moved,1.0,1.0
3b4a7b260e214f9cc83cf23256cca640,9c9afd860e93bdfed87c88c3cde002d5,pair_dissolved_naturally,exact,exact,1.0,1.0
3b4a7b260e214f9cc83cf23256cca640,bc0e5f4694b3bf3b5aeab21bf9e36ea1,pair_dissolved_naturally,exact,exact,1.0,1.0
3b4c578c725e44db1154744c32cc26d6,460a32d45e5acdedb01cf2abd5b9f442,pair_dissolved_by_refactoring,signature_changed,signature_changed,1.0,1.0
3b4c578c725e44db1154744c32cc26d6,e1702a91e8ee58c6df2ab82f76d88794,pair_dissolved_by_refactoring,signature_changed,signature_changed,1.0,1.0
3b593083f228ac2d78006f852521b53e,80e30ce7944bbd4be1e347a5a952e133,method_b_deleted,signature_changed,deleted,1.0,
3b593083f228ac2d78006f852521b53e,a835cdcfffd5ee8fc242c025ffa28a9c,pair_dissolved_by_refactoring,signature_changed,exact,1.0,1.0
3b593083f228ac2d78006f852521b53e,f4bc2c1a3e7b97ea1aeb9e72ed649ecc,pair_dissolved_by_refactoring,signature_changed,exact,1.0,1.0
3b9caebcab2571a005abc7b09894ea03,e58d157631edacb476b3ca4ecbc29624,pair_dissolved_by_refactoring,signature_changed,signature_changed,1.0,0.98
3ba97524d724fe8da5114dd727028eb2,b0acd0c14c645ec272450e87bf8a91f1,method_b_deleted,refactored,deleted,0.89,
3badaf318df81a92b6f175db756838bc,890d73f1af96173568e900bbe753ab61,pair_dissolved_by_refactoring,exact,signature_changed,1.0,0.98
3badaf318df81a92b6f175db756838bc,938b8e76142512a26f19b940e62e4da3,pair_dissolved_by_refactoring,exact,signature_changed,1.0,0.98
3badaf318df81a92b6f175db756838bc,f411c7f6ede16471367d8f59777caeba,pair_dissolved_naturally,exact,exact,1.0,1.0
3bb25a5ba16c0355ca5a6833fda6f123,4a4e2c3f2698f077f2198a55937c3d90,pair_dissolved_naturally,exact,exact,1.0,1.0
3c22cfea45731a828ee93a1775b04dfd,ec798a6eb72d082c32cbe0a1f72bec5b,pair_dissolved_by_refactoring,refactored,exact,0.87,1.0
3c3e05f45e8fdd81771fb2a12af4a663,c0e7c41fffd141a52820731f3c64c5c3,pair_dissolved_by_refactoring,exact,signature_changed,1.0,1.0
3c3fc9889245ebfcead43c15b839c2ad,3e5d2a3e00a628e8615ae6ac21393c84,pair_dissolved_naturally,exact,exact,1.0,1.0
3c3fc9889245ebfcead43c15b839c2ad,a880e25fd9cdc3afdfe88a9baf3f455c,pair_dissolved_naturally,exact,exact,1.0,1.0
3c3fc9889245ebfcead43c15b839c2ad,ae4e8d746a599607504c8917cbbdcf60,pair_dissolved_naturally,exact,exact,1.0,1.0
3c3fc9889245ebfcead43c15b839c2ad,b69ee369d98e097067f986c2d7acbf94,pair_dissolved_naturally,exact,exact,1.0,1.0
3c44225f2f68769e460634334f469534,c1d7e5605f53b0b3012671d6e4d80664,pair_dissolved_naturally,exact,exact,1.0,1.0
3c614ae745f226da0fcb3c14e1183ab3,8eaac005dbfe24c82b795b68dd84fcc3,pair_dissolved_by_refactoring,exact,signature_changed,1.0,0.96
3c7695da8ce93569202868230517dab9,3e0b3ecc4be7b596342bbd8681af12bd,pair_dissolved_by_refactoring,unknown,signature_changed,,0.9
3c7695da8ce93569202868230517dab9,962a77b8e32fbffc7bb751e32a2840f5,pair_dissolved_naturally,unknown,exact,,1.0
3c7695da8ce93569202868230517dab9,c08e0039c4eaaf2bd17a9f0115dfe4df,pair_dissolved_by_refactoring,unknown,signature_changed,,0.9
3c7695da8ce93569202868230517dab9,c48de4086a0154014550c8498f384990,pair_dissolved_by_refactoring,unknown,signature_changed,,0.9
3c7695da8ce93569202868230517dab9,dad058a6f1c36566e5d1cd47802ba723,pair_dissolved_by_refactoring,unknown,signature_changed,,0.9
3c7695da8ce93569202868230517dab9,e3b4be1c8f14fba71e89c0441fea53e9,pair_dissolved_by_refactoring,unknown,signature_changed,,0.9
3c7695da8ce93569202868230517dab9,faa274d4368a2c2792f087b065fc3cce,pair_dissolved_by_refactoring,unknown,signature_changed,,0.95
3c91d5877772e12879674d3d2dff8d12,65460e7223975aa772755309d20207d9,pair_dissolved_naturally,exact,exact,1.0,1.0
3c91d5877772e12879674d3d2dff8d12,f26db6501cf34b7c9e8f71350484b3b4,pair_dissolved_naturally,exact,exact,1.0,1.0
3ca3e79493fa77313f51590aea73ca9f,768e3d1931d5b2c96ba1e2c240dba00d,pair_dissolved_naturally,exact,exact,1.0,1.0
3caba2a509cf328450ea84e2560cad12,9312ad37c6db0283302c10687173889b,pair_dissolved_by_refactoring,exact,signature_changed,1.0,1.0
3cb69376ff26dce559ecbb390f2f574c,d8ea2665fc18dca7e9e3f5cf9e3bca1e,pair_dissolved_naturally,exact,exact,1.0,1.0
3cc6dfa5f8ed1b7a649a0d12a5d083cf,a690a866f58b5bb40e0e9fc87266adf5,pair_dissolved_naturally,exact,exact,1.0,1.0
3ccb1dba24575d1b8a884b09299cd612,65460e7223975aa772755309d20207d9,pair_dissolved_naturally,exact,exact,1.0,1.0
3d0fe733886278779a4634a54056b93c,40481a5b06ff3a64e0cd3c5f11447d92,pair_dissolved_naturally,exact,exact,1.0,1.0
3d0fe733886278779a4634a54056b93c,c6204eb748d2c9b52a806884cd43c824,pair_dissolved_naturally,exact,exact,1.0,1.0
3d12c500227fa8951143fd0080f75307,a1f3ebd19de385ee18d44af27d7747c9,pair_dissolved_naturally,exact,exact,1.0,1.0
3d12c500227fa8951143fd0080f75307,aef85f5cc2be0fc841dcbddad4d0d473,pair_dissolved_naturally,exact,exact,1.0,1.0
3d1476e378ee3f91b7e30079a67d13ba,e8775bbf19e52e444b4eb1dc702a7950,pair_dissolved_naturally,exact,exact,1.0,1.0
3d427c2ae093a49319915e531f94a19f,f8a5a6dd678b7af19816db0d774241ba,pair_dissolved_naturally,exact,exact,1.0,1.0
3d45174a13d1be4bf23ca8d7ca10e8f3,a690a866f58b5bb40e0e9fc87266adf5,pair_dissolved_naturally,exact,exact,1.0,1.0
3d69abd6be4f6c9b25badff14d3b17f3,52591389d31400c9513ebb05deaf8f55,pair_dissolved_naturally,exact,exact,1.0,1.0
3d944e6a6d4f26aa59ed88026de24d5d,92f04b56f3b87018a39c39fccb96c99f,pair_dissolved_naturally,exact,exact,1.0,1.0
3d944e6a6d4f26aa59ed88026de24d5d,f411c7f6ede16471367d8f59777caeba,pair_dissolved_naturally,exact,exact,1.0,1.0
3da7e89e6952636f8cebcc7cfd45c910,45c25c869d49d0c239c8467eabdb692c,pair_dissolved_naturally,exact,exact,1.0,1.0
3da7e89e6952636f8cebcc7cfd45c910,dbbd476343d9e3df78c22dd5a324eab1,pair_dissolved_naturally,exact,exact,1.0,1.0
3dcf20bd8ed02dda86bd69f9ba8b02d5,9074d00788744543d5cf7861aae17d2e,pair_dissolved_naturally,exact,exact,1.0,1.0
3dcf20bd8ed02dda86bd69f9ba8b02d5,ad90d5616a09edaebed6a6d8b5edf630,pair_dissolved_naturally,exact,exact,1.0,1.0
3dd8b423c45e594609a99981f671f7d4,48e19a6dcbabaa0ef31e8393ef628af2,pair_dissolved_naturally,exact,exact,1.0,1.0
3dd8b423c45e594609a99981f671f7d4,ad6aed1916bfa26e32f013b93a62a508,pair_dissolved_naturally,exact,exact,1.0,1.0
3dd8b423c45e594609a99981f671f7d4,ae3230aa417a7af3e76db220d113b5f6,pair_dissolved_naturally,exact,exact,1.0,1.0
3dd8b423c45e594609a99981f671f7d4,ba4fc391bce87747250cc2f7550e5630,pair_dissolved_naturally,exact,exact,1.0,1.0
3dd8b423c45e594609a99981f671f7d4,dd43ed4a73d10067f970cdf0bd49032b,pair_dissolved_naturally,exact,exact,1.0,1.0
3dd8b423c45e594609a99981f671f7d4,f2e7fe02404be9588d2d28ee20f96dd9,pair_dissolved_naturally,exact,exact,1.0,1.0
3dd8b423c45e594609a99981f671f7d4,fc90fe7bf6fef060f8c0a450500c5658,pair_dissolved_naturally,exact,exact,1.0,1.0
3de0d0899042d693f7c015f4c56f5be5,5705d8d807a41e6750d6748835253226,pair_dissolved_naturally,exact,unknown,1.0,
3def52eb0f682a491b1ffc9674ea5df6,8abf3ea28d567b91dc263931f1a6565f,pair_dissolved_by_refactoring,exact,renamed,1.0,0.95
3e003caf7dc23e2d7f1e12b90723fa0a,d5e8b1df045391986243a0162cddba9c,pair_dissolved_by_refactoring,signature_changed,signature_changed,0.95,0.95
3e0b3ecc4be7b596342bbd8681af12bd,c08e0039c4eaaf2bd17a9f0115dfe4df,pair_dissolved_by_refactoring,signature_changed,signature_changed,0.9,0.9
3e0b3ecc4be7b596342bbd8681af12bd,c48de4086a0154014550c8498f384990,pair_dissolved_by_refactoring,signature_changed,signature_changed,0.9,0.9
3e0b3ecc4be7b596342bbd8681af12bd,dad058a6f1c36566e5d1cd47802ba723,pair_dissolved_by_refactoring,signature_changed,signature_changed,0.9,0.9
3e0b3ecc4be7b596342bbd8681af12bd,e3b4be1c8f14fba71e89c0441fea53e9,pair_dissolved_by_refactoring,signature_changed,signature_changed,0.9,0.9
3e0b3ecc4be7b596342bbd8681af12bd,faa274d4368a2c2792f087b065fc3cce,pair_dissolved_by_refactoring,signature_changed,signature_changed,0.9,0.95
3e1a35b9c55d26eeca69a0d50cc5a795,5b6de2b8d2ad9d7910e2ef9d61b9b4f4,pair_dissolved_naturally,exact,exact,1.0,1.0
3e385607968747996f02508116e47d1b,4d289db2ec3c16937bc90cb4a4e65b1f,pair_dissolved_naturally,exact,exact,1.0,1.0
3e4cd69b90830b209c9e96fedde7c7fa,53614f5f38e125f507c38ff226684793,pair_dissolved_naturally,exact,exact,1.0,1.0
3e4cd69b90830b209c9e96fedde7c7fa,8eaf9b09bfa53e286007a0580a71a646,pair_dissolved_naturally,exact,exact,1.0,1.0
3e4cd69b90830b209c9e96fedde7c7fa,dd388cb7b68b68ec3cafbdd8134501bb,pair_dissolved_naturally,exact,exact,1.0,1.0
3e4cd69b90830b209c9e96fedde7c7fa,e45cdc4397344b3bf3214ac9acd0ca52,pair_dissolved_naturally,exact,exact,1.0,1.0
3e4cd69b90830b209c9e96fedde7c7fa,f1773d1198516f7b14c3d5370d51929e,pair_dissolved_naturally,exact,exact,1.0,1.0
3e56fc56992de9a3b2dbbf848bd20a53,84a299a8ac8fd31485b937f6344a8b5d,pair_dissolved_by_refactoring,exact,signature_changed,1.0,0.96
3e56fc56992de9a3b2dbbf848bd20a53,aec0e309bc50c40ad3bc1acb86e0bd32,pair_dissolved_by_refactoring,exact,signature_changed,1.0,0.97
3e56fc56992de9a3b2dbbf848bd20a53,f96763ff6b5bfc3f420e137d5c6a2da3,pair_dissolved_by_refactoring,exact,signature_changed,1.0,0.96
3e5c017fb5ca3012f42f1bf2f84d547f,609bea5588d62879e0b3712174d1b762,pair_dissolved_naturally,exact,unknown,1.0,
3e5d2a3e00a628e8615ae6ac21393c84,ae4e8d746a599607504c8917cbbdcf60,pair_dissolved_naturally,exact,exact,1.0,1.0
3e5d2a3e00a628e8615ae6ac21393c84,b69ee369d98e097067f986c2d7acbf94,pair_dissolved_naturally,exact,exact,1.0,1.0
3e60fab859e8a088d2fbac94b5e87637,c0b99daa2eb41c5fff521281c6611720,pair_dissolved_naturally,exact,exact,1.0,1.0
3e60fab859e8a088d2fbac94b5e87637,d7c05203fc4a84d3cec84d7131aee2c5,pair_dissolved_naturally,exact,exact,1.0,1.0
3e6f6cc2c1e1c4d901ff4fcf8b3116a1,be9bd51557dd9b8d07d4c24a6db50f8f,pair_dissolved_naturally,exact,exact,1.0,1.0
3e84aed6792eab926885cc3bf97a0d51,6abb32e4afadb55bfb9c2b1767a75193,pair_dissolved_naturally,exact,exact,1.0,1.0
3e8a29ad3f4647629210fd0f09c7c906,9caf5e6aa537f767c1959a0efabc51d9,pair_dissolved_by_refactoring,exact,signature_changed,1.0,1.0
3f0177946d05578a15815b97567a5e0d,cae732bf385d3584613f5ab14a210dd2,pair_dissolved_naturally,exact,exact,1.0,1.0
3f1746c52f5e54d98095a74d9d3f9e02,6cf7f0ad33b5e1f7745a776687939393,pair_dissolved_naturally,exact,exact,1.0,1.0
3f2346dc2455fa27e279a8e3c0463aff,c9f99a937c9e1ec43cb4ba90efe47aaa,pair_dissolved_naturally,exact,exact,1.0,1.0
3f264ddd4b0de8bceeb80e3c5e614631,d98e5faaee199749db6b8f23d88b292a,pair_dissolved_naturally,exact,exact,1.0,1.0
3f3d0cccaba2a5bb04f69e34bf4a04e0,b72df5aefeccc1a7018726a21574aa8b,pair_dissolved_naturally,exact,exact,1.0,1.0
3f450c1cafd9cbe19957baf960e71359,929ca69048363804e933941c8f04c61b,pair_dissolved_by_refactoring,signature_changed,exact,1.0,1.0
3f74e30061a85cb7c79742828f6f3979,4100c3e4f82ec2ae95427f0a99a82c58,pair_dissolved_naturally,exact,exact,1.0,1.0
3f74e30061a85cb7c79742828f6f3979,45adcbf30ab26f3ba0ac9173b551bed5,pair_dissolved_naturally,exact,exact,1.0,1.0
3f74e30061a85cb7c79742828f6f3979,46debb830c63aaa9c76042f460447d9e,pair_dissolved_naturally,exact,exact,1.0,1.0
3f74e30061a85cb7c79742828f6f3979,b3000c85d046d50641e11a0c84935e81,pair_dissolved_naturally,exact,exact,1.0,1.0
3f74e30061a85cb7c79742828f6f3979,b32435c39c8cc17dc4d0e57ecd8985e6,pair_dissolved_naturally,exact,exact,1.0,1.0
3f74e30061a85cb7c79742828f6f3979,b374ab7f70160f2d5b154f8794e5a703,pair_dissolved_naturally,exact,exact,1.0,1.0
3f74e30061a85cb7c79742828f6f3979,b9cfcbca417c2c3844f6d1444d722d39,pair_dissolved_naturally,exact,exact,1.0,1.0
3f74e30061a85cb7c79742828f6f3979,d3c56511739933153b4616b08586655f,pair_dissolved_naturally,exact,exact,1.0,1.0
3f83c93f80b5ae3e57f504b7a7f8574b,90acb68461a8faab2400dc6b623e6e2b,pair_dissolved_naturally,exact,exact,1.0,1.0
3f83c93f80b5ae3e57f504b7a7f8574b,cced121d8de37d8bc5ef49bb99075454,pair_dissolved_naturally,exact,exact,1.0,1.0
3f83c93f80b5ae3e57f504b7a7f8574b,ced446350b651bdbd9375abffe206760,pair_dissolved_naturally,exact,exact,1.0,1.0
3f848d0c33352014b6614c09f16f36b9,41ff03bc49eb32b517a08a4962ab3764,pair_dissolved_naturally,exact,exact,1.0,1.0
3f848d0c33352014b6614c09f16f36b9,420416d0fb0a4ae4318dd8166ad3d0c6,pair_dissolved_naturally,exact,exact,1.0,1.0
3f848d0c33352014b6614c09f16f36b9,5fbb3dde9fb1caa89a23771f5f9a9b1c,pair_dissolved_naturally,exact,exact,1.0,1.0
3f848d0c33352014b6614c09f16f36b9,62e01423cfc59329b6acb874696c0590,pair_dissolved_naturally,exact,exact,1.0,1.0
3f848d0c33352014b6614c09f16f36b9,7db14dc3058cc6ca81295011b4745b92,pair_dissolved_naturally,exact,exact,1.0,1.0
3f848d0c33352014b6614c09f16f36b9,81b4d775b96c465bff5c607f9b8c2a3d,pair_dissolved_naturally,exact,exact,1.0,1.0
3f848d0c33352014b6614c09f16f36b9,87cc0c8ec6896e79343c115fd584d429,pair_dissolved_naturally,exact,exact,1.0,1.0
3f848d0c33352014b6614c09f16f36b9,a02cf644bc5118e5e473829862bc5886,pair_dissolved_naturally,exact,exact,1.0,1.0
3f848d0c33352014b6614c09f16f36b9,a690a866f58b5bb40e0e9fc87266adf5,pair_dissolved_naturally,exact,exact,1.0,1.0
3f848d0c33352014b6614c09f16f36b9,c23d5f76ef396a0f520ca6c677dccc1f,pair_dissolved_naturally,exact,exact,1.0,1.0
3f848d0c33352014b6614c09f16f36b9,d44df7668f75c8f084cdada0a7a1aae0,pair_dissolved_naturally,exact,exact,1.0,1.0
3f848d0c33352014b6614c09f16f36b9,d6feeaed5bb9195ac670b5692ba10104,pair_dissolved_naturally,exact,exact,1.0,1.0
3f848d0c33352014b6614c09f16f36b9,da2ae411a236d52fa1e62a224bb1e88a,pair_dissolved_naturally,exact,exact,1.0,1.0
3f848d0c33352014b6614c09f16f36b9,dd720a31ae01f8066abe782818b59699,pair_dissolved_naturally,exact,exact,1.0,1.0
3f848d0c33352014b6614c09f16f36b9,e3984c3b9cbc8b464931b73d1395bf61,pair_dissolved_naturally,exact,exact,1.0,1.0
3f848d0c33352014b6614c09f16f36b9,fabd6966abaabe52f19e44a088986cda,pair_dissolved_naturally,exact,exact,1.0,1.0
3fa6f51474c426bef9be1204ff55a2d4,e54d0e8aacbf78a86491163070392312,pair_dissolved_naturally,exact,exact,1.0,1.0
3fafa9908389dbeca25005f5ae1db172,4336f1d4868f0644255549677327bf5d,pair_dissolved_naturally,exact,exact,1.0,1.0
3fafa9908389dbeca25005f5ae1db172,73e093964575e4cbea754ac38f3fd4fc,pair_dissolved_naturally,exact,exact,1.0,1.0
3fafa9908389dbeca25005f5ae1db172,8221c3cb09d199c9dcf53ccbe79518ef,pair_dissolved_naturally,exact,exact,1.0,1.0
3fafa9908389dbeca25005f5ae1db172,ba425075689e27eafcc700c250cf834a,pair_dissolved_naturally,exact,exact,1.0,1.0
3fafa9908389dbeca25005f5ae1db172,bd271b9673b15081c203c12ab3a0cb9c,pair_dissolved_naturally,exact,exact,1.0,1.0
3fb14ca88896fb638307312e629116de,c18fc475698eccb48bb3ce1d6c91db25,pair_dissolved_naturally,exact,exact,1.0,1.0
3fb14ca88896fb638307312e629116de,e24374e6b0ecf05c62174068cbbe5571,pair_dissolved_naturally,exact,exact,1.0,1.0
3fb5350b88c0c92f766defb7a13521a3,9a0e034a729c31d0ed6853a666face69,pair_dissolved_naturally,exact,exact,1.0,1.0
3fc6a3d95233b0eacdf761daff6fdef2,9caf5e6aa537f767c1959a0efabc51d9,pair_dissolved_by_refactoring,exact,signature_changed,1.0,1.0
3fcb56cacd32ddaeb1009f2a7b072b54,41532c114b8bfc91d83f1c282c996ece,pair_dissolved_naturally,exact,exact,1.0,1.0
3fcb56cacd32ddaeb1009f2a7b072b54,474fa170d750fcd4d8a32668efc3cf28,pair_dissolved_naturally,exact,exact,1.0,1.0
3ffedc7c80ebdd82c939b50b489517a0,9bc4f1616ee7b9aaf1c95ad770e231e3,pair_dissolved_naturally,exact,exact,1.0,1.0
3ffedc7c80ebdd82c939b50b489517a0,ad6aed1916bfa26e32f013b93a62a508,pair_dissolved_naturally,exact,exact,1.0,1.0
3ffedc7c80ebdd82c939b50b489517a0,e1706a287f57f107a47a41d4af582a80,pair_dissolved_naturally,exact,exact,1.0,1.0
4020ca7580f21ff5d512d6942ffbefff,bd627cdaddc995c9fa59cdc0212e0ac9,pair_dissolved_naturally,exact,exact,1.0,1.0
40481a5b06ff3a64e0cd3c5f11447d92,c6204eb748d2c9b52a806884cd43c824,pair_dissolved_naturally,exact,exact,1.0,1.0
4053d7a34c4240c8be9ae7f1fd9f208d,43dd6461a1ed6fd9961e05dfc1fcc3e8,method_a_deleted,deleted,exact,,1.0
408665afba5d1519a7c0ec716773f93f,b83c4a34c34828af389e908e83cac9e7,pair_dissolved_naturally,exact,exact,1.0,1.0
40b083664ae93655b3a0a45e9ae61363,50eecb75db6f19a686d1122b72263420,pair_dissolved_naturally,token_hash,exact,1.0,1.0
40cfe6f4b611a147efb5a94552c3a41f,8b4644faae8462153ef008e1e77a05a1,pair_dissolved_naturally,exact,exact,1.0,1.0
4100c3e4f82ec2ae95427f0a99a82c58,45adcbf30ab26f3ba0ac9173b551bed5,pair_dissolved_naturally,exact,exact,1.0,1.0
4100c3e4f82ec2ae95427f0a99a82c58,b3000c85d046d50641e11a0c84935e81,pair_dissolved_naturally,exact,exact,1.0,1.0
4100c3e4f82ec2ae95427f0a99a82c58,b32435c39c8cc17dc4d0e57ecd8985e6,pair_dissolved_naturally,exact,exact,1.0,1.0
4100c3e4f82ec2ae95427f0a99a82c58,b9cfcbca417c2c3844f6d1444d722d39,pair_dissolved_naturally,exact,exact,1.0,1.0
410d653cc85bbcf8c8b35dbcae0c0df1,ca11b1a27fe8e7c9e49dfc57a16716f9,pair_dissolved_naturally,exact,exact,1.0,1.0
414ec24eaecabad2f0ace34dc7a09185,de140540744634631aa4cacb733a1d9f,pair_dissolved_naturally,exact,exact,1.0,1.0
41532c114b8bfc91d83f1c282c996ece,474fa170d750fcd4d8a32668efc3cf28,pair_dissolved_naturally,exact,exact,1.0,1.0
415906787e03b58420286e591fe449b1,b35260d64a9271765ef881b933b922f5,pair_dissolved_by_refactoring,signature_changed,signature_changed,1.0,1.0
415bc45f0cae2b649c2bd72637eb4e9f,6cf7f0ad33b5e1f7745a776687939393,pair_dissolved_naturally,exact,exact,1.0,1.0
415bc45f0cae2b649c2bd72637eb4e9f,c09fe336cc4c1226ee40d2d5ce32397f,pair_dissolved_naturally,exact,exact,1.0,1.0
4160669305b19bb6e0db0c20ec06a8ba,8c9242ee0d2ed29bdabf02e6d49249ab,pair_dissolved_naturally,exact,exact,1.0,1.0
4160669305b19bb6e0db0c20ec06a8ba,ebe6b87784a7557ce16312ab10b95f9e,pair_dissolved_naturally,exact,exact,1.0,1.0
41c77afed275926cdb852f53a9e9c054,476176dce21e6cfda8c007b1189f9fc5,pair_dissolved_by_refactoring,exact,signature_changed,1.0,0.98
41c77afed275926cdb852f53a9e9c054,926116abceac7581c4b541e7b99b68d4,pair_dissolved_by_refactoring,exact,signature_changed,1.0,1.0
41c77afed275926cdb852f53a9e9c054,972ced227aac695f2977cd391f38289f,pair_dissolved_naturally,exact,exact,1.0,1.0
41d3fede7a50a6d6f7bf82d8ae19ffc0,8c99a7e4581a17ad85d6308925e9b57e,pair_dissolved_by_refactoring,signature_changed,signature_changed,1.0,1.0
41ff03bc49eb32b517a08a4962ab3764,4216bd6225e0eb0683dc65df531f2f0a,pair_dissolved_by_refactoring,exact,renamed,1.0,0.95
41ff03bc49eb32b517a08a4962ab3764,540d37a447e293cbb6739ab1965e373d,pair_dissolved_naturally,exact,exact,1.0,1.0
41ff03bc49eb32b517a08a4962ab3764,8dda40e2effecc631bfee91b7fc73245,pair_dissolved_naturally,exact,exact,1.0,1.0
41ff03bc49eb32b517a08a4962ab3764,a690a866f58b5bb40e0e9fc87266adf5,pair_dissolved_naturally,exact,exact,1.0,1.0
41ff03bc49eb32b517a08a4962ab3764,e3984c3b9cbc8b464931b73d1395bf61,pair_dissolved_naturally,exact,exact,1.0,1.0
4203db822f24f9912d6cef19eab4967b,58ae79464bfdac7f92fd42d50928aab5,pair_dissolved_naturally,exact,exact,1.0,1.0
4203db822f24f9912d6cef19eab4967b,7b66166e27d2f03e270e64ff1625c009,pair_dissolved_naturally,exact,exact,1.0,1.0
4203db822f24f9912d6cef19eab4967b,f1a3b55265667545142e8b72b2a6fdfa,pair_dissolved_naturally,exact,exact,1.0,1.0
420416d0fb0a4ae4318dd8166ad3d0c6,490af9ea1fbf53c7a7809388c9a254fe,pair_dissolved_naturally,exact,exact,1.0,1.0
420e70af6cab16842759bf363bb87f1e,c96200739e1e010c971ca4d18052f814,pair_dissolved_naturally,exact,exact,1.0,1.0
4216bd6225e0eb0683dc65df531f2f0a,5dd56ea25902fdec54f1dfd28914f072,pair_dissolved_by_refactoring,renamed,exact,0.95,1.0
4216bd6225e0eb0683dc65df531f2f0a,7db14dc3058cc6ca81295011b4745b92,pair_dissolved_by_refactoring,renamed,exact,0.95,1.0
4216bd6225e0eb0683dc65df531f2f0a,a7a4b5bf23cb560d08106ef75e1c73f8,pair_dissolved_by_refactoring,renamed,exact,0.95,1.0
4216bd6225e0eb0683dc65df531f2f0a,aa7d4045e8d65f2e3db4551ee75de2c4,pair_dissolved_by_refactoring,renamed,exact,0.95,1.0
4216bd6225e0eb0683dc65df531f2f0a,e3984c3b9cbc8b464931b73d1395bf61,pair_dissolved_by_refactoring,renamed,exact,0.95,1.0
4216bd6225e0eb0683dc65df531f2f0a,fd4b837ec0172509bd5b5dc797032321,pair_dissolved_by_refactoring,renamed,renamed,0.95,0.91
424e00ef3536be698033367ca5e8fae3,8e93482eb79727e8fbc81739aefc2031,pair_dissolved_naturally,exact,exact,1.0,1.0
4255b057f9c8ca0c888bea9c43c9a828,512e4d0a9c381a1ec85917910eaeeb13,pair_dissolved_naturally,exact,exact,1.0,1.0
4255b057f9c8ca0c888bea9c43c9a828,77b7f314b27c57ec7972cbcd337f4c39,pair_dissolved_by_refactoring,exact,signature_changed,1.0,0.85
4255b057f9c8ca0c888bea9c43c9a828,9e47c5f2dba0965d33def1eee714e5bb,pair_dissolved_naturally,exact,exact,1.0,1.0
4268e38e9be3f57e881df1115dcc8054,5e052bb1d8c9b49a4567ba4679952743,pair_dissolved_naturally,exact,exact,1.0,1.0
42868c14f5154025f100ae46b58f7fb3,7e87c7f34f23acf808ef9847a459a1a0,pair_dissolved_naturally,exact,exact,1.0,1.0
42868c14f5154025f100ae46b58f7fb3,a3f575dd9ce83880e31f63c6d4c6cca5,pair_dissolved_naturally,exact,exact,1.0,1.0
4286dda8de2c8d0b8fe1a8716afee775,c012573b31bf02627c7df645da98cbe1,pair_dissolved_naturally,exact,exact,1.0,1.0
42bc7c128809b0b319d92eba7c10e8b1,f204630a5d87290226cc37f99deb061c,pair_dissolved_naturally,exact,exact,1.0,1.0
42c06db69053ba31af57caea16b2d520,b76565b7110e4e0567cb0160d4beeee6,pair_dissolved_naturally,exact,exact,1.0,1.0
42e8a6e01b60a775bfde1f8e7b1b3fe6,627cb8f4c510b6be81d3dfa2300a4c0d,pair_dissolved_by_refactoring,exact,signature_changed,1.0,0.73
42f52a95447017c6e00f9fe8e44b0bd9,f6b9cd1365de0164d6a656d344843607,pair_dissolved_naturally,exact,exact,1.0,1.0
431b643eaeb886670f45160cacfa46ce,65e81ed313c4078cf80c6fca4a679b2d,pair_dissolved_naturally,exact,exact,1.0,1.0
431b643eaeb886670f45160cacfa46ce,8905b26d2d52f0a90b3923a424cd7e02,pair_dissolved_naturally,exact,exact,1.0,1.0
43238ee60c53d4f57b66eaedb8ff6060,a3d3b0ddbd3e545b6ef4951381713a03,pair_dissolved_naturally,exact,exact,1.0,1.0
433266b0f0aef1d5054881e75de7bed9,6ff1ef79ef5feeafc6a43dbef0bde932,pair_dissolved_naturally,exact,exact,1.0,1.0
4336f1d4868f0644255549677327bf5d,73e093964575e4cbea754ac38f3fd4fc,pair_dissolved_naturally,exact,exact,1.0,1.0
4336f1d4868f0644255549677327bf5d,8221c3cb09d199c9dcf53ccbe79518ef,pair_dissolved_naturally,exact,exact,1.0,1.0
4336f1d4868f0644255549677327bf5d,ba425075689e27eafcc700c250cf834a,pair_dissolved_naturally,exact,exact,1.0,1.0
4336f1d4868f0644255549677327bf5d,bd271b9673b15081c203c12ab3a0cb9c,pair_dissolved_naturally,exact,exact,1.0,1.0
4355a4d1eedd9dd69e41f87fc04fcace,5a340a4f1eb46bb57d78796dc79e4209,pair_dissolved_naturally,exact,exact,1.0,1.0
4355a4d1eedd9dd69e41f87fc04fcace,833e34e76f7ebac35ac90e778be0151c,pair_dissolved_naturally,exact,exact,1.0,1.0
435c754e1fcae9763a8d48480e5553f8,8118191aeda9b93fd1627820c9d7d791,pair_dissolved_naturally,exact,exact,1.0,1.0
435f68558ae74ca4f3ca0a6926ffcb15,8c9ae9173042c30680e96e78177682ba,pair_dissolved_by_refactoring,signature_changed,exact,0.94,1.0
43a2129a857368e741336c9d27846173,95c56b7369c4de08a0a61a866d3d7c8f,pair_dissolved_naturally,exact,exact,1.0,1.0
43ddf74752c407ccb09db4aaad294c9b,5c73425bbd692819cac0b6862e7fd6e8,both_deleted,deleted,deleted,,
43ddf74752c407ccb09db4aaad294c9b,819938c0468eea7669a25b571c2a841d,both_deleted,deleted,deleted,,
43ddf74752c407ccb09db4aaad294c9b,bab09ec669df9914561104286f6d3f9f,both_deleted,deleted,deleted,,
43ddf74752c407ccb09db4aaad294c9b,be1caea18d561783d8d6b71cd153273e,both_deleted,deleted,deleted,,
43ddf74752c407ccb09db4aaad294c9b,be4b4254ff070c9df5f8a4f922f3266b,both_deleted,deleted,deleted,,
43ddf74752c407ccb09db4aaad294c9b,dc2d893f3a213ba8347e841ee3603faa,both_deleted,deleted,deleted,,
43ddf74752c407ccb09db4aaad294c9b,f43d862f762bba5c9b1fddd4a6081faa,both_deleted,deleted,deleted,,
441361a97c577adecb2fb61e4945bfdd,4b0f0af83e240d1fd854b962cef0ff4d,pair_dissolved_by_refactoring,signature_changed,signature_changed,0.95,0.95
441361a97c577adecb2fb61e4945bfdd,69fe7bd84d75621d8aad358c8c263c7b,pair_dissolved_by_refactoring,signature_changed,signature_changed,0.95,0.98
441361a97c577adecb2fb61e4945bfdd,7906b68dc18c32211d09332183283408,pair_dissolved_by_refactoring,signature_changed,signature_changed,0.95,0.95
441361a97c577adecb2fb61e4945bfdd,82c244d66e0c1839b31b2b59cd4e8638,pair_dissolved_by_refactoring,signature_changed,exact,0.95,1.0
441361a97c577adecb2fb61e4945bfdd,890d73f1af96173568e900bbe753ab61,pair_dissolved_by_refactoring,signature_changed,signature_changed,0.95,0.98
441361a97c577adecb2fb61e4945bfdd,8b2253722f6f45d50df17bc1a54a6af8,pair_dissolved_by_refactoring,signature_changed,signature_changed,0.95,0.98
441361a97c577adecb2fb61e4945bfdd,938b8e76142512a26f19b940e62e4da3,pair_dissolved_by_refactoring,signature_changed,signature_changed,0.95,0.98
441361a97c577adecb2fb61e4945bfdd,a232c00d3c032c1dcb9960a03a2af02a,pair_dissolved_by_refactoring,signature_changed,signature_changed,0.95,0.98
441361a97c577adecb2fb61e4945bfdd,a6f85f9146258be22899e29bafa6ddbe,pair_dissolved_by_refactoring,signature_changed,signature_changed,0.95,0.98
441361a97c577adecb2fb61e4945bfdd,bc9351e25302126e2ccd26946c097596,pair_dissolved_by_refactoring,signature_changed,signature_changed,0.95,0.95
441361a97c577adecb2fb61e4945bfdd,e935c1fd6cffb270214c37264e137271,pair_dissolved_by_refactoring,signature_changed,signature_changed,0.95,0.96
441361a97c577adecb2fb61e4945bfdd,f411c7f6ede16471367d8f59777caeba,pair_dissolved_by_refactoring,signature_changed,exact,0.95,1.0
441361a97c577adecb2fb61e4945bfdd,fe4d451f78df4b2efac5fad1ac613fc9,pair_dissolved_by_refactoring,signature_changed,signature_changed,0.95,0.96
441361a97c577adecb2fb61e4945bfdd,fe54424f7bb37eaf31149edd5e038981,pair_dissolved_by_refactoring,signature_changed,signature_changed,0.95,0.98
44533f1449ffca521c2035b12b3b7612,a932a00a7a7b3c3c375ae3bc6d665a0c,method_b_deleted,moved,deleted,1.0,
44533f1449ffca521c2035b12b3b7612,a9f3dbcebd5633fb6964f61e8a78e4d8,pair_dissolved_by_refactoring,moved,exact,1.0,1.0
445c0c55ff807d316cbd39124fada4b6,5de017b01acd223837b9ed201f860668,pair_dissolved_naturally,exact,exact,1.0,1.0
445ed9698089da711525ff3afe1fb075,ccfb9d87e9973998cf90ec2f0bfcc4f5,pair_dissolved_naturally,exact,exact,1.0,1.0
446d57fe6871c2ac1de8104dbf77072f,7aac825961546bc0faaa6230d8702582,pair_dissolved_naturally,exact,exact,1.0,1.0
446f392ed509fe45f765f45be6bd3af1,aaae7a7f70066143d50e9c6a4a4a9cfd,pair_dissolved_naturally,exact,exact,1.0,1.0
446f392ed509fe45f765f45be6bd3af1,ad999ee7df648e78a172cd108c9b6b8b,pair_dissolved_naturally,exact,exact,1.0,1.0
446f392ed509fe45f765f45be6bd3af1,f62a7583d3feddd4a43e616f74cf29c5,pair_dissolved_naturally,exact,exact,1.0,1.0
446f392ed509fe45f765f45be6bd3af1,fe0bac08f92aef9b78691fc7780dbedd,pair_dissolved_naturally,exact,exact,1.0,1.0
446f42cf67ad096b65df63b6616ba069,7eb7ed2ce46ce40d183dbc361283860d,pair_dissolved_naturally,exact,exact,1.0,1.0
44814a75a5154059c4073396bac43ab1,4e598e9009db4a725ab8f4bb150205da,pair_dissolved_naturally,exact,exact,1.0,1.0
44814a75a5154059c4073396bac43ab1,5de017b01acd223837b9ed201f860668,pair_dissolved_naturally,exact,exact,1.0,1.0
44b75bd44f66841e8d285c47a74c76c1,a159c73968ebbc65ed84cbcdb4906a95,pair_dissolved_by_refactoring,signature_changed,signature_changed,1.0,1.0
4532125138ab8a301c64d75476709894,c73a24e935fb2b195dc0724e88f93436,pair_dissolved_by_refactoring,signature_changed,unknown,0.98,
4532125138ab8a301c64d75476709894,cd24946a8d4de72ee1968bf9194e8b5a,pair_dissolved_by_refactoring,signature_changed,unknown,0.98,
4532125138ab8a301c64d75476709894,cf9fb593cee64bd335b61b996622a97a,pair_dissolved_by_refactoring,signature_changed,unknown,0.98,
4532125138ab8a301c64d75476709894,dee6abed23725dc25bf26897a75e7ad3,pair_dissolved_by_refactoring,signature_changed,unknown,0.98,
453faae69df39c090a27c869d22167b4,fb36b14c1848b7b0a76aaeb35cd8e0f7,pair_dissolved_naturally,exact,exact,1.0,1.0
455bcd8fb8080c6356059b56eef39769,7527695a306b8eca47406416697bcda9,pair_dissolved_naturally,exact,exact,1.0,1.0
458bbdeb69b4ab071321e1f6b487eb8a,ca4dea472bf48ed1440414a91508061c,pair_dissolved_naturally,exact,exact,1.0,1.0
4595d9b728057618d5e9137c85f42a89,50a5994df6dcd51fc07cc54dc2be41b6,pair_dissolved_by_refactoring,exact,refactored,1.0,0.8
4595d9b728057618d5e9137c85f42a89,704a17ad5a940c5a86ecb202e612dd12,pair_dissolved_naturally,exact,exact,1.0,1.0
4595d9b728057618d5e9137c85f42a89,80e30ce7944bbd4be1e347a5a952e133,method_b_deleted,exact,deleted,1.0,
4595d9b728057618d5e9137c85f42a89,826c56b81f78f99df04496538202ca6d,pair_dissolved_naturally,exact,unknown,1.0,
4595d9b728057618d5e9137c85f42a89,c6d609e5755122be73006e3d1b12befa,pair_dissolved_naturally,exact,exact,1.0,1.0
4595d9b728057618d5e9137c85f42a89,ca63c0387bd51c32bbfa16fc808c0d30,pair_dissolved_naturally,exact,unknown,1.0,
4595d9b728057618d5e9137c85f42a89,f56727e542e5847d13427063ec6c7322,pair_dissolved_naturally,exact,exact,1.0,1.0
4595d9b728057618d5e9137c85f42a89,fbb9bfc9cd9f39c7ca696149b61ba450,pair_dissolved_by_refactoring,exact,refactored,1.0,0.8
45a157324f618d0e38dcac753a52e1de,f83c6ad7fb10b0e81f889b92b1827f57,pair_dissolved_naturally,exact,exact,1.0,1.0
45adcbf30ab26f3ba0ac9173b551bed5,b3000c85d046d50641e11a0c84935e81,pair_dissolved_naturally,exact,exact,1.0,1.0
45adcbf30ab26f3ba0ac9173b551bed5,b32435c39c8cc17dc4d0e57ecd8985e6,pair_dissolved_naturally,exact,exact,1.0,1.0
45adcbf30ab26f3ba0ac9173b551bed5,b9cfcbca417c2c3844f6d1444d722d39,pair_dissolved_naturally,exact,exact,1.0,1.0
45afbc85c4ec0dac3d14526cfbb54995,f72aff0cda1d153926bb1b0d8492b7d8,pair_dissolved_naturally,exact,exact,1.0,1.0
45b53f7a8ac6f0dd8dace6208fd180d7,d175fc29a5a9c35dfe4e363c0249430d,pair_dissolved_by_refactoring,exact,signature_changed,1.0,1.0
45c25c869d49d0c239c8467eabdb692c,62d94cbfd8c6e0b2a8a0db4051541b8d,pair_dissolved_naturally,exact,exact,1.0,1.0
45c25c869d49d0c239c8467eabdb692c,dbbd476343d9e3df78c22dd5a324eab1,pair_dissolved_naturally,exact,exact,1.0,1.0
45d0aac8202ef5e67ad6e612b4d554bd,a8e338b6acf56efddf9403b8bbcc0fde,pair_dissolved_naturally,exact,exact,1.0,1.0
45d0aac8202ef5e67ad6e612b4d554bd,ec798a6eb72d082c32cbe0a1f72bec5b,pair_dissolved_naturally,exact,exact,1.0,1.0
45ebba7499a31a73c7aff190f3dacd65,4d87a4d6c98f7a2473d38030a53d74af,pair_dissolved_naturally,exact,exact,1.0,1.0
460a32d45e5acdedb01cf2abd5b9f442,e1702a91e8ee58c6df2ab82f76d88794,pair_dissolved_by_refactoring,signature_changed,signature_changed,1.0,1.0
460f01510d56ce017c957870a1205ec9,8c589aa06047f531da8f3b189a0e237e,pair_dissolved_naturally,exact,exact,1.0,1.0
460f01510d56ce017c957870a1205ec9,92f04b56f3b87018a39c39fccb96c99f,pair_dissolved_naturally,exact,exact,1.0,1.0
460f01510d56ce017c957870a1205ec9,a2776351d19cc110e6c44284278648b3,pair_dissolved_naturally,exact,exact,1.0,1.0
460f01510d56ce017c957870a1205ec9,ad28ec89a7ea2b6622341f22c44a0403,pair_dissolved_naturally,exact,exact,1.0,1.0
460f01510d56ce017c957870a1205ec9,af82016653af11b26e07fb7b11743060,pair_dissolved_naturally,exact,exact,1.0,1.0
460f01510d56ce017c957870a1205ec9,f411c7f6ede16471367d8f59777caeba,pair_dissolved_naturally,exact,exact,1.0,1.0
46759db5ada4705e5b133e753b76bfa5,9f727c36011e7499d79791c5c39bf7b8,pair_dissolved_naturally,exact,exact,1.0,1.0
46759db5ada4705e5b133e753b76bfa5,aa5e0319bfe8430f51421e8328dd63a2,pair_dissolved_by_refactoring,exact,moved,1.0,1.0
4677c3daaa4ee35ff8ddcf04de01e448,968c6992a9a51f867e888589aaffa28b,pair_dissolved_naturally,exact,exact,1.0,1.0
4677c3daaa4ee35ff8ddcf04de01e448,dfb29ca50fd666012000ec79bb65201b,pair_dissolved_naturally,exact,exact,1.0,1.0
467839385ba9be33f8110f73bfe34ee7,8cff4a1d7e41b9b0454541e77567b7a0,pair_dissolved_naturally,exact,exact,1.0,1.0
4683b74dae7202c27e0dd5e5f0090756,8f627a5c3572c7f24c3b858ff2993cbe,pair_dissolved_naturally,exact,exact,1.0,1.0
4683b74dae7202c27e0dd5e5f0090756,b40e6ffded2c42397921aeeb21b318bb,pair_dissolved_naturally,exact,exact,1.0,1.0
46905fe4e5b89ac162f4be1fc44303e7,b12d1e8ebbecb654477d41ed517689bf,pair_dissolved_naturally,exact,exact,1.0,1.0
46a16352bef6b761e12c26c5d4fec42e,5de6cb837b298d1177c65cbd05e6122f,pair_dissolved_naturally,exact,exact,1.0,1.0
46aacb1331370bc6bf061dfe089c447b,5b65ec5fd593808c01b5c2314cf45e63,method_b_deleted,signature_changed,deleted,1.0,
46aacb1331370bc6bf061dfe089c447b,b3a16d818b121f23acf1997296013163,pair_dissolved_by_refactoring,signature_changed,signature_changed,1.0,1.0
46debb830c63aaa9c76042f460447d9e,b32435c39c8cc17dc4d0e57ecd8985e6,pair_dissolved_naturally,exact,exact,1.0,1.0
46debb830c63aaa9c76042f460447d9e,b374ab7f70160f2d5b154f8794e5a703,pair_dissolved_naturally,exact,exact,1.0,1.0
46f2b17019bd096ae3e7f8734bab84b6,4b1cbb94bbc28c49a566b4fc797a72a1,pair_dissolved_naturally,exact,exact,1.0,1.0
46f2b17019bd096ae3e7f8734bab84b6,69fec3f7df403042773c47bfb859fa4b,pair_dissolved_naturally,exact,exact,1.0,1.0
46f2b17019bd096ae3e7f8734bab84b6,6a7756366feeb14c1172b2b189ba2771,pair_dissolved_naturally,exact,exact,1.0,1.0
46f2b17019bd096ae3e7f8734bab84b6,737524e5fe5a135a2d85bee2669f1df7,pair_dissolved_naturally,exact,exact,1.0,1.0
46f2b17019bd096ae3e7f8734bab84b6,753e15be26769eea8729c89e32acc48a,pair_dissolved_naturally,exact,exact,1.0,1.0
46f2b17019bd096ae3e7f8734bab84b6,8104c1fd33d32f08fb34b45f93885c81,pair_dissolved_naturally,exact,exact,1.0,1.0
46f2b17019bd096ae3e7f8734bab84b6,de7e97f07df2fc21edbdc76839a0f1e2,pair_dissolved_naturally,exact,exact,1.0,1.0
46f2b17019bd096ae3e7f8734bab84b6,e448c4cd1a0e7ba210acf8358895e6eb,pair_dissolved_naturally,exact,exact,1.0,1.0
46f2b17019bd096ae3e7f8734bab84b6,e8ba27d37963c50e801a8f61211cbb12,pair_dissolved_naturally,exact,exact,1.0,1.0
46f4adfab013625f540208c36e38f921,4809576efb35fcc0c448e46d01b7eac8,pair_dissolved_naturally,exact,exact,1.0,1.0
46f4adfab013625f540208c36e38f921,a170228cbfd6ea1643e51e37e6c13462,pair_dissolved_naturally,exact,exact,1.0,1.0
46f7ee1e330c628a2b299a493df0eb70,48411958155dd8136e434f7dbd80949b,pair_dissolved_by_refactoring,signature_changed,exact,0.98,1.0
46f7ee1e330c628a2b299a493df0eb70,82ee4954edaa26da3b0b3f65098aa178,pair_dissolved_by_refactoring,signature_changed,exact,0.98,1.0
46f7ee1e330c628a2b299a493df0eb70,f250f0d29fc941d50b3e498e0b33aa11,pair_dissolved_by_refactoring,signature_changed,signature_changed,0.98,0.98
46fb6dda30326e0c34c443a13f2786e1,65c138e416d72b71f6f7ef2c4d1e89f5,pair_dissolved_naturally,exact,exact,1.0,1.0
46fb6dda30326e0c34c443a13f2786e1,da2fe746330e68cbc1f7f16698b251a1,pair_dissolved_naturally,exact,exact,1.0,1.0
4706eac73904717e7a5f4ab4fbe13bde,89ff90613f36c18e0f1479db9ff16e40,pair_dissolved_naturally,exact,exact,1.0,1.0
4706eac73904717e7a5f4ab4fbe13bde,de4326733a14f65f080fdb835cdb7336,pair_dissolved_naturally,exact,exact,1.0,1.0
4706eac73904717e7a5f4ab4fbe13bde,e4847600a0a60d506a3caf963609e849,pair_dissolved_naturally,exact,exact,1.0,1.0
470b892b877e445c68ea62cf1c3ae3a3,5d9d6c888769a276b1d023d765bb01ca,pair_dissolved_naturally,exact,exact,1.0,1.0
470b892b877e445c68ea62cf1c3ae3a3,6136dca167f3d70cb2aa1a478f846db5,pair_dissolved_naturally,exact,exact,1.0,1.0
474fa170d750fcd4d8a32668efc3cf28,bdaa310ae249ad80cff995cc537e1ea6,pair_dissolved_naturally,exact,exact,1.0,1.0
475c2d0d9658cbc48b7febe9fefb4a34,4bcb93b715ab97a1d6ffded0120ce745,pair_dissolved_by_refactoring,exact,refactored,1.0,0.7
475c2d0d9658cbc48b7febe9fefb4a34,78bfabb7ca3452282a9f1f0ddb86da23,method_b_deleted,exact,deleted,1.0,
475c2d0d9658cbc48b7febe9fefb4a34,81108092f771045251002acba0cc6218,method_b_deleted,exact,deleted,1.0,
475c2d0d9658cbc48b7febe9fefb4a34,84c80c811a2f137e86cde5902fb83d65,method_b_deleted,exact,deleted,1.0,
475c2d0d9658cbc48b7febe9fefb4a34,a57217a601c0624c593649d9d7cea50c,pair_dissolved_by_refactoring,exact,moved,1.0,0.91
475c2d0d9658cbc48b7febe9fefb4a34,a9f3dbcebd5633fb6964f61e8a78e4d8,pair_dissolved_naturally,exact,exact,1.0,1.0
475c2d0d9658cbc48b7febe9fefb4a34,adaeb9e71db54fd430ca8cc35e40aa54,pair_dissolved_naturally,exact,unknown,1.0,
476176dce21e6cfda8c007b1189f9fc5,926116abceac7581c4b541e7b99b68d4,pair_dissolved_by_refactoring,signature_changed,signature_changed,0.98,1.0
476176dce21e6cfda8c007b1189f9fc5,972ced227aac695f2977cd391f38289f,pair_dissolved_by_refactoring,signature_changed,exact,0.98,1.0
476176dce21e6cfda8c007b1189f9fc5,ed183ff897eb7c1ec541f3f16bd7dfc2,pair_dissolved_by_refactoring,signature_changed,exact,0.98,1.0
479b5700d84232f377f725c63ae662aa,6ac76f65011a4445b0c98624da1da024,method_b_deleted,exact,deleted,1.0,
47a7a722eef3b56d73fdbd914e397872,ba4fc391bce87747250cc2f7550e5630,pair_dissolved_naturally,exact,exact,1.0,1.0
47a7a722eef3b56d73fdbd914e397872,d8c9f6ba80d33a60fcba19539f3bbf39,pair_dissolved_naturally,exact,exact,1.0,1.0
47eef3fb6f8b8491bf15b50cb26fc704,8fc2bbe5b9b78ff6744963dc05ecbb30,pair_dissolved_naturally,exact,exact,1.0,1.0
4809576efb35fcc0c448e46d01b7eac8,a170228cbfd6ea1643e51e37e6c13462,pair_dissolved_naturally,exact,exact,1.0,1.0
4813a7e3f7bb5dbc26de339342ca3847,932c97a6438fa628765cec2242ac2e23,pair_dissolved_naturally,exact,exact,1.0,1.0
4813a7e3f7bb5dbc26de339342ca3847,a6b845b7d9cd56cbd64202955bfdcf6e,pair_dissolved_naturally,exact,exact,1.0,1.0
4813a7e3f7bb5dbc26de339342ca3847,c5bdaaf1ceada7cfca019c4a07944754,pair_dissolved_naturally,exact,exact,1.0,1.0
4819e0850a5ac11a232dcadc8fae8038,c4efa750793b19c3a9f74e02e9f9f358,pair_dissolved_naturally,exact,exact,1.0,1.0
4837df99c3d5326483c454b0c04d66aa,732799a5725df1546eb499cc68d80e21,pair_dissolved_by_refactoring,exact,signature_changed,1.0,0.87
48411958155dd8136e434f7dbd80949b,82ee4954edaa26da3b0b3f65098aa178,pair_dissolved_naturally,exact,exact,1.0,1.0
48411958155dd8136e434f7dbd80949b,f250f0d29fc941d50b3e498e0b33aa11,pair_dissolved_by_refactoring,exact,signature_changed,1.0,0.98
4849adf442ae5318601f1b81541946a8,48e19a6dcbabaa0ef31e8393ef628af2,pair_dissolved_naturally,exact,exact,1.0,1.0
4849adf442ae5318601f1b81541946a8,66661f5978f62fa2ab352bec7d3d4b20,pair_dissolved_naturally,exact,exact,1.0,1.0
4849adf442ae5318601f1b81541946a8,67949c2ab33fc56d7fa3dd18dbdb50c4,pair_dissolved_naturally,exact,exact,1.0,1.0
4849adf442ae5318601f1b81541946a8,8f45b1ea1b4cf7ccbf25444bbd62deb8,pair_dissolved_naturally,exact,exact,1.0,1.0
4849adf442ae5318601f1b81541946a8,ffe535651d2f213222ed3629cd8f5e47,pair_dissolved_naturally,exact,exact,1.0,1.0
485ba4a8dde1ea00364b6d49f98e7f44,5fde51b59914f6500a6461f7e73fea10,pair_dissolved_by_refactoring,exact,renamed,1.0,0.93
488c9e2b6eb8fc5f8c319d496e602759,5b65ec5fd593808c01b5c2314cf45e63,method_b_deleted,exact,deleted,1.0,
48b1a79a80f7bc36cb9472fdbd03788a,51127806586a499d633bb9593472ffbf,pair_dissolved_naturally,exact,exact,1.0,1.0
48b1a79a80f7bc36cb9472fdbd03788a,608cf4a2ca26b33ff598190714bc1d95,pair_dissolved_naturally,exact,exact,1.0,1.0
48b1a79a80f7bc36cb9472fdbd03788a,6383a644cf8bc239372327f6c941c038,pair_dissolved_naturally,exact,exact,1.0,1.0
48b771b6c3db702f8abca2abdf7c7e1a,5a18a40d3fbffe090d12abd76f7eba37,method_a_deleted,deleted,exact,,1.0
48b771b6c3db702f8abca2abdf7c7e1a,76516c7cd9b0344096801a5bd5694217,both_deleted,deleted,deleted,,
48b771b6c3db702f8abca2abdf7c7e1a,b8f047932da5d6c177d0f31de5d74f1f,method_a_deleted,deleted,unknown,,
48b771b6c3db702f8abca2abdf7c7e1a,b97cb80446d3dfb364012c2cb6444e09,method_a_deleted,deleted,exact,,1.0
48b771b6c3db702f8abca2abdf7c7e1a,f556a25ccf447a533c52b2d9896a7c6b,method_a_deleted,deleted,exact,,1.0
48b771b6c3db702f8abca2abdf7c7e1a,fa8dca131b026a4712694e90ea49c37c,both_deleted,deleted,deleted,,
48bbf8afaad3f5bf17c203858d93ce9a,aef58b10937fe72e7326a6ccc78fc20f,pair_dissolved_naturally,exact,exact,1.0,1.0
48bbf8afaad3f5bf17c203858d93ce9a,dfa66808ef670e90702f3f0b346e3e86,pair_dissolved_naturally,exact,exact,1.0,1.0
48e19a6dcbabaa0ef31e8393ef628af2,66661f5978f62fa2ab352bec7d3d4b20,pair_dissolved_naturally,exact,exact,1.0,1.0
48e19a6dcbabaa0ef31e8393ef628af2,67949c2ab33fc56d7fa3dd18dbdb50c4,pair_dissolved_naturally,exact,exact,1.0,1.0
48e19a6dcbabaa0ef31e8393ef628af2,82cdaaaec4c35da5454cbe6a42eab47e,pair_dissolved_naturally,exact,exact,1.0,1.0
48e19a6dcbabaa0ef31e8393ef628af2,8f45b1ea1b4cf7ccbf25444bbd62deb8,pair_dissolved_naturally,exact,exact,1.0,1.0
48e19a6dcbabaa0ef31e8393ef628af2,9bc4f1616ee7b9aaf1c95ad770e231e3,pair_dissolved_naturally,exact,exact,1.0,1.0
48e19a6dcbabaa0ef31e8393ef628af2,ad6aed1916bfa26e32f013b93a62a508,pair_dissolved_naturally,exact,exact,1.0,1.0
48e19a6dcbabaa0ef31e8393ef628af2,b0b4fc9b3b31954832d600fc324bfdb7,pair_dissolved_naturally,exact,exact,1.0,1.0
48e19a6dcbabaa0ef31e8393ef628af2,ba4fc391bce87747250cc2f7550e5630,pair_dissolved_naturally,exact,exact,1.0,1.0
48e19a6dcbabaa0ef31e8393ef628af2,dd43ed4a73d10067f970cdf0bd49032b,pair_dissolved_naturally,exact,exact,1.0,1.0
48e19a6dcbabaa0ef31e8393ef628af2,e1706a287f57f107a47a41d4af582a80,pair_dissolved_naturally,exact,exact,1.0,1.0
48e19a6dcbabaa0ef31e8393ef628af2,f2e7fe02404be9588d2d28ee20f96dd9,pair_dissolved_naturally,exact,exact,1.0,1.0
48e2bcb869131eee93709c9cb610e049,ed65a5259ebcdf88297d8427fdb83bfc,pair_dissolved_by_refactoring,signature_changed,exact,1.0,1.0
48e9329c64f92e0502bab49d8c925694,6848826a0f86de13450a0ce8caf8878d,pair_dissolved_naturally,exact,exact,1.0,1.0
490af9ea1fbf53c7a7809388c9a254fe,5fbb3dde9fb1caa89a23771f5f9a9b1c,pair_dissolved_naturally,exact,exact,1.0,1.0
490af9ea1fbf53c7a7809388c9a254fe,617a9cf79697c0a24bb2960fa00587b1,pair_dissolved_naturally,exact,exact,1.0,1.0
490af9ea1fbf53c7a7809388c9a254fe,62e01423cfc59329b6acb874696c0590,pair_dissolved_naturally,exact,exact,1.0,1.0
490af9ea1fbf53c7a7809388c9a254fe,6ac048a47fe6abf40205dd46d4bfad09,pair_dissolved_naturally,exact,exact,1.0,1.0
490af9ea1fbf53c7a7809388c9a254fe,7d10bf747bbe5bb03004385a0eb2fa5f,pair_dissolved_naturally,exact,exact,1.0,1.0
490af9ea1fbf53c7a7809388c9a254fe,81b4d775b96c465bff5c607f9b8c2a3d,pair_dissolved_naturally,exact,exact,1.0,1.0
490af9ea1fbf53c7a7809388c9a254fe,a02cf644bc5118e5e473829862bc5886,pair_dissolved_naturally,exact,exact,1.0,1.0
490af9ea1fbf53c7a7809388c9a254fe,a7a4b5bf23cb560d08106ef75e1c73f8,pair_dissolved_naturally,exact,exact,1.0,1.0
490af9ea1fbf53c7a7809388c9a254fe,a9aa5eca579ca73231fa30303b1e4831,pair_dissolved_naturally,exact,exact,1.0,1.0
490af9ea1fbf53c7a7809388c9a254fe,aaaeae07c0f3858e3e6e9b4976a0239a,pair_dissolved_naturally,exact,exact,1.0,1.0
490af9ea1fbf53c7a7809388c9a254fe,b7c847d7adcf107a10c3039d6bcaa8f2,pair_dissolved_naturally,exact,exact,1.0,1.0
490af9ea1fbf53c7a7809388c9a254fe,c21e50f9fd1148952f63c89880751b13,pair_dissolved_naturally,exact,exact,1.0,1.0
490af9ea1fbf53c7a7809388c9a254fe,c23d5f76ef396a0f520ca6c677dccc1f,pair_dissolved_naturally,exact,exact,1.0,1.0
490af9ea1fbf53c7a7809388c9a254fe,da2ae411a236d52fa1e62a224bb1e88a,pair_dissolved_naturally,exact,exact,1.0,1.0
490af9ea1fbf53c7a7809388c9a254fe,dd720a31ae01f8066abe782818b59699,pair_dissolved_naturally,exact,exact,1.0,1.0
490af9ea1fbf53c7a7809388c9a254fe,e3984c3b9cbc8b464931b73d1395bf61,pair_dissolved_naturally,exact,exact,1.0,1.0
490af9ea1fbf53c7a7809388c9a254fe,ebc1919f45f9da5db0d468ce62cfdf50,pair_dissolved_naturally,exact,exact,1.0,1.0
490af9ea1fbf53c7a7809388c9a254fe,efe94917387a9794795e7fc79557dffa,pair_dissolved_naturally,exact,exact,1.0,1.0
490af9ea1fbf53c7a7809388c9a254fe,fabd6966abaabe52f19e44a088986cda,pair_dissolved_naturally,exact,exact,1.0,1.0
4915cca42e0b922790c270c125edd5fb,a690a866f58b5bb40e0e9fc87266adf5,pair_dissolved_naturally,exact,exact,1.0,1.0
49179d9346ae1cb54541e037ff5b3969,a22a38fb9776dc5ef3e893a06dbe1d6e,pair_dissolved_naturally,exact,exact,1.0,1.0
49179d9346ae1cb54541e037ff5b3969,bc8eab047d7b9721637d3ee9110ad0b6,pair_dissolved_naturally,exact,exact,1.0,1.0
4935d74c0f752c7535f5917abf2f2efb,ef0f6f0d3f25bb99e6ade0d0b81d3638,pair_dissolved_by_refactoring,signature_changed,signature_changed,1.0,1.0
4935d74c0f752c7535f5917abf2f2efb,efb9033187dfee85930c428fb2fa3a98,pair_dissolved_by_refactoring,signature_changed,signature_changed,1.0,1.0
4954804af5b3d4898149d4b40a177670,6f21a52706d2170fb21ad0f07b8d667f,pair_dissolved_naturally,exact,exact,1.0,1.0
497a6e2f09bb53df7f9cb35c3078c29c,5e25c5035bcd9e6f5439e42121167541,pair_dissolved_naturally,exact,exact,1.0,1.0
499ef30fa4958c882df8a00872880073,ce4f1e9dc379916a180c5cfb815beac5,pair_dissolved_naturally,exact,exact,1.0,1.0
49d4c1806766d53532b5dbddae076c1f,4e598e9009db4a725ab8f4bb150205da,pair_dissolved_naturally,exact,exact,1.0,1.0
49d4c1806766d53532b5dbddae076c1f,5de017b01acd223837b9ed201f860668,pair_dissolved_naturally,exact,exact,1.0,1.0
49d4c1806766d53532b5dbddae076c1f,8748f44be7c193036718b2ad3ca6b0fd,pair_dissolved_naturally,exact,exact,1.0,1.0
4a01829f8b60578c60d5337288793fcc,4d1b88d04d8d560f5ecfe4e606534b70,pair_dissolved_naturally,exact,exact,1.0,1.0
4a03316ac7c53698597b17f94e222ac8,6b00fac77fe9e13b02ae336c0aa0c73b,pair_dissolved_naturally,exact,exact,1.0,1.0
4a03316ac7c53698597b17f94e222ac8,6cf7f0ad33b5e1f7745a776687939393,pair_dissolved_naturally,exact,exact,1.0,1.0
4a03316ac7c53698597b17f94e222ac8,ba568219a3c3c6b6dde0513b113f6154,pair_dissolved_naturally,exact,exact,1.0,1.0
4a29869d03f450fdb21120f3001eae78,63d1b342e0d939b9a1c2a05cf349f1af,method_b_deleted,exact,deleted,1.0,
4a29869d03f450fdb21120f3001eae78,a7d3391913fb374d238fd49e5c7c796f,pair_dissolved_by_refactoring,exact,refactored,1.0,0.76
4a29869d03f450fdb21120f3001eae78,a9918bab6665863d140b25d057806885,method_b_deleted,exact,deleted,1.0,
4a29869d03f450fdb21120f3001eae78,cc55a32a2141132f065798022cf031be,method_b_deleted,exact,deleted,1.0,
4a29869d03f450fdb21120f3001eae78,e84154d38b077f0ecbce7fe797e69e1f,pair_dissolved_naturally,exact,exact,1.0,1.0
4a29869d03f450fdb21120f3001eae78,ee4571f3a31b5160523e605408464f52,method_b_deleted,exact,deleted,1.0,
4a29869d03f450fdb21120f3001eae78,ef43004cae0fea1a3c02448f6b2e43de,pair_dissolved_naturally,exact,exact,1.0,1.0
4a29869d03f450fdb21120f3001eae78,fac9c0ff5e0c0a62a34161cf56090d44,pair_dissolved_naturally,exact,exact,1.0,1.0
4a29869d03f450fdb21120f3001eae78,fbbd917ae31402d94b56df4ff5062e55,pair_dissolved_by_refactoring,exact,refactored,1.0,0.74
4a4a896403f3205d1fb9aa780551042d,9f812f0731df6aa00b1f1bee73e1781e,pair_dissolved_by_refactoring,renamed,exact,0.92,1.0
4a4a896403f3205d1fb9aa780551042d,cde7f8ef34cbab17042c537ddfa4d430,pair_dissolved_by_refactoring,renamed,exact,0.92,1.0
4a4a896403f3205d1fb9aa780551042d,ec798a6eb72d082c32cbe0a1f72bec5b,pair_dissolved_by_refactoring,renamed,exact,0.92,1.0
4a6607da7d7e0c50a9800a0c4637233a,926c6e0c7efc0ddf37399dc8ae72a52e,pair_dissolved_naturally,exact,exact,1.0,1.0
4a6607da7d7e0c50a9800a0c4637233a,9b26ac921b79045ffafc1ab6a77e3e49,pair_dissolved_naturally,exact,exact,1.0,1.0
4a6607da7d7e0c50a9800a0c4637233a,d9fa36f997a550b8bce7c609bf04303c,pair_dissolved_naturally,exact,exact,1.0,1.0
4a82e7a36c5210a9af631f8561477c9f,6f29599d360d42d9b04545cc9b94e67e,pair_dissolved_naturally,exact,exact,1.0,1.0
4a9ca99e522a3f1775d992386dce4c63,6348c20bfaaa71c58e242883d455c600,pair_dissolved_naturally,exact,exact,1.0,1.0
4a9ca99e522a3f1775d992386dce4c63,98ae8153c4723bccadcc56a6301fcdd0,pair_dissolved_naturally,exact,exact,1.0,1.0
4aa93a71b78e61d2a40370ca31416054,7211472a7eed702c90d92cf8da31d7bf,pair_dissolved_by_refactoring,signature_changed,exact,0.88,1.0
4aa93a71b78e61d2a40370ca31416054,a9ef7131f222bbd911ef5c0d0536a23c,pair_dissolved_by_refactoring,signature_changed,signature_changed,0.88,0.88
4aa93a71b78e61d2a40370ca31416054,e6bde0997de34dbf185103f8c7baf23b,pair_dissolved_by_refactoring,signature_changed,exact,0.88,1.0
4aada1d6c9c0ecafa599b81a0724db21,bd94247be2ecf6c7a35627ff56ea25ab,pair_dissolved_naturally,exact,exact,1.0,1.0
4abae4a8202522e9f84ebe2a49186a65,d4bb68ae35592c60c61084aeedf19b95,pair_dissolved_by_refactoring,signature_changed,signature_changed,0.88,0.9
4ac65bb0df44152241a5b14d058a02d9,75b894b7e342c239c73acc73846cb770,pair_dissolved_naturally,exact,exact,1.0,1.0
4ac65bb0df44152241a5b14d058a02d9,8d2baccab497dcf6cd1991f87bc92a55,pair_dissolved_naturally,exact,exact,1.0,1.0
4ac65bb0df44152241a5b14d058a02d9,d2e266f251639e3d32dd31ef4895cc49,pair_dissolved_naturally,exact,exact,1.0,1.0
4b0e909481b0e9827664a8639ed503ff,4b0e909481b0e9827664a8639ed503ff,pair_dissolved_naturally,exact,exact,1.0,1.0
4b0f0af83e240d1fd854b962cef0ff4d,69fe7bd84d75621d8aad358c8c263c7b,pair_dissolved_by_refactoring,signature_changed,signature_changed,0.95,0.98
4b0f0af83e240d1fd854b962cef0ff4d,7906b68dc18c32211d09332183283408,pair_dissolved_by_refactoring,signature_changed,signature_changed,0.95,0.95
4b0f0af83e240d1fd854b962cef0ff4d,890d73f1af96173568e900bbe753ab61,pair_dissolved_by_refactoring,signature_changed,signature_changed,0.95,0.98
4b0f0af83e240d1fd854b962cef0ff4d,8b2253722f6f45d50df17bc1a54a6af8,pair_dissolved_by_refactoring,signature_changed,signature_changed,0.95,0.98
4b0f0af83e240d1fd854b962cef0ff4d,938b8e76142512a26f19b940e62e4da3,pair_dissolved_by_refactoring,signature_changed,signature_changed,0.95,0.98
4b0f0af83e240d1fd854b962cef0ff4d,a232c00d3c032c1dcb9960a03a2af02a,pair_dissolved_by_refactoring,signature_changed,signature_changed,0.95,0.98
4b0f0af83e240d1fd854b962cef0ff4d,a6f85f9146258be22899e29bafa6ddbe,pair_dissolved_by_refactoring,signature_changed,signature_changed,0.95,0.98
4b0f0af83e240d1fd854b962cef0ff4d,bc9351e25302126e2ccd26946c097596,pair_dissolved_by_refactoring,signature_changed,signature_changed,0.95,0.95
4b0f0af83e240d1fd854b962cef0ff4d,e935c1fd6cffb270214c37264e137271,pair_dissolved_by_refactoring,signature_changed,signature_changed,0.95,0.96
4b0f0af83e240d1fd854b962cef0ff4d,f411c7f6ede16471367d8f59777caeba,pair_dissolved_by_refactoring,signature_changed,exact,0.95,1.0
4b0f0af83e240d1fd854b962cef0ff4d,fe4d451f78df4b2efac5fad1ac613fc9,pair_dissolved_by_refactoring,signature_changed,signature_changed,0.95,0.96
4b0f0af83e240d1fd854b962cef0ff4d,fe54424f7bb37eaf31149edd5e038981,pair_dissolved_by_refactoring,signature_changed,signature_changed,0.95,0.98
4b1cbb94bbc28c49a566b4fc797a72a1,69fec3f7df403042773c47bfb859fa4b,pair_dissolved_naturally,exact,exact,1.0,1.0
4b1cbb94bbc28c49a566b4fc797a72a1,6a7756366feeb14c1172b2b189ba2771,pair_dissolved_naturally,exact,exact,1.0,1.0
4b1cbb94bbc28c49a566b4fc797a72a1,737524e5fe5a135a2d85bee2669f1df7,pair_dissolved_naturally,exact,exact,1.0,1.0
4b1cbb94bbc28c49a566b4fc797a72a1,753e15be26769eea8729c89e32acc48a,pair_dissolved_naturally,exact,exact,1.0,1.0
4b1cbb94bbc28c49a566b4fc797a72a1,8104c1fd33d32f08fb34b45f93885c81,pair_dissolved_naturally,exact,exact,1.0,1.0
4b1cbb94bbc28c49a566b4fc797a72a1,de7e97f07df2fc21edbdc76839a0f1e2,pair_dissolved_naturally,exact,exact,1.0,1.0
4b1cbb94bbc28c49a566b4fc797a72a1,e448c4cd1a0e7ba210acf8358895e6eb,pair_dissolved_naturally,exact,exact,1.0,1.0
4b1cbb94bbc28c49a566b4fc797a72a1,e8ba27d37963c50e801a8f61211cbb12,pair_dissolved_naturally,exact,exact,1.0,1.0
4b48feb9f3d37fb0104ecdb5223418f3,5f9f3c06a1063397c900f9cff504f2e9,pair_dissolved_naturally,exact,exact,1.0,1.0
4b7184a4f09ab6d68625e930a0fa66f4,9d8622ba3fbd81dc900648287844c1e1,pair_dissolved_naturally,exact,exact,1.0,1.0
4b7184a4f09ab6d68625e930a0fa66f4,d44df7668f75c8f084cdada0a7a1aae0,pair_dissolved_naturally,exact,exact,1.0,1.0
4bc16d233782b9653f50ee4419dde3d8,a690a866f58b5bb40e0e9fc87266adf5,pair_dissolved_naturally,exact,exact,1.0,1.0
4bcb93b715ab97a1d6ffded0120ce745,78283a27a28cac36b7b01a28518ff291,pair_dissolved_by_refactoring,refactored,exact,0.7,1.0
4bcb93b715ab97a1d6ffded0120ce745,78bfabb7ca3452282a9f1f0ddb86da23,method_b_deleted,refactored,deleted,0.7,
4bcb93b715ab97a1d6ffded0120ce745,81108092f771045251002acba0cc6218,method_b_deleted,refactored,deleted,0.7,
4bcb93b715ab97a1d6ffded0120ce745,84c80c811a2f137e86cde5902fb83d65,method_b_deleted,refactored,deleted,0.7,
4bcb93b715ab97a1d6ffded0120ce745,9dd07968aab9e723ae1622c9e4c3e592,pair_dissolved_by_refactoring,refactored,signature_changed,0.7,0.89
4bcb93b715ab97a1d6ffded0120ce745,a57217a601c0624c593649d9d7cea50c,pair_dissolved_by_refactoring,refactored,moved,0.7,0.91
4bcb93b715ab97a1d6ffded0120ce745,a9f3dbcebd5633fb6964f61e8a78e4d8,pair_dissolved_by_refactoring,refactored,exact,0.7,1.0
4bcb93b715ab97a1d6ffded0120ce745,aadbde3efa2522d0258c803c715cc686,pair_dissolved_by_refactoring,refactored,exact,0.7,1.0
4bcb93b715ab97a1d6ffded0120ce745,adaeb9e71db54fd430ca8cc35e40aa54,pair_dissolved_by_refactoring,refactored,unknown,0.7,
4bcb93b715ab97a1d6ffded0120ce745,c4f9e92ee900ccd9d650e3f06a8a1caf,pair_dissolved_by_refactoring,refactored,signature_changed,0.7,0.89
4bd1780cfd62331f5270251e9a4c0142,5c9dfed2a57c4074b76c2bd9f4943cf5,pair_dissolved_naturally,exact,exact,1.0,1.0
4bd1780cfd62331f5270251e9a4c0142,a8e338b6acf56efddf9403b8bbcc0fde,pair_dissolved_naturally,exact,exact,1.0,1.0
4be9eee7c6cccb30535f51c61c8b1525,6b4b1c44f1089cbaf899a71c25177dea,method_b_deleted,exact,deleted,1.0,
4bf6374dd32fe7ea6838afd9b968d3db,943f1ce4cb73453dae86dfb01d8d9dcd,method_b_deleted,exact,deleted,1.0,
4bf6374dd32fe7ea6838afd9b968d3db,cd0b06817e5361b439ade6f5710f027a,method_b_deleted,exact,deleted,1.0,
4c2f9b14630faa0f48d3ad649fd159f2,d4e8b6fe84f0cd5c781afb451760c4a0,method_b_deleted,exact,deleted,1.0,
4c2f9b14630faa0f48d3ad649fd159f2,f659c5e78f96e257b20782a6e9b92ab3,pair_dissolved_naturally,exact,exact,1.0,1.0
4c84109f16927affe77b9bb6f5885e1a,4d97dcb741f8a17a0909a0e854cc3f42,pair_dissolved_by_refactoring,exact,signature_changed,1.0,0.93
4c84109f16927affe77b9bb6f5885e1a,8df4410df01024efaff0c85e7b0ec905,pair_dissolved_by_refactoring,exact,signature_changed,1.0,0.93
4c84109f16927affe77b9bb6f5885e1a,a5f9af34144e4305c1164944b9fac69a,pair_dissolved_naturally,exact,unknown,1.0,
4cbd451c577ef0898aaca004299bc24d,dd6b3c9e887221795fa5568ef946073e,pair_dissolved_naturally,exact,exact,1.0,1.0
4cf88ffb9c55c59e0e6ccfe192a54ac6,ce30bc25d8b263c82433c431b267912d,pair_dissolved_naturally,exact,exact,1.0,1.0
4cfa158f159a65f5417afbf3bc20e090,9b4f75842faebaa79e981fb9f977f0d4,pair_dissolved_naturally,exact,exact,1.0,1.0
4d058b68c4d359962cbb0a9bbbf84e69,e5b1e628503a143ed693509635b8bb92,pair_dissolved_naturally,exact,exact,1.0,1.0
4d1047d016088dd53f35516de98f6b73,f53e44d8879d3d2fffeec583da728874,pair_dissolved_naturally,exact,exact,1.0,1.0
4d1b2f5a9b8e35ca2b66516876f8bd7f,58933a01b70c4975d55bee8501e4f6da,pair_dissolved_by_refactoring,signature_changed,unknown,1.0,
4d1b2f5a9b8e35ca2b66516876f8bd7f,62b367d2409e751b32c5f8650beb81bf,pair_dissolved_by_refactoring,signature_changed,signature_changed,1.0,1.0
4d6e50ad7e4eb05975d9fdf9992cbb47,dbab7c7d0469c607c2ac40681e2ea58e,pair_dissolved_naturally,exact,exact,1.0,1.0
4d808fed24695570dddb66e5d7635704,7471352e30fdddb268d6219831852ca8,pair_dissolved_naturally,exact,exact,1.0,1.0
4d97dcb741f8a17a0909a0e854cc3f42,8df4410df01024efaff0c85e7b0ec905,pair_dissolved_by_refactoring,signature_changed,signature_changed,0.93,0.93
4d97dcb741f8a17a0909a0e854cc3f42,a5f9af34144e4305c1164944b9fac69a,pair_dissolved_by_refactoring,signature_changed,unknown,0.93,
4d97dcb741f8a17a0909a0e854cc3f42,c1e365ca4b3287270feda2d7aafd3217,pair_dissolved_by_refactoring,signature_changed,signature_changed,0.93,0.97
4d97dcb741f8a17a0909a0e854cc3f42,e28a9ce444a5e9a53fbaeaad65a57274,pair_dissolved_by_refactoring,signature_changed,exact,0.93,1.0
4dca5538d75769c22470df55653ae683,b2864947b080cba218cf44610e6ccc47,pair_dissolved_naturally,exact,exact,1.0,1.0
4de8446bb0ee52d74d4247be20ed1891,da6be8d36e6cf2e85409fa0b6896c75f,pair_dissolved_naturally,exact,exact,1.0,1.0
4e0365be33025f8226e54c575e510ee3,76e603548079b7a8920860942b81c89a,pair_dissolved_by_refactoring,signature_changed,exact,0.71,1.0
4e0365be33025f8226e54c575e510ee3,9c8697028ab23e27101956613ae77f40,pair_dissolved_by_refactoring,signature_changed,exact,0.71,1.0
4e0365be33025f8226e54c575e510ee3,d7a2cc0e10a7fe72ae4957b8f56d4cd1,pair_dissolved_by_refactoring,signature_changed,exact,0.71,1.0
4e0acd3b616399715fa0faf404311a2a,d7a69ebc36ca5c7a37ce6cfb8767fdaa,pair_dissolved_naturally,exact,exact,1.0,1.0
4e1bc6785818db63dea358aa4d67273c,50a5994df6dcd51fc07cc54dc2be41b6,pair_dissolved_by_refactoring,refactored,refactored,0.76,0.8
4e1bc6785818db63dea358aa4d67273c,520020af6f73cd44599cbc3146ea8e38,pair_dissolved_by_refactoring,refactored,exact,0.76,1.0
4e1bc6785818db63dea358aa4d67273c,5504c5cbd0718cd7df1ccc39b284b553,pair_dissolved_by_refactoring,refactored,refactored,0.76,0.73
4e1bc6785818db63dea358aa4d67273c,704a17ad5a940c5a86ecb202e612dd12,pair_dissolved_by_refactoring,refactored,exact,0.76,1.0
4e1bc6785818db63dea358aa4d67273c,71e3dc7756a0f15a43c8f0991ee8ef0f,pair_dissolved_by_refactoring,refactored,refactored,0.76,0.73
4e1bc6785818db63dea358aa4d67273c,80e30ce7944bbd4be1e347a5a952e133,method_b_deleted,refactored,deleted,0.76,
4e1bc6785818db63dea358aa4d67273c,91c78157438767829d1f1aaeb8d69bc5,pair_dissolved_by_refactoring,refactored,refactored,0.76,0.73
4e1bc6785818db63dea358aa4d67273c,c6d609e5755122be73006e3d1b12befa,pair_dissolved_by_refactoring,refactored,exact,0.76,1.0
4e1bc6785818db63dea358aa4d67273c,d09fa69c6d5615c26aac2f825b8e7328,pair_dissolved_by_refactoring,refactored,exact,0.76,1.0
4e1bc6785818db63dea358aa4d67273c,e8fab3b0104e8680b5767566a418db6e,pair_dissolved_by_refactoring,refactored,exact,0.76,1.0
4e216a19395403993cd674555ce359a2,ea749b020e934de3eb585ea92d68a7b9,pair_dissolved_naturally,exact,exact,1.0,1.0
4e216a19395403993cd674555ce359a2,f977a804b9aaa728391761c0f237a5c2,pair_dissolved_naturally,exact,exact,1.0,1.0
4e66b93c4d90a3001e7a4ad978baa860,bf5ef88b25f2b6a4a1a9d7b968606d01,pair_dissolved_naturally,exact,exact,1.0,1.0
4e6e94310b8b5ee07c7ed976a4220e2c,9f727c36011e7499d79791c5c39bf7b8,pair_dissolved_naturally,exact,exact,1.0,1.0
4ea6184f9a9182a143c922bbcec76233,c103dd9c063d4a66c994216f2ce83bb8,pair_dissolved_naturally,exact,exact,1.0,1.0
4ea764688cd1c2363334063f59f0d794,cc9d87a41ba899bd648eb5196289a000,pair_dissolved_naturally,exact,exact,1.0,1.0
4ee67a78b290a0c4390b5ddbe023c6c2,5cf9b361e4db63cf8f1cfaa2d0a9debb,pair_dissolved_naturally,exact,exact,1.0,1.0
4ee67a78b290a0c4390b5ddbe023c6c2,602b21eab1eb825a895190edb5adcdae,pair_dissolved_naturally,exact,unknown,1.0,
4ee67a78b290a0c4390b5ddbe023c6c2,64c083a7f0925a987aef26e09a65f2f1,pair_dissolved_naturally,exact,exact,1.0,1.0
4ee67a78b290a0c4390b5ddbe023c6c2,93fbeb688d4e7ce3eb0c76554fb876b0,pair_dissolved_naturally,exact,unknown,1.0,
4ee67a78b290a0c4390b5ddbe023c6c2,96fe1a133e1135002118eb866e39d79a,pair_dissolved_naturally,exact,exact,1.0,1.0
4ee67a78b290a0c4390b5ddbe023c6c2,cff817895e8ac32d2b36cff19bf7f848,pair_dissolved_naturally,exact,unknown,1.0,
4ee67a78b290a0c4390b5ddbe023c6c2,d50ad8f2a7c378ac8295eb0af6d56a72,pair_dissolved_naturally,exact,unknown,1.0,
4efb2d24aa13f30c02aa6d11dba810e8,55b94c1027565ae02f0ddfaac21859e1,pair_dissolved_by_refactoring,signature_changed,signature_changed,1.0,1.0
4efb2d24aa13f30c02aa6d11dba810e8,611f2982b0d18a23c9744a75720330a2,pair_dissolved_by_refactoring,signature_changed,signature_changed,1.0,1.0
4efb2d24aa13f30c02aa6d11dba810e8,6ee545050b3f26a9bc846d255b88a3dd,pair_dissolved_by_refactoring,signature_changed,signature_changed,1.0,0.97
4efb2d24aa13f30c02aa6d11dba810e8,7f0ac1b5635f5af28a73c1f47bdca1a3,pair_dissolved_by_refactoring,signature_changed,signature_changed,1.0,1.0
4efb2d24aa13f30c02aa6d11dba810e8,e9f85d11284403adb130924babacc4eb,pair_dissolved_by_refactoring,signature_changed,signature_changed,1.0,1.0
4efb2d24aa13f30c02aa6d11dba810e8,f1832dc7b2959caee4e5f5440627eded,pair_dissolved_by_refactoring,signature_changed,signature_changed,1.0,1.0
4f06368130f3315fccccb862375d2f36,c1b42566a3fff77a26763a57f84af85f,pair_dissolved_naturally,exact,exact,1.0,1.0
4f06368130f3315fccccb862375d2f36,dbf0b357db5ff8b8e2cda96506011620,pair_dissolved_naturally,exact,exact,1.0,1.0
4f51618daf9679f85b029dc3f8c26e4c,fd4b837ec0172509bd5b5dc797032321,pair_dissolved_by_refactoring,exact,renamed,1.0,0.91
4f5e063765526c2987b09d15bd15903e,5c2e4f7cbed894384a362137c82101cf,pair_dissolved_naturally,exact,exact,1.0,1.0
4f5e063765526c2987b09d15bd15903e,83fb50b8337587a87a5fb5d21894af6b,pair_dissolved_naturally,exact,exact,1.0,1.0
4f5e063765526c2987b09d15bd15903e,c629455c9df6ed8d1919c2cf78c84cf4,pair_dissolved_by_refactoring,exact,signature_changed,1.0,0.97
4f5e063765526c2987b09d15bd15903e,ea56ba008209154893e9b145074b6da0,pair_dissolved_naturally,exact,exact,1.0,1.0
4f6011080dcc9bae080d01a1a1a2ccac,4f8f9564ad0d8aff81c214d17389a118,pair_dissolved_naturally,exact,exact,1.0,1.0
4f6993f3b370e500b9231e4371b3a179,6b00fac77fe9e13b02ae336c0aa0c73b,pair_dissolved_naturally,exact,exact,1.0,1.0
4f6993f3b370e500b9231e4371b3a179,6cf7f0ad33b5e1f7745a776687939393,pair_dissolved_naturally,exact,exact,1.0,1.0
4f7e20a95e101717caec9d0580805948,d37845c4ab1df0425bb14e77944bbeca,pair_dissolved_naturally,exact,exact,1.0,1.0
4fa8ea3258014eeed2e8f39854a077c5,52431eee6ddfd515858223e3ecc04c31,pair_dissolved_naturally,exact,exact,1.0,1.0
4fa8ea3258014eeed2e8f39854a077c5,85153909e4442271decff59997235c89,pair_dissolved_naturally,exact,exact,1.0,1.0
4fa8ea3258014eeed2e8f39854a077c5,986ae9d1c5f9fcbe4f7e2c57d221a202,pair_dissolved_naturally,exact,exact,1.0,1.0
4fcdeb4ab260f0043d0f0da44003a52e,afcf13c88aa5bc1cdaa895b87049dd3b,pair_dissolved_naturally,exact,exact,1.0,1.0
4fcdeb4ab260f0043d0f0da44003a52e,d2131f0cfd125b7ff699b1ad41ef8799,pair_dissolved_naturally,exact,exact,1.0,1.0
4fe8abfa5c1ee8352ee143f57397cfeb,53614f5f38e125f507c38ff226684793,pair_dissolved_naturally,exact,exact,1.0,1.0
4fe8abfa5c1ee8352ee143f57397cfeb,8eaf9b09bfa53e286007a0580a71a646,pair_dissolved_naturally,exact,exact,1.0,1.0
4fe8abfa5c1ee8352ee143f57397cfeb,dd388cb7b68b68ec3cafbdd8134501bb,pair_dissolved_naturally,exact,exact,1.0,1.0
4fe8abfa5c1ee8352ee143f57397cfeb,e45cdc4397344b3bf3214ac9acd0ca52,pair_dissolved_naturally,exact,exact,1.0,1.0
4fe8abfa5c1ee8352ee143f57397cfeb,f1773d1198516f7b14c3d5370d51929e,pair_dissolved_naturally,exact,exact,1.0,1.0
4ff6683967b272b79965981315d31cfe,a619d0f668a5e475a302f7986ead3502,pair_dissolved_by_refactoring,exact,signature_changed,1.0,0.91
50109589da1ad7863e108ef3534f6dc9,83c7faeddc19d0a8bbb010ab9d774718,pair_dissolved_naturally,exact,exact,1.0,1.0
501e024779d66d8ef4a27636abe81370,c85eb27c1617f44443a2ed8a5ce760bf,pair_dissolved_naturally,exact,exact,1.0,1.0
503355a0951c9df0180c220f54be87f5,5e6a7807e65f603b0b2a4f74bb3bdc33,pair_dissolved_by_refactoring,signature_changed,signature_changed,0.96,0.97
503355a0951c9df0180c220f54be87f5,6da08e3a5983f1bfbf076785f8a169f8,pair_dissolved_by_refactoring,signature_changed,signature_changed,0.96,0.98
503355a0951c9df0180c220f54be87f5,7d2dc73a9bd3a0436adc5736dcd53a39,pair_dissolved_by_refactoring,signature_changed,signature_changed,0.96,0.98
503355a0951c9df0180c220f54be87f5,bf788b8ff88e67549374045158e190a6,pair_dissolved_by_refactoring,signature_changed,signature_changed,0.96,0.97
503355a0951c9df0180c220f54be87f5,c5eaee75b44c5e6ca94072ea9c5dabfc,pair_dissolved_by_refactoring,signature_changed,signature_changed,0.96,0.95
503355a0951c9df0180c220f54be87f5,c6aa4b70732c34ffa76d0653d38b9b5a,pair_dissolved_by_refactoring,signature_changed,signature_changed,0.96,0.78
503355a0951c9df0180c220f54be87f5,d8d061c522e61483cddbbf169cb0be0f,pair_dissolved_by_refactoring,signature_changed,signature_changed,0.96,0.97
50453ef6dd172784e10717999e70a2c7,8048858f4b92de04710d758da39a0a58,pair_dissolved_naturally,exact,exact,1.0,1.0
50453ef6dd172784e10717999e70a2c7,9830ab6cdb05dbbdbb54b17637c57ae3,pair_dissolved_by_refactoring,exact,refactored,1.0,0.76
50453ef6dd172784e10717999e70a2c7,bdf2b42baeea4c2eaa6f74dc9af1a786,pair_dissolved_naturally,exact,exact,1.0,1.0
50453ef6dd172784e10717999e70a2c7,d6e1266ba97db0a6254aef837638999c,pair_dissolved_naturally,exact,exact,1.0,1.0
504e481682107fb13361cb852abf65ad,ba3f5cdd1c8ed1c16629cf4b4c4fb375,pair_dissolved_naturally,exact,exact,1.0,1.0
504e481682107fb13361cb852abf65ad,bc6aefb7e3bc88635e4c123158c33a4f,pair_dissolved_naturally,exact,exact,1.0,1.0
509ed05e58ef72d6197ec578874c6830,df50d623faa81a8fbb4bd8b56eee5ad4,pair_dissolved_naturally,exact,exact,1.0,1.0
50a5994df6dcd51fc07cc54dc2be41b6,5504c5cbd0718cd7df1ccc39b284b553,pair_dissolved_by_refactoring,refactored,refactored,0.8,0.73
50a5994df6dcd51fc07cc54dc2be41b6,670eb68a249feb334f199dfdba303fb4,pair_dissolved_by_refactoring,refactored,exact,0.8,1.0
50a5994df6dcd51fc07cc54dc2be41b6,68eb1530d129d691731cd5d1096e7523,method_b_deleted,refactored,deleted,0.8,
50a5994df6dcd51fc07cc54dc2be41b6,71e3dc7756a0f15a43c8f0991ee8ef0f,pair_dissolved_by_refactoring,refactored,refactored,0.8,0.73
50a5994df6dcd51fc07cc54dc2be41b6,80e30ce7944bbd4be1e347a5a952e133,method_b_deleted,refactored,deleted,0.8,
50a5994df6dcd51fc07cc54dc2be41b6,91c78157438767829d1f1aaeb8d69bc5,pair_dissolved_by_refactoring,refactored,refactored,0.8,0.73
50a5994df6dcd51fc07cc54dc2be41b6,c41333d4e0c1101f816be5c141cba0cb,pair_dissolved_by_refactoring,refactored,exact,0.8,1.0
50a5994df6dcd51fc07cc54dc2be41b6,e8fab3b0104e8680b5767566a418db6e,pair_dissolved_by_refactoring,refactored,exact,0.8,1.0
50a5994df6dcd51fc07cc54dc2be41b6,f56727e542e5847d13427063ec6c7322,pair_dissolved_by_refactoring,refactored,exact,0.8,1.0
50a5994df6dcd51fc07cc54dc2be41b6,fb7a917be45bb803d6bd2e1138102012,method_b_deleted,refactored,deleted,0.8,
50a5994df6dcd51fc07cc54dc2be41b6,fbb9bfc9cd9f39c7ca696149b61ba450,pair_dissolved_by_refactoring,refactored,refactored,0.8,0.8
50ab72c3d3e98fb8caa64233e1e9c896,719be00aba5886da9e74aa8d9bad2329,pair_dissolved_naturally,exact,exact,1.0,1.0
51127806586a499d633bb9593472ffbf,608cf4a2ca26b33ff598190714bc1d95,pair_dissolved_naturally,exact,exact,1.0,1.0
51127806586a499d633bb9593472ffbf,6383a644cf8bc239372327f6c941c038,pair_dissolved_naturally,exact,exact,1.0,1.0
51127806586a499d633bb9593472ffbf,6941e05ca6df4f7a30e6b47f6094cbea,pair_dissolved_naturally,exact,exact,1.0,1.0
51127806586a499d633bb9593472ffbf,9e15ce7a865f965468765414062f3f60,pair_dissolved_naturally,exact,exact,1.0,1.0
5118922d4acfbcc7c5876cd9b5b01cc1,ac377c44ac160c94e16d385eea9fa92c,pair_dissolved_naturally,exact,exact,1.0,1.0
512e4d0a9c381a1ec85917910eaeeb13,9e47c5f2dba0965d33def1eee714e5bb,pair_dissolved_naturally,exact,exact,1.0,1.0
5141ecbcefe25b79e6cceb3771dc4e54,6f0234f7dd9a1d9dd73344f2e8435ee4,pair_dissolved_naturally,exact,exact,1.0,1.0
51470b8a6984887757ce229cbc2cddb0,f04aacba2406380cedf1967b27583378,method_b_deleted,refactored,deleted,0.8,
514c288ee728a45fb9744b8a8da09da3,648b513c627056eefb0a80209cf1bf36,pair_dissolved_naturally,exact,exact,1.0,1.0
514c288ee728a45fb9744b8a8da09da3,bada92beab6a2e9847aa3b3341f55d80,pair_dissolved_naturally,exact,exact,1.0,1.0
514c288ee728a45fb9744b8a8da09da3,bfacc9643498b64315db925333255eee,pair_dissolved_naturally,exact,exact,1.0,1.0
514ebcd10d2dbb1f9d23ab0a926ada95,57023a809273695dda87a4f95317936a,pair_dissolved_naturally,exact,exact,1.0,1.0
514ebcd10d2dbb1f9d23ab0a926ada95,6321d7e0f4ccc153c52df57d61a48e93,pair_dissolved_naturally,exact,exact,1.0,1.0
514ebcd10d2dbb1f9d23ab0a926ada95,ed107269279d8143d9efea8d1744c8ca,pair_dissolved_naturally,exact,exact,1.0,1.0
514ebcd10d2dbb1f9d23ab0a926ada95,fb784669a6dc706bb91256b74744c585,pair_dissolved_naturally,exact,exact,1.0,1.0
515d4656f02d7a4dee86ff2e4118ecc8,85905cc3e05278bda964a3c56b9234f5,pair_dissolved_naturally,exact,exact,1.0,1.0
51614ee33c09b3303fc9b793523cb683,8f38e3bf02a65d396d2a43f41c41a6c4,method_a_deleted,deleted,signature_changed,,0.7
5188e3d050b3a658c660c74b52eb7f40,a1e74a592e8b771ef8420dc210b9a4f4,pair_dissolved_naturally,exact,exact,1.0,1.0
5188e3d050b3a658c660c74b52eb7f40,f8a5a6dd678b7af19816db0d774241ba,pair_dissolved_naturally,exact,exact,1.0,1.0
51e8514172351e20c687c73f118678d6,aed73795735ab65179279b107e4c7741,pair_dissolved_naturally,exact,exact,1.0,1.0
520020af6f73cd44599cbc3146ea8e38,5504c5cbd0718cd7df1ccc39b284b553,pair_dissolved_by_refactoring,exact,refactored,1.0,0.73
520020af6f73cd44599cbc3146ea8e38,71e3dc7756a0f15a43c8f0991ee8ef0f,pair_dissolved_by_refactoring,exact,refactored,1.0,0.73
520020af6f73cd44599cbc3146ea8e38,80e30ce7944bbd4be1e347a5a952e133,method_b_deleted,exact,deleted,1.0,
520020af6f73cd44599cbc3146ea8e38,826c56b81f78f99df04496538202ca6d,pair_dissolved_naturally,exact,unknown,1.0,
520020af6f73cd44599cbc3146ea8e38,91c78157438767829d1f1aaeb8d69bc5,pair_dissolved_by_refactoring,exact,refactored,1.0,0.73
520020af6f73cd44599cbc3146ea8e38,ca63c0387bd51c32bbfa16fc808c0d30,pair_dissolved_naturally,exact,unknown,1.0,
520020af6f73cd44599cbc3146ea8e38,e8fab3b0104e8680b5767566a418db6e,pair_dissolved_naturally,exact,exact,1.0,1.0
5229067c15180ad545ce5acebb1ec17d,92f04b56f3b87018a39c39fccb96c99f,pair_dissolved_naturally,exact,exact,1.0,1.0
5229067c15180ad545ce5acebb1ec17d,9af0dac6fe467156569fed8eab8ef25f,pair_dissolved_naturally,exact,exact,1.0,1.0
5229067c15180ad545ce5acebb1ec17d,bf5cbe1c1ecc07712ac7d4aa93e91a18,pair_dissolved_naturally,exact,exact,1.0,1.0
52431eee6ddfd515858223e3ecc04c31,94256bcee58851bb13723cb0366708a8,pair_dissolved_naturally,exact,exact,1.0,1.0
52431eee6ddfd515858223e3ecc04c31,986ae9d1c5f9fcbe4f7e2c57d221a202,pair_dissolved_naturally,exact,exact,1.0,1.0
52431eee6ddfd515858223e3ecc04c31,c381525f583f18be07510aa70dd14a43,pair_dissolved_naturally,exact,exact,1.0,1.0
52431eee6ddfd515858223e3ecc04c31,c4ce02691b4ec7022e6e41a6aa59efde,pair_dissolved_naturally,exact,exact,1.0,1.0
52431eee6ddfd515858223e3ecc04c31,dfe2765af8b28f171d8a1d9d3cf221d2,pair_dissolved_naturally,exact,exact,1.0,1.0
524fc2c1c359acba3aeb6daebdb9eed4,5cd1f3c8dd1dd1e634f1201a28985c6c,pair_dissolved_naturally,exact,exact,1.0,1.0
5287e57b81b806fdd8290b0249dcbea1,5f2a4e8303c8429f85d8fe232fcb7bb7,pair_dissolved_naturally,exact,exact,1.0,1.0
5287e57b81b806fdd8290b0249dcbea1,d52ac8a5528517fa76c4844002b5c449,pair_dissolved_naturally,exact,exact,1.0,1.0
529d0ef103c47a5517f1b836de523270,5a60bf1225b7127bc58b33afd927d39e,pair_dissolved_naturally,exact,exact,1.0,1.0
52a72b963fe64d91e2753ef574ad24b8,c877c47472773ad2ebca1bf926f32520,method_b_deleted,exact,deleted,1.0,
52bb60523c4141d5a14af6d97f4089fd,685a43fd5e5cb5794f1326fffe782908,pair_dissolved_naturally,exact,exact,1.0,1.0
52bb60523c4141d5a14af6d97f4089fd,7847099d556a54645b3665adc7edb9cb,pair_dissolved_naturally,exact,exact,1.0,1.0
52bb60523c4141d5a14af6d97f4089fd,924fccf763e773e7a15ba66310ad9cb1,pair_dissolved_naturally,exact,exact,1.0,1.0
533a12e4dec6fb4108f5089a90bf97dc,7b847f4e54a71b0f4f6bac967284fd46,pair_dissolved_naturally,exact,exact,1.0,1.0
533a12e4dec6fb4108f5089a90bf97dc,9cba45d6262ae07eee464b459e911e6d,pair_dissolved_naturally,exact,exact,1.0,1.0
533a12e4dec6fb4108f5089a90bf97dc,a0f19b403cc9d881c124895eb7917b0b,pair_dissolved_naturally,exact,exact,1.0,1.0
533a12e4dec6fb4108f5089a90bf97dc,a7828f84216de079289de0d59fb12e1d,pair_dissolved_naturally,exact,exact,1.0,1.0
533a12e4dec6fb4108f5089a90bf97dc,a926830726bdb27da0f7dadbc67fbfd1,pair_dissolved_naturally,exact,exact,1.0,1.0
533a12e4dec6fb4108f5089a90bf97dc,b816cf253618152849306d71b8dd2e3a,pair_dissolved_naturally,exact,exact,1.0,1.0
533a12e4dec6fb4108f5089a90bf97dc,bc8bb2ea1ad08e71e8221397bf27d469,pair_dissolved_by_refactoring,exact,signature_changed,1.0,1.0
533a12e4dec6fb4108f5089a90bf97dc,bf2a9bacfddfc6fb80be3f334752cf21,pair_dissolved_naturally,exact,exact,1.0,1.0
533a12e4dec6fb4108f5089a90bf97dc,eb33e0cba8a5fd24fa5990db6c386582,pair_dissolved_naturally,exact,exact,1.0,1.0
5343655bbc6aacaa67620e6ca73a52f3,fe5309d01af643728c62721f256a9524,pair_dissolved_naturally,exact,exact,1.0,1.0
53614f5f38e125f507c38ff226684793,8eaf9b09bfa53e286007a0580a71a646,pair_dissolved_naturally,exact,exact,1.0,1.0
53614f5f38e125f507c38ff226684793,dd388cb7b68b68ec3cafbdd8134501bb,pair_dissolved_naturally,exact,exact,1.0,1.0
53614f5f38e125f507c38ff226684793,e45cdc4397344b3bf3214ac9acd0ca52,pair_dissolved_naturally,exact,exact,1.0,1.0
5366afc2b5f848a1ea135d47ad787b31,67148d559cb3a07a674efa30e9913866,pair_dissolved_naturally,exact,exact,1.0,1.0
5366afc2b5f848a1ea135d47ad787b31,7d7e5ba9ada8b45ae316b23492c108cd,pair_dissolved_naturally,exact,exact,1.0,1.0
5381a56e52dbd14382144e68a87c15ba,7aac825961546bc0faaa6230d8702582,pair_dissolved_naturally,exact,exact,1.0,1.0
5381a56e52dbd14382144e68a87c15ba,ed4fd4b5391ccfbc985a96b9bc5c2170,pair_dissolved_naturally,exact,exact,1.0,1.0
538c74eed3de7e67eff2b5dd4190e4ce,ee74f812e0b814c8a838aaa4dc2011da,pair_dissolved_naturally,exact,exact,1.0,1.0
538cfb75b2856a7ae2e0c969bca6a940,7419bb2b175a767f64b3c6c3eef829b0,pair_dissolved_naturally,exact,exact,1.0,1.0
538cfb75b2856a7ae2e0c969bca6a940,8172882bebfbda5a2db447a6a522c748,pair_dissolved_naturally,exact,exact,1.0,1.0
53b9ec3899857ca82c9e6892a6908424,a86d5ae5fac65c62468bc336326d7e86,pair_dissolved_naturally,exact,exact,1.0,1.0
53b9ec3899857ca82c9e6892a6908424,cb8bd7ee9aee867e03e86214a4db829a,pair_dissolved_by_refactoring,exact,refactored,1.0,0.88
53b9ec3899857ca82c9e6892a6908424,eb82126b4407a918cae89a9b142f5323,pair_dissolved_by_refactoring,exact,renamed,1.0,0.98
53c7fd422bbc24ffd07f9a8254d60a98,80d9efb1bfb40cfce3cff05328c2dab8,pair_dissolved_naturally,exact,exact,1.0,1.0
53c7fd422bbc24ffd07f9a8254d60a98,c41644907329fe8ef913d3078f0ccb53,pair_dissolved_naturally,exact,exact,1.0,1.0
53cf74955142031e03a57712c8fef7eb,e539e55b5e6e3c080d1fa03bdd862164,pair_dissolved_naturally,exact,exact,1.0,1.0
53cfe800d2fb1f74954c5e92c7353ed7,fa528f8ca959d43b63c4fe52cc31c4b7,pair_dissolved_naturally,exact,exact,1.0,1.0
53db524990260f35d481dd07783735fa,54060a00c6c12bd9558e575ed414a99a,pair_dissolved_naturally,exact,exact,1.0,1.0
53f9943233f71d288b1171a3ec9d36dd,5a6e3eb0b25df288674d0ea0fbe8c4d8,pair_dissolved_naturally,exact,exact,1.0,1.0
53f9943233f71d288b1171a3ec9d36dd,f20bf53ccdd48f6a40c75cb97498af65,pair_dissolved_naturally,exact,exact,1.0,1.0
54016b1da89458b9a7b8af8db8ebbb66,e35f53491fa001e1ad20354c21bca5c4,pair_dissolved_naturally,exact,exact,1.0,1.0
54055f2ef65e62a19ec93a94cf05fcf5,c1015e1680136e2681dee538a4bee1ac,pair_dissolved_naturally,exact,exact,1.0,1.0
540d37a447e293cbb6739ab1965e373d,5dd56ea25902fdec54f1dfd28914f072,pair_dissolved_naturally,exact,exact,1.0,1.0
540d37a447e293cbb6739ab1965e373d,7db14dc3058cc6ca81295011b4745b92,pair_dissolved_naturally,exact,exact,1.0,1.0
540d37a447e293cbb6739ab1965e373d,8dda40e2effecc631bfee91b7fc73245,pair_dissolved_naturally,exact,exact,1.0,1.0
540d37a447e293cbb6739ab1965e373d,a690a866f58b5bb40e0e9fc87266adf5,pair_dissolved_naturally,exact,exact,1.0,1.0
540d37a447e293cbb6739ab1965e373d,aa7d4045e8d65f2e3db4551ee75de2c4,pair_dissolved_naturally,exact,exact,1.0,1.0
540d37a447e293cbb6739ab1965e373d,c06f3f926cc18b45ba350495c59c0093,pair_dissolved_naturally,exact,exact,1.0,1.0
540d37a447e293cbb6739ab1965e373d,cfe1ac5b7858b370c320c67133b10c14,pair_dissolved_naturally,exact,exact,1.0,1.0
5418d28db0edfa27af7c286ce6469710,6b7817c59b69d59346d80cea74f66c6c,pair_dissolved_by_refactoring,signature_changed,signature_changed,1.0,1.0
5418e80417abee3863e369b515aaea1c,af6b7992b2862934996fc83765019dd3,pair_dissolved_naturally,exact,exact,1.0,1.0
5443333aa26952483cc04e5282e11760,bbf82428f677eebe3bb08765045e7677,pair_dissolved_naturally,exact,exact,1.0,1.0
5465d1f1adf5934665c35eb2743b4e3d,9226a1ec550f3e62cdd86c32b62c6a63,pair_dissolved_naturally,exact,exact,1.0,1.0
5478c9eb0af996f693ecdf059be6dba0,553d74f2ac89bcec2afcbe37d647b19d,pair_dissolved_naturally,exact,exact,1.0,1.0
547ded528092c9b0290a07b29910b20c,56925488c3bc122303a7fd2c09864bbf,pair_dissolved_by_refactoring,signature_changed,signature_changed,0.93,0.93
547ded528092c9b0290a07b29910b20c,a9a3414824a267aaaf726cc3a2f0fd0e,pair_dissolved_by_refactoring,signature_changed,signature_changed,0.93,0.82
547ded528092c9b0290a07b29910b20c,c838911abe633d145211ff49ecffbb5e,pair_dissolved_by_refactoring,signature_changed,signature_changed,0.93,0.95
547ded528092c9b0290a07b29910b20c,d4edd733c2217a7db29648b568ebc888,pair_dissolved_by_refactoring,signature_changed,signature_changed,0.93,0.91
547ded528092c9b0290a07b29910b20c,d570a38e01789db11f0d850537dd627c,pair_dissolved_by_refactoring,signature_changed,signature_changed,0.93,0.9
54a523be333cd345ae5831c6e74f05a6,786d3384132fbdab936acc99b59808e8,pair_dissolved_naturally,exact,exact,1.0,1.0
54a523be333cd345ae5831c6e74f05a6,96211d92c1d2ef20a209423a221e874f,pair_dissolved_naturally,exact,exact,1.0,1.0
54a523be333cd345ae5831c6e74f05a6,ea8d9aed576beb0e7c8d1703071c1562,pair_dissolved_naturally,exact,exact,1.0,1.0
54ab9d3bbcc72f9bd4dceeb900647ed6,fcbf3e666a31865e2c9622b11348b60f,pair_dissolved_naturally,exact,exact,1.0,1.0
54e03bc1d7d07feb4c6ea2fea8e028d3,b2bc974ef17ddff83a18bd516a393140,pair_dissolved_naturally,unknown,exact,,1.0
54f6536133fed638bc0a15e3537853ca,5e71f6d00aab2f1be32c8315a43c7377,pair_dissolved_naturally,exact,exact,1.0,1.0
5504c5cbd0718cd7df1ccc39b284b553,71e3dc7756a0f15a43c8f0991ee8ef0f,pair_dissolved_by_refactoring,refactored,refactored,0.73,0.73
5504c5cbd0718cd7df1ccc39b284b553,80e30ce7944bbd4be1e347a5a952e133,method_b_deleted,refactored,deleted,0.73,
5504c5cbd0718cd7df1ccc39b284b553,91c78157438767829d1f1aaeb8d69bc5,pair_dissolved_by_refactoring,refactored,refactored,0.73,0.73
5504c5cbd0718cd7df1ccc39b284b553,d09fa69c6d5615c26aac2f825b8e7328,pair_dissolved_by_refactoring,refactored,exact,0.73,1.0
5504c5cbd0718cd7df1ccc39b284b553,e8fab3b0104e8680b5767566a418db6e,pair_dissolved_by_refactoring,refactored,exact,0.73,1.0
551b9cf8f2fd15d3befbd43a84e658d7,ca6444dc941b0f51d9d3c5cc516ba819,method_a_deleted,deleted,exact,,1.0
551d90b850763daf43a58afcef4d17f3,98d575a7c427c0a4d6379ba58d75ca36,pair_dissolved_naturally,exact,exact,1.0,1.0
551d90b850763daf43a58afcef4d17f3,e9702d711d21e72baff6202cbc2e4e8a,pair_dissolved_naturally,exact,exact,1.0,1.0
552d814403cdf35addf316d5cf82d34a,978182f3701e2c3f4832c7d7f4b12832,method_b_deleted,exact,deleted,1.0,
55535fcdddd3858ba8f07928b1948c5a,9a173fbaf91a4d84a1e446e4445df86a,pair_dissolved_by_refactoring,signature_changed,signature_changed,0.98,0.99
5560c9861cb82bce40fee4097a5268c2,d3f3fa8353274aaac0ce0788fb7ea645,pair_dissolved_naturally,exact,exact,1.0,1.0
5560c9861cb82bce40fee4097a5268c2,e263b20eec9826e6ff2763c589fae66a,pair_dissolved_naturally,exact,exact,1.0,1.0
558d36dbe9f85f414e4e3eada56d0429,d1beb9d3ee702eb660dd3bec22be6a4f,pair_dissolved_naturally,exact,exact,1.0,1.0
55b94c1027565ae02f0ddfaac21859e1,611f2982b0d18a23c9744a75720330a2,pair_dissolved_by_refactoring,signature_changed,signature_changed,1.0,1.0
55b94c1027565ae02f0ddfaac21859e1,7f0ac1b5635f5af28a73c1f47bdca1a3,pair_dissolved_by_refactoring,signature_changed,signature_changed,1.0,1.0
55b94c1027565ae02f0ddfaac21859e1,e9f85d11284403adb130924babacc4eb,pair_dissolved_by_refactoring,signature_changed,signature_changed,1.0,1.0
55b94c1027565ae02f0ddfaac21859e1,f1832dc7b2959caee4e5f5440627eded,pair_dissolved_by_refactoring,signature_changed,signature_changed,1.0,1.0
55cf795b885827b06efe36e9c47f7b0e,e539e55b5e6e3c080d1fa03bdd862164,pair_dissolved_naturally,exact,exact,1.0,1.0
55cf795b885827b06efe36e9c47f7b0e,ec5a6172d7ae8b80ef91fca7c5d6ecb4,pair_dissolved_naturally,exact,exact,1.0,1.0
55e187efb0e00eec8d83c1146ebd5df9,a3e1afa20beea2bd5a033b243d63f2de,pair_dissolved_naturally,unknown,unknown,,
55e187efb0e00eec8d83c1146ebd5df9,d11e247a53890ee2e5ed0562d9be49c1,pair_dissolved_naturally,unknown,unknown,,
55e187efb0e00eec8d83c1146ebd5df9,e912add67c4ef1e51cb1d71f86138ec3,pair_dissolved_naturally,unknown,unknown,,
55e341e98efc097d60f0a7a821bbd3af,6809109222b025b7f154bfa9b89452e9,pair_dissolved_by_refactoring,exact,signature_changed,1.0,1.0
55e6425409f3265453f3073092c9c1a4,b354e67ae11a29e6d20e43ee80e1eaf0,pair_dissolved_by_refactoring,exact,signature_changed,1.0,0.95
55e72ea9729137243bfa495c8fe6e6fc,fe72839804def8f7aa805feeb0427c98,pair_dissolved_by_refactoring,signature_changed,signature_changed,0.98,0.99
562c82bb3efdf79e485db44f7d8c26a0,fd4492b3da45e68901d675be5ca35ef5,pair_dissolved_naturally,exact,exact,1.0,1.0
565372561567d73ce90b70ac91f1b3c0,59766ce7f84f278a2f0badffa9e86f40,pair_dissolved_naturally,exact,exact,1.0,1.0
56711e1b722b2788bfe122a438854e12,d4e8b6fe84f0cd5c781afb451760c4a0,method_b_deleted,exact,deleted,1.0,
56711e1b722b2788bfe122a438854e12,dadda9ac49681b7aa8680553d8f56323,method_b_deleted,exact,deleted,1.0,
56711e1b722b2788bfe122a438854e12,e84154d38b077f0ecbce7fe797e69e1f,pair_dissolved_naturally,exact,exact,1.0,1.0
56711e1b722b2788bfe122a438854e12,f659c5e78f96e257b20782a6e9b92ab3,pair_dissolved_naturally,exact,exact,1.0,1.0
568ef8009a29dbd3a765f501e1aad8f4,b5320ec3eca903e46aad32f779aa5c47,pair_dissolved_naturally,exact,exact,1.0,1.0
568ef8009a29dbd3a765f501e1aad8f4,d2c0947b90819eb39fbf3e2968d1e99e,pair_dissolved_naturally,exact,unknown,1.0,
56925488c3bc122303a7fd2c09864bbf,7db9ea029fdaeec183bdd873d14ea851,method_b_deleted,signature_changed,deleted,0.93,
56925488c3bc122303a7fd2c09864bbf,8a6ccb82ecd9ac33e67e9acfd178acb1,pair_dissolved_by_refactoring,signature_changed,signature_changed,0.93,0.83
56925488c3bc122303a7fd2c09864bbf,a9a3414824a267aaaf726cc3a2f0fd0e,pair_dissolved_by_refactoring,signature_changed,signature_changed,0.93,0.82
56925488c3bc122303a7fd2c09864bbf,aa55e4e11e13fca90d0525d6a02caee7,pair_dissolved_by_refactoring,signature_changed,signature_changed,0.93,0.84
56925488c3bc122303a7fd2c09864bbf,c838911abe633d145211ff49ecffbb5e,pair_dissolved_by_refactoring,signature_changed,signature_changed,0.93,0.95
56925488c3bc122303a7fd2c09864bbf,d4edd733c2217a7db29648b568ebc888,pair_dissolved_by_refactoring,signature_changed,signature_changed,0.93,0.91
56925488c3bc122303a7fd2c09864bbf,d570a38e01789db11f0d850537dd627c,pair_dissolved_by_refactoring,signature_changed,signature_changed,0.93,0.9
56a2f6b33ef6dbfcc46d74a1cccab528,9d19aea8334285a9b33383aff2c5fb71,pair_dissolved_by_refactoring,exact,moved,1.0,1.0
56ad8823e4bab139058a690d6d4883fa,cccb086700a436ad87e1317c84b864cb,pair_dissolved_naturally,exact,exact,1.0,1.0
56ad8823e4bab139058a690d6d4883fa,e2b6254d26773537b200c35dd11aa299,pair_dissolved_naturally,exact,exact,1.0,1.0
56ae3c27fe28b86e2b82a8799748e317,98e129c32dc42857920d64b72ddffa1f,pair_dissolved_naturally,exact,exact,1.0,1.0
56e7f5ca6268481e3917d1803a771e5b,c0e09d1201f258d38919ca72257a0bb3,pair_dissolved_naturally,exact,exact,1.0,1.0
56e7f5ca6268481e3917d1803a771e5b,c291f23a7544dfdedef8703dd485aa6b,pair_dissolved_naturally,exact,exact,1.0,1.0
56e7f5ca6268481e3917d1803a771e5b,f3550595aa189744c331aee964755929,pair_dissolved_naturally,exact,exact,1.0,1.0
56f91a7722dd57bea442a4c7d699afdc,7b58442bd4c38ee7e1b64eaa003ef159,method_a_deleted,deleted,exact,,1.0
57023a809273695dda87a4f95317936a,d8009447366d5eecab66ebd002f394b1,pair_dissolved_naturally,exact,exact,1.0,1.0
57023a809273695dda87a4f95317936a,ed107269279d8143d9efea8d1744c8ca,pair_dissolved_naturally,exact,exact,1.0,1.0
5717f5e2a06ac5725a104b7a017d4607,7b2d0febb362595b4a75e62d395b2adb,pair_dissolved_naturally,exact,exact,1.0,1.0
57243625dde90cafdf826e3bf6590410,a18a40bcaeb71431e98337d2366d2e13,pair_dissolved_naturally,exact,exact,1.0,1.0
57243625dde90cafdf826e3bf6590410,c86db8585d0a18aa5aead240e0a1d71a,pair_dissolved_by_refactoring,exact,signature_changed,1.0,1.0
5750f2f0e27d4e5599463c793afaa849,bf30b6de7b85e377c99109317afcb922,pair_dissolved_naturally,exact,exact,1.0,1.0
5756231d5198ea2b3ab62ae459538237,a10aa422eb769df2613d82475d64ae94,pair_dissolved_naturally,exact,exact,1.0,1.0
57660bff06a9dd0b2a19525f0fa726f4,70f455c7df4c5df5fa5d2748f3d93ecd,pair_dissolved_by_refactoring,signature_changed,signature_changed,0.99,1.0
57a7e4bc587e2a9431c186767d0f7c5b,8fa4fea14cde974c86eddcaa9ac4d1fe,pair_dissolved_by_refactoring,signature_changed,exact,0.8,1.0
57a7e4bc587e2a9431c186767d0f7c5b,ca69645627277f9a258fb7a0108b6c8e,pair_dissolved_by_refactoring,signature_changed,exact,0.8,1.0
57b26c2b2f1693e9c359b3bae989dbd4,61ae293aa8c1246ead0955cebdd979ca,pair_dissolved_naturally,exact,exact,1.0,1.0
57f28beb4ee51b0efffebaa107d9cfbd,91d9dd6a3c17d2b1ed3542d6e7f04b6f,pair_dissolved_by_refactoring,signature_changed,signature_changed,0.98,0.98
582644ae8d75896a4edb118932209ab2,7a74cde5d7db3c4433155f123904b24a,pair_dissolved_naturally,exact,exact,1.0,1.0
582644ae8d75896a4edb118932209ab2,9922ecf09c61f5ef8a18465bb55a8afa,pair_dissolved_naturally,exact,exact,1.0,1.0
584f4a21d010a42ea18120c90b891505,6f23cdb9dc9740531390e1f55ae64241,pair_dissolved_naturally,exact,exact,1.0,1.0
584f4a21d010a42ea18120c90b891505,9878b676f46b9bd7147f3307c6b28d8f,pair_dissolved_naturally,exact,exact,1.0,1.0
586aa2745b4048535c52d75871843299,d679635e5b776460848418fff78dce9f,pair_dissolved_naturally,exact,exact,1.0,1.0
587dc0f215f4de3f8b154d43346abea4,6f92e259d8e8327a9d027d08c466e7f9,pair_dissolved_naturally,exact,exact,1.0,1.0
588fbb2bead16229d29efe067ab61530,9ab634ba145b0d4aaec5b5954d252270,pair_dissolved_naturally,exact,exact,1.0,1.0
588fbb2bead16229d29efe067ab61530,ffe07177b036e8b825f763c39a37f1b9,pair_dissolved_naturally,exact,exact,1.0,1.0
58933a01b70c4975d55bee8501e4f6da,62b367d2409e751b32c5f8650beb81bf,pair_dissolved_by_refactoring,unknown,signature_changed,,1.0
58933a01b70c4975d55bee8501e4f6da,79b614daf7d657962f973a49c7010c2e,pair_dissolved_by_refactoring,unknown,signature_changed,,1.0
58ae79464bfdac7f92fd42d50928aab5,c7cc9cf1369dd1ce63f57de7ddc7fbcc,pair_dissolved_naturally,exact,exact,1.0,1.0
58ae79464bfdac7f92fd42d50928aab5,f1a3b55265667545142e8b72b2a6fdfa,pair_dissolved_naturally,exact,exact,1.0,1.0
58b1f66178bbfc2b475a6d425fbe9b08,c3c5ebe3088a4f4d0810da2fdcba4558,pair_dissolved_naturally,exact,exact,1.0,1.0
59157f07df5b0b10f5e4c2609c66a5f4,77099ba2496db7cce1b2f3250ddb5f30,pair_dissolved_naturally,exact,exact,1.0,1.0
59157f07df5b0b10f5e4c2609c66a5f4,7d9186992b5e1cc1d97f6bbe3385eaa1,pair_dissolved_naturally,exact,exact,1.0,1.0
59157f07df5b0b10f5e4c2609c66a5f4,bbc8438430dd30b3da2a6cba4311bcb7,pair_dissolved_naturally,exact,exact,1.0,1.0
59157f07df5b0b10f5e4c2609c66a5f4,d5fcab86045c24448f8d09df750e47e3,pair_dissolved_naturally,exact,exact,1.0,1.0
59159b3b8aadaae1955d8c15ff762b0f,6255682a38c765c2be893d8b2e3723ce,pair_dissolved_naturally,exact,exact,1.0,1.0
59159b3b8aadaae1955d8c15ff762b0f,bd93d6f1852b4bddf70e9c242f3bbafa,pair_dissolved_naturally,exact,exact,1.0,1.0
59159b3b8aadaae1955d8c15ff762b0f,f3553dcbad807a2c974e69d1e295c2df,pair_dissolved_naturally,exact,exact,1.0,1.0
5943d7f2a2349561b8db2034f4ee171e,d974db25e8e97e204ced85bfd6305838,pair_dissolved_naturally,exact,exact,1.0,1.0
5947703b5f853d5755e76cff8043841a,7f74a7e553befbce28473ebb10930a0c,pair_dissolved_naturally,exact,exact,1.0,1.0
5947703b5f853d5755e76cff8043841a,abd7d1d22dfdd4861c48a46b07b48074,pair_dissolved_naturally,exact,exact,1.0,1.0
5947703b5f853d5755e76cff8043841a,ad5d9bbeabc702e0948b599cacc7d543,pair_dissolved_naturally,exact,exact,1.0,1.0
5982d24dcc54fb53c77c616640113ebd,6ac76f65011a4445b0c98624da1da024,method_b_deleted,signature_changed,deleted,0.92,
598b4c5ea12c5cccac6f875959a0e4ab,b4aef35cfd2a68c9ee326d972509afd7,pair_dissolved_by_refactoring,signature_changed,exact,0.85,1.0
5997cda6c8d724e1ca35d7e840505e61,d13f2f50ccbac11b54505dcfa7f24b42,pair_dissolved_by_refactoring,exact,refactored,1.0,0.86
5997cda6c8d724e1ca35d7e840505e61,e55dedc1d16c8bbfd3e095ff7ec6f485,pair_dissolved_naturally,exact,exact,1.0,1.0
5a0fcc0388421f8145008c07c938d43e,c685222b4b30aa93c7a4c5a3554fec26,pair_dissolved_naturally,exact,exact,1.0,1.0
5a18a40d3fbffe090d12abd76f7eba37,76516c7cd9b0344096801a5bd5694217,method_b_deleted,exact,deleted,1.0,
5a18a40d3fbffe090d12abd76f7eba37,b97cb80446d3dfb364012c2cb6444e09,pair_dissolved_naturally,exact,exact,1.0,1.0
5a18a40d3fbffe090d12abd76f7eba37,fa8dca131b026a4712694e90ea49c37c,method_b_deleted,exact,deleted,1.0,
5a1900c0ad63b50ddc2fe333e6939fa5,b018b7afa024cc25d0b229d350a25fc2,pair_dissolved_by_refactoring,exact,renamed,1.0,0.98
5a340a4f1eb46bb57d78796dc79e4209,833e34e76f7ebac35ac90e778be0151c,pair_dissolved_naturally,exact,exact,1.0,1.0
5a97310e9faa4bc1df5d358810d6b15a,603dd4195db57db48f648f11838b158b,pair_dissolved_naturally,exact,exact,1.0,1.0
5a97310e9faa4bc1df5d358810d6b15a,b4704f3bd4b720d2b2a0061e1adeca6f,pair_dissolved_naturally,exact,exact,1.0,1.0
5a97310e9faa4bc1df5d358810d6b15a,ecc81f1406369410d481640b04e9f381,pair_dissolved_naturally,exact,exact,1.0,1.0
5a97310e9faa4bc1df5d358810d6b15a,fb5ba9702347f1cfdb7a0e5033327fa7,pair_dissolved_naturally,exact,exact,1.0,1.0
5ab81ecfb36c6445588fc4e0e986d7ee,d25ac89d994407808262314cfc4075a0,pair_dissolved_naturally,exact,exact,1.0,1.0
5abf2514efbae6501de44cb4b8e1a0c2,ff446ec120497deeaaba986649a9a1c3,pair_dissolved_naturally,exact,exact,1.0,1.0
5ad233a8453bfec696526f3dc335ae6b,8ed8b81c340d1a9bf2aa33043395b728,pair_dissolved_by_refactoring,refactored,exact,0.84,1.0
5ad233a8453bfec696526f3dc335ae6b,eb08656a54baf31a83a50ea76716140e,pair_dissolved_by_refactoring,refactored,exact,0.84,1.0
5ad233a8453bfec696526f3dc335ae6b,ec9e59dffbff05e7d9657ba074f07f3b,pair_dissolved_by_refactoring,refactored,exact,0.84,1.0
5ae5a280f7743e77b5c6fca35f50ee80,9f727c36011e7499d79791c5c39bf7b8,pair_dissolved_naturally,exact,exact,1.0,1.0
5b1b90c5bf84ff0a6bd168cd5db4506f,7866fe15554c56fc612c4cc7d112f536,pair_dissolved_naturally,exact,exact,1.0,1.0
5b2ee5fe8812339922cf67c7f344c813,ddf6de6367be8fcde6e9f54234e597b4,pair_dissolved_naturally,exact,exact,1.0,1.0
5b3ed6549f27a0789224235d019d1cf8,6cf7f0ad33b5e1f7745a776687939393,pair_dissolved_naturally,exact,exact,1.0,1.0
5b5391f6c2c46ec7469caa4498a577ef,f7de5468fc6056e0ab5271c6f9954da6,pair_dissolved_naturally,exact,exact,1.0,1.0
5b65ec5fd593808c01b5c2314cf45e63,9670f3b52697607c9f88a9c66dfc452b,method_a_deleted,deleted,exact,,1.0
5b65ec5fd593808c01b5c2314cf45e63,b3a16d818b121f23acf1997296013163,method_a_deleted,deleted,signature_changed,,1.0
5b65ec5fd593808c01b5c2314cf45e63,fbbd917ae31402d94b56df4ff5062e55,method_a_deleted,deleted,refactored,,0.74
5b7c560a119ab4b3756bc6d4413dd0fb,8c7460ea1fdf8de59925b74a606d14f5,pair_dissolved_naturally,exact,exact,1.0,1.0
5b7c560a119ab4b3756bc6d4413dd0fb,9eb690850e2cd7b97de21331ff0be95e,pair_dissolved_naturally,exact,exact,1.0,1.0
5b9e556d324065d0209ae31f6c773dcb,a738af0335277332f070dcbe957fd807,pair_dissolved_naturally,exact,exact,1.0,1.0
5bd6b2a8871c8a192db2071e32a50f6e,9279a50bd08d0a5fbf7a24bdbb39f3b5,both_deleted,deleted,deleted,,
5bf87072631237135ed695ca26845678,6fc86de0d12d869aee8d6922826821ee,method_b_deleted,exact,deleted,1.0,
5c004b624c7b829334be3d6604556d73,f74a655d2ca9763614f6e8e68b566e11,pair_dissolved_naturally,exact,exact,1.0,1.0
5c18c9529576e5ce3280918af71b1c45,88c97c8a0560bad01e8e7ded312fada8,method_b_deleted,exact,deleted,1.0,
5c2e4f7cbed894384a362137c82101cf,83fb50b8337587a87a5fb5d21894af6b,pair_dissolved_naturally,exact,exact,1.0,1.0
5c40810d0337470b33119bf41fb94ea4,db18b0b4aca15df686b92932965bc677,pair_dissolved_naturally,exact,exact,1.0,1.0
5c6b0b940d72a3699b139f71584c7195,a03e4f081d758070e9c0277fe1484cbf,pair_dissolved_naturally,exact,unknown,1.0,
5c73425bbd692819cac0b6862e7fd6e8,7900e9e9f8124113ba455e93299365cb,both_deleted,deleted,deleted,,
5c73425bbd692819cac0b6862e7fd6e8,7db9ea029fdaeec183bdd873d14ea851,both_deleted,deleted,deleted,,
5c73425bbd692819cac0b6862e7fd6e8,819938c0468eea7669a25b571c2a841d,both_deleted,deleted,deleted,,
5c73425bbd692819cac0b6862e7fd6e8,986d1bebf9bd20ea9c4f3145e2b1f64d,method_a_deleted,deleted,signature_changed,,0.88
5c73425bbd692819cac0b6862e7fd6e8,af00ac40711dbf031dcd08d9f2357ec2,both_deleted,deleted,deleted,,
5c73425bbd692819cac0b6862e7fd6e8,bab09ec669df9914561104286f6d3f9f,both_deleted,deleted,deleted,,
5c73425bbd692819cac0b6862e7fd6e8,be1caea18d561783d8d6b71cd153273e,both_deleted,deleted,deleted,,
5c73425bbd692819cac0b6862e7fd6e8,be4b4254ff070c9df5f8a4f922f3266b,both_deleted,deleted,deleted,,
5c73425bbd692819cac0b6862e7fd6e8,c838911abe633d145211ff49ecffbb5e,method_a_deleted,deleted,signature_changed,,0.95
5c73425bbd692819cac0b6862e7fd6e8,dc2d893f3a213ba8347e841ee3603faa,both_deleted,deleted,deleted,,
5c73425bbd692819cac0b6862e7fd6e8,f43d862f762bba5c9b1fddd4a6081faa,both_deleted,deleted,deleted,,
5c9dfed2a57c4074b76c2bd9f4943cf5,a8e338b6acf56efddf9403b8bbcc0fde,pair_dissolved_naturally,exact,exact,1.0,1.0
5cd028a6a18ba5793b019b8ddce3653f,6f54bbdab6ea917a242462abe37df5c5,method_a_deleted,deleted,exact,,1.0
5cf9b361e4db63cf8f1cfaa2d0a9debb,602b21eab1eb825a895190edb5adcdae,pair_dissolved_naturally,exact,unknown,1.0,
5cf9b361e4db63cf8f1cfaa2d0a9debb,64c083a7f0925a987aef26e09a65f2f1,pair_dissolved_naturally,exact,exact,1.0,1.0
5cf9b361e4db63cf8f1cfaa2d0a9debb,93fbeb688d4e7ce3eb0c76554fb876b0,pair_dissolved_naturally,exact,unknown,1.0,
5cf9b361e4db63cf8f1cfaa2d0a9debb,96fe1a133e1135002118eb866e39d79a,pair_dissolved_naturally,exact,exact,1.0,1.0
5cf9b361e4db63cf8f1cfaa2d0a9debb,cff817895e8ac32d2b36cff19bf7f848,pair_dissolved_naturally,exact,unknown,1.0,
5cf9b361e4db63cf8f1cfaa2d0a9debb,d50ad8f2a7c378ac8295eb0af6d56a72,pair_dissolved_naturally,exact,unknown,1.0,
5d0f5c7be6d061ef0d7b3847b294a6d8,7ddaa88aaf1b4079f1aec2695d5a2d9b,pair_dissolved_naturally,exact,exact,1.0,1.0
5d122b480633e82643fcc35bb4e1ecc3,a40b9b7cf7b0dfc5f23f2d9b385db766,pair_dissolved_by_refactoring,moved,token_hash,1.0,1.0
5d156c9d9ce92088c077a95ad0390bb5,a22a38fb9776dc5ef3e893a06dbe1d6e,pair_dissolved_naturally,exact,exact,1.0,1.0
5d2050bd6eb2a43e8c7ef7528ca5070d,7373ec83e883ce19ac92a3771db5188f,pair_dissolved_naturally,exact,exact,1.0,1.0
5d207a3c339b3a8e07e085085d8ed50e,695f1f8d1cbd7aa96fe5c84ccfbf9226,pair_dissolved_by_refactoring,signature_changed,signature_changed,0.94,0.9
5d207a3c339b3a8e07e085085d8ed50e,c48de4086a0154014550c8498f384990,pair_dissolved_by_refactoring,signature_changed,signature_changed,0.94,0.9
5d207a3c339b3a8e07e085085d8ed50e,e3b4be1c8f14fba71e89c0441fea53e9,pair_dissolved_by_refactoring,signature_changed,signature_changed,0.94,0.9
5d9d6c888769a276b1d023d765bb01ca,6136dca167f3d70cb2aa1a478f846db5,pair_dissolved_naturally,exact,exact,1.0,1.0
5d9d6c888769a276b1d023d765bb01ca,fd2c609c49c31d84acf81e8da639f30d,pair_dissolved_naturally,exact,exact,1.0,1.0
5da51d0751906a9cc581519cc766462d,a8e338b6acf56efddf9403b8bbcc0fde,pair_dissolved_naturally,exact,exact,1.0,1.0
5da51d0751906a9cc581519cc766462d,ec798a6eb72d082c32cbe0a1f72bec5b,pair_dissolved_naturally,exact,exact,1.0,1.0
5db7218f4e139142258c1b3a62878363,6949b994e3609c284ac16baa44d6f861,pair_dissolved_naturally,exact,exact,1.0,1.0
5db7218f4e139142258c1b3a62878363,99550ff9b1b7c572f947ac9baad5045f,pair_dissolved_naturally,exact,exact,1.0,1.0
5dd56ea25902fdec54f1dfd28914f072,8dda40e2effecc631bfee91b7fc73245,pair_dissolved_naturally,exact,exact,1.0,1.0
5dd6b9c96139e8f04ccf475bedea7647,759e17531ec296d4432bca0dbb7a24ba,pair_dissolved_naturally,exact,exact,1.0,1.0
5de181712f43ba28939520a9332b9d6c,6e735da1b7721f816ac2c94f6a3d5f0b,pair_dissolved_naturally,exact,exact,1.0,1.0
5deb8c9d807d9293794f4d4185008b18,9caf5e6aa537f767c1959a0efabc51d9,pair_dissolved_by_refactoring,exact,signature_changed,1.0,1.0
5dfb8101762545708205a2d67c2b9c3a,75261a11a394959201e5d651722a1aa9,pair_dissolved_naturally,exact,exact,1.0,1.0
5dfb8101762545708205a2d67c2b9c3a,922a21bfce5a6310c03485cf12fa9ce1,pair_dissolved_naturally,exact,exact,1.0,1.0
5e09dfc1845c6e0b2c7570e080c6410c,9b8f1fcd0162782bf9c064c5ff57b9f3,pair_dissolved_naturally,exact,exact,1.0,1.0
5e09dfc1845c6e0b2c7570e080c6410c,e32948bd34e4a0ffb07e726038232a82,pair_dissolved_naturally,exact,exact,1.0,1.0
5e09dfc1845c6e0b2c7570e080c6410c,ebb85264ecc405596bb7110a7f9329f0,pair_dissolved_naturally,exact,exact,1.0,1.0
5e25c5035bcd9e6f5439e42121167541,70fa830b0bf8547908da611fdf297c32,pair_dissolved_naturally,exact,exact,1.0,1.0
5e25c5035bcd9e6f5439e42121167541,e026a8417e7d344869195478f3987570,pair_dissolved_naturally,exact,exact,1.0,1.0
5e6a7807e65f603b0b2a4f74bb3bdc33,6da08e3a5983f1bfbf076785f8a169f8,pair_dissolved_by_refactoring,signature_changed,signature_changed,0.97,0.98
5e6a7807e65f603b0b2a4f74bb3bdc33,7d2dc73a9bd3a0436adc5736dcd53a39,pair_dissolved_by_refactoring,signature_changed,signature_changed,0.97,0.98
5e6a7807e65f603b0b2a4f74bb3bdc33,bf788b8ff88e67549374045158e190a6,pair_dissolved_by_refactoring,signature_changed,signature_changed,0.97,0.97
5e6a7807e65f603b0b2a4f74bb3bdc33,c5eaee75b44c5e6ca94072ea9c5dabfc,pair_dissolved_by_refactoring,signature_changed,signature_changed,0.97,0.95
5e6a7807e65f603b0b2a4f74bb3bdc33,c6aa4b70732c34ffa76d0653d38b9b5a,pair_dissolved_by_refactoring,signature_changed,signature_changed,0.97,0.78
5e6a7807e65f603b0b2a4f74bb3bdc33,d8d061c522e61483cddbbf169cb0be0f,pair_dissolved_by_refactoring,signature_changed,signature_changed,0.97,0.97
5ea353d114831a5e389c19567ea5ede5,61ae293aa8c1246ead0955cebdd979ca,pair_dissolved_naturally,exact,exact,1.0,1.0
5ea353d114831a5e389c19567ea5ede5,6b5c4919eea10ec827fdecd710edfafc,pair_dissolved_naturally,exact,exact,1.0,1.0
5f1a8884e92d78c1ac1901fbd213c765,80e30ce7944bbd4be1e347a5a952e133,both_deleted,deleted,deleted,,
5f1a8884e92d78c1ac1901fbd213c765,9d48190078fc1b1b8d66d6d2304e6560,both_deleted,deleted,deleted,,
5f2a4e8303c8429f85d8fe232fcb7bb7,a9a35427136fc66844e613f6578d75cd,pair_dissolved_naturally,exact,exact,1.0,1.0
5f2a4e8303c8429f85d8fe232fcb7bb7,af42bed76f614419d588eb3c65769f97,pair_dissolved_naturally,exact,exact,1.0,1.0
5fb5900ed132f95d5976bd12ca4eedc9,6742e8e9412471f117c09a1e23705b5e,pair_dissolved_naturally,exact,exact,1.0,1.0
5fbb3dde9fb1caa89a23771f5f9a9b1c,a690a866f58b5bb40e0e9fc87266adf5,pair_dissolved_naturally,exact,exact,1.0,1.0
5fbb3dde9fb1caa89a23771f5f9a9b1c,e3984c3b9cbc8b464931b73d1395bf61,pair_dissolved_naturally,exact,exact,1.0,1.0
5fc8a7e61c1d6463fa342f25bf7706b9,9f727c36011e7499d79791c5c39bf7b8,pair_dissolved_naturally,exact,exact,1.0,1.0
5fde51b59914f6500a6461f7e73fea10,eb82126b4407a918cae89a9b142f5323,pair_dissolved_by_refactoring,renamed,renamed,0.93,0.98
5fde51b59914f6500a6461f7e73fea10,fa1df91a7a166828d02f10f348a549f5,pair_dissolved_by_refactoring,renamed,exact,0.93,1.0
600cfa87fd306f91a6d760186dd11625,c2e4878956c29c140652b818bd69403e,pair_dissolved_naturally,exact,exact,1.0,1.0
602b21eab1eb825a895190edb5adcdae,64c083a7f0925a987aef26e09a65f2f1,pair_dissolved_naturally,unknown,exact,,1.0
602b21eab1eb825a895190edb5adcdae,67ec049dcda3292779062bd05c88b3cb,pair_dissolved_naturally,unknown,exact,,1.0
602b21eab1eb825a895190edb5adcdae,93fbeb688d4e7ce3eb0c76554fb876b0,pair_dissolved_naturally,unknown,unknown,,
602b21eab1eb825a895190edb5adcdae,96fe1a133e1135002118eb866e39d79a,pair_dissolved_naturally,unknown,exact,,1.0
602b21eab1eb825a895190edb5adcdae,cff817895e8ac32d2b36cff19bf7f848,pair_dissolved_naturally,unknown,unknown,,
602b21eab1eb825a895190edb5adcdae,d50ad8f2a7c378ac8295eb0af6d56a72,pair_dissolved_naturally,unknown,unknown,,
602b21eab1eb825a895190edb5adcdae,f1f6badc887fd29bf148d598cc51c79d,pair_dissolved_naturally,unknown,unknown,,
606a61d0ea4564a70d33076168446017,d2855bdea64d4cb7091445fc2230b9aa,pair_dissolved_naturally,exact,exact,1.0,1.0
606a61d0ea4564a70d33076168446017,ed3fa0f1510100ef29e478b0363912a8,pair_dissolved_naturally,exact,exact,1.0,1.0
60ac5f6cb3aebb807a8bd4bbd4f24353,8eaf9b09bfa53e286007a0580a71a646,pair_dissolved_naturally,exact,exact,1.0,1.0
60ac5f6cb3aebb807a8bd4bbd4f24353,f1773d1198516f7b14c3d5370d51929e,pair_dissolved_naturally,exact,exact,1.0,1.0
60bfdae057d05c315c53641b66fad8ad,e1706e7bab99c669a0cb0479b768e0c8,method_b_deleted,signature_changed,deleted,0.79,
60e257fab61a6df2980310b6fa07a4e5,ffdfabfbf98ee5760c882199ef951fdd,pair_dissolved_naturally,exact,exact,1.0,1.0
611829b232ba0299040be63fd0ed7feb,90f82f83bd1730df7d10813204537a61,method_b_deleted,unknown,deleted,,
61195eea3ff4af797c81ec80deae8333,902d957124c3382dce07da413e555b57,method_b_deleted,signature_changed,deleted,0.76,
61195eea3ff4af797c81ec80deae8333,d7bc7d5aa47c7fd9cfe53a1622eb5362,method_b_deleted,signature_changed,deleted,0.76,
611f2982b0d18a23c9744a75720330a2,e9f85d11284403adb130924babacc4eb,pair_dissolved_by_refactoring,signature_changed,signature_changed,1.0,1.0
611f2982b0d18a23c9744a75720330a2,f1832dc7b2959caee4e5f5440627eded,pair_dissolved_by_refactoring,signature_changed,signature_changed,1.0,1.0
6136dca167f3d70cb2aa1a478f846db5,fd2c609c49c31d84acf81e8da639f30d,pair_dissolved_naturally,exact,exact,1.0,1.0
6136ea4d6adee1de57dd168e43e74aca,9fe92e4bea579f521cf0bbe4a1193671,pair_dissolved_naturally,exact,exact,1.0,1.0
6143a47d35de74a3a71ea0f91e3ed427,cd1def0a32ee6b0cdd4b37434210a282,method_b_deleted,signature_changed,deleted,0.93,
617a0e0193b7c38cb274b2777a403208,8633318e594315c44846a27f15717b51,pair_dissolved_naturally,exact,exact,1.0,1.0
617a0e0193b7c38cb274b2777a403208,863941eeab193e7b9e109ade9e42ec76,pair_dissolved_naturally,exact,exact,1.0,1.0
617a0e0193b7c38cb274b2777a403208,be3b0353b2d44fd7ca8edc2bc0e844a5,pair_dissolved_naturally,exact,exact,1.0,1.0
617a0e0193b7c38cb274b2777a403208,e8ad0233e1665e65a20f8c2d5f3230d6,pair_dissolved_naturally,exact,exact,1.0,1.0
617a9cf79697c0a24bb2960fa00587b1,a690a866f58b5bb40e0e9fc87266adf5,pair_dissolved_naturally,exact,exact,1.0,1.0
618f613972a9404be4bb23a3609553c6,c6cf59be302eb14518d4ea681ffe84c2,pair_dissolved_naturally,exact,exact,1.0,1.0
61ae293aa8c1246ead0955cebdd979ca,6b5c4919eea10ec827fdecd710edfafc,pair_dissolved_naturally,exact,exact,1.0,1.0
61ae293aa8c1246ead0955cebdd979ca,83935005d64f4fe1e99fb3ce168acb88,pair_dissolved_naturally,exact,exact,1.0,1.0
61ae293aa8c1246ead0955cebdd979ca,bc8eab047d7b9721637d3ee9110ad0b6,pair_dissolved_naturally,exact,exact,1.0,1.0
61ae293aa8c1246ead0955cebdd979ca,cb52492c4c3255b35f23fa2a8e4b9462,pair_dissolved_naturally,exact,exact,1.0,1.0
61c975302fb8ea4a6c11a354690e3856,75eb814e7dd9db55ffffa4a2a1f9923e,pair_dissolved_by_refactoring,signature_changed,signature_changed,0.89,0.89
6286bef8c8118b4cbab2422717383a15,88c6f19553e1f87b4124aef81ed56298,pair_dissolved_naturally,exact,exact,1.0,1.0
6286bef8c8118b4cbab2422717383a15,952e7275ac0565b1ba51be6d22ff90be,pair_dissolved_naturally,exact,exact,1.0,1.0
62a39a4b1af9383b2cc956f8316e53bb,631da07732b6badcc13a509b12225539,method_b_deleted,refactored,deleted,0.78,
62a39a4b1af9383b2cc956f8316e53bb,e7038c13f215e6cc9d11e440a625eec3,pair_dissolved_by_refactoring,refactored,signature_changed,0.78,0.73
62b367d2409e751b32c5f8650beb81bf,79b614daf7d657962f973a49c7010c2e,pair_dissolved_by_refactoring,signature_changed,signature_changed,1.0,1.0
62b367d2409e751b32c5f8650beb81bf,b4defaee46792b984817475b07e401b7,pair_dissolved_by_refactoring,signature_changed,exact,1.0,1.0
62e01423cfc59329b6acb874696c0590,a690a866f58b5bb40e0e9fc87266adf5,pair_dissolved_naturally,exact,exact,1.0,1.0
62e0ffbe6499d5d413b9ac61c2493f06,f0e9b488899eb09ee50c67638dabada9,pair_dissolved_naturally,exact,exact,1.0,1.0
6312b0ce4d3da811a03962cafa1f5486,931a6c05f60e9a136c67e5be3b5e43c7,pair_dissolved_naturally,exact,exact,1.0,1.0
63221a93f9756e539525946fa8f2ec5a,6b00fac77fe9e13b02ae336c0aa0c73b,pair_dissolved_naturally,exact,exact,1.0,1.0
63221a93f9756e539525946fa8f2ec5a,6cf7f0ad33b5e1f7745a776687939393,pair_dissolved_naturally,exact,exact,1.0,1.0
63221a93f9756e539525946fa8f2ec5a,9bc44a4e976f83ef7da6e4db4ec16dfa,pair_dissolved_naturally,exact,exact,1.0,1.0
63221a93f9756e539525946fa8f2ec5a,9de141462f963a8b9278b26f398a8881,pair_dissolved_naturally,exact,exact,1.0,1.0
6339b07c6f7a6198ded884e43ebe8383,c9d33d864488e907deaa48e9fed57b87,pair_dissolved_naturally,exact,exact,1.0,1.0
633b51cdd247fabc9e15ffdad8b7beaa,926b161bf44399956d1932c44cd25fde,pair_dissolved_by_refactoring,exact,renamed,1.0,0.97
6348c20bfaaa71c58e242883d455c600,73c270c73bc890615684466af2a7f45f,pair_dissolved_naturally,exact,exact,1.0,1.0
6348c20bfaaa71c58e242883d455c600,98ae8153c4723bccadcc56a6301fcdd0,pair_dissolved_naturally,exact,exact,1.0,1.0
6348c20bfaaa71c58e242883d455c600,badfafe5b49b89f924c28ff9ddc38e93,pair_dissolved_naturally,exact,exact,1.0,1.0
634f93a2318993c9b2a8cadd30e2ebc6,75d64cb4f7680a778ae42dd6da10ce8b,pair_dissolved_naturally,exact,exact,1.0,1.0
634f93a2318993c9b2a8cadd30e2ebc6,8442e8c005a9c697bdf5c0821041c2d6,pair_dissolved_naturally,exact,exact,1.0,1.0
63705ff1726557e8ab4ea5b5bd6a2bd3,c717d8875913cea85b4b426b091a9634,pair_dissolved_naturally,exact,exact,1.0,1.0
63705ff1726557e8ab4ea5b5bd6a2bd3,e4a46302cbc8f4a355a16e1f531abc62,pair_dissolved_naturally,exact,exact,1.0,1.0
637ed942acadd3b3d2c73d5e651e941e,854c707c81d64a99ba75f7a9428d5ed2,pair_dissolved_naturally,exact,exact,1.0,1.0
6383a644cf8bc239372327f6c941c038,6d5c19bb0c1683e75e4f5931a5067ffa,pair_dissolved_naturally,exact,exact,1.0,1.0
6383a644cf8bc239372327f6c941c038,d4e1cf71878de3eb7b69a34458aaf48d,pair_dissolved_naturally,exact,exact,1.0,1.0
6383a644cf8bc239372327f6c941c038,e928e2b156c507704513e4aeed1b7741,pair_dissolved_naturally,exact,exact,1.0,1.0
63ac75f5b6d220949c31baa778735962,84a9c1f83d820387aaefde63a2a4d688,pair_dissolved_by_refactoring,exact,signature_changed,1.0,0.94
63b21b6a389948b412f846a3744de58c,761dc01502c7057bd1663e3ac17f80a8,pair_dissolved_naturally,exact,exact,1.0,1.0
63b2c107b848b5fe4340cb2f2ec195af,7f4ef8a9f4afa15e1dad87734aa76bcc,pair_dissolved_naturally,exact,exact,1.0,1.0
63b2c107b848b5fe4340cb2f2ec195af,d61226571f931dcd3afae90a79dfdcdb,pair_dissolved_naturally,exact,exact,1.0,1.0
63d1b342e0d939b9a1c2a05cf349f1af,8f674295a3ec7da7b95ff8a342cf8932,method_a_deleted,deleted,exact,,1.0
63d1b342e0d939b9a1c2a05cf349f1af,945852d40b6c9d0dd6e0c27d5b56facb,method_a_deleted,deleted,exact,,1.0
63d1b342e0d939b9a1c2a05cf349f1af,a7d3391913fb374d238fd49e5c7c796f,method_a_deleted,deleted,refactored,,0.76
63d1b342e0d939b9a1c2a05cf349f1af,a9918bab6665863d140b25d057806885,both_deleted,deleted,deleted,,
63d1b342e0d939b9a1c2a05cf349f1af,b91d6c34971591f0a094973f7c83fd22,method_a_deleted,deleted,exact,,1.0
63d1b342e0d939b9a1c2a05cf349f1af,cc55a32a2141132f065798022cf031be,both_deleted,deleted,deleted,,
63d1b342e0d939b9a1c2a05cf349f1af,ee4571f3a31b5160523e605408464f52,both_deleted,deleted,deleted,,
63d1b342e0d939b9a1c2a05cf349f1af,fac9c0ff5e0c0a62a34161cf56090d44,method_a_deleted,deleted,exact,,1.0
63d1b342e0d939b9a1c2a05cf349f1af,fad61701302857e14959c1403d10743a,method_a_deleted,deleted,exact,,1.0
63da99ba2088edae7609b9722c36bcf3,b5601b42e7a8f4a872660eccec14d5a4,method_a_deleted,deleted,signature_changed,,0.76
63da99ba2088edae7609b9722c36bcf3,d563027f13302f3962aa2b5ba17de345,both_deleted,deleted,deleted,,
63e0f2625d7ad1becf46096757b422fe,6a7bc8703864924c9c577e013456c21c,pair_dissolved_by_refactoring,signature_changed,exact,1.0,1.0
63e0f2625d7ad1becf46096757b422fe,9fd60e0ca542ef1dbccbfb44d33d1e02,pair_dissolved_by_refactoring,signature_changed,signature_changed,1.0,0.97
63e0f2625d7ad1becf46096757b422fe,d1bf415bb0705459219dfe1f2682c24e,pair_dissolved_by_refactoring,signature_changed,signature_changed,1.0,0.98
6475cf1a0a0599e2315b84a504a2abc2,ae6f62ddd72c36c0c364b27d3bd7d125,pair_dissolved_naturally,exact,exact,1.0,1.0
648b513c627056eefb0a80209cf1bf36,bada92beab6a2e9847aa3b3341f55d80,pair_dissolved_naturally,exact,exact,1.0,1.0
64c083a7f0925a987aef26e09a65f2f1,67ec049dcda3292779062bd05c88b3cb,pair_dissolved_naturally,exact,exact,1.0,1.0
64c083a7f0925a987aef26e09a65f2f1,93fbeb688d4e7ce3eb0c76554fb876b0,pair_dissolved_naturally,exact,unknown,1.0,
64c083a7f0925a987aef26e09a65f2f1,96fe1a133e1135002118eb866e39d79a,pair_dissolved_naturally,exact,exact,1.0,1.0
64c083a7f0925a987aef26e09a65f2f1,cff817895e8ac32d2b36cff19bf7f848,pair_dissolved_naturally,exact,unknown,1.0,
64c083a7f0925a987aef26e09a65f2f1,d50ad8f2a7c378ac8295eb0af6d56a72,pair_dissolved_naturally,exact,unknown,1.0,
64c083a7f0925a987aef26e09a65f2f1,f1f6badc887fd29bf148d598cc51c79d,pair_dissolved_naturally,exact,unknown,1.0,
64cac86245e9e532fa0212080c31d693,9f727c36011e7499d79791c5c39bf7b8,pair_dissolved_naturally,exact,exact,1.0,1.0
64cb88402ed50775bcd23731b13ca4ee,f80572226a790039b059a1bd345ef2bf,pair_dissolved_by_refactoring,exact,renamed,1.0,0.94
64cbd70defe3a55938cf9a071320a50e,9947b0bd8c5924d97969016af3c31cbd,pair_dissolved_naturally,unknown,exact,,1.0
64d1c1da794505b8f83b75d703974e88,8133152a04330059450b08cac10d6419,pair_dissolved_by_refactoring,signature_changed,signature_changed,1.0,0.97
64d52d9c847660166747073cc43cd477,c24430fe8c45626941254755295a74cb,pair_dissolved_naturally,exact,exact,1.0,1.0
64d7e71328bebb1dd44a6f50519691e9,d4e8b6fe84f0cd5c781afb451760c4a0,method_b_deleted,exact,deleted,1.0,
64d7e71328bebb1dd44a6f50519691e9,dadda9ac49681b7aa8680553d8f56323,method_b_deleted,exact,deleted,1.0,
64d7e71328bebb1dd44a6f50519691e9,f659c5e78f96e257b20782a6e9b92ab3,pair_dissolved_naturally,exact,exact,1.0,1.0
653f26b83c750cf32c91fd6a99029dc9,c820090c15934a2248c3377631bbf4b2,pair_dissolved_by_refactoring,unknown,signature_changed,,1.0
65722141109274b3664fcd92741a935d,8c91af0b6ff172e6ae77dc8a3dd80da8,pair_dissolved_naturally,exact,exact,1.0,1.0
657326c3bba22cf8e647f5bfb918dfa5,bda2f1e03dc1ac93dcbddc1608658cac,pair_dissolved_naturally,exact,exact,1.0,1.0
657326c3bba22cf8e647f5bfb918dfa5,e539e55b5e6e3c080d1fa03bdd862164,pair_dissolved_naturally,exact,exact,1.0,1.0
6576211364cdc859adeff979ee427876,b2995e0ef18031e6b799c308f9bb2b89,pair_dissolved_naturally,exact,exact,1.0,1.0
65846738f672f2ae516378c644ff18d0,7aac825961546bc0faaa6230d8702582,pair_dissolved_naturally,exact,exact,1.0,1.0
65846738f672f2ae516378c644ff18d0,d0a4cfe970e264e5931accd53fbacc2c,pair_dissolved_naturally,exact,exact,1.0,1.0
65974339fe4faba0981410943e30d9d6,a9918bab6665863d140b25d057806885,method_b_deleted,exact,deleted,1.0,
65c138e416d72b71f6f7ef2c4d1e89f5,a55e22e95ec7be221e7d187d1f0ea437,pair_dissolved_naturally,exact,exact,1.0,1.0
65c138e416d72b71f6f7ef2c4d1e89f5,da2fe746330e68cbc1f7f16698b251a1,pair_dissolved_naturally,exact,exact,1.0,1.0
65e81ed313c4078cf80c6fca4a679b2d,8905b26d2d52f0a90b3923a424cd7e02,pair_dissolved_naturally,exact,exact,1.0,1.0
65e81ed313c4078cf80c6fca4a679b2d,ddd08ec563dc84bad2f95998b6d9d01c,pair_dissolved_naturally,exact,exact,1.0,1.0
65e81ed313c4078cf80c6fca4a679b2d,ead55763b6fd6e0a24f70e5c9eb51b3a,pair_dissolved_naturally,exact,exact,1.0,1.0
65ea8a07c8f4282fcb4994677a98e6d9,69c47076adedc818282eb278d4e1b3ad,pair_dissolved_naturally,exact,exact,1.0,1.0
65ea8a07c8f4282fcb4994677a98e6d9,7b6eeef77824a511c82f3b27ee07f180,pair_dissolved_naturally,exact,exact,1.0,1.0
66049988cd5a9037e281d9958e198146,da7a1b6b5f728c8dd2eefa4a1c92643c,pair_dissolved_naturally,exact,exact,1.0,1.0
66435fda4a870eb007fc6dc5b5c53ca9,ace140fda276b98a5d11a4b10faf775e,pair_dissolved_naturally,exact,exact,1.0,1.0
66661f5978f62fa2ab352bec7d3d4b20,67949c2ab33fc56d7fa3dd18dbdb50c4,pair_dissolved_naturally,exact,exact,1.0,1.0
66661f5978f62fa2ab352bec7d3d4b20,82cdaaaec4c35da5454cbe6a42eab47e,pair_dissolved_naturally,exact,exact,1.0,1.0
66661f5978f62fa2ab352bec7d3d4b20,8f45b1ea1b4cf7ccbf25444bbd62deb8,pair_dissolved_naturally,exact,exact,1.0,1.0
66661f5978f62fa2ab352bec7d3d4b20,993562f058fbcfd3870e6fd1fe0676f1,pair_dissolved_naturally,exact,exact,1.0,1.0
66661f5978f62fa2ab352bec7d3d4b20,9bc4f1616ee7b9aaf1c95ad770e231e3,pair_dissolved_naturally,exact,exact,1.0,1.0
66661f5978f62fa2ab352bec7d3d4b20,ad6aed1916bfa26e32f013b93a62a508,pair_dissolved_naturally,exact,exact,1.0,1.0
66661f5978f62fa2ab352bec7d3d4b20,ae3230aa417a7af3e76db220d113b5f6,pair_dissolved_naturally,exact,exact,1.0,1.0
66661f5978f62fa2ab352bec7d3d4b20,b0b4fc9b3b31954832d600fc324bfdb7,pair_dissolved_naturally,exact,exact,1.0,1.0
66661f5978f62fa2ab352bec7d3d4b20,ba4fc391bce87747250cc2f7550e5630,pair_dissolved_naturally,exact,exact,1.0,1.0
66661f5978f62fa2ab352bec7d3d4b20,e1706a287f57f107a47a41d4af582a80,pair_dissolved_naturally,exact,exact,1.0,1.0
66661f5978f62fa2ab352bec7d3d4b20,f2e7fe02404be9588d2d28ee20f96dd9,pair_dissolved_naturally,exact,exact,1.0,1.0
6696947c5e70934937bc24b8348b30db,8ccfd021e8b52040f2d57568191a1609,pair_dissolved_naturally,exact,exact,1.0,1.0
66987affa2387db9eafd1b23ac7d909c,af05ab38af1054abb0f63e61c1c7033a,pair_dissolved_naturally,exact,exact,1.0,1.0
66b0eb76a23e1f8b4cb77a77572607f8,fa95b17998bf7fe42a39cd02a94d6b1b,pair_dissolved_naturally,exact,exact,1.0,1.0
670eb68a249feb334f199dfdba303fb4,68eb1530d129d691731cd5d1096e7523,method_b_deleted,exact,deleted,1.0,
670eb68a249feb334f199dfdba303fb4,80e30ce7944bbd4be1e347a5a952e133,method_b_deleted,exact,deleted,1.0,
670eb68a249feb334f199dfdba303fb4,c41333d4e0c1101f816be5c141cba0cb,pair_dissolved_naturally,exact,exact,1.0,1.0
670eb68a249feb334f199dfdba303fb4,e8fab3b0104e8680b5767566a418db6e,pair_dissolved_naturally,exact,exact,1.0,1.0
670eb68a249feb334f199dfdba303fb4,fb7a917be45bb803d6bd2e1138102012,method_b_deleted,exact,deleted,1.0,
670eb68a249feb334f199dfdba303fb4,fbb9bfc9cd9f39c7ca696149b61ba450,pair_dissolved_by_refactoring,exact,refactored,1.0,0.8
67152933355f45d353d256412a0f98f4,b53390c20d4338bc375d9251db542f54,pair_dissolved_naturally,exact,exact,1.0,1.0
67405b51ed9f06946be661e79fa9a778,8833d47d0f5cd0b62d35c60b8ae4bd0b,method_b_deleted,refactored,deleted,0.72,
676c2aa1e445de9a58ae3853d90c18e9,71623449141570fa4f2421b75e835119,pair_dissolved_by_refactoring,signature_changed,exact,0.98,1.0
676c2aa1e445de9a58ae3853d90c18e9,7df011369948d034a020f8b97f5b2f4e,pair_dissolved_by_refactoring,signature_changed,exact,0.98,1.0
676c2aa1e445de9a58ae3853d90c18e9,ac3844e74fb1baf6f452a256b3cec4a7,pair_dissolved_by_refactoring,signature_changed,exact,0.98,1.0
67949c2ab33fc56d7fa3dd18dbdb50c4,82cdaaaec4c35da5454cbe6a42eab47e,pair_dissolved_naturally,exact,exact,1.0,1.0
67949c2ab33fc56d7fa3dd18dbdb50c4,8f45b1ea1b4cf7ccbf25444bbd62deb8,pair_dissolved_naturally,exact,exact,1.0,1.0
67949c2ab33fc56d7fa3dd18dbdb50c4,993562f058fbcfd3870e6fd1fe0676f1,pair_dissolved_naturally,exact,exact,1.0,1.0
67949c2ab33fc56d7fa3dd18dbdb50c4,9bc4f1616ee7b9aaf1c95ad770e231e3,pair_dissolved_naturally,exact,exact,1.0,1.0
67949c2ab33fc56d7fa3dd18dbdb50c4,ad6aed1916bfa26e32f013b93a62a508,pair_dissolved_naturally,exact,exact,1.0,1.0
67949c2ab33fc56d7fa3dd18dbdb50c4,ae3230aa417a7af3e76db220d113b5f6,pair_dissolved_naturally,exact,exact,1.0,1.0
67949c2ab33fc56d7fa3dd18dbdb50c4,b0b4fc9b3b31954832d600fc324bfdb7,pair_dissolved_naturally,exact,exact,1.0,1.0
67949c2ab33fc56d7fa3dd18dbdb50c4,ba4fc391bce87747250cc2f7550e5630,pair_dissolved_naturally,exact,exact,1.0,1.0
67949c2ab33fc56d7fa3dd18dbdb50c4,e1706a287f57f107a47a41d4af582a80,pair_dissolved_naturally,exact,exact,1.0,1.0
67949c2ab33fc56d7fa3dd18dbdb50c4,f2e7fe02404be9588d2d28ee20f96dd9,pair_dissolved_naturally,exact,exact,1.0,1.0
67a0d0fb39ae5271a87992016143dfa0,9a0d7286dc102bcf4daa49d45d67f8ad,pair_dissolved_naturally,exact,exact,1.0,1.0
67a0d0fb39ae5271a87992016143dfa0,b94278fe135308a082dc68898a4735f7,pair_dissolved_naturally,exact,exact,1.0,1.0
67a2e155c11394a6df2c0a6a1d5dd4e4,ec77ef104878aa08671487e8d2dfdcfb,pair_dissolved_naturally,exact,exact,1.0,1.0
67b70b773b3e6a4f8f48c127e2d3f510,71a9b4a726e853d0a572ecbc9cc5a4a5,pair_dissolved_naturally,exact,exact,1.0,1.0
67b70b773b3e6a4f8f48c127e2d3f510,7b0f962c79a73027d9781d9a961a91d7,pair_dissolved_naturally,exact,exact,1.0,1.0
67b70b773b3e6a4f8f48c127e2d3f510,bc94858259eb423f10a37da22d37ec8c,pair_dissolved_naturally,exact,exact,1.0,1.0
67ba79eb20a99a0aea7e27d6388eb06f,7e1f7aff11510134fd3238e7e4f79a7f,pair_dissolved_by_refactoring,signature_changed,signature_changed,0.95,0.91
67ba79eb20a99a0aea7e27d6388eb06f,a11a13039fe700a7f33bd4182afadd44,pair_dissolved_by_refactoring,signature_changed,signature_changed,0.95,0.91
67ba79eb20a99a0aea7e27d6388eb06f,cd1def0a32ee6b0cdd4b37434210a282,method_b_deleted,signature_changed,deleted,0.95,
67e86030725ad2d965413f157cd07d1d,d635fcc50a3a0292275db917ab783eee,pair_dissolved_by_refactoring,exact,renamed,1.0,0.97
67ec049dcda3292779062bd05c88b3cb,96fe1a133e1135002118eb866e39d79a,pair_dissolved_naturally,exact,exact,1.0,1.0
67ec049dcda3292779062bd05c88b3cb,d50ad8f2a7c378ac8295eb0af6d56a72,pair_dissolved_naturally,exact,unknown,1.0,
67ec049dcda3292779062bd05c88b3cb,f1f6badc887fd29bf148d598cc51c79d,pair_dissolved_naturally,exact,unknown,1.0,
681120ab0c8c977efe030a528ad68339,c772fdcf38a089d61400f00584008378,pair_dissolved_by_refactoring,signature_changed,signature_changed,0.92,0.92
6826e101c52a9ca176c7d296615f5e3e,8dbf28a024b8920167938c9f7ed5d56e,pair_dissolved_naturally,exact,exact,1.0,1.0
68458a6b30ec3d402863f77770acb018,7ddaa88aaf1b4079f1aec2695d5a2d9b,pair_dissolved_naturally,exact,exact,1.0,1.0
6848826a0f86de13450a0ce8caf8878d,cae732bf385d3584613f5ab14a210dd2,pair_dissolved_naturally,exact,exact,1.0,1.0
6848826a0f86de13450a0ce8caf8878d,db18b0b4aca15df686b92932965bc677,pair_dissolved_naturally,exact,exact,1.0,1.0
685a43fd5e5cb5794f1326fffe782908,7847099d556a54645b3665adc7edb9cb,pair_dissolved_naturally,exact,exact,1.0,1.0
685a43fd5e5cb5794f1326fffe782908,924fccf763e773e7a15ba66310ad9cb1,pair_dissolved_naturally,exact,exact,1.0,1.0
6890f15d0c125d4d8adb5a19c165227e,7d94a37e7e0ee544509a2f8087640930,pair_dissolved_naturally,exact,exact,1.0,1.0
68d863af14655a34d1a9fe926d1ef137,b253b19da09476d90e063f5bc7a9b7fb,pair_dissolved_naturally,exact,exact,1.0,1.0
68e082b036d64e0c579151d1bad4de23,b22e849dd0d3bf5cdaaf9a2436c9d11d,pair_dissolved_naturally,exact,exact,1.0,1.0
68eb1530d129d691731cd5d1096e7523,80e30ce7944bbd4be1e347a5a952e133,both_deleted,deleted,deleted,,
68eb1530d129d691731cd5d1096e7523,c41333d4e0c1101f816be5c141cba0cb,method_a_deleted,deleted,exact,,1.0
68eb1530d129d691731cd5d1096e7523,e8fab3b0104e8680b5767566a418db6e,method_a_deleted,deleted,exact,,1.0
68eb1530d129d691731cd5d1096e7523,fb7a917be45bb803d6bd2e1138102012,both_deleted,deleted,deleted,,
68eb1530d129d691731cd5d1096e7523,fbb9bfc9cd9f39c7ca696149b61ba450,method_a_deleted,deleted,refactored,,0.8
69132cfc7e379300114ffbfd9f0d11d4,9e3958b0575537f6529414db474bd8d9,pair_dissolved_naturally,exact,exact,1.0,1.0
6934b1616e52a7d071d01bce4b111341,ae6f62ddd72c36c0c364b27d3bd7d125,pair_dissolved_naturally,exact,exact,1.0,1.0
6949b994e3609c284ac16baa44d6f861,99550ff9b1b7c572f947ac9baad5045f,pair_dissolved_naturally,exact,exact,1.0,1.0
695103c96eddf93b74dd50a4acaaaacd,e2ed331cd407b4811d10d72b9fa054e5,pair_dissolved_naturally,exact,exact,1.0,1.0
695103c96eddf93b74dd50a4acaaaacd,f527849687dd2328b5a57fb996b98eef,pair_dissolved_naturally,exact,exact,1.0,1.0
695f1f8d1cbd7aa96fe5c84ccfbf9226,e1aff8eb76051a67850647ff680c47fc,pair_dissolved_by_refactoring,signature_changed,exact,0.9,1.0
695f30bbd49e3dff658bb7bfe9490f54,d175fc29a5a9c35dfe4e363c0249430d,pair_dissolved_by_refactoring,exact,signature_changed,1.0,1.0
699bd7dc4ec0944cf860205547756ba0,ce5b5d88ebfa0a3cc7911faf2822d297,pair_dissolved_naturally,exact,exact,1.0,1.0
69a4b57d1518045ba65c9d76c9779af4,a614fba61e574358e6596488653d921f,pair_dissolved_naturally,unknown,exact,,1.0
69e327a3702f703e15312f4c6c414010,a690a866f58b5bb40e0e9fc87266adf5,pair_dissolved_naturally,exact,exact,1.0,1.0
69fe7bd84d75621d8aad358c8c263c7b,7906b68dc18c32211d09332183283408,pair_dissolved_by_refactoring,signature_changed,signature_changed,0.98,0.95
69fe7bd84d75621d8aad358c8c263c7b,7b9406cc24e40a8233d1672486b0b581,pair_dissolved_by_refactoring,signature_changed,exact,0.98,1.0
69fe7bd84d75621d8aad358c8c263c7b,890d73f1af96173568e900bbe753ab61,pair_dissolved_by_refactoring,signature_changed,signature_changed,0.98,0.98
69fe7bd84d75621d8aad358c8c263c7b,8b2253722f6f45d50df17bc1a54a6af8,pair_dissolved_by_refactoring,signature_changed,signature_changed,0.98,0.98
69fe7bd84d75621d8aad358c8c263c7b,938b8e76142512a26f19b940e62e4da3,pair_dissolved_by_refactoring,signature_changed,signature_changed,0.98,0.98
69fe7bd84d75621d8aad358c8c263c7b,a232c00d3c032c1dcb9960a03a2af02a,pair_dissolved_by_refactoring,signature_changed,signature_changed,0.98,0.98
69fe7bd84d75621d8aad358c8c263c7b,a6f85f9146258be22899e29bafa6ddbe,pair_dissolved_by_refactoring,signature_changed,signature_changed,0.98,0.98
69fe7bd84d75621d8aad358c8c263c7b,bc9351e25302126e2ccd26946c097596,pair_dissolved_by_refactoring,signature_changed,signature_changed,0.98,0.95
69fe7bd84d75621d8aad358c8c263c7b,d838203a9aa3ec7d77132d3bdbc0805c,pair_dissolved_by_refactoring,signature_changed,exact,0.98,1.0
69fe7bd84d75621d8aad358c8c263c7b,fe54424f7bb37eaf31149edd5e038981,pair_dissolved_by_refactoring,signature_changed,signature_changed,0.98,0.98
69fec3f7df403042773c47bfb859fa4b,6a7756366feeb14c1172b2b189ba2771,pair_dissolved_naturally,exact,exact,1.0,1.0
69fec3f7df403042773c47bfb859fa4b,737524e5fe5a135a2d85bee2669f1df7,pair_dissolved_naturally,exact,exact,1.0,1.0
69fec3f7df403042773c47bfb859fa4b,8104c1fd33d32f08fb34b45f93885c81,pair_dissolved_naturally,exact,exact,1.0,1.0
69fec3f7df403042773c47bfb859fa4b,de7e97f07df2fc21edbdc76839a0f1e2,pair_dissolved_naturally,exact,exact,1.0,1.0
69fec3f7df403042773c47bfb859fa4b,e448c4cd1a0e7ba210acf8358895e6eb,pair_dissolved_naturally,exact,exact,1.0,1.0
6a079c0cb990a2b560617064a2dc6bac,95eb774833432ab7aab162b48d44e314,pair_dissolved_by_refactoring,exact,moved,1.0,0.97
6a0f9c69b238a436d8decb98129e1bce,e753b02ca66888c74989beb0306c9460,pair_dissolved_naturally,exact,exact,1.0,1.0
6a20de66e6512fd636f4e9cf14063452,fe4d07ad0152e7c4de3ea88b200f86b3,pair_dissolved_naturally,exact,exact,1.0,1.0
6a2a405e4a4599b715e712694ddf407a,cb8ce96c2471ad2fe47208c1066bff41,pair_dissolved_naturally,exact,exact,1.0,1.0
6a2a405e4a4599b715e712694ddf407a,ce40506dff460625a97a8b96a79d81a7,pair_dissolved_naturally,exact,exact,1.0,1.0
6a6b9e7d96c718d6bd97d762b3cc11f4,ccf410503278d14b128d9646c995f6eb,pair_dissolved_naturally,exact,exact,1.0,1.0
6a6b9e7d96c718d6bd97d762b3cc11f4,e14556235dfad5570e44bb1db0b7d956,pair_dissolved_naturally,exact,exact,1.0,1.0
6a7756366feeb14c1172b2b189ba2771,753e15be26769eea8729c89e32acc48a,pair_dissolved_naturally,exact,exact,1.0,1.0
6a7756366feeb14c1172b2b189ba2771,8104c1fd33d32f08fb34b45f93885c81,pair_dissolved_naturally,exact,exact,1.0,1.0
6a7756366feeb14c1172b2b189ba2771,de7e97f07df2fc21edbdc76839a0f1e2,pair_dissolved_naturally,exact,exact,1.0,1.0
6a7f5ff621d20a43a9d19340bef3db1a,a690a866f58b5bb40e0e9fc87266adf5,pair_dissolved_naturally,exact,exact,1.0,1.0
6a924dca7ac6ff763635c0e8a8cd9e87,aea4db99abf8c926a78c3f3ccc6074f0,pair_dissolved_naturally,exact,exact,1.0,1.0
6aa63f21218d0f48430219f4ee19d282,ad266f64c75ecec62a8b35ba36ccea4a,pair_dissolved_by_refactoring,exact,signature_changed,1.0,1.0
6ac048a47fe6abf40205dd46d4bfad09,a690a866f58b5bb40e0e9fc87266adf5,pair_dissolved_naturally,exact,exact,1.0,1.0
6ac048a47fe6abf40205dd46d4bfad09,e3984c3b9cbc8b464931b73d1395bf61,pair_dissolved_naturally,exact,exact,1.0,1.0
6ac2242b11f7b270c0355c73946e9677,c5565190fbc1241de00830d291b2ea05,pair_dissolved_naturally,exact,exact,1.0,1.0
6ac76f65011a4445b0c98624da1da024,6f8769c3093cb9c81cd54f725112fd7f,method_a_deleted,deleted,exact,,1.0
6ac76f65011a4445b0c98624da1da024,e20c921b536120112166254e38dd1d3d,method_a_deleted,deleted,signature_changed,,0.94
6ac76f65011a4445b0c98624da1da024,ea54141c4c1c39e76922a1069120c622,method_a_deleted,deleted,signature_changed,,0.85
6ac76f65011a4445b0c98624da1da024,efa883c8386d91071449a0b27e447984,method_a_deleted,deleted,exact,,1.0
6ad753ccbdb42cf41d35d82e3979158c,badfafe5b49b89f924c28ff9ddc38e93,pair_dissolved_naturally,exact,exact,1.0,1.0
6b241f5764e7dc2c1d5a39dd38a7b7d6,85bdcbb47b2e4e0fa326761bca45ec1d,pair_dissolved_by_refactoring,signature_changed,signature_changed,0.93,0.97
6b241f5764e7dc2c1d5a39dd38a7b7d6,a534076f14e1dd9cdc3fa98f68dac060,pair_dissolved_by_refactoring,signature_changed,exact,0.93,1.0
6b2f87bbe361face4449fc0e1531d2c6,bfaf061020b9e58dddea4715a548837b,pair_dissolved_naturally,exact,exact,1.0,1.0
6b4636b4108520452a7307f126b3a5bd,e7b14ea8035b0b6540202d36a03cf102,pair_dissolved_naturally,exact,exact,1.0,1.0
6b4b1c44f1089cbaf899a71c25177dea,6bb0074e118249db5188fd2a902e5849,both_deleted,deleted,deleted,,
6b4b1c44f1089cbaf899a71c25177dea,b7f1dd28f1a13fb6893996b325e43296,both_deleted,deleted,deleted,,
6b50361a6d76f1b56b40bfde7339e12d,bd22bc2b72039260b0bfedccd9286634,pair_dissolved_naturally,exact,exact,1.0,1.0
6b5c4919eea10ec827fdecd710edfafc,83935005d64f4fe1e99fb3ce168acb88,pair_dissolved_naturally,exact,exact,1.0,1.0
6b664942e7e681393a10383b07cc3ec1,e327494f0ad4da8e28ced9d03fcfff5b,pair_dissolved_by_refactoring,signature_changed,exact,0.84,1.0
6b96666e770598d350c1359de415396c,b49130f5c09c935b755d3695276a4f94,pair_dissolved_naturally,exact,exact,1.0,1.0
6bb0074e118249db5188fd2a902e5849,b7f1dd28f1a13fb6893996b325e43296,both_deleted,deleted,deleted,,
6bf0c4834ac292b12490d7e64e304f7c,af46ec946e8c67a34b150aacc40246f4,pair_dissolved_naturally,exact,exact,1.0,1.0
6c0a485acab47ee888fae85128b26162,7aac825961546bc0faaa6230d8702582,pair_dissolved_naturally,exact,exact,1.0,1.0
6c0a485acab47ee888fae85128b26162,caa196c7736139031afdf25bdbe25d94,pair_dissolved_naturally,exact,exact,1.0,1.0
6c3154dbe38dc34062dcaf4dfaf62ad3,bd22bc2b72039260b0bfedccd9286634,pair_dissolved_naturally,exact,exact,1.0,1.0
6c4dd4786c0c9dd3163e8b83671897f7,ebfc2ef447d515ec3e00aa5d67e4fc34,pair_dissolved_naturally,exact,exact,1.0,1.0
6c55d4ed3c9f6b92ff5ffa2746897fb1,79fe044e2a96ce51c2d0b46bd6fad65f,pair_dissolved_by_refactoring,signature_changed,signature_changed,0.96,1.0
6c949c040560b755ab2fdeb0eca54d1c,cb0cd9e3ab4eb65eb867b100ef99eb07,pair_dissolved_naturally,exact,exact,1.0,1.0
6cf7f0ad33b5e1f7745a776687939393,6efbb7c182ad1bc51bf8ec6ba2f9bdcd,pair_dissolved_naturally,exact,exact,1.0,1.0
6cf7f0ad33b5e1f7745a776687939393,7cb29f32a976a2aeed9fac65f239f351,pair_dissolved_naturally,exact,exact,1.0,1.0
6cf7f0ad33b5e1f7745a776687939393,968c6992a9a51f867e888589aaffa28b,pair_dissolved_naturally,exact,exact,1.0,1.0
6cf7f0ad33b5e1f7745a776687939393,a374710ce0bc2b014e5eac2e1f2e280b,pair_dissolved_naturally,exact,exact,1.0,1.0
6cf7f0ad33b5e1f7745a776687939393,a99e61d3c71549d26aba50c0173e3456,pair_dissolved_naturally,exact,exact,1.0,1.0
6cf7f0ad33b5e1f7745a776687939393,dfd72a20475c805d2256619d9f70e3a2,pair_dissolved_naturally,exact,exact,1.0,1.0
6cf7f0ad33b5e1f7745a776687939393,e7b14ea8035b0b6540202d36a03cf102,pair_dissolved_naturally,exact,exact,1.0,1.0
6cf7f0ad33b5e1f7745a776687939393,f8a5a6dd678b7af19816db0d774241ba,pair_dissolved_naturally,exact,exact,1.0,1.0
6d38232e336e58eb42f52ebb71e669f9,993d5336ff9d0ecb195f2a7db1501277,pair_dissolved_naturally,exact,exact,1.0,1.0
6d3f2cb2503920b6093096de783d65c2,73c270c73bc890615684466af2a7f45f,pair_dissolved_naturally,exact,exact,1.0,1.0
6d3f2cb2503920b6093096de783d65c2,a45368f084e057385f33b2743df7693e,pair_dissolved_naturally,exact,exact,1.0,1.0
6d3f2cb2503920b6093096de783d65c2,a6d2b72970c9a3720e99960534cb48ca,pair_dissolved_naturally,exact,exact,1.0,1.0
6d3f2cb2503920b6093096de783d65c2,b42936d44935731a995ebc72401c420f,pair_dissolved_naturally,exact,exact,1.0,1.0
6d53d20785d403a46b5ea73ba5de6c7e,d99a0c912f9ce9e5ba56f625bc3f359a,pair_dissolved_by_refactoring,signature_changed,exact,0.99,1.0
6d6a12251fa4fb4eef4bd27623b72d0b,d90761d4dfc229632a79edab162b1e2b,pair_dissolved_naturally,exact,exact,1.0,1.0
6d6a12251fa4fb4eef4bd27623b72d0b,f707ca4cf6ac4182c50da6ef60acdba0,pair_dissolved_naturally,exact,exact,1.0,1.0
6d93a19b60be441089db9195740f8873,c1b42566a3fff77a26763a57f84af85f,pair_dissolved_naturally,exact,exact,1.0,1.0
6da08e3a5983f1bfbf076785f8a169f8,7d2dc73a9bd3a0436adc5736dcd53a39,pair_dissolved_by_refactoring,signature_changed,signature_changed,0.98,0.98
6da08e3a5983f1bfbf076785f8a169f8,bf788b8ff88e67549374045158e190a6,pair_dissolved_by_refactoring,signature_changed,signature_changed,0.98,0.97
6da08e3a5983f1bfbf076785f8a169f8,d8d061c522e61483cddbbf169cb0be0f,pair_dissolved_by_refactoring,signature_changed,signature_changed,0.98,0.97
6da1c41815b1e2bea48dbdd018c931e7,afbf5887642d794111d895e47568b927,pair_dissolved_naturally,exact,exact,1.0,1.0
6da1c41815b1e2bea48dbdd018c931e7,b6cf4cdf2d8396f1c04c0cc99232fa54,pair_dissolved_naturally,exact,exact,1.0,1.0
6da9722a104cdc9a9a0894ed0c601511,7a5a5a33d28b23fc261bda872515c7c9,pair_dissolved_naturally,exact,exact,1.0,1.0
6dad4e2a472555b2dd02ab06a08de2bd,75f286e7ec3265be749c19a402bde596,pair_dissolved_naturally,exact,exact,1.0,1.0
6dad4e2a472555b2dd02ab06a08de2bd,d07c12dedf69029dfeb37ff7ed7b2364,pair_dissolved_naturally,exact,exact,1.0,1.0
6dd97c785e262e995fc4f1f54b267ad7,95c56b7369c4de08a0a61a866d3d7c8f,pair_dissolved_naturally,exact,exact,1.0,1.0
6dfea489f0402e32566307139daa9b74,b577ecc58dacc9ee2e2c353ca43bfb8f,pair_dissolved_naturally,exact,exact,1.0,1.0
6e10c6d85b6625d3552c494f12a26e80,d7da85fffdd05d967ce6995e33f0d8c4,pair_dissolved_naturally,exact,exact,1.0,1.0
6e10c6d85b6625d3552c494f12a26e80,fd547e7ba98229be09d54518d1f0eb50,pair_dissolved_naturally,exact,exact,1.0,1.0
6e1e15d172b7f2771a7424465d5ad676,c0ab929a802d36097730a1007fd07ef8,pair_dissolved_naturally,exact,exact,1.0,1.0
6e2585f3b72b75017105de281795a071,d59c7fe279bbdc28a760e24e14d0c639,pair_dissolved_naturally,exact,exact,1.0,1.0
6e4c98f700c7ebe963c96db55985d4e3,9b4f75842faebaa79e981fb9f977f0d4,pair_dissolved_naturally,exact,exact,1.0,1.0
6e735da1b7721f816ac2c94f6a3d5f0b,88ed171b20dd3e4e99140c0942c3f72a,pair_dissolved_naturally,exact,exact,1.0,1.0
6e735da1b7721f816ac2c94f6a3d5f0b,ddd08ec563dc84bad2f95998b6d9d01c,pair_dissolved_naturally,exact,exact,1.0,1.0
6e7e48c5da9f61d2f6ff0c5271648137,7e444a49bf20cc2ca9d13521d9d424d4,pair_dissolved_naturally,exact,exact,1.0,1.0
6e7e48c5da9f61d2f6ff0c5271648137,9ac2f5eeec7438ced03008e37730fdb4,pair_dissolved_naturally,exact,exact,1.0,1.0
6e7e48c5da9f61d2f6ff0c5271648137,b00cb87a00db80b4107f6fa080b95d13,pair_dissolved_naturally,exact,exact,1.0,1.0
6e7e48c5da9f61d2f6ff0c5271648137,f72c6e6c61021b8bdedc20f7823a65c4,pair_dissolved_by_refactoring,exact,signature_changed,1.0,0.71
6e948aef1f7384d2cd795b5c9dc4ae2d,b08a519fa52ad08cbec980760687190a,pair_dissolved_naturally,exact,exact,1.0,1.0
6eef5b8129c4dfa002adb3f68380bba2,f8512c62fc13792bf4f678b8aca138de,pair_dissolved_naturally,exact,exact,1.0,1.0
6ef8a2621650ea9e9fe272c4954c6575,90acb68461a8faab2400dc6b623e6e2b,pair_dissolved_naturally,exact,exact,1.0,1.0
6ef8a2621650ea9e9fe272c4954c6575,ced446350b651bdbd9375abffe206760,pair_dissolved_naturally,exact,exact,1.0,1.0
6f02db6cbcc044351e5e77bed7c6ca02,e6c4aba4031c9f0ab2f13e7c7a2e6f6a,pair_dissolved_naturally,exact,exact,1.0,1.0
6f21a52706d2170fb21ad0f07b8d667f,9b3165f1e84d5a19fa819c653883b203,pair_dissolved_naturally,exact,exact,1.0,1.0
6f23cdb9dc9740531390e1f55ae64241,7eded270999ffeace686c5c876943bac,pair_dissolved_naturally,exact,exact,1.0,1.0
6f23cdb9dc9740531390e1f55ae64241,7ee700518db64f7ccc88e5bc40bfbc2a,pair_dissolved_naturally,exact,exact,1.0,1.0
6f23cdb9dc9740531390e1f55ae64241,8a8d2e891b24fa25a243942cbe283c6d,pair_dissolved_naturally,exact,exact,1.0,1.0
6f23cdb9dc9740531390e1f55ae64241,9878b676f46b9bd7147f3307c6b28d8f,pair_dissolved_naturally,exact,exact,1.0,1.0
6f23cdb9dc9740531390e1f55ae64241,f72aff0cda1d153926bb1b0d8492b7d8,pair_dissolved_naturally,exact,exact,1.0,1.0
6fa5c0e1810738fd31d9452c3ec65a7f,95c6a692c163558d2b8a917f52df1774,pair_dissolved_naturally,exact,exact,1.0,1.0
6fa71e2c712240d4490161909e259bcb,d1c2dc35be7b8f27d2093191d6c9c812,pair_dissolved_naturally,exact,exact,1.0,1.0
6fc079df11c42bfb1f0b7998f011ac65,f73d27340b8034a814405597c165a735,pair_dissolved_naturally,exact,exact,1.0,1.0
6fc86de0d12d869aee8d6922826821ee,795ef76c8318dcecdcf5ec447cbeb2b7,method_a_deleted,deleted,exact,,1.0
6fc86de0d12d869aee8d6922826821ee,7dad95d677e21ff41520583cfd06a494,method_a_deleted,deleted,exact,,1.0
6fc86de0d12d869aee8d6922826821ee,bd8cb208e37e91579185704a4da80925,method_a_deleted,deleted,exact,,1.0
6fe653a8fb00dd9ebbfdbf4ef7beb68b,a690a866f58b5bb40e0e9fc87266adf5,pair_dissolved_naturally,exact,exact,1.0,1.0
6fef1c3e3b5c44e93a81a620eeacd8df,fc90f79d9efbe2ec5a00921566ac7ed0,pair_dissolved_by_refactoring,signature_changed,exact,0.98,1.0
6ff1ef79ef5feeafc6a43dbef0bde932,a5e2345a7bb4edcfe2cacee140c6eadc,pair_dissolved_naturally,exact,exact,1.0,1.0
6ff69d47d8b463cf14a60bcbff2c987e,9ab48a4e89f947737432b9d21373700c,pair_dissolved_naturally,exact,exact,1.0,1.0
702a81034137d7287989f315c10ec986,dc2d893f3a213ba8347e841ee3603faa,both_deleted,deleted,deleted,,
704a17ad5a940c5a86ecb202e612dd12,80e30ce7944bbd4be1e347a5a952e133,method_b_deleted,exact,deleted,1.0,
704a17ad5a940c5a86ecb202e612dd12,f56727e542e5847d13427063ec6c7322,pair_dissolved_naturally,exact,exact,1.0,1.0
70ab060246e807a75c3d12be56eb563d,9c1e12ea24b59e2ac4c33f4db157b671,pair_dissolved_by_refactoring,renamed,exact,0.92,1.0
70ab060246e807a75c3d12be56eb563d,ef5f47377085956a63d5bff744f84292,pair_dissolved_by_refactoring,renamed,exact,0.92,1.0
70ee2b375e7282def64bbccd981f303b,97045a03465a84be30c8a1be086d8e1b,pair_dissolved_naturally,exact,unknown,1.0,
70fa830b0bf8547908da611fdf297c32,e026a8417e7d344869195478f3987570,pair_dissolved_naturally,exact,exact,1.0,1.0
712a2add4bef60f475285399695b2b16,c6e5b4da28458df561db7ab72f0e3537,pair_dissolved_naturally,exact,exact,1.0,1.0
719501dfa639325f31a03112fabcc434,75b894b7e342c239c73acc73846cb770,pair_dissolved_naturally,exact,exact,1.0,1.0
719501dfa639325f31a03112fabcc434,a3d310fd13eb3c4b4d923c93b4456372,pair_dissolved_naturally,exact,exact,1.0,1.0
719be00aba5886da9e74aa8d9bad2329,73e0314b15b42b3189a8cc2ae81758ff,pair_dissolved_naturally,exact,exact,1.0,1.0
71a878b3781034052c6c3e2a9b326de5,a738af0335277332f070dcbe957fd807,pair_dissolved_naturally,exact,exact,1.0,1.0
71a878b3781034052c6c3e2a9b326de5,b354e67ae11a29e6d20e43ee80e1eaf0,pair_dissolved_by_refactoring,exact,signature_changed,1.0,0.95
71a878b3781034052c6c3e2a9b326de5,d7da85fffdd05d967ce6995e33f0d8c4,pair_dissolved_naturally,exact,exact,1.0,1.0
71a878b3781034052c6c3e2a9b326de5,fd547e7ba98229be09d54518d1f0eb50,pair_dissolved_naturally,exact,exact,1.0,1.0
71bac6eac25c402ae31d5d113d87f3e6,72c7580dae17362dd6384aadb905e44d,pair_dissolved_naturally,exact,exact,1.0,1.0
71d38d59f6d9e9d4a3c06f7f9a3ffba8,abb849ab076d28a1d751641a7f57797b,pair_dissolved_naturally,unknown,unknown,,
71d38d59f6d9e9d4a3c06f7f9a3ffba8,b2d6d3643757f409d5b6314b35f9fe07,pair_dissolved_naturally,unknown,unknown,,
71d38d59f6d9e9d4a3c06f7f9a3ffba8,eecdbfbdf18397c080054695eec43d80,pair_dissolved_naturally,unknown,exact,,1.0
71d70b39090f7a71180d6cb007f905f3,93f03c64ad38c8dded8499f3e7338749,pair_dissolved_by_refactoring,signature_changed,exact,1.0,1.0
71d70b39090f7a71180d6cb007f905f3,ca76d3ca43d7515ab966e969a2d2dc69,pair_dissolved_by_refactoring,signature_changed,signature_changed,1.0,1.0
71e3dc7756a0f15a43c8f0991ee8ef0f,80e30ce7944bbd4be1e347a5a952e133,method_b_deleted,refactored,deleted,0.73,
71e3dc7756a0f15a43c8f0991ee8ef0f,91c78157438767829d1f1aaeb8d69bc5,pair_dissolved_by_refactoring,refactored,refactored,0.73,0.73
71e3dc7756a0f15a43c8f0991ee8ef0f,d09fa69c6d5615c26aac2f825b8e7328,pair_dissolved_by_refactoring,refactored,exact,0.73,1.0
71e3dc7756a0f15a43c8f0991ee8ef0f,e8fab3b0104e8680b5767566a418db6e,pair_dissolved_by_refactoring,refactored,exact,0.73,1.0
7211472a7eed702c90d92cf8da31d7bf,a9ef7131f222bbd911ef5c0d0536a23c,pair_dissolved_by_refactoring,exact,signature_changed,1.0,0.88
72133e1630af025aeeafb21e60cefe14,881098a73a6848afa98245d34bbc7d48,pair_dissolved_naturally,exact,exact,1.0,1.0
72133e1630af025aeeafb21e60cefe14,ed847f120f5f053af1c7499bbec7fb46,pair_dissolved_naturally,exact,exact,1.0,1.0
7269b5ed01bbd3086d062c005fa19233,f9f605bc19b4ffc836e9a9457832c002,pair_dissolved_by_refactoring,signature_changed,exact,1.0,1.0
7285472026575dfbe29f3b7f75f65ec3,c7f20a575b2df1651ff7c77e6269b112,pair_dissolved_naturally,exact,exact,1.0,1.0
728a37dca8fef9350b51c215fb596363,d25ac89d994407808262314cfc4075a0,pair_dissolved_naturally,exact,exact,1.0,1.0
72b2b483e9352a857d9c756ebb0a42d5,8f627a5c3572c7f24c3b858ff2993cbe,pair_dissolved_naturally,exact,exact,1.0,1.0
72b2b483e9352a857d9c756ebb0a42d5,a85ccaabcba36be0719cef19c5eaf0fe,pair_dissolved_naturally,exact,exact,1.0,1.0
72b2b483e9352a857d9c756ebb0a42d5,bc366707db85e4aafd978ada2c44fde0,pair_dissolved_naturally,exact,exact,1.0,1.0
72ba6129411ddd97094ac99433ee1029,8782ed19f55efb2726e8c5e09c96e748,pair_dissolved_by_refactoring,signature_changed,signature_changed,1.0,1.0
72cad0886e0b87a87bb466477a50a610,88ab75eb0839ce66a039cb221fc8289b,pair_dissolved_naturally,exact,exact,1.0,1.0
72cdc1ac620f4a236166b2b8e833be07,9dd07968aab9e723ae1622c9e4c3e592,pair_dissolved_by_refactoring,signature_changed,signature_changed,0.95,0.89
72cdc1ac620f4a236166b2b8e833be07,c4f9e92ee900ccd9d650e3f06a8a1caf,pair_dissolved_by_refactoring,signature_changed,signature_changed,0.95,0.89
72cdc1ac620f4a236166b2b8e833be07,ce24c55cff4da7e3e426a93675cb67ea,pair_dissolved_by_refactoring,signature_changed,signature_changed,0.95,0.95
72fba0b84a3dd8b1bc3c2d8280330ff8,ac12634279a014e9bec72395c9b6a59f,method_b_deleted,moved,deleted,1.0,
731480755e8b812cf119cabf1160cc55,a156f9af5feba55fdd7dd5db09f35817,method_b_deleted,exact,deleted,1.0,
73377bd943084bf4b7a7512f970df383,fe04407834a2599892d9ba5fa02561c4,pair_dissolved_naturally,exact,exact,1.0,1.0
737524e5fe5a135a2d85bee2669f1df7,753e15be26769eea8729c89e32acc48a,pair_dissolved_naturally,exact,exact,1.0,1.0
737524e5fe5a135a2d85bee2669f1df7,8104c1fd33d32f08fb34b45f93885c81,pair_dissolved_naturally,exact,exact,1.0,1.0
737524e5fe5a135a2d85bee2669f1df7,de7e97f07df2fc21edbdc76839a0f1e2,pair_dissolved_naturally,exact,exact,1.0,1.0
737524e5fe5a135a2d85bee2669f1df7,e448c4cd1a0e7ba210acf8358895e6eb,pair_dissolved_naturally,exact,exact,1.0,1.0
737524e5fe5a135a2d85bee2669f1df7,e8ba27d37963c50e801a8f61211cbb12,pair_dissolved_naturally,exact,exact,1.0,1.0
738c34d24f3b07802f22b87b4c609174,c6e5b4da28458df561db7ab72f0e3537,pair_dissolved_naturally,exact,exact,1.0,1.0
73ababeb1aeb89b2d4026c6cf6f72fe2,9830914f72bcd2cff77655a06fd74ad1,pair_dissolved_naturally,exact,exact,1.0,1.0
73ababeb1aeb89b2d4026c6cf6f72fe2,c0ab929a802d36097730a1007fd07ef8,pair_dissolved_naturally,exact,exact,1.0,1.0
73b7ed39dd05db0670ab85b2ebbd8cfb,b8a98e99b8c490d23a6753bbf5d4f8ed,both_deleted,deleted,deleted,,
73c0fc0261ce06a58b5c2ce8addaebbd,edfc0572a1f68839fe4410abde06c896,both_deleted,deleted,deleted,,
73c270c73bc890615684466af2a7f45f,98ae8153c4723bccadcc56a6301fcdd0,pair_dissolved_naturally,exact,exact,1.0,1.0
73c270c73bc890615684466af2a7f45f,e17f63cd52dbd0a2b5274256e63bf98e,pair_dissolved_naturally,exact,exact,1.0,1.0
73e093964575e4cbea754ac38f3fd4fc,8221c3cb09d199c9dcf53ccbe79518ef,pair_dissolved_naturally,exact,exact,1.0,1.0
73e093964575e4cbea754ac38f3fd4fc,ba425075689e27eafcc700c250cf834a,pair_dissolved_naturally,exact,exact,1.0,1.0
73e093964575e4cbea754ac38f3fd4fc,bd271b9673b15081c203c12ab3a0cb9c,pair_dissolved_naturally,exact,exact,1.0,1.0
74671fb64b7fe0d4c99bd88698bbece0,7ddaa88aaf1b4079f1aec2695d5a2d9b,pair_dissolved_naturally,exact,exact,1.0,1.0
747cc7f57f32b159bfcee9939d26ef3a,914884d91250cc54f55ca7bad74abd78,pair_dissolved_by_refactoring,signature_changed,signature_changed,0.87,0.88
748568eb20d475a554afb7d227cd4e6c,87f9706e4bc18dd09ec7e09fc9eb494b,pair_dissolved_by_refactoring,signature_changed,signature_changed,0.94,0.92
74aee1d88415b9d7e107a0a22bf8adbd,d15cca911d6bc2f9baf935f9910d0e7b,pair_dissolved_naturally,exact,exact,1.0,1.0
74aee1d88415b9d7e107a0a22bf8adbd,da059be468584629313e3862cc40dc4a,pair_dissolved_naturally,exact,exact,1.0,1.0
74f3498db68cf2ff23194072c73bfb6d,ba9b30be0b89afe00cb7474b06eb0ded,pair_dissolved_naturally,exact,exact,1.0,1.0
75261a11a394959201e5d651722a1aa9,922a21bfce5a6310c03485cf12fa9ce1,pair_dissolved_naturally,exact,exact,1.0,1.0
7527695a306b8eca47406416697bcda9,c7766d1ddcf582e7dc37e3a5eb38dfb9,pair_dissolved_naturally,exact,exact,1.0,1.0
7538d51e0a91d991ea90399aa0fd3607,dc33ca2bbbbed03cb504174106a5fc31,pair_dissolved_naturally,exact,exact,1.0,1.0
753e15be26769eea8729c89e32acc48a,8104c1fd33d32f08fb34b45f93885c81,pair_dissolved_naturally,exact,exact,1.0,1.0
753e15be26769eea8729c89e32acc48a,de7e97f07df2fc21edbdc76839a0f1e2,pair_dissolved_naturally,exact,exact,1.0,1.0
753e15be26769eea8729c89e32acc48a,e448c4cd1a0e7ba210acf8358895e6eb,pair_dissolved_naturally,exact,exact,1.0,1.0
753e15be26769eea8729c89e32acc48a,e8ba27d37963c50e801a8f61211cbb12,pair_dissolved_naturally,exact,exact,1.0,1.0
75480b158d8596f4ac22c642182c99bd,ad621868b35760647d935f30a6a9c882,pair_dissolved_naturally,exact,exact,1.0,1.0
754e1facc9f99c380183617457d90e6a,8cf659a384d9ea85480606d6eed144ab,pair_dissolved_naturally,exact,exact,1.0,1.0
759e17531ec296d4432bca0dbb7a24ba,b742bc90f6388729a4ac8d197de218d9,pair_dissolved_naturally,exact,exact,1.0,1.0
75a6d1839dd5b34fcfbbaa3ad8f67289,b49e77837a812bdc37641dafe4d7ced7,pair_dissolved_naturally,exact,exact,1.0,1.0
75a6d1839dd5b34fcfbbaa3ad8f67289,e88932a2c8e865d507d1a9e01042250d,pair_dissolved_naturally,exact,exact,1.0,1.0
75c2a7034a7039e596d6342842308e6a,e42a6f25eec890ee487c83d45d595ff7,pair_dissolved_naturally,exact,exact,1.0,1.0
75d64cb4f7680a778ae42dd6da10ce8b,8442e8c005a9c697bdf5c0821041c2d6,pair_dissolved_naturally,exact,exact,1.0,1.0
761dc01502c7057bd1663e3ac17f80a8,f92275c923d023b21d4c171b361dc325,pair_dissolved_naturally,exact,exact,1.0,1.0
76516c7cd9b0344096801a5bd5694217,b8f047932da5d6c177d0f31de5d74f1f,method_a_deleted,deleted,unknown,,
76516c7cd9b0344096801a5bd5694217,b97cb80446d3dfb364012c2cb6444e09,method_a_deleted,deleted,exact,,1.0
76516c7cd9b0344096801a5bd5694217,f556a25ccf447a533c52b2d9896a7c6b,method_a_deleted,deleted,exact,,1.0
76516c7cd9b0344096801a5bd5694217,fa8dca131b026a4712694e90ea49c37c,both_deleted,deleted,deleted,,
76f7c5044417c6e20f148f907b701be2,8ba73b72d2dcbdcb831adaf06da88601,pair_dissolved_naturally,exact,exact,1.0,1.0
7700be37b55625bfc2515b120541dd0f,dda28d3e4f09e6ad5c7fbfb564baa315,pair_dissolved_naturally,exact,exact,1.0,1.0
77099ba2496db7cce1b2f3250ddb5f30,aa800e59027053c04975304af868ace2,pair_dissolved_naturally,exact,exact,1.0,1.0
77099ba2496db7cce1b2f3250ddb5f30,b5213162c6f68d65679346d31d0c4da8,pair_dissolved_naturally,exact,exact,1.0,1.0
773bfe5aa91acc57d59611ac8b72cd61,8c9ae9173042c30680e96e78177682ba,pair_dissolved_naturally,exact,exact,1.0,1.0
77801435f515b4fc1f99652be6f72013,91aa66e65776fa8e204b8d73cc7d7062,method_a_deleted,deleted,unknown,,
77801435f515b4fc1f99652be6f72013,fe80da3c58a38308c7be3bb3ab399ffe,method_a_deleted,deleted,unknown,,
7782a10ac9c5558d020cb362f5a18dde,d67fee6e01250da0af25ffdec9066254,pair_dissolved_naturally,exact,exact,1.0,1.0
778f108b4c5084d7d957c7ebff6636f1,7ddd0c34dc413fbd0a3df4425eeb55d6,pair_dissolved_naturally,exact,exact,1.0,1.0
77aa897e42f1402ef75097cf8871e95f,b9cc57f610665f0103033110a78062a6,pair_dissolved_naturally,exact,exact,1.0,1.0
77aa897e42f1402ef75097cf8871e95f,f204630a5d87290226cc37f99deb061c,pair_dissolved_naturally,exact,exact,1.0,1.0
77b7f314b27c57ec7972cbcd337f4c39,8c9ae9173042c30680e96e78177682ba,pair_dissolved_by_refactoring,signature_changed,exact,0.85,1.0
77c3cce4e0009f9c64910ac6cbbb155a,c6d09c3bb2453a5e69778f0e8d922269,pair_dissolved_naturally,exact,exact,1.0,1.0
77eb7d84c667110cc1bbf45a96fa1130,efea479c7947e5ba8967eb126453faef,pair_dissolved_naturally,exact,exact,1.0,1.0
7814adfdd0c6e64c2ece8058825bd6f8,95c56b7369c4de08a0a61a866d3d7c8f,pair_dissolved_naturally,exact,exact,1.0,1.0
78283a27a28cac36b7b01a28518ff291,78bfabb7ca3452282a9f1f0ddb86da23,method_b_deleted,exact,deleted,1.0,
78283a27a28cac36b7b01a28518ff291,81108092f771045251002acba0cc6218,method_b_deleted,exact,deleted,1.0,
78283a27a28cac36b7b01a28518ff291,84c80c811a2f137e86cde5902fb83d65,method_b_deleted,exact,deleted,1.0,
78283a27a28cac36b7b01a28518ff291,a57217a601c0624c593649d9d7cea50c,pair_dissolved_by_refactoring,exact,moved,1.0,0.91
78283a27a28cac36b7b01a28518ff291,a9f3dbcebd5633fb6964f61e8a78e4d8,pair_dissolved_naturally,exact,exact,1.0,1.0
78283a27a28cac36b7b01a28518ff291,adaeb9e71db54fd430ca8cc35e40aa54,pair_dissolved_naturally,exact,unknown,1.0,
783ad5f842fa14a83538827550518ad1,9a9b27e415e13ef0006b1d45d103c577,pair_dissolved_naturally,exact,exact,1.0,1.0
7847099d556a54645b3665adc7edb9cb,924fccf763e773e7a15ba66310ad9cb1,pair_dissolved_naturally,exact,exact,1.0,1.0
78608d0998e4ac6bc4758a536c1de3ea,8c565987bef733dc865e569ce1d2c444,pair_dissolved_by_refactoring,moved,exact,1.0,1.0
7866fe15554c56fc612c4cc7d112f536,99f97951dfb88abe180349e98b69da46,pair_dissolved_naturally,exact,exact,1.0,1.0
7866fe15554c56fc612c4cc7d112f536,acd3829a34d1672325115d09bc04c561,pair_dissolved_naturally,exact,exact,1.0,1.0
7866fe15554c56fc612c4cc7d112f536,ba6eeb72ec18cc822dfbcc540a48f54c,pair_dissolved_naturally,exact,exact,1.0,1.0
786d3384132fbdab936acc99b59808e8,96211d92c1d2ef20a209423a221e874f,pair_dissolved_naturally,exact,exact,1.0,1.0
786d3384132fbdab936acc99b59808e8,ea8d9aed576beb0e7c8d1703071c1562,pair_dissolved_naturally,exact,exact,1.0,1.0
78802862e8f978d67c89c110337331f6,d3c56511739933153b4616b08586655f,pair_dissolved_naturally,exact,exact,1.0,1.0
788a1cdded1edb09066831ccfa139b53,cb8ce96c2471ad2fe47208c1066bff41,pair_dissolved_naturally,exact,exact,1.0,1.0
788a1cdded1edb09066831ccfa139b53,ce40506dff460625a97a8b96a79d81a7,pair_dissolved_naturally,exact,exact,1.0,1.0
78bb90c9b1920a6f20308479c50867ef,a8e338b6acf56efddf9403b8bbcc0fde,pair_dissolved_naturally,exact,exact,1.0,1.0
78bfabb7ca3452282a9f1f0ddb86da23,81108092f771045251002acba0cc6218,both_deleted,deleted,deleted,,
78bfabb7ca3452282a9f1f0ddb86da23,84c80c811a2f137e86cde5902fb83d65,both_deleted,deleted,deleted,,
78bfabb7ca3452282a9f1f0ddb86da23,a57217a601c0624c593649d9d7cea50c,method_a_deleted,deleted,moved,,0.91
78bfabb7ca3452282a9f1f0ddb86da23,a9f3dbcebd5633fb6964f61e8a78e4d8,method_a_deleted,deleted,exact,,1.0
78bfabb7ca3452282a9f1f0ddb86da23,aadbde3efa2522d0258c803c715cc686,method_a_deleted,deleted,exact,,1.0
78bfabb7ca3452282a9f1f0ddb86da23,adaeb9e71db54fd430ca8cc35e40aa54,method_a_deleted,deleted,unknown,,
78cad741dadcfd3d7a44d1ed035b57fd,8f7982939c47afd4f96c9298d821ee62,pair_dissolved_naturally,exact,exact,1.0,1.0
7900e9e9f8124113ba455e93299365cb,7db9ea029fdaeec183bdd873d14ea851,both_deleted,deleted,deleted,,
7900e9e9f8124113ba455e93299365cb,986d1bebf9bd20ea9c4f3145e2b1f64d,method_a_deleted,deleted,signature_changed,,0.88
7900e9e9f8124113ba455e93299365cb,be4b4254ff070c9df5f8a4f922f3266b,both_deleted,deleted,deleted,,
7900e9e9f8124113ba455e93299365cb,d4edd733c2217a7db29648b568ebc888,method_a_deleted,deleted,signature_changed,,0.91
7900e9e9f8124113ba455e93299365cb,dc2d893f3a213ba8347e841ee3603faa,both_deleted,deleted,deleted,,
7900e9e9f8124113ba455e93299365cb,f43d862f762bba5c9b1fddd4a6081faa,both_deleted,deleted,deleted,,
7906b68dc18c32211d09332183283408,82c244d66e0c1839b31b2b59cd4e8638,pair_dissolved_by_refactoring,signature_changed,exact,0.95,1.0
7906b68dc18c32211d09332183283408,890d73f1af96173568e900bbe753ab61,pair_dissolved_by_refactoring,signature_changed,signature_changed,0.95,0.98
7906b68dc18c32211d09332183283408,8b2253722f6f45d50df17bc1a54a6af8,pair_dissolved_by_refactoring,signature_changed,signature_changed,0.95,0.98
7906b68dc18c32211d09332183283408,938b8e76142512a26f19b940e62e4da3,pair_dissolved_by_refactoring,signature_changed,signature_changed,0.95,0.98
7906b68dc18c32211d09332183283408,a232c00d3c032c1dcb9960a03a2af02a,pair_dissolved_by_refactoring,signature_changed,signature_changed,0.95,0.98
7906b68dc18c32211d09332183283408,a6f85f9146258be22899e29bafa6ddbe,pair_dissolved_by_refactoring,signature_changed,signature_changed,0.95,0.98
7906b68dc18c32211d09332183283408,bc9351e25302126e2ccd26946c097596,pair_dissolved_by_refactoring,signature_changed,signature_changed,0.95,0.95
7906b68dc18c32211d09332183283408,e935c1fd6cffb270214c37264e137271,pair_dissolved_by_refactoring,signature_changed,signature_changed,0.95,0.96
7906b68dc18c32211d09332183283408,f411c7f6ede16471367d8f59777caeba,pair_dissolved_by_refactoring,signature_changed,exact,0.95,1.0
7906b68dc18c32211d09332183283408,fe4d451f78df4b2efac5fad1ac613fc9,pair_dissolved_by_refactoring,signature_changed,signature_changed,0.95,0.96
7906b68dc18c32211d09332183283408,fe54424f7bb37eaf31149edd5e038981,pair_dissolved_by_refactoring,signature_changed,signature_changed,0.95,0.98
7951b2c81f6a772ec19428d9014abe29,b26035cbf577b6a07d1ff5cf39328813,pair_dissolved_naturally,exact,unknown,1.0,
7951b2c81f6a772ec19428d9014abe29,bf99e13557b600868fb2cbeda78a50ea,pair_dissolved_naturally,exact,unknown,1.0,
799e5f957492726287a6f1cb61ccd8e8,b50999930dbb398aab9b964b1898f885,pair_dissolved_naturally,exact,exact,1.0,1.0
79b614daf7d657962f973a49c7010c2e,8811cfd00710fbe40c5e57315f9574e3,pair_dissolved_by_refactoring,signature_changed,exact,1.0,1.0
79b67dca982c04e1ab0f7c3a26cd93b3,d974db25e8e97e204ced85bfd6305838,pair_dissolved_naturally,exact,exact,1.0,1.0
79b733a30861a7a6b5afc5c5c0a70222,965b27b8b26a3f208b2e4793f88745cd,pair_dissolved_by_refactoring,moved,exact,1.0,1.0
79b733a30861a7a6b5afc5c5c0a70222,b1d71ab69b76625fbc45f24bedc20e9d,pair_dissolved_by_refactoring,moved,exact,1.0,1.0
79bd7ab883de3307eebd40f2479b22f8,cc8e9cd3d47db58a8a597bf33eb167d1,pair_dissolved_by_refactoring,exact,signature_changed,1.0,0.96
79ebf36fb7bf311fc970baa29e676cd0,79ebf36fb7bf311fc970baa29e676cd0,pair_dissolved_naturally,exact,exact,1.0,1.0
7a1c16b76c33bb6d67f29ee81f34369a,adbf0bc62edf26b0431023610c270c39,pair_dissolved_naturally,exact,exact,1.0,1.0
7a4612a9d25198296e8708191590b391,f5440622cd23223f43f26cba069ac1ce,pair_dissolved_naturally,exact,exact,1.0,1.0
7a485a1f3999d990d49be2b66fd988af,dddc2f1e3537f732bfcf392381340c34,pair_dissolved_naturally,exact,exact,1.0,1.0
7a74cde5d7db3c4433155f123904b24a,8fcaf1cb034ee139575eb3d446610a0d,pair_dissolved_naturally,exact,exact,1.0,1.0
7a74cde5d7db3c4433155f123904b24a,9922ecf09c61f5ef8a18465bb55a8afa,pair_dissolved_naturally,exact,exact,1.0,1.0
7a74cde5d7db3c4433155f123904b24a,be497663604355bcf5a97cb67082b296,pair_dissolved_naturally,exact,exact,1.0,1.0
7aac825961546bc0faaa6230d8702582,b2acf60d09ba8a509df29508bb545859,pair_dissolved_naturally,exact,exact,1.0,1.0
7aac825961546bc0faaa6230d8702582,b3c47db5f6805ce1cf4d774c20950f39,pair_dissolved_naturally,exact,exact,1.0,1.0
7aac825961546bc0faaa6230d8702582,caa196c7736139031afdf25bdbe25d94,pair_dissolved_naturally,exact,exact,1.0,1.0
7aac825961546bc0faaa6230d8702582,d0a4cfe970e264e5931accd53fbacc2c,pair_dissolved_naturally,exact,exact,1.0,1.0
7aac825961546bc0faaa6230d8702582,e68e35ff75d04c211c1b472d3b53b0be,pair_dissolved_naturally,exact,exact,1.0,1.0
7ac5d68cb9d94f8e76ea626fb1334915,ea0cd3c2d4830dfa33a0e4e802cb1ecb,pair_dissolved_naturally,exact,exact,1.0,1.0
7aebad460e217188c6bf24fe559367c3,9f7d19d372fc82904124f67bf514a7a6,pair_dissolved_naturally,exact,exact,1.0,1.0
7b00f9c1d9123e8782124222a80a4697,917948699eb74ed0aedea40dc1fb1d77,pair_dissolved_naturally,exact,exact,1.0,1.0
7b2f0b6466709724125e5ec4c0e4bcf6,7bd62fe7265a2eb3bc47b85025958e7b,pair_dissolved_by_refactoring,signature_changed,signature_changed,1.0,1.0
7b38aa81bc4d0eb014025b332afafe3c,fa95b17998bf7fe42a39cd02a94d6b1b,pair_dissolved_naturally,exact,exact,1.0,1.0
7b4323374ee72439b2db60aa1fda51d1,85b596bde73583b6ed3168ffba8b56c6,pair_dissolved_naturally,exact,exact,1.0,1.0
7b4323374ee72439b2db60aa1fda51d1,8747ae31721297384abd2a8c6ad9f00e,pair_dissolved_naturally,exact,exact,1.0,1.0
7b4323374ee72439b2db60aa1fda51d1,c61017c4c119e60ed67e58f8f698f3d1,pair_dissolved_naturally,exact,exact,1.0,1.0
7b4323374ee72439b2db60aa1fda51d1,d515804f6109f692c7d6ba231966ee4c,pair_dissolved_naturally,exact,exact,1.0,1.0
7b4323374ee72439b2db60aa1fda51d1,d52ac8a5528517fa76c4844002b5c449,pair_dissolved_naturally,exact,exact,1.0,1.0
7b4323374ee72439b2db60aa1fda51d1,d8c24f3e971602fbdd621cce431ebdf4,pair_dissolved_naturally,exact,exact,1.0,1.0
7b66166e27d2f03e270e64ff1625c009,c7cc9cf1369dd1ce63f57de7ddc7fbcc,pair_dissolved_naturally,exact,exact,1.0,1.0
7b66166e27d2f03e270e64ff1625c009,f1a3b55265667545142e8b72b2a6fdfa,pair_dissolved_naturally,exact,exact,1.0,1.0
7b7e316128a193561518a89238c3f5fb,9b51fa36e7bf7cdb1ec9c91071f5c1f6,pair_dissolved_naturally,exact,exact,1.0,1.0
7b7e316128a193561518a89238c3f5fb,9c5142e485c7ca9dcbd5cbc81a59d0e5,pair_dissolved_naturally,exact,exact,1.0,1.0
7b847f4e54a71b0f4f6bac967284fd46,eb33e0cba8a5fd24fa5990db6c386582,pair_dissolved_naturally,exact,exact,1.0,1.0
7b87c8eafc63a15acd915525234c2cf8,b8646be2e3eed5e2b87696e3422cc356,pair_dissolved_naturally,exact,exact,1.0,1.0
7b8f0adee2074643d1ef280ef06b0eba,a527bdf8b2adf0e93349398a841d4764,pair_dissolved_naturally,exact,exact,1.0,1.0
7b8f0adee2074643d1ef280ef06b0eba,b2511f6417f44a54c21d7b9be48e09e0,pair_dissolved_naturally,exact,exact,1.0,1.0
7b8f0adee2074643d1ef280ef06b0eba,cca479dc56e5579d8e7b84f21d3a4b8e,pair_dissolved_naturally,exact,exact,1.0,1.0
7b8f0adee2074643d1ef280ef06b0eba,efb27db69d41551b6f38e30d37578fc3,pair_dissolved_naturally,exact,exact,1.0,1.0
7b8f0adee2074643d1ef280ef06b0eba,fdafdd7fe5d83aaf35e8bf2cc2080f4a,pair_dissolved_naturally,exact,exact,1.0,1.0
7b9406cc24e40a8233d1672486b0b581,82c244d66e0c1839b31b2b59cd4e8638,pair_dissolved_naturally,exact,exact,1.0,1.0
7b9406cc24e40a8233d1672486b0b581,8b2253722f6f45d50df17bc1a54a6af8,pair_dissolved_by_refactoring,exact,signature_changed,1.0,0.98
7b9406cc24e40a8233d1672486b0b581,92f04b56f3b87018a39c39fccb96c99f,pair_dissolved_naturally,exact,exact,1.0,1.0
7b9406cc24e40a8233d1672486b0b581,9b122c43e5d526f474cf6d7a5b154bc4,pair_dissolved_by_refactoring,exact,signature_changed,1.0,0.92
7b9406cc24e40a8233d1672486b0b581,a232c00d3c032c1dcb9960a03a2af02a,pair_dissolved_by_refactoring,exact,signature_changed,1.0,0.98
7b9406cc24e40a8233d1672486b0b581,a6f85f9146258be22899e29bafa6ddbe,pair_dissolved_by_refactoring,exact,signature_changed,1.0,0.98
7b9406cc24e40a8233d1672486b0b581,f411c7f6ede16471367d8f59777caeba,pair_dissolved_naturally,exact,exact,1.0,1.0
7b9406cc24e40a8233d1672486b0b581,fe54424f7bb37eaf31149edd5e038981,pair_dissolved_by_refactoring,exact,signature_changed,1.0,0.98
7be8ac46c562fb7e6d0ec8fd1d2aed75,c33e4bbbe548d5ce56a610c3e100b060,pair_dissolved_naturally,exact,exact,1.0,1.0
7be97b12df0069157879f5cae83fc599,88566837cb35c9750ea574b5fe09aae9,pair_dissolved_naturally,exact,exact,1.0,1.0
7be97b12df0069157879f5cae83fc599,d4e070a999495e959e646ecc155b86a1,pair_dissolved_naturally,exact,exact,1.0,1.0
7bf6dcda291370898591c59c588f69f8,d763a38de3db0eb1291951e9d26f14b2,pair_dissolved_naturally,exact,exact,1.0,1.0
7bf6dcda291370898591c59c588f69f8,fa6ab2db1ee0c7b306ebedf24ef1dccc,pair_dissolved_naturally,exact,exact,1.0,1.0
7c090016cff1d212276fa68e552d419f,ec36b28ea16bb6938f5c3ae6f91c07e5,pair_dissolved_naturally,exact,exact,1.0,1.0
7c090016cff1d212276fa68e552d419f,f20bf53ccdd48f6a40c75cb97498af65,pair_dissolved_naturally,exact,exact,1.0,1.0
7c7f291f2c91d8209b9f4242efc3c57e,c38d8f7673d9e9e33e1def042f7acb63,method_b_deleted,exact,deleted,1.0,
7c87736e531efd6209d6fa8dd9d234fc,9a213a5414d5d81ef253a991e66af497,pair_dissolved_naturally,exact,exact,1.0,1.0
7c8ea462b28d0db4130979f087d1319f,8782ed19f55efb2726e8c5e09c96e748,pair_dissolved_by_refactoring,signature_changed,signature_changed,0.96,1.0
7cb29f32a976a2aeed9fac65f239f351,9f812f0731df6aa00b1f1bee73e1781e,pair_dissolved_naturally,exact,exact,1.0,1.0
7cb29f32a976a2aeed9fac65f239f351,c113e6fec17a8ef19420ab422093cd47,pair_dissolved_naturally,exact,exact,1.0,1.0
7cb29f32a976a2aeed9fac65f239f351,cc18f108b1a774d0b2458c949fe3da4c,pair_dissolved_naturally,exact,exact,1.0,1.0
7cb29f32a976a2aeed9fac65f239f351,df0b55e53029d3304b7d77642f879ca2,pair_dissolved_naturally,exact,exact,1.0,1.0
7ce42e42aef40730203dad937acda2e9,93a6045daccadc39532cca220d503a0f,pair_dissolved_naturally,exact,exact,1.0,1.0
7d10bf747bbe5bb03004385a0eb2fa5f,a690a866f58b5bb40e0e9fc87266adf5,pair_dissolved_naturally,exact,exact,1.0,1.0
7d10bf747bbe5bb03004385a0eb2fa5f,e3984c3b9cbc8b464931b73d1395bf61,pair_dissolved_naturally,exact,exact,1.0,1.0
7d1f53c9b03de6b67035d0db88c93b2a,91b6ed19069d0ceb10e6a0f5a05c13d7,pair_dissolved_naturally,exact,exact,1.0,1.0
7d2dc73a9bd3a0436adc5736dcd53a39,bf788b8ff88e67549374045158e190a6,pair_dissolved_by_refactoring,signature_changed,signature_changed,0.98,0.97
7d2dc73a9bd3a0436adc5736dcd53a39,d8d061c522e61483cddbbf169cb0be0f,pair_dissolved_by_refactoring,signature_changed,signature_changed,0.98,0.97
7d663d903b3f706a498b5c1c5c259998,ddefc4d0b81bfcef7a784153fd152e17,pair_dissolved_naturally,exact,exact,1.0,1.0
7da608f13895188e84037d8ccab3046e,faa78c952f37d3bedfe5ac3c31ffb508,pair_dissolved_by_refactoring,signature_changed,exact,0.99,1.0
7db14dc3058cc6ca81295011b4745b92,a690a866f58b5bb40e0e9fc87266adf5,pair_dissolved_naturally,exact,exact,1.0,1.0
7db9ea029fdaeec183bdd873d14ea851,819938c0468eea7669a25b571c2a841d,both_deleted,deleted,deleted,,
7db9ea029fdaeec183bdd873d14ea851,986d1bebf9bd20ea9c4f3145e2b1f64d,method_a_deleted,deleted,signature_changed,,0.88
7db9ea029fdaeec183bdd873d14ea851,be1caea18d561783d8d6b71cd153273e,both_deleted,deleted,deleted,,
7db9ea029fdaeec183bdd873d14ea851,be4b4254ff070c9df5f8a4f922f3266b,both_deleted,deleted,deleted,,
7db9ea029fdaeec183bdd873d14ea851,d4edd733c2217a7db29648b568ebc888,method_a_deleted,deleted,signature_changed,,0.91
7db9ea029fdaeec183bdd873d14ea851,dc2d893f3a213ba8347e841ee3603faa,both_deleted,deleted,deleted,,
7db9ea029fdaeec183bdd873d14ea851,f43d862f762bba5c9b1fddd4a6081faa,both_deleted,deleted,deleted,,
7dc2f101fd0058c97ec05ee4f6de3452,a6f236c4ba0da7180ed40bbf2761db6b,both_deleted,deleted,deleted,,
7dc2f101fd0058c97ec05ee4f6de3452,bf4d638b877f436a1c5b4c9a5705b341,both_deleted,deleted,deleted,,
7dc2f101fd0058c97ec05ee4f6de3452,bf9e77952b3083e1dce956a58eb00d7a,both_deleted,deleted,deleted,,
7ddaa88aaf1b4079f1aec2695d5a2d9b,d83c47bfaf015ce0e369200d56af1313,pair_dissolved_naturally,exact,exact,1.0,1.0
7ddd0c34dc413fbd0a3df4425eeb55d6,e50d9a6ce2873731ef0797900d0bf752,pair_dissolved_naturally,exact,exact,1.0,1.0
7dfbfac5539a9e70cebc91109b2f90fc,e1dca806f95337bda21dcaa00f4d7db0,pair_dissolved_naturally,exact,exact,1.0,1.0
7e1f7aff11510134fd3238e7e4f79a7f,a11a13039fe700a7f33bd4182afadd44,pair_dissolved_by_refactoring,signature_changed,signature_changed,0.91,0.91
7e1f7aff11510134fd3238e7e4f79a7f,cd1def0a32ee6b0cdd4b37434210a282,method_b_deleted,signature_changed,deleted,0.91,
7e444a49bf20cc2ca9d13521d9d424d4,b00cb87a00db80b4107f6fa080b95d13,pair_dissolved_naturally,exact,exact,1.0,1.0
7e5647805e40779b01204519b5d457f8,a5a859d6661c31b00981df4748d314ca,pair_dissolved_naturally,exact,exact,1.0,1.0
7e674585de549bd78421f62bddb5e457,de140540744634631aa4cacb733a1d9f,pair_dissolved_naturally,exact,exact,1.0,1.0
7e87c7f34f23acf808ef9847a459a1a0,a3f575dd9ce83880e31f63c6d4c6cca5,pair_dissolved_naturally,exact,exact,1.0,1.0
7e87c7f34f23acf808ef9847a459a1a0,fe7696b4ebab10eddcf81f4e52d86374,pair_dissolved_naturally,exact,exact,1.0,1.0
7e891e7719913f481fc178b71e860c05,becc761f84f1df94fa31d31bbeaabf73,pair_dissolved_naturally,exact,exact,1.0,1.0
7eded270999ffeace686c5c876943bac,9878b676f46b9bd7147f3307c6b28d8f,pair_dissolved_naturally,exact,exact,1.0,1.0
7ee700518db64f7ccc88e5bc40bfbc2a,9878b676f46b9bd7147f3307c6b28d8f,pair_dissolved_naturally,exact,exact,1.0,1.0
7eed12dd57e16014d30d35eca10b1b68,7eed12dd57e16014d30d35eca10b1b68,pair_dissolved_naturally,exact,exact,1.0,1.0
7ef83b29f78b0058c482b451a989908a,b04f5a4e50765d0d36ec27b90e71637a,pair_dissolved_naturally,exact,exact,1.0,1.0
7f0ac1b5635f5af28a73c1f47bdca1a3,e9f85d11284403adb130924babacc4eb,pair_dissolved_by_refactoring,signature_changed,signature_changed,1.0,1.0
7f0ac1b5635f5af28a73c1f47bdca1a3,f1832dc7b2959caee4e5f5440627eded,pair_dissolved_by_refactoring,signature_changed,signature_changed,1.0,1.0
7f492acc2e4c4622e78b2f06bc68623a,9fe92e4bea579f521cf0bbe4a1193671,pair_dissolved_naturally,exact,exact,1.0,1.0
7f4ef8a9f4afa15e1dad87734aa76bcc,d61226571f931dcd3afae90a79dfdcdb,pair_dissolved_naturally,exact,exact,1.0,1.0
7f74a7e553befbce28473ebb10930a0c,abd7d1d22dfdd4861c48a46b07b48074,pair_dissolved_naturally,exact,exact,1.0,1.0
7f74a7e553befbce28473ebb10930a0c,ad5d9bbeabc702e0948b599cacc7d543,pair_dissolved_naturally,exact,exact,1.0,1.0
7f89aca3b7589c477e33ad796e72bffd,c8ee0cf4035d238ff36a727fefc99ad6,pair_dissolved_naturally,unknown,unknown,,
7fad6630c10c3e08c7e1d5246c584b7e,b8a572b05dc77f078bbfc3f17caf8099,pair_dissolved_naturally,exact,exact,1.0,1.0
7fbfdd63e08dec218cc2226195919196,a619d0f668a5e475a302f7986ead3502,pair_dissolved_by_refactoring,exact,signature_changed,1.0,0.91
7ff10bd9da6c0faf6998aeb6b175a3d2,eefab79bc3142e8bc4798111df6771c3,pair_dissolved_naturally,exact,exact,1.0,1.0
7ff10bd9da6c0faf6998aeb6b175a3d2,fb36b14c1848b7b0a76aaeb35cd8e0f7,pair_dissolved_naturally,exact,exact,1.0,1.0
7ff30037b089bd1e595b1896599b6e39,8b595db68871ee1341b2c28d8dc6d999,pair_dissolved_by_refactoring,refactored,exact,0.85,1.0
8009978ccff9785ed2237ef19ddc9b00,cf4be6c26e6ba3139afd8be359a09077,pair_dissolved_naturally,exact,exact,1.0,1.0
8048858f4b92de04710d758da39a0a58,9830ab6cdb05dbbdbb54b17637c57ae3,pair_dissolved_by_refactoring,exact,refactored,1.0,0.76
8048858f4b92de04710d758da39a0a58,bdf2b42baeea4c2eaa6f74dc9af1a786,pair_dissolved_naturally,exact,exact,1.0,1.0
8048858f4b92de04710d758da39a0a58,d6e1266ba97db0a6254aef837638999c,pair_dissolved_naturally,exact,exact,1.0,1.0
80814c850263fc4ab244cb58ad0a516d,b096405376b84c6ad0968f0a3472e518,pair_dissolved_by_refactoring,signature_changed,exact,1.0,1.0
80c99181ae4100defc93e53e5dc536bf,94dc3b3266db1f0ccf7219db37f7e81f,pair_dissolved_naturally,exact,exact,1.0,1.0
80c99181ae4100defc93e53e5dc536bf,c5d80d0d834070328512ec82c3af51eb,pair_dissolved_naturally,exact,exact,1.0,1.0
80c99181ae4100defc93e53e5dc536bf,ca269df1de8cf4d6d8adae94ea5f81ab,pair_dissolved_naturally,exact,exact,1.0,1.0
80d9efb1bfb40cfce3cff05328c2dab8,c41644907329fe8ef913d3078f0ccb53,pair_dissolved_naturally,exact,exact,1.0,1.0
80e30ce7944bbd4be1e347a5a952e133,826c56b81f78f99df04496538202ca6d,method_a_deleted,deleted,unknown,,
80e30ce7944bbd4be1e347a5a952e133,91c78157438767829d1f1aaeb8d69bc5,method_a_deleted,deleted,refactored,,0.73
80e30ce7944bbd4be1e347a5a952e133,9d48190078fc1b1b8d66d6d2304e6560,both_deleted,deleted,deleted,,
80e30ce7944bbd4be1e347a5a952e133,a835cdcfffd5ee8fc242c025ffa28a9c,method_a_deleted,deleted,exact,,1.0
80e30ce7944bbd4be1e347a5a952e133,c41333d4e0c1101f816be5c141cba0cb,method_a_deleted,deleted,exact,,1.0
80e30ce7944bbd4be1e347a5a952e133,c6d609e5755122be73006e3d1b12befa,method_a_deleted,deleted,exact,,1.0
80e30ce7944bbd4be1e347a5a952e133,ca63c0387bd51c32bbfa16fc808c0d30,method_a_deleted,deleted,unknown,,
80e30ce7944bbd4be1e347a5a952e133,d09fa69c6d5615c26aac2f825b8e7328,method_a_deleted,deleted,exact,,1.0
80e30ce7944bbd4be1e347a5a952e133,e8fab3b0104e8680b5767566a418db6e,method_a_deleted,deleted,exact,,1.0
80e30ce7944bbd4be1e347a5a952e133,f56727e542e5847d13427063ec6c7322,method_a_deleted,deleted,exact,,1.0
80e30ce7944bbd4be1e347a5a952e133,fb7a917be45bb803d6bd2e1138102012,both_deleted,deleted,deleted,,
80e30ce7944bbd4be1e347a5a952e133,fbb9bfc9cd9f39c7ca696149b61ba450,method_a_deleted,deleted,refactored,,0.8
8104c1fd33d32f08fb34b45f93885c81,de7e97f07df2fc21edbdc76839a0f1e2,pair_dissolved_naturally,exact,exact,1.0,1.0
8104c1fd33d32f08fb34b45f93885c81,e448c4cd1a0e7ba210acf8358895e6eb,pair_dissolved_naturally,exact,exact,1.0,1.0
8104c1fd33d32f08fb34b45f93885c81,e8ba27d37963c50e801a8f61211cbb12,pair_dissolved_naturally,exact,exact,1.0,1.0
81108092f771045251002acba0cc6218,84c80c811a2f137e86cde5902fb83d65,both_deleted,deleted,deleted,,
81108092f771045251002acba0cc6218,9dd07968aab9e723ae1622c9e4c3e592,method_a_deleted,deleted,signature_changed,,0.89
81108092f771045251002acba0cc6218,a57217a601c0624c593649d9d7cea50c,method_a_deleted,deleted,moved,,0.91
81108092f771045251002acba0cc6218,a9f3dbcebd5633fb6964f61e8a78e4d8,method_a_deleted,deleted,exact,,1.0
81108092f771045251002acba0cc6218,aadbde3efa2522d0258c803c715cc686,method_a_deleted,deleted,exact,,1.0
81108092f771045251002acba0cc6218,adaeb9e71db54fd430ca8cc35e40aa54,method_a_deleted,deleted,unknown,,
81108092f771045251002acba0cc6218,c4f9e92ee900ccd9d650e3f06a8a1caf,method_a_deleted,deleted,signature_changed,,0.89
811241e51c4d38c16d453aa529c8e6b6,84f405c200ad6f153b80b155f040f775,pair_dissolved_naturally,exact,exact,1.0,1.0
811314735d7ddb76046f3185698d633b,faa78c952f37d3bedfe5ac3c31ffb508,pair_dissolved_by_refactoring,signature_changed,exact,0.99,1.0
8118191aeda9b93fd1627820c9d7d791,98c854cec0bf7881a16bc89a423abcdc,pair_dissolved_naturally,exact,exact,1.0,1.0
811c918816f31a6216600b13f0d816cc,c98020bd3022b871410b89ca02eb9963,pair_dissolved_by_refactoring,signature_changed,exact,0.84,1.0
81253119332db429e3b17c27496353c9,902d957124c3382dce07da413e555b57,both_deleted,deleted,deleted,,
81253119332db429e3b17c27496353c9,d7bc7d5aa47c7fd9cfe53a1622eb5362,both_deleted,deleted,deleted,,
81253119332db429e3b17c27496353c9,e20124ce6a9393554d10f8d14fb89714,both_deleted,deleted,deleted,,
81253119332db429e3b17c27496353c9,e4c47f17143668f4fb4d23a7f87027ae,method_a_deleted,deleted,signature_changed,,0.7
81253119332db429e3b17c27496353c9,e8e617517c46fb67e3f8172b764a4d0d,method_a_deleted,deleted,signature_changed,,0.7
81820fb77a761660b16555b12516ac99,efc2eff250df1b5999cf2e0bf21b5a3f,pair_dissolved_naturally,exact,exact,1.0,1.0
819938c0468eea7669a25b571c2a841d,af00ac40711dbf031dcd08d9f2357ec2,both_deleted,deleted,deleted,,
819938c0468eea7669a25b571c2a841d,bab09ec669df9914561104286f6d3f9f,both_deleted,deleted,deleted,,
819938c0468eea7669a25b571c2a841d,be1caea18d561783d8d6b71cd153273e,both_deleted,deleted,deleted,,
819938c0468eea7669a25b571c2a841d,be4b4254ff070c9df5f8a4f922f3266b,both_deleted,deleted,deleted,,
819938c0468eea7669a25b571c2a841d,dc2d893f3a213ba8347e841ee3603faa,both_deleted,deleted,deleted,,
819938c0468eea7669a25b571c2a841d,e6d05cefde9bbe8dcee435a089e352e9,both_deleted,deleted,deleted,,
819938c0468eea7669a25b571c2a841d,f43d862f762bba5c9b1fddd4a6081faa,both_deleted,deleted,deleted,,
819e06fae54f9bec779e7e9ec5b8a131,d9968d8325421a4cdcf09425750ad7ef,pair_dissolved_naturally,exact,exact,1.0,1.0
81b00649c4b69ed65869b9d68f58cdd3,db639ff9dcb660c0fc754da3dac20c73,pair_dissolved_naturally,exact,exact,1.0,1.0
81b4d775b96c465bff5c607f9b8c2a3d,a690a866f58b5bb40e0e9fc87266adf5,pair_dissolved_naturally,exact,exact,1.0,1.0
81b4d775b96c465bff5c607f9b8c2a3d,e3984c3b9cbc8b464931b73d1395bf61,pair_dissolved_naturally,exact,exact,1.0,1.0
81e86c98aa0c21ce53cd431b785e509f,b51ad8da0e1fb35cdb9a83ce146cca2c,pair_dissolved_naturally,exact,unknown,1.0,
8221c3cb09d199c9dcf53ccbe79518ef,ba425075689e27eafcc700c250cf834a,pair_dissolved_naturally,exact,exact,1.0,1.0
8221c3cb09d199c9dcf53ccbe79518ef,bd271b9673b15081c203c12ab3a0cb9c,pair_dissolved_naturally,exact,exact,1.0,1.0
822b6fd798926593b799df1b4206ce29,acd3829a34d1672325115d09bc04c561,pair_dissolved_naturally,exact,exact,1.0,1.0
82494615163bf2f25446be77dc319420,9f727c36011e7499d79791c5c39bf7b8,pair_dissolved_naturally,exact,exact,1.0,1.0
8265b7d5a2e29002a52b65a5f8b14f24,dd9f5522ac2d0eb6971062c501bb1540,pair_dissolved_naturally,exact,exact,1.0,1.0
826c56b81f78f99df04496538202ca6d,ca63c0387bd51c32bbfa16fc808c0d30,pair_dissolved_naturally,unknown,unknown,,
826c56b81f78f99df04496538202ca6d,d09fa69c6d5615c26aac2f825b8e7328,pair_dissolved_naturally,unknown,exact,,1.0
826c56b81f78f99df04496538202ca6d,e8fab3b0104e8680b5767566a418db6e,pair_dissolved_naturally,unknown,exact,,1.0
826c56b81f78f99df04496538202ca6d,f56727e542e5847d13427063ec6c7322,pair_dissolved_naturally,unknown,exact,,1.0
8283ce9d469013d3332964c44c55db4d,d632c254c01739b42fe5149e3107ab62,pair_dissolved_naturally,exact,exact,1.0,1.0
8291ab237173f15b6e09774a58885fb9,9453b5f64dae815f68de450599720868,method_a_deleted,deleted,signature_changed,,0.76
82c244d66e0c1839b31b2b59cd4e8638,9af0dac6fe467156569fed8eab8ef25f,pair_dissolved_naturally,exact,exact,1.0,1.0
82c244d66e0c1839b31b2b59cd4e8638,bc9351e25302126e2ccd26946c097596,pair_dissolved_by_refactoring,exact,signature_changed,1.0,0.95
82c244d66e0c1839b31b2b59cd4e8638,bf5cbe1c1ecc07712ac7d4aa93e91a18,pair_dissolved_naturally,exact,exact,1.0,1.0
82c244d66e0c1839b31b2b59cd4e8638,d4fe2c0b8d29ae7dcea508d05fcad947,pair_dissolved_naturally,exact,exact,1.0,1.0
82c244d66e0c1839b31b2b59cd4e8638,f411c7f6ede16471367d8f59777caeba,pair_dissolved_naturally,exact,exact,1.0,1.0
82cdaaaec4c35da5454cbe6a42eab47e,8f45b1ea1b4cf7ccbf25444bbd62deb8,pair_dissolved_naturally,exact,exact,1.0,1.0
82cdaaaec4c35da5454cbe6a42eab47e,ad6aed1916bfa26e32f013b93a62a508,pair_dissolved_naturally,exact,exact,1.0,1.0
82cdaaaec4c35da5454cbe6a42eab47e,ae3230aa417a7af3e76db220d113b5f6,pair_dissolved_naturally,exact,exact,1.0,1.0
82cdaaaec4c35da5454cbe6a42eab47e,b0b4fc9b3b31954832d600fc324bfdb7,pair_dissolved_naturally,exact,exact,1.0,1.0
82cdaaaec4c35da5454cbe6a42eab47e,ba4fc391bce87747250cc2f7550e5630,pair_dissolved_naturally,exact,exact,1.0,1.0
82cdaaaec4c35da5454cbe6a42eab47e,f2e7fe02404be9588d2d28ee20f96dd9,pair_dissolved_naturally,exact,exact,1.0,1.0
82cdaaaec4c35da5454cbe6a42eab47e,ffe535651d2f213222ed3629cd8f5e47,pair_dissolved_naturally,exact,exact,1.0,1.0
82e0d1ebc34562869700c8f71dd5a160,9fa128405eb5ae670fda99ac490b6056,pair_dissolved_naturally,exact,exact,1.0,1.0
82ecd94c9830816c7dfdbf8f36ecbdd6,fb36b14c1848b7b0a76aaeb35cd8e0f7,pair_dissolved_naturally,exact,exact,1.0,1.0
82edefd065d255f56fec72a51a85f513,a103ba868b42da9848c95c1f0b93ab30,pair_dissolved_naturally,exact,exact,1.0,1.0
82ee4954edaa26da3b0b3f65098aa178,f250f0d29fc941d50b3e498e0b33aa11,pair_dissolved_by_refactoring,exact,signature_changed,1.0,0.98
8303076ccf1572434ceb8aaaeed5eba3,ded459a74bcef371f40aff03490636ae,pair_dissolved_by_refactoring,exact,signature_changed,1.0,0.85
8367ebc5c611b0608c1c26fdd59b777a,88ed171b20dd3e4e99140c0942c3f72a,pair_dissolved_naturally,exact,exact,1.0,1.0
8373771044ffed8ba5085152ed7606b8,cbf983366cb4f4577034798b21d03317,pair_dissolved_naturally,exact,exact,1.0,1.0
838939353c70555c4f15349f389cf2d1,e7de7707c74f2f9cae18319d98eb849d,pair_dissolved_naturally,exact,exact,1.0,1.0
838f6fff15a99363c682ae6b06cc5832,feab17743b54f0372fcfb6821bd19a71,pair_dissolved_naturally,exact,exact,1.0,1.0
83c6f14a995b95b45a0f92b59cb96097,c06854d8dbad668ab07786853543eb50,pair_dissolved_naturally,exact,exact,1.0,1.0
83e489d0b8e05abb65c05f6e6ae8f3e0,ad621868b35760647d935f30a6a9c882,pair_dissolved_naturally,exact,exact,1.0,1.0
83ff1bf9f5c863c9b9b55f928ceced98,cb3b529082b79077746b8ad9496e9ac0,pair_dissolved_by_refactoring,signature_changed,signature_changed,0.99,0.99
844795be0a2e112193e73b5a7e1af466,ab9891a792371386695ae03faa323f7d,pair_dissolved_naturally,exact,exact,1.0,1.0
844795be0a2e112193e73b5a7e1af466,da3d277ca395d1159f96c0713bc5bec0,pair_dissolved_naturally,exact,exact,1.0,1.0
8449b813aaf1ae782dfa432fb8099a75,c74b1c865a8c63cde42a1d6f3cbb1a52,pair_dissolved_by_refactoring,signature_changed,signature_changed,0.98,0.98
84a299a8ac8fd31485b937f6344a8b5d,aec0e309bc50c40ad3bc1acb86e0bd32,pair_dissolved_by_refactoring,signature_changed,signature_changed,0.96,0.97
84a299a8ac8fd31485b937f6344a8b5d,f96763ff6b5bfc3f420e137d5c6a2da3,pair_dissolved_by_refactoring,signature_changed,signature_changed,0.96,0.96
84b3dcd75004d190bc78ba85b7a0c2e6,e84080a6bef3ede5f1d1529e27c5e9d6,pair_dissolved_naturally,exact,exact,1.0,1.0
84c80c811a2f137e86cde5902fb83d65,a57217a601c0624c593649d9d7cea50c,method_a_deleted,deleted,moved,,0.91
84c80c811a2f137e86cde5902fb83d65,a9f3dbcebd5633fb6964f61e8a78e4d8,method_a_deleted,deleted,exact,,1.0
84c80c811a2f137e86cde5902fb83d65,aadbde3efa2522d0258c803c715cc686,method_a_deleted,deleted,exact,,1.0
84c80c811a2f137e86cde5902fb83d65,adaeb9e71db54fd430ca8cc35e40aa54,method_a_deleted,deleted,unknown,,
84e06f4c67e619ba72cf8a0cdd40bf66,b816cf253618152849306d71b8dd2e3a,pair_dissolved_naturally,exact,exact,1.0,1.0
84e06f4c67e619ba72cf8a0cdd40bf66,eb33e0cba8a5fd24fa5990db6c386582,pair_dissolved_naturally,exact,exact,1.0,1.0
85153909e4442271decff59997235c89,91ae1838890bdd61d34085be8ca50ce5,pair_dissolved_naturally,exact,exact,1.0,1.0
85153909e4442271decff59997235c89,94256bcee58851bb13723cb0366708a8,pair_dissolved_naturally,exact,exact,1.0,1.0
85153909e4442271decff59997235c89,c381525f583f18be07510aa70dd14a43,pair_dissolved_naturally,exact,exact,1.0,1.0
85153909e4442271decff59997235c89,c4ce02691b4ec7022e6e41a6aa59efde,pair_dissolved_naturally,exact,exact,1.0,1.0
85153909e4442271decff59997235c89,dfe2765af8b28f171d8a1d9d3cf221d2,pair_dissolved_naturally,exact,exact,1.0,1.0
8520d88aad54fcddb20185f112a2b9bf,e76c5bbe31129abed3dd9a977175a89f,pair_dissolved_naturally,exact,unknown,1.0,
852b5d7db8ae21654dbe76ccc4d10f2b,a3f575dd9ce83880e31f63c6d4c6cca5,pair_dissolved_naturally,exact,exact,1.0,1.0
8536f2d390fa4316a8c1a48c67681075,bc317880fa8c0af478ff86f028af921a,pair_dissolved_by_refactoring,exact,signature_changed,1.0,1.0
855cb84c4b7206da5daf3021f535fe08,a9dd3a0661c6ed5487279126f9c5c145,pair_dissolved_naturally,exact,exact,1.0,1.0
85905cc3e05278bda964a3c56b9234f5,ab2f656070a634b33e6ccd97870b6ca6,pair_dissolved_naturally,exact,exact,1.0,1.0
85969ffded9b03601d5f3ebc8596810b,b669fda170807fef36d5f7de39742e39,pair_dissolved_naturally,exact,exact,1.0,1.0
85f7417ff5741fc33a777be9c17579ec,eff384e3c249f473962605a5736ad7f7,both_deleted,deleted,deleted,,
863941eeab193e7b9e109ade9e42ec76,be3b0353b2d44fd7ca8edc2bc0e844a5,pair_dissolved_naturally,exact,exact,1.0,1.0
868aab9e336b908e8a60e25f678ff2ce,dd72ab80a43e8895de29e8da5b4fb11b,pair_dissolved_naturally,exact,exact,1.0,1.0
8691e2d3d42aff803598329678790a77,de6dc89abe84aff58ce699b45064a63b,method_a_deleted,deleted,exact,,1.0
869f79112de28656bd73166520701a01,8ea577e0c3038f59e0ad574bb60922b7,pair_dissolved_by_refactoring,signature_changed,signature_changed,1.0,1.0
869f79112de28656bd73166520701a01,ba189fa26c71b9581b16f4e9ba429039,pair_dissolved_by_refactoring,signature_changed,signature_changed,1.0,1.0
86d2e5fa142fc011c7fd58c6cdfc9d23,900963f75a8656ce45cf221b334560f9,pair_dissolved_naturally,exact,exact,1.0,1.0
87002e16a03f5f155334ad1873320bd2,91f052ade9d87295494b3b10da83252f,pair_dissolved_naturally,exact,exact,1.0,1.0
87002e16a03f5f155334ad1873320bd2,daffa6893d6a05ffffa53019d5220b46,pair_dissolved_naturally,exact,exact,1.0,1.0
87212882e9f6a81da08731f694a35cd8,8788b514e4cd576b680e8655dbdf28ff,method_a_deleted,deleted,exact,,1.0
87212882e9f6a81da08731f694a35cd8,dec763eaf9cb8f8b4dc26a9db39392ef,method_a_deleted,deleted,exact,,1.0
873ab5a7216131bf29fa0a0acbd6d4a6,d7bd4ba48d7eca9ca1f20db2035a41ca,pair_dissolved_naturally,exact,exact,1.0,1.0
8771aaf9a0abd967b2635f7df8dd8dbf,f1183faab9264704b93013c4bf8a727e,pair_dissolved_naturally,exact,exact,1.0,1.0
877beefef702565107c07d7e425cdd44,c7be5043192d21424c134a6cc1d312b6,pair_dissolved_naturally,exact,exact,1.0,1.0
8782ed19f55efb2726e8c5e09c96e748,bc317880fa8c0af478ff86f028af921a,pair_dissolved_by_refactoring,signature_changed,signature_changed,1.0,1.0
87840e6b003195af2be8f28860bf13a7,b598cf437cff347e35e4f0edbb368a8e,pair_dissolved_naturally,exact,exact,1.0,1.0
87ca0bb038e5e28fd05d670698396c4a,a3d3b0ddbd3e545b6ef4951381713a03,pair_dissolved_by_refactoring,signature_changed,exact,1.0,1.0
87ca0bb038e5e28fd05d670698396c4a,c37bd111fd5f312d57ccc35ab44c16ff,pair_dissolved_by_refactoring,signature_changed,signature_changed,1.0,0.98
87d65111a3e5da7efc3bfd57d32e04d1,ef5cec81f7d6d504514a9c87719a6dda,pair_dissolved_by_refactoring,exact,renamed,1.0,0.95
87def5c84635766e99b3af666ab1e9e5,a20fdfb2fb8c71cb0cc4c7d7edab056f,pair_dissolved_naturally,exact,exact,1.0,1.0
87ff5e24c03d3d2cbaf7fb1ead2cdbdb,d506d165f7a394665c40f49c1d65b041,method_a_deleted,deleted,unknown,,
880d0da3d10cc4abc6b6e3dead22b8bf,f49a2dad7dcd80f5598d260115621753,pair_dissolved_naturally,exact,exact,1.0,1.0
8832b5784cb3076793412f8df4c76f21,8894f709ae5b3fabad819c214b97bdb1,pair_dissolved_by_refactoring,signature_changed,signature_changed,0.98,1.0
8832b5784cb3076793412f8df4c76f21,9a8d74b12df48e604a82a9ca6986323c,pair_dissolved_by_refactoring,signature_changed,signature_changed,0.98,0.95
883b96fd269223668d3ac6648d88b711,9310a982cf9a6d74f75ed465457128e4,pair_dissolved_naturally,exact,exact,1.0,1.0
883b96fd269223668d3ac6648d88b711,cf64c9af8b58fcaa10ec7f421356f731,pair_dissolved_naturally,exact,exact,1.0,1.0
88566837cb35c9750ea574b5fe09aae9,d4e070a999495e959e646ecc155b86a1,pair_dissolved_naturally,exact,exact,1.0,1.0
88b67223b4835b1d6a511ed186984f24,b7f1aa98d8e371952c2c9a6e27c960b0,pair_dissolved_naturally,exact,exact,1.0,1.0
88c40c0c362f441ad130b5e7324ab367,dff035a34d9755e6ea04eefb6e6cf8d9,pair_dissolved_naturally,exact,exact,1.0,1.0
88c6f19553e1f87b4124aef81ed56298,952e7275ac0565b1ba51be6d22ff90be,pair_dissolved_naturally,exact,exact,1.0,1.0
890d73f1af96173568e900bbe753ab61,8b2253722f6f45d50df17bc1a54a6af8,pair_dissolved_by_refactoring,signature_changed,signature_changed,0.98,0.98
890d73f1af96173568e900bbe753ab61,938b8e76142512a26f19b940e62e4da3,pair_dissolved_by_refactoring,signature_changed,signature_changed,0.98,0.98
890d73f1af96173568e900bbe753ab61,9b122c43e5d526f474cf6d7a5b154bc4,pair_dissolved_by_refactoring,signature_changed,signature_changed,0.98,0.92
890d73f1af96173568e900bbe753ab61,a232c00d3c032c1dcb9960a03a2af02a,pair_dissolved_by_refactoring,signature_changed,signature_changed,0.98,0.98
890d73f1af96173568e900bbe753ab61,a6f85f9146258be22899e29bafa6ddbe,pair_dissolved_by_refactoring,signature_changed,signature_changed,0.98,0.98
890d73f1af96173568e900bbe753ab61,bc9351e25302126e2ccd26946c097596,pair_dissolved_by_refactoring,signature_changed,signature_changed,0.98,0.95
890d73f1af96173568e900bbe753ab61,d4fe2c0b8d29ae7dcea508d05fcad947,pair_dissolved_by_refactoring,signature_changed,exact,0.98,1.0
890d73f1af96173568e900bbe753ab61,d838203a9aa3ec7d77132d3bdbc0805c,pair_dissolved_by_refactoring,signature_changed,exact,0.98,1.0
890d73f1af96173568e900bbe753ab61,fe54424f7bb37eaf31149edd5e038981,pair_dissolved_by_refactoring,signature_changed,signature_changed,0.98,0.98
893df232ff04c58e01eb4128788e6653,ceb50031592dc47ec6561220c9a163dc,pair_dissolved_by_refactoring,exact,refactored,1.0,0.86
89f40506bdbb16ebd103b12766758db7,a690a866f58b5bb40e0e9fc87266adf5,pair_dissolved_naturally,exact,exact,1.0,1.0
89ff90613f36c18e0f1479db9ff16e40,de4326733a14f65f080fdb835cdb7336,pair_dissolved_naturally,exact,exact,1.0,1.0
89ff90613f36c18e0f1479db9ff16e40,e4847600a0a60d506a3caf963609e849,pair_dissolved_naturally,exact,exact,1.0,1.0
89ffc2ccbba036fdfa589954c1267cad,94ddef112c47ffc368e8ec64b32b16c7,pair_dissolved_naturally,exact,exact,1.0,1.0
8a06a3e6226d4b07329a76321ac483a9,c4525f463d90d517b168750d94fd8618,pair_dissolved_naturally,exact,exact,1.0,1.0
8a28e452a296fa52d9bf98ceccc22e54,c470b1cb3ea4c591c46c541a86a6176d,pair_dissolved_naturally,exact,exact,1.0,1.0
8a6ccb82ecd9ac33e67e9acfd178acb1,8c9340bd89f4b3fd8c8c1777fa2506ee,pair_dissolved_by_refactoring,signature_changed,signature_changed,0.83,0.85
8a6ccb82ecd9ac33e67e9acfd178acb1,a9a3414824a267aaaf726cc3a2f0fd0e,pair_dissolved_by_refactoring,signature_changed,signature_changed,0.83,0.82
8a6ccb82ecd9ac33e67e9acfd178acb1,aa55e4e11e13fca90d0525d6a02caee7,pair_dissolved_by_refactoring,signature_changed,signature_changed,0.83,0.84
8a6ccb82ecd9ac33e67e9acfd178acb1,d4edd733c2217a7db29648b568ebc888,pair_dissolved_by_refactoring,signature_changed,signature_changed,0.83,0.91
8a8d2e891b24fa25a243942cbe283c6d,9878b676f46b9bd7147f3307c6b28d8f,pair_dissolved_naturally,exact,exact,1.0,1.0
8a9e1ddd7f481627385bf97a201479d7,bd57bc315505db13052c52001e5bb645,method_b_deleted,exact,deleted,1.0,
8ab92d561fff72d17c8a8a07c50fd3e8,cbff507411eae42e4d16b85542049e5e,pair_dissolved_naturally,exact,exact,1.0,1.0
8abc92cc5b3a55a035a03665730bfa93,b2864947b080cba218cf44610e6ccc47,pair_dissolved_naturally,exact,exact,1.0,1.0
8b0a5933d2175a9b0248981edfe6dab5,bf81fb472abd040760dababb162ae395,pair_dissolved_naturally,exact,exact,1.0,1.0
8b2253722f6f45d50df17bc1a54a6af8,938b8e76142512a26f19b940e62e4da3,pair_dissolved_by_refactoring,signature_changed,signature_changed,0.98,0.98
8b2253722f6f45d50df17bc1a54a6af8,a232c00d3c032c1dcb9960a03a2af02a,pair_dissolved_by_refactoring,signature_changed,signature_changed,0.98,0.98
8b2253722f6f45d50df17bc1a54a6af8,a6f85f9146258be22899e29bafa6ddbe,pair_dissolved_by_refactoring,signature_changed,signature_changed,0.98,0.98
8b2253722f6f45d50df17bc1a54a6af8,bc9351e25302126e2ccd26946c097596,pair_dissolved_by_refactoring,signature_changed,signature_changed,0.98,0.95
8b2253722f6f45d50df17bc1a54a6af8,d4fe2c0b8d29ae7dcea508d05fcad947,pair_dissolved_by_refactoring,signature_changed,exact,0.98,1.0
8b2253722f6f45d50df17bc1a54a6af8,f411c7f6ede16471367d8f59777caeba,pair_dissolved_by_refactoring,signature_changed,exact,0.98,1.0
8b2253722f6f45d50df17bc1a54a6af8,fe54424f7bb37eaf31149edd5e038981,pair_dissolved_by_refactoring,signature_changed,signature_changed,0.98,0.98
8b2e91eabc9c54c6510b5a266352fe8e,b2d7cb3aa14bece5ad9915103f955621,pair_dissolved_naturally,exact,exact,1.0,1.0
8bb00f2ecbb9513c25186d2d57e5c5cd,ed8bb356d323669a496fbc13a55440cd,pair_dissolved_by_refactoring,signature_changed,signature_changed,0.98,0.98
8bb52db0d1ea5185f07d62cb31d2ad87,bc84a2a23f9c30aa600319a5834ccef6,pair_dissolved_naturally,exact,exact,1.0,1.0
8bb52db0d1ea5185f07d62cb31d2ad87,e4ee531dbb76f757df9967c6453ca190,pair_dissolved_naturally,exact,exact,1.0,1.0
8bb52db0d1ea5185f07d62cb31d2ad87,e6f9088eece422b7fe8b38bd67384af7,pair_dissolved_naturally,exact,exact,1.0,1.0
8bb52db0d1ea5185f07d62cb31d2ad87,fe80c0c2f3cdeb470a791531935bd951,pair_dissolved_naturally,exact,exact,1.0,1.0
8be439189e31d16614297d1ef6e9e338,fe11e940004816a538056f535d6563ae,pair_dissolved_naturally,exact,exact,1.0,1.0
8c33fbd2d8449345f2e12d657cb53b39,b07edd75543fd4a984a4ccda4f13ec77,pair_dissolved_naturally,exact,exact,1.0,1.0
8c589aa06047f531da8f3b189a0e237e,92f04b56f3b87018a39c39fccb96c99f,pair_dissolved_naturally,exact,exact,1.0,1.0
8c589aa06047f531da8f3b189a0e237e,a2776351d19cc110e6c44284278648b3,pair_dissolved_naturally,exact,exact,1.0,1.0
8c589aa06047f531da8f3b189a0e237e,af82016653af11b26e07fb7b11743060,pair_dissolved_naturally,exact,exact,1.0,1.0
8c6039c1108da771e83b1dd9976f3608,9a6fe4cf8ee903e5872e5f33ac3c41e6,pair_dissolved_naturally,exact,exact,1.0,1.0
8c7b301469613a4c1ad4c67e0e70f466,d8392b2b5b188d8ddda79946d99222c2,both_deleted,deleted,deleted,,
8c9242ee0d2ed29bdabf02e6d49249ab,99eeae6b44c7e3fb4cfbfacd17801889,pair_dissolved_naturally,exact,exact,1.0,1.0
8c9242ee0d2ed29bdabf02e6d49249ab,b55137d6c269151546c451081a93dd3f,pair_dissolved_naturally,exact,exact,1.0,1.0
8c9242ee0d2ed29bdabf02e6d49249ab,b56e86cbd0ab18c58317fc31663ec6fc,pair_dissolved_naturally,exact,exact,1.0,1.0
8c9242ee0d2ed29bdabf02e6d49249ab,bb9ccfcb4978d9a84143cdead9964ff8,pair_dissolved_naturally,exact,exact,1.0,1.0
8c9242ee0d2ed29bdabf02e6d49249ab,e7de7707c74f2f9cae18319d98eb849d,pair_dissolved_naturally,exact,exact,1.0,1.0
8c9242ee0d2ed29bdabf02e6d49249ab,ebe6b87784a7557ce16312ab10b95f9e,pair_dissolved_naturally,exact,exact,1.0,1.0
8c9340bd89f4b3fd8c8c1777fa2506ee,a9a3414824a267aaaf726cc3a2f0fd0e,pair_dissolved_by_refactoring,signature_changed,signature_changed,0.85,0.82
8c9340bd89f4b3fd8c8c1777fa2506ee,aa55e4e11e13fca90d0525d6a02caee7,pair_dissolved_by_refactoring,signature_changed,signature_changed,0.85,0.84
8c9340bd89f4b3fd8c8c1777fa2506ee,d4edd733c2217a7db29648b568ebc888,pair_dissolved_by_refactoring,signature_changed,signature_changed,0.85,0.91
8c9ae9173042c30680e96e78177682ba,cd179cd2e017ec5686a707bf43980fc0,pair_dissolved_naturally,exact,exact,1.0,1.0
8ccfd021e8b52040f2d57568191a1609,c80ed6e4aa1f251f35952653b7c9ca8e,pair_dissolved_naturally,exact,exact,1.0,1.0
8cec8b8a234163f7e310ad2a6992a149,c133f37822d544449c1ee7899fd904f4,pair_dissolved_by_refactoring,signature_changed,signature_changed,0.99,1.0
8d557aa9a08d1811437f0017826824d4,900963f75a8656ce45cf221b334560f9,pair_dissolved_naturally,exact,exact,1.0,1.0
8dda40e2effecc631bfee91b7fc73245,aa7d4045e8d65f2e3db4551ee75de2c4,pair_dissolved_naturally,exact,exact,1.0,1.0
8df001f8fb3ee7f2c770872bbb3de9af,a3ff6f8b751212d03eed2a0587c562f1,pair_dissolved_naturally,exact,exact,1.0,1.0
8df4410df01024efaff0c85e7b0ec905,a5f9af34144e4305c1164944b9fac69a,pair_dissolved_by_refactoring,signature_changed,unknown,0.93,
8df4410df01024efaff0c85e7b0ec905,c1e365ca4b3287270feda2d7aafd3217,pair_dissolved_by_refactoring,signature_changed,signature_changed,0.93,0.97
8df4410df01024efaff0c85e7b0ec905,e28a9ce444a5e9a53fbaeaad65a57274,pair_dissolved_by_refactoring,signature_changed,exact,0.93,1.0
8e93482eb79727e8fbc81739aefc2031,fc30161bc1497d6b51d8020f29c882fc,pair_dissolved_naturally,exact,exact,1.0,1.0
8ea577e0c3038f59e0ad574bb60922b7,ba189fa26c71b9581b16f4e9ba429039,pair_dissolved_by_refactoring,signature_changed,signature_changed,1.0,1.0
8eaf9b09bfa53e286007a0580a71a646,dd388cb7b68b68ec3cafbdd8134501bb,pair_dissolved_naturally,exact,exact,1.0,1.0
8eaf9b09bfa53e286007a0580a71a646,e45cdc4397344b3bf3214ac9acd0ca52,pair_dissolved_naturally,exact,exact,1.0,1.0
8eaf9b09bfa53e286007a0580a71a646,f1773d1198516f7b14c3d5370d51929e,pair_dissolved_naturally,exact,exact,1.0,1.0
8ed1c8fb21425205a6e8518e92b2fe45,f1183faab9264704b93013c4bf8a727e,pair_dissolved_naturally,exact,exact,1.0,1.0
8f18516928906703977f4c3ff4cdbd17,a12af31af0562580c65f18d1052dafe6,pair_dissolved_naturally,exact,exact,1.0,1.0
8f378ae772a650110864e3d4028f59e4,fd4b837ec0172509bd5b5dc797032321,pair_dissolved_by_refactoring,exact,renamed,1.0,0.91
8f45b1ea1b4cf7ccbf25444bbd62deb8,9bc4f1616ee7b9aaf1c95ad770e231e3,pair_dissolved_naturally,exact,exact,1.0,1.0
8f45b1ea1b4cf7ccbf25444bbd62deb8,ad6aed1916bfa26e32f013b93a62a508,pair_dissolved_naturally,exact,exact,1.0,1.0
8f45b1ea1b4cf7ccbf25444bbd62deb8,ae3230aa417a7af3e76db220d113b5f6,pair_dissolved_naturally,exact,exact,1.0,1.0
8f45b1ea1b4cf7ccbf25444bbd62deb8,b0b4fc9b3b31954832d600fc324bfdb7,pair_dissolved_naturally,exact,exact,1.0,1.0
8f45b1ea1b4cf7ccbf25444bbd62deb8,ba4fc391bce87747250cc2f7550e5630,pair_dissolved_naturally,exact,exact,1.0,1.0
8f45b1ea1b4cf7ccbf25444bbd62deb8,e1706a287f57f107a47a41d4af582a80,pair_dissolved_naturally,exact,exact,1.0,1.0
8f45b1ea1b4cf7ccbf25444bbd62deb8,f2e7fe02404be9588d2d28ee20f96dd9,pair_dissolved_naturally,exact,exact,1.0,1.0
8f45b1ea1b4cf7ccbf25444bbd62deb8,f50e4e6783d9d5c44104f9205a95042c,pair_dissolved_naturally,exact,exact,1.0,1.0
8f45b1ea1b4cf7ccbf25444bbd62deb8,fc90fe7bf6fef060f8c0a450500c5658,pair_dissolved_naturally,exact,exact,1.0,1.0
8f45b1ea1b4cf7ccbf25444bbd62deb8,ffe535651d2f213222ed3629cd8f5e47,pair_dissolved_naturally,exact,exact,1.0,1.0
8f627a5c3572c7f24c3b858ff2993cbe,b40e6ffded2c42397921aeeb21b318bb,pair_dissolved_naturally,exact,exact,1.0,1.0
8f627a5c3572c7f24c3b858ff2993cbe,c7f41b8bcfd5562867a8b4c9b94424f4,pair_dissolved_naturally,exact,exact,1.0,1.0
8f627a5c3572c7f24c3b858ff2993cbe,d6e6732f7d3b88c73f59da77bc74b4fc,pair_dissolved_naturally,exact,exact,1.0,1.0
8f674295a3ec7da7b95ff8a342cf8932,a7d3391913fb374d238fd49e5c7c796f,pair_dissolved_by_refactoring,exact,refactored,1.0,0.76
8f674295a3ec7da7b95ff8a342cf8932,cc55a32a2141132f065798022cf031be,method_b_deleted,exact,deleted,1.0,
8f674295a3ec7da7b95ff8a342cf8932,ee4571f3a31b5160523e605408464f52,method_b_deleted,exact,deleted,1.0,
8f89a5d9b3bcdb45a1d3f739eaa8bbe5,f82b75d96dfb772dfa7d1454a2563b76,pair_dissolved_by_refactoring,exact,signature_changed,1.0,1.0
8f91cd2920636003dd66b6d1ed4266b2,e3fac9032bd1203208b536944f6d9e1c,pair_dissolved_by_refactoring,signature_changed,signature_changed,1.0,0.97
8fa4fea14cde974c86eddcaa9ac4d1fe,ca69645627277f9a258fb7a0108b6c8e,pair_dissolved_naturally,exact,exact,1.0,1.0
8fc2bbe5b9b78ff6744963dc05ecbb30,df770f14bb5e2d432748351c1ea018c6,pair_dissolved_naturally,exact,exact,1.0,1.0
902d957124c3382dce07da413e555b57,d7bc7d5aa47c7fd9cfe53a1622eb5362,both_deleted,deleted,deleted,,
902d957124c3382dce07da413e555b57,e8e617517c46fb67e3f8172b764a4d0d,method_a_deleted,deleted,signature_changed,,0.7
903133c88d066e04c125015efe005f61,ed533786be862d97a3bf57eb61f95468,pair_dissolved_naturally,exact,exact,1.0,1.0
904c6e73c3139d94a5395d0ed9cbea3f,a342849590daa73b634ecf9bae2c9fa5,pair_dissolved_by_refactoring,exact,signature_changed,1.0,0.84
9074d00788744543d5cf7861aae17d2e,ad90d5616a09edaebed6a6d8b5edf630,pair_dissolved_naturally,exact,exact,1.0,1.0
907a7fa1fe0c7bbd283589e1f505421d,cabe4e152ef24975e500f7d6bee98d01,pair_dissolved_naturally,exact,exact,1.0,1.0
909b65f7228af7937406685d63b3d739,c376f8ce629b0131484b8dff19e173c5,method_b_deleted,exact,deleted,1.0,
90acb68461a8faab2400dc6b623e6e2b,cced121d8de37d8bc5ef49bb99075454,pair_dissolved_naturally,exact,exact,1.0,1.0
90acb68461a8faab2400dc6b623e6e2b,ced446350b651bdbd9375abffe206760,pair_dissolved_naturally,exact,exact,1.0,1.0
90b1e63d245e7b256703f7857351c118,aa30920bc3d9cd18d0640ff099f80b45,pair_dissolved_by_refactoring,signature_changed,signature_changed,0.9,0.9
90d94c890da09d06736cb8e47f72bbcf,d96da56af7abcec1b0bc33099f605dd4,method_a_deleted,deleted,renamed,,0.96
90d9de9c5ad85013fe9555d07f19cc78,9a6b3241ed45b103ad097781bcac72e6,pair_dissolved_naturally,exact,exact,1.0,1.0
90e7898b68732eb422f35a2b680a2c46,f707ca4cf6ac4182c50da6ef60acdba0,pair_dissolved_naturally,exact,exact,1.0,1.0
90fab06cc01c24f9fc60a2e84cc96651,bd22bc2b72039260b0bfedccd9286634,pair_dissolved_naturally,exact,exact,1.0,1.0
90fb0a227160e23b2d7cf273f57a409c,c6de9dd3866126d18d433fd5c794d740,pair_dissolved_naturally,exact,exact,1.0,1.0
9196b268a57127fccfbde42495457526,d9f255cb881c30e1ec7df0fe39e99425,pair_dissolved_by_refactoring,exact,signature_changed,1.0,1.0
91aa66e65776fa8e204b8d73cc7d7062,fe80da3c58a38308c7be3bb3ab399ffe,pair_dissolved_naturally,unknown,unknown,,
91c78157438767829d1f1aaeb8d69bc5,c6d609e5755122be73006e3d1b12befa,pair_dissolved_by_refactoring,refactored,exact,0.73,1.0
91c78157438767829d1f1aaeb8d69bc5,d09fa69c6d5615c26aac2f825b8e7328,pair_dissolved_by_refactoring,refactored,exact,0.73,1.0
91c78157438767829d1f1aaeb8d69bc5,e8fab3b0104e8680b5767566a418db6e,pair_dissolved_by_refactoring,refactored,exact,0.73,1.0
91c78157438767829d1f1aaeb8d69bc5,fbb9bfc9cd9f39c7ca696149b61ba450,pair_dissolved_by_refactoring,refactored,refactored,0.73,0.8
920e731c2eba12211c5e968a9d4afb42,e753b02ca66888c74989beb0306c9460,pair_dissolved_naturally,exact,exact,1.0,1.0
92182414f692714b419138985cafcbf1,ab0f2ba0426ae676c6036be60873d337,pair_dissolved_naturally,exact,exact,1.0,1.0
92244d2dd864774397f7f24340be0412,d3adb2ca815461ee0d5303bd86d25711,pair_dissolved_naturally,exact,exact,1.0,1.0
9251c08c11b6717ef5407ec063112e8b,f0eebbcb97b09428b46c809bf1849b82,pair_dissolved_by_refactoring,exact,signature_changed,1.0,0.73
9255a153d54e760b59faa35ed9071936,cd07031d795d70ebd91c0731314c3a3f,pair_dissolved_naturally,exact,exact,1.0,1.0
92564afff00cfb71ac47500249d31354,b12d1e8ebbecb654477d41ed517689bf,pair_dissolved_naturally,exact,exact,1.0,1.0
926116abceac7581c4b541e7b99b68d4,972ced227aac695f2977cd391f38289f,pair_dissolved_by_refactoring,signature_changed,exact,1.0,1.0
926928986ae847763e8e1874639a28e8,b05f6e39dddd45d37c0c5307c597ca9e,pair_dissolved_naturally,exact,exact,1.0,1.0
926c6e0c7efc0ddf37399dc8ae72a52e,9b26ac921b79045ffafc1ab6a77e3e49,pair_dissolved_naturally,exact,exact,1.0,1.0
926c6e0c7efc0ddf37399dc8ae72a52e,b19874fd33c4654b3c22f08a7749bd86,pair_dissolved_naturally,exact,exact,1.0,1.0
926c6e0c7efc0ddf37399dc8ae72a52e,b46d44e1ea921f270eecf924a65d4a02,pair_dissolved_by_refactoring,exact,signature_changed,1.0,0.9
926c6e0c7efc0ddf37399dc8ae72a52e,d9fa36f997a550b8bce7c609bf04303c,pair_dissolved_naturally,exact,exact,1.0,1.0
9295b4212327ff6097a50e28972ec9db,9f727c36011e7499d79791c5c39bf7b8,pair_dissolved_naturally,exact,exact,1.0,1.0
92a2b9f98d9b0b99e1a235c863adef29,ee12bc3c83413e7a6123151a14786ba5,pair_dissolved_by_refactoring,signature_changed,exact,1.0,1.0
92ed9efb6de1fd21414d5adc44e8e51d,bee075e6203946f44337d444dc8efef9,pair_dissolved_naturally,exact,exact,1.0,1.0
92f04b56f3b87018a39c39fccb96c99f,9af0dac6fe467156569fed8eab8ef25f,pair_dissolved_naturally,exact,exact,1.0,1.0
92f04b56f3b87018a39c39fccb96c99f,9b122c43e5d526f474cf6d7a5b154bc4,pair_dissolved_by_refactoring,exact,signature_changed,1.0,0.92
92f04b56f3b87018a39c39fccb96c99f,a1e95a7e2a033fb15b6e8ac9896fc065,pair_dissolved_naturally,exact,exact,1.0,1.0
92f04b56f3b87018a39c39fccb96c99f,a2776351d19cc110e6c44284278648b3,pair_dissolved_naturally,exact,exact,1.0,1.0
92f04b56f3b87018a39c39fccb96c99f,af82016653af11b26e07fb7b11743060,pair_dissolved_naturally,exact,exact,1.0,1.0
92f04b56f3b87018a39c39fccb96c99f,bf5cbe1c1ecc07712ac7d4aa93e91a18,pair_dissolved_naturally,exact,exact,1.0,1.0
92f04b56f3b87018a39c39fccb96c99f,d4fe2c0b8d29ae7dcea508d05fcad947,pair_dissolved_naturally,exact,exact,1.0,1.0
92f04b56f3b87018a39c39fccb96c99f,d838203a9aa3ec7d77132d3bdbc0805c,pair_dissolved_naturally,exact,exact,1.0,1.0
92f04b56f3b87018a39c39fccb96c99f,ddefc4d0b81bfcef7a784153fd152e17,pair_dissolved_naturally,exact,exact,1.0,1.0
92f04b56f3b87018a39c39fccb96c99f,e935c1fd6cffb270214c37264e137271,pair_dissolved_by_refactoring,exact,signature_changed,1.0,0.96
92f04b56f3b87018a39c39fccb96c99f,f411c7f6ede16471367d8f59777caeba,pair_dissolved_naturally,exact,exact,1.0,1.0
92f04b56f3b87018a39c39fccb96c99f,f68184908547d41d437b80e3b395ae3a,pair_dissolved_naturally,exact,exact,1.0,1.0
92f04b56f3b87018a39c39fccb96c99f,fe4d451f78df4b2efac5fad1ac613fc9,pair_dissolved_by_refactoring,exact,signature_changed,1.0,0.96
9312ad37c6db0283302c10687173889b,9ead1557a30046d4cd4c7795cf208418,pair_dissolved_by_refactoring,signature_changed,exact,1.0,1.0
9312ad37c6db0283302c10687173889b,c44ba97ed27403daf5bb2e2b3f604b1d,pair_dissolved_by_refactoring,signature_changed,signature_changed,1.0,1.0
9312ad37c6db0283302c10687173889b,c74b2060f032ca14f43898e10fb658db,pair_dissolved_by_refactoring,signature_changed,signature_changed,1.0,1.0
932c97a6438fa628765cec2242ac2e23,a6b845b7d9cd56cbd64202955bfdcf6e,pair_dissolved_naturally,exact,exact,1.0,1.0
932c97a6438fa628765cec2242ac2e23,c5bdaaf1ceada7cfca019c4a07944754,pair_dissolved_naturally,exact,exact,1.0,1.0
9352ea8e3d6b6dd9882945dfe10d4e90,b3c47db5f6805ce1cf4d774c20950f39,pair_dissolved_naturally,exact,exact,1.0,1.0
936090b487118653e3c30ae8e61b231f,f19c2a109e60e31bb33b5a8d537f4de8,pair_dissolved_naturally,exact,exact,1.0,1.0
9362c3776542fbe98e898eedf6a1a8db,abf9d92a3ee6f090651eb86df3dde901,pair_dissolved_naturally,exact,exact,1.0,1.0
938b8e76142512a26f19b940e62e4da3,9b122c43e5d526f474cf6d7a5b154bc4,pair_dissolved_by_refactoring,signature_changed,signature_changed,0.98,0.92
938b8e76142512a26f19b940e62e4da3,a232c00d3c032c1dcb9960a03a2af02a,pair_dissolved_by_refactoring,signature_changed,signature_changed,0.98,0.98
938b8e76142512a26f19b940e62e4da3,a6f85f9146258be22899e29bafa6ddbe,pair_dissolved_by_refactoring,signature_changed,signature_changed,0.98,0.98
938b8e76142512a26f19b940e62e4da3,bc9351e25302126e2ccd26946c097596,pair_dissolved_by_refactoring,signature_changed,signature_changed,0.98,0.95
938b8e76142512a26f19b940e62e4da3,d4fe2c0b8d29ae7dcea508d05fcad947,pair_dissolved_by_refactoring,signature_changed,exact,0.98,1.0
938b8e76142512a26f19b940e62e4da3,d838203a9aa3ec7d77132d3bdbc0805c,pair_dissolved_by_refactoring,signature_changed,exact,0.98,1.0
938b8e76142512a26f19b940e62e4da3,fe54424f7bb37eaf31149edd5e038981,pair_dissolved_by_refactoring,signature_changed,signature_changed,0.98,0.98
939112935de21366d7e047bd7e2ba926,e9ff01197ab379603353914bf6a0c0fe,method_b_deleted,exact,deleted,1.0,
93c79e68e5fe6394bc4a0e90d979afb8,95304d17b4794f86afa0a5190f4aa6bf,pair_dissolved_naturally,exact,exact,1.0,1.0
93fbeb688d4e7ce3eb0c76554fb876b0,96fe1a133e1135002118eb866e39d79a,pair_dissolved_naturally,unknown,exact,,1.0
93fbeb688d4e7ce3eb0c76554fb876b0,cff817895e8ac32d2b36cff19bf7f848,pair_dissolved_naturally,unknown,unknown,,
93fbeb688d4e7ce3eb0c76554fb876b0,d50ad8f2a7c378ac8295eb0af6d56a72,pair_dissolved_naturally,unknown,unknown,,
940d551e3d65c57bd75e0da2e029d3e3,f6de1e5be5626e879b26411894b9cbf7,pair_dissolved_naturally,exact,exact,1.0,1.0
94256bcee58851bb13723cb0366708a8,986ae9d1c5f9fcbe4f7e2c57d221a202,pair_dissolved_naturally,exact,exact,1.0,1.0
9436d0852e7200d8485f317793715909,9670f3b52697607c9f88a9c66dfc452b,pair_dissolved_by_refactoring,signature_changed,exact,0.97,1.0
9436d0852e7200d8485f317793715909,bfc24ff01c9a92fb03fe54d25efe8aa8,pair_dissolved_by_refactoring,signature_changed,exact,0.97,1.0
943f1ce4cb73453dae86dfb01d8d9dcd,bfc24ff01c9a92fb03fe54d25efe8aa8,method_a_deleted,deleted,exact,,1.0
943f1ce4cb73453dae86dfb01d8d9dcd,cd0b06817e5361b439ade6f5710f027a,both_deleted,deleted,deleted,,
945852d40b6c9d0dd6e0c27d5b56facb,a7d3391913fb374d238fd49e5c7c796f,pair_dissolved_by_refactoring,exact,refactored,1.0,0.76
945852d40b6c9d0dd6e0c27d5b56facb,cc55a32a2141132f065798022cf031be,method_b_deleted,exact,deleted,1.0,
945852d40b6c9d0dd6e0c27d5b56facb,ee4571f3a31b5160523e605408464f52,method_b_deleted,exact,deleted,1.0,
947516be6dd68916a931511c7f5778ad,c86875105df81815fe55e30befe002b6,pair_dissolved_naturally,exact,exact,1.0,1.0
947516be6dd68916a931511c7f5778ad,cb81433265e1a563085cddde85ec55b6,pair_dissolved_naturally,exact,exact,1.0,1.0
94a8b70ddcd368dcedbff334d12c387e,fcc22697f0522465ee02e0636d3787bc,pair_dissolved_naturally,exact,exact,1.0,1.0
94cdf72e1d6e13398b43ccc08170a966,ee74f812e0b814c8a838aaa4dc2011da,pair_dissolved_naturally,exact,exact,1.0,1.0
94dc3b3266db1f0ccf7219db37f7e81f,c5d80d0d834070328512ec82c3af51eb,pair_dissolved_naturally,exact,exact,1.0,1.0
94dc3b3266db1f0ccf7219db37f7e81f,ca269df1de8cf4d6d8adae94ea5f81ab,pair_dissolved_naturally,exact,exact,1.0,1.0
94f6fa0db23125fa3ea668e5a26225b5,a3d3b0ddbd3e545b6ef4951381713a03,pair_dissolved_naturally,exact,exact,1.0,1.0
9517dc71edf8e0e62cd8e3c72b8daadf,b5ed86f102831e2021934c498b3e4fd5,pair_dissolved_naturally,exact,exact,1.0,1.0
95550250de68fb10c4243a6800275983,bd10e25b6c33cb10c35f6d38e3b4abab,pair_dissolved_by_refactoring,exact,signature_changed,1.0,0.75
95550250de68fb10c4243a6800275983,c27213b349076ce37d2a8ec8a83246cb,pair_dissolved_naturally,exact,exact,1.0,1.0
9583b4b4b06ebaf2eaa22ea4512374f0,d515804f6109f692c7d6ba231966ee4c,pair_dissolved_naturally,exact,exact,1.0,1.0
959082ab73d38ef8eb5e5daeb8d3cb15,e6402c09e9afc8c458758509149e0eb4,pair_dissolved_by_refactoring,signature_changed,exact,0.98,1.0
95b1689022380a4f4437eafddfa335ab,98203455dd220342563ed5653033bed4,both_deleted,deleted,deleted,,
95b1689022380a4f4437eafddfa335ab,ffbe38e164095c27bb266cc11a0a4f33,method_a_deleted,deleted,signature_changed,,0.73
95e089f181996e44079228344d50006d,962347a884fea398cef63c0d8f42a079,pair_dissolved_naturally,exact,exact,1.0,1.0
9612d047d219df9ccadf6a936fa20b06,d3cef00c07e0880bf36fe0b7c77bcee8,pair_dissolved_by_refactoring,signature_changed,signature_changed,0.98,1.0
96211d92c1d2ef20a209423a221e874f,ea8d9aed576beb0e7c8d1703071c1562,pair_dissolved_naturally,exact,exact,1.0,1.0
96365bcd8d34d3919272199bcedbb7c2,b338ff005cc9a4beccde9312c66d193e,pair_dissolved_naturally,exact,exact,1.0,1.0
96365bcd8d34d3919272199bcedbb7c2,f4f05ee29c76de672ab5b361222c19fa,pair_dissolved_naturally,exact,exact,1.0,1.0
9670f3b52697607c9f88a9c66dfc452b,c9977b9476e15505ed06ab2267605a36,pair_dissolved_naturally,exact,exact,1.0,1.0
967bc8db43ef49daebf9be8d414134d7,c3127c452a39d81c97730dd57968a7cd,pair_dissolved_naturally,exact,exact,1.0,1.0
9685b75cccefdf53bfda8b69da7b5558,dda28d3e4f09e6ad5c7fbfb564baa315,pair_dissolved_naturally,exact,exact,1.0,1.0
968c6992a9a51f867e888589aaffa28b,a020487c8be761e635b8bd77282ef082,pair_dissolved_naturally,exact,exact,1.0,1.0
968c6992a9a51f867e888589aaffa28b,ae5a735737fe25b8ed2dd79a7e553d31,pair_dissolved_naturally,exact,exact,1.0,1.0
96fe1a133e1135002118eb866e39d79a,cff817895e8ac32d2b36cff19bf7f848,pair_dissolved_naturally,exact,unknown,1.0,
96fe1a133e1135002118eb866e39d79a,d50ad8f2a7c378ac8295eb0af6d56a72,pair_dissolved_naturally,exact,unknown,1.0,
96fe1a133e1135002118eb866e39d79a,f1f6badc887fd29bf148d598cc51c79d,pair_dissolved_naturally,exact,unknown,1.0,
978182f3701e2c3f4832c7d7f4b12832,bd57bc315505db13052c52001e5bb645,both_deleted,deleted,deleted,,
978182f3701e2c3f4832c7d7f4b12832,f5b2a8788ca03da21bf81c7fb9db2b9a,method_a_deleted,deleted,exact,,1.0
978182f3701e2c3f4832c7d7f4b12832,f8f356cd00715cc0ca87d0c49f103017,method_a_deleted,deleted,exact,,1.0
978182f3701e2c3f4832c7d7f4b12832,f9a3009b8f3fe034e0c3b11f045b5b98,method_a_deleted,deleted,exact,,1.0
97a891ffe4d1d08c7b30e0dd487c35c6,a417db37ada83fff37a6fdc825a63b36,pair_dissolved_naturally,exact,exact,1.0,1.0
97b6e0e960759b1f347ed05f761d19ce,f49e2a50d37d1b94dd1347b6dc34f21d,pair_dissolved_naturally,exact,exact,1.0,1.0
97e5fb17afe9676d1e038a9b164fc04a,9caf5e6aa537f767c1959a0efabc51d9,pair_dissolved_by_refactoring,exact,signature_changed,1.0,1.0
98203455dd220342563ed5653033bed4,ca69645627277f9a258fb7a0108b6c8e,method_a_deleted,deleted,exact,,1.0
98203455dd220342563ed5653033bed4,ffbe38e164095c27bb266cc11a0a4f33,method_a_deleted,deleted,signature_changed,,0.73
9830914f72bcd2cff77655a06fd74ad1,bb94334626372efa0797f63d5bf43c37,pair_dissolved_naturally,exact,exact,1.0,1.0
9830914f72bcd2cff77655a06fd74ad1,c0ab929a802d36097730a1007fd07ef8,pair_dissolved_naturally,exact,exact,1.0,1.0
9830ab6cdb05dbbdbb54b17637c57ae3,ae51faa92470d47b33088bab6136e2b3,pair_dissolved_by_refactoring,refactored,exact,0.76,1.0
9830ab6cdb05dbbdbb54b17637c57ae3,d6e1266ba97db0a6254aef837638999c,pair_dissolved_by_refactoring,refactored,exact,0.76,1.0
9830ab6cdb05dbbdbb54b17637c57ae3,f6384ef959c037e8210b3514275b5db8,pair_dissolved_by_refactoring,refactored,exact,0.76,1.0
98576012f7f5477fb23c0fa0cddc8b2b,9d99acb4444ae4af56a218bac07eb237,pair_dissolved_naturally,exact,exact,1.0,1.0
98576012f7f5477fb23c0fa0cddc8b2b,9e7e5ff6fc382b510afc2cff0655c5a1,pair_dissolved_naturally,exact,exact,1.0,1.0
98576012f7f5477fb23c0fa0cddc8b2b,bdfe92ade6ebe362dae1b1a02aabcf98,pair_dissolved_naturally,exact,exact,1.0,1.0
98576012f7f5477fb23c0fa0cddc8b2b,d544d601a12b7205ab63827546ab31ba,pair_dissolved_naturally,exact,exact,1.0,1.0
986ae9d1c5f9fcbe4f7e2c57d221a202,c381525f583f18be07510aa70dd14a43,pair_dissolved_naturally,exact,exact,1.0,1.0
986ae9d1c5f9fcbe4f7e2c57d221a202,c4ce02691b4ec7022e6e41a6aa59efde,pair_dissolved_naturally,exact,exact,1.0,1.0
986ae9d1c5f9fcbe4f7e2c57d221a202,dfe2765af8b28f171d8a1d9d3cf221d2,pair_dissolved_naturally,exact,exact,1.0,1.0
986d1bebf9bd20ea9c4f3145e2b1f64d,be4b4254ff070c9df5f8a4f922f3266b,method_b_deleted,signature_changed,deleted,0.88,
986d1bebf9bd20ea9c4f3145e2b1f64d,d4edd733c2217a7db29648b568ebc888,pair_dissolved_by_refactoring,signature_changed,signature_changed,0.88,0.91
986d1bebf9bd20ea9c4f3145e2b1f64d,dc2d893f3a213ba8347e841ee3603faa,method_b_deleted,signature_changed,deleted,0.88,
986d1bebf9bd20ea9c4f3145e2b1f64d,f43d862f762bba5c9b1fddd4a6081faa,method_b_deleted,signature_changed,deleted,0.88,
9878b676f46b9bd7147f3307c6b28d8f,f72aff0cda1d153926bb1b0d8492b7d8,pair_dissolved_naturally,exact,exact,1.0,1.0
98a4b49318a55c1217c78b9db1724b55,e6822f2f355531d5bd853662e877d758,pair_dissolved_naturally,exact,exact,1.0,1.0
98a4b49318a55c1217c78b9db1724b55,ec832375cc34a4cf2eb637bc00bc02e4,pair_dissolved_by_refactoring,exact,refactored,1.0,0.82
98ae8153c4723bccadcc56a6301fcdd0,badfafe5b49b89f924c28ff9ddc38e93,pair_dissolved_naturally,exact,exact,1.0,1.0
98b22c484850a2d05e4330e274a3dac6,ae945983d8a57206659c43fd0c47e565,pair_dissolved_naturally,exact,exact,1.0,1.0
98d575a7c427c0a4d6379ba58d75ca36,e9702d711d21e72baff6202cbc2e4e8a,pair_dissolved_naturally,exact,exact,1.0,1.0
98d7191d7bb0be22aabbe452a52af3ac,9c36b9c350672f79168a07ef91c092f5,pair_dissolved_naturally,exact,exact,1.0,1.0
98d7191d7bb0be22aabbe452a52af3ac,ab0f2ba0426ae676c6036be60873d337,pair_dissolved_naturally,exact,exact,1.0,1.0
98e085494c77ed27bc3d8fe56cde284a,ed479135d2df74d268fe7282d54abff2,pair_dissolved_naturally,exact,exact,1.0,1.0
98faf6982c56c2a842435d4c66fadd9d,c1bda1b212a86ca7d716899c7e829d80,pair_dissolved_naturally,exact,exact,1.0,1.0
9922ecf09c61f5ef8a18465bb55a8afa,be497663604355bcf5a97cb67082b296,pair_dissolved_naturally,exact,exact,1.0,1.0
993562f058fbcfd3870e6fd1fe0676f1,9bc4f1616ee7b9aaf1c95ad770e231e3,pair_dissolved_naturally,exact,exact,1.0,1.0
993562f058fbcfd3870e6fd1fe0676f1,ad6aed1916bfa26e32f013b93a62a508,pair_dissolved_naturally,exact,exact,1.0,1.0
993562f058fbcfd3870e6fd1fe0676f1,e1706a287f57f107a47a41d4af582a80,pair_dissolved_naturally,exact,exact,1.0,1.0
993d5336ff9d0ecb195f2a7db1501277,f6deefebe7968adc49678c7bb7208126,pair_dissolved_naturally,exact,exact,1.0,1.0
994a80b8b714ccc128455d12e0cd0f7e,b8aacec1fe8a7e08a6ac7dbb53e9fcee,pair_dissolved_naturally,exact,exact,1.0,1.0
99894edf563af712fb0a7d12e3964c2a,fc391fb22d8c9365d9ed740d7241713a,pair_dissolved_naturally,exact,exact,1.0,1.0
99d29f9c2e3a022962d4adb9279d954d,e3d47358ab4ca5812135c982451dd5df,pair_dissolved_naturally,unknown,exact,,1.0
99eeae6b44c7e3fb4cfbfacd17801889,b56e86cbd0ab18c58317fc31663ec6fc,pair_dissolved_naturally,exact,exact,1.0,1.0
99eeae6b44c7e3fb4cfbfacd17801889,e7de7707c74f2f9cae18319d98eb849d,pair_dissolved_naturally,exact,exact,1.0,1.0
99fe3d629bc13c34164c64ffab9a82fc,ba5ca307ec6cbb4162828b6dd1cdd8cf,pair_dissolved_naturally,exact,exact,1.0,1.0
9a0d7286dc102bcf4daa49d45d67f8ad,b94278fe135308a082dc68898a4735f7,pair_dissolved_naturally,exact,exact,1.0,1.0
9a7f8afc7714521b41100d45f34fdd7d,d67fee6e01250da0af25ffdec9066254,pair_dissolved_naturally,exact,exact,1.0,1.0
9a8d74b12df48e604a82a9ca6986323c,df38b21eb91aa24b413bdab9941fc535,pair_dissolved_by_refactoring,signature_changed,signature_changed,0.95,0.95
9ac2f5eeec7438ced03008e37730fdb4,b00cb87a00db80b4107f6fa080b95d13,pair_dissolved_naturally,exact,exact,1.0,1.0
9ac2f5eeec7438ced03008e37730fdb4,f72c6e6c61021b8bdedc20f7823a65c4,pair_dissolved_by_refactoring,exact,signature_changed,1.0,0.71
9ad07204a48d1efb577b556f6563b1b4,a90a5a07076c07d998b7de63cbffca2a,pair_dissolved_naturally,exact,exact,1.0,1.0
9af0dac6fe467156569fed8eab8ef25f,bf5cbe1c1ecc07712ac7d4aa93e91a18,pair_dissolved_naturally,exact,exact,1.0,1.0
9af0dac6fe467156569fed8eab8ef25f,f68184908547d41d437b80e3b395ae3a,pair_dissolved_naturally,exact,exact,1.0,1.0
9afcece193d8b28515f52b9f359c6e09,a5e79ad5ae4cf75f7aa0acc3e74a89d4,pair_dissolved_naturally,exact,exact,1.0,1.0
9afcece193d8b28515f52b9f359c6e09,dc0ff6019072a549f032144fff0c62a4,pair_dissolved_naturally,exact,exact,1.0,1.0
9afcece193d8b28515f52b9f359c6e09,e4a2b54db0e9882156fb9365d28763c9,pair_dissolved_naturally,exact,exact,1.0,1.0
9afcece193d8b28515f52b9f359c6e09,e51bb4e4cad0dd3449f2fed7b9878068,pair_dissolved_naturally,exact,exact,1.0,1.0
9b122c43e5d526f474cf6d7a5b154bc4,a1e95a7e2a033fb15b6e8ac9896fc065,pair_dissolved_by_refactoring,signature_changed,exact,0.92,1.0
9b122c43e5d526f474cf6d7a5b154bc4,ad28ec89a7ea2b6622341f22c44a0403,pair_dissolved_by_refactoring,signature_changed,exact,0.92,1.0
9b122c43e5d526f474cf6d7a5b154bc4,d4fe2c0b8d29ae7dcea508d05fcad947,pair_dissolved_by_refactoring,signature_changed,exact,0.92,1.0
9b122c43e5d526f474cf6d7a5b154bc4,d838203a9aa3ec7d77132d3bdbc0805c,pair_dissolved_by_refactoring,signature_changed,exact,0.92,1.0
9b122c43e5d526f474cf6d7a5b154bc4,f411c7f6ede16471367d8f59777caeba,pair_dissolved_by_refactoring,signature_changed,exact,0.92,1.0
9b26ac921b79045ffafc1ab6a77e3e49,b19874fd33c4654b3c22f08a7749bd86,pair_dissolved_naturally,exact,exact,1.0,1.0
9b26ac921b79045ffafc1ab6a77e3e49,b46d44e1ea921f270eecf924a65d4a02,pair_dissolved_by_refactoring,exact,signature_changed,1.0,0.9
9b26ac921b79045ffafc1ab6a77e3e49,d9fa36f997a550b8bce7c609bf04303c,pair_dissolved_naturally,exact,exact,1.0,1.0
9b4f75842faebaa79e981fb9f977f0d4,d102ba1531c3d4a8c369eea5aab2701d,pair_dissolved_naturally,exact,exact,1.0,1.0
9b6bb22e528072727c1f063036843aa6,ea8d9aed576beb0e7c8d1703071c1562,pair_dissolved_naturally,exact,exact,1.0,1.0
9b8f1fcd0162782bf9c064c5ff57b9f3,e32948bd34e4a0ffb07e726038232a82,pair_dissolved_naturally,exact,exact,1.0,1.0
9b8f1fcd0162782bf9c064c5ff57b9f3,ebb85264ecc405596bb7110a7f9329f0,pair_dissolved_naturally,exact,exact,1.0,1.0
9ba0f1687b5e86233370d236b72ae686,e0a7ae87e313b02ab17b78aff4f9f7b4,pair_dissolved_naturally,exact,exact,1.0,1.0
9ba0f1687b5e86233370d236b72ae686,edf00b10428da19c00f19aad39b50504,pair_dissolved_naturally,exact,exact,1.0,1.0
9bb7978f5665fb988ec9927d8c503048,f4298dd59f5d6072bde0b8ba673da418,pair_dissolved_naturally,exact,exact,1.0,1.0
9bc44a4e976f83ef7da6e4db4ec16dfa,d4e070a999495e959e646ecc155b86a1,pair_dissolved_naturally,exact,exact,1.0,1.0
9bc4f1616ee7b9aaf1c95ad770e231e3,ad6aed1916bfa26e32f013b93a62a508,pair_dissolved_naturally,exact,exact,1.0,1.0
9bc4f1616ee7b9aaf1c95ad770e231e3,ae3230aa417a7af3e76db220d113b5f6,pair_dissolved_naturally,exact,exact,1.0,1.0
9bc4f1616ee7b9aaf1c95ad770e231e3,e1706a287f57f107a47a41d4af582a80,pair_dissolved_naturally,exact,exact,1.0,1.0
9bc4f1616ee7b9aaf1c95ad770e231e3,f216872fd769d3dca341c7192b4c5896,pair_dissolved_naturally,exact,exact,1.0,1.0
9bc4f1616ee7b9aaf1c95ad770e231e3,f2e7fe02404be9588d2d28ee20f96dd9,pair_dissolved_naturally,exact,exact,1.0,1.0
9bc4f1616ee7b9aaf1c95ad770e231e3,ffe535651d2f213222ed3629cd8f5e47,pair_dissolved_naturally,exact,exact,1.0,1.0
9bc65dbf87b549548bff0c77a795581d,ccf8974b4e9395b0a4c4712504957064,pair_dissolved_naturally,exact,exact,1.0,1.0
9bc7dd6f2a2f5fe11e84da920828addd,cb19e2529999153cc12e46719bb60cf1,pair_dissolved_naturally,exact,unknown,1.0,
9be87c4bee3398317f57a1600c00d21e,a5f9af34144e4305c1164944b9fac69a,pair_dissolved_by_refactoring,refactored,unknown,0.83,
9c9afd860e93bdfed87c88c3cde002d5,bc0e5f4694b3bf3b5aeab21bf9e36ea1,pair_dissolved_naturally,exact,exact,1.0,1.0
9caf5e6aa537f767c1959a0efabc51d9,f41378e67ecfe764f50cb985fb7f734e,pair_dissolved_by_refactoring,signature_changed,exact,1.0,1.0
9cba45d6262ae07eee464b459e911e6d,eb33e0cba8a5fd24fa5990db6c386582,pair_dissolved_naturally,exact,exact,1.0,1.0
9d1dbebd9928f36b8dd76d1390555951,b7a4f1382772f50c1437b67c6ce5bc6d,method_b_deleted,exact,deleted,1.0,
9d385087783a66a1be987599eb285962,e3886c7e0667f9a7454683503e140f90,method_a_deleted,deleted,signature_changed,,0.88
9d4216f1c435effdf8ae211882d48cc1,c4240e447643cd25973bec53ae89cab5,pair_dissolved_naturally,exact,unknown,1.0,
9d516ec0e1065072b2f73c434ab92fb7,fa9e6b8758248ca7ae158b80a7306a52,pair_dissolved_naturally,exact,exact,1.0,1.0
9db97a801c054f54175d3a59422fb385,ac377c44ac160c94e16d385eea9fa92c,pair_dissolved_naturally,exact,exact,1.0,1.0
9dbc11287e9019c3e930a1e55d5b3cf9,dc0ff6019072a549f032144fff0c62a4,pair_dissolved_naturally,exact,exact,1.0,1.0
9dd07968aab9e723ae1622c9e4c3e592,a9f3dbcebd5633fb6964f61e8a78e4d8,pair_dissolved_by_refactoring,signature_changed,exact,0.89,1.0
9dd07968aab9e723ae1622c9e4c3e592,c4f9e92ee900ccd9d650e3f06a8a1caf,pair_dissolved_by_refactoring,signature_changed,signature_changed,0.89,0.89
9dd07968aab9e723ae1622c9e4c3e592,ce24c55cff4da7e3e426a93675cb67ea,pair_dissolved_by_refactoring,signature_changed,signature_changed,0.89,0.95
9ddb51f27503e1df71edb8c36950cdaf,bad9fcc60f3368d35440b749435f0894,pair_dissolved_naturally,exact,exact,1.0,1.0
9de141462f963a8b9278b26f398a8881,c66dbee8cb83e424b9b6cce98158b7c8,pair_dissolved_naturally,exact,exact,1.0,1.0
9e15ce7a865f965468765414062f3f60,deb5f18544ab7a4dbd6cd4b039a4a51a,pair_dissolved_naturally,exact,exact,1.0,1.0
9e1dce5be32792884c73536bd5acfc66,a37a8a7a1937c55dfde2a69db160032a,method_a_deleted,deleted,exact,,1.0
9e1dce5be32792884c73536bd5acfc66,db480975b2dde816764431bd5ad4d4a2,method_a_deleted,deleted,exact,,1.0
9e3c3fbb707efa4841489aae7cab3aa0,f9821bd7ef333e959cb0cec765248f0c,pair_dissolved_naturally,exact,exact,1.0,1.0
9e419f024bc35799abc9c34e9c11c7ac,d2c0947b90819eb39fbf3e2968d1e99e,pair_dissolved_naturally,exact,unknown,1.0,
9e5e9a9e88fa2dc1a4a83da437cae1df,e5d6950904f8c757b51283ab13f79b32,pair_dissolved_naturally,exact,exact,1.0,1.0
9e92c738f1880fa548decae8bd2845e3,d1e9238d7eae3617accfe813480a0d3f,pair_dissolved_by_refactoring,renamed,renamed,0.98,0.98
9e92c738f1880fa548decae8bd2845e3,ece31ca566eb1d144d93011966e3a34a,pair_dissolved_by_refactoring,renamed,exact,0.98,1.0
9eb203f832846c919d4ddb6b0ccb846b,e69b9ac1b371d0ff143d195c42747484,pair_dissolved_naturally,exact,exact,1.0,1.0
9ee6ced51fc51f285d174fde7fb2e783,9f7d19d372fc82904124f67bf514a7a6,pair_dissolved_naturally,exact,exact,1.0,1.0
9f727c36011e7499d79791c5c39bf7b8,a6d6875c2500a67b579c9609611de769,pair_dissolved_naturally,exact,exact,1.0,1.0
9f727c36011e7499d79791c5c39bf7b8,b93ff050bc8cc544f875174d6c64d51a,pair_dissolved_naturally,exact,exact,1.0,1.0
9f727c36011e7499d79791c5c39bf7b8,d8bd409a61eed0290d225be07489b42c,pair_dissolved_naturally,exact,exact,1.0,1.0
9f727c36011e7499d79791c5c39bf7b8,ec2b16be29a1fce84d9787a5dff47794,pair_dissolved_naturally,exact,exact,1.0,1.0
9f727c36011e7499d79791c5c39bf7b8,ee2401fb49c256d8f92e50dbf3a4d160,pair_dissolved_naturally,exact,exact,1.0,1.0
9fc6fab148b4a5ee338d36d271df0a83,c1ba2eb0cf34255387b6803deeda1d53,pair_dissolved_by_refactoring,signature_changed,signature_changed,1.0,1.0
9fc6fab148b4a5ee338d36d271df0a83,c31da7be338e444342931fa66fcf8768,pair_dissolved_by_refactoring,signature_changed,signature_changed,1.0,1.0
a020487c8be761e635b8bd77282ef082,ba2163503510ac1ea9067d3a65742681,pair_dissolved_naturally,exact,exact,1.0,1.0
a02cf644bc5118e5e473829862bc5886,a690a866f58b5bb40e0e9fc87266adf5,pair_dissolved_naturally,exact,exact,1.0,1.0
a02cf644bc5118e5e473829862bc5886,e3984c3b9cbc8b464931b73d1395bf61,pair_dissolved_naturally,exact,exact,1.0,1.0
a0f19b403cc9d881c124895eb7917b0b,eb33e0cba8a5fd24fa5990db6c386582,pair_dissolved_naturally,exact,exact,1.0,1.0
a103ba868b42da9848c95c1f0b93ab30,d13f2f50ccbac11b54505dcfa7f24b42,pair_dissolved_by_refactoring,exact,refactored,1.0,0.86
a11a13039fe700a7f33bd4182afadd44,cd1def0a32ee6b0cdd4b37434210a282,method_b_deleted,signature_changed,deleted,0.91,
a125e0dc0e839bb8ac52d59a0862b784,ac4faf51578c7f7e41525eec27eaf3c8,pair_dissolved_by_refactoring,exact,signature_changed,1.0,0.99
a156f9af5feba55fdd7dd5db09f35817,b598cf437cff347e35e4f0edbb368a8e,method_a_deleted,deleted,exact,,1.0
a18a40bcaeb71431e98337d2366d2e13,c86db8585d0a18aa5aead240e0a1d71a,pair_dissolved_by_refactoring,exact,signature_changed,1.0,1.0
a1e74a592e8b771ef8420dc210b9a4f4,f8a5a6dd678b7af19816db0d774241ba,pair_dissolved_naturally,exact,exact,1.0,1.0
a1e95a7e2a033fb15b6e8ac9896fc065,f411c7f6ede16471367d8f59777caeba,pair_dissolved_naturally,exact,exact,1.0,1.0
a1f3ebd19de385ee18d44af27d7747c9,aef85f5cc2be0fc841dcbddad4d0d473,pair_dissolved_naturally,exact,exact,1.0,1.0
a228a1d6c316654710fc940fb707fe1b,ad85b9c3cfcc8b49d502e1795fa1a15c,pair_dissolved_naturally,exact,exact,1.0,1.0
a22a38fb9776dc5ef3e893a06dbe1d6e,c138c2c7d82f55d1f0e3b8182f873c96,pair_dissolved_naturally,exact,exact,1.0,1.0
a232c00d3c032c1dcb9960a03a2af02a,a6f85f9146258be22899e29bafa6ddbe,pair_dissolved_by_refactoring,signature_changed,signature_changed,0.98,0.98
a232c00d3c032c1dcb9960a03a2af02a,bc9351e25302126e2ccd26946c097596,pair_dissolved_by_refactoring,signature_changed,signature_changed,0.98,0.95
a232c00d3c032c1dcb9960a03a2af02a,d4fe2c0b8d29ae7dcea508d05fcad947,pair_dissolved_by_refactoring,signature_changed,exact,0.98,1.0
a232c00d3c032c1dcb9960a03a2af02a,f411c7f6ede16471367d8f59777caeba,pair_dissolved_by_refactoring,signature_changed,exact,0.98,1.0
a232c00d3c032c1dcb9960a03a2af02a,fe54424f7bb37eaf31149edd5e038981,pair_dissolved_by_refactoring,signature_changed,signature_changed,0.98,0.98
a2776351d19cc110e6c44284278648b3,ad28ec89a7ea2b6622341f22c44a0403,pair_dissolved_naturally,exact,exact,1.0,1.0
a2776351d19cc110e6c44284278648b3,af82016653af11b26e07fb7b11743060,pair_dissolved_naturally,exact,exact,1.0,1.0
a2776351d19cc110e6c44284278648b3,d838203a9aa3ec7d77132d3bdbc0805c,pair_dissolved_naturally,exact,exact,1.0,1.0
a2776351d19cc110e6c44284278648b3,f411c7f6ede16471367d8f59777caeba,pair_dissolved_naturally,exact,exact,1.0,1.0
a28bf8aed37ef6700dd89bc0519f9c47,f556e02977e44611dc16a200ad25b5bc,pair_dissolved_naturally,exact,exact,1.0,1.0
a33f3264f8c67d93c7c06ad66cde9f18,f2bcc2cb7a90c783e7ab697dcbc947d1,pair_dissolved_naturally,exact,exact,1.0,1.0
a33fa02fad5264b2bb0c4e184d5a4277,bc3671a53779b3346f6f2446015a0bc7,pair_dissolved_naturally,exact,exact,1.0,1.0
a33fa02fad5264b2bb0c4e184d5a4277,fabb3273d11be554bc31d1b8ae0409e6,pair_dissolved_naturally,exact,exact,1.0,1.0
a374710ce0bc2b014e5eac2e1f2e280b,e1369591eb17111a500ad4ecfff8767d,pair_dissolved_naturally,exact,exact,1.0,1.0
a3d3b0ddbd3e545b6ef4951381713a03,c37bd111fd5f312d57ccc35ab44c16ff,pair_dissolved_by_refactoring,exact,signature_changed,1.0,0.98
a3d3b0ddbd3e545b6ef4951381713a03,ce5ccccf397c18ecf94b0940afd70daf,pair_dissolved_naturally,exact,exact,1.0,1.0
a3d3b0ddbd3e545b6ef4951381713a03,eae8f0c55ca72b22ddbdb430eddd60c3,pair_dissolved_by_refactoring,exact,signature_changed,1.0,0.99
a45368f084e057385f33b2743df7693e,a6d2b72970c9a3720e99960534cb48ca,pair_dissolved_naturally,exact,exact,1.0,1.0
a45368f084e057385f33b2743df7693e,d0f78f9d674e32db6a5ec69a10a86152,pair_dissolved_naturally,exact,exact,1.0,1.0
a4b919de8aa09667bfad53e90d37683a,c572e3d68d288759c284494cc107acf7,pair_dissolved_naturally,exact,exact,1.0,1.0
a4f10b9f427a26933badeea2d8b10ac5,db639ff9dcb660c0fc754da3dac20c73,pair_dissolved_naturally,exact,exact,1.0,1.0
a527bdf8b2adf0e93349398a841d4764,b66c3ddbcd8b3237d1751c1460cec39b,pair_dissolved_naturally,exact,exact,1.0,1.0
a527bdf8b2adf0e93349398a841d4764,cca479dc56e5579d8e7b84f21d3a4b8e,pair_dissolved_naturally,exact,exact,1.0,1.0
a55e22e95ec7be221e7d187d1f0ea437,a8e338b6acf56efddf9403b8bbcc0fde,pair_dissolved_naturally,exact,exact,1.0,1.0
a55e22e95ec7be221e7d187d1f0ea437,b31cdf1ee7905a2410d36013a9536a98,pair_dissolved_naturally,exact,exact,1.0,1.0
a57217a601c0624c593649d9d7cea50c,a9f3dbcebd5633fb6964f61e8a78e4d8,pair_dissolved_by_refactoring,moved,exact,0.91,1.0
a57217a601c0624c593649d9d7cea50c,aadbde3efa2522d0258c803c715cc686,pair_dissolved_by_refactoring,moved,exact,0.91,1.0
a57217a601c0624c593649d9d7cea50c,adaeb9e71db54fd430ca8cc35e40aa54,pair_dissolved_by_refactoring,moved,unknown,0.91,
a5783899dbd615338e49633f89d3b9b4,b05205b9aceb44fb0a77595849d6a365,pair_dissolved_naturally,unknown,exact,,1.0
a5f9af34144e4305c1164944b9fac69a,c1e365ca4b3287270feda2d7aafd3217,pair_dissolved_by_refactoring,unknown,signature_changed,,0.97
a5f9af34144e4305c1164944b9fac69a,e28a9ce444a5e9a53fbaeaad65a57274,pair_dissolved_naturally,unknown,exact,,1.0
a619d0f668a5e475a302f7986ead3502,ed8e56a288e8ac2a9460c67792480644,pair_dissolved_by_refactoring,signature_changed,exact,0.91,1.0
a62823b2ffcfd3926ce2736a26991b92,c3e592b59f6d0c49eb25885d71e211a5,pair_dissolved_naturally,exact,exact,1.0,1.0
a64948e89a37b363e97d0717ed246e96,fb81892814067be19eb9dde929377947,pair_dissolved_by_refactoring,exact,signature_changed,1.0,0.95
a690a866f58b5bb40e0e9fc87266adf5,a7a4b5bf23cb560d08106ef75e1c73f8,pair_dissolved_naturally,exact,exact,1.0,1.0
a690a866f58b5bb40e0e9fc87266adf5,aaaeae07c0f3858e3e6e9b4976a0239a,pair_dissolved_naturally,exact,exact,1.0,1.0
a690a866f58b5bb40e0e9fc87266adf5,c23d5f76ef396a0f520ca6c677dccc1f,pair_dissolved_naturally,exact,exact,1.0,1.0
a690a866f58b5bb40e0e9fc87266adf5,cfe1ac5b7858b370c320c67133b10c14,pair_dissolved_naturally,exact,exact,1.0,1.0
a690a866f58b5bb40e0e9fc87266adf5,d36033982e36aa3cdaed9f357e6f21c9,pair_dissolved_naturally,exact,exact,1.0,1.0
a690a866f58b5bb40e0e9fc87266adf5,d6feeaed5bb9195ac670b5692ba10104,pair_dissolved_naturally,exact,exact,1.0,1.0
a690a866f58b5bb40e0e9fc87266adf5,da2ae411a236d52fa1e62a224bb1e88a,pair_dissolved_naturally,exact,exact,1.0,1.0
a690a866f58b5bb40e0e9fc87266adf5,dd720a31ae01f8066abe782818b59699,pair_dissolved_naturally,exact,exact,1.0,1.0
a690a866f58b5bb40e0e9fc87266adf5,e18040047e6a9e3bfe780035705bf429,pair_dissolved_naturally,exact,exact,1.0,1.0
a690a866f58b5bb40e0e9fc87266adf5,e70105d7788a5d736ae6805a7f230521,pair_dissolved_naturally,exact,exact,1.0,1.0
a690a866f58b5bb40e0e9fc87266adf5,ebc1919f45f9da5db0d468ce62cfdf50,pair_dissolved_naturally,exact,exact,1.0,1.0
a690a866f58b5bb40e0e9fc87266adf5,ecb3e4db5de817f87972b63a999006b3,pair_dissolved_naturally,exact,exact,1.0,1.0
a690a866f58b5bb40e0e9fc87266adf5,efe94917387a9794795e7fc79557dffa,pair_dissolved_naturally,exact,exact,1.0,1.0
a690a866f58b5bb40e0e9fc87266adf5,fabd6966abaabe52f19e44a088986cda,pair_dissolved_naturally,exact,exact,1.0,1.0
a6b845b7d9cd56cbd64202955bfdcf6e,c5bdaaf1ceada7cfca019c4a07944754,pair_dissolved_naturally,exact,exact,1.0,1.0
a6d2b72970c9a3720e99960534cb48ca,d0f78f9d674e32db6a5ec69a10a86152,pair_dissolved_naturally,exact,exact,1.0,1.0
a6dd073c41df5e4cd5d13e766fd4e6bc,cccb086700a436ad87e1317c84b864cb,pair_dissolved_naturally,exact,exact,1.0,1.0
a6dd073c41df5e4cd5d13e766fd4e6bc,e2b6254d26773537b200c35dd11aa299,pair_dissolved_naturally,exact,exact,1.0,1.0
a6f236c4ba0da7180ed40bbf2761db6b,bf4d638b877f436a1c5b4c9a5705b341,both_deleted,deleted,deleted,,
a6f236c4ba0da7180ed40bbf2761db6b,bf9e77952b3083e1dce956a58eb00d7a,both_deleted,deleted,deleted,,
a6f85f9146258be22899e29bafa6ddbe,bc9351e25302126e2ccd26946c097596,pair_dissolved_by_refactoring,signature_changed,signature_changed,0.98,0.95
a6f85f9146258be22899e29bafa6ddbe,d4fe2c0b8d29ae7dcea508d05fcad947,pair_dissolved_by_refactoring,signature_changed,exact,0.98,1.0
a6f85f9146258be22899e29bafa6ddbe,f411c7f6ede16471367d8f59777caeba,pair_dissolved_by_refactoring,signature_changed,exact,0.98,1.0
a6f85f9146258be22899e29bafa6ddbe,fe54424f7bb37eaf31149edd5e038981,pair_dissolved_by_refactoring,signature_changed,signature_changed,0.98,0.98
a71e959ab779e6e5e84f22204e625d62,bc4a255a80189daf80c59a5ac8640a63,pair_dissolved_naturally,exact,exact,1.0,1.0
a738af0335277332f070dcbe957fd807,e0f0acb62856ffb5d978143dbffc6fd8,pair_dissolved_naturally,exact,exact,1.0,1.0
a738af0335277332f070dcbe957fd807,e24374e6b0ecf05c62174068cbbe5571,pair_dissolved_naturally,exact,exact,1.0,1.0
a7694db9b3491810ad2c86f51b146dc2,ad90d5616a09edaebed6a6d8b5edf630,pair_dissolved_naturally,exact,exact,1.0,1.0
a7828f84216de079289de0d59fb12e1d,eb33e0cba8a5fd24fa5990db6c386582,pair_dissolved_naturally,exact,exact,1.0,1.0
a7bee3a35ca3a4eda3372d4ffc66115a,d4e8b6fe84f0cd5c781afb451760c4a0,method_b_deleted,exact,deleted,1.0,
a7bee3a35ca3a4eda3372d4ffc66115a,f659c5e78f96e257b20782a6e9b92ab3,pair_dissolved_naturally,exact,exact,1.0,1.0
a7bf25fd77f1196609e7a2c64f672cf9,e47d198fae9426c3903fad41f227363e,pair_dissolved_naturally,exact,exact,1.0,1.0
a7d3391913fb374d238fd49e5c7c796f,a9918bab6665863d140b25d057806885,method_b_deleted,refactored,deleted,0.76,
a7d3391913fb374d238fd49e5c7c796f,b91d6c34971591f0a094973f7c83fd22,pair_dissolved_by_refactoring,refactored,exact,0.76,1.0
a7d3391913fb374d238fd49e5c7c796f,cc55a32a2141132f065798022cf031be,method_b_deleted,refactored,deleted,0.76,
a7d3391913fb374d238fd49e5c7c796f,ee4571f3a31b5160523e605408464f52,method_b_deleted,refactored,deleted,0.76,
a7d3391913fb374d238fd49e5c7c796f,ef43004cae0fea1a3c02448f6b2e43de,pair_dissolved_by_refactoring,refactored,exact,0.76,1.0
a7d3391913fb374d238fd49e5c7c796f,fac9c0ff5e0c0a62a34161cf56090d44,pair_dissolved_by_refactoring,refactored,exact,0.76,1.0
a7d3391913fb374d238fd49e5c7c796f,fad61701302857e14959c1403d10743a,pair_dissolved_by_refactoring,refactored,exact,0.76,1.0
a835cdcfffd5ee8fc242c025ffa28a9c,f4bc2c1a3e7b97ea1aeb9e72ed649ecc,pair_dissolved_naturally,exact,exact,1.0,1.0
a880e25fd9cdc3afdfe88a9baf3f455c,c83d8e17333be63aeef94f06bb38ffca,pair_dissolved_naturally,exact,exact,1.0,1.0
a880e25fd9cdc3afdfe88a9baf3f455c,f0e4388ab35c73cdc88cfeb97e971715,pair_dissolved_naturally,exact,exact,1.0,1.0
a8c55a73010a1a7f54f1b9982c3bc421,d4309af438a132d3ea12c672720d1642,pair_dissolved_naturally,exact,exact,1.0,1.0
a8e338b6acf56efddf9403b8bbcc0fde,d071937ee4278d39507184c6b0d49791,pair_dissolved_naturally,exact,exact,1.0,1.0
a8fc261dea9f5166c6a9e954d5f64e00,c7990ca674b3ca9aba64658ff5e58ce4,pair_dissolved_naturally,exact,exact,1.0,1.0
a90a5a07076c07d998b7de63cbffca2a,bb4329bdd7c007677ae6a9fbd47dda90,pair_dissolved_naturally,exact,exact,1.0,1.0
a91c4263acacdd4d62ad9586ba3689ca,ec78ca3cb96f03c70604c7f5a6e73996,pair_dissolved_naturally,exact,exact,1.0,1.0
a926830726bdb27da0f7dadbc67fbfd1,eb33e0cba8a5fd24fa5990db6c386582,pair_dissolved_naturally,exact,exact,1.0,1.0
a93256ea2d3ed5872d7a17ffd7b4b315,ec0004580eca928e9a9e8107a119617f,pair_dissolved_naturally,exact,exact,1.0,1.0
a932a00a7a7b3c3c375ae3bc6d665a0c,a9f3dbcebd5633fb6964f61e8a78e4d8,method_a_deleted,deleted,exact,,1.0
a9918bab6665863d140b25d057806885,cc55a32a2141132f065798022cf031be,both_deleted,deleted,deleted,,
a9918bab6665863d140b25d057806885,ee4571f3a31b5160523e605408464f52,both_deleted,deleted,deleted,,
a9918bab6665863d140b25d057806885,fbbd917ae31402d94b56df4ff5062e55,method_a_deleted,deleted,refactored,,0.74
a9a3414824a267aaaf726cc3a2f0fd0e,aa55e4e11e13fca90d0525d6a02caee7,pair_dissolved_by_refactoring,signature_changed,signature_changed,0.82,0.84
a9a3414824a267aaaf726cc3a2f0fd0e,c838911abe633d145211ff49ecffbb5e,pair_dissolved_by_refactoring,signature_changed,signature_changed,0.82,0.95
a9a3414824a267aaaf726cc3a2f0fd0e,d4edd733c2217a7db29648b568ebc888,pair_dissolved_by_refactoring,signature_changed,signature_changed,0.82,0.91
a9aa5eca579ca73231fa30303b1e4831,e3984c3b9cbc8b464931b73d1395bf61,pair_dissolved_naturally,exact,exact,1.0,1.0
a9ac670600485a3846a61b3093ca37f0,afb6100ef779feb0cec7ade31159cb74,pair_dissolved_by_refactoring,signature_changed,signature_changed,0.82,0.9
a9ac670600485a3846a61b3093ca37f0,b7407e1fe26969263229eed7b98dbba5,pair_dissolved_by_refactoring,signature_changed,signature_changed,0.82,0.93
a9ef7131f222bbd911ef5c0d0536a23c,e6bde0997de34dbf185103f8c7baf23b,pair_dissolved_by_refactoring,signature_changed,exact,0.88,1.0
a9f3dbcebd5633fb6964f61e8a78e4d8,aadbde3efa2522d0258c803c715cc686,pair_dissolved_naturally,exact,exact,1.0,1.0
a9f3dbcebd5633fb6964f61e8a78e4d8,adaeb9e71db54fd430ca8cc35e40aa54,pair_dissolved_naturally,exact,unknown,1.0,
a9f3dbcebd5633fb6964f61e8a78e4d8,c4f9e92ee900ccd9d650e3f06a8a1caf,pair_dissolved_by_refactoring,exact,signature_changed,1.0,0.89
aa2019976583b18fd0f32a389033c81b,d6e1266ba97db0a6254aef837638999c,pair_dissolved_naturally,exact,exact,1.0,1.0
aa2019976583b18fd0f32a389033c81b,f6384ef959c037e8210b3514275b5db8,pair_dissolved_naturally,exact,exact,1.0,1.0
aa55e4e11e13fca90d0525d6a02caee7,d4edd733c2217a7db29648b568ebc888,pair_dissolved_by_refactoring,signature_changed,signature_changed,0.84,0.91
aa5b29efe0e05b3b3118bf626677fc3e,ac377c44ac160c94e16d385eea9fa92c,pair_dissolved_naturally,exact,exact,1.0,1.0
aaaeae07c0f3858e3e6e9b4976a0239a,e3984c3b9cbc8b464931b73d1395bf61,pair_dissolved_naturally,exact,exact,1.0,1.0
aadbde3efa2522d0258c803c715cc686,aadbde3efa2522d0258c803c715cc686,pair_dissolved_naturally,exact,exact,1.0,1.0
aadbde3efa2522d0258c803c715cc686,adaeb9e71db54fd430ca8cc35e40aa54,pair_dissolved_naturally,exact,unknown,1.0,
ab60da89e4e1e25ba93bbf6eb20d22af,f1536aac21275b7e3900385ff5489deb,pair_dissolved_naturally,exact,exact,1.0,1.0
ab77324bb07e9c421572e232f6fbc63a,b8cf2ba1ae7e081cfbcc4eaed1895d8b,pair_dissolved_naturally,exact,exact,1.0,1.0
ab7806a566fb2247b3ef82b53f93be5e,ba24db758e8e5c9db15786a5284f009b,pair_dissolved_naturally,exact,exact,1.0,1.0
ab9891a792371386695ae03faa323f7d,ac1f5c57bf4c99101dc3c53db1e27bd4,pair_dissolved_naturally,exact,exact,1.0,1.0
ab9f664ba4c10abee6c291b1b0c7fde1,c0adbc293280dc83f8b48d090b3690b6,pair_dissolved_naturally,exact,exact,1.0,1.0
abb849ab076d28a1d751641a7f57797b,b2d6d3643757f409d5b6314b35f9fe07,pair_dissolved_naturally,unknown,unknown,,
abd7d1d22dfdd4861c48a46b07b48074,ad5d9bbeabc702e0948b599cacc7d543,pair_dissolved_naturally,exact,exact,1.0,1.0
ac1f5c57bf4c99101dc3c53db1e27bd4,fedb7365dc07e2178a5a111a2cdb0b83,pair_dissolved_naturally,exact,exact,1.0,1.0
ac37d24fca8ce4acbf92792d87bf8bb7,dd384d159532460b79ad054519ac64d2,pair_dissolved_naturally,exact,exact,1.0,1.0
ac694b71a429f47cd5d5e448aedea94f,c0fba321d570ea461cfa9be8a4595690,pair_dissolved_naturally,exact,exact,1.0,1.0
ac694b71a429f47cd5d5e448aedea94f,dd43ed4a73d10067f970cdf0bd49032b,pair_dissolved_naturally,exact,exact,1.0,1.0
acacb06ea80a38e6a221275c7f255759,e9501b774db46193bae46e41c59607f1,pair_dissolved_naturally,exact,exact,1.0,1.0
ad28ec89a7ea2b6622341f22c44a0403,f411c7f6ede16471367d8f59777caeba,pair_dissolved_naturally,exact,exact,1.0,1.0
ad29a369141bfc7c3da1cadbbdfb5c62,d60bd1be1a89e234803e3c5edbc59fd9,pair_dissolved_naturally,exact,exact,1.0,1.0
ad2dfcb27e363de8f3d1730bc4d1efa2,e3e85a909b50e41a3259321469f7a68f,pair_dissolved_naturally,exact,exact,1.0,1.0
ad60197a6123605e278ae0e63d8c4f3b,fcbf3e666a31865e2c9622b11348b60f,pair_dissolved_naturally,exact,exact,1.0,1.0
ad621868b35760647d935f30a6a9c882,fc6b752b9c716c80f6a8b62a95365dd4,pair_dissolved_naturally,exact,exact,1.0,1.0
ad6aed1916bfa26e32f013b93a62a508,ae3230aa417a7af3e76db220d113b5f6,pair_dissolved_naturally,exact,exact,1.0,1.0
ad6aed1916bfa26e32f013b93a62a508,dd43ed4a73d10067f970cdf0bd49032b,pair_dissolved_naturally,exact,exact,1.0,1.0
ad6aed1916bfa26e32f013b93a62a508,e1706a287f57f107a47a41d4af582a80,pair_dissolved_naturally,exact,exact,1.0,1.0
ad6aed1916bfa26e32f013b93a62a508,f2e7fe02404be9588d2d28ee20f96dd9,pair_dissolved_naturally,exact,exact,1.0,1.0
ad6aed1916bfa26e32f013b93a62a508,ffe535651d2f213222ed3629cd8f5e47,pair_dissolved_naturally,exact,exact,1.0,1.0
ad90d5616a09edaebed6a6d8b5edf630,c944cb4868c55702f377404c1032f869,pair_dissolved_naturally,exact,exact,1.0,1.0
add4818f271e358137e1b100e86d9cac,fabb3273d11be554bc31d1b8ae0409e6,pair_dissolved_naturally,exact,exact,1.0,1.0
add4818f271e358137e1b100e86d9cac,fd547e7ba98229be09d54518d1f0eb50,pair_dissolved_naturally,exact,exact,1.0,1.0
adf6546a193051553e0f9e7be7a7de78,fbbabfcf44aa277ef018221594d6aa72,both_deleted,deleted,deleted,,
ae3230aa417a7af3e76db220d113b5f6,b0b4fc9b3b31954832d600fc324bfdb7,pair_dissolved_naturally,exact,exact,1.0,1.0
ae3230aa417a7af3e76db220d113b5f6,ba4fc391bce87747250cc2f7550e5630,pair_dissolved_naturally,exact,exact,1.0,1.0
ae3230aa417a7af3e76db220d113b5f6,c0fba321d570ea461cfa9be8a4595690,pair_dissolved_naturally,exact,exact,1.0,1.0
ae3230aa417a7af3e76db220d113b5f6,dd43ed4a73d10067f970cdf0bd49032b,pair_dissolved_naturally,exact,exact,1.0,1.0
ae3230aa417a7af3e76db220d113b5f6,e1706a287f57f107a47a41d4af582a80,pair_dissolved_naturally,exact,exact,1.0,1.0
ae3230aa417a7af3e76db220d113b5f6,f2e7fe02404be9588d2d28ee20f96dd9,pair_dissolved_naturally,exact,exact,1.0,1.0
ae4e8d746a599607504c8917cbbdcf60,b69ee369d98e097067f986c2d7acbf94,pair_dissolved_naturally,exact,exact,1.0,1.0
ae51faa92470d47b33088bab6136e2b3,f40620875edc07e50139eac977a9bbfc,pair_dissolved_naturally,exact,exact,1.0,1.0
ae5a735737fe25b8ed2dd79a7e553d31,ba2163503510ac1ea9067d3a65742681,pair_dissolved_naturally,exact,exact,1.0,1.0
ae5a735737fe25b8ed2dd79a7e553d31,f11a017f5ca5e19f83b8b3fefa3ab373,pair_dissolved_naturally,exact,exact,1.0,1.0
ae6837f261961be6efaad7c46bcb4ee2,ae80a6ffcc2d73063023363bcc96450d,pair_dissolved_naturally,exact,exact,1.0,1.0
ae6f62ddd72c36c0c364b27d3bd7d125,bb66eee0660f68aaaa5991e6509f4697,pair_dissolved_naturally,exact,exact,1.0,1.0
ae6f62ddd72c36c0c364b27d3bd7d125,ebfca03e41665347f909fdd752fb93ef,pair_dissolved_naturally,exact,exact,1.0,1.0
ae841f7b819265f3b4151bf186531ea2,c0c93135519a0e79d2be98efba2fcefc,pair_dissolved_naturally,exact,exact,1.0,1.0
aec0e309bc50c40ad3bc1acb86e0bd32,f96763ff6b5bfc3f420e137d5c6a2da3,pair_dissolved_by_refactoring,signature_changed,signature_changed,0.97,0.96
aef58b10937fe72e7326a6ccc78fc20f,dfa66808ef670e90702f3f0b346e3e86,pair_dissolved_naturally,exact,exact,1.0,1.0
af00ac40711dbf031dcd08d9f2357ec2,be1caea18d561783d8d6b71cd153273e,both_deleted,deleted,deleted,,
af00ac40711dbf031dcd08d9f2357ec2,be4b4254ff070c9df5f8a4f922f3266b,both_deleted,deleted,deleted,,
af00ac40711dbf031dcd08d9f2357ec2,dc2d893f3a213ba8347e841ee3603faa,both_deleted,deleted,deleted,,
af530c12f761bfb7223bcbc60fb48d6b,f90898132f235790e2ef2ea1160b34ef,method_b_deleted,exact,deleted,1.0,
af5a0c3fe6ea12e255d584387a376edd,e6d02f095bf92080bb47793d43b20dfb,pair_dissolved_naturally,exact,exact,1.0,1.0
af63032c7160f979b657ef21e1266944,c8ecc080eaa1022b88f5d5b2695886cc,pair_dissolved_by_refactoring,signature_changed,signature_changed,0.98,0.98
af82016653af11b26e07fb7b11743060,eecdbfbdf18397c080054695eec43d80,pair_dissolved_naturally,exact,exact,1.0,1.0
afcf13c88aa5bc1cdaa895b87049dd3b,d2131f0cfd125b7ff699b1ad41ef8799,pair_dissolved_naturally,exact,exact,1.0,1.0
aff277b10cf80240133d45ed0d561f3e,d96da56af7abcec1b0bc33099f605dd4,pair_dissolved_by_refactoring,exact,renamed,1.0,0.96
b00cb87a00db80b4107f6fa080b95d13,f72c6e6c61021b8bdedc20f7823a65c4,pair_dissolved_by_refactoring,exact,signature_changed,1.0,0.71
b023d247f46c87880e90b894fb14037e,d552bb7f9b16c497848346452d4ea70e,pair_dissolved_by_refactoring,exact,signature_changed,1.0,0.99
b0678332884aa624704b4186592d3464,b6cf4cdf2d8396f1c04c0cc99232fa54,pair_dissolved_naturally,exact,exact,1.0,1.0
b06fc1cde9eedc0fe86101fbb7d586d8,cae732bf385d3584613f5ab14a210dd2,pair_dissolved_naturally,exact,exact,1.0,1.0
b071f07acc09b5a5b86427fcffa8dc58,e9025bccff1b0439ed49987534968d6d,pair_dissolved_naturally,exact,exact,1.0,1.0
b0772f233d49da3da8ec21d4fc407fb3,b7e815eb89a021518a72b8a990ac64cd,pair_dissolved_naturally,exact,exact,1.0,1.0
b096405376b84c6ad0968f0a3472e518,cae732bf385d3584613f5ab14a210dd2,pair_dissolved_naturally,exact,exact,1.0,1.0
b096405376b84c6ad0968f0a3472e518,db18b0b4aca15df686b92932965bc677,pair_dissolved_naturally,exact,exact,1.0,1.0
b0b4fc9b3b31954832d600fc324bfdb7,f2e7fe02404be9588d2d28ee20f96dd9,pair_dissolved_naturally,exact,exact,1.0,1.0
b0b4fc9b3b31954832d600fc324bfdb7,ffe535651d2f213222ed3629cd8f5e47,pair_dissolved_naturally,exact,exact,1.0,1.0
b0e7ebf7ab8858c7e10c32173ce9ee6c,f46dccaf0fd4891b4b21a64ae1d8a4d5,pair_dissolved_by_refactoring,signature_changed,exact,0.96,1.0
b12d1e8ebbecb654477d41ed517689bf,b12d1e8ebbecb654477d41ed517689bf,pair_dissolved_naturally,exact,exact,1.0,1.0
b133a565dae4547400e7347813210b6a,d81db5bb287c444517c1284bfc4d7a01,pair_dissolved_naturally,exact,exact,1.0,1.0
b133de5702dc72b4ec8754189ecce190,cae732bf385d3584613f5ab14a210dd2,pair_dissolved_naturally,exact,exact,1.0,1.0
b15229634594351d21db17c07dad06af,b79616676488627e9f910eb4929f0c23,pair_dissolved_naturally,exact,exact,1.0,1.0
b156a83df25c93a5b25d8f44d0ac954e,d2f29866b5ca3dd21b068f6006a6810c,pair_dissolved_naturally,unknown,exact,,1.0
b19874fd33c4654b3c22f08a7749bd86,b46d44e1ea921f270eecf924a65d4a02,pair_dissolved_by_refactoring,exact,signature_changed,1.0,0.9
b1a71e5a4a0f3af91a8bc79a2f6f3103,fbbd917ae31402d94b56df4ff5062e55,pair_dissolved_by_refactoring,exact,refactored,1.0,0.74
b1b6f82477b38f17bfa26acef1e97354,cacae716df1ca743be20e96e77e5060e,pair_dissolved_naturally,exact,exact,1.0,1.0
b1d924147f9c57f8469dee6ac42644bf,c81ee1906b111276630ba0c09b055ff3,pair_dissolved_naturally,exact,exact,1.0,1.0
b1ea8e6903593a875e01e129aad3e347,da3d277ca395d1159f96c0713bc5bec0,pair_dissolved_naturally,exact,exact,1.0,1.0
b1ea8e6903593a875e01e129aad3e347,f7e77c932d04ef063dce410a76e94e14,pair_dissolved_naturally,exact,exact,1.0,1.0
b2511f6417f44a54c21d7b9be48e09e0,b66c3ddbcd8b3237d1751c1460cec39b,pair_dissolved_naturally,exact,exact,1.0,1.0
b26035cbf577b6a07d1ff5cf39328813,bf99e13557b600868fb2cbeda78a50ea,pair_dissolved_naturally,unknown,unknown,,
b27e027e7cbbf518df8a8bd76324fb48,faba12d316dc88b6b604a8c14a81cb6a,pair_dissolved_naturally,exact,exact,1.0,1.0
b299005a7b2938f35e5ae1a040a38d33,bb6126b09ffed022edf8dd07efdbb333,pair_dissolved_naturally,exact,exact,1.0,1.0
b2d6d3643757f409d5b6314b35f9fe07,eecdbfbdf18397c080054695eec43d80,pair_dissolved_naturally,unknown,exact,,1.0
b3000c85d046d50641e11a0c84935e81,b32435c39c8cc17dc4d0e57ecd8985e6,pair_dissolved_naturally,exact,exact,1.0,1.0
b32435c39c8cc17dc4d0e57ecd8985e6,b32435c39c8cc17dc4d0e57ecd8985e6,pair_dissolved_naturally,exact,exact,1.0,1.0
b32435c39c8cc17dc4d0e57ecd8985e6,b374ab7f70160f2d5b154f8794e5a703,pair_dissolved_naturally,exact,exact,1.0,1.0
b32435c39c8cc17dc4d0e57ecd8985e6,b9cfcbca417c2c3844f6d1444d722d39,pair_dissolved_naturally,exact,exact,1.0,1.0
b32435c39c8cc17dc4d0e57ecd8985e6,d3c56511739933153b4616b08586655f,pair_dissolved_naturally,exact,exact,1.0,1.0
b324e36fc589eb7732cc469bab931205,ec798a6eb72d082c32cbe0a1f72bec5b,pair_dissolved_naturally,exact,exact,1.0,1.0
b3c47db5f6805ce1cf4d774c20950f39,caa196c7736139031afdf25bdbe25d94,pair_dissolved_naturally,exact,exact,1.0,1.0
b3d4cd193f1e5b5ab73e78a6426be622,d8009447366d5eecab66ebd002f394b1,pair_dissolved_naturally,exact,exact,1.0,1.0
b40a09405525f52e533badce393aaec8,d34c97d4c8d727f415a81231da2a1c18,pair_dissolved_by_refactoring,refactored,exact,0.8,1.0
b40a09405525f52e533badce393aaec8,f6bfdd3882cbcf56c6a68d9db811aa6f,pair_dissolved_by_refactoring,refactored,moved,0.8,1.0
b40e6ffded2c42397921aeeb21b318bb,d6e6732f7d3b88c73f59da77bc74b4fc,pair_dissolved_naturally,exact,exact,1.0,1.0
b424db709b850c66f677e81a7bc967bd,ed65a5259ebcdf88297d8427fdb83bfc,pair_dissolved_naturally,exact,exact,1.0,1.0
b45fab6dedb450edc8092418f106a567,d440aca3d0c1ce8e700e00b99bbb703e,both_deleted,deleted,deleted,,
b46d44e1ea921f270eecf924a65d4a02,d9fa36f997a550b8bce7c609bf04303c,pair_dissolved_by_refactoring,signature_changed,exact,0.9,1.0
b49e77837a812bdc37641dafe4d7ced7,e88932a2c8e865d507d1a9e01042250d,pair_dissolved_naturally,exact,exact,1.0,1.0
b4fca962f519bc6c742feba18a977f7a,dcdf120409805b3a600808164187eb84,method_a_deleted,deleted,moved,,0.96
b5213162c6f68d65679346d31d0c4da8,bf9aecfbbdb4d97ead7ea216196c35ac,pair_dissolved_naturally,exact,exact,1.0,1.0
b5274610a89e3cc7318329d1a640d5bc,bd10e25b6c33cb10c35f6d38e3b4abab,pair_dissolved_by_refactoring,signature_changed,signature_changed,0.76,0.75
b5274610a89e3cc7318329d1a640d5bc,c27213b349076ce37d2a8ec8a83246cb,pair_dissolved_by_refactoring,signature_changed,exact,0.76,1.0
b53390c20d4338bc375d9251db542f54,f3b631e0e5352156923366830f6d5c67,pair_dissolved_naturally,exact,exact,1.0,1.0
b56e86cbd0ab18c58317fc31663ec6fc,e7de7707c74f2f9cae18319d98eb849d,pair_dissolved_naturally,exact,exact,1.0,1.0
b633a84ce152e31fceb10287d24d884d,ca52edd5eadb82d7cfc86785e7988e74,pair_dissolved_naturally,exact,exact,1.0,1.0
b64fca484fc8c4677e361b6fd4724d82,f83c6ad7fb10b0e81f889b92b1827f57,pair_dissolved_naturally,exact,exact,1.0,1.0
b655f2a9e7a99e92048f8cb848caef8c,ca0c552231a05cabcf0e54cb07b4e8f7,pair_dissolved_naturally,exact,exact,1.0,1.0
b655f2a9e7a99e92048f8cb848caef8c,d67fee6e01250da0af25ffdec9066254,pair_dissolved_naturally,exact,exact,1.0,1.0
b66c3ddbcd8b3237d1751c1460cec39b,efb27db69d41551b6f38e30d37578fc3,pair_dissolved_naturally,exact,exact,1.0,1.0
b6ac283edf85c612d86eb6a79338fb47,df813f01078d2856fb599aa227d74602,pair_dissolved_naturally,exact,exact,1.0,1.0
b6ac283edf85c612d86eb6a79338fb47,f05039bf17ffd7fbc6422bdfb437b626,pair_dissolved_naturally,exact,exact,1.0,1.0
b6b12ee08c10682d2aa905ac184e05e3,eb96183c037d5a086f634e7b1c004728,pair_dissolved_naturally,exact,exact,1.0,1.0
b6bcc4c2b4f1fdb91642be3ffb1dbd42,cf37981d7ccf9f935fa23d066312885f,pair_dissolved_naturally,exact,exact,1.0,1.0
b6e6504d11388c7c6d1f16767ccd395f,f9b06f6371aa74ed1ed87cf824fa2285,pair_dissolved_naturally,unknown,exact,,1.0
b72df5aefeccc1a7018726a21574aa8b,c79640de3064349eb870f35b522e280d,pair_dissolved_naturally,exact,exact,1.0,1.0
b742bc90f6388729a4ac8d197de218d9,d3c63d1c97da930ce2bdbff9e4dbb692,pair_dissolved_naturally,exact,exact,1.0,1.0
b7623f1bf0746aa9684a2f01342c7f27,c822527a6dbbb7824fa575334e6c0a10,pair_dissolved_naturally,exact,exact,1.0,1.0
b7c847d7adcf107a10c3039d6bcaa8f2,e3984c3b9cbc8b464931b73d1395bf61,pair_dissolved_naturally,exact,exact,1.0,1.0
b7d35be870963a348aac369fc15e9a68,d2c0947b90819eb39fbf3e2968d1e99e,pair_dissolved_naturally,exact,unknown,1.0,
b7d35be870963a348aac369fc15e9a68,ed8e56a288e8ac2a9460c67792480644,pair_dissolved_naturally,exact,exact,1.0,1.0
b7e249b60b48449587507850aa3e5c6a,f0cce6612259b0ad8edc16cc8c4cfd79,pair_dissolved_naturally,exact,exact,1.0,1.0
b816cf253618152849306d71b8dd2e3a,eb33e0cba8a5fd24fa5990db6c386582,pair_dissolved_naturally,exact,exact,1.0,1.0
b82ec2876ac46a06b3eedd30df3f2eb8,f52f6ea32ba66a71fa5462a4ec98fa76,pair_dissolved_naturally,exact,exact,1.0,1.0
b8f047932da5d6c177d0f31de5d74f1f,b97cb80446d3dfb364012c2cb6444e09,pair_dissolved_naturally,unknown,exact,,1.0
b8f047932da5d6c177d0f31de5d74f1f,fa8dca131b026a4712694e90ea49c37c,method_b_deleted,unknown,deleted,,
b91d6c34971591f0a094973f7c83fd22,cc55a32a2141132f065798022cf031be,method_b_deleted,exact,deleted,1.0,
b91d6c34971591f0a094973f7c83fd22,ee4571f3a31b5160523e605408464f52,method_b_deleted,exact,deleted,1.0,
b955ed6c6ca31362f57a9266c969d3a5,d1d13364695e88194b78930d170adfa6,pair_dissolved_naturally,exact,exact,1.0,1.0
b97cb80446d3dfb364012c2cb6444e09,f556a25ccf447a533c52b2d9896a7c6b,pair_dissolved_naturally,exact,exact,1.0,1.0
b97cb80446d3dfb364012c2cb6444e09,fa8dca131b026a4712694e90ea49c37c,method_b_deleted,exact,deleted,1.0,
b9cc57f610665f0103033110a78062a6,f204630a5d87290226cc37f99deb061c,pair_dissolved_naturally,exact,exact,1.0,1.0
b9cfcbca417c2c3844f6d1444d722d39,d3c56511739933153b4616b08586655f,pair_dissolved_naturally,exact,exact,1.0,1.0
ba2163503510ac1ea9067d3a65742681,ec798a6eb72d082c32cbe0a1f72bec5b,pair_dissolved_naturally,exact,exact,1.0,1.0
ba425075689e27eafcc700c250cf834a,bd271b9673b15081c203c12ab3a0cb9c,pair_dissolved_naturally,exact,exact,1.0,1.0
ba4fc391bce87747250cc2f7550e5630,c9a3e164d1e228c63a4288db403d0a52,pair_dissolved_naturally,exact,exact,1.0,1.0
ba4fc391bce87747250cc2f7550e5630,f2e7fe02404be9588d2d28ee20f96dd9,pair_dissolved_naturally,exact,exact,1.0,1.0
ba4fc391bce87747250cc2f7550e5630,ffe535651d2f213222ed3629cd8f5e47,pair_dissolved_naturally,exact,exact,1.0,1.0
bab09ec669df9914561104286f6d3f9f,be1caea18d561783d8d6b71cd153273e,both_deleted,deleted,deleted,,
bab09ec669df9914561104286f6d3f9f,be4b4254ff070c9df5f8a4f922f3266b,both_deleted,deleted,deleted,,
bab09ec669df9914561104286f6d3f9f,dc2d893f3a213ba8347e841ee3603faa,both_deleted,deleted,deleted,,
bab09ec669df9914561104286f6d3f9f,f43d862f762bba5c9b1fddd4a6081faa,both_deleted,deleted,deleted,,
bb8c89b033929ad4ef587531933387e5,cf6c95b4c6ca88505fedb9ad04bcad46,pair_dissolved_naturally,exact,exact,1.0,1.0
bb8c89b033929ad4ef587531933387e5,d7743b8c6d7b107b90d5b0b5afcbe627,pair_dissolved_naturally,exact,exact,1.0,1.0
bbc8438430dd30b3da2a6cba4311bcb7,d5fcab86045c24448f8d09df750e47e3,pair_dissolved_naturally,exact,exact,1.0,1.0
bc1e71d6d0e4e1370577a17bfd33e3de,e9f91df2c2dccafce090d9c057c0ee15,pair_dissolved_naturally,exact,exact,1.0,1.0
bc2e7f63565bc2254fb0c0305e619dde,d67fee6e01250da0af25ffdec9066254,pair_dissolved_naturally,exact,exact,1.0,1.0
bc3671a53779b3346f6f2446015a0bc7,fabb3273d11be554bc31d1b8ae0409e6,pair_dissolved_naturally,exact,exact,1.0,1.0
bc4612e8105133e620d333d51bf516ec,dc723381456d33e50c6dea3a85503aa4,pair_dissolved_naturally,exact,exact,1.0,1.0
bc4af61a8333c22c57d9fd6095068e2a,d4d0407ea001eb1a4806bc1f0d7955e4,pair_dissolved_by_refactoring,signature_changed,signature_changed,1.0,0.96
bc84a2a23f9c30aa600319a5834ccef6,e4ee531dbb76f757df9967c6453ca190,pair_dissolved_naturally,exact,exact,1.0,1.0
bc84a2a23f9c30aa600319a5834ccef6,e6f9088eece422b7fe8b38bd67384af7,pair_dissolved_naturally,exact,exact,1.0,1.0
bc84a2a23f9c30aa600319a5834ccef6,fe80c0c2f3cdeb470a791531935bd951,pair_dissolved_naturally,exact,exact,1.0,1.0
bc8bb2ea1ad08e71e8221397bf27d469,eb33e0cba8a5fd24fa5990db6c386582,pair_dissolved_by_refactoring,signature_changed,exact,1.0,1.0
bc9351e25302126e2ccd26946c097596,e935c1fd6cffb270214c37264e137271,pair_dissolved_by_refactoring,signature_changed,signature_changed,0.95,0.96
bc9351e25302126e2ccd26946c097596,f411c7f6ede16471367d8f59777caeba,pair_dissolved_by_refactoring,signature_changed,exact,0.95,1.0
bc9351e25302126e2ccd26946c097596,fe4d451f78df4b2efac5fad1ac613fc9,pair_dissolved_by_refactoring,signature_changed,signature_changed,0.95,0.96
bc9351e25302126e2ccd26946c097596,fe54424f7bb37eaf31149edd5e038981,pair_dissolved_by_refactoring,signature_changed,signature_changed,0.95,0.98
bd10e25b6c33cb10c35f6d38e3b4abab,c27213b349076ce37d2a8ec8a83246cb,pair_dissolved_by_refactoring,signature_changed,exact,0.75,1.0
bd42a189953109bef644b459595fdb24,e0d03913840096efb1189d4797b96973,pair_dissolved_naturally,exact,exact,1.0,1.0
bd57bc315505db13052c52001e5bb645,f5b2a8788ca03da21bf81c7fb9db2b9a,method_a_deleted,deleted,exact,,1.0
bd57bc315505db13052c52001e5bb645,f8f356cd00715cc0ca87d0c49f103017,method_a_deleted,deleted,exact,,1.0
bd93d6f1852b4bddf70e9c242f3bbafa,ed533786be862d97a3bf57eb61f95468,pair_dissolved_naturally,exact,exact,1.0,1.0
bd93d6f1852b4bddf70e9c242f3bbafa,f3553dcbad807a2c974e69d1e295c2df,pair_dissolved_naturally,exact,exact,1.0,1.0
bdb89cb1706714302f54c227c1c1cb75,d816ed913067532b36df0f5977be67a5,method_a_deleted,deleted,refactored,,0.77
bdb89cb1706714302f54c227c1c1cb75,e8ce1761dd8555520ae8682af38af8f8,both_deleted,deleted,deleted,,
bdfe92ade6ebe362dae1b1a02aabcf98,d544d601a12b7205ab63827546ab31ba,pair_dissolved_naturally,exact,exact,1.0,1.0
be1caea18d561783d8d6b71cd153273e,be4b4254ff070c9df5f8a4f922f3266b,both_deleted,deleted,deleted,,
be1caea18d561783d8d6b71cd153273e,dc2d893f3a213ba8347e841ee3603faa,both_deleted,deleted,deleted,,
be1caea18d561783d8d6b71cd153273e,e6d05cefde9bbe8dcee435a089e352e9,both_deleted,deleted,deleted,,
be1caea18d561783d8d6b71cd153273e,f43d862f762bba5c9b1fddd4a6081faa,both_deleted,deleted,deleted,,
be4b4254ff070c9df5f8a4f922f3266b,d4edd733c2217a7db29648b568ebc888,method_a_deleted,deleted,signature_changed,,0.91
be4b4254ff070c9df5f8a4f922f3266b,dc2d893f3a213ba8347e841ee3603faa,both_deleted,deleted,deleted,,
be4b4254ff070c9df5f8a4f922f3266b,e6d05cefde9bbe8dcee435a089e352e9,both_deleted,deleted,deleted,,
be4b4254ff070c9df5f8a4f922f3266b,f43d862f762bba5c9b1fddd4a6081faa,both_deleted,deleted,deleted,,
bea2f722b667fabb714ba9d05703a6e9,de140540744634631aa4cacb733a1d9f,pair_dissolved_naturally,exact,exact,1.0,1.0
bed3dac7b1324b0b113a321bb59428f3,d14acce5b7abf3ac800ca238d0fd07e1,pair_dissolved_by_refactoring,exact,signature_changed,1.0,0.99
bf2a9bacfddfc6fb80be3f334752cf21,eb33e0cba8a5fd24fa5990db6c386582,pair_dissolved_naturally,exact,exact,1.0,1.0
bf2e977e4c05e6f0ba0495eea87729b9,c3da465ef546e9509ee1a5a7ba7f41d7,pair_dissolved_naturally,exact,exact,1.0,1.0
bf395aa0e4b47956408493b5c24c7db5,cca7df0cf0aaaad09ac9f75e9636c712,pair_dissolved_naturally,exact,exact,1.0,1.0
bf3ac455a1e4b90b664129e0e36ebea8,e6d3cc4dd26714e3fac376e8729a3697,pair_dissolved_naturally,exact,exact,1.0,1.0
bf4d638b877f436a1c5b4c9a5705b341,bf4d638b877f436a1c5b4c9a5705b341,both_deleted,deleted,deleted,,
bf4d638b877f436a1c5b4c9a5705b341,bf9e77952b3083e1dce956a58eb00d7a,both_deleted,deleted,deleted,,
bf5cbe1c1ecc07712ac7d4aa93e91a18,f68184908547d41d437b80e3b395ae3a,pair_dissolved_naturally,exact,exact,1.0,1.0
bf5ef88b25f2b6a4a1a9d7b968606d01,e74ae8ab7ed6219ead7ffbdf12cd7f95,pair_dissolved_naturally,exact,exact,1.0,1.0
bf788b8ff88e67549374045158e190a6,c5eaee75b44c5e6ca94072ea9c5dabfc,pair_dissolved_by_refactoring,signature_changed,signature_changed,0.97,0.95
bf788b8ff88e67549374045158e190a6,c6aa4b70732c34ffa76d0653d38b9b5a,pair_dissolved_by_refactoring,signature_changed,signature_changed,0.97,0.78
bf788b8ff88e67549374045158e190a6,d8d061c522e61483cddbbf169cb0be0f,pair_dissolved_by_refactoring,signature_changed,signature_changed,0.97,0.97
c012573b31bf02627c7df645da98cbe1,de429a384e16ee8c39389c203746fd87,pair_dissolved_naturally,exact,exact,1.0,1.0
c076497b1a66f1a8eb70826b28cee7e9,e2dba04c10369ffac9b5b86d578c7aa9,pair_dissolved_by_refactoring,signature_changed,exact,0.86,1.0
c081db29d33a03502db1b61c0b7d7790,d101bfb4c498d7f0601b4c4684120156,pair_dissolved_naturally,exact,exact,1.0,1.0
c08e0039c4eaaf2bd17a9f0115dfe4df,c48de4086a0154014550c8498f384990,pair_dissolved_by_refactoring,signature_changed,signature_changed,0.9,0.9
c08e0039c4eaaf2bd17a9f0115dfe4df,dad058a6f1c36566e5d1cd47802ba723,pair_dissolved_by_refactoring,signature_changed,signature_changed,0.9,0.9
c08e0039c4eaaf2bd17a9f0115dfe4df,e3b4be1c8f14fba71e89c0441fea53e9,pair_dissolved_by_refactoring,signature_changed,signature_changed,0.9,0.9
c08e0039c4eaaf2bd17a9f0115dfe4df,faa274d4368a2c2792f087b065fc3cce,pair_dissolved_by_refactoring,signature_changed,signature_changed,0.9,0.95
c09fe336cc4c1226ee40d2d5ce32397f,c113e6fec17a8ef19420ab422093cd47,pair_dissolved_naturally,exact,exact,1.0,1.0
c09fe336cc4c1226ee40d2d5ce32397f,c57c9508789f5b7b467def43858971df,pair_dissolved_naturally,exact,exact,1.0,1.0
c09fe336cc4c1226ee40d2d5ce32397f,f8a5a6dd678b7af19816db0d774241ba,pair_dissolved_naturally,exact,exact,1.0,1.0
c0b99daa2eb41c5fff521281c6611720,d7c05203fc4a84d3cec84d7131aee2c5,pair_dissolved_naturally,exact,exact,1.0,1.0
c0e09d1201f258d38919ca72257a0bb3,c291f23a7544dfdedef8703dd485aa6b,pair_dissolved_naturally,exact,exact,1.0,1.0
c0e09d1201f258d38919ca72257a0bb3,f3550595aa189744c331aee964755929,pair_dissolved_naturally,exact,exact,1.0,1.0
c0fba321d570ea461cfa9be8a4595690,dd43ed4a73d10067f970cdf0bd49032b,pair_dissolved_naturally,exact,exact,1.0,1.0
c1008ef01750b6a18830525ad3e3af14,fc90a9af7d09e027fc1c9947f9d72bc3,pair_dissolved_naturally,exact,exact,1.0,1.0
c103dd9c063d4a66c994216f2ce83bb8,ceb470d5d78fe503f3ad16bdbe58f32d,pair_dissolved_naturally,exact,exact,1.0,1.0
c113e6fec17a8ef19420ab422093cd47,f8a5a6dd678b7af19816db0d774241ba,pair_dissolved_naturally,exact,exact,1.0,1.0
c1802ef4d9f58f1161d4521e6d3ca201,fe7696b4ebab10eddcf81f4e52d86374,pair_dissolved_naturally,exact,exact,1.0,1.0
c1b4ea17ff94e5d2e5777d4fee08295a,ed65a5259ebcdf88297d8427fdb83bfc,pair_dissolved_by_refactoring,signature_changed,exact,0.95,1.0
c1ba2eb0cf34255387b6803deeda1d53,c31da7be338e444342931fa66fcf8768,pair_dissolved_by_refactoring,signature_changed,signature_changed,1.0,1.0
c1d7e5605f53b0b3012671d6e4d80664,c33e4bbbe548d5ce56a610c3e100b060,pair_dissolved_naturally,exact,exact,1.0,1.0
c1d7e5605f53b0b3012671d6e4d80664,c8b801c8f480625e507e98111455c7c2,pair_dissolved_naturally,exact,exact,1.0,1.0
c1e365ca4b3287270feda2d7aafd3217,cd3c022da7475cdc37422514b209eb2d,pair_dissolved_by_refactoring,signature_changed,exact,0.97,1.0
c24430fe8c45626941254755295a74cb,ebbb7d0907f87af4083e9998df07aee6,pair_dissolved_by_refactoring,exact,signature_changed,1.0,1.0
c28c969423b9c1a6d014132f48461680,f1a83672100538b5b8496826d597c184,method_b_deleted,exact,deleted,1.0,
c291f23a7544dfdedef8703dd485aa6b,f3550595aa189744c331aee964755929,pair_dissolved_naturally,exact,exact,1.0,1.0
c3127c452a39d81c97730dd57968a7cd,d828d22f6619b95572591652d93903e6,pair_dissolved_naturally,exact,exact,1.0,1.0
c31da7be338e444342931fa66fcf8768,e24a65ab62d0916dbed4205945a06713,pair_dissolved_by_refactoring,signature_changed,signature_changed,1.0,1.0
c3d992542313a1778d20f91b636dc07a,f7e30162e68c4cc44a92f5fbc6643a87,pair_dissolved_naturally,exact,exact,1.0,1.0
c3da465ef546e9509ee1a5a7ba7f41d7,c946d25804b7059dd6135c08b5387efa,pair_dissolved_naturally,exact,exact,1.0,1.0
c41333d4e0c1101f816be5c141cba0cb,e8fab3b0104e8680b5767566a418db6e,pair_dissolved_naturally,exact,exact,1.0,1.0
c41333d4e0c1101f816be5c141cba0cb,fb7a917be45bb803d6bd2e1138102012,method_b_deleted,exact,deleted,1.0,
c41333d4e0c1101f816be5c141cba0cb,fbb9bfc9cd9f39c7ca696149b61ba450,pair_dissolved_by_refactoring,exact,refactored,1.0,0.8
c44ba97ed27403daf5bb2e2b3f604b1d,c74b2060f032ca14f43898e10fb658db,pair_dissolved_by_refactoring,signature_changed,signature_changed,1.0,1.0
c48de4086a0154014550c8498f384990,dad058a6f1c36566e5d1cd47802ba723,pair_dissolved_by_refactoring,signature_changed,signature_changed,0.9,0.9
c48de4086a0154014550c8498f384990,e3b4be1c8f14fba71e89c0441fea53e9,pair_dissolved_by_refactoring,signature_changed,signature_changed,0.9,0.9
c48de4086a0154014550c8498f384990,faa274d4368a2c2792f087b065fc3cce,pair_dissolved_by_refactoring,signature_changed,signature_changed,0.9,0.95
c4f9e92ee900ccd9d650e3f06a8a1caf,ce24c55cff4da7e3e426a93675cb67ea,pair_dissolved_by_refactoring,signature_changed,signature_changed,0.89,0.95
c59001b55c5bc51598f6cb620b44bd35,fba33318be945c2a137549264926b049,pair_dissolved_naturally,exact,exact,1.0,1.0
c5d80d0d834070328512ec82c3af51eb,ca269df1de8cf4d6d8adae94ea5f81ab,pair_dissolved_naturally,exact,exact,1.0,1.0
c5eaee75b44c5e6ca94072ea9c5dabfc,c6aa4b70732c34ffa76d0653d38b9b5a,pair_dissolved_by_refactoring,signature_changed,signature_changed,0.95,0.78
c5eaee75b44c5e6ca94072ea9c5dabfc,d8d061c522e61483cddbbf169cb0be0f,pair_dissolved_by_refactoring,signature_changed,signature_changed,0.95,0.97
c5f672ad2e9ba3514528f4998282e5c4,f6d03db7b393cde4d9ec8f90a49797c5,pair_dissolved_by_refactoring,exact,signature_changed,1.0,0.79
c61017c4c119e60ed67e58f8f698f3d1,d8c24f3e971602fbdd621cce431ebdf4,pair_dissolved_naturally,exact,exact,1.0,1.0
c654df1d425134a14c3d66e3be371e26,d13f2f50ccbac11b54505dcfa7f24b42,pair_dissolved_by_refactoring,exact,refactored,1.0,0.86
c654df1d425134a14c3d66e3be371e26,e79b5300069781f4b1062d65b457eb20,pair_dissolved_by_refactoring,exact,renamed,1.0,0.91
c6aa4b70732c34ffa76d0653d38b9b5a,d8d061c522e61483cddbbf169cb0be0f,pair_dissolved_by_refactoring,signature_changed,signature_changed,0.78,0.97
c6d609e5755122be73006e3d1b12befa,f56727e542e5847d13427063ec6c7322,pair_dissolved_naturally,exact,exact,1.0,1.0
c717d8875913cea85b4b426b091a9634,e4a46302cbc8f4a355a16e1f531abc62,pair_dissolved_naturally,exact,exact,1.0,1.0
c73a24e935fb2b195dc0724e88f93436,cd24946a8d4de72ee1968bf9194e8b5a,pair_dissolved_naturally,unknown,unknown,,
c73a24e935fb2b195dc0724e88f93436,dee6abed23725dc25bf26897a75e7ad3,pair_dissolved_naturally,unknown,unknown,,
c76f34d6c3d5eb574d88edff1273e6c1,e4fa69a75219d6cb898442d78f2a6c83,pair_dissolved_naturally,exact,exact,1.0,1.0
c783fe4120bc26886476bf81cbd51431,f7280a079483a2c7bb83ecb6978edd8c,pair_dissolved_by_refactoring,exact,signature_changed,1.0,0.86
c79640de3064349eb870f35b522e280d,e858c1f793b70dced2e9dfb871a5bb77,pair_dissolved_naturally,exact,exact,1.0,1.0
c7be5043192d21424c134a6cc1d312b6,d31442aa71512d43210cca0e6c9cc117,pair_dissolved_naturally,exact,exact,1.0,1.0
c7cc9cf1369dd1ce63f57de7ddc7fbcc,f1a3b55265667545142e8b72b2a6fdfa,pair_dissolved_naturally,exact,exact,1.0,1.0
c7f20a575b2df1651ff7c77e6269b112,f293285d7ee95d36ebb9f0e4f3d392f2,pair_dissolved_naturally,exact,exact,1.0,1.0
c838911abe633d145211ff49ecffbb5e,d570a38e01789db11f0d850537dd627c,pair_dissolved_by_refactoring,signature_changed,signature_changed,0.95,0.9
c83d8e17333be63aeef94f06bb38ffca,f0e4388ab35c73cdc88cfeb97e971715,pair_dissolved_naturally,exact,exact,1.0,1.0
c85e6008fec055d09bd84613820e9c81,fb36b14c1848b7b0a76aaeb35cd8e0f7,pair_dissolved_naturally,exact,exact,1.0,1.0
c87bb8f0acd6d15f1a9bae7713c6716b,d9b9cd79b2ad1cbc4cc8e016c607d8bd,pair_dissolved_naturally,exact,exact,1.0,1.0
c965fc865cdbbc997c4674f65048cbe5,cc34617111c1728836ae08cdbadc6ebc,pair_dissolved_naturally,exact,exact,1.0,1.0
ca1a265583468598669efe7db5ad1ce9,f6e396a15c1fc2c03eb9c7726a346ecb,pair_dissolved_naturally,exact,exact,1.0,1.0
ca5181debc2c09f439755a9e24a9d55f,d4108657a56e2d26f3251c20cfad24bf,pair_dissolved_naturally,exact,exact,1.0,1.0
ca63c0387bd51c32bbfa16fc808c0d30,d09fa69c6d5615c26aac2f825b8e7328,pair_dissolved_naturally,unknown,exact,,1.0
ca63c0387bd51c32bbfa16fc808c0d30,e8fab3b0104e8680b5767566a418db6e,pair_dissolved_naturally,unknown,exact,,1.0
ca63c0387bd51c32bbfa16fc808c0d30,f56727e542e5847d13427063ec6c7322,pair_dissolved_naturally,unknown,exact,,1.0
ca69645627277f9a258fb7a0108b6c8e,ffbe38e164095c27bb266cc11a0a4f33,pair_dissolved_by_refactoring,exact,signature_changed,1.0,0.73
ca76d3ca43d7515ab966e969a2d2dc69,e2aaf111a9a2ce390eab2d6fc0e03fce,pair_dissolved_by_refactoring,signature_changed,signature_changed,1.0,1.0
cabb8f52c48f96daa43af74f98a4212f,f7ec3d8a679f10c0f031d337cf55d767,pair_dissolved_by_refactoring,renamed,renamed,0.98,0.98
cae732bf385d3584613f5ab14a210dd2,d554e77817301b74bb606546d0b6f080,pair_dissolved_naturally,exact,exact,1.0,1.0
cae732bf385d3584613f5ab14a210dd2,fd85218cc8d7bc3d72f1408d0dda1b6a,pair_dissolved_naturally,exact,exact,1.0,1.0
cb3b529082b79077746b8ad9496e9ac0,ec798a6eb72d082c32cbe0a1f72bec5b,pair_dissolved_by_refactoring,signature_changed,exact,0.99,1.0
cb6d865e2435525e844b47650b7022ad,d273e7bc17d4c85cf104efe2fedeac0f,pair_dissolved_naturally,exact,exact,1.0,1.0
cb8ce96c2471ad2fe47208c1066bff41,ce40506dff460625a97a8b96a79d81a7,pair_dissolved_naturally,exact,exact,1.0,1.0
cc55a32a2141132f065798022cf031be,ee4571f3a31b5160523e605408464f52,both_deleted,deleted,deleted,,
cc55a32a2141132f065798022cf031be,ef43004cae0fea1a3c02448f6b2e43de,method_a_deleted,deleted,exact,,1.0
cc55a32a2141132f065798022cf031be,fac9c0ff5e0c0a62a34161cf56090d44,method_a_deleted,deleted,exact,,1.0
cc55a32a2141132f065798022cf031be,fad61701302857e14959c1403d10743a,method_a_deleted,deleted,exact,,1.0
cca479dc56e5579d8e7b84f21d3a4b8e,efb27db69d41551b6f38e30d37578fc3,pair_dissolved_naturally,exact,exact,1.0,1.0
cca479dc56e5579d8e7b84f21d3a4b8e,fdafdd7fe5d83aaf35e8bf2cc2080f4a,pair_dissolved_naturally,exact,exact,1.0,1.0
cccb086700a436ad87e1317c84b864cb,e2b6254d26773537b200c35dd11aa299,pair_dissolved_naturally,exact,exact,1.0,1.0
cce00f232aacab6e63d1eed02d8e4c15,df4cc0de1c4728d9d476fb0ce65fd7dd,pair_dissolved_by_refactoring,exact,refactored,1.0,0.73
cce3c3cfe253447b8749c68c6b22b5be,f9d83bae7c349b8f19228e03f4d319b7,pair_dissolved_naturally,exact,exact,1.0,1.0
cced121d8de37d8bc5ef49bb99075454,ced446350b651bdbd9375abffe206760,pair_dissolved_naturally,exact,exact,1.0,1.0
ccf8974b4e9395b0a4c4712504957064,efb0da3a70fcfb4058aa9465015213a1,pair_dissolved_naturally,exact,exact,1.0,1.0
ccfca1bfad8aa0c9c5ff355a8887568b,e36834f7189bde3ae1cfaaa9bdf1b70f,pair_dissolved_naturally,exact,exact,1.0,1.0
cd24946a8d4de72ee1968bf9194e8b5a,cf9fb593cee64bd335b61b996622a97a,pair_dissolved_naturally,unknown,unknown,,
cd24946a8d4de72ee1968bf9194e8b5a,dee6abed23725dc25bf26897a75e7ad3,pair_dissolved_naturally,unknown,unknown,,
cd4cf7e9150cb7e4f9859963d31350bf,fbbd917ae31402d94b56df4ff5062e55,pair_dissolved_by_refactoring,exact,refactored,1.0,0.74
cde7f8ef34cbab17042c537ddfa4d430,ec798a6eb72d082c32cbe0a1f72bec5b,pair_dissolved_naturally,exact,exact,1.0,1.0
cdfc025a14185b950469a17e22def497,cee2f585f03a561781fa29ffd67025a7,pair_dissolved_naturally,exact,exact,1.0,1.0
ce16c6a9a206aa21a468e1cf21bb97cb,fa51b9685ca6e8edd05b3f7850c178c4,method_a_deleted,deleted,exact,,1.0
ce533a2c26978e381f1bd7b87413ffe9,ec5a6172d7ae8b80ef91fca7c5d6ecb4,pair_dissolved_naturally,exact,exact,1.0,1.0
ceb50031592dc47ec6561220c9a163dc,fd4b837ec0172509bd5b5dc797032321,pair_dissolved_by_refactoring,refactored,renamed,0.86,0.91
cedd248a431e561b08d15c58441aa91f,dd23f68708e422508a5d20a951e5bd8d,pair_dissolved_naturally,exact,exact,1.0,1.0
cf0321c99097f2a8a55692535cd5fcdd,cf0321c99097f2a8a55692535cd5fcdd,pair_dissolved_naturally,exact,exact,1.0,1.0
cf9fb593cee64bd335b61b996622a97a,d148124ea74c315d0901a31016af79a7,pair_dissolved_naturally,unknown,unknown,,
cf9fb593cee64bd335b61b996622a97a,dee6abed23725dc25bf26897a75e7ad3,pair_dissolved_naturally,unknown,unknown,,
cfb28850a08bd9460d000e97c302dd84,d4aa7093d45415ef8645b84ca34e0732,pair_dissolved_by_refactoring,exact,moved,1.0,1.0
cfb28850a08bd9460d000e97c302dd84,f067e358665f42a09eb4d6253290a287,pair_dissolved_by_refactoring,exact,moved,1.0,1.0
cff817895e8ac32d2b36cff19bf7f848,d50ad8f2a7c378ac8295eb0af6d56a72,pair_dissolved_naturally,unknown,unknown,,
d0012c0625623e53a5890f267945d04e,fedb7365dc07e2178a5a111a2cdb0b83,pair_dissolved_naturally,exact,exact,1.0,1.0
d04bd1ac31555459f65678930fdbcd1c,ed107269279d8143d9efea8d1744c8ca,pair_dissolved_naturally,exact,exact,1.0,1.0
d09fa69c6d5615c26aac2f825b8e7328,e8fab3b0104e8680b5767566a418db6e,pair_dissolved_naturally,exact,exact,1.0,1.0
d1803e74496f0e0137d46251bf2f4a26,e3e114a45160415533e3872fc3774c2d,pair_dissolved_naturally,exact,unknown,1.0,
d1a771089428c0505fa8322358600c21,d8009447366d5eecab66ebd002f394b1,pair_dissolved_naturally,exact,exact,1.0,1.0
d1e9238d7eae3617accfe813480a0d3f,ece31ca566eb1d144d93011966e3a34a,pair_dissolved_by_refactoring,renamed,exact,0.98,1.0
d25ac89d994407808262314cfc4075a0,fee5e9acdfc2523f0a6ced3e7bbcc481,pair_dissolved_naturally,exact,exact,1.0,1.0
d2855bdea64d4cb7091445fc2230b9aa,ed3fa0f1510100ef29e478b0363912a8,pair_dissolved_naturally,exact,exact,1.0,1.0
d2bbc96491a614fcccfd25e8a5544e6f,fcc7eff7302234b59753bc6db2026a21,pair_dissolved_naturally,exact,exact,1.0,1.0
d30dcbadcab2596c99fed94b1b0cc3e1,ed65a5259ebcdf88297d8427fdb83bfc,pair_dissolved_naturally,exact,exact,1.0,1.0
d34c97d4c8d727f415a81231da2a1c18,f6bfdd3882cbcf56c6a68d9db811aa6f,pair_dissolved_by_refactoring,exact,moved,1.0,1.0
d3f3fa8353274aaac0ce0788fb7ea645,e263b20eec9826e6ff2763c589fae66a,pair_dissolved_naturally,exact,exact,1.0,1.0
d42239dfed4ebb2b0dc1aa234c38ef1e,d48d52357f1b6d7e710207534bb60cf0,pair_dissolved_naturally,exact,exact,1.0,1.0
d42239dfed4ebb2b0dc1aa234c38ef1e,e6dc3d85979107eebcc0a7edae3b87a4,pair_dissolved_naturally,exact,exact,1.0,1.0
d467cf3bc2034f810ebaa776ce376bc4,ec798a6eb72d082c32cbe0a1f72bec5b,pair_dissolved_naturally,exact,exact,1.0,1.0
d4bb68ae35592c60c61084aeedf19b95,ef3f9fb72a6417b9237ba68211500d99,pair_dissolved_by_refactoring,signature_changed,exact,0.9,1.0
d4e1cf71878de3eb7b69a34458aaf48d,e928e2b156c507704513e4aeed1b7741,pair_dissolved_naturally,exact,exact,1.0,1.0
d4e8b6fe84f0cd5c781afb451760c4a0,d9ae173d036c18c1dca141383dff953b,method_a_deleted,deleted,exact,,1.0
d4e8b6fe84f0cd5c781afb451760c4a0,dadda9ac49681b7aa8680553d8f56323,both_deleted,deleted,deleted,,
d4e8b6fe84f0cd5c781afb451760c4a0,e84154d38b077f0ecbce7fe797e69e1f,method_a_deleted,deleted,exact,,1.0
d4e8b6fe84f0cd5c781afb451760c4a0,f659c5e78f96e257b20782a6e9b92ab3,method_a_deleted,deleted,exact,,1.0
d4edd733c2217a7db29648b568ebc888,dc2d893f3a213ba8347e841ee3603faa,method_b_deleted,signature_changed,deleted,0.91,
d4edd733c2217a7db29648b568ebc888,f43d862f762bba5c9b1fddd4a6081faa,method_b_deleted,signature_changed,deleted,0.91,
d4fe2c0b8d29ae7dcea508d05fcad947,f411c7f6ede16471367d8f59777caeba,pair_dissolved_naturally,exact,exact,1.0,1.0
d50ad8f2a7c378ac8295eb0af6d56a72,f1f6badc887fd29bf148d598cc51c79d,pair_dissolved_naturally,unknown,unknown,,
d515804f6109f692c7d6ba231966ee4c,d52ac8a5528517fa76c4844002b5c449,pair_dissolved_naturally,exact,exact,1.0,1.0
d515804f6109f692c7d6ba231966ee4c,d8c24f3e971602fbdd621cce431ebdf4,pair_dissolved_naturally,exact,exact,1.0,1.0
d52ac8a5528517fa76c4844002b5c449,d8c24f3e971602fbdd621cce431ebdf4,pair_dissolved_naturally,exact,exact,1.0,1.0
d66b674b5bb7e90df8b5dbcb9827aa5b,e6c4aba4031c9f0ab2f13e7c7a2e6f6a,pair_dissolved_naturally,exact,exact,1.0,1.0
d67fee6e01250da0af25ffdec9066254,e1ddbaf77400520c35295452c5b0d802,pair_dissolved_naturally,exact,exact,1.0,1.0
d6e1266ba97db0a6254aef837638999c,f6384ef959c037e8210b3514275b5db8,pair_dissolved_naturally,exact,exact,1.0,1.0
d763a38de3db0eb1291951e9d26f14b2,fa6ab2db1ee0c7b306ebedf24ef1dccc,pair_dissolved_naturally,exact,exact,1.0,1.0
d7bc7d5aa47c7fd9cfe53a1622eb5362,e20124ce6a9393554d10f8d14fb89714,both_deleted,deleted,deleted,,
d7bc7d5aa47c7fd9cfe53a1622eb5362,e8e617517c46fb67e3f8172b764a4d0d,method_a_deleted,deleted,signature_changed,,0.7
d7bd4ba48d7eca9ca1f20db2035a41ca,f7e30162e68c4cc44a92f5fbc6643a87,pair_dissolved_naturally,exact,exact,1.0,1.0
d7da85fffdd05d967ce6995e33f0d8c4,fd547e7ba98229be09d54518d1f0eb50,pair_dissolved_naturally,exact,exact,1.0,1.0
d8009447366d5eecab66ebd002f394b1,ed107269279d8143d9efea8d1744c8ca,pair_dissolved_naturally,exact,exact,1.0,1.0
d816ed913067532b36df0f5977be67a5,e8ce1761dd8555520ae8682af38af8f8,method_b_deleted,refactored,deleted,0.77,
d838203a9aa3ec7d77132d3bdbc0805c,f411c7f6ede16471367d8f59777caeba,pair_dissolved_naturally,exact,exact,1.0,1.0
d838203a9aa3ec7d77132d3bdbc0805c,fe54424f7bb37eaf31149edd5e038981,pair_dissolved_by_refactoring,exact,signature_changed,1.0,0.98
d972d7405ea8442d1646a4af64c13bac,e29e77e2d3701cb0fb3c858e0681f909,pair_dissolved_by_refactoring,renamed,exact,0.98,1.0
d974db25e8e97e204ced85bfd6305838,e0d99544566b56a49cc74ffc6abc5e8a,pair_dissolved_naturally,exact,exact,1.0,1.0
d9ae173d036c18c1dca141383dff953b,f659c5e78f96e257b20782a6e9b92ab3,pair_dissolved_naturally,exact,exact,1.0,1.0
da2ae411a236d52fa1e62a224bb1e88a,e3984c3b9cbc8b464931b73d1395bf61,pair_dissolved_naturally,exact,exact,1.0,1.0
dad058a6f1c36566e5d1cd47802ba723,e3b4be1c8f14fba71e89c0441fea53e9,pair_dissolved_by_refactoring,signature_changed,signature_changed,0.9,0.9
dad058a6f1c36566e5d1cd47802ba723,faa274d4368a2c2792f087b065fc3cce,pair_dissolved_by_refactoring,signature_changed,signature_changed,0.9,0.95
dadda9ac49681b7aa8680553d8f56323,e84154d38b077f0ecbce7fe797e69e1f,method_a_deleted,deleted,exact,,1.0
dadda9ac49681b7aa8680553d8f56323,f659c5e78f96e257b20782a6e9b92ab3,method_a_deleted,deleted,exact,,1.0
db188154e4d61dfc825873d8308d26c0,f7e30162e68c4cc44a92f5fbc6643a87,pair_dissolved_naturally,exact,exact,1.0,1.0
db18b0b4aca15df686b92932965bc677,e0e18bdbd56fae6edbce1bd9312b8d37,pair_dissolved_naturally,exact,exact,1.0,1.0
dc2d893f3a213ba8347e841ee3603faa,e6d05cefde9bbe8dcee435a089e352e9,both_deleted,deleted,deleted,,
dc2d893f3a213ba8347e841ee3603faa,f43d862f762bba5c9b1fddd4a6081faa,both_deleted,deleted,deleted,,
dd388cb7b68b68ec3cafbdd8134501bb,e45cdc4397344b3bf3214ac9acd0ca52,pair_dissolved_naturally,exact,exact,1.0,1.0
dd43ed4a73d10067f970cdf0bd49032b,f2e7fe02404be9588d2d28ee20f96dd9,pair_dissolved_naturally,exact,exact,1.0,1.0
dd43ed4a73d10067f970cdf0bd49032b,ffe535651d2f213222ed3629cd8f5e47,pair_dissolved_naturally,exact,exact,1.0,1.0
dd4c9e9d3a24eb17e29c4f090576206f,de86fe5ecca2c28a438593c3ff0a3170,pair_dissolved_naturally,exact,exact,1.0,1.0
dd720a31ae01f8066abe782818b59699,e3984c3b9cbc8b464931b73d1395bf61,pair_dissolved_naturally,exact,exact,1.0,1.0
dda28d3e4f09e6ad5c7fbfb564baa315,f833b28ae5d3ed27dbd67f2be29233f0,pair_dissolved_naturally,exact,exact,1.0,1.0
de4326733a14f65f080fdb835cdb7336,e4847600a0a60d506a3caf963609e849,pair_dissolved_naturally,exact,exact,1.0,1.0
de7e97f07df2fc21edbdc76839a0f1e2,e448c4cd1a0e7ba210acf8358895e6eb,pair_dissolved_naturally,exact,exact,1.0,1.0
de7e97f07df2fc21edbdc76839a0f1e2,e8ba27d37963c50e801a8f61211cbb12,pair_dissolved_naturally,exact,exact,1.0,1.0
de7ed1dc57d6b5e45f394b6284a4028f,f49ae446823d6f28913962c4353f84ce,pair_dissolved_naturally,exact,exact,1.0,1.0
dec66205497760f896cb9edb679f488d,fd4b837ec0172509bd5b5dc797032321,pair_dissolved_by_refactoring,exact,renamed,1.0,0.91
df27579fc9d13e32510c513150739edd,e591a77c0c5fc972d9f23fe9c755c535,pair_dissolved_by_refactoring,exact,renamed,1.0,0.97
df813f01078d2856fb599aa227d74602,f05039bf17ffd7fbc6422bdfb437b626,pair_dissolved_naturally,exact,exact,1.0,1.0
e11a7378fa03400a6d214f18fc22fefd,f1183faab9264704b93013c4bf8a727e,pair_dissolved_naturally,exact,exact,1.0,1.0
e1706a287f57f107a47a41d4af582a80,e41b19b1963857b965825933754fb101,pair_dissolved_naturally,exact,exact,1.0,1.0
e1706a287f57f107a47a41d4af582a80,f2e7fe02404be9588d2d28ee20f96dd9,pair_dissolved_naturally,exact,exact,1.0,1.0
e1706a287f57f107a47a41d4af582a80,ffe535651d2f213222ed3629cd8f5e47,pair_dissolved_naturally,exact,exact,1.0,1.0
e1ac6bde4d5625a16f324ecb31e24fbf,f0eebbcb97b09428b46c809bf1849b82,pair_dissolved_by_refactoring,exact,signature_changed,1.0,0.73
e20124ce6a9393554d10f8d14fb89714,e4c47f17143668f4fb4d23a7f87027ae,method_a_deleted,deleted,signature_changed,,0.7
e20124ce6a9393554d10f8d14fb89714,e8e617517c46fb67e3f8172b764a4d0d,method_a_deleted,deleted,signature_changed,,0.7
e32948bd34e4a0ffb07e726038232a82,ebb85264ecc405596bb7110a7f9329f0,pair_dissolved_naturally,exact,exact,1.0,1.0
e3984c3b9cbc8b464931b73d1395bf61,efe94917387a9794795e7fc79557dffa,pair_dissolved_naturally,exact,exact,1.0,1.0
e3984c3b9cbc8b464931b73d1395bf61,fabd6966abaabe52f19e44a088986cda,pair_dissolved_naturally,exact,exact,1.0,1.0
e3b4be1c8f14fba71e89c0441fea53e9,faa274d4368a2c2792f087b065fc3cce,pair_dissolved_by_refactoring,signature_changed,signature_changed,0.9,0.95
e3d47358ab4ca5812135c982451dd5df,e3d47358ab4ca5812135c982451dd5df,pair_dissolved_naturally,exact,exact,1.0,1.0
e448c4cd1a0e7ba210acf8358895e6eb,e8ba27d37963c50e801a8f61211cbb12,pair_dissolved_naturally,exact,exact,1.0,1.0
e4b90f5d9d1177f7a624b84d039f1e1b,e765151c43287bba41b2fb06826062c5,pair_dissolved_by_refactoring,signature_changed,signature_changed,0.95,0.95
e4b90f5d9d1177f7a624b84d039f1e1b,f454a6d6a36906b6eb73d7a7637b106b,pair_dissolved_by_refactoring,signature_changed,signature_changed,0.95,0.95
e4c47f17143668f4fb4d23a7f87027ae,e8e617517c46fb67e3f8172b764a4d0d,pair_dissolved_by_refactoring,signature_changed,signature_changed,0.7,0.7
e4ee531dbb76f757df9967c6453ca190,e6f9088eece422b7fe8b38bd67384af7,pair_dissolved_naturally,exact,exact,1.0,1.0
e4ee531dbb76f757df9967c6453ca190,fe80c0c2f3cdeb470a791531935bd951,pair_dissolved_naturally,exact,exact,1.0,1.0
e58d157631edacb476b3ca4ecbc29624,fa048148d96578738f274bf415a0d384,pair_dissolved_by_refactoring,signature_changed,signature_changed,0.98,0.98
e5a2b2b786fd0e53c91557bd31d6629e,fe429625eabce7d8991dbabb04ac28e3,both_deleted,deleted,deleted,,
e67f4c1803f4951f1537ae02954c577b,f1c8830345e7df76489f4e816fe3dfad,pair_dissolved_naturally,exact,exact,1.0,1.0
e6822f2f355531d5bd853662e877d758,ec832375cc34a4cf2eb637bc00bc02e4,pair_dissolved_by_refactoring,exact,refactored,1.0,0.82
e7315560510df3b3244260d9da281fb5,fb09a229f20d35ba6411fb5e3336b379,pair_dissolved_naturally,exact,exact,1.0,1.0
e765151c43287bba41b2fb06826062c5,f454a6d6a36906b6eb73d7a7637b106b,pair_dissolved_by_refactoring,signature_changed,signature_changed,0.95,0.95
e84154d38b077f0ecbce7fe797e69e1f,f659c5e78f96e257b20782a6e9b92ab3,pair_dissolved_naturally,exact,exact,1.0,1.0
e8fab3b0104e8680b5767566a418db6e,fb7a917be45bb803d6bd2e1138102012,method_b_deleted,exact,deleted,1.0,
e920f12213ba16685552d21ee76db3b8,ff48e370a36710356bf1ae8b3147a688,pair_dissolved_naturally,exact,exact,1.0,1.0
e935c1fd6cffb270214c37264e137271,fe4d451f78df4b2efac5fad1ac613fc9,pair_dissolved_by_refactoring,signature_changed,signature_changed,0.96,0.96
e9f85d11284403adb130924babacc4eb,f1832dc7b2959caee4e5f5440627eded,pair_dissolved_by_refactoring,signature_changed,signature_changed,1.0,1.0
eaa58c9feb5f8f96d595f80135daf20e,f31e10ea3afc9e6bf6774684ab339394,pair_dissolved_by_refactoring,exact,signature_changed,1.0,1.0
eb82126b4407a918cae89a9b142f5323,fa1df91a7a166828d02f10f348a549f5,pair_dissolved_by_refactoring,renamed,exact,0.98,1.0
eb9deb0429107d6b98c15f0f3ebdeaa8,fb36b14c1848b7b0a76aaeb35cd8e0f7,pair_dissolved_naturally,exact,exact,1.0,1.0
ec72b904ddf496ade922e9573806bc2c,fcbf3e666a31865e2c9622b11348b60f,pair_dissolved_by_refactoring,signature_changed,exact,0.94,1.0
ec798a6eb72d082c32cbe0a1f72bec5b,fc6d8a93d16ebf9fb4aaedcc8007d67c,pair_dissolved_naturally,exact,exact,1.0,1.0
ed65a5259ebcdf88297d8427fdb83bfc,efba8f8d182081e9134534abceb8f675,pair_dissolved_naturally,exact,exact,1.0,1.0
edf9839baa81f93c59cf33ccb1fa51d0,f9bb7097d15748cd8c10bee4508e1543,pair_dissolved_naturally,unknown,exact,,1.0
ee4571f3a31b5160523e605408464f52,ef43004cae0fea1a3c02448f6b2e43de,method_a_deleted,deleted,exact,,1.0
ee4571f3a31b5160523e605408464f52,fac9c0ff5e0c0a62a34161cf56090d44,method_a_deleted,deleted,exact,,1.0
ee4571f3a31b5160523e605408464f52,fad61701302857e14959c1403d10743a,method_a_deleted,deleted,exact,,1.0
eefab79bc3142e8bc4798111df6771c3,f9d7e6fa0c43fdfc282b033c4cb94114,pair_dissolved_naturally,exact,exact,1.0,1.0
ef0f6f0d3f25bb99e6ade0d0b81d3638,efb9033187dfee85930c428fb2fa3a98,pair_dissolved_by_refactoring,signature_changed,signature_changed,1.0,1.0
ef43004cae0fea1a3c02448f6b2e43de,fbbd917ae31402d94b56df4ff5062e55,pair_dissolved_by_refactoring,exact,refactored,1.0,0.74
f118982964bb06d7f23e5a75a364c4de,fc97ca17bd603baa848776a43c226604,pair_dissolved_by_refactoring,signature_changed,signature_changed,1.0,1.0
f1c8830345e7df76489f4e816fe3dfad,f2debdb78f1836fb2a7265ff6acf408f,pair_dissolved_naturally,exact,exact,1.0,1.0
f2e7fe02404be9588d2d28ee20f96dd9,ffe535651d2f213222ed3629cd8f5e47,pair_dissolved_naturally,exact,exact,1.0,1.0
f3659593951d52928c8322bcbc5434fe,f6d03db7b393cde4d9ec8f90a49797c5,pair_dissolved_by_refactoring,signature_changed,signature_changed,0.74,0.79
f52f6ea32ba66a71fa5462a4ec98fa76,f52f6ea32ba66a71fa5462a4ec98fa76,pair_dissolved_naturally,exact,exact,1.0,1.0
f556a25ccf447a533c52b2d9896a7c6b,fa8dca131b026a4712694e90ea49c37c,method_b_deleted,exact,deleted,1.0,
f56727e542e5847d13427063ec6c7322,fbb9bfc9cd9f39c7ca696149b61ba450,pair_dissolved_by_refactoring,exact,refactored,1.0,0.8
f5b2a8788ca03da21bf81c7fb9db2b9a,f8f356cd00715cc0ca87d0c49f103017,pair_dissolved_naturally,exact,exact,1.0,1.0
f657ff5e65a812eb7e105bc7c1e93668,ff237604fbc5b0f091a2e65917de1f5d,both_deleted,deleted,deleted,,
f79dba7e0497196a5e02c1684fd12b38,f83c6ad7fb10b0e81f889b92b1827f57,pair_dissolved_naturally,exact,exact,1.0,1.0
f9d7e6fa0c43fdfc282b033c4cb94114,fb36b14c1848b7b0a76aaeb35cd8e0f7,pair_dissolved_naturally,exact,exact,1.0,1.0
fad61701302857e14959c1403d10743a,fbbd917ae31402d94b56df4ff5062e55,pair_dissolved_by_refactoring,exact,refactored,1.0,0.74
fb7a917be45bb803d6bd2e1138102012,fbb9bfc9cd9f39c7ca696149b61ba450,method_a_deleted,deleted,refactored,,0.8
fb81892814067be19eb9dde929377947,ff63170b54881f9fd15c3f8bd7e200fa,pair_dissolved_by_refactoring,signature_changed,exact,0.95,1.0
fe69e7835cb7b170daecbed214243bfc,fee308cb71dbb5ca2bf24d155ef4e7a7,pair_dissolved_naturally,exact,exact,1.0,1.0
